# CC0 David Gian-Cursio 2021; authored glyph faces, 1mm front offset.
o ring-glyphs
v -0.001572 2.647038 -0.098918
v -0.000012 2.646975 -0.098898
v 0.001572 2.647038 -0.098918
v 0.003144 2.647236 -0.098972
v 0.004692 2.647569 -0.099060
v 0.006204 2.648028 -0.099183
v 0.007669 2.648622 -0.099338
v 0.009076 2.649324 -0.099525
v 0.010413 2.650152 -0.099742
v 0.011671 2.651079 -0.099987
v 0.012840 2.652123 -0.100260
v 0.013911 2.653248 -0.100557
v 0.014877 2.654463 -0.100876
v 0.015729 2.655759 -0.101215
v 0.016461 2.657118 -0.101572
v 0.017068 2.658540 -0.101943
v 0.017544 2.659998 -0.102326
v 0.017888 2.661501 -0.102719
v 0.018095 2.663022 -0.103117
v 0.018164 2.664552 -0.103517
v 0.018095 2.666082 -0.103918
v 0.017888 2.667603 -0.104315
v 0.017544 2.669106 -0.104707
v 0.017068 2.670564 -0.105090
v 0.016461 2.671986 -0.105459
v 0.015729 2.673345 -0.105814
v 0.014877 2.674641 -0.106152
v 0.013911 2.675856 -0.106469
v 0.012840 2.676990 -0.106764
v 0.011671 2.678025 -0.107034
v 0.010413 2.678961 -0.107276
v 0.009076 2.679780 -0.107490
v 0.007669 2.680491 -0.107673
v 0.006204 2.681076 -0.107826
v 0.004692 2.681544 -0.107944
v 0.003144 2.681877 -0.108030
v 0.001572 2.682075 -0.108080
v -0.000012 2.682138 -0.108096
v -0.001572 2.682075 -0.108080
v -0.003144 2.681877 -0.108030
v -0.004692 2.681544 -0.107944
v -0.006204 2.681076 -0.107826
v -0.007669 2.680491 -0.107673
v -0.009076 2.679780 -0.107490
v -0.010413 2.678961 -0.107276
v -0.011671 2.678025 -0.107034
v -0.012840 2.676990 -0.106764
v -0.013911 2.675856 -0.106469
v -0.014877 2.674641 -0.106152
v -0.015729 2.673345 -0.105814
v -0.016461 2.671986 -0.105459
v -0.017068 2.670564 -0.105090
v -0.017544 2.669106 -0.104707
v -0.017888 2.667603 -0.104315
v -0.018095 2.666082 -0.103918
v -0.018164 2.664552 -0.103517
v -0.018095 2.663022 -0.103117
v -0.017888 2.661501 -0.102719
v -0.017544 2.659998 -0.102326
v -0.017068 2.658540 -0.101943
v -0.016461 2.657118 -0.101572
v -0.015729 2.655759 -0.101215
v -0.014877 2.654463 -0.100876
v -0.013911 2.653248 -0.100557
v -0.012840 2.652123 -0.100260
v -0.011671 2.651079 -0.099987
v -0.010413 2.650152 -0.099742
v -0.009076 2.649324 -0.099525
v -0.007669 2.648622 -0.099338
v -0.006204 2.648028 -0.099183
v -0.004692 2.647569 -0.099060
v -0.003144 2.647236 -0.098972
v -0.047203 2.475039 -0.054047
v -0.047371 2.475210 -0.054095
v -0.069301 2.494200 -0.059192
v -0.049019 2.526267 -0.067454
v -0.026734 2.561529 -0.076589
v -0.005990 2.594343 -0.085142
v -0.005116 2.595495 -0.085442
v -0.003651 2.596629 -0.085736
v -0.001933 2.597358 -0.085925
v 0.000000 2.597646 -0.085998
v 0.000000 2.612577 -0.089904
v -0.019338 2.583201 -0.082239
v -0.041877 2.548983 -0.073360
v -0.063834 2.515629 -0.064758
v -0.085239 2.483094 -0.056421
v -0.089102 2.477226 -0.054925
v -0.088331 2.477190 -0.054907
v -0.066503 2.476056 -0.054432
v 0.047203 2.475039 -0.054047
v 0.047371 2.475210 -0.054095
v 0.069301 2.494200 -0.059192
v 0.049019 2.526267 -0.067454
v 0.026734 2.561529 -0.076589
v 0.005990 2.594343 -0.085142
v 0.005116 2.595495 -0.085442
v 0.003651 2.596629 -0.085736
v 0.001933 2.597358 -0.085925
v 0.019338 2.583201 -0.082239
v 0.041877 2.548983 -0.073360
v 0.063834 2.515629 -0.064758
v 0.085239 2.483094 -0.056421
v 0.089102 2.477226 -0.054925
v 0.088331 2.477190 -0.054907
v 0.066503 2.476056 -0.054432
v -0.000000 2.664552 -0.103510
v 1.674090 -1.984974 -0.085027
v 1.678707 -1.981824 -0.085180
v 1.683369 -1.978935 -0.085392
v 1.688076 -1.976325 -0.085665
v 1.688328 -1.976199 -0.085684
v 1.692792 -1.973994 -0.086009
v 1.697553 -1.971879 -0.086405
v 1.702359 -1.970016 -0.086857
v 1.707201 -1.968414 -0.087367
v 1.685817 -1.938912 -0.077870
v 1.683630 -1.905801 -0.070983
v 1.683423 -1.902696 -0.070339
v 1.684818 -1.872771 -0.064744
v 1.685691 -1.853475 -0.061163
v 1.699164 -1.868676 -0.066475
v 1.708839 -1.860090 -0.066517
v 1.710918 -1.860603 -0.066986
v 1.723545 -1.863744 -0.069835
v 1.768788 -1.909266 -0.086613
v 1.779840 -1.935177 -0.093542
v 1.793709 -1.967757 -0.102283
v 1.794402 -1.987215 -0.106165
v 1.794627 -1.993821 -0.107490
v 1.779246 -1.995684 -0.105171
v 1.778940 -2.006079 -0.107142
v 1.778778 -2.012208 -0.108316
v 1.780164 -2.010975 -0.108314
v 1.781622 -2.009688 -0.108316
v 1.796589 -1.998600 -0.108763
v 1.796823 -1.996692 -0.108429
v 1.799766 -1.972050 -0.104180
v 1.795644 -1.961124 -0.101336
v 1.775205 -1.907106 -0.087338
v 1.738575 -1.871259 -0.073950
v 1.738692 -1.864464 -0.072665
v 1.738908 -1.850874 -0.070115
v 1.719054 -1.844178 -0.065280
v 1.674765 -1.829274 -0.054555
v 1.661265 -1.824729 -0.051304
v 1.667952 -1.846392 -0.056665
v 1.673685 -1.865067 -0.061304
v 1.672461 -1.885983 -0.065166
v 1.670598 -1.918122 -0.071157
v 1.669653 -1.934196 -0.074176
v 1.669770 -1.951944 -0.077709
v 1.670004 -1.987971 -0.084924
v 1.707534 -1.968324 -0.087404
v -2.259216 -1.364442 -0.096263
v -2.255688 -1.365018 -0.095558
v -2.245338 -1.359924 -0.092552
v -2.234736 -1.354857 -0.089494
v -2.223990 -1.349880 -0.086418
v -2.213118 -1.344993 -0.083325
v -2.202138 -1.340196 -0.080217
v -2.190231 -1.335237 -0.076884
v -2.176974 -1.329990 -0.073207
v -2.163852 -1.324923 -0.069587
v -2.152413 -1.320504 -0.066430
v -2.144169 -1.317219 -0.064141
v -2.138976 -1.314978 -0.062675
v -2.134638 -1.313043 -0.061443
v -2.131038 -1.311387 -0.060415
v -2.128140 -1.310001 -0.059577
v -2.125944 -1.308903 -0.058939
v -2.124225 -1.308084 -0.058443
v -2.122416 -1.307220 -0.057920
v -2.119878 -1.305870 -0.057171
v -2.117745 -1.303782 -0.056410
v -2.117007 -1.300785 -0.055839
v -2.117331 -1.298130 -0.055549
v -2.118051 -1.296123 -0.055438
v -2.118870 -1.294323 -0.055378
v -2.119869 -1.292217 -0.055314
v -2.121849 -1.288536 -0.055257
v -2.125215 -1.282920 -0.055246
v -2.126646 -1.280670 -0.055261
v -2.129472 -1.276224 -0.055302
v -2.134215 -1.269213 -0.055430
v -2.138976 -1.262751 -0.055634
v -2.139759 -1.261797 -0.055684
v -2.143836 -1.256820 -0.055950
v -2.149128 -1.250862 -0.056360
v -2.154672 -1.244985 -0.056838
v -2.155176 -1.244481 -0.056886
v -2.160297 -1.239315 -0.057379
v -2.165859 -1.233897 -0.057940
v -2.171358 -1.228749 -0.058522
v -2.172060 -1.228128 -0.058602
v -2.176902 -1.223790 -0.059155
v -2.182518 -1.219002 -0.059825
v -2.188179 -1.214412 -0.060532
v -2.190681 -1.212504 -0.060861
v -2.195010 -1.209183 -0.061438
v -2.219157 -1.208634 -0.066907
v -2.189664 -1.183614 -0.057009
v -2.189700 -1.186035 -0.057313
v -2.189961 -1.203324 -0.059545
v -2.180340 -1.210200 -0.058201
v -2.179746 -1.210659 -0.058125
v -2.173095 -1.215780 -0.057263
v -2.166201 -1.221567 -0.056428
v -2.161746 -1.225644 -0.055934
v -2.159685 -1.227516 -0.055712
v -2.153565 -1.233681 -0.055121
v -2.147769 -1.240251 -0.054657
v -2.146635 -1.241682 -0.054586
v -2.142261 -1.247217 -0.054328
v -2.137059 -1.254363 -0.054094
v -2.133801 -1.259106 -0.053983
v -2.132271 -1.261320 -0.053936
v -2.127978 -1.267755 -0.053833
v -2.124360 -1.273686 -0.053813
v -2.122083 -1.277925 -0.053867
v -2.121255 -1.279464 -0.053891
v -2.118276 -1.285179 -0.054002
v -2.115144 -1.290759 -0.054059
v -2.111589 -1.296024 -0.053981
v -2.110455 -1.297446 -0.053921
v -2.107755 -1.300830 -0.053787
v -2.103822 -1.305303 -0.053530
v -2.099727 -1.309488 -0.053197
v -2.104983 -1.311432 -0.054632
v -2.111553 -1.313205 -0.056338
v -2.121516 -1.316283 -0.058976
v -2.136267 -1.321287 -0.062945
v -2.153592 -1.327425 -0.067642
v -2.171259 -1.333941 -0.072468
v -2.187045 -1.340070 -0.076819
v -2.194551 -1.343175 -0.078923
v -2.200932 -1.345794 -0.080709
v -2.214477 -1.351608 -0.084526
v -2.227662 -1.357521 -0.088276
v -2.240451 -1.363560 -0.091955
v -2.253465 -1.370040 -0.095743
v -2.270610 -1.388328 -0.102045
v -2.277603 -1.372173 -0.101428
v -2.282670 -1.360491 -0.101002
v -2.245518 -1.293162 -0.083714
v -2.272626 -1.296960 -0.090368
v -2.271303 -1.289283 -0.089068
v -2.239128 -1.271031 -0.079393
v -2.212110 -1.281975 -0.074685
v -2.200140 -1.286817 -0.072599
v 2.620098 -0.365608 -0.098044
v 2.612286 -0.370134 -0.096189
v 2.600811 -0.387496 -0.093865
v 2.586528 -0.409080 -0.091027
v 2.579661 -0.419466 -0.089687
v 2.562822 -0.416029 -0.085197
v 2.556054 -0.423488 -0.083763
v 2.553030 -0.427018 -0.083130
v 2.550411 -0.430093 -0.082589
v 2.545092 -0.436798 -0.081514
v 2.540115 -0.443583 -0.080532
v 2.537145 -0.447997 -0.079960
v 2.535516 -0.450423 -0.079652
v 2.531250 -0.457356 -0.078879
v 2.527317 -0.464357 -0.078192
v 2.524725 -0.469417 -0.077761
v 2.523717 -0.471409 -0.077596
v 2.520450 -0.478561 -0.077107
v 2.515401 -0.491121 -0.076424
v 2.525796 -0.485993 -0.078843
v 2.527218 -0.494790 -0.079639
v 2.527551 -0.496912 -0.079836
v 2.516139 -0.494581 -0.076789
v 2.532474 -0.520209 -0.082293
v 2.549961 -0.547584 -0.088236
v 2.563011 -0.568078 -0.092715
v 2.557098 -0.569333 -0.091271
v 2.503350 -0.580922 -0.078233
v 2.478105 -0.586373 -0.072135
v 2.467791 -0.596871 -0.070142
v 2.453670 -0.611263 -0.067455
v 2.462679 -0.622118 -0.070423
v 2.487492 -0.652088 -0.078658
v 2.506437 -0.675010 -0.084990
v 2.514987 -0.679557 -0.087456
v 2.514537 -0.679897 -0.087362
v 2.505798 -0.686737 -0.085632
v 2.504493 -0.677658 -0.084674
v 2.504052 -0.674672 -0.084363
v 2.479383 -0.646130 -0.076214
v 2.453247 -0.615939 -0.067638
v 2.448999 -0.611056 -0.066255
v 2.461248 -0.597649 -0.068526
v 2.478771 -0.578472 -0.071826
v 2.496456 -0.559098 -0.075209
v 2.501586 -0.553484 -0.076207
v 2.527812 -0.567143 -0.083671
v 2.529738 -0.568149 -0.084223
v 2.531313 -0.567782 -0.084601
v 2.550429 -0.563346 -0.089237
v 2.536173 -0.541345 -0.084368
v 2.518452 -0.514083 -0.078377
v 2.507067 -0.496547 -0.074563
v 2.509335 -0.490942 -0.074856
v 2.511117 -0.486521 -0.075099
v 2.515698 -0.475847 -0.075753
v 2.518605 -0.469531 -0.076191
v 2.520360 -0.465737 -0.076465
v 2.525121 -0.456214 -0.077248
v 2.529459 -0.448354 -0.077997
v 2.529999 -0.447385 -0.078093
v 2.534985 -0.439084 -0.079011
v 2.540052 -0.431241 -0.079970
v 2.542689 -0.427508 -0.080483
v 2.545200 -0.423963 -0.080981
v 2.550402 -0.417320 -0.082045
v 2.556999 -0.410682 -0.083470
v 2.578257 -0.414556 -0.089119
v 2.581236 -0.410224 -0.089706
v 2.595996 -0.388793 -0.092670
v 2.610864 -0.367172 -0.095710
v 2.612070 -0.365435 -0.095960
v 2.614977 -0.357059 -0.096420
v 2.623779 -0.363493 -0.098927
v 2.576241 -0.105743 -0.080543
v 2.572488 -0.107903 -0.079583
v 2.568060 -0.110476 -0.078459
v 2.567043 -0.120070 -0.078307
v 2.573991 -0.123402 -0.080162
v 2.586735 -0.116824 -0.083415
v 2.578158 -0.107739 -0.081063
v 2.563245 -0.135285 -0.077509
v 2.559798 -0.129457 -0.076525
v 2.559456 -0.128882 -0.076428
v 2.555109 -0.129520 -0.075299
v 2.557143 -0.138560 -0.075964
v 2.540637 -0.084294 -0.071036
v 2.551824 -0.088359 -0.073996
v 2.562471 -0.091855 -0.076812
v 2.565189 -0.083903 -0.077444
v 2.558547 -0.082232 -0.075696
v 2.552112 -0.080406 -0.074002
v 2.546280 -0.078385 -0.072462
v 2.541096 -0.076186 -0.071091
v 2.536281 -0.073861 -0.069817
v 2.531781 -0.071435 -0.068623
v 2.527551 -0.068937 -0.067499
v 2.523519 -0.066390 -0.066427
v 2.519640 -0.063761 -0.065396
v 2.515950 -0.061040 -0.064410
v 2.515149 -0.060401 -0.064193
v 2.512467 -0.058299 -0.063479
v 2.509209 -0.055529 -0.062613
v 2.506194 -0.052797 -0.061814
v 2.503404 -0.050100 -0.061070
v 2.500767 -0.047398 -0.060369
v 2.498310 -0.044683 -0.059715
v 2.496069 -0.041948 -0.059115
v 2.493495 -0.038414 -0.058424
v 2.493540 -0.035061 -0.058422
v 2.493702 -0.024081 -0.058438
v 2.479194 -0.031569 -0.054661
v 2.480238 -0.032687 -0.054934
v 2.486907 -0.039998 -0.056710
v 2.480310 -0.058121 -0.055070
v 2.472309 -0.080053 -0.053135
v 2.464344 -0.101875 -0.051260
v 2.459187 -0.115952 -0.050080
v 2.446632 -0.118308 -0.046826
v 2.447991 -0.120100 -0.047201
v 2.454750 -0.129119 -0.049089
v 2.463912 -0.120386 -0.051360
v 2.467125 -0.119985 -0.052196
v 2.469942 -0.119656 -0.052933
v 2.475072 -0.119168 -0.054266
v 2.480220 -0.118828 -0.055609
v 2.485404 -0.118633 -0.056960
v 2.490615 -0.118584 -0.058320
v 2.495853 -0.118684 -0.059690
v 2.501118 -0.118934 -0.061069
v 2.506410 -0.119333 -0.062457
v 2.511729 -0.119878 -0.063853
v 2.517066 -0.120564 -0.065256
v 2.522682 -0.121411 -0.066733
v 2.532348 -0.123180 -0.069274
v 2.534328 -0.123547 -0.069792
v 2.539755 -0.124843 -0.071228
v 2.545056 -0.118341 -0.072542
v 2.539908 -0.116983 -0.071182
v 2.530863 -0.115547 -0.068801
v 2.521116 -0.114578 -0.066244
v 2.511585 -0.113988 -0.063747
v 2.503161 -0.113683 -0.061541
v 2.495727 -0.113577 -0.059598
v 2.488662 -0.113688 -0.057755
v 2.482083 -0.114071 -0.056039
v 2.475765 -0.114817 -0.054398
v 2.472696 -0.114773 -0.053596
v 2.469708 -0.112610 -0.052788
v 2.468511 -0.108681 -0.052430
v 2.472003 -0.100096 -0.053244
v 2.480886 -0.078183 -0.055362
v 2.489814 -0.056144 -0.057544
v 2.490912 -0.053444 -0.057820
v 2.494395 -0.051734 -0.058725
v 2.497806 -0.052895 -0.059621
v 2.499786 -0.055081 -0.060149
v 2.500011 -0.055297 -0.060206
v 2.503008 -0.058545 -0.061008
v 2.506140 -0.061788 -0.061852
v 2.512908 -0.067941 -0.063663
v 2.516319 -0.070729 -0.064575
v 2.519595 -0.073275 -0.065450
v 2.523105 -0.075700 -0.066383
v 2.526957 -0.077972 -0.067405
v 2.527299 -0.078173 -0.067492
v 2.532591 -0.080896 -0.068901
v 2.682621 -0.087521 -0.108172
v 2.686626 -0.093415 -0.109276
v 2.674755 -0.098956 -0.106226
v 2.670624 -0.107965 -0.105229
v 2.659851 -0.131382 -0.102686
v 2.649141 -0.154654 -0.100213
v 2.638494 -0.177763 -0.097810
v 2.627433 -0.201761 -0.095372
v 2.629719 -0.204295 -0.096018
v 2.635659 -0.210971 -0.097710
v 2.623941 -0.215166 -0.094742
v 2.624427 -0.203764 -0.094630
v 2.622834 -0.199977 -0.094136
v 2.621286 -0.196359 -0.093668
v 2.618649 -0.192203 -0.092902
v 2.615796 -0.188286 -0.092084
v 2.612646 -0.183454 -0.091171
v 2.609100 -0.178454 -0.090153
v 2.606085 -0.174598 -0.089297
v 2.605032 -0.173283 -0.089004
v 2.600406 -0.167900 -0.087707
v 2.595438 -0.162550 -0.086322
v 2.590335 -0.157434 -0.084908
v 2.585331 -0.152756 -0.083524
v 2.581299 -0.149336 -0.082419
v 2.580201 -0.148430 -0.082122
v 2.574837 -0.144263 -0.080663
v 2.572002 -0.142213 -0.079894
v 2.575422 -0.136864 -0.080712
v 2.578239 -0.139099 -0.081479
v 2.583765 -0.143838 -0.082989
v 2.589264 -0.148869 -0.084496
v 2.594529 -0.153988 -0.085943
v 2.595600 -0.155073 -0.086241
v 2.599362 -0.158972 -0.087289
v 2.603880 -0.163993 -0.088551
v 2.608236 -0.169159 -0.089772
v 2.612277 -0.174283 -0.090912
v 2.615877 -0.179174 -0.091931
v 2.616039 -0.179385 -0.091977
v 2.619333 -0.184292 -0.092932
v 2.622087 -0.185930 -0.093681
v 2.625534 -0.186365 -0.094588
v 2.628468 -0.184186 -0.095313
v 2.630718 -0.179635 -0.095812
v 2.642031 -0.156684 -0.098388
v 2.653425 -0.133559 -0.101035
v 2.664081 -0.111898 -0.103565
v 2.664891 -0.109550 -0.103749
v 2.664990 -0.108785 -0.103766
v 2.664918 -0.106979 -0.103730
v 2.663136 -0.104529 -0.103242
v 2.660562 -0.103767 -0.102562
v 2.653623 -0.104285 -0.100752
v 2.644308 -0.104626 -0.098321
v 2.635011 -0.104610 -0.095886
v 2.624877 -0.104203 -0.093237
v 2.616885 -0.103624 -0.091144
v 2.607876 -0.102602 -0.088780
v 2.603349 -0.101839 -0.087590
v 2.606895 -0.093908 -0.088444
v 2.609883 -0.094506 -0.089229
v 2.623419 -0.096543 -0.092787
v 2.630367 -0.097319 -0.094610
v 2.637108 -0.097807 -0.096375
v 2.643615 -0.098017 -0.098078
v 2.650050 -0.098015 -0.099761
v 2.656431 -0.097796 -0.101426
v 2.662749 -0.097356 -0.103074
v 2.670174 -0.096560 -0.105008
v 2.677626 -0.087426 -0.106866
v 2.680308 -0.084154 -0.107543
v 2.582622 -0.087165 -0.082036
v 2.584485 -0.095784 -0.082603
v 2.592252 -0.094600 -0.084623
v 2.589210 -0.083696 -0.083723
v 2.589012 -0.082995 -0.083666
v 2.585628 -0.085219 -0.082799
v 2.620881 -0.185321 -0.093354
v 2.623860 -0.186241 -0.094148
v 2.626947 -0.185684 -0.094942
v 2.664207 -0.105661 -0.103531
v 2.661660 -0.103991 -0.102852
v 2.665053 -0.107928 -0.103773
v 2.492739 -0.052165 -0.058291
v 2.496321 -0.052009 -0.059227
v 2.468880 -0.110651 -0.052548
v 2.471202 -0.114059 -0.053195
v 2.567367 -0.084402 -0.078022
v 2.569698 0.381592 -0.085710
v 2.569302 0.379924 -0.085544
v 2.563722 0.355695 -0.083197
v 2.558169 0.331631 -0.080917
v 2.553237 0.310248 -0.078937
v 2.498337 0.299878 -0.064356
v 2.477151 0.295900 -0.058734
v 2.480841 0.294148 -0.059640
v 2.489562 0.289412 -0.061761
v 2.497995 0.284210 -0.063793
v 2.502540 0.281062 -0.064877
v 2.506131 0.278562 -0.065738
v 2.513970 0.272419 -0.067605
v 2.521512 0.265785 -0.069379
v 2.526705 0.260685 -0.070586
v 2.528730 0.258685 -0.071060
v 2.535651 0.251089 -0.072666
v 2.542275 0.243038 -0.074184
v 2.545047 0.239363 -0.074808
v 2.545857 0.238280 -0.074992
v 2.545920 0.238834 -0.075022
v 2.548548 0.262127 -0.076307
v 2.551176 0.285512 -0.077647
v 2.553957 0.310336 -0.079126
v 2.625867 0.324254 -0.098242
v 2.622528 0.326263 -0.097440
v 2.615184 0.331248 -0.095698
v 2.608137 0.336629 -0.094045
v 2.607210 0.337417 -0.093830
v 2.601387 0.342383 -0.092493
v 2.594934 0.348560 -0.091038
v 2.588805 0.355154 -0.089678
v 2.586042 0.358484 -0.089078
v 2.582991 0.362141 -0.088423
v 2.577483 0.369551 -0.087274
v 2.572272 0.377343 -0.086216
v 2.570625 0.380079 -0.085890
v 1.033749 -2.363208 -0.080448
v 1.017765 -2.384493 -0.083897
v 1.001646 -2.405967 -0.087434
v 0.994221 -2.415831 -0.089081
v 0.989802 -2.418270 -0.089232
v 0.984654 -2.417793 -0.088605
v 0.980667 -2.414319 -0.087370
v 0.979128 -2.409855 -0.086136
v 0.983142 -2.377806 -0.078776
v 0.988776 -2.332347 -0.068381
v 0.991260 -2.312475 -0.063860
v 0.993618 -2.309676 -0.063431
v 0.996345 -2.307894 -0.063287
v 0.999369 -2.307210 -0.063435
v 1.002465 -2.307309 -0.063780
v 1.011798 -2.310720 -0.065570
v 1.041381 -2.321538 -0.071292
v 1.051308 -2.325174 -0.073233
v 1.053846 -2.327388 -0.074036
v 1.055259 -2.330286 -0.074877
v 1.055187 -2.333220 -0.075570
v 1.054125 -2.336028 -0.076123
v 1.049553 -2.342139 -0.077083
v 1.018521 -2.398056 -0.087238
v 1.002285 -2.419728 -0.090821
v 0.985851 -2.441625 -0.094493
v 0.969228 -2.463747 -0.098258
v 0.965196 -2.436162 -0.091158
v 0.971262 -2.388759 -0.080245
v 0.977130 -2.342823 -0.069723
v 0.982890 -2.297526 -0.059399
v 0.979713 -2.284098 -0.055850
v 0.995787 -2.289741 -0.058866
v 1.024767 -2.299920 -0.064357
v 1.054242 -2.310252 -0.069992
v 1.084230 -2.320764 -0.075777
v 1.067985 -2.334030 -0.077142
v 1.065150 -2.335785 -0.077256
v 1.050543 -2.355315 -0.080336
v 1.034631 -2.376582 -0.083744
v 0.960111 -2.475888 -0.100334
v 1.510704 -2.096034 -0.081613
v 1.514502 -2.108283 -0.084801
v 1.497969 -2.104863 -0.081551
v 1.493802 -2.104008 -0.080737
v 1.472427 -2.112675 -0.079373
v 1.450539 -2.121540 -0.078027
v 1.428723 -2.130369 -0.076737
v 1.406988 -2.139144 -0.075502
v 1.385334 -2.147874 -0.074322
v 1.363725 -2.156577 -0.073196
v 1.342215 -2.165217 -0.072125
v 1.330578 -2.169888 -0.071573
v 1.321686 -2.179140 -0.072421
v 1.305279 -2.196213 -0.074037
v 1.288773 -2.213349 -0.075710
v 1.272186 -2.230566 -0.077443
v 1.268010 -2.234886 -0.077892
v 1.269090 -2.242212 -0.079698
v 1.254951 -2.236137 -0.076486
v 1.265067 -2.229783 -0.076350
v 1.271133 -2.223402 -0.075679
v 1.287522 -2.206113 -0.073910
v 1.303821 -2.188905 -0.072200
v 1.320030 -2.171769 -0.070549
v 1.332387 -2.158701 -0.069326
v 1.335519 -2.157432 -0.069472
v 1.356849 -2.148819 -0.070521
v 1.378278 -2.140143 -0.071623
v 1.399752 -2.131440 -0.072779
v 1.421298 -2.122701 -0.073989
v 1.442925 -2.113908 -0.075254
v 1.464633 -2.105070 -0.076575
v 1.486413 -2.096187 -0.077950
v 1.494684 -2.092812 -0.078493
v 1.506438 -2.082345 -0.078060
v -0.756222 2.409852 -0.067169
v -0.774836 2.457957 -0.080631
v -0.784759 2.483670 -0.087829
v -0.781448 2.485317 -0.087974
v -0.760264 2.495766 -0.088948
v -0.739015 2.506233 -0.089976
v -0.725785 2.512740 -0.090648
v -0.723662 2.513370 -0.090652
v -0.721665 2.513856 -0.090628
v -0.719661 2.514234 -0.090576
v -0.717651 2.514486 -0.090494
v -0.716152 2.514585 -0.090410
v -0.715660 2.514612 -0.090384
v -0.713648 2.514630 -0.090245
v -0.711640 2.514522 -0.090077
v -0.710223 2.514540 -0.089982
v -0.716347 2.527518 -0.093682
v -0.716614 2.527248 -0.093633
v -0.717935 2.525556 -0.093300
v -0.718328 2.525097 -0.093211
v -0.719279 2.523963 -0.092994
v -0.720692 2.522478 -0.092723
v -0.722138 2.521092 -0.092481
v -0.723618 2.519805 -0.092265
v -0.725143 2.518608 -0.092075
v -0.726715 2.517510 -0.091914
v -0.728353 2.516511 -0.091782
v -0.739532 2.510868 -0.091177
v -0.760780 2.500122 -0.090078
v -0.781958 2.489403 -0.089034
v -0.786822 2.486928 -0.088805
v -0.791677 2.486568 -0.089099
v -0.796060 2.486118 -0.089336
v -0.800463 2.485560 -0.089546
v -0.804885 2.484885 -0.089730
v -0.805739 2.484732 -0.089760
v -0.809302 2.484102 -0.089895
v -0.813759 2.483193 -0.090035
v -0.818237 2.482176 -0.090146
v -0.822736 2.481033 -0.090231
v -0.827249 2.479782 -0.090288
v -0.828273 2.479467 -0.090294
v -0.833350 2.477910 -0.090335
v -0.856743 2.485893 -0.094277
v -0.867501 2.489574 -0.096115
v -0.867785 2.489034 -0.096006
v -0.869189 2.486658 -0.095540
v -0.870751 2.484246 -0.095079
v -0.872449 2.481798 -0.094621
v -0.874271 2.479314 -0.094164
v -0.875855 2.477280 -0.093797
v -0.876250 2.476758 -0.093701
v -0.878456 2.474103 -0.093242
v -0.880809 2.471412 -0.092788
v -0.883259 2.468739 -0.092346
v -0.885758 2.466120 -0.091924
v -0.888309 2.463573 -0.091522
v -0.890944 2.461071 -0.091138
v -0.893663 2.458587 -0.090768
v -0.894302 2.458029 -0.090685
v -0.896445 2.456130 -0.090413
v -0.899342 2.453664 -0.090069
v -0.902340 2.451180 -0.089733
v -0.905454 2.448714 -0.089407
v -0.908658 2.446248 -0.089093
v -0.911952 2.443791 -0.088788
v -0.924129 2.407764 -0.081100
v -0.927063 2.397126 -0.078783
v -0.929529 2.394885 -0.078472
v -0.926307 2.397666 -0.078843
v -0.923769 2.399736 -0.079106
v -0.923130 2.400249 -0.079172
v -0.919944 2.402652 -0.079464
v -0.916794 2.404821 -0.079702
v -0.913671 2.406792 -0.079895
v -0.910566 2.408601 -0.080049
v -0.907479 2.410230 -0.080160
v -0.904401 2.411661 -0.080224
v -0.903069 2.412183 -0.080229
v -0.904140 2.411760 -0.080223
v -0.904518 2.412282 -0.080385
v -0.906426 2.414946 -0.081213
v -0.907218 2.416107 -0.081573
v -0.909675 2.419779 -0.082698
v -0.911754 2.423262 -0.083743
v -0.913374 2.426502 -0.084687
v -0.914508 2.429463 -0.085516
v -0.915426 2.432289 -0.086292
v -0.916083 2.435034 -0.087024
v -0.916182 2.437707 -0.087690
v -0.892474 2.450532 -0.088680
v -0.870555 2.458587 -0.088726
v -0.855347 2.464167 -0.088793
v -0.836380 2.430732 -0.078903
v -0.852985 2.412246 -0.075767
v -0.870334 2.392887 -0.072533
v -0.887522 2.373699 -0.069379
v -0.899654 2.360145 -0.067186
v -0.906849 2.357715 -0.067261
v -0.919206 2.353548 -0.067419
v -0.896445 2.357337 -0.066204
v -0.887400 2.367309 -0.067802
v -0.870211 2.386236 -0.070886
v -0.852861 2.405316 -0.074047
v -0.835340 2.424567 -0.077289
v -0.832498 2.427681 -0.077822
v -0.813147 2.434152 -0.077799
v -0.791372 2.441415 -0.077825
v -0.774820 2.446923 -0.077882
v -0.761149 2.409033 -0.067354
v -0.767610 2.387838 -0.062587
v -0.752081 2.393004 -0.062641
v -0.742268 2.396271 -0.062697
v -0.776480 2.450955 -0.079019
v -0.792714 2.445555 -0.078963
v -0.814525 2.438283 -0.078938
v -0.832881 2.432145 -0.078959
v -0.847065 2.455311 -0.085890
v -0.852253 2.463825 -0.088443
v -0.850533 2.466138 -0.088866
v -0.849775 2.466903 -0.088987
v -0.849161 2.467506 -0.089083
v -0.847544 2.468757 -0.089258
v -0.845764 2.469927 -0.089399
v -0.843843 2.471061 -0.089518
v -0.841712 2.472168 -0.089613
v -0.839288 2.473203 -0.089668
v -0.836612 2.474193 -0.089688
v -0.833685 2.475156 -0.089680
v -0.830496 2.476110 -0.089650
v -0.827436 2.476947 -0.089599
v -0.826796 2.477118 -0.089589
v -0.822301 2.478189 -0.089488
v -0.817435 2.479224 -0.089349
v -0.812588 2.480151 -0.089183
v -0.808159 2.480880 -0.089001
v -0.804262 2.481393 -0.088810
v -0.803838 2.481429 -0.088786
v -0.800542 2.481789 -0.088614
v -0.796957 2.482068 -0.088399
v -0.793552 2.482194 -0.088160
v -0.788474 2.482086 -0.087728
v -0.915255 2.441874 -0.088618
v -0.914049 2.442486 -0.088655
v -1.256571 2.216604 -0.072945
v -1.233459 2.209476 -0.068375
v -1.202436 2.199936 -0.062268
v -1.186344 2.194986 -0.059129
v -1.205919 2.232300 -0.070148
v -1.203300 2.236926 -0.070881
v -1.189935 2.260353 -0.074650
v -1.176444 2.284032 -0.078514
v -1.162773 2.307981 -0.082474
v -1.148922 2.332209 -0.086533
v -1.144773 2.339454 -0.087760
v -1.127502 2.347329 -0.087639
v -1.123965 2.348931 -0.087623
v -1.133379 2.352162 -0.089444
v -1.159578 2.361171 -0.094559
v -1.151964 2.337609 -0.088153
v -1.162611 2.319006 -0.085033
v -1.176381 2.294904 -0.081038
v -1.189962 2.271090 -0.077139
v -1.203426 2.247510 -0.073337
v -1.209780 2.236350 -0.071559
v -1.223496 2.230563 -0.071940
v -1.244637 2.221635 -0.072577
v -1.111455 2.368371 -0.090812
v -1.106433 2.381916 -0.093473
v -1.124244 2.387856 -0.096846
v -1.140660 2.393346 -0.099986
v -1.143009 2.386992 -0.098746
v -1.145655 2.379801 -0.097353
v -1.138383 2.377362 -0.095954
v -1.862118 1.676334 -0.061773
v -1.857744 1.687161 -0.062819
v -1.848744 1.709400 -0.065016
v -1.839681 1.731774 -0.067277
v -1.838367 1.735005 -0.067608
v -1.810899 1.741341 -0.063550
v -1.784907 1.747299 -0.059759
v -1.763253 1.752258 -0.056640
v -1.774332 1.791057 -0.065870
v -1.787445 1.836984 -0.076846
v -1.791558 1.851438 -0.080312
v -1.801872 1.852572 -0.082401
v -1.838403 1.856613 -0.089843
v -1.875735 1.860735 -0.097503
v -1.898217 1.863228 -0.102151
v -1.902888 1.859187 -0.102279
v -1.921275 1.843275 -0.102837
v -1.939428 1.827552 -0.103441
v -1.956024 1.813152 -0.104041
v -1.969407 1.817805 -0.107433
v -1.971666 1.818615 -0.108015
v -1.979163 1.804260 -0.106916
v -1.958400 1.805034 -0.103058
v -1.953468 1.809345 -0.102872
v -1.935477 1.825086 -0.102246
v -1.917495 1.840800 -0.101674
v -1.896894 1.858764 -0.101077
v -1.775781 1.755930 -0.059649
v -1.795581 1.750908 -0.062416
v -1.821240 1.744410 -0.066057
v -1.840806 1.739424 -0.068868
v -1.843722 1.737057 -0.068993
v -1.861515 1.722585 -0.069809
v -1.879344 1.708068 -0.070676
v -1.891377 1.698258 -0.071296
v -1.888686 1.694784 -0.070165
v -1.862964 1.708689 -0.067604
v -1.870938 1.680753 -0.064259
v -0.492922 2.613972 -0.102304
v -0.463953 2.583912 -0.093207
v -0.434962 2.553825 -0.084149
v -0.428671 2.547273 -0.082192
v -0.432994 2.540298 -0.080576
v -0.451177 2.511084 -0.073868
v -0.469002 2.482419 -0.067341
v -0.469372 2.481825 -0.067203
v -0.462290 2.453205 -0.059508
v -0.461319 2.449182 -0.058430
v -0.462674 2.447409 -0.058036
v -0.475509 2.430831 -0.054396
v -0.463015 2.432874 -0.054320
v -0.441140 2.436465 -0.054198
v -0.430209 2.438247 -0.054161
v -0.447546 2.452395 -0.058595
v -0.449067 2.453655 -0.058997
v -0.457226 2.477865 -0.065612
v -0.452967 2.483922 -0.066962
v -0.434557 2.510103 -0.072862
v -0.415776 2.536797 -0.078935
v -0.414640 2.538318 -0.079276
v -0.390099 2.542296 -0.079300
v -0.373927 2.544915 -0.079354
v -0.361757 2.532684 -0.075727
v -0.335569 2.506422 -0.067982
v -0.346534 2.464545 -0.057531
v -0.351086 2.457435 -0.055851
v -0.356274 2.449371 -0.053960
v -0.353467 2.449830 -0.053969
v -0.331607 2.453349 -0.054091
v -0.315707 2.455905 -0.054201
v -0.330316 2.473482 -0.059269
v -0.323279 2.514252 -0.069604
v -0.346604 2.537400 -0.076400
v -0.363861 2.554545 -0.081469
v -0.378769 2.594253 -0.092300
v -0.395111 2.637849 -0.104211
v -0.404014 2.635689 -0.103994
v -0.427648 2.629938 -0.103471
v -0.450871 2.624268 -0.103010
v -0.474069 2.618598 -0.102603
v -1.616481 2.128863 -0.105637
v -1.599975 2.133759 -0.104052
v -1.534770 2.086590 -0.083983
v -1.522674 2.077842 -0.080275
v -1.522467 2.068932 -0.078358
v -1.521513 2.029386 -0.069902
v -1.520604 1.990371 -0.061624
v -1.522593 1.988364 -0.061520
v -1.538541 1.972290 -0.060741
v -1.540746 1.970058 -0.060639
v -1.533348 1.969599 -0.059351
v -1.503864 1.967799 -0.054271
v -1.500444 1.967592 -0.053691
v -1.513566 1.987302 -0.059873
v -1.513881 2.006940 -0.064011
v -1.514547 2.045685 -0.072234
v -1.514943 2.070435 -0.077518
v -1.507509 2.076015 -0.077549
v -1.500381 2.075943 -0.076437
v -1.472103 2.075682 -0.072078
v -1.444185 2.075412 -0.067825
v -1.418076 2.075160 -0.063895
v -1.406349 2.063307 -0.059608
v -1.404477 2.061426 -0.058930
v -1.401219 2.081847 -0.062871
v -1.399680 2.091423 -0.064731
v -1.402308 2.089461 -0.064684
v -1.416717 2.078706 -0.064467
v -1.425420 2.078733 -0.065751
v -1.453014 2.078805 -0.069873
v -1.480950 2.078877 -0.074099
v -1.501380 2.078922 -0.077224
v -1.520163 2.100990 -0.084778
v -1.523466 2.100189 -0.085114
v -1.536597 2.097021 -0.086473
v -1.570779 2.120961 -0.096806
v -1.596267 2.138826 -0.104540
v -1.603035 2.156007 -0.109203
v -1.609254 2.143443 -0.107536
v -1.656657 2.005248 -0.086798
v -1.683936 2.001486 -0.090610
v -1.687311 2.001036 -0.091092
v -1.653336 1.955811 -0.076324
v -1.650510 1.962273 -0.077133
v -1.640178 1.985781 -0.080128
v -1.576134 2.063289 -0.085595
v -1.578906 2.060895 -0.085534
v -1.596519 2.045667 -0.085200
v -1.608768 2.035065 -0.085002
v -1.604196 2.029809 -0.083182
v -1.592226 2.040168 -0.083375
v -1.574676 2.055342 -0.083709
v -1.571562 2.058033 -0.083777
v -2.160819 1.432011 -0.084408
v -2.154969 1.432290 -0.083171
v -2.116476 1.434180 -0.075091
v -2.106837 1.434657 -0.073082
v -2.113731 1.447581 -0.076479
v -2.101914 1.451343 -0.074484
v -2.074563 1.460010 -0.069915
v -2.065383 1.462917 -0.068402
v -2.054394 1.446888 -0.063628
v -2.035251 1.419006 -0.055348
v -2.037078 1.407171 -0.053965
v -2.017557 1.417008 -0.051250
v -2.026044 1.420608 -0.053609
v -2.029356 1.422030 -0.054536
v -2.030760 1.424046 -0.055135
v -2.062305 1.470486 -0.068890
v -2.085003 1.463277 -0.072640
v -2.112507 1.454565 -0.077243
v -2.116899 1.453161 -0.077986
v -2.119185 1.458408 -0.079251
v -2.120751 1.461945 -0.080115
v -2.121543 1.461477 -0.080215
v -2.143170 1.448229 -0.082932
v -2.159856 1.438014 -0.085069
v -2.234268 1.484868 -0.108058
v -2.238291 1.497531 -0.110776
v -2.244222 1.488927 -0.110811
v -2.250522 1.479765 -0.110871
v -2.237391 1.480494 -0.108107
v -2.160693 1.432470 -0.084445
v -2.154978 1.432731 -0.083237
v -2.116485 1.434621 -0.075158
v -2.107557 1.435062 -0.073299
v -2.114370 1.447842 -0.076656
v -2.102031 1.451766 -0.074573
v -2.074680 1.460433 -0.070005
v -2.065203 1.463439 -0.068442
v -2.054034 1.447149 -0.063590
v -2.034792 1.419123 -0.055267
v -2.018610 1.416972 -0.051469
v -2.026233 1.420194 -0.053586
v -2.029653 1.421670 -0.054545
v -2.031120 1.423794 -0.055174
v -2.062494 1.469964 -0.068851
v -2.084886 1.462854 -0.072551
v -2.112390 1.454133 -0.077154
v -2.117142 1.452621 -0.077960
v -2.119590 1.458219 -0.079310
v -2.120958 1.461306 -0.080064
v -2.121318 1.461099 -0.080111
v -2.142954 1.447851 -0.082829
v -2.159874 1.437483 -0.084996
v -2.234637 1.484571 -0.108096
v -2.238444 1.496541 -0.110665
v -2.243853 1.488684 -0.110696
v -2.249658 1.480251 -0.110752
v -2.237265 1.480944 -0.108144
v -2.301669 1.165107 -0.081094
v -2.304702 1.164657 -0.081750
v -2.344761 1.158717 -0.090423
v -2.354598 1.157277 -0.092571
v -2.341449 1.139709 -0.087455
v -2.322621 1.114608 -0.080170
v -2.318661 1.124175 -0.080318
v -2.309805 1.145523 -0.080701
v -2.286522 1.054254 -0.064890
v -2.287800 1.054353 -0.065210
v -2.338785 1.058628 -0.077801
v -2.326383 1.030440 -0.071823
v -2.317428 1.010118 -0.067547
v -2.310129 1.020549 -0.066891
v -2.296962 1.039359 -0.065758
v -2.525202 0.634640 -0.087284
v -2.525526 0.632934 -0.087253
v -2.527659 0.621397 -0.087073
v -2.538360 0.610587 -0.089115
v -2.546136 0.602745 -0.090623
v -2.574477 0.616331 -0.098654
v -2.573280 0.620500 -0.098601
v -2.566737 0.643292 -0.098368
v -2.560194 0.666070 -0.098186
v -2.556396 0.679238 -0.098111
v -2.549952 0.679305 -0.096486
v -2.545542 0.679435 -0.095379
v -2.541177 0.679651 -0.094291
v -2.536866 0.679955 -0.093222
v -2.532600 0.680350 -0.092171
v -2.528388 0.680832 -0.091138
v -2.524212 0.681399 -0.090122
v -2.520090 0.682052 -0.089123
v -2.519514 0.682136 -0.088985
v -2.516022 0.682768 -0.088152
v -2.510829 0.683840 -0.086916
v -2.502846 0.677684 -0.084473
v -2.496537 0.672851 -0.082552
v -2.495754 0.674052 -0.082435
v -2.489391 0.683878 -0.081513
v -2.465685 0.691152 -0.076042
v -2.447199 0.696835 -0.071803
v -2.434851 0.695714 -0.068616
v -2.433087 0.703204 -0.068710
v -2.431359 0.710562 -0.068819
v -2.421927 0.724376 -0.067474
v -2.408571 0.743909 -0.065623
v -2.395035 0.763719 -0.063797
v -2.390175 0.761223 -0.062390
v -2.387286 0.759299 -0.061517
v -2.384469 0.757045 -0.060639
v -2.381724 0.754512 -0.059754
v -2.378997 0.751724 -0.058857
v -2.376297 0.748578 -0.057936
v -2.373642 0.745023 -0.056995
v -2.371041 0.741137 -0.056041
v -2.368476 0.736967 -0.055075
v -2.368413 0.736851 -0.055049
v -2.361150 0.752004 -0.054426
v -2.354148 0.766606 -0.053861
v -2.371050 0.764606 -0.057904
v -2.375874 0.767806 -0.059362
v -2.379456 0.770380 -0.060463
v -2.382615 0.772839 -0.061445
v -2.385918 0.776082 -0.062529
v -2.388186 0.778683 -0.063303
v -2.390382 0.781611 -0.064086
v -2.391003 0.782509 -0.064308
v -2.391129 0.782702 -0.064353
v -2.400570 0.777328 -0.066274
v -2.452338 0.779740 -0.079350
v -2.462085 0.788594 -0.082488
v -2.461977 0.784728 -0.082148
v -2.461401 0.765081 -0.080464
v -2.449449 0.771337 -0.077973
v -2.408634 0.769489 -0.067646
v -2.402442 0.769211 -0.066086
v -2.404845 0.764945 -0.066341
v -2.416194 0.744790 -0.067595
v -2.427579 0.724552 -0.068904
v -2.430882 0.718675 -0.069300
v -2.432277 0.716464 -0.069486
v -2.433609 0.714396 -0.069668
v -2.434923 0.712445 -0.069852
v -2.436201 0.710632 -0.070038
v -2.437407 0.709018 -0.070223
v -2.438469 0.707624 -0.070386
v -2.439450 0.706328 -0.070536
v -2.440512 0.705037 -0.070709
v -2.441340 0.704217 -0.070857
v -2.441772 0.703779 -0.070936
v -2.443320 0.702527 -0.071236
v -2.445084 0.701389 -0.071597
v -2.446983 0.700407 -0.072005
v -2.449107 0.699511 -0.072475
v -2.451546 0.698624 -0.073025
v -2.454453 0.697653 -0.073686
v -2.458557 0.696458 -0.074632
v -2.464092 0.695055 -0.075925
v -2.470518 0.693585 -0.077436
v -2.477304 0.692188 -0.079042
v -2.483181 0.691132 -0.080448
v -2.483901 0.691027 -0.080624
v -2.490579 0.690069 -0.082241
v -2.497689 0.689254 -0.083979
v -2.504844 0.688577 -0.085737
v -2.511666 0.688031 -0.087417
v -2.517750 0.687614 -0.088924
v -2.523411 0.687311 -0.090329
v -2.528955 0.687106 -0.091714
v -2.534067 0.686991 -0.092994
v -2.538423 0.686955 -0.094090
v -2.541699 0.686991 -0.094919
v -2.544003 0.687052 -0.095505
v -2.545866 0.687122 -0.095978
v -2.547513 0.687236 -0.096403
v -2.549151 0.687428 -0.096829
v -2.550969 0.687724 -0.097307
v -2.552985 0.688128 -0.097843
v -2.555073 0.688626 -0.098404
v -2.557206 0.689230 -0.098986
v -2.559375 0.689948 -0.099582
v -2.561535 0.690788 -0.100184
v -2.563668 0.691757 -0.100790
v -2.565792 0.692852 -0.101402
v -2.567367 0.693484 -0.101841
v -2.567259 0.692068 -0.101717
v -2.567133 0.689412 -0.101508
v -2.567061 0.686685 -0.101307
v -2.567052 0.683848 -0.101112
v -2.567097 0.680882 -0.100926
v -2.567223 0.677821 -0.100752
v -2.567421 0.674694 -0.100593
v -2.567718 0.671547 -0.100456
v -2.568069 0.668507 -0.100341
v -2.568078 0.668469 -0.100340
v -2.568474 0.665550 -0.100251
v -2.568996 0.662441 -0.100181
v -2.569680 0.659031 -0.100134
v -2.570580 0.655139 -0.100110
v -2.571894 0.650113 -0.100116
v -2.573361 0.644948 -0.100153
v -2.573649 0.643937 -0.100163
v -2.575692 0.637289 -0.100266
v -2.577870 0.630911 -0.100418
v -2.580003 0.625554 -0.100626
v -2.581668 0.621967 -0.100824
v -2.582055 0.621131 -0.100875
v -2.584152 0.616983 -0.101157
v -2.582838 0.611599 -0.100499
v -2.579526 0.611004 -0.099618
v -2.575035 0.609878 -0.098408
v -2.569860 0.608389 -0.097001
v -2.564532 0.606738 -0.095545
v -2.559600 0.605129 -0.094192
v -2.555424 0.603701 -0.093045
v -2.551491 0.602291 -0.091958
v -2.547729 0.600866 -0.090916
v -2.544183 0.599423 -0.089927
v -2.540898 0.597962 -0.089003
v -2.541384 0.598192 -0.089139
v -2.529945 0.611337 -0.087023
v -2.524680 0.617390 -0.086067
v -2.513583 0.621503 -0.083506
v -2.520558 0.629370 -0.085767
v -2.586924 0.612221 -0.101585
v -2.591955 0.308427 -0.088925
v -2.617695 0.289183 -0.095042
v -2.639952 0.272559 -0.100365
v -2.597652 0.253228 -0.088857
v -2.594034 0.246904 -0.087755
v -2.593314 0.245860 -0.087537
v -2.590821 0.242280 -0.086799
v -2.587221 0.237941 -0.085760
v -2.583261 0.233946 -0.084637
v -2.578986 0.230324 -0.083437
v -2.574414 0.227103 -0.082172
v -2.569590 0.224307 -0.080849
v -2.564541 0.221957 -0.079480
v -2.562561 0.221242 -0.078941
v -2.559312 0.220098 -0.078066
v -2.553948 0.218691 -0.076637
v -2.548476 0.217776 -0.075191
v -2.542941 0.217357 -0.073741
v -2.537397 0.217436 -0.072296
v -2.531880 0.218015 -0.070869
v -2.529693 0.218421 -0.070313
v -2.526417 0.219065 -0.069481
v -2.521071 0.220625 -0.068125
v -2.515878 0.222661 -0.066819
v -2.510865 0.225156 -0.065573
v -2.506086 0.228090 -0.064396
v -2.501568 0.231443 -0.063297
v -2.497347 0.235188 -0.062285
v -2.496024 0.236564 -0.061975
v -2.493459 0.239273 -0.061380
v -2.489922 0.243713 -0.060575
v -2.486772 0.248453 -0.059877
v -2.484036 0.253456 -0.059293
v -2.482758 0.256336 -0.059036
v -2.481732 0.258658 -0.058836
v -2.479869 0.264070 -0.058504
v -2.478465 0.269626 -0.058296
v -2.477547 0.275282 -0.058214
v -2.477430 0.276772 -0.058225
v -2.477097 0.280972 -0.058267
v -2.477133 0.286702 -0.058450
v -2.477655 0.292403 -0.058758
v -2.478969 0.299186 -0.059305
v -2.487330 0.296358 -0.061386
v -2.490210 0.295373 -0.062111
v -2.490174 0.295216 -0.062095
v -2.489355 0.290635 -0.061745
v -2.488932 0.285996 -0.061494
v -2.488905 0.281332 -0.061345
v -2.489157 0.278093 -0.061313
v -2.489265 0.276706 -0.061302
v -2.490021 0.272102 -0.061369
v -2.491164 0.267581 -0.061538
v -2.492676 0.263177 -0.061809
v -2.494557 0.258922 -0.062178
v -2.496789 0.254852 -0.062644
v -2.497194 0.254234 -0.062736
v -2.499345 0.251018 -0.063215
v -2.502216 0.247403 -0.063870
v -2.505393 0.244060 -0.064609
v -2.508822 0.241012 -0.065425
v -2.512503 0.238284 -0.066313
v -2.516400 0.235896 -0.067265
v -2.520477 0.233865 -0.068274
v -2.524392 0.232334 -0.069257
v -2.524698 0.232234 -0.069342
v -2.529054 0.230964 -0.070445
v -2.533491 0.230089 -0.071581
v -2.537991 0.229617 -0.072741
v -2.542500 0.229553 -0.073916
v -2.547000 0.229894 -0.075096
v -2.551455 0.230640 -0.076273
v -2.555829 0.231784 -0.077438
v -2.560077 0.233317 -0.078583
v -2.564190 0.235230 -0.079697
v -2.565864 0.236176 -0.080152
v -2.568123 0.237481 -0.080767
v -2.571840 0.240102 -0.081802
v -2.575314 0.243050 -0.082784
v -2.578536 0.246302 -0.083704
v -2.581461 0.249832 -0.084557
v -2.584080 0.253615 -0.085336
v -2.586744 0.258284 -0.086149
v -2.587428 0.264757 -0.086492
v -2.589885 0.288412 -0.087791
v -2.484090 0.372110 -0.063204
v -2.500911 0.366387 -0.067330
v -2.530026 0.356498 -0.074504
v -2.528694 0.355260 -0.074108
v -2.499705 0.328408 -0.065645
v -2.494296 0.323417 -0.064073
v -2.494179 0.323946 -0.064062
v -2.489562 0.346029 -0.063637
v -2.484936 0.368083 -0.063263
v -2.457495 -0.148542 -0.050089
v -2.456370 -0.143376 -0.049712
v -2.451537 -0.121134 -0.048140
v -2.450871 -0.118049 -0.047930
v -2.475729 -0.127754 -0.054540
v -2.526354 -0.107491 -0.067523
v -2.531601 -0.105412 -0.068872
v -2.547153 -0.083982 -0.072732
v -2.563398 -0.061566 -0.076816
v -2.570400 -0.051884 -0.078599
v -2.586312 -0.063226 -0.082816
v -2.620350 -0.087476 -0.091895
v -2.655297 -0.112361 -0.101272
v -2.670894 -0.123487 -0.105479
v -2.538288 -0.110095 -0.070676
v -2.469087 -0.135099 -0.052917
v -2.462967 -0.142213 -0.051416
v -2.570787 -0.146759 -0.079637
v -2.600190 -0.150079 -0.087360
v -2.600973 -0.142947 -0.087470
v -2.555973 -0.137866 -0.075648
v -2.555190 -0.145023 -0.075544
v -1.968291 -1.610529 -0.071099
v -1.961127 -1.620429 -0.071299
v -1.955619 -1.627665 -0.071390
v -1.952307 -1.632003 -0.071457
v -1.943118 -1.643748 -0.071590
v -1.941624 -1.645629 -0.071606
v -1.934910 -1.654062 -0.071705
v -1.932120 -1.657536 -0.071739
v -1.930932 -1.661559 -0.072188
v -1.984563 -1.664061 -0.083307
v -1.991916 -1.660065 -0.084108
v -2.013894 -1.648095 -0.086549
v -2.036007 -1.636062 -0.089061
v -2.051730 -1.627476 -0.090883
v -2.042037 -1.603797 -0.085050
v -2.024514 -1.560921 -0.074548
v -2.016693 -1.541769 -0.069885
v -2.014290 -1.538655 -0.068892
v -2.009727 -1.537494 -0.067759
v -2.005362 -1.539519 -0.067174
v -2.003571 -1.543191 -0.067387
v -2.001267 -1.549770 -0.067957
v -2.000844 -1.551003 -0.068069
v -1.997901 -1.558482 -0.068665
v -1.994643 -1.565961 -0.069194
v -1.992267 -1.570929 -0.069505
v -1.991088 -1.573404 -0.069667
v -1.987290 -1.580649 -0.070069
v -1.983231 -1.587705 -0.070386
v -1.981377 -1.590702 -0.070493
v -1.978803 -1.594851 -0.070652
v -1.973835 -1.602393 -0.070884
v -1.968912 -1.609629 -0.071073
v -1.960200 -1.608081 -0.069058
v -1.963062 -1.603716 -0.068910
v -1.964988 -1.600764 -0.068818
v -1.969911 -1.592988 -0.068538
v -1.974843 -1.584807 -0.068196
v -1.975230 -1.584114 -0.068162
v -1.979667 -1.576320 -0.067802
v -1.984293 -1.567545 -0.067323
v -1.986201 -1.563612 -0.067076
v -1.988685 -1.558509 -0.066767
v -1.992915 -1.549131 -0.066132
v -1.995822 -1.542201 -0.065619
v -1.996974 -1.539465 -0.065423
v -2.000898 -1.529493 -0.064652
v -2.004336 -1.520151 -0.063885
v -2.005299 -1.517559 -0.063679
v -1.999611 -1.505166 -0.060544
v -2.007315 -1.496490 -0.060790
v -2.007504 -1.496265 -0.060796
v -2.010330 -1.503096 -0.062453
v -2.027331 -1.544199 -0.072476
v -2.044854 -1.586571 -0.082860
v -2.059569 -1.622166 -0.091625
v -2.060811 -1.625199 -0.092371
v -2.062953 -1.628529 -0.093347
v -2.065608 -1.631814 -0.094420
v -2.055924 -1.634325 -0.092857
v -2.046195 -1.639680 -0.091731
v -2.023992 -1.651848 -0.089214
v -2.001915 -1.663953 -0.086768
v -1.987452 -1.671864 -0.085198
v -1.914840 -1.677822 -0.071796
v -1.912464 -1.681557 -0.071969
v -1.903887 -1.695021 -0.072611
v -1.890081 -1.670829 -0.065727
v -1.895958 -1.670343 -0.066788
v -1.910961 -1.669047 -0.069523
v -1.917252 -1.662360 -0.069617
v -1.921167 -1.658049 -0.069650
v -1.922292 -1.656816 -0.069663
v -1.927269 -1.651137 -0.069688
v -1.932174 -1.645341 -0.069680
v -1.935909 -1.640796 -0.069648
v -1.936998 -1.639455 -0.069643
v -1.941732 -1.633515 -0.069592
v -1.946358 -1.627530 -0.069513
v -1.949841 -1.622859 -0.069425
v -1.950930 -1.621392 -0.069401
v -1.955529 -1.614939 -0.069257
v -2.508579 -0.391464 -0.070179
v -2.526525 -0.403110 -0.075282
v -2.574756 -0.434389 -0.089051
v -2.600919 -0.451351 -0.096548
v -2.606490 -0.462825 -0.098493
v -2.619351 -0.489322 -0.103042
v -2.629944 -0.511130 -0.106826
v -2.565369 -0.475032 -0.088479
v -2.535849 -0.458509 -0.080116
v -2.533626 -0.471747 -0.080160
v -2.529783 -0.494498 -0.080285
v -2.528946 -0.499475 -0.080323
v -2.528946 -0.518407 -0.081294
v -2.528937 -0.534764 -0.082167
v -2.500398 -0.527399 -0.074465
v -2.493981 -0.532144 -0.073074
v -2.469636 -0.550110 -0.067851
v -2.457045 -0.559388 -0.065176
v -2.457576 -0.573153 -0.066113
v -2.458494 -0.596630 -0.067763
v -2.459169 -0.614340 -0.069045
v -2.507067 -0.634162 -0.082452
v -2.561571 -0.656691 -0.097725
v -2.566062 -0.646733 -0.098216
v -2.575953 -0.624783 -0.099352
v -2.581389 -0.612685 -0.100005
v -2.612034 -0.620167 -0.108256
v -2.601612 -0.628754 -0.106119
v -2.578590 -0.647686 -0.101454
v -2.558880 -0.663877 -0.097510
v -2.447937 -0.620422 -0.066582
v -2.448108 -0.616003 -0.066339
v -2.448999 -0.592991 -0.065126
v -2.449872 -0.570068 -0.063967
v -2.450376 -0.556683 -0.063320
v -2.458494 -0.551446 -0.065083
v -2.485242 -0.534126 -0.070948
v -2.505861 -0.520750 -0.075510
v -2.506671 -0.513012 -0.075303
v -2.507724 -0.502860 -0.075053
v -2.460267 -0.490892 -0.062271
v -2.453985 -0.501620 -0.061207
v -2.452815 -0.503622 -0.061013
v -2.416770 -0.502623 -0.051733
v -2.423826 -0.498449 -0.053312
v -2.452473 -0.481516 -0.059790
v -2.473272 -0.469186 -0.064529
v -2.465766 -0.482726 -0.063261
v -2.490039 -0.489493 -0.069831
v -2.517408 -0.497099 -0.077243
v -2.519820 -0.493724 -0.077689
v -2.524455 -0.487216 -0.078559
v -2.528523 -0.470806 -0.078802
v -2.532510 -0.454655 -0.079076
v -2.529279 -0.446135 -0.077850
v -2.519874 -0.421284 -0.074330
v -2.510559 -0.396690 -0.070896
v -2.315295 -0.911220 -0.056811
v -2.310957 -0.916251 -0.056238
v -2.305746 -0.921498 -0.055474
v -2.303199 -0.923757 -0.055073
v -2.301822 -0.924720 -0.054831
v -2.300382 -0.925692 -0.054582
v -2.300067 -0.926088 -0.054544
v -2.306934 -0.930786 -0.056671
v -2.314359 -0.936402 -0.059022
v -2.322765 -0.943224 -0.061728
v -2.335176 -0.955086 -0.065898
v -2.335932 -0.955779 -0.066145
v -2.351700 -0.971889 -0.071569
v -2.366748 -0.987909 -0.076810
v -2.374011 -0.996054 -0.079377
v -2.377773 -1.000248 -0.080709
v -2.382147 -1.006089 -0.082360
v -2.384325 -1.009581 -0.083242
v -2.385855 -1.012515 -0.083910
v -2.386872 -1.015377 -0.084448
v -2.387475 -1.018365 -0.084899
v -2.387853 -1.021893 -0.085351
v -2.387772 -1.025790 -0.085731
v -2.387223 -1.029786 -0.086011
v -2.390247 -1.029300 -0.086684
v -2.415240 -1.017609 -0.091503
v -2.399058 -1.003524 -0.086181
v -2.401281 -0.987990 -0.085158
v -2.404665 -0.964284 -0.083647
v -2.408013 -0.940677 -0.082193
v -2.411352 -0.917151 -0.080797
v -2.414646 -0.893746 -0.079457
v -2.415330 -0.888877 -0.079188
v -2.420307 -0.887048 -0.080248
v -2.423781 -0.886095 -0.081017
v -2.427840 -0.885144 -0.081929
v -2.432304 -0.884185 -0.082941
v -2.436993 -0.883215 -0.084007
v -2.442348 -0.882180 -0.085231
v -2.448657 -0.881068 -0.086680
v -2.455470 -0.879944 -0.088255
v -2.458026 -0.879567 -0.088855
v -2.462391 -0.878888 -0.089875
v -2.469006 -0.877923 -0.091422
v -2.475513 -0.877024 -0.092948
v -2.482191 -0.876146 -0.094519
v -2.488779 -0.875355 -0.096072
v -2.494971 -0.874715 -0.097545
v -2.500443 -0.874301 -0.098856
v -2.505078 -0.873981 -0.099971
v -2.509299 -0.873672 -0.100986
v -2.512476 -0.873581 -0.101767
v -2.513430 -0.873546 -0.102004
v -2.517669 -0.873742 -0.103069
v -2.522106 -0.874461 -0.104227
v -2.527767 -0.876166 -0.105773
v -2.526192 -0.873342 -0.105142
v -2.523753 -0.867760 -0.104065
v -2.521575 -0.861685 -0.103010
v -2.520648 -0.858409 -0.102498
v -2.519721 -0.855100 -0.101991
v -2.518155 -0.848068 -0.101021
v -2.517579 -0.845766 -0.100687
v -2.515167 -0.847930 -0.100267
v -2.511720 -0.851780 -0.099731
v -2.509137 -0.854127 -0.099288
v -2.507976 -0.855171 -0.099092
v -2.503962 -0.858116 -0.098349
v -2.499723 -0.860623 -0.097514
v -2.495259 -0.862709 -0.096589
v -2.490606 -0.864386 -0.095579
v -2.485737 -0.865675 -0.094485
v -2.471652 -0.868013 -0.091206
v -2.424213 -0.875866 -0.080203
v -2.422017 -0.876209 -0.079698
v -2.419272 -0.876687 -0.079067
v -2.416374 -0.877017 -0.078384
v -2.413458 -0.877174 -0.077682
v -2.410533 -0.877162 -0.076963
v -2.407599 -0.876982 -0.076225
v -2.404647 -0.876622 -0.075467
v -2.401686 -0.876080 -0.074691
v -2.402703 -0.878974 -0.075200
v -2.403864 -0.885056 -0.076030
v -2.404053 -0.886506 -0.076204
v -2.404710 -0.891480 -0.076818
v -2.405304 -0.898392 -0.077596
v -2.405475 -0.907089 -0.078434
v -2.405340 -0.912147 -0.078863
v -2.405196 -0.916872 -0.079270
v -2.404494 -0.926520 -0.080005
v -2.403396 -0.934791 -0.080514
v -2.402910 -0.936870 -0.080587
v -2.402343 -0.939255 -0.080678
v -2.400597 -0.943737 -0.080685
v -2.398653 -0.947436 -0.080567
v -2.396511 -0.950532 -0.080344
v -2.394252 -0.953097 -0.080040
v -2.391930 -0.955284 -0.079685
v -2.389491 -0.957228 -0.079277
v -2.387718 -0.958578 -0.078980
v -2.389734 -0.960315 -0.079639
v -2.391417 -0.962061 -0.080219
v -2.393010 -0.963897 -0.080786
v -2.395224 -0.967713 -0.081696
v -2.397033 -0.972771 -0.082633
v -2.397384 -0.977712 -0.083202
v -2.396556 -0.983751 -0.083595
v -2.395980 -0.985317 -0.083606
v -2.393550 -0.988701 -0.083365
v -2.388627 -0.991167 -0.082422
v -2.384145 -0.991167 -0.081338
v -2.379960 -0.989781 -0.080189
v -2.376243 -0.987252 -0.079038
v -2.373174 -0.984021 -0.077973
v -2.366721 -0.977001 -0.075705
v -2.331045 -0.938058 -0.063222
v -2.328300 -0.935052 -0.062261
v -2.325753 -0.932262 -0.061375
v -2.323386 -0.929112 -0.060497
v -2.321334 -0.925746 -0.059675
v -2.319597 -0.922191 -0.058910
v -2.318175 -0.918411 -0.058200
v -2.317095 -0.914397 -0.057554
v -2.316411 -0.910185 -0.056982
v -2.387106 -1.030317 -0.086036
v -2.396322 -0.970341 -0.082223
v -2.397339 -0.975300 -0.082955
v -2.397150 -0.980403 -0.083410
v -2.395080 -0.986856 -0.083546
v -2.391129 -0.990204 -0.082929
v -2.386296 -0.991248 -0.081865
v -2.382084 -0.990573 -0.080780
v -2.377962 -0.988629 -0.079590
v -1.672569 -1.892139 -0.066392
v -1.673334 -1.891689 -0.066435
v -1.693134 -1.879998 -0.067605
v -1.713015 -1.868244 -0.068829
v -1.732959 -1.856436 -0.070107
v -1.747818 -1.847625 -0.071096
v -1.753038 -1.848102 -0.072119
v -1.773999 -1.849938 -0.076259
v -1.768140 -1.861170 -0.077317
v -1.756854 -1.882779 -0.079406
v -1.730475 -1.920705 -0.082050
v -1.714824 -1.937931 -0.082681
v -1.713771 -1.939083 -0.082727
v -1.703529 -1.962483 -0.085562
v -1.693152 -1.986180 -0.088487
v -1.689381 -1.994802 -0.089574
v -1.688841 -2.000472 -0.090614
v -1.689300 -2.001570 -0.090912
v -1.686069 -2.002254 -0.090502
v -1.682145 -2.003532 -0.090091
v -1.680939 -2.003910 -0.089964
v -1.677060 -2.006088 -0.089753
v -1.673217 -2.009085 -0.089713
v -1.670931 -2.013261 -0.090170
v -1.670787 -2.014260 -0.090345
v -1.669293 -2.013396 -0.089924
v -1.665180 -2.011803 -0.088916
v -1.660833 -2.010876 -0.088003
v -1.659762 -2.010759 -0.087795
v -1.635714 -2.008050 -0.083265
v -1.633806 -1.978602 -0.076989
v -1.631304 -1.939938 -0.068804
v -1.631205 -1.938444 -0.068494
v -1.636425 -1.938255 -0.069337
v -1.645821 -1.926276 -0.068535
v -1.660032 -1.908150 -0.067374
v -1.677105 -1.895937 -0.067920
v -1.679175 -1.893246 -0.067754
v -1.697733 -1.882329 -0.068863
v -1.717749 -1.870548 -0.070110
v -1.737837 -1.858713 -0.071412
v -1.749303 -1.851936 -0.072184
v -1.759383 -1.853025 -0.074200
v -1.761219 -1.853754 -0.074667
v -1.763406 -1.855707 -0.075431
v -1.763703 -1.858353 -0.075988
v -1.763496 -1.860297 -0.076320
v -1.754955 -1.876308 -0.077833
v -1.743516 -1.897773 -0.079912
v -1.741428 -1.901697 -0.080302
v -1.727973 -1.916547 -0.080804
v -1.712412 -1.933701 -0.081435
v -1.706940 -1.939722 -0.081674
v -1.701324 -1.953735 -0.083457
v -1.691613 -1.977981 -0.086595
v -1.685556 -1.993074 -0.088583
v -1.683837 -1.994595 -0.088596
v -1.681542 -1.995666 -0.088422
v -1.679139 -1.995198 -0.087922
v -1.677609 -1.994334 -0.087490
v -1.639953 -1.952556 -0.072787
v -1.638963 -1.951071 -0.072324
v -1.638225 -1.948083 -0.071603
v -1.639296 -1.945383 -0.071246
v -1.640178 -1.943907 -0.071100
v -1.648827 -1.932675 -0.070320
v -1.662993 -1.914288 -0.069093
v -1.379727 -2.264910 -0.099467
v -1.370475 -2.248512 -0.094551
v -1.356327 -2.223348 -0.087013
v -1.378332 -2.231943 -0.091933
v -1.388043 -2.235714 -0.094114
v -1.408482 -2.232195 -0.096169
v -1.433709 -2.227857 -0.098759
v -1.465533 -2.222349 -0.102091
v -1.398123 -2.161311 -0.079088
v -1.329597 -2.099193 -0.055742
v -1.316691 -2.130702 -0.060936
v -1.306125 -2.156505 -0.065248
v -1.301652 -2.167440 -0.067098
v -1.277622 -2.136921 -0.057020
v -1.292976 -2.131395 -0.057849
v -1.311858 -2.124573 -0.058911
v -1.314720 -2.117184 -0.057660
v -1.324773 -2.091408 -0.053347
v -1.327248 -2.085009 -0.052289
v -1.353609 -2.108346 -0.061139
v -1.417716 -2.165055 -0.082705
v -1.486188 -2.225616 -0.105796
v -1.489077 -2.228172 -0.106769
v -1.468656 -2.230953 -0.104426
v -1.442484 -2.234517 -0.101466
v -1.416546 -2.238027 -0.098583
v -1.388304 -2.241852 -0.095510
v -1.387233 -2.244714 -0.096000
v -1.049247 -2.264631 -0.058612
v -1.039653 -2.270184 -0.058875
v -1.020240 -2.281416 -0.059458
v -1.000791 -2.292666 -0.060090
v -0.981315 -2.303907 -0.060772
v -0.961758 -2.315184 -0.061505
v -0.960435 -2.315940 -0.061558
v -0.948501 -2.317533 -0.060757
v -0.944280 -2.327532 -0.062756
v -0.935352 -2.348700 -0.067028
v -0.930339 -2.354946 -0.068057
v -0.924147 -2.362686 -0.069353
v -0.921582 -2.392314 -0.076327
v -0.918819 -2.424552 -0.083949
v -0.927738 -2.417469 -0.083044
v -0.945945 -2.403024 -0.081252
v -0.950787 -2.405184 -0.082239
v -0.972387 -2.414679 -0.086646
v -0.990504 -2.452407 -0.097566
v -0.988353 -2.464863 -0.100382
v -0.996426 -2.461434 -0.100334
v -1.005381 -2.457627 -0.100302
v -0.993834 -2.451183 -0.097596
v -0.977490 -2.412825 -0.086693
v -0.973881 -2.411142 -0.085929
v -0.947880 -2.398929 -0.080442
v -0.946818 -2.399505 -0.080478
v -0.931014 -2.408091 -0.081068
v -0.923076 -2.395788 -0.077316
v -0.928098 -2.387436 -0.075758
v -0.927504 -2.363019 -0.069752
v -0.929322 -2.360328 -0.069266
v -0.939510 -2.345307 -0.066606
v -0.955395 -2.328306 -0.064047
v -0.977265 -2.353488 -0.072312
v -0.979461 -2.354172 -0.072698
v -1.007982 -2.362839 -0.077685
v -1.010907 -2.363748 -0.078207
v -1.020978 -2.366934 -0.080017
v -1.025253 -2.358897 -0.078519
v -1.013679 -2.361129 -0.077865
v -1.001592 -2.357025 -0.075630
v -0.982584 -2.350590 -0.072153
v -0.963522 -2.327127 -0.064567
v -0.959688 -2.322375 -0.063040
v -0.963072 -2.320341 -0.062884
v -0.982566 -2.308668 -0.062045
v -1.001961 -2.297022 -0.061257
v -1.021329 -2.285385 -0.060520
v -1.040661 -2.273757 -0.059834
v -1.049850 -2.268213 -0.059531
v -1.062504 -2.265477 -0.060273
v -1.064376 -2.265072 -0.060388
v -1.057050 -2.253732 -0.056888
v -1.021149 -2.375214 -0.082023
v -0.949878 -2.344380 -0.067390
v -0.950274 -2.344344 -0.067421
v -0.537648 -2.582925 -0.095820
v -0.557933 -2.565051 -0.092352
v -0.577999 -2.547357 -0.088972
v -0.592267 -2.534766 -0.086609
v -0.600029 -2.533281 -0.086688
v -0.622935 -2.528862 -0.086973
v -0.627276 -2.528025 -0.087037
v -0.640487 -2.532138 -0.088923
v -0.640553 -2.526288 -0.087444
v -0.646360 -2.525415 -0.087592
v -0.669571 -2.521896 -0.088234
v -0.678861 -2.520483 -0.088511
v -0.686418 -2.504166 -0.084906
v -0.695518 -2.484573 -0.080610
v -0.701289 -2.480982 -0.080102
v -0.690715 -2.477076 -0.078385
v -0.692663 -2.484987 -0.080512
v -0.687891 -2.494095 -0.082469
v -0.676483 -2.515902 -0.087193
v -0.667832 -2.517441 -0.086991
v -0.645061 -2.521464 -0.086507
v -0.622109 -2.525505 -0.086070
v -0.599143 -2.529546 -0.085685
v -0.597380 -2.529852 -0.085659
v -0.565002 -2.494896 -0.074842
v -0.553144 -2.482062 -0.070893
v -0.566179 -2.484492 -0.072257
v -0.611380 -2.481981 -0.074346
v -0.633202 -2.475141 -0.074002
v -0.655026 -2.468292 -0.073707
v -0.668554 -2.464035 -0.073557
v -0.673045 -2.455296 -0.071654
v -0.682181 -2.437575 -0.067833
v -0.679432 -2.426919 -0.064957
v -0.680498 -2.436153 -0.067356
v -0.674721 -2.446440 -0.069537
v -0.666699 -2.460750 -0.072601
v -0.654082 -2.464755 -0.072751
v -0.632309 -2.471658 -0.073061
v -0.610536 -2.478543 -0.073421
v -0.588684 -2.485446 -0.073832
v -0.587670 -2.485770 -0.073854
v -0.562950 -2.480505 -0.071053
v -0.553033 -2.478381 -0.069947
v -0.543298 -2.486013 -0.071339
v -0.540290 -2.488380 -0.071779
v -0.542467 -2.487849 -0.071762
v -0.549297 -2.486175 -0.071723
v -0.574442 -2.514966 -0.080507
v -0.588155 -2.530653 -0.085317
v -0.578825 -2.538978 -0.086885
v -0.558896 -2.556771 -0.090290
v -0.538411 -2.575041 -0.093843
v -0.536902 -2.575086 -0.093772
v -0.527785 -2.575329 -0.093358
v -0.537210 -2.583330 -0.095900
v -0.690411 -2.432922 -0.067239
v -0.074657 -2.661513 -0.102158
v -0.084969 -2.671098 -0.104751
v -0.089795 -2.639238 -0.096461
v -0.091253 -2.637708 -0.096071
v -0.113867 -2.614317 -0.090189
v -0.136106 -2.591304 -0.084456
v -0.157963 -2.568669 -0.078872
v -0.179463 -2.546385 -0.073428
v -0.200640 -2.524452 -0.068121
v -0.221443 -2.502843 -0.062946
v -0.224404 -2.499774 -0.062215
v -0.249917 -2.510133 -0.065541
v -0.273681 -2.519772 -0.068692
v -0.297672 -2.529483 -0.071923
v -0.321899 -2.539284 -0.075236
v -0.346367 -2.549166 -0.078632
v -0.354558 -2.552469 -0.079786
v -0.354272 -2.551569 -0.079542
v -0.351557 -2.541552 -0.076849
v -0.349272 -2.531427 -0.074145
v -0.347414 -2.521203 -0.071428
v -0.345981 -2.510871 -0.068700
v -0.344986 -2.500422 -0.065959
v -0.344439 -2.489874 -0.063206
v -0.344325 -2.479227 -0.060444
v -0.344632 -2.468481 -0.057672
v -0.344953 -2.463648 -0.056431
v -0.333398 -2.466492 -0.056750
v -0.311674 -2.471829 -0.057398
v -0.289905 -2.477166 -0.058097
v -0.268087 -2.482512 -0.058846
v -0.246213 -2.487849 -0.059645
v -0.242102 -2.488848 -0.059805
v -0.221782 -2.485653 -0.058476
v -0.208302 -2.483520 -0.057622
v -0.205149 -2.491854 -0.059717
v -0.200375 -2.504355 -0.062879
v -0.183907 -2.522022 -0.067154
v -0.162707 -2.544765 -0.072710
v -0.141145 -2.567886 -0.078412
v -0.119194 -2.591412 -0.084267
v -0.096854 -2.615334 -0.090276
v -0.080939 -2.632380 -0.094597
v -0.071592 -2.634423 -0.095053
v 0.292903 -2.516019 -0.068279
v 0.302409 -2.509143 -0.066793
v 0.289101 -2.484978 -0.060102
v 0.288583 -2.488605 -0.061030
v 0.287659 -2.494365 -0.062500
v 0.286475 -2.500170 -0.063975
v 0.285044 -2.506029 -0.065455
v 0.283337 -2.511951 -0.066944
v 0.281338 -2.517927 -0.068439
v 0.279092 -2.523885 -0.069922
v 0.278325 -2.526153 -0.070490
v 0.278883 -2.526900 -0.070699
v 0.288511 -2.518557 -0.068812
v 0.289168 -2.533299 -0.072662
v 0.289976 -2.539347 -0.074259
v 0.290920 -2.545251 -0.075820
v 0.292010 -2.550930 -0.077327
v 0.293050 -2.556078 -0.078696
v 0.294401 -2.561280 -0.080088
v 0.295612 -2.565816 -0.081303
v 0.296977 -2.570253 -0.082494
v 0.298597 -2.574969 -0.083769
v 0.300560 -2.580333 -0.085219
v 0.303003 -2.586516 -0.086898
v 0.304793 -2.590701 -0.088041
v 0.305930 -2.593419 -0.088784
v 0.309308 -2.600925 -0.090838
v 0.313165 -2.609196 -0.093109
v 0.313528 -2.611752 -0.093783
v 0.311849 -2.614956 -0.094568
v 0.308102 -2.616360 -0.094806
v 0.304529 -2.615730 -0.094534
v 0.303834 -2.615487 -0.094452
v 0.293350 -2.611158 -0.093021
v 0.282819 -2.607261 -0.091700
v 0.279862 -2.606280 -0.091359
v 0.272166 -2.603751 -0.090495
v 0.261351 -2.600628 -0.089393
v 0.255813 -2.599287 -0.088896
v 0.249860 -2.597856 -0.088378
v 0.237623 -2.595435 -0.087447
v 0.232115 -2.594517 -0.087073
v 0.225526 -2.593419 -0.086642
v 0.214368 -2.591880 -0.085995
v 0.208619 -2.591277 -0.085709
v 0.205043 -2.590890 -0.085538
v 0.197660 -2.590377 -0.085257
v 0.191410 -2.590188 -0.085084
v 0.179695 -2.590512 -0.084949
v 0.172909 -2.590881 -0.084926
v 0.165227 -2.591412 -0.084930
v 0.162511 -2.591664 -0.084949
v 0.157028 -2.592177 -0.084999
v 0.148316 -2.593158 -0.085121
v 0.139394 -2.594283 -0.085281
v 0.139210 -2.594310 -0.085285
v 0.128885 -2.595723 -0.085522
v 0.094647 -2.605344 -0.087645
v 0.092657 -2.606910 -0.088035
v 0.095214 -2.609799 -0.088814
v 0.106227 -2.622282 -0.092193
v 0.117104 -2.620770 -0.091912
v 0.131700 -2.618727 -0.091566
v 0.132507 -2.600745 -0.086880
v 0.139691 -2.599773 -0.086720
v 0.142772 -2.599359 -0.086657
v 0.150953 -2.598360 -0.086522
v 0.158831 -2.597541 -0.086427
v 0.162859 -2.597208 -0.086401
v 0.166344 -2.596920 -0.086387
v 0.173480 -2.596515 -0.086406
v 0.179858 -2.596263 -0.086454
v 0.185572 -2.596137 -0.086521
v 0.191194 -2.596200 -0.086646
v 0.197338 -2.596497 -0.086847
v 0.204549 -2.597118 -0.087151
v 0.210030 -2.597757 -0.087429
v 0.213759 -2.598198 -0.087625
v 0.224913 -2.599800 -0.088292
v 0.233911 -2.601348 -0.088895
v 0.236963 -2.601879 -0.089108
v 0.248965 -2.604345 -0.090045
v 0.258106 -2.606685 -0.090881
v 0.259868 -2.607144 -0.091050
v 0.269729 -2.610339 -0.092143
v 0.279204 -2.613921 -0.093331
v 0.282950 -2.615523 -0.093849
v 0.288250 -2.617791 -0.094596
v 0.296892 -2.621814 -0.095894
v 0.305088 -2.625891 -0.097192
v 0.308233 -2.627547 -0.097715
v 0.312882 -2.630004 -0.098502
v 0.320377 -2.634216 -0.099833
v 0.327512 -2.638563 -0.101184
v 0.330425 -2.640489 -0.101778
v 0.331465 -2.640705 -0.101866
v 0.331460 -2.640705 -0.101862
v 0.331554 -2.640300 -0.101762
v 0.331388 -2.639769 -0.101617
v 0.329794 -2.636682 -0.100767
v 0.329273 -2.635692 -0.100495
v 0.325590 -2.628357 -0.098474
v 0.322091 -2.621040 -0.096465
v 0.318784 -2.613741 -0.094466
v 0.315670 -2.606433 -0.092470
v 0.312743 -2.599107 -0.090477
v 0.309992 -2.591835 -0.088500
v 0.307407 -2.584635 -0.086551
v 0.304977 -2.577579 -0.084642
v 0.302612 -2.570568 -0.082747
v 0.300303 -2.563539 -0.080850
v 0.298175 -2.556618 -0.078986
v 0.296350 -2.549931 -0.077192
v 0.294960 -2.543622 -0.075510
v 0.294550 -2.541084 -0.074840
v 0.293962 -2.537655 -0.073934
v 0.293181 -2.531895 -0.072415
v 0.292689 -2.526360 -0.070962
v 0.292641 -2.524722 -0.070531
v 0.292512 -2.521059 -0.069574
v 0.278467 -2.526864 -0.070677
v 0.313566 -2.610429 -0.093437
v 0.312958 -2.613525 -0.094225
v 0.309792 -2.615901 -0.094743
v 0.306311 -2.616171 -0.094704
v 0.664651 -2.443443 -0.068092
v 0.651883 -2.452191 -0.069429
v 0.631977 -2.465817 -0.071560
v 0.611917 -2.479524 -0.073755
v 0.591761 -2.493294 -0.076015
v 0.573586 -2.505687 -0.078095
v 0.570678 -2.506857 -0.078221
v 0.549065 -2.515533 -0.079205
v 0.527384 -2.524227 -0.080242
v 0.505631 -2.532930 -0.081334
v 0.483802 -2.541651 -0.082479
v 0.469318 -2.547438 -0.083255
v 0.485771 -2.549742 -0.084654
v 0.510149 -2.553153 -0.086751
v 0.534675 -2.556564 -0.088912
v 0.559357 -2.559993 -0.091138
v 0.577431 -2.562495 -0.092806
v 0.577621 -2.565159 -0.093498
v 0.580024 -2.560902 -0.092544
v 0.585622 -2.550930 -0.090332
v 0.599944 -2.539068 -0.088157
v 0.611022 -2.529879 -0.086500
v 0.621428 -2.525244 -0.085960
v 0.643017 -2.515623 -0.084894
v 0.657033 -2.509359 -0.084234
v 0.666507 -2.508873 -0.084737
v 0.680622 -2.501799 -0.083915
v 0.687362 -2.499702 -0.083845
v 0.709508 -2.492781 -0.083664
v 0.731641 -2.485851 -0.083533
v 0.753756 -2.478912 -0.083454
v 0.765844 -2.475114 -0.083439
v 0.779108 -2.477382 -0.085032
v 0.783090 -2.478075 -0.085522
v 0.778676 -2.460165 -0.080710
v 0.774349 -2.463477 -0.081189
v 0.768036 -2.468283 -0.081902
v 0.752019 -2.473224 -0.081898
v 0.734712 -2.478552 -0.081934
v 0.724928 -2.469318 -0.078892
v 0.720627 -2.481828 -0.081721
v 0.707621 -2.486157 -0.081863
v 0.685645 -2.493465 -0.082154
v 0.675792 -2.496732 -0.082306
v 0.663957 -2.495985 -0.081307
v 0.653397 -2.505768 -0.083085
v 0.642023 -2.509539 -0.083288
v 0.619947 -2.516829 -0.083732
v 0.608540 -2.520600 -0.083988
v 0.593008 -2.511555 -0.080734
v 0.591891 -2.510457 -0.080389
v 0.590777 -2.509386 -0.080054
v 0.589220 -2.506596 -0.079252
v 0.589675 -2.503275 -0.078432
v 0.590527 -2.502114 -0.078186
v 0.591738 -2.500449 -0.077834
v 0.611134 -2.486238 -0.075411
v 0.631072 -2.471631 -0.072973
v 0.650844 -2.457114 -0.070602
v 0.661946 -2.448951 -0.069297
v 0.673205 -2.447025 -0.069581
v 0.680325 -2.445810 -0.069778
v 2.153232 1.486578 -0.090765
v 2.153790 1.481583 -0.090147
v 2.145384 1.501464 -0.091310
v 2.151513 1.501977 -0.092700
v 2.158938 1.462323 -0.088415
v 2.160378 1.460721 -0.088490
v 2.170422 1.449543 -0.089043
v 2.168190 1.321707 -0.070543
v 2.184246 1.331004 -0.075394
v 2.181987 1.338600 -0.075923
v 2.179197 1.347987 -0.076597
v 2.159037 1.347015 -0.071980
v 2.147850 1.346457 -0.069423
v 2.146707 1.371360 -0.072654
v 2.146365 1.378938 -0.073655
v 2.141712 1.394499 -0.074840
v 2.134809 1.417584 -0.076651
v 2.135574 1.419825 -0.077143
v 2.138562 1.428456 -0.079052
v 2.122524 1.427853 -0.075482
v 2.131632 1.416846 -0.075856
v 2.132523 1.413525 -0.075568
v 2.138805 1.390314 -0.073607
v 2.142882 1.375248 -0.072367
v 2.142792 1.364871 -0.070879
v 2.142576 1.337934 -0.067070
v 2.142576 1.337124 -0.066959
v 2.160630 1.326261 -0.069475
v 2.137104 1.516386 -0.091791
v 2.147274 1.520121 -0.094524
v 2.144457 1.529454 -0.095339
v 2.132649 1.521309 -0.091587
v 2.128680 1.521858 -0.090821
v 2.108115 1.524702 -0.086898
v 2.105604 1.538634 -0.088504
v 2.101581 1.560990 -0.091130
v 2.091708 1.566228 -0.089884
v 2.078226 1.572906 -0.088112
v 2.064438 1.579710 -0.086328
v 2.058174 1.588719 -0.086460
v 2.057733 1.589349 -0.086472
v 2.054061 1.581942 -0.084525
v 2.050812 1.575345 -0.082805
v 2.059038 1.575363 -0.084516
v 2.070081 1.570494 -0.086034
v 2.094516 1.559712 -0.089444
v 2.097855 1.558227 -0.089917
v 2.102805 1.533144 -0.087066
v 2.105325 1.520391 -0.085645
v 2.116656 1.518978 -0.087825
v 2.145456 1.448904 -0.083529
v 2.147670 1.481070 -0.088749
v 2.104056 1.566615 -0.092526
v 1.812825 1.878042 -0.089185
v 1.824462 1.889220 -0.093400
v 1.810404 1.893846 -0.091726
v 1.808370 1.879887 -0.088725
v 1.811268 1.865073 -0.086458
v 1.816677 1.837434 -0.082282
v 1.818279 1.829280 -0.081068
v 1.815435 1.820946 -0.078999
v 1.822446 1.820694 -0.080246
v 1.826856 1.818129 -0.080582
v 1.832463 1.814844 -0.081023
v 1.841526 1.808877 -0.081615
v 1.846800 1.804980 -0.081879
v 1.850148 1.802496 -0.082055
v 1.858329 1.795647 -0.082346
v 1.864773 1.789554 -0.082446
v 1.866033 1.788357 -0.082470
v 1.873467 1.780320 -0.082429
v 1.880091 1.772229 -0.082223
v 1.880604 1.771590 -0.082209
v 1.887201 1.762545 -0.081853
v 1.892970 1.753608 -0.081358
v 1.893654 1.752357 -0.081267
v 1.897605 1.745211 -0.080764
v 1.901322 1.737291 -0.080079
v 1.904139 1.730253 -0.079377
v 1.904418 1.729551 -0.079310
v 1.906821 1.721937 -0.078442
v 1.908387 1.714485 -0.077441
v 1.909008 1.706934 -0.076240
v 1.906902 1.700013 -0.074621
v 1.903203 1.687764 -0.071775
v 1.916181 1.682472 -0.073397
v 1.919592 1.681077 -0.073829
v 1.918593 1.684506 -0.074223
v 1.913688 1.701426 -0.076197
v 1.912383 1.709589 -0.077357
v 1.912329 1.709850 -0.077394
v 1.910817 1.717284 -0.078404
v 1.908900 1.724763 -0.079342
v 1.906641 1.731990 -0.080170
v 1.905732 1.734411 -0.080418
v 1.904040 1.738938 -0.080894
v 1.901061 1.745670 -0.081510
v 1.897749 1.752177 -0.082023
v 1.895589 1.755894 -0.082266
v 1.894122 1.758432 -0.082440
v 1.890144 1.764471 -0.082758
v 1.885284 1.770987 -0.082995
v 1.884708 1.778979 -0.084314
v 1.884249 1.785513 -0.085406
v 1.872486 1.785387 -0.083155
v 1.867968 1.790229 -0.083175
v 1.866735 1.791453 -0.083161
v 1.864062 1.794090 -0.083139
v 1.859868 1.797933 -0.083051
v 1.855431 1.801749 -0.082912
v 1.850778 1.805529 -0.082725
v 1.849536 1.806474 -0.082664
v 1.845882 1.809246 -0.082494
v 1.840698 1.812945 -0.082207
v 1.835244 1.816608 -0.081863
v 1.830339 1.819722 -0.081522
v 1.829547 1.820217 -0.081468
v 1.822527 1.824474 -0.080960
v 1.818945 1.844202 -0.083959
v 1.813851 1.872309 -0.088288
v 1.527894 2.129952 -0.092111
v 1.538919 2.126163 -0.092986
v 1.542114 2.125065 -0.093246
v 1.549449 2.113905 -0.092020
v 1.554525 2.103672 -0.090646
v 1.554957 2.102817 -0.090534
v 1.559223 2.091072 -0.088737
v 1.562292 2.078724 -0.086627
v 1.562922 2.074557 -0.085853
v 1.564227 2.065791 -0.084235
v 1.564776 2.052075 -0.081462
v 1.563732 2.037549 -0.078273
v 1.563498 2.036190 -0.077954
v 1.561302 2.022393 -0.074751
v 1.557747 2.006652 -0.070925
v 1.553076 1.989831 -0.066697
v 1.556064 1.970310 -0.063168
v 1.554624 1.986213 -0.066204
v 1.560771 2.003691 -0.070792
v 1.561194 2.005167 -0.071167
v 1.565451 2.020026 -0.074926
v 1.568664 2.035848 -0.078714
v 1.570221 2.051067 -0.082112
v 1.570176 2.053605 -0.082633
v 1.569960 2.065611 -0.085105
v 1.567953 2.079633 -0.087709
v 1.566306 2.086131 -0.088804
v 1.564497 2.093169 -0.090000
v 1.559547 2.106246 -0.091972
v 1.556793 2.111673 -0.092682
v 1.553166 2.118846 -0.093638
v 1.544886 2.131644 -0.095063
v 1.544103 2.135397 -0.095737
v 1.540782 2.151381 -0.098630
v 1.597986 2.129754 -0.102905
v 1.599084 2.129808 -0.103085
v 1.617237 2.130420 -0.106080
v 1.611045 2.145063 -0.108154
v 1.608795 2.150391 -0.108923
v 1.540026 1.975071 -0.061557
v 1.266948 2.337033 -0.101835
v 1.257201 2.342586 -0.101897
v 1.247238 2.348256 -0.101986
v 1.138815 2.262342 -0.068995
v 1.164240 2.262162 -0.071968
v 1.189908 2.261955 -0.075017
v 1.215774 2.261757 -0.078146
v 1.232577 2.261604 -0.080208
v 1.244241 2.247627 -0.078473
v 1.236258 2.253720 -0.078854
v 1.232820 2.256339 -0.079028
v 1.209078 2.256546 -0.076119
v 1.183356 2.256744 -0.073015
v 1.157823 2.256951 -0.069989
v 1.133919 2.257113 -0.067200
v 1.128699 2.253117 -0.065652
v 1.122822 2.248572 -0.063909
v 1.122408 2.269920 -0.068860
v 1.133982 2.262360 -0.068437
v 1.250910 2.288109 -0.088583
v 1.250496 2.309682 -0.093495
v 1.245132 2.309727 -0.092838
v 1.245573 2.286912 -0.087647
v 1.247661 2.326134 -0.096926
v 1.250910 2.286876 -0.088298
v 1.243854 2.268984 -0.083310
v 0.374288 2.475480 -0.061408
v 0.378931 2.483436 -0.063642
v 0.380505 2.486118 -0.064396
v 0.405024 2.499285 -0.068795
v 0.430322 2.512884 -0.073392
v 0.449989 2.523423 -0.076998
v 0.452354 2.524080 -0.077273
v 0.454199 2.524062 -0.077352
v 0.455882 2.523486 -0.077281
v 0.457032 2.522748 -0.077146
v 0.458033 2.521803 -0.076947
v 0.471892 2.505774 -0.073487
v 0.476397 2.505900 -0.073736
v 0.499800 2.506566 -0.075075
v 0.514590 2.506980 -0.075953
v 0.516974 2.530641 -0.082143
v 0.505429 2.525061 -0.080107
v 0.479559 2.512524 -0.075592
v 0.475777 2.510679 -0.074935
v 0.455978 2.527833 -0.078401
v 0.464195 2.555409 -0.085883
v 0.461832 2.561898 -0.087442
v 0.449806 2.595000 -0.095424
v 0.449316 2.594082 -0.095165
v 0.447272 2.591121 -0.094307
v 0.445307 2.588232 -0.093474
v 0.440408 2.582103 -0.091682
v 0.434841 2.575740 -0.089802
v 0.428797 2.569215 -0.087858
v 0.421759 2.562078 -0.085713
v 0.417877 2.558388 -0.084593
v 0.413465 2.554230 -0.083336
v 0.404388 2.546202 -0.080892
v 0.395057 2.538525 -0.078528
v 0.390649 2.535222 -0.077494
v 0.386000 2.531721 -0.076406
v 0.376924 2.525772 -0.074518
v 0.367546 2.520309 -0.072744
v 0.364813 2.518851 -0.072259
v 0.358294 2.515341 -0.071113
v 0.349513 2.510877 -0.069639
v 0.341618 2.506917 -0.068329
v 0.340035 2.506125 -0.068065
v 0.334413 2.503290 -0.067138
v 0.327478 2.499915 -0.066028
v 0.320982 2.496909 -0.065027
v 0.315624 2.494623 -0.064251
v 0.315079 2.494371 -0.064169
v 0.309266 2.492220 -0.063427
v 0.291704 2.496495 -0.063985
v 0.291217 2.496621 -0.064002
v 0.293234 2.489070 -0.062102
v 0.297191 2.474436 -0.058428
v 0.310046 2.487261 -0.062163
v 0.312687 2.488053 -0.062452
v 0.316116 2.489070 -0.062831
v 0.322242 2.491392 -0.063639
v 0.328929 2.494290 -0.064618
v 0.336049 2.497647 -0.065730
v 0.336299 2.497791 -0.065773
v 0.343449 2.501337 -0.066948
v 0.351448 2.505477 -0.068310
v 0.360170 2.510238 -0.069859
v 0.360810 2.510625 -0.069981
v 0.369280 2.515548 -0.071579
v 0.378510 2.521326 -0.073430
v 0.386081 2.526537 -0.075066
v 0.387497 2.527509 -0.075373
v 0.397127 2.534925 -0.077683
v 0.407608 2.543709 -0.080378
v 0.412587 2.548101 -0.081715
v 0.417681 2.552619 -0.083098
v 0.426156 2.560431 -0.085477
v 0.431780 2.565912 -0.087134
v 0.435479 2.569755 -0.088286
v 0.438934 2.573481 -0.089394
v 0.440733 2.574795 -0.089809
v 0.442517 2.575866 -0.090162
v 0.444574 2.576136 -0.090327
v 0.447382 2.574678 -0.090079
v 0.449343 2.571825 -0.089433
v 0.455265 2.537445 -0.080848
v 0.455269 2.535051 -0.080233
v 0.454944 2.533251 -0.079754
v 0.454155 2.531370 -0.079234
v 0.452745 2.529786 -0.078761
v 0.434413 2.520075 -0.075426
v 0.409033 2.506584 -0.070849
v 0.383953 2.493282 -0.066385
v 0.380698 2.491536 -0.065807
v 0.362268 2.490105 -0.064721
v 0.443534 2.576091 -0.090267
v 0.441727 2.575443 -0.090020
v 0.445961 2.575560 -0.090241
v 0.448464 2.573373 -0.089793
v 1.944468 -1.574916 -0.060393
v 1.949328 -1.570065 -0.060583
v 1.953225 -1.566600 -0.060807
v 1.954134 -1.565799 -0.060863
v 1.958787 -1.562010 -0.061198
v 1.963152 -1.558617 -0.061540
v 1.967130 -1.555530 -0.061853
v 1.970865 -1.552605 -0.062142
v 1.971504 -1.552110 -0.062195
v 1.974465 -1.549851 -0.062444
v 1.977903 -1.547322 -0.062745
v 1.981116 -1.545090 -0.063048
v 1.986183 -1.541886 -0.063578
v 2.035323 -1.584555 -0.080574
v 2.026269 -1.596381 -0.080610
v 2.012238 -1.614705 -0.080717
v 1.996749 -1.634901 -0.080893
v 1.940355 -1.619241 -0.066914
v 1.929105 -1.616127 -0.064139
v 1.923444 -1.612887 -0.062461
v 1.922274 -1.606083 -0.061082
v 1.923705 -1.602294 -0.060731
v 1.924290 -1.601052 -0.060641
v 1.929582 -1.593492 -0.060452
v 1.934640 -1.586661 -0.060337
v 1.937295 -1.583331 -0.060319
v 1.939590 -1.580451 -0.060312
v 1.933434 -1.576446 -0.058401
v 1.931535 -1.578633 -0.058374
v 1.928142 -1.582530 -0.058337
v 1.922742 -1.589199 -0.058357
v 1.917558 -1.595994 -0.058441
v 1.917288 -1.596354 -0.058446
v 1.911393 -1.604427 -0.058623
v 1.900800 -1.612185 -0.057806
v 1.894554 -1.616757 -0.057343
v 1.920285 -1.623282 -0.063570
v 1.970946 -1.636134 -0.075889
v 2.004552 -1.644666 -0.084095
v 2.006892 -1.650309 -0.085505
v 2.008188 -1.655187 -0.086578
v 2.009079 -1.660488 -0.087641
v 2.009673 -1.666149 -0.088701
v 2.009907 -1.669515 -0.089305
v 2.010069 -1.672098 -0.089769
v 2.010132 -1.678911 -0.090927
v 2.009772 -1.686687 -0.092162
v 2.009052 -1.694814 -0.093385
v 2.008467 -1.699584 -0.094066
v 2.008071 -1.702707 -0.094515
v 2.006829 -1.709799 -0.095476
v 2.005425 -1.716144 -0.096273
v 2.003823 -1.722201 -0.096985
v 2.002536 -1.726287 -0.097420
v 2.002005 -1.727943 -0.097598
v 1.999890 -1.733343 -0.098107
v 1.997235 -1.738779 -0.098517
v 1.988046 -1.747437 -0.098190
v 1.980882 -1.754187 -0.097958
v 2.005191 -1.743360 -0.100874
v 2.008314 -1.735908 -0.100209
v 2.008584 -1.735161 -0.100132
v 2.010717 -1.729194 -0.099543
v 2.012832 -1.722300 -0.098792
v 2.014650 -1.715244 -0.097954
v 2.015640 -1.710582 -0.097357
v 2.016162 -1.708035 -0.097033
v 2.017422 -1.700601 -0.096033
v 2.018376 -1.692951 -0.094939
v 2.018997 -1.685166 -0.093755
v 2.019060 -1.683330 -0.093455
v 2.019231 -1.677336 -0.092491
v 2.019060 -1.669497 -0.091154
v 2.018457 -1.661649 -0.089727
v 2.017440 -1.653729 -0.088203
v 2.017125 -1.652082 -0.087863
v 2.015991 -1.645755 -0.086589
v 2.014173 -1.637700 -0.084894
v 2.011509 -1.627836 -0.082730
v 2.017926 -1.619268 -0.082624
v 2.031777 -1.600719 -0.082445
v 2.037618 -1.592907 -0.082391
v 2.048751 -1.583592 -0.083191
v 2.054394 -1.578876 -0.083614
v 2.037222 -1.572081 -0.078967
v 1.998171 -1.537818 -0.065411
v 1.992402 -1.523076 -0.061868
v 1.985193 -1.534965 -0.062260
v 1.982331 -1.539672 -0.062427
v 1.978632 -1.541292 -0.061925
v 1.975572 -1.543002 -0.061570
v 1.972017 -1.545243 -0.061196
v 1.968111 -1.547871 -0.060814
v 1.965330 -1.549797 -0.060551
v 1.964016 -1.550715 -0.060432
v 1.959516 -1.553883 -0.060028
v 1.954530 -1.557528 -0.059598
v 1.949247 -1.561614 -0.059182
v 1.947096 -1.563414 -0.059035
v 1.943901 -1.566096 -0.058827
v 1.938636 -1.571001 -0.058563
v 2.007063 -1.765563 -0.105057
v 1.926522 -1.615092 -0.063446
v 1.922859 -1.604076 -0.060861
v 1.922112 -1.608306 -0.061421
v 1.922472 -1.610637 -0.061887
v 1.925055 -1.614219 -0.063006
v 2.233917 -1.184577 -0.067332
v 2.234079 -1.185162 -0.067439
v 2.237436 -1.198500 -0.069860
v 2.234961 -1.210632 -0.070789
v 2.234736 -1.212117 -0.070920
v 2.233143 -1.222413 -0.071847
v 2.231829 -1.234428 -0.073056
v 2.231721 -1.236210 -0.073254
v 2.231028 -1.246641 -0.074426
v 2.230686 -1.259079 -0.075936
v 2.230731 -1.261653 -0.076275
v 2.230875 -1.271706 -0.077609
v 2.231604 -1.284585 -0.079447
v 2.232000 -1.288680 -0.080066
v 2.232873 -1.297680 -0.081449
v 2.234628 -1.311009 -0.083602
v 2.235699 -1.317444 -0.084690
v 2.236986 -1.325292 -0.086027
v 2.228472 -1.341906 -0.086337
v 2.217825 -1.362669 -0.086775
v 2.207232 -1.383279 -0.087261
v 2.205135 -1.387356 -0.087367
v 2.195172 -1.394097 -0.086106
v 2.211939 -1.399650 -0.090591
v 2.208627 -1.390110 -0.088524
v 2.210661 -1.385943 -0.088390
v 2.220939 -1.364838 -0.087767
v 2.231190 -1.343769 -0.087196
v 2.241486 -1.322556 -0.086673
v 2.251665 -1.301577 -0.086206
v 2.261835 -1.280580 -0.085792
v 2.271969 -1.259619 -0.085428
v 2.282085 -1.238676 -0.085116
v 2.292192 -1.217724 -0.084855
v 2.293398 -1.215222 -0.084830
v 2.305890 -1.205115 -0.086495
v 2.284146 -1.195683 -0.080313
v 2.287467 -1.213161 -0.083208
v 2.286837 -1.214664 -0.083242
v 2.277693 -1.236048 -0.083778
v 2.268522 -1.257441 -0.084364
v 2.259333 -1.278879 -0.085003
v 2.257578 -1.282965 -0.085134
v 2.236401 -1.290570 -0.081313
v 2.235024 -1.280688 -0.079719
v 2.234349 -1.273119 -0.078582
v 2.234034 -1.266270 -0.077620
v 2.233980 -1.265325 -0.077486
v 2.233908 -1.257288 -0.076443
v 2.234097 -1.249053 -0.075434
v 2.234592 -1.240557 -0.074462
v 2.234646 -1.240008 -0.074402
v 2.235411 -1.231809 -0.073549
v 2.236563 -1.222809 -0.072680
v 2.237697 -1.215492 -0.072021
v 2.237985 -1.213602 -0.071852
v 2.239758 -1.203693 -0.071037
v 2.246850 -1.193379 -0.071396
v 2.250414 -1.188186 -0.071591
v 2.492280 -0.869482 -0.096425
v 2.494440 -0.866629 -0.096720
v 2.474163 -0.866010 -0.091652
v 2.411019 -0.827090 -0.072725
v 2.396988 -0.840042 -0.070358
v 2.378169 -0.857393 -0.067239
v 2.368881 -0.865960 -0.065724
v 2.344851 -0.860231 -0.059305
v 2.344923 -0.865180 -0.059763
v 2.345211 -0.889187 -0.062032
v 2.345517 -0.913317 -0.064366
v 2.345517 -0.913461 -0.064378
v 2.381904 -0.930966 -0.074910
v 2.400444 -0.957300 -0.081944
v 2.418246 -0.982635 -0.088742
v 2.419371 -0.991734 -0.089907
v 2.420298 -0.999321 -0.090889
v 2.427957 -0.994722 -0.092280
v 2.438667 -0.988296 -0.094250
v 2.421477 -0.980385 -0.089304
v 2.415276 -0.971412 -0.086915
v 2.391588 -0.937167 -0.077856
v 2.384226 -0.926556 -0.075060
v 2.380203 -0.906900 -0.072231
v 2.374821 -0.880572 -0.068493
v 2.372391 -0.868787 -0.066840
v 2.387331 -0.855985 -0.069368
v 2.407284 -0.838883 -0.072801
v 2.412657 -0.834282 -0.073742
v 2.428479 -0.844070 -0.078481
v 2.472372 -0.871320 -0.091676
v 2.490219 -0.946761 -0.102830
v 2.483676 -0.964806 -0.102922
v 2.510586 -0.960315 -0.109075
v 2.508921 -0.956490 -0.108305
v 2.479545 -0.965499 -0.101978
v 2.498472 -0.932253 -0.103503
v 2.478465 -0.887729 -0.094603
v 2.446335 0.852823 -0.083917
v 2.444517 0.848831 -0.083122
v 2.438100 0.834627 -0.080330
v 2.450367 0.834658 -0.083366
v 2.454426 0.832263 -0.084163
v 2.480832 0.816543 -0.089408
v 2.506338 0.801335 -0.094524
v 2.507742 0.799946 -0.094764
v 2.508201 0.799056 -0.094804
v 2.508669 0.798121 -0.094848
v 2.508903 0.796034 -0.094741
v 2.508498 0.794079 -0.094488
v 2.496141 0.767870 -0.089354
v 2.482758 0.739489 -0.083849
v 2.469573 0.711537 -0.078482
v 2.456577 0.684056 -0.073248
v 2.443770 0.656972 -0.068144
v 2.431143 0.630295 -0.063166
v 2.428362 0.624418 -0.062083
v 2.415834 0.609778 -0.057960
v 2.418381 0.608544 -0.058522
v 2.448396 0.593725 -0.065213
v 2.449737 0.592573 -0.065480
v 2.458620 0.584806 -0.067271
v 2.459277 0.593978 -0.067991
v 2.460960 0.617775 -0.069911
v 2.462643 0.641709 -0.071892
v 2.464326 0.665784 -0.073935
v 2.465352 0.680553 -0.075220
v 2.470608 0.692300 -0.077364
v 2.471733 0.694786 -0.077828
v 2.473101 0.696695 -0.078309
v 2.475774 0.698228 -0.079090
v 2.478699 0.698103 -0.079816
v 2.480571 0.696944 -0.080205
v 2.482443 0.695237 -0.080551
v 2.482956 0.694761 -0.080646
v 2.487726 0.689885 -0.081511
v 2.492352 0.684710 -0.082318
v 2.496843 0.679251 -0.083071
v 2.499696 0.675514 -0.083531
v 2.501199 0.673543 -0.083777
v 2.505447 0.667492 -0.084443
v 2.509551 0.661100 -0.085053
v 2.513304 0.654774 -0.085575
v 2.513511 0.654431 -0.085603
v 2.517291 0.647468 -0.086111
v 2.520909 0.640262 -0.086559
v 2.524131 0.633212 -0.086918
v 2.524311 0.632810 -0.086938
v 2.527524 0.625035 -0.087268
v 2.530548 0.616985 -0.087532
v 2.532609 0.611005 -0.087679
v 2.533392 0.608702 -0.087741
v 2.536461 0.598950 -0.087932
v 2.528937 0.583808 -0.085106
v 2.528757 0.583451 -0.085043
v 2.547198 0.585796 -0.089882
v 2.545470 0.588749 -0.089611
v 2.542356 0.594035 -0.089135
v 2.541006 0.599157 -0.089101
v 2.539728 0.603490 -0.089039
v 2.538405 0.607472 -0.088942
v 2.537046 0.611153 -0.088817
v 2.537019 0.611216 -0.088813
v 2.535039 0.615871 -0.088603
v 2.540430 0.627158 -0.090676
v 2.528847 0.631930 -0.088033
v 2.528280 0.633649 -0.087998
v 2.527389 0.636352 -0.087948
v 2.526084 0.639652 -0.087830
v 2.524473 0.643264 -0.087657
v 2.522628 0.647117 -0.087439
v 2.520603 0.651140 -0.087188
v 2.518821 0.654524 -0.086955
v 2.516013 0.659845 -0.086601
v 2.513313 0.664549 -0.086235
v 2.510235 0.669511 -0.085789
v 2.506689 0.674725 -0.085244
v 2.506581 0.674867 -0.085225
v 2.502495 0.680301 -0.084570
v 2.497563 0.686382 -0.083746
v 2.492001 0.692866 -0.082794
v 2.490705 0.694319 -0.082567
v 2.485935 0.699650 -0.081749
v 2.480292 0.705825 -0.080771
v 2.478870 0.708586 -0.080610
v 2.479563 0.711620 -0.081001
v 2.483397 0.719934 -0.082565
v 2.496285 0.747987 -0.087876
v 2.509371 0.776461 -0.093323
v 2.516463 0.791886 -0.096303
v 2.528901 0.801668 -0.100173
v 2.527830 0.801928 -0.099924
v 2.517246 0.804485 -0.097493
v 2.495763 0.816998 -0.093155
v 2.468772 0.832696 -0.087753
v 2.452752 0.841994 -0.084579
v 2.447181 0.851415 -0.084001
v 2.474478 0.697724 -0.078728
v 2.477070 0.698385 -0.079428
v 2.479500 0.707059 -0.080660
v 2.479113 0.710197 -0.080787
v 2.320542 1.127010 -0.081086
v 2.341629 1.111467 -0.084294
v 2.362887 1.095816 -0.087585
v 2.384352 1.079967 -0.090960
v 2.404170 1.065324 -0.094124
v 2.396529 1.054371 -0.091134
v 2.369970 1.016211 -0.080778
v 2.346435 1.033626 -0.076958
v 2.325267 1.049268 -0.073570
v 2.304297 1.064739 -0.070265
v 2.283525 1.080039 -0.067042
v 2.262933 1.095222 -0.063901
v 2.242530 1.110243 -0.060838
v 2.237463 1.113960 -0.060088
v 2.263536 1.151508 -0.070594
v 2.271564 1.163019 -0.073840
v 2.278944 1.157610 -0.074909
v 2.299653 1.142382 -0.077958
v 2.351574 1.112331 -0.086742
v 2.372967 1.096572 -0.090060
v 2.394558 1.080642 -0.093462
v 2.407941 1.070742 -0.095604
v 2.422674 1.091919 -0.101379
v 2.424321 1.094250 -0.102020
v 2.423403 1.103772 -0.102838
v 2.431872 1.097535 -0.104174
v 2.439459 1.091919 -0.105389
v 2.429802 1.090407 -0.102921
v 2.415150 1.069392 -0.097176
v 2.389500 1.032555 -0.087164
v 2.371248 1.006347 -0.080084
v 2.375577 0.998067 -0.080277
v 2.378538 0.992397 -0.080422
v 2.366946 1.010244 -0.079448
v 2.357352 1.017354 -0.077871
v 2.336112 1.033059 -0.074426
v 2.315061 1.048593 -0.071067
v 2.294217 1.063974 -0.067790
v 2.273580 1.079184 -0.064595
v 2.253105 1.094268 -0.061480
v 2.233683 1.108560 -0.058570
v 2.223891 1.094466 -0.054645
v 2.219427 1.101180 -0.054372
v 2.213109 1.110666 -0.054010
v 2.225223 1.113555 -0.057181
v 2.230398 1.128126 -0.060098
v 2.240676 1.157007 -0.065935
v 2.262411 1.161615 -0.071542
v 2.288529 1.158744 -0.077278
v 2.309355 1.143426 -0.080353
v 2.330370 1.127964 -0.083507
v 2.360286 0.992667 -0.076041
v 2.269917 1.172397 -0.074569
v -0.898668 2.340867 -0.062382
v -1.630008 2.008911 -0.083122
v -1.982682 1.804125 -0.107574
v -2.478645 0.298047 -0.059188
v -2.266290 -1.260015 -0.084174
v -1.946052 -1.675266 -0.077520
v -1.978488 -1.672611 -0.083524
v -1.960848 -1.666131 -0.078907
v -1.938114 -1.668084 -0.074724
v -1.935225 -1.667472 -0.074045
v -1.931976 -1.665690 -0.073096
v -1.746108 -1.903497 -0.081472
v -0.589500 -2.488848 -0.074741
v -0.050490 -2.639013 -0.096124
v 0.116685 -2.587983 -0.083345
v 0.185637 -2.590260 -0.084987
v 0.670950 -2.435118 -0.066423
v 1.087452 -2.321907 -0.076406
v 2.544300 -0.126213 -0.072440
v 0.688373 2.422812 -0.065339
v 0.690324 2.422218 -0.065327
v 0.700189 2.419203 -0.065287
v 0.710698 2.415990 -0.065245
v 0.712336 2.415657 -0.065282
v 0.721450 2.413812 -0.065504
v 0.732215 2.411634 -0.065765
v 0.735081 2.411328 -0.065905
v 0.743211 2.410455 -0.066315
v 0.754217 2.409267 -0.066869
v 0.758514 2.409186 -0.067183
v 0.765442 2.409042 -0.067699
v 0.776674 2.408808 -0.068534
v 0.782687 2.409177 -0.069105
v 0.788116 2.409501 -0.069631
v 0.799600 2.410185 -0.070739
v 0.807798 2.411418 -0.071718
v 0.811338 2.411967 -0.072152
v 0.823100 2.413731 -0.073578
v 0.833990 2.416431 -0.075162
v 0.835140 2.416710 -0.075333
v 0.847164 2.419662 -0.077099
v 0.859458 2.423685 -0.079151
v 0.861396 2.424333 -0.079482
v 0.871695 2.427699 -0.081224
v 0.884194 2.432649 -0.083546
v 0.890039 2.434980 -0.084639
v 0.896642 2.437590 -0.085881
v 0.909315 2.443332 -0.088438
v 0.919953 2.448165 -0.090591
v 0.923193 2.449632 -0.091254
v 0.939240 2.478999 -0.099924
v 0.945306 2.466552 -0.097439
v 0.955746 2.445177 -0.093217
v 0.937584 2.443476 -0.091079
v 0.925047 2.442279 -0.089628
v 0.908190 2.434989 -0.086284
v 0.898061 2.430579 -0.084289
v 0.885173 2.425710 -0.081927
v 0.879457 2.423541 -0.080882
v 0.872334 2.420832 -0.079588
v 0.859756 2.416908 -0.077511
v 0.852016 2.414487 -0.076235
v 0.847231 2.412975 -0.075453
v 0.835008 2.410122 -0.073696
v 0.825863 2.407989 -0.072385
v 0.822846 2.407278 -0.071956
v 0.811024 2.405622 -0.070555
v 0.801012 2.404209 -0.069368
v 0.799222 2.403957 -0.069162
v 0.787721 2.403381 -0.068078
v 0.777128 2.402841 -0.067081
v 0.776222 2.402787 -0.066997
v 0.764971 2.403102 -0.066181
v 0.754006 2.403408 -0.065387
v 0.753761 2.403408 -0.065369
v 0.742810 2.404659 -0.064835
v 0.721255 2.408115 -0.064062
v 0.710380 2.410419 -0.063822
v 0.700324 2.413569 -0.063883
v 0.688638 2.417241 -0.063954
v 0.686572 2.416818 -0.063700
v 0.674573 2.442990 -0.069443
v 0.662950 2.411967 -0.060817
v 0.732384 2.405793 -0.064314
f 81 83 82
f 83 77 84
f 83 78 77
f 83 79 78
f 83 80 79
f 83 81 80
f 89 88 87
f 89 87 90
f 85 76 86
f 86 76 75
f 86 75 87
f 87 75 90
f 95 83 100
f 83 99 82
f 83 98 99
f 83 97 98
f 83 96 97
f 83 95 96
f 104 105 103
f 103 105 106
f 94 101 102
f 94 102 93
f 93 102 103
f 93 103 106
f 107 46 45
f 107 47 46
f 107 48 47
f 107 49 48
f 107 50 49
f 107 51 50
f 107 52 51
f 107 53 52
f 107 54 53
f 107 55 54
f 107 56 55
f 107 57 56
f 107 58 57
f 107 59 58
f 107 60 59
f 107 61 60
f 107 62 61
f 107 63 62
f 107 64 63
f 107 65 64
f 107 66 65
f 107 67 66
f 107 68 67
f 107 69 68
f 107 70 69
f 107 71 70
f 107 72 71
f 107 1 72
f 107 2 1
f 107 3 2
f 107 4 3
f 107 5 4
f 107 6 5
f 107 7 6
f 107 8 7
f 107 9 8
f 107 10 9
f 107 11 10
f 107 12 11
f 107 13 12
f 107 14 13
f 107 15 14
f 107 16 15
f 107 17 16
f 107 18 17
f 107 19 18
f 107 20 19
f 107 21 20
f 107 22 21
f 107 23 22
f 107 24 23
f 107 25 24
f 107 26 25
f 107 27 26
f 107 28 27
f 107 29 28
f 107 30 29
f 107 31 30
f 107 32 31
f 107 33 32
f 107 34 33
f 107 35 34
f 107 36 35
f 107 37 36
f 107 38 37
f 107 39 38
f 107 40 39
f 107 41 40
f 107 42 41
f 107 43 42
f 107 44 43
f 107 45 44
f 120 148 147
f 120 149 148
f 149 119 118
f 149 120 119
f 123 145 124
f 123 146 145
f 123 147 146
f 147 121 120
f 121 123 122
f 121 147 123
f 138 127 139
f 138 128 127
f 138 129 128
f 138 137 129
f 127 140 139
f 141 144 142
f 141 145 144
f 145 125 124
f 126 140 127
f 126 141 140
f 141 125 145
f 141 126 125
f 144 143 142
f 111 152 112
f 152 108 153
f 152 109 108
f 152 110 109
f 152 111 110
f 134 133 132
f 116 117 154
f 116 151 117
f 116 152 151
f 152 113 112
f 152 114 113
f 152 115 114
f 152 116 115
f 117 149 118
f 117 150 149
f 117 151 150
f 137 131 130
f 137 132 131
f 132 135 134
f 132 136 135
f 132 137 136
f 137 130 129
f 215 213 214
f 215 191 213
f 215 190 191
f 215 189 190
f 215 188 189
f 215 187 188
f 215 216 187
f 244 155 243
f 184 220 183
f 184 219 220
f 184 218 219
f 184 217 218
f 184 216 217
f 216 186 187
f 216 185 186
f 216 184 185
f 204 201 203
f 204 200 201
f 204 199 200
f 204 206 199
f 204 205 206
f 2624 248 247
f 208 206 207
f 208 199 206
f 208 198 199
f 208 197 198
f 208 196 197
f 208 195 196
f 208 209 195
f 245 248 249
f 245 247 248
f 245 246 247
f 192 213 191
f 192 212 213
f 192 211 212
f 192 210 211
f 192 209 210
f 209 194 195
f 209 193 194
f 209 192 193
f 249 250 245
f 203 201 202
f 177 225 176
f 177 224 225
f 177 223 224
f 177 222 223
f 177 221 222
f 177 220 221
f 220 182 183
f 220 181 182
f 220 180 181
f 220 179 180
f 220 178 179
f 220 177 178
f 155 242 243
f 155 241 242
f 237 235 236
f 230 228 229
f 230 227 228
f 230 226 227
f 230 225 226
f 230 176 225
f 230 175 176
f 230 174 175
f 230 173 174
f 230 172 173
f 230 171 172
f 230 170 171
f 230 169 170
f 230 168 169
f 230 167 168
f 230 166 167
f 230 165 166
f 230 164 165
f 230 163 164
f 230 162 163
f 230 161 162
f 161 159 160
f 161 158 159
f 161 157 158
f 161 156 157
f 156 241 155
f 156 240 241
f 156 239 240
f 156 238 239
f 156 237 238
f 156 235 237
f 156 234 235
f 156 233 234
f 231 161 230
f 161 233 156
f 161 232 233
f 161 231 232
f 303 274 302
f 303 273 274
f 273 271 272
f 273 304 271
f 273 303 304
f 271 269 270
f 267 307 266
f 267 306 307
f 267 305 306
f 267 304 305
f 304 269 271
f 304 268 269
f 304 267 268
f 263 310 262
f 263 309 310
f 263 308 309
f 263 307 308
f 307 265 266
f 307 264 265
f 307 263 264
f 259 314 258
f 259 313 314
f 259 312 313
f 259 311 312
f 259 310 311
f 310 261 262
f 310 260 261
f 310 259 260
f 255 319 254
f 255 318 319
f 255 317 318
f 317 315 316
f 317 314 315
f 317 258 314
f 317 257 258
f 317 256 257
f 317 255 256
f 252 321 251
f 252 320 321
f 252 253 320
f 251 323 324
f 251 322 323
f 251 321 322
f 286 287 288
f 284 290 283
f 284 289 290
f 284 288 289
f 284 286 288
f 284 285 286
f 281 293 280
f 281 292 293
f 281 291 292
f 281 282 291
f 279 294 278
f 279 293 294
f 279 280 293
f 298 295 297
f 298 294 295
f 298 278 294
f 298 277 278
f 298 299 277
f 277 275 276
f 277 301 275
f 277 300 301
f 277 299 300
f 295 296 297
f 337 339 338
f 337 506 339
f 337 415 506
f 337 416 415
f 337 417 416
f 326 325 331
f 490 492 491
f 490 493 492
f 490 495 493
f 489 418 488
f 413 415 414
f 415 340 506
f 415 341 340
f 415 342 341
f 415 343 342
f 415 344 343
f 415 345 344
f 415 346 345
f 415 347 346
f 415 348 347
f 415 349 348
f 415 350 349
f 415 351 350
f 415 408 351
f 415 409 408
f 415 410 409
f 415 411 410
f 415 412 411
f 415 413 412
f 494 493 495
f 429 427 428
f 429 426 427
f 429 430 426
f 453 451 452
f 453 442 451
f 453 441 442
f 453 440 441
f 453 439 440
f 453 438 439
f 453 437 438
f 453 436 437
f 453 457 436
f 453 456 457
f 453 455 456
f 453 454 455
f 448 446 447
f 448 445 446
f 448 444 445
f 448 443 444
f 448 442 443
f 448 451 442
f 448 450 451
f 448 449 450
f 333 332 336
f 465 422 464
f 465 421 422
f 421 466 467
f 421 465 466
f 335 334 333
f 328 330 329
f 328 331 330
f 328 326 331
f 328 327 326
f 333 336 335
f 425 462 424
f 425 461 462
f 425 498 461
f 425 460 498
f 425 497 460
f 425 459 497
f 425 496 459
f 425 458 496
f 425 457 458
f 425 436 457
f 425 435 436
f 425 434 435
f 425 433 434
f 425 432 433
f 425 431 432
f 425 430 431
f 425 426 430
f 420 418 419
f 420 488 418
f 420 487 488
f 420 486 487
f 420 485 486
f 420 484 485
f 420 483 484
f 479 477 478
f 479 476 477
f 479 475 476
f 479 474 475
f 479 473 474
f 479 472 473
f 479 471 472
f 479 470 471
f 501 421 467
f 501 420 421
f 480 470 479
f 468 420 501
f 481 470 480
f 481 500 470
f 499 420 468
f 482 500 481
f 469 420 499
f 483 500 482
f 500 420 469
f 500 483 420
f 364 403 365
f 364 404 403
f 364 502 404
f 364 405 502
f 364 503 405
f 364 406 503
f 364 407 406
f 364 408 407
f 364 351 408
f 364 352 351
f 364 353 352
f 364 354 353
f 364 355 354
f 364 356 355
f 364 357 356
f 364 358 357
f 364 359 358
f 364 360 359
f 364 363 360
f 534 510 535
f 534 511 510
f 511 530 512
f 511 531 530
f 511 532 531
f 511 533 532
f 511 534 533
f 539 510 509
f 510 536 535
f 510 537 536
f 510 538 537
f 510 539 538
f 543 509 508
f 509 540 539
f 509 541 540
f 509 542 541
f 509 543 542
f 508 507 543
f 527 526 525
f 525 528 527
f 528 522 521
f 528 523 522
f 528 524 523
f 528 525 524
f 521 529 528
f 529 518 517
f 529 519 518
f 529 520 519
f 529 521 520
f 517 530 529
f 517 512 530
f 512 514 513
f 512 515 514
f 512 516 515
f 512 517 516
f 558 576 559
f 558 575 576
f 558 574 575
f 574 554 553
f 574 555 554
f 574 556 555
f 574 557 556
f 574 558 557
f 581 578 580
f 581 577 578
f 577 561 560
f 577 562 561
f 565 582 566
f 565 581 582
f 581 562 577
f 581 563 562
f 581 564 563
f 581 565 564
f 584 571 570
f 569 546 568
f 569 547 546
f 569 548 547
f 569 549 548
f 569 550 549
f 569 551 550
f 551 573 552
f 551 572 573
f 551 569 572
f 603 604 602
f 585 618 619
f 585 587 618
f 586 587 585
f 601 602 604
f 663 741 740
f 663 742 741
f 663 743 742
f 663 744 743
f 663 745 744
f 663 746 745
f 663 747 746
f 663 748 747
f 663 749 748
f 749 661 750
f 749 662 661
f 749 663 662
f 679 711 710
f 711 671 670
f 711 672 671
f 711 673 672
f 711 674 673
f 711 675 674
f 711 676 675
f 711 677 676
f 711 678 677
f 711 679 678
f 685 710 763
f 710 680 679
f 710 681 680
f 710 682 681
f 710 683 682
f 710 684 683
f 710 685 684
f 717 2620 718
f 717 720 2620
f 717 721 720
f 717 716 721
f 689 686 690
f 689 687 686
f 689 688 687
f 2620 719 718
f 634 636 635
f 634 637 636
f 634 638 637
f 634 639 638
f 639 632 631
f 639 633 632
f 639 634 633
f 646 625 647
f 646 626 625
f 646 627 626
f 646 628 627
f 646 629 628
f 646 630 629
f 646 631 630
f 631 640 639
f 631 641 640
f 631 642 641
f 631 643 642
f 631 644 643
f 631 645 644
f 631 646 645
f 729 731 730
f 729 621 731
f 729 622 621
f 622 733 761
f 733 727 734
f 733 728 727
f 728 622 729
f 728 733 622
f 760 650 761
f 760 651 650
f 760 652 651
f 760 653 652
f 760 654 653
f 760 655 654
f 655 758 757
f 655 759 758
f 655 760 759
f 756 655 757
f 756 656 655
f 756 657 656
f 756 658 657
f 756 659 658
f 756 660 659
f 756 661 660
f 661 751 750
f 661 752 751
f 661 753 752
f 661 754 753
f 661 755 754
f 661 756 755
f 650 622 761
f 707 686 708
f 707 690 686
f 707 691 690
f 707 692 691
f 707 693 692
f 707 694 693
f 707 695 694
f 697 701 698
f 697 702 701
f 697 703 702
f 706 695 707
f 706 696 695
f 696 703 697
f 696 704 703
f 696 705 704
f 696 706 705
f 713 724 725
f 713 725 726
f 713 726 735
f 713 735 736
f 713 736 737
f 713 737 738
f 713 738 712
f 669 711 670
f 669 712 711
f 669 738 712
f 669 739 738
f 669 740 739
f 669 663 740
f 663 665 664
f 663 666 665
f 663 667 666
f 663 668 667
f 663 669 668
f 785 767 766
f 785 768 767
f 785 769 768
f 769 784 783
f 769 785 784
f 788 787 789
f 777 776 775
f 792 791 793
f 780 773 772
f 773 779 778
f 773 780 779
f 787 793 789
f 778 774 773
f 778 775 774
f 778 777 775
f 786 765 764
f 798 823 799
f 798 824 823
f 798 825 824
f 798 797 825
f 812 817 813
f 812 818 817
f 812 811 818
f 813 2622 814
f 813 815 2622
f 813 816 815
f 813 817 816
f 804 803 805
f 796 827 826
f 796 830 827
f 796 795 830
f 808 820 809
f 807 820 808
f 807 821 820
f 807 801 821
f 852 871 853
f 852 872 871
f 852 834 872
f 852 835 834
f 852 836 835
f 852 851 836
f 847 846 845
f 850 838 837
f 838 841 840
f 841 844 842
f 841 845 844
f 841 847 845
f 841 848 847
f 841 849 848
f 849 838 850
f 849 841 838
f 840 839 838
f 860 859 861
f 869 854 870
f 869 855 854
f 869 856 855
f 869 868 856
f 873 833 832
f 843 842 844
f 864 863 862
f 859 862 861
f 859 864 862
f 859 858 864
f 887 879 888
f 887 880 879
f 887 881 880
f 887 885 881
f 887 886 885
f 875 874 912
f 884 883 882
f 2621 918 913
f 900 899 898
f 906 892 907
f 892 904 893
f 892 905 904
f 892 906 905
f 908 876 909
f 908 877 876
f 877 889 878
f 877 890 889
f 877 891 890
f 877 892 891
f 877 907 892
f 877 908 907
f 912 876 875
f 912 909 876
f 912 910 909
f 912 911 910
f 897 900 898
f 897 901 900
f 901 895 902
f 901 896 895
f 901 897 896
f 974 977 976
f 974 958 977
f 958 960 959
f 960 972 961
f 960 973 972
f 973 958 974
f 973 960 958
f 957 977 958
f 957 978 977
f 957 979 978
f 979 981 980
f 979 957 981
f 956 981 957
f 981 983 982
f 981 956 983
f 964 970 969
f 970 962 971
f 970 963 962
f 970 964 963
f 968 964 969
f 968 965 964
f 968 967 965
f 976 975 974
f 936 965 937
f 937 966 938
f 996 995 997
f 988 991 990
f 988 986 991
f 988 987 986
f 990 989 988
f 1084 1024 1085
f 1084 1025 1024
f 1025 1027 1026
f 1025 1073 1027
f 1025 1074 1073
f 1025 1075 1074
f 1025 1076 1075
f 1025 1077 1076
f 1025 1078 1077
f 1025 1079 1078
f 1025 1080 1079
f 1025 1081 1080
f 1025 1082 1081
f 1025 1083 1082
f 1025 1084 1083
f 1022 1021 1020
f 1000 999 1148
f 1125 1007 1006
f 1007 1120 1119
f 1007 1121 1120
f 1007 1122 1121
f 1007 1123 1122
f 1007 1124 1123
f 1007 1125 1124
f 1146 1148 1147
f 1146 1000 1148
f 1146 1001 1000
f 1146 1002 1001
f 1146 1145 1002
f 1129 1005 1130
f 1129 1006 1005
f 1006 1126 1125
f 1006 1127 1126
f 1006 1128 1127
f 1006 1129 1128
f 1144 1002 1145
f 1144 1003 1002
f 1144 1004 1003
f 1004 1130 1005
f 1004 1131 1130
f 1004 1132 1131
f 1004 1149 1132
f 1004 1133 1149
f 1004 1134 1133
f 1004 1135 1134
f 1004 1136 1135
f 1004 1137 1136
f 1004 1138 1137
f 1004 1139 1138
f 1004 1140 1139
f 1004 1141 1140
f 1004 1142 1141
f 1142 1144 1143
f 1142 1004 1144
f 1028 1063 1029
f 1028 1064 1063
f 1028 1065 1064
f 1028 1066 1065
f 1028 1067 1066
f 1028 1068 1067
f 1028 1069 1068
f 1028 1070 1069
f 1028 1071 1070
f 1028 1072 1071
f 1028 1073 1072
f 1028 1027 1073
f 1058 1054 1059
f 1058 1056 1054
f 1058 1057 1056
f 1055 1054 1056
f 1042 1032 1031
f 1042 1033 1032
f 1042 1034 1033
f 1042 1035 1034
f 1042 1036 1035
f 1042 1037 1036
f 1042 1038 1037
f 1042 1039 1038
f 1042 1040 1039
f 1042 1041 1040
f 1060 1031 1061
f 1051 1053 1052
f 1053 1059 1054
f 1053 1060 1059
f 1053 1031 1060
f 1053 1042 1031
f 1042 1044 1043
f 1042 1045 1044
f 1042 1046 1045
f 1042 1047 1046
f 1050 1053 1051
f 1053 1047 1042
f 1053 1048 1047
f 1053 1049 1048
f 1053 1050 1049
f 1094 1016 1095
f 1094 1017 1016
f 1094 1018 1017
f 1094 1019 1018
f 1019 1022 1020
f 1019 1023 1022
f 1019 1024 1023
f 1019 1085 1024
f 1019 1086 1085
f 1019 1087 1086
f 1019 1088 1087
f 1019 1089 1088
f 1019 1090 1089
f 1019 1091 1090
f 1019 1092 1091
f 1019 1093 1092
f 1019 1094 1093
f 1008 1009 1010
f 1008 1010 1011
f 1008 1011 1012
f 1008 1012 1013
f 1008 1013 1014
f 1008 1014 1015
f 1008 1015 1016
f 1008 1016 1095
f 1008 1095 1096
f 1008 1096 1097
f 1008 1097 1098
f 1008 1098 1099
f 1008 1099 1100
f 1008 1100 1101
f 1008 1101 1102
f 1008 1102 1103
f 1008 1103 1104
f 1008 1104 1105
f 1008 1105 1106
f 1008 1106 1107
f 1008 1107 1108
f 1008 1108 1109
f 1008 1109 1110
f 1008 1110 1111
f 1008 1111 1112
f 1008 1112 1113
f 1008 1113 1114
f 1008 1114 1115
f 1008 1115 1116
f 1008 1116 1117
f 1008 1117 1118
f 1008 1118 1119
f 1008 1119 1007
f 1198 1188 1199
f 1198 1189 1188
f 1198 1190 1189
f 1198 1191 1190
f 1198 2623 1191
f 1198 1193 2623
f 1193 1195 1194
f 1193 1196 1195
f 1193 1197 1196
f 1193 1198 1197
f 1205 1183 1206
f 1205 1184 1183
f 1205 1185 1184
f 1205 1186 1185
f 1205 1187 1186
f 1205 1188 1187
f 1188 1200 1199
f 1188 1201 1200
f 1188 1202 1201
f 1188 1203 1202
f 1188 1204 1203
f 1188 1205 1204
f 1232 1152 1233
f 1232 1153 1152
f 1232 1154 1153
f 1232 1155 1154
f 1155 1226 1225
f 1155 1227 1226
f 1155 1228 1227
f 1155 1229 1228
f 1155 1230 1229
f 1155 1231 1230
f 1155 1232 1231
f 1213 1178 1214
f 1213 1179 1178
f 1213 1180 1179
f 1213 1181 1180
f 1181 1183 1182
f 1181 1206 1183
f 1181 1207 1206
f 1181 1208 1207
f 1181 1209 1208
f 1181 1210 1209
f 1181 1211 1210
f 1181 1212 1211
f 1181 1213 1212
f 1224 1155 1225
f 1224 1156 1155
f 1224 1157 1156
f 1224 1158 1157
f 1224 1159 1158
f 1224 1160 1159
f 1224 1161 1160
f 1224 1162 1161
f 1224 1163 1162
f 1224 1170 1163
f 1170 1172 1171
f 1170 1173 1172
f 1170 1174 1173
f 1170 1175 1174
f 1170 1176 1175
f 1170 1177 1176
f 1170 1178 1177
f 1170 1214 1178
f 1170 1215 1214
f 1170 1216 1215
f 1170 1217 1216
f 1170 1218 1217
f 1170 1219 1218
f 1170 1220 1219
f 1170 1221 1220
f 1170 1222 1221
f 1170 1223 1222
f 1170 1224 1223
f 1169 1163 1170
f 1169 1164 1163
f 1169 1165 1164
f 1169 1166 1165
f 1169 1167 1166
f 1169 1168 1167
f 1236 1235 1243
f 1237 1242 1238
f 1237 1243 1242
f 1237 1236 1243
f 1240 1239 1241
f 1192 2623 1193
f 1151 1150 1234
f 1261 1264 1265
f 1261 1263 1264
f 1261 1262 1263
f 1245 1244 1260
f 1253 1252 1254
f 1251 1256 1255
f 1256 1250 1249
f 1256 1251 1250
f 1248 1247 1246
f 1260 1246 1245
f 1246 1259 1248
f 1246 1260 1259
f 1258 1248 1259
f 1258 1249 1248
f 1258 1256 1249
f 1258 1257 1256
f 1266 1268 1267
f 1266 1345 1268
f 1266 1346 1345
f 1266 1347 1346
f 1266 1299 1347
f 1266 1300 1299
f 1266 1298 1300
f 1329 2627 2626
f 1329 1275 2627
f 1329 1276 1275
f 1329 1328 1276
f 1344 1268 1345
f 1344 1269 1268
f 1344 1270 1269
f 1344 1271 1270
f 1271 1342 1341
f 1271 1343 1342
f 1271 1344 1343
f 1334 1333 1331
f 1318 1317 1316
f 1316 1319 1318
f 1319 1314 1313
f 1319 1315 1314
f 1319 1316 1315
f 1312 1319 1313
f 1319 1281 1320
f 1319 1282 1281
f 1319 1283 1282
f 1286 1310 1287
f 1286 1311 1310
f 1286 1312 1311
f 1312 1283 1319
f 1312 1284 1283
f 1312 1285 1284
f 1312 1286 1285
f 1323 1280 1324
f 1280 1320 1281
f 1280 1321 1320
f 1280 1322 1321
f 1280 1323 1322
f 1309 1287 1310
f 1309 1288 1287
f 1309 1289 1288
f 1309 1290 1289
f 1309 1291 1290
f 1291 1308 1307
f 1291 1309 1308
f 1279 1325 1280
f 1279 1326 1325
f 1279 1278 1326
f 1294 1304 1295
f 1294 1305 1304
f 1294 1306 1305
f 1294 1307 1306
f 1294 1291 1307
f 1294 1292 1291
f 1294 1293 1292
f 1296 1298 1297
f 1296 1300 1298
f 1296 1301 1300
f 1296 1302 1301
f 1296 1303 1302
f 1296 1304 1303
f 1296 1295 1304
f 1331 1333 1332
f 1324 1280 1325
f 1386 1361 1360
f 1362 1384 1363
f 1362 1385 1384
f 1385 1361 1386
f 1385 1362 1361
f 1365 1381 1366
f 1365 1382 1381
f 1365 1383 1382
f 1365 1364 1383
f 1368 1379 1369
f 1368 1380 1379
f 1368 1367 1380
f 1371 1377 1376
f 1377 1379 1378
f 1377 1369 1379
f 1377 1370 1369
f 1377 1371 1370
f 1349 1348 1404
f 1351 1402 1352
f 1351 1403 1402
f 1351 1350 1403
f 1401 1352 1402
f 1401 1353 1352
f 1401 1355 1353
f 1401 1356 1355
f 1401 1357 1356
f 1401 1400 1357
f 1400 1358 1357
f 1358 1399 1398
f 1358 1400 1399
f 1389 1393 1392
f 1393 1397 1396
f 1397 1358 1398
f 1397 1359 1358
f 1397 1360 1359
f 1397 1386 1360
f 1397 1387 1386
f 1397 1388 1387
f 1388 1393 1389
f 1388 1397 1393
f 1355 1354 1353
f 1494 1435 1493
f 1494 1434 1435
f 1434 1496 1497
f 1434 1495 1496
f 1434 1494 1495
f 1522 1409 1521
f 1522 1408 1409
f 1522 1407 1408
f 1522 1406 1407
f 1406 1529 1405
f 1406 1528 1529
f 1406 1527 1528
f 1406 1526 1527
f 1406 1525 1526
f 1406 1524 1525
f 1406 1523 1524
f 1406 1522 1523
f 1409 1520 1521
f 1520 1414 1415
f 1520 1413 1414
f 1412 1410 1411
f 1412 1409 1410
f 1409 1413 1520
f 1409 1412 1413
f 1465 1470 1464
f 1465 1469 1470
f 1465 1468 1469
f 1465 1467 1468
f 1465 1466 1467
f 1457 1477 1456
f 1457 1476 1477
f 1457 1475 1476
f 1457 1474 1475
f 1457 1473 1474
f 1457 1472 1473
f 1457 1471 1472
f 1457 1470 1471
f 1457 1464 1470
f 1457 1463 1464
f 1457 1462 1463
f 1457 1461 1462
f 1461 1459 1460
f 1461 1458 1459
f 1461 1457 1458
f 1446 1477 1478
f 1477 1455 1456
f 1477 1454 1455
f 1477 1453 1454
f 1477 1452 1453
f 1477 1451 1452
f 1477 1450 1451
f 1477 1449 1450
f 1477 1448 1449
f 1477 1447 1448
f 1477 1446 1447
f 1479 1446 1478
f 1479 1445 1446
f 1479 1444 1445
f 1479 1443 1444
f 1479 1442 1443
f 1479 1441 1442
f 1479 1440 1441
f 1479 1439 1440
f 1479 1438 1439
f 1479 1437 1438
f 1437 1489 1436
f 1437 1488 1489
f 1437 1487 1488
f 1437 1486 1487
f 1437 1485 1486
f 1437 1484 1485
f 1437 1483 1484
f 1437 1482 1483
f 1437 1481 1482
f 1437 1480 1481
f 1437 1479 1480
f 1490 1436 1489
f 1490 1435 1436
f 1435 1492 1493
f 1435 1491 1492
f 1435 1490 1491
f 1497 1433 1434
f 1433 1504 1505
f 1433 1503 1504
f 1433 1502 1503
f 1433 1501 1502
f 1433 1500 1501
f 1433 1499 1500
f 1433 1498 1499
f 1433 1497 1498
f 1420 1430 1419
f 1430 1427 1429
f 1430 1426 1427
f 1430 1425 1426
f 1430 1424 1425
f 1430 1423 1424
f 1430 1422 1423
f 1430 1421 1422
f 1430 1420 1421
f 1506 1433 1505
f 1433 1513 1432
f 1433 1512 1513
f 1433 1533 1512
f 1433 1511 1533
f 1433 1532 1511
f 1433 1510 1532
f 1433 1531 1510
f 1433 1509 1531
f 1433 1508 1509
f 1433 1507 1508
f 1433 1506 1507
f 1431 1419 1430
f 1431 1418 1419
f 1431 1417 1418
f 1416 1520 1415
f 1416 1519 1520
f 1416 1518 1519
f 1416 1538 1518
f 1534 1432 1513
f 1534 1431 1432
f 1417 1538 1416
f 1514 1431 1534
f 1431 1538 1417
f 1431 1517 1538
f 1431 1537 1517
f 1431 1516 1537
f 1431 1536 1516
f 1431 1515 1536
f 1431 1535 1515
f 1431 1514 1535
f 1569 1568 1567
f 1588 2631 1587
f 1588 1549 2631
f 1588 1589 1549
f 1570 1602 1571
f 1570 1601 1602
f 1570 1600 1601
f 1570 1599 1600
f 1596 1555 1595
f 1596 1556 1555
f 1596 1557 1556
f 1596 1558 1557
f 1596 1559 1558
f 1596 1560 1559
f 1596 1561 1560
f 1562 1564 1563
f 1562 1565 1564
f 1566 1569 1567
f 1566 1570 1569
f 1566 1599 1570
f 1566 1598 1599
f 1566 1597 1598
f 1566 1596 1597
f 1566 1561 1596
f 1561 1565 1562
f 1561 1566 1565
f 1572 1604 1573
f 1572 1603 1604
f 1572 1602 1603
f 1572 1571 1602
f 1554 1555 1595
f 1554 1595 1594
f 1554 1594 1593
f 1554 1593 1553
f 1582 1545 1581
f 1582 1546 1545
f 1546 1585 1547
f 1546 1584 1585
f 1546 1583 1584
f 1546 1582 1583
f 1606 1608 1607
f 1606 1609 1608
f 1606 1633 1609
f 1624 1614 1625
f 1624 1615 1614
f 1624 1623 1615
f 1628 1627 1629
f 1621 1616 1622
f 1675 1669 1670
f 1669 1676 1677
f 1669 1675 1676
f 1690 1642 1689
f 1690 1641 1642
f 1640 1679 1639
f 1640 1678 1679
f 1678 1669 1677
f 1678 1668 1669
f 1678 1667 1668
f 1667 1641 1690
f 1667 1640 1641
f 1667 1678 1640
f 1656 1654 1655
f 1656 1658 1654
f 1656 1657 1658
f 1642 1666 1689
f 1666 1644 1665
f 1666 1643 1644
f 1666 1642 1643
f 1660 1658 1659
f 1654 1652 1653
f 1654 1651 1652
f 1651 1660 1650
f 1651 1658 1660
f 1651 1654 1658
f 1645 1665 1644
f 1645 1664 1665
f 1645 1663 1664
f 1645 1662 1663
f 1660 1649 1650
f 1660 1648 1649
f 1646 1662 1645
f 1661 1648 1660
f 1648 1662 1646
f 1648 1661 1662
f 1646 1647 1648
f 1687 1685 1686
f 1635 1685 1634
f 1635 1684 1685
f 1635 1683 1684
f 1671 1675 1670
f 1671 1674 1675
f 1671 1672 1674
f 1671 1688 1672
f 1674 1672 1673
f 1687 1634 1685
f 1740 1715 1739
f 1740 1714 1715
f 1714 1695 1713
f 1714 1694 1695
f 1714 1693 1694
f 1714 1741 1693
f 1714 1740 1741
f 2632 1733 1717
f 2632 1732 1733
f 2632 1731 1732
f 1716 1739 1715
f 1716 1738 1739
f 1716 1737 1738
f 1716 1735 1737
f 1716 1734 1735
f 1716 1733 1734
f 1716 1717 1733
f 1742 1691 1692
f 1691 1743 1744
f 1691 1742 1743
f 1735 1736 1737
f 1725 1747 1724
f 1725 1723 1747
f 1725 1722 1723
f 1725 1726 1722
f 1707 1704 1706
f 1707 1703 1704
f 1707 1708 1703
f 1721 1728 1720
f 1721 1727 1728
f 1721 1726 1727
f 1721 1722 1726
f 1709 1703 1708
f 1709 1702 1703
f 1709 1701 1702
f 1709 1710 1701
f 1696 1711 1712
f 1711 1699 1700
f 1699 1697 1698
f 1697 1711 1696
f 1697 1699 1711
f 1706 1704 1705
f 1784 1756 1783
f 1784 1755 1756
f 1784 1785 1755
f 1750 1748 1749
f 1750 1791 1748
f 1750 1790 1791
f 1750 1789 1790
f 1750 1751 1789
f 1791 2633 1748
f 1775 1773 1774
f 1775 1772 1773
f 1775 1771 1772
f 1775 1770 1771
f 1775 1769 1770
f 1775 1768 1769
f 1775 1767 1768
f 1775 1766 1767
f 1765 1763 1764
f 1763 1766 1775
f 1763 1765 1766
f 1780 1759 1779
f 1780 1758 1759
f 1758 1781 1757
f 1758 1780 1781
f 1781 1756 1757
f 1781 1783 1756
f 1781 1782 1783
f 1870 1833 1871
f 1870 1834 1833
f 1870 1835 1834
f 1870 1836 1835
f 1836 1869 1868
f 1836 1870 1869
f 1873 1830 1874
f 1873 1831 1830
f 1873 1832 1831
f 1873 1833 1832
f 1833 1872 1871
f 1833 1873 1872
f 1877 1827 1878
f 1877 1828 1827
f 1877 1829 1828
f 1877 1830 1829
f 1830 1875 1874
f 1830 1876 1875
f 1830 1877 1876
f 1826 1878 1827
f 1826 1879 1878
f 1826 1880 1879
f 1826 1881 1880
f 1826 1882 1881
f 1882 1824 1823
f 1882 1825 1824
f 1882 1826 1825
f 1851 1850 1849
f 1852 2634 1853
f 1852 1849 2634
f 1852 1851 1849
f 1848 1853 2634
f 1848 1854 1853
f 1848 1855 1854
f 1848 1856 1855
f 1856 1847 1846
f 1856 1848 1847
f 1844 1846 1845
f 1844 1856 1846
f 1844 1857 1856
f 1844 1858 1857
f 1844 1859 1858
f 1844 1860 1859
f 1844 1843 1860
f 1804 1795 1794
f 1804 1796 1795
f 1804 1797 1796
f 1804 1798 1797
f 1804 1799 1798
f 1804 1800 1799
f 1804 1801 1800
f 1804 1802 1801
f 1804 1912 1802
f 1804 1803 1912
f 1911 1804 1792
f 1911 1805 1804
f 1805 1909 1908
f 1805 1910 1909
f 1805 1911 1910
f 1907 1805 1908
f 1907 1806 1805
f 1907 1807 1806
f 1907 1808 1807
f 1808 1905 1904
f 1808 1906 1905
f 1808 1907 1906
f 1903 1808 1904
f 1903 1809 1808
f 1903 1810 1809
f 1903 1811 1810
f 1903 1812 1811
f 1812 1902 1901
f 1812 1903 1902
f 1900 1812 1901
f 1900 1813 1812
f 1900 1814 1813
f 1900 1815 1814
f 1900 1816 1815
f 1900 1817 1816
f 1817 1899 1898
f 1817 1900 1899
f 1916 1882 1823
f 1916 1883 1882
f 1916 1884 1883
f 1916 1885 1884
f 1916 1886 1885
f 1916 1887 1886
f 1888 1890 1889
f 1888 1891 1890
f 1888 1892 1891
f 1888 1893 1892
f 1888 1894 1893
f 1897 1817 1898
f 1897 1818 1817
f 1897 1819 1818
f 1897 1913 1819
f 1822 1887 1916
f 1896 1913 1897
f 1896 1820 1913
f 1896 1914 1820
f 1915 1887 1822
f 1895 1914 1896
f 1895 1821 1914
f 1895 1915 1821
f 1894 1915 1895
f 1894 1887 1915
f 1941 1961 1942
f 1941 1962 1961
f 1941 1963 1962
f 1941 1940 1963
f 1943 1959 1944
f 1943 1960 1959
f 1943 1961 1960
f 1943 1942 1961
f 1976 2636 1977
f 1976 1917 2636
f 1976 1918 1917
f 1976 1975 1918
f 1977 2636 1978
f 1958 1946 1945
f 1946 1957 1956
f 1946 1958 1957
f 1948 1952 1949
f 1948 1953 1952
f 1948 1954 1953
f 1948 1947 1954
f 1935 1924 1923
f 1935 1932 1924
f 1935 1933 1932
f 1935 1934 1933
f 1936 1967 1937
f 1936 1968 1967
f 1936 1969 1968
f 1970 1921 1971
f 1970 1922 1921
f 1970 1923 1922
f 1970 1935 1923
f 1935 1969 1936
f 1935 1970 1969
f 1966 1937 1967
f 1966 1938 1937
f 1938 1964 1939
f 1938 1965 1964
f 1938 1966 1965
f 1973 1921 1920
f 1921 1972 1971
f 1921 1973 1972
f 1929 1928 1927
f 1955 1946 1956
f 2007 2009 2008
f 2007 2010 2009
f 2007 2011 2010
f 2007 2028 2011
f 2013 2027 2026
f 2027 2011 2028
f 2027 2012 2011
f 2027 2013 2012
f 2025 2013 2026
f 2025 2014 2013
f 2025 2031 2014
f 2025 2024 2031
f 2016 2024 2023
f 2024 2015 2031
f 2024 2016 2015
f 2022 2016 2023
f 2022 2017 2016
f 2022 2018 2017
f 2022 2020 2018
f 2022 2021 2020
f 2020 2019 2018
f 2004 2006 2005
f 2004 1988 2006
f 2004 1989 1988
f 2004 1990 1989
f 1992 2004 2003
f 2004 1991 1990
f 2004 1992 1991
f 1992 1994 1993
f 1992 2001 1994
f 1992 2002 2001
f 1992 2003 2002
f 1995 2000 1996
f 1995 2001 2000
f 1995 1994 2001
f 1996 1998 1997
f 1996 1999 1998
f 1996 2000 1999
f 2029 1984 1985
f 1983 1984 2029
f 2030 1979 1980
f 2046 2085 2047
f 2046 2086 2085
f 2046 2087 2086
f 2046 2088 2087
f 2046 2089 2088
f 2046 2090 2089
f 2090 2045 2044
f 2090 2046 2045
f 2093 2041 2094
f 2093 2042 2041
f 2093 2043 2042
f 2093 2044 2043
f 2093 2090 2044
f 2093 2091 2090
f 2093 2092 2091
f 2096 2037 2097
f 2096 2038 2037
f 2096 2039 2038
f 2096 2040 2039
f 2096 2041 2040
f 2096 2094 2041
f 2096 2095 2094
f 2032 2034 2033
f 2032 2035 2034
f 2032 2036 2035
f 2032 2098 2036
f 2066 2065 2064
f 2069 2063 2062
f 2069 2064 2063
f 2064 2067 2066
f 2064 2068 2067
f 2064 2069 2068
f 2061 2069 2062
f 2061 2070 2069
f 2061 2071 2070
f 2071 2073 2072
f 2071 2057 2073
f 2071 2058 2057
f 2071 2059 2058
f 2071 2060 2059
f 2071 2061 2060
f 2076 2054 2077
f 2076 2055 2054
f 2076 2056 2055
f 2076 2057 2056
f 2076 2073 2057
f 2076 2074 2073
f 2076 2075 2074
f 2080 2050 2081
f 2080 2051 2050
f 2080 2052 2051
f 2080 2053 2052
f 2080 2054 2053
f 2080 2077 2054
f 2080 2078 2077
f 2080 2079 2078
f 2049 2081 2050
f 2049 2082 2081
f 2049 2083 2082
f 2049 2084 2083
f 2049 2085 2084
f 2085 2048 2047
f 2085 2049 2048
f 2106 2125 2107
f 2106 2126 2125
f 2106 2127 2126
f 2106 2128 2127
f 2128 2104 2103
f 2128 2105 2104
f 2128 2106 2105
f 2102 2128 2103
f 2102 2129 2128
f 2102 2130 2129
f 2130 2100 2131
f 2130 2101 2100
f 2130 2102 2101
f 2136 2135 2134
f 2110 2122 2111
f 2110 2123 2122
f 2110 2124 2123
f 2124 2107 2125
f 2124 2108 2107
f 2124 2109 2108
f 2124 2110 2109
f 2113 2114 2116
f 2113 2116 2117
f 2113 2117 2118
f 2113 2118 2119
f 2113 2119 2120
f 2113 2120 2121
f 2113 2121 2122
f 2122 2111 2112
f 2122 2112 2113
f 2152 2142 2143
f 2142 2153 2154
f 2142 2152 2153
f 2157 2155 2156
f 2157 2154 2155
f 2157 2142 2154
f 2164 2147 2148
f 2146 2150 2145
f 2146 2149 2150
f 2146 2148 2149
f 2146 2164 2148
f 2158 2160 2159
f 2158 2161 2160
f 2158 2163 2161
f 2140 2139 2162
f 2140 2162 2141
f 2233 2235 2234
f 2233 2195 2235
f 2233 2196 2195
f 2233 2197 2196
f 2233 2198 2197
f 2233 2199 2198
f 2233 2231 2199
f 2233 2232 2231
f 2168 2253 2252
f 2253 2167 2166
f 2253 2168 2167
f 2202 2228 2203
f 2202 2229 2228
f 2202 2230 2229
f 2202 2231 2230
f 2231 2200 2199
f 2231 2201 2200
f 2231 2202 2201
f 2254 2165 2255
f 2254 2166 2165
f 2254 2253 2166
f 2206 2224 2207
f 2206 2225 2224
f 2206 2226 2225
f 2206 2227 2226
f 2206 2228 2227
f 2228 2204 2203
f 2228 2205 2204
f 2228 2206 2205
f 2223 2207 2224
f 2223 2208 2207
f 2223 2209 2208
f 2223 2210 2209
f 2223 2211 2210
f 2223 2219 2211
f 2223 2220 2219
f 2223 2221 2220
f 2223 2222 2221
f 2214 2217 2216
f 2214 2218 2217
f 2214 2219 2218
f 2219 2212 2211
f 2219 2213 2212
f 2219 2214 2213
f 2216 2215 2214
f 2184 2186 2185
f 2184 2172 2186
f 2184 2173 2172
f 2184 2174 2173
f 2184 2175 2174
f 2184 2176 2175
f 2184 2177 2176
f 2177 2183 2182
f 2177 2184 2183
f 2194 2235 2195
f 2194 2236 2235
f 2194 2237 2236
f 2194 2238 2237
f 2194 2239 2238
f 2194 2240 2239
f 2194 2241 2240
f 2241 2190 2189
f 2241 2191 2190
f 2241 2192 2191
f 2241 2193 2192
f 2241 2194 2193
f 2186 2188 2187
f 2186 2189 2188
f 2189 2257 2241
f 2189 2242 2257
f 2189 2256 2242
f 2189 2243 2256
f 2189 2258 2243
f 2189 2244 2258
f 2189 2259 2244
f 2189 2245 2259
f 2189 2246 2245
f 2250 2169 2251
f 2250 2170 2169
f 2250 2171 2170
f 2250 2172 2171
f 2186 2246 2189
f 2186 2247 2246
f 2186 2248 2247
f 2249 2172 2250
f 2172 2248 2186
f 2172 2249 2248
f 2339 2276 2275
f 2276 2336 2335
f 2276 2337 2336
f 2276 2338 2337
f 2276 2339 2338
f 2261 2358 2262
f 2261 2359 2358
f 2261 2360 2359
f 2261 2287 2360
f 2261 2288 2287
f 2288 2286 2285
f 2288 2260 2286
f 2288 2261 2260
f 2356 2358 2357
f 2356 2262 2358
f 2356 2263 2262
f 2356 2264 2263
f 2356 2265 2264
f 2356 2266 2265
f 2356 2267 2266
f 2356 2268 2267
f 2356 2353 2268
f 2356 2354 2353
f 2356 2355 2354
f 2348 2350 2349
f 2348 2351 2350
f 2348 2352 2351
f 2348 2353 2352
f 2348 2268 2353
f 2348 2269 2268
f 2348 2270 2269
f 2348 2271 2270
f 2348 2272 2271
f 2273 2340 2274
f 2273 2341 2340
f 2273 2342 2341
f 2273 2347 2342
f 2347 2272 2348
f 2347 2273 2272
f 2345 2347 2346
f 2345 2342 2347
f 2342 2344 2343
f 2342 2345 2344
f 2317 2361 2318
f 2316 2361 2317
f 2316 2319 2361
f 2316 2320 2319
f 2316 2321 2320
f 2321 2314 2313
f 2321 2315 2314
f 2321 2316 2315
f 2295 2294 2296
f 2312 2321 2313
f 2312 2322 2321
f 2312 2323 2322
f 2312 2324 2323
f 2312 2325 2324
f 2325 2309 2308
f 2325 2310 2309
f 2325 2311 2310
f 2325 2312 2311
f 2307 2325 2308
f 2307 2326 2325
f 2307 2327 2326
f 2307 2328 2327
f 2307 2329 2328
f 2307 2330 2329
f 2330 2304 2303
f 2330 2305 2304
f 2330 2306 2305
f 2330 2307 2306
f 2276 2297 2277
f 2276 2298 2297
f 2302 2330 2303
f 2302 2331 2330
f 2302 2332 2331
f 2302 2333 2332
f 2302 2334 2333
f 2302 2335 2334
f 2335 2298 2276
f 2335 2299 2298
f 2335 2300 2299
f 2335 2301 2300
f 2335 2302 2301
f 2289 2291 2290
f 2289 2281 2291
f 2289 2282 2281
f 2289 2283 2282
f 2289 2284 2283
f 2289 2285 2284
f 2289 2288 2285
f 2294 2297 2296
f 2294 2277 2297
f 2294 2278 2277
f 2294 2362 2278
f 2294 2366 2362
f 2294 2279 2366
f 2294 2365 2279
f 2294 2364 2365
f 2294 2280 2364
f 2294 2363 2280
f 2294 2281 2363
f 2281 2292 2291
f 2281 2293 2292
f 2281 2294 2293
f 2396 2408 2397
f 2396 2409 2408
f 2396 2410 2409
f 2412 2377 2413
f 2412 2378 2377
f 2412 2379 2378
f 2412 2380 2379
f 2380 2410 2396
f 2380 2411 2410
f 2380 2412 2411
f 2417 2374 2418
f 2417 2375 2374
f 2417 2376 2375
f 2417 2377 2376
f 2377 2414 2413
f 2377 2415 2414
f 2377 2416 2415
f 2377 2417 2416
f 2420 2371 2421
f 2420 2372 2371
f 2420 2373 2372
f 2420 2374 2373
f 2374 2419 2418
f 2374 2420 2419
f 2423 2368 2424
f 2423 2369 2368
f 2423 2370 2369
f 2423 2371 2370
f 2371 2422 2421
f 2371 2423 2422
f 2401 2403 2402
f 2401 2404 2403
f 2401 2405 2404
f 2401 2400 2405
f 2388 2390 2389
f 2388 2391 2390
f 2388 2392 2391
f 2388 2387 2392
f 2385 2395 2394
f 2395 2384 2383
f 2395 2385 2384
f 2383 2396 2395
f 2383 2380 2396
f 2383 2381 2380
f 2383 2382 2381
f 2457 2462 2460
f 2432 2434 2433
f 2432 2450 2434
f 2432 2451 2450
f 2432 2452 2451
f 2432 2431 2452
f 2443 2442 2441
f 2441 2444 2443
f 2441 2445 2444
f 2445 2439 2446
f 2445 2440 2439
f 2445 2441 2440
f 2459 2457 2460
f 2457 2458 2461
f 2457 2459 2458
f 2438 2447 2448
f 2438 2448 2449
f 2438 2449 2435
f 2438 2435 2436
f 2438 2436 2437
f 2454 2428 2455
f 2454 2429 2428
f 2454 2430 2429
f 2454 2453 2430
f 2428 2456 2455
f 2428 2463 2456
f 2428 2426 2463
f 2428 2427 2426
f 2475 2554 2476
f 2475 2555 2554
f 2475 2556 2555
f 2475 2557 2556
f 2557 2473 2472
f 2557 2474 2473
f 2557 2475 2474
f 2558 2469 2559
f 2558 2470 2469
f 2558 2471 2470
f 2558 2472 2471
f 2558 2557 2472
f 2562 2466 2465
f 2562 2467 2466
f 2562 2468 2467
f 2468 2561 2560
f 2468 2562 2561
f 2465 2464 2562
f 2488 2487 2486
f 2518 2522 2519
f 2518 2523 2522
f 2518 2524 2523
f 2518 2525 2524
f 2518 2526 2525
f 2518 2527 2526
f 2518 2528 2527
f 2528 2517 2516
f 2528 2518 2517
f 2486 2489 2488
f 2489 2485 2484
f 2489 2486 2485
f 2529 2531 2530
f 2531 2512 2532
f 2531 2513 2512
f 2531 2514 2513
f 2531 2515 2514
f 2531 2516 2515
f 2516 2529 2528
f 2516 2531 2529
f 2483 2489 2484
f 2483 2490 2489
f 2490 2482 2481
f 2490 2483 2482
f 2511 2532 2512
f 2511 2533 2532
f 2511 2534 2533
f 2511 2535 2534
f 2511 2536 2535
f 2511 2537 2536
f 2511 2538 2537
f 2538 2509 2508
f 2538 2510 2509
f 2538 2511 2510
f 2507 2538 2508
f 2507 2539 2538
f 2507 2540 2539
f 2507 2541 2540
f 2507 2542 2541
f 2507 2543 2542
f 2543 2505 2504
f 2543 2506 2505
f 2543 2507 2506
f 2493 2480 2479
f 2480 2492 2491
f 2480 2493 2492
f 2503 2543 2504
f 2503 2544 2543
f 2503 2545 2544
f 2503 2546 2545
f 2503 2547 2546
f 2547 2500 2499
f 2547 2501 2500
f 2547 2502 2501
f 2547 2503 2502
f 2552 2479 2478
f 2479 2494 2493
f 2479 2495 2494
f 2498 2547 2499
f 2498 2548 2547
f 2498 2549 2548
f 2498 2565 2549
f 2498 2550 2565
f 2551 2479 2552
f 2551 2495 2479
f 2551 2563 2495
f 2497 2550 2498
f 2566 2563 2551
f 2566 2496 2563
f 2566 2564 2496
f 2564 2550 2497
f 2564 2566 2550
f 2614 2612 2613
f 2614 2581 2612
f 2614 2582 2581
f 2582 2615 2583
f 2582 2619 2615
f 2582 2614 2619
f 2618 2598 2599
f 2571 2595 2572
f 2571 2594 2595
f 2594 2592 2593
f 2594 2589 2592
f 2594 2588 2589
f 2588 2570 2587
f 2588 2571 2570
f 2588 2594 2571
f 2597 2573 2596
f 2573 2600 2601
f 2573 2618 2600
f 2618 2597 2598
f 2618 2573 2597
f 2578 2580 2579
f 2578 2607 2580
f 2578 2606 2607
f 2607 2611 2580
f 2607 2610 2611
f 2607 2609 2610
f 2607 2608 2609
f 2630 2625 1330
f 1330 1331 1334
f 1330 1334 1335
f 1330 1335 1336
f 1330 1336 1337
f 1330 1337 2630
f 1274 1337 2630
f 1274 1338 1337
f 1274 1339 1338
f 1274 1340 1339
f 1274 1341 1340
f 1341 1272 1271
f 1341 1273 1272
f 1341 1274 1273
f 2628 2627 2626
f 2628 2626 2625
f 2625 2630 2629
f 2625 2629 2628
f 400 367 401
f 400 368 367
f 368 370 369
f 368 373 370
f 368 374 373
f 368 375 374
f 368 376 375
f 368 377 376
f 368 378 377
f 368 379 378
f 368 380 379
f 387 388 2638
f 387 389 388
f 387 390 389
f 387 391 390
f 387 392 391
f 387 393 392
f 387 394 393
f 394 396 395
f 394 397 396
f 504 368 400
f 386 394 387
f 399 368 504
f 385 394 386
f 505 368 399
f 384 394 385
f 398 368 505
f 398 380 368
f 398 381 380
f 398 382 381
f 398 383 382
f 383 394 384
f 383 397 394
f 383 398 397
f 2653 2690 2652
f 2653 2689 2690
f 2653 2688 2689
f 2653 2687 2688
f 2687 2654 2655
f 2687 2653 2654
f 2650 2693 2649
f 2650 2692 2693
f 2650 2691 2692
f 2650 2690 2691
f 2690 2651 2652
f 2690 2650 2651
f 2648 2646 2647
f 2648 2703 2646
f 2648 2695 2703
f 2648 2694 2695
f 2648 2693 2694
f 2648 2649 2693
f 2697 2703 2696
f 2697 2646 2703
f 2697 2645 2646
f 2697 2644 2645
f 2697 2643 2644
f 2699 2697 2698
f 2699 2643 2697
f 2699 2642 2643
f 2699 2641 2642
f 2699 2640 2641
f 2699 2700 2640
f 2639 2702 2701
f 2639 2700 2702
f 2639 2640 2700
f 2671 2672 2673
f 2673 2670 2671
f 2673 2669 2670
f 2673 2668 2669
f 2668 2674 2675
f 2668 2673 2674
f 2676 2668 2675
f 2676 2667 2668
f 2676 2666 2667
f 2676 2665 2666
f 2665 2677 2678
f 2665 2676 2677
f 2663 2681 2662
f 2663 2680 2681
f 2663 2679 2680
f 2663 2678 2679
f 2678 2664 2665
f 2678 2663 2664
f 2659 2684 2658
f 2659 2683 2684
f 2659 2682 2683
f 2659 2681 2682
f 2681 2661 2662
f 2681 2660 2661
f 2681 2659 2660
f 2685 2658 2684
f 2685 2657 2658
f 2685 2656 2657
f 2685 2655 2656
f 2655 2686 2687
f 2655 2685 2686
f 84 77 76
f 75 74 73
f 94 95 100
f 91 92 93
f 319 320 253
f 283 290 291
f 275 301 302
f 401 367 366
f 402 366 365
f 360 363 362
f 462 463 423
f 463 464 422
f 372 371 370
f 545 544 583
f 544 566 582
f 559 576 577
f 578 579 2637
f 570 571 572
f 573 574 553
f 546 545 567
f 594 611 612
f 593 612 613
f 592 613 614
f 591 614 615
f 590 615 616
f 600 605 606
f 599 606 607
f 598 607 608
f 595 610 611
f 588 589 616
f 587 588 617
f 596 597 608
f 596 609 610
f 600 601 604
f 723 722 715
f 701 700 699
f 722 721 716
f 625 624 648
f 620 732 731
f 624 623 649
f 623 622 650
f 734 727 726
f 709 708 686
f 714 713 724
f 782 770 769
f 766 765 786
f 793 791 790
f 780 772 771
f 781 771 770
f 810 819 818
f 825 797 796
f 805 803 802
f 800 799 823
f 830 829 828
f 831 830 795
f 819 810 809
f 821 801 800
f 807 806 802
f 834 833 873
f 851 850 837
f 854 853 871
f 857 865 864
f 856 866 865
f 867 866 856
f 925 920 919
f 920 925 924
f 885 884 882
f 924 923 922
f 913 918 917
f 915 914 917
f 894 893 904
f 889 888 879
f 895 894 903
f 971 962 961
f 927 956 957
f 928 957 958
f 929 958 959
f 930 959 960
f 931 960 961
f 932 961 962
f 933 962 963
f 934 963 964
f 935 964 965
f 938 966 967
f 939 967 968
f 940 968 969
f 941 969 970
f 942 970 971
f 943 971 972
f 944 972 973
f 945 973 974
f 946 974 975
f 947 975 976
f 948 976 977
f 949 977 978
f 950 978 979
f 951 979 980
f 952 980 981
f 953 981 982
f 954 982 983
f 955 983 956
f 965 967 966
f 998 994 993
f 995 994 998
f 985 984 991
f 1030 1029 1063
f 1031 1030 1062
f 1152 1151 1234
f 1242 1241 1239
f 1254 1252 1251
f 1327 1277 1276
f 1326 1278 1277
f 1390 1389 1392
f 1363 1384 1383
f 1372 1375 1374
f 1366 1381 1380
f 1372 1371 1376
f 1349 1404 1403
f 1395 1394 1393
f 1429 1427 1428
f 1592 1593 1553
f 1605 1574 1573
f 2631 1548 1586
f 1543 1542 1578
f 1542 1541 1577
f 1589 1590 1550
f 1580 1544 1543
f 1545 1544 1580
f 1585 1586 1548
f 1591 1551 1550
f 1591 1592 1552
f 1575 1539 1574
f 1540 1576 1577
f 1576 1540 1539
f 1623 1622 1616
f 1618 1617 1620
f 1612 1611 1631
f 1627 1626 1613
f 1630 1629 1613
f 1625 1614 1613
f 1633 1632 1610
f 1611 1610 1632
f 1616 1621 1620
f 1680 1638 1639
f 1683 1635 1636
f 1682 1636 1637
f 1681 1637 1638
f 1730 1731 2632
f 1696 1712 1713
f 1741 1742 1692
f 1746 1691 1744
f 1728 1729 1719
f 1710 1711 1700
f 1729 1730 1718
f 1785 1786 1754
f 1786 1787 1753
f 1787 1788 1752
f 1788 1789 1751
f 1775 1776 1762
f 1776 1777 1761
f 1777 1778 1760
f 1778 1779 1759
f 1792 1804 1794
f 1964 1963 1940
f 1920 1919 1974
f 1919 1918 1975
f 1944 1959 1958
f 1955 1954 1947
f 1950 1949 1952
f 1929 1927 1926
f 1930 1926 1925
f 1931 1925 1924
f 1982 1979 2030
f 1987 1986 2006
f 2097 2037 2036
f 2136 2134 2133
f 2131 2100 2099
f 2116 2115 2138
f 2144 2151 2152
f 2150 2151 2144
f 2178 2181 2180
f 2178 2177 2182
f 2251 2169 2168
f 2275 2274 2340
f 2397 2408 2407
f 2398 2407 2406
f 2399 2406 2405
f 2424 2368 2367
f 2387 2386 2393
f 2386 2385 2394
f 2435 2434 2450
f 2452 2431 2430
f 2446 2439 2438
f 2478 2477 2553
f 2477 2476 2554
f 2469 2468 2560
f 2520 2519 2522
f 2481 2480 2491
f 2577 2605 2606
f 2568 2567 2617
f 2567 2584 2616
f 2584 2583 2615
f 2574 2602 2603
f 2575 2603 2604
f 2570 2569 2586
f 2590 2591 2592
f 2576 2604 2605
f 2569 2568 2585
f 2573 2601 2602
f 2596 2573 2572
f 2581 2580 2611
f 1860 1843 1842
f 1867 1837 1836
f 1867 1866 1838
f 1866 1865 1839
f 1865 1864 2635
f 1864 1863 1840
f 1863 1862 1841
f 1862 1861 1842
f 84 76 85
f 75 73 90
f 94 100 101
f 91 93 106
f 319 253 254
f 283 291 282
f 275 302 274
f 401 366 402
f 402 365 403
f 360 362 361
f 462 423 424
f 463 422 423
f 372 370 373
f 545 583 567
f 544 582 583
f 559 577 560
f 578 2637 580
f 570 572 569
f 573 553 552
f 546 567 568
f 594 612 593
f 593 613 592
f 592 614 591
f 591 615 590
f 590 616 589
f 600 606 599
f 599 607 598
f 598 608 597
f 595 611 594
f 588 616 617
f 587 617 618
f 596 608 609
f 596 610 595
f 600 604 605
f 723 715 714
f 701 699 698
f 722 716 715
f 625 648 647
f 620 731 621
f 624 649 648
f 623 650 649
f 734 726 735
f 709 686 762
f 714 724 723
f 782 769 783
f 766 786 785
f 793 790 789
f 780 771 781
f 781 770 782
f 810 818 811
f 825 796 826
f 805 802 806
f 800 823 822
f 830 828 827
f 831 795 794
f 819 809 820
f 821 800 822
f 807 802 801
f 834 873 872
f 851 837 836
f 854 871 870
f 857 864 858
f 856 865 857
f 867 856 868
f 925 919 926
f 920 924 921
f 885 882 881
f 924 922 921
f 913 917 914
f 915 917 916
f 894 904 903
f 889 879 878
f 895 903 902
f 971 961 972
f 927 957 928
f 928 958 929
f 929 959 930
f 930 960 931
f 931 961 932
f 932 962 933
f 933 963 934
f 934 964 935
f 935 965 936
f 938 967 939
f 939 968 940
f 940 969 941
f 941 970 942
f 942 971 943
f 943 972 944
f 944 973 945
f 945 974 946
f 946 975 947
f 947 976 948
f 948 977 949
f 949 978 950
f 950 979 951
f 951 980 952
f 952 981 953
f 953 982 954
f 954 983 955
f 955 956 927
f 965 966 937
f 998 993 992
f 995 998 997
f 985 991 986
f 1030 1063 1062
f 1031 1062 1061
f 1152 1234 1233
f 1242 1239 1238
f 1254 1251 1255
f 1327 1276 1328
f 1326 1277 1327
f 1390 1392 1391
f 1363 1383 1364
f 1372 1374 1373
f 1366 1380 1367
f 1372 1376 1375
f 1349 1403 1350
f 1395 1393 1396
f 1429 1428 1530
f 1592 1553 1552
f 1605 1573 1604
f 2631 1586 1587
f 1543 1578 1579
f 1542 1577 1578
f 1589 1550 1549
f 1580 1543 1579
f 1545 1580 1581
f 1585 1548 1547
f 1591 1550 1590
f 1591 1552 1551
f 1575 1574 1605
f 1540 1577 1541
f 1576 1539 1575
f 1623 1616 1615
f 1618 1620 1619
f 1612 1631 1630
f 1627 1613 1629
f 1630 1613 1612
f 1625 1613 1626
f 1633 1610 1609
f 1611 1632 1631
f 1616 1620 1617
f 1680 1639 1679
f 1683 1636 1682
f 1682 1637 1681
f 1681 1638 1680
f 1730 2632 1718
f 1696 1713 1695
f 1741 1692 1693
f 1746 1744 1745
f 1728 1719 1720
f 1710 1700 1701
f 1729 1718 1719
f 1785 1754 1755
f 1786 1753 1754
f 1787 1752 1753
f 1788 1751 1752
f 1775 1762 1763
f 1776 1761 1762
f 1777 1760 1761
f 1778 1759 1760
f 1792 1794 1793
f 1964 1940 1939
f 1920 1974 1973
f 1919 1975 1974
f 1944 1958 1945
f 1955 1947 1946
f 1950 1952 1951
f 1929 1926 1930
f 1930 1925 1931
f 1931 1924 1932
f 1982 2030 1981
f 1987 2006 1988
f 2097 2036 2098
f 2136 2133 2137
f 2131 2099 2132
f 2116 2138 2114
f 2144 2152 2143
f 2150 2144 2145
f 2178 2180 2179
f 2178 2182 2181
f 2251 2168 2252
f 2275 2340 2339
f 2397 2407 2398
f 2398 2406 2399
f 2399 2405 2400
f 2424 2367 2425
f 2387 2393 2392
f 2386 2394 2393
f 2435 2450 2449
f 2452 2430 2453
f 2446 2438 2447
f 2478 2553 2552
f 2477 2554 2553
f 2469 2560 2559
f 2520 2522 2521
f 2481 2491 2490
f 2577 2606 2578
f 2568 2617 2585
f 2567 2616 2617
f 2584 2615 2616
f 2574 2603 2575
f 2575 2604 2576
f 2570 2586 2587
f 2590 2592 2589
f 2576 2605 2577
f 2569 2585 2586
f 2573 2602 2574
f 2596 2572 2595
f 2581 2611 2612
f 1860 1842 1861
f 1867 1836 1868
f 1867 1838 1837
f 1866 1839 1838
f 1865 2635 1839
f 1864 1840 2635
f 1863 1841 1840
f 1862 1842 1841
