# Generated rear return vortex; +Z behind gate
o wormhole-rear-vortex
v -0.0949161 -0.0734229 1.0000000
v -0.0233531 -0.0207726 0.9195231
v -0.0254130 -0.0130913 0.9195231
v -0.0279482 -0.0057637 0.9195231
v -0.0307995 0.0012514 0.9195231
v -0.0338615 0.0080324 0.9195231
v -0.0370941 0.0146702 0.9195231
v -0.0405234 0.0212422 0.9195231
v -0.0442314 0.0277882 0.9195231
v -0.0483376 0.0342927 0.9195231
v -0.0529736 0.0406757 0.9195231
v -0.0582564 0.0467939 0.9195231
v -0.0642628 0.0524533 0.9195231
v -0.0710106 0.0574293 0.9195231
v -0.0784477 0.0614935 0.9195231
v -0.0864526 0.0644423 0.9195231
v -0.0948445 0.0661225 0.9195231
v -0.1034029 0.0664518 0.9195231
v -0.1118930 0.0654290 0.9195231
v -0.1200930 0.0631343 0.9195231
v -0.1278194 0.0597179 0.9195231
v -0.1349465 0.0553805 0.9195231
v -0.1414169 0.0503466 0.9195231
v -0.1472414 0.0448364 0.9195231
v -0.1524892 0.0390393 0.9195231
v -0.1572680 0.0330925 0.9195231
v -0.1616997 0.0270704 0.9195231
v -0.1658930 0.0209820 0.9195231
v -0.1699192 0.0147811 0.9195231
v -0.1737930 0.0083839 0.9195231
v -0.1774635 0.0016934 0.9195231
v -0.1808150 -0.0053744 0.9195231
v -0.1836787 -0.0128661 0.9195231
v -0.1858531 -0.0207726 0.9195231
v -0.1871305 -0.0290191 0.9195231
v -0.1873259 -0.0374659 0.9195231
v -0.1863023 -0.0459199 0.9195231
v -0.1839919 -0.0541537 0.9195231
v -0.1804063 -0.0619318 0.9195231
v -0.1756372 -0.0690380 0.9195231
v -0.1698456 -0.0753007 0.9195231
v -0.1632424 -0.0806121 0.9195231
v -0.1560625 -0.0849385 0.9195231
v -0.1485365 -0.0883199 0.9195231
v -0.1408648 -0.0908589 0.9195231
v -0.1331967 -0.0927011 0.9195231
v -0.1256190 -0.0940093 0.9195231
v -0.1181548 -0.0949353 0.9195231
v -0.1107723 -0.0955950 0.9195231
v -0.1034029 -0.0960482 0.9195231
v -0.0959652 -0.0962885 0.9195231
v -0.0883908 -0.0962433 0.9195231
v -0.0806482 -0.0957849 0.9195231
v -0.0727605 -0.0947500 0.9195231
v -0.0648149 -0.0929656 0.9195231
v -0.0569613 -0.0902774 0.9195231
v -0.0494003 -0.0865749 0.9195231
v -0.0423632 -0.0818123 0.9195231
v -0.0360855 -0.0760186 0.9195231
v -0.0307792 -0.0692982 0.9195231
v -0.0266070 -0.0618209 0.9195231
v -0.0236625 -0.0538021 0.9195231
v -0.0219607 -0.0454778 0.9195231
v -0.0214374 -0.0370765 0.9195231
v -0.0219612 -0.0287939 0.9195231
v 0.0757089 0.0211438 0.8406408
v 0.0716037 0.0370021 0.8406408
v 0.0660717 0.0520708 0.8406408
v 0.0594946 0.0663131 0.8406408
v 0.0521985 0.0797995 0.8406408
v 0.0444140 0.0926736 0.8406408
v 0.0362530 0.1051084 0.8406408
v 0.0277048 0.1172565 0.8406408
v 0.0186522 0.1292049 0.8406408
v 0.0089050 0.1409396 0.8406408
v -0.0017550 0.1523271 0.8406408
v -0.0135236 0.1631153 0.8406408
v -0.0265273 0.1729535 0.8406408
v -0.0407866 0.1814303 0.8406408
v -0.0561949 0.1881222 0.8406408
v -0.0725173 0.1926470 0.8406408
v -0.0894089 0.1947134 0.8406408
v -0.1064495 0.1941595 0.8406408
v -0.1231905 0.1909750 0.8406408
v -0.1392061 0.1853032 0.8406408
v -0.1541416 0.1774223 0.8406408
v -0.1677505 0.1677104 0.8406408
v -0.1799157 0.1565967 0.8406408
v -0.1906521 0.1445089 0.8406408
v -0.2000878 0.1318227 0.8406408
v -0.2084305 0.1188222 0.8406408
v -0.2159201 0.1056758 0.8406408
v -0.2227793 0.0924317 0.8406408
v -0.2291653 0.0790327 0.8406408
v -0.2351340 0.0653490 0.8406408
v -0.2406199 0.0512215 0.8406408
v -0.2454355 0.0365110 0.8406408
v -0.2492911 0.0211438 0.8406408
v -0.2518313 0.0051466 0.8406408
v -0.2526836 -0.0113336 0.8406408
v -0.2515110 -0.0280294 0.8406408
v -0.2480624 -0.0445726 0.8406408
v -0.2422104 -0.0605303 0.8406408
v -0.2339746 -0.0754519 0.8406408
v -0.2235236 -0.0889213 0.8406408
v -0.2111575 -0.1006048 0.8406408
v -0.1972729 -0.1102888 0.8406408
v -0.1823153 -0.1179005 0.8406408
v -0.1667275 -0.1235091 0.8406408
v -0.1508994 -0.1273074 0.8406408
v -0.1351291 -0.1295754 0.8406408
v -0.1195992 -0.1306330 0.8406408
v -0.1043729 -0.1307880 0.8406408
v -0.0894089 -0.1302866 0.8406408
v -0.0745939 -0.1292755 0.8406408
v -0.0597861 -0.1277802 0.8406408
v -0.0448636 -0.1257024 0.8406408
v -0.0297695 -0.1228385 0.8406408
v -0.0145465 -0.1189140 0.8406408
v 0.0006446 -0.1136309 0.8406408
v 0.0155258 -0.1067195 0.8406408
v 0.0297219 -0.0979870 0.8406408
v 0.0427979 -0.0873556 0.8406408
v 0.0543075 -0.0748845 0.8406408
v 0.0638451 -0.0607722 0.8406408
v 0.0710956 -0.0453394 0.8406408
v 0.0758716 -0.0289935 0.8406408
v 0.0781353 -0.0121829 0.8406408
v 0.0779995 0.0046555 0.8406408
v 0.1892519 0.0468631 0.7634320
v 0.1839412 0.0712704 0.7634320
v 0.1758785 0.0945521 0.7634320
v 0.1656241 0.1164795 0.7634320
v 0.1537353 0.1369984 0.7634320
v 0.1406963 0.1562064 0.7634320
v 0.1268625 0.1743069 0.7634320
v 0.1124267 0.1915466 0.7634320
v 0.0974132 0.2081470 0.7634320
v 0.0816987 0.2242399 0.7634320
v 0.0650579 0.2398184 0.7634320
v 0.0472256 0.2547095 0.7634320
v 0.0279654 0.2685750 0.7634320
v 0.0071355 0.2809390 0.7634320
v -0.0152612 0.2912396 0.7634320
v -0.0390475 0.2988969 0.7634320
v -0.0638707 0.3033872 0.7634320
v -0.0892272 0.3043122 0.7634320
v -0.1145119 0.3014538 0.7634320
v -0.1390831 0.2948053 0.7634320
v -0.1623342 0.2845751 0.7634320
v -0.1837608 0.2711617 0.7634320
v -0.2030135 0.2551050 0.7634320
v -0.2199278 0.2370192 0.7634320
v -0.2345272 0.2175196 0.7634320
v -0.2469987 0.1971524 0.7634320
v -0.2576445 0.1763386 0.7634320
v -0.2668173 0.1553403 0.7634320
v -0.2748492 0.1342532 0.7634320
v -0.2819856 0.1130275 0.7634320
v -0.2883332 0.0915114 0.7634320
v -0.2938308 0.0695122 0.7634320
v -0.2982481 0.0468631 0.7634320
v -0.3012114 0.0234870 0.7634320
v -0.3022544 -0.0005544 0.7634320
v -0.3008843 -0.0250342 0.7634320
v -0.2966560 -0.0495598 0.7634320
v -0.2892403 -0.0735995 0.7634320
v -0.2784790 -0.0965336 0.7634320
v -0.2644159 -0.1177201 0.7634320
v -0.2473013 -0.1365676 0.7634320
v -0.2275680 -0.1526027 0.7634320
v -0.2057826 -0.1655231 0.7634320
v -0.1825803 -0.1752271 0.7634320
v -0.1585928 -0.1818163 0.7634320
v -0.1343783 -0.1855694 0.7634320
v -0.1103677 -0.1868932 0.7634320
v -0.0868309 -0.1862556 0.7634320
v -0.0638707 -0.1841128 0.7634320
v -0.0414438 -0.1808404 0.7634320
v -0.0194054 -0.1766790 0.7634320
v 0.0024306 -0.1717031 0.7634320
v 0.0242240 -0.1658162 0.7634320
v 0.0460451 -0.1587749 0.7634320
v 0.0678270 -0.1502365 0.7634320
v 0.0893390 -0.1398234 0.7634320
v 0.1101874 -0.1271950 0.7634320
v 0.1298439 -0.1121143 0.7634320
v 0.1476969 -0.0945019 0.7634320
v 0.1631194 -0.0744656 0.7634320
v 0.1755421 -0.0523049 0.7634320
v 0.1845228 -0.0284863 0.7634320
v 0.1897996 -0.0035951 0.7634320
v 0.1913217 0.0217288 0.7634320
v 0.3052140 0.0569481 0.6879861
v 0.2998406 0.0900489 0.6879861
v 0.2902295 0.1218864 0.6879861
v 0.2770115 0.1519712 0.6879861
v 0.2609042 0.1800283 0.6879861
v 0.2426208 0.2060010 0.6879861
v 0.2227842 0.2300209 0.6879861
v 0.2018590 0.2523490 0.6879861
v 0.1801119 0.2732976 0.6879861
v 0.1576051 0.2931461 0.6879861
v 0.1342236 0.3120613 0.6879861
v 0.1097321 0.3300382 0.6879861
v 0.0838510 0.3468678 0.6879861
v 0.0563411 0.3621393 0.6879861
v 0.0270817 0.3752760 0.6879861
v -0.0038682 0.3856001 0.6879861
v -0.0362376 0.3924167 0.6879861
v -0.0695432 0.3951054 0.6879861
v -0.1031233 0.3932048 0.6879861
v -0.1361997 0.3864787 0.6879861
v -0.1679594 0.3749525 0.6879861
v -0.1976432 0.3589166 0.6879861
v -0.2246277 0.3388938 0.6879861
v -0.2484893 0.3155774 0.6879861
v -0.2690389 0.2897493 0.6879861
v -0.2863241 0.2621887 0.6879861
v -0.3005968 0.2335872 0.6879861
v -0.3122518 0.2044807 0.6879861
v -0.3217464 0.1752097 0.6879861
v -0.3295119 0.1459119 0.6879861
v -0.3358723 0.1165491 0.6879861
v -0.3409810 0.0869627 0.6879861
v -0.3447860 0.0569481 0.6879861
v -0.3470295 0.0263378 0.6879861
v -0.3472810 -0.0049223 0.6879861
v -0.3449998 -0.0367139 0.6879861
v -0.3396175 -0.0687160 0.6879861
v -0.3306280 -0.1004068 0.6879861
v -0.3176710 -0.1310997 0.6879861
v -0.3005978 -0.1600067 0.6879861
v -0.2795075 -0.1863218 0.6879861
v -0.2547506 -0.2093107 0.6879861
v -0.2268971 -0.2283939 0.6879861
v -0.1966758 -0.2432106 0.6879861
v -0.1648932 -0.2536539 0.6879861
v -0.1323440 -0.2598720 0.6879861
v -0.0997270 -0.2622345 0.6879861
v -0.0675794 -0.2612700 0.6879861
v -0.0362376 -0.2575833 0.6879861
v -0.0058321 -0.2517647 0.6879861
v 0.0236854 -0.2443056 0.6879861
v 0.0524854 -0.2355326 0.6879861
v 0.0807848 -0.2255692 0.6879861
v 0.1087647 -0.2143322 0.6879861
v 0.1364929 -0.2015615 0.6879861
v 0.1638664 -0.1868794 0.6879861
v 0.1905806 -0.1698701 0.6879861
v 0.2161327 -0.1501669 0.6879861
v 0.2398584 -0.1275334 0.6879861
v 0.2609970 -0.1019271 0.6879861
v 0.2787753 -0.0735346 0.6879861
v 0.2924993 -0.0427732 0.6879861
v 0.3016381 -0.0102596 0.6879861
v 0.3058891 0.0232515 0.6879861
v 0.4153583 0.0552853 0.6144047
v 0.4109220 0.0970056 0.6144047
v 0.4008141 0.1375326 0.6144047
v 0.3856155 0.1761041 0.6144047
v 0.3660948 0.2121752 0.6144047
v 0.3431115 0.2454549 0.6144047
v 0.3175104 0.2759053 0.6144047
v 0.2900257 0.3037019 0.6144047
v 0.2612061 0.3291622 0.6144047
v 0.2313737 0.3526544 0.6144047
v 0.2006213 0.3744995 0.6144047
v 0.1688477 0.3948824 0.6144047
v 0.1358253 0.4137866 0.6144047
v 0.1012895 0.4309621 0.6144047
v 0.0650338 0.4459326 0.6144047
v 0.0269972 0.4580410 0.6144047
v -0.0126708 0.4665268 0.6144047
v -0.0535781 0.4706244 0.6144047
v -0.0950964 0.4696672 0.6144047
v -0.1364052 0.4631831 0.6144047
v -0.1765670 0.4509658 0.6144047
v -0.2146235 0.4331123 0.6144047
v -0.2496975 0.4100209 0.6144047
v -0.2810854 0.3823495 0.6144047
v -0.3083267 0.3509412 0.6144047
v -0.3312395 0.3167280 0.6144047
v -0.3499176 0.2806264 0.6144047
v -0.3646877 0.2434423 0.6144047
v -0.3760362 0.2057962 0.6144047
v -0.3845139 0.1680827 0.6144047
v -0.3906342 0.1304669 0.6144047
v -0.3947817 0.0929200 0.6144047
v -0.3971417 0.0552853 0.6144047
v -0.3976656 0.0173667 0.6144047
v -0.3960739 -0.0209783 0.6144047
v -0.3918986 -0.0597522 0.6144047
v -0.3845573 -0.0987551 0.6144047
v -0.3734495 -0.1375549 0.6144047
v -0.3580587 -0.1754955 0.6144047
v -0.3380453 -0.2117427 0.6144047
v -0.3133182 -0.2453621 0.6144047
v -0.2840708 -0.2754166 0.6144047
v -0.2507795 -0.3010696 0.6144047
v -0.2141622 -0.3216786 0.6144047
v -0.1751050 -0.3368656 0.6144047
v -0.1345668 -0.3465520 0.6144047
v -0.0934771 -0.3509555 0.6144047
v -0.0526417 -0.3505466 0.6144047
v -0.0126708 -0.3459732 0.6144047
v 0.0260608 -0.3379632 0.6144047
v 0.0634144 -0.3272208 0.6144047
v 0.0994511 -0.3143309 0.6144047
v 0.1343633 -0.2996864 0.6144047
v 0.1683864 -0.2834488 0.6144047
v 0.2017034 -0.2655482 0.6144047
v 0.2343592 -0.2457215 0.6144047
v 0.2661976 -0.2235830 0.6144047
v 0.2968314 -0.1987166 0.6144047
v 0.3256515 -0.1707744 0.6144047
v 0.3518733 -0.1395675 0.6144047
v 0.3746159 -0.1051340 0.6144047
v 0.3930002 -0.0677736 0.6144047
v 0.4062538 -0.0280439 0.6144047
v 0.4138059 0.0132810 0.6144047
v 0.5158300 0.0467001 0.5428052
v 0.5129328 0.0968210 0.5428052
v 0.5031286 0.1459738 0.5428052
v 0.4868529 0.1931580 0.5428052
v 0.4648187 0.2375584 0.5428052
v 0.4379283 0.2786150 0.5428052
v 0.4071640 0.3160549 0.5428052
v 0.3734739 0.3498817 0.5428052
v 0.3376704 0.3803246 0.5428052
v 0.3003553 0.4077540 0.5428052
v 0.2618822 0.4325793 0.5428052
v 0.2223624 0.4551413 0.5428052
v 0.1817103 0.4756198 0.5428052
v 0.1397231 0.4939677 0.5428052
v 0.0961792 0.5098849 0.5428052
v 0.0509410 0.5228337 0.5428052
v 0.0040460 0.5320962 0.5428052
v -0.0442310 0.5368643 0.5428052
v -0.0933514 0.5363494 0.5428052
v -0.1425295 0.5298948 0.5428052
v -0.1907898 0.5170752 0.5428052
v -0.2370550 0.4977683 0.5428052
v -0.2802548 0.4721862 0.5428052
v -0.3194365 0.4408646 0.5428052
v -0.3538626 0.4046086 0.5428052
v -0.3830799 0.3644061 0.5428052
v -0.4069503 0.3213190 0.5428052
v -0.4256380 0.2763709 0.5428052
v -0.4395554 0.2304458 0.5428052
v -0.4492765 0.1842139 0.5428052
v -0.4554298 0.1380955 0.5428052
v -0.4585879 0.0922655 0.5428052
v -0.4591700 0.0467001 0.5428052
v -0.4573723 0.0012543 0.5428052
v -0.4531370 -0.0442393 0.5428052
v -0.4461639 -0.0898696 0.5428052
v -0.4359638 -0.1355580 0.5428052
v -0.4219449 -0.1809968 0.5428052
v -0.4035189 -0.2256261 0.5428052
v -0.3802113 -0.2686517 0.5428052
v -0.3517587 -0.3091046 0.5428052
v -0.3181781 -0.3459311 0.5428052
v -0.2797987 -0.3781036 0.5428052
v -0.2372495 -0.4047319 0.5428052
v -0.1914060 -0.4251628 0.5428052
v -0.1433044 -0.4390491 0.5428052
v -0.0940339 -0.4463807 0.5428052
v -0.0446257 -0.4474714 0.5428052
v 0.0040460 -0.4429038 0.5428052
v 0.0513357 -0.4334408 0.5428052
v 0.0968617 -0.4199162 0.5428052
v 0.1404980 -0.4031221 0.5428052
v 0.1823265 -0.3837073 0.5428052
v 0.2225568 -0.3621049 0.5428052
v 0.2614262 -0.3384966 0.5428052
v 0.2990970 -0.3128206 0.5428052
v 0.3355665 -0.2848205 0.5428052
v 0.3706053 -0.2541274 0.5428052
v 0.4037325 -0.2203620 0.5428052
v 0.4342352 -0.1832409 0.5428052
v 0.4612271 -0.1426706 0.5428052
v 0.4837403 -0.0988136 0.5428052
v 0.5008358 -0.0521176 0.5428052
v 0.5117172 -0.0033012 0.5428052
v 0.6063013 0.0354205 0.4733248
v 0.6050875 0.0936695 0.4733248
v 0.5959906 0.1512502 0.4733248
v 0.5792486 0.2069853 0.4733248
v 0.5554414 0.2598274 0.4733248
v 0.5254225 0.3089551 0.4733248
v 0.4902180 0.3538362 0.4733248
v 0.4509090 0.3942490 0.4733248
v 0.4085133 0.4302585 0.4733248
v 0.3638849 0.4621521 0.4733248
v 0.3176450 0.4903434 0.4733248
v 0.2701554 0.5152610 0.4733248
v 0.2215351 0.5372384 0.4733248
v 0.1717195 0.5564225 0.4733248
v 0.1205498 0.5727148 0.4733248
v 0.0678786 0.5857556 0.4733248
v 0.0136753 0.5949523 0.4733248
v -0.0418867 0.5995505 0.4733248
v -0.0983749 0.5987347 0.4733248
v -0.1550842 0.5917459 0.4733248
v -0.2110674 0.5779974 0.4733248
v -0.2652066 0.5571718 0.4733248
v -0.3163143 0.5292849 0.4733248
v -0.3632509 0.4947064 0.4733248
v -0.4050388 0.4541346 0.4733248
v -0.4409590 0.4085293 0.4733248
v -0.4706134 0.3590118 0.4733248
v -0.4939440 0.3067487 0.4733248
v -0.5112079 0.2528343 0.4733248
v -0.5229088 0.1981915 0.4733248
v -0.5296985 0.1435043 0.4733248
v -0.5322611 0.0891905 0.4733248
v -0.5311987 0.0354205 0.4733248
v -0.5269351 -0.0178250 0.4733248
v -0.5196527 -0.0706650 0.4733248
v -0.5092710 -0.1232135 0.4733248
v -0.4954715 -0.1754750 0.4733248
v -0.4777630 -0.2272587 0.4733248
v -0.4555787 -0.2781250 0.4733248
v -0.4283904 -0.3273734 0.4733248
v -0.3958206 -0.3740754 0.4733248
v -0.3577375 -0.4171473 0.4733248
v -0.3143161 -0.4554533 0.4733248
v -0.2660584 -0.4879245 0.4733248
v -0.2137673 -0.5136746 0.4733248
v -0.1584793 -0.5320971 0.4733248
v -0.1013655 -0.5429284 0.4733248
v -0.0436159 -0.5462670 0.4733248
v 0.0136753 -0.5425477 0.4733248
v 0.0696078 -0.5324721 0.4733248
v 0.1235404 -0.5169085 0.4733248
v 0.1751146 -0.4967737 0.4733248
v 0.2242350 -0.4729156 0.4733248
v 0.2710072 -0.4460137 0.4733248
v 0.3156468 -0.4165118 0.4733248
v 0.3583715 -0.3845930 0.4733248
v 0.3992952 -0.3501994 0.4733248
v 0.4383403 -0.3130931 0.4733248
v 0.4751833 -0.2729493 0.4733248
v 0.5092414 -0.2294651 0.4733248
v 0.5397050 -0.1824681 0.4733248
v 0.5656108 -0.1320073 0.4733248
v 0.5859447 -0.0784110 0.4733248
v 0.5997615 -0.0223039 0.4733248
v 0.6885993 0.0244025 0.4061262
v 0.6888303 0.0905276 0.4061262
v 0.6804485 0.1562810 0.4061262
v 0.6634881 0.2203758 0.4061262
v 0.6383584 0.2815909 0.4061262
v 0.6058012 0.3388825 0.4061262
v 0.5668085 0.3914717 0.4061262
v 0.5225112 0.4388950 0.4061262
v 0.4740574 0.4810094 0.4061262
v 0.4224965 0.5179524 0.4061262
v 0.3686865 0.5500643 0.4061262
v 0.3132381 0.5777822 0.4061262
v 0.2565027 0.6015255 0.4061262
v 0.1986048 0.6215881 0.4061262
v 0.1395137 0.6380557 0.4061262
v 0.0791413 0.6507601 0.4061262
v 0.0174505 0.6592787 0.4061262
v -0.0454438 0.6629793 0.4061262
v -0.1091972 0.6611035 0.4061262
v -0.1731951 0.6528767 0.4061262
v -0.2365561 0.6376287 0.4061262
v -0.2981801 0.6149057 0.4061262
v -0.3568332 0.5845577 0.4061262
v -0.4112604 0.5467881 0.4061262
v -0.4603052 0.5021582 0.4061262
v -0.5030232 0.4515442 0.4061262
v -0.5387687 0.3960562 0.4061262
v -0.5672439 0.3369281 0.4061262
v -0.5885029 0.2753966 0.4061262
v -0.6029092 0.2125865 0.4061262
v -0.6110541 0.1494198 0.4061262
v -0.6136479 0.0865602 0.4061262
v -0.6114007 0.0244025 0.4061262
v -0.6049098 -0.0368947 0.4061262
v -0.5945724 -0.0973365 0.4061262
v -0.5805344 -0.1569943 0.4061262
v -0.5626850 -0.2158975 0.4061262
v -0.5406964 -0.2739333 0.4061262
v -0.5141020 -0.3307696 0.4061262
v -0.4824024 -0.3858162 0.4061262
v -0.4451814 -0.4382295 0.4061262
v -0.4022148 -0.4869612 0.4061262
v -0.3535548 -0.5308462 0.4061262
v -0.2995777 -0.5687155 0.4061262
v -0.2409858 -0.5995179 0.4061262
v -0.1787653 -0.6224343 0.4061262
v -0.1141037 -0.6369652 0.4061262
v -0.0482809 -0.6429801 0.4061262
v 0.0174505 -0.6407213 0.4061262
v 0.0819784 -0.6307608 0.4061262
v 0.1444202 -0.6139174 0.4061262
v 0.2041750 -0.5911457 0.4061262
v 0.2609323 -0.5634147 0.4061262
v 0.3146357 -0.5315919 0.4061262
v 0.3654081 -0.4963528 0.4061262
v 0.4134509 -0.4581254 0.4061262
v 0.4589336 -0.4170807 0.4061262
v 0.5018904 -0.3731671 0.4061262
v 0.5421418 -0.3261851 0.4061262
v 0.5792537 -0.2758876 0.4061262
v 0.6125405 -0.2220919 0.4061262
v 0.6411132 -0.1647836 0.4061262
v 0.6639668 -0.1041976 0.4061262
v 0.6800922 -0.0408620 0.4061262
v 0.7654233 0.0152716 0.3414063
v 0.7666137 0.0890867 0.3414063
v 0.7586496 0.1627638 0.3414063
v 0.7413910 0.2349658 0.3414063
v 0.7150771 0.3043599 0.3414063
v 0.6803109 0.3697351 0.3414063
v 0.6379980 0.4301048 0.3414063
v 0.5892521 0.4847785 0.3414063
v 0.5352782 0.5333935 0.3414063
v 0.4772527 0.5759006 0.3414063
v 0.4162166 0.6125076 0.3414063
v 0.3529988 0.6435887 0.3414063
v 0.2881776 0.6695747 0.3414063
v 0.2220880 0.6908409 0.3414063
v 0.1548707 0.7076086 0.3414063
v 0.0865541 0.7198787 0.3414063
v 0.0171564 0.7274046 0.3414063
v -0.0532097 0.7297106 0.3414063
v -0.1242468 0.7261535 0.3414063
v -0.1954123 0.7160166 0.3414063
v -0.2658977 0.6986245 0.3414063
v -0.3346523 0.6734594 0.3414063
v -0.4004489 0.6402620 0.3414063
v -0.4619815 0.5991028 0.3414063
v -0.5179825 0.5504105 0.3414063
v -0.5673412 0.4949564 0.3414063
v -0.6092060 0.4337936 0.3414063
v -0.6430561 0.3681626 0.3414063
v -0.6687316 0.2993757 0.3414063
v -0.6864170 0.2286983 0.3414063
v -0.6965825 0.1572431 0.3414063
v -0.6998893 0.0858945 0.3414063
v -0.6970767 0.0152716 0.3414063
v -0.6888440 -0.0542633 0.3414063
v -0.6757489 -0.1225558 0.3414063
v -0.6581343 -0.1895755 0.3414063
v -0.6360967 -0.2553146 0.3414063
v -0.6094990 -0.3196826 0.3414063
v -0.5780263 -0.3824167 0.3414063
v -0.5412757 -0.4430217 0.3414063
v -0.4988654 -0.5007501 0.3414063
v -0.4505475 -0.5546271 0.3414063
v -0.3963048 -0.6035167 0.3414063
v -0.3364189 -0.6462212 0.3414063
v -0.2714969 -0.6815991 0.3414063
v -0.2024533 -0.7086844 0.3414063
v -0.1304489 -0.7267899 0.3414063
v -0.0567960 -0.7355790 0.3414063
v 0.0171564 -0.7350954 0.3414063
v 0.0901403 -0.7257470 0.3414063
v 0.1610728 -0.7082450 0.3414063
v 0.2291290 -0.6835086 0.3414063
v 0.2937768 -0.6525493 0.3414063
v 0.3547654 -0.6163505 0.3414063
v 0.4120726 -0.5757623 0.3414063
v 0.4658187 -0.5314250 0.3414063
v 0.5161612 -0.4837332 0.3414063
v 0.5631866 -0.4328438 0.3414063
v 0.6068183 -0.3787279 0.3414063
v 0.6467537 -0.3212552 0.3414063
v 0.6824422 -0.2602988 0.3414063
v 0.7131082 -0.1958430 0.3414063
v 0.7378160 -0.1280765 0.3414063
v 0.7555683 -0.0574556 0.3414063
v 0.8394367 0.0085945 0.2794092
v 0.8409924 0.0899947 0.2794092
v 0.8329644 0.1713927 0.2794092
v 0.8150899 0.2514440 0.2794092
v 0.7874685 0.3287592 0.2794092
v 0.7505674 0.4020187 0.2794092
v 0.7051842 0.4700799 0.2794092
v 0.6523703 0.5320627 0.2794092
v 0.5933279 0.5874000 0.2794092
v 0.5292945 0.6358461 0.2794092
v 0.4614323 0.6774425 0.2794092
v 0.3907392 0.7124465 0.2794092
v 0.3179916 0.7412340 0.2794092
v 0.2437301 0.7641908 0.2794092
v 0.1682851 0.7816116 0.2794092
v 0.0918406 0.7936189 0.2794092
v 0.0145224 0.8001177 0.2794092
v -0.0635022 0.8007915 0.2794092
v -0.1419313 0.7951406 0.2794092
v -0.2202566 0.7825571 0.2794092
v -0.2977250 0.7624264 0.2794092
v -0.3733421 0.7342379 0.2794092
v -0.4459165 0.6976900 0.2794092
v -0.5141409 0.6527726 0.2794092
v -0.5766974 0.5998143 0.2794092
v -0.6323729 0.5394877 0.2794092
v -0.6801668 0.4727710 0.2794092
v -0.7193763 0.4008715 0.2794092
v -0.7496454 0.3251232 0.2794092
v -0.7709723 0.2468717 0.2794092
v -0.7836720 0.1673652 0.2794092
v -0.7883026 0.0876659 0.2794092
v -0.7855633 0.0085945 0.2794092
v -0.7761827 -0.0692832 0.2794092
v -0.7608117 -0.1456291 0.2794092
v -0.7399381 -0.2202686 0.2794092
v -0.7138358 -0.2931013 0.2794092
v -0.6825547 -0.3640010 0.2794092
v -0.6459539 -0.4327217 0.2794092
v -0.6037717 -0.4988263 0.2794092
v -0.5557206 -0.5616485 0.2794092
v -0.5015946 -0.6202959 0.2794092
v -0.4413693 -0.6736956 0.2794092
v -0.3752805 -0.7206755 0.2794092
v -0.3038690 -0.7600703 0.2794092
v -0.2279825 -0.7908372 0.2794092
v -0.1487367 -0.8121645 0.2794092
v -0.0674373 -0.8235563 0.2794092
v 0.0145224 -0.8248823 0.2794092
v 0.0957757 -0.8163837 0.2794092
v 0.1750904 -0.7986355 0.2794092
v 0.2514560 -0.7724709 0.2794092
v 0.3241356 -0.7388778 0.2794092
v 0.3926776 -0.6988842 0.2794092
v 0.4568851 -0.6534481 0.2794092
v 0.5167482 -0.6033694 0.2794092
v 0.5723511 -0.5492342 0.2794092
v 0.6237691 -0.4914013 0.2794092
v 0.6709713 -0.4300306 0.2794092
v 0.7137458 -0.3651482 0.2794092
v 0.7516588 -0.2967374 0.2794092
v 0.7840558 -0.2248409 0.2794092
v 0.8101040 -0.1496565 0.2794092
v 0.8288726 -0.0716120 0.2794092
v 0.9127737 0.0042496 0.2204474
v 0.9140993 0.0932049 0.2204474
v 0.9054518 0.1821829 0.2204474
v 0.8865086 0.2698562 0.2204474
v 0.8572765 0.3548215 0.2204474
v 0.8181143 0.4357034 0.2204474
v 0.7697136 0.5112586 0.2204474
v 0.7130423 0.5804656 0.2204474
v 0.6492579 0.6425864 0.2204474
v 0.5796039 0.6971916 0.2204474
v 0.5053038 0.7441457 0.2204474
v 0.4274686 0.7835553 0.2204474
v 0.3470302 0.8156890 0.2204474
v 0.2647102 0.8408803 0.2204474
v 0.1810271 0.8594305 0.2204474
v 0.0963402 0.8715250 0.2204474
v 0.0109211 0.8771768 0.2204474
v -0.0749592 0.8762065 0.2204474
v -0.1609414 0.8682607 0.2204474
v -0.2465044 0.8528677 0.2204474
v -0.3309175 0.8295210 0.2204474
v -0.4132288 0.7977782 0.2204474
v -0.4922918 0.7573609 0.2204474
v -0.5668283 0.7082393 0.2204474
v -0.6355183 0.6506890 0.2204474
v -0.6971052 0.5853118 0.2204474
v -0.7505001 0.5130150 0.2204474
v -0.7948713 0.4349546 0.2204474
v -0.8297050 0.3524483 0.2204474
v -0.8548286 0.2668719 0.2204474
v -0.8703944 0.1795542 0.2204474
v -0.8768243 0.0916849 0.2204474
v -0.8747263 0.0042496 0.2204474
v -0.8647934 -0.0820007 0.2204474
v -0.8477019 -0.1665411 0.2204474
v -0.8240223 -0.2490277 0.2204474
v -0.7941581 -0.3292251 0.2204474
v -0.7583200 -0.4069183 0.2204474
v -0.7165384 -0.4818232 0.2204474
v -0.6687139 -0.5535124 0.2204474
v -0.6146955 -0.6213670 0.2204474
v -0.5543741 -0.6845646 0.2204474
v -0.4877780 -0.7421063 0.2204474
v -0.4151530 -0.7928790 0.2204474
v -0.3370164 -0.8357457 0.2204474
v -0.2541737 -0.8696506 0.2204474
v -0.1676968 -0.8937232 0.2204474
v -0.0788654 -0.9073677 0.2204474
v 0.0109211 -0.9103232 0.2204474
v 0.1002465 -0.9026862 0.2204474
v 0.1877825 -0.8848930 0.2204474
v 0.2723794 -0.8576631 0.2204474
v 0.3531291 -0.8219137 0.2204474
v 0.4293929 -0.7786560 0.2204474
v 0.5007900 -0.7288910 0.2204474
v 0.5671497 -0.6735169 0.2204474
v 0.6284350 -0.6132643 0.2204474
v 0.6846510 -0.5486662 0.2204474
v 0.7357518 -0.4800668 0.2204474
v 0.7815629 -0.4076670 0.2204474
v 0.8217297 -0.3315983 0.2204474
v 0.8557022 -0.2520119 0.2204474
v 0.8827593 -0.1691698 0.2204474
v 0.9020684 -0.0835207 0.2204474
v 0.9868773 0.0017646 0.1649385
v 0.9874389 0.0983008 0.1649385
v 0.9776237 0.1947760 0.1649385
v 0.9571112 0.2898898 0.1649385
v 0.9258711 0.3822535 0.1649385
v 0.8841935 0.4704795 0.1649385
v 0.8326839 0.5532755 0.1649385
v 0.7722235 0.6295297 0.1649385
v 0.7039010 0.6983761 0.1649385
v 0.6289239 0.7592283 0.1649385
v 0.5485248 0.8117804 0.1649385
v 0.4638733 0.8559728 0.1649385
v 0.3760082 0.8919304 0.1649385
v 0.2857973 0.9198820 0.1649385
v 0.1939309 0.9400746 0.1649385
v 0.1009480 0.9526951 0.1649385
v 0.0072895 0.9578119 0.1649385
v -0.0866301 0.9553458 0.1649385
v -0.1803465 0.9450744 0.1649385
v -0.2732774 0.9266694 0.1649385
v -0.3646734 0.8997623 0.1649385
v -0.4535989 0.8640261 0.1649385
v -0.5389456 0.8192631 0.1649385
v -0.6194786 0.7654837 0.1649385
v -0.6939099 0.7029639 0.1649385
v -0.7609882 0.6322737 0.1649385
v -0.8195933 0.5542700 0.1649385
v -0.8688214 0.4700556 0.1649385
v -0.9080481 0.3809098 0.1649385
v -0.9369619 0.2882001 0.1649385
v -0.9555620 0.1932876 0.1649385
v -0.9641217 0.0974402 0.1649385
v -0.9631227 0.0017646 0.1649385
v -0.9531713 -0.0928326 0.1649385
v -0.9349076 -0.1856501 0.1649385
v -0.9089225 -0.2761653 0.1649385
v -0.8756940 -0.3639792 0.1649385
v -0.8355529 -0.4487441 0.1649385
v -0.7886819 -0.5300865 0.1649385
v -0.7351469 -0.6075372 0.1649385
v -0.6749573 -0.6804822 0.1649385
v -0.6081430 -0.7481421 0.1649385
v -0.5348372 -0.8095853 0.1649385
v -0.4553503 -0.8637736 0.1649385
v -0.3702245 -0.9096347 0.1649385
v -0.2802578 -0.9461517 0.1649385
v -0.1864952 -0.9724567 0.1649385
v -0.0901855 -0.9879151 0.1649385
v 0.0072895 -0.9921881 0.1649385
v 0.1045033 -0.9852644 0.1649385
v 0.2000796 -0.9674569 0.1649385
v 0.2927778 -0.9393642 0.1649385
v 0.3815593 -0.9018028 0.1649385
v 0.4656247 -0.8557204 0.1649385
v 0.5444164 -0.8021026 0.1649385
v 0.6175883 -0.7418867 0.1649385
v 0.6849484 -0.6758943 0.1649385
v 0.7463822 -0.6047932 0.1649385
v 0.8017724 -0.5290920 0.1649385
v 0.8509251 -0.4491681 0.1649385
v 0.8935170 -0.3653229 0.1649385
v 0.9290717 -0.2778550 0.1649385
v 0.9569693 -0.1871385 0.1649385
v 0.9764886 -0.0936932 0.1649385
v 1.0625415 0.0005619 0.1134754
v 1.0618910 0.1047373 0.1134754
v 1.0504128 0.2086703 0.1134754
v 1.0278461 0.3110873 0.1134754
v 0.9941780 0.4106320 0.1134754
v 0.9496747 0.5059387 0.1134754
v 0.8948840 0.5957105 0.1134754
v 0.8306094 0.6787941 0.1134754
v 0.7578588 0.7542396 0.1134754
v 0.6777742 0.8213375 0.1134754
v 0.5915543 0.8796279 0.1134754
v 0.5003784 0.9288817 0.1134754
v 0.4053448 0.9690567 0.1134754
v 0.3074291 1.0002364 0.1134754
v 0.2074694 1.0225611 0.1134754
v 0.1061789 1.0361621 0.1134754
v 0.0041812 1.0411093 0.1134754
v -0.0979366 1.0373814 0.1134754
v -0.1995646 1.0248609 0.1134754
v -0.3000139 1.0033586 0.1134754
v -0.3984747 0.9726593 0.1134754
v -0.4939961 0.9325861 0.1134754
v -0.5854918 0.8830698 0.1134754
v -0.6717733 0.8242148 0.1134754
v -0.7516068 0.7563499 0.1134754
v -0.8237851 0.6800563 0.1134754
v -0.8872063 0.5961680 0.1134754
v -0.9409475 0.5057437 0.1134754
v -0.9843235 0.4100139 0.1134754
v -1.0169215 0.3103100 0.1134754
v -1.0386086 0.2079857 0.1134754
v -1.0495092 0.1043414 0.1134754
v -1.0499585 0.0005619 0.1134754
v -1.0404367 -0.1023240 0.1134754
v -1.0214961 -0.2034580 0.1134754
v -0.9936903 -0.3021391 0.1134754
v -0.9575175 -0.3977867 0.1134754
v -0.9133840 -0.4898869 0.1134754
v -0.8615956 -0.5779316 0.1134754
v -0.8023751 -0.6613617 0.1134754
v -0.7359043 -0.7395235 0.1134754
v -0.6623816 -0.8116471 0.1134754
v -0.5820879 -0.8768517 0.1134754
v -0.4954472 -0.9341770 0.1134754
v -0.4030739 -0.9826388 0.1134754
v -0.3057973 -1.0213000 0.1134754
v -0.2046589 -1.0493478 0.1134754
v -0.1008823 -1.0661657 0.1134754
v 0.0041812 -1.0713907 0.1134754
v 0.1091246 -1.0649464 0.1134754
v 0.2125637 -1.0470480 0.1134754
v 0.3132125 -1.0181779 0.1134754
v 0.4099440 -0.9790362 0.1134754
v 0.5018295 -0.9304726 0.1134754
v 0.5881504 -0.8734097 0.1134754
v 0.6683825 -0.8087697 0.1134754
v 0.7421562 -0.7374132 0.1134754
v 0.8091995 -0.6600995 0.1134754
v 0.8692733 -0.5774741 0.1134754
v 0.9221112 -0.4900819 0.1134754
v 0.9673720 -0.3984048 0.1134754
v 1.0046149 -0.3029163 0.1134754
v 1.0333003 -0.2041426 0.1134754
v 1.0528185 -0.1027198 0.1134754
v 1.1400467 0.0001113 0.0669858
v 1.1378174 0.1119922 0.0669858
v 1.1242527 0.2233667 0.0669858
v 1.0992006 0.3329824 0.0669858
v 1.0627154 0.4395271 0.0669858
v 1.0150814 0.5416832 0.0669858
v 0.9568188 0.6381865 0.0669858
v 0.8886662 0.7278847 0.0669858
v 0.8115456 0.8097852 0.0669858
v 0.7265121 0.8830882 0.0669858
v 0.6346958 0.9471994 0.0669858
v 0.5372442 1.0017227 0.0669858
v 0.4352726 1.0464335 0.0669858
v 0.3298280 1.0812383 0.0669858
v 0.2218719 1.1061268 0.0669858
v 0.1122819 1.1211252 0.0669858
v 0.0018717 1.1262563 0.0669858
v -0.1085770 1.1215152 0.0669858
v -0.2182748 1.1068624 0.0669858
v -0.3263875 1.0822369 0.0669858
v -0.4320065 1.0475858 0.0669858
v -0.5341341 1.0029076 0.0669858
v -0.6316880 0.9483003 0.0669858
v -0.7235240 0.8840085 0.0669858
v -0.8084772 0.8104602 0.0669858
v -0.8854147 0.7282884 0.0669858
v -0.9532944 0.6383328 0.0669858
v -1.0112213 0.5416208 0.0669858
v -1.0584947 0.4393294 0.0669858
v -1.0946377 0.3327338 0.0669858
v -1.1194084 0.2231477 0.0669858
v -1.1327884 0.1118655 0.0669858
v -1.1349533 0.0001113 0.0669858
v -1.1262278 -0.1109968 0.0669858
v -1.1070338 -0.2204638 0.0669858
v -1.0778386 -0.3274153 0.0669858
v -1.0391106 -0.4310777 0.0669858
v -0.9912894 -0.5307444 0.0669858
v -0.9347746 -0.6257358 0.0669858
v -0.8699326 -0.7153600 0.0669858
v -0.7971223 -0.7988827 0.0669858
v -0.7167326 -0.8755106 0.0669858
v -0.6292265 -0.9443940 0.0669858
v -0.5351834 -1.0046482 0.0669858
v -0.4353322 -1.0553924 0.0669858
v -0.3305697 -1.0958010 0.0669858
v -0.2219586 -1.1251597 0.0669858
v -0.1107071 -1.1429201 0.0669858
v 0.0018717 -1.1487437 0.0669858
v 0.1144120 -1.1425301 0.0669858
v 0.2255557 -1.1244241 0.0669858
v 0.3340101 -1.0948024 0.0669858
v 0.4385983 -1.0542401 0.0669858
v 0.5382935 -1.0034633 0.0669858
v 0.6322343 -0.9432931 0.0669858
v 0.7197207 -0.8745903 0.0669858
v 0.8001907 -0.7982077 0.0669858
v 0.8731841 -0.7149563 0.0669858
v 0.9382990 -0.6255895 0.0669858
v 0.9951495 -0.5308068 0.0669858
v 1.0433312 -0.4312754 0.0669858
v 1.0824016 -0.3276639 0.0669858
v 1.1118781 -0.2206827 0.0669858
v 1.1312568 -0.1111235 0.0669858
v 1.2193091 0.0000070 0.0272047
v 1.2151964 0.1196472 0.0272047
v 1.1991946 0.2384484 0.0272047
v 1.1713018 0.3551753 0.0272047
v 1.1316796 0.4685699 0.0272047
v 1.0806658 0.5773843 0.0272047
v 1.0187765 0.6804185 0.0272047
v 0.9466961 0.7765557 0.0272047
v 0.8652564 0.8647947 0.0272047
v 0.7754070 0.9442721 0.0272047
v 0.6781810 1.0142752 0.0272047
v 0.5746595 1.0742424 0.0272047
v 0.4659398 1.1237537 0.0272047
v 0.3531108 1.1625121 0.0272047
v 0.2372369 1.1903209 0.0272047
v 0.1193530 1.2070596 0.0272047
v 0.0004687 1.2126639 0.0272047
v -0.1184208 1.2071118 0.0272047
v -0.2363191 1.1904194 0.0272047
v -0.3522140 1.1626459 0.0272047
v -0.4650664 1.1239081 0.0272047
v -0.5738070 1.0744012 0.0272047
v -0.6773422 1.0144227 0.0272047
v -0.7745709 0.9443954 0.0272047
v -0.8644095 0.8648851 0.0272047
v -0.9458246 0.7766098 0.0272047
v -1.0178684 0.6804381 0.0272047
v -1.0797128 0.5773760 0.0272047
v -1.1306783 0.4685434 0.0272047
v -1.1702546 0.3551420 0.0272047
v -1.1981097 0.2384190 0.0272047
v -1.2140868 0.1196302 0.0272047
v -1.2181909 0.0000070 0.0272047
v -1.2105663 -0.1192696 0.0272047
v -1.1914695 -0.2370843 0.0272047
v -1.1612402 -0.3523936 0.0272047
v -1.1202767 -0.4642210 0.0272047
v -1.0690173 -0.5716452 0.0272047
v -1.0079307 -0.6737840 0.0272047
v -0.9375169 -0.7697779 0.0272047
v -0.8583164 -0.8587781 0.0272047
v -0.7709266 -0.9399409 0.0272047
v -0.6760214 -1.0124320 0.0272047
v -0.5743700 -1.0754407 0.0272047
v -0.4668510 -1.1282027 0.0272047
v -0.3544581 -1.1700300 0.0272047
v -0.2382958 -1.2003433 0.0272047
v -0.1195638 -1.2187032 0.0272047
v 0.0004687 -1.2248361 0.0272047
v 0.1204960 -1.2186509 0.0272047
v 0.2392136 -1.2002447 0.0272047
v 0.3553549 -1.1698961 0.0272047
v 0.4677245 -1.1280482 0.0272047
v 0.5752226 -1.0752819 0.0272047
v 0.6768602 -1.0122845 0.0272047
v 0.7717628 -0.9398176 0.0272047
v 0.8591633 -0.8586877 0.0272047
v 0.9383884 -0.7697238 0.0272047
v 1.0088388 -0.6737644 0.0272047
v 1.0699703 -0.5716536 0.0272047
v 1.1212781 -0.4642475 0.0272047
v 1.1622874 -0.3524269 0.0272047
v 1.1925544 -0.2371136 0.0272047
v 1.2116760 -0.1192866 0.0272047
v 1.3000000 0.0000000 0.0000000
v 1.2937401 0.1274223 0.0000000
v 1.2750209 0.2536174 0.0000000
v 1.2440224 0.3773701 0.0000000
v 1.2010434 0.4974885 0.0000000
v 1.1464976 0.6128158 0.0000000
v 1.0809105 0.7222413 0.0000000
v 1.0049136 0.8247113 0.0000000
v 0.9192388 0.9192388 0.0000000
v 0.8247113 1.0049136 0.0000000
v 0.7222413 1.0809105 0.0000000
v 0.6128158 1.1464976 0.0000000
v 0.4974885 1.2010434 0.0000000
v 0.3773701 1.2440224 0.0000000
v 0.2536174 1.2750209 0.0000000
v 0.1274223 1.2937401 0.0000000
v 0.0000000 1.3000000 0.0000000
v -0.1274223 1.2937401 0.0000000
v -0.2536174 1.2750209 0.0000000
v -0.3773701 1.2440224 0.0000000
v -0.4974885 1.2010434 0.0000000
v -0.6128158 1.1464976 0.0000000
v -0.7222413 1.0809105 0.0000000
v -0.8247113 1.0049136 0.0000000
v -0.9192388 0.9192388 0.0000000
v -1.0049136 0.8247113 0.0000000
v -1.0809105 0.7222413 0.0000000
v -1.1464976 0.6128158 0.0000000
v -1.2010434 0.4974885 0.0000000
v -1.2440224 0.3773701 0.0000000
v -1.2750209 0.2536174 0.0000000
v -1.2937401 0.1274223 0.0000000
v -1.3000000 0.0000000 0.0000000
v -1.2937401 -0.1274223 0.0000000
v -1.2750209 -0.2536174 0.0000000
v -1.2440224 -0.3773701 0.0000000
v -1.2010434 -0.4974885 0.0000000
v -1.1464976 -0.6128158 0.0000000
v -1.0809105 -0.7222413 0.0000000
v -1.0049136 -0.8247113 0.0000000
v -0.9192388 -0.9192388 0.0000000
v -0.8247113 -1.0049136 0.0000000
v -0.7222413 -1.0809105 0.0000000
v -0.6128158 -1.1464976 0.0000000
v -0.4974885 -1.2010434 0.0000000
v -0.3773701 -1.2440224 0.0000000
v -0.2536174 -1.2750209 0.0000000
v -0.1274223 -1.2937401 0.0000000
v -0.0000000 -1.3000000 0.0000000
v 0.1274223 -1.2937401 0.0000000
v 0.2536174 -1.2750209 0.0000000
v 0.3773701 -1.2440224 0.0000000
v 0.4974885 -1.2010434 0.0000000
v 0.6128158 -1.1464976 0.0000000
v 0.7222413 -1.0809105 0.0000000
v 0.8247113 -1.0049136 0.0000000
v 0.9192388 -0.9192388 0.0000000
v 1.0049136 -0.8247113 0.0000000
v 1.0809105 -0.7222413 0.0000000
v 1.1464976 -0.6128158 0.0000000
v 1.2010434 -0.4974885 0.0000000
v 1.2440224 -0.3773701 0.0000000
v 1.2750209 -0.2536174 0.0000000
v 1.2937401 -0.1274223 0.0000000
vt 0.5000000 0.5000000
vt 0.4693621 0.4938452
vt 0.4701129 0.4908718
vt 0.4711516 0.4879863
vt 0.4724680 0.4852165
vt 0.4740496 0.4825891
vt 0.4758812 0.4801293
vt 0.4779450 0.4778609
vt 0.4802212 0.4758058
vt 0.4826879 0.4739836
vt 0.4853213 0.4724120
vt 0.4880961 0.4711061
vt 0.4909855 0.4700784
vt 0.4939617 0.4693389
vt 0.4969961 0.4688947
vt 0.5000594 0.4687501
vt 0.5031222 0.4689064
vt 0.5061548 0.4693621
vt 0.5091282 0.4701129
vt 0.5120137 0.4711516
vt 0.5147835 0.4724680
vt 0.5174109 0.4740496
vt 0.5198707 0.4758812
vt 0.5221391 0.4779450
vt 0.5241942 0.4802212
vt 0.5260164 0.4826879
vt 0.5275880 0.4853213
vt 0.5288939 0.4880961
vt 0.5299216 0.4909855
vt 0.5306611 0.4939617
vt 0.5311053 0.4969961
vt 0.5312499 0.5000594
vt 0.5310936 0.5031222
vt 0.5306379 0.5061548
vt 0.5298871 0.5091282
vt 0.5288484 0.5120137
vt 0.5275320 0.5147835
vt 0.5259504 0.5174109
vt 0.5241188 0.5198707
vt 0.5220550 0.5221391
vt 0.5197788 0.5241942
vt 0.5173121 0.5260164
vt 0.5146787 0.5275880
vt 0.5119039 0.5288939
vt 0.5090145 0.5299216
vt 0.5060383 0.5306611
vt 0.5030039 0.5311053
vt 0.4999406 0.5312499
vt 0.4968778 0.5310936
vt 0.4938452 0.5306379
vt 0.4908718 0.5298871
vt 0.4879863 0.5288484
vt 0.4852165 0.5275320
vt 0.4825891 0.5259504
vt 0.4801293 0.5241188
vt 0.4778609 0.5220550
vt 0.4758058 0.5197788
vt 0.4739836 0.5173121
vt 0.4724120 0.5146787
vt 0.4711061 0.5119039
vt 0.4700784 0.5090145
vt 0.4693389 0.5060383
vt 0.4688947 0.5030039
vt 0.4687501 0.4999406
vt 0.4689064 0.4968778
vt 0.4391776 0.5143835
vt 0.4380606 0.5083526
vt 0.4375402 0.5022413
vt 0.4376213 0.4961084
vt 0.4383031 0.4900129
vt 0.4395791 0.4840136
vt 0.4414370 0.4781683
vt 0.4438588 0.4725333
vt 0.4468214 0.4671627
vt 0.4502961 0.4621085
vt 0.4542494 0.4574191
vt 0.4586434 0.4531398
vt 0.4634356 0.4493118
vt 0.4685800 0.4459719
vt 0.4740270 0.4431524
vt 0.4797241 0.4408803
vt 0.4856165 0.4391776
vt 0.4916474 0.4380606
vt 0.4977587 0.4375402
vt 0.5038916 0.4376213
vt 0.5099871 0.4383031
vt 0.5159864 0.4395791
vt 0.5218317 0.4414370
vt 0.5274667 0.4438588
vt 0.5328373 0.4468214
vt 0.5378915 0.4502961
vt 0.5425809 0.4542494
vt 0.5468602 0.4586434
vt 0.5506882 0.4634356
vt 0.5540281 0.4685800
vt 0.5568476 0.4740270
vt 0.5591197 0.4797241
vt 0.5608224 0.4856165
vt 0.5619394 0.4916474
vt 0.5624598 0.4977587
vt 0.5623787 0.5038916
vt 0.5616969 0.5099871
vt 0.5604209 0.5159864
vt 0.5585630 0.5218317
vt 0.5561412 0.5274667
vt 0.5531786 0.5328373
vt 0.5497039 0.5378915
vt 0.5457506 0.5425809
vt 0.5413566 0.5468602
vt 0.5365644 0.5506882
vt 0.5314200 0.5540281
vt 0.5259730 0.5568476
vt 0.5202759 0.5591197
vt 0.5143835 0.5608224
vt 0.5083526 0.5619394
vt 0.5022413 0.5624598
vt 0.4961084 0.5623787
vt 0.4900129 0.5616969
vt 0.4840136 0.5604209
vt 0.4781683 0.5585630
vt 0.4725333 0.5561412
vt 0.4671627 0.5531786
vt 0.4621085 0.5497039
vt 0.4574191 0.5457506
vt 0.4531398 0.5413566
vt 0.4493118 0.5365644
vt 0.4459719 0.5314200
vt 0.4431524 0.5259730
vt 0.4408803 0.5202759
vt 0.4244134 0.5554592
vt 0.4193414 0.5477834
vt 0.4150462 0.5396474
vt 0.4115692 0.5311296
vt 0.4089438 0.5223119
vt 0.4071953 0.5132794
vt 0.4063405 0.5041190
vt 0.4063878 0.4949189
vt 0.4073366 0.4857678
vt 0.4091778 0.4767537
vt 0.4118937 0.4679635
vt 0.4154580 0.4594819
vt 0.4198366 0.4513904
vt 0.4249872 0.4437671
vt 0.4308602 0.4366853
vt 0.4373990 0.4302133
vt 0.4445408 0.4244134
vt 0.4522166 0.4193414
vt 0.4603526 0.4150462
vt 0.4688704 0.4115692
vt 0.4776881 0.4089438
vt 0.4867206 0.4071953
vt 0.4958810 0.4063405
vt 0.5050811 0.4063878
vt 0.5142322 0.4073366
vt 0.5232463 0.4091778
vt 0.5320365 0.4118937
vt 0.5405181 0.4154580
vt 0.5486096 0.4198366
vt 0.5562329 0.4249872
vt 0.5633147 0.4308602
vt 0.5697867 0.4373990
vt 0.5755866 0.4445408
vt 0.5806586 0.4522166
vt 0.5849538 0.4603526
vt 0.5884308 0.4688704
vt 0.5910562 0.4776881
vt 0.5928047 0.4867206
vt 0.5936595 0.4958810
vt 0.5936122 0.5050811
vt 0.5926634 0.5142322
vt 0.5908222 0.5232463
vt 0.5881063 0.5320365
vt 0.5845420 0.5405181
vt 0.5801634 0.5486096
vt 0.5750128 0.5562329
vt 0.5691398 0.5633147
vt 0.5626010 0.5697867
vt 0.5554592 0.5755866
vt 0.5477834 0.5806586
vt 0.5396474 0.5849538
vt 0.5311296 0.5884308
vt 0.5223119 0.5910562
vt 0.5132794 0.5928047
vt 0.5041190 0.5936595
vt 0.4949189 0.5936122
vt 0.4857678 0.5926634
vt 0.4767537 0.5908222
vt 0.4679635 0.5881063
vt 0.4594819 0.5845420
vt 0.4513904 0.5801634
vt 0.4437671 0.5750128
vt 0.4366853 0.5691398
vt 0.4302133 0.5626010
vt 0.4328933 0.6054594
vt 0.4228796 0.5983740
vt 0.4136086 0.5903412
vt 0.4051696 0.5814383
vt 0.3976439 0.5717511
vt 0.3911039 0.5613730
vt 0.3856127 0.5504038
vt 0.3812231 0.5389492
vt 0.3779773 0.5271194
vt 0.3759067 0.5150285
vt 0.3750312 0.5027929
vt 0.3753592 0.4905304
vt 0.3768876 0.4783590
vt 0.3796016 0.4663961
vt 0.3834751 0.4547568
vt 0.3884708 0.4435532
vt 0.3945406 0.4328933
vt 0.4016260 0.4228796
vt 0.4096588 0.4136086
vt 0.4185617 0.4051696
vt 0.4282489 0.3976439
vt 0.4386270 0.3911039
vt 0.4495962 0.3856127
vt 0.4610508 0.3812231
vt 0.4728806 0.3779773
vt 0.4849715 0.3759067
vt 0.4972071 0.3750312
vt 0.5094696 0.3753592
vt 0.5216410 0.3768876
vt 0.5336039 0.3796016
vt 0.5452432 0.3834751
vt 0.5564468 0.3884708
vt 0.5671067 0.3945406
vt 0.5771204 0.4016260
vt 0.5863914 0.4096588
vt 0.5948304 0.4185617
vt 0.6023561 0.4282489
vt 0.6088961 0.4386270
vt 0.6143873 0.4495962
vt 0.6187769 0.4610508
vt 0.6220227 0.4728806
vt 0.6240933 0.4849715
vt 0.6249688 0.4972071
vt 0.6246408 0.5094696
vt 0.6231124 0.5216410
vt 0.6203984 0.5336039
vt 0.6165249 0.5452432
vt 0.6115292 0.5564468
vt 0.6054594 0.5671067
vt 0.5983740 0.5771204
vt 0.5903412 0.5863914
vt 0.5814383 0.5948304
vt 0.5717511 0.6023561
vt 0.5613730 0.6088961
vt 0.5504038 0.6143873
vt 0.5389492 0.6187769
vt 0.5271194 0.6220227
vt 0.5150285 0.6240933
vt 0.5027929 0.6249688
vt 0.4905304 0.6246408
vt 0.4783590 0.6231124
vt 0.4663961 0.6203984
vt 0.4547568 0.6165249
vt 0.4435532 0.6115292
vt 0.4650943 0.6523012
vt 0.4503343 0.6481465
vt 0.4360525 0.6425650
vt 0.4223867 0.6356106
vt 0.4094682 0.6273501
vt 0.3974217 0.6178633
vt 0.3863630 0.6072413
vt 0.3763987 0.5955865
vt 0.3676248 0.5830112
vt 0.3601257 0.5696364
vt 0.3539736 0.5555910
vt 0.3492279 0.5410102
vt 0.3459342 0.5260345
vt 0.3441243 0.5108081
vt 0.3438155 0.4954775
vt 0.3450108 0.4801905
vt 0.3476988 0.4650943
vt 0.3518535 0.4503343
vt 0.3574350 0.4360525
vt 0.3643894 0.4223867
vt 0.3726499 0.4094682
vt 0.3821367 0.3974217
vt 0.3927587 0.3863630
vt 0.4044135 0.3763987
vt 0.4169888 0.3676248
vt 0.4303636 0.3601257
vt 0.4444090 0.3539736
vt 0.4589898 0.3492279
vt 0.4739655 0.3459342
vt 0.4891919 0.3441243
vt 0.5045225 0.3438155
vt 0.5198095 0.3450108
vt 0.5349057 0.3476988
vt 0.5496657 0.3518535
vt 0.5639475 0.3574350
vt 0.5776133 0.3643894
vt 0.5905318 0.3726499
vt 0.6025783 0.3821367
vt 0.6136370 0.3927587
vt 0.6236013 0.4044135
vt 0.6323752 0.4169888
vt 0.6398743 0.4303636
vt 0.6460264 0.4444090
vt 0.6507721 0.4589898
vt 0.6540658 0.4739655
vt 0.6558757 0.4891919
vt 0.6561845 0.5045225
vt 0.6549892 0.5198095
vt 0.6523012 0.5349057
vt 0.6481465 0.5496657
vt 0.6425650 0.5639475
vt 0.6356106 0.5776133
vt 0.6273501 0.5905318
vt 0.6178633 0.6025783
vt 0.6072413 0.6136370
vt 0.5955865 0.6236013
vt 0.5830112 0.6323752
vt 0.5696364 0.6398743
vt 0.5555910 0.6460264
vt 0.5410102 0.6507721
vt 0.5260345 0.6540658
vt 0.5108081 0.6558757
vt 0.4954775 0.6561845
vt 0.4801905 0.6549892
vt 0.5161838 0.6868003
vt 0.4977963 0.6874870
vt 0.4794299 0.6863682
vt 0.4612617 0.6834546
vt 0.4434666 0.6787742
vt 0.4262158 0.6723721
vt 0.4096757 0.6643100
vt 0.3940055 0.6546655
vt 0.3793560 0.6435314
vt 0.3658684 0.6310151
vt 0.3536725 0.6172370
vt 0.3428859 0.6023299
vt 0.3336124 0.5864373
vt 0.3259412 0.5697122
vt 0.3199464 0.5523158
vt 0.3156855 0.5344155
vt 0.3131997 0.5161838
vt 0.3125130 0.4977963
vt 0.3136318 0.4794299
vt 0.3165454 0.4612617
vt 0.3212258 0.4434666
vt 0.3276279 0.4262158
vt 0.3356900 0.4096757
vt 0.3453345 0.3940055
vt 0.3564686 0.3793560
vt 0.3689849 0.3658684
vt 0.3827630 0.3536725
vt 0.3976701 0.3428859
vt 0.4135627 0.3336124
vt 0.4302878 0.3259412
vt 0.4476842 0.3199464
vt 0.4655845 0.3156855
vt 0.4838162 0.3131997
vt 0.5022037 0.3125130
vt 0.5205701 0.3136318
vt 0.5387383 0.3165454
vt 0.5565334 0.3212258
vt 0.5737842 0.3276279
vt 0.5903243 0.3356900
vt 0.6059945 0.3453345
vt 0.6206440 0.3564686
vt 0.6341316 0.3689849
vt 0.6463275 0.3827630
vt 0.6571141 0.3976701
vt 0.6663876 0.4135627
vt 0.6740588 0.4302878
vt 0.6800536 0.4476842
vt 0.6843145 0.4655845
vt 0.6868003 0.4838162
vt 0.6874870 0.5022037
vt 0.6863682 0.5205701
vt 0.6834546 0.5387383
vt 0.6787742 0.5565334
vt 0.6723721 0.5737842
vt 0.6643100 0.5903243
vt 0.6546655 0.6059945
vt 0.6435314 0.6206440
vt 0.6310151 0.6341316
vt 0.6172370 0.6463275
vt 0.6023299 0.6571141
vt 0.5864373 0.6663876
vt 0.5697122 0.6740588
vt 0.5523158 0.6800536
vt 0.5344155 0.6843145
vt 0.5787877 0.7040688
vt 0.5584061 0.7108087
vt 0.5374620 0.7155184
vt 0.5161571 0.7181525
vt 0.4946966 0.7186857
vt 0.4732872 0.7171128
vt 0.4521350 0.7134491
vt 0.4314439 0.7077297
vt 0.4114129 0.7000097
vt 0.3922351 0.6903636
vt 0.3740951 0.6788841
vt 0.3571677 0.6656819
vt 0.3416158 0.6508841
vt 0.3275892 0.6346332
vt 0.3152231 0.6170856
vt 0.3046364 0.5984105
vt 0.2959312 0.5787877
vt 0.2891913 0.5584061
vt 0.2844816 0.5374620
vt 0.2818475 0.5161571
vt 0.2813143 0.4946966
vt 0.2828872 0.4732872
vt 0.2865509 0.4521350
vt 0.2922703 0.4314439
vt 0.2999903 0.4114129
vt 0.3096364 0.3922351
vt 0.3211159 0.3740951
vt 0.3343181 0.3571677
vt 0.3491159 0.3416158
vt 0.3653668 0.3275892
vt 0.3829144 0.3152231
vt 0.4015895 0.3046364
vt 0.4212123 0.2959312
vt 0.4415939 0.2891913
vt 0.4625380 0.2844816
vt 0.4838429 0.2818475
vt 0.5053034 0.2813143
vt 0.5267128 0.2828872
vt 0.5478650 0.2865509
vt 0.5685561 0.2922703
vt 0.5885871 0.2999903
vt 0.6077649 0.3096364
vt 0.6259049 0.3211159
vt 0.6428323 0.3343181
vt 0.6583842 0.3491159
vt 0.6724108 0.3653668
vt 0.6847769 0.3829144
vt 0.6953636 0.4015895
vt 0.7040688 0.4212123
vt 0.7108087 0.4415939
vt 0.7155184 0.4625380
vt 0.7181525 0.4838429
vt 0.7186857 0.5053034
vt 0.7171128 0.5267128
vt 0.7134491 0.5478650
vt 0.7077297 0.5685561
vt 0.7000097 0.5885871
vt 0.6903636 0.6077649
vt 0.6788841 0.6259049
vt 0.6656819 0.6428323
vt 0.6508841 0.6583842
vt 0.6346332 0.6724108
vt 0.6170856 0.6847769
vt 0.5984105 0.6953636
vt 0.6454208 0.7033539
vt 0.6247884 0.7166284
vt 0.6029542 0.7278167
vt 0.5801285 0.7368109
vt 0.5565311 0.7435246
vt 0.5323893 0.7478930
vt 0.5079356 0.7498740
vt 0.4834054 0.7494486
vt 0.4590351 0.7466209
vt 0.4350593 0.7414181
vt 0.4117089 0.7338903
vt 0.3892088 0.7241100
vt 0.3677756 0.7121714
vt 0.3476159 0.6981895
vt 0.3289237 0.6822989
vt 0.3118791 0.6646527
vt 0.2966461 0.6454208
vt 0.2833716 0.6247884
vt 0.2721833 0.6029542
vt 0.2631891 0.5801285
vt 0.2564754 0.5565311
vt 0.2521070 0.5323893
vt 0.2501260 0.5079356
vt 0.2505514 0.4834054
vt 0.2533791 0.4590351
vt 0.2585819 0.4350593
vt 0.2661097 0.4117089
vt 0.2758900 0.3892088
vt 0.2878286 0.3677756
vt 0.3018105 0.3476159
vt 0.3177011 0.3289237
vt 0.3353473 0.3118791
vt 0.3545792 0.2966461
vt 0.3752116 0.2833716
vt 0.3970458 0.2721833
vt 0.4198715 0.2631891
vt 0.4434689 0.2564754
vt 0.4676107 0.2521070
vt 0.4920644 0.2501260
vt 0.5165946 0.2505514
vt 0.5409649 0.2533791
vt 0.5649407 0.2585819
vt 0.5882911 0.2661097
vt 0.6107912 0.2758900
vt 0.6322244 0.2878286
vt 0.6523841 0.3018105
vt 0.6710763 0.3177011
vt 0.6881209 0.3353473
vt 0.7033539 0.3545792
vt 0.7166284 0.3752116
vt 0.7278167 0.3970458
vt 0.7368109 0.4198715
vt 0.7435246 0.4434689
vt 0.7478930 0.4676107
vt 0.7498740 0.4920644
vt 0.7494486 0.5165946
vt 0.7466209 0.5409649
vt 0.7414181 0.5649407
vt 0.7338903 0.5882911
vt 0.7241100 0.6107912
vt 0.7121714 0.6322244
vt 0.6981895 0.6523841
vt 0.6822989 0.6710763
vt 0.6646527 0.6881209
vt 0.7100778 0.6869997
vt 0.6907370 0.7066905
vt 0.6695593 0.7243907
vt 0.6467487 0.7399299
vt 0.6225248 0.7531585
vt 0.5971210 0.7639490
vt 0.5707818 0.7721975
vt 0.5437609 0.7778247
vt 0.5163186 0.7807762
vt 0.4887192 0.7810237
vt 0.4612284 0.7785648
vt 0.4341109 0.7734231
vt 0.4076281 0.7656482
vt 0.3820348 0.7553150
vt 0.3575776 0.7425230
vt 0.3344919 0.7273954
vt 0.3130003 0.7100778
vt 0.2933095 0.6907370
vt 0.2756093 0.6695593
vt 0.2600701 0.6467487
vt 0.2468415 0.6225248
vt 0.2360510 0.5971210
vt 0.2278025 0.5707818
vt 0.2221753 0.5437609
vt 0.2192238 0.5163186
vt 0.2189763 0.4887192
vt 0.2214352 0.4612284
vt 0.2265769 0.4341109
vt 0.2343518 0.4076281
vt 0.2446850 0.3820348
vt 0.2574770 0.3575776
vt 0.2726046 0.3344919
vt 0.2899222 0.3130003
vt 0.3092630 0.2933095
vt 0.3304407 0.2756093
vt 0.3532513 0.2600701
vt 0.3774752 0.2468415
vt 0.4028790 0.2360510
vt 0.4292182 0.2278025
vt 0.4562391 0.2221753
vt 0.4836814 0.2192238
vt 0.5112808 0.2189763
vt 0.5387716 0.2214352
vt 0.5658891 0.2265769
vt 0.5923719 0.2343518
vt 0.6179652 0.2446850
vt 0.6424224 0.2574770
vt 0.6655081 0.2726046
vt 0.6869997 0.2899222
vt 0.7066905 0.3092630
vt 0.7243907 0.3304407
vt 0.7399299 0.3532513
vt 0.7531585 0.3774752
vt 0.7639490 0.4028790
vt 0.7721975 0.4292182
vt 0.7778247 0.4562391
vt 0.7807762 0.4836814
vt 0.7810237 0.5112808
vt 0.7785648 0.5387716
vt 0.7734231 0.5658891
vt 0.7656482 0.5923719
vt 0.7553150 0.6179652
vt 0.7425230 0.6424224
vt 0.7273954 0.6655081
vt 0.7689335 0.6591573
vt 0.7520383 0.6847510
vt 0.7327159 0.7085654
vt 0.7111524 0.7303713
vt 0.6875553 0.7499585
vt 0.6621519 0.7671385
vt 0.6351870 0.7817459
vt 0.6069201 0.7936398
vt 0.5776235 0.8027059
vt 0.5475794 0.8088567
vt 0.5170770 0.8120331
vt 0.4864102 0.8122044
vt 0.4558742 0.8093690
vt 0.4257633 0.8035542
vt 0.3963672 0.7948160
vt 0.3679692 0.7832386
vt 0.3408427 0.7689335
vt 0.3152490 0.7520383
vt 0.2914346 0.7327159
vt 0.2696287 0.7111524
vt 0.2500415 0.6875553
vt 0.2328615 0.6621519
vt 0.2182541 0.6351870
vt 0.2063602 0.6069201
vt 0.1972941 0.5776235
vt 0.1911433 0.5475794
vt 0.1879669 0.5170770
vt 0.1877956 0.4864102
vt 0.1906310 0.4558742
vt 0.1964458 0.4257633
vt 0.2051840 0.3963672
vt 0.2167614 0.3679692
vt 0.2310665 0.3408427
vt 0.2479617 0.3152490
vt 0.2672841 0.2914346
vt 0.2888476 0.2696287
vt 0.3124447 0.2500415
vt 0.3378481 0.2328615
vt 0.3648130 0.2182541
vt 0.3930799 0.2063602
vt 0.4223765 0.1972941
vt 0.4524206 0.1911433
vt 0.4829230 0.1879669
vt 0.5135898 0.1877956
vt 0.5441258 0.1906310
vt 0.5742367 0.1964458
vt 0.6036328 0.2051840
vt 0.6320308 0.2167614
vt 0.6591573 0.2310665
vt 0.6847510 0.2479617
vt 0.7085654 0.2672841
vt 0.7303713 0.2888476
vt 0.7499585 0.3124447
vt 0.7671385 0.3378481
vt 0.7817459 0.3648130
vt 0.7936398 0.3930799
vt 0.8027059 0.4223765
vt 0.8088567 0.4524206
vt 0.8120331 0.4829230
vt 0.8122044 0.5135898
vt 0.8093690 0.5441258
vt 0.8035542 0.5742367
vt 0.7948160 0.6036328
vt 0.7832386 0.6320308
vt 0.8203514 0.6246558
vt 0.8065904 0.6554554
vt 0.7898768 0.6847580
vt 0.7703715 0.7122812
vt 0.7482624 0.7377601
vt 0.7237624 0.7609492
vt 0.6971074 0.7816252
vt 0.6685542 0.7995890
vt 0.6383777 0.8146676
vt 0.6068686 0.8267157
vt 0.5743302 0.8356175
vt 0.5410760 0.8412870
vt 0.5074263 0.8436698
vt 0.4737050 0.8427428
vt 0.4402369 0.8385150
vt 0.4073444 0.8310272
vt 0.3753442 0.8203514
vt 0.3445446 0.8065904
vt 0.3152420 0.7898768
vt 0.2877188 0.7703715
vt 0.2622399 0.7482624
vt 0.2390508 0.7237624
vt 0.2183748 0.6971074
vt 0.2004110 0.6685542
vt 0.1853324 0.6383777
vt 0.1732843 0.6068686
vt 0.1643825 0.5743302
vt 0.1587130 0.5410760
vt 0.1563302 0.5074263
vt 0.1572572 0.4737050
vt 0.1614850 0.4402369
vt 0.1689728 0.4073444
vt 0.1796486 0.3753442
vt 0.1934096 0.3445446
vt 0.2101232 0.3152420
vt 0.2296285 0.2877188
vt 0.2517376 0.2622399
vt 0.2762376 0.2390508
vt 0.3028926 0.2183748
vt 0.3314458 0.2004110
vt 0.3616223 0.1853324
vt 0.3931314 0.1732843
vt 0.4256698 0.1643825
vt 0.4589240 0.1587130
vt 0.4925737 0.1563302
vt 0.5262950 0.1572572
vt 0.5597631 0.1614850
vt 0.5926556 0.1689728
vt 0.6246558 0.1796486
vt 0.6554554 0.1934096
vt 0.6847580 0.2101232
vt 0.7122812 0.2296285
vt 0.7377601 0.2517376
vt 0.7609492 0.2762376
vt 0.7816252 0.3028926
vt 0.7995890 0.3314458
vt 0.8146676 0.3616223
vt 0.8267157 0.3931314
vt 0.8356175 0.4256698
vt 0.8412870 0.4589240
vt 0.8436698 0.4925737
vt 0.8427428 0.5262950
vt 0.8385150 0.5597631
vt 0.8310272 0.5926556
vt 0.8644734 0.5882276
vt 0.8540706 0.6235274
vt 0.8402578 0.6576376
vt 0.8231682 0.6902296
vt 0.8029663 0.7209896
vt 0.7798467 0.7496214
vt 0.7540320 0.7758491
vt 0.7257708 0.7994203
vt 0.6953353 0.8201080
vt 0.6630187 0.8377128
vt 0.6291320 0.8520652
vt 0.5940018 0.8630271
vt 0.5579663 0.8704928
vt 0.5213725 0.8743905
vt 0.4845729 0.8746825
vt 0.4479219 0.8713662
vt 0.4117724 0.8644734
vt 0.3764726 0.8540706
vt 0.3423624 0.8402578
vt 0.3097704 0.8231682
vt 0.2790104 0.8029663
vt 0.2503786 0.7798467
vt 0.2241509 0.7540320
vt 0.2005797 0.7257708
vt 0.1798920 0.6953353
vt 0.1622872 0.6630187
vt 0.1479348 0.6291320
vt 0.1369729 0.5940018
vt 0.1295072 0.5579663
vt 0.1256095 0.5213725
vt 0.1253175 0.4845729
vt 0.1286338 0.4479219
vt 0.1355266 0.4117724
vt 0.1459294 0.3764726
vt 0.1597422 0.3423624
vt 0.1768318 0.3097704
vt 0.1970337 0.2790104
vt 0.2201533 0.2503786
vt 0.2459680 0.2241509
vt 0.2742292 0.2005797
vt 0.3046647 0.1798920
vt 0.3369813 0.1622872
vt 0.3708680 0.1479348
vt 0.4059982 0.1369729
vt 0.4420337 0.1295072
vt 0.4786275 0.1256095
vt 0.5154271 0.1253175
vt 0.5520781 0.1286338
vt 0.5882276 0.1355266
vt 0.6235274 0.1459294
vt 0.6576376 0.1597422
vt 0.6902296 0.1768318
vt 0.7209896 0.1970337
vt 0.7496214 0.2201533
vt 0.7758491 0.2459680
vt 0.7994203 0.2742292
vt 0.8201080 0.3046647
vt 0.8377128 0.3369813
vt 0.8520652 0.3708680
vt 0.8630271 0.4059982
vt 0.8704928 0.4420337
vt 0.8743905 0.4786275
vt 0.8746825 0.5154271
vt 0.8713662 0.5520781
vt 0.9026302 0.5541112
vt 0.8953876 0.5933153
vt 0.8843372 0.6316207
vt 0.8695854 0.6686585
vt 0.8512743 0.7040721
vt 0.8295803 0.7375203
vt 0.8047122 0.7686811
vt 0.7769096 0.7972544
vt 0.7464401 0.8229649
vt 0.7135974 0.8455651
vt 0.6786975 0.8648373
vt 0.6420768 0.8805959
vt 0.6040877 0.8926892
vt 0.5650962 0.9010007
vt 0.5254778 0.9054503
vt 0.4856140 0.9059952
vt 0.4458888 0.9026302
vt 0.4066847 0.8953876
vt 0.3683793 0.8843372
vt 0.3313415 0.8695854
vt 0.2959279 0.8512743
vt 0.2624797 0.8295803
vt 0.2313189 0.8047122
vt 0.2027456 0.7769096
vt 0.1770351 0.7464401
vt 0.1544349 0.7135974
vt 0.1351627 0.6786975
vt 0.1194041 0.6420768
vt 0.1073108 0.6040877
vt 0.0989993 0.5650962
vt 0.0945497 0.5254778
vt 0.0940048 0.4856140
vt 0.0973698 0.4458888
vt 0.1046124 0.4066847
vt 0.1156628 0.3683793
vt 0.1304146 0.3313415
vt 0.1487257 0.2959279
vt 0.1704197 0.2624797
vt 0.1952878 0.2313189
vt 0.2230904 0.2027456
vt 0.2535599 0.1770351
vt 0.2864026 0.1544349
vt 0.3213025 0.1351627
vt 0.3579232 0.1194041
vt 0.3959123 0.1073108
vt 0.4349038 0.0989993
vt 0.4745222 0.0945497
vt 0.5143860 0.0940048
vt 0.5541112 0.0973698
vt 0.5933153 0.1046124
vt 0.6316207 0.1156628
vt 0.6686585 0.1304146
vt 0.7040721 0.1487257
vt 0.7375203 0.1704197
vt 0.7686811 0.1952878
vt 0.7972544 0.2230904
vt 0.8229649 0.2535599
vt 0.8455651 0.2864026
vt 0.8648373 0.3213025
vt 0.8805959 0.3579232
vt 0.8926892 0.3959123
vt 0.9010007 0.4349038
vt 0.9054503 0.4745222
vt 0.9059952 0.5143860
vt 0.9367290 0.5259613
vt 0.9320814 0.5686432
vt 0.9232726 0.6106641
vt 0.9103875 0.6516192
vt 0.8935501 0.6911141
vt 0.8729226 0.7287685
vt 0.8487036 0.7642197
vt 0.8211264 0.7971263
vt 0.7904567 0.8271715
vt 0.7569896 0.8540658
vt 0.7210476 0.8775503
vt 0.6829768 0.8973987
vt 0.6431439 0.9134200
vt 0.6019323 0.9254598
vt 0.5597391 0.9334022
vt 0.5169706 0.9371707
vt 0.4740387 0.9367290
vt 0.4313568 0.9320814
vt 0.3893359 0.9232726
vt 0.3483808 0.9103875
vt 0.3088859 0.8935501
vt 0.2712315 0.8729226
vt 0.2357803 0.8487036
vt 0.2028737 0.8211264
vt 0.1728285 0.7904567
vt 0.1459342 0.7569896
vt 0.1224497 0.7210476
vt 0.1026013 0.6829768
vt 0.0865800 0.6431439
vt 0.0745402 0.6019323
vt 0.0665978 0.5597391
vt 0.0628293 0.5169706
vt 0.0632710 0.4740387
vt 0.0679186 0.4313568
vt 0.0767274 0.3893359
vt 0.0896125 0.3483808
vt 0.1064499 0.3088859
vt 0.1270774 0.2712315
vt 0.1512964 0.2357803
vt 0.1788736 0.2028737
vt 0.2095433 0.1728285
vt 0.2430104 0.1459342
vt 0.2789524 0.1224497
vt 0.3170232 0.1026013
vt 0.3568561 0.0865800
vt 0.3980677 0.0745402
vt 0.4402609 0.0665978
vt 0.4830294 0.0628293
vt 0.5259613 0.0632710
vt 0.5686432 0.0679186
vt 0.6106641 0.0767274
vt 0.6516192 0.0896125
vt 0.6911141 0.1064499
vt 0.7287685 0.1270774
vt 0.7642197 0.1512964
vt 0.7971263 0.1788736
vt 0.8271715 0.2095433
vt 0.8540658 0.2430104
vt 0.8775503 0.2789524
vt 0.8973987 0.3170232
vt 0.9134200 0.3568561
vt 0.9254598 0.3980677
vt 0.9334022 0.4402609
vt 0.9371707 0.4830294
vt 0.9686984 0.5069578
vt 0.9657595 0.5528647
vt 0.9583351 0.5982626
vt 0.9464966 0.6427141
vt 0.9303582 0.6857912
vt 0.9100752 0.7270791
vt 0.8858429 0.7661800
vt 0.8578948 0.8027175
vt 0.8264999 0.8363397
vt 0.7919607 0.8667227
vt 0.7546097 0.8935740
vt 0.7148067 0.9166349
vt 0.6729350 0.9356834
vt 0.6293978 0.9505361
vt 0.5846145 0.9610498
vt 0.5390162 0.9671234
vt 0.4930422 0.9686984
vt 0.4471353 0.9657595
vt 0.4017374 0.9583351
vt 0.3572859 0.9464966
vt 0.3142088 0.9303582
vt 0.2729209 0.9100752
vt 0.2338200 0.8858429
vt 0.1972825 0.8578948
vt 0.1636603 0.8264999
vt 0.1332773 0.7919607
vt 0.1064260 0.7546097
vt 0.0833651 0.7148067
vt 0.0643166 0.6729350
vt 0.0494639 0.6293978
vt 0.0389502 0.5846145
vt 0.0328766 0.5390162
vt 0.0313016 0.4930422
vt 0.0342405 0.4471353
vt 0.0416649 0.4017374
vt 0.0535034 0.3572859
vt 0.0696418 0.3142088
vt 0.0899248 0.2729209
vt 0.1141571 0.2338200
vt 0.1421052 0.1972825
vt 0.1735001 0.1636603
vt 0.2080393 0.1332773
vt 0.2453903 0.1064260
vt 0.2851933 0.0833651
vt 0.3270650 0.0643166
vt 0.3706022 0.0494639
vt 0.4153855 0.0389502
vt 0.4609838 0.0328766
vt 0.5069578 0.0313016
vt 0.5528647 0.0342405
vt 0.5982626 0.0416649
vt 0.6427141 0.0535034
vt 0.6857912 0.0696418
vt 0.7270791 0.0899248
vt 0.7661800 0.1141571
vt 0.8027175 0.1421052
vt 0.8363397 0.1735001
vt 0.8667227 0.2080393
vt 0.8935740 0.2453903
vt 0.9166349 0.2851933
vt 0.9356834 0.3270650
vt 0.9505361 0.3706022
vt 0.9610498 0.4153855
vt 0.9671234 0.4609838
vt 1.0000000 0.5000000
vt 0.9975924 0.5490086
vt 0.9903926 0.5975452
vt 0.9784702 0.6451423
vt 0.9619398 0.6913417
vt 0.9409606 0.7356984
vt 0.9157348 0.7777851
vt 0.8865052 0.8171966
vt 0.8535534 0.8535534
vt 0.8171966 0.8865052
vt 0.7777851 0.9157348
vt 0.7356984 0.9409606
vt 0.6913417 0.9619398
vt 0.6451423 0.9784702
vt 0.5975452 0.9903926
vt 0.5490086 0.9975924
vt 0.5000000 1.0000000
vt 0.4509914 0.9975924
vt 0.4024548 0.9903926
vt 0.3548577 0.9784702
vt 0.3086583 0.9619398
vt 0.2643016 0.9409606
vt 0.2222149 0.9157348
vt 0.1828034 0.8865052
vt 0.1464466 0.8535534
vt 0.1134948 0.8171966
vt 0.0842652 0.7777851
vt 0.0590394 0.7356984
vt 0.0380602 0.6913417
vt 0.0215298 0.6451423
vt 0.0096074 0.5975452
vt 0.0024076 0.5490086
vt 0.0000000 0.5000000
vt 0.0024076 0.4509914
vt 0.0096074 0.4024548
vt 0.0215298 0.3548577
vt 0.0380602 0.3086583
vt 0.0590394 0.2643016
vt 0.0842652 0.2222149
vt 0.1134948 0.1828034
vt 0.1464466 0.1464466
vt 0.1828034 0.1134948
vt 0.2222149 0.0842652
vt 0.2643016 0.0590394
vt 0.3086583 0.0380602
vt 0.3548577 0.0215298
vt 0.4024548 0.0096074
vt 0.4509914 0.0024076
vt 0.5000000 0.0000000
vt 0.5490086 0.0024076
vt 0.5975452 0.0096074
vt 0.6451423 0.0215298
vt 0.6913417 0.0380602
vt 0.7356984 0.0590394
vt 0.7777851 0.0842652
vt 0.8171966 0.1134948
vt 0.8535534 0.1464466
vt 0.8865052 0.1828034
vt 0.9157348 0.2222149
vt 0.9409606 0.2643016
vt 0.9619398 0.3086583
vt 0.9784702 0.3548577
vt 0.9903926 0.4024548
vt 0.9975924 0.4509914
f 1/1 2/2 3/3
f 1/1 3/3 4/4
f 1/1 4/4 5/5
f 1/1 5/5 6/6
f 1/1 6/6 7/7
f 1/1 7/7 8/8
f 1/1 8/8 9/9
f 1/1 9/9 10/10
f 1/1 10/10 11/11
f 1/1 11/11 12/12
f 1/1 12/12 13/13
f 1/1 13/13 14/14
f 1/1 14/14 15/15
f 1/1 15/15 16/16
f 1/1 16/16 17/17
f 1/1 17/17 18/18
f 1/1 18/18 19/19
f 1/1 19/19 20/20
f 1/1 20/20 21/21
f 1/1 21/21 22/22
f 1/1 22/22 23/23
f 1/1 23/23 24/24
f 1/1 24/24 25/25
f 1/1 25/25 26/26
f 1/1 26/26 27/27
f 1/1 27/27 28/28
f 1/1 28/28 29/29
f 1/1 29/29 30/30
f 1/1 30/30 31/31
f 1/1 31/31 32/32
f 1/1 32/32 33/33
f 1/1 33/33 34/34
f 1/1 34/34 35/35
f 1/1 35/35 36/36
f 1/1 36/36 37/37
f 1/1 37/37 38/38
f 1/1 38/38 39/39
f 1/1 39/39 40/40
f 1/1 40/40 41/41
f 1/1 41/41 42/42
f 1/1 42/42 43/43
f 1/1 43/43 44/44
f 1/1 44/44 45/45
f 1/1 45/45 46/46
f 1/1 46/46 47/47
f 1/1 47/47 48/48
f 1/1 48/48 49/49
f 1/1 49/49 50/50
f 1/1 50/50 51/51
f 1/1 51/51 52/52
f 1/1 52/52 53/53
f 1/1 53/53 54/54
f 1/1 54/54 55/55
f 1/1 55/55 56/56
f 1/1 56/56 57/57
f 1/1 57/57 58/58
f 1/1 58/58 59/59
f 1/1 59/59 60/60
f 1/1 60/60 61/61
f 1/1 61/61 62/62
f 1/1 62/62 63/63
f 1/1 63/63 64/64
f 1/1 64/64 65/65
f 1/1 65/65 2/2
f 2/2 67/67 3/3
f 2/2 66/66 67/67
f 3/3 68/68 4/4
f 3/3 67/67 68/68
f 4/4 69/69 5/5
f 4/4 68/68 69/69
f 5/5 70/70 6/6
f 5/5 69/69 70/70
f 6/6 71/71 7/7
f 6/6 70/70 71/71
f 7/7 72/72 8/8
f 7/7 71/71 72/72
f 8/8 73/73 9/9
f 8/8 72/72 73/73
f 9/9 74/74 10/10
f 9/9 73/73 74/74
f 10/10 75/75 11/11
f 10/10 74/74 75/75
f 11/11 76/76 12/12
f 11/11 75/75 76/76
f 12/12 77/77 13/13
f 12/12 76/76 77/77
f 13/13 78/78 14/14
f 13/13 77/77 78/78
f 14/14 79/79 15/15
f 14/14 78/78 79/79
f 15/15 80/80 16/16
f 15/15 79/79 80/80
f 16/16 81/81 17/17
f 16/16 80/80 81/81
f 17/17 82/82 18/18
f 17/17 81/81 82/82
f 18/18 83/83 19/19
f 18/18 82/82 83/83
f 19/19 84/84 20/20
f 19/19 83/83 84/84
f 20/20 85/85 21/21
f 20/20 84/84 85/85
f 21/21 86/86 22/22
f 21/21 85/85 86/86
f 22/22 87/87 23/23
f 22/22 86/86 87/87
f 23/23 88/88 24/24
f 23/23 87/87 88/88
f 24/24 89/89 25/25
f 24/24 88/88 89/89
f 25/25 90/90 26/26
f 25/25 89/89 90/90
f 26/26 91/91 27/27
f 26/26 90/90 91/91
f 27/27 92/92 28/28
f 27/27 91/91 92/92
f 28/28 93/93 29/29
f 28/28 92/92 93/93
f 29/29 94/94 30/30
f 29/29 93/93 94/94
f 30/30 95/95 31/31
f 30/30 94/94 95/95
f 31/31 96/96 32/32
f 31/31 95/95 96/96
f 32/32 97/97 33/33
f 32/32 96/96 97/97
f 33/33 98/98 34/34
f 33/33 97/97 98/98
f 34/34 99/99 35/35
f 34/34 98/98 99/99
f 35/35 100/100 36/36
f 35/35 99/99 100/100
f 36/36 101/101 37/37
f 36/36 100/100 101/101
f 37/37 102/102 38/38
f 37/37 101/101 102/102
f 38/38 103/103 39/39
f 38/38 102/102 103/103
f 39/39 104/104 40/40
f 39/39 103/103 104/104
f 40/40 105/105 41/41
f 40/40 104/104 105/105
f 41/41 106/106 42/42
f 41/41 105/105 106/106
f 42/42 107/107 43/43
f 42/42 106/106 107/107
f 43/43 108/108 44/44
f 43/43 107/107 108/108
f 44/44 109/109 45/45
f 44/44 108/108 109/109
f 45/45 110/110 46/46
f 45/45 109/109 110/110
f 46/46 111/111 47/47
f 46/46 110/110 111/111
f 47/47 112/112 48/48
f 47/47 111/111 112/112
f 48/48 113/113 49/49
f 48/48 112/112 113/113
f 49/49 114/114 50/50
f 49/49 113/113 114/114
f 50/50 115/115 51/51
f 50/50 114/114 115/115
f 51/51 116/116 52/52
f 51/51 115/115 116/116
f 52/52 117/117 53/53
f 52/52 116/116 117/117
f 53/53 118/118 54/54
f 53/53 117/117 118/118
f 54/54 119/119 55/55
f 54/54 118/118 119/119
f 55/55 120/120 56/56
f 55/55 119/119 120/120
f 56/56 121/121 57/57
f 56/56 120/120 121/121
f 57/57 122/122 58/58
f 57/57 121/121 122/122
f 58/58 123/123 59/59
f 58/58 122/122 123/123
f 59/59 124/124 60/60
f 59/59 123/123 124/124
f 60/60 125/125 61/61
f 60/60 124/124 125/125
f 61/61 126/126 62/62
f 61/61 125/125 126/126
f 62/62 127/127 63/63
f 62/62 126/126 127/127
f 63/63 128/128 64/64
f 63/63 127/127 128/128
f 64/64 129/129 65/65
f 64/64 128/128 129/129
f 65/65 66/66 2/2
f 65/65 129/129 66/66
f 66/66 131/131 67/67
f 66/66 130/130 131/131
f 67/67 132/132 68/68
f 67/67 131/131 132/132
f 68/68 133/133 69/69
f 68/68 132/132 133/133
f 69/69 134/134 70/70
f 69/69 133/133 134/134
f 70/70 135/135 71/71
f 70/70 134/134 135/135
f 71/71 136/136 72/72
f 71/71 135/135 136/136
f 72/72 137/137 73/73
f 72/72 136/136 137/137
f 73/73 138/138 74/74
f 73/73 137/137 138/138
f 74/74 139/139 75/75
f 74/74 138/138 139/139
f 75/75 140/140 76/76
f 75/75 139/139 140/140
f 76/76 141/141 77/77
f 76/76 140/140 141/141
f 77/77 142/142 78/78
f 77/77 141/141 142/142
f 78/78 143/143 79/79
f 78/78 142/142 143/143
f 79/79 144/144 80/80
f 79/79 143/143 144/144
f 80/80 145/145 81/81
f 80/80 144/144 145/145
f 81/81 146/146 82/82
f 81/81 145/145 146/146
f 82/82 147/147 83/83
f 82/82 146/146 147/147
f 83/83 148/148 84/84
f 83/83 147/147 148/148
f 84/84 149/149 85/85
f 84/84 148/148 149/149
f 85/85 150/150 86/86
f 85/85 149/149 150/150
f 86/86 151/151 87/87
f 86/86 150/150 151/151
f 87/87 152/152 88/88
f 87/87 151/151 152/152
f 88/88 153/153 89/89
f 88/88 152/152 153/153
f 89/89 154/154 90/90
f 89/89 153/153 154/154
f 90/90 155/155 91/91
f 90/90 154/154 155/155
f 91/91 156/156 92/92
f 91/91 155/155 156/156
f 92/92 157/157 93/93
f 92/92 156/156 157/157
f 93/93 158/158 94/94
f 93/93 157/157 158/158
f 94/94 159/159 95/95
f 94/94 158/158 159/159
f 95/95 160/160 96/96
f 95/95 159/159 160/160
f 96/96 161/161 97/97
f 96/96 160/160 161/161
f 97/97 162/162 98/98
f 97/97 161/161 162/162
f 98/98 163/163 99/99
f 98/98 162/162 163/163
f 99/99 164/164 100/100
f 99/99 163/163 164/164
f 100/100 165/165 101/101
f 100/100 164/164 165/165
f 101/101 166/166 102/102
f 101/101 165/165 166/166
f 102/102 167/167 103/103
f 102/102 166/166 167/167
f 103/103 168/168 104/104
f 103/103 167/167 168/168
f 104/104 169/169 105/105
f 104/104 168/168 169/169
f 105/105 170/170 106/106
f 105/105 169/169 170/170
f 106/106 171/171 107/107
f 106/106 170/170 171/171
f 107/107 172/172 108/108
f 107/107 171/171 172/172
f 108/108 173/173 109/109
f 108/108 172/172 173/173
f 109/109 174/174 110/110
f 109/109 173/173 174/174
f 110/110 175/175 111/111
f 110/110 174/174 175/175
f 111/111 176/176 112/112
f 111/111 175/175 176/176
f 112/112 177/177 113/113
f 112/112 176/176 177/177
f 113/113 178/178 114/114
f 113/113 177/177 178/178
f 114/114 179/179 115/115
f 114/114 178/178 179/179
f 115/115 180/180 116/116
f 115/115 179/179 180/180
f 116/116 181/181 117/117
f 116/116 180/180 181/181
f 117/117 182/182 118/118
f 117/117 181/181 182/182
f 118/118 183/183 119/119
f 118/118 182/182 183/183
f 119/119 184/184 120/120
f 119/119 183/183 184/184
f 120/120 185/185 121/121
f 120/120 184/184 185/185
f 121/121 186/186 122/122
f 121/121 185/185 186/186
f 122/122 187/187 123/123
f 122/122 186/186 187/187
f 123/123 188/188 124/124
f 123/123 187/187 188/188
f 124/124 189/189 125/125
f 124/124 188/188 189/189
f 125/125 190/190 126/126
f 125/125 189/189 190/190
f 126/126 191/191 127/127
f 126/126 190/190 191/191
f 127/127 192/192 128/128
f 127/127 191/191 192/192
f 128/128 193/193 129/129
f 128/128 192/192 193/193
f 129/129 130/130 66/66
f 129/129 193/193 130/130
f 130/130 195/195 131/131
f 130/130 194/194 195/195
f 131/131 196/196 132/132
f 131/131 195/195 196/196
f 132/132 197/197 133/133
f 132/132 196/196 197/197
f 133/133 198/198 134/134
f 133/133 197/197 198/198
f 134/134 199/199 135/135
f 134/134 198/198 199/199
f 135/135 200/200 136/136
f 135/135 199/199 200/200
f 136/136 201/201 137/137
f 136/136 200/200 201/201
f 137/137 202/202 138/138
f 137/137 201/201 202/202
f 138/138 203/203 139/139
f 138/138 202/202 203/203
f 139/139 204/204 140/140
f 139/139 203/203 204/204
f 140/140 205/205 141/141
f 140/140 204/204 205/205
f 141/141 206/206 142/142
f 141/141 205/205 206/206
f 142/142 207/207 143/143
f 142/142 206/206 207/207
f 143/143 208/208 144/144
f 143/143 207/207 208/208
f 144/144 209/209 145/145
f 144/144 208/208 209/209
f 145/145 210/210 146/146
f 145/145 209/209 210/210
f 146/146 211/211 147/147
f 146/146 210/210 211/211
f 147/147 212/212 148/148
f 147/147 211/211 212/212
f 148/148 213/213 149/149
f 148/148 212/212 213/213
f 149/149 214/214 150/150
f 149/149 213/213 214/214
f 150/150 215/215 151/151
f 150/150 214/214 215/215
f 151/151 216/216 152/152
f 151/151 215/215 216/216
f 152/152 217/217 153/153
f 152/152 216/216 217/217
f 153/153 218/218 154/154
f 153/153 217/217 218/218
f 154/154 219/219 155/155
f 154/154 218/218 219/219
f 155/155 220/220 156/156
f 155/155 219/219 220/220
f 156/156 221/221 157/157
f 156/156 220/220 221/221
f 157/157 222/222 158/158
f 157/157 221/221 222/222
f 158/158 223/223 159/159
f 158/158 222/222 223/223
f 159/159 224/224 160/160
f 159/159 223/223 224/224
f 160/160 225/225 161/161
f 160/160 224/224 225/225
f 161/161 226/226 162/162
f 161/161 225/225 226/226
f 162/162 227/227 163/163
f 162/162 226/226 227/227
f 163/163 228/228 164/164
f 163/163 227/227 228/228
f 164/164 229/229 165/165
f 164/164 228/228 229/229
f 165/165 230/230 166/166
f 165/165 229/229 230/230
f 166/166 231/231 167/167
f 166/166 230/230 231/231
f 167/167 232/232 168/168
f 167/167 231/231 232/232
f 168/168 233/233 169/169
f 168/168 232/232 233/233
f 169/169 234/234 170/170
f 169/169 233/233 234/234
f 170/170 235/235 171/171
f 170/170 234/234 235/235
f 171/171 236/236 172/172
f 171/171 235/235 236/236
f 172/172 237/237 173/173
f 172/172 236/236 237/237
f 173/173 238/238 174/174
f 173/173 237/237 238/238
f 174/174 239/239 175/175
f 174/174 238/238 239/239
f 175/175 240/240 176/176
f 175/175 239/239 240/240
f 176/176 241/241 177/177
f 176/176 240/240 241/241
f 177/177 242/242 178/178
f 177/177 241/241 242/242
f 178/178 243/243 179/179
f 178/178 242/242 243/243
f 179/179 244/244 180/180
f 179/179 243/243 244/244
f 180/180 245/245 181/181
f 180/180 244/244 245/245
f 181/181 246/246 182/182
f 181/181 245/245 246/246
f 182/182 247/247 183/183
f 182/182 246/246 247/247
f 183/183 248/248 184/184
f 183/183 247/247 248/248
f 184/184 249/249 185/185
f 184/184 248/248 249/249
f 185/185 250/250 186/186
f 185/185 249/249 250/250
f 186/186 251/251 187/187
f 186/186 250/250 251/251
f 187/187 252/252 188/188
f 187/187 251/251 252/252
f 188/188 253/253 189/189
f 188/188 252/252 253/253
f 189/189 254/254 190/190
f 189/189 253/253 254/254
f 190/190 255/255 191/191
f 190/190 254/254 255/255
f 191/191 256/256 192/192
f 191/191 255/255 256/256
f 192/192 257/257 193/193
f 192/192 256/256 257/257
f 193/193 194/194 130/130
f 193/193 257/257 194/194
f 194/194 259/259 195/195
f 194/194 258/258 259/259
f 195/195 260/260 196/196
f 195/195 259/259 260/260
f 196/196 261/261 197/197
f 196/196 260/260 261/261
f 197/197 262/262 198/198
f 197/197 261/261 262/262
f 198/198 263/263 199/199
f 198/198 262/262 263/263
f 199/199 264/264 200/200
f 199/199 263/263 264/264
f 200/200 265/265 201/201
f 200/200 264/264 265/265
f 201/201 266/266 202/202
f 201/201 265/265 266/266
f 202/202 267/267 203/203
f 202/202 266/266 267/267
f 203/203 268/268 204/204
f 203/203 267/267 268/268
f 204/204 269/269 205/205
f 204/204 268/268 269/269
f 205/205 270/270 206/206
f 205/205 269/269 270/270
f 206/206 271/271 207/207
f 206/206 270/270 271/271
f 207/207 272/272 208/208
f 207/207 271/271 272/272
f 208/208 273/273 209/209
f 208/208 272/272 273/273
f 209/209 274/274 210/210
f 209/209 273/273 274/274
f 210/210 275/275 211/211
f 210/210 274/274 275/275
f 211/211 276/276 212/212
f 211/211 275/275 276/276
f 212/212 277/277 213/213
f 212/212 276/276 277/277
f 213/213 278/278 214/214
f 213/213 277/277 278/278
f 214/214 279/279 215/215
f 214/214 278/278 279/279
f 215/215 280/280 216/216
f 215/215 279/279 280/280
f 216/216 281/281 217/217
f 216/216 280/280 281/281
f 217/217 282/282 218/218
f 217/217 281/281 282/282
f 218/218 283/283 219/219
f 218/218 282/282 283/283
f 219/219 284/284 220/220
f 219/219 283/283 284/284
f 220/220 285/285 221/221
f 220/220 284/284 285/285
f 221/221 286/286 222/222
f 221/221 285/285 286/286
f 222/222 287/287 223/223
f 222/222 286/286 287/287
f 223/223 288/288 224/224
f 223/223 287/287 288/288
f 224/224 289/289 225/225
f 224/224 288/288 289/289
f 225/225 290/290 226/226
f 225/225 289/289 290/290
f 226/226 291/291 227/227
f 226/226 290/290 291/291
f 227/227 292/292 228/228
f 227/227 291/291 292/292
f 228/228 293/293 229/229
f 228/228 292/292 293/293
f 229/229 294/294 230/230
f 229/229 293/293 294/294
f 230/230 295/295 231/231
f 230/230 294/294 295/295
f 231/231 296/296 232/232
f 231/231 295/295 296/296
f 232/232 297/297 233/233
f 232/232 296/296 297/297
f 233/233 298/298 234/234
f 233/233 297/297 298/298
f 234/234 299/299 235/235
f 234/234 298/298 299/299
f 235/235 300/300 236/236
f 235/235 299/299 300/300
f 236/236 301/301 237/237
f 236/236 300/300 301/301
f 237/237 302/302 238/238
f 237/237 301/301 302/302
f 238/238 303/303 239/239
f 238/238 302/302 303/303
f 239/239 304/304 240/240
f 239/239 303/303 304/304
f 240/240 305/305 241/241
f 240/240 304/304 305/305
f 241/241 306/306 242/242
f 241/241 305/305 306/306
f 242/242 307/307 243/243
f 242/242 306/306 307/307
f 243/243 308/308 244/244
f 243/243 307/307 308/308
f 244/244 309/309 245/245
f 244/244 308/308 309/309
f 245/245 310/310 246/246
f 245/245 309/309 310/310
f 246/246 311/311 247/247
f 246/246 310/310 311/311
f 247/247 312/312 248/248
f 247/247 311/311 312/312
f 248/248 313/313 249/249
f 248/248 312/312 313/313
f 249/249 314/314 250/250
f 249/249 313/313 314/314
f 250/250 315/315 251/251
f 250/250 314/314 315/315
f 251/251 316/316 252/252
f 251/251 315/315 316/316
f 252/252 317/317 253/253
f 252/252 316/316 317/317
f 253/253 318/318 254/254
f 253/253 317/317 318/318
f 254/254 319/319 255/255
f 254/254 318/318 319/319
f 255/255 320/320 256/256
f 255/255 319/319 320/320
f 256/256 321/321 257/257
f 256/256 320/320 321/321
f 257/257 258/258 194/194
f 257/257 321/321 258/258
f 258/258 323/323 259/259
f 258/258 322/322 323/323
f 259/259 324/324 260/260
f 259/259 323/323 324/324
f 260/260 325/325 261/261
f 260/260 324/324 325/325
f 261/261 326/326 262/262
f 261/261 325/325 326/326
f 262/262 327/327 263/263
f 262/262 326/326 327/327
f 263/263 328/328 264/264
f 263/263 327/327 328/328
f 264/264 329/329 265/265
f 264/264 328/328 329/329
f 265/265 330/330 266/266
f 265/265 329/329 330/330
f 266/266 331/331 267/267
f 266/266 330/330 331/331
f 267/267 332/332 268/268
f 267/267 331/331 332/332
f 268/268 333/333 269/269
f 268/268 332/332 333/333
f 269/269 334/334 270/270
f 269/269 333/333 334/334
f 270/270 335/335 271/271
f 270/270 334/334 335/335
f 271/271 336/336 272/272
f 271/271 335/335 336/336
f 272/272 337/337 273/273
f 272/272 336/336 337/337
f 273/273 338/338 274/274
f 273/273 337/337 338/338
f 274/274 339/339 275/275
f 274/274 338/338 339/339
f 275/275 340/340 276/276
f 275/275 339/339 340/340
f 276/276 341/341 277/277
f 276/276 340/340 341/341
f 277/277 342/342 278/278
f 277/277 341/341 342/342
f 278/278 343/343 279/279
f 278/278 342/342 343/343
f 279/279 344/344 280/280
f 279/279 343/343 344/344
f 280/280 345/345 281/281
f 280/280 344/344 345/345
f 281/281 346/346 282/282
f 281/281 345/345 346/346
f 282/282 347/347 283/283
f 282/282 346/346 347/347
f 283/283 348/348 284/284
f 283/283 347/347 348/348
f 284/284 349/349 285/285
f 284/284 348/348 349/349
f 285/285 350/350 286/286
f 285/285 349/349 350/350
f 286/286 351/351 287/287
f 286/286 350/350 351/351
f 287/287 352/352 288/288
f 287/287 351/351 352/352
f 288/288 353/353 289/289
f 288/288 352/352 353/353
f 289/289 354/354 290/290
f 289/289 353/353 354/354
f 290/290 355/355 291/291
f 290/290 354/354 355/355
f 291/291 356/356 292/292
f 291/291 355/355 356/356
f 292/292 357/357 293/293
f 292/292 356/356 357/357
f 293/293 358/358 294/294
f 293/293 357/357 358/358
f 294/294 359/359 295/295
f 294/294 358/358 359/359
f 295/295 360/360 296/296
f 295/295 359/359 360/360
f 296/296 361/361 297/297
f 296/296 360/360 361/361
f 297/297 362/362 298/298
f 297/297 361/361 362/362
f 298/298 363/363 299/299
f 298/298 362/362 363/363
f 299/299 364/364 300/300
f 299/299 363/363 364/364
f 300/300 365/365 301/301
f 300/300 364/364 365/365
f 301/301 366/366 302/302
f 301/301 365/365 366/366
f 302/302 367/367 303/303
f 302/302 366/366 367/367
f 303/303 368/368 304/304
f 303/303 367/367 368/368
f 304/304 369/369 305/305
f 304/304 368/368 369/369
f 305/305 370/370 306/306
f 305/305 369/369 370/370
f 306/306 371/371 307/307
f 306/306 370/370 371/371
f 307/307 372/372 308/308
f 307/307 371/371 372/372
f 308/308 373/373 309/309
f 308/308 372/372 373/373
f 309/309 374/374 310/310
f 309/309 373/373 374/374
f 310/310 375/375 311/311
f 310/310 374/374 375/375
f 311/311 376/376 312/312
f 311/311 375/375 376/376
f 312/312 377/377 313/313
f 312/312 376/376 377/377
f 313/313 378/378 314/314
f 313/313 377/377 378/378
f 314/314 379/379 315/315
f 314/314 378/378 379/379
f 315/315 380/380 316/316
f 315/315 379/379 380/380
f 316/316 381/381 317/317
f 316/316 380/380 381/381
f 317/317 382/382 318/318
f 317/317 381/381 382/382
f 318/318 383/383 319/319
f 318/318 382/382 383/383
f 319/319 384/384 320/320
f 319/319 383/383 384/384
f 320/320 385/385 321/321
f 320/320 384/384 385/385
f 321/321 322/322 258/258
f 321/321 385/385 322/322
f 322/322 387/387 323/323
f 322/322 386/386 387/387
f 323/323 388/388 324/324
f 323/323 387/387 388/388
f 324/324 389/389 325/325
f 324/324 388/388 389/389
f 325/325 390/390 326/326
f 325/325 389/389 390/390
f 326/326 391/391 327/327
f 326/326 390/390 391/391
f 327/327 392/392 328/328
f 327/327 391/391 392/392
f 328/328 393/393 329/329
f 328/328 392/392 393/393
f 329/329 394/394 330/330
f 329/329 393/393 394/394
f 330/330 395/395 331/331
f 330/330 394/394 395/395
f 331/331 396/396 332/332
f 331/331 395/395 396/396
f 332/332 397/397 333/333
f 332/332 396/396 397/397
f 333/333 398/398 334/334
f 333/333 397/397 398/398
f 334/334 399/399 335/335
f 334/334 398/398 399/399
f 335/335 400/400 336/336
f 335/335 399/399 400/400
f 336/336 401/401 337/337
f 336/336 400/400 401/401
f 337/337 402/402 338/338
f 337/337 401/401 402/402
f 338/338 403/403 339/339
f 338/338 402/402 403/403
f 339/339 404/404 340/340
f 339/339 403/403 404/404
f 340/340 405/405 341/341
f 340/340 404/404 405/405
f 341/341 406/406 342/342
f 341/341 405/405 406/406
f 342/342 407/407 343/343
f 342/342 406/406 407/407
f 343/343 408/408 344/344
f 343/343 407/407 408/408
f 344/344 409/409 345/345
f 344/344 408/408 409/409
f 345/345 410/410 346/346
f 345/345 409/409 410/410
f 346/346 411/411 347/347
f 346/346 410/410 411/411
f 347/347 412/412 348/348
f 347/347 411/411 412/412
f 348/348 413/413 349/349
f 348/348 412/412 413/413
f 349/349 414/414 350/350
f 349/349 413/413 414/414
f 350/350 415/415 351/351
f 350/350 414/414 415/415
f 351/351 416/416 352/352
f 351/351 415/415 416/416
f 352/352 417/417 353/353
f 352/352 416/416 417/417
f 353/353 418/418 354/354
f 353/353 417/417 418/418
f 354/354 419/419 355/355
f 354/354 418/418 419/419
f 355/355 420/420 356/356
f 355/355 419/419 420/420
f 356/356 421/421 357/357
f 356/356 420/420 421/421
f 357/357 422/422 358/358
f 357/357 421/421 422/422
f 358/358 423/423 359/359
f 358/358 422/422 423/423
f 359/359 424/424 360/360
f 359/359 423/423 424/424
f 360/360 425/425 361/361
f 360/360 424/424 425/425
f 361/361 426/426 362/362
f 361/361 425/425 426/426
f 362/362 427/427 363/363
f 362/362 426/426 427/427
f 363/363 428/428 364/364
f 363/363 427/427 428/428
f 364/364 429/429 365/365
f 364/364 428/428 429/429
f 365/365 430/430 366/366
f 365/365 429/429 430/430
f 366/366 431/431 367/367
f 366/366 430/430 431/431
f 367/367 432/432 368/368
f 367/367 431/431 432/432
f 368/368 433/433 369/369
f 368/368 432/432 433/433
f 369/369 434/434 370/370
f 369/369 433/433 434/434
f 370/370 435/435 371/371
f 370/370 434/434 435/435
f 371/371 436/436 372/372
f 371/371 435/435 436/436
f 372/372 437/437 373/373
f 372/372 436/436 437/437
f 373/373 438/438 374/374
f 373/373 437/437 438/438
f 374/374 439/439 375/375
f 374/374 438/438 439/439
f 375/375 440/440 376/376
f 375/375 439/439 440/440
f 376/376 441/441 377/377
f 376/376 440/440 441/441
f 377/377 442/442 378/378
f 377/377 441/441 442/442
f 378/378 443/443 379/379
f 378/378 442/442 443/443
f 379/379 444/444 380/380
f 379/379 443/443 444/444
f 380/380 445/445 381/381
f 380/380 444/444 445/445
f 381/381 446/446 382/382
f 381/381 445/445 446/446
f 382/382 447/447 383/383
f 382/382 446/446 447/447
f 383/383 448/448 384/384
f 383/383 447/447 448/448
f 384/384 449/449 385/385
f 384/384 448/448 449/449
f 385/385 386/386 322/322
f 385/385 449/449 386/386
f 386/386 451/451 387/387
f 386/386 450/450 451/451
f 387/387 452/452 388/388
f 387/387 451/451 452/452
f 388/388 453/453 389/389
f 388/388 452/452 453/453
f 389/389 454/454 390/390
f 389/389 453/453 454/454
f 390/390 455/455 391/391
f 390/390 454/454 455/455
f 391/391 456/456 392/392
f 391/391 455/455 456/456
f 392/392 457/457 393/393
f 392/392 456/456 457/457
f 393/393 458/458 394/394
f 393/393 457/457 458/458
f 394/394 459/459 395/395
f 394/394 458/458 459/459
f 395/395 460/460 396/396
f 395/395 459/459 460/460
f 396/396 461/461 397/397
f 396/396 460/460 461/461
f 397/397 462/462 398/398
f 397/397 461/461 462/462
f 398/398 463/463 399/399
f 398/398 462/462 463/463
f 399/399 464/464 400/400
f 399/399 463/463 464/464
f 400/400 465/465 401/401
f 400/400 464/464 465/465
f 401/401 466/466 402/402
f 401/401 465/465 466/466
f 402/402 467/467 403/403
f 402/402 466/466 467/467
f 403/403 468/468 404/404
f 403/403 467/467 468/468
f 404/404 469/469 405/405
f 404/404 468/468 469/469
f 405/405 470/470 406/406
f 405/405 469/469 470/470
f 406/406 471/471 407/407
f 406/406 470/470 471/471
f 407/407 472/472 408/408
f 407/407 471/471 472/472
f 408/408 473/473 409/409
f 408/408 472/472 473/473
f 409/409 474/474 410/410
f 409/409 473/473 474/474
f 410/410 475/475 411/411
f 410/410 474/474 475/475
f 411/411 476/476 412/412
f 411/411 475/475 476/476
f 412/412 477/477 413/413
f 412/412 476/476 477/477
f 413/413 478/478 414/414
f 413/413 477/477 478/478
f 414/414 479/479 415/415
f 414/414 478/478 479/479
f 415/415 480/480 416/416
f 415/415 479/479 480/480
f 416/416 481/481 417/417
f 416/416 480/480 481/481
f 417/417 482/482 418/418
f 417/417 481/481 482/482
f 418/418 483/483 419/419
f 418/418 482/482 483/483
f 419/419 484/484 420/420
f 419/419 483/483 484/484
f 420/420 485/485 421/421
f 420/420 484/484 485/485
f 421/421 486/486 422/422
f 421/421 485/485 486/486
f 422/422 487/487 423/423
f 422/422 486/486 487/487
f 423/423 488/488 424/424
f 423/423 487/487 488/488
f 424/424 489/489 425/425
f 424/424 488/488 489/489
f 425/425 490/490 426/426
f 425/425 489/489 490/490
f 426/426 491/491 427/427
f 426/426 490/490 491/491
f 427/427 492/492 428/428
f 427/427 491/491 492/492
f 428/428 493/493 429/429
f 428/428 492/492 493/493
f 429/429 494/494 430/430
f 429/429 493/493 494/494
f 430/430 495/495 431/431
f 430/430 494/494 495/495
f 431/431 496/496 432/432
f 431/431 495/495 496/496
f 432/432 497/497 433/433
f 432/432 496/496 497/497
f 433/433 498/498 434/434
f 433/433 497/497 498/498
f 434/434 499/499 435/435
f 434/434 498/498 499/499
f 435/435 500/500 436/436
f 435/435 499/499 500/500
f 436/436 501/501 437/437
f 436/436 500/500 501/501
f 437/437 502/502 438/438
f 437/437 501/501 502/502
f 438/438 503/503 439/439
f 438/438 502/502 503/503
f 439/439 504/504 440/440
f 439/439 503/503 504/504
f 440/440 505/505 441/441
f 440/440 504/504 505/505
f 441/441 506/506 442/442
f 441/441 505/505 506/506
f 442/442 507/507 443/443
f 442/442 506/506 507/507
f 443/443 508/508 444/444
f 443/443 507/507 508/508
f 444/444 509/509 445/445
f 444/444 508/508 509/509
f 445/445 510/510 446/446
f 445/445 509/509 510/510
f 446/446 511/511 447/447
f 446/446 510/510 511/511
f 447/447 512/512 448/448
f 447/447 511/511 512/512
f 448/448 513/513 449/449
f 448/448 512/512 513/513
f 449/449 450/450 386/386
f 449/449 513/513 450/450
f 450/450 515/515 451/451
f 450/450 514/514 515/515
f 451/451 516/516 452/452
f 451/451 515/515 516/516
f 452/452 517/517 453/453
f 452/452 516/516 517/517
f 453/453 518/518 454/454
f 453/453 517/517 518/518
f 454/454 519/519 455/455
f 454/454 518/518 519/519
f 455/455 520/520 456/456
f 455/455 519/519 520/520
f 456/456 521/521 457/457
f 456/456 520/520 521/521
f 457/457 522/522 458/458
f 457/457 521/521 522/522
f 458/458 523/523 459/459
f 458/458 522/522 523/523
f 459/459 524/524 460/460
f 459/459 523/523 524/524
f 460/460 525/525 461/461
f 460/460 524/524 525/525
f 461/461 526/526 462/462
f 461/461 525/525 526/526
f 462/462 527/527 463/463
f 462/462 526/526 527/527
f 463/463 528/528 464/464
f 463/463 527/527 528/528
f 464/464 529/529 465/465
f 464/464 528/528 529/529
f 465/465 530/530 466/466
f 465/465 529/529 530/530
f 466/466 531/531 467/467
f 466/466 530/530 531/531
f 467/467 532/532 468/468
f 467/467 531/531 532/532
f 468/468 533/533 469/469
f 468/468 532/532 533/533
f 469/469 534/534 470/470
f 469/469 533/533 534/534
f 470/470 535/535 471/471
f 470/470 534/534 535/535
f 471/471 536/536 472/472
f 471/471 535/535 536/536
f 472/472 537/537 473/473
f 472/472 536/536 537/537
f 473/473 538/538 474/474
f 473/473 537/537 538/538
f 474/474 539/539 475/475
f 474/474 538/538 539/539
f 475/475 540/540 476/476
f 475/475 539/539 540/540
f 476/476 541/541 477/477
f 476/476 540/540 541/541
f 477/477 542/542 478/478
f 477/477 541/541 542/542
f 478/478 543/543 479/479
f 478/478 542/542 543/543
f 479/479 544/544 480/480
f 479/479 543/543 544/544
f 480/480 545/545 481/481
f 480/480 544/544 545/545
f 481/481 546/546 482/482
f 481/481 545/545 546/546
f 482/482 547/547 483/483
f 482/482 546/546 547/547
f 483/483 548/548 484/484
f 483/483 547/547 548/548
f 484/484 549/549 485/485
f 484/484 548/548 549/549
f 485/485 550/550 486/486
f 485/485 549/549 550/550
f 486/486 551/551 487/487
f 486/486 550/550 551/551
f 487/487 552/552 488/488
f 487/487 551/551 552/552
f 488/488 553/553 489/489
f 488/488 552/552 553/553
f 489/489 554/554 490/490
f 489/489 553/553 554/554
f 490/490 555/555 491/491
f 490/490 554/554 555/555
f 491/491 556/556 492/492
f 491/491 555/555 556/556
f 492/492 557/557 493/493
f 492/492 556/556 557/557
f 493/493 558/558 494/494
f 493/493 557/557 558/558
f 494/494 559/559 495/495
f 494/494 558/558 559/559
f 495/495 560/560 496/496
f 495/495 559/559 560/560
f 496/496 561/561 497/497
f 496/496 560/560 561/561
f 497/497 562/562 498/498
f 497/497 561/561 562/562
f 498/498 563/563 499/499
f 498/498 562/562 563/563
f 499/499 564/564 500/500
f 499/499 563/563 564/564
f 500/500 565/565 501/501
f 500/500 564/564 565/565
f 501/501 566/566 502/502
f 501/501 565/565 566/566
f 502/502 567/567 503/503
f 502/502 566/566 567/567
f 503/503 568/568 504/504
f 503/503 567/567 568/568
f 504/504 569/569 505/505
f 504/504 568/568 569/569
f 505/505 570/570 506/506
f 505/505 569/569 570/570
f 506/506 571/571 507/507
f 506/506 570/570 571/571
f 507/507 572/572 508/508
f 507/507 571/571 572/572
f 508/508 573/573 509/509
f 508/508 572/572 573/573
f 509/509 574/574 510/510
f 509/509 573/573 574/574
f 510/510 575/575 511/511
f 510/510 574/574 575/575
f 511/511 576/576 512/512
f 511/511 575/575 576/576
f 512/512 577/577 513/513
f 512/512 576/576 577/577
f 513/513 514/514 450/450
f 513/513 577/577 514/514
f 514/514 579/579 515/515
f 514/514 578/578 579/579
f 515/515 580/580 516/516
f 515/515 579/579 580/580
f 516/516 581/581 517/517
f 516/516 580/580 581/581
f 517/517 582/582 518/518
f 517/517 581/581 582/582
f 518/518 583/583 519/519
f 518/518 582/582 583/583
f 519/519 584/584 520/520
f 519/519 583/583 584/584
f 520/520 585/585 521/521
f 520/520 584/584 585/585
f 521/521 586/586 522/522
f 521/521 585/585 586/586
f 522/522 587/587 523/523
f 522/522 586/586 587/587
f 523/523 588/588 524/524
f 523/523 587/587 588/588
f 524/524 589/589 525/525
f 524/524 588/588 589/589
f 525/525 590/590 526/526
f 525/525 589/589 590/590
f 526/526 591/591 527/527
f 526/526 590/590 591/591
f 527/527 592/592 528/528
f 527/527 591/591 592/592
f 528/528 593/593 529/529
f 528/528 592/592 593/593
f 529/529 594/594 530/530
f 529/529 593/593 594/594
f 530/530 595/595 531/531
f 530/530 594/594 595/595
f 531/531 596/596 532/532
f 531/531 595/595 596/596
f 532/532 597/597 533/533
f 532/532 596/596 597/597
f 533/533 598/598 534/534
f 533/533 597/597 598/598
f 534/534 599/599 535/535
f 534/534 598/598 599/599
f 535/535 600/600 536/536
f 535/535 599/599 600/600
f 536/536 601/601 537/537
f 536/536 600/600 601/601
f 537/537 602/602 538/538
f 537/537 601/601 602/602
f 538/538 603/603 539/539
f 538/538 602/602 603/603
f 539/539 604/604 540/540
f 539/539 603/603 604/604
f 540/540 605/605 541/541
f 540/540 604/604 605/605
f 541/541 606/606 542/542
f 541/541 605/605 606/606
f 542/542 607/607 543/543
f 542/542 606/606 607/607
f 543/543 608/608 544/544
f 543/543 607/607 608/608
f 544/544 609/609 545/545
f 544/544 608/608 609/609
f 545/545 610/610 546/546
f 545/545 609/609 610/610
f 546/546 611/611 547/547
f 546/546 610/610 611/611
f 547/547 612/612 548/548
f 547/547 611/611 612/612
f 548/548 613/613 549/549
f 548/548 612/612 613/613
f 549/549 614/614 550/550
f 549/549 613/613 614/614
f 550/550 615/615 551/551
f 550/550 614/614 615/615
f 551/551 616/616 552/552
f 551/551 615/615 616/616
f 552/552 617/617 553/553
f 552/552 616/616 617/617
f 553/553 618/618 554/554
f 553/553 617/617 618/618
f 554/554 619/619 555/555
f 554/554 618/618 619/619
f 555/555 620/620 556/556
f 555/555 619/619 620/620
f 556/556 621/621 557/557
f 556/556 620/620 621/621
f 557/557 622/622 558/558
f 557/557 621/621 622/622
f 558/558 623/623 559/559
f 558/558 622/622 623/623
f 559/559 624/624 560/560
f 559/559 623/623 624/624
f 560/560 625/625 561/561
f 560/560 624/624 625/625
f 561/561 626/626 562/562
f 561/561 625/625 626/626
f 562/562 627/627 563/563
f 562/562 626/626 627/627
f 563/563 628/628 564/564
f 563/563 627/627 628/628
f 564/564 629/629 565/565
f 564/564 628/628 629/629
f 565/565 630/630 566/566
f 565/565 629/629 630/630
f 566/566 631/631 567/567
f 566/566 630/630 631/631
f 567/567 632/632 568/568
f 567/567 631/631 632/632
f 568/568 633/633 569/569
f 568/568 632/632 633/633
f 569/569 634/634 570/570
f 569/569 633/633 634/634
f 570/570 635/635 571/571
f 570/570 634/634 635/635
f 571/571 636/636 572/572
f 571/571 635/635 636/636
f 572/572 637/637 573/573
f 572/572 636/636 637/637
f 573/573 638/638 574/574
f 573/573 637/637 638/638
f 574/574 639/639 575/575
f 574/574 638/638 639/639
f 575/575 640/640 576/576
f 575/575 639/639 640/640
f 576/576 641/641 577/577
f 576/576 640/640 641/641
f 577/577 578/578 514/514
f 577/577 641/641 578/578
f 578/578 643/643 579/579
f 578/578 642/642 643/643
f 579/579 644/644 580/580
f 579/579 643/643 644/644
f 580/580 645/645 581/581
f 580/580 644/644 645/645
f 581/581 646/646 582/582
f 581/581 645/645 646/646
f 582/582 647/647 583/583
f 582/582 646/646 647/647
f 583/583 648/648 584/584
f 583/583 647/647 648/648
f 584/584 649/649 585/585
f 584/584 648/648 649/649
f 585/585 650/650 586/586
f 585/585 649/649 650/650
f 586/586 651/651 587/587
f 586/586 650/650 651/651
f 587/587 652/652 588/588
f 587/587 651/651 652/652
f 588/588 653/653 589/589
f 588/588 652/652 653/653
f 589/589 654/654 590/590
f 589/589 653/653 654/654
f 590/590 655/655 591/591
f 590/590 654/654 655/655
f 591/591 656/656 592/592
f 591/591 655/655 656/656
f 592/592 657/657 593/593
f 592/592 656/656 657/657
f 593/593 658/658 594/594
f 593/593 657/657 658/658
f 594/594 659/659 595/595
f 594/594 658/658 659/659
f 595/595 660/660 596/596
f 595/595 659/659 660/660
f 596/596 661/661 597/597
f 596/596 660/660 661/661
f 597/597 662/662 598/598
f 597/597 661/661 662/662
f 598/598 663/663 599/599
f 598/598 662/662 663/663
f 599/599 664/664 600/600
f 599/599 663/663 664/664
f 600/600 665/665 601/601
f 600/600 664/664 665/665
f 601/601 666/666 602/602
f 601/601 665/665 666/666
f 602/602 667/667 603/603
f 602/602 666/666 667/667
f 603/603 668/668 604/604
f 603/603 667/667 668/668
f 604/604 669/669 605/605
f 604/604 668/668 669/669
f 605/605 670/670 606/606
f 605/605 669/669 670/670
f 606/606 671/671 607/607
f 606/606 670/670 671/671
f 607/607 672/672 608/608
f 607/607 671/671 672/672
f 608/608 673/673 609/609
f 608/608 672/672 673/673
f 609/609 674/674 610/610
f 609/609 673/673 674/674
f 610/610 675/675 611/611
f 610/610 674/674 675/675
f 611/611 676/676 612/612
f 611/611 675/675 676/676
f 612/612 677/677 613/613
f 612/612 676/676 677/677
f 613/613 678/678 614/614
f 613/613 677/677 678/678
f 614/614 679/679 615/615
f 614/614 678/678 679/679
f 615/615 680/680 616/616
f 615/615 679/679 680/680
f 616/616 681/681 617/617
f 616/616 680/680 681/681
f 617/617 682/682 618/618
f 617/617 681/681 682/682
f 618/618 683/683 619/619
f 618/618 682/682 683/683
f 619/619 684/684 620/620
f 619/619 683/683 684/684
f 620/620 685/685 621/621
f 620/620 684/684 685/685
f 621/621 686/686 622/622
f 621/621 685/685 686/686
f 622/622 687/687 623/623
f 622/622 686/686 687/687
f 623/623 688/688 624/624
f 623/623 687/687 688/688
f 624/624 689/689 625/625
f 624/624 688/688 689/689
f 625/625 690/690 626/626
f 625/625 689/689 690/690
f 626/626 691/691 627/627
f 626/626 690/690 691/691
f 627/627 692/692 628/628
f 627/627 691/691 692/692
f 628/628 693/693 629/629
f 628/628 692/692 693/693
f 629/629 694/694 630/630
f 629/629 693/693 694/694
f 630/630 695/695 631/631
f 630/630 694/694 695/695
f 631/631 696/696 632/632
f 631/631 695/695 696/696
f 632/632 697/697 633/633
f 632/632 696/696 697/697
f 633/633 698/698 634/634
f 633/633 697/697 698/698
f 634/634 699/699 635/635
f 634/634 698/698 699/699
f 635/635 700/700 636/636
f 635/635 699/699 700/700
f 636/636 701/701 637/637
f 636/636 700/700 701/701
f 637/637 702/702 638/638
f 637/637 701/701 702/702
f 638/638 703/703 639/639
f 638/638 702/702 703/703
f 639/639 704/704 640/640
f 639/639 703/703 704/704
f 640/640 705/705 641/641
f 640/640 704/704 705/705
f 641/641 642/642 578/578
f 641/641 705/705 642/642
f 642/642 707/707 643/643
f 642/642 706/706 707/707
f 643/643 708/708 644/644
f 643/643 707/707 708/708
f 644/644 709/709 645/645
f 644/644 708/708 709/709
f 645/645 710/710 646/646
f 645/645 709/709 710/710
f 646/646 711/711 647/647
f 646/646 710/710 711/711
f 647/647 712/712 648/648
f 647/647 711/711 712/712
f 648/648 713/713 649/649
f 648/648 712/712 713/713
f 649/649 714/714 650/650
f 649/649 713/713 714/714
f 650/650 715/715 651/651
f 650/650 714/714 715/715
f 651/651 716/716 652/652
f 651/651 715/715 716/716
f 652/652 717/717 653/653
f 652/652 716/716 717/717
f 653/653 718/718 654/654
f 653/653 717/717 718/718
f 654/654 719/719 655/655
f 654/654 718/718 719/719
f 655/655 720/720 656/656
f 655/655 719/719 720/720
f 656/656 721/721 657/657
f 656/656 720/720 721/721
f 657/657 722/722 658/658
f 657/657 721/721 722/722
f 658/658 723/723 659/659
f 658/658 722/722 723/723
f 659/659 724/724 660/660
f 659/659 723/723 724/724
f 660/660 725/725 661/661
f 660/660 724/724 725/725
f 661/661 726/726 662/662
f 661/661 725/725 726/726
f 662/662 727/727 663/663
f 662/662 726/726 727/727
f 663/663 728/728 664/664
f 663/663 727/727 728/728
f 664/664 729/729 665/665
f 664/664 728/728 729/729
f 665/665 730/730 666/666
f 665/665 729/729 730/730
f 666/666 731/731 667/667
f 666/666 730/730 731/731
f 667/667 732/732 668/668
f 667/667 731/731 732/732
f 668/668 733/733 669/669
f 668/668 732/732 733/733
f 669/669 734/734 670/670
f 669/669 733/733 734/734
f 670/670 735/735 671/671
f 670/670 734/734 735/735
f 671/671 736/736 672/672
f 671/671 735/735 736/736
f 672/672 737/737 673/673
f 672/672 736/736 737/737
f 673/673 738/738 674/674
f 673/673 737/737 738/738
f 674/674 739/739 675/675
f 674/674 738/738 739/739
f 675/675 740/740 676/676
f 675/675 739/739 740/740
f 676/676 741/741 677/677
f 676/676 740/740 741/741
f 677/677 742/742 678/678
f 677/677 741/741 742/742
f 678/678 743/743 679/679
f 678/678 742/742 743/743
f 679/679 744/744 680/680
f 679/679 743/743 744/744
f 680/680 745/745 681/681
f 680/680 744/744 745/745
f 681/681 746/746 682/682
f 681/681 745/745 746/746
f 682/682 747/747 683/683
f 682/682 746/746 747/747
f 683/683 748/748 684/684
f 683/683 747/747 748/748
f 684/684 749/749 685/685
f 684/684 748/748 749/749
f 685/685 750/750 686/686
f 685/685 749/749 750/750
f 686/686 751/751 687/687
f 686/686 750/750 751/751
f 687/687 752/752 688/688
f 687/687 751/751 752/752
f 688/688 753/753 689/689
f 688/688 752/752 753/753
f 689/689 754/754 690/690
f 689/689 753/753 754/754
f 690/690 755/755 691/691
f 690/690 754/754 755/755
f 691/691 756/756 692/692
f 691/691 755/755 756/756
f 692/692 757/757 693/693
f 692/692 756/756 757/757
f 693/693 758/758 694/694
f 693/693 757/757 758/758
f 694/694 759/759 695/695
f 694/694 758/758 759/759
f 695/695 760/760 696/696
f 695/695 759/759 760/760
f 696/696 761/761 697/697
f 696/696 760/760 761/761
f 697/697 762/762 698/698
f 697/697 761/761 762/762
f 698/698 763/763 699/699
f 698/698 762/762 763/763
f 699/699 764/764 700/700
f 699/699 763/763 764/764
f 700/700 765/765 701/701
f 700/700 764/764 765/765
f 701/701 766/766 702/702
f 701/701 765/765 766/766
f 702/702 767/767 703/703
f 702/702 766/766 767/767
f 703/703 768/768 704/704
f 703/703 767/767 768/768
f 704/704 769/769 705/705
f 704/704 768/768 769/769
f 705/705 706/706 642/642
f 705/705 769/769 706/706
f 706/706 771/771 707/707
f 706/706 770/770 771/771
f 707/707 772/772 708/708
f 707/707 771/771 772/772
f 708/708 773/773 709/709
f 708/708 772/772 773/773
f 709/709 774/774 710/710
f 709/709 773/773 774/774
f 710/710 775/775 711/711
f 710/710 774/774 775/775
f 711/711 776/776 712/712
f 711/711 775/775 776/776
f 712/712 777/777 713/713
f 712/712 776/776 777/777
f 713/713 778/778 714/714
f 713/713 777/777 778/778
f 714/714 779/779 715/715
f 714/714 778/778 779/779
f 715/715 780/780 716/716
f 715/715 779/779 780/780
f 716/716 781/781 717/717
f 716/716 780/780 781/781
f 717/717 782/782 718/718
f 717/717 781/781 782/782
f 718/718 783/783 719/719
f 718/718 782/782 783/783
f 719/719 784/784 720/720
f 719/719 783/783 784/784
f 720/720 785/785 721/721
f 720/720 784/784 785/785
f 721/721 786/786 722/722
f 721/721 785/785 786/786
f 722/722 787/787 723/723
f 722/722 786/786 787/787
f 723/723 788/788 724/724
f 723/723 787/787 788/788
f 724/724 789/789 725/725
f 724/724 788/788 789/789
f 725/725 790/790 726/726
f 725/725 789/789 790/790
f 726/726 791/791 727/727
f 726/726 790/790 791/791
f 727/727 792/792 728/728
f 727/727 791/791 792/792
f 728/728 793/793 729/729
f 728/728 792/792 793/793
f 729/729 794/794 730/730
f 729/729 793/793 794/794
f 730/730 795/795 731/731
f 730/730 794/794 795/795
f 731/731 796/796 732/732
f 731/731 795/795 796/796
f 732/732 797/797 733/733
f 732/732 796/796 797/797
f 733/733 798/798 734/734
f 733/733 797/797 798/798
f 734/734 799/799 735/735
f 734/734 798/798 799/799
f 735/735 800/800 736/736
f 735/735 799/799 800/800
f 736/736 801/801 737/737
f 736/736 800/800 801/801
f 737/737 802/802 738/738
f 737/737 801/801 802/802
f 738/738 803/803 739/739
f 738/738 802/802 803/803
f 739/739 804/804 740/740
f 739/739 803/803 804/804
f 740/740 805/805 741/741
f 740/740 804/804 805/805
f 741/741 806/806 742/742
f 741/741 805/805 806/806
f 742/742 807/807 743/743
f 742/742 806/806 807/807
f 743/743 808/808 744/744
f 743/743 807/807 808/808
f 744/744 809/809 745/745
f 744/744 808/808 809/809
f 745/745 810/810 746/746
f 745/745 809/809 810/810
f 746/746 811/811 747/747
f 746/746 810/810 811/811
f 747/747 812/812 748/748
f 747/747 811/811 812/812
f 748/748 813/813 749/749
f 748/748 812/812 813/813
f 749/749 814/814 750/750
f 749/749 813/813 814/814
f 750/750 815/815 751/751
f 750/750 814/814 815/815
f 751/751 816/816 752/752
f 751/751 815/815 816/816
f 752/752 817/817 753/753
f 752/752 816/816 817/817
f 753/753 818/818 754/754
f 753/753 817/817 818/818
f 754/754 819/819 755/755
f 754/754 818/818 819/819
f 755/755 820/820 756/756
f 755/755 819/819 820/820
f 756/756 821/821 757/757
f 756/756 820/820 821/821
f 757/757 822/822 758/758
f 757/757 821/821 822/822
f 758/758 823/823 759/759
f 758/758 822/822 823/823
f 759/759 824/824 760/760
f 759/759 823/823 824/824
f 760/760 825/825 761/761
f 760/760 824/824 825/825
f 761/761 826/826 762/762
f 761/761 825/825 826/826
f 762/762 827/827 763/763
f 762/762 826/826 827/827
f 763/763 828/828 764/764
f 763/763 827/827 828/828
f 764/764 829/829 765/765
f 764/764 828/828 829/829
f 765/765 830/830 766/766
f 765/765 829/829 830/830
f 766/766 831/831 767/767
f 766/766 830/830 831/831
f 767/767 832/832 768/768
f 767/767 831/831 832/832
f 768/768 833/833 769/769
f 768/768 832/832 833/833
f 769/769 770/770 706/706
f 769/769 833/833 770/770
f 770/770 835/835 771/771
f 770/770 834/834 835/835
f 771/771 836/836 772/772
f 771/771 835/835 836/836
f 772/772 837/837 773/773
f 772/772 836/836 837/837
f 773/773 838/838 774/774
f 773/773 837/837 838/838
f 774/774 839/839 775/775
f 774/774 838/838 839/839
f 775/775 840/840 776/776
f 775/775 839/839 840/840
f 776/776 841/841 777/777
f 776/776 840/840 841/841
f 777/777 842/842 778/778
f 777/777 841/841 842/842
f 778/778 843/843 779/779
f 778/778 842/842 843/843
f 779/779 844/844 780/780
f 779/779 843/843 844/844
f 780/780 845/845 781/781
f 780/780 844/844 845/845
f 781/781 846/846 782/782
f 781/781 845/845 846/846
f 782/782 847/847 783/783
f 782/782 846/846 847/847
f 783/783 848/848 784/784
f 783/783 847/847 848/848
f 784/784 849/849 785/785
f 784/784 848/848 849/849
f 785/785 850/850 786/786
f 785/785 849/849 850/850
f 786/786 851/851 787/787
f 786/786 850/850 851/851
f 787/787 852/852 788/788
f 787/787 851/851 852/852
f 788/788 853/853 789/789
f 788/788 852/852 853/853
f 789/789 854/854 790/790
f 789/789 853/853 854/854
f 790/790 855/855 791/791
f 790/790 854/854 855/855
f 791/791 856/856 792/792
f 791/791 855/855 856/856
f 792/792 857/857 793/793
f 792/792 856/856 857/857
f 793/793 858/858 794/794
f 793/793 857/857 858/858
f 794/794 859/859 795/795
f 794/794 858/858 859/859
f 795/795 860/860 796/796
f 795/795 859/859 860/860
f 796/796 861/861 797/797
f 796/796 860/860 861/861
f 797/797 862/862 798/798
f 797/797 861/861 862/862
f 798/798 863/863 799/799
f 798/798 862/862 863/863
f 799/799 864/864 800/800
f 799/799 863/863 864/864
f 800/800 865/865 801/801
f 800/800 864/864 865/865
f 801/801 866/866 802/802
f 801/801 865/865 866/866
f 802/802 867/867 803/803
f 802/802 866/866 867/867
f 803/803 868/868 804/804
f 803/803 867/867 868/868
f 804/804 869/869 805/805
f 804/804 868/868 869/869
f 805/805 870/870 806/806
f 805/805 869/869 870/870
f 806/806 871/871 807/807
f 806/806 870/870 871/871
f 807/807 872/872 808/808
f 807/807 871/871 872/872
f 808/808 873/873 809/809
f 808/808 872/872 873/873
f 809/809 874/874 810/810
f 809/809 873/873 874/874
f 810/810 875/875 811/811
f 810/810 874/874 875/875
f 811/811 876/876 812/812
f 811/811 875/875 876/876
f 812/812 877/877 813/813
f 812/812 876/876 877/877
f 813/813 878/878 814/814
f 813/813 877/877 878/878
f 814/814 879/879 815/815
f 814/814 878/878 879/879
f 815/815 880/880 816/816
f 815/815 879/879 880/880
f 816/816 881/881 817/817
f 816/816 880/880 881/881
f 817/817 882/882 818/818
f 817/817 881/881 882/882
f 818/818 883/883 819/819
f 818/818 882/882 883/883
f 819/819 884/884 820/820
f 819/819 883/883 884/884
f 820/820 885/885 821/821
f 820/820 884/884 885/885
f 821/821 886/886 822/822
f 821/821 885/885 886/886
f 822/822 887/887 823/823
f 822/822 886/886 887/887
f 823/823 888/888 824/824
f 823/823 887/887 888/888
f 824/824 889/889 825/825
f 824/824 888/888 889/889
f 825/825 890/890 826/826
f 825/825 889/889 890/890
f 826/826 891/891 827/827
f 826/826 890/890 891/891
f 827/827 892/892 828/828
f 827/827 891/891 892/892
f 828/828 893/893 829/829
f 828/828 892/892 893/893
f 829/829 894/894 830/830
f 829/829 893/893 894/894
f 830/830 895/895 831/831
f 830/830 894/894 895/895
f 831/831 896/896 832/832
f 831/831 895/895 896/896
f 832/832 897/897 833/833
f 832/832 896/896 897/897
f 833/833 834/834 770/770
f 833/833 897/897 834/834
f 834/834 899/899 835/835
f 834/834 898/898 899/899
f 835/835 900/900 836/836
f 835/835 899/899 900/900
f 836/836 901/901 837/837
f 836/836 900/900 901/901
f 837/837 902/902 838/838
f 837/837 901/901 902/902
f 838/838 903/903 839/839
f 838/838 902/902 903/903
f 839/839 904/904 840/840
f 839/839 903/903 904/904
f 840/840 905/905 841/841
f 840/840 904/904 905/905
f 841/841 906/906 842/842
f 841/841 905/905 906/906
f 842/842 907/907 843/843
f 842/842 906/906 907/907
f 843/843 908/908 844/844
f 843/843 907/907 908/908
f 844/844 909/909 845/845
f 844/844 908/908 909/909
f 845/845 910/910 846/846
f 845/845 909/909 910/910
f 846/846 911/911 847/847
f 846/846 910/910 911/911
f 847/847 912/912 848/848
f 847/847 911/911 912/912
f 848/848 913/913 849/849
f 848/848 912/912 913/913
f 849/849 914/914 850/850
f 849/849 913/913 914/914
f 850/850 915/915 851/851
f 850/850 914/914 915/915
f 851/851 916/916 852/852
f 851/851 915/915 916/916
f 852/852 917/917 853/853
f 852/852 916/916 917/917
f 853/853 918/918 854/854
f 853/853 917/917 918/918
f 854/854 919/919 855/855
f 854/854 918/918 919/919
f 855/855 920/920 856/856
f 855/855 919/919 920/920
f 856/856 921/921 857/857
f 856/856 920/920 921/921
f 857/857 922/922 858/858
f 857/857 921/921 922/922
f 858/858 923/923 859/859
f 858/858 922/922 923/923
f 859/859 924/924 860/860
f 859/859 923/923 924/924
f 860/860 925/925 861/861
f 860/860 924/924 925/925
f 861/861 926/926 862/862
f 861/861 925/925 926/926
f 862/862 927/927 863/863
f 862/862 926/926 927/927
f 863/863 928/928 864/864
f 863/863 927/927 928/928
f 864/864 929/929 865/865
f 864/864 928/928 929/929
f 865/865 930/930 866/866
f 865/865 929/929 930/930
f 866/866 931/931 867/867
f 866/866 930/930 931/931
f 867/867 932/932 868/868
f 867/867 931/931 932/932
f 868/868 933/933 869/869
f 868/868 932/932 933/933
f 869/869 934/934 870/870
f 869/869 933/933 934/934
f 870/870 935/935 871/871
f 870/870 934/934 935/935
f 871/871 936/936 872/872
f 871/871 935/935 936/936
f 872/872 937/937 873/873
f 872/872 936/936 937/937
f 873/873 938/938 874/874
f 873/873 937/937 938/938
f 874/874 939/939 875/875
f 874/874 938/938 939/939
f 875/875 940/940 876/876
f 875/875 939/939 940/940
f 876/876 941/941 877/877
f 876/876 940/940 941/941
f 877/877 942/942 878/878
f 877/877 941/941 942/942
f 878/878 943/943 879/879
f 878/878 942/942 943/943
f 879/879 944/944 880/880
f 879/879 943/943 944/944
f 880/880 945/945 881/881
f 880/880 944/944 945/945
f 881/881 946/946 882/882
f 881/881 945/945 946/946
f 882/882 947/947 883/883
f 882/882 946/946 947/947
f 883/883 948/948 884/884
f 883/883 947/947 948/948
f 884/884 949/949 885/885
f 884/884 948/948 949/949
f 885/885 950/950 886/886
f 885/885 949/949 950/950
f 886/886 951/951 887/887
f 886/886 950/950 951/951
f 887/887 952/952 888/888
f 887/887 951/951 952/952
f 888/888 953/953 889/889
f 888/888 952/952 953/953
f 889/889 954/954 890/890
f 889/889 953/953 954/954
f 890/890 955/955 891/891
f 890/890 954/954 955/955
f 891/891 956/956 892/892
f 891/891 955/955 956/956
f 892/892 957/957 893/893
f 892/892 956/956 957/957
f 893/893 958/958 894/894
f 893/893 957/957 958/958
f 894/894 959/959 895/895
f 894/894 958/958 959/959
f 895/895 960/960 896/896
f 895/895 959/959 960/960
f 896/896 961/961 897/897
f 896/896 960/960 961/961
f 897/897 898/898 834/834
f 897/897 961/961 898/898
f 898/898 963/963 899/899
f 898/898 962/962 963/963
f 899/899 964/964 900/900
f 899/899 963/963 964/964
f 900/900 965/965 901/901
f 900/900 964/964 965/965
f 901/901 966/966 902/902
f 901/901 965/965 966/966
f 902/902 967/967 903/903
f 902/902 966/966 967/967
f 903/903 968/968 904/904
f 903/903 967/967 968/968
f 904/904 969/969 905/905
f 904/904 968/968 969/969
f 905/905 970/970 906/906
f 905/905 969/969 970/970
f 906/906 971/971 907/907
f 906/906 970/970 971/971
f 907/907 972/972 908/908
f 907/907 971/971 972/972
f 908/908 973/973 909/909
f 908/908 972/972 973/973
f 909/909 974/974 910/910
f 909/909 973/973 974/974
f 910/910 975/975 911/911
f 910/910 974/974 975/975
f 911/911 976/976 912/912
f 911/911 975/975 976/976
f 912/912 977/977 913/913
f 912/912 976/976 977/977
f 913/913 978/978 914/914
f 913/913 977/977 978/978
f 914/914 979/979 915/915
f 914/914 978/978 979/979
f 915/915 980/980 916/916
f 915/915 979/979 980/980
f 916/916 981/981 917/917
f 916/916 980/980 981/981
f 917/917 982/982 918/918
f 917/917 981/981 982/982
f 918/918 983/983 919/919
f 918/918 982/982 983/983
f 919/919 984/984 920/920
f 919/919 983/983 984/984
f 920/920 985/985 921/921
f 920/920 984/984 985/985
f 921/921 986/986 922/922
f 921/921 985/985 986/986
f 922/922 987/987 923/923
f 922/922 986/986 987/987
f 923/923 988/988 924/924
f 923/923 987/987 988/988
f 924/924 989/989 925/925
f 924/924 988/988 989/989
f 925/925 990/990 926/926
f 925/925 989/989 990/990
f 926/926 991/991 927/927
f 926/926 990/990 991/991
f 927/927 992/992 928/928
f 927/927 991/991 992/992
f 928/928 993/993 929/929
f 928/928 992/992 993/993
f 929/929 994/994 930/930
f 929/929 993/993 994/994
f 930/930 995/995 931/931
f 930/930 994/994 995/995
f 931/931 996/996 932/932
f 931/931 995/995 996/996
f 932/932 997/997 933/933
f 932/932 996/996 997/997
f 933/933 998/998 934/934
f 933/933 997/997 998/998
f 934/934 999/999 935/935
f 934/934 998/998 999/999
f 935/935 1000/1000 936/936
f 935/935 999/999 1000/1000
f 936/936 1001/1001 937/937
f 936/936 1000/1000 1001/1001
f 937/937 1002/1002 938/938
f 937/937 1001/1001 1002/1002
f 938/938 1003/1003 939/939
f 938/938 1002/1002 1003/1003
f 939/939 1004/1004 940/940
f 939/939 1003/1003 1004/1004
f 940/940 1005/1005 941/941
f 940/940 1004/1004 1005/1005
f 941/941 1006/1006 942/942
f 941/941 1005/1005 1006/1006
f 942/942 1007/1007 943/943
f 942/942 1006/1006 1007/1007
f 943/943 1008/1008 944/944
f 943/943 1007/1007 1008/1008
f 944/944 1009/1009 945/945
f 944/944 1008/1008 1009/1009
f 945/945 1010/1010 946/946
f 945/945 1009/1009 1010/1010
f 946/946 1011/1011 947/947
f 946/946 1010/1010 1011/1011
f 947/947 1012/1012 948/948
f 947/947 1011/1011 1012/1012
f 948/948 1013/1013 949/949
f 948/948 1012/1012 1013/1013
f 949/949 1014/1014 950/950
f 949/949 1013/1013 1014/1014
f 950/950 1015/1015 951/951
f 950/950 1014/1014 1015/1015
f 951/951 1016/1016 952/952
f 951/951 1015/1015 1016/1016
f 952/952 1017/1017 953/953
f 952/952 1016/1016 1017/1017
f 953/953 1018/1018 954/954
f 953/953 1017/1017 1018/1018
f 954/954 1019/1019 955/955
f 954/954 1018/1018 1019/1019
f 955/955 1020/1020 956/956
f 955/955 1019/1019 1020/1020
f 956/956 1021/1021 957/957
f 956/956 1020/1020 1021/1021
f 957/957 1022/1022 958/958
f 957/957 1021/1021 1022/1022
f 958/958 1023/1023 959/959
f 958/958 1022/1022 1023/1023
f 959/959 1024/1024 960/960
f 959/959 1023/1023 1024/1024
f 960/960 1025/1025 961/961
f 960/960 1024/1024 1025/1025
f 961/961 962/962 898/898
f 961/961 1025/1025 962/962
