# Procedural OZ Stargate water geometry; generated by build-wormhole.py
o wormhole-surge
v 0.0000000 0.0000000 -1.0000000
v 0.1155000 0.0000000 -0.9950063
v 0.1152527 0.0075541 -0.9950063
v 0.1145119 0.0150758 -0.9950063
v 0.1132807 0.0225329 -0.9950063
v 0.1115644 0.0298936 -0.9950063
v 0.1093704 0.0371263 -0.9950063
v 0.1067081 0.0441999 -0.9950063
v 0.1035888 0.0510843 -0.9950063
v 0.1000259 0.0577500 -0.9950063
v 0.0960347 0.0641684 -0.9950063
v 0.0916323 0.0703119 -0.9950063
v 0.0868375 0.0761544 -0.9950063
v 0.0816708 0.0816708 -0.9950063
v 0.0761544 0.0868375 -0.9950063
v 0.0703119 0.0916323 -0.9950063
v 0.0641684 0.0960347 -0.9950063
v 0.0577500 0.1000259 -0.9950063
v 0.0510843 0.1035888 -0.9950063
v 0.0441999 0.1067081 -0.9950063
v 0.0371263 0.1093704 -0.9950063
v 0.0298936 0.1115644 -0.9950063
v 0.0225329 0.1132807 -0.9950063
v 0.0150758 0.1145119 -0.9950063
v 0.0075541 0.1152527 -0.9950063
v 0.0000000 0.1155000 -0.9950063
v -0.0075541 0.1152527 -0.9950063
v -0.0150758 0.1145119 -0.9950063
v -0.0225329 0.1132807 -0.9950063
v -0.0298936 0.1115644 -0.9950063
v -0.0371263 0.1093704 -0.9950063
v -0.0441999 0.1067081 -0.9950063
v -0.0510843 0.1035888 -0.9950063
v -0.0577500 0.1000259 -0.9950063
v -0.0641684 0.0960347 -0.9950063
v -0.0703119 0.0916323 -0.9950063
v -0.0761544 0.0868375 -0.9950063
v -0.0816708 0.0816708 -0.9950063
v -0.0868375 0.0761544 -0.9950063
v -0.0916323 0.0703119 -0.9950063
v -0.0960347 0.0641684 -0.9950063
v -0.1000259 0.0577500 -0.9950063
v -0.1035888 0.0510843 -0.9950063
v -0.1067081 0.0441999 -0.9950063
v -0.1093704 0.0371263 -0.9950063
v -0.1115644 0.0298936 -0.9950063
v -0.1132807 0.0225329 -0.9950063
v -0.1145119 0.0150758 -0.9950063
v -0.1152527 0.0075541 -0.9950063
v -0.1155000 0.0000000 -0.9950063
v -0.1152527 -0.0075541 -0.9950063
v -0.1145119 -0.0150758 -0.9950063
v -0.1132807 -0.0225329 -0.9950063
v -0.1115644 -0.0298936 -0.9950063
v -0.1093704 -0.0371263 -0.9950063
v -0.1067081 -0.0441999 -0.9950063
v -0.1035888 -0.0510843 -0.9950063
v -0.1000259 -0.0577500 -0.9950063
v -0.0960347 -0.0641684 -0.9950063
v -0.0916323 -0.0703119 -0.9950063
v -0.0868375 -0.0761544 -0.9950063
v -0.0816708 -0.0816708 -0.9950063
v -0.0761544 -0.0868375 -0.9950063
v -0.0703119 -0.0916323 -0.9950063
v -0.0641684 -0.0960347 -0.9950063
v -0.0577500 -0.1000259 -0.9950063
v -0.0510843 -0.1035888 -0.9950063
v -0.0441999 -0.1067081 -0.9950063
v -0.0371263 -0.1093704 -0.9950063
v -0.0298936 -0.1115644 -0.9950063
v -0.0225329 -0.1132807 -0.9950063
v -0.0150758 -0.1145119 -0.9950063
v -0.0075541 -0.1152527 -0.9950063
v -0.0000000 -0.1155000 -0.9950063
v 0.0075541 -0.1152527 -0.9950063
v 0.0150758 -0.1145119 -0.9950063
v 0.0225329 -0.1132807 -0.9950063
v 0.0298936 -0.1115644 -0.9950063
v 0.0371263 -0.1093704 -0.9950063
v 0.0441999 -0.1067081 -0.9950063
v 0.0510843 -0.1035888 -0.9950063
v 0.0577500 -0.1000259 -0.9950063
v 0.0641684 -0.0960347 -0.9950063
v 0.0703119 -0.0916323 -0.9950063
v 0.0761544 -0.0868375 -0.9950063
v 0.0816708 -0.0816708 -0.9950063
v 0.0868375 -0.0761544 -0.9950063
v 0.0916323 -0.0703119 -0.9950063
v 0.0960347 -0.0641684 -0.9950063
v 0.1000259 -0.0577500 -0.9950063
v 0.1035888 -0.0510843 -0.9950063
v 0.1067081 -0.0441999 -0.9950063
v 0.1093704 -0.0371263 -0.9950063
v 0.1115644 -0.0298936 -0.9950063
v 0.1132807 -0.0225329 -0.9950063
v 0.1145119 -0.0150758 -0.9950063
v 0.1152527 -0.0075541 -0.9950063
v 0.2310000 0.0000000 -0.9801000
v 0.2305054 0.0151081 -0.9801000
v 0.2290238 0.0301516 -0.9801000
v 0.2265614 0.0450659 -0.9801000
v 0.2231289 0.0597872 -0.9801000
v 0.2187409 0.0742525 -0.9801000
v 0.2134162 0.0883999 -0.9801000
v 0.2071776 0.1021687 -0.9801000
v 0.2000519 0.1155000 -0.9801000
v 0.1920695 0.1283367 -0.9801000
v 0.1832646 0.1406239 -0.9801000
v 0.1736750 0.1523089 -0.9801000
v 0.1633417 0.1633417 -0.9801000
v 0.1523089 0.1736750 -0.9801000
v 0.1406239 0.1832646 -0.9801000
v 0.1283367 0.1920695 -0.9801000
v 0.1155000 0.2000519 -0.9801000
v 0.1021687 0.2071776 -0.9801000
v 0.0883999 0.2134162 -0.9801000
v 0.0742525 0.2187409 -0.9801000
v 0.0597872 0.2231289 -0.9801000
v 0.0450659 0.2265614 -0.9801000
v 0.0301516 0.2290238 -0.9801000
v 0.0151081 0.2305054 -0.9801000
v 0.0000000 0.2310000 -0.9801000
v -0.0151081 0.2305054 -0.9801000
v -0.0301516 0.2290238 -0.9801000
v -0.0450659 0.2265614 -0.9801000
v -0.0597872 0.2231289 -0.9801000
v -0.0742525 0.2187409 -0.9801000
v -0.0883999 0.2134162 -0.9801000
v -0.1021687 0.2071776 -0.9801000
v -0.1155000 0.2000519 -0.9801000
v -0.1283367 0.1920695 -0.9801000
v -0.1406239 0.1832646 -0.9801000
v -0.1523089 0.1736750 -0.9801000
v -0.1633417 0.1633417 -0.9801000
v -0.1736750 0.1523089 -0.9801000
v -0.1832646 0.1406239 -0.9801000
v -0.1920695 0.1283367 -0.9801000
v -0.2000519 0.1155000 -0.9801000
v -0.2071776 0.1021687 -0.9801000
v -0.2134162 0.0883999 -0.9801000
v -0.2187409 0.0742525 -0.9801000
v -0.2231289 0.0597872 -0.9801000
v -0.2265614 0.0450659 -0.9801000
v -0.2290238 0.0301516 -0.9801000
v -0.2305054 0.0151081 -0.9801000
v -0.2310000 0.0000000 -0.9801000
v -0.2305054 -0.0151081 -0.9801000
v -0.2290238 -0.0301516 -0.9801000
v -0.2265614 -0.0450659 -0.9801000
v -0.2231289 -0.0597872 -0.9801000
v -0.2187409 -0.0742525 -0.9801000
v -0.2134162 -0.0883999 -0.9801000
v -0.2071776 -0.1021687 -0.9801000
v -0.2000519 -0.1155000 -0.9801000
v -0.1920695 -0.1283367 -0.9801000
v -0.1832646 -0.1406239 -0.9801000
v -0.1736750 -0.1523089 -0.9801000
v -0.1633417 -0.1633417 -0.9801000
v -0.1523089 -0.1736750 -0.9801000
v -0.1406239 -0.1832646 -0.9801000
v -0.1283367 -0.1920695 -0.9801000
v -0.1155000 -0.2000519 -0.9801000
v -0.1021687 -0.2071776 -0.9801000
v -0.0883999 -0.2134162 -0.9801000
v -0.0742525 -0.2187409 -0.9801000
v -0.0597872 -0.2231289 -0.9801000
v -0.0450659 -0.2265614 -0.9801000
v -0.0301516 -0.2290238 -0.9801000
v -0.0151081 -0.2305054 -0.9801000
v -0.0000000 -0.2310000 -0.9801000
v 0.0151081 -0.2305054 -0.9801000
v 0.0301516 -0.2290238 -0.9801000
v 0.0450659 -0.2265614 -0.9801000
v 0.0597872 -0.2231289 -0.9801000
v 0.0742525 -0.2187409 -0.9801000
v 0.0883999 -0.2134162 -0.9801000
v 0.1021687 -0.2071776 -0.9801000
v 0.1155000 -0.2000519 -0.9801000
v 0.1283367 -0.1920695 -0.9801000
v 0.1406239 -0.1832646 -0.9801000
v 0.1523089 -0.1736750 -0.9801000
v 0.1633417 -0.1633417 -0.9801000
v 0.1736750 -0.1523089 -0.9801000
v 0.1832646 -0.1406239 -0.9801000
v 0.1920695 -0.1283367 -0.9801000
v 0.2000519 -0.1155000 -0.9801000
v 0.2071776 -0.1021687 -0.9801000
v 0.2134162 -0.0883999 -0.9801000
v 0.2187409 -0.0742525 -0.9801000
v 0.2231289 -0.0597872 -0.9801000
v 0.2265614 -0.0450659 -0.9801000
v 0.2290238 -0.0301516 -0.9801000
v 0.2305054 -0.0151081 -0.9801000
v 0.3465000 0.0000000 -0.9555063
v 0.3457581 0.0226622 -0.9555063
v 0.3435356 0.0452273 -0.9555063
v 0.3398421 0.0675988 -0.9555063
v 0.3346933 0.0896808 -0.9555063
v 0.3281113 0.1113788 -0.9555063
v 0.3201243 0.1325998 -0.9555063
v 0.3107664 0.1532530 -0.9555063
v 0.3000778 0.1732500 -0.9555063
v 0.2881042 0.1925051 -0.9555063
v 0.2748969 0.2109358 -0.9555063
v 0.2605125 0.2284633 -0.9555063
v 0.2450125 0.2450125 -0.9555063
v 0.2284633 0.2605125 -0.9555063
v 0.2109358 0.2748969 -0.9555063
v 0.1925051 0.2881042 -0.9555063
v 0.1732500 0.3000778 -0.9555063
v 0.1532530 0.3107664 -0.9555063
v 0.1325998 0.3201243 -0.9555063
v 0.1113788 0.3281113 -0.9555063
v 0.0896808 0.3346933 -0.9555063
v 0.0675988 0.3398421 -0.9555063
v 0.0452273 0.3435356 -0.9555063
v 0.0226622 0.3457581 -0.9555063
v 0.0000000 0.3465000 -0.9555063
v -0.0226622 0.3457581 -0.9555063
v -0.0452273 0.3435356 -0.9555063
v -0.0675988 0.3398421 -0.9555063
v -0.0896808 0.3346933 -0.9555063
v -0.1113788 0.3281113 -0.9555063
v -0.1325998 0.3201243 -0.9555063
v -0.1532530 0.3107664 -0.9555063
v -0.1732500 0.3000778 -0.9555063
v -0.1925051 0.2881042 -0.9555063
v -0.2109358 0.2748969 -0.9555063
v -0.2284633 0.2605125 -0.9555063
v -0.2450125 0.2450125 -0.9555063
v -0.2605125 0.2284633 -0.9555063
v -0.2748969 0.2109358 -0.9555063
v -0.2881042 0.1925051 -0.9555063
v -0.3000778 0.1732500 -0.9555063
v -0.3107664 0.1532530 -0.9555063
v -0.3201243 0.1325998 -0.9555063
v -0.3281113 0.1113788 -0.9555063
v -0.3346933 0.0896808 -0.9555063
v -0.3398421 0.0675988 -0.9555063
v -0.3435356 0.0452273 -0.9555063
v -0.3457581 0.0226622 -0.9555063
v -0.3465000 0.0000000 -0.9555063
v -0.3457581 -0.0226622 -0.9555063
v -0.3435356 -0.0452273 -0.9555063
v -0.3398421 -0.0675988 -0.9555063
v -0.3346933 -0.0896808 -0.9555063
v -0.3281113 -0.1113788 -0.9555063
v -0.3201243 -0.1325998 -0.9555063
v -0.3107664 -0.1532530 -0.9555063
v -0.3000778 -0.1732500 -0.9555063
v -0.2881042 -0.1925051 -0.9555063
v -0.2748969 -0.2109358 -0.9555063
v -0.2605125 -0.2284633 -0.9555063
v -0.2450125 -0.2450125 -0.9555063
v -0.2284633 -0.2605125 -0.9555063
v -0.2109358 -0.2748969 -0.9555063
v -0.1925051 -0.2881042 -0.9555063
v -0.1732500 -0.3000778 -0.9555063
v -0.1532530 -0.3107664 -0.9555063
v -0.1325998 -0.3201243 -0.9555063
v -0.1113788 -0.3281113 -0.9555063
v -0.0896808 -0.3346933 -0.9555063
v -0.0675988 -0.3398421 -0.9555063
v -0.0452273 -0.3435356 -0.9555063
v -0.0226622 -0.3457581 -0.9555063
v -0.0000000 -0.3465000 -0.9555063
v 0.0226622 -0.3457581 -0.9555063
v 0.0452273 -0.3435356 -0.9555063
v 0.0675988 -0.3398421 -0.9555063
v 0.0896808 -0.3346933 -0.9555063
v 0.1113788 -0.3281113 -0.9555063
v 0.1325998 -0.3201243 -0.9555063
v 0.1532530 -0.3107664 -0.9555063
v 0.1732500 -0.3000778 -0.9555063
v 0.1925051 -0.2881042 -0.9555063
v 0.2109358 -0.2748969 -0.9555063
v 0.2284633 -0.2605125 -0.9555063
v 0.2450125 -0.2450125 -0.9555063
v 0.2605125 -0.2284633 -0.9555063
v 0.2748969 -0.2109358 -0.9555063
v 0.2881042 -0.1925051 -0.9555063
v 0.3000778 -0.1732500 -0.9555063
v 0.3107664 -0.1532530 -0.9555063
v 0.3201243 -0.1325998 -0.9555063
v 0.3281113 -0.1113788 -0.9555063
v 0.3346933 -0.0896808 -0.9555063
v 0.3398421 -0.0675988 -0.9555063
v 0.3435356 -0.0452273 -0.9555063
v 0.3457581 -0.0226622 -0.9555063
v 0.4620000 0.0000000 -0.9216000
v 0.4610108 0.0302162 -0.9216000
v 0.4580475 0.0603031 -0.9216000
v 0.4531228 0.0901317 -0.9216000
v 0.4462577 0.1195744 -0.9216000
v 0.4374817 0.1485050 -0.9216000
v 0.4268323 0.1767997 -0.9216000
v 0.4143552 0.2043374 -0.9216000
v 0.4001037 0.2310000 -0.9216000
v 0.3841390 0.2566734 -0.9216000
v 0.3665292 0.2812478 -0.9216000
v 0.3473500 0.3046178 -0.9216000
v 0.3266833 0.3266833 -0.9216000
v 0.3046178 0.3473500 -0.9216000
v 0.2812478 0.3665292 -0.9216000
v 0.2566734 0.3841390 -0.9216000
v 0.2310000 0.4001037 -0.9216000
v 0.2043374 0.4143552 -0.9216000
v 0.1767997 0.4268323 -0.9216000
v 0.1485050 0.4374817 -0.9216000
v 0.1195744 0.4462577 -0.9216000
v 0.0901317 0.4531228 -0.9216000
v 0.0603031 0.4580475 -0.9216000
v 0.0302162 0.4610108 -0.9216000
v 0.0000000 0.4620000 -0.9216000
v -0.0302162 0.4610108 -0.9216000
v -0.0603031 0.4580475 -0.9216000
v -0.0901317 0.4531228 -0.9216000
v -0.1195744 0.4462577 -0.9216000
v -0.1485050 0.4374817 -0.9216000
v -0.1767997 0.4268323 -0.9216000
v -0.2043374 0.4143552 -0.9216000
v -0.2310000 0.4001037 -0.9216000
v -0.2566734 0.3841390 -0.9216000
v -0.2812478 0.3665292 -0.9216000
v -0.3046178 0.3473500 -0.9216000
v -0.3266833 0.3266833 -0.9216000
v -0.3473500 0.3046178 -0.9216000
v -0.3665292 0.2812478 -0.9216000
v -0.3841390 0.2566734 -0.9216000
v -0.4001037 0.2310000 -0.9216000
v -0.4143552 0.2043374 -0.9216000
v -0.4268323 0.1767997 -0.9216000
v -0.4374817 0.1485050 -0.9216000
v -0.4462577 0.1195744 -0.9216000
v -0.4531228 0.0901317 -0.9216000
v -0.4580475 0.0603031 -0.9216000
v -0.4610108 0.0302162 -0.9216000
v -0.4620000 0.0000000 -0.9216000
v -0.4610108 -0.0302162 -0.9216000
v -0.4580475 -0.0603031 -0.9216000
v -0.4531228 -0.0901317 -0.9216000
v -0.4462577 -0.1195744 -0.9216000
v -0.4374817 -0.1485050 -0.9216000
v -0.4268323 -0.1767997 -0.9216000
v -0.4143552 -0.2043374 -0.9216000
v -0.4001037 -0.2310000 -0.9216000
v -0.3841390 -0.2566734 -0.9216000
v -0.3665292 -0.2812478 -0.9216000
v -0.3473500 -0.3046178 -0.9216000
v -0.3266833 -0.3266833 -0.9216000
v -0.3046178 -0.3473500 -0.9216000
v -0.2812478 -0.3665292 -0.9216000
v -0.2566734 -0.3841390 -0.9216000
v -0.2310000 -0.4001037 -0.9216000
v -0.2043374 -0.4143552 -0.9216000
v -0.1767997 -0.4268323 -0.9216000
v -0.1485050 -0.4374817 -0.9216000
v -0.1195744 -0.4462577 -0.9216000
v -0.0901317 -0.4531228 -0.9216000
v -0.0603031 -0.4580475 -0.9216000
v -0.0302162 -0.4610108 -0.9216000
v -0.0000000 -0.4620000 -0.9216000
v 0.0302162 -0.4610108 -0.9216000
v 0.0603031 -0.4580475 -0.9216000
v 0.0901317 -0.4531228 -0.9216000
v 0.1195744 -0.4462577 -0.9216000
v 0.1485050 -0.4374817 -0.9216000
v 0.1767997 -0.4268323 -0.9216000
v 0.2043374 -0.4143552 -0.9216000
v 0.2310000 -0.4001037 -0.9216000
v 0.2566734 -0.3841390 -0.9216000
v 0.2812478 -0.3665292 -0.9216000
v 0.3046178 -0.3473500 -0.9216000
v 0.3266833 -0.3266833 -0.9216000
v 0.3473500 -0.3046178 -0.9216000
v 0.3665292 -0.2812478 -0.9216000
v 0.3841390 -0.2566734 -0.9216000
v 0.4001037 -0.2310000 -0.9216000
v 0.4143552 -0.2043374 -0.9216000
v 0.4268323 -0.1767997 -0.9216000
v 0.4374817 -0.1485050 -0.9216000
v 0.4462577 -0.1195744 -0.9216000
v 0.4531228 -0.0901317 -0.9216000
v 0.4580475 -0.0603031 -0.9216000
v 0.4610108 -0.0302162 -0.9216000
v 0.5775000 0.0000000 -0.8789062
v 0.5762635 0.0377703 -0.8789062
v 0.5725594 0.0753789 -0.8789062
v 0.5664035 0.1126647 -0.8789062
v 0.5578222 0.1494680 -0.8789062
v 0.5468521 0.1856313 -0.8789062
v 0.5335404 0.2209997 -0.8789062
v 0.5179440 0.2554217 -0.8789062
v 0.5001297 0.2887500 -0.8789062
v 0.4801737 0.3208418 -0.8789062
v 0.4581616 0.3515597 -0.8789062
v 0.4341875 0.3807722 -0.8789062
v 0.4083542 0.4083542 -0.8789062
v 0.3807722 0.4341875 -0.8789062
v 0.3515597 0.4581616 -0.8789062
v 0.3208418 0.4801737 -0.8789062
v 0.2887500 0.5001297 -0.8789062
v 0.2554217 0.5179440 -0.8789062
v 0.2209997 0.5335404 -0.8789062
v 0.1856313 0.5468521 -0.8789062
v 0.1494680 0.5578222 -0.8789062
v 0.1126647 0.5664035 -0.8789062
v 0.0753789 0.5725594 -0.8789062
v 0.0377703 0.5762635 -0.8789062
v 0.0000000 0.5775000 -0.8789062
v -0.0377703 0.5762635 -0.8789062
v -0.0753789 0.5725594 -0.8789062
v -0.1126647 0.5664035 -0.8789062
v -0.1494680 0.5578222 -0.8789062
v -0.1856313 0.5468521 -0.8789062
v -0.2209997 0.5335404 -0.8789062
v -0.2554217 0.5179440 -0.8789062
v -0.2887500 0.5001297 -0.8789062
v -0.3208418 0.4801737 -0.8789062
v -0.3515597 0.4581616 -0.8789062
v -0.3807722 0.4341875 -0.8789062
v -0.4083542 0.4083542 -0.8789062
v -0.4341875 0.3807722 -0.8789062
v -0.4581616 0.3515597 -0.8789062
v -0.4801737 0.3208418 -0.8789062
v -0.5001297 0.2887500 -0.8789062
v -0.5179440 0.2554217 -0.8789062
v -0.5335404 0.2209997 -0.8789062
v -0.5468521 0.1856313 -0.8789062
v -0.5578222 0.1494680 -0.8789062
v -0.5664035 0.1126647 -0.8789062
v -0.5725594 0.0753789 -0.8789062
v -0.5762635 0.0377703 -0.8789062
v -0.5775000 0.0000000 -0.8789062
v -0.5762635 -0.0377703 -0.8789062
v -0.5725594 -0.0753789 -0.8789062
v -0.5664035 -0.1126647 -0.8789062
v -0.5578222 -0.1494680 -0.8789062
v -0.5468521 -0.1856313 -0.8789062
v -0.5335404 -0.2209997 -0.8789062
v -0.5179440 -0.2554217 -0.8789062
v -0.5001297 -0.2887500 -0.8789062
v -0.4801737 -0.3208418 -0.8789062
v -0.4581616 -0.3515597 -0.8789062
v -0.4341875 -0.3807722 -0.8789062
v -0.4083542 -0.4083542 -0.8789062
v -0.3807722 -0.4341875 -0.8789062
v -0.3515597 -0.4581616 -0.8789062
v -0.3208418 -0.4801737 -0.8789062
v -0.2887500 -0.5001297 -0.8789062
v -0.2554217 -0.5179440 -0.8789062
v -0.2209997 -0.5335404 -0.8789062
v -0.1856313 -0.5468521 -0.8789062
v -0.1494680 -0.5578222 -0.8789062
v -0.1126647 -0.5664035 -0.8789062
v -0.0753789 -0.5725594 -0.8789062
v -0.0377703 -0.5762635 -0.8789062
v -0.0000000 -0.5775000 -0.8789062
v 0.0377703 -0.5762635 -0.8789062
v 0.0753789 -0.5725594 -0.8789062
v 0.1126647 -0.5664035 -0.8789062
v 0.1494680 -0.5578222 -0.8789062
v 0.1856313 -0.5468521 -0.8789062
v 0.2209997 -0.5335404 -0.8789062
v 0.2554217 -0.5179440 -0.8789062
v 0.2887500 -0.5001297 -0.8789062
v 0.3208418 -0.4801737 -0.8789062
v 0.3515597 -0.4581616 -0.8789062
v 0.3807722 -0.4341875 -0.8789062
v 0.4083542 -0.4083542 -0.8789062
v 0.4341875 -0.3807722 -0.8789062
v 0.4581616 -0.3515597 -0.8789062
v 0.4801737 -0.3208418 -0.8789062
v 0.5001297 -0.2887500 -0.8789062
v 0.5179440 -0.2554217 -0.8789062
v 0.5335404 -0.2209997 -0.8789062
v 0.5468521 -0.1856313 -0.8789062
v 0.5578222 -0.1494680 -0.8789062
v 0.5664035 -0.1126647 -0.8789062
v 0.5725594 -0.0753789 -0.8789062
v 0.5762635 -0.0377703 -0.8789062
v 0.6930000 0.0000000 -0.8281000
v 0.6915162 0.0453244 -0.8281000
v 0.6870713 0.0904547 -0.8281000
v 0.6796842 0.1351976 -0.8281000
v 0.6693866 0.1793616 -0.8281000
v 0.6562226 0.2227575 -0.8281000
v 0.6402485 0.2651996 -0.8281000
v 0.6215328 0.3065061 -0.8281000
v 0.6001556 0.3465000 -0.8281000
v 0.5762084 0.3850102 -0.8281000
v 0.5497939 0.4218717 -0.8281000
v 0.5210250 0.4569266 -0.8281000
v 0.4900250 0.4900250 -0.8281000
v 0.4569266 0.5210250 -0.8281000
v 0.4218717 0.5497939 -0.8281000
v 0.3850102 0.5762084 -0.8281000
v 0.3465000 0.6001556 -0.8281000
v 0.3065061 0.6215328 -0.8281000
v 0.2651996 0.6402485 -0.8281000
v 0.2227575 0.6562226 -0.8281000
v 0.1793616 0.6693866 -0.8281000
v 0.1351976 0.6796842 -0.8281000
v 0.0904547 0.6870713 -0.8281000
v 0.0453244 0.6915162 -0.8281000
v 0.0000000 0.6930000 -0.8281000
v -0.0453244 0.6915162 -0.8281000
v -0.0904547 0.6870713 -0.8281000
v -0.1351976 0.6796842 -0.8281000
v -0.1793616 0.6693866 -0.8281000
v -0.2227575 0.6562226 -0.8281000
v -0.2651996 0.6402485 -0.8281000
v -0.3065061 0.6215328 -0.8281000
v -0.3465000 0.6001556 -0.8281000
v -0.3850102 0.5762084 -0.8281000
v -0.4218717 0.5497939 -0.8281000
v -0.4569266 0.5210250 -0.8281000
v -0.4900250 0.4900250 -0.8281000
v -0.5210250 0.4569266 -0.8281000
v -0.5497939 0.4218717 -0.8281000
v -0.5762084 0.3850102 -0.8281000
v -0.6001556 0.3465000 -0.8281000
v -0.6215328 0.3065061 -0.8281000
v -0.6402485 0.2651996 -0.8281000
v -0.6562226 0.2227575 -0.8281000
v -0.6693866 0.1793616 -0.8281000
v -0.6796842 0.1351976 -0.8281000
v -0.6870713 0.0904547 -0.8281000
v -0.6915162 0.0453244 -0.8281000
v -0.6930000 0.0000000 -0.8281000
v -0.6915162 -0.0453244 -0.8281000
v -0.6870713 -0.0904547 -0.8281000
v -0.6796842 -0.1351976 -0.8281000
v -0.6693866 -0.1793616 -0.8281000
v -0.6562226 -0.2227575 -0.8281000
v -0.6402485 -0.2651996 -0.8281000
v -0.6215328 -0.3065061 -0.8281000
v -0.6001556 -0.3465000 -0.8281000
v -0.5762084 -0.3850102 -0.8281000
v -0.5497939 -0.4218717 -0.8281000
v -0.5210250 -0.4569266 -0.8281000
v -0.4900250 -0.4900250 -0.8281000
v -0.4569266 -0.5210250 -0.8281000
v -0.4218717 -0.5497939 -0.8281000
v -0.3850102 -0.5762084 -0.8281000
v -0.3465000 -0.6001556 -0.8281000
v -0.3065061 -0.6215328 -0.8281000
v -0.2651996 -0.6402485 -0.8281000
v -0.2227575 -0.6562226 -0.8281000
v -0.1793616 -0.6693866 -0.8281000
v -0.1351976 -0.6796842 -0.8281000
v -0.0904547 -0.6870713 -0.8281000
v -0.0453244 -0.6915162 -0.8281000
v -0.0000000 -0.6930000 -0.8281000
v 0.0453244 -0.6915162 -0.8281000
v 0.0904547 -0.6870713 -0.8281000
v 0.1351976 -0.6796842 -0.8281000
v 0.1793616 -0.6693866 -0.8281000
v 0.2227575 -0.6562226 -0.8281000
v 0.2651996 -0.6402485 -0.8281000
v 0.3065061 -0.6215328 -0.8281000
v 0.3465000 -0.6001556 -0.8281000
v 0.3850102 -0.5762084 -0.8281000
v 0.4218717 -0.5497939 -0.8281000
v 0.4569266 -0.5210250 -0.8281000
v 0.4900250 -0.4900250 -0.8281000
v 0.5210250 -0.4569266 -0.8281000
v 0.5497939 -0.4218717 -0.8281000
v 0.5762084 -0.3850102 -0.8281000
v 0.6001556 -0.3465000 -0.8281000
v 0.6215328 -0.3065061 -0.8281000
v 0.6402485 -0.2651996 -0.8281000
v 0.6562226 -0.2227575 -0.8281000
v 0.6693866 -0.1793616 -0.8281000
v 0.6796842 -0.1351976 -0.8281000
v 0.6870713 -0.0904547 -0.8281000
v 0.6915162 -0.0453244 -0.8281000
v 0.8085000 0.0000000 -0.7700063
v 0.8067689 0.0528784 -0.7700063
v 0.8015832 0.1055304 -0.7700063
v 0.7929649 0.1577305 -0.7700063
v 0.7809510 0.2092552 -0.7700063
v 0.7655930 0.2598838 -0.7700063
v 0.7469566 0.3093996 -0.7700063
v 0.7251216 0.3575904 -0.7700063
v 0.7001815 0.4042500 -0.7700063
v 0.6722432 0.4491785 -0.7700063
v 0.6414262 0.4921836 -0.7700063
v 0.6078625 0.5330811 -0.7700063
v 0.5716958 0.5716958 -0.7700063
v 0.5330811 0.6078625 -0.7700063
v 0.4921836 0.6414262 -0.7700063
v 0.4491785 0.6722432 -0.7700063
v 0.4042500 0.7001815 -0.7700063
v 0.3575904 0.7251216 -0.7700063
v 0.3093996 0.7469566 -0.7700063
v 0.2598838 0.7655930 -0.7700063
v 0.2092552 0.7809510 -0.7700063
v 0.1577305 0.7929649 -0.7700063
v 0.1055304 0.8015832 -0.7700063
v 0.0528784 0.8067689 -0.7700063
v 0.0000000 0.8085000 -0.7700063
v -0.0528784 0.8067689 -0.7700063
v -0.1055304 0.8015832 -0.7700063
v -0.1577305 0.7929649 -0.7700063
v -0.2092552 0.7809510 -0.7700063
v -0.2598838 0.7655930 -0.7700063
v -0.3093996 0.7469566 -0.7700063
v -0.3575904 0.7251216 -0.7700063
v -0.4042500 0.7001815 -0.7700063
v -0.4491785 0.6722432 -0.7700063
v -0.4921836 0.6414262 -0.7700063
v -0.5330811 0.6078625 -0.7700063
v -0.5716958 0.5716958 -0.7700063
v -0.6078625 0.5330811 -0.7700063
v -0.6414262 0.4921836 -0.7700063
v -0.6722432 0.4491785 -0.7700063
v -0.7001815 0.4042500 -0.7700063
v -0.7251216 0.3575904 -0.7700063
v -0.7469566 0.3093996 -0.7700063
v -0.7655930 0.2598838 -0.7700063
v -0.7809510 0.2092552 -0.7700063
v -0.7929649 0.1577305 -0.7700063
v -0.8015832 0.1055304 -0.7700063
v -0.8067689 0.0528784 -0.7700063
v -0.8085000 0.0000000 -0.7700063
v -0.8067689 -0.0528784 -0.7700063
v -0.8015832 -0.1055304 -0.7700063
v -0.7929649 -0.1577305 -0.7700063
v -0.7809510 -0.2092552 -0.7700063
v -0.7655930 -0.2598838 -0.7700063
v -0.7469566 -0.3093996 -0.7700063
v -0.7251216 -0.3575904 -0.7700063
v -0.7001815 -0.4042500 -0.7700063
v -0.6722432 -0.4491785 -0.7700063
v -0.6414262 -0.4921836 -0.7700063
v -0.6078625 -0.5330811 -0.7700063
v -0.5716958 -0.5716958 -0.7700063
v -0.5330811 -0.6078625 -0.7700063
v -0.4921836 -0.6414262 -0.7700063
v -0.4491785 -0.6722432 -0.7700063
v -0.4042500 -0.7001815 -0.7700063
v -0.3575904 -0.7251216 -0.7700063
v -0.3093996 -0.7469566 -0.7700063
v -0.2598838 -0.7655930 -0.7700063
v -0.2092552 -0.7809510 -0.7700063
v -0.1577305 -0.7929649 -0.7700063
v -0.1055304 -0.8015832 -0.7700063
v -0.0528784 -0.8067689 -0.7700063
v -0.0000000 -0.8085000 -0.7700063
v 0.0528784 -0.8067689 -0.7700063
v 0.1055304 -0.8015832 -0.7700063
v 0.1577305 -0.7929649 -0.7700063
v 0.2092552 -0.7809510 -0.7700063
v 0.2598838 -0.7655930 -0.7700063
v 0.3093996 -0.7469566 -0.7700063
v 0.3575904 -0.7251216 -0.7700063
v 0.4042500 -0.7001815 -0.7700063
v 0.4491785 -0.6722432 -0.7700063
v 0.4921836 -0.6414262 -0.7700063
v 0.5330811 -0.6078625 -0.7700063
v 0.5716958 -0.5716958 -0.7700063
v 0.6078625 -0.5330811 -0.7700063
v 0.6414262 -0.4921836 -0.7700063
v 0.6722432 -0.4491785 -0.7700063
v 0.7001815 -0.4042500 -0.7700063
v 0.7251216 -0.3575904 -0.7700063
v 0.7469566 -0.3093996 -0.7700063
v 0.7655930 -0.2598838 -0.7700063
v 0.7809510 -0.2092552 -0.7700063
v 0.7929649 -0.1577305 -0.7700063
v 0.8015832 -0.1055304 -0.7700063
v 0.8067689 -0.0528784 -0.7700063
v 0.9240000 0.0000000 -0.7056000
v 0.9220216 0.0604325 -0.7056000
v 0.9160951 0.1206062 -0.7056000
v 0.9062456 0.1802635 -0.7056000
v 0.8925155 0.2391488 -0.7056000
v 0.8749634 0.2970101 -0.7056000
v 0.8536647 0.3535995 -0.7056000
v 0.8287104 0.4086747 -0.7056000
v 0.8002075 0.4620000 -0.7056000
v 0.7682779 0.5133469 -0.7056000
v 0.7330585 0.5624956 -0.7056000
v 0.6947000 0.6092355 -0.7056000
v 0.6533667 0.6533667 -0.7056000
v 0.6092355 0.6947000 -0.7056000
v 0.5624956 0.7330585 -0.7056000
v 0.5133469 0.7682779 -0.7056000
v 0.4620000 0.8002075 -0.7056000
v 0.4086747 0.8287104 -0.7056000
v 0.3535995 0.8536647 -0.7056000
v 0.2970101 0.8749634 -0.7056000
v 0.2391488 0.8925155 -0.7056000
v 0.1802635 0.9062456 -0.7056000
v 0.1206062 0.9160951 -0.7056000
v 0.0604325 0.9220216 -0.7056000
v 0.0000000 0.9240000 -0.7056000
v -0.0604325 0.9220216 -0.7056000
v -0.1206062 0.9160951 -0.7056000
v -0.1802635 0.9062456 -0.7056000
v -0.2391488 0.8925155 -0.7056000
v -0.2970101 0.8749634 -0.7056000
v -0.3535995 0.8536647 -0.7056000
v -0.4086747 0.8287104 -0.7056000
v -0.4620000 0.8002075 -0.7056000
v -0.5133469 0.7682779 -0.7056000
v -0.5624956 0.7330585 -0.7056000
v -0.6092355 0.6947000 -0.7056000
v -0.6533667 0.6533667 -0.7056000
v -0.6947000 0.6092355 -0.7056000
v -0.7330585 0.5624956 -0.7056000
v -0.7682779 0.5133469 -0.7056000
v -0.8002075 0.4620000 -0.7056000
v -0.8287104 0.4086747 -0.7056000
v -0.8536647 0.3535995 -0.7056000
v -0.8749634 0.2970101 -0.7056000
v -0.8925155 0.2391488 -0.7056000
v -0.9062456 0.1802635 -0.7056000
v -0.9160951 0.1206062 -0.7056000
v -0.9220216 0.0604325 -0.7056000
v -0.9240000 0.0000000 -0.7056000
v -0.9220216 -0.0604325 -0.7056000
v -0.9160951 -0.1206062 -0.7056000
v -0.9062456 -0.1802635 -0.7056000
v -0.8925155 -0.2391488 -0.7056000
v -0.8749634 -0.2970101 -0.7056000
v -0.8536647 -0.3535995 -0.7056000
v -0.8287104 -0.4086747 -0.7056000
v -0.8002075 -0.4620000 -0.7056000
v -0.7682779 -0.5133469 -0.7056000
v -0.7330585 -0.5624956 -0.7056000
v -0.6947000 -0.6092355 -0.7056000
v -0.6533667 -0.6533667 -0.7056000
v -0.6092355 -0.6947000 -0.7056000
v -0.5624956 -0.7330585 -0.7056000
v -0.5133469 -0.7682779 -0.7056000
v -0.4620000 -0.8002075 -0.7056000
v -0.4086747 -0.8287104 -0.7056000
v -0.3535995 -0.8536647 -0.7056000
v -0.2970101 -0.8749634 -0.7056000
v -0.2391488 -0.8925155 -0.7056000
v -0.1802635 -0.9062456 -0.7056000
v -0.1206062 -0.9160951 -0.7056000
v -0.0604325 -0.9220216 -0.7056000
v -0.0000000 -0.9240000 -0.7056000
v 0.0604325 -0.9220216 -0.7056000
v 0.1206062 -0.9160951 -0.7056000
v 0.1802635 -0.9062456 -0.7056000
v 0.2391488 -0.8925155 -0.7056000
v 0.2970101 -0.8749634 -0.7056000
v 0.3535995 -0.8536647 -0.7056000
v 0.4086747 -0.8287104 -0.7056000
v 0.4620000 -0.8002075 -0.7056000
v 0.5133469 -0.7682779 -0.7056000
v 0.5624956 -0.7330585 -0.7056000
v 0.6092355 -0.6947000 -0.7056000
v 0.6533667 -0.6533667 -0.7056000
v 0.6947000 -0.6092355 -0.7056000
v 0.7330585 -0.5624956 -0.7056000
v 0.7682779 -0.5133469 -0.7056000
v 0.8002075 -0.4620000 -0.7056000
v 0.8287104 -0.4086747 -0.7056000
v 0.8536647 -0.3535995 -0.7056000
v 0.8749634 -0.2970101 -0.7056000
v 0.8925155 -0.2391488 -0.7056000
v 0.9062456 -0.1802635 -0.7056000
v 0.9160951 -0.1206062 -0.7056000
v 0.9220216 -0.0604325 -0.7056000
v 1.0395000 0.0000000 -0.6360062
v 1.0372744 0.0679866 -0.6360062
v 1.0306069 0.1356820 -0.6360062
v 1.0195263 0.2027964 -0.6360062
v 1.0040799 0.2690424 -0.6360062
v 0.9843339 0.3341363 -0.6360062
v 0.9603728 0.3977994 -0.6360062
v 0.9322992 0.4597591 -0.6360062
v 0.9002334 0.5197500 -0.6360062
v 0.8643127 0.5775153 -0.6360062
v 0.8246908 0.6328075 -0.6360062
v 0.7815375 0.6853900 -0.6360062
v 0.7350375 0.7350375 -0.6360062
v 0.6853900 0.7815375 -0.6360062
v 0.6328075 0.8246908 -0.6360062
v 0.5775153 0.8643127 -0.6360062
v 0.5197500 0.9002334 -0.6360062
v 0.4597591 0.9322992 -0.6360062
v 0.3977994 0.9603728 -0.6360062
v 0.3341363 0.9843339 -0.6360062
v 0.2690424 1.0040799 -0.6360062
v 0.2027964 1.0195263 -0.6360062
v 0.1356820 1.0306069 -0.6360062
v 0.0679866 1.0372744 -0.6360062
v 0.0000000 1.0395000 -0.6360062
v -0.0679866 1.0372744 -0.6360062
v -0.1356820 1.0306069 -0.6360062
v -0.2027964 1.0195263 -0.6360062
v -0.2690424 1.0040799 -0.6360062
v -0.3341363 0.9843339 -0.6360062
v -0.3977994 0.9603728 -0.6360062
v -0.4597591 0.9322992 -0.6360062
v -0.5197500 0.9002334 -0.6360062
v -0.5775153 0.8643127 -0.6360062
v -0.6328075 0.8246908 -0.6360062
v -0.6853900 0.7815375 -0.6360062
v -0.7350375 0.7350375 -0.6360062
v -0.7815375 0.6853900 -0.6360062
v -0.8246908 0.6328075 -0.6360062
v -0.8643127 0.5775153 -0.6360062
v -0.9002334 0.5197500 -0.6360062
v -0.9322992 0.4597591 -0.6360062
v -0.9603728 0.3977994 -0.6360062
v -0.9843339 0.3341363 -0.6360062
v -1.0040799 0.2690424 -0.6360062
v -1.0195263 0.2027964 -0.6360062
v -1.0306069 0.1356820 -0.6360062
v -1.0372744 0.0679866 -0.6360062
v -1.0395000 0.0000000 -0.6360062
v -1.0372744 -0.0679866 -0.6360062
v -1.0306069 -0.1356820 -0.6360062
v -1.0195263 -0.2027964 -0.6360062
v -1.0040799 -0.2690424 -0.6360062
v -0.9843339 -0.3341363 -0.6360062
v -0.9603728 -0.3977994 -0.6360062
v -0.9322992 -0.4597591 -0.6360062
v -0.9002334 -0.5197500 -0.6360062
v -0.8643127 -0.5775153 -0.6360062
v -0.8246908 -0.6328075 -0.6360062
v -0.7815375 -0.6853900 -0.6360062
v -0.7350375 -0.7350375 -0.6360062
v -0.6853900 -0.7815375 -0.6360062
v -0.6328075 -0.8246908 -0.6360062
v -0.5775153 -0.8643127 -0.6360062
v -0.5197500 -0.9002334 -0.6360062
v -0.4597591 -0.9322992 -0.6360062
v -0.3977994 -0.9603728 -0.6360062
v -0.3341363 -0.9843339 -0.6360062
v -0.2690424 -1.0040799 -0.6360062
v -0.2027964 -1.0195263 -0.6360062
v -0.1356820 -1.0306069 -0.6360062
v -0.0679866 -1.0372744 -0.6360062
v -0.0000000 -1.0395000 -0.6360062
v 0.0679866 -1.0372744 -0.6360062
v 0.1356820 -1.0306069 -0.6360062
v 0.2027964 -1.0195263 -0.6360062
v 0.2690424 -1.0040799 -0.6360062
v 0.3341363 -0.9843339 -0.6360062
v 0.3977994 -0.9603728 -0.6360062
v 0.4597591 -0.9322992 -0.6360062
v 0.5197500 -0.9002334 -0.6360062
v 0.5775153 -0.8643127 -0.6360062
v 0.6328075 -0.8246908 -0.6360062
v 0.6853900 -0.7815375 -0.6360062
v 0.7350375 -0.7350375 -0.6360062
v 0.7815375 -0.6853900 -0.6360062
v 0.8246908 -0.6328075 -0.6360062
v 0.8643127 -0.5775153 -0.6360062
v 0.9002334 -0.5197500 -0.6360062
v 0.9322992 -0.4597591 -0.6360062
v 0.9603728 -0.3977994 -0.6360062
v 0.9843339 -0.3341363 -0.6360062
v 1.0040799 -0.2690424 -0.6360062
v 1.0195263 -0.2027964 -0.6360062
v 1.0306069 -0.1356820 -0.6360062
v 1.0372744 -0.0679866 -0.6360062
v 1.1550000 0.0000000 -0.5625000
v 1.1525271 0.0755406 -0.5625000
v 1.1451188 0.1507578 -0.5625000
v 1.1328070 0.2253293 -0.5625000
v 1.1156443 0.2989360 -0.5625000
v 1.0937043 0.3712626 -0.5625000
v 1.0670809 0.4419994 -0.5625000
v 1.0358880 0.5108434 -0.5625000
v 1.0002593 0.5775000 -0.5625000
v 0.9603474 0.6416836 -0.5625000
v 0.9163231 0.7031195 -0.5625000
v 0.8683750 0.7615444 -0.5625000
v 0.8167083 0.8167083 -0.5625000
v 0.7615444 0.8683750 -0.5625000
v 0.7031195 0.9163231 -0.5625000
v 0.6416836 0.9603474 -0.5625000
v 0.5775000 1.0002593 -0.5625000
v 0.5108434 1.0358880 -0.5625000
v 0.4419994 1.0670809 -0.5625000
v 0.3712626 1.0937043 -0.5625000
v 0.2989360 1.1156443 -0.5625000
v 0.2253293 1.1328070 -0.5625000
v 0.1507578 1.1451188 -0.5625000
v 0.0755406 1.1525271 -0.5625000
v 0.0000000 1.1550000 -0.5625000
v -0.0755406 1.1525271 -0.5625000
v -0.1507578 1.1451188 -0.5625000
v -0.2253293 1.1328070 -0.5625000
v -0.2989360 1.1156443 -0.5625000
v -0.3712626 1.0937043 -0.5625000
v -0.4419994 1.0670809 -0.5625000
v -0.5108434 1.0358880 -0.5625000
v -0.5775000 1.0002593 -0.5625000
v -0.6416836 0.9603474 -0.5625000
v -0.7031195 0.9163231 -0.5625000
v -0.7615444 0.8683750 -0.5625000
v -0.8167083 0.8167083 -0.5625000
v -0.8683750 0.7615444 -0.5625000
v -0.9163231 0.7031195 -0.5625000
v -0.9603474 0.6416836 -0.5625000
v -1.0002593 0.5775000 -0.5625000
v -1.0358880 0.5108434 -0.5625000
v -1.0670809 0.4419994 -0.5625000
v -1.0937043 0.3712626 -0.5625000
v -1.1156443 0.2989360 -0.5625000
v -1.1328070 0.2253293 -0.5625000
v -1.1451188 0.1507578 -0.5625000
v -1.1525271 0.0755406 -0.5625000
v -1.1550000 0.0000000 -0.5625000
v -1.1525271 -0.0755406 -0.5625000
v -1.1451188 -0.1507578 -0.5625000
v -1.1328070 -0.2253293 -0.5625000
v -1.1156443 -0.2989360 -0.5625000
v -1.0937043 -0.3712626 -0.5625000
v -1.0670809 -0.4419994 -0.5625000
v -1.0358880 -0.5108434 -0.5625000
v -1.0002593 -0.5775000 -0.5625000
v -0.9603474 -0.6416836 -0.5625000
v -0.9163231 -0.7031195 -0.5625000
v -0.8683750 -0.7615444 -0.5625000
v -0.8167083 -0.8167083 -0.5625000
v -0.7615444 -0.8683750 -0.5625000
v -0.7031195 -0.9163231 -0.5625000
v -0.6416836 -0.9603474 -0.5625000
v -0.5775000 -1.0002593 -0.5625000
v -0.5108434 -1.0358880 -0.5625000
v -0.4419994 -1.0670809 -0.5625000
v -0.3712626 -1.0937043 -0.5625000
v -0.2989360 -1.1156443 -0.5625000
v -0.2253293 -1.1328070 -0.5625000
v -0.1507578 -1.1451188 -0.5625000
v -0.0755406 -1.1525271 -0.5625000
v -0.0000000 -1.1550000 -0.5625000
v 0.0755406 -1.1525271 -0.5625000
v 0.1507578 -1.1451188 -0.5625000
v 0.2253293 -1.1328070 -0.5625000
v 0.2989360 -1.1156443 -0.5625000
v 0.3712626 -1.0937043 -0.5625000
v 0.4419994 -1.0670809 -0.5625000
v 0.5108434 -1.0358880 -0.5625000
v 0.5775000 -1.0002593 -0.5625000
v 0.6416836 -0.9603474 -0.5625000
v 0.7031195 -0.9163231 -0.5625000
v 0.7615444 -0.8683750 -0.5625000
v 0.8167083 -0.8167083 -0.5625000
v 0.8683750 -0.7615444 -0.5625000
v 0.9163231 -0.7031195 -0.5625000
v 0.9603474 -0.6416836 -0.5625000
v 1.0002593 -0.5775000 -0.5625000
v 1.0358880 -0.5108434 -0.5625000
v 1.0670809 -0.4419994 -0.5625000
v 1.0937043 -0.3712626 -0.5625000
v 1.1156443 -0.2989360 -0.5625000
v 1.1328070 -0.2253293 -0.5625000
v 1.1451188 -0.1507578 -0.5625000
v 1.1525271 -0.0755406 -0.5625000
v 1.2705000 0.0000000 -0.4865063
v 1.2677798 0.0830947 -0.4865063
v 1.2596307 0.1658335 -0.4865063
v 1.2460877 0.2478623 -0.4865063
v 1.2272088 0.3288296 -0.4865063
v 1.2030747 0.4083888 -0.4865063
v 1.1737889 0.4861993 -0.4865063
v 1.1394768 0.5619278 -0.4865063
v 1.1002853 0.6352500 -0.4865063
v 1.0563821 0.7058520 -0.4865063
v 1.0079554 0.7734314 -0.4865063
v 0.9552125 0.8376989 -0.4865063
v 0.8983792 0.8983792 -0.4865063
v 0.8376989 0.9552125 -0.4865063
v 0.7734314 1.0079554 -0.4865063
v 0.7058520 1.0563821 -0.4865063
v 0.6352500 1.1002853 -0.4865063
v 0.5619278 1.1394768 -0.4865063
v 0.4861993 1.1737889 -0.4865063
v 0.4083888 1.2030747 -0.4865063
v 0.3288296 1.2272088 -0.4865063
v 0.2478623 1.2460877 -0.4865063
v 0.1658335 1.2596307 -0.4865063
v 0.0830947 1.2677798 -0.4865063
v 0.0000000 1.2705000 -0.4865063
v -0.0830947 1.2677798 -0.4865063
v -0.1658335 1.2596307 -0.4865063
v -0.2478623 1.2460877 -0.4865063
v -0.3288296 1.2272088 -0.4865063
v -0.4083888 1.2030747 -0.4865063
v -0.4861993 1.1737889 -0.4865063
v -0.5619278 1.1394768 -0.4865063
v -0.6352500 1.1002853 -0.4865063
v -0.7058520 1.0563821 -0.4865063
v -0.7734314 1.0079554 -0.4865063
v -0.8376989 0.9552125 -0.4865063
v -0.8983792 0.8983792 -0.4865063
v -0.9552125 0.8376989 -0.4865063
v -1.0079554 0.7734314 -0.4865063
v -1.0563821 0.7058520 -0.4865063
v -1.1002853 0.6352500 -0.4865063
v -1.1394768 0.5619278 -0.4865063
v -1.1737889 0.4861993 -0.4865063
v -1.2030747 0.4083888 -0.4865063
v -1.2272088 0.3288296 -0.4865063
v -1.2460877 0.2478623 -0.4865063
v -1.2596307 0.1658335 -0.4865063
v -1.2677798 0.0830947 -0.4865063
v -1.2705000 0.0000000 -0.4865063
v -1.2677798 -0.0830947 -0.4865063
v -1.2596307 -0.1658335 -0.4865063
v -1.2460877 -0.2478623 -0.4865063
v -1.2272088 -0.3288296 -0.4865063
v -1.2030747 -0.4083888 -0.4865063
v -1.1737889 -0.4861993 -0.4865063
v -1.1394768 -0.5619278 -0.4865063
v -1.1002853 -0.6352500 -0.4865063
v -1.0563821 -0.7058520 -0.4865063
v -1.0079554 -0.7734314 -0.4865063
v -0.9552125 -0.8376989 -0.4865063
v -0.8983792 -0.8983792 -0.4865063
v -0.8376989 -0.9552125 -0.4865063
v -0.7734314 -1.0079554 -0.4865063
v -0.7058520 -1.0563821 -0.4865063
v -0.6352500 -1.1002853 -0.4865063
v -0.5619278 -1.1394768 -0.4865063
v -0.4861993 -1.1737889 -0.4865063
v -0.4083888 -1.2030747 -0.4865063
v -0.3288296 -1.2272088 -0.4865063
v -0.2478623 -1.2460877 -0.4865063
v -0.1658335 -1.2596307 -0.4865063
v -0.0830947 -1.2677798 -0.4865063
v -0.0000000 -1.2705000 -0.4865063
v 0.0830947 -1.2677798 -0.4865063
v 0.1658335 -1.2596307 -0.4865063
v 0.2478623 -1.2460877 -0.4865063
v 0.3288296 -1.2272088 -0.4865063
v 0.4083888 -1.2030747 -0.4865063
v 0.4861993 -1.1737889 -0.4865063
v 0.5619278 -1.1394768 -0.4865063
v 0.6352500 -1.1002853 -0.4865063
v 0.7058520 -1.0563821 -0.4865063
v 0.7734314 -1.0079554 -0.4865063
v 0.8376989 -0.9552125 -0.4865063
v 0.8983792 -0.8983792 -0.4865063
v 0.9552125 -0.8376989 -0.4865063
v 1.0079554 -0.7734314 -0.4865063
v 1.0563821 -0.7058520 -0.4865063
v 1.1002853 -0.6352500 -0.4865063
v 1.1394768 -0.5619278 -0.4865063
v 1.1737889 -0.4861993 -0.4865063
v 1.2030747 -0.4083888 -0.4865063
v 1.2272088 -0.3288296 -0.4865063
v 1.2460877 -0.2478623 -0.4865063
v 1.2596307 -0.1658335 -0.4865063
v 1.2677798 -0.0830947 -0.4865063
v 1.3860000 0.0000000 -0.4096000
v 1.3830325 0.0906487 -0.4096000
v 1.3741426 0.1809093 -0.4096000
v 1.3593684 0.2703952 -0.4096000
v 1.3387732 0.3587232 -0.4096000
v 1.3124452 0.4455151 -0.4096000
v 1.2804970 0.5303992 -0.4096000
v 1.2430656 0.6130121 -0.4096000
v 1.2003112 0.6930000 -0.4096000
v 1.1524169 0.7700203 -0.4096000
v 1.0995877 0.8437433 -0.4096000
v 1.0420500 0.9138533 -0.4096000
v 0.9800500 0.9800500 -0.4096000
v 0.9138533 1.0420500 -0.4096000
v 0.8437433 1.0995877 -0.4096000
v 0.7700203 1.1524169 -0.4096000
v 0.6930000 1.2003112 -0.4096000
v 0.6130121 1.2430656 -0.4096000
v 0.5303992 1.2804970 -0.4096000
v 0.4455151 1.3124452 -0.4096000
v 0.3587232 1.3387732 -0.4096000
v 0.2703952 1.3593684 -0.4096000
v 0.1809093 1.3741426 -0.4096000
v 0.0906487 1.3830325 -0.4096000
v 0.0000000 1.3860000 -0.4096000
v -0.0906487 1.3830325 -0.4096000
v -0.1809093 1.3741426 -0.4096000
v -0.2703952 1.3593684 -0.4096000
v -0.3587232 1.3387732 -0.4096000
v -0.4455151 1.3124452 -0.4096000
v -0.5303992 1.2804970 -0.4096000
v -0.6130121 1.2430656 -0.4096000
v -0.6930000 1.2003112 -0.4096000
v -0.7700203 1.1524169 -0.4096000
v -0.8437433 1.0995877 -0.4096000
v -0.9138533 1.0420500 -0.4096000
v -0.9800500 0.9800500 -0.4096000
v -1.0420500 0.9138533 -0.4096000
v -1.0995877 0.8437433 -0.4096000
v -1.1524169 0.7700203 -0.4096000
v -1.2003112 0.6930000 -0.4096000
v -1.2430656 0.6130121 -0.4096000
v -1.2804970 0.5303992 -0.4096000
v -1.3124452 0.4455151 -0.4096000
v -1.3387732 0.3587232 -0.4096000
v -1.3593684 0.2703952 -0.4096000
v -1.3741426 0.1809093 -0.4096000
v -1.3830325 0.0906487 -0.4096000
v -1.3860000 0.0000000 -0.4096000
v -1.3830325 -0.0906487 -0.4096000
v -1.3741426 -0.1809093 -0.4096000
v -1.3593684 -0.2703952 -0.4096000
v -1.3387732 -0.3587232 -0.4096000
v -1.3124452 -0.4455151 -0.4096000
v -1.2804970 -0.5303992 -0.4096000
v -1.2430656 -0.6130121 -0.4096000
v -1.2003112 -0.6930000 -0.4096000
v -1.1524169 -0.7700203 -0.4096000
v -1.0995877 -0.8437433 -0.4096000
v -1.0420500 -0.9138533 -0.4096000
v -0.9800500 -0.9800500 -0.4096000
v -0.9138533 -1.0420500 -0.4096000
v -0.8437433 -1.0995877 -0.4096000
v -0.7700203 -1.1524169 -0.4096000
v -0.6930000 -1.2003112 -0.4096000
v -0.6130121 -1.2430656 -0.4096000
v -0.5303992 -1.2804970 -0.4096000
v -0.4455151 -1.3124452 -0.4096000
v -0.3587232 -1.3387732 -0.4096000
v -0.2703952 -1.3593684 -0.4096000
v -0.1809093 -1.3741426 -0.4096000
v -0.0906487 -1.3830325 -0.4096000
v -0.0000000 -1.3860000 -0.4096000
v 0.0906487 -1.3830325 -0.4096000
v 0.1809093 -1.3741426 -0.4096000
v 0.2703952 -1.3593684 -0.4096000
v 0.3587232 -1.3387732 -0.4096000
v 0.4455151 -1.3124452 -0.4096000
v 0.5303992 -1.2804970 -0.4096000
v 0.6130121 -1.2430656 -0.4096000
v 0.6930000 -1.2003112 -0.4096000
v 0.7700203 -1.1524169 -0.4096000
v 0.8437433 -1.0995877 -0.4096000
v 0.9138533 -1.0420500 -0.4096000
v 0.9800500 -0.9800500 -0.4096000
v 1.0420500 -0.9138533 -0.4096000
v 1.0995877 -0.8437433 -0.4096000
v 1.1524169 -0.7700203 -0.4096000
v 1.2003112 -0.6930000 -0.4096000
v 1.2430656 -0.6130121 -0.4096000
v 1.2804970 -0.5303992 -0.4096000
v 1.3124452 -0.4455151 -0.4096000
v 1.3387732 -0.3587232 -0.4096000
v 1.3593684 -0.2703952 -0.4096000
v 1.3741426 -0.1809093 -0.4096000
v 1.3830325 -0.0906487 -0.4096000
v 1.5015000 0.0000000 -0.3335062
v 1.4982852 0.0982028 -0.3335062
v 1.4886545 0.1959851 -0.3335062
v 1.4726491 0.2929281 -0.3335062
v 1.4503376 0.3886168 -0.3335062
v 1.4218156 0.4826414 -0.3335062
v 1.3872051 0.5745992 -0.3335062
v 1.3466544 0.6640965 -0.3335062
v 1.3003371 0.7507500 -0.3335062
v 1.2484516 0.8341887 -0.3335062
v 1.1912200 0.9140553 -0.3335062
v 1.1288875 0.9900077 -0.3335062
v 1.0617208 1.0617208 -0.3335062
v 0.9900077 1.1288875 -0.3335062
v 0.9140553 1.1912200 -0.3335062
v 0.8341887 1.2484516 -0.3335062
v 0.7507500 1.3003371 -0.3335062
v 0.6640965 1.3466544 -0.3335062
v 0.5745992 1.3872051 -0.3335062
v 0.4826414 1.4218156 -0.3335062
v 0.3886168 1.4503376 -0.3335062
v 0.2929281 1.4726491 -0.3335062
v 0.1959851 1.4886545 -0.3335062
v 0.0982028 1.4982852 -0.3335062
v 0.0000000 1.5015000 -0.3335062
v -0.0982028 1.4982852 -0.3335062
v -0.1959851 1.4886545 -0.3335062
v -0.2929281 1.4726491 -0.3335062
v -0.3886168 1.4503376 -0.3335062
v -0.4826414 1.4218156 -0.3335062
v -0.5745992 1.3872051 -0.3335062
v -0.6640965 1.3466544 -0.3335062
v -0.7507500 1.3003371 -0.3335062
v -0.8341887 1.2484516 -0.3335062
v -0.9140553 1.1912200 -0.3335062
v -0.9900077 1.1288875 -0.3335062
v -1.0617208 1.0617208 -0.3335062
v -1.1288875 0.9900077 -0.3335062
v -1.1912200 0.9140553 -0.3335062
v -1.2484516 0.8341887 -0.3335062
v -1.3003371 0.7507500 -0.3335062
v -1.3466544 0.6640965 -0.3335062
v -1.3872051 0.5745992 -0.3335062
v -1.4218156 0.4826414 -0.3335062
v -1.4503376 0.3886168 -0.3335062
v -1.4726491 0.2929281 -0.3335062
v -1.4886545 0.1959851 -0.3335062
v -1.4982852 0.0982028 -0.3335062
v -1.5015000 0.0000000 -0.3335062
v -1.4982852 -0.0982028 -0.3335062
v -1.4886545 -0.1959851 -0.3335062
v -1.4726491 -0.2929281 -0.3335062
v -1.4503376 -0.3886168 -0.3335062
v -1.4218156 -0.4826414 -0.3335062
v -1.3872051 -0.5745992 -0.3335062
v -1.3466544 -0.6640965 -0.3335062
v -1.3003371 -0.7507500 -0.3335062
v -1.2484516 -0.8341887 -0.3335062
v -1.1912200 -0.9140553 -0.3335062
v -1.1288875 -0.9900077 -0.3335062
v -1.0617208 -1.0617208 -0.3335062
v -0.9900077 -1.1288875 -0.3335062
v -0.9140553 -1.1912200 -0.3335062
v -0.8341887 -1.2484516 -0.3335062
v -0.7507500 -1.3003371 -0.3335062
v -0.6640965 -1.3466544 -0.3335062
v -0.5745992 -1.3872051 -0.3335062
v -0.4826414 -1.4218156 -0.3335062
v -0.3886168 -1.4503376 -0.3335062
v -0.2929281 -1.4726491 -0.3335062
v -0.1959851 -1.4886545 -0.3335062
v -0.0982028 -1.4982852 -0.3335062
v -0.0000000 -1.5015000 -0.3335062
v 0.0982028 -1.4982852 -0.3335062
v 0.1959851 -1.4886545 -0.3335062
v 0.2929281 -1.4726491 -0.3335062
v 0.3886168 -1.4503376 -0.3335062
v 0.4826414 -1.4218156 -0.3335062
v 0.5745992 -1.3872051 -0.3335062
v 0.6640965 -1.3466544 -0.3335062
v 0.7507500 -1.3003371 -0.3335062
v 0.8341887 -1.2484516 -0.3335062
v 0.9140553 -1.1912200 -0.3335062
v 0.9900077 -1.1288875 -0.3335062
v 1.0617208 -1.0617208 -0.3335062
v 1.1288875 -0.9900077 -0.3335062
v 1.1912200 -0.9140553 -0.3335062
v 1.2484516 -0.8341887 -0.3335062
v 1.3003371 -0.7507500 -0.3335062
v 1.3466544 -0.6640965 -0.3335062
v 1.3872051 -0.5745992 -0.3335062
v 1.4218156 -0.4826414 -0.3335062
v 1.4503376 -0.3886168 -0.3335062
v 1.4726491 -0.2929281 -0.3335062
v 1.4886545 -0.1959851 -0.3335062
v 1.4982852 -0.0982028 -0.3335062
v 1.6170000 0.0000000 -0.2601000
v 1.6135379 0.1057569 -0.2601000
v 1.6031663 0.2110609 -0.2601000
v 1.5859298 0.3154611 -0.2601000
v 1.5619021 0.4185104 -0.2601000
v 1.5311860 0.5197676 -0.2601000
v 1.4939132 0.6187991 -0.2601000
v 1.4502432 0.7151808 -0.2601000
v 1.4003631 0.8085000 -0.2601000
v 1.3444864 0.8983571 -0.2601000
v 1.2828524 0.9843672 -0.2601000
v 1.2157250 1.0661622 -0.2601000
v 1.1433917 1.1433917 -0.2601000
v 1.0661622 1.2157250 -0.2601000
v 0.9843672 1.2828524 -0.2601000
v 0.8983571 1.3444864 -0.2601000
v 0.8085000 1.4003631 -0.2601000
v 0.7151808 1.4502432 -0.2601000
v 0.6187991 1.4939132 -0.2601000
v 0.5197676 1.5311860 -0.2601000
v 0.4185104 1.5619021 -0.2601000
v 0.3154611 1.5859298 -0.2601000
v 0.2110609 1.6031663 -0.2601000
v 0.1057569 1.6135379 -0.2601000
v 0.0000000 1.6170000 -0.2601000
v -0.1057569 1.6135379 -0.2601000
v -0.2110609 1.6031663 -0.2601000
v -0.3154611 1.5859298 -0.2601000
v -0.4185104 1.5619021 -0.2601000
v -0.5197676 1.5311860 -0.2601000
v -0.6187991 1.4939132 -0.2601000
v -0.7151808 1.4502432 -0.2601000
v -0.8085000 1.4003631 -0.2601000
v -0.8983571 1.3444864 -0.2601000
v -0.9843672 1.2828524 -0.2601000
v -1.0661622 1.2157250 -0.2601000
v -1.1433917 1.1433917 -0.2601000
v -1.2157250 1.0661622 -0.2601000
v -1.2828524 0.9843672 -0.2601000
v -1.3444864 0.8983571 -0.2601000
v -1.4003631 0.8085000 -0.2601000
v -1.4502432 0.7151808 -0.2601000
v -1.4939132 0.6187991 -0.2601000
v -1.5311860 0.5197676 -0.2601000
v -1.5619021 0.4185104 -0.2601000
v -1.5859298 0.3154611 -0.2601000
v -1.6031663 0.2110609 -0.2601000
v -1.6135379 0.1057569 -0.2601000
v -1.6170000 0.0000000 -0.2601000
v -1.6135379 -0.1057569 -0.2601000
v -1.6031663 -0.2110609 -0.2601000
v -1.5859298 -0.3154611 -0.2601000
v -1.5619021 -0.4185104 -0.2601000
v -1.5311860 -0.5197676 -0.2601000
v -1.4939132 -0.6187991 -0.2601000
v -1.4502432 -0.7151808 -0.2601000
v -1.4003631 -0.8085000 -0.2601000
v -1.3444864 -0.8983571 -0.2601000
v -1.2828524 -0.9843672 -0.2601000
v -1.2157250 -1.0661622 -0.2601000
v -1.1433917 -1.1433917 -0.2601000
v -1.0661622 -1.2157250 -0.2601000
v -0.9843672 -1.2828524 -0.2601000
v -0.8983571 -1.3444864 -0.2601000
v -0.8085000 -1.4003631 -0.2601000
v -0.7151808 -1.4502432 -0.2601000
v -0.6187991 -1.4939132 -0.2601000
v -0.5197676 -1.5311860 -0.2601000
v -0.4185104 -1.5619021 -0.2601000
v -0.3154611 -1.5859298 -0.2601000
v -0.2110609 -1.6031663 -0.2601000
v -0.1057569 -1.6135379 -0.2601000
v -0.0000000 -1.6170000 -0.2601000
v 0.1057569 -1.6135379 -0.2601000
v 0.2110609 -1.6031663 -0.2601000
v 0.3154611 -1.5859298 -0.2601000
v 0.4185104 -1.5619021 -0.2601000
v 0.5197676 -1.5311860 -0.2601000
v 0.6187991 -1.4939132 -0.2601000
v 0.7151808 -1.4502432 -0.2601000
v 0.8085000 -1.4003631 -0.2601000
v 0.8983571 -1.3444864 -0.2601000
v 0.9843672 -1.2828524 -0.2601000
v 1.0661622 -1.2157250 -0.2601000
v 1.1433917 -1.1433917 -0.2601000
v 1.2157250 -1.0661622 -0.2601000
v 1.2828524 -0.9843672 -0.2601000
v 1.3444864 -0.8983571 -0.2601000
v 1.4003631 -0.8085000 -0.2601000
v 1.4502432 -0.7151808 -0.2601000
v 1.4939132 -0.6187991 -0.2601000
v 1.5311860 -0.5197676 -0.2601000
v 1.5619021 -0.4185104 -0.2601000
v 1.5859298 -0.3154611 -0.2601000
v 1.6031663 -0.2110609 -0.2601000
v 1.6135379 -0.1057569 -0.2601000
v 1.7325000 0.0000000 -0.1914062
v 1.7287906 0.1133109 -0.1914062
v 1.7176782 0.2261366 -0.1914062
v 1.6992105 0.3379940 -0.1914062
v 1.6734665 0.4484040 -0.1914062
v 1.6405564 0.5568939 -0.1914062
v 1.6006213 0.6629990 -0.1914062
v 1.5538320 0.7662652 -0.1914062
v 1.5003890 0.8662500 -0.1914062
v 1.4405211 0.9625254 -0.1914062
v 1.3744847 1.0546792 -0.1914062
v 1.3025625 1.1423166 -0.1914062
v 1.2250625 1.2250625 -0.1914062
v 1.1423166 1.3025625 -0.1914062
v 1.0546792 1.3744847 -0.1914062
v 0.9625254 1.4405211 -0.1914062
v 0.8662500 1.5003890 -0.1914062
v 0.7662652 1.5538320 -0.1914062
v 0.6629990 1.6006213 -0.1914062
v 0.5568939 1.6405564 -0.1914062
v 0.4484040 1.6734665 -0.1914062
v 0.3379940 1.6992105 -0.1914062
v 0.2261366 1.7176782 -0.1914062
v 0.1133109 1.7287906 -0.1914062
v 0.0000000 1.7325000 -0.1914062
v -0.1133109 1.7287906 -0.1914062
v -0.2261366 1.7176782 -0.1914062
v -0.3379940 1.6992105 -0.1914062
v -0.4484040 1.6734665 -0.1914062
v -0.5568939 1.6405564 -0.1914062
v -0.6629990 1.6006213 -0.1914062
v -0.7662652 1.5538320 -0.1914062
v -0.8662500 1.5003890 -0.1914062
v -0.9625254 1.4405211 -0.1914062
v -1.0546792 1.3744847 -0.1914062
v -1.1423166 1.3025625 -0.1914062
v -1.2250625 1.2250625 -0.1914062
v -1.3025625 1.1423166 -0.1914062
v -1.3744847 1.0546792 -0.1914062
v -1.4405211 0.9625254 -0.1914062
v -1.5003890 0.8662500 -0.1914062
v -1.5538320 0.7662652 -0.1914062
v -1.6006213 0.6629990 -0.1914062
v -1.6405564 0.5568939 -0.1914062
v -1.6734665 0.4484040 -0.1914062
v -1.6992105 0.3379940 -0.1914062
v -1.7176782 0.2261366 -0.1914062
v -1.7287906 0.1133109 -0.1914062
v -1.7325000 0.0000000 -0.1914062
v -1.7287906 -0.1133109 -0.1914062
v -1.7176782 -0.2261366 -0.1914062
v -1.6992105 -0.3379940 -0.1914062
v -1.6734665 -0.4484040 -0.1914062
v -1.6405564 -0.5568939 -0.1914062
v -1.6006213 -0.6629990 -0.1914062
v -1.5538320 -0.7662652 -0.1914062
v -1.5003890 -0.8662500 -0.1914062
v -1.4405211 -0.9625254 -0.1914062
v -1.3744847 -1.0546792 -0.1914062
v -1.3025625 -1.1423166 -0.1914062
v -1.2250625 -1.2250625 -0.1914062
v -1.1423166 -1.3025625 -0.1914062
v -1.0546792 -1.3744847 -0.1914062
v -0.9625254 -1.4405211 -0.1914062
v -0.8662500 -1.5003890 -0.1914062
v -0.7662652 -1.5538320 -0.1914062
v -0.6629990 -1.6006213 -0.1914062
v -0.5568939 -1.6405564 -0.1914062
v -0.4484040 -1.6734665 -0.1914062
v -0.3379940 -1.6992105 -0.1914062
v -0.2261366 -1.7176782 -0.1914062
v -0.1133109 -1.7287906 -0.1914062
v -0.0000000 -1.7325000 -0.1914062
v 0.1133109 -1.7287906 -0.1914062
v 0.2261366 -1.7176782 -0.1914062
v 0.3379940 -1.6992105 -0.1914062
v 0.4484040 -1.6734665 -0.1914062
v 0.5568939 -1.6405564 -0.1914062
v 0.6629990 -1.6006213 -0.1914062
v 0.7662652 -1.5538320 -0.1914062
v 0.8662500 -1.5003890 -0.1914062
v 0.9625254 -1.4405211 -0.1914062
v 1.0546792 -1.3744847 -0.1914062
v 1.1423166 -1.3025625 -0.1914062
v 1.2250625 -1.2250625 -0.1914062
v 1.3025625 -1.1423166 -0.1914062
v 1.3744847 -1.0546792 -0.1914062
v 1.4405211 -0.9625254 -0.1914062
v 1.5003890 -0.8662500 -0.1914062
v 1.5538320 -0.7662652 -0.1914062
v 1.6006213 -0.6629990 -0.1914062
v 1.6405564 -0.5568939 -0.1914062
v 1.6734665 -0.4484040 -0.1914062
v 1.6992105 -0.3379940 -0.1914062
v 1.7176782 -0.2261366 -0.1914062
v 1.7287906 -0.1133109 -0.1914062
v 1.8480000 0.0000000 -0.1296000
v 1.8440433 0.1208650 -0.1296000
v 1.8321901 0.2412124 -0.1296000
v 1.8124912 0.3605269 -0.1296000
v 1.7850309 0.4782976 -0.1296000
v 1.7499269 0.5940201 -0.1296000
v 1.7073294 0.7071990 -0.1296000
v 1.6574208 0.8173495 -0.1296000
v 1.6004149 0.9240000 -0.1296000
v 1.5365558 1.0266938 -0.1296000
v 1.4661170 1.1249911 -0.1296000
v 1.3894000 1.2184711 -0.1296000
v 1.3067333 1.3067333 -0.1296000
v 1.2184711 1.3894000 -0.1296000
v 1.1249911 1.4661170 -0.1296000
v 1.0266938 1.5365558 -0.1296000
v 0.9240000 1.6004149 -0.1296000
v 0.8173495 1.6574208 -0.1296000
v 0.7071990 1.7073294 -0.1296000
v 0.5940201 1.7499269 -0.1296000
v 0.4782976 1.7850309 -0.1296000
v 0.3605269 1.8124912 -0.1296000
v 0.2412124 1.8321901 -0.1296000
v 0.1208650 1.8440433 -0.1296000
v 0.0000000 1.8480000 -0.1296000
v -0.1208650 1.8440433 -0.1296000
v -0.2412124 1.8321901 -0.1296000
v -0.3605269 1.8124912 -0.1296000
v -0.4782976 1.7850309 -0.1296000
v -0.5940201 1.7499269 -0.1296000
v -0.7071990 1.7073294 -0.1296000
v -0.8173495 1.6574208 -0.1296000
v -0.9240000 1.6004149 -0.1296000
v -1.0266938 1.5365558 -0.1296000
v -1.1249911 1.4661170 -0.1296000
v -1.2184711 1.3894000 -0.1296000
v -1.3067333 1.3067333 -0.1296000
v -1.3894000 1.2184711 -0.1296000
v -1.4661170 1.1249911 -0.1296000
v -1.5365558 1.0266938 -0.1296000
v -1.6004149 0.9240000 -0.1296000
v -1.6574208 0.8173495 -0.1296000
v -1.7073294 0.7071990 -0.1296000
v -1.7499269 0.5940201 -0.1296000
v -1.7850309 0.4782976 -0.1296000
v -1.8124912 0.3605269 -0.1296000
v -1.8321901 0.2412124 -0.1296000
v -1.8440433 0.1208650 -0.1296000
v -1.8480000 0.0000000 -0.1296000
v -1.8440433 -0.1208650 -0.1296000
v -1.8321901 -0.2412124 -0.1296000
v -1.8124912 -0.3605269 -0.1296000
v -1.7850309 -0.4782976 -0.1296000
v -1.7499269 -0.5940201 -0.1296000
v -1.7073294 -0.7071990 -0.1296000
v -1.6574208 -0.8173495 -0.1296000
v -1.6004149 -0.9240000 -0.1296000
v -1.5365558 -1.0266938 -0.1296000
v -1.4661170 -1.1249911 -0.1296000
v -1.3894000 -1.2184711 -0.1296000
v -1.3067333 -1.3067333 -0.1296000
v -1.2184711 -1.3894000 -0.1296000
v -1.1249911 -1.4661170 -0.1296000
v -1.0266938 -1.5365558 -0.1296000
v -0.9240000 -1.6004149 -0.1296000
v -0.8173495 -1.6574208 -0.1296000
v -0.7071990 -1.7073294 -0.1296000
v -0.5940201 -1.7499269 -0.1296000
v -0.4782976 -1.7850309 -0.1296000
v -0.3605269 -1.8124912 -0.1296000
v -0.2412124 -1.8321901 -0.1296000
v -0.1208650 -1.8440433 -0.1296000
v -0.0000000 -1.8480000 -0.1296000
v 0.1208650 -1.8440433 -0.1296000
v 0.2412124 -1.8321901 -0.1296000
v 0.3605269 -1.8124912 -0.1296000
v 0.4782976 -1.7850309 -0.1296000
v 0.5940201 -1.7499269 -0.1296000
v 0.7071990 -1.7073294 -0.1296000
v 0.8173495 -1.6574208 -0.1296000
v 0.9240000 -1.6004149 -0.1296000
v 1.0266938 -1.5365558 -0.1296000
v 1.1249911 -1.4661170 -0.1296000
v 1.2184711 -1.3894000 -0.1296000
v 1.3067333 -1.3067333 -0.1296000
v 1.3894000 -1.2184711 -0.1296000
v 1.4661170 -1.1249911 -0.1296000
v 1.5365558 -1.0266938 -0.1296000
v 1.6004149 -0.9240000 -0.1296000
v 1.6574208 -0.8173495 -0.1296000
v 1.7073294 -0.7071990 -0.1296000
v 1.7499269 -0.5940201 -0.1296000
v 1.7850309 -0.4782976 -0.1296000
v 1.8124912 -0.3605269 -0.1296000
v 1.8321901 -0.2412124 -0.1296000
v 1.8440433 -0.1208650 -0.1296000
v 1.9635000 0.0000000 -0.0770063
v 1.9592960 0.1284190 -0.0770063
v 1.9467020 0.2562882 -0.0770063
v 1.9257719 0.3830598 -0.0770063
v 1.8965954 0.5081912 -0.0770063
v 1.8592973 0.6311464 -0.0770063
v 1.8140375 0.7513989 -0.0770063
v 1.7610096 0.8684338 -0.0770063
v 1.7004409 0.9817500 -0.0770063
v 1.6325906 1.0908622 -0.0770063
v 1.5577493 1.1953031 -0.0770063
v 1.4762375 1.2946255 -0.0770063
v 1.3884042 1.3884042 -0.0770063
v 1.2946255 1.4762375 -0.0770063
v 1.1953031 1.5577493 -0.0770063
v 1.0908622 1.6325906 -0.0770063
v 0.9817500 1.7004409 -0.0770063
v 0.8684338 1.7610096 -0.0770063
v 0.7513989 1.8140375 -0.0770063
v 0.6311464 1.8592973 -0.0770063
v 0.5081912 1.8965954 -0.0770063
v 0.3830598 1.9257719 -0.0770063
v 0.2562882 1.9467020 -0.0770063
v 0.1284190 1.9592960 -0.0770063
v 0.0000000 1.9635000 -0.0770063
v -0.1284190 1.9592960 -0.0770063
v -0.2562882 1.9467020 -0.0770063
v -0.3830598 1.9257719 -0.0770063
v -0.5081912 1.8965954 -0.0770063
v -0.6311464 1.8592973 -0.0770063
v -0.7513989 1.8140375 -0.0770063
v -0.8684338 1.7610096 -0.0770063
v -0.9817500 1.7004409 -0.0770063
v -1.0908622 1.6325906 -0.0770063
v -1.1953031 1.5577493 -0.0770063
v -1.2946255 1.4762375 -0.0770063
v -1.3884042 1.3884042 -0.0770063
v -1.4762375 1.2946255 -0.0770063
v -1.5577493 1.1953031 -0.0770063
v -1.6325906 1.0908622 -0.0770063
v -1.7004409 0.9817500 -0.0770063
v -1.7610096 0.8684338 -0.0770063
v -1.8140375 0.7513989 -0.0770063
v -1.8592973 0.6311464 -0.0770063
v -1.8965954 0.5081912 -0.0770063
v -1.9257719 0.3830598 -0.0770063
v -1.9467020 0.2562882 -0.0770063
v -1.9592960 0.1284190 -0.0770063
v -1.9635000 0.0000000 -0.0770063
v -1.9592960 -0.1284190 -0.0770063
v -1.9467020 -0.2562882 -0.0770063
v -1.9257719 -0.3830598 -0.0770063
v -1.8965954 -0.5081912 -0.0770063
v -1.8592973 -0.6311464 -0.0770063
v -1.8140375 -0.7513989 -0.0770063
v -1.7610096 -0.8684338 -0.0770063
v -1.7004409 -0.9817500 -0.0770063
v -1.6325906 -1.0908622 -0.0770063
v -1.5577493 -1.1953031 -0.0770063
v -1.4762375 -1.2946255 -0.0770063
v -1.3884042 -1.3884042 -0.0770063
v -1.2946255 -1.4762375 -0.0770063
v -1.1953031 -1.5577493 -0.0770063
v -1.0908622 -1.6325906 -0.0770063
v -0.9817500 -1.7004409 -0.0770063
v -0.8684338 -1.7610096 -0.0770063
v -0.7513989 -1.8140375 -0.0770063
v -0.6311464 -1.8592973 -0.0770063
v -0.5081912 -1.8965954 -0.0770063
v -0.3830598 -1.9257719 -0.0770063
v -0.2562882 -1.9467020 -0.0770063
v -0.1284190 -1.9592960 -0.0770063
v -0.0000000 -1.9635000 -0.0770063
v 0.1284190 -1.9592960 -0.0770063
v 0.2562882 -1.9467020 -0.0770063
v 0.3830598 -1.9257719 -0.0770063
v 0.5081912 -1.8965954 -0.0770063
v 0.6311464 -1.8592973 -0.0770063
v 0.7513989 -1.8140375 -0.0770063
v 0.8684338 -1.7610096 -0.0770063
v 0.9817500 -1.7004409 -0.0770063
v 1.0908622 -1.6325906 -0.0770063
v 1.1953031 -1.5577493 -0.0770063
v 1.2946255 -1.4762375 -0.0770063
v 1.3884042 -1.3884042 -0.0770063
v 1.4762375 -1.2946255 -0.0770063
v 1.5577493 -1.1953031 -0.0770063
v 1.6325906 -1.0908622 -0.0770063
v 1.7004409 -0.9817500 -0.0770063
v 1.7610096 -0.8684338 -0.0770063
v 1.8140375 -0.7513989 -0.0770063
v 1.8592973 -0.6311464 -0.0770063
v 1.8965954 -0.5081912 -0.0770063
v 1.9257719 -0.3830598 -0.0770063
v 1.9467020 -0.2562882 -0.0770063
v 1.9592960 -0.1284190 -0.0770063
v 2.0790000 0.0000000 -0.0361000
v 2.0745487 0.1359731 -0.0361000
v 2.0612139 0.2713640 -0.0361000
v 2.0390526 0.4055928 -0.0361000
v 2.0081598 0.5380848 -0.0361000
v 1.9686677 0.6682726 -0.0361000
v 1.9207455 0.7955989 -0.0361000
v 1.8645984 0.9195182 -0.0361000
v 1.8004668 1.0395000 -0.0361000
v 1.7286253 1.1550305 -0.0361000
v 1.6493816 1.2656150 -0.0361000
v 1.5630750 1.3707799 -0.0361000
v 1.4700750 1.4700750 -0.0361000
v 1.3707799 1.5630750 -0.0361000
v 1.2656150 1.6493816 -0.0361000
v 1.1550305 1.7286253 -0.0361000
v 1.0395000 1.8004668 -0.0361000
v 0.9195182 1.8645984 -0.0361000
v 0.7955989 1.9207455 -0.0361000
v 0.6682726 1.9686677 -0.0361000
v 0.5380848 2.0081598 -0.0361000
v 0.4055928 2.0390526 -0.0361000
v 0.2713640 2.0612139 -0.0361000
v 0.1359731 2.0745487 -0.0361000
v 0.0000000 2.0790000 -0.0361000
v -0.1359731 2.0745487 -0.0361000
v -0.2713640 2.0612139 -0.0361000
v -0.4055928 2.0390526 -0.0361000
v -0.5380848 2.0081598 -0.0361000
v -0.6682726 1.9686677 -0.0361000
v -0.7955989 1.9207455 -0.0361000
v -0.9195182 1.8645984 -0.0361000
v -1.0395000 1.8004668 -0.0361000
v -1.1550305 1.7286253 -0.0361000
v -1.2656150 1.6493816 -0.0361000
v -1.3707799 1.5630750 -0.0361000
v -1.4700750 1.4700750 -0.0361000
v -1.5630750 1.3707799 -0.0361000
v -1.6493816 1.2656150 -0.0361000
v -1.7286253 1.1550305 -0.0361000
v -1.8004668 1.0395000 -0.0361000
v -1.8645984 0.9195182 -0.0361000
v -1.9207455 0.7955989 -0.0361000
v -1.9686677 0.6682726 -0.0361000
v -2.0081598 0.5380848 -0.0361000
v -2.0390526 0.4055928 -0.0361000
v -2.0612139 0.2713640 -0.0361000
v -2.0745487 0.1359731 -0.0361000
v -2.0790000 0.0000000 -0.0361000
v -2.0745487 -0.1359731 -0.0361000
v -2.0612139 -0.2713640 -0.0361000
v -2.0390526 -0.4055928 -0.0361000
v -2.0081598 -0.5380848 -0.0361000
v -1.9686677 -0.6682726 -0.0361000
v -1.9207455 -0.7955989 -0.0361000
v -1.8645984 -0.9195182 -0.0361000
v -1.8004668 -1.0395000 -0.0361000
v -1.7286253 -1.1550305 -0.0361000
v -1.6493816 -1.2656150 -0.0361000
v -1.5630750 -1.3707799 -0.0361000
v -1.4700750 -1.4700750 -0.0361000
v -1.3707799 -1.5630750 -0.0361000
v -1.2656150 -1.6493816 -0.0361000
v -1.1550305 -1.7286253 -0.0361000
v -1.0395000 -1.8004668 -0.0361000
v -0.9195182 -1.8645984 -0.0361000
v -0.7955989 -1.9207455 -0.0361000
v -0.6682726 -1.9686677 -0.0361000
v -0.5380848 -2.0081598 -0.0361000
v -0.4055928 -2.0390526 -0.0361000
v -0.2713640 -2.0612139 -0.0361000
v -0.1359731 -2.0745487 -0.0361000
v -0.0000000 -2.0790000 -0.0361000
v 0.1359731 -2.0745487 -0.0361000
v 0.2713640 -2.0612139 -0.0361000
v 0.4055928 -2.0390526 -0.0361000
v 0.5380848 -2.0081598 -0.0361000
v 0.6682726 -1.9686677 -0.0361000
v 0.7955989 -1.9207455 -0.0361000
v 0.9195182 -1.8645984 -0.0361000
v 1.0395000 -1.8004668 -0.0361000
v 1.1550305 -1.7286253 -0.0361000
v 1.2656150 -1.6493816 -0.0361000
v 1.3707799 -1.5630750 -0.0361000
v 1.4700750 -1.4700750 -0.0361000
v 1.5630750 -1.3707799 -0.0361000
v 1.6493816 -1.2656150 -0.0361000
v 1.7286253 -1.1550305 -0.0361000
v 1.8004668 -1.0395000 -0.0361000
v 1.8645984 -0.9195182 -0.0361000
v 1.9207455 -0.7955989 -0.0361000
v 1.9686677 -0.6682726 -0.0361000
v 2.0081598 -0.5380848 -0.0361000
v 2.0390526 -0.4055928 -0.0361000
v 2.0612139 -0.2713640 -0.0361000
v 2.0745487 -0.1359731 -0.0361000
v 2.1945000 0.0000000 -0.0095063
v 2.1898014 0.1435272 -0.0095063
v 2.1757257 0.2864397 -0.0095063
v 2.1523333 0.4281257 -0.0095063
v 2.1197242 0.5679784 -0.0095063
v 2.0780382 0.7053989 -0.0095063
v 2.0274536 0.8397988 -0.0095063
v 1.9681872 0.9706025 -0.0095063
v 1.9004927 1.0972500 -0.0095063
v 1.8246601 1.2191989 -0.0095063
v 1.7410139 1.3359270 -0.0095063
v 1.6499125 1.4469344 -0.0095063
v 1.5517458 1.5517458 -0.0095063
v 1.4469344 1.6499125 -0.0095063
v 1.3359270 1.7410139 -0.0095063
v 1.2191989 1.8246601 -0.0095063
v 1.0972500 1.9004927 -0.0095063
v 0.9706025 1.9681872 -0.0095063
v 0.8397988 2.0274536 -0.0095063
v 0.7053989 2.0780382 -0.0095063
v 0.5679784 2.1197242 -0.0095063
v 0.4281257 2.1523333 -0.0095063
v 0.2864397 2.1757257 -0.0095063
v 0.1435272 2.1898014 -0.0095063
v 0.0000000 2.1945000 -0.0095063
v -0.1435272 2.1898014 -0.0095063
v -0.2864397 2.1757257 -0.0095063
v -0.4281257 2.1523333 -0.0095063
v -0.5679784 2.1197242 -0.0095063
v -0.7053989 2.0780382 -0.0095063
v -0.8397988 2.0274536 -0.0095063
v -0.9706025 1.9681872 -0.0095063
v -1.0972500 1.9004927 -0.0095063
v -1.2191989 1.8246601 -0.0095063
v -1.3359270 1.7410139 -0.0095063
v -1.4469344 1.6499125 -0.0095063
v -1.5517458 1.5517458 -0.0095063
v -1.6499125 1.4469344 -0.0095063
v -1.7410139 1.3359270 -0.0095063
v -1.8246601 1.2191989 -0.0095063
v -1.9004927 1.0972500 -0.0095063
v -1.9681872 0.9706025 -0.0095063
v -2.0274536 0.8397988 -0.0095063
v -2.0780382 0.7053989 -0.0095063
v -2.1197242 0.5679784 -0.0095063
v -2.1523333 0.4281257 -0.0095063
v -2.1757257 0.2864397 -0.0095063
v -2.1898014 0.1435272 -0.0095063
v -2.1945000 0.0000000 -0.0095063
v -2.1898014 -0.1435272 -0.0095063
v -2.1757257 -0.2864397 -0.0095063
v -2.1523333 -0.4281257 -0.0095063
v -2.1197242 -0.5679784 -0.0095063
v -2.0780382 -0.7053989 -0.0095063
v -2.0274536 -0.8397988 -0.0095063
v -1.9681872 -0.9706025 -0.0095063
v -1.9004927 -1.0972500 -0.0095063
v -1.8246601 -1.2191989 -0.0095063
v -1.7410139 -1.3359270 -0.0095063
v -1.6499125 -1.4469344 -0.0095063
v -1.5517458 -1.5517458 -0.0095063
v -1.4469344 -1.6499125 -0.0095063
v -1.3359270 -1.7410139 -0.0095063
v -1.2191989 -1.8246601 -0.0095063
v -1.0972500 -1.9004927 -0.0095063
v -0.9706025 -1.9681872 -0.0095063
v -0.8397988 -2.0274536 -0.0095063
v -0.7053989 -2.0780382 -0.0095063
v -0.5679784 -2.1197242 -0.0095063
v -0.4281257 -2.1523333 -0.0095063
v -0.2864397 -2.1757257 -0.0095063
v -0.1435272 -2.1898014 -0.0095063
v -0.0000000 -2.1945000 -0.0095063
v 0.1435272 -2.1898014 -0.0095063
v 0.2864397 -2.1757257 -0.0095063
v 0.4281257 -2.1523333 -0.0095063
v 0.5679784 -2.1197242 -0.0095063
v 0.7053989 -2.0780382 -0.0095063
v 0.8397988 -2.0274536 -0.0095063
v 0.9706025 -1.9681872 -0.0095063
v 1.0972500 -1.9004927 -0.0095063
v 1.2191989 -1.8246601 -0.0095063
v 1.3359270 -1.7410139 -0.0095063
v 1.4469344 -1.6499125 -0.0095063
v 1.5517458 -1.5517458 -0.0095063
v 1.6499125 -1.4469344 -0.0095063
v 1.7410139 -1.3359270 -0.0095063
v 1.8246601 -1.2191989 -0.0095063
v 1.9004927 -1.0972500 -0.0095063
v 1.9681872 -0.9706025 -0.0095063
v 2.0274536 -0.8397988 -0.0095063
v 2.0780382 -0.7053989 -0.0095063
v 2.1197242 -0.5679784 -0.0095063
v 2.1523333 -0.4281257 -0.0095063
v 2.1757257 -0.2864397 -0.0095063
v 2.1898014 -0.1435272 -0.0095063
v 2.3100000 0.0000000 -0.0000000
v 2.3050541 0.1510812 -0.0000000
v 2.2902376 0.3015155 -0.0000000
v 2.2656140 0.4506586 -0.0000000
v 2.2312887 0.5978720 -0.0000000
v 2.1874086 0.7425252 -0.0000000
v 2.1341617 0.8839987 -0.0000000
v 2.0717760 1.0216869 -0.0000000
v 2.0005187 1.1550000 -0.0000000
v 1.9206948 1.2833672 -0.0000000
v 1.8326462 1.4062389 -0.0000000
v 1.7367500 1.5230888 -0.0000000
v 1.6334167 1.6334167 -0.0000000
v 1.5230888 1.7367500 -0.0000000
v 1.4062389 1.8326462 -0.0000000
v 1.2833672 1.9206948 -0.0000000
v 1.1550000 2.0005187 -0.0000000
v 1.0216869 2.0717760 -0.0000000
v 0.8839987 2.1341617 -0.0000000
v 0.7425252 2.1874086 -0.0000000
v 0.5978720 2.2312887 -0.0000000
v 0.4506586 2.2656140 -0.0000000
v 0.3015155 2.2902376 -0.0000000
v 0.1510812 2.3050541 -0.0000000
v 0.0000000 2.3100000 -0.0000000
v -0.1510812 2.3050541 -0.0000000
v -0.3015155 2.2902376 -0.0000000
v -0.4506586 2.2656140 -0.0000000
v -0.5978720 2.2312887 -0.0000000
v -0.7425252 2.1874086 -0.0000000
v -0.8839987 2.1341617 -0.0000000
v -1.0216869 2.0717760 -0.0000000
v -1.1550000 2.0005187 -0.0000000
v -1.2833672 1.9206948 -0.0000000
v -1.4062389 1.8326462 -0.0000000
v -1.5230888 1.7367500 -0.0000000
v -1.6334167 1.6334167 -0.0000000
v -1.7367500 1.5230888 -0.0000000
v -1.8326462 1.4062389 -0.0000000
v -1.9206948 1.2833672 -0.0000000
v -2.0005187 1.1550000 -0.0000000
v -2.0717760 1.0216869 -0.0000000
v -2.1341617 0.8839987 -0.0000000
v -2.1874086 0.7425252 -0.0000000
v -2.2312887 0.5978720 -0.0000000
v -2.2656140 0.4506586 -0.0000000
v -2.2902376 0.3015155 -0.0000000
v -2.3050541 0.1510812 -0.0000000
v -2.3100000 0.0000000 -0.0000000
v -2.3050541 -0.1510812 -0.0000000
v -2.2902376 -0.3015155 -0.0000000
v -2.2656140 -0.4506586 -0.0000000
v -2.2312887 -0.5978720 -0.0000000
v -2.1874086 -0.7425252 -0.0000000
v -2.1341617 -0.8839987 -0.0000000
v -2.0717760 -1.0216869 -0.0000000
v -2.0005187 -1.1550000 -0.0000000
v -1.9206948 -1.2833672 -0.0000000
v -1.8326462 -1.4062389 -0.0000000
v -1.7367500 -1.5230888 -0.0000000
v -1.6334167 -1.6334167 -0.0000000
v -1.5230888 -1.7367500 -0.0000000
v -1.4062389 -1.8326462 -0.0000000
v -1.2833672 -1.9206948 -0.0000000
v -1.1550000 -2.0005187 -0.0000000
v -1.0216869 -2.0717760 -0.0000000
v -0.8839987 -2.1341617 -0.0000000
v -0.7425252 -2.1874086 -0.0000000
v -0.5978720 -2.2312887 -0.0000000
v -0.4506586 -2.2656140 -0.0000000
v -0.3015155 -2.2902376 -0.0000000
v -0.1510812 -2.3050541 -0.0000000
v -0.0000000 -2.3100000 -0.0000000
v 0.1510812 -2.3050541 -0.0000000
v 0.3015155 -2.2902376 -0.0000000
v 0.4506586 -2.2656140 -0.0000000
v 0.5978720 -2.2312887 -0.0000000
v 0.7425252 -2.1874086 -0.0000000
v 0.8839987 -2.1341617 -0.0000000
v 1.0216869 -2.0717760 -0.0000000
v 1.1550000 -2.0005187 -0.0000000
v 1.2833672 -1.9206948 -0.0000000
v 1.4062389 -1.8326462 -0.0000000
v 1.5230888 -1.7367500 -0.0000000
v 1.6334167 -1.6334167 -0.0000000
v 1.7367500 -1.5230888 -0.0000000
v 1.8326462 -1.4062389 -0.0000000
v 1.9206948 -1.2833672 -0.0000000
v 2.0005187 -1.1550000 -0.0000000
v 2.0717760 -1.0216869 -0.0000000
v 2.1341617 -0.8839987 -0.0000000
v 2.1874086 -0.7425252 -0.0000000
v 2.2312887 -0.5978720 -0.0000000
v 2.2656140 -0.4506586 -0.0000000
v 2.2902376 -0.3015155 -0.0000000
v 2.3050541 -0.1510812 -0.0000000
vt 0.5000000 0.5000000
vt 0.5250000 0.5000000
vt 0.5249465 0.5016351
vt 0.5247861 0.5032632
vt 0.5245196 0.5048773
vt 0.5241481 0.5064705
vt 0.5236733 0.5080360
vt 0.5230970 0.5095671
vt 0.5224218 0.5110572
vt 0.5216506 0.5125000
vt 0.5207867 0.5138893
vt 0.5198338 0.5152190
vt 0.5187960 0.5164836
vt 0.5176777 0.5176777
vt 0.5164836 0.5187960
vt 0.5152190 0.5198338
vt 0.5138893 0.5207867
vt 0.5125000 0.5216506
vt 0.5110572 0.5224218
vt 0.5095671 0.5230970
vt 0.5080360 0.5236733
vt 0.5064705 0.5241481
vt 0.5048773 0.5245196
vt 0.5032632 0.5247861
vt 0.5016351 0.5249465
vt 0.5000000 0.5250000
vt 0.4983649 0.5249465
vt 0.4967368 0.5247861
vt 0.4951227 0.5245196
vt 0.4935295 0.5241481
vt 0.4919640 0.5236733
vt 0.4904329 0.5230970
vt 0.4889428 0.5224218
vt 0.4875000 0.5216506
vt 0.4861107 0.5207867
vt 0.4847810 0.5198338
vt 0.4835164 0.5187960
vt 0.4823223 0.5176777
vt 0.4812040 0.5164836
vt 0.4801662 0.5152190
vt 0.4792133 0.5138893
vt 0.4783494 0.5125000
vt 0.4775782 0.5110572
vt 0.4769030 0.5095671
vt 0.4763267 0.5080360
vt 0.4758519 0.5064705
vt 0.4754804 0.5048773
vt 0.4752139 0.5032632
vt 0.4750535 0.5016351
vt 0.4750000 0.5000000
vt 0.4750535 0.4983649
vt 0.4752139 0.4967368
vt 0.4754804 0.4951227
vt 0.4758519 0.4935295
vt 0.4763267 0.4919640
vt 0.4769030 0.4904329
vt 0.4775782 0.4889428
vt 0.4783494 0.4875000
vt 0.4792133 0.4861107
vt 0.4801662 0.4847810
vt 0.4812040 0.4835164
vt 0.4823223 0.4823223
vt 0.4835164 0.4812040
vt 0.4847810 0.4801662
vt 0.4861107 0.4792133
vt 0.4875000 0.4783494
vt 0.4889428 0.4775782
vt 0.4904329 0.4769030
vt 0.4919640 0.4763267
vt 0.4935295 0.4758519
vt 0.4951227 0.4754804
vt 0.4967368 0.4752139
vt 0.4983649 0.4750535
vt 0.5000000 0.4750000
vt 0.5016351 0.4750535
vt 0.5032632 0.4752139
vt 0.5048773 0.4754804
vt 0.5064705 0.4758519
vt 0.5080360 0.4763267
vt 0.5095671 0.4769030
vt 0.5110572 0.4775782
vt 0.5125000 0.4783494
vt 0.5138893 0.4792133
vt 0.5152190 0.4801662
vt 0.5164836 0.4812040
vt 0.5176777 0.4823223
vt 0.5187960 0.4835164
vt 0.5198338 0.4847810
vt 0.5207867 0.4861107
vt 0.5216506 0.4875000
vt 0.5224218 0.4889428
vt 0.5230970 0.4904329
vt 0.5236733 0.4919640
vt 0.5241481 0.4935295
vt 0.5245196 0.4951227
vt 0.5247861 0.4967368
vt 0.5249465 0.4983649
vt 0.5500000 0.5000000
vt 0.5498929 0.5032702
vt 0.5495722 0.5065263
vt 0.5490393 0.5097545
vt 0.5482963 0.5129410
vt 0.5473465 0.5160720
vt 0.5461940 0.5191342
vt 0.5448436 0.5221144
vt 0.5433013 0.5250000
vt 0.5415735 0.5277785
vt 0.5396677 0.5304381
vt 0.5375920 0.5329673
vt 0.5353553 0.5353553
vt 0.5329673 0.5375920
vt 0.5304381 0.5396677
vt 0.5277785 0.5415735
vt 0.5250000 0.5433013
vt 0.5221144 0.5448436
vt 0.5191342 0.5461940
vt 0.5160720 0.5473465
vt 0.5129410 0.5482963
vt 0.5097545 0.5490393
vt 0.5065263 0.5495722
vt 0.5032702 0.5498929
vt 0.5000000 0.5500000
vt 0.4967298 0.5498929
vt 0.4934737 0.5495722
vt 0.4902455 0.5490393
vt 0.4870590 0.5482963
vt 0.4839280 0.5473465
vt 0.4808658 0.5461940
vt 0.4778856 0.5448436
vt 0.4750000 0.5433013
vt 0.4722215 0.5415735
vt 0.4695619 0.5396677
vt 0.4670327 0.5375920
vt 0.4646447 0.5353553
vt 0.4624080 0.5329673
vt 0.4603323 0.5304381
vt 0.4584265 0.5277785
vt 0.4566987 0.5250000
vt 0.4551564 0.5221144
vt 0.4538060 0.5191342
vt 0.4526535 0.5160720
vt 0.4517037 0.5129410
vt 0.4509607 0.5097545
vt 0.4504278 0.5065263
vt 0.4501071 0.5032702
vt 0.4500000 0.5000000
vt 0.4501071 0.4967298
vt 0.4504278 0.4934737
vt 0.4509607 0.4902455
vt 0.4517037 0.4870590
vt 0.4526535 0.4839280
vt 0.4538060 0.4808658
vt 0.4551564 0.4778856
vt 0.4566987 0.4750000
vt 0.4584265 0.4722215
vt 0.4603323 0.4695619
vt 0.4624080 0.4670327
vt 0.4646447 0.4646447
vt 0.4670327 0.4624080
vt 0.4695619 0.4603323
vt 0.4722215 0.4584265
vt 0.4750000 0.4566987
vt 0.4778856 0.4551564
vt 0.4808658 0.4538060
vt 0.4839280 0.4526535
vt 0.4870590 0.4517037
vt 0.4902455 0.4509607
vt 0.4934737 0.4504278
vt 0.4967298 0.4501071
vt 0.5000000 0.4500000
vt 0.5032702 0.4501071
vt 0.5065263 0.4504278
vt 0.5097545 0.4509607
vt 0.5129410 0.4517037
vt 0.5160720 0.4526535
vt 0.5191342 0.4538060
vt 0.5221144 0.4551564
vt 0.5250000 0.4566987
vt 0.5277785 0.4584265
vt 0.5304381 0.4603323
vt 0.5329673 0.4624080
vt 0.5353553 0.4646447
vt 0.5375920 0.4670327
vt 0.5396677 0.4695619
vt 0.5415735 0.4722215
vt 0.5433013 0.4750000
vt 0.5448436 0.4778856
vt 0.5461940 0.4808658
vt 0.5473465 0.4839280
vt 0.5482963 0.4870590
vt 0.5490393 0.4902455
vt 0.5495722 0.4934737
vt 0.5498929 0.4967298
vt 0.5750000 0.5000000
vt 0.5748394 0.5049052
vt 0.5743584 0.5097895
vt 0.5735589 0.5146318
vt 0.5724444 0.5194114
vt 0.5710198 0.5241080
vt 0.5692910 0.5287013
vt 0.5672655 0.5331717
vt 0.5649519 0.5375000
vt 0.5623602 0.5416678
vt 0.5595015 0.5456571
vt 0.5563880 0.5494509
vt 0.5530330 0.5530330
vt 0.5494509 0.5563880
vt 0.5456571 0.5595015
vt 0.5416678 0.5623602
vt 0.5375000 0.5649519
vt 0.5331717 0.5672655
vt 0.5287013 0.5692910
vt 0.5241080 0.5710198
vt 0.5194114 0.5724444
vt 0.5146318 0.5735589
vt 0.5097895 0.5743584
vt 0.5049052 0.5748394
vt 0.5000000 0.5750000
vt 0.4950948 0.5748394
vt 0.4902105 0.5743584
vt 0.4853682 0.5735589
vt 0.4805886 0.5724444
vt 0.4758920 0.5710198
vt 0.4712987 0.5692910
vt 0.4668283 0.5672655
vt 0.4625000 0.5649519
vt 0.4583322 0.5623602
vt 0.4543429 0.5595015
vt 0.4505491 0.5563880
vt 0.4469670 0.5530330
vt 0.4436120 0.5494509
vt 0.4404985 0.5456571
vt 0.4376398 0.5416678
vt 0.4350481 0.5375000
vt 0.4327345 0.5331717
vt 0.4307090 0.5287013
vt 0.4289802 0.5241080
vt 0.4275556 0.5194114
vt 0.4264411 0.5146318
vt 0.4256416 0.5097895
vt 0.4251606 0.5049052
vt 0.4250000 0.5000000
vt 0.4251606 0.4950948
vt 0.4256416 0.4902105
vt 0.4264411 0.4853682
vt 0.4275556 0.4805886
vt 0.4289802 0.4758920
vt 0.4307090 0.4712987
vt 0.4327345 0.4668283
vt 0.4350481 0.4625000
vt 0.4376398 0.4583322
vt 0.4404985 0.4543429
vt 0.4436120 0.4505491
vt 0.4469670 0.4469670
vt 0.4505491 0.4436120
vt 0.4543429 0.4404985
vt 0.4583322 0.4376398
vt 0.4625000 0.4350481
vt 0.4668283 0.4327345
vt 0.4712987 0.4307090
vt 0.4758920 0.4289802
vt 0.4805886 0.4275556
vt 0.4853682 0.4264411
vt 0.4902105 0.4256416
vt 0.4950948 0.4251606
vt 0.5000000 0.4250000
vt 0.5049052 0.4251606
vt 0.5097895 0.4256416
vt 0.5146318 0.4264411
vt 0.5194114 0.4275556
vt 0.5241080 0.4289802
vt 0.5287013 0.4307090
vt 0.5331717 0.4327345
vt 0.5375000 0.4350481
vt 0.5416678 0.4376398
vt 0.5456571 0.4404985
vt 0.5494509 0.4436120
vt 0.5530330 0.4469670
vt 0.5563880 0.4505491
vt 0.5595015 0.4543429
vt 0.5623602 0.4583322
vt 0.5649519 0.4625000
vt 0.5672655 0.4668283
vt 0.5692910 0.4712987
vt 0.5710198 0.4758920
vt 0.5724444 0.4805886
vt 0.5735589 0.4853682
vt 0.5743584 0.4902105
vt 0.5748394 0.4950948
vt 0.6000000 0.5000000
vt 0.5997859 0.5065403
vt 0.5991445 0.5130526
vt 0.5980785 0.5195090
vt 0.5965926 0.5258819
vt 0.5946930 0.5321439
vt 0.5923880 0.5382683
vt 0.5896873 0.5442289
vt 0.5866025 0.5500000
vt 0.5831470 0.5555570
vt 0.5793353 0.5608761
vt 0.5751840 0.5659346
vt 0.5707107 0.5707107
vt 0.5659346 0.5751840
vt 0.5608761 0.5793353
vt 0.5555570 0.5831470
vt 0.5500000 0.5866025
vt 0.5442289 0.5896873
vt 0.5382683 0.5923880
vt 0.5321439 0.5946930
vt 0.5258819 0.5965926
vt 0.5195090 0.5980785
vt 0.5130526 0.5991445
vt 0.5065403 0.5997859
vt 0.5000000 0.6000000
vt 0.4934597 0.5997859
vt 0.4869474 0.5991445
vt 0.4804910 0.5980785
vt 0.4741181 0.5965926
vt 0.4678561 0.5946930
vt 0.4617317 0.5923880
vt 0.4557711 0.5896873
vt 0.4500000 0.5866025
vt 0.4444430 0.5831470
vt 0.4391239 0.5793353
vt 0.4340654 0.5751840
vt 0.4292893 0.5707107
vt 0.4248160 0.5659346
vt 0.4206647 0.5608761
vt 0.4168530 0.5555570
vt 0.4133975 0.5500000
vt 0.4103127 0.5442289
vt 0.4076120 0.5382683
vt 0.4053070 0.5321439
vt 0.4034074 0.5258819
vt 0.4019215 0.5195090
vt 0.4008555 0.5130526
vt 0.4002141 0.5065403
vt 0.4000000 0.5000000
vt 0.4002141 0.4934597
vt 0.4008555 0.4869474
vt 0.4019215 0.4804910
vt 0.4034074 0.4741181
vt 0.4053070 0.4678561
vt 0.4076120 0.4617317
vt 0.4103127 0.4557711
vt 0.4133975 0.4500000
vt 0.4168530 0.4444430
vt 0.4206647 0.4391239
vt 0.4248160 0.4340654
vt 0.4292893 0.4292893
vt 0.4340654 0.4248160
vt 0.4391239 0.4206647
vt 0.4444430 0.4168530
vt 0.4500000 0.4133975
vt 0.4557711 0.4103127
vt 0.4617317 0.4076120
vt 0.4678561 0.4053070
vt 0.4741181 0.4034074
vt 0.4804910 0.4019215
vt 0.4869474 0.4008555
vt 0.4934597 0.4002141
vt 0.5000000 0.4000000
vt 0.5065403 0.4002141
vt 0.5130526 0.4008555
vt 0.5195090 0.4019215
vt 0.5258819 0.4034074
vt 0.5321439 0.4053070
vt 0.5382683 0.4076120
vt 0.5442289 0.4103127
vt 0.5500000 0.4133975
vt 0.5555570 0.4168530
vt 0.5608761 0.4206647
vt 0.5659346 0.4248160
vt 0.5707107 0.4292893
vt 0.5751840 0.4340654
vt 0.5793353 0.4391239
vt 0.5831470 0.4444430
vt 0.5866025 0.4500000
vt 0.5896873 0.4557711
vt 0.5923880 0.4617317
vt 0.5946930 0.4678561
vt 0.5965926 0.4741181
vt 0.5980785 0.4804910
vt 0.5991445 0.4869474
vt 0.5997859 0.4934597
vt 0.6250000 0.5000000
vt 0.6247324 0.5081754
vt 0.6239306 0.5163158
vt 0.6225982 0.5243863
vt 0.6207407 0.5323524
vt 0.6183663 0.5401799
vt 0.6154849 0.5478354
vt 0.6121091 0.5552861
vt 0.6082532 0.5625000
vt 0.6039337 0.5694463
vt 0.5991692 0.5760952
vt 0.5939800 0.5824182
vt 0.5883883 0.5883883
vt 0.5824182 0.5939800
vt 0.5760952 0.5991692
vt 0.5694463 0.6039337
vt 0.5625000 0.6082532
vt 0.5552861 0.6121091
vt 0.5478354 0.6154849
vt 0.5401799 0.6183663
vt 0.5323524 0.6207407
vt 0.5243863 0.6225982
vt 0.5163158 0.6239306
vt 0.5081754 0.6247324
vt 0.5000000 0.6250000
vt 0.4918246 0.6247324
vt 0.4836842 0.6239306
vt 0.4756137 0.6225982
vt 0.4676476 0.6207407
vt 0.4598201 0.6183663
vt 0.4521646 0.6154849
vt 0.4447139 0.6121091
vt 0.4375000 0.6082532
vt 0.4305537 0.6039337
vt 0.4239048 0.5991692
vt 0.4175818 0.5939800
vt 0.4116117 0.5883883
vt 0.4060200 0.5824182
vt 0.4008308 0.5760952
vt 0.3960663 0.5694463
vt 0.3917468 0.5625000
vt 0.3878909 0.5552861
vt 0.3845151 0.5478354
vt 0.3816337 0.5401799
vt 0.3792593 0.5323524
vt 0.3774018 0.5243863
vt 0.3760694 0.5163158
vt 0.3752676 0.5081754
vt 0.3750000 0.5000000
vt 0.3752676 0.4918246
vt 0.3760694 0.4836842
vt 0.3774018 0.4756137
vt 0.3792593 0.4676476
vt 0.3816337 0.4598201
vt 0.3845151 0.4521646
vt 0.3878909 0.4447139
vt 0.3917468 0.4375000
vt 0.3960663 0.4305537
vt 0.4008308 0.4239048
vt 0.4060200 0.4175818
vt 0.4116117 0.4116117
vt 0.4175818 0.4060200
vt 0.4239048 0.4008308
vt 0.4305537 0.3960663
vt 0.4375000 0.3917468
vt 0.4447139 0.3878909
vt 0.4521646 0.3845151
vt 0.4598201 0.3816337
vt 0.4676476 0.3792593
vt 0.4756137 0.3774018
vt 0.4836842 0.3760694
vt 0.4918246 0.3752676
vt 0.5000000 0.3750000
vt 0.5081754 0.3752676
vt 0.5163158 0.3760694
vt 0.5243863 0.3774018
vt 0.5323524 0.3792593
vt 0.5401799 0.3816337
vt 0.5478354 0.3845151
vt 0.5552861 0.3878909
vt 0.5625000 0.3917468
vt 0.5694463 0.3960663
vt 0.5760952 0.4008308
vt 0.5824182 0.4060200
vt 0.5883883 0.4116117
vt 0.5939800 0.4175818
vt 0.5991692 0.4239048
vt 0.6039337 0.4305537
vt 0.6082532 0.4375000
vt 0.6121091 0.4447139
vt 0.6154849 0.4521646
vt 0.6183663 0.4598201
vt 0.6207407 0.4676476
vt 0.6225982 0.4756137
vt 0.6239306 0.4836842
vt 0.6247324 0.4918246
vt 0.6500000 0.5000000
vt 0.6496788 0.5098105
vt 0.6487167 0.5195789
vt 0.6471178 0.5292635
vt 0.6448889 0.5388229
vt 0.6420395 0.5482159
vt 0.6385819 0.5574025
vt 0.6345309 0.5663433
vt 0.6299038 0.5750000
vt 0.6247204 0.5833355
vt 0.6190030 0.5913142
vt 0.6127760 0.5989019
vt 0.6060660 0.6060660
vt 0.5989019 0.6127760
vt 0.5913142 0.6190030
vt 0.5833355 0.6247204
vt 0.5750000 0.6299038
vt 0.5663433 0.6345309
vt 0.5574025 0.6385819
vt 0.5482159 0.6420395
vt 0.5388229 0.6448889
vt 0.5292635 0.6471178
vt 0.5195789 0.6487167
vt 0.5098105 0.6496788
vt 0.5000000 0.6500000
vt 0.4901895 0.6496788
vt 0.4804211 0.6487167
vt 0.4707365 0.6471178
vt 0.4611771 0.6448889
vt 0.4517841 0.6420395
vt 0.4425975 0.6385819
vt 0.4336567 0.6345309
vt 0.4250000 0.6299038
vt 0.4166645 0.6247204
vt 0.4086858 0.6190030
vt 0.4010981 0.6127760
vt 0.3939340 0.6060660
vt 0.3872240 0.5989019
vt 0.3809970 0.5913142
vt 0.3752796 0.5833355
vt 0.3700962 0.5750000
vt 0.3654691 0.5663433
vt 0.3614181 0.5574025
vt 0.3579605 0.5482159
vt 0.3551111 0.5388229
vt 0.3528822 0.5292635
vt 0.3512833 0.5195789
vt 0.3503212 0.5098105
vt 0.3500000 0.5000000
vt 0.3503212 0.4901895
vt 0.3512833 0.4804211
vt 0.3528822 0.4707365
vt 0.3551111 0.4611771
vt 0.3579605 0.4517841
vt 0.3614181 0.4425975
vt 0.3654691 0.4336567
vt 0.3700962 0.4250000
vt 0.3752796 0.4166645
vt 0.3809970 0.4086858
vt 0.3872240 0.4010981
vt 0.3939340 0.3939340
vt 0.4010981 0.3872240
vt 0.4086858 0.3809970
vt 0.4166645 0.3752796
vt 0.4250000 0.3700962
vt 0.4336567 0.3654691
vt 0.4425975 0.3614181
vt 0.4517841 0.3579605
vt 0.4611771 0.3551111
vt 0.4707365 0.3528822
vt 0.4804211 0.3512833
vt 0.4901895 0.3503212
vt 0.5000000 0.3500000
vt 0.5098105 0.3503212
vt 0.5195789 0.3512833
vt 0.5292635 0.3528822
vt 0.5388229 0.3551111
vt 0.5482159 0.3579605
vt 0.5574025 0.3614181
vt 0.5663433 0.3654691
vt 0.5750000 0.3700962
vt 0.5833355 0.3752796
vt 0.5913142 0.3809970
vt 0.5989019 0.3872240
vt 0.6060660 0.3939340
vt 0.6127760 0.4010981
vt 0.6190030 0.4086858
vt 0.6247204 0.4166645
vt 0.6299038 0.4250000
vt 0.6345309 0.4336567
vt 0.6385819 0.4425975
vt 0.6420395 0.4517841
vt 0.6448889 0.4611771
vt 0.6471178 0.4707365
vt 0.6487167 0.4804211
vt 0.6496788 0.4901895
vt 0.6750000 0.5000000
vt 0.6746253 0.5114455
vt 0.6735029 0.5228421
vt 0.6716374 0.5341408
vt 0.6690370 0.5452933
vt 0.6657128 0.5562519
vt 0.6616789 0.5669696
vt 0.6569527 0.5774005
vt 0.6515544 0.5875000
vt 0.6455072 0.5972248
vt 0.6388368 0.6065333
vt 0.6315720 0.6153855
vt 0.6237437 0.6237437
vt 0.6153855 0.6315720
vt 0.6065333 0.6388368
vt 0.5972248 0.6455072
vt 0.5875000 0.6515544
vt 0.5774005 0.6569527
vt 0.5669696 0.6616789
vt 0.5562519 0.6657128
vt 0.5452933 0.6690370
vt 0.5341408 0.6716374
vt 0.5228421 0.6735029
vt 0.5114455 0.6746253
vt 0.5000000 0.6750000
vt 0.4885545 0.6746253
vt 0.4771579 0.6735029
vt 0.4658592 0.6716374
vt 0.4547067 0.6690370
vt 0.4437481 0.6657128
vt 0.4330304 0.6616789
vt 0.4225995 0.6569527
vt 0.4125000 0.6515544
vt 0.4027752 0.6455072
vt 0.3934667 0.6388368
vt 0.3846145 0.6315720
vt 0.3762563 0.6237437
vt 0.3684280 0.6153855
vt 0.3611632 0.6065333
vt 0.3544928 0.5972248
vt 0.3484456 0.5875000
vt 0.3430473 0.5774005
vt 0.3383211 0.5669696
vt 0.3342872 0.5562519
vt 0.3309630 0.5452933
vt 0.3283626 0.5341408
vt 0.3264971 0.5228421
vt 0.3253747 0.5114455
vt 0.3250000 0.5000000
vt 0.3253747 0.4885545
vt 0.3264971 0.4771579
vt 0.3283626 0.4658592
vt 0.3309630 0.4547067
vt 0.3342872 0.4437481
vt 0.3383211 0.4330304
vt 0.3430473 0.4225995
vt 0.3484456 0.4125000
vt 0.3544928 0.4027752
vt 0.3611632 0.3934667
vt 0.3684280 0.3846145
vt 0.3762563 0.3762563
vt 0.3846145 0.3684280
vt 0.3934667 0.3611632
vt 0.4027752 0.3544928
vt 0.4125000 0.3484456
vt 0.4225995 0.3430473
vt 0.4330304 0.3383211
vt 0.4437481 0.3342872
vt 0.4547067 0.3309630
vt 0.4658592 0.3283626
vt 0.4771579 0.3264971
vt 0.4885545 0.3253747
vt 0.5000000 0.3250000
vt 0.5114455 0.3253747
vt 0.5228421 0.3264971
vt 0.5341408 0.3283626
vt 0.5452933 0.3309630
vt 0.5562519 0.3342872
vt 0.5669696 0.3383211
vt 0.5774005 0.3430473
vt 0.5875000 0.3484456
vt 0.5972248 0.3544928
vt 0.6065333 0.3611632
vt 0.6153855 0.3684280
vt 0.6237437 0.3762563
vt 0.6315720 0.3846145
vt 0.6388368 0.3934667
vt 0.6455072 0.4027752
vt 0.6515544 0.4125000
vt 0.6569527 0.4225995
vt 0.6616789 0.4330304
vt 0.6657128 0.4437481
vt 0.6690370 0.4547067
vt 0.6716374 0.4658592
vt 0.6735029 0.4771579
vt 0.6746253 0.4885545
vt 0.7000000 0.5000000
vt 0.6995718 0.5130806
vt 0.6982890 0.5261052
vt 0.6961571 0.5390181
vt 0.6931852 0.5517638
vt 0.6893860 0.5642879
vt 0.6847759 0.5765367
vt 0.6793745 0.5884577
vt 0.6732051 0.6000000
vt 0.6662939 0.6111140
vt 0.6586707 0.6217523
vt 0.6503680 0.6318692
vt 0.6414214 0.6414214
vt 0.6318692 0.6503680
vt 0.6217523 0.6586707
vt 0.6111140 0.6662939
vt 0.6000000 0.6732051
vt 0.5884577 0.6793745
vt 0.5765367 0.6847759
vt 0.5642879 0.6893860
vt 0.5517638 0.6931852
vt 0.5390181 0.6961571
vt 0.5261052 0.6982890
vt 0.5130806 0.6995718
vt 0.5000000 0.7000000
vt 0.4869194 0.6995718
vt 0.4738948 0.6982890
vt 0.4609819 0.6961571
vt 0.4482362 0.6931852
vt 0.4357121 0.6893860
vt 0.4234633 0.6847759
vt 0.4115423 0.6793745
vt 0.4000000 0.6732051
vt 0.3888860 0.6662939
vt 0.3782477 0.6586707
vt 0.3681308 0.6503680
vt 0.3585786 0.6414214
vt 0.3496320 0.6318692
vt 0.3413293 0.6217523
vt 0.3337061 0.6111140
vt 0.3267949 0.6000000
vt 0.3206255 0.5884577
vt 0.3152241 0.5765367
vt 0.3106140 0.5642879
vt 0.3068148 0.5517638
vt 0.3038429 0.5390181
vt 0.3017110 0.5261052
vt 0.3004282 0.5130806
vt 0.3000000 0.5000000
vt 0.3004282 0.4869194
vt 0.3017110 0.4738948
vt 0.3038429 0.4609819
vt 0.3068148 0.4482362
vt 0.3106140 0.4357121
vt 0.3152241 0.4234633
vt 0.3206255 0.4115423
vt 0.3267949 0.4000000
vt 0.3337061 0.3888860
vt 0.3413293 0.3782477
vt 0.3496320 0.3681308
vt 0.3585786 0.3585786
vt 0.3681308 0.3496320
vt 0.3782477 0.3413293
vt 0.3888860 0.3337061
vt 0.4000000 0.3267949
vt 0.4115423 0.3206255
vt 0.4234633 0.3152241
vt 0.4357121 0.3106140
vt 0.4482362 0.3068148
vt 0.4609819 0.3038429
vt 0.4738948 0.3017110
vt 0.4869194 0.3004282
vt 0.5000000 0.3000000
vt 0.5130806 0.3004282
vt 0.5261052 0.3017110
vt 0.5390181 0.3038429
vt 0.5517638 0.3068148
vt 0.5642879 0.3106140
vt 0.5765367 0.3152241
vt 0.5884577 0.3206255
vt 0.6000000 0.3267949
vt 0.6111140 0.3337061
vt 0.6217523 0.3413293
vt 0.6318692 0.3496320
vt 0.6414214 0.3585786
vt 0.6503680 0.3681308
vt 0.6586707 0.3782477
vt 0.6662939 0.3888860
vt 0.6732051 0.4000000
vt 0.6793745 0.4115423
vt 0.6847759 0.4234633
vt 0.6893860 0.4357121
vt 0.6931852 0.4482362
vt 0.6961571 0.4609819
vt 0.6982890 0.4738948
vt 0.6995718 0.4869194
vt 0.7250000 0.5000000
vt 0.7245183 0.5147157
vt 0.7230751 0.5293684
vt 0.7206767 0.5438953
vt 0.7173333 0.5582343
vt 0.7130593 0.5723239
vt 0.7078729 0.5861038
vt 0.7017964 0.5995150
vt 0.6948557 0.6125000
vt 0.6870807 0.6250033
vt 0.6785045 0.6369713
vt 0.6691640 0.6483528
vt 0.6590990 0.6590990
vt 0.6483528 0.6691640
vt 0.6369713 0.6785045
vt 0.6250033 0.6870807
vt 0.6125000 0.6948557
vt 0.5995150 0.7017964
vt 0.5861038 0.7078729
vt 0.5723239 0.7130593
vt 0.5582343 0.7173333
vt 0.5438953 0.7206767
vt 0.5293684 0.7230751
vt 0.5147157 0.7245183
vt 0.5000000 0.7250000
vt 0.4852843 0.7245183
vt 0.4706316 0.7230751
vt 0.4561047 0.7206767
vt 0.4417657 0.7173333
vt 0.4276761 0.7130593
vt 0.4138962 0.7078729
vt 0.4004850 0.7017964
vt 0.3875000 0.6948557
vt 0.3749967 0.6870807
vt 0.3630287 0.6785045
vt 0.3516472 0.6691640
vt 0.3409010 0.6590990
vt 0.3308360 0.6483528
vt 0.3214955 0.6369713
vt 0.3129193 0.6250033
vt 0.3051443 0.6125000
vt 0.2982036 0.5995150
vt 0.2921271 0.5861038
vt 0.2869407 0.5723239
vt 0.2826667 0.5582343
vt 0.2793233 0.5438953
vt 0.2769249 0.5293684
vt 0.2754817 0.5147157
vt 0.2750000 0.5000000
vt 0.2754817 0.4852843
vt 0.2769249 0.4706316
vt 0.2793233 0.4561047
vt 0.2826667 0.4417657
vt 0.2869407 0.4276761
vt 0.2921271 0.4138962
vt 0.2982036 0.4004850
vt 0.3051443 0.3875000
vt 0.3129193 0.3749967
vt 0.3214955 0.3630287
vt 0.3308360 0.3516472
vt 0.3409010 0.3409010
vt 0.3516472 0.3308360
vt 0.3630287 0.3214955
vt 0.3749967 0.3129193
vt 0.3875000 0.3051443
vt 0.4004850 0.2982036
vt 0.4138962 0.2921271
vt 0.4276761 0.2869407
vt 0.4417657 0.2826667
vt 0.4561047 0.2793233
vt 0.4706316 0.2769249
vt 0.4852843 0.2754817
vt 0.5000000 0.2750000
vt 0.5147157 0.2754817
vt 0.5293684 0.2769249
vt 0.5438953 0.2793233
vt 0.5582343 0.2826667
vt 0.5723239 0.2869407
vt 0.5861038 0.2921271
vt 0.5995150 0.2982036
vt 0.6125000 0.3051443
vt 0.6250033 0.3129193
vt 0.6369713 0.3214955
vt 0.6483528 0.3308360
vt 0.6590990 0.3409010
vt 0.6691640 0.3516472
vt 0.6785045 0.3630287
vt 0.6870807 0.3749967
vt 0.6948557 0.3875000
vt 0.7017964 0.4004850
vt 0.7078729 0.4138962
vt 0.7130593 0.4276761
vt 0.7173333 0.4417657
vt 0.7206767 0.4561047
vt 0.7230751 0.4706316
vt 0.7245183 0.4852843
vt 0.7500000 0.5000000
vt 0.7494647 0.5163508
vt 0.7478612 0.5326315
vt 0.7451963 0.5487726
vt 0.7414815 0.5647048
vt 0.7367325 0.5803599
vt 0.7309699 0.5956709
vt 0.7242182 0.6105722
vt 0.7165064 0.6250000
vt 0.7078674 0.6388926
vt 0.6983383 0.6521904
vt 0.6879600 0.6648365
vt 0.6767767 0.6767767
vt 0.6648365 0.6879600
vt 0.6521904 0.6983383
vt 0.6388926 0.7078674
vt 0.6250000 0.7165064
vt 0.6105722 0.7242182
vt 0.5956709 0.7309699
vt 0.5803599 0.7367325
vt 0.5647048 0.7414815
vt 0.5487726 0.7451963
vt 0.5326315 0.7478612
vt 0.5163508 0.7494647
vt 0.5000000 0.7500000
vt 0.4836492 0.7494647
vt 0.4673685 0.7478612
vt 0.4512274 0.7451963
vt 0.4352952 0.7414815
vt 0.4196401 0.7367325
vt 0.4043291 0.7309699
vt 0.3894278 0.7242182
vt 0.3750000 0.7165064
vt 0.3611074 0.7078674
vt 0.3478096 0.6983383
vt 0.3351635 0.6879600
vt 0.3232233 0.6767767
vt 0.3120400 0.6648365
vt 0.3016617 0.6521904
vt 0.2921326 0.6388926
vt 0.2834936 0.6250000
vt 0.2757818 0.6105722
vt 0.2690301 0.5956709
vt 0.2632675 0.5803599
vt 0.2585185 0.5647048
vt 0.2548037 0.5487726
vt 0.2521388 0.5326315
vt 0.2505353 0.5163508
vt 0.2500000 0.5000000
vt 0.2505353 0.4836492
vt 0.2521388 0.4673685
vt 0.2548037 0.4512274
vt 0.2585185 0.4352952
vt 0.2632675 0.4196401
vt 0.2690301 0.4043291
vt 0.2757818 0.3894278
vt 0.2834936 0.3750000
vt 0.2921326 0.3611074
vt 0.3016617 0.3478096
vt 0.3120400 0.3351635
vt 0.3232233 0.3232233
vt 0.3351635 0.3120400
vt 0.3478096 0.3016617
vt 0.3611074 0.2921326
vt 0.3750000 0.2834936
vt 0.3894278 0.2757818
vt 0.4043291 0.2690301
vt 0.4196401 0.2632675
vt 0.4352952 0.2585185
vt 0.4512274 0.2548037
vt 0.4673685 0.2521388
vt 0.4836492 0.2505353
vt 0.5000000 0.2500000
vt 0.5163508 0.2505353
vt 0.5326315 0.2521388
vt 0.5487726 0.2548037
vt 0.5647048 0.2585185
vt 0.5803599 0.2632675
vt 0.5956709 0.2690301
vt 0.6105722 0.2757818
vt 0.6250000 0.2834936
vt 0.6388926 0.2921326
vt 0.6521904 0.3016617
vt 0.6648365 0.3120400
vt 0.6767767 0.3232233
vt 0.6879600 0.3351635
vt 0.6983383 0.3478096
vt 0.7078674 0.3611074
vt 0.7165064 0.3750000
vt 0.7242182 0.3894278
vt 0.7309699 0.4043291
vt 0.7367325 0.4196401
vt 0.7414815 0.4352952
vt 0.7451963 0.4512274
vt 0.7478612 0.4673685
vt 0.7494647 0.4836492
vt 0.7750000 0.5000000
vt 0.7744112 0.5179859
vt 0.7726473 0.5358947
vt 0.7697160 0.5536498
vt 0.7656296 0.5711752
vt 0.7604058 0.5883959
vt 0.7540669 0.6052379
vt 0.7466400 0.6216294
vt 0.7381570 0.6375000
vt 0.7286541 0.6527818
vt 0.7181722 0.6674094
vt 0.7067559 0.6813201
vt 0.6944544 0.6944544
vt 0.6813201 0.7067559
vt 0.6674094 0.7181722
vt 0.6527818 0.7286541
vt 0.6375000 0.7381570
vt 0.6216294 0.7466400
vt 0.6052379 0.7540669
vt 0.5883959 0.7604058
vt 0.5711752 0.7656296
vt 0.5536498 0.7697160
vt 0.5358947 0.7726473
vt 0.5179859 0.7744112
vt 0.5000000 0.7750000
vt 0.4820141 0.7744112
vt 0.4641053 0.7726473
vt 0.4463502 0.7697160
vt 0.4288248 0.7656296
vt 0.4116041 0.7604058
vt 0.3947621 0.7540669
vt 0.3783706 0.7466400
vt 0.3625000 0.7381570
vt 0.3472182 0.7286541
vt 0.3325906 0.7181722
vt 0.3186799 0.7067559
vt 0.3055456 0.6944544
vt 0.2932441 0.6813201
vt 0.2818278 0.6674094
vt 0.2713459 0.6527818
vt 0.2618430 0.6375000
vt 0.2533600 0.6216294
vt 0.2459331 0.6052379
vt 0.2395942 0.5883959
vt 0.2343704 0.5711752
vt 0.2302840 0.5536498
vt 0.2273527 0.5358947
vt 0.2255888 0.5179859
vt 0.2250000 0.5000000
vt 0.2255888 0.4820141
vt 0.2273527 0.4641053
vt 0.2302840 0.4463502
vt 0.2343704 0.4288248
vt 0.2395942 0.4116041
vt 0.2459331 0.3947621
vt 0.2533600 0.3783706
vt 0.2618430 0.3625000
vt 0.2713459 0.3472182
vt 0.2818278 0.3325906
vt 0.2932441 0.3186799
vt 0.3055456 0.3055456
vt 0.3186799 0.2932441
vt 0.3325906 0.2818278
vt 0.3472182 0.2713459
vt 0.3625000 0.2618430
vt 0.3783706 0.2533600
vt 0.3947621 0.2459331
vt 0.4116041 0.2395942
vt 0.4288248 0.2343704
vt 0.4463502 0.2302840
vt 0.4641053 0.2273527
vt 0.4820141 0.2255888
vt 0.5000000 0.2250000
vt 0.5179859 0.2255888
vt 0.5358947 0.2273527
vt 0.5536498 0.2302840
vt 0.5711752 0.2343704
vt 0.5883959 0.2395942
vt 0.6052379 0.2459331
vt 0.6216294 0.2533600
vt 0.6375000 0.2618430
vt 0.6527818 0.2713459
vt 0.6674094 0.2818278
vt 0.6813201 0.2932441
vt 0.6944544 0.3055456
vt 0.7067559 0.3186799
vt 0.7181722 0.3325906
vt 0.7286541 0.3472182
vt 0.7381570 0.3625000
vt 0.7466400 0.3783706
vt 0.7540669 0.3947621
vt 0.7604058 0.4116041
vt 0.7656296 0.4288248
vt 0.7697160 0.4463502
vt 0.7726473 0.4641053
vt 0.7744112 0.4820141
vt 0.8000000 0.5000000
vt 0.7993577 0.5196209
vt 0.7974335 0.5391579
vt 0.7942356 0.5585271
vt 0.7897777 0.5776457
vt 0.7840790 0.5964318
vt 0.7771639 0.6148050
vt 0.7690618 0.6326866
vt 0.7598076 0.6500000
vt 0.7494409 0.6666711
vt 0.7380060 0.6826284
vt 0.7255519 0.6978037
vt 0.7121320 0.7121320
vt 0.6978037 0.7255519
vt 0.6826284 0.7380060
vt 0.6666711 0.7494409
vt 0.6500000 0.7598076
vt 0.6326866 0.7690618
vt 0.6148050 0.7771639
vt 0.5964318 0.7840790
vt 0.5776457 0.7897777
vt 0.5585271 0.7942356
vt 0.5391579 0.7974335
vt 0.5196209 0.7993577
vt 0.5000000 0.8000000
vt 0.4803791 0.7993577
vt 0.4608421 0.7974335
vt 0.4414729 0.7942356
vt 0.4223543 0.7897777
vt 0.4035682 0.7840790
vt 0.3851950 0.7771639
vt 0.3673134 0.7690618
vt 0.3500000 0.7598076
vt 0.3333289 0.7494409
vt 0.3173716 0.7380060
vt 0.3021963 0.7255519
vt 0.2878680 0.7121320
vt 0.2744481 0.6978037
vt 0.2619940 0.6826284
vt 0.2505591 0.6666711
vt 0.2401924 0.6500000
vt 0.2309382 0.6326866
vt 0.2228361 0.6148050
vt 0.2159210 0.5964318
vt 0.2102223 0.5776457
vt 0.2057644 0.5585271
vt 0.2025665 0.5391579
vt 0.2006423 0.5196209
vt 0.2000000 0.5000000
vt 0.2006423 0.4803791
vt 0.2025665 0.4608421
vt 0.2057644 0.4414729
vt 0.2102223 0.4223543
vt 0.2159210 0.4035682
vt 0.2228361 0.3851950
vt 0.2309382 0.3673134
vt 0.2401924 0.3500000
vt 0.2505591 0.3333289
vt 0.2619940 0.3173716
vt 0.2744481 0.3021963
vt 0.2878680 0.2878680
vt 0.3021963 0.2744481
vt 0.3173716 0.2619940
vt 0.3333289 0.2505591
vt 0.3500000 0.2401924
vt 0.3673134 0.2309382
vt 0.3851950 0.2228361
vt 0.4035682 0.2159210
vt 0.4223543 0.2102223
vt 0.4414729 0.2057644
vt 0.4608421 0.2025665
vt 0.4803791 0.2006423
vt 0.5000000 0.2000000
vt 0.5196209 0.2006423
vt 0.5391579 0.2025665
vt 0.5585271 0.2057644
vt 0.5776457 0.2102223
vt 0.5964318 0.2159210
vt 0.6148050 0.2228361
vt 0.6326866 0.2309382
vt 0.6500000 0.2401924
vt 0.6666711 0.2505591
vt 0.6826284 0.2619940
vt 0.6978037 0.2744481
vt 0.7121320 0.2878680
vt 0.7255519 0.3021963
vt 0.7380060 0.3173716
vt 0.7494409 0.3333289
vt 0.7598076 0.3500000
vt 0.7690618 0.3673134
vt 0.7771639 0.3851950
vt 0.7840790 0.4035682
vt 0.7897777 0.4223543
vt 0.7942356 0.4414729
vt 0.7974335 0.4608421
vt 0.7993577 0.4803791
vt 0.8250000 0.5000000
vt 0.8243042 0.5212560
vt 0.8222196 0.5424210
vt 0.8187552 0.5634044
vt 0.8139259 0.5841162
vt 0.8077523 0.6044678
vt 0.8002608 0.6243721
vt 0.7914836 0.6437438
vt 0.7814583 0.6625000
vt 0.7702276 0.6805603
vt 0.7578398 0.6978475
vt 0.7443479 0.7142874
vt 0.7298097 0.7298097
vt 0.7142874 0.7443479
vt 0.6978475 0.7578398
vt 0.6805603 0.7702276
vt 0.6625000 0.7814583
vt 0.6437438 0.7914836
vt 0.6243721 0.8002608
vt 0.6044678 0.8077523
vt 0.5841162 0.8139259
vt 0.5634044 0.8187552
vt 0.5424210 0.8222196
vt 0.5212560 0.8243042
vt 0.5000000 0.8250000
vt 0.4787440 0.8243042
vt 0.4575790 0.8222196
vt 0.4365956 0.8187552
vt 0.4158838 0.8139259
vt 0.3955322 0.8077523
vt 0.3756279 0.8002608
vt 0.3562562 0.7914836
vt 0.3375000 0.7814583
vt 0.3194397 0.7702276
vt 0.3021525 0.7578398
vt 0.2857126 0.7443479
vt 0.2701903 0.7298097
vt 0.2556521 0.7142874
vt 0.2421602 0.6978475
vt 0.2297724 0.6805603
vt 0.2185417 0.6625000
vt 0.2085164 0.6437438
vt 0.1997392 0.6243721
vt 0.1922477 0.6044678
vt 0.1860741 0.5841162
vt 0.1812448 0.5634044
vt 0.1777804 0.5424210
vt 0.1756958 0.5212560
vt 0.1750000 0.5000000
vt 0.1756958 0.4787440
vt 0.1777804 0.4575790
vt 0.1812448 0.4365956
vt 0.1860741 0.4158838
vt 0.1922477 0.3955322
vt 0.1997392 0.3756279
vt 0.2085164 0.3562562
vt 0.2185417 0.3375000
vt 0.2297724 0.3194397
vt 0.2421602 0.3021525
vt 0.2556521 0.2857126
vt 0.2701903 0.2701903
vt 0.2857126 0.2556521
vt 0.3021525 0.2421602
vt 0.3194397 0.2297724
vt 0.3375000 0.2185417
vt 0.3562562 0.2085164
vt 0.3756279 0.1997392
vt 0.3955322 0.1922477
vt 0.4158838 0.1860741
vt 0.4365956 0.1812448
vt 0.4575790 0.1777804
vt 0.4787440 0.1756958
vt 0.5000000 0.1750000
vt 0.5212560 0.1756958
vt 0.5424210 0.1777804
vt 0.5634044 0.1812448
vt 0.5841162 0.1860741
vt 0.6044678 0.1922477
vt 0.6243721 0.1997392
vt 0.6437438 0.2085164
vt 0.6625000 0.2185417
vt 0.6805603 0.2297724
vt 0.6978475 0.2421602
vt 0.7142874 0.2556521
vt 0.7298097 0.2701903
vt 0.7443479 0.2857126
vt 0.7578398 0.3021525
vt 0.7702276 0.3194397
vt 0.7814583 0.3375000
vt 0.7914836 0.3562562
vt 0.8002608 0.3756279
vt 0.8077523 0.3955322
vt 0.8139259 0.4158838
vt 0.8187552 0.4365956
vt 0.8222196 0.4575790
vt 0.8243042 0.4787440
vt 0.8500000 0.5000000
vt 0.8492506 0.5228911
vt 0.8470057 0.5456842
vt 0.8432748 0.5682816
vt 0.8380740 0.5905867
vt 0.8314255 0.6125038
vt 0.8233578 0.6339392
vt 0.8139055 0.6548010
vt 0.8031089 0.6750000
vt 0.7910144 0.6944496
vt 0.7776737 0.7130665
vt 0.7631439 0.7307710
vt 0.7474874 0.7474874
vt 0.7307710 0.7631439
vt 0.7130665 0.7776737
vt 0.6944496 0.7910144
vt 0.6750000 0.8031089
vt 0.6548010 0.8139055
vt 0.6339392 0.8233578
vt 0.6125038 0.8314255
vt 0.5905867 0.8380740
vt 0.5682816 0.8432748
vt 0.5456842 0.8470057
vt 0.5228911 0.8492506
vt 0.5000000 0.8500000
vt 0.4771089 0.8492506
vt 0.4543158 0.8470057
vt 0.4317184 0.8432748
vt 0.4094133 0.8380740
vt 0.3874962 0.8314255
vt 0.3660608 0.8233578
vt 0.3451990 0.8139055
vt 0.3250000 0.8031089
vt 0.3055504 0.7910144
vt 0.2869335 0.7776737
vt 0.2692290 0.7631439
vt 0.2525126 0.7474874
vt 0.2368561 0.7307710
vt 0.2223263 0.7130665
vt 0.2089856 0.6944496
vt 0.1968911 0.6750000
vt 0.1860945 0.6548010
vt 0.1766422 0.6339392
vt 0.1685745 0.6125038
vt 0.1619260 0.5905867
vt 0.1567252 0.5682816
vt 0.1529943 0.5456842
vt 0.1507494 0.5228911
vt 0.1500000 0.5000000
vt 0.1507494 0.4771089
vt 0.1529943 0.4543158
vt 0.1567252 0.4317184
vt 0.1619260 0.4094133
vt 0.1685745 0.3874962
vt 0.1766422 0.3660608
vt 0.1860945 0.3451990
vt 0.1968911 0.3250000
vt 0.2089856 0.3055504
vt 0.2223263 0.2869335
vt 0.2368561 0.2692290
vt 0.2525126 0.2525126
vt 0.2692290 0.2368561
vt 0.2869335 0.2223263
vt 0.3055504 0.2089856
vt 0.3250000 0.1968911
vt 0.3451990 0.1860945
vt 0.3660608 0.1766422
vt 0.3874962 0.1685745
vt 0.4094133 0.1619260
vt 0.4317184 0.1567252
vt 0.4543158 0.1529943
vt 0.4771089 0.1507494
vt 0.5000000 0.1500000
vt 0.5228911 0.1507494
vt 0.5456842 0.1529943
vt 0.5682816 0.1567252
vt 0.5905867 0.1619260
vt 0.6125038 0.1685745
vt 0.6339392 0.1766422
vt 0.6548010 0.1860945
vt 0.6750000 0.1968911
vt 0.6944496 0.2089856
vt 0.7130665 0.2223263
vt 0.7307710 0.2368561
vt 0.7474874 0.2525126
vt 0.7631439 0.2692290
vt 0.7776737 0.2869335
vt 0.7910144 0.3055504
vt 0.8031089 0.3250000
vt 0.8139055 0.3451990
vt 0.8233578 0.3660608
vt 0.8314255 0.3874962
vt 0.8380740 0.4094133
vt 0.8432748 0.4317184
vt 0.8470057 0.4543158
vt 0.8492506 0.4771089
vt 0.8750000 0.5000000
vt 0.8741971 0.5245262
vt 0.8717918 0.5489473
vt 0.8677945 0.5731589
vt 0.8622222 0.5970571
vt 0.8550988 0.6205398
vt 0.8464548 0.6435063
vt 0.8363273 0.6658583
vt 0.8247595 0.6875000
vt 0.8118011 0.7083388
vt 0.7975075 0.7282855
vt 0.7819399 0.7472547
vt 0.7651650 0.7651650
vt 0.7472547 0.7819399
vt 0.7282855 0.7975075
vt 0.7083388 0.8118011
vt 0.6875000 0.8247595
vt 0.6658583 0.8363273
vt 0.6435063 0.8464548
vt 0.6205398 0.8550988
vt 0.5970571 0.8622222
vt 0.5731589 0.8677945
vt 0.5489473 0.8717918
vt 0.5245262 0.8741971
vt 0.5000000 0.8750000
vt 0.4754738 0.8741971
vt 0.4510527 0.8717918
vt 0.4268411 0.8677945
vt 0.4029429 0.8622222
vt 0.3794602 0.8550988
vt 0.3564937 0.8464548
vt 0.3341417 0.8363273
vt 0.3125000 0.8247595
vt 0.2916612 0.8118011
vt 0.2717145 0.7975075
vt 0.2527453 0.7819399
vt 0.2348350 0.7651650
vt 0.2180601 0.7472547
vt 0.2024925 0.7282855
vt 0.1881989 0.7083388
vt 0.1752405 0.6875000
vt 0.1636727 0.6658583
vt 0.1535452 0.6435063
vt 0.1449012 0.6205398
vt 0.1377778 0.5970571
vt 0.1322055 0.5731589
vt 0.1282082 0.5489473
vt 0.1258029 0.5245262
vt 0.1250000 0.5000000
vt 0.1258029 0.4754738
vt 0.1282082 0.4510527
vt 0.1322055 0.4268411
vt 0.1377778 0.4029429
vt 0.1449012 0.3794602
vt 0.1535452 0.3564937
vt 0.1636727 0.3341417
vt 0.1752405 0.3125000
vt 0.1881989 0.2916612
vt 0.2024925 0.2717145
vt 0.2180601 0.2527453
vt 0.2348350 0.2348350
vt 0.2527453 0.2180601
vt 0.2717145 0.2024925
vt 0.2916612 0.1881989
vt 0.3125000 0.1752405
vt 0.3341417 0.1636727
vt 0.3564937 0.1535452
vt 0.3794602 0.1449012
vt 0.4029429 0.1377778
vt 0.4268411 0.1322055
vt 0.4510527 0.1282082
vt 0.4754738 0.1258029
vt 0.5000000 0.1250000
vt 0.5245262 0.1258029
vt 0.5489473 0.1282082
vt 0.5731589 0.1322055
vt 0.5970571 0.1377778
vt 0.6205398 0.1449012
vt 0.6435063 0.1535452
vt 0.6658583 0.1636727
vt 0.6875000 0.1752405
vt 0.7083388 0.1881989
vt 0.7282855 0.2024925
vt 0.7472547 0.2180601
vt 0.7651650 0.2348350
vt 0.7819399 0.2527453
vt 0.7975075 0.2717145
vt 0.8118011 0.2916612
vt 0.8247595 0.3125000
vt 0.8363273 0.3341417
vt 0.8464548 0.3564937
vt 0.8550988 0.3794602
vt 0.8622222 0.4029429
vt 0.8677945 0.4268411
vt 0.8717918 0.4510527
vt 0.8741971 0.4754738
vt 0.9000000 0.5000000
vt 0.8991436 0.5261613
vt 0.8965779 0.5522105
vt 0.8923141 0.5780361
vt 0.8863703 0.6035276
vt 0.8787721 0.6285758
vt 0.8695518 0.6530734
vt 0.8587491 0.6769155
vt 0.8464102 0.7000000
vt 0.8325878 0.7222281
vt 0.8173413 0.7435046
vt 0.8007359 0.7637383
vt 0.7828427 0.7828427
vt 0.7637383 0.8007359
vt 0.7435046 0.8173413
vt 0.7222281 0.8325878
vt 0.7000000 0.8464102
vt 0.6769155 0.8587491
vt 0.6530734 0.8695518
vt 0.6285758 0.8787721
vt 0.6035276 0.8863703
vt 0.5780361 0.8923141
vt 0.5522105 0.8965779
vt 0.5261613 0.8991436
vt 0.5000000 0.9000000
vt 0.4738387 0.8991436
vt 0.4477895 0.8965779
vt 0.4219639 0.8923141
vt 0.3964724 0.8863703
vt 0.3714242 0.8787721
vt 0.3469266 0.8695518
vt 0.3230845 0.8587491
vt 0.3000000 0.8464102
vt 0.2777719 0.8325878
vt 0.2564954 0.8173413
vt 0.2362617 0.8007359
vt 0.2171573 0.7828427
vt 0.1992641 0.7637383
vt 0.1826587 0.7435046
vt 0.1674122 0.7222281
vt 0.1535898 0.7000000
vt 0.1412509 0.6769155
vt 0.1304482 0.6530734
vt 0.1212279 0.6285758
vt 0.1136297 0.6035276
vt 0.1076859 0.5780361
vt 0.1034221 0.5522105
vt 0.1008564 0.5261613
vt 0.1000000 0.5000000
vt 0.1008564 0.4738387
vt 0.1034221 0.4477895
vt 0.1076859 0.4219639
vt 0.1136297 0.3964724
vt 0.1212279 0.3714242
vt 0.1304482 0.3469266
vt 0.1412509 0.3230845
vt 0.1535898 0.3000000
vt 0.1674122 0.2777719
vt 0.1826587 0.2564954
vt 0.1992641 0.2362617
vt 0.2171573 0.2171573
vt 0.2362617 0.1992641
vt 0.2564954 0.1826587
vt 0.2777719 0.1674122
vt 0.3000000 0.1535898
vt 0.3230845 0.1412509
vt 0.3469266 0.1304482
vt 0.3714242 0.1212279
vt 0.3964724 0.1136297
vt 0.4219639 0.1076859
vt 0.4477895 0.1034221
vt 0.4738387 0.1008564
vt 0.5000000 0.1000000
vt 0.5261613 0.1008564
vt 0.5522105 0.1034221
vt 0.5780361 0.1076859
vt 0.6035276 0.1136297
vt 0.6285758 0.1212279
vt 0.6530734 0.1304482
vt 0.6769155 0.1412509
vt 0.7000000 0.1535898
vt 0.7222281 0.1674122
vt 0.7435046 0.1826587
vt 0.7637383 0.1992641
vt 0.7828427 0.2171573
vt 0.8007359 0.2362617
vt 0.8173413 0.2564954
vt 0.8325878 0.2777719
vt 0.8464102 0.3000000
vt 0.8587491 0.3230845
vt 0.8695518 0.3469266
vt 0.8787721 0.3714242
vt 0.8863703 0.3964724
vt 0.8923141 0.4219639
vt 0.8965779 0.4477895
vt 0.8991436 0.4738387
vt 0.9250000 0.5000000
vt 0.9240900 0.5277963
vt 0.9213641 0.5554736
vt 0.9168337 0.5829134
vt 0.9105185 0.6099981
vt 0.9024453 0.6366118
vt 0.8926488 0.6626405
vt 0.8811709 0.6879727
vt 0.8680608 0.7125000
vt 0.8533746 0.7361173
vt 0.8371752 0.7587236
vt 0.8195319 0.7802220
vt 0.8005204 0.8005204
vt 0.7802220 0.8195319
vt 0.7587236 0.8371752
vt 0.7361173 0.8533746
vt 0.7125000 0.8680608
vt 0.6879727 0.8811709
vt 0.6626405 0.8926488
vt 0.6366118 0.9024453
vt 0.6099981 0.9105185
vt 0.5829134 0.9168337
vt 0.5554736 0.9213641
vt 0.5277963 0.9240900
vt 0.5000000 0.9250000
vt 0.4722037 0.9240900
vt 0.4445264 0.9213641
vt 0.4170866 0.9168337
vt 0.3900019 0.9105185
vt 0.3633882 0.9024453
vt 0.3373595 0.8926488
vt 0.3120273 0.8811709
vt 0.2875000 0.8680608
vt 0.2638827 0.8533746
vt 0.2412764 0.8371752
vt 0.2197780 0.8195319
vt 0.1994796 0.8005204
vt 0.1804681 0.7802220
vt 0.1628248 0.7587236
vt 0.1466254 0.7361173
vt 0.1319392 0.7125000
vt 0.1188291 0.6879727
vt 0.1073512 0.6626405
vt 0.0975547 0.6366118
vt 0.0894815 0.6099981
vt 0.0831663 0.5829134
vt 0.0786359 0.5554736
vt 0.0759100 0.5277963
vt 0.0750000 0.5000000
vt 0.0759100 0.4722037
vt 0.0786359 0.4445264
vt 0.0831663 0.4170866
vt 0.0894815 0.3900019
vt 0.0975547 0.3633882
vt 0.1073512 0.3373595
vt 0.1188291 0.3120273
vt 0.1319392 0.2875000
vt 0.1466254 0.2638827
vt 0.1628248 0.2412764
vt 0.1804681 0.2197780
vt 0.1994796 0.1994796
vt 0.2197780 0.1804681
vt 0.2412764 0.1628248
vt 0.2638827 0.1466254
vt 0.2875000 0.1319392
vt 0.3120273 0.1188291
vt 0.3373595 0.1073512
vt 0.3633882 0.0975547
vt 0.3900019 0.0894815
vt 0.4170866 0.0831663
vt 0.4445264 0.0786359
vt 0.4722037 0.0759100
vt 0.5000000 0.0750000
vt 0.5277963 0.0759100
vt 0.5554736 0.0786359
vt 0.5829134 0.0831663
vt 0.6099981 0.0894815
vt 0.6366118 0.0975547
vt 0.6626405 0.1073512
vt 0.6879727 0.1188291
vt 0.7125000 0.1319392
vt 0.7361173 0.1466254
vt 0.7587236 0.1628248
vt 0.7802220 0.1804681
vt 0.8005204 0.1994796
vt 0.8195319 0.2197780
vt 0.8371752 0.2412764
vt 0.8533746 0.2638827
vt 0.8680608 0.2875000
vt 0.8811709 0.3120273
vt 0.8926488 0.3373595
vt 0.9024453 0.3633882
vt 0.9105185 0.3900019
vt 0.9168337 0.4170866
vt 0.9213641 0.4445264
vt 0.9240900 0.4722037
vt 0.9500000 0.5000000
vt 0.9490365 0.5294314
vt 0.9461502 0.5587368
vt 0.9413534 0.5877906
vt 0.9346666 0.6164686
vt 0.9261186 0.6446478
vt 0.9157458 0.6722075
vt 0.9035927 0.6990299
vt 0.8897114 0.7250000
vt 0.8741613 0.7500066
vt 0.8570090 0.7739426
vt 0.8383279 0.7967056
vt 0.8181981 0.8181981
vt 0.7967056 0.8383279
vt 0.7739426 0.8570090
vt 0.7500066 0.8741613
vt 0.7250000 0.8897114
vt 0.6990299 0.9035927
vt 0.6722075 0.9157458
vt 0.6446478 0.9261186
vt 0.6164686 0.9346666
vt 0.5877906 0.9413534
vt 0.5587368 0.9461502
vt 0.5294314 0.9490365
vt 0.5000000 0.9500000
vt 0.4705686 0.9490365
vt 0.4412632 0.9461502
vt 0.4122094 0.9413534
vt 0.3835314 0.9346666
vt 0.3553522 0.9261186
vt 0.3277925 0.9157458
vt 0.3009701 0.9035927
vt 0.2750000 0.8897114
vt 0.2499934 0.8741613
vt 0.2260574 0.8570090
vt 0.2032944 0.8383279
vt 0.1818019 0.8181981
vt 0.1616721 0.7967056
vt 0.1429910 0.7739426
vt 0.1258387 0.7500066
vt 0.1102886 0.7250000
vt 0.0964073 0.6990299
vt 0.0842542 0.6722075
vt 0.0738814 0.6446478
vt 0.0653334 0.6164686
vt 0.0586466 0.5877906
vt 0.0538498 0.5587368
vt 0.0509635 0.5294314
vt 0.0500000 0.5000000
vt 0.0509635 0.4705686
vt 0.0538498 0.4412632
vt 0.0586466 0.4122094
vt 0.0653334 0.3835314
vt 0.0738814 0.3553522
vt 0.0842542 0.3277925
vt 0.0964073 0.3009701
vt 0.1102886 0.2750000
vt 0.1258387 0.2499934
vt 0.1429910 0.2260574
vt 0.1616721 0.2032944
vt 0.1818019 0.1818019
vt 0.2032944 0.1616721
vt 0.2260574 0.1429910
vt 0.2499934 0.1258387
vt 0.2750000 0.1102886
vt 0.3009701 0.0964073
vt 0.3277925 0.0842542
vt 0.3553522 0.0738814
vt 0.3835314 0.0653334
vt 0.4122094 0.0586466
vt 0.4412632 0.0538498
vt 0.4705686 0.0509635
vt 0.5000000 0.0500000
vt 0.5294314 0.0509635
vt 0.5587368 0.0538498
vt 0.5877906 0.0586466
vt 0.6164686 0.0653334
vt 0.6446478 0.0738814
vt 0.6722075 0.0842542
vt 0.6990299 0.0964073
vt 0.7250000 0.1102886
vt 0.7500066 0.1258387
vt 0.7739426 0.1429910
vt 0.7967056 0.1616721
vt 0.8181981 0.1818019
vt 0.8383279 0.2032944
vt 0.8570090 0.2260574
vt 0.8741613 0.2499934
vt 0.8897114 0.2750000
vt 0.9035927 0.3009701
vt 0.9157458 0.3277925
vt 0.9261186 0.3553522
vt 0.9346666 0.3835314
vt 0.9413534 0.4122094
vt 0.9461502 0.4412632
vt 0.9490365 0.4705686
vt 0.9750000 0.5000000
vt 0.9739830 0.5310665
vt 0.9709363 0.5619999
vt 0.9658730 0.5926679
vt 0.9588148 0.6229390
vt 0.9497918 0.6526837
vt 0.9388428 0.6817746
vt 0.9260146 0.7100871
vt 0.9113621 0.7375000
vt 0.8949481 0.7638959
vt 0.8768428 0.7891617
vt 0.8571239 0.8131893
vt 0.8358757 0.8358757
vt 0.8131893 0.8571239
vt 0.7891617 0.8768428
vt 0.7638959 0.8949481
vt 0.7375000 0.9113621
vt 0.7100871 0.9260146
vt 0.6817746 0.9388428
vt 0.6526837 0.9497918
vt 0.6229390 0.9588148
vt 0.5926679 0.9658730
vt 0.5619999 0.9709363
vt 0.5310665 0.9739830
vt 0.5000000 0.9750000
vt 0.4689335 0.9739830
vt 0.4380001 0.9709363
vt 0.4073321 0.9658730
vt 0.3770610 0.9588148
vt 0.3473163 0.9497918
vt 0.3182254 0.9388428
vt 0.2899129 0.9260146
vt 0.2625000 0.9113621
vt 0.2361041 0.8949481
vt 0.2108383 0.8768428
vt 0.1868107 0.8571239
vt 0.1641243 0.8358757
vt 0.1428761 0.8131893
vt 0.1231572 0.7891617
vt 0.1050519 0.7638959
vt 0.0886379 0.7375000
vt 0.0739854 0.7100871
vt 0.0611572 0.6817746
vt 0.0502082 0.6526837
vt 0.0411852 0.6229390
vt 0.0341270 0.5926679
vt 0.0290637 0.5619999
vt 0.0260170 0.5310665
vt 0.0250000 0.5000000
vt 0.0260170 0.4689335
vt 0.0290637 0.4380001
vt 0.0341270 0.4073321
vt 0.0411852 0.3770610
vt 0.0502082 0.3473163
vt 0.0611572 0.3182254
vt 0.0739854 0.2899129
vt 0.0886379 0.2625000
vt 0.1050519 0.2361041
vt 0.1231572 0.2108383
vt 0.1428761 0.1868107
vt 0.1641243 0.1641243
vt 0.1868107 0.1428761
vt 0.2108383 0.1231572
vt 0.2361041 0.1050519
vt 0.2625000 0.0886379
vt 0.2899129 0.0739854
vt 0.3182254 0.0611572
vt 0.3473163 0.0502082
vt 0.3770610 0.0411852
vt 0.4073321 0.0341270
vt 0.4380001 0.0290637
vt 0.4689335 0.0260170
vt 0.5000000 0.0250000
vt 0.5310665 0.0260170
vt 0.5619999 0.0290637
vt 0.5926679 0.0341270
vt 0.6229390 0.0411852
vt 0.6526837 0.0502082
vt 0.6817746 0.0611572
vt 0.7100871 0.0739854
vt 0.7375000 0.0886379
vt 0.7638959 0.1050519
vt 0.7891617 0.1231572
vt 0.8131893 0.1428761
vt 0.8358757 0.1641243
vt 0.8571239 0.1868107
vt 0.8768428 0.2108383
vt 0.8949481 0.2361041
vt 0.9113621 0.2625000
vt 0.9260146 0.2899129
vt 0.9388428 0.3182254
vt 0.9497918 0.3473163
vt 0.9588148 0.3770610
vt 0.9658730 0.4073321
vt 0.9709363 0.4380001
vt 0.9739830 0.4689335
vt 1.0000000 0.5000000
vt 0.9989295 0.5327016
vt 0.9957224 0.5652631
vt 0.9903926 0.5975452
vt 0.9829629 0.6294095
vt 0.9734651 0.6607197
vt 0.9619398 0.6913417
vt 0.9484364 0.7211443
vt 0.9330127 0.7500000
vt 0.9157348 0.7777851
vt 0.8966767 0.8043807
vt 0.8759199 0.8296729
vt 0.8535534 0.8535534
vt 0.8296729 0.8759199
vt 0.8043807 0.8966767
vt 0.7777851 0.9157348
vt 0.7500000 0.9330127
vt 0.7211443 0.9484364
vt 0.6913417 0.9619398
vt 0.6607197 0.9734651
vt 0.6294095 0.9829629
vt 0.5975452 0.9903926
vt 0.5652631 0.9957224
vt 0.5327016 0.9989295
vt 0.5000000 1.0000000
vt 0.4672984 0.9989295
vt 0.4347369 0.9957224
vt 0.4024548 0.9903926
vt 0.3705905 0.9829629
vt 0.3392803 0.9734651
vt 0.3086583 0.9619398
vt 0.2788557 0.9484364
vt 0.2500000 0.9330127
vt 0.2222149 0.9157348
vt 0.1956193 0.8966767
vt 0.1703271 0.8759199
vt 0.1464466 0.8535534
vt 0.1240801 0.8296729
vt 0.1033233 0.8043807
vt 0.0842652 0.7777851
vt 0.0669873 0.7500000
vt 0.0515636 0.7211443
vt 0.0380602 0.6913417
vt 0.0265349 0.6607197
vt 0.0170371 0.6294095
vt 0.0096074 0.5975452
vt 0.0042776 0.5652631
vt 0.0010705 0.5327016
vt 0.0000000 0.5000000
vt 0.0010705 0.4672984
vt 0.0042776 0.4347369
vt 0.0096074 0.4024548
vt 0.0170371 0.3705905
vt 0.0265349 0.3392803
vt 0.0380602 0.3086583
vt 0.0515636 0.2788557
vt 0.0669873 0.2500000
vt 0.0842652 0.2222149
vt 0.1033233 0.1956193
vt 0.1240801 0.1703271
vt 0.1464466 0.1464466
vt 0.1703271 0.1240801
vt 0.1956193 0.1033233
vt 0.2222149 0.0842652
vt 0.2500000 0.0669873
vt 0.2788557 0.0515636
vt 0.3086583 0.0380602
vt 0.3392803 0.0265349
vt 0.3705905 0.0170371
vt 0.4024548 0.0096074
vt 0.4347369 0.0042776
vt 0.4672984 0.0010705
vt 0.5000000 0.0000000
vt 0.5327016 0.0010705
vt 0.5652631 0.0042776
vt 0.5975452 0.0096074
vt 0.6294095 0.0170371
vt 0.6607197 0.0265349
vt 0.6913417 0.0380602
vt 0.7211443 0.0515636
vt 0.7500000 0.0669873
vt 0.7777851 0.0842652
vt 0.8043807 0.1033233
vt 0.8296729 0.1240801
vt 0.8535534 0.1464466
vt 0.8759199 0.1703271
vt 0.8966767 0.1956193
vt 0.9157348 0.2222149
vt 0.9330127 0.2500000
vt 0.9484364 0.2788557
vt 0.9619398 0.3086583
vt 0.9734651 0.3392803
vt 0.9829629 0.3705905
vt 0.9903926 0.4024548
vt 0.9957224 0.4347369
vt 0.9989295 0.4672984
f 1/1 3/3 2/2
f 1/1 4/4 3/3
f 1/1 5/5 4/4
f 1/1 6/6 5/5
f 1/1 7/7 6/6
f 1/1 8/8 7/7
f 1/1 9/9 8/8
f 1/1 10/10 9/9
f 1/1 11/11 10/10
f 1/1 12/12 11/11
f 1/1 13/13 12/12
f 1/1 14/14 13/13
f 1/1 15/15 14/14
f 1/1 16/16 15/15
f 1/1 17/17 16/16
f 1/1 18/18 17/17
f 1/1 19/19 18/18
f 1/1 20/20 19/19
f 1/1 21/21 20/20
f 1/1 22/22 21/21
f 1/1 23/23 22/22
f 1/1 24/24 23/23
f 1/1 25/25 24/24
f 1/1 26/26 25/25
f 1/1 27/27 26/26
f 1/1 28/28 27/27
f 1/1 29/29 28/28
f 1/1 30/30 29/29
f 1/1 31/31 30/30
f 1/1 32/32 31/31
f 1/1 33/33 32/32
f 1/1 34/34 33/33
f 1/1 35/35 34/34
f 1/1 36/36 35/35
f 1/1 37/37 36/36
f 1/1 38/38 37/37
f 1/1 39/39 38/38
f 1/1 40/40 39/39
f 1/1 41/41 40/40
f 1/1 42/42 41/41
f 1/1 43/43 42/42
f 1/1 44/44 43/43
f 1/1 45/45 44/44
f 1/1 46/46 45/45
f 1/1 47/47 46/46
f 1/1 48/48 47/47
f 1/1 49/49 48/48
f 1/1 50/50 49/49
f 1/1 51/51 50/50
f 1/1 52/52 51/51
f 1/1 53/53 52/52
f 1/1 54/54 53/53
f 1/1 55/55 54/54
f 1/1 56/56 55/55
f 1/1 57/57 56/56
f 1/1 58/58 57/57
f 1/1 59/59 58/58
f 1/1 60/60 59/59
f 1/1 61/61 60/60
f 1/1 62/62 61/61
f 1/1 63/63 62/62
f 1/1 64/64 63/63
f 1/1 65/65 64/64
f 1/1 66/66 65/65
f 1/1 67/67 66/66
f 1/1 68/68 67/67
f 1/1 69/69 68/68
f 1/1 70/70 69/69
f 1/1 71/71 70/70
f 1/1 72/72 71/71
f 1/1 73/73 72/72
f 1/1 74/74 73/73
f 1/1 75/75 74/74
f 1/1 76/76 75/75
f 1/1 77/77 76/76
f 1/1 78/78 77/77
f 1/1 79/79 78/78
f 1/1 80/80 79/79
f 1/1 81/81 80/80
f 1/1 82/82 81/81
f 1/1 83/83 82/82
f 1/1 84/84 83/83
f 1/1 85/85 84/84
f 1/1 86/86 85/85
f 1/1 87/87 86/86
f 1/1 88/88 87/87
f 1/1 89/89 88/88
f 1/1 90/90 89/89
f 1/1 91/91 90/90
f 1/1 92/92 91/91
f 1/1 93/93 92/92
f 1/1 94/94 93/93
f 1/1 95/95 94/94
f 1/1 96/96 95/95
f 1/1 97/97 96/96
f 1/1 2/2 97/97
f 2/2 3/3 99/99
f 2/2 99/99 98/98
f 3/3 4/4 100/100
f 3/3 100/100 99/99
f 4/4 5/5 101/101
f 4/4 101/101 100/100
f 5/5 6/6 102/102
f 5/5 102/102 101/101
f 6/6 7/7 103/103
f 6/6 103/103 102/102
f 7/7 8/8 104/104
f 7/7 104/104 103/103
f 8/8 9/9 105/105
f 8/8 105/105 104/104
f 9/9 10/10 106/106
f 9/9 106/106 105/105
f 10/10 11/11 107/107
f 10/10 107/107 106/106
f 11/11 12/12 108/108
f 11/11 108/108 107/107
f 12/12 13/13 109/109
f 12/12 109/109 108/108
f 13/13 14/14 110/110
f 13/13 110/110 109/109
f 14/14 15/15 111/111
f 14/14 111/111 110/110
f 15/15 16/16 112/112
f 15/15 112/112 111/111
f 16/16 17/17 113/113
f 16/16 113/113 112/112
f 17/17 18/18 114/114
f 17/17 114/114 113/113
f 18/18 19/19 115/115
f 18/18 115/115 114/114
f 19/19 20/20 116/116
f 19/19 116/116 115/115
f 20/20 21/21 117/117
f 20/20 117/117 116/116
f 21/21 22/22 118/118
f 21/21 118/118 117/117
f 22/22 23/23 119/119
f 22/22 119/119 118/118
f 23/23 24/24 120/120
f 23/23 120/120 119/119
f 24/24 25/25 121/121
f 24/24 121/121 120/120
f 25/25 26/26 122/122
f 25/25 122/122 121/121
f 26/26 27/27 123/123
f 26/26 123/123 122/122
f 27/27 28/28 124/124
f 27/27 124/124 123/123
f 28/28 29/29 125/125
f 28/28 125/125 124/124
f 29/29 30/30 126/126
f 29/29 126/126 125/125
f 30/30 31/31 127/127
f 30/30 127/127 126/126
f 31/31 32/32 128/128
f 31/31 128/128 127/127
f 32/32 33/33 129/129
f 32/32 129/129 128/128
f 33/33 34/34 130/130
f 33/33 130/130 129/129
f 34/34 35/35 131/131
f 34/34 131/131 130/130
f 35/35 36/36 132/132
f 35/35 132/132 131/131
f 36/36 37/37 133/133
f 36/36 133/133 132/132
f 37/37 38/38 134/134
f 37/37 134/134 133/133
f 38/38 39/39 135/135
f 38/38 135/135 134/134
f 39/39 40/40 136/136
f 39/39 136/136 135/135
f 40/40 41/41 137/137
f 40/40 137/137 136/136
f 41/41 42/42 138/138
f 41/41 138/138 137/137
f 42/42 43/43 139/139
f 42/42 139/139 138/138
f 43/43 44/44 140/140
f 43/43 140/140 139/139
f 44/44 45/45 141/141
f 44/44 141/141 140/140
f 45/45 46/46 142/142
f 45/45 142/142 141/141
f 46/46 47/47 143/143
f 46/46 143/143 142/142
f 47/47 48/48 144/144
f 47/47 144/144 143/143
f 48/48 49/49 145/145
f 48/48 145/145 144/144
f 49/49 50/50 146/146
f 49/49 146/146 145/145
f 50/50 51/51 147/147
f 50/50 147/147 146/146
f 51/51 52/52 148/148
f 51/51 148/148 147/147
f 52/52 53/53 149/149
f 52/52 149/149 148/148
f 53/53 54/54 150/150
f 53/53 150/150 149/149
f 54/54 55/55 151/151
f 54/54 151/151 150/150
f 55/55 56/56 152/152
f 55/55 152/152 151/151
f 56/56 57/57 153/153
f 56/56 153/153 152/152
f 57/57 58/58 154/154
f 57/57 154/154 153/153
f 58/58 59/59 155/155
f 58/58 155/155 154/154
f 59/59 60/60 156/156
f 59/59 156/156 155/155
f 60/60 61/61 157/157
f 60/60 157/157 156/156
f 61/61 62/62 158/158
f 61/61 158/158 157/157
f 62/62 63/63 159/159
f 62/62 159/159 158/158
f 63/63 64/64 160/160
f 63/63 160/160 159/159
f 64/64 65/65 161/161
f 64/64 161/161 160/160
f 65/65 66/66 162/162
f 65/65 162/162 161/161
f 66/66 67/67 163/163
f 66/66 163/163 162/162
f 67/67 68/68 164/164
f 67/67 164/164 163/163
f 68/68 69/69 165/165
f 68/68 165/165 164/164
f 69/69 70/70 166/166
f 69/69 166/166 165/165
f 70/70 71/71 167/167
f 70/70 167/167 166/166
f 71/71 72/72 168/168
f 71/71 168/168 167/167
f 72/72 73/73 169/169
f 72/72 169/169 168/168
f 73/73 74/74 170/170
f 73/73 170/170 169/169
f 74/74 75/75 171/171
f 74/74 171/171 170/170
f 75/75 76/76 172/172
f 75/75 172/172 171/171
f 76/76 77/77 173/173
f 76/76 173/173 172/172
f 77/77 78/78 174/174
f 77/77 174/174 173/173
f 78/78 79/79 175/175
f 78/78 175/175 174/174
f 79/79 80/80 176/176
f 79/79 176/176 175/175
f 80/80 81/81 177/177
f 80/80 177/177 176/176
f 81/81 82/82 178/178
f 81/81 178/178 177/177
f 82/82 83/83 179/179
f 82/82 179/179 178/178
f 83/83 84/84 180/180
f 83/83 180/180 179/179
f 84/84 85/85 181/181
f 84/84 181/181 180/180
f 85/85 86/86 182/182
f 85/85 182/182 181/181
f 86/86 87/87 183/183
f 86/86 183/183 182/182
f 87/87 88/88 184/184
f 87/87 184/184 183/183
f 88/88 89/89 185/185
f 88/88 185/185 184/184
f 89/89 90/90 186/186
f 89/89 186/186 185/185
f 90/90 91/91 187/187
f 90/90 187/187 186/186
f 91/91 92/92 188/188
f 91/91 188/188 187/187
f 92/92 93/93 189/189
f 92/92 189/189 188/188
f 93/93 94/94 190/190
f 93/93 190/190 189/189
f 94/94 95/95 191/191
f 94/94 191/191 190/190
f 95/95 96/96 192/192
f 95/95 192/192 191/191
f 96/96 97/97 193/193
f 96/96 193/193 192/192
f 97/97 2/2 98/98
f 97/97 98/98 193/193
f 98/98 99/99 195/195
f 98/98 195/195 194/194
f 99/99 100/100 196/196
f 99/99 196/196 195/195
f 100/100 101/101 197/197
f 100/100 197/197 196/196
f 101/101 102/102 198/198
f 101/101 198/198 197/197
f 102/102 103/103 199/199
f 102/102 199/199 198/198
f 103/103 104/104 200/200
f 103/103 200/200 199/199
f 104/104 105/105 201/201
f 104/104 201/201 200/200
f 105/105 106/106 202/202
f 105/105 202/202 201/201
f 106/106 107/107 203/203
f 106/106 203/203 202/202
f 107/107 108/108 204/204
f 107/107 204/204 203/203
f 108/108 109/109 205/205
f 108/108 205/205 204/204
f 109/109 110/110 206/206
f 109/109 206/206 205/205
f 110/110 111/111 207/207
f 110/110 207/207 206/206
f 111/111 112/112 208/208
f 111/111 208/208 207/207
f 112/112 113/113 209/209
f 112/112 209/209 208/208
f 113/113 114/114 210/210
f 113/113 210/210 209/209
f 114/114 115/115 211/211
f 114/114 211/211 210/210
f 115/115 116/116 212/212
f 115/115 212/212 211/211
f 116/116 117/117 213/213
f 116/116 213/213 212/212
f 117/117 118/118 214/214
f 117/117 214/214 213/213
f 118/118 119/119 215/215
f 118/118 215/215 214/214
f 119/119 120/120 216/216
f 119/119 216/216 215/215
f 120/120 121/121 217/217
f 120/120 217/217 216/216
f 121/121 122/122 218/218
f 121/121 218/218 217/217
f 122/122 123/123 219/219
f 122/122 219/219 218/218
f 123/123 124/124 220/220
f 123/123 220/220 219/219
f 124/124 125/125 221/221
f 124/124 221/221 220/220
f 125/125 126/126 222/222
f 125/125 222/222 221/221
f 126/126 127/127 223/223
f 126/126 223/223 222/222
f 127/127 128/128 224/224
f 127/127 224/224 223/223
f 128/128 129/129 225/225
f 128/128 225/225 224/224
f 129/129 130/130 226/226
f 129/129 226/226 225/225
f 130/130 131/131 227/227
f 130/130 227/227 226/226
f 131/131 132/132 228/228
f 131/131 228/228 227/227
f 132/132 133/133 229/229
f 132/132 229/229 228/228
f 133/133 134/134 230/230
f 133/133 230/230 229/229
f 134/134 135/135 231/231
f 134/134 231/231 230/230
f 135/135 136/136 232/232
f 135/135 232/232 231/231
f 136/136 137/137 233/233
f 136/136 233/233 232/232
f 137/137 138/138 234/234
f 137/137 234/234 233/233
f 138/138 139/139 235/235
f 138/138 235/235 234/234
f 139/139 140/140 236/236
f 139/139 236/236 235/235
f 140/140 141/141 237/237
f 140/140 237/237 236/236
f 141/141 142/142 238/238
f 141/141 238/238 237/237
f 142/142 143/143 239/239
f 142/142 239/239 238/238
f 143/143 144/144 240/240
f 143/143 240/240 239/239
f 144/144 145/145 241/241
f 144/144 241/241 240/240
f 145/145 146/146 242/242
f 145/145 242/242 241/241
f 146/146 147/147 243/243
f 146/146 243/243 242/242
f 147/147 148/148 244/244
f 147/147 244/244 243/243
f 148/148 149/149 245/245
f 148/148 245/245 244/244
f 149/149 150/150 246/246
f 149/149 246/246 245/245
f 150/150 151/151 247/247
f 150/150 247/247 246/246
f 151/151 152/152 248/248
f 151/151 248/248 247/247
f 152/152 153/153 249/249
f 152/152 249/249 248/248
f 153/153 154/154 250/250
f 153/153 250/250 249/249
f 154/154 155/155 251/251
f 154/154 251/251 250/250
f 155/155 156/156 252/252
f 155/155 252/252 251/251
f 156/156 157/157 253/253
f 156/156 253/253 252/252
f 157/157 158/158 254/254
f 157/157 254/254 253/253
f 158/158 159/159 255/255
f 158/158 255/255 254/254
f 159/159 160/160 256/256
f 159/159 256/256 255/255
f 160/160 161/161 257/257
f 160/160 257/257 256/256
f 161/161 162/162 258/258
f 161/161 258/258 257/257
f 162/162 163/163 259/259
f 162/162 259/259 258/258
f 163/163 164/164 260/260
f 163/163 260/260 259/259
f 164/164 165/165 261/261
f 164/164 261/261 260/260
f 165/165 166/166 262/262
f 165/165 262/262 261/261
f 166/166 167/167 263/263
f 166/166 263/263 262/262
f 167/167 168/168 264/264
f 167/167 264/264 263/263
f 168/168 169/169 265/265
f 168/168 265/265 264/264
f 169/169 170/170 266/266
f 169/169 266/266 265/265
f 170/170 171/171 267/267
f 170/170 267/267 266/266
f 171/171 172/172 268/268
f 171/171 268/268 267/267
f 172/172 173/173 269/269
f 172/172 269/269 268/268
f 173/173 174/174 270/270
f 173/173 270/270 269/269
f 174/174 175/175 271/271
f 174/174 271/271 270/270
f 175/175 176/176 272/272
f 175/175 272/272 271/271
f 176/176 177/177 273/273
f 176/176 273/273 272/272
f 177/177 178/178 274/274
f 177/177 274/274 273/273
f 178/178 179/179 275/275
f 178/178 275/275 274/274
f 179/179 180/180 276/276
f 179/179 276/276 275/275
f 180/180 181/181 277/277
f 180/180 277/277 276/276
f 181/181 182/182 278/278
f 181/181 278/278 277/277
f 182/182 183/183 279/279
f 182/182 279/279 278/278
f 183/183 184/184 280/280
f 183/183 280/280 279/279
f 184/184 185/185 281/281
f 184/184 281/281 280/280
f 185/185 186/186 282/282
f 185/185 282/282 281/281
f 186/186 187/187 283/283
f 186/186 283/283 282/282
f 187/187 188/188 284/284
f 187/187 284/284 283/283
f 188/188 189/189 285/285
f 188/188 285/285 284/284
f 189/189 190/190 286/286
f 189/189 286/286 285/285
f 190/190 191/191 287/287
f 190/190 287/287 286/286
f 191/191 192/192 288/288
f 191/191 288/288 287/287
f 192/192 193/193 289/289
f 192/192 289/289 288/288
f 193/193 98/98 194/194
f 193/193 194/194 289/289
f 194/194 195/195 291/291
f 194/194 291/291 290/290
f 195/195 196/196 292/292
f 195/195 292/292 291/291
f 196/196 197/197 293/293
f 196/196 293/293 292/292
f 197/197 198/198 294/294
f 197/197 294/294 293/293
f 198/198 199/199 295/295
f 198/198 295/295 294/294
f 199/199 200/200 296/296
f 199/199 296/296 295/295
f 200/200 201/201 297/297
f 200/200 297/297 296/296
f 201/201 202/202 298/298
f 201/201 298/298 297/297
f 202/202 203/203 299/299
f 202/202 299/299 298/298
f 203/203 204/204 300/300
f 203/203 300/300 299/299
f 204/204 205/205 301/301
f 204/204 301/301 300/300
f 205/205 206/206 302/302
f 205/205 302/302 301/301
f 206/206 207/207 303/303
f 206/206 303/303 302/302
f 207/207 208/208 304/304
f 207/207 304/304 303/303
f 208/208 209/209 305/305
f 208/208 305/305 304/304
f 209/209 210/210 306/306
f 209/209 306/306 305/305
f 210/210 211/211 307/307
f 210/210 307/307 306/306
f 211/211 212/212 308/308
f 211/211 308/308 307/307
f 212/212 213/213 309/309
f 212/212 309/309 308/308
f 213/213 214/214 310/310
f 213/213 310/310 309/309
f 214/214 215/215 311/311
f 214/214 311/311 310/310
f 215/215 216/216 312/312
f 215/215 312/312 311/311
f 216/216 217/217 313/313
f 216/216 313/313 312/312
f 217/217 218/218 314/314
f 217/217 314/314 313/313
f 218/218 219/219 315/315
f 218/218 315/315 314/314
f 219/219 220/220 316/316
f 219/219 316/316 315/315
f 220/220 221/221 317/317
f 220/220 317/317 316/316
f 221/221 222/222 318/318
f 221/221 318/318 317/317
f 222/222 223/223 319/319
f 222/222 319/319 318/318
f 223/223 224/224 320/320
f 223/223 320/320 319/319
f 224/224 225/225 321/321
f 224/224 321/321 320/320
f 225/225 226/226 322/322
f 225/225 322/322 321/321
f 226/226 227/227 323/323
f 226/226 323/323 322/322
f 227/227 228/228 324/324
f 227/227 324/324 323/323
f 228/228 229/229 325/325
f 228/228 325/325 324/324
f 229/229 230/230 326/326
f 229/229 326/326 325/325
f 230/230 231/231 327/327
f 230/230 327/327 326/326
f 231/231 232/232 328/328
f 231/231 328/328 327/327
f 232/232 233/233 329/329
f 232/232 329/329 328/328
f 233/233 234/234 330/330
f 233/233 330/330 329/329
f 234/234 235/235 331/331
f 234/234 331/331 330/330
f 235/235 236/236 332/332
f 235/235 332/332 331/331
f 236/236 237/237 333/333
f 236/236 333/333 332/332
f 237/237 238/238 334/334
f 237/237 334/334 333/333
f 238/238 239/239 335/335
f 238/238 335/335 334/334
f 239/239 240/240 336/336
f 239/239 336/336 335/335
f 240/240 241/241 337/337
f 240/240 337/337 336/336
f 241/241 242/242 338/338
f 241/241 338/338 337/337
f 242/242 243/243 339/339
f 242/242 339/339 338/338
f 243/243 244/244 340/340
f 243/243 340/340 339/339
f 244/244 245/245 341/341
f 244/244 341/341 340/340
f 245/245 246/246 342/342
f 245/245 342/342 341/341
f 246/246 247/247 343/343
f 246/246 343/343 342/342
f 247/247 248/248 344/344
f 247/247 344/344 343/343
f 248/248 249/249 345/345
f 248/248 345/345 344/344
f 249/249 250/250 346/346
f 249/249 346/346 345/345
f 250/250 251/251 347/347
f 250/250 347/347 346/346
f 251/251 252/252 348/348
f 251/251 348/348 347/347
f 252/252 253/253 349/349
f 252/252 349/349 348/348
f 253/253 254/254 350/350
f 253/253 350/350 349/349
f 254/254 255/255 351/351
f 254/254 351/351 350/350
f 255/255 256/256 352/352
f 255/255 352/352 351/351
f 256/256 257/257 353/353
f 256/256 353/353 352/352
f 257/257 258/258 354/354
f 257/257 354/354 353/353
f 258/258 259/259 355/355
f 258/258 355/355 354/354
f 259/259 260/260 356/356
f 259/259 356/356 355/355
f 260/260 261/261 357/357
f 260/260 357/357 356/356
f 261/261 262/262 358/358
f 261/261 358/358 357/357
f 262/262 263/263 359/359
f 262/262 359/359 358/358
f 263/263 264/264 360/360
f 263/263 360/360 359/359
f 264/264 265/265 361/361
f 264/264 361/361 360/360
f 265/265 266/266 362/362
f 265/265 362/362 361/361
f 266/266 267/267 363/363
f 266/266 363/363 362/362
f 267/267 268/268 364/364
f 267/267 364/364 363/363
f 268/268 269/269 365/365
f 268/268 365/365 364/364
f 269/269 270/270 366/366
f 269/269 366/366 365/365
f 270/270 271/271 367/367
f 270/270 367/367 366/366
f 271/271 272/272 368/368
f 271/271 368/368 367/367
f 272/272 273/273 369/369
f 272/272 369/369 368/368
f 273/273 274/274 370/370
f 273/273 370/370 369/369
f 274/274 275/275 371/371
f 274/274 371/371 370/370
f 275/275 276/276 372/372
f 275/275 372/372 371/371
f 276/276 277/277 373/373
f 276/276 373/373 372/372
f 277/277 278/278 374/374
f 277/277 374/374 373/373
f 278/278 279/279 375/375
f 278/278 375/375 374/374
f 279/279 280/280 376/376
f 279/279 376/376 375/375
f 280/280 281/281 377/377
f 280/280 377/377 376/376
f 281/281 282/282 378/378
f 281/281 378/378 377/377
f 282/282 283/283 379/379
f 282/282 379/379 378/378
f 283/283 284/284 380/380
f 283/283 380/380 379/379
f 284/284 285/285 381/381
f 284/284 381/381 380/380
f 285/285 286/286 382/382
f 285/285 382/382 381/381
f 286/286 287/287 383/383
f 286/286 383/383 382/382
f 287/287 288/288 384/384
f 287/287 384/384 383/383
f 288/288 289/289 385/385
f 288/288 385/385 384/384
f 289/289 194/194 290/290
f 289/289 290/290 385/385
f 290/290 291/291 387/387
f 290/290 387/387 386/386
f 291/291 292/292 388/388
f 291/291 388/388 387/387
f 292/292 293/293 389/389
f 292/292 389/389 388/388
f 293/293 294/294 390/390
f 293/293 390/390 389/389
f 294/294 295/295 391/391
f 294/294 391/391 390/390
f 295/295 296/296 392/392
f 295/295 392/392 391/391
f 296/296 297/297 393/393
f 296/296 393/393 392/392
f 297/297 298/298 394/394
f 297/297 394/394 393/393
f 298/298 299/299 395/395
f 298/298 395/395 394/394
f 299/299 300/300 396/396
f 299/299 396/396 395/395
f 300/300 301/301 397/397
f 300/300 397/397 396/396
f 301/301 302/302 398/398
f 301/301 398/398 397/397
f 302/302 303/303 399/399
f 302/302 399/399 398/398
f 303/303 304/304 400/400
f 303/303 400/400 399/399
f 304/304 305/305 401/401
f 304/304 401/401 400/400
f 305/305 306/306 402/402
f 305/305 402/402 401/401
f 306/306 307/307 403/403
f 306/306 403/403 402/402
f 307/307 308/308 404/404
f 307/307 404/404 403/403
f 308/308 309/309 405/405
f 308/308 405/405 404/404
f 309/309 310/310 406/406
f 309/309 406/406 405/405
f 310/310 311/311 407/407
f 310/310 407/407 406/406
f 311/311 312/312 408/408
f 311/311 408/408 407/407
f 312/312 313/313 409/409
f 312/312 409/409 408/408
f 313/313 314/314 410/410
f 313/313 410/410 409/409
f 314/314 315/315 411/411
f 314/314 411/411 410/410
f 315/315 316/316 412/412
f 315/315 412/412 411/411
f 316/316 317/317 413/413
f 316/316 413/413 412/412
f 317/317 318/318 414/414
f 317/317 414/414 413/413
f 318/318 319/319 415/415
f 318/318 415/415 414/414
f 319/319 320/320 416/416
f 319/319 416/416 415/415
f 320/320 321/321 417/417
f 320/320 417/417 416/416
f 321/321 322/322 418/418
f 321/321 418/418 417/417
f 322/322 323/323 419/419
f 322/322 419/419 418/418
f 323/323 324/324 420/420
f 323/323 420/420 419/419
f 324/324 325/325 421/421
f 324/324 421/421 420/420
f 325/325 326/326 422/422
f 325/325 422/422 421/421
f 326/326 327/327 423/423
f 326/326 423/423 422/422
f 327/327 328/328 424/424
f 327/327 424/424 423/423
f 328/328 329/329 425/425
f 328/328 425/425 424/424
f 329/329 330/330 426/426
f 329/329 426/426 425/425
f 330/330 331/331 427/427
f 330/330 427/427 426/426
f 331/331 332/332 428/428
f 331/331 428/428 427/427
f 332/332 333/333 429/429
f 332/332 429/429 428/428
f 333/333 334/334 430/430
f 333/333 430/430 429/429
f 334/334 335/335 431/431
f 334/334 431/431 430/430
f 335/335 336/336 432/432
f 335/335 432/432 431/431
f 336/336 337/337 433/433
f 336/336 433/433 432/432
f 337/337 338/338 434/434
f 337/337 434/434 433/433
f 338/338 339/339 435/435
f 338/338 435/435 434/434
f 339/339 340/340 436/436
f 339/339 436/436 435/435
f 340/340 341/341 437/437
f 340/340 437/437 436/436
f 341/341 342/342 438/438
f 341/341 438/438 437/437
f 342/342 343/343 439/439
f 342/342 439/439 438/438
f 343/343 344/344 440/440
f 343/343 440/440 439/439
f 344/344 345/345 441/441
f 344/344 441/441 440/440
f 345/345 346/346 442/442
f 345/345 442/442 441/441
f 346/346 347/347 443/443
f 346/346 443/443 442/442
f 347/347 348/348 444/444
f 347/347 444/444 443/443
f 348/348 349/349 445/445
f 348/348 445/445 444/444
f 349/349 350/350 446/446
f 349/349 446/446 445/445
f 350/350 351/351 447/447
f 350/350 447/447 446/446
f 351/351 352/352 448/448
f 351/351 448/448 447/447
f 352/352 353/353 449/449
f 352/352 449/449 448/448
f 353/353 354/354 450/450
f 353/353 450/450 449/449
f 354/354 355/355 451/451
f 354/354 451/451 450/450
f 355/355 356/356 452/452
f 355/355 452/452 451/451
f 356/356 357/357 453/453
f 356/356 453/453 452/452
f 357/357 358/358 454/454
f 357/357 454/454 453/453
f 358/358 359/359 455/455
f 358/358 455/455 454/454
f 359/359 360/360 456/456
f 359/359 456/456 455/455
f 360/360 361/361 457/457
f 360/360 457/457 456/456
f 361/361 362/362 458/458
f 361/361 458/458 457/457
f 362/362 363/363 459/459
f 362/362 459/459 458/458
f 363/363 364/364 460/460
f 363/363 460/460 459/459
f 364/364 365/365 461/461
f 364/364 461/461 460/460
f 365/365 366/366 462/462
f 365/365 462/462 461/461
f 366/366 367/367 463/463
f 366/366 463/463 462/462
f 367/367 368/368 464/464
f 367/367 464/464 463/463
f 368/368 369/369 465/465
f 368/368 465/465 464/464
f 369/369 370/370 466/466
f 369/369 466/466 465/465
f 370/370 371/371 467/467
f 370/370 467/467 466/466
f 371/371 372/372 468/468
f 371/371 468/468 467/467
f 372/372 373/373 469/469
f 372/372 469/469 468/468
f 373/373 374/374 470/470
f 373/373 470/470 469/469
f 374/374 375/375 471/471
f 374/374 471/471 470/470
f 375/375 376/376 472/472
f 375/375 472/472 471/471
f 376/376 377/377 473/473
f 376/376 473/473 472/472
f 377/377 378/378 474/474
f 377/377 474/474 473/473
f 378/378 379/379 475/475
f 378/378 475/475 474/474
f 379/379 380/380 476/476
f 379/379 476/476 475/475
f 380/380 381/381 477/477
f 380/380 477/477 476/476
f 381/381 382/382 478/478
f 381/381 478/478 477/477
f 382/382 383/383 479/479
f 382/382 479/479 478/478
f 383/383 384/384 480/480
f 383/383 480/480 479/479
f 384/384 385/385 481/481
f 384/384 481/481 480/480
f 385/385 290/290 386/386
f 385/385 386/386 481/481
f 386/386 387/387 483/483
f 386/386 483/483 482/482
f 387/387 388/388 484/484
f 387/387 484/484 483/483
f 388/388 389/389 485/485
f 388/388 485/485 484/484
f 389/389 390/390 486/486
f 389/389 486/486 485/485
f 390/390 391/391 487/487
f 390/390 487/487 486/486
f 391/391 392/392 488/488
f 391/391 488/488 487/487
f 392/392 393/393 489/489
f 392/392 489/489 488/488
f 393/393 394/394 490/490
f 393/393 490/490 489/489
f 394/394 395/395 491/491
f 394/394 491/491 490/490
f 395/395 396/396 492/492
f 395/395 492/492 491/491
f 396/396 397/397 493/493
f 396/396 493/493 492/492
f 397/397 398/398 494/494
f 397/397 494/494 493/493
f 398/398 399/399 495/495
f 398/398 495/495 494/494
f 399/399 400/400 496/496
f 399/399 496/496 495/495
f 400/400 401/401 497/497
f 400/400 497/497 496/496
f 401/401 402/402 498/498
f 401/401 498/498 497/497
f 402/402 403/403 499/499
f 402/402 499/499 498/498
f 403/403 404/404 500/500
f 403/403 500/500 499/499
f 404/404 405/405 501/501
f 404/404 501/501 500/500
f 405/405 406/406 502/502
f 405/405 502/502 501/501
f 406/406 407/407 503/503
f 406/406 503/503 502/502
f 407/407 408/408 504/504
f 407/407 504/504 503/503
f 408/408 409/409 505/505
f 408/408 505/505 504/504
f 409/409 410/410 506/506
f 409/409 506/506 505/505
f 410/410 411/411 507/507
f 410/410 507/507 506/506
f 411/411 412/412 508/508
f 411/411 508/508 507/507
f 412/412 413/413 509/509
f 412/412 509/509 508/508
f 413/413 414/414 510/510
f 413/413 510/510 509/509
f 414/414 415/415 511/511
f 414/414 511/511 510/510
f 415/415 416/416 512/512
f 415/415 512/512 511/511
f 416/416 417/417 513/513
f 416/416 513/513 512/512
f 417/417 418/418 514/514
f 417/417 514/514 513/513
f 418/418 419/419 515/515
f 418/418 515/515 514/514
f 419/419 420/420 516/516
f 419/419 516/516 515/515
f 420/420 421/421 517/517
f 420/420 517/517 516/516
f 421/421 422/422 518/518
f 421/421 518/518 517/517
f 422/422 423/423 519/519
f 422/422 519/519 518/518
f 423/423 424/424 520/520
f 423/423 520/520 519/519
f 424/424 425/425 521/521
f 424/424 521/521 520/520
f 425/425 426/426 522/522
f 425/425 522/522 521/521
f 426/426 427/427 523/523
f 426/426 523/523 522/522
f 427/427 428/428 524/524
f 427/427 524/524 523/523
f 428/428 429/429 525/525
f 428/428 525/525 524/524
f 429/429 430/430 526/526
f 429/429 526/526 525/525
f 430/430 431/431 527/527
f 430/430 527/527 526/526
f 431/431 432/432 528/528
f 431/431 528/528 527/527
f 432/432 433/433 529/529
f 432/432 529/529 528/528
f 433/433 434/434 530/530
f 433/433 530/530 529/529
f 434/434 435/435 531/531
f 434/434 531/531 530/530
f 435/435 436/436 532/532
f 435/435 532/532 531/531
f 436/436 437/437 533/533
f 436/436 533/533 532/532
f 437/437 438/438 534/534
f 437/437 534/534 533/533
f 438/438 439/439 535/535
f 438/438 535/535 534/534
f 439/439 440/440 536/536
f 439/439 536/536 535/535
f 440/440 441/441 537/537
f 440/440 537/537 536/536
f 441/441 442/442 538/538
f 441/441 538/538 537/537
f 442/442 443/443 539/539
f 442/442 539/539 538/538
f 443/443 444/444 540/540
f 443/443 540/540 539/539
f 444/444 445/445 541/541
f 444/444 541/541 540/540
f 445/445 446/446 542/542
f 445/445 542/542 541/541
f 446/446 447/447 543/543
f 446/446 543/543 542/542
f 447/447 448/448 544/544
f 447/447 544/544 543/543
f 448/448 449/449 545/545
f 448/448 545/545 544/544
f 449/449 450/450 546/546
f 449/449 546/546 545/545
f 450/450 451/451 547/547
f 450/450 547/547 546/546
f 451/451 452/452 548/548
f 451/451 548/548 547/547
f 452/452 453/453 549/549
f 452/452 549/549 548/548
f 453/453 454/454 550/550
f 453/453 550/550 549/549
f 454/454 455/455 551/551
f 454/454 551/551 550/550
f 455/455 456/456 552/552
f 455/455 552/552 551/551
f 456/456 457/457 553/553
f 456/456 553/553 552/552
f 457/457 458/458 554/554
f 457/457 554/554 553/553
f 458/458 459/459 555/555
f 458/458 555/555 554/554
f 459/459 460/460 556/556
f 459/459 556/556 555/555
f 460/460 461/461 557/557
f 460/460 557/557 556/556
f 461/461 462/462 558/558
f 461/461 558/558 557/557
f 462/462 463/463 559/559
f 462/462 559/559 558/558
f 463/463 464/464 560/560
f 463/463 560/560 559/559
f 464/464 465/465 561/561
f 464/464 561/561 560/560
f 465/465 466/466 562/562
f 465/465 562/562 561/561
f 466/466 467/467 563/563
f 466/466 563/563 562/562
f 467/467 468/468 564/564
f 467/467 564/564 563/563
f 468/468 469/469 565/565
f 468/468 565/565 564/564
f 469/469 470/470 566/566
f 469/469 566/566 565/565
f 470/470 471/471 567/567
f 470/470 567/567 566/566
f 471/471 472/472 568/568
f 471/471 568/568 567/567
f 472/472 473/473 569/569
f 472/472 569/569 568/568
f 473/473 474/474 570/570
f 473/473 570/570 569/569
f 474/474 475/475 571/571
f 474/474 571/571 570/570
f 475/475 476/476 572/572
f 475/475 572/572 571/571
f 476/476 477/477 573/573
f 476/476 573/573 572/572
f 477/477 478/478 574/574
f 477/477 574/574 573/573
f 478/478 479/479 575/575
f 478/478 575/575 574/574
f 479/479 480/480 576/576
f 479/479 576/576 575/575
f 480/480 481/481 577/577
f 480/480 577/577 576/576
f 481/481 386/386 482/482
f 481/481 482/482 577/577
f 482/482 483/483 579/579
f 482/482 579/579 578/578
f 483/483 484/484 580/580
f 483/483 580/580 579/579
f 484/484 485/485 581/581
f 484/484 581/581 580/580
f 485/485 486/486 582/582
f 485/485 582/582 581/581
f 486/486 487/487 583/583
f 486/486 583/583 582/582
f 487/487 488/488 584/584
f 487/487 584/584 583/583
f 488/488 489/489 585/585
f 488/488 585/585 584/584
f 489/489 490/490 586/586
f 489/489 586/586 585/585
f 490/490 491/491 587/587
f 490/490 587/587 586/586
f 491/491 492/492 588/588
f 491/491 588/588 587/587
f 492/492 493/493 589/589
f 492/492 589/589 588/588
f 493/493 494/494 590/590
f 493/493 590/590 589/589
f 494/494 495/495 591/591
f 494/494 591/591 590/590
f 495/495 496/496 592/592
f 495/495 592/592 591/591
f 496/496 497/497 593/593
f 496/496 593/593 592/592
f 497/497 498/498 594/594
f 497/497 594/594 593/593
f 498/498 499/499 595/595
f 498/498 595/595 594/594
f 499/499 500/500 596/596
f 499/499 596/596 595/595
f 500/500 501/501 597/597
f 500/500 597/597 596/596
f 501/501 502/502 598/598
f 501/501 598/598 597/597
f 502/502 503/503 599/599
f 502/502 599/599 598/598
f 503/503 504/504 600/600
f 503/503 600/600 599/599
f 504/504 505/505 601/601
f 504/504 601/601 600/600
f 505/505 506/506 602/602
f 505/505 602/602 601/601
f 506/506 507/507 603/603
f 506/506 603/603 602/602
f 507/507 508/508 604/604
f 507/507 604/604 603/603
f 508/508 509/509 605/605
f 508/508 605/605 604/604
f 509/509 510/510 606/606
f 509/509 606/606 605/605
f 510/510 511/511 607/607
f 510/510 607/607 606/606
f 511/511 512/512 608/608
f 511/511 608/608 607/607
f 512/512 513/513 609/609
f 512/512 609/609 608/608
f 513/513 514/514 610/610
f 513/513 610/610 609/609
f 514/514 515/515 611/611
f 514/514 611/611 610/610
f 515/515 516/516 612/612
f 515/515 612/612 611/611
f 516/516 517/517 613/613
f 516/516 613/613 612/612
f 517/517 518/518 614/614
f 517/517 614/614 613/613
f 518/518 519/519 615/615
f 518/518 615/615 614/614
f 519/519 520/520 616/616
f 519/519 616/616 615/615
f 520/520 521/521 617/617
f 520/520 617/617 616/616
f 521/521 522/522 618/618
f 521/521 618/618 617/617
f 522/522 523/523 619/619
f 522/522 619/619 618/618
f 523/523 524/524 620/620
f 523/523 620/620 619/619
f 524/524 525/525 621/621
f 524/524 621/621 620/620
f 525/525 526/526 622/622
f 525/525 622/622 621/621
f 526/526 527/527 623/623
f 526/526 623/623 622/622
f 527/527 528/528 624/624
f 527/527 624/624 623/623
f 528/528 529/529 625/625
f 528/528 625/625 624/624
f 529/529 530/530 626/626
f 529/529 626/626 625/625
f 530/530 531/531 627/627
f 530/530 627/627 626/626
f 531/531 532/532 628/628
f 531/531 628/628 627/627
f 532/532 533/533 629/629
f 532/532 629/629 628/628
f 533/533 534/534 630/630
f 533/533 630/630 629/629
f 534/534 535/535 631/631
f 534/534 631/631 630/630
f 535/535 536/536 632/632
f 535/535 632/632 631/631
f 536/536 537/537 633/633
f 536/536 633/633 632/632
f 537/537 538/538 634/634
f 537/537 634/634 633/633
f 538/538 539/539 635/635
f 538/538 635/635 634/634
f 539/539 540/540 636/636
f 539/539 636/636 635/635
f 540/540 541/541 637/637
f 540/540 637/637 636/636
f 541/541 542/542 638/638
f 541/541 638/638 637/637
f 542/542 543/543 639/639
f 542/542 639/639 638/638
f 543/543 544/544 640/640
f 543/543 640/640 639/639
f 544/544 545/545 641/641
f 544/544 641/641 640/640
f 545/545 546/546 642/642
f 545/545 642/642 641/641
f 546/546 547/547 643/643
f 546/546 643/643 642/642
f 547/547 548/548 644/644
f 547/547 644/644 643/643
f 548/548 549/549 645/645
f 548/548 645/645 644/644
f 549/549 550/550 646/646
f 549/549 646/646 645/645
f 550/550 551/551 647/647
f 550/550 647/647 646/646
f 551/551 552/552 648/648
f 551/551 648/648 647/647
f 552/552 553/553 649/649
f 552/552 649/649 648/648
f 553/553 554/554 650/650
f 553/553 650/650 649/649
f 554/554 555/555 651/651
f 554/554 651/651 650/650
f 555/555 556/556 652/652
f 555/555 652/652 651/651
f 556/556 557/557 653/653
f 556/556 653/653 652/652
f 557/557 558/558 654/654
f 557/557 654/654 653/653
f 558/558 559/559 655/655
f 558/558 655/655 654/654
f 559/559 560/560 656/656
f 559/559 656/656 655/655
f 560/560 561/561 657/657
f 560/560 657/657 656/656
f 561/561 562/562 658/658
f 561/561 658/658 657/657
f 562/562 563/563 659/659
f 562/562 659/659 658/658
f 563/563 564/564 660/660
f 563/563 660/660 659/659
f 564/564 565/565 661/661
f 564/564 661/661 660/660
f 565/565 566/566 662/662
f 565/565 662/662 661/661
f 566/566 567/567 663/663
f 566/566 663/663 662/662
f 567/567 568/568 664/664
f 567/567 664/664 663/663
f 568/568 569/569 665/665
f 568/568 665/665 664/664
f 569/569 570/570 666/666
f 569/569 666/666 665/665
f 570/570 571/571 667/667
f 570/570 667/667 666/666
f 571/571 572/572 668/668
f 571/571 668/668 667/667
f 572/572 573/573 669/669
f 572/572 669/669 668/668
f 573/573 574/574 670/670
f 573/573 670/670 669/669
f 574/574 575/575 671/671
f 574/574 671/671 670/670
f 575/575 576/576 672/672
f 575/575 672/672 671/671
f 576/576 577/577 673/673
f 576/576 673/673 672/672
f 577/577 482/482 578/578
f 577/577 578/578 673/673
f 578/578 579/579 675/675
f 578/578 675/675 674/674
f 579/579 580/580 676/676
f 579/579 676/676 675/675
f 580/580 581/581 677/677
f 580/580 677/677 676/676
f 581/581 582/582 678/678
f 581/581 678/678 677/677
f 582/582 583/583 679/679
f 582/582 679/679 678/678
f 583/583 584/584 680/680
f 583/583 680/680 679/679
f 584/584 585/585 681/681
f 584/584 681/681 680/680
f 585/585 586/586 682/682
f 585/585 682/682 681/681
f 586/586 587/587 683/683
f 586/586 683/683 682/682
f 587/587 588/588 684/684
f 587/587 684/684 683/683
f 588/588 589/589 685/685
f 588/588 685/685 684/684
f 589/589 590/590 686/686
f 589/589 686/686 685/685
f 590/590 591/591 687/687
f 590/590 687/687 686/686
f 591/591 592/592 688/688
f 591/591 688/688 687/687
f 592/592 593/593 689/689
f 592/592 689/689 688/688
f 593/593 594/594 690/690
f 593/593 690/690 689/689
f 594/594 595/595 691/691
f 594/594 691/691 690/690
f 595/595 596/596 692/692
f 595/595 692/692 691/691
f 596/596 597/597 693/693
f 596/596 693/693 692/692
f 597/597 598/598 694/694
f 597/597 694/694 693/693
f 598/598 599/599 695/695
f 598/598 695/695 694/694
f 599/599 600/600 696/696
f 599/599 696/696 695/695
f 600/600 601/601 697/697
f 600/600 697/697 696/696
f 601/601 602/602 698/698
f 601/601 698/698 697/697
f 602/602 603/603 699/699
f 602/602 699/699 698/698
f 603/603 604/604 700/700
f 603/603 700/700 699/699
f 604/604 605/605 701/701
f 604/604 701/701 700/700
f 605/605 606/606 702/702
f 605/605 702/702 701/701
f 606/606 607/607 703/703
f 606/606 703/703 702/702
f 607/607 608/608 704/704
f 607/607 704/704 703/703
f 608/608 609/609 705/705
f 608/608 705/705 704/704
f 609/609 610/610 706/706
f 609/609 706/706 705/705
f 610/610 611/611 707/707
f 610/610 707/707 706/706
f 611/611 612/612 708/708
f 611/611 708/708 707/707
f 612/612 613/613 709/709
f 612/612 709/709 708/708
f 613/613 614/614 710/710
f 613/613 710/710 709/709
f 614/614 615/615 711/711
f 614/614 711/711 710/710
f 615/615 616/616 712/712
f 615/615 712/712 711/711
f 616/616 617/617 713/713
f 616/616 713/713 712/712
f 617/617 618/618 714/714
f 617/617 714/714 713/713
f 618/618 619/619 715/715
f 618/618 715/715 714/714
f 619/619 620/620 716/716
f 619/619 716/716 715/715
f 620/620 621/621 717/717
f 620/620 717/717 716/716
f 621/621 622/622 718/718
f 621/621 718/718 717/717
f 622/622 623/623 719/719
f 622/622 719/719 718/718
f 623/623 624/624 720/720
f 623/623 720/720 719/719
f 624/624 625/625 721/721
f 624/624 721/721 720/720
f 625/625 626/626 722/722
f 625/625 722/722 721/721
f 626/626 627/627 723/723
f 626/626 723/723 722/722
f 627/627 628/628 724/724
f 627/627 724/724 723/723
f 628/628 629/629 725/725
f 628/628 725/725 724/724
f 629/629 630/630 726/726
f 629/629 726/726 725/725
f 630/630 631/631 727/727
f 630/630 727/727 726/726
f 631/631 632/632 728/728
f 631/631 728/728 727/727
f 632/632 633/633 729/729
f 632/632 729/729 728/728
f 633/633 634/634 730/730
f 633/633 730/730 729/729
f 634/634 635/635 731/731
f 634/634 731/731 730/730
f 635/635 636/636 732/732
f 635/635 732/732 731/731
f 636/636 637/637 733/733
f 636/636 733/733 732/732
f 637/637 638/638 734/734
f 637/637 734/734 733/733
f 638/638 639/639 735/735
f 638/638 735/735 734/734
f 639/639 640/640 736/736
f 639/639 736/736 735/735
f 640/640 641/641 737/737
f 640/640 737/737 736/736
f 641/641 642/642 738/738
f 641/641 738/738 737/737
f 642/642 643/643 739/739
f 642/642 739/739 738/738
f 643/643 644/644 740/740
f 643/643 740/740 739/739
f 644/644 645/645 741/741
f 644/644 741/741 740/740
f 645/645 646/646 742/742
f 645/645 742/742 741/741
f 646/646 647/647 743/743
f 646/646 743/743 742/742
f 647/647 648/648 744/744
f 647/647 744/744 743/743
f 648/648 649/649 745/745
f 648/648 745/745 744/744
f 649/649 650/650 746/746
f 649/649 746/746 745/745
f 650/650 651/651 747/747
f 650/650 747/747 746/746
f 651/651 652/652 748/748
f 651/651 748/748 747/747
f 652/652 653/653 749/749
f 652/652 749/749 748/748
f 653/653 654/654 750/750
f 653/653 750/750 749/749
f 654/654 655/655 751/751
f 654/654 751/751 750/750
f 655/655 656/656 752/752
f 655/655 752/752 751/751
f 656/656 657/657 753/753
f 656/656 753/753 752/752
f 657/657 658/658 754/754
f 657/657 754/754 753/753
f 658/658 659/659 755/755
f 658/658 755/755 754/754
f 659/659 660/660 756/756
f 659/659 756/756 755/755
f 660/660 661/661 757/757
f 660/660 757/757 756/756
f 661/661 662/662 758/758
f 661/661 758/758 757/757
f 662/662 663/663 759/759
f 662/662 759/759 758/758
f 663/663 664/664 760/760
f 663/663 760/760 759/759
f 664/664 665/665 761/761
f 664/664 761/761 760/760
f 665/665 666/666 762/762
f 665/665 762/762 761/761
f 666/666 667/667 763/763
f 666/666 763/763 762/762
f 667/667 668/668 764/764
f 667/667 764/764 763/763
f 668/668 669/669 765/765
f 668/668 765/765 764/764
f 669/669 670/670 766/766
f 669/669 766/766 765/765
f 670/670 671/671 767/767
f 670/670 767/767 766/766
f 671/671 672/672 768/768
f 671/671 768/768 767/767
f 672/672 673/673 769/769
f 672/672 769/769 768/768
f 673/673 578/578 674/674
f 673/673 674/674 769/769
f 674/674 675/675 771/771
f 674/674 771/771 770/770
f 675/675 676/676 772/772
f 675/675 772/772 771/771
f 676/676 677/677 773/773
f 676/676 773/773 772/772
f 677/677 678/678 774/774
f 677/677 774/774 773/773
f 678/678 679/679 775/775
f 678/678 775/775 774/774
f 679/679 680/680 776/776
f 679/679 776/776 775/775
f 680/680 681/681 777/777
f 680/680 777/777 776/776
f 681/681 682/682 778/778
f 681/681 778/778 777/777
f 682/682 683/683 779/779
f 682/682 779/779 778/778
f 683/683 684/684 780/780
f 683/683 780/780 779/779
f 684/684 685/685 781/781
f 684/684 781/781 780/780
f 685/685 686/686 782/782
f 685/685 782/782 781/781
f 686/686 687/687 783/783
f 686/686 783/783 782/782
f 687/687 688/688 784/784
f 687/687 784/784 783/783
f 688/688 689/689 785/785
f 688/688 785/785 784/784
f 689/689 690/690 786/786
f 689/689 786/786 785/785
f 690/690 691/691 787/787
f 690/690 787/787 786/786
f 691/691 692/692 788/788
f 691/691 788/788 787/787
f 692/692 693/693 789/789
f 692/692 789/789 788/788
f 693/693 694/694 790/790
f 693/693 790/790 789/789
f 694/694 695/695 791/791
f 694/694 791/791 790/790
f 695/695 696/696 792/792
f 695/695 792/792 791/791
f 696/696 697/697 793/793
f 696/696 793/793 792/792
f 697/697 698/698 794/794
f 697/697 794/794 793/793
f 698/698 699/699 795/795
f 698/698 795/795 794/794
f 699/699 700/700 796/796
f 699/699 796/796 795/795
f 700/700 701/701 797/797
f 700/700 797/797 796/796
f 701/701 702/702 798/798
f 701/701 798/798 797/797
f 702/702 703/703 799/799
f 702/702 799/799 798/798
f 703/703 704/704 800/800
f 703/703 800/800 799/799
f 704/704 705/705 801/801
f 704/704 801/801 800/800
f 705/705 706/706 802/802
f 705/705 802/802 801/801
f 706/706 707/707 803/803
f 706/706 803/803 802/802
f 707/707 708/708 804/804
f 707/707 804/804 803/803
f 708/708 709/709 805/805
f 708/708 805/805 804/804
f 709/709 710/710 806/806
f 709/709 806/806 805/805
f 710/710 711/711 807/807
f 710/710 807/807 806/806
f 711/711 712/712 808/808
f 711/711 808/808 807/807
f 712/712 713/713 809/809
f 712/712 809/809 808/808
f 713/713 714/714 810/810
f 713/713 810/810 809/809
f 714/714 715/715 811/811
f 714/714 811/811 810/810
f 715/715 716/716 812/812
f 715/715 812/812 811/811
f 716/716 717/717 813/813
f 716/716 813/813 812/812
f 717/717 718/718 814/814
f 717/717 814/814 813/813
f 718/718 719/719 815/815
f 718/718 815/815 814/814
f 719/719 720/720 816/816
f 719/719 816/816 815/815
f 720/720 721/721 817/817
f 720/720 817/817 816/816
f 721/721 722/722 818/818
f 721/721 818/818 817/817
f 722/722 723/723 819/819
f 722/722 819/819 818/818
f 723/723 724/724 820/820
f 723/723 820/820 819/819
f 724/724 725/725 821/821
f 724/724 821/821 820/820
f 725/725 726/726 822/822
f 725/725 822/822 821/821
f 726/726 727/727 823/823
f 726/726 823/823 822/822
f 727/727 728/728 824/824
f 727/727 824/824 823/823
f 728/728 729/729 825/825
f 728/728 825/825 824/824
f 729/729 730/730 826/826
f 729/729 826/826 825/825
f 730/730 731/731 827/827
f 730/730 827/827 826/826
f 731/731 732/732 828/828
f 731/731 828/828 827/827
f 732/732 733/733 829/829
f 732/732 829/829 828/828
f 733/733 734/734 830/830
f 733/733 830/830 829/829
f 734/734 735/735 831/831
f 734/734 831/831 830/830
f 735/735 736/736 832/832
f 735/735 832/832 831/831
f 736/736 737/737 833/833
f 736/736 833/833 832/832
f 737/737 738/738 834/834
f 737/737 834/834 833/833
f 738/738 739/739 835/835
f 738/738 835/835 834/834
f 739/739 740/740 836/836
f 739/739 836/836 835/835
f 740/740 741/741 837/837
f 740/740 837/837 836/836
f 741/741 742/742 838/838
f 741/741 838/838 837/837
f 742/742 743/743 839/839
f 742/742 839/839 838/838
f 743/743 744/744 840/840
f 743/743 840/840 839/839
f 744/744 745/745 841/841
f 744/744 841/841 840/840
f 745/745 746/746 842/842
f 745/745 842/842 841/841
f 746/746 747/747 843/843
f 746/746 843/843 842/842
f 747/747 748/748 844/844
f 747/747 844/844 843/843
f 748/748 749/749 845/845
f 748/748 845/845 844/844
f 749/749 750/750 846/846
f 749/749 846/846 845/845
f 750/750 751/751 847/847
f 750/750 847/847 846/846
f 751/751 752/752 848/848
f 751/751 848/848 847/847
f 752/752 753/753 849/849
f 752/752 849/849 848/848
f 753/753 754/754 850/850
f 753/753 850/850 849/849
f 754/754 755/755 851/851
f 754/754 851/851 850/850
f 755/755 756/756 852/852
f 755/755 852/852 851/851
f 756/756 757/757 853/853
f 756/756 853/853 852/852
f 757/757 758/758 854/854
f 757/757 854/854 853/853
f 758/758 759/759 855/855
f 758/758 855/855 854/854
f 759/759 760/760 856/856
f 759/759 856/856 855/855
f 760/760 761/761 857/857
f 760/760 857/857 856/856
f 761/761 762/762 858/858
f 761/761 858/858 857/857
f 762/762 763/763 859/859
f 762/762 859/859 858/858
f 763/763 764/764 860/860
f 763/763 860/860 859/859
f 764/764 765/765 861/861
f 764/764 861/861 860/860
f 765/765 766/766 862/862
f 765/765 862/862 861/861
f 766/766 767/767 863/863
f 766/766 863/863 862/862
f 767/767 768/768 864/864
f 767/767 864/864 863/863
f 768/768 769/769 865/865
f 768/768 865/865 864/864
f 769/769 674/674 770/770
f 769/769 770/770 865/865
f 770/770 771/771 867/867
f 770/770 867/867 866/866
f 771/771 772/772 868/868
f 771/771 868/868 867/867
f 772/772 773/773 869/869
f 772/772 869/869 868/868
f 773/773 774/774 870/870
f 773/773 870/870 869/869
f 774/774 775/775 871/871
f 774/774 871/871 870/870
f 775/775 776/776 872/872
f 775/775 872/872 871/871
f 776/776 777/777 873/873
f 776/776 873/873 872/872
f 777/777 778/778 874/874
f 777/777 874/874 873/873
f 778/778 779/779 875/875
f 778/778 875/875 874/874
f 779/779 780/780 876/876
f 779/779 876/876 875/875
f 780/780 781/781 877/877
f 780/780 877/877 876/876
f 781/781 782/782 878/878
f 781/781 878/878 877/877
f 782/782 783/783 879/879
f 782/782 879/879 878/878
f 783/783 784/784 880/880
f 783/783 880/880 879/879
f 784/784 785/785 881/881
f 784/784 881/881 880/880
f 785/785 786/786 882/882
f 785/785 882/882 881/881
f 786/786 787/787 883/883
f 786/786 883/883 882/882
f 787/787 788/788 884/884
f 787/787 884/884 883/883
f 788/788 789/789 885/885
f 788/788 885/885 884/884
f 789/789 790/790 886/886
f 789/789 886/886 885/885
f 790/790 791/791 887/887
f 790/790 887/887 886/886
f 791/791 792/792 888/888
f 791/791 888/888 887/887
f 792/792 793/793 889/889
f 792/792 889/889 888/888
f 793/793 794/794 890/890
f 793/793 890/890 889/889
f 794/794 795/795 891/891
f 794/794 891/891 890/890
f 795/795 796/796 892/892
f 795/795 892/892 891/891
f 796/796 797/797 893/893
f 796/796 893/893 892/892
f 797/797 798/798 894/894
f 797/797 894/894 893/893
f 798/798 799/799 895/895
f 798/798 895/895 894/894
f 799/799 800/800 896/896
f 799/799 896/896 895/895
f 800/800 801/801 897/897
f 800/800 897/897 896/896
f 801/801 802/802 898/898
f 801/801 898/898 897/897
f 802/802 803/803 899/899
f 802/802 899/899 898/898
f 803/803 804/804 900/900
f 803/803 900/900 899/899
f 804/804 805/805 901/901
f 804/804 901/901 900/900
f 805/805 806/806 902/902
f 805/805 902/902 901/901
f 806/806 807/807 903/903
f 806/806 903/903 902/902
f 807/807 808/808 904/904
f 807/807 904/904 903/903
f 808/808 809/809 905/905
f 808/808 905/905 904/904
f 809/809 810/810 906/906
f 809/809 906/906 905/905
f 810/810 811/811 907/907
f 810/810 907/907 906/906
f 811/811 812/812 908/908
f 811/811 908/908 907/907
f 812/812 813/813 909/909
f 812/812 909/909 908/908
f 813/813 814/814 910/910
f 813/813 910/910 909/909
f 814/814 815/815 911/911
f 814/814 911/911 910/910
f 815/815 816/816 912/912
f 815/815 912/912 911/911
f 816/816 817/817 913/913
f 816/816 913/913 912/912
f 817/817 818/818 914/914
f 817/817 914/914 913/913
f 818/818 819/819 915/915
f 818/818 915/915 914/914
f 819/819 820/820 916/916
f 819/819 916/916 915/915
f 820/820 821/821 917/917
f 820/820 917/917 916/916
f 821/821 822/822 918/918
f 821/821 918/918 917/917
f 822/822 823/823 919/919
f 822/822 919/919 918/918
f 823/823 824/824 920/920
f 823/823 920/920 919/919
f 824/824 825/825 921/921
f 824/824 921/921 920/920
f 825/825 826/826 922/922
f 825/825 922/922 921/921
f 826/826 827/827 923/923
f 826/826 923/923 922/922
f 827/827 828/828 924/924
f 827/827 924/924 923/923
f 828/828 829/829 925/925
f 828/828 925/925 924/924
f 829/829 830/830 926/926
f 829/829 926/926 925/925
f 830/830 831/831 927/927
f 830/830 927/927 926/926
f 831/831 832/832 928/928
f 831/831 928/928 927/927
f 832/832 833/833 929/929
f 832/832 929/929 928/928
f 833/833 834/834 930/930
f 833/833 930/930 929/929
f 834/834 835/835 931/931
f 834/834 931/931 930/930
f 835/835 836/836 932/932
f 835/835 932/932 931/931
f 836/836 837/837 933/933
f 836/836 933/933 932/932
f 837/837 838/838 934/934
f 837/837 934/934 933/933
f 838/838 839/839 935/935
f 838/838 935/935 934/934
f 839/839 840/840 936/936
f 839/839 936/936 935/935
f 840/840 841/841 937/937
f 840/840 937/937 936/936
f 841/841 842/842 938/938
f 841/841 938/938 937/937
f 842/842 843/843 939/939
f 842/842 939/939 938/938
f 843/843 844/844 940/940
f 843/843 940/940 939/939
f 844/844 845/845 941/941
f 844/844 941/941 940/940
f 845/845 846/846 942/942
f 845/845 942/942 941/941
f 846/846 847/847 943/943
f 846/846 943/943 942/942
f 847/847 848/848 944/944
f 847/847 944/944 943/943
f 848/848 849/849 945/945
f 848/848 945/945 944/944
f 849/849 850/850 946/946
f 849/849 946/946 945/945
f 850/850 851/851 947/947
f 850/850 947/947 946/946
f 851/851 852/852 948/948
f 851/851 948/948 947/947
f 852/852 853/853 949/949
f 852/852 949/949 948/948
f 853/853 854/854 950/950
f 853/853 950/950 949/949
f 854/854 855/855 951/951
f 854/854 951/951 950/950
f 855/855 856/856 952/952
f 855/855 952/952 951/951
f 856/856 857/857 953/953
f 856/856 953/953 952/952
f 857/857 858/858 954/954
f 857/857 954/954 953/953
f 858/858 859/859 955/955
f 858/858 955/955 954/954
f 859/859 860/860 956/956
f 859/859 956/956 955/955
f 860/860 861/861 957/957
f 860/860 957/957 956/956
f 861/861 862/862 958/958
f 861/861 958/958 957/957
f 862/862 863/863 959/959
f 862/862 959/959 958/958
f 863/863 864/864 960/960
f 863/863 960/960 959/959
f 864/864 865/865 961/961
f 864/864 961/961 960/960
f 865/865 770/770 866/866
f 865/865 866/866 961/961
f 866/866 867/867 963/963
f 866/866 963/963 962/962
f 867/867 868/868 964/964
f 867/867 964/964 963/963
f 868/868 869/869 965/965
f 868/868 965/965 964/964
f 869/869 870/870 966/966
f 869/869 966/966 965/965
f 870/870 871/871 967/967
f 870/870 967/967 966/966
f 871/871 872/872 968/968
f 871/871 968/968 967/967
f 872/872 873/873 969/969
f 872/872 969/969 968/968
f 873/873 874/874 970/970
f 873/873 970/970 969/969
f 874/874 875/875 971/971
f 874/874 971/971 970/970
f 875/875 876/876 972/972
f 875/875 972/972 971/971
f 876/876 877/877 973/973
f 876/876 973/973 972/972
f 877/877 878/878 974/974
f 877/877 974/974 973/973
f 878/878 879/879 975/975
f 878/878 975/975 974/974
f 879/879 880/880 976/976
f 879/879 976/976 975/975
f 880/880 881/881 977/977
f 880/880 977/977 976/976
f 881/881 882/882 978/978
f 881/881 978/978 977/977
f 882/882 883/883 979/979
f 882/882 979/979 978/978
f 883/883 884/884 980/980
f 883/883 980/980 979/979
f 884/884 885/885 981/981
f 884/884 981/981 980/980
f 885/885 886/886 982/982
f 885/885 982/982 981/981
f 886/886 887/887 983/983
f 886/886 983/983 982/982
f 887/887 888/888 984/984
f 887/887 984/984 983/983
f 888/888 889/889 985/985
f 888/888 985/985 984/984
f 889/889 890/890 986/986
f 889/889 986/986 985/985
f 890/890 891/891 987/987
f 890/890 987/987 986/986
f 891/891 892/892 988/988
f 891/891 988/988 987/987
f 892/892 893/893 989/989
f 892/892 989/989 988/988
f 893/893 894/894 990/990
f 893/893 990/990 989/989
f 894/894 895/895 991/991
f 894/894 991/991 990/990
f 895/895 896/896 992/992
f 895/895 992/992 991/991
f 896/896 897/897 993/993
f 896/896 993/993 992/992
f 897/897 898/898 994/994
f 897/897 994/994 993/993
f 898/898 899/899 995/995
f 898/898 995/995 994/994
f 899/899 900/900 996/996
f 899/899 996/996 995/995
f 900/900 901/901 997/997
f 900/900 997/997 996/996
f 901/901 902/902 998/998
f 901/901 998/998 997/997
f 902/902 903/903 999/999
f 902/902 999/999 998/998
f 903/903 904/904 1000/1000
f 903/903 1000/1000 999/999
f 904/904 905/905 1001/1001
f 904/904 1001/1001 1000/1000
f 905/905 906/906 1002/1002
f 905/905 1002/1002 1001/1001
f 906/906 907/907 1003/1003
f 906/906 1003/1003 1002/1002
f 907/907 908/908 1004/1004
f 907/907 1004/1004 1003/1003
f 908/908 909/909 1005/1005
f 908/908 1005/1005 1004/1004
f 909/909 910/910 1006/1006
f 909/909 1006/1006 1005/1005
f 910/910 911/911 1007/1007
f 910/910 1007/1007 1006/1006
f 911/911 912/912 1008/1008
f 911/911 1008/1008 1007/1007
f 912/912 913/913 1009/1009
f 912/912 1009/1009 1008/1008
f 913/913 914/914 1010/1010
f 913/913 1010/1010 1009/1009
f 914/914 915/915 1011/1011
f 914/914 1011/1011 1010/1010
f 915/915 916/916 1012/1012
f 915/915 1012/1012 1011/1011
f 916/916 917/917 1013/1013
f 916/916 1013/1013 1012/1012
f 917/917 918/918 1014/1014
f 917/917 1014/1014 1013/1013
f 918/918 919/919 1015/1015
f 918/918 1015/1015 1014/1014
f 919/919 920/920 1016/1016
f 919/919 1016/1016 1015/1015
f 920/920 921/921 1017/1017
f 920/920 1017/1017 1016/1016
f 921/921 922/922 1018/1018
f 921/921 1018/1018 1017/1017
f 922/922 923/923 1019/1019
f 922/922 1019/1019 1018/1018
f 923/923 924/924 1020/1020
f 923/923 1020/1020 1019/1019
f 924/924 925/925 1021/1021
f 924/924 1021/1021 1020/1020
f 925/925 926/926 1022/1022
f 925/925 1022/1022 1021/1021
f 926/926 927/927 1023/1023
f 926/926 1023/1023 1022/1022
f 927/927 928/928 1024/1024
f 927/927 1024/1024 1023/1023
f 928/928 929/929 1025/1025
f 928/928 1025/1025 1024/1024
f 929/929 930/930 1026/1026
f 929/929 1026/1026 1025/1025
f 930/930 931/931 1027/1027
f 930/930 1027/1027 1026/1026
f 931/931 932/932 1028/1028
f 931/931 1028/1028 1027/1027
f 932/932 933/933 1029/1029
f 932/932 1029/1029 1028/1028
f 933/933 934/934 1030/1030
f 933/933 1030/1030 1029/1029
f 934/934 935/935 1031/1031
f 934/934 1031/1031 1030/1030
f 935/935 936/936 1032/1032
f 935/935 1032/1032 1031/1031
f 936/936 937/937 1033/1033
f 936/936 1033/1033 1032/1032
f 937/937 938/938 1034/1034
f 937/937 1034/1034 1033/1033
f 938/938 939/939 1035/1035
f 938/938 1035/1035 1034/1034
f 939/939 940/940 1036/1036
f 939/939 1036/1036 1035/1035
f 940/940 941/941 1037/1037
f 940/940 1037/1037 1036/1036
f 941/941 942/942 1038/1038
f 941/941 1038/1038 1037/1037
f 942/942 943/943 1039/1039
f 942/942 1039/1039 1038/1038
f 943/943 944/944 1040/1040
f 943/943 1040/1040 1039/1039
f 944/944 945/945 1041/1041
f 944/944 1041/1041 1040/1040
f 945/945 946/946 1042/1042
f 945/945 1042/1042 1041/1041
f 946/946 947/947 1043/1043
f 946/946 1043/1043 1042/1042
f 947/947 948/948 1044/1044
f 947/947 1044/1044 1043/1043
f 948/948 949/949 1045/1045
f 948/948 1045/1045 1044/1044
f 949/949 950/950 1046/1046
f 949/949 1046/1046 1045/1045
f 950/950 951/951 1047/1047
f 950/950 1047/1047 1046/1046
f 951/951 952/952 1048/1048
f 951/951 1048/1048 1047/1047
f 952/952 953/953 1049/1049
f 952/952 1049/1049 1048/1048
f 953/953 954/954 1050/1050
f 953/953 1050/1050 1049/1049
f 954/954 955/955 1051/1051
f 954/954 1051/1051 1050/1050
f 955/955 956/956 1052/1052
f 955/955 1052/1052 1051/1051
f 956/956 957/957 1053/1053
f 956/956 1053/1053 1052/1052
f 957/957 958/958 1054/1054
f 957/957 1054/1054 1053/1053
f 958/958 959/959 1055/1055
f 958/958 1055/1055 1054/1054
f 959/959 960/960 1056/1056
f 959/959 1056/1056 1055/1055
f 960/960 961/961 1057/1057
f 960/960 1057/1057 1056/1056
f 961/961 866/866 962/962
f 961/961 962/962 1057/1057
f 962/962 963/963 1059/1059
f 962/962 1059/1059 1058/1058
f 963/963 964/964 1060/1060
f 963/963 1060/1060 1059/1059
f 964/964 965/965 1061/1061
f 964/964 1061/1061 1060/1060
f 965/965 966/966 1062/1062
f 965/965 1062/1062 1061/1061
f 966/966 967/967 1063/1063
f 966/966 1063/1063 1062/1062
f 967/967 968/968 1064/1064
f 967/967 1064/1064 1063/1063
f 968/968 969/969 1065/1065
f 968/968 1065/1065 1064/1064
f 969/969 970/970 1066/1066
f 969/969 1066/1066 1065/1065
f 970/970 971/971 1067/1067
f 970/970 1067/1067 1066/1066
f 971/971 972/972 1068/1068
f 971/971 1068/1068 1067/1067
f 972/972 973/973 1069/1069
f 972/972 1069/1069 1068/1068
f 973/973 974/974 1070/1070
f 973/973 1070/1070 1069/1069
f 974/974 975/975 1071/1071
f 974/974 1071/1071 1070/1070
f 975/975 976/976 1072/1072
f 975/975 1072/1072 1071/1071
f 976/976 977/977 1073/1073
f 976/976 1073/1073 1072/1072
f 977/977 978/978 1074/1074
f 977/977 1074/1074 1073/1073
f 978/978 979/979 1075/1075
f 978/978 1075/1075 1074/1074
f 979/979 980/980 1076/1076
f 979/979 1076/1076 1075/1075
f 980/980 981/981 1077/1077
f 980/980 1077/1077 1076/1076
f 981/981 982/982 1078/1078
f 981/981 1078/1078 1077/1077
f 982/982 983/983 1079/1079
f 982/982 1079/1079 1078/1078
f 983/983 984/984 1080/1080
f 983/983 1080/1080 1079/1079
f 984/984 985/985 1081/1081
f 984/984 1081/1081 1080/1080
f 985/985 986/986 1082/1082
f 985/985 1082/1082 1081/1081
f 986/986 987/987 1083/1083
f 986/986 1083/1083 1082/1082
f 987/987 988/988 1084/1084
f 987/987 1084/1084 1083/1083
f 988/988 989/989 1085/1085
f 988/988 1085/1085 1084/1084
f 989/989 990/990 1086/1086
f 989/989 1086/1086 1085/1085
f 990/990 991/991 1087/1087
f 990/990 1087/1087 1086/1086
f 991/991 992/992 1088/1088
f 991/991 1088/1088 1087/1087
f 992/992 993/993 1089/1089
f 992/992 1089/1089 1088/1088
f 993/993 994/994 1090/1090
f 993/993 1090/1090 1089/1089
f 994/994 995/995 1091/1091
f 994/994 1091/1091 1090/1090
f 995/995 996/996 1092/1092
f 995/995 1092/1092 1091/1091
f 996/996 997/997 1093/1093
f 996/996 1093/1093 1092/1092
f 997/997 998/998 1094/1094
f 997/997 1094/1094 1093/1093
f 998/998 999/999 1095/1095
f 998/998 1095/1095 1094/1094
f 999/999 1000/1000 1096/1096
f 999/999 1096/1096 1095/1095
f 1000/1000 1001/1001 1097/1097
f 1000/1000 1097/1097 1096/1096
f 1001/1001 1002/1002 1098/1098
f 1001/1001 1098/1098 1097/1097
f 1002/1002 1003/1003 1099/1099
f 1002/1002 1099/1099 1098/1098
f 1003/1003 1004/1004 1100/1100
f 1003/1003 1100/1100 1099/1099
f 1004/1004 1005/1005 1101/1101
f 1004/1004 1101/1101 1100/1100
f 1005/1005 1006/1006 1102/1102
f 1005/1005 1102/1102 1101/1101
f 1006/1006 1007/1007 1103/1103
f 1006/1006 1103/1103 1102/1102
f 1007/1007 1008/1008 1104/1104
f 1007/1007 1104/1104 1103/1103
f 1008/1008 1009/1009 1105/1105
f 1008/1008 1105/1105 1104/1104
f 1009/1009 1010/1010 1106/1106
f 1009/1009 1106/1106 1105/1105
f 1010/1010 1011/1011 1107/1107
f 1010/1010 1107/1107 1106/1106
f 1011/1011 1012/1012 1108/1108
f 1011/1011 1108/1108 1107/1107
f 1012/1012 1013/1013 1109/1109
f 1012/1012 1109/1109 1108/1108
f 1013/1013 1014/1014 1110/1110
f 1013/1013 1110/1110 1109/1109
f 1014/1014 1015/1015 1111/1111
f 1014/1014 1111/1111 1110/1110
f 1015/1015 1016/1016 1112/1112
f 1015/1015 1112/1112 1111/1111
f 1016/1016 1017/1017 1113/1113
f 1016/1016 1113/1113 1112/1112
f 1017/1017 1018/1018 1114/1114
f 1017/1017 1114/1114 1113/1113
f 1018/1018 1019/1019 1115/1115
f 1018/1018 1115/1115 1114/1114
f 1019/1019 1020/1020 1116/1116
f 1019/1019 1116/1116 1115/1115
f 1020/1020 1021/1021 1117/1117
f 1020/1020 1117/1117 1116/1116
f 1021/1021 1022/1022 1118/1118
f 1021/1021 1118/1118 1117/1117
f 1022/1022 1023/1023 1119/1119
f 1022/1022 1119/1119 1118/1118
f 1023/1023 1024/1024 1120/1120
f 1023/1023 1120/1120 1119/1119
f 1024/1024 1025/1025 1121/1121
f 1024/1024 1121/1121 1120/1120
f 1025/1025 1026/1026 1122/1122
f 1025/1025 1122/1122 1121/1121
f 1026/1026 1027/1027 1123/1123
f 1026/1026 1123/1123 1122/1122
f 1027/1027 1028/1028 1124/1124
f 1027/1027 1124/1124 1123/1123
f 1028/1028 1029/1029 1125/1125
f 1028/1028 1125/1125 1124/1124
f 1029/1029 1030/1030 1126/1126
f 1029/1029 1126/1126 1125/1125
f 1030/1030 1031/1031 1127/1127
f 1030/1030 1127/1127 1126/1126
f 1031/1031 1032/1032 1128/1128
f 1031/1031 1128/1128 1127/1127
f 1032/1032 1033/1033 1129/1129
f 1032/1032 1129/1129 1128/1128
f 1033/1033 1034/1034 1130/1130
f 1033/1033 1130/1130 1129/1129
f 1034/1034 1035/1035 1131/1131
f 1034/1034 1131/1131 1130/1130
f 1035/1035 1036/1036 1132/1132
f 1035/1035 1132/1132 1131/1131
f 1036/1036 1037/1037 1133/1133
f 1036/1036 1133/1133 1132/1132
f 1037/1037 1038/1038 1134/1134
f 1037/1037 1134/1134 1133/1133
f 1038/1038 1039/1039 1135/1135
f 1038/1038 1135/1135 1134/1134
f 1039/1039 1040/1040 1136/1136
f 1039/1039 1136/1136 1135/1135
f 1040/1040 1041/1041 1137/1137
f 1040/1040 1137/1137 1136/1136
f 1041/1041 1042/1042 1138/1138
f 1041/1041 1138/1138 1137/1137
f 1042/1042 1043/1043 1139/1139
f 1042/1042 1139/1139 1138/1138
f 1043/1043 1044/1044 1140/1140
f 1043/1043 1140/1140 1139/1139
f 1044/1044 1045/1045 1141/1141
f 1044/1044 1141/1141 1140/1140
f 1045/1045 1046/1046 1142/1142
f 1045/1045 1142/1142 1141/1141
f 1046/1046 1047/1047 1143/1143
f 1046/1046 1143/1143 1142/1142
f 1047/1047 1048/1048 1144/1144
f 1047/1047 1144/1144 1143/1143
f 1048/1048 1049/1049 1145/1145
f 1048/1048 1145/1145 1144/1144
f 1049/1049 1050/1050 1146/1146
f 1049/1049 1146/1146 1145/1145
f 1050/1050 1051/1051 1147/1147
f 1050/1050 1147/1147 1146/1146
f 1051/1051 1052/1052 1148/1148
f 1051/1051 1148/1148 1147/1147
f 1052/1052 1053/1053 1149/1149
f 1052/1052 1149/1149 1148/1148
f 1053/1053 1054/1054 1150/1150
f 1053/1053 1150/1150 1149/1149
f 1054/1054 1055/1055 1151/1151
f 1054/1054 1151/1151 1150/1150
f 1055/1055 1056/1056 1152/1152
f 1055/1055 1152/1152 1151/1151
f 1056/1056 1057/1057 1153/1153
f 1056/1056 1153/1153 1152/1152
f 1057/1057 962/962 1058/1058
f 1057/1057 1058/1058 1153/1153
f 1058/1058 1059/1059 1155/1155
f 1058/1058 1155/1155 1154/1154
f 1059/1059 1060/1060 1156/1156
f 1059/1059 1156/1156 1155/1155
f 1060/1060 1061/1061 1157/1157
f 1060/1060 1157/1157 1156/1156
f 1061/1061 1062/1062 1158/1158
f 1061/1061 1158/1158 1157/1157
f 1062/1062 1063/1063 1159/1159
f 1062/1062 1159/1159 1158/1158
f 1063/1063 1064/1064 1160/1160
f 1063/1063 1160/1160 1159/1159
f 1064/1064 1065/1065 1161/1161
f 1064/1064 1161/1161 1160/1160
f 1065/1065 1066/1066 1162/1162
f 1065/1065 1162/1162 1161/1161
f 1066/1066 1067/1067 1163/1163
f 1066/1066 1163/1163 1162/1162
f 1067/1067 1068/1068 1164/1164
f 1067/1067 1164/1164 1163/1163
f 1068/1068 1069/1069 1165/1165
f 1068/1068 1165/1165 1164/1164
f 1069/1069 1070/1070 1166/1166
f 1069/1069 1166/1166 1165/1165
f 1070/1070 1071/1071 1167/1167
f 1070/1070 1167/1167 1166/1166
f 1071/1071 1072/1072 1168/1168
f 1071/1071 1168/1168 1167/1167
f 1072/1072 1073/1073 1169/1169
f 1072/1072 1169/1169 1168/1168
f 1073/1073 1074/1074 1170/1170
f 1073/1073 1170/1170 1169/1169
f 1074/1074 1075/1075 1171/1171
f 1074/1074 1171/1171 1170/1170
f 1075/1075 1076/1076 1172/1172
f 1075/1075 1172/1172 1171/1171
f 1076/1076 1077/1077 1173/1173
f 1076/1076 1173/1173 1172/1172
f 1077/1077 1078/1078 1174/1174
f 1077/1077 1174/1174 1173/1173
f 1078/1078 1079/1079 1175/1175
f 1078/1078 1175/1175 1174/1174
f 1079/1079 1080/1080 1176/1176
f 1079/1079 1176/1176 1175/1175
f 1080/1080 1081/1081 1177/1177
f 1080/1080 1177/1177 1176/1176
f 1081/1081 1082/1082 1178/1178
f 1081/1081 1178/1178 1177/1177
f 1082/1082 1083/1083 1179/1179
f 1082/1082 1179/1179 1178/1178
f 1083/1083 1084/1084 1180/1180
f 1083/1083 1180/1180 1179/1179
f 1084/1084 1085/1085 1181/1181
f 1084/1084 1181/1181 1180/1180
f 1085/1085 1086/1086 1182/1182
f 1085/1085 1182/1182 1181/1181
f 1086/1086 1087/1087 1183/1183
f 1086/1086 1183/1183 1182/1182
f 1087/1087 1088/1088 1184/1184
f 1087/1087 1184/1184 1183/1183
f 1088/1088 1089/1089 1185/1185
f 1088/1088 1185/1185 1184/1184
f 1089/1089 1090/1090 1186/1186
f 1089/1089 1186/1186 1185/1185
f 1090/1090 1091/1091 1187/1187
f 1090/1090 1187/1187 1186/1186
f 1091/1091 1092/1092 1188/1188
f 1091/1091 1188/1188 1187/1187
f 1092/1092 1093/1093 1189/1189
f 1092/1092 1189/1189 1188/1188
f 1093/1093 1094/1094 1190/1190
f 1093/1093 1190/1190 1189/1189
f 1094/1094 1095/1095 1191/1191
f 1094/1094 1191/1191 1190/1190
f 1095/1095 1096/1096 1192/1192
f 1095/1095 1192/1192 1191/1191
f 1096/1096 1097/1097 1193/1193
f 1096/1096 1193/1193 1192/1192
f 1097/1097 1098/1098 1194/1194
f 1097/1097 1194/1194 1193/1193
f 1098/1098 1099/1099 1195/1195
f 1098/1098 1195/1195 1194/1194
f 1099/1099 1100/1100 1196/1196
f 1099/1099 1196/1196 1195/1195
f 1100/1100 1101/1101 1197/1197
f 1100/1100 1197/1197 1196/1196
f 1101/1101 1102/1102 1198/1198
f 1101/1101 1198/1198 1197/1197
f 1102/1102 1103/1103 1199/1199
f 1102/1102 1199/1199 1198/1198
f 1103/1103 1104/1104 1200/1200
f 1103/1103 1200/1200 1199/1199
f 1104/1104 1105/1105 1201/1201
f 1104/1104 1201/1201 1200/1200
f 1105/1105 1106/1106 1202/1202
f 1105/1105 1202/1202 1201/1201
f 1106/1106 1107/1107 1203/1203
f 1106/1106 1203/1203 1202/1202
f 1107/1107 1108/1108 1204/1204
f 1107/1107 1204/1204 1203/1203
f 1108/1108 1109/1109 1205/1205
f 1108/1108 1205/1205 1204/1204
f 1109/1109 1110/1110 1206/1206
f 1109/1109 1206/1206 1205/1205
f 1110/1110 1111/1111 1207/1207
f 1110/1110 1207/1207 1206/1206
f 1111/1111 1112/1112 1208/1208
f 1111/1111 1208/1208 1207/1207
f 1112/1112 1113/1113 1209/1209
f 1112/1112 1209/1209 1208/1208
f 1113/1113 1114/1114 1210/1210
f 1113/1113 1210/1210 1209/1209
f 1114/1114 1115/1115 1211/1211
f 1114/1114 1211/1211 1210/1210
f 1115/1115 1116/1116 1212/1212
f 1115/1115 1212/1212 1211/1211
f 1116/1116 1117/1117 1213/1213
f 1116/1116 1213/1213 1212/1212
f 1117/1117 1118/1118 1214/1214
f 1117/1117 1214/1214 1213/1213
f 1118/1118 1119/1119 1215/1215
f 1118/1118 1215/1215 1214/1214
f 1119/1119 1120/1120 1216/1216
f 1119/1119 1216/1216 1215/1215
f 1120/1120 1121/1121 1217/1217
f 1120/1120 1217/1217 1216/1216
f 1121/1121 1122/1122 1218/1218
f 1121/1121 1218/1218 1217/1217
f 1122/1122 1123/1123 1219/1219
f 1122/1122 1219/1219 1218/1218
f 1123/1123 1124/1124 1220/1220
f 1123/1123 1220/1220 1219/1219
f 1124/1124 1125/1125 1221/1221
f 1124/1124 1221/1221 1220/1220
f 1125/1125 1126/1126 1222/1222
f 1125/1125 1222/1222 1221/1221
f 1126/1126 1127/1127 1223/1223
f 1126/1126 1223/1223 1222/1222
f 1127/1127 1128/1128 1224/1224
f 1127/1127 1224/1224 1223/1223
f 1128/1128 1129/1129 1225/1225
f 1128/1128 1225/1225 1224/1224
f 1129/1129 1130/1130 1226/1226
f 1129/1129 1226/1226 1225/1225
f 1130/1130 1131/1131 1227/1227
f 1130/1130 1227/1227 1226/1226
f 1131/1131 1132/1132 1228/1228
f 1131/1131 1228/1228 1227/1227
f 1132/1132 1133/1133 1229/1229
f 1132/1132 1229/1229 1228/1228
f 1133/1133 1134/1134 1230/1230
f 1133/1133 1230/1230 1229/1229
f 1134/1134 1135/1135 1231/1231
f 1134/1134 1231/1231 1230/1230
f 1135/1135 1136/1136 1232/1232
f 1135/1135 1232/1232 1231/1231
f 1136/1136 1137/1137 1233/1233
f 1136/1136 1233/1233 1232/1232
f 1137/1137 1138/1138 1234/1234
f 1137/1137 1234/1234 1233/1233
f 1138/1138 1139/1139 1235/1235
f 1138/1138 1235/1235 1234/1234
f 1139/1139 1140/1140 1236/1236
f 1139/1139 1236/1236 1235/1235
f 1140/1140 1141/1141 1237/1237
f 1140/1140 1237/1237 1236/1236
f 1141/1141 1142/1142 1238/1238
f 1141/1141 1238/1238 1237/1237
f 1142/1142 1143/1143 1239/1239
f 1142/1142 1239/1239 1238/1238
f 1143/1143 1144/1144 1240/1240
f 1143/1143 1240/1240 1239/1239
f 1144/1144 1145/1145 1241/1241
f 1144/1144 1241/1241 1240/1240
f 1145/1145 1146/1146 1242/1242
f 1145/1145 1242/1242 1241/1241
f 1146/1146 1147/1147 1243/1243
f 1146/1146 1243/1243 1242/1242
f 1147/1147 1148/1148 1244/1244
f 1147/1147 1244/1244 1243/1243
f 1148/1148 1149/1149 1245/1245
f 1148/1148 1245/1245 1244/1244
f 1149/1149 1150/1150 1246/1246
f 1149/1149 1246/1246 1245/1245
f 1150/1150 1151/1151 1247/1247
f 1150/1150 1247/1247 1246/1246
f 1151/1151 1152/1152 1248/1248
f 1151/1151 1248/1248 1247/1247
f 1152/1152 1153/1153 1249/1249
f 1152/1152 1249/1249 1248/1248
f 1153/1153 1058/1058 1154/1154
f 1153/1153 1154/1154 1249/1249
f 1154/1154 1155/1155 1251/1251
f 1154/1154 1251/1251 1250/1250
f 1155/1155 1156/1156 1252/1252
f 1155/1155 1252/1252 1251/1251
f 1156/1156 1157/1157 1253/1253
f 1156/1156 1253/1253 1252/1252
f 1157/1157 1158/1158 1254/1254
f 1157/1157 1254/1254 1253/1253
f 1158/1158 1159/1159 1255/1255
f 1158/1158 1255/1255 1254/1254
f 1159/1159 1160/1160 1256/1256
f 1159/1159 1256/1256 1255/1255
f 1160/1160 1161/1161 1257/1257
f 1160/1160 1257/1257 1256/1256
f 1161/1161 1162/1162 1258/1258
f 1161/1161 1258/1258 1257/1257
f 1162/1162 1163/1163 1259/1259
f 1162/1162 1259/1259 1258/1258
f 1163/1163 1164/1164 1260/1260
f 1163/1163 1260/1260 1259/1259
f 1164/1164 1165/1165 1261/1261
f 1164/1164 1261/1261 1260/1260
f 1165/1165 1166/1166 1262/1262
f 1165/1165 1262/1262 1261/1261
f 1166/1166 1167/1167 1263/1263
f 1166/1166 1263/1263 1262/1262
f 1167/1167 1168/1168 1264/1264
f 1167/1167 1264/1264 1263/1263
f 1168/1168 1169/1169 1265/1265
f 1168/1168 1265/1265 1264/1264
f 1169/1169 1170/1170 1266/1266
f 1169/1169 1266/1266 1265/1265
f 1170/1170 1171/1171 1267/1267
f 1170/1170 1267/1267 1266/1266
f 1171/1171 1172/1172 1268/1268
f 1171/1171 1268/1268 1267/1267
f 1172/1172 1173/1173 1269/1269
f 1172/1172 1269/1269 1268/1268
f 1173/1173 1174/1174 1270/1270
f 1173/1173 1270/1270 1269/1269
f 1174/1174 1175/1175 1271/1271
f 1174/1174 1271/1271 1270/1270
f 1175/1175 1176/1176 1272/1272
f 1175/1175 1272/1272 1271/1271
f 1176/1176 1177/1177 1273/1273
f 1176/1176 1273/1273 1272/1272
f 1177/1177 1178/1178 1274/1274
f 1177/1177 1274/1274 1273/1273
f 1178/1178 1179/1179 1275/1275
f 1178/1178 1275/1275 1274/1274
f 1179/1179 1180/1180 1276/1276
f 1179/1179 1276/1276 1275/1275
f 1180/1180 1181/1181 1277/1277
f 1180/1180 1277/1277 1276/1276
f 1181/1181 1182/1182 1278/1278
f 1181/1181 1278/1278 1277/1277
f 1182/1182 1183/1183 1279/1279
f 1182/1182 1279/1279 1278/1278
f 1183/1183 1184/1184 1280/1280
f 1183/1183 1280/1280 1279/1279
f 1184/1184 1185/1185 1281/1281
f 1184/1184 1281/1281 1280/1280
f 1185/1185 1186/1186 1282/1282
f 1185/1185 1282/1282 1281/1281
f 1186/1186 1187/1187 1283/1283
f 1186/1186 1283/1283 1282/1282
f 1187/1187 1188/1188 1284/1284
f 1187/1187 1284/1284 1283/1283
f 1188/1188 1189/1189 1285/1285
f 1188/1188 1285/1285 1284/1284
f 1189/1189 1190/1190 1286/1286
f 1189/1189 1286/1286 1285/1285
f 1190/1190 1191/1191 1287/1287
f 1190/1190 1287/1287 1286/1286
f 1191/1191 1192/1192 1288/1288
f 1191/1191 1288/1288 1287/1287
f 1192/1192 1193/1193 1289/1289
f 1192/1192 1289/1289 1288/1288
f 1193/1193 1194/1194 1290/1290
f 1193/1193 1290/1290 1289/1289
f 1194/1194 1195/1195 1291/1291
f 1194/1194 1291/1291 1290/1290
f 1195/1195 1196/1196 1292/1292
f 1195/1195 1292/1292 1291/1291
f 1196/1196 1197/1197 1293/1293
f 1196/1196 1293/1293 1292/1292
f 1197/1197 1198/1198 1294/1294
f 1197/1197 1294/1294 1293/1293
f 1198/1198 1199/1199 1295/1295
f 1198/1198 1295/1295 1294/1294
f 1199/1199 1200/1200 1296/1296
f 1199/1199 1296/1296 1295/1295
f 1200/1200 1201/1201 1297/1297
f 1200/1200 1297/1297 1296/1296
f 1201/1201 1202/1202 1298/1298
f 1201/1201 1298/1298 1297/1297
f 1202/1202 1203/1203 1299/1299
f 1202/1202 1299/1299 1298/1298
f 1203/1203 1204/1204 1300/1300
f 1203/1203 1300/1300 1299/1299
f 1204/1204 1205/1205 1301/1301
f 1204/1204 1301/1301 1300/1300
f 1205/1205 1206/1206 1302/1302
f 1205/1205 1302/1302 1301/1301
f 1206/1206 1207/1207 1303/1303
f 1206/1206 1303/1303 1302/1302
f 1207/1207 1208/1208 1304/1304
f 1207/1207 1304/1304 1303/1303
f 1208/1208 1209/1209 1305/1305
f 1208/1208 1305/1305 1304/1304
f 1209/1209 1210/1210 1306/1306
f 1209/1209 1306/1306 1305/1305
f 1210/1210 1211/1211 1307/1307
f 1210/1210 1307/1307 1306/1306
f 1211/1211 1212/1212 1308/1308
f 1211/1211 1308/1308 1307/1307
f 1212/1212 1213/1213 1309/1309
f 1212/1212 1309/1309 1308/1308
f 1213/1213 1214/1214 1310/1310
f 1213/1213 1310/1310 1309/1309
f 1214/1214 1215/1215 1311/1311
f 1214/1214 1311/1311 1310/1310
f 1215/1215 1216/1216 1312/1312
f 1215/1215 1312/1312 1311/1311
f 1216/1216 1217/1217 1313/1313
f 1216/1216 1313/1313 1312/1312
f 1217/1217 1218/1218 1314/1314
f 1217/1217 1314/1314 1313/1313
f 1218/1218 1219/1219 1315/1315
f 1218/1218 1315/1315 1314/1314
f 1219/1219 1220/1220 1316/1316
f 1219/1219 1316/1316 1315/1315
f 1220/1220 1221/1221 1317/1317
f 1220/1220 1317/1317 1316/1316
f 1221/1221 1222/1222 1318/1318
f 1221/1221 1318/1318 1317/1317
f 1222/1222 1223/1223 1319/1319
f 1222/1222 1319/1319 1318/1318
f 1223/1223 1224/1224 1320/1320
f 1223/1223 1320/1320 1319/1319
f 1224/1224 1225/1225 1321/1321
f 1224/1224 1321/1321 1320/1320
f 1225/1225 1226/1226 1322/1322
f 1225/1225 1322/1322 1321/1321
f 1226/1226 1227/1227 1323/1323
f 1226/1226 1323/1323 1322/1322
f 1227/1227 1228/1228 1324/1324
f 1227/1227 1324/1324 1323/1323
f 1228/1228 1229/1229 1325/1325
f 1228/1228 1325/1325 1324/1324
f 1229/1229 1230/1230 1326/1326
f 1229/1229 1326/1326 1325/1325
f 1230/1230 1231/1231 1327/1327
f 1230/1230 1327/1327 1326/1326
f 1231/1231 1232/1232 1328/1328
f 1231/1231 1328/1328 1327/1327
f 1232/1232 1233/1233 1329/1329
f 1232/1232 1329/1329 1328/1328
f 1233/1233 1234/1234 1330/1330
f 1233/1233 1330/1330 1329/1329
f 1234/1234 1235/1235 1331/1331
f 1234/1234 1331/1331 1330/1330
f 1235/1235 1236/1236 1332/1332
f 1235/1235 1332/1332 1331/1331
f 1236/1236 1237/1237 1333/1333
f 1236/1236 1333/1333 1332/1332
f 1237/1237 1238/1238 1334/1334
f 1237/1237 1334/1334 1333/1333
f 1238/1238 1239/1239 1335/1335
f 1238/1238 1335/1335 1334/1334
f 1239/1239 1240/1240 1336/1336
f 1239/1239 1336/1336 1335/1335
f 1240/1240 1241/1241 1337/1337
f 1240/1240 1337/1337 1336/1336
f 1241/1241 1242/1242 1338/1338
f 1241/1241 1338/1338 1337/1337
f 1242/1242 1243/1243 1339/1339
f 1242/1242 1339/1339 1338/1338
f 1243/1243 1244/1244 1340/1340
f 1243/1243 1340/1340 1339/1339
f 1244/1244 1245/1245 1341/1341
f 1244/1244 1341/1341 1340/1340
f 1245/1245 1246/1246 1342/1342
f 1245/1245 1342/1342 1341/1341
f 1246/1246 1247/1247 1343/1343
f 1246/1246 1343/1343 1342/1342
f 1247/1247 1248/1248 1344/1344
f 1247/1247 1344/1344 1343/1343
f 1248/1248 1249/1249 1345/1345
f 1248/1248 1345/1345 1344/1344
f 1249/1249 1154/1154 1250/1250
f 1249/1249 1250/1250 1345/1345
f 1250/1250 1251/1251 1347/1347
f 1250/1250 1347/1347 1346/1346
f 1251/1251 1252/1252 1348/1348
f 1251/1251 1348/1348 1347/1347
f 1252/1252 1253/1253 1349/1349
f 1252/1252 1349/1349 1348/1348
f 1253/1253 1254/1254 1350/1350
f 1253/1253 1350/1350 1349/1349
f 1254/1254 1255/1255 1351/1351
f 1254/1254 1351/1351 1350/1350
f 1255/1255 1256/1256 1352/1352
f 1255/1255 1352/1352 1351/1351
f 1256/1256 1257/1257 1353/1353
f 1256/1256 1353/1353 1352/1352
f 1257/1257 1258/1258 1354/1354
f 1257/1257 1354/1354 1353/1353
f 1258/1258 1259/1259 1355/1355
f 1258/1258 1355/1355 1354/1354
f 1259/1259 1260/1260 1356/1356
f 1259/1259 1356/1356 1355/1355
f 1260/1260 1261/1261 1357/1357
f 1260/1260 1357/1357 1356/1356
f 1261/1261 1262/1262 1358/1358
f 1261/1261 1358/1358 1357/1357
f 1262/1262 1263/1263 1359/1359
f 1262/1262 1359/1359 1358/1358
f 1263/1263 1264/1264 1360/1360
f 1263/1263 1360/1360 1359/1359
f 1264/1264 1265/1265 1361/1361
f 1264/1264 1361/1361 1360/1360
f 1265/1265 1266/1266 1362/1362
f 1265/1265 1362/1362 1361/1361
f 1266/1266 1267/1267 1363/1363
f 1266/1266 1363/1363 1362/1362
f 1267/1267 1268/1268 1364/1364
f 1267/1267 1364/1364 1363/1363
f 1268/1268 1269/1269 1365/1365
f 1268/1268 1365/1365 1364/1364
f 1269/1269 1270/1270 1366/1366
f 1269/1269 1366/1366 1365/1365
f 1270/1270 1271/1271 1367/1367
f 1270/1270 1367/1367 1366/1366
f 1271/1271 1272/1272 1368/1368
f 1271/1271 1368/1368 1367/1367
f 1272/1272 1273/1273 1369/1369
f 1272/1272 1369/1369 1368/1368
f 1273/1273 1274/1274 1370/1370
f 1273/1273 1370/1370 1369/1369
f 1274/1274 1275/1275 1371/1371
f 1274/1274 1371/1371 1370/1370
f 1275/1275 1276/1276 1372/1372
f 1275/1275 1372/1372 1371/1371
f 1276/1276 1277/1277 1373/1373
f 1276/1276 1373/1373 1372/1372
f 1277/1277 1278/1278 1374/1374
f 1277/1277 1374/1374 1373/1373
f 1278/1278 1279/1279 1375/1375
f 1278/1278 1375/1375 1374/1374
f 1279/1279 1280/1280 1376/1376
f 1279/1279 1376/1376 1375/1375
f 1280/1280 1281/1281 1377/1377
f 1280/1280 1377/1377 1376/1376
f 1281/1281 1282/1282 1378/1378
f 1281/1281 1378/1378 1377/1377
f 1282/1282 1283/1283 1379/1379
f 1282/1282 1379/1379 1378/1378
f 1283/1283 1284/1284 1380/1380
f 1283/1283 1380/1380 1379/1379
f 1284/1284 1285/1285 1381/1381
f 1284/1284 1381/1381 1380/1380
f 1285/1285 1286/1286 1382/1382
f 1285/1285 1382/1382 1381/1381
f 1286/1286 1287/1287 1383/1383
f 1286/1286 1383/1383 1382/1382
f 1287/1287 1288/1288 1384/1384
f 1287/1287 1384/1384 1383/1383
f 1288/1288 1289/1289 1385/1385
f 1288/1288 1385/1385 1384/1384
f 1289/1289 1290/1290 1386/1386
f 1289/1289 1386/1386 1385/1385
f 1290/1290 1291/1291 1387/1387
f 1290/1290 1387/1387 1386/1386
f 1291/1291 1292/1292 1388/1388
f 1291/1291 1388/1388 1387/1387
f 1292/1292 1293/1293 1389/1389
f 1292/1292 1389/1389 1388/1388
f 1293/1293 1294/1294 1390/1390
f 1293/1293 1390/1390 1389/1389
f 1294/1294 1295/1295 1391/1391
f 1294/1294 1391/1391 1390/1390
f 1295/1295 1296/1296 1392/1392
f 1295/1295 1392/1392 1391/1391
f 1296/1296 1297/1297 1393/1393
f 1296/1296 1393/1393 1392/1392
f 1297/1297 1298/1298 1394/1394
f 1297/1297 1394/1394 1393/1393
f 1298/1298 1299/1299 1395/1395
f 1298/1298 1395/1395 1394/1394
f 1299/1299 1300/1300 1396/1396
f 1299/1299 1396/1396 1395/1395
f 1300/1300 1301/1301 1397/1397
f 1300/1300 1397/1397 1396/1396
f 1301/1301 1302/1302 1398/1398
f 1301/1301 1398/1398 1397/1397
f 1302/1302 1303/1303 1399/1399
f 1302/1302 1399/1399 1398/1398
f 1303/1303 1304/1304 1400/1400
f 1303/1303 1400/1400 1399/1399
f 1304/1304 1305/1305 1401/1401
f 1304/1304 1401/1401 1400/1400
f 1305/1305 1306/1306 1402/1402
f 1305/1305 1402/1402 1401/1401
f 1306/1306 1307/1307 1403/1403
f 1306/1306 1403/1403 1402/1402
f 1307/1307 1308/1308 1404/1404
f 1307/1307 1404/1404 1403/1403
f 1308/1308 1309/1309 1405/1405
f 1308/1308 1405/1405 1404/1404
f 1309/1309 1310/1310 1406/1406
f 1309/1309 1406/1406 1405/1405
f 1310/1310 1311/1311 1407/1407
f 1310/1310 1407/1407 1406/1406
f 1311/1311 1312/1312 1408/1408
f 1311/1311 1408/1408 1407/1407
f 1312/1312 1313/1313 1409/1409
f 1312/1312 1409/1409 1408/1408
f 1313/1313 1314/1314 1410/1410
f 1313/1313 1410/1410 1409/1409
f 1314/1314 1315/1315 1411/1411
f 1314/1314 1411/1411 1410/1410
f 1315/1315 1316/1316 1412/1412
f 1315/1315 1412/1412 1411/1411
f 1316/1316 1317/1317 1413/1413
f 1316/1316 1413/1413 1412/1412
f 1317/1317 1318/1318 1414/1414
f 1317/1317 1414/1414 1413/1413
f 1318/1318 1319/1319 1415/1415
f 1318/1318 1415/1415 1414/1414
f 1319/1319 1320/1320 1416/1416
f 1319/1319 1416/1416 1415/1415
f 1320/1320 1321/1321 1417/1417
f 1320/1320 1417/1417 1416/1416
f 1321/1321 1322/1322 1418/1418
f 1321/1321 1418/1418 1417/1417
f 1322/1322 1323/1323 1419/1419
f 1322/1322 1419/1419 1418/1418
f 1323/1323 1324/1324 1420/1420
f 1323/1323 1420/1420 1419/1419
f 1324/1324 1325/1325 1421/1421
f 1324/1324 1421/1421 1420/1420
f 1325/1325 1326/1326 1422/1422
f 1325/1325 1422/1422 1421/1421
f 1326/1326 1327/1327 1423/1423
f 1326/1326 1423/1423 1422/1422
f 1327/1327 1328/1328 1424/1424
f 1327/1327 1424/1424 1423/1423
f 1328/1328 1329/1329 1425/1425
f 1328/1328 1425/1425 1424/1424
f 1329/1329 1330/1330 1426/1426
f 1329/1329 1426/1426 1425/1425
f 1330/1330 1331/1331 1427/1427
f 1330/1330 1427/1427 1426/1426
f 1331/1331 1332/1332 1428/1428
f 1331/1331 1428/1428 1427/1427
f 1332/1332 1333/1333 1429/1429
f 1332/1332 1429/1429 1428/1428
f 1333/1333 1334/1334 1430/1430
f 1333/1333 1430/1430 1429/1429
f 1334/1334 1335/1335 1431/1431
f 1334/1334 1431/1431 1430/1430
f 1335/1335 1336/1336 1432/1432
f 1335/1335 1432/1432 1431/1431
f 1336/1336 1337/1337 1433/1433
f 1336/1336 1433/1433 1432/1432
f 1337/1337 1338/1338 1434/1434
f 1337/1337 1434/1434 1433/1433
f 1338/1338 1339/1339 1435/1435
f 1338/1338 1435/1435 1434/1434
f 1339/1339 1340/1340 1436/1436
f 1339/1339 1436/1436 1435/1435
f 1340/1340 1341/1341 1437/1437
f 1340/1340 1437/1437 1436/1436
f 1341/1341 1342/1342 1438/1438
f 1341/1341 1438/1438 1437/1437
f 1342/1342 1343/1343 1439/1439
f 1342/1342 1439/1439 1438/1438
f 1343/1343 1344/1344 1440/1440
f 1343/1343 1440/1440 1439/1439
f 1344/1344 1345/1345 1441/1441
f 1344/1344 1441/1441 1440/1440
f 1345/1345 1250/1250 1346/1346
f 1345/1345 1346/1346 1441/1441
f 1346/1346 1347/1347 1443/1443
f 1346/1346 1443/1443 1442/1442
f 1347/1347 1348/1348 1444/1444
f 1347/1347 1444/1444 1443/1443
f 1348/1348 1349/1349 1445/1445
f 1348/1348 1445/1445 1444/1444
f 1349/1349 1350/1350 1446/1446
f 1349/1349 1446/1446 1445/1445
f 1350/1350 1351/1351 1447/1447
f 1350/1350 1447/1447 1446/1446
f 1351/1351 1352/1352 1448/1448
f 1351/1351 1448/1448 1447/1447
f 1352/1352 1353/1353 1449/1449
f 1352/1352 1449/1449 1448/1448
f 1353/1353 1354/1354 1450/1450
f 1353/1353 1450/1450 1449/1449
f 1354/1354 1355/1355 1451/1451
f 1354/1354 1451/1451 1450/1450
f 1355/1355 1356/1356 1452/1452
f 1355/1355 1452/1452 1451/1451
f 1356/1356 1357/1357 1453/1453
f 1356/1356 1453/1453 1452/1452
f 1357/1357 1358/1358 1454/1454
f 1357/1357 1454/1454 1453/1453
f 1358/1358 1359/1359 1455/1455
f 1358/1358 1455/1455 1454/1454
f 1359/1359 1360/1360 1456/1456
f 1359/1359 1456/1456 1455/1455
f 1360/1360 1361/1361 1457/1457
f 1360/1360 1457/1457 1456/1456
f 1361/1361 1362/1362 1458/1458
f 1361/1361 1458/1458 1457/1457
f 1362/1362 1363/1363 1459/1459
f 1362/1362 1459/1459 1458/1458
f 1363/1363 1364/1364 1460/1460
f 1363/1363 1460/1460 1459/1459
f 1364/1364 1365/1365 1461/1461
f 1364/1364 1461/1461 1460/1460
f 1365/1365 1366/1366 1462/1462
f 1365/1365 1462/1462 1461/1461
f 1366/1366 1367/1367 1463/1463
f 1366/1366 1463/1463 1462/1462
f 1367/1367 1368/1368 1464/1464
f 1367/1367 1464/1464 1463/1463
f 1368/1368 1369/1369 1465/1465
f 1368/1368 1465/1465 1464/1464
f 1369/1369 1370/1370 1466/1466
f 1369/1369 1466/1466 1465/1465
f 1370/1370 1371/1371 1467/1467
f 1370/1370 1467/1467 1466/1466
f 1371/1371 1372/1372 1468/1468
f 1371/1371 1468/1468 1467/1467
f 1372/1372 1373/1373 1469/1469
f 1372/1372 1469/1469 1468/1468
f 1373/1373 1374/1374 1470/1470
f 1373/1373 1470/1470 1469/1469
f 1374/1374 1375/1375 1471/1471
f 1374/1374 1471/1471 1470/1470
f 1375/1375 1376/1376 1472/1472
f 1375/1375 1472/1472 1471/1471
f 1376/1376 1377/1377 1473/1473
f 1376/1376 1473/1473 1472/1472
f 1377/1377 1378/1378 1474/1474
f 1377/1377 1474/1474 1473/1473
f 1378/1378 1379/1379 1475/1475
f 1378/1378 1475/1475 1474/1474
f 1379/1379 1380/1380 1476/1476
f 1379/1379 1476/1476 1475/1475
f 1380/1380 1381/1381 1477/1477
f 1380/1380 1477/1477 1476/1476
f 1381/1381 1382/1382 1478/1478
f 1381/1381 1478/1478 1477/1477
f 1382/1382 1383/1383 1479/1479
f 1382/1382 1479/1479 1478/1478
f 1383/1383 1384/1384 1480/1480
f 1383/1383 1480/1480 1479/1479
f 1384/1384 1385/1385 1481/1481
f 1384/1384 1481/1481 1480/1480
f 1385/1385 1386/1386 1482/1482
f 1385/1385 1482/1482 1481/1481
f 1386/1386 1387/1387 1483/1483
f 1386/1386 1483/1483 1482/1482
f 1387/1387 1388/1388 1484/1484
f 1387/1387 1484/1484 1483/1483
f 1388/1388 1389/1389 1485/1485
f 1388/1388 1485/1485 1484/1484
f 1389/1389 1390/1390 1486/1486
f 1389/1389 1486/1486 1485/1485
f 1390/1390 1391/1391 1487/1487
f 1390/1390 1487/1487 1486/1486
f 1391/1391 1392/1392 1488/1488
f 1391/1391 1488/1488 1487/1487
f 1392/1392 1393/1393 1489/1489
f 1392/1392 1489/1489 1488/1488
f 1393/1393 1394/1394 1490/1490
f 1393/1393 1490/1490 1489/1489
f 1394/1394 1395/1395 1491/1491
f 1394/1394 1491/1491 1490/1490
f 1395/1395 1396/1396 1492/1492
f 1395/1395 1492/1492 1491/1491
f 1396/1396 1397/1397 1493/1493
f 1396/1396 1493/1493 1492/1492
f 1397/1397 1398/1398 1494/1494
f 1397/1397 1494/1494 1493/1493
f 1398/1398 1399/1399 1495/1495
f 1398/1398 1495/1495 1494/1494
f 1399/1399 1400/1400 1496/1496
f 1399/1399 1496/1496 1495/1495
f 1400/1400 1401/1401 1497/1497
f 1400/1400 1497/1497 1496/1496
f 1401/1401 1402/1402 1498/1498
f 1401/1401 1498/1498 1497/1497
f 1402/1402 1403/1403 1499/1499
f 1402/1402 1499/1499 1498/1498
f 1403/1403 1404/1404 1500/1500
f 1403/1403 1500/1500 1499/1499
f 1404/1404 1405/1405 1501/1501
f 1404/1404 1501/1501 1500/1500
f 1405/1405 1406/1406 1502/1502
f 1405/1405 1502/1502 1501/1501
f 1406/1406 1407/1407 1503/1503
f 1406/1406 1503/1503 1502/1502
f 1407/1407 1408/1408 1504/1504
f 1407/1407 1504/1504 1503/1503
f 1408/1408 1409/1409 1505/1505
f 1408/1408 1505/1505 1504/1504
f 1409/1409 1410/1410 1506/1506
f 1409/1409 1506/1506 1505/1505
f 1410/1410 1411/1411 1507/1507
f 1410/1410 1507/1507 1506/1506
f 1411/1411 1412/1412 1508/1508
f 1411/1411 1508/1508 1507/1507
f 1412/1412 1413/1413 1509/1509
f 1412/1412 1509/1509 1508/1508
f 1413/1413 1414/1414 1510/1510
f 1413/1413 1510/1510 1509/1509
f 1414/1414 1415/1415 1511/1511
f 1414/1414 1511/1511 1510/1510
f 1415/1415 1416/1416 1512/1512
f 1415/1415 1512/1512 1511/1511
f 1416/1416 1417/1417 1513/1513
f 1416/1416 1513/1513 1512/1512
f 1417/1417 1418/1418 1514/1514
f 1417/1417 1514/1514 1513/1513
f 1418/1418 1419/1419 1515/1515
f 1418/1418 1515/1515 1514/1514
f 1419/1419 1420/1420 1516/1516
f 1419/1419 1516/1516 1515/1515
f 1420/1420 1421/1421 1517/1517
f 1420/1420 1517/1517 1516/1516
f 1421/1421 1422/1422 1518/1518
f 1421/1421 1518/1518 1517/1517
f 1422/1422 1423/1423 1519/1519
f 1422/1422 1519/1519 1518/1518
f 1423/1423 1424/1424 1520/1520
f 1423/1423 1520/1520 1519/1519
f 1424/1424 1425/1425 1521/1521
f 1424/1424 1521/1521 1520/1520
f 1425/1425 1426/1426 1522/1522
f 1425/1425 1522/1522 1521/1521
f 1426/1426 1427/1427 1523/1523
f 1426/1426 1523/1523 1522/1522
f 1427/1427 1428/1428 1524/1524
f 1427/1427 1524/1524 1523/1523
f 1428/1428 1429/1429 1525/1525
f 1428/1428 1525/1525 1524/1524
f 1429/1429 1430/1430 1526/1526
f 1429/1429 1526/1526 1525/1525
f 1430/1430 1431/1431 1527/1527
f 1430/1430 1527/1527 1526/1526
f 1431/1431 1432/1432 1528/1528
f 1431/1431 1528/1528 1527/1527
f 1432/1432 1433/1433 1529/1529
f 1432/1432 1529/1529 1528/1528
f 1433/1433 1434/1434 1530/1530
f 1433/1433 1530/1530 1529/1529
f 1434/1434 1435/1435 1531/1531
f 1434/1434 1531/1531 1530/1530
f 1435/1435 1436/1436 1532/1532
f 1435/1435 1532/1532 1531/1531
f 1436/1436 1437/1437 1533/1533
f 1436/1436 1533/1533 1532/1532
f 1437/1437 1438/1438 1534/1534
f 1437/1437 1534/1534 1533/1533
f 1438/1438 1439/1439 1535/1535
f 1438/1438 1535/1535 1534/1534
f 1439/1439 1440/1440 1536/1536
f 1439/1439 1536/1536 1535/1535
f 1440/1440 1441/1441 1537/1537
f 1440/1440 1537/1537 1536/1536
f 1441/1441 1346/1346 1442/1442
f 1441/1441 1442/1442 1537/1537
f 1442/1442 1443/1443 1539/1539
f 1442/1442 1539/1539 1538/1538
f 1443/1443 1444/1444 1540/1540
f 1443/1443 1540/1540 1539/1539
f 1444/1444 1445/1445 1541/1541
f 1444/1444 1541/1541 1540/1540
f 1445/1445 1446/1446 1542/1542
f 1445/1445 1542/1542 1541/1541
f 1446/1446 1447/1447 1543/1543
f 1446/1446 1543/1543 1542/1542
f 1447/1447 1448/1448 1544/1544
f 1447/1447 1544/1544 1543/1543
f 1448/1448 1449/1449 1545/1545
f 1448/1448 1545/1545 1544/1544
f 1449/1449 1450/1450 1546/1546
f 1449/1449 1546/1546 1545/1545
f 1450/1450 1451/1451 1547/1547
f 1450/1450 1547/1547 1546/1546
f 1451/1451 1452/1452 1548/1548
f 1451/1451 1548/1548 1547/1547
f 1452/1452 1453/1453 1549/1549
f 1452/1452 1549/1549 1548/1548
f 1453/1453 1454/1454 1550/1550
f 1453/1453 1550/1550 1549/1549
f 1454/1454 1455/1455 1551/1551
f 1454/1454 1551/1551 1550/1550
f 1455/1455 1456/1456 1552/1552
f 1455/1455 1552/1552 1551/1551
f 1456/1456 1457/1457 1553/1553
f 1456/1456 1553/1553 1552/1552
f 1457/1457 1458/1458 1554/1554
f 1457/1457 1554/1554 1553/1553
f 1458/1458 1459/1459 1555/1555
f 1458/1458 1555/1555 1554/1554
f 1459/1459 1460/1460 1556/1556
f 1459/1459 1556/1556 1555/1555
f 1460/1460 1461/1461 1557/1557
f 1460/1460 1557/1557 1556/1556
f 1461/1461 1462/1462 1558/1558
f 1461/1461 1558/1558 1557/1557
f 1462/1462 1463/1463 1559/1559
f 1462/1462 1559/1559 1558/1558
f 1463/1463 1464/1464 1560/1560
f 1463/1463 1560/1560 1559/1559
f 1464/1464 1465/1465 1561/1561
f 1464/1464 1561/1561 1560/1560
f 1465/1465 1466/1466 1562/1562
f 1465/1465 1562/1562 1561/1561
f 1466/1466 1467/1467 1563/1563
f 1466/1466 1563/1563 1562/1562
f 1467/1467 1468/1468 1564/1564
f 1467/1467 1564/1564 1563/1563
f 1468/1468 1469/1469 1565/1565
f 1468/1468 1565/1565 1564/1564
f 1469/1469 1470/1470 1566/1566
f 1469/1469 1566/1566 1565/1565
f 1470/1470 1471/1471 1567/1567
f 1470/1470 1567/1567 1566/1566
f 1471/1471 1472/1472 1568/1568
f 1471/1471 1568/1568 1567/1567
f 1472/1472 1473/1473 1569/1569
f 1472/1472 1569/1569 1568/1568
f 1473/1473 1474/1474 1570/1570
f 1473/1473 1570/1570 1569/1569
f 1474/1474 1475/1475 1571/1571
f 1474/1474 1571/1571 1570/1570
f 1475/1475 1476/1476 1572/1572
f 1475/1475 1572/1572 1571/1571
f 1476/1476 1477/1477 1573/1573
f 1476/1476 1573/1573 1572/1572
f 1477/1477 1478/1478 1574/1574
f 1477/1477 1574/1574 1573/1573
f 1478/1478 1479/1479 1575/1575
f 1478/1478 1575/1575 1574/1574
f 1479/1479 1480/1480 1576/1576
f 1479/1479 1576/1576 1575/1575
f 1480/1480 1481/1481 1577/1577
f 1480/1480 1577/1577 1576/1576
f 1481/1481 1482/1482 1578/1578
f 1481/1481 1578/1578 1577/1577
f 1482/1482 1483/1483 1579/1579
f 1482/1482 1579/1579 1578/1578
f 1483/1483 1484/1484 1580/1580
f 1483/1483 1580/1580 1579/1579
f 1484/1484 1485/1485 1581/1581
f 1484/1484 1581/1581 1580/1580
f 1485/1485 1486/1486 1582/1582
f 1485/1485 1582/1582 1581/1581
f 1486/1486 1487/1487 1583/1583
f 1486/1486 1583/1583 1582/1582
f 1487/1487 1488/1488 1584/1584
f 1487/1487 1584/1584 1583/1583
f 1488/1488 1489/1489 1585/1585
f 1488/1488 1585/1585 1584/1584
f 1489/1489 1490/1490 1586/1586
f 1489/1489 1586/1586 1585/1585
f 1490/1490 1491/1491 1587/1587
f 1490/1490 1587/1587 1586/1586
f 1491/1491 1492/1492 1588/1588
f 1491/1491 1588/1588 1587/1587
f 1492/1492 1493/1493 1589/1589
f 1492/1492 1589/1589 1588/1588
f 1493/1493 1494/1494 1590/1590
f 1493/1493 1590/1590 1589/1589
f 1494/1494 1495/1495 1591/1591
f 1494/1494 1591/1591 1590/1590
f 1495/1495 1496/1496 1592/1592
f 1495/1495 1592/1592 1591/1591
f 1496/1496 1497/1497 1593/1593
f 1496/1496 1593/1593 1592/1592
f 1497/1497 1498/1498 1594/1594
f 1497/1497 1594/1594 1593/1593
f 1498/1498 1499/1499 1595/1595
f 1498/1498 1595/1595 1594/1594
f 1499/1499 1500/1500 1596/1596
f 1499/1499 1596/1596 1595/1595
f 1500/1500 1501/1501 1597/1597
f 1500/1500 1597/1597 1596/1596
f 1501/1501 1502/1502 1598/1598
f 1501/1501 1598/1598 1597/1597
f 1502/1502 1503/1503 1599/1599
f 1502/1502 1599/1599 1598/1598
f 1503/1503 1504/1504 1600/1600
f 1503/1503 1600/1600 1599/1599
f 1504/1504 1505/1505 1601/1601
f 1504/1504 1601/1601 1600/1600
f 1505/1505 1506/1506 1602/1602
f 1505/1505 1602/1602 1601/1601
f 1506/1506 1507/1507 1603/1603
f 1506/1506 1603/1603 1602/1602
f 1507/1507 1508/1508 1604/1604
f 1507/1507 1604/1604 1603/1603
f 1508/1508 1509/1509 1605/1605
f 1508/1508 1605/1605 1604/1604
f 1509/1509 1510/1510 1606/1606
f 1509/1509 1606/1606 1605/1605
f 1510/1510 1511/1511 1607/1607
f 1510/1510 1607/1607 1606/1606
f 1511/1511 1512/1512 1608/1608
f 1511/1511 1608/1608 1607/1607
f 1512/1512 1513/1513 1609/1609
f 1512/1512 1609/1609 1608/1608
f 1513/1513 1514/1514 1610/1610
f 1513/1513 1610/1610 1609/1609
f 1514/1514 1515/1515 1611/1611
f 1514/1514 1611/1611 1610/1610
f 1515/1515 1516/1516 1612/1612
f 1515/1515 1612/1612 1611/1611
f 1516/1516 1517/1517 1613/1613
f 1516/1516 1613/1613 1612/1612
f 1517/1517 1518/1518 1614/1614
f 1517/1517 1614/1614 1613/1613
f 1518/1518 1519/1519 1615/1615
f 1518/1518 1615/1615 1614/1614
f 1519/1519 1520/1520 1616/1616
f 1519/1519 1616/1616 1615/1615
f 1520/1520 1521/1521 1617/1617
f 1520/1520 1617/1617 1616/1616
f 1521/1521 1522/1522 1618/1618
f 1521/1521 1618/1618 1617/1617
f 1522/1522 1523/1523 1619/1619
f 1522/1522 1619/1619 1618/1618
f 1523/1523 1524/1524 1620/1620
f 1523/1523 1620/1620 1619/1619
f 1524/1524 1525/1525 1621/1621
f 1524/1524 1621/1621 1620/1620
f 1525/1525 1526/1526 1622/1622
f 1525/1525 1622/1622 1621/1621
f 1526/1526 1527/1527 1623/1623
f 1526/1526 1623/1623 1622/1622
f 1527/1527 1528/1528 1624/1624
f 1527/1527 1624/1624 1623/1623
f 1528/1528 1529/1529 1625/1625
f 1528/1528 1625/1625 1624/1624
f 1529/1529 1530/1530 1626/1626
f 1529/1529 1626/1626 1625/1625
f 1530/1530 1531/1531 1627/1627
f 1530/1530 1627/1627 1626/1626
f 1531/1531 1532/1532 1628/1628
f 1531/1531 1628/1628 1627/1627
f 1532/1532 1533/1533 1629/1629
f 1532/1532 1629/1629 1628/1628
f 1533/1533 1534/1534 1630/1630
f 1533/1533 1630/1630 1629/1629
f 1534/1534 1535/1535 1631/1631
f 1534/1534 1631/1631 1630/1630
f 1535/1535 1536/1536 1632/1632
f 1535/1535 1632/1632 1631/1631
f 1536/1536 1537/1537 1633/1633
f 1536/1536 1633/1633 1632/1632
f 1537/1537 1442/1442 1538/1538
f 1537/1537 1538/1538 1633/1633
f 1538/1538 1539/1539 1635/1635
f 1538/1538 1635/1635 1634/1634
f 1539/1539 1540/1540 1636/1636
f 1539/1539 1636/1636 1635/1635
f 1540/1540 1541/1541 1637/1637
f 1540/1540 1637/1637 1636/1636
f 1541/1541 1542/1542 1638/1638
f 1541/1541 1638/1638 1637/1637
f 1542/1542 1543/1543 1639/1639
f 1542/1542 1639/1639 1638/1638
f 1543/1543 1544/1544 1640/1640
f 1543/1543 1640/1640 1639/1639
f 1544/1544 1545/1545 1641/1641
f 1544/1544 1641/1641 1640/1640
f 1545/1545 1546/1546 1642/1642
f 1545/1545 1642/1642 1641/1641
f 1546/1546 1547/1547 1643/1643
f 1546/1546 1643/1643 1642/1642
f 1547/1547 1548/1548 1644/1644
f 1547/1547 1644/1644 1643/1643
f 1548/1548 1549/1549 1645/1645
f 1548/1548 1645/1645 1644/1644
f 1549/1549 1550/1550 1646/1646
f 1549/1549 1646/1646 1645/1645
f 1550/1550 1551/1551 1647/1647
f 1550/1550 1647/1647 1646/1646
f 1551/1551 1552/1552 1648/1648
f 1551/1551 1648/1648 1647/1647
f 1552/1552 1553/1553 1649/1649
f 1552/1552 1649/1649 1648/1648
f 1553/1553 1554/1554 1650/1650
f 1553/1553 1650/1650 1649/1649
f 1554/1554 1555/1555 1651/1651
f 1554/1554 1651/1651 1650/1650
f 1555/1555 1556/1556 1652/1652
f 1555/1555 1652/1652 1651/1651
f 1556/1556 1557/1557 1653/1653
f 1556/1556 1653/1653 1652/1652
f 1557/1557 1558/1558 1654/1654
f 1557/1557 1654/1654 1653/1653
f 1558/1558 1559/1559 1655/1655
f 1558/1558 1655/1655 1654/1654
f 1559/1559 1560/1560 1656/1656
f 1559/1559 1656/1656 1655/1655
f 1560/1560 1561/1561 1657/1657
f 1560/1560 1657/1657 1656/1656
f 1561/1561 1562/1562 1658/1658
f 1561/1561 1658/1658 1657/1657
f 1562/1562 1563/1563 1659/1659
f 1562/1562 1659/1659 1658/1658
f 1563/1563 1564/1564 1660/1660
f 1563/1563 1660/1660 1659/1659
f 1564/1564 1565/1565 1661/1661
f 1564/1564 1661/1661 1660/1660
f 1565/1565 1566/1566 1662/1662
f 1565/1565 1662/1662 1661/1661
f 1566/1566 1567/1567 1663/1663
f 1566/1566 1663/1663 1662/1662
f 1567/1567 1568/1568 1664/1664
f 1567/1567 1664/1664 1663/1663
f 1568/1568 1569/1569 1665/1665
f 1568/1568 1665/1665 1664/1664
f 1569/1569 1570/1570 1666/1666
f 1569/1569 1666/1666 1665/1665
f 1570/1570 1571/1571 1667/1667
f 1570/1570 1667/1667 1666/1666
f 1571/1571 1572/1572 1668/1668
f 1571/1571 1668/1668 1667/1667
f 1572/1572 1573/1573 1669/1669
f 1572/1572 1669/1669 1668/1668
f 1573/1573 1574/1574 1670/1670
f 1573/1573 1670/1670 1669/1669
f 1574/1574 1575/1575 1671/1671
f 1574/1574 1671/1671 1670/1670
f 1575/1575 1576/1576 1672/1672
f 1575/1575 1672/1672 1671/1671
f 1576/1576 1577/1577 1673/1673
f 1576/1576 1673/1673 1672/1672
f 1577/1577 1578/1578 1674/1674
f 1577/1577 1674/1674 1673/1673
f 1578/1578 1579/1579 1675/1675
f 1578/1578 1675/1675 1674/1674
f 1579/1579 1580/1580 1676/1676
f 1579/1579 1676/1676 1675/1675
f 1580/1580 1581/1581 1677/1677
f 1580/1580 1677/1677 1676/1676
f 1581/1581 1582/1582 1678/1678
f 1581/1581 1678/1678 1677/1677
f 1582/1582 1583/1583 1679/1679
f 1582/1582 1679/1679 1678/1678
f 1583/1583 1584/1584 1680/1680
f 1583/1583 1680/1680 1679/1679
f 1584/1584 1585/1585 1681/1681
f 1584/1584 1681/1681 1680/1680
f 1585/1585 1586/1586 1682/1682
f 1585/1585 1682/1682 1681/1681
f 1586/1586 1587/1587 1683/1683
f 1586/1586 1683/1683 1682/1682
f 1587/1587 1588/1588 1684/1684
f 1587/1587 1684/1684 1683/1683
f 1588/1588 1589/1589 1685/1685
f 1588/1588 1685/1685 1684/1684
f 1589/1589 1590/1590 1686/1686
f 1589/1589 1686/1686 1685/1685
f 1590/1590 1591/1591 1687/1687
f 1590/1590 1687/1687 1686/1686
f 1591/1591 1592/1592 1688/1688
f 1591/1591 1688/1688 1687/1687
f 1592/1592 1593/1593 1689/1689
f 1592/1592 1689/1689 1688/1688
f 1593/1593 1594/1594 1690/1690
f 1593/1593 1690/1690 1689/1689
f 1594/1594 1595/1595 1691/1691
f 1594/1594 1691/1691 1690/1690
f 1595/1595 1596/1596 1692/1692
f 1595/1595 1692/1692 1691/1691
f 1596/1596 1597/1597 1693/1693
f 1596/1596 1693/1693 1692/1692
f 1597/1597 1598/1598 1694/1694
f 1597/1597 1694/1694 1693/1693
f 1598/1598 1599/1599 1695/1695
f 1598/1598 1695/1695 1694/1694
f 1599/1599 1600/1600 1696/1696
f 1599/1599 1696/1696 1695/1695
f 1600/1600 1601/1601 1697/1697
f 1600/1600 1697/1697 1696/1696
f 1601/1601 1602/1602 1698/1698
f 1601/1601 1698/1698 1697/1697
f 1602/1602 1603/1603 1699/1699
f 1602/1602 1699/1699 1698/1698
f 1603/1603 1604/1604 1700/1700
f 1603/1603 1700/1700 1699/1699
f 1604/1604 1605/1605 1701/1701
f 1604/1604 1701/1701 1700/1700
f 1605/1605 1606/1606 1702/1702
f 1605/1605 1702/1702 1701/1701
f 1606/1606 1607/1607 1703/1703
f 1606/1606 1703/1703 1702/1702
f 1607/1607 1608/1608 1704/1704
f 1607/1607 1704/1704 1703/1703
f 1608/1608 1609/1609 1705/1705
f 1608/1608 1705/1705 1704/1704
f 1609/1609 1610/1610 1706/1706
f 1609/1609 1706/1706 1705/1705
f 1610/1610 1611/1611 1707/1707
f 1610/1610 1707/1707 1706/1706
f 1611/1611 1612/1612 1708/1708
f 1611/1611 1708/1708 1707/1707
f 1612/1612 1613/1613 1709/1709
f 1612/1612 1709/1709 1708/1708
f 1613/1613 1614/1614 1710/1710
f 1613/1613 1710/1710 1709/1709
f 1614/1614 1615/1615 1711/1711
f 1614/1614 1711/1711 1710/1710
f 1615/1615 1616/1616 1712/1712
f 1615/1615 1712/1712 1711/1711
f 1616/1616 1617/1617 1713/1713
f 1616/1616 1713/1713 1712/1712
f 1617/1617 1618/1618 1714/1714
f 1617/1617 1714/1714 1713/1713
f 1618/1618 1619/1619 1715/1715
f 1618/1618 1715/1715 1714/1714
f 1619/1619 1620/1620 1716/1716
f 1619/1619 1716/1716 1715/1715
f 1620/1620 1621/1621 1717/1717
f 1620/1620 1717/1717 1716/1716
f 1621/1621 1622/1622 1718/1718
f 1621/1621 1718/1718 1717/1717
f 1622/1622 1623/1623 1719/1719
f 1622/1622 1719/1719 1718/1718
f 1623/1623 1624/1624 1720/1720
f 1623/1623 1720/1720 1719/1719
f 1624/1624 1625/1625 1721/1721
f 1624/1624 1721/1721 1720/1720
f 1625/1625 1626/1626 1722/1722
f 1625/1625 1722/1722 1721/1721
f 1626/1626 1627/1627 1723/1723
f 1626/1626 1723/1723 1722/1722
f 1627/1627 1628/1628 1724/1724
f 1627/1627 1724/1724 1723/1723
f 1628/1628 1629/1629 1725/1725
f 1628/1628 1725/1725 1724/1724
f 1629/1629 1630/1630 1726/1726
f 1629/1629 1726/1726 1725/1725
f 1630/1630 1631/1631 1727/1727
f 1630/1630 1727/1727 1726/1726
f 1631/1631 1632/1632 1728/1728
f 1631/1631 1728/1728 1727/1727
f 1632/1632 1633/1633 1729/1729
f 1632/1632 1729/1729 1728/1728
f 1633/1633 1538/1538 1634/1634
f 1633/1633 1634/1634 1729/1729
f 1634/1634 1635/1635 1731/1731
f 1634/1634 1731/1731 1730/1730
f 1635/1635 1636/1636 1732/1732
f 1635/1635 1732/1732 1731/1731
f 1636/1636 1637/1637 1733/1733
f 1636/1636 1733/1733 1732/1732
f 1637/1637 1638/1638 1734/1734
f 1637/1637 1734/1734 1733/1733
f 1638/1638 1639/1639 1735/1735
f 1638/1638 1735/1735 1734/1734
f 1639/1639 1640/1640 1736/1736
f 1639/1639 1736/1736 1735/1735
f 1640/1640 1641/1641 1737/1737
f 1640/1640 1737/1737 1736/1736
f 1641/1641 1642/1642 1738/1738
f 1641/1641 1738/1738 1737/1737
f 1642/1642 1643/1643 1739/1739
f 1642/1642 1739/1739 1738/1738
f 1643/1643 1644/1644 1740/1740
f 1643/1643 1740/1740 1739/1739
f 1644/1644 1645/1645 1741/1741
f 1644/1644 1741/1741 1740/1740
f 1645/1645 1646/1646 1742/1742
f 1645/1645 1742/1742 1741/1741
f 1646/1646 1647/1647 1743/1743
f 1646/1646 1743/1743 1742/1742
f 1647/1647 1648/1648 1744/1744
f 1647/1647 1744/1744 1743/1743
f 1648/1648 1649/1649 1745/1745
f 1648/1648 1745/1745 1744/1744
f 1649/1649 1650/1650 1746/1746
f 1649/1649 1746/1746 1745/1745
f 1650/1650 1651/1651 1747/1747
f 1650/1650 1747/1747 1746/1746
f 1651/1651 1652/1652 1748/1748
f 1651/1651 1748/1748 1747/1747
f 1652/1652 1653/1653 1749/1749
f 1652/1652 1749/1749 1748/1748
f 1653/1653 1654/1654 1750/1750
f 1653/1653 1750/1750 1749/1749
f 1654/1654 1655/1655 1751/1751
f 1654/1654 1751/1751 1750/1750
f 1655/1655 1656/1656 1752/1752
f 1655/1655 1752/1752 1751/1751
f 1656/1656 1657/1657 1753/1753
f 1656/1656 1753/1753 1752/1752
f 1657/1657 1658/1658 1754/1754
f 1657/1657 1754/1754 1753/1753
f 1658/1658 1659/1659 1755/1755
f 1658/1658 1755/1755 1754/1754
f 1659/1659 1660/1660 1756/1756
f 1659/1659 1756/1756 1755/1755
f 1660/1660 1661/1661 1757/1757
f 1660/1660 1757/1757 1756/1756
f 1661/1661 1662/1662 1758/1758
f 1661/1661 1758/1758 1757/1757
f 1662/1662 1663/1663 1759/1759
f 1662/1662 1759/1759 1758/1758
f 1663/1663 1664/1664 1760/1760
f 1663/1663 1760/1760 1759/1759
f 1664/1664 1665/1665 1761/1761
f 1664/1664 1761/1761 1760/1760
f 1665/1665 1666/1666 1762/1762
f 1665/1665 1762/1762 1761/1761
f 1666/1666 1667/1667 1763/1763
f 1666/1666 1763/1763 1762/1762
f 1667/1667 1668/1668 1764/1764
f 1667/1667 1764/1764 1763/1763
f 1668/1668 1669/1669 1765/1765
f 1668/1668 1765/1765 1764/1764
f 1669/1669 1670/1670 1766/1766
f 1669/1669 1766/1766 1765/1765
f 1670/1670 1671/1671 1767/1767
f 1670/1670 1767/1767 1766/1766
f 1671/1671 1672/1672 1768/1768
f 1671/1671 1768/1768 1767/1767
f 1672/1672 1673/1673 1769/1769
f 1672/1672 1769/1769 1768/1768
f 1673/1673 1674/1674 1770/1770
f 1673/1673 1770/1770 1769/1769
f 1674/1674 1675/1675 1771/1771
f 1674/1674 1771/1771 1770/1770
f 1675/1675 1676/1676 1772/1772
f 1675/1675 1772/1772 1771/1771
f 1676/1676 1677/1677 1773/1773
f 1676/1676 1773/1773 1772/1772
f 1677/1677 1678/1678 1774/1774
f 1677/1677 1774/1774 1773/1773
f 1678/1678 1679/1679 1775/1775
f 1678/1678 1775/1775 1774/1774
f 1679/1679 1680/1680 1776/1776
f 1679/1679 1776/1776 1775/1775
f 1680/1680 1681/1681 1777/1777
f 1680/1680 1777/1777 1776/1776
f 1681/1681 1682/1682 1778/1778
f 1681/1681 1778/1778 1777/1777
f 1682/1682 1683/1683 1779/1779
f 1682/1682 1779/1779 1778/1778
f 1683/1683 1684/1684 1780/1780
f 1683/1683 1780/1780 1779/1779
f 1684/1684 1685/1685 1781/1781
f 1684/1684 1781/1781 1780/1780
f 1685/1685 1686/1686 1782/1782
f 1685/1685 1782/1782 1781/1781
f 1686/1686 1687/1687 1783/1783
f 1686/1686 1783/1783 1782/1782
f 1687/1687 1688/1688 1784/1784
f 1687/1687 1784/1784 1783/1783
f 1688/1688 1689/1689 1785/1785
f 1688/1688 1785/1785 1784/1784
f 1689/1689 1690/1690 1786/1786
f 1689/1689 1786/1786 1785/1785
f 1690/1690 1691/1691 1787/1787
f 1690/1690 1787/1787 1786/1786
f 1691/1691 1692/1692 1788/1788
f 1691/1691 1788/1788 1787/1787
f 1692/1692 1693/1693 1789/1789
f 1692/1692 1789/1789 1788/1788
f 1693/1693 1694/1694 1790/1790
f 1693/1693 1790/1790 1789/1789
f 1694/1694 1695/1695 1791/1791
f 1694/1694 1791/1791 1790/1790
f 1695/1695 1696/1696 1792/1792
f 1695/1695 1792/1792 1791/1791
f 1696/1696 1697/1697 1793/1793
f 1696/1696 1793/1793 1792/1792
f 1697/1697 1698/1698 1794/1794
f 1697/1697 1794/1794 1793/1793
f 1698/1698 1699/1699 1795/1795
f 1698/1698 1795/1795 1794/1794
f 1699/1699 1700/1700 1796/1796
f 1699/1699 1796/1796 1795/1795
f 1700/1700 1701/1701 1797/1797
f 1700/1700 1797/1797 1796/1796
f 1701/1701 1702/1702 1798/1798
f 1701/1701 1798/1798 1797/1797
f 1702/1702 1703/1703 1799/1799
f 1702/1702 1799/1799 1798/1798
f 1703/1703 1704/1704 1800/1800
f 1703/1703 1800/1800 1799/1799
f 1704/1704 1705/1705 1801/1801
f 1704/1704 1801/1801 1800/1800
f 1705/1705 1706/1706 1802/1802
f 1705/1705 1802/1802 1801/1801
f 1706/1706 1707/1707 1803/1803
f 1706/1706 1803/1803 1802/1802
f 1707/1707 1708/1708 1804/1804
f 1707/1707 1804/1804 1803/1803
f 1708/1708 1709/1709 1805/1805
f 1708/1708 1805/1805 1804/1804
f 1709/1709 1710/1710 1806/1806
f 1709/1709 1806/1806 1805/1805
f 1710/1710 1711/1711 1807/1807
f 1710/1710 1807/1807 1806/1806
f 1711/1711 1712/1712 1808/1808
f 1711/1711 1808/1808 1807/1807
f 1712/1712 1713/1713 1809/1809
f 1712/1712 1809/1809 1808/1808
f 1713/1713 1714/1714 1810/1810
f 1713/1713 1810/1810 1809/1809
f 1714/1714 1715/1715 1811/1811
f 1714/1714 1811/1811 1810/1810
f 1715/1715 1716/1716 1812/1812
f 1715/1715 1812/1812 1811/1811
f 1716/1716 1717/1717 1813/1813
f 1716/1716 1813/1813 1812/1812
f 1717/1717 1718/1718 1814/1814
f 1717/1717 1814/1814 1813/1813
f 1718/1718 1719/1719 1815/1815
f 1718/1718 1815/1815 1814/1814
f 1719/1719 1720/1720 1816/1816
f 1719/1719 1816/1816 1815/1815
f 1720/1720 1721/1721 1817/1817
f 1720/1720 1817/1817 1816/1816
f 1721/1721 1722/1722 1818/1818
f 1721/1721 1818/1818 1817/1817
f 1722/1722 1723/1723 1819/1819
f 1722/1722 1819/1819 1818/1818
f 1723/1723 1724/1724 1820/1820
f 1723/1723 1820/1820 1819/1819
f 1724/1724 1725/1725 1821/1821
f 1724/1724 1821/1821 1820/1820
f 1725/1725 1726/1726 1822/1822
f 1725/1725 1822/1822 1821/1821
f 1726/1726 1727/1727 1823/1823
f 1726/1726 1823/1823 1822/1822
f 1727/1727 1728/1728 1824/1824
f 1727/1727 1824/1824 1823/1823
f 1728/1728 1729/1729 1825/1825
f 1728/1728 1825/1825 1824/1824
f 1729/1729 1634/1634 1730/1730
f 1729/1729 1730/1730 1825/1825
f 1730/1730 1731/1731 1827/1827
f 1730/1730 1827/1827 1826/1826
f 1731/1731 1732/1732 1828/1828
f 1731/1731 1828/1828 1827/1827
f 1732/1732 1733/1733 1829/1829
f 1732/1732 1829/1829 1828/1828
f 1733/1733 1734/1734 1830/1830
f 1733/1733 1830/1830 1829/1829
f 1734/1734 1735/1735 1831/1831
f 1734/1734 1831/1831 1830/1830
f 1735/1735 1736/1736 1832/1832
f 1735/1735 1832/1832 1831/1831
f 1736/1736 1737/1737 1833/1833
f 1736/1736 1833/1833 1832/1832
f 1737/1737 1738/1738 1834/1834
f 1737/1737 1834/1834 1833/1833
f 1738/1738 1739/1739 1835/1835
f 1738/1738 1835/1835 1834/1834
f 1739/1739 1740/1740 1836/1836
f 1739/1739 1836/1836 1835/1835
f 1740/1740 1741/1741 1837/1837
f 1740/1740 1837/1837 1836/1836
f 1741/1741 1742/1742 1838/1838
f 1741/1741 1838/1838 1837/1837
f 1742/1742 1743/1743 1839/1839
f 1742/1742 1839/1839 1838/1838
f 1743/1743 1744/1744 1840/1840
f 1743/1743 1840/1840 1839/1839
f 1744/1744 1745/1745 1841/1841
f 1744/1744 1841/1841 1840/1840
f 1745/1745 1746/1746 1842/1842
f 1745/1745 1842/1842 1841/1841
f 1746/1746 1747/1747 1843/1843
f 1746/1746 1843/1843 1842/1842
f 1747/1747 1748/1748 1844/1844
f 1747/1747 1844/1844 1843/1843
f 1748/1748 1749/1749 1845/1845
f 1748/1748 1845/1845 1844/1844
f 1749/1749 1750/1750 1846/1846
f 1749/1749 1846/1846 1845/1845
f 1750/1750 1751/1751 1847/1847
f 1750/1750 1847/1847 1846/1846
f 1751/1751 1752/1752 1848/1848
f 1751/1751 1848/1848 1847/1847
f 1752/1752 1753/1753 1849/1849
f 1752/1752 1849/1849 1848/1848
f 1753/1753 1754/1754 1850/1850
f 1753/1753 1850/1850 1849/1849
f 1754/1754 1755/1755 1851/1851
f 1754/1754 1851/1851 1850/1850
f 1755/1755 1756/1756 1852/1852
f 1755/1755 1852/1852 1851/1851
f 1756/1756 1757/1757 1853/1853
f 1756/1756 1853/1853 1852/1852
f 1757/1757 1758/1758 1854/1854
f 1757/1757 1854/1854 1853/1853
f 1758/1758 1759/1759 1855/1855
f 1758/1758 1855/1855 1854/1854
f 1759/1759 1760/1760 1856/1856
f 1759/1759 1856/1856 1855/1855
f 1760/1760 1761/1761 1857/1857
f 1760/1760 1857/1857 1856/1856
f 1761/1761 1762/1762 1858/1858
f 1761/1761 1858/1858 1857/1857
f 1762/1762 1763/1763 1859/1859
f 1762/1762 1859/1859 1858/1858
f 1763/1763 1764/1764 1860/1860
f 1763/1763 1860/1860 1859/1859
f 1764/1764 1765/1765 1861/1861
f 1764/1764 1861/1861 1860/1860
f 1765/1765 1766/1766 1862/1862
f 1765/1765 1862/1862 1861/1861
f 1766/1766 1767/1767 1863/1863
f 1766/1766 1863/1863 1862/1862
f 1767/1767 1768/1768 1864/1864
f 1767/1767 1864/1864 1863/1863
f 1768/1768 1769/1769 1865/1865
f 1768/1768 1865/1865 1864/1864
f 1769/1769 1770/1770 1866/1866
f 1769/1769 1866/1866 1865/1865
f 1770/1770 1771/1771 1867/1867
f 1770/1770 1867/1867 1866/1866
f 1771/1771 1772/1772 1868/1868
f 1771/1771 1868/1868 1867/1867
f 1772/1772 1773/1773 1869/1869
f 1772/1772 1869/1869 1868/1868
f 1773/1773 1774/1774 1870/1870
f 1773/1773 1870/1870 1869/1869
f 1774/1774 1775/1775 1871/1871
f 1774/1774 1871/1871 1870/1870
f 1775/1775 1776/1776 1872/1872
f 1775/1775 1872/1872 1871/1871
f 1776/1776 1777/1777 1873/1873
f 1776/1776 1873/1873 1872/1872
f 1777/1777 1778/1778 1874/1874
f 1777/1777 1874/1874 1873/1873
f 1778/1778 1779/1779 1875/1875
f 1778/1778 1875/1875 1874/1874
f 1779/1779 1780/1780 1876/1876
f 1779/1779 1876/1876 1875/1875
f 1780/1780 1781/1781 1877/1877
f 1780/1780 1877/1877 1876/1876
f 1781/1781 1782/1782 1878/1878
f 1781/1781 1878/1878 1877/1877
f 1782/1782 1783/1783 1879/1879
f 1782/1782 1879/1879 1878/1878
f 1783/1783 1784/1784 1880/1880
f 1783/1783 1880/1880 1879/1879
f 1784/1784 1785/1785 1881/1881
f 1784/1784 1881/1881 1880/1880
f 1785/1785 1786/1786 1882/1882
f 1785/1785 1882/1882 1881/1881
f 1786/1786 1787/1787 1883/1883
f 1786/1786 1883/1883 1882/1882
f 1787/1787 1788/1788 1884/1884
f 1787/1787 1884/1884 1883/1883
f 1788/1788 1789/1789 1885/1885
f 1788/1788 1885/1885 1884/1884
f 1789/1789 1790/1790 1886/1886
f 1789/1789 1886/1886 1885/1885
f 1790/1790 1791/1791 1887/1887
f 1790/1790 1887/1887 1886/1886
f 1791/1791 1792/1792 1888/1888
f 1791/1791 1888/1888 1887/1887
f 1792/1792 1793/1793 1889/1889
f 1792/1792 1889/1889 1888/1888
f 1793/1793 1794/1794 1890/1890
f 1793/1793 1890/1890 1889/1889
f 1794/1794 1795/1795 1891/1891
f 1794/1794 1891/1891 1890/1890
f 1795/1795 1796/1796 1892/1892
f 1795/1795 1892/1892 1891/1891
f 1796/1796 1797/1797 1893/1893
f 1796/1796 1893/1893 1892/1892
f 1797/1797 1798/1798 1894/1894
f 1797/1797 1894/1894 1893/1893
f 1798/1798 1799/1799 1895/1895
f 1798/1798 1895/1895 1894/1894
f 1799/1799 1800/1800 1896/1896
f 1799/1799 1896/1896 1895/1895
f 1800/1800 1801/1801 1897/1897
f 1800/1800 1897/1897 1896/1896
f 1801/1801 1802/1802 1898/1898
f 1801/1801 1898/1898 1897/1897
f 1802/1802 1803/1803 1899/1899
f 1802/1802 1899/1899 1898/1898
f 1803/1803 1804/1804 1900/1900
f 1803/1803 1900/1900 1899/1899
f 1804/1804 1805/1805 1901/1901
f 1804/1804 1901/1901 1900/1900
f 1805/1805 1806/1806 1902/1902
f 1805/1805 1902/1902 1901/1901
f 1806/1806 1807/1807 1903/1903
f 1806/1806 1903/1903 1902/1902
f 1807/1807 1808/1808 1904/1904
f 1807/1807 1904/1904 1903/1903
f 1808/1808 1809/1809 1905/1905
f 1808/1808 1905/1905 1904/1904
f 1809/1809 1810/1810 1906/1906
f 1809/1809 1906/1906 1905/1905
f 1810/1810 1811/1811 1907/1907
f 1810/1810 1907/1907 1906/1906
f 1811/1811 1812/1812 1908/1908
f 1811/1811 1908/1908 1907/1907
f 1812/1812 1813/1813 1909/1909
f 1812/1812 1909/1909 1908/1908
f 1813/1813 1814/1814 1910/1910
f 1813/1813 1910/1910 1909/1909
f 1814/1814 1815/1815 1911/1911
f 1814/1814 1911/1911 1910/1910
f 1815/1815 1816/1816 1912/1912
f 1815/1815 1912/1912 1911/1911
f 1816/1816 1817/1817 1913/1913
f 1816/1816 1913/1913 1912/1912
f 1817/1817 1818/1818 1914/1914
f 1817/1817 1914/1914 1913/1913
f 1818/1818 1819/1819 1915/1915
f 1818/1818 1915/1915 1914/1914
f 1819/1819 1820/1820 1916/1916
f 1819/1819 1916/1916 1915/1915
f 1820/1820 1821/1821 1917/1917
f 1820/1820 1917/1917 1916/1916
f 1821/1821 1822/1822 1918/1918
f 1821/1821 1918/1918 1917/1917
f 1822/1822 1823/1823 1919/1919
f 1822/1822 1919/1919 1918/1918
f 1823/1823 1824/1824 1920/1920
f 1823/1823 1920/1920 1919/1919
f 1824/1824 1825/1825 1921/1921
f 1824/1824 1921/1921 1920/1920
f 1825/1825 1730/1730 1826/1826
f 1825/1825 1826/1826 1921/1921
