# CC0 David Gian-Cursio 2021; lossless split of accepted optimized preview.
o ring
v 0.000000 2.623404 -0.080572
v -0.023168 2.588277 -0.071411
v -0.022933 2.561988 -0.064537
v -0.002264 2.594649 -0.073053
v -0.001855 2.595189 -0.073194
v -0.001316 2.595603 -0.073302
v -0.000683 2.595873 -0.073372
v 0.000000 2.595972 -0.073397
v 0.000000 2.689230 -0.097788
v -0.001977 2.689149 -0.097768
v -0.003938 2.688897 -0.097705
v -0.005870 2.688483 -0.097598
v -0.007757 2.687907 -0.097450
v -0.009585 2.687169 -0.097260
v -0.011340 2.686287 -0.097031
v -0.013009 2.685261 -0.096764
v -0.014578 2.684091 -0.096461
v -0.016037 2.682804 -0.096124
v -0.017374 2.681391 -0.095756
v -0.018578 2.679870 -0.095360
v -0.019641 2.678250 -0.094939
v -0.020555 2.676558 -0.094496
v -0.021312 2.674785 -0.094035
v -0.021907 2.672958 -0.093558
v -0.022335 2.671095 -0.093070
v -0.022594 2.669196 -0.092574
v -0.022680 2.667279 -0.092074
v -0.022594 2.665371 -0.091573
v -0.022335 2.663472 -0.091076
v -0.021907 2.661600 -0.090588
v -0.021312 2.659782 -0.090110
v -0.020555 2.658009 -0.089646
v -0.019641 2.656317 -0.089201
v -0.018578 2.654697 -0.088778
v -0.017374 2.653176 -0.088379
v -0.016037 2.651772 -0.088009
v -0.014578 2.650476 -0.087669
v -0.013009 2.649315 -0.087362
v -0.011340 2.648280 -0.087092
v -0.009585 2.647398 -0.086858
v -0.007757 2.646669 -0.086665
v -0.005870 2.646093 -0.086512
v -0.003938 2.645679 -0.086402
v -0.001977 2.645427 -0.086334
v 0.000000 2.645346 -0.086310
v -0.045731 2.554050 -0.062540
v -0.044286 2.473257 -0.041407
v -0.034693 2.472753 -0.041241
v -0.044428 2.481186 -0.043481
v -0.045243 2.526735 -0.055395
v -0.067713 2.520696 -0.053947
v -0.066471 2.474418 -0.041841
v -0.063566 2.497755 -0.047926
v -0.089143 2.488161 -0.045618
v -0.088691 2.475570 -0.042324
v -0.097145 2.476011 -0.042527
v 0.001977 2.689149 -0.097768
v 0.001977 2.645427 -0.086334
v 0.003938 2.645679 -0.086402
v 0.005870 2.646093 -0.086512
v 0.007757 2.646669 -0.086665
v 0.009585 2.647398 -0.086858
v 0.011340 2.648280 -0.087092
v 0.013009 2.649315 -0.087362
v 0.014578 2.650476 -0.087669
v 0.016037 2.651772 -0.088009
v 0.017374 2.653176 -0.088379
v 0.018578 2.654697 -0.088778
v 0.019641 2.656317 -0.089201
v 0.020555 2.658009 -0.089646
v 0.021312 2.659782 -0.090110
v 0.021907 2.661600 -0.090588
v 0.022335 2.663472 -0.091076
v 0.022594 2.665371 -0.091573
v 0.022680 2.667279 -0.092074
v 0.022594 2.669196 -0.092574
v 0.022335 2.671095 -0.093070
v 0.021907 2.672958 -0.093558
v 0.021312 2.674785 -0.094035
v 0.020555 2.676558 -0.094496
v 0.019641 2.678250 -0.094939
v 0.018578 2.679870 -0.095360
v 0.017374 2.681391 -0.095756
v 0.016037 2.682804 -0.096124
v 0.014578 2.684091 -0.096461
v 0.013009 2.685261 -0.096764
v 0.011340 2.686287 -0.097031
v 0.009585 2.687169 -0.097260
v 0.007757 2.687907 -0.097450
v 0.005870 2.688483 -0.097598
v 0.003938 2.688897 -0.097705
v -0.000007 2.643753 -0.092406
v 0.014571 2.648883 -0.093764
v 0.021900 2.671365 -0.099653
v 0.011333 2.684694 -0.103126
v -0.011333 2.684694 -0.103126
v -0.022587 2.663778 -0.097668
v 0.014877 2.654463 -0.099876
v 0.018095 2.666082 -0.102918
v -0.001572 2.682075 -0.107080
v -0.017888 2.667603 -0.103315
v -0.009076 2.649324 -0.098525
v -0.034672 2.471151 -0.047336
v -0.063531 2.496162 -0.054022
v -0.022912 2.560395 -0.070632
v -0.002257 2.593056 -0.079148
v 0.000000 2.621811 -0.086667
v -0.023147 2.586684 -0.077506
v -0.067663 2.519103 -0.060042
v -0.097080 2.474418 -0.048622
v -0.047203 2.475039 -0.053047
v -0.069301 2.494200 -0.058192
v -0.026734 2.561529 -0.075589
v 0.000000 2.612577 -0.088904
v -0.019338 2.583201 -0.081239
v -0.063834 2.515629 -0.063758
v -0.089102 2.477226 -0.053925
v 0.023168 2.588277 -0.071411
v 0.022933 2.561988 -0.064537
v 0.002264 2.594649 -0.073053
v 0.001855 2.595189 -0.073194
v 0.001316 2.595603 -0.073302
v 0.000683 2.595873 -0.073372
v 0.045731 2.554050 -0.062540
v 0.044286 2.473257 -0.041407
v 0.034693 2.472753 -0.041241
v 0.044428 2.481186 -0.043481
v 0.045243 2.526735 -0.055395
v 0.067713 2.520696 -0.053947
v 0.066471 2.474418 -0.041841
v 0.063566 2.497755 -0.047926
v 0.089143 2.488161 -0.045618
v 0.088691 2.475570 -0.042324
v 0.097145 2.476011 -0.042527
v 0.034672 2.471151 -0.047336
v 0.063531 2.496162 -0.054022
v 0.022912 2.560395 -0.070632
v 0.002257 2.593056 -0.079148
v 0.023147 2.586684 -0.077506
v 0.067663 2.519103 -0.060042
v 0.097080 2.474418 -0.048622
v 0.047203 2.475039 -0.053047
v 0.069301 2.494200 -0.058192
v 0.026734 2.561529 -0.075589
v 0.005116 2.595495 -0.084442
v 0.019338 2.583201 -0.081239
v 0.063834 2.515629 -0.063758
v 0.089102 2.477226 -0.053925
v -0.000000 2.664552 -0.102510
v -0.217712 2.432433 -0.033011
v -0.175549 2.435844 -0.033011
v -0.175329 2.435916 -0.033027
v -0.217940 2.432478 -0.033027
v -0.175178 2.436087 -0.033068
v -0.218118 2.432622 -0.033068
v -0.175136 2.436312 -0.033125
v -0.175051 2.435268 -0.037131
v -0.218110 2.431794 -0.037131
v -0.218195 2.432838 -0.033125
v -0.197066 2.707968 -0.104371
v -0.196981 2.706924 -0.108376
v -0.240042 2.703450 -0.108376
v -0.240125 2.704494 -0.104371
v -0.197143 2.708184 -0.104428
v -0.240083 2.704710 -0.104428
v -0.197320 2.708328 -0.104469
v -0.239932 2.704890 -0.104469
v -0.197549 2.708364 -0.104485
v -0.239712 2.704962 -0.104485
v -0.175990 2.433765 -0.044588
v -0.175688 2.434215 -0.044498
v -0.176128 2.434071 -0.044934
v -0.183484 2.433477 -0.044934
v -0.197479 2.704134 -0.115289
v -0.197918 2.703990 -0.115724
v -0.205274 2.703396 -0.115724
v -0.192374 2.432865 -0.044498
v -0.192813 2.432721 -0.044934
v -0.200170 2.432127 -0.044934
v -0.200627 2.432199 -0.044498
v -0.214165 2.702793 -0.115289
v -0.214381 2.702676 -0.115666
v -0.221960 2.702046 -0.115724
v -0.222418 2.702127 -0.115289
v -0.222224 2.702523 -0.115387
v -0.217313 2.430858 -0.044498
v -0.216855 2.430777 -0.044934
v -0.209499 2.431371 -0.044934
v -0.209060 2.431524 -0.044498
v -0.239039 2.700723 -0.115507
v -0.238646 2.700705 -0.115724
v -0.231289 2.701299 -0.115724
v -0.230850 2.701443 -0.115289
v -0.238793 2.701128 -0.115576
v -0.197620 2.705889 -0.108584
v -0.205873 2.705223 -0.108584
v -0.214305 2.704539 -0.108584
v -0.222145 2.704341 -0.108698
v -0.222558 2.703873 -0.108584
v -0.230991 2.703189 -0.108584
v -0.231475 2.703585 -0.108698
v -0.239244 2.702523 -0.108584
v -0.175829 2.435961 -0.037794
v -0.200768 2.433954 -0.037794
v -0.192515 2.434620 -0.037794
v -0.184082 2.435295 -0.037794
v -0.209614 2.432802 -0.037680
v -0.209200 2.433270 -0.037794
v -0.217454 2.432604 -0.037794
v -0.605333 2.365995 -0.033011
v -0.564262 2.376120 -0.033011
v -0.605083 2.364978 -0.037017
v -0.564058 2.376228 -0.033027
v -0.605566 2.365995 -0.033027
v -0.563936 2.376417 -0.033068
v -0.605764 2.366112 -0.033068
v -0.563929 2.376651 -0.033125
v -0.563679 2.375634 -0.037131
v -0.605624 2.365293 -0.037131
v -0.605875 2.366310 -0.033125
v -0.629153 2.641269 -0.104371
v -0.628903 2.640252 -0.108376
v -0.670847 2.629911 -0.108376
v -0.671098 2.630928 -0.104371
v -0.629264 2.641467 -0.104428
v -0.671091 2.631153 -0.104428
v -0.629462 2.641584 -0.104469
v -0.629233 2.640531 -0.108584
v -0.670683 2.630316 -0.108584
v -0.670970 2.631351 -0.104469
v -0.629694 2.641584 -0.104485
v -0.670765 2.631459 -0.104485
v -0.564366 2.373996 -0.044588
v -0.564140 2.374491 -0.044498
v -0.564549 2.374275 -0.044934
v -0.571715 2.372511 -0.044934
v -0.572180 2.372511 -0.044498
v -0.628946 2.637426 -0.115289
v -0.629357 2.637201 -0.115724
v -0.636521 2.635437 -0.115724
v -0.636986 2.635437 -0.115289
v -0.580393 2.370486 -0.044498
v -0.580803 2.370270 -0.044934
v -0.587968 2.368497 -0.044934
v -0.588433 2.368506 -0.044498
v -0.645200 2.633412 -0.115289
v -0.645610 2.633196 -0.115724
v -0.652775 2.631432 -0.115724
v -0.653239 2.631432 -0.115289
v -0.653075 2.631837 -0.115496
v -0.604687 2.364501 -0.044498
v -0.604444 2.364456 -0.044875
v -0.597056 2.366265 -0.044934
v -0.596647 2.366481 -0.044498
v -0.669493 2.627427 -0.115289
v -0.669028 2.627427 -0.115724
v -0.661864 2.629191 -0.115724
v -0.661453 2.629407 -0.115289
v -0.564559 2.376192 -0.037794
v -0.572599 2.374212 -0.037794
v -0.637405 2.637147 -0.108584
v -0.629674 2.639433 -0.108683
v -0.580813 2.372187 -0.037794
v -0.588852 2.370207 -0.037794
v -0.645620 2.635122 -0.108584
v -0.653659 2.633133 -0.108584
v -0.597399 2.367651 -0.037680
v -0.605106 2.366202 -0.037794
v -0.669912 2.629128 -0.108584
v -0.661874 2.631108 -0.108584
v -0.977274 2.238231 -0.033011
v -0.938358 2.254809 -0.033011
v -0.976869 2.237268 -0.037017
v -0.938178 2.254953 -0.033027
v -0.977508 2.238195 -0.033027
v -0.938088 2.255169 -0.033068
v -0.977724 2.238276 -0.033068
v -0.938115 2.255385 -0.033125
v -0.937710 2.254422 -0.037131
v -0.976995 2.237565 -0.037566
v -0.977454 2.237493 -0.037131
v -0.977859 2.238456 -0.033125
v -1.044945 2.506125 -0.104371
v -1.044702 2.504982 -0.108753
v -1.084275 2.488224 -0.108376
v -1.084689 2.489187 -0.104371
v -1.045089 2.506296 -0.104428
v -1.084716 2.489412 -0.104428
v -1.045305 2.506377 -0.104469
v -1.084626 2.489628 -0.104469
v -1.045530 2.506350 -0.104485
v -1.084446 2.489763 -0.104485
v -0.938124 2.252703 -0.044588
v -0.937980 2.253225 -0.044498
v -0.938349 2.252946 -0.044934
v -0.945135 2.250057 -0.044934
v -0.945594 2.249985 -0.044498
v -1.044126 2.502354 -0.115289
v -1.044495 2.502075 -0.115724
v -1.051281 2.499186 -0.115724
v -1.051740 2.499114 -0.115289
v -0.953748 2.246385 -0.044934
v -0.960543 2.243496 -0.044934
v -1.059894 2.495514 -0.115724
v -1.066680 2.492625 -0.115724
v -1.067139 2.492553 -0.115289
v -1.067049 2.492976 -0.115496
v -0.976401 2.236863 -0.044498
v -0.975942 2.236935 -0.044934
v -0.969147 2.239824 -0.044934
v -0.968778 2.240103 -0.044498
v -1.082547 2.485992 -0.115289
v -1.082088 2.486064 -0.115724
v -1.075293 2.488953 -0.115724
v -0.938664 2.254836 -0.037794
v -0.946287 2.251596 -0.037794
v -1.044810 2.503974 -0.108584
v -1.052433 2.500725 -0.108584
v -0.954072 2.248275 -0.037794
v -0.961686 2.245035 -0.037794
v -1.060209 2.497413 -0.108584
v -1.067589 2.494740 -0.108698
v -0.969471 2.241714 -0.037794
v -1.083231 2.487603 -0.108584
v -1.075617 2.490852 -0.108584
v -1.323909 2.052462 -0.033011
v -1.288161 2.075070 -0.033011
v -1.287999 2.075241 -0.033027
v -1.324134 2.052390 -0.033027
v -1.287945 2.075457 -0.033068
v -1.324359 2.052435 -0.033068
v -1.288008 2.075673 -0.033125
v -1.287450 2.074791 -0.037131
v -1.323963 2.051706 -0.037131
v -1.324521 2.052588 -0.033125
v -1.433673 2.306028 -0.104371
v -1.433115 2.305146 -0.108376
v -1.469628 2.282052 -0.108376
v -1.470186 2.282934 -0.104371
v -1.433844 2.306181 -0.104428
v -1.470249 2.283150 -0.104428
v -1.434069 2.306226 -0.104469
v -1.470195 2.283375 -0.104469
v -1.434285 2.306154 -0.104485
v -1.470042 2.283546 -0.104485
v -1.287846 2.073225 -0.044934
v -1.294083 2.069283 -0.044934
v -1.432395 2.302239 -0.115666
v -1.438821 2.298162 -0.115724
v -1.301679 2.064621 -0.044498
v -1.301994 2.064279 -0.044934
v -1.308231 2.060337 -0.044934
v -1.308672 2.060193 -0.044498
v -1.446408 2.293500 -0.115289
v -1.446543 2.293293 -0.115666
v -1.452969 2.289216 -0.115724
v -1.453410 2.289072 -0.115289
v -1.453374 2.289504 -0.115496
v -1.322388 2.051040 -0.044509
v -1.322820 2.051247 -0.044498
v -1.322577 2.051283 -0.044875
v -1.316142 2.055333 -0.044934
v -1.315827 2.055675 -0.044498
v -1.467558 2.280126 -0.115289
v -1.467117 2.280270 -0.115724
v -1.460880 2.284212 -0.115724
v -1.460556 2.284545 -0.115289
v -1.288467 2.075043 -0.037794
v -1.295460 2.070624 -0.037794
v -1.433196 2.303922 -0.108584
v -1.440198 2.299503 -0.108584
v -1.302615 2.066097 -0.037794
v -1.309608 2.061678 -0.037794
v -1.447344 2.294976 -0.108584
v -1.454346 2.290557 -0.108584
v -1.316907 2.056548 -0.037680
v -1.323756 2.052732 -0.037794
v -1.316763 2.057151 -0.037794
v -1.468494 2.281602 -0.108584
v -1.461492 2.286030 -0.108584
v -1.636254 1.813494 -0.033011
v -1.604592 1.841538 -0.033011
v -1.604466 1.841736 -0.033027
v -1.635561 1.812711 -0.037250
v -1.636461 1.813386 -0.033027
v -1.604448 1.841961 -0.033068
v -1.636686 1.813395 -0.033068
v -1.604547 1.842168 -0.033125
v -1.603854 1.841385 -0.037131
v -1.636182 1.812738 -0.037131
v -1.636884 1.813521 -0.033125
v -1.785276 2.046162 -0.104371
v -1.784574 2.045379 -0.108376
v -1.816911 2.016732 -0.108376
v -1.817604 2.017524 -0.104371
v -1.785465 2.046288 -0.104428
v -1.817712 2.017722 -0.104428
v -1.785690 2.046297 -0.104469
v -1.816956 2.017164 -0.108584
v -1.817694 2.017947 -0.104469
v -1.785897 2.046198 -0.104485
v -1.817559 2.018145 -0.104485
v -1.603728 1.840161 -0.044498
v -1.603989 1.839774 -0.044934
v -1.609515 1.834878 -0.044934
v -1.609929 1.834671 -0.044498
v -1.783305 2.042859 -0.115289
v -1.783566 2.042472 -0.115724
v -1.789083 2.037576 -0.115724
v -1.789497 2.037369 -0.115289
v -1.616517 1.828677 -0.044934
v -1.622457 1.823565 -0.044498
v -1.796094 2.031375 -0.115724
v -1.802034 2.026263 -0.115289
v -1.802115 2.026695 -0.115387
v -1.634526 1.812333 -0.044509
v -1.634985 1.812468 -0.044498
v -1.634571 1.812684 -0.044934
v -1.629054 1.817571 -0.044934
v -1.628784 1.817958 -0.044498
v -1.814562 2.015166 -0.115289
v -1.814148 2.015382 -0.115724
v -1.808622 2.020269 -0.115724
v -1.808361 2.020656 -0.115289
v -1.604889 1.841475 -0.037794
v -1.611090 1.835985 -0.037794
v -1.790658 2.038674 -0.108584
v -1.784880 2.044299 -0.108683
v -1.617417 1.830369 -0.037794
v -1.623618 1.824879 -0.037794
v -1.796994 2.033067 -0.108584
v -1.803195 2.027577 -0.108584
v -1.636146 1.813782 -0.037794
v -1.629954 1.819272 -0.037794
v -1.815723 2.016480 -0.108584
v -1.809522 2.021970 -0.108584
v -1.906218 1.527510 -0.033011
v -1.879470 1.560279 -0.033011
v -1.878660 1.559613 -0.037017
v -1.879371 1.560495 -0.033027
v -1.905408 1.526853 -0.037250
v -1.906407 1.527375 -0.033027
v -1.879389 1.560720 -0.033068
v -1.906632 1.527348 -0.033068
v -1.879524 1.560900 -0.033125
v -1.878714 1.560243 -0.037131
v -1.906029 1.526781 -0.037131
v -1.906839 1.527438 -0.033125
v -2.090637 1.733268 -0.104371
v -2.089818 1.732611 -0.108376
v -2.090016 1.732188 -0.108812
v -2.117142 1.699149 -0.108376
v -2.117952 1.699806 -0.104371
v -2.090835 1.733358 -0.104428
v -2.118087 1.699995 -0.104428
v -2.091069 1.733331 -0.104469
v -2.117250 1.699563 -0.108584
v -2.118105 1.700220 -0.104469
v -2.091258 1.733196 -0.104485
v -2.118006 1.700436 -0.104485
v -1.878390 1.559055 -0.044498
v -1.878588 1.558632 -0.044934
v -1.883259 1.552917 -0.044934
v -1.883628 1.552638 -0.044498
v -2.088153 1.730316 -0.115289
v -2.088351 1.729902 -0.115724
v -2.093022 1.724187 -0.115724
v -2.093391 1.723908 -0.115289
v -2.088585 1.730343 -0.115496
v -2.093499 1.724322 -0.115496
v -1.888866 1.545555 -0.044588
v -1.888983 1.546086 -0.044498
v -1.889181 1.545663 -0.044934
v -1.893843 1.539948 -0.044934
v -1.894221 1.539669 -0.044498
v -2.098746 1.717356 -0.115289
v -2.098944 1.716933 -0.115724
v -2.103606 1.711218 -0.115724
v -2.103984 1.710939 -0.115289
v -2.104092 1.711353 -0.115496
v -1.904805 1.526709 -0.044498
v -1.904589 1.526817 -0.044875
v -1.899765 1.532703 -0.044934
v -1.899567 1.533117 -0.044498
v -2.114568 1.697970 -0.115289
v -2.114199 1.698249 -0.115724
v -2.109528 1.703964 -0.115724
v -2.109330 1.704387 -0.115289
v -1.879749 1.560162 -0.037794
v -1.884987 1.553745 -0.037794
v -2.089512 1.731432 -0.108584
v -2.094750 1.725015 -0.108584
v -2.089953 1.731495 -0.108683
v -1.890342 1.547193 -0.037794
v -1.895571 1.540785 -0.037794
v -2.100105 1.718463 -0.108584
v -2.105334 1.712046 -0.108584
v -1.906164 1.527816 -0.037794
v -1.900926 1.534224 -0.037794
v -2.115927 1.699077 -0.108584
v -2.110689 1.705494 -0.108584
v -2.126817 1.201935 -0.033011
v -2.105667 1.238565 -0.033011
v -2.105604 1.238790 -0.033027
v -2.126979 1.201764 -0.033027
v -2.105658 1.239015 -0.033068
v -2.127204 1.201701 -0.033068
v -2.105820 1.239177 -0.033125
v -2.104911 1.238646 -0.037131
v -2.126430 1.201260 -0.037348
v -2.127420 1.201764 -0.033125
v -2.341845 1.375446 -0.104371
v -2.340936 1.374924 -0.108376
v -2.363445 1.338033 -0.104371
v -2.342061 1.375500 -0.104428
v -2.363607 1.338195 -0.104428
v -2.342286 1.375437 -0.104469
v -2.362716 1.337907 -0.108584
v -2.363661 1.338411 -0.104469
v -2.342448 1.375275 -0.104485
v -2.363598 1.338636 -0.104485
v -2.104407 1.237530 -0.044498
v -2.104533 1.237080 -0.044934
v -2.108223 1.230690 -0.044934
v -2.108547 1.230357 -0.044498
v -2.338929 1.372926 -0.115289
v -2.339055 1.372485 -0.115724
v -2.342745 1.366095 -0.115724
v -2.343069 1.365762 -0.115289
v -2.343285 1.366140 -0.115387
v -2.112903 1.222581 -0.044934
v -2.116917 1.215858 -0.044498
v -2.347326 1.358184 -0.115666
v -2.351439 1.351263 -0.115289
v -2.125287 1.201359 -0.044498
v -2.125089 1.201512 -0.044875
v -2.121273 1.208091 -0.044934
v -2.121147 1.208532 -0.044498
v -2.359809 1.336764 -0.115289
v -2.359485 1.337097 -0.115724
v -2.355795 1.343487 -0.115724
v -2.355669 1.343937 -0.115289
v -2.105928 1.238403 -0.037794
v -2.110068 1.231230 -0.037794
v -2.344590 1.366635 -0.108584
v -2.341053 1.373637 -0.108698
v -2.114298 1.223904 -0.037794
v -2.118438 1.216740 -0.037794
v -2.348820 1.359309 -0.108584
v -2.352960 1.352136 -0.108584
v -2.126808 1.202241 -0.037794
v -2.122668 1.209414 -0.037794
v -2.361330 1.337637 -0.108584
v -2.357190 1.344810 -0.108584
v -2.292327 0.845183 -0.033011
v -2.277333 0.884734 -0.033011
v -2.276352 0.884363 -0.037017
v -2.291346 0.844811 -0.037017
v -2.277306 0.884965 -0.033027
v -2.292462 0.844993 -0.033027
v -2.277396 0.885176 -0.033068
v -2.292669 0.844896 -0.033068
v -2.277576 0.885310 -0.033125
v -2.276595 0.884938 -0.037131
v -2.291913 0.844545 -0.037131
v -2.292894 0.844917 -0.033125
v -2.532411 0.981957 -0.104371
v -2.531430 0.981579 -0.108376
v -2.546748 0.941187 -0.108376
v -2.547729 0.941565 -0.104371
v -2.532636 0.981975 -0.104428
v -2.547909 0.941691 -0.104428
v -2.532843 0.981876 -0.104469
v -2.547999 0.941907 -0.104469
v -2.532978 0.981687 -0.104485
v -2.547972 0.942132 -0.104485
v -2.275641 0.883445 -0.044588
v -2.275920 0.883912 -0.044498
v -2.275974 0.883450 -0.044934
v -2.278593 0.876550 -0.044934
v -2.278854 0.876170 -0.044498
v -2.529126 0.979941 -0.115289
v -2.529180 0.979482 -0.115724
v -2.531799 0.972579 -0.115724
v -2.532060 0.972201 -0.115289
v -2.281914 0.867798 -0.044934
v -2.284524 0.860898 -0.044934
v -2.284794 0.860517 -0.044498
v -2.535111 0.963822 -0.115724
v -2.537730 0.956928 -0.115724
v -2.538000 0.956541 -0.115289
v -2.538234 0.956910 -0.115496
v -2.290734 0.844865 -0.044498
v -2.290464 0.845246 -0.044934
v -2.287845 0.852146 -0.044934
v -2.287791 0.852607 -0.044498
v -2.543859 0.940926 -0.115507
v -2.543670 0.941277 -0.115724
v -2.541051 0.948171 -0.115724
v -2.540997 0.948630 -0.115289
v -2.544120 0.941322 -0.115576
v -2.277558 0.884533 -0.037794
v -2.280501 0.876791 -0.037794
v -2.530764 0.980562 -0.108584
v -2.533698 0.972822 -0.108584
v -2.283498 0.868881 -0.037794
v -2.286432 0.861139 -0.037794
v -2.536704 0.964911 -0.108584
v -2.539638 0.957162 -0.108584
v -2.292372 0.845487 -0.037794
v -2.289429 0.853229 -0.037794
v -2.545569 0.941511 -0.108584
v -2.542635 0.949260 -0.108584
v -2.398473 0.466503 -0.033011
v -2.390013 0.507948 -0.033011
v -2.397447 0.466293 -0.037017
v -2.390022 0.508180 -0.033027
v -2.398572 0.466294 -0.033027
v -2.390148 0.508373 -0.033068
v -2.398761 0.466164 -0.033068
v -2.390346 0.508475 -0.033125
v -2.389320 0.508266 -0.037131
v -2.397960 0.465939 -0.037131
v -2.398986 0.466148 -0.033125
v -2.657385 0.562991 -0.104371
v -2.656305 0.562542 -0.108753
v -2.664999 0.520454 -0.108376
v -2.666025 0.520664 -0.104371
v -2.657610 0.562976 -0.104428
v -2.666223 0.520766 -0.104428
v -2.657799 0.562846 -0.104469
v -2.666349 0.520960 -0.104469
v -2.657898 0.562637 -0.104485
v -2.666358 0.521192 -0.104485
v -2.388492 0.507362 -0.044498
v -2.388465 0.506897 -0.044934
v -2.389941 0.499667 -0.044934
v -2.390148 0.499249 -0.044498
v -2.653821 0.561528 -0.115289
v -2.653794 0.561065 -0.115724
v -2.655270 0.553834 -0.115724
v -2.655477 0.553416 -0.115289
v -2.655765 0.553735 -0.115496
v -2.391813 0.490496 -0.044934
v -2.393289 0.483265 -0.044934
v -2.393496 0.482847 -0.044498
v -2.657115 0.544886 -0.115666
v -2.658825 0.537014 -0.115289
v -2.396844 0.466445 -0.044498
v -2.396646 0.466864 -0.044934
v -2.395161 0.474094 -0.044934
v -2.395188 0.474558 -0.044498
v -2.662101 0.520660 -0.115507
v -2.661966 0.521030 -0.115724
v -2.660490 0.528262 -0.115724
v -2.390211 0.507712 -0.037794
v -2.391867 0.499599 -0.037794
v -2.655531 0.561879 -0.108584
v -2.657187 0.553767 -0.108584
v -2.393559 0.491310 -0.037794
v -2.395215 0.483198 -0.037794
v -2.658879 0.545478 -0.108584
v -2.660535 0.537364 -0.108584
v -2.398563 0.466796 -0.037794
v -2.396907 0.474909 -0.037794
v -2.663892 0.520963 -0.108584
v -2.662227 0.529075 -0.108584
v -2.662749 0.528722 -0.108698
v -2.442492 0.075699 -0.033011
v -2.440791 0.117965 -0.033011
v -2.440845 0.118192 -0.033027
v -2.442564 0.075477 -0.033027
v -2.440998 0.118363 -0.033068
v -2.442726 0.075319 -0.033068
v -2.441205 0.118432 -0.033125
v -2.440161 0.118390 -0.037131
v -2.440071 0.118161 -0.037508
v -2.441898 0.075225 -0.037131
v -2.442951 0.075267 -0.033125
v -2.713527 0.129406 -0.104371
v -2.712483 0.129364 -0.108376
v -2.712384 0.128910 -0.108812
v -2.714220 0.086199 -0.108376
v -2.715273 0.086241 -0.104371
v -2.713752 0.129355 -0.104428
v -2.715480 0.086310 -0.104428
v -2.713914 0.129196 -0.104469
v -2.712843 0.129123 -0.108584
v -2.714562 0.086468 -0.108584
v -2.715633 0.086481 -0.104469
v -2.713986 0.128974 -0.104485
v -2.715687 0.086708 -0.104485
v -2.439198 0.117630 -0.044498
v -2.439099 0.117176 -0.044934
v -2.439396 0.109802 -0.044934
v -2.439531 0.109357 -0.044498
v -2.709774 0.128535 -0.115289
v -2.709684 0.128305 -0.115666
v -2.709981 0.120706 -0.115724
v -2.710107 0.120261 -0.115289
v -2.710134 0.128294 -0.115496
v -2.710449 0.120530 -0.115496
v -2.439873 0.100904 -0.044498
v -2.439774 0.100449 -0.044934
v -2.440071 0.093076 -0.044934
v -2.440206 0.092631 -0.044498
v -2.710449 0.111808 -0.115289
v -2.710359 0.111579 -0.115666
v -2.710656 0.103980 -0.115724
v -2.710782 0.103534 -0.115289
v -2.710809 0.111567 -0.115496
v -2.711124 0.103804 -0.115496
v -2.440152 0.083906 -0.044509
v -2.440881 0.075904 -0.044498
v -2.440746 0.076349 -0.044934
v -2.440449 0.083723 -0.044934
v -2.440548 0.084177 -0.044498
v -2.711457 0.086808 -0.115289
v -2.711331 0.087253 -0.115724
v -2.711025 0.094627 -0.115724
v -2.711124 0.095082 -0.115289
v -2.440944 0.117701 -0.037794
v -2.441277 0.109428 -0.037794
v -2.711529 0.128605 -0.108584
v -2.711862 0.120332 -0.108584
v -2.711916 0.128395 -0.108683
v -2.441619 0.100975 -0.037794
v -2.441952 0.092701 -0.037794
v -2.712204 0.111878 -0.108584
v -2.712537 0.103606 -0.108584
v -2.712654 0.111446 -0.108698
v -2.712951 0.104073 -0.108698
v -2.442627 0.075975 -0.037794
v -2.442294 0.084248 -0.037794
v -2.713212 0.086879 -0.108584
v -2.712879 0.095152 -0.108584
v -2.713329 0.094720 -0.108698
v -2.423259 -0.317105 -0.033011
v -2.428362 -0.275113 -0.033011
v -2.422224 -0.316979 -0.037017
v -2.428443 -0.274897 -0.033027
v -2.423286 -0.317335 -0.033027
v -2.428623 -0.274753 -0.033068
v -2.423430 -0.317518 -0.033068
v -2.428848 -0.274719 -0.033125
v -2.427804 -0.274593 -0.037131
v -2.422602 -0.317478 -0.037131
v -2.423637 -0.317604 -0.033125
v -2.699397 -0.307570 -0.104371
v -2.698362 -0.307444 -0.108376
v -2.693151 -0.350329 -0.108376
v -2.694195 -0.350455 -0.104371
v -2.699604 -0.307657 -0.104428
v -2.694411 -0.350422 -0.104428
v -2.699748 -0.307839 -0.104469
v -2.693529 -0.350118 -0.108584
v -2.694591 -0.350278 -0.104469
v -2.699775 -0.308070 -0.104485
v -2.694681 -0.350061 -0.104485
v -2.426265 -0.275472 -0.044588
v -2.426733 -0.275188 -0.044498
v -2.426562 -0.275621 -0.044934
v -2.425671 -0.282947 -0.044934
v -2.425734 -0.283408 -0.044498
v -2.695554 -0.307829 -0.115289
v -2.695392 -0.308262 -0.115724
v -2.694501 -0.315588 -0.115724
v -2.694555 -0.316049 -0.115289
v -2.694933 -0.315838 -0.115496
v -2.424546 -0.292239 -0.044934
v -2.423718 -0.300025 -0.044498
v -2.693412 -0.324658 -0.115666
v -2.692539 -0.332667 -0.115289
v -2.421693 -0.316643 -0.044498
v -2.422530 -0.308856 -0.044934
v -2.422692 -0.308423 -0.044498
v -2.690469 -0.349218 -0.115507
v -2.691351 -0.341498 -0.115724
v -2.691522 -0.341065 -0.115289
v -2.428470 -0.275399 -0.037794
v -2.427471 -0.283618 -0.037794
v -2.697291 -0.308040 -0.108584
v -2.696301 -0.316260 -0.108584
v -2.426454 -0.292017 -0.037794
v -2.425455 -0.300237 -0.037794
v -2.695275 -0.324658 -0.108584
v -2.694276 -0.332878 -0.108584
v -2.694762 -0.332484 -0.108698
v -2.423439 -0.316855 -0.037794
v -2.424438 -0.308635 -0.037794
v -2.692260 -0.349496 -0.108584
v -2.693259 -0.341276 -0.108584
v -2.693637 -0.341776 -0.108698
v -2.341260 -0.701737 -0.033011
v -2.353032 -0.661107 -0.033011
v -2.352024 -0.660816 -0.037017
v -2.353149 -0.660908 -0.033027
v -2.341260 -0.701969 -0.033027
v -2.353347 -0.660793 -0.033068
v -2.341359 -0.702172 -0.033068
v -2.353572 -0.660796 -0.033125
v -2.352573 -0.660504 -0.037131
v -2.352411 -0.660693 -0.037508
v -2.340549 -0.701999 -0.037131
v -2.341557 -0.702290 -0.033125
v -2.615355 -0.736622 -0.104371
v -2.614347 -0.736330 -0.108376
v -2.614194 -0.736519 -0.108753
v -2.602332 -0.777825 -0.108376
v -2.603340 -0.778116 -0.104371
v -2.615544 -0.736741 -0.104428
v -2.603565 -0.778119 -0.104428
v -2.615652 -0.736943 -0.104469
v -2.614617 -0.736672 -0.108584
v -2.602737 -0.777677 -0.108584
v -2.603763 -0.778005 -0.104469
v -2.615652 -0.737175 -0.104485
v -2.603880 -0.777805 -0.104485
v -2.351412 -0.660919 -0.044498
v -2.351178 -0.661320 -0.044934
v -2.349126 -0.668408 -0.044934
v -2.349108 -0.668872 -0.044498
v -2.611521 -0.736261 -0.115289
v -2.611359 -0.736449 -0.115666
v -2.609235 -0.743750 -0.115724
v -2.609217 -0.744213 -0.115289
v -2.611782 -0.736603 -0.115496
v -2.346750 -0.676999 -0.044498
v -2.344464 -0.684487 -0.044934
v -2.606859 -0.752339 -0.115289
v -2.604573 -0.759829 -0.115724
v -2.341557 -0.693388 -0.044384
v -2.339793 -0.701030 -0.044498
v -2.339811 -0.700567 -0.044934
v -2.341863 -0.693478 -0.044934
v -2.599902 -0.776372 -0.115289
v -2.599920 -0.775908 -0.115724
v -2.602206 -0.768419 -0.115289
v -2.600307 -0.776139 -0.115576
v -2.353095 -0.661407 -0.037794
v -2.350791 -0.669360 -0.037794
v -2.613204 -0.736748 -0.108584
v -2.610900 -0.744701 -0.108584
v -2.348442 -0.677486 -0.037794
v -2.346138 -0.685439 -0.037794
v -2.608542 -0.752827 -0.108584
v -2.606247 -0.760780 -0.108584
v -2.341476 -0.701518 -0.037794
v -2.343780 -0.693565 -0.037794
v -2.601585 -0.776859 -0.108584
v -2.603889 -0.768907 -0.108584
v -2.198628 -1.068234 -0.033011
v -2.216763 -1.030020 -0.033011
v -2.197683 -1.067784 -0.037017
v -2.216907 -1.029840 -0.033027
v -2.198583 -1.068459 -0.033027
v -2.217123 -1.029759 -0.033068
v -2.198655 -1.068684 -0.033068
v -2.217348 -1.029795 -0.033125
v -2.216403 -1.029354 -0.037131
v -2.216214 -1.029507 -0.037508
v -2.197881 -1.068378 -0.037131
v -2.198826 -1.068828 -0.033125
v -2.463579 -1.146633 -0.104371
v -2.462625 -1.146183 -0.108376
v -2.462337 -1.146543 -0.108812
v -2.444112 -1.185216 -0.108376
v -2.445057 -1.185666 -0.104371
v -2.463750 -1.146786 -0.104428
v -2.445282 -1.185702 -0.104428
v -2.463822 -1.147002 -0.104469
v -2.462832 -1.146570 -0.108584
v -2.444535 -1.185135 -0.108584
v -2.445489 -1.185621 -0.104469
v -2.463777 -1.147227 -0.104485
v -2.445642 -1.185441 -0.104485
v -2.215197 -1.029570 -0.044498
v -2.214900 -1.029930 -0.044934
v -2.211732 -1.036599 -0.044934
v -2.459844 -1.145661 -0.115289
v -2.459664 -1.145823 -0.115666
v -2.456388 -1.152690 -0.115724
v -2.456298 -1.153140 -0.115289
v -2.456721 -1.153059 -0.115496
v -2.207718 -1.045059 -0.044934
v -2.204559 -1.051719 -0.044934
v -2.204469 -1.052178 -0.044498
v -2.452482 -1.160952 -0.115666
v -2.449215 -1.167810 -0.115724
v -2.449125 -1.168269 -0.115289
v -2.200365 -1.059882 -0.044509
v -2.197296 -1.067055 -0.044875
v -2.200842 -1.059819 -0.044498
v -2.442033 -1.182939 -0.115724
v -2.445498 -1.175910 -0.115289
v -2.216781 -1.030326 -0.037794
v -2.213226 -1.037805 -0.037794
v -2.461428 -1.146417 -0.108584
v -2.457882 -1.153896 -0.108584
v -2.461635 -1.147011 -0.108698
v -2.209599 -1.045446 -0.037794
v -2.206053 -1.052934 -0.037794
v -2.454255 -1.161537 -0.108584
v -2.450709 -1.169016 -0.108584
v -2.201841 -1.060791 -0.037680
v -2.198871 -1.068054 -0.037794
v -2.443527 -1.184145 -0.108584
v -2.447082 -1.176666 -0.108584
v -1.999053 -1.407111 -0.033011
v -2.023083 -1.372290 -0.033011
v -2.023254 -1.372146 -0.033027
v -1.998972 -1.407327 -0.033027
v -2.023479 -1.372101 -0.033068
v -1.999008 -1.407552 -0.033068
v -2.023695 -1.372173 -0.033125
v -2.022831 -1.371579 -0.037131
v -1.998288 -1.407129 -0.037131
v -1.999152 -1.407723 -0.033125
v -2.247993 -1.526991 -0.104371
v -2.247129 -1.526397 -0.108376
v -2.222586 -1.561947 -0.108376
v -2.223450 -1.562550 -0.104371
v -2.248137 -1.527162 -0.104428
v -2.223666 -1.562622 -0.104428
v -2.248173 -1.527396 -0.104469
v -2.223018 -1.561938 -0.108584
v -2.223891 -1.562577 -0.104469
v -2.248092 -1.527612 -0.104485
v -2.224062 -1.562424 -0.104485
v -2.021598 -1.371606 -0.044498
v -2.021256 -1.371912 -0.044934
v -2.017062 -1.377987 -0.044934
v -2.244465 -1.525434 -0.115289
v -2.244114 -1.525740 -0.115724
v -2.239929 -1.531815 -0.115724
v -2.244609 -1.525839 -0.115496
v -2.012094 -1.385376 -0.044498
v -2.011743 -1.385682 -0.044934
v -2.007549 -1.391757 -0.044934
v -2.007387 -1.392198 -0.044498
v -2.234961 -1.539213 -0.115289
v -2.234745 -1.539339 -0.115666
v -2.230416 -1.545594 -0.115724
v -2.230254 -1.546026 -0.115289
v -2.230686 -1.546017 -0.115496
v -1.997883 -1.405968 -0.044498
v -2.002230 -1.399461 -0.044934
v -2.002581 -1.399155 -0.044498
v -2.220732 -1.559724 -0.115507
v -2.225097 -1.553298 -0.115724
v -2.225448 -1.552992 -0.115289
v -2.023047 -1.372596 -0.037794
v -2.018340 -1.379409 -0.037794
v -2.245905 -1.526433 -0.108584
v -2.241207 -1.533246 -0.108584
v -2.013534 -1.386375 -0.037794
v -2.008836 -1.393188 -0.037794
v -2.236401 -1.540212 -0.108584
v -2.231694 -1.547025 -0.108584
v -2.232306 -1.546899 -0.108698
v -2.003409 -1.400271 -0.037680
v -1.999323 -1.406967 -0.037794
v -2.004030 -1.400154 -0.037794
v -2.222190 -1.560795 -0.108584
v -2.226888 -1.553982 -0.108584
v -2.226996 -1.554603 -0.108698
v -1.747701 -1.709574 -0.033011
v -1.776996 -1.679064 -0.033011
v -1.777194 -1.678947 -0.033027
v -1.746945 -1.708854 -0.037250
v -1.747584 -1.709781 -0.033027
v -1.777428 -1.678938 -0.033068
v -1.747584 -1.710006 -0.033068
v -1.777626 -1.679046 -0.033125
v -1.776870 -1.678317 -0.037131
v -1.746945 -1.709475 -0.037131
v -1.747701 -1.710204 -0.033125
v -1.974186 -1.867839 -0.104371
v -1.973430 -1.867119 -0.108376
v -1.943505 -1.898268 -0.108376
v -1.944261 -1.898997 -0.104371
v -1.974294 -1.868037 -0.104428
v -1.944459 -1.899105 -0.104428
v -1.974303 -1.868262 -0.104469
v -1.943928 -1.898331 -0.108584
v -1.944684 -1.899096 -0.104469
v -1.974186 -1.868469 -0.104485
v -1.944882 -1.898979 -0.104485
v -1.775655 -1.678146 -0.044498
v -1.775259 -1.678398 -0.044934
v -1.770147 -1.683717 -0.044934
v -1.769913 -1.684122 -0.044498
v -1.970955 -1.865742 -0.115289
v -1.970559 -1.865985 -0.115724
v -1.965447 -1.871304 -0.115724
v -1.965222 -1.871709 -0.115289
v -1.764054 -1.690224 -0.044498
v -1.763667 -1.690467 -0.044934
v -1.758555 -1.695795 -0.044934
v -1.758321 -1.696191 -0.044498
v -1.959363 -1.877811 -0.115289
v -1.958967 -1.878054 -0.115724
v -1.953855 -1.883382 -0.115724
v -1.959435 -1.878234 -0.115496
v -1.751994 -1.702194 -0.044509
v -1.746810 -1.708035 -0.044875
v -1.752462 -1.702293 -0.044498
v -1.942254 -1.895451 -0.115724
v -1.947762 -1.889889 -0.115289
v -1.776915 -1.679361 -0.037794
v -1.771182 -1.685337 -0.037794
v -1.972215 -1.866957 -0.108584
v -1.966482 -1.872924 -0.108584
v -1.765323 -1.691439 -0.037794
v -1.759581 -1.697406 -0.037794
v -1.960623 -1.879026 -0.108584
v -1.954890 -1.885002 -0.108584
v -1.753101 -1.703535 -0.037680
v -1.747989 -1.709484 -0.037794
v -1.943289 -1.897071 -0.108584
v -1.949031 -1.891095 -0.108584
v -1.451079 -1.967811 -0.033011
v -1.484901 -1.942395 -0.033011
v -1.485108 -1.942305 -0.033027
v -1.450935 -1.967991 -0.033027
v -1.485342 -1.942332 -0.033068
v -1.450899 -1.968216 -0.033068
v -1.485522 -1.942476 -0.033125
v -1.484892 -1.941639 -0.037131
v -1.450350 -1.967586 -0.037131
v -1.450980 -1.968423 -0.033125
v -1.649250 -2.160357 -0.104371
v -1.648377 -2.159574 -0.108753
v -1.614078 -2.185467 -0.108376
v -1.614708 -2.186304 -0.104371
v -1.649331 -2.160564 -0.104428
v -1.614888 -2.186448 -0.104428
v -1.649295 -2.160789 -0.104469
v -1.615113 -2.186475 -0.104469
v -1.649151 -2.160969 -0.104485
v -1.615329 -2.186385 -0.104485
v -1.483713 -1.941270 -0.044498
v -1.483290 -1.941450 -0.044934
v -1.477386 -1.945887 -0.044934
v -1.477098 -1.946247 -0.044498
v -1.646154 -2.157819 -0.115666
v -1.640070 -2.162373 -0.115724
v -1.639773 -2.162733 -0.115289
v -1.470330 -1.951332 -0.044498
v -1.469907 -1.951512 -0.044934
v -1.464003 -1.955940 -0.044934
v -1.633014 -2.167818 -0.115289
v -1.632582 -2.167998 -0.115724
v -1.626687 -2.172435 -0.115724
v -1.456506 -1.961214 -0.044509
v -1.450449 -1.966146 -0.044875
v -1.456947 -1.961385 -0.044498
v -1.613304 -2.182488 -0.115724
v -1.619631 -2.177871 -0.115289
v -1.484766 -1.942674 -0.037794
v -1.478151 -1.947651 -0.037794
v -1.647450 -2.159160 -0.108584
v -1.640835 -2.164137 -0.108584
v -1.471383 -1.952727 -0.037794
v -1.464768 -1.957704 -0.037794
v -1.634067 -2.169222 -0.108584
v -1.627452 -2.174190 -0.108584
v -1.451385 -1.967757 -0.037794
v -1.458000 -1.962789 -0.037794
v -1.614069 -2.184252 -0.108584
v -1.620585 -2.179896 -0.108698
v -1.116882 -2.175117 -0.033011
v -1.154340 -2.155461 -0.033011
v -1.116396 -2.174190 -0.037017
v -1.154565 -2.155407 -0.033027
v -1.116711 -2.175270 -0.033027
v -1.154781 -2.155470 -0.033068
v -1.116639 -2.175486 -0.033068
v -1.154934 -2.155632 -0.033125
v -1.154448 -2.154705 -0.037131
v -1.116198 -2.174784 -0.037131
v -1.116684 -2.175711 -0.033125
v -1.281591 -2.396958 -0.104371
v -1.281105 -2.396031 -0.108376
v -1.242855 -2.416110 -0.108376
v -1.243341 -2.417037 -0.104371
v -1.281645 -2.397174 -0.104428
v -1.243494 -2.417199 -0.104428
v -1.281573 -2.397399 -0.104469
v -1.243719 -2.417262 -0.104469
v -1.281402 -2.397552 -0.104485
v -1.243944 -2.417208 -0.104485
v -1.152855 -2.153940 -0.044588
v -1.153350 -2.154156 -0.044498
v -1.152900 -2.154264 -0.044934
v -1.146366 -2.157693 -0.044934
v -1.279197 -2.393943 -0.115289
v -1.278747 -2.394051 -0.115724
v -1.272213 -2.397480 -0.115724
v -1.138032 -2.161716 -0.044588
v -1.138527 -2.161941 -0.044498
v -1.138077 -2.162049 -0.044934
v -1.131543 -2.165478 -0.044934
v -1.131192 -2.165784 -0.044498
v -1.264374 -2.401719 -0.115289
v -1.263924 -2.401827 -0.115724
v -1.257390 -2.405256 -0.115724
v -1.257039 -2.405571 -0.115289
v -1.123101 -2.169537 -0.044384
v -1.116378 -2.173569 -0.044498
v -1.116531 -2.173371 -0.044875
v -1.123254 -2.169825 -0.044934
v -1.123704 -2.169717 -0.044498
v -1.242252 -2.413266 -0.115507
v -1.242567 -2.413041 -0.115724
v -1.249101 -2.409612 -0.115724
v -1.249551 -2.409495 -0.115289
v -1.242675 -2.413482 -0.115576
v -1.154169 -2.155713 -0.037794
v -1.146834 -2.159556 -0.037794
v -1.280016 -2.395491 -0.108584
v -1.272681 -2.399343 -0.108584
v -1.139346 -2.163489 -0.037794
v -1.132011 -2.167341 -0.037794
v -1.265193 -2.403276 -0.108584
v -1.257858 -2.407119 -0.108584
v -1.117188 -2.175117 -0.037794
v -1.124523 -2.171274 -0.037794
v -1.243035 -2.414895 -0.108584
v -1.250370 -2.411052 -0.108584
v -0.753756 -2.326128 -0.033011
v -0.793879 -2.312736 -0.033011
v -0.753425 -2.325138 -0.037017
v -0.794111 -2.312718 -0.033027
v -0.753562 -2.326254 -0.033027
v -0.794318 -2.312817 -0.033068
v -0.753456 -2.326461 -0.033068
v -0.794444 -2.313006 -0.033125
v -0.794112 -2.312007 -0.037131
v -0.793868 -2.311989 -0.037508
v -0.753136 -2.325687 -0.037131
v -0.753467 -2.326686 -0.033125
v -0.880750 -2.571522 -0.104371
v -0.880418 -2.570523 -0.108376
v -0.880173 -2.570505 -0.108753
v -0.839624 -2.584041 -0.108753
v -0.839441 -2.584203 -0.108376
v -0.839773 -2.585202 -0.104371
v -0.880761 -2.571747 -0.104428
v -0.839899 -2.585391 -0.104428
v -0.880655 -2.571945 -0.104469
v -0.839794 -2.584455 -0.108584
v -0.840106 -2.585490 -0.104469
v -0.880460 -2.572071 -0.104485
v -0.880129 -2.571081 -0.108490
v -0.840337 -2.585472 -0.104485
v -0.785445 -2.313402 -0.044588
v -0.793114 -2.311296 -0.044498
v -0.792652 -2.311332 -0.044934
v -0.785651 -2.313663 -0.044934
v -0.785261 -2.313915 -0.044498
v -0.878868 -2.568156 -0.115289
v -0.878405 -2.568192 -0.115724
v -0.871405 -2.570532 -0.115724
v -0.878737 -2.568570 -0.115496
v -0.776781 -2.316300 -0.044588
v -0.777236 -2.316597 -0.044498
v -0.776773 -2.316633 -0.044934
v -0.769773 -2.318964 -0.044934
v -0.769382 -2.319216 -0.044498
v -0.862989 -2.573457 -0.115289
v -0.862527 -2.573493 -0.115724
v -0.855527 -2.575833 -0.115724
v -0.855136 -2.576076 -0.115289
v -0.855488 -2.576328 -0.115496
v -0.753686 -2.324355 -0.044875
v -0.760894 -2.321934 -0.044934
v -0.761358 -2.321898 -0.044498
v -0.839257 -2.581386 -0.115289
v -0.839648 -2.581134 -0.115724
v -0.846648 -2.578794 -0.115724
v -0.847112 -2.578758 -0.115289
v -0.793670 -2.312952 -0.037794
v -0.785815 -2.315580 -0.037794
v -0.879423 -2.569821 -0.108584
v -0.871569 -2.572440 -0.108584
v -0.777791 -2.318262 -0.037794
v -0.769937 -2.320881 -0.037794
v -0.863545 -2.575122 -0.108584
v -0.855691 -2.577741 -0.108584
v -0.856256 -2.578011 -0.108698
v -0.754059 -2.326182 -0.037794
v -0.761912 -2.323563 -0.037794
v -0.839812 -2.583042 -0.108584
v -0.847666 -2.580423 -0.108584
v -0.847377 -2.580981 -0.108698
v -0.371110 -2.416938 -0.033011
v -0.412862 -2.410152 -0.033011
v -0.413093 -2.410170 -0.033027
v -0.370896 -2.417028 -0.033027
v -0.413281 -2.410305 -0.033068
v -0.370760 -2.417217 -0.033068
v -0.413375 -2.410512 -0.033125
v -0.413207 -2.409477 -0.037131
v -0.370567 -2.416407 -0.037131
v -0.370734 -2.417442 -0.033125
v -0.457094 -2.679522 -0.104371
v -0.456926 -2.678487 -0.108376
v -0.456464 -2.678451 -0.108812
v -0.414285 -2.685417 -0.108376
v -0.414454 -2.686452 -0.104371
v -0.457069 -2.679747 -0.104428
v -0.414548 -2.686659 -0.104428
v -0.456933 -2.679927 -0.104469
v -0.414593 -2.685723 -0.108584
v -0.414736 -2.686785 -0.104469
v -0.456719 -2.680026 -0.104485
v -0.414968 -2.686812 -0.104485
v -0.412337 -2.408604 -0.044498
v -0.411874 -2.408568 -0.044934
v -0.404590 -2.409756 -0.044934
v -0.404164 -2.409936 -0.044498
v -0.455539 -2.675841 -0.115666
v -0.448030 -2.677047 -0.115724
v -0.447603 -2.677227 -0.115289
v -0.455580 -2.676282 -0.115496
v -0.388015 -2.412123 -0.044617
v -0.395814 -2.411295 -0.044498
v -0.395351 -2.411250 -0.044934
v -0.388066 -2.412438 -0.044934
v -0.387641 -2.412618 -0.044498
v -0.439253 -2.678586 -0.115289
v -0.439016 -2.678523 -0.115666
v -0.431506 -2.679729 -0.115724
v -0.431080 -2.679918 -0.115289
v -0.371118 -2.415309 -0.044498
v -0.371543 -2.415120 -0.044934
v -0.378828 -2.413941 -0.044934
v -0.379291 -2.413977 -0.044498
v -0.414557 -2.682600 -0.115289
v -0.414983 -2.682420 -0.115724
v -0.422267 -2.681232 -0.115724
v -0.422730 -2.681268 -0.115289
v -0.414943 -2.682870 -0.115576
v -0.412618 -2.410341 -0.037794
v -0.404446 -2.411664 -0.037794
v -0.447885 -2.678955 -0.108584
v -0.396094 -2.413023 -0.037794
v -0.387922 -2.414355 -0.037794
v -0.439534 -2.680314 -0.108584
v -0.431362 -2.681646 -0.108584
v -0.371398 -2.417037 -0.037794
v -0.379571 -2.415705 -0.037794
v -0.414838 -2.684328 -0.108584
v -0.423011 -2.683005 -0.108584
v 0.021150 -2.445189 -0.033011
v -0.021150 -2.445189 -0.033011
v -0.021375 -2.445243 -0.033027
v 0.021150 -2.444145 -0.037250
v 0.021375 -2.445243 -0.033027
v -0.021540 -2.445405 -0.033068
v 0.021540 -2.445405 -0.033068
v -0.021600 -2.445621 -0.033125
v -0.021600 -2.444577 -0.037131
v 0.021600 -2.444577 -0.037131
v 0.021600 -2.445621 -0.033125
v -0.021600 -2.718168 -0.104371
v -0.021600 -2.717115 -0.108376
v 0.021600 -2.717115 -0.108376
v 0.021600 -2.718168 -0.104371
v -0.021540 -2.718384 -0.104428
v 0.021540 -2.718384 -0.104428
v -0.021375 -2.718546 -0.104469
v 0.021375 -2.718546 -0.104469
v -0.021150 -2.718600 -0.104485
v 0.021150 -2.718600 -0.104485
v -0.020880 -2.443578 -0.044498
v -0.020430 -2.443470 -0.044934
v -0.013050 -2.443470 -0.044934
v -0.012600 -2.443578 -0.044498
v -0.020880 -2.714379 -0.115289
v -0.020430 -2.714271 -0.115724
v -0.013050 -2.714271 -0.115724
v -0.012600 -2.714379 -0.115289
v -0.004140 -2.443578 -0.044498
v -0.003690 -2.443470 -0.044934
v 0.003690 -2.443470 -0.044934
v 0.004140 -2.443578 -0.044498
v -0.004140 -2.714379 -0.115289
v -0.003690 -2.714271 -0.115724
v 0.003690 -2.714271 -0.115724
v 0.004140 -2.714379 -0.115289
v 0.003915 -2.714757 -0.115387
v 0.012855 -2.443173 -0.044509
v 0.020880 -2.443578 -0.044498
v 0.020430 -2.443470 -0.044934
v 0.013050 -2.443470 -0.044934
v 0.012600 -2.443578 -0.044498
v 0.020820 -2.714325 -0.115507
v 0.020430 -2.714271 -0.115724
v 0.013050 -2.714271 -0.115724
v 0.012600 -2.714379 -0.115289
v 0.020542 -2.714712 -0.115576
v -0.020880 -2.445333 -0.037794
v -0.012600 -2.445333 -0.037794
v -0.020880 -2.716134 -0.108584
v -0.012600 -2.716134 -0.108584
v -0.004140 -2.445333 -0.037794
v 0.004140 -2.445333 -0.037794
v -0.004140 -2.716134 -0.108584
v 0.004140 -2.716134 -0.108584
v 0.003690 -2.716566 -0.108698
v 0.012600 -2.445333 -0.037794
v 0.020880 -2.716134 -0.108584
v 0.012600 -2.716134 -0.108584
v 0.412861 -2.410152 -0.033011
v 0.371109 -2.416938 -0.033011
v 0.370896 -2.417028 -0.033027
v 0.413093 -2.410170 -0.033027
v 0.370759 -2.417217 -0.033068
v 0.413281 -2.410305 -0.033068
v 0.370734 -2.417442 -0.033125
v 0.370567 -2.416407 -0.037131
v 0.413207 -2.409477 -0.037131
v 0.413375 -2.410512 -0.033125
v 0.414453 -2.686452 -0.104371
v 0.414285 -2.685417 -0.108376
v 0.456926 -2.678487 -0.108376
v 0.457094 -2.679522 -0.104371
v 0.414547 -2.686659 -0.104428
v 0.457069 -2.679747 -0.104428
v 0.414736 -2.686785 -0.104469
v 0.456932 -2.679927 -0.104469
v 0.414968 -2.686812 -0.104485
v 0.456719 -2.680026 -0.104485
v 0.371543 -2.415120 -0.044934
v 0.378828 -2.413941 -0.044934
v 0.379291 -2.413977 -0.044498
v 0.414763 -2.682465 -0.115666
v 0.422267 -2.681232 -0.115724
v 0.422730 -2.681268 -0.115289
v 0.388066 -2.412438 -0.044934
v 0.395351 -2.411250 -0.044934
v 0.431286 -2.679783 -0.115666
v 0.439057 -2.678973 -0.115496
v 0.404350 -2.409495 -0.044509
v 0.412337 -2.408604 -0.044498
v 0.411874 -2.408568 -0.044934
v 0.404590 -2.409756 -0.044934
v 0.404164 -2.409936 -0.044498
v 0.455776 -2.675904 -0.115289
v 0.455314 -2.675859 -0.115724
v 0.448029 -2.677047 -0.115724
v 0.447603 -2.677227 -0.115289
v 0.455495 -2.676282 -0.115576
v 0.371398 -2.417037 -0.037794
v 0.379571 -2.415705 -0.037794
v 0.414838 -2.684328 -0.108584
v 0.423011 -2.683005 -0.108584
v 0.387922 -2.414355 -0.037794
v 0.396094 -2.413023 -0.037794
v 0.431361 -2.681646 -0.108584
v 0.439534 -2.680314 -0.108584
v 0.412618 -2.410341 -0.037794
v 0.404445 -2.411664 -0.037794
v 0.456057 -2.677632 -0.108584
v 0.447884 -2.678964 -0.108584
v 0.793879 -2.312736 -0.033011
v 0.753756 -2.326128 -0.033011
v 0.753424 -2.325138 -0.037017
v 0.753561 -2.326254 -0.033027
v 0.793548 -2.311737 -0.037250
v 0.794111 -2.312718 -0.033027
v 0.753456 -2.326461 -0.033068
v 0.794318 -2.312817 -0.033068
v 0.753467 -2.326686 -0.033125
v 0.753135 -2.325687 -0.037131
v 0.794112 -2.312007 -0.037131
v 0.794444 -2.313006 -0.033125
v 0.839772 -2.585202 -0.104371
v 0.839441 -2.584203 -0.108376
v 0.880418 -2.570523 -0.108376
v 0.880749 -2.571522 -0.104371
v 0.839898 -2.585382 -0.104428
v 0.880761 -2.571747 -0.104428
v 0.840105 -2.585490 -0.104469
v 0.880286 -2.570937 -0.108584
v 0.880655 -2.571945 -0.104469
v 0.840337 -2.585472 -0.104485
v 0.880460 -2.572071 -0.104485
v 0.753689 -2.324004 -0.044588
v 0.753503 -2.324517 -0.044498
v 0.753894 -2.324265 -0.044934
v 0.760894 -2.321934 -0.044934
v 0.839257 -2.581386 -0.115289
v 0.839648 -2.581134 -0.115724
v 0.846648 -2.578794 -0.115724
v 0.769567 -2.318703 -0.044588
v 0.769382 -2.319216 -0.044498
v 0.769773 -2.318964 -0.044934
v 0.776773 -2.316633 -0.044934
v 0.777236 -2.316597 -0.044498
v 0.855136 -2.576085 -0.115289
v 0.855527 -2.575833 -0.115724
v 0.862527 -2.573493 -0.115724
v 0.862989 -2.573457 -0.115289
v 0.785549 -2.313357 -0.044384
v 0.792869 -2.311269 -0.044875
v 0.785260 -2.313915 -0.044498
v 0.878404 -2.568192 -0.115724
v 0.871014 -2.570784 -0.115289
v 0.754058 -2.326182 -0.037794
v 0.761912 -2.323554 -0.037794
v 0.839812 -2.583042 -0.108584
v 0.847666 -2.580423 -0.108584
v 0.769936 -2.320881 -0.037794
v 0.777791 -2.318262 -0.037794
v 0.855690 -2.577741 -0.108584
v 0.863256 -2.575680 -0.108698
v 0.793670 -2.312952 -0.037794
v 0.785815 -2.315580 -0.037794
v 0.879423 -2.569821 -0.108584
v 0.871569 -2.572440 -0.108584
v 1.154340 -2.155461 -0.033011
v 1.116882 -2.175117 -0.033011
v 1.116396 -2.174190 -0.037017
v 1.153854 -2.154534 -0.037017
v 1.116711 -2.175270 -0.033027
v 1.154565 -2.155407 -0.033027
v 1.116639 -2.175486 -0.033068
v 1.154781 -2.155470 -0.033068
v 1.116684 -2.175711 -0.033125
v 1.116198 -2.174784 -0.037131
v 1.154448 -2.154705 -0.037131
v 1.154934 -2.155632 -0.033125
v 1.243341 -2.417037 -0.104371
v 1.242855 -2.416110 -0.108376
v 1.281105 -2.396031 -0.108376
v 1.281591 -2.396958 -0.104371
v 1.243494 -2.417199 -0.104428
v 1.281645 -2.397174 -0.104428
v 1.243719 -2.417262 -0.104469
v 1.281573 -2.397399 -0.104469
v 1.243944 -2.417208 -0.104485
v 1.281402 -2.397552 -0.104485
v 1.116378 -2.173569 -0.044498
v 1.116720 -2.173254 -0.044934
v 1.123254 -2.169825 -0.044934
v 1.123704 -2.169717 -0.044498
v 1.242378 -2.413158 -0.115666
v 1.249101 -2.409612 -0.115724
v 1.249551 -2.409495 -0.115289
v 1.131543 -2.165478 -0.044934
v 1.138527 -2.161941 -0.044498
v 1.257201 -2.405373 -0.115666
v 1.264374 -2.401719 -0.115289
v 1.264311 -2.402151 -0.115496
v 1.153350 -2.154156 -0.044498
v 1.152900 -2.154264 -0.044934
v 1.146366 -2.157693 -0.044934
v 1.146015 -2.158008 -0.044498
v 1.279116 -2.393916 -0.115507
v 1.278747 -2.394051 -0.115724
v 1.272213 -2.397480 -0.115724
v 1.271862 -2.397786 -0.115289
v 1.279053 -2.394384 -0.115576
v 1.123920 -2.171094 -0.037680
v 1.117188 -2.175117 -0.037794
v 1.124523 -2.171274 -0.037794
v 1.243035 -2.414904 -0.108584
v 1.250370 -2.411052 -0.108584
v 1.132011 -2.167341 -0.037794
v 1.139346 -2.163489 -0.037794
v 1.257858 -2.407119 -0.108584
v 1.265193 -2.403276 -0.108584
v 1.154169 -2.155713 -0.037794
v 1.146834 -2.159556 -0.037794
v 1.280016 -2.395491 -0.108584
v 1.272681 -2.399343 -0.108584
v 1.484901 -1.942395 -0.033011
v 1.451079 -1.967811 -0.033011
v 1.450935 -1.967991 -0.033027
v 1.485108 -1.942305 -0.033027
v 1.450899 -1.968216 -0.033068
v 1.485342 -1.942332 -0.033068
v 1.450980 -1.968423 -0.033125
v 1.450350 -1.967586 -0.037131
v 1.484892 -1.941639 -0.037131
v 1.485522 -1.942476 -0.033125
v 1.614708 -2.186304 -0.104371
v 1.614204 -2.185260 -0.108753
v 1.649250 -2.160357 -0.104371
v 1.614888 -2.186448 -0.104428
v 1.649331 -2.160564 -0.104428
v 1.615113 -2.186475 -0.104469
v 1.648620 -2.159952 -0.108584
v 1.649295 -2.160789 -0.104469
v 1.615329 -2.186385 -0.104485
v 1.649151 -2.160978 -0.104485
v 1.450332 -1.966362 -0.044498
v 1.450620 -1.966002 -0.044934
v 1.456524 -1.961565 -0.044934
v 1.456947 -1.961385 -0.044498
v 1.613016 -2.182848 -0.115289
v 1.613304 -2.182488 -0.115724
v 1.619199 -2.178051 -0.115724
v 1.619631 -2.177871 -0.115289
v 1.464003 -1.955940 -0.044934
v 1.470330 -1.951332 -0.044498
v 1.626516 -2.172579 -0.115666
v 1.633014 -2.167818 -0.115289
v 1.633023 -2.168250 -0.115496
v 1.477053 -1.945770 -0.044509
v 1.483713 -1.941270 -0.044498
v 1.483290 -1.941450 -0.044934
v 1.477386 -1.945887 -0.044934
v 1.477098 -1.946247 -0.044498
v 1.646397 -2.157765 -0.115289
v 1.645965 -2.157945 -0.115724
v 1.640070 -2.162373 -0.115724
v 1.639773 -2.162733 -0.115289
v 1.646226 -2.158287 -0.115605
v 1.451385 -1.967757 -0.037794
v 1.458000 -1.962789 -0.037794
v 1.614069 -2.184252 -0.108584
v 1.620684 -2.179275 -0.108584
v 1.464768 -1.957704 -0.037794
v 1.471383 -1.952727 -0.037794
v 1.627443 -2.174190 -0.108584
v 1.634067 -2.169222 -0.108584
v 1.484766 -1.942674 -0.037794
v 1.478151 -1.947651 -0.037794
v 1.647450 -2.159160 -0.108584
v 1.640826 -2.164137 -0.108584
v 1.776996 -1.679064 -0.033011
v 1.747701 -1.709574 -0.033011
v 1.776249 -1.678344 -0.037017
v 1.747584 -1.709781 -0.033027
v 1.777194 -1.678947 -0.033027
v 1.747584 -1.710006 -0.033068
v 1.777428 -1.678938 -0.033068
v 1.747701 -1.710204 -0.033125
v 1.746945 -1.709475 -0.037131
v 1.776870 -1.678317 -0.037131
v 1.777626 -1.679046 -0.033125
v 1.944261 -1.898997 -0.104371
v 1.943505 -1.898268 -0.108376
v 1.973430 -1.867119 -0.108376
v 1.974186 -1.867839 -0.104371
v 1.944459 -1.899105 -0.104428
v 1.974294 -1.868037 -0.104428
v 1.944684 -1.899096 -0.104469
v 1.974303 -1.868262 -0.104469
v 1.944882 -1.898970 -0.104485
v 1.974186 -1.868469 -0.104485
v 1.746729 -1.708269 -0.044498
v 1.746954 -1.707864 -0.044934
v 1.752066 -1.702545 -0.044934
v 1.942029 -1.895856 -0.115289
v 1.942254 -1.895451 -0.115724
v 1.947366 -1.890132 -0.115724
v 1.758555 -1.695795 -0.044934
v 1.763667 -1.690467 -0.044934
v 1.764054 -1.690224 -0.044498
v 1.953855 -1.883382 -0.115724
v 1.958967 -1.878054 -0.115724
v 1.959363 -1.877811 -0.115289
v 1.959435 -1.878234 -0.115496
v 1.775655 -1.678146 -0.044498
v 1.775259 -1.678398 -0.044934
v 1.770147 -1.683717 -0.044934
v 1.769922 -1.684122 -0.044498
v 1.970874 -1.865742 -0.115507
v 1.970559 -1.865985 -0.115724
v 1.965447 -1.871304 -0.115724
v 1.970955 -1.866210 -0.115576
v 1.747989 -1.709484 -0.037794
v 1.753722 -1.703508 -0.037794
v 1.943289 -1.897071 -0.108584
v 1.949031 -1.891095 -0.108584
v 1.759590 -1.697406 -0.037794
v 1.765323 -1.691439 -0.037794
v 1.954890 -1.885002 -0.108584
v 1.960623 -1.879656 -0.108698
v 1.771182 -1.684707 -0.037680
v 1.771182 -1.685337 -0.037794
v 1.972215 -1.866957 -0.108584
v 1.966482 -1.872924 -0.108584
v 2.023083 -1.372299 -0.033011
v 1.999053 -1.407111 -0.033011
v 2.022219 -1.371696 -0.037017
v 1.998972 -1.407327 -0.033027
v 2.023254 -1.372146 -0.033027
v 1.999008 -1.407552 -0.033068
v 2.023479 -1.372101 -0.033068
v 1.999152 -1.407723 -0.033125
v 1.998288 -1.407129 -0.037131
v 2.022480 -1.371885 -0.037566
v 2.022831 -1.371579 -0.037131
v 2.023695 -1.372173 -0.033125
v 2.223450 -1.562550 -0.104371
v 2.222631 -1.561713 -0.108753
v 2.247993 -1.526991 -0.104371
v 2.223666 -1.562622 -0.104428
v 2.248137 -1.527162 -0.104428
v 2.223891 -1.562577 -0.104469
v 2.247273 -1.526802 -0.108584
v 2.248173 -1.527396 -0.104469
v 2.224062 -1.562424 -0.104485
v 2.248092 -1.527612 -0.104485
v 1.998045 -1.405536 -0.044934
v 2.002581 -1.399155 -0.044498
v 2.220795 -1.559562 -0.115666
v 2.225448 -1.552992 -0.115289
v 2.225592 -1.553397 -0.115496
v 2.007549 -1.391757 -0.044934
v 2.011743 -1.385682 -0.044934
v 2.012094 -1.385376 -0.044498
v 2.230416 -1.545594 -0.115724
v 2.234610 -1.539519 -0.115724
v 2.234961 -1.539213 -0.115289
v 2.235141 -1.539609 -0.115387
v 2.021598 -1.371606 -0.044498
v 2.017062 -1.377987 -0.044934
v 2.016900 -1.378419 -0.044498
v 2.244384 -1.525452 -0.115507
v 2.239929 -1.531815 -0.115724
v 2.239767 -1.532247 -0.115289
v 1.999323 -1.406967 -0.037794
v 2.004030 -1.400154 -0.037794
v 2.222190 -1.560795 -0.108584
v 2.226888 -1.553982 -0.108584
v 2.008836 -1.393188 -0.037794
v 2.013534 -1.386375 -0.037794
v 2.231694 -1.547025 -0.108584
v 2.236401 -1.540212 -0.108584
v 2.236500 -1.540824 -0.108698
v 2.018241 -1.378797 -0.037680
v 2.018340 -1.379418 -0.037794
v 2.245905 -1.526433 -0.108584
v 2.241207 -1.533246 -0.108584
v 2.241819 -1.533120 -0.108698
v 2.216763 -1.030020 -0.033011
v 2.198628 -1.068234 -0.033011
v 2.197683 -1.067784 -0.037017
v 2.198583 -1.068459 -0.033027
v 2.215818 -1.029570 -0.037250
v 2.216907 -1.029840 -0.033027
v 2.198655 -1.068684 -0.033068
v 2.217123 -1.029759 -0.033068
v 2.198826 -1.068828 -0.033125
v 2.197881 -1.068378 -0.037131
v 2.197890 -1.068135 -0.037508
v 2.216403 -1.029354 -0.037131
v 2.217348 -1.029795 -0.033125
v 2.445057 -1.185666 -0.104371
v 2.444112 -1.185216 -0.108376
v 2.444121 -1.184973 -0.108753
v 2.462634 -1.146183 -0.108376
v 2.463579 -1.146633 -0.104371
v 2.445282 -1.185702 -0.104428
v 2.463750 -1.146786 -0.104428
v 2.445489 -1.185621 -0.104469
v 2.444535 -1.185135 -0.108584
v 2.462832 -1.146570 -0.108584
v 2.463822 -1.147002 -0.104469
v 2.445642 -1.185441 -0.104485
v 2.463777 -1.147227 -0.104485
v 2.197287 -1.067298 -0.044498
v 2.200545 -1.060179 -0.044934
v 2.442033 -1.182939 -0.115724
v 2.445201 -1.176270 -0.115724
v 2.204469 -1.052178 -0.044498
v 2.204559 -1.051719 -0.044934
v 2.208015 -1.044699 -0.044498
v 2.449125 -1.168269 -0.115289
v 2.452374 -1.161141 -0.115724
v 2.215197 -1.029570 -0.044498
v 2.214900 -1.029930 -0.044934
v 2.211732 -1.036599 -0.044934
v 2.211642 -1.037058 -0.044498
v 2.459772 -1.145697 -0.115507
v 2.459556 -1.146021 -0.115724
v 2.456388 -1.152690 -0.115724
v 2.456298 -1.153140 -0.115289
v 2.459997 -1.146111 -0.115576
v 2.198871 -1.068054 -0.037794
v 2.202426 -1.060575 -0.037794
v 2.443527 -1.184145 -0.108584
v 2.447082 -1.176666 -0.108584
v 2.206053 -1.052925 -0.037794
v 2.209599 -1.045446 -0.037794
v 2.450709 -1.169016 -0.108584
v 2.454255 -1.161537 -0.108584
v 2.216781 -1.030326 -0.037794
v 2.213226 -1.037805 -0.037794
v 2.461428 -1.146417 -0.108584
v 2.457882 -1.153896 -0.108584
v 2.353032 -0.661108 -0.033011
v 2.341260 -0.701738 -0.033011
v 2.341251 -0.701970 -0.033027
v 2.352024 -0.660817 -0.037250
v 2.353149 -0.660908 -0.033027
v 2.341359 -0.702172 -0.033068
v 2.353347 -0.660794 -0.033068
v 2.341557 -0.702291 -0.033125
v 2.340549 -0.702000 -0.037131
v 2.352564 -0.660505 -0.037131
v 2.353572 -0.660797 -0.033125
v 2.603340 -0.778117 -0.104371
v 2.602296 -0.777582 -0.108753
v 2.614347 -0.736331 -0.108376
v 2.615355 -0.736623 -0.104371
v 2.603565 -0.778119 -0.104428
v 2.615544 -0.736741 -0.104428
v 2.603763 -0.778006 -0.104469
v 2.615652 -0.736943 -0.104469
v 2.603880 -0.777806 -0.104485
v 2.615652 -0.737176 -0.104485
v 2.339793 -0.701031 -0.044498
v 2.339811 -0.700567 -0.044934
v 2.341863 -0.693478 -0.044934
v 2.599902 -0.776372 -0.115289
v 2.599866 -0.776129 -0.115666
v 2.601972 -0.768820 -0.115724
v 2.600307 -0.776224 -0.115496
v 2.344446 -0.684952 -0.044498
v 2.344464 -0.684488 -0.044934
v 2.346516 -0.677399 -0.044934
v 2.346750 -0.676999 -0.044498
v 2.604528 -0.760050 -0.115666
v 2.606625 -0.752741 -0.115724
v 2.606859 -0.752340 -0.115289
v 2.348811 -0.668552 -0.044400
v 2.351412 -0.660920 -0.044498
v 2.351178 -0.661321 -0.044934
v 2.349126 -0.668409 -0.044934
v 2.349108 -0.668872 -0.044498
v 2.611521 -0.736261 -0.115289
v 2.611287 -0.736661 -0.115724
v 2.609235 -0.743751 -0.115724
v 2.609217 -0.744214 -0.115289
v 2.611737 -0.736677 -0.115576
v 2.341476 -0.701519 -0.037794
v 2.343780 -0.693566 -0.037794
v 2.601585 -0.776860 -0.108584
v 2.603889 -0.768908 -0.108584
v 2.346138 -0.685440 -0.037794
v 2.348442 -0.677486 -0.037794
v 2.606247 -0.760781 -0.108584
v 2.608542 -0.752828 -0.108584
v 2.608839 -0.753381 -0.108698
v 2.350791 -0.669360 -0.037794
v 2.613204 -0.736749 -0.108584
v 2.610900 -0.744702 -0.108584
v 2.428362 -0.275113 -0.033011
v 2.423259 -0.317105 -0.033011
v 2.427318 -0.274987 -0.037017
v 2.423286 -0.317335 -0.033027
v 2.428443 -0.274897 -0.033027
v 2.423430 -0.317518 -0.033068
v 2.428623 -0.274753 -0.033068
v 2.423637 -0.317604 -0.033125
v 2.422602 -0.317478 -0.037131
v 2.427804 -0.274593 -0.037131
v 2.428848 -0.274719 -0.033125
v 2.694195 -0.350455 -0.104371
v 2.693151 -0.350329 -0.108376
v 2.698362 -0.307444 -0.108376
v 2.699397 -0.307570 -0.104371
v 2.694411 -0.350422 -0.104428
v 2.699604 -0.307657 -0.104428
v 2.694591 -0.350278 -0.104469
v 2.699748 -0.307839 -0.104469
v 2.694681 -0.350061 -0.104485
v 2.699775 -0.308070 -0.104485
v 2.421639 -0.316183 -0.044934
v 2.422692 -0.308423 -0.044498
v 2.690451 -0.349049 -0.115666
v 2.691351 -0.341498 -0.115724
v 2.423718 -0.300025 -0.044498
v 2.423655 -0.299565 -0.044934
v 2.424708 -0.291806 -0.044498
v 2.692539 -0.332667 -0.115289
v 2.693367 -0.324880 -0.115724
v 2.426607 -0.275400 -0.044875
v 2.425671 -0.282947 -0.044934
v 2.425734 -0.283407 -0.044498
v 2.695554 -0.307829 -0.115289
v 2.695392 -0.308262 -0.115724
v 2.694501 -0.315588 -0.115724
v 2.694555 -0.316049 -0.115289
v 2.423439 -0.316855 -0.037794
v 2.424438 -0.308635 -0.037794
v 2.693259 -0.341276 -0.108584
v 2.425455 -0.300237 -0.037794
v 2.426454 -0.292017 -0.037794
v 2.694276 -0.332878 -0.108584
v 2.695275 -0.324658 -0.108584
v 2.428470 -0.275399 -0.037794
v 2.427471 -0.283618 -0.037794
v 2.697291 -0.308041 -0.108584
v 2.696301 -0.316260 -0.108584
v 2.440791 0.117964 -0.033011
v 2.442492 0.075698 -0.033011
v 2.442564 0.075476 -0.033027
v 2.440845 0.118191 -0.033027
v 2.442726 0.075318 -0.033068
v 2.440998 0.118362 -0.033068
v 2.442951 0.075266 -0.033125
v 2.441844 0.075282 -0.037348
v 2.440161 0.118389 -0.037131
v 2.441205 0.118431 -0.033125
v 2.715273 0.086240 -0.104371
v 2.714220 0.086198 -0.108376
v 2.712483 0.129364 -0.108376
v 2.713527 0.129406 -0.104371
v 2.715480 0.086309 -0.104428
v 2.713752 0.129354 -0.104428
v 2.715633 0.086480 -0.104469
v 2.713914 0.129196 -0.104469
v 2.715687 0.086708 -0.104485
v 2.713986 0.128973 -0.104485
v 2.440440 0.076224 -0.044588
v 2.440134 0.083822 -0.044588
v 2.440881 0.075904 -0.044498
v 2.440746 0.076349 -0.044934
v 2.440449 0.083723 -0.044934
v 2.440548 0.084177 -0.044498
v 2.711457 0.086808 -0.115289
v 2.711331 0.087253 -0.115724
v 2.711034 0.094626 -0.115724
v 2.711124 0.095081 -0.115289
v 2.440071 0.093075 -0.044934
v 2.439774 0.100449 -0.044934
v 2.439873 0.100903 -0.044498
v 2.710674 0.103755 -0.115666
v 2.710359 0.111353 -0.115724
v 2.710449 0.111807 -0.115289
v 2.711124 0.103803 -0.115496
v 2.439117 0.109595 -0.044509
v 2.439198 0.117629 -0.044498
v 2.439099 0.117176 -0.044934
v 2.439396 0.109801 -0.044934
v 2.439531 0.109357 -0.044498
v 2.709774 0.128534 -0.115289
v 2.709684 0.128079 -0.115724
v 2.709981 0.120706 -0.115724
v 2.710107 0.120260 -0.115289
v 2.710116 0.128210 -0.115576
v 2.442627 0.075974 -0.037794
v 2.442294 0.084247 -0.037794
v 2.713212 0.086878 -0.108584
v 2.712879 0.095151 -0.108584
v 2.713329 0.094719 -0.108698
v 2.441952 0.092700 -0.037794
v 2.441619 0.100974 -0.037794
v 2.712537 0.103605 -0.108584
v 2.712204 0.111878 -0.108584
v 2.440944 0.117701 -0.037794
v 2.441277 0.109427 -0.037794
v 2.711529 0.128604 -0.108584
v 2.711862 0.120331 -0.108584
v 2.390013 0.507948 -0.033011
v 2.398473 0.466503 -0.033011
v 2.398572 0.466294 -0.033027
v 2.390022 0.508180 -0.033027
v 2.398761 0.466164 -0.033068
v 2.390148 0.508373 -0.033068
v 2.398986 0.466148 -0.033125
v 2.397960 0.465939 -0.037131
v 2.389320 0.508266 -0.037131
v 2.390346 0.508475 -0.033125
v 2.666025 0.520664 -0.104371
v 2.664999 0.520454 -0.108376
v 2.656359 0.562781 -0.108376
v 2.657385 0.562991 -0.104371
v 2.666223 0.520766 -0.104428
v 2.657610 0.562976 -0.104428
v 2.666349 0.520960 -0.104469
v 2.657799 0.562846 -0.104469
v 2.666358 0.521192 -0.104485
v 2.657898 0.562637 -0.104485
v 2.396358 0.466691 -0.044588
v 2.396844 0.466445 -0.044498
v 2.396637 0.466864 -0.044934
v 2.395161 0.474094 -0.044934
v 2.395188 0.474558 -0.044498
v 2.662173 0.520612 -0.115289
v 2.661966 0.521030 -0.115724
v 2.660490 0.528262 -0.115724
v 2.660517 0.528725 -0.115289
v 2.393010 0.483092 -0.044588
v 2.393496 0.482847 -0.044498
v 2.393289 0.483265 -0.044934
v 2.391813 0.490496 -0.044934
v 2.391840 0.490959 -0.044498
v 2.658825 0.537014 -0.115289
v 2.658618 0.537433 -0.115724
v 2.657142 0.544663 -0.115724
v 2.657169 0.545127 -0.115289
v 2.657556 0.544947 -0.115496
v 2.388492 0.507362 -0.044498
v 2.389941 0.499667 -0.044934
v 2.390148 0.499248 -0.044498
v 2.653776 0.561458 -0.115507
v 2.655270 0.553834 -0.115724
v 2.655477 0.553416 -0.115289
v 2.398563 0.466796 -0.037794
v 2.396907 0.474909 -0.037794
v 2.663892 0.520963 -0.108584
v 2.662227 0.529075 -0.108584
v 2.395215 0.483198 -0.037794
v 2.393559 0.491310 -0.037794
v 2.660535 0.537364 -0.108584
v 2.658879 0.545478 -0.108584
v 2.659401 0.545123 -0.108698
v 2.391453 0.499744 -0.037695
v 2.391867 0.499599 -0.037794
v 2.655531 0.561879 -0.108584
v 2.657187 0.553767 -0.108584
v 2.657529 0.554294 -0.108698
v 2.277333 0.884734 -0.033011
v 2.292327 0.845182 -0.033011
v 2.292462 0.844992 -0.033027
v 2.276352 0.884363 -0.037250
v 2.277306 0.884965 -0.033027
v 2.292669 0.844895 -0.033068
v 2.277396 0.885176 -0.033068
v 2.292894 0.844916 -0.033125
v 2.291913 0.844545 -0.037131
v 2.276649 0.884476 -0.037566
v 2.276595 0.884937 -0.037131
v 2.277576 0.885309 -0.033125
v 2.547729 0.941556 -0.104371
v 2.546748 0.941187 -0.108376
v 2.532411 0.981957 -0.104371
v 2.547909 0.941691 -0.104428
v 2.532636 0.981975 -0.104428
v 2.547999 0.941907 -0.104469
v 2.531844 0.981471 -0.108584
v 2.532843 0.981876 -0.104469
v 2.547972 0.942132 -0.104485
v 2.532978 0.981687 -0.104485
v 2.290212 0.845029 -0.044588
v 2.287845 0.852146 -0.044934
v 2.543670 0.941268 -0.115724
v 2.541051 0.948171 -0.115724
v 2.284533 0.860897 -0.044934
v 2.281914 0.867798 -0.044934
v 2.281860 0.868259 -0.044498
v 2.537829 0.956721 -0.115666
v 2.535111 0.963822 -0.115724
v 2.535057 0.964290 -0.115289
v 2.538234 0.956910 -0.115496
v 2.275920 0.883911 -0.044498
v 2.275974 0.883450 -0.044934
v 2.278593 0.876550 -0.044934
v 2.278863 0.876169 -0.044498
v 2.529090 0.979860 -0.115507
v 2.529180 0.979473 -0.115724
v 2.531799 0.972579 -0.115724
v 2.292372 0.845486 -0.037794
v 2.289429 0.853228 -0.037794
v 2.545569 0.941511 -0.108584
v 2.542635 0.949251 -0.108584
v 2.286432 0.861138 -0.037794
v 2.283498 0.868880 -0.037794
v 2.539638 0.957162 -0.108584
v 2.536704 0.964911 -0.108584
v 2.280069 0.876868 -0.037695
v 2.530764 0.980562 -0.108584
v 2.533698 0.972822 -0.108584
v 2.105667 1.238565 -0.033011
v 2.126817 1.201935 -0.033011
v 2.126979 1.201764 -0.033027
v 2.104758 1.238043 -0.037250
v 2.105604 1.238790 -0.033027
v 2.127204 1.201701 -0.033068
v 2.105658 1.239015 -0.033068
v 2.127420 1.201764 -0.033125
v 2.126511 1.201242 -0.037131
v 2.104911 1.238646 -0.037131
v 2.105820 1.239177 -0.033125
v 2.363445 1.338033 -0.104371
v 2.362536 1.337511 -0.108376
v 2.340936 1.374924 -0.108376
v 2.341845 1.375446 -0.104371
v 2.363607 1.338195 -0.104428
v 2.342061 1.375500 -0.104428
v 2.363661 1.338411 -0.104469
v 2.342286 1.375437 -0.104469
v 2.363598 1.338636 -0.104485
v 2.342448 1.375275 -0.104485
v 2.124756 1.201440 -0.044588
v 2.125287 1.201359 -0.044498
v 2.124963 1.201692 -0.044934
v 2.121273 1.208091 -0.044934
v 2.121147 1.208532 -0.044498
v 2.359809 1.336764 -0.115289
v 2.359485 1.337097 -0.115724
v 2.355795 1.343487 -0.115724
v 2.355669 1.343937 -0.115289
v 2.116593 1.216191 -0.044934
v 2.112903 1.222581 -0.044934
v 2.351241 1.351407 -0.115666
v 2.347740 1.358427 -0.115387
v 2.108070 1.230375 -0.044509
v 2.104407 1.237530 -0.044498
v 2.104533 1.237080 -0.044934
v 2.108223 1.230690 -0.044934
v 2.108547 1.230357 -0.044498
v 2.338929 1.372926 -0.115289
v 2.339055 1.372485 -0.115724
v 2.342745 1.366095 -0.115724
v 2.343069 1.365762 -0.115289
v 2.339379 1.372800 -0.115576
v 2.126808 1.202241 -0.037794
v 2.122668 1.209414 -0.037794
v 2.361330 1.337637 -0.108584
v 2.357190 1.344810 -0.108584
v 2.118438 1.216740 -0.037794
v 2.114298 1.223904 -0.037794
v 2.348820 1.359309 -0.108584
v 2.353113 1.352748 -0.108698
v 2.105928 1.238403 -0.037794
v 2.110068 1.231230 -0.037794
v 2.340450 1.373808 -0.108584
v 2.344590 1.366635 -0.108584
v 1.879470 1.560279 -0.033011
v 1.906218 1.527510 -0.033011
v 1.878660 1.559622 -0.037017
v 1.906407 1.527375 -0.033027
v 1.879371 1.560495 -0.033027
v 1.906632 1.527348 -0.033068
v 1.879389 1.560720 -0.033068
v 1.906839 1.527438 -0.033125
v 1.906029 1.526781 -0.037131
v 1.878705 1.560243 -0.037131
v 1.879524 1.560900 -0.033125
v 2.117952 1.699806 -0.104371
v 2.117142 1.699149 -0.108376
v 2.089818 1.732611 -0.108376
v 2.090637 1.733268 -0.104371
v 2.118087 1.699995 -0.104428
v 2.090835 1.733367 -0.104428
v 2.118105 1.700220 -0.104469
v 2.091069 1.733340 -0.104469
v 2.118006 1.700436 -0.104485
v 2.091258 1.733196 -0.104485
v 1.904256 1.526700 -0.044588
v 1.904805 1.526709 -0.044498
v 1.904436 1.526979 -0.044934
v 1.899765 1.532703 -0.044934
v 1.899567 1.533117 -0.044498
v 2.114568 1.697970 -0.115289
v 2.114199 1.698249 -0.115724
v 2.109528 1.703964 -0.115724
v 2.109330 1.704387 -0.115289
v 1.893843 1.539948 -0.044934
v 1.889181 1.545663 -0.044934
v 2.103759 1.711056 -0.115666
v 2.098944 1.716933 -0.115724
v 1.883151 1.552584 -0.044509
v 1.878390 1.559055 -0.044498
v 1.878588 1.558632 -0.044934
v 1.883259 1.552917 -0.044934
v 1.883628 1.552638 -0.044498
v 2.088153 1.730235 -0.115507
v 2.088351 1.729902 -0.115724
v 2.093022 1.724187 -0.115724
v 2.088621 1.730262 -0.115576
v 1.906164 1.527816 -0.037794
v 1.900926 1.534233 -0.037794
v 2.115927 1.699086 -0.108584
v 2.110689 1.705494 -0.108584
v 1.895571 1.540785 -0.037794
v 1.890342 1.547193 -0.037794
v 2.105334 1.712046 -0.108584
v 2.100105 1.718463 -0.108584
v 1.879749 1.560162 -0.037794
v 1.884987 1.553745 -0.037794
v 2.089512 1.731432 -0.108584
v 2.094750 1.725015 -0.108584
v 2.094804 1.725636 -0.108698
v 1.604592 1.841538 -0.033011
v 1.636254 1.813494 -0.033011
v 1.636461 1.813386 -0.033027
v 1.604466 1.841736 -0.033027
v 1.636686 1.813395 -0.033068
v 1.604448 1.841961 -0.033068
v 1.636884 1.813521 -0.033125
v 1.636182 1.812738 -0.037131
v 1.604115 1.840998 -0.037566
v 1.603854 1.841385 -0.037131
v 1.604547 1.842168 -0.033125
v 1.817604 2.017524 -0.104371
v 1.816911 2.016732 -0.108376
v 1.784574 2.045379 -0.108376
v 1.785276 2.046162 -0.104371
v 1.817712 2.017722 -0.104428
v 1.785465 2.046288 -0.104428
v 1.817694 2.017947 -0.104469
v 1.785690 2.046297 -0.104469
v 1.817559 2.018145 -0.104485
v 1.785897 2.046198 -0.104485
v 1.634454 1.812369 -0.044588
v 1.629054 1.817571 -0.044934
v 1.628793 1.817958 -0.044498
v 1.814148 2.015373 -0.115724
v 1.808361 2.020656 -0.115289
v 1.808784 2.020746 -0.115496
v 1.622457 1.823565 -0.044498
v 1.622043 1.823781 -0.044934
v 1.616517 1.828677 -0.044934
v 1.616256 1.829055 -0.044498
v 1.802034 2.026263 -0.115289
v 1.801620 2.026479 -0.115724
v 1.796094 2.031375 -0.115724
v 1.795833 2.031753 -0.115289
v 1.796256 2.031843 -0.115496
v 1.609470 1.834536 -0.044509
v 1.603728 1.840161 -0.044498
v 1.603989 1.839774 -0.044934
v 1.609515 1.834878 -0.044934
v 1.609929 1.834671 -0.044498
v 1.783305 2.042859 -0.115289
v 1.783566 2.042472 -0.115724
v 1.789083 2.037576 -0.115724
v 1.789497 2.037369 -0.115289
v 1.783773 2.042877 -0.115576
v 1.636146 1.813782 -0.037794
v 1.629954 1.819272 -0.037794
v 1.815723 2.016480 -0.108584
v 1.809522 2.021970 -0.108584
v 1.623618 1.824879 -0.037794
v 1.617417 1.830369 -0.037794
v 1.803195 2.027577 -0.108584
v 1.796994 2.033067 -0.108584
v 1.797624 2.033094 -0.108698
v 1.611090 1.835985 -0.037794
v 1.784466 2.044164 -0.108584
v 1.790658 2.038674 -0.108584
v 1.288161 2.075070 -0.033011
v 1.323909 2.052462 -0.033011
v 1.324134 2.052390 -0.033027
v 1.287999 2.075241 -0.033027
v 1.324359 2.052435 -0.033068
v 1.287945 2.075466 -0.033068
v 1.324521 2.052588 -0.033125
v 1.323963 2.051706 -0.037131
v 1.287450 2.074791 -0.037131
v 1.288008 2.075673 -0.033125
v 1.470186 2.282934 -0.104371
v 1.469628 2.282052 -0.108376
v 1.469187 2.282196 -0.108812
v 1.433115 2.305146 -0.108376
v 1.433673 2.306028 -0.104371
v 1.470249 2.283150 -0.104428
v 1.433844 2.306181 -0.104428
v 1.470195 2.283375 -0.104469
v 1.433520 2.305299 -0.108584
v 1.434069 2.306226 -0.104469
v 1.470042 2.283546 -0.104485
v 1.434285 2.306154 -0.104485
v 1.322820 2.051247 -0.044498
v 1.322379 2.051391 -0.044934
v 1.315827 2.055675 -0.044498
v 1.467558 2.280126 -0.115289
v 1.467117 2.280270 -0.115724
v 1.460880 2.284212 -0.115724
v 1.308231 2.060337 -0.044934
v 1.301679 2.064621 -0.044498
v 1.453167 2.289108 -0.115666
v 1.446408 2.293500 -0.115289
v 1.446813 2.293653 -0.115496
v 1.287522 2.073090 -0.044509
v 1.287531 2.073567 -0.044498
v 1.287666 2.073360 -0.044875
v 1.294083 2.069283 -0.044934
v 1.294524 2.069139 -0.044498
v 1.432260 2.302446 -0.115289
v 1.432584 2.302104 -0.115724
v 1.438821 2.298162 -0.115724
v 1.439262 2.298018 -0.115289
v 1.323756 2.052732 -0.037794
v 1.316763 2.057151 -0.037794
v 1.461492 2.286030 -0.108584
v 1.309608 2.061678 -0.037794
v 1.302615 2.066097 -0.037794
v 1.454346 2.290557 -0.108584
v 1.447344 2.294976 -0.108584
v 1.294848 2.070498 -0.037680
v 1.288467 2.075052 -0.037794
v 1.295460 2.070624 -0.037794
v 1.433196 2.303922 -0.108584
v 1.440198 2.299503 -0.108584
v 0.938358 2.254809 -0.033011
v 0.977274 2.238231 -0.033011
v 0.977508 2.238195 -0.033027
v 0.938178 2.254953 -0.033027
v 0.977724 2.238276 -0.033068
v 0.938088 2.255169 -0.033068
v 0.977859 2.238456 -0.033125
v 0.977454 2.237493 -0.037131
v 0.937710 2.254422 -0.037131
v 0.938115 2.255385 -0.033125
v 1.084689 2.489187 -0.104371
v 1.084275 2.488224 -0.108376
v 1.044945 2.506125 -0.104371
v 1.084716 2.489412 -0.104428
v 1.045089 2.506296 -0.104428
v 1.084626 2.489628 -0.104469
v 1.044909 2.505378 -0.108584
v 1.045305 2.506377 -0.104469
v 1.084446 2.489763 -0.104485
v 1.045530 2.506350 -0.104485
v 0.975924 2.236602 -0.044588
v 0.976401 2.236863 -0.044498
v 0.975942 2.236935 -0.044934
v 0.969147 2.239824 -0.044934
v 0.968778 2.240103 -0.044498
v 1.082547 2.485992 -0.115289
v 1.082088 2.486064 -0.115724
v 1.075293 2.488953 -0.115724
v 1.074924 2.489232 -0.115289
v 0.960543 2.243496 -0.044934
v 0.953748 2.246385 -0.044934
v 0.953379 2.246664 -0.044498
v 1.066896 2.492544 -0.115666
v 1.059894 2.495514 -0.115724
v 1.059525 2.495793 -0.115289
v 0.937980 2.253225 -0.044498
v 0.938349 2.252946 -0.044934
v 0.945135 2.250057 -0.044934
v 0.945594 2.249985 -0.044498
v 1.044126 2.502354 -0.115289
v 1.044495 2.502075 -0.115724
v 1.051281 2.499186 -0.115724
v 0.977085 2.238474 -0.037794
v 0.969471 2.241714 -0.037794
v 1.075617 2.490852 -0.108584
v 1.083168 2.488035 -0.108683
v 0.961686 2.245035 -0.037794
v 0.954072 2.248275 -0.037794
v 1.067832 2.494164 -0.108584
v 1.060209 2.497413 -0.108584
v 0.938907 2.254260 -0.037680
v 0.938664 2.254836 -0.037794
v 0.946287 2.251596 -0.037794
v 1.044810 2.503974 -0.108584
v 1.052433 2.500725 -0.108584
v 0.564262 2.376120 -0.033011
v 0.605333 2.365995 -0.033011
v 0.605565 2.365995 -0.033027
v 0.564012 2.375103 -0.037250
v 0.564058 2.376228 -0.033027
v 0.605763 2.366112 -0.033068
v 0.563936 2.376417 -0.033068
v 0.605874 2.366310 -0.033125
v 0.605624 2.365293 -0.037131
v 0.563679 2.375634 -0.037131
v 0.563929 2.376651 -0.033125
v 0.671098 2.630928 -0.104371
v 0.670846 2.629911 -0.108376
v 0.628902 2.640252 -0.108376
v 0.629153 2.641269 -0.104371
v 0.671090 2.631153 -0.104428
v 0.629263 2.641467 -0.104428
v 0.670969 2.631351 -0.104469
v 0.629233 2.640531 -0.108584
v 0.629461 2.641584 -0.104469
v 0.670765 2.631459 -0.104485
v 0.629694 2.641584 -0.104485
v 0.604686 2.364501 -0.044498
v 0.604222 2.364492 -0.044934
v 0.597056 2.366265 -0.044934
v 0.596647 2.366481 -0.044498
v 0.669493 2.627427 -0.115289
v 0.669251 2.627391 -0.115666
v 0.661863 2.629191 -0.115724
v 0.661453 2.629407 -0.115289
v 0.669328 2.627832 -0.115496
v 0.588433 2.368506 -0.044498
v 0.587968 2.368497 -0.044934
v 0.580802 2.370270 -0.044934
v 0.580393 2.370486 -0.044498
v 0.653239 2.631432 -0.115289
v 0.652997 2.631396 -0.115666
v 0.645610 2.633196 -0.115724
v 0.645199 2.633412 -0.115289
v 0.653075 2.631837 -0.115496
v 0.645530 2.633691 -0.115496
v 0.564140 2.374491 -0.044498
v 0.564549 2.374275 -0.044934
v 0.571715 2.372511 -0.044934
v 0.572179 2.372511 -0.044498
v 0.628991 2.637354 -0.115507
v 0.629356 2.637201 -0.115724
v 0.636521 2.635437 -0.115724
v 0.636986 2.635437 -0.115289
v 0.605105 2.366202 -0.037794
v 0.597066 2.368182 -0.037794
v 0.669912 2.629128 -0.108584
v 0.661873 2.631108 -0.108584
v 0.588852 2.370207 -0.037794
v 0.580812 2.372187 -0.037794
v 0.653658 2.633133 -0.108584
v 0.645620 2.635122 -0.108584
v 0.572057 2.373897 -0.037680
v 0.629366 2.639127 -0.108584
v 0.637405 2.637147 -0.108584
v 0.175549 2.435844 -0.033011
v 0.217712 2.432433 -0.033011
v 0.217940 2.432478 -0.033027
v 0.175465 2.434800 -0.037250
v 0.175329 2.435916 -0.033027
v 0.218118 2.432622 -0.033068
v 0.175178 2.436087 -0.033068
v 0.218195 2.432838 -0.033125
v 0.218111 2.431794 -0.037131
v 0.175051 2.435268 -0.037131
v 0.175136 2.436312 -0.033125
v 0.240126 2.704494 -0.104371
v 0.240042 2.703450 -0.108376
v 0.196982 2.706924 -0.108376
v 0.197066 2.707968 -0.104371
v 0.240083 2.704710 -0.104428
v 0.197143 2.708184 -0.104428
v 0.239932 2.704890 -0.104469
v 0.197264 2.707248 -0.108584
v 0.197320 2.708328 -0.104469
v 0.239712 2.704962 -0.104485
v 0.197549 2.708364 -0.104485
v 0.216942 2.430462 -0.044588
v 0.217313 2.430858 -0.044498
v 0.216856 2.430777 -0.044934
v 0.209499 2.431371 -0.044934
v 0.209060 2.431524 -0.044498
v 0.239104 2.700777 -0.115289
v 0.238646 2.700705 -0.115724
v 0.231290 2.701299 -0.115724
v 0.230851 2.701443 -0.115289
v 0.200170 2.432127 -0.044934
v 0.192374 2.432865 -0.044498
v 0.222186 2.702046 -0.115666
v 0.214165 2.702793 -0.115289
v 0.214420 2.703153 -0.115387
v 0.175689 2.434215 -0.044498
v 0.176128 2.434071 -0.044934
v 0.183484 2.433477 -0.044934
v 0.183942 2.433549 -0.044498
v 0.197479 2.704134 -0.115289
v 0.197918 2.703990 -0.115724
v 0.205275 2.703396 -0.115724
v 0.205732 2.703468 -0.115289
v 0.197842 2.704440 -0.115576
v 0.217454 2.432604 -0.037794
v 0.209201 2.433270 -0.037794
v 0.239244 2.702523 -0.108584
v 0.230991 2.703189 -0.108584
v 0.200768 2.433954 -0.037794
v 0.192515 2.434620 -0.037794
v 0.222559 2.703873 -0.108584
v 0.214306 2.704539 -0.108584
v 0.184083 2.435295 -0.037794
v 0.197620 2.705889 -0.108584
v 0.205873 2.705223 -0.108584
v 1.688544 -1.907538 -0.060013
v 1.688355 -1.904604 -0.059407
v 1.689741 -1.874850 -0.053847
v 1.793115 -1.989465 -0.094213
v 1.793241 -1.993146 -0.094953
v 1.778040 -1.994982 -0.092662
v 1.777653 -2.008122 -0.095157
v 1.784007 -2.015295 -0.097663
v 1.785357 -2.014098 -0.097664
v 1.801332 -2.002272 -0.098141
v 1.801719 -1.998996 -0.097573
v 1.666800 -1.849416 -0.044890
v 1.672380 -1.867569 -0.049401
v 1.671183 -1.887936 -0.053164
v 1.690272 -1.863339 -0.051714
v 1.700667 -1.875075 -0.055813
v 1.711431 -1.865517 -0.055860
v 1.711917 -1.865634 -0.055968
v 1.778823 -1.938480 -0.081836
v 1.792467 -1.970556 -0.090441
v 1.804779 -1.973598 -0.093198
v 1.800387 -1.961970 -0.090176
v 1.677681 -1.828356 -0.042732
v 1.658322 -1.821849 -0.038064
v 1.723743 -1.868550 -0.058631
v 1.768014 -1.913091 -0.075043
v 1.779741 -1.907322 -0.076022
v 1.743561 -1.871916 -0.062798
v 1.743651 -1.866426 -0.061761
v 1.721979 -1.843242 -0.053462
v 1.743930 -1.850613 -0.058803
v 1.668645 -1.990149 -0.072977
v 1.668672 -1.996404 -0.074239
v 1.671804 -1.993920 -0.074263
v 1.668429 -1.954149 -0.065756
v 1.673127 -1.992867 -0.074277
v 1.677609 -1.989555 -0.074373
v 1.682109 -1.986486 -0.074522
v 1.686654 -1.983669 -0.074728
v 1.691226 -1.981131 -0.074993
v 1.691406 -1.981041 -0.075007
v 1.709802 -1.973445 -0.076643
v 1.714527 -1.972149 -0.077193
v 1.714329 -1.971888 -0.077109
v 1.669284 -1.920111 -0.059160
v 1.668330 -1.936284 -0.062200
v 1.695825 -1.978845 -0.075326
v 1.700451 -1.976802 -0.075711
v 1.705113 -1.974993 -0.076149
v 1.690659 -1.939785 -0.066714
v 1.777275 -2.021262 -0.097672
v 1.690191 -1.979916 -0.081089
v 1.713483 -1.970943 -0.083288
v 1.689606 -1.938588 -0.072809
v 1.687293 -1.903416 -0.065502
v 1.689201 -1.862160 -0.057809
v 1.722663 -1.867380 -0.064726
v 1.766925 -1.911921 -0.081138
v 1.791396 -1.969377 -0.096536
v 1.792179 -1.991958 -0.101048
v 1.742472 -1.870746 -0.068893
v 1.657251 -1.820670 -0.044159
v 1.671318 -1.866381 -0.055497
v 1.670121 -1.886748 -0.059259
v 1.667286 -1.935078 -0.068295
v 1.683369 -1.978935 -0.084392
v 1.685817 -1.938912 -0.076870
v 1.683423 -1.902696 -0.069339
v 1.684818 -1.872771 -0.063744
v 1.699164 -1.868676 -0.065475
v 1.708839 -1.860090 -0.065517
v 1.768788 -1.909266 -0.085613
v 1.779246 -1.995684 -0.104171
v 1.778778 -2.012208 -0.107316
v 1.796589 -1.998600 -0.107763
v 1.799766 -1.972050 -0.103180
v 1.775205 -1.907106 -0.086338
v 1.738575 -1.871259 -0.072950
v 1.738908 -1.850874 -0.069115
v 1.719054 -1.844178 -0.064280
v 1.661265 -1.824729 -0.050304
v 1.673685 -1.865067 -0.060304
v 1.669653 -1.934196 -0.073176
v 1.670004 -1.987971 -0.083924
v 1.707534 -1.968324 -0.086404
v -2.212947 -1.279212 -0.062349
v -2.247165 -1.298958 -0.072681
v -2.187279 -1.290615 -0.058053
v -2.145465 -1.265973 -0.045359
v -2.149479 -1.261068 -0.045621
v -2.154663 -1.255227 -0.046022
v -2.145600 -1.240323 -0.042011
v -2.141172 -1.245939 -0.041749
v -2.135880 -1.253202 -0.041512
v -2.132397 -1.258269 -0.041392
v -2.283966 -1.375269 -0.091108
v -2.292246 -1.356171 -0.090411
v -2.260962 -1.361436 -0.084088
v -2.132730 -1.284315 -0.044952
v -2.135457 -1.280022 -0.044991
v -2.140110 -1.273146 -0.045116
v -2.144745 -1.266846 -0.045315
v -2.131020 -1.260258 -0.041351
v -2.126664 -1.266801 -0.041246
v -2.122929 -1.272921 -0.041226
v -2.120697 -1.277070 -0.041279
v -2.195136 -1.348737 -0.067651
v -2.201490 -1.351347 -0.069424
v -2.214972 -1.357125 -0.073223
v -2.228085 -1.363011 -0.076953
v -2.240802 -1.369014 -0.080610
v -2.253096 -1.375134 -0.084189
v -2.273229 -1.396662 -0.091613
v -2.258802 -1.361805 -0.083655
v -2.249658 -1.357305 -0.080999
v -2.239011 -1.352220 -0.077929
v -2.228229 -1.347225 -0.074840
v -2.217312 -1.342311 -0.071734
v -2.206269 -1.337496 -0.068612
v -2.194299 -1.332510 -0.065259
v -2.180988 -1.327245 -0.061569
v -2.167857 -1.322160 -0.057944
v -2.156436 -1.317750 -0.054793
v -2.148273 -1.314501 -0.052525
v -2.143152 -1.312287 -0.051080
v -2.138859 -1.310379 -0.049862
v -2.135322 -1.308750 -0.048849
v -2.132469 -1.307391 -0.048028
v -2.130273 -1.306284 -0.047388
v -2.128518 -1.305456 -0.046883
v -2.126799 -1.304628 -0.046386
v -2.124873 -1.303611 -0.045817
v -2.123964 -1.300470 -0.045187
v -2.124441 -1.299147 -0.045114
v -2.125170 -1.297554 -0.045060
v -2.126097 -1.295574 -0.045001
v -2.127969 -1.292100 -0.044947
v -2.131254 -1.286628 -0.044936
v -2.119734 -1.278852 -0.041306
v -2.116773 -1.284531 -0.041416
v -2.113767 -1.289886 -0.041471
v -2.110428 -1.294845 -0.041397
v -2.109402 -1.296123 -0.041343
v -2.099079 -1.307742 -0.040647
v -2.095038 -1.311405 -0.040254
v -2.093787 -1.312476 -0.040125
v -2.098323 -1.315311 -0.041524
v -2.100285 -1.315734 -0.042017
v -2.106090 -1.317201 -0.043511
v -2.112561 -1.318938 -0.045187
v -2.122389 -1.321980 -0.047791
v -2.137059 -1.326948 -0.051738
v -2.154330 -1.333077 -0.056421
v -2.171943 -1.339566 -0.061231
v -2.187648 -1.345668 -0.065562
v -2.106765 -1.299435 -0.041212
v -2.102985 -1.303746 -0.040965
v -2.091618 -1.314348 -0.039906
v -2.095533 -1.314717 -0.040823
v -2.227437 -1.209039 -0.056695
v -2.187540 -1.175163 -0.043311
v -2.187720 -1.187511 -0.044880
v -2.267397 -1.257081 -0.071897
v -2.272104 -1.255164 -0.072737
v -2.272959 -1.260168 -0.073561
v -2.195658 -1.217364 -0.050450
v -2.198817 -1.214934 -0.050871
v -2.233431 -1.214133 -0.058710
v -2.187936 -1.202415 -0.046802
v -2.239983 -1.268232 -0.067064
v -2.278017 -1.289733 -0.078490
v -2.182095 -1.228479 -0.048776
v -2.187621 -1.223763 -0.049434
v -2.193192 -1.219245 -0.050130
v -2.172816 -1.213638 -0.044763
v -2.165778 -1.219551 -0.043910
v -2.161242 -1.223700 -0.043406
v -2.280375 -1.303593 -0.080825
v -2.165688 -1.243815 -0.047025
v -2.171187 -1.238469 -0.047580
v -2.159091 -1.225671 -0.043174
v -2.152800 -1.232007 -0.042566
v -2.146833 -1.238766 -0.042088
v -2.186280 -1.290030 -0.057751
v -2.160117 -1.249440 -0.046493
v -2.160585 -1.248981 -0.046536
v -2.185461 -1.290363 -0.057611
v -2.274381 -1.397364 -0.091965
v -2.124054 -1.302801 -0.045523
v -2.123802 -1.301802 -0.045332
v -2.274219 -1.397724 -0.091980
v -2.180214 -1.207932 -0.045724
v -2.179557 -1.208445 -0.045637
v -2.177298 -1.232781 -0.048229
v -2.176614 -1.233384 -0.048154
v -2.257443 -1.360977 -0.089750
v -2.215953 -1.341483 -0.077829
v -2.192940 -1.331682 -0.071354
v -2.146905 -1.313673 -0.058620
v -2.133954 -1.307922 -0.054944
v -2.122686 -1.301973 -0.051618
v -2.131362 -1.283496 -0.051047
v -2.143368 -1.266036 -0.051410
v -2.159208 -1.248171 -0.052631
v -2.175903 -1.231998 -0.054324
v -2.197422 -1.214169 -0.056966
v -2.232036 -1.213368 -0.064805
v -2.226033 -1.208292 -0.062789
v -2.178153 -1.207680 -0.051732
v -2.164383 -1.218768 -0.050005
v -2.145447 -1.237983 -0.048183
v -2.119320 -1.276260 -0.047374
v -2.109060 -1.294017 -0.047492
v -2.093679 -1.310568 -0.046349
v -2.111202 -1.318101 -0.051282
v -2.152980 -1.332231 -0.062516
v -2.200122 -1.350519 -0.075519
v -2.226726 -1.362183 -0.083048
v -2.251728 -1.374306 -0.090284
v -2.272869 -1.396887 -0.098075
v -2.290869 -1.355352 -0.096507
v -2.255688 -1.365018 -0.094558
v -2.176974 -1.329990 -0.072207
v -2.131038 -1.311387 -0.059415
v -2.117007 -1.300785 -0.054839
v -2.125215 -1.282920 -0.054246
v -2.155176 -1.244481 -0.055886
v -2.172060 -1.228128 -0.057602
v -2.219157 -1.208634 -0.065907
v -2.189664 -1.183614 -0.056009
v -2.189961 -1.203324 -0.058545
v -2.133801 -1.259106 -0.052983
v -2.111553 -1.313205 -0.055338
v -2.153592 -1.327425 -0.066642
v -2.270610 -1.388328 -0.101045
v -2.245788 -1.298157 -0.078776
v -2.278998 -1.302801 -0.086920
v -2.270709 -1.254399 -0.078832
v -2.238597 -1.267449 -0.073159
v -2.184093 -1.289544 -0.063706
v -2.272626 -1.296960 -0.089368
v -2.200140 -1.286817 -0.071599
v 2.536983 -0.519492 -0.071247
v 2.523519 -0.498371 -0.066712
v 2.532906 -0.500287 -0.069217
v 2.532042 -0.494931 -0.068723
v 2.510001 -0.490636 -0.062849
v 2.507283 -0.497354 -0.062497
v 2.519307 -0.515884 -0.066529
v 2.530161 -0.483194 -0.067665
v 2.522259 -0.487091 -0.065826
v 2.525121 -0.479961 -0.066214
v 2.528343 -0.472903 -0.066697
v 2.529342 -0.470955 -0.066857
v 2.519325 -0.469097 -0.064192
v 2.516400 -0.475441 -0.063751
v 2.511801 -0.486167 -0.063094
v 2.531907 -0.465914 -0.067283
v 2.535804 -0.458992 -0.067963
v 2.540016 -0.452137 -0.068727
v 2.541618 -0.449750 -0.069029
v 2.530260 -0.447746 -0.066012
v 2.525895 -0.455646 -0.065258
v 2.521098 -0.465245 -0.064469
v 2.544570 -0.445351 -0.069595
v 2.549493 -0.438639 -0.070566
v 2.554758 -0.432000 -0.071631
v 2.557359 -0.428955 -0.072165
v 2.543625 -0.426661 -0.068524
v 2.540961 -0.430433 -0.068005
v 2.535849 -0.438346 -0.067038
v 2.530827 -0.446716 -0.066113
v 2.560356 -0.425427 -0.072792
v 2.566269 -0.418916 -0.074044
v 2.583324 -0.422400 -0.078595
v 2.591019 -0.410772 -0.080093
v 2.582163 -0.409374 -0.077747
v 2.579985 -0.412532 -0.077318
v 2.558997 -0.408706 -0.071739
v 2.551491 -0.416252 -0.070118
v 2.546172 -0.423045 -0.069030
v 2.605311 -0.389165 -0.082929
v 2.596923 -0.387919 -0.080712
v 2.616498 -0.372221 -0.085193
v 2.623860 -0.367957 -0.086939
v 2.611800 -0.366273 -0.083755
v 2.630556 -0.364069 -0.088541
v 2.616615 -0.353872 -0.084569
v 2.612835 -0.364766 -0.083971
v 2.504970 -0.678749 -0.072706
v 2.506806 -0.691533 -0.074056
v 2.518470 -0.682399 -0.076364
v 2.480382 -0.648340 -0.064449
v 2.504628 -0.676391 -0.072461
v 2.521692 -0.679875 -0.077009
v 2.510478 -0.673911 -0.073774
v 2.491803 -0.651317 -0.067536
v 2.454255 -0.618124 -0.055870
v 2.466990 -0.621325 -0.059305
v 2.462319 -0.596778 -0.056582
v 2.448693 -0.611695 -0.054055
v 2.459295 -0.612022 -0.056768
v 2.471967 -0.599109 -0.059178
v 2.479851 -0.577576 -0.059885
v 2.481822 -0.589063 -0.061079
v 2.506428 -0.583750 -0.067021
v 2.533527 -0.566198 -0.072912
v 2.532717 -0.566386 -0.072717
v 2.531484 -0.565742 -0.072365
v 2.497545 -0.558178 -0.063271
v 2.560185 -0.572139 -0.080055
v 2.554461 -0.546915 -0.077186
v 2.569266 -0.570174 -0.082268
v 2.537028 -0.543194 -0.072524
v 2.549520 -0.562467 -0.076791
v 2.503809 -0.551299 -0.064489
v 2.531340 -0.499975 -0.075312
v 2.457747 -0.611641 -0.062863
v 2.490264 -0.650908 -0.073631
v 2.447145 -0.611313 -0.060150
v 2.612286 -0.370134 -0.095189
v 2.600811 -0.387496 -0.092865
v 2.553030 -0.427018 -0.082130
v 2.537145 -0.447997 -0.078960
v 2.524725 -0.469417 -0.076761
v 2.525796 -0.485992 -0.077843
v 2.532474 -0.520209 -0.081293
v 2.563011 -0.568078 -0.091715
v 2.503350 -0.580922 -0.077233
v 2.478105 -0.586373 -0.071135
v 2.467791 -0.596871 -0.069142
v 2.453670 -0.611263 -0.066455
v 2.514987 -0.679557 -0.086456
v 2.504052 -0.674672 -0.083363
v 2.479383 -0.646130 -0.075214
v 2.448999 -0.611056 -0.065255
v 2.478771 -0.578472 -0.070826
v 2.501586 -0.553484 -0.075207
v 2.529738 -0.568149 -0.083223
v 2.550429 -0.563346 -0.088237
v 2.518452 -0.514083 -0.077377
v 2.507067 -0.496547 -0.073563
v 2.509335 -0.490942 -0.073856
v 2.518605 -0.469531 -0.075191
v 2.529459 -0.448354 -0.076997
v 2.540052 -0.431241 -0.078970
v 2.556999 -0.410682 -0.082470
v 2.578257 -0.414556 -0.088119
v 2.623779 -0.363494 -0.097927
v 2.678031 -0.085497 -0.094792
v 2.671380 -0.093656 -0.093130
v 2.687841 -0.085805 -0.097361
v 2.693961 -0.094814 -0.099045
v 2.679759 -0.101447 -0.095394
v 2.676105 -0.109406 -0.094514
v 2.664675 -0.108766 -0.091520
v 2.664585 -0.108121 -0.091492
v 2.664036 -0.107365 -0.091341
v 2.662965 -0.107047 -0.091058
v 2.656512 -0.107529 -0.089374
v 2.647080 -0.107876 -0.086914
v 2.627388 -0.107444 -0.081763
v 2.619333 -0.106859 -0.079652
v 2.610189 -0.105822 -0.077251
v 2.601630 -0.104380 -0.075002
v 2.607867 -0.090443 -0.076502
v 2.613132 -0.091498 -0.077886
v 2.626542 -0.093515 -0.081411
v 2.633382 -0.094279 -0.083205
v 2.639997 -0.094759 -0.084939
v 2.646396 -0.094965 -0.086614
v 2.652741 -0.094963 -0.088272
v 2.659014 -0.094748 -0.089910
v 2.665233 -0.094315 -0.091530
v 2.574162 -0.082241 -0.067616
v 2.575107 -0.082469 -0.067865
v 2.566440 -0.095667 -0.065723
v 2.553579 -0.091445 -0.062321
v 2.542284 -0.087337 -0.059331
v 2.534067 -0.083866 -0.057150
v 2.528586 -0.081049 -0.055691
v 2.528163 -0.080800 -0.055580
v 2.486430 -0.079491 -0.044658
v 2.477547 -0.101404 -0.042542
v 2.472183 -0.079045 -0.040932
v 2.464227 -0.100868 -0.039055
v 2.583063 -0.105657 -0.070162
v 2.579526 -0.101912 -0.069201
v 2.573730 -0.105281 -0.067717
v 2.586726 -0.082635 -0.070903
v 2.581911 -0.085794 -0.069674
v 2.584854 -0.099424 -0.070570
v 2.598885 -0.097287 -0.074217
v 2.594871 -0.082890 -0.073033
v 2.683260 -0.079070 -0.096116
v 2.519739 -0.057975 -0.053215
v 2.520495 -0.058578 -0.053419
v 2.524104 -0.061233 -0.054380
v 2.527884 -0.063801 -0.055387
v 2.531835 -0.066297 -0.056437
v 2.535984 -0.068742 -0.057538
v 2.540367 -0.071110 -0.058703
v 2.545056 -0.073373 -0.059943
v 2.550078 -0.075504 -0.061272
v 2.555739 -0.077465 -0.062765
v 2.562048 -0.079255 -0.064427
v 2.568627 -0.080912 -0.066159
v 2.524221 -0.078451 -0.054532
v 2.520558 -0.075919 -0.053557
v 2.517183 -0.073299 -0.052657
v 2.513682 -0.070435 -0.051720
v 2.506788 -0.064162 -0.049874
v 2.503557 -0.060821 -0.049005
v 2.500533 -0.057545 -0.048192
v 2.495358 -0.057429 -0.046837
v 2.480184 -0.057089 -0.042869
v 2.593548 -0.078156 -0.072654
v 2.499318 -0.035148 -0.047770
v 2.499291 -0.037428 -0.047772
v 2.501181 -0.040027 -0.048280
v 2.503323 -0.042635 -0.048852
v 2.505690 -0.045252 -0.049483
v 2.508246 -0.047878 -0.050164
v 2.510973 -0.050510 -0.050890
v 2.513916 -0.053176 -0.051670
v 2.517093 -0.055880 -0.052515
v 2.500299 -0.057295 -0.048131
v 2.498742 -0.055567 -0.047714
v 2.497302 -0.054912 -0.047334
v 2.496069 -0.055669 -0.047015
v 2.486115 -0.040781 -0.044344
v 2.480751 -0.034899 -0.042913
v 2.476890 -0.030671 -0.041894
v 2.499561 -0.018974 -0.047795
v 2.634687 -0.202376 -0.085112
v 2.643777 -0.212588 -0.087697
v 2.623419 -0.219874 -0.082543
v 2.624076 -0.204589 -0.082392
v 2.622762 -0.201468 -0.081983
v 2.643975 -0.179302 -0.087103
v 2.633796 -0.201377 -0.084862
v 2.621322 -0.198068 -0.081546
v 2.618883 -0.194221 -0.080836
v 2.616039 -0.190318 -0.080021
v 2.612871 -0.185469 -0.079105
v 2.609406 -0.180578 -0.078109
v 2.606436 -0.176779 -0.077264
v 2.621268 -0.177776 -0.081151
v 2.624157 -0.182073 -0.081985
v 2.625741 -0.183057 -0.082418
v 2.627505 -0.183314 -0.082881
v 2.628846 -0.182217 -0.083212
v 2.630727 -0.178411 -0.083630
v 2.654622 -0.156169 -0.089504
v 2.605437 -0.175497 -0.076981
v 2.600892 -0.170214 -0.075708
v 2.595996 -0.164945 -0.074344
v 2.590974 -0.159908 -0.072952
v 2.586060 -0.155318 -0.071593
v 2.582082 -0.151944 -0.070501
v 2.600496 -0.153016 -0.075323
v 2.604294 -0.156953 -0.076379
v 2.608875 -0.162052 -0.077660
v 2.613294 -0.167294 -0.078899
v 2.617407 -0.172499 -0.080057
v 2.621070 -0.177486 -0.081096
v 2.642040 -0.155435 -0.086209
v 2.665332 -0.132871 -0.091974
v 2.581038 -0.151056 -0.070215
v 2.575764 -0.146962 -0.068781
v 2.570553 -0.143189 -0.067367
v 2.577411 -0.132451 -0.069008
v 2.582874 -0.136781 -0.070494
v 2.588481 -0.141590 -0.072026
v 2.594052 -0.146684 -0.073552
v 2.599389 -0.151870 -0.075018
v 2.653434 -0.132285 -0.088859
v 2.550033 -0.127191 -0.061782
v 2.549700 -0.130726 -0.061745
v 2.546172 -0.129391 -0.060804
v 2.541699 -0.128038 -0.059618
v 2.536425 -0.126781 -0.058225
v 2.534526 -0.126427 -0.057722
v 2.470212 -0.123258 -0.040881
v 2.467980 -0.123537 -0.040302
v 2.457090 -0.133907 -0.037606
v 2.448306 -0.122179 -0.035147
v 2.554200 -0.127396 -0.062873
v 2.557791 -0.143370 -0.064037
v 2.570274 -0.136666 -0.067201
v 2.565135 -0.127935 -0.065736
v 2.664009 -0.110777 -0.091369
v 2.664576 -0.109120 -0.091499
v 2.628423 -0.107518 -0.082034
v 2.474487 -0.108950 -0.041830
v 2.474856 -0.110934 -0.041950
v 2.476413 -0.111760 -0.042368
v 2.478357 -0.111787 -0.042875
v 2.484558 -0.111053 -0.044488
v 2.491299 -0.110661 -0.046243
v 2.498463 -0.110549 -0.048115
v 2.505969 -0.110656 -0.050078
v 2.514474 -0.110964 -0.052302
v 2.524095 -0.111560 -0.054823
v 2.533977 -0.112543 -0.057417
v 2.543256 -0.114015 -0.059859
v 2.551068 -0.116077 -0.061923
v 2.524914 -0.124642 -0.055191
v 2.519379 -0.123807 -0.053735
v 2.514114 -0.123130 -0.052350
v 2.508867 -0.122595 -0.050974
v 2.503656 -0.122201 -0.049608
v 2.498472 -0.121954 -0.048250
v 2.493315 -0.121856 -0.046903
v 2.488194 -0.121905 -0.045564
v 2.483100 -0.122095 -0.044235
v 2.478024 -0.122430 -0.042914
v 2.472993 -0.122910 -0.041603
v 2.443878 -0.116261 -0.033919
v 2.459682 -0.113294 -0.038014
v 2.563749 -0.125596 -0.065349
v 2.554110 -0.127009 -0.062846
v 2.567925 -0.108649 -0.066241
v 2.566512 -0.122104 -0.066028
v 2.576763 -0.127021 -0.068765
v 2.594565 -0.117830 -0.073309
v 2.575170 -0.126949 -0.074860
v 2.592972 -0.117758 -0.079404
v 2.576241 -0.105743 -0.079543
v 2.567043 -0.120070 -0.077307
v 2.552517 -0.126937 -0.068941
v 2.556198 -0.143284 -0.070132
v 2.559456 -0.128882 -0.075428
v 2.573514 -0.082412 -0.073960
v 2.548485 -0.075462 -0.067367
v 2.518146 -0.057932 -0.059310
v 2.497689 -0.037400 -0.053867
v 2.470590 -0.078988 -0.047027
v 2.481507 -0.122024 -0.050330
v 2.496879 -0.121883 -0.054345
v 2.512521 -0.123059 -0.058445
v 2.534841 -0.126695 -0.064319
v 2.548107 -0.130640 -0.067840
v 2.512881 -0.110893 -0.058397
v 2.494476 -0.055640 -0.053110
v 2.526570 -0.080742 -0.061674
v 2.562471 -0.091855 -0.075812
v 2.527551 -0.068937 -0.066499
v 2.493702 -0.024081 -0.057438
v 2.479194 -0.031569 -0.053661
v 2.486907 -0.039998 -0.055710
v 2.459187 -0.115952 -0.049080
v 2.446632 -0.118308 -0.045826
v 2.454750 -0.129119 -0.048089
v 2.463912 -0.120386 -0.050360
v 2.545056 -0.118341 -0.071542
v 2.511585 -0.113988 -0.062747
v 2.472696 -0.114773 -0.052596
v 2.468511 -0.108681 -0.051430
v 2.526957 -0.077972 -0.066405
v 2.692368 -0.094757 -0.105140
v 2.621826 -0.219746 -0.088638
v 2.584467 -0.155218 -0.077688
v 2.568960 -0.143103 -0.073462
v 2.598903 -0.152916 -0.081418
v 2.622564 -0.181960 -0.088080
v 2.651841 -0.132200 -0.094954
v 2.625795 -0.107386 -0.087858
v 2.638404 -0.094702 -0.091034
v 2.669778 -0.093599 -0.099225
v 2.674755 -0.098956 -0.105226
v 2.659851 -0.131382 -0.101686
v 2.638494 -0.177763 -0.096810
v 2.627433 -0.201761 -0.094372
v 2.635659 -0.210971 -0.096710
v 2.624427 -0.203764 -0.093630
v 2.606085 -0.174598 -0.088297
v 2.575422 -0.136864 -0.079712
v 2.583765 -0.143838 -0.081989
v 2.622087 -0.185930 -0.092681
v 2.628468 -0.184186 -0.094313
v 2.642031 -0.156684 -0.097388
v 2.664918 -0.106979 -0.102730
v 2.635011 -0.104610 -0.094886
v 2.625867 -0.104248 -0.092489
v 2.624877 -0.104204 -0.092237
v 2.603349 -0.101839 -0.086590
v 2.609883 -0.094506 -0.088229
v 2.680308 -0.084154 -0.106543
v 2.597292 -0.097230 -0.080312
v 2.582622 -0.087165 -0.081036
v 2.624778 -0.182585 -0.082157
v 2.626722 -0.183284 -0.082676
v 2.628270 -0.182990 -0.083073
v 2.664414 -0.107713 -0.091442
v 2.661660 -0.103991 -0.101852
v 2.663559 -0.107120 -0.091214
v 2.664675 -0.108445 -0.091517
v 2.492739 -0.052165 -0.057291
v 2.496636 -0.055158 -0.047162
v 2.498058 -0.055048 -0.047533
v 2.474577 -0.110036 -0.041868
v 2.475567 -0.111519 -0.042144
v 2.636082 -0.107801 -0.090550
v 2.637675 -0.107858 -0.084454
v 2.567367 -0.084402 -0.077022
v 2.559105 0.332424 -0.069022
v 2.554443 0.312228 -0.067152
v 2.500704 0.302077 -0.052877
v 2.558331 0.309075 -0.068059
v 2.633742 0.323671 -0.088104
v 2.626191 0.328210 -0.086292
v 2.618928 0.333136 -0.084569
v 2.611962 0.338454 -0.082936
v 2.611089 0.339208 -0.082732
v 2.564658 0.356514 -0.071304
v 2.605293 0.344164 -0.081405
v 2.598921 0.350268 -0.079967
v 2.592864 0.356783 -0.078624
v 2.590137 0.360070 -0.078032
v 2.574873 0.381456 -0.074881
v 2.576502 0.378759 -0.075201
v 2.570229 0.380765 -0.073652
v 2.587113 0.363713 -0.077386
v 2.581659 0.371044 -0.076249
v 2.571624 0.386844 -0.074253
v 2.546316 0.238458 -0.062955
v 2.549871 0.233705 -0.063769
v 2.550456 0.238848 -0.064041
v 2.528163 0.259592 -0.058773
v 2.530152 0.257626 -0.059241
v 2.537010 0.250102 -0.060831
v 2.543580 0.242123 -0.062336
v 2.553084 0.262166 -0.065325
v 2.504241 0.279791 -0.053119
v 2.507787 0.277321 -0.053971
v 2.515545 0.271241 -0.055819
v 2.523006 0.264679 -0.057574
v 2.555712 0.285574 -0.066664
v 2.473839 0.297003 -0.045744
v 2.482758 0.292771 -0.047932
v 2.491389 0.288083 -0.050032
v 2.499732 0.282933 -0.052043
v 2.552859 0.312029 -0.073247
v 2.499129 0.301878 -0.058972
v 2.556747 0.308876 -0.074154
v 2.632158 0.323472 -0.094198
v 2.569698 0.381592 -0.084710
v 2.558169 0.331631 -0.079917
v 2.553237 0.310248 -0.077937
v 2.498337 0.299878 -0.063356
v 2.477151 0.295900 -0.057734
v 2.502540 0.281062 -0.063877
v 2.521512 0.265785 -0.068379
v 2.545857 0.238280 -0.073992
v 2.551176 0.285512 -0.076647
v 2.553957 0.310336 -0.078126
v 2.625867 0.324254 -0.097242
v 2.608137 0.336629 -0.093045
v 2.586042 0.358484 -0.088078
v 0.979425 -2.300370 -0.047564
v 1.023201 -2.403096 -0.076766
v 1.039302 -2.381622 -0.073278
v 1.031247 -2.363181 -0.068017
v 1.015263 -2.384466 -0.071470
v 0.994311 -2.335290 -0.057490
v 0.996624 -2.316696 -0.053267
v 0.997866 -2.315229 -0.053041
v 0.999108 -2.314410 -0.052975
v 1.000503 -2.314104 -0.053045
v 1.002564 -2.314167 -0.053274
v 1.011231 -2.317335 -0.054932
v 0.998478 -2.288121 -0.046596
v 0.974547 -2.279733 -0.042103
v 1.055241 -2.360346 -0.069874
v 1.047078 -2.342103 -0.064647
v 1.040832 -2.328144 -0.060647
v 1.027476 -2.298291 -0.052095
v 1.069344 -2.341500 -0.066906
v 1.051857 -2.334975 -0.063465
v 1.051281 -2.336496 -0.063765
v 1.050012 -2.331492 -0.062436
v 1.051299 -2.332617 -0.062843
v 1.051884 -2.333814 -0.063192
v 1.071441 -2.340204 -0.066822
v 1.056969 -2.308614 -0.057736
v 1.091133 -2.327955 -0.066083
v 1.086984 -2.319117 -0.063529
v 1.098738 -2.323221 -0.065816
v 0.955449 -2.487219 -0.090508
v 0.954513 -2.494464 -0.092194
v 0.956979 -2.491197 -0.091624
v 0.961740 -2.438259 -0.079174
v 0.973809 -2.468832 -0.087771
v 0.967833 -2.390847 -0.068252
v 0.990450 -2.446692 -0.084012
v 0.973719 -2.344911 -0.057722
v 1.006911 -2.424786 -0.080344
v 0.999090 -2.405958 -0.075013
v 0.992259 -2.415039 -0.076531
v 0.989955 -2.416308 -0.076610
v 0.987651 -2.416101 -0.076330
v 0.985590 -2.414301 -0.075690
v 0.984735 -2.411835 -0.075008
v 0.988623 -2.380767 -0.067877
v 0.988020 -2.379291 -0.073972
v 1.049355 -2.330043 -0.068531
v 1.046430 -2.340645 -0.070742
v 1.022562 -2.401629 -0.082861
v 0.989865 -2.445216 -0.090106
v 0.953946 -2.492979 -0.098289
v 0.961164 -2.436774 -0.085269
v 0.967239 -2.389362 -0.074347
v 0.978795 -2.298903 -0.053659
v 0.973917 -2.278266 -0.048198
v 1.026828 -2.296833 -0.058190
v 1.098054 -2.321781 -0.071912
v 1.068687 -2.340051 -0.073001
v 1.033749 -2.363208 -0.079448
v 0.989802 -2.418270 -0.088232
v 0.979128 -2.409855 -0.085136
v 0.988776 -2.332347 -0.067381
v 0.996345 -2.307894 -0.062287
v 1.055187 -2.333220 -0.074570
v 1.018521 -2.398056 -0.086238
v 0.985851 -2.441625 -0.093493
v 0.971262 -2.388759 -0.079245
v 0.979713 -2.284098 -0.054850
v 1.024767 -2.299920 -0.063357
v 1.065150 -2.335785 -0.076256
v 1.366776 -2.162940 -0.062867
v 1.388385 -2.154237 -0.063990
v 1.378161 -2.138388 -0.059058
v 1.356732 -2.147064 -0.057954
v 1.410057 -2.145498 -0.065168
v 1.399653 -2.129676 -0.060215
v 1.431810 -2.136705 -0.066401
v 1.421217 -2.120910 -0.061427
v 1.453644 -2.127876 -0.067689
v 1.442871 -2.112108 -0.062695
v 1.475559 -2.118993 -0.069033
v 1.464597 -2.103252 -0.064017
v 1.495674 -2.110830 -0.070314
v 1.486395 -2.094360 -0.065395
v 1.498509 -2.111406 -0.070865
v 1.493955 -2.091264 -0.065890
v 1.505241 -2.081220 -0.065475
v 1.516554 -2.096844 -0.070518
v 1.522611 -2.116374 -0.075593
v 1.510308 -2.076711 -0.065303
v 1.253952 -2.242374 -0.065623
v 1.246824 -2.239314 -0.064020
v 1.250838 -2.236803 -0.063953
v 1.276731 -2.235912 -0.067084
v 1.274085 -2.238648 -0.067367
v 1.276029 -2.251824 -0.070617
v 1.263591 -2.228793 -0.063771
v 1.269252 -2.222835 -0.063143
v 1.293336 -2.218686 -0.065354
v 1.285668 -2.205528 -0.061371
v 1.309860 -2.201532 -0.063684
v 1.301985 -2.188311 -0.059659
v 1.326294 -2.184459 -0.062071
v 1.318221 -2.171166 -0.058004
v 1.345221 -2.171607 -0.061796
v 1.334511 -2.175909 -0.061289
v 1.331289 -2.157351 -0.056712
v 1.335366 -2.155704 -0.056902
v 1.430928 -2.135382 -0.072496
v 1.387521 -2.152896 -0.070085
v 1.333674 -2.174550 -0.067385
v 1.309050 -2.200164 -0.069779
v 1.273302 -2.237262 -0.073462
v 1.275246 -2.250438 -0.076712
v 1.246050 -2.237919 -0.070115
v 1.301175 -2.186934 -0.065754
v 1.330452 -2.155992 -0.062807
v 1.377297 -2.137047 -0.065153
v 1.514502 -2.108283 -0.083801
v 1.493802 -2.104008 -0.079737
v 1.450539 -2.121540 -0.077027
v 1.406988 -2.139144 -0.074502
v 1.363725 -2.156577 -0.072196
v 1.330578 -2.169888 -0.070573
v 1.288773 -2.213349 -0.074710
v 1.265067 -2.229783 -0.075350
v 1.332387 -2.158701 -0.068326
v 1.356849 -2.148819 -0.069521
v 1.399752 -2.131440 -0.071779
v 1.442925 -2.113908 -0.074254
v 1.486413 -2.096187 -0.076950
v 1.506438 -2.082345 -0.077060
v -0.829842 2.484120 -0.079415
v -0.834146 2.482797 -0.079449
v -0.856840 2.490546 -0.083273
v -0.849077 2.467965 -0.077028
v -0.848557 2.468469 -0.077110
v -0.847115 2.469594 -0.077266
v -0.845459 2.470683 -0.077397
v -0.843641 2.471754 -0.077510
v -0.841641 2.472789 -0.077599
v -0.839350 2.473779 -0.077651
v -0.836771 2.474724 -0.077670
v -0.833913 2.475669 -0.077662
v -0.830782 2.476605 -0.077633
v -0.827620 2.477460 -0.077580
v -0.816092 2.442927 -0.068059
v -0.832738 2.437365 -0.068078
v -0.846010 2.459046 -0.074561
v -0.834553 2.425719 -0.065345
v -0.832114 2.428401 -0.065803
v -0.813334 2.434674 -0.065781
v -0.869483 2.494857 -0.085426
v -0.870651 2.492625 -0.084976
v -0.872004 2.490339 -0.084528
v -0.873520 2.487990 -0.084079
v -0.875182 2.485605 -0.083632
v -0.876966 2.483166 -0.083184
v -0.878531 2.481159 -0.082824
v -0.870729 2.459118 -0.076708
v -0.857298 2.464041 -0.076767
v -0.850470 2.466327 -0.076744
v -0.849732 2.467317 -0.076925
v -0.840006 2.433558 -0.067751
v -0.855559 2.416242 -0.064814
v -0.852098 2.406459 -0.062101
v -0.878926 2.480655 -0.082734
v -0.881091 2.478045 -0.082283
v -0.883408 2.475399 -0.081837
v -0.885824 2.472762 -0.081401
v -0.888288 2.470188 -0.080984
v -0.890801 2.467677 -0.080589
v -0.893398 2.465202 -0.080210
v -0.896083 2.462754 -0.079844
v -0.896707 2.462205 -0.079764
v -0.892650 2.451063 -0.076662
v -0.872931 2.396883 -0.061583
v -0.869471 2.387379 -0.058937
v -0.898860 2.460315 -0.079494
v -0.901728 2.457867 -0.079154
v -0.904698 2.455419 -0.078821
v -0.907776 2.452971 -0.078499
v -0.910953 2.450523 -0.078187
v -0.914220 2.448084 -0.077885
v -0.916002 2.446797 -0.077729
v -0.903249 2.412705 -0.068211
v -0.901575 2.413362 -0.068221
v -0.903627 2.416134 -0.069086
v -0.905517 2.418780 -0.069908
v -0.914580 2.442990 -0.076667
v -0.890141 2.377686 -0.058431
v -0.886684 2.368443 -0.055851
v -0.917577 2.445654 -0.077596
v -0.927252 2.410851 -0.069983
v -0.923328 2.400627 -0.067118
v -0.922725 2.401113 -0.067182
v -0.919611 2.403453 -0.067466
v -0.916533 2.405577 -0.067699
v -0.913482 2.407503 -0.067887
v -0.910467 2.409258 -0.068037
v -0.907470 2.410833 -0.068145
v -0.904509 2.412210 -0.068207
v -0.906327 2.419905 -0.070257
v -0.908721 2.423505 -0.071360
v -0.910737 2.426880 -0.072371
v -0.912276 2.429958 -0.073267
v -0.913356 2.432775 -0.074056
v -0.914229 2.435466 -0.074795
v -0.914841 2.437995 -0.075471
v -0.915093 2.440326 -0.076062
v -0.914769 2.442918 -0.076668
v -0.901890 2.364564 -0.056313
v -0.908595 2.362305 -0.056382
v -0.900558 2.341389 -0.050521
v -0.897872 2.339733 -0.049867
v -0.895283 2.358984 -0.054334
v -0.932238 2.392932 -0.066089
v -0.929034 2.395830 -0.066492
v -0.925866 2.398566 -0.066857
v -0.925344 2.356662 -0.056595
v -0.716772 2.515035 -0.078405
v -0.716351 2.515062 -0.078383
v -0.714478 2.515080 -0.078254
v -0.712605 2.514972 -0.078096
v -0.710733 2.514765 -0.077912
v -0.708862 2.514450 -0.077700
v -0.706992 2.514027 -0.077462
v -0.716725 2.534655 -0.083344
v -0.717927 2.532864 -0.082976
v -0.719158 2.531145 -0.082631
v -0.720421 2.529525 -0.082312
v -0.720780 2.529111 -0.082232
v -0.738791 2.506917 -0.077967
v -0.725737 2.513334 -0.078630
v -0.723857 2.513892 -0.078634
v -0.721979 2.514351 -0.078612
v -0.720103 2.514702 -0.078563
v -0.718226 2.514936 -0.078487
v -0.721717 2.528013 -0.082025
v -0.723051 2.526609 -0.081769
v -0.724418 2.525304 -0.081540
v -0.725815 2.524089 -0.081337
v -0.727243 2.522964 -0.081159
v -0.728706 2.521947 -0.081009
v -0.730202 2.521029 -0.080888
v -0.741298 2.515431 -0.080288
v -0.760064 2.496441 -0.076938
v -0.762570 2.504676 -0.079190
v -0.752237 2.393544 -0.050623
v -0.738931 2.397963 -0.050700
v -0.755095 2.413695 -0.055879
v -0.773542 2.461377 -0.069218
v -0.781270 2.485983 -0.075964
v -0.783771 2.493948 -0.078146
v -0.790887 2.482536 -0.075870
v -0.782775 2.485236 -0.075898
v -0.788245 2.491680 -0.077937
v -0.764337 2.411535 -0.056069
v -0.771809 2.387028 -0.050555
v -0.792669 2.491347 -0.078205
v -0.797110 2.490888 -0.078446
v -0.801571 2.490321 -0.078658
v -0.806049 2.489637 -0.078844
v -0.806930 2.489484 -0.078875
v -0.804462 2.481861 -0.076781
v -0.801201 2.482221 -0.076610
v -0.797697 2.482491 -0.076400
v -0.794408 2.482617 -0.076169
v -0.780232 2.454879 -0.068132
v -0.794215 2.450226 -0.068084
v -0.791531 2.441946 -0.065807
v -0.777047 2.446770 -0.065857
v -0.810544 2.488836 -0.079011
v -0.815057 2.487927 -0.079152
v -0.819590 2.486892 -0.079265
v -0.824140 2.485731 -0.079350
v -0.828708 2.484462 -0.079409
v -0.827123 2.477595 -0.077573
v -0.822689 2.478657 -0.077472
v -0.817873 2.479683 -0.077335
v -0.813082 2.480601 -0.077171
v -0.808719 2.481312 -0.076992
v -0.804884 2.481816 -0.076804
v -0.754623 2.412174 -0.061974
v -0.782290 2.483724 -0.081993
v -0.725371 2.522550 -0.087431
v -0.868957 2.493354 -0.091521
v -0.878005 2.479656 -0.088919
v -0.926694 2.409357 -0.076078
v -0.931653 2.391447 -0.072184
v -0.914202 2.441433 -0.082763
v -0.856773 2.462538 -0.082862
v -0.776562 2.445249 -0.071952
v -0.763852 2.410014 -0.062164
v -0.771324 2.385507 -0.056650
v -0.738460 2.396442 -0.056795
v -0.779746 2.453367 -0.074227
v -0.832226 2.435862 -0.074173
v -0.804385 2.480304 -0.082899
v -0.756222 2.409852 -0.066169
v -0.774836 2.457957 -0.079631
v -0.784759 2.483670 -0.086829
v -0.760264 2.495766 -0.087948
v -0.716152 2.514585 -0.089410
v -0.710223 2.514540 -0.088982
v -0.716347 2.527518 -0.092682
v -0.739532 2.510868 -0.090177
v -0.760780 2.500122 -0.089078
v -0.781958 2.489403 -0.088034
v -0.796060 2.486118 -0.088336
v -0.809302 2.484102 -0.088895
v -0.833350 2.477910 -0.089335
v -0.856743 2.485893 -0.093277
v -0.867501 2.489574 -0.095115
v -0.885758 2.466120 -0.090924
v -0.899342 2.453664 -0.089069
v -0.919944 2.402652 -0.078464
v -0.904401 2.411661 -0.079224
v -0.892474 2.450532 -0.087680
v -0.855347 2.464167 -0.087793
v -0.836380 2.430732 -0.077903
v -0.852985 2.412246 -0.074767
v -0.887522 2.373699 -0.068379
v -0.899654 2.360145 -0.066186
v -0.919206 2.353548 -0.066419
v -0.896445 2.357337 -0.065204
v -0.870211 2.386236 -0.069886
v -0.832498 2.427681 -0.076822
v -0.774820 2.446923 -0.076882
v -0.761149 2.409033 -0.066354
v -0.767610 2.387838 -0.061587
v -0.752081 2.393004 -0.061641
v -0.814525 2.438283 -0.077938
v -0.843843 2.471061 -0.088518
v -0.826796 2.477118 -0.088589
v -0.788474 2.482086 -0.086728
v -0.915255 2.441874 -0.087618
v -1.187334 2.260704 -0.062252
v -1.200699 2.237277 -0.058478
v -1.195128 2.275563 -0.066641
v -1.208592 2.251992 -0.062844
v -1.226457 2.236989 -0.061623
v -1.214190 2.242164 -0.061284
v -1.205181 2.198145 -0.050039
v -1.178685 2.190009 -0.044865
v -1.202157 2.234721 -0.058072
v -1.247625 2.228052 -0.062260
v -1.236222 2.207676 -0.056153
v -1.268838 2.219079 -0.062948
v -1.267866 2.217378 -0.062435
v -1.270764 2.218269 -0.063015
v -1.110204 2.365383 -0.077803
v -1.109943 2.365293 -0.077753
v -1.101843 2.387136 -0.082045
v -1.123848 2.394480 -0.086209
v -1.126791 2.345871 -0.075051
v -1.113282 2.352018 -0.074989
v -1.132974 2.358768 -0.078793
v -1.141101 2.375679 -0.083700
v -1.144494 2.401365 -0.090148
v -1.148382 2.390862 -0.088103
v -1.146231 2.332596 -0.074151
v -1.142811 2.338563 -0.075164
v -1.164357 2.369514 -0.084906
v -1.152585 2.379504 -0.085912
v -1.160100 2.308368 -0.070087
v -1.167813 2.370693 -0.085584
v -1.158030 2.340435 -0.077359
v -1.167714 2.323524 -0.074523
v -1.173798 2.284401 -0.066121
v -1.181502 2.299413 -0.070534
v -1.269963 2.216883 -0.069110
v -1.235457 2.206281 -0.062248
v -1.201392 2.233326 -0.064167
v -1.186587 2.259300 -0.068347
v -1.159389 2.306937 -0.076182
v -1.142118 2.337132 -0.081259
v -1.112598 2.350578 -0.081084
v -1.167102 2.369271 -0.091679
v -1.157319 2.339013 -0.083454
v -1.180782 2.297991 -0.076629
v -1.213434 2.240769 -0.067379
v -1.256571 2.216604 -0.071945
v -1.186344 2.194986 -0.058129
v -1.205919 2.232300 -0.069148
v -1.176444 2.284032 -0.077514
v -1.144773 2.339454 -0.086760
v -1.127502 2.347329 -0.086639
v -1.159578 2.361171 -0.093559
v -1.151964 2.337609 -0.087153
v -1.176381 2.294904 -0.080038
v -1.109268 2.363853 -0.083848
v -1.101168 2.385696 -0.088140
v -1.143810 2.399925 -0.096243
v -1.151892 2.378073 -0.092007
v -1.111455 2.368371 -0.089812
v -1.124244 2.387856 -0.095846
v -1.916631 1.839387 -0.089092
v -1.934613 1.823673 -0.089665
v -1.926090 1.848468 -0.092522
v -1.944234 1.832745 -0.093125
v -1.812024 1.738911 -0.051158
v -1.837161 1.733106 -0.054875
v -1.837566 1.732107 -0.054772
v -1.848420 1.742349 -0.058673
v -1.844721 1.745355 -0.058514
v -1.824174 1.750584 -0.055567
v -1.952622 1.807914 -0.090292
v -1.969839 1.823871 -0.096429
v -1.958868 1.820055 -0.093653
v -1.846656 1.709715 -0.052507
v -1.866231 1.727859 -0.059487
v -1.958796 1.802514 -0.090524
v -1.981152 1.801677 -0.094683
v -1.988415 1.808283 -0.097251
v -1.975149 1.825716 -0.097780
v -1.855674 1.687458 -0.050307
v -1.884078 1.713315 -0.060353
v -1.993806 1.801200 -0.097056
v -1.861920 1.672023 -0.048815
v -1.878210 1.680186 -0.053409
v -1.872054 1.701732 -0.055989
v -1.892016 1.690950 -0.057975
v -1.899558 1.700697 -0.061148
v -1.803141 1.858944 -0.071664
v -1.789965 1.857486 -0.069002
v -1.785069 1.840296 -0.064873
v -1.839681 1.862967 -0.079099
v -1.771983 1.794351 -0.053888
v -1.877031 1.867080 -0.086751
v -1.759617 1.750971 -0.043565
v -1.760256 1.750818 -0.043656
v -1.894986 1.851483 -0.087230
v -1.787193 1.759980 -0.050354
v -1.907955 1.864164 -0.091973
v -1.901484 1.869762 -0.091796
v -1.785996 1.744905 -0.047361
v -1.798488 1.757118 -0.051930
v -1.898928 1.854831 -0.088579
v -1.860732 1.670952 -0.054910
v -1.836009 1.732008 -0.060970
v -1.810863 1.737813 -0.057253
v -1.758492 1.749837 -0.049660
v -1.770867 1.793208 -0.059983
v -1.788858 1.856334 -0.075097
v -1.838565 1.861833 -0.085194
v -1.900350 1.868637 -0.097890
v -1.957707 1.818966 -0.099748
v -1.992618 1.800129 -0.103151
v -1.957617 1.801434 -0.096620
v -1.915470 1.838280 -0.095187
v -1.897785 1.853715 -0.094674
v -1.786059 1.758864 -0.056449
v -1.843560 1.744257 -0.064609
v -1.898379 1.699626 -0.067243
v -1.870875 1.700661 -0.062084
v -1.848744 1.709400 -0.064016
v -1.763253 1.752258 -0.055640
v -1.774332 1.791057 -0.064870
v -1.791558 1.851438 -0.079312
v -1.875735 1.860735 -0.096503
v -1.898217 1.863228 -0.101151
v -1.971666 1.818615 -0.107015
v -1.958400 1.805034 -0.102058
v -1.896894 1.858764 -0.100077
v -1.890117 1.852977 -0.097755
v -1.775781 1.755930 -0.058649
v -1.795581 1.750908 -0.061416
v -1.840806 1.739424 -0.067868
v -1.879344 1.708068 -0.069676
v -1.891377 1.698258 -0.070296
v -1.870938 1.680753 -0.063259
v -0.428799 2.636940 -0.093165
v -0.452085 2.631261 -0.092704
v -0.438737 2.553519 -0.072075
v -0.434726 2.549361 -0.070829
v -0.437310 2.545212 -0.069871
v -0.431327 2.510364 -0.060624
v -0.475344 2.625573 -0.092295
v -0.467751 2.583606 -0.081141
v -0.455517 2.515989 -0.063170
v -0.440840 2.434872 -0.041611
v -0.420329 2.438220 -0.041542
v -0.445103 2.458434 -0.047873
v -0.449762 2.484183 -0.054716
v -0.498576 2.619876 -0.091940
v -0.497551 2.614494 -0.090505
v -0.473365 2.487324 -0.056650
v -0.467185 2.454825 -0.047999
v -0.466684 2.452800 -0.047455
v -0.466777 2.452683 -0.047428
v -0.462708 2.431281 -0.041732
v -0.445684 2.458902 -0.048022
v -0.452763 2.479917 -0.053762
v -0.501950 2.619048 -0.091895
v -0.474696 2.485182 -0.056168
v -0.484907 2.429292 -0.042330
v -0.484587 2.427681 -0.041902
v -0.486380 2.427384 -0.041920
v -0.309491 2.455257 -0.041673
v -0.307682 2.455545 -0.041691
v -0.309857 2.458155 -0.042438
v -0.331377 2.451738 -0.041503
v -0.325902 2.477433 -0.047981
v -0.318822 2.518455 -0.058379
v -0.343726 2.543169 -0.065631
v -0.353251 2.448219 -0.041382
v -0.360338 2.559648 -0.070500
v -0.374918 2.598483 -0.081087
v -0.365382 2.532351 -0.063612
v -0.340919 2.507817 -0.056373
v -0.351097 2.468955 -0.046674
v -0.355299 2.462421 -0.045134
v -0.365728 2.446203 -0.041340
v -0.392656 2.645724 -0.093992
v -0.405469 2.642619 -0.093680
v -0.389840 2.540694 -0.066713
v -0.375952 2.542944 -0.066759
v -0.501645 2.617482 -0.097990
v -0.467460 2.582040 -0.087236
v -0.434463 2.547786 -0.076924
v -0.455226 2.514423 -0.069265
v -0.466394 2.451234 -0.053550
v -0.486061 2.425827 -0.048015
v -0.445393 2.457336 -0.054117
v -0.375717 2.541369 -0.072854
v -0.350877 2.467371 -0.052769
v -0.307490 2.453961 -0.047786
v -0.325696 2.475858 -0.054076
v -0.318616 2.516871 -0.064474
v -0.360118 2.558064 -0.076595
v -0.392421 2.644149 -0.100086
v -0.428536 2.635365 -0.099260
v -0.492922 2.613972 -0.101304
v -0.428671 2.547273 -0.081192
v -0.451177 2.511084 -0.072868
v -0.469002 2.482419 -0.066341
v -0.475509 2.430831 -0.053396
v -0.430209 2.438247 -0.053161
v -0.449067 2.453655 -0.057997
v -0.457226 2.477865 -0.064612
v -0.434557 2.510103 -0.071862
v -0.414640 2.538318 -0.078276
v -0.373927 2.544915 -0.078354
v -0.335569 2.506422 -0.066982
v -0.356274 2.449371 -0.052960
v -0.315707 2.455905 -0.053201
v -0.330316 2.473482 -0.058269
v -0.323279 2.514252 -0.068604
v -0.363861 2.554545 -0.080469
v -0.395111 2.637849 -0.103211
v -0.450871 2.624268 -0.102010
v -1.573668 2.054064 -0.071120
v -1.566945 2.059869 -0.071267
v -1.577241 2.071686 -0.075357
v -1.583217 2.066529 -0.075226
v -1.527363 1.993575 -0.051199
v -1.526742 1.994205 -0.051231
v -1.505925 1.965576 -0.041975
v -1.493397 1.964811 -0.039835
v -1.510785 1.990956 -0.048031
v -1.511091 2.009334 -0.051908
v -1.614888 2.147466 -0.097097
v -1.626516 2.123994 -0.094045
v -1.602585 2.131095 -0.091742
v -1.527615 2.031321 -0.059102
v -1.591218 2.038899 -0.070787
v -1.600866 2.051274 -0.074891
v -1.543329 1.977492 -0.050422
v -1.535427 1.967358 -0.047061
v -1.616724 2.037549 -0.074636
v -1.606428 2.025732 -0.070541
v -1.552365 1.968375 -0.050009
v -1.627389 2.009973 -0.070748
v -1.624527 2.016462 -0.071605
v -1.631826 2.015463 -0.072595
v -1.637847 1.986240 -0.067670
v -1.658853 2.011737 -0.076310
v -1.648197 1.962714 -0.064670
v -1.686159 2.007957 -0.080116
v -1.654155 1.949151 -0.062971
v -1.697193 2.006427 -0.081676
v -1.398330 2.083566 -0.050660
v -1.395099 2.103672 -0.054573
v -1.406250 2.095365 -0.054376
v -1.411110 2.062443 -0.047960
v -1.403028 2.054298 -0.045011
v -1.419624 2.085375 -0.054174
v -1.426797 2.085393 -0.055230
v -1.445913 2.073261 -0.055458
v -1.421604 2.073027 -0.051797
v -1.454418 2.085456 -0.059347
v -1.473858 2.073513 -0.059717
v -1.482381 2.085510 -0.063567
v -1.502154 2.073756 -0.064082
v -1.500813 2.085537 -0.066382
v -1.520037 2.108127 -0.074112
v -1.525986 2.106687 -0.074714
v -1.511712 2.048097 -0.060139
v -1.512072 2.070570 -0.064939
v -1.507752 2.073810 -0.064956
v -1.537182 2.103978 -0.075868
v -1.569753 2.126784 -0.085710
v -1.539081 2.085204 -0.072197
v -1.528686 2.077698 -0.069008
v -1.528533 2.070903 -0.067549
v -1.594206 2.143911 -0.093124
v -1.604142 2.169120 -0.099963
v -1.625553 2.122716 -0.100139
v -1.601622 2.129826 -0.097836
v -1.527750 2.076411 -0.075103
v -1.525779 1.992936 -0.057326
v -1.551375 1.967124 -0.056104
v -1.492434 1.963542 -0.045930
v -1.510128 2.008056 -0.058003
v -1.420704 2.071713 -0.057892
v -1.394217 2.102349 -0.060668
v -1.453509 2.084142 -0.065442
v -1.499877 2.084241 -0.072477
v -1.519110 2.106831 -0.080207
v -1.568808 2.125497 -0.091804
v -1.593261 2.142633 -0.099219
v -1.603197 2.167842 -0.106058
v -1.522674 2.077842 -0.079275
v -1.520604 1.990371 -0.060624
v -1.540746 1.970058 -0.059639
v -1.500444 1.967592 -0.052691
v -1.513566 1.987302 -0.058873
v -1.514547 2.045685 -0.071234
v -1.507509 2.076015 -0.076549
v -1.472103 2.075682 -0.071078
v -1.404477 2.061426 -0.057930
v -1.416717 2.078706 -0.063467
v -1.520163 2.100990 -0.083778
v -1.536597 2.097021 -0.085473
v -1.609254 2.143443 -0.106536
v -1.623528 2.015220 -0.077700
v -1.696167 2.005212 -0.087771
v -1.653129 1.947936 -0.069066
v -1.636839 1.985007 -0.073765
v -1.687311 2.001036 -0.090092
v -1.653336 1.955811 -0.075324
v -1.576278 2.070417 -0.081452
v -1.605438 2.024472 -0.076636
v -1.590237 2.037630 -0.076882
v -1.608768 2.035065 -0.084002
v -1.571562 2.058033 -0.082777
v -2.118690 1.433046 -0.063241
v -2.104740 1.433739 -0.060332
v -2.112120 1.447581 -0.063968
v -2.103444 1.450344 -0.062502
v -2.042109 1.407999 -0.043010
v -2.042721 1.404048 -0.042558
v -2.039058 1.405902 -0.042042
v -2.115486 1.458651 -0.066328
v -2.117655 1.457958 -0.066694
v -2.119023 1.461090 -0.067451
v -2.125107 1.465293 -0.069387
v -2.146743 1.452045 -0.072102
v -2.248668 1.491897 -0.100045
v -2.239650 1.504983 -0.099993
v -2.157183 1.431138 -0.071325
v -2.162043 1.442667 -0.074059
v -2.234304 1.488180 -0.096386
v -2.258019 1.478298 -0.100136
v -2.240433 1.479279 -0.096434
v -2.163861 1.430805 -0.072737
v -2.076066 1.459047 -0.057929
v -2.068731 1.461369 -0.056718
v -2.058813 1.446906 -0.052411
v -2.016639 1.417233 -0.038926
v -2.013453 1.418844 -0.038490
v -2.027196 1.424658 -0.042300
v -2.030796 1.427187 -0.043452
v -2.063403 1.475193 -0.057676
v -2.087946 1.467399 -0.061729
v -2.040264 1.419852 -0.044388
v -2.029833 1.425774 -0.043033
v -2.121750 1.467354 -0.068973
v -2.162538 1.429932 -0.078832
v -2.117367 1.432146 -0.069336
v -2.062107 1.474275 -0.063771
v -2.116341 1.457058 -0.072789
v -2.160720 1.441776 -0.080154
v -2.232981 1.487289 -0.102480
v -2.238318 1.504092 -0.106088
v -2.256687 1.477425 -0.106231
v -2.239101 1.478406 -0.102529
v -2.106837 1.434657 -0.072082
v -2.113731 1.447581 -0.075479
v -2.065383 1.462917 -0.067402
v -2.054394 1.446888 -0.062628
v -2.035251 1.419006 -0.054348
v -2.037078 1.407171 -0.052965
v -2.017557 1.417008 -0.050250
v -2.030760 1.424046 -0.054135
v -2.062305 1.470486 -0.067890
v -2.116899 1.453161 -0.076986
v -2.120751 1.461945 -0.079115
v -2.143170 1.448229 -0.081932
v -2.159856 1.438014 -0.084069
v -2.234268 1.484868 -0.107058
v -2.238291 1.497531 -0.109776
v -2.244222 1.488927 -0.109811
v -2.154978 1.432731 -0.082237
v -2.116485 1.434621 -0.074158
v -2.282769 1.056711 -0.052110
v -2.280987 1.059240 -0.051970
v -2.289816 1.059978 -0.054141
v -2.295909 1.037946 -0.053191
v -2.348343 1.064856 -0.068589
v -2.346615 1.060905 -0.067748
v -2.309085 1.019118 -0.054326
v -2.332872 1.029639 -0.061129
v -2.320857 1.002288 -0.055385
v -2.299464 1.166169 -0.068544
v -2.297079 1.171902 -0.068674
v -2.307654 1.170327 -0.070946
v -2.308338 1.144812 -0.068111
v -2.347722 1.164369 -0.079611
v -2.317185 1.123473 -0.067729
v -2.365110 1.161777 -0.083396
v -2.347407 1.138143 -0.076515
v -2.324034 1.106940 -0.067473
v -2.295657 1.171173 -0.074768
v -2.363679 1.161075 -0.089491
v -2.345976 1.137441 -0.082610
v -2.322603 1.106247 -0.073568
v -2.301669 1.165107 -0.080094
v -2.344761 1.158717 -0.089423
v -2.341449 1.139709 -0.086455
v -2.322621 1.114608 -0.079170
v -2.288367 1.059303 -0.060236
v -2.346894 1.064190 -0.074685
v -2.319390 1.001649 -0.061480
v -2.286522 1.054254 -0.063890
v -2.338785 1.058628 -0.076801
v -2.317428 1.010118 -0.066547
v -2.296962 1.039359 -0.064758
v -2.467602 0.689321 -0.064232
v -2.449602 0.694855 -0.060102
v -2.435472 0.693573 -0.056456
v -2.433204 0.703223 -0.056577
v -2.445795 0.706869 -0.060004
v -2.446119 0.706539 -0.060063
v -2.447433 0.705472 -0.060318
v -2.448972 0.704482 -0.060632
v -2.450664 0.703606 -0.060997
v -2.452635 0.702775 -0.061432
v -2.454975 0.701922 -0.061961
v -2.457801 0.700978 -0.062603
v -2.461815 0.699810 -0.063528
v -2.467278 0.698426 -0.064804
v -2.473650 0.696969 -0.066302
v -2.480373 0.695583 -0.067893
v -2.486214 0.694534 -0.069289
v -2.521737 0.680207 -0.077251
v -2.518218 0.680846 -0.076408
v -2.514132 0.681688 -0.075437
v -2.507067 0.676243 -0.073278
v -2.496222 0.673309 -0.070338
v -2.490390 0.682307 -0.069493
v -2.486898 0.694412 -0.069451
v -2.493495 0.693467 -0.071050
v -2.500542 0.692659 -0.072772
v -2.507661 0.691986 -0.074519
v -2.514438 0.691443 -0.076191
v -2.520495 0.691028 -0.077690
v -2.526111 0.690728 -0.079085
v -2.531619 0.690524 -0.080460
v -2.536695 0.690410 -0.081731
v -2.541006 0.690374 -0.082816
v -2.544237 0.690409 -0.083634
v -2.546514 0.690470 -0.084212
v -2.548314 0.690537 -0.084671
v -2.549871 0.690644 -0.085070
v -2.551392 0.690822 -0.085466
v -2.553102 0.691102 -0.085917
v -2.555028 0.691488 -0.086429
v -2.557026 0.691964 -0.086965
v -2.559060 0.692539 -0.087518
v -2.561103 0.693218 -0.088082
v -2.563137 0.694009 -0.088649
v -2.565153 0.694924 -0.089222
v -2.567178 0.695965 -0.089803
v -2.569203 0.697121 -0.090394
v -2.571228 0.698387 -0.090994
v -2.573262 0.699753 -0.091600
v -2.572938 0.697461 -0.091361
v -2.572695 0.695060 -0.091131
v -2.572614 0.693964 -0.091036
v -2.560302 0.666113 -0.086054
v -2.557089 0.677266 -0.085991
v -2.552589 0.677312 -0.084855
v -2.548125 0.677444 -0.083736
v -2.543706 0.677662 -0.082635
v -2.539341 0.677969 -0.081552
v -2.535021 0.678370 -0.080487
v -2.530755 0.678860 -0.079440
v -2.526525 0.679434 -0.078411
v -2.522349 0.680095 -0.077399
v -2.498562 0.669683 -0.070687
v -2.572515 0.692559 -0.090915
v -2.572389 0.689969 -0.090711
v -2.572326 0.687300 -0.090514
v -2.572308 0.684521 -0.090324
v -2.572353 0.681618 -0.090141
v -2.572479 0.678624 -0.089971
v -2.572677 0.675572 -0.089816
v -2.572965 0.672493 -0.089682
v -2.573307 0.669512 -0.089569
v -2.573307 0.669505 -0.089569
v -2.521251 0.631878 -0.073940
v -2.529432 0.641143 -0.076612
v -2.530710 0.634252 -0.076489
v -2.566854 0.643330 -0.086236
v -2.573703 0.666603 -0.089482
v -2.574216 0.663580 -0.089414
v -2.574882 0.660255 -0.089368
v -2.575773 0.656440 -0.089345
v -2.577060 0.651480 -0.089351
v -2.578545 0.646266 -0.089388
v -2.525850 0.615744 -0.074097
v -2.511657 0.621004 -0.070823
v -2.532726 0.623358 -0.076319
v -2.542833 0.613151 -0.078246
v -2.573388 0.620540 -0.086469
v -2.578806 0.645339 -0.089397
v -2.580831 0.638761 -0.089499
v -2.582964 0.632491 -0.089649
v -2.585052 0.627271 -0.089851
v -2.586681 0.623752 -0.090045
v -2.530665 0.610210 -0.074973
v -2.549304 0.606608 -0.079499
v -2.573991 0.618445 -0.086496
v -2.587059 0.622934 -0.090092
v -2.589093 0.618894 -0.090367
v -2.591181 0.615265 -0.090678
v -2.593314 0.612158 -0.091034
v -2.595519 0.609688 -0.091446
v -2.593422 0.610109 -0.090939
v -2.591235 0.610228 -0.090389
v -2.588805 0.609988 -0.089756
v -2.585952 0.609567 -0.089003
v -2.582757 0.608993 -0.088156
v -2.578392 0.607899 -0.086980
v -2.573280 0.606429 -0.085591
v -2.567997 0.604791 -0.084146
v -2.563092 0.603194 -0.082803
v -2.558961 0.601779 -0.081665
v -2.555064 0.600382 -0.080589
v -2.551356 0.598976 -0.079561
v -2.547873 0.597560 -0.078590
v -2.544660 0.596129 -0.077685
v -2.543409 0.595533 -0.077332
v -2.391408 0.784912 -0.052444
v -2.392857 0.787111 -0.052985
v -2.394774 0.786018 -0.053369
v -2.361402 0.751695 -0.042301
v -2.352303 0.770678 -0.041566
v -2.372967 0.768231 -0.046512
v -2.376981 0.770892 -0.047723
v -2.380491 0.773408 -0.048800
v -2.383488 0.775747 -0.049734
v -2.386620 0.778818 -0.050761
v -2.388762 0.781271 -0.051490
v -2.390850 0.784058 -0.052235
v -2.403747 0.780893 -0.055189
v -2.453859 0.783228 -0.067845
v -2.467476 0.795607 -0.072232
v -2.467197 0.785440 -0.071342
v -2.411397 0.767642 -0.056024
v -2.409453 0.767555 -0.055533
v -2.409705 0.767103 -0.055560
v -2.409048 0.743208 -0.053524
v -2.396826 0.761086 -0.051875
v -2.394117 0.759694 -0.051090
v -2.391435 0.757912 -0.050282
v -2.388780 0.755784 -0.049452
v -2.386143 0.753358 -0.048605
v -2.383533 0.750677 -0.047742
v -2.380941 0.747661 -0.046859
v -2.378376 0.744232 -0.045951
v -2.375838 0.740444 -0.045022
v -2.373327 0.736351 -0.044074
v -2.370834 0.732006 -0.043110
v -2.466504 0.761593 -0.069302
v -2.451528 0.769436 -0.066179
v -2.421063 0.746923 -0.056813
v -2.422404 0.723652 -0.055376
v -2.432457 0.726662 -0.058121
v -2.431548 0.710241 -0.056681
v -2.435733 0.720822 -0.058512
v -2.437083 0.718685 -0.058692
v -2.438397 0.716651 -0.058871
v -2.439675 0.714744 -0.059051
v -2.440908 0.712992 -0.059231
v -2.442087 0.711418 -0.059411
v -2.443149 0.710027 -0.059574
v -2.444094 0.708776 -0.059718
v -2.445039 0.707627 -0.059872
v -2.565306 0.642935 -0.092331
v -2.546586 0.677034 -0.089831
v -2.448072 0.694419 -0.066197
v -2.407932 0.767063 -0.061628
v -2.435553 0.718234 -0.064787
v -2.444580 0.706103 -0.066158
v -2.484684 0.694097 -0.075384
v -2.571723 0.699330 -0.097696
v -2.571138 0.675162 -0.095911
v -2.571768 0.669104 -0.095665
v -2.576997 0.645871 -0.095483
v -2.549808 0.598609 -0.085656
v -2.541861 0.595166 -0.083427
v -2.510109 0.620622 -0.076918
v -2.525202 0.634640 -0.086284
v -2.546136 0.602745 -0.089623
v -2.574477 0.616331 -0.097654
v -2.566737 0.643292 -0.097368
v -2.556396 0.679238 -0.097111
v -2.524212 0.681399 -0.089122
v -2.510829 0.683840 -0.085916
v -2.495754 0.674052 -0.081435
v -2.447199 0.696835 -0.070803
v -2.434851 0.695714 -0.067616
v -2.421927 0.724376 -0.066474
v -2.395035 0.763719 -0.062797
v -2.376297 0.748578 -0.056936
v -2.368413 0.736851 -0.054049
v -2.361150 0.752004 -0.053426
v -2.354148 0.766606 -0.052861
v -2.371050 0.764606 -0.056904
v -2.391129 0.782702 -0.063353
v -2.400570 0.777328 -0.065274
v -2.452338 0.779740 -0.078350
v -2.462085 0.788594 -0.081488
v -2.461401 0.765081 -0.079464
v -2.449449 0.771337 -0.076973
v -2.402442 0.769211 -0.065086
v -2.433609 0.714396 -0.068668
v -2.464092 0.695055 -0.074925
v -2.511666 0.688031 -0.086417
v -2.534067 0.686991 -0.091994
v -2.555073 0.688626 -0.097404
v -2.567052 0.683848 -0.100112
v -2.568996 0.662441 -0.099181
v -2.573649 0.643937 -0.099163
v -2.581668 0.621967 -0.099824
v -2.569860 0.608389 -0.096001
v -2.524680 0.617390 -0.085067
v -2.586924 0.612221 -0.100585
v -2.590713 0.313007 -0.076590
v -2.588265 0.289240 -0.075232
v -2.595600 0.313600 -0.077877
v -2.622942 0.293136 -0.084359
v -2.475810 0.276605 -0.045637
v -2.475459 0.281157 -0.045683
v -2.496204 0.278896 -0.051004
v -2.495979 0.281783 -0.051033
v -2.475495 0.287279 -0.045878
v -2.496006 0.286054 -0.051169
v -2.476044 0.293370 -0.046207
v -2.496393 0.290303 -0.051398
v -2.477088 0.299209 -0.046654
v -2.497131 0.294497 -0.051719
v -2.491380 0.300945 -0.050419
v -2.498229 0.298607 -0.052128
v -2.585808 0.265560 -0.073930
v -2.650806 0.272274 -0.091019
v -2.503494 0.257056 -0.052288
v -2.503197 0.257510 -0.052222
v -2.501154 0.261239 -0.051795
v -2.481516 0.254785 -0.046508
v -2.480409 0.257287 -0.046290
v -2.499435 0.265134 -0.051457
v -2.478420 0.263069 -0.045935
v -2.498040 0.269168 -0.051209
v -2.476926 0.269005 -0.045713
v -2.497005 0.273308 -0.051054
v -2.475936 0.275049 -0.045625
v -2.496312 0.277524 -0.050993
v -2.585232 0.260025 -0.073638
v -2.651355 0.271864 -0.091151
v -2.603421 0.249960 -0.078112
v -2.583144 0.256355 -0.072998
v -2.600415 0.244700 -0.077195
v -2.580741 0.252891 -0.072285
v -2.599587 0.243497 -0.076947
v -2.578059 0.249659 -0.071504
v -2.575116 0.246680 -0.070661
v -2.571930 0.243981 -0.069762
v -2.568528 0.241580 -0.068814
v -2.566440 0.240372 -0.068241
v -2.528631 0.236807 -0.058308
v -2.524896 0.238270 -0.057373
v -2.521161 0.240128 -0.056449
v -2.517597 0.242316 -0.055578
v -2.514222 0.244815 -0.054765
v -2.511081 0.247606 -0.054018
v -2.495637 0.233697 -0.049642
v -2.492937 0.236546 -0.049013
v -2.508174 0.250667 -0.053341
v -2.489166 0.241291 -0.048152
v -2.505546 0.253978 -0.052741
v -2.485800 0.246356 -0.047407
v -2.482875 0.251702 -0.046783
v -2.596977 0.239733 -0.076180
v -2.593134 0.235097 -0.075070
v -2.588904 0.230828 -0.073870
v -2.584332 0.226958 -0.072588
v -2.579454 0.223516 -0.071236
v -2.564928 0.239497 -0.067826
v -2.574297 0.220528 -0.069823
v -2.561166 0.237745 -0.066806
v -2.568906 0.218018 -0.068359
v -2.557269 0.236341 -0.065758
v -2.566737 0.217237 -0.067777
v -2.553264 0.235294 -0.064691
v -2.549187 0.234610 -0.063613
v -2.545065 0.234298 -0.062532
v -2.540934 0.234358 -0.061456
v -2.536821 0.234790 -0.060394
v -2.531619 0.214247 -0.058560
v -2.528163 0.214928 -0.057676
v -2.532753 0.235590 -0.059354
v -2.522448 0.216595 -0.056226
v -2.528766 0.236753 -0.058343
v -2.516895 0.218770 -0.054831
v -2.511549 0.221435 -0.053499
v -2.506437 0.224571 -0.052241
v -2.501613 0.228154 -0.051067
v -2.497095 0.232155 -0.049986
v -2.563317 0.216004 -0.066859
v -2.557575 0.214502 -0.065332
v -2.551734 0.213524 -0.063787
v -2.545821 0.213074 -0.062237
v -2.539890 0.213160 -0.060694
v -2.533995 0.213779 -0.059169
v -2.483325 0.367855 -0.050674
v -2.480931 0.379239 -0.050506
v -2.504934 0.371070 -0.056389
v -2.487942 0.345815 -0.051047
v -2.541249 0.358712 -0.065327
v -2.534328 0.352292 -0.063296
v -2.492559 0.323747 -0.051471
v -2.505339 0.325415 -0.054842
v -2.494332 0.315218 -0.051653
v -2.591118 0.316952 -0.076824
v -2.477115 0.299384 -0.046667
v -2.478681 0.305275 -0.047267
v -2.649771 0.271708 -0.097246
v -2.601837 0.249803 -0.084207
v -2.567313 0.217875 -0.074454
v -2.544228 0.212947 -0.068332
v -2.530035 0.214104 -0.064655
v -2.509956 0.221292 -0.059594
v -2.475531 0.299185 -0.052762
v -2.496645 0.298421 -0.058223
v -2.501613 0.257339 -0.058317
v -2.527047 0.236651 -0.064403
v -2.563344 0.239354 -0.073921
v -2.591955 0.308427 -0.087925
v -2.639952 0.272559 -0.099365
v -2.597652 0.253228 -0.087857
v -2.587221 0.237941 -0.084760
v -2.529693 0.218421 -0.069313
v -2.496024 0.236564 -0.060975
v -2.484036 0.253456 -0.058293
v -2.477430 0.276772 -0.057225
v -2.478969 0.299186 -0.058305
v -2.490210 0.295373 -0.061111
v -2.490021 0.272102 -0.060369
v -2.497194 0.254234 -0.061736
v -2.512503 0.238284 -0.065313
v -2.533491 0.230089 -0.070581
v -2.547000 0.229894 -0.074096
v -2.575314 0.243050 -0.081784
v -2.586744 0.258284 -0.085149
v -2.479356 0.378997 -0.056601
v -2.539674 0.358486 -0.071422
v -2.492757 0.315019 -0.057748
v -2.484090 0.372110 -0.062204
v -2.530026 0.356498 -0.073504
v -2.660508 -0.108778 -0.090432
v -2.689938 -0.129780 -0.098367
v -2.541537 -0.114792 -0.059417
v -2.512404 -0.125329 -0.051929
v -2.450025 -0.122257 -0.035595
v -2.447577 -0.111006 -0.034824
v -2.478456 -0.123058 -0.043033
v -2.527515 -0.103418 -0.055622
v -2.474307 -0.139105 -0.042174
v -2.468943 -0.145342 -0.040861
v -2.454858 -0.144522 -0.037169
v -2.573028 -0.151403 -0.068128
v -2.553111 -0.149154 -0.062894
v -2.554866 -0.133051 -0.063127
v -2.608515 -0.139109 -0.077223
v -2.606958 -0.153379 -0.077016
v -2.457828 -0.158257 -0.038170
v -2.606760 -0.155212 -0.076994
v -2.591514 -0.059569 -0.071993
v -2.572155 -0.045769 -0.066866
v -2.562642 -0.058923 -0.064440
v -2.625561 -0.083844 -0.081063
v -2.546397 -0.081363 -0.060350
v -2.531601 -0.101782 -0.056675
v -2.456235 -0.158157 -0.044265
v -2.476863 -0.122987 -0.049128
v -2.530008 -0.101725 -0.062770
v -2.570562 -0.045741 -0.072961
v -2.623968 -0.083801 -0.087158
v -2.688345 -0.129709 -0.104462
v -2.539944 -0.114721 -0.065512
v -2.510811 -0.125258 -0.058024
v -2.472714 -0.139019 -0.048269
v -2.450871 -0.118049 -0.046930
v -2.475729 -0.127754 -0.053540
v -2.531601 -0.105412 -0.067872
v -2.570400 -0.051884 -0.077599
v -2.620350 -0.087476 -0.090895
v -2.670894 -0.123487 -0.104479
v -2.538288 -0.110095 -0.069676
v -2.508246 -0.120961 -0.061951
v -2.469087 -0.135099 -0.051917
v -2.605167 -0.155112 -0.083089
v -2.606922 -0.139024 -0.083318
v -2.553273 -0.132966 -0.069222
v -2.551518 -0.149068 -0.068989
v -2.570787 -0.146759 -0.078637
v -2.600973 -0.142947 -0.086470
v -2.555973 -0.137866 -0.074648
v -2.028114 -1.657464 -0.078816
v -2.006037 -1.669569 -0.076374
v -1.992024 -1.657914 -0.071606
v -2.014002 -1.645944 -0.074051
v -1.974627 -1.613796 -0.060758
v -1.973979 -1.614750 -0.060785
v -1.966743 -1.624749 -0.060988
v -1.961082 -1.632183 -0.061082
v -1.948599 -1.621806 -0.056836
v -1.949508 -1.620582 -0.056816
v -1.954053 -1.614210 -0.056673
v -1.958670 -1.607424 -0.056477
v -1.961514 -1.603086 -0.056330
v -1.990710 -1.677966 -0.074714
v -1.980801 -1.678785 -0.072867
v -1.934676 -1.639734 -0.057061
v -1.935702 -1.638483 -0.057056
v -1.940391 -1.632597 -0.057006
v -1.944972 -1.626666 -0.056927
v -1.957860 -1.636413 -0.061146
v -1.948635 -1.648203 -0.061279
v -1.947042 -1.650201 -0.061297
v -1.962702 -1.663458 -0.066664
v -1.985481 -1.661478 -0.070894
v -1.948347 -1.681467 -0.066870
v -1.919952 -1.656978 -0.057063
v -1.921122 -1.655691 -0.057076
v -1.926045 -1.650075 -0.057101
v -1.930905 -1.644333 -0.057093
v -1.940391 -1.658544 -0.061394
v -1.938168 -1.661316 -0.061422
v -1.937592 -1.663287 -0.061642
v -1.937880 -1.664439 -0.061895
v -1.938960 -1.665033 -0.062211
v -1.940598 -1.665384 -0.062596
v -1.919367 -1.683852 -0.061562
v -1.918224 -1.685661 -0.061644
v -1.897785 -1.667715 -0.054531
v -1.911060 -1.666572 -0.056955
v -1.916127 -1.661190 -0.057031
v -1.905768 -1.705182 -0.062592
v -1.905201 -1.704678 -0.062395
v -1.884798 -1.668831 -0.052183
v -1.905624 -1.705407 -0.062604
v -2.006271 -1.495203 -0.048207
v -2.011149 -1.489695 -0.048378
v -2.016603 -1.502889 -0.051575
v -1.996569 -1.506138 -0.047897
v -2.033595 -1.544019 -0.061589
v -2.002401 -1.520358 -0.051350
v -2.002716 -1.519512 -0.051283
v -2.051100 -1.586409 -0.071964
v -2.022597 -1.564386 -0.062543
v -2.014992 -1.545774 -0.058006
v -2.013840 -1.544271 -0.057527
v -2.012193 -1.543857 -0.057119
v -2.010753 -1.544523 -0.056926
v -2.009808 -1.546467 -0.057038
v -2.007594 -1.552794 -0.057585
v -1.993941 -1.542246 -0.053072
v -1.995066 -1.539555 -0.052879
v -1.998954 -1.529673 -0.052115
v -2.065806 -1.622031 -0.080726
v -2.066904 -1.624713 -0.081384
v -2.068704 -1.627521 -0.082207
v -2.071053 -1.630419 -0.083158
v -2.074167 -1.633461 -0.084289
v -2.075967 -1.635018 -0.084911
v -2.077893 -1.636602 -0.085562
v -2.077470 -1.636683 -0.085490
v -2.040111 -1.607280 -0.073053
v -2.007126 -1.554126 -0.057703
v -2.004120 -1.561767 -0.058311
v -2.000790 -1.569390 -0.058851
v -1.998378 -1.574430 -0.059166
v -1.984410 -1.563441 -0.054516
v -1.986858 -1.558392 -0.054211
v -1.991043 -1.549131 -0.053582
v -2.059461 -1.640247 -0.082381
v -2.050344 -1.645260 -0.081329
v -2.036142 -1.633875 -0.076567
v -2.048265 -1.627251 -0.077972
v -1.997154 -1.576995 -0.059332
v -1.993275 -1.584402 -0.059742
v -1.989135 -1.591611 -0.060066
v -1.987236 -1.594662 -0.060174
v -1.973556 -1.583700 -0.055590
v -1.977957 -1.575969 -0.055232
v -1.982520 -1.567320 -0.054761
v -1.984608 -1.598892 -0.060335
v -1.979595 -1.606515 -0.060569
v -1.963431 -1.600152 -0.056238
v -1.968309 -1.592448 -0.055961
v -1.973187 -1.584366 -0.055623
v -1.945818 -1.649175 -0.067392
v -1.936665 -1.663404 -0.067990
v -2.047014 -1.626261 -0.084067
v -2.021328 -1.563414 -0.068638
v -2.009484 -1.543551 -0.063021
v -1.997127 -1.573458 -0.065261
v -1.985985 -1.593672 -0.066269
v -2.001438 -1.518558 -0.057377
v -2.009862 -1.488750 -0.054473
v -2.076633 -1.635621 -0.091657
v -2.026881 -1.656456 -0.084911
v -1.918170 -1.682808 -0.067657
v -1.904436 -1.704345 -0.068699
v -1.883601 -1.667769 -0.058278
v -1.909863 -1.665519 -0.063050
v -1.918737 -1.655943 -0.063158
v -1.947366 -1.620798 -0.062931
v -1.968291 -1.610529 -0.070099
v -1.955619 -1.627665 -0.070390
v -1.984563 -1.664061 -0.082307
v -2.013894 -1.648095 -0.085549
v -2.051730 -1.627476 -0.089883
v -2.024514 -1.560921 -0.073548
v -1.997901 -1.558482 -0.067665
v -1.963062 -1.603716 -0.067910
v -1.975230 -1.584114 -0.067162
v -1.986201 -1.563612 -0.066076
v -1.995822 -1.542201 -0.064619
v -1.999611 -1.505166 -0.059544
v -2.027331 -1.544199 -0.071476
v -2.044854 -1.586571 -0.081860
v -2.065608 -1.631814 -0.093420
v -2.046195 -1.639680 -0.090731
v -1.987452 -1.671864 -0.084198
v -1.914840 -1.677822 -0.070796
v -1.903887 -1.695021 -0.071611
v -1.890081 -1.670829 -0.064727
v -1.935909 -1.640796 -0.068648
v -2.486547 -0.532408 -0.059024
v -2.506077 -0.519739 -0.063347
v -2.506743 -0.513318 -0.063175
v -2.458890 -0.503550 -0.050402
v -2.456919 -0.506918 -0.050077
v -2.410110 -0.505621 -0.038023
v -2.425212 -0.496675 -0.041413
v -2.534238 -0.518932 -0.070514
v -2.534229 -0.538786 -0.071572
v -2.503584 -0.530877 -0.063304
v -2.498157 -0.534888 -0.062130
v -2.459790 -0.549752 -0.053155
v -2.473812 -0.552876 -0.056911
v -2.449926 -0.570608 -0.051848
v -2.450484 -0.555784 -0.051131
v -2.462382 -0.561315 -0.054486
v -2.462859 -0.573613 -0.055322
v -2.605887 -0.631480 -0.095210
v -2.620503 -0.619437 -0.098204
v -2.449044 -0.593554 -0.053008
v -2.463768 -0.597114 -0.056970
v -2.576241 -0.624311 -0.087233
v -2.582586 -0.610179 -0.087997
v -2.582856 -0.650434 -0.090549
v -2.448144 -0.616591 -0.054223
v -2.464371 -0.613129 -0.058127
v -2.510730 -0.632314 -0.071100
v -2.566350 -0.646286 -0.086096
v -2.561958 -0.667622 -0.086369
v -2.447892 -0.622944 -0.054571
v -2.562912 -0.653907 -0.085720
v -2.510829 -0.398108 -0.058859
v -2.505942 -0.385210 -0.057085
v -2.530638 -0.401237 -0.064104
v -2.520135 -0.422727 -0.062296
v -2.578860 -0.432541 -0.077867
v -2.529531 -0.447601 -0.065819
v -2.605635 -0.449920 -0.085537
v -2.611521 -0.462058 -0.087592
v -2.528640 -0.470812 -0.066669
v -2.532456 -0.455344 -0.066932
v -2.624382 -0.488579 -0.092137
v -2.566791 -0.477892 -0.076818
v -2.540484 -0.463169 -0.069363
v -2.538882 -0.472714 -0.069394
v -2.453877 -0.479692 -0.047895
v -2.482983 -0.462439 -0.054529
v -2.472390 -0.481533 -0.052742
v -2.493432 -0.487400 -0.058435
v -2.520405 -0.492655 -0.065622
v -2.524734 -0.486577 -0.066436
v -2.637396 -0.515450 -0.096794
v -2.632005 -0.514399 -0.095357
v -2.535030 -0.495506 -0.069519
v -2.507562 -0.505463 -0.062982
v -2.464173 -0.494521 -0.051295
v -2.519064 -0.494545 -0.065373
v -2.638710 -0.518152 -0.097268
v -2.534238 -0.500210 -0.069556
v -2.504367 -0.384968 -0.063180
v -2.529063 -0.400995 -0.070199
v -2.604060 -0.449650 -0.091632
v -2.538918 -0.462886 -0.075458
v -2.502018 -0.530552 -0.069399
v -2.560419 -0.667226 -0.092464
v -2.446353 -0.622549 -0.060666
v -2.484981 -0.532082 -0.065119
v -2.504511 -0.519414 -0.069442
v -2.505996 -0.505151 -0.069077
v -2.462616 -0.494209 -0.057390
v -2.455362 -0.506593 -0.056172
v -2.408544 -0.505295 -0.044118
v -2.452311 -0.479395 -0.053990
v -2.470824 -0.481235 -0.058837
v -2.508579 -0.391464 -0.069179
v -2.600919 -0.451351 -0.095548
v -2.619351 -0.489322 -0.102042
v -2.629944 -0.511130 -0.105826
v -2.565369 -0.475032 -0.087479
v -2.529783 -0.494498 -0.079285
v -2.528937 -0.534764 -0.081167
v -2.500398 -0.527399 -0.073465
v -2.457045 -0.559388 -0.064176
v -2.459169 -0.614340 -0.068045
v -2.507067 -0.634162 -0.081452
v -2.561571 -0.656691 -0.096725
v -2.581389 -0.612685 -0.099005
v -2.612034 -0.620167 -0.107256
v -2.578590 -0.647686 -0.100454
v -2.558880 -0.663877 -0.096510
v -2.447937 -0.620422 -0.065582
v -2.450376 -0.556683 -0.062320
v -2.507724 -0.502860 -0.074053
v -2.460267 -0.490892 -0.061271
v -2.452815 -0.503622 -0.060013
v -2.423826 -0.498449 -0.052312
v -2.452473 -0.481516 -0.058790
v -2.473272 -0.469186 -0.063529
v -2.517408 -0.497099 -0.076243
v -2.524455 -0.487216 -0.077559
v -2.532510 -0.454655 -0.078076
v -2.519874 -0.421284 -0.073330
v -2.318301 -0.904578 -0.044740
v -2.318490 -0.904335 -0.044764
v -2.323125 -0.898010 -0.045303
v -2.322936 -0.902355 -0.045662
v -2.322981 -0.906405 -0.046053
v -2.401209 -0.936879 -0.068011
v -2.401650 -0.935034 -0.067946
v -2.402694 -0.927132 -0.067460
v -2.403378 -0.917718 -0.066743
v -2.403513 -0.913092 -0.066343
v -2.418228 -0.918672 -0.070457
v -2.414889 -0.942207 -0.071851
v -2.301975 -0.922029 -0.042443
v -2.303127 -0.921228 -0.042648
v -2.305359 -0.919239 -0.043000
v -2.310354 -0.914208 -0.043732
v -2.314521 -0.909375 -0.044283
v -2.322981 -0.906531 -0.046066
v -2.323296 -0.910536 -0.046528
v -2.323917 -0.914343 -0.047045
v -2.324880 -0.917925 -0.047622
v -2.326149 -0.921300 -0.048256
v -2.327706 -0.924495 -0.048941
v -2.329542 -0.927501 -0.049677
v -2.331666 -0.930318 -0.050463
v -2.334060 -0.932955 -0.051300
v -2.336805 -0.935952 -0.052255
v -2.387124 -0.956076 -0.066428
v -2.387403 -0.955941 -0.066484
v -2.389590 -0.954564 -0.066882
v -2.391696 -0.952890 -0.067233
v -2.393721 -0.950982 -0.067544
v -2.395665 -0.948777 -0.067804
v -2.397492 -0.946140 -0.067995
v -2.399175 -0.942918 -0.068097
v -2.400705 -0.938985 -0.068091
v -2.411532 -0.965832 -0.073302
v -2.334690 -0.959424 -0.054045
v -2.322396 -0.947679 -0.049913
v -2.314188 -0.941010 -0.047268
v -2.306898 -0.935502 -0.044961
v -2.300292 -0.930975 -0.042915
v -2.295063 -0.928140 -0.041370
v -2.291517 -0.927159 -0.040414
v -2.295369 -0.925656 -0.041200
v -2.298096 -0.924387 -0.041737
v -2.300688 -0.922911 -0.042219
v -2.372481 -0.974931 -0.064729
v -2.394486 -0.984489 -0.070998
v -2.394837 -0.983526 -0.070993
v -2.395530 -0.978684 -0.070685
v -2.395224 -0.974778 -0.070229
v -2.393775 -0.970746 -0.069481
v -2.391975 -0.967632 -0.068737
v -2.390724 -0.966192 -0.068294
v -2.389257 -0.964671 -0.067788
v -2.387484 -0.963141 -0.067209
v -2.385459 -0.961602 -0.066567
v -2.383227 -0.960063 -0.065874
v -2.380347 -0.958218 -0.064996
v -2.382795 -0.957777 -0.065545
v -2.385144 -0.957021 -0.066040
v -2.408148 -0.989556 -0.074811
v -2.406258 -1.002696 -0.075674
v -2.425851 -1.019751 -0.082116
v -2.422989 -1.021092 -0.081560
v -2.373273 -1.000167 -0.067452
v -2.366046 -0.992058 -0.064894
v -2.351070 -0.976110 -0.059676
v -2.335383 -0.960090 -0.054280
v -2.378898 -0.981942 -0.066982
v -2.381625 -0.984804 -0.067929
v -2.384406 -0.986703 -0.068790
v -2.387448 -0.987756 -0.069630
v -2.390472 -0.987702 -0.070358
v -2.393154 -0.986397 -0.070874
v -2.394504 -1.034430 -0.076075
v -2.385360 -1.030488 -0.073469
v -2.385432 -1.030155 -0.073453
v -2.385909 -1.026618 -0.073206
v -2.385981 -1.023270 -0.072879
v -2.385657 -1.020237 -0.072490
v -2.385162 -1.017771 -0.072118
v -2.384352 -1.015494 -0.071691
v -2.383047 -1.012983 -0.071118
v -2.381058 -1.009788 -0.070312
v -2.376900 -1.004244 -0.068745
v -2.382696 -1.039956 -0.073823
v -2.383461 -1.037697 -0.073770
v -2.384595 -1.033854 -0.073640
v -2.508867 -0.851662 -0.086852
v -2.511279 -0.849473 -0.087267
v -2.514429 -0.845947 -0.087758
v -2.517363 -0.842026 -0.088161
v -2.520090 -0.837746 -0.088483
v -2.522628 -0.833139 -0.088731
v -2.523735 -0.840714 -0.089633
v -2.525031 -0.847945 -0.090552
v -2.526543 -0.854763 -0.091493
v -2.527443 -0.857954 -0.091979
v -2.473632 -0.864475 -0.079226
v -2.487501 -0.862170 -0.082461
v -2.491992 -0.860982 -0.083471
v -2.496285 -0.859438 -0.084400
v -2.500362 -0.857529 -0.085247
v -2.504232 -0.855242 -0.086008
v -2.507877 -0.852569 -0.086683
v -2.528316 -0.861099 -0.092465
v -2.530395 -0.866885 -0.093470
v -2.532717 -0.872212 -0.094497
v -2.535228 -0.877185 -0.095542
v -2.537973 -0.881750 -0.096608
v -2.540952 -0.885858 -0.097695
v -2.543751 -0.888935 -0.098647
v -2.543031 -0.888683 -0.098447
v -2.540106 -0.886797 -0.097564
v -2.535993 -0.884459 -0.096350
v -2.531889 -0.882479 -0.095166
v -2.527785 -0.880894 -0.094016
v -2.523690 -0.879742 -0.092904
v -2.519721 -0.879099 -0.091870
v -2.515905 -0.878923 -0.090910
v -2.515122 -0.878950 -0.090720
v -2.426175 -0.872353 -0.068214
v -2.544219 -0.889454 -0.098809
v -2.512017 -0.879062 -0.089963
v -2.507859 -0.879366 -0.088965
v -2.503233 -0.879685 -0.087851
v -2.497842 -0.880094 -0.086558
v -2.491740 -0.880724 -0.085108
v -2.485215 -0.881508 -0.083568
v -2.478564 -0.882381 -0.082005
v -2.472093 -0.883276 -0.080487
v -2.465514 -0.884236 -0.078948
v -2.461167 -0.884911 -0.077937
v -2.402289 -0.888125 -0.063754
v -2.402118 -0.886811 -0.063595
v -2.401020 -0.881055 -0.062809
v -2.399544 -0.875869 -0.061983
v -2.396988 -0.870193 -0.060846
v -2.399742 -0.871149 -0.061610
v -2.402496 -0.871962 -0.062358
v -2.405223 -0.872622 -0.063088
v -2.407941 -0.873120 -0.063801
v -2.410650 -0.873449 -0.064495
v -2.413341 -0.873614 -0.065171
v -2.416014 -0.873625 -0.065829
v -2.418678 -0.873481 -0.066471
v -2.421324 -0.873181 -0.067095
v -2.423952 -0.872721 -0.067701
v -2.458629 -0.885307 -0.077346
v -2.451852 -0.886424 -0.075782
v -2.445606 -0.887526 -0.074346
v -2.440314 -0.888549 -0.073136
v -2.435661 -0.889510 -0.072080
v -2.431251 -0.890458 -0.071080
v -2.427318 -0.891380 -0.070195
v -2.424096 -0.892262 -0.069483
v -2.421837 -0.893093 -0.069002
v -2.421540 -0.895227 -0.069119
v -2.403657 -0.908124 -0.065922
v -2.403495 -0.899687 -0.065108
v -2.402928 -0.893024 -0.064358
v -2.316807 -0.904011 -0.050835
v -2.298816 -0.930381 -0.049010
v -2.333907 -0.959478 -0.060375
v -2.364570 -0.991446 -0.070988
v -2.383695 -1.017141 -0.078213
v -2.381238 -1.039317 -0.079918
v -2.404791 -1.002084 -0.081769
v -2.416743 -0.918105 -0.076552
v -2.434167 -0.888965 -0.078175
v -2.459664 -0.884379 -0.084032
v -2.496339 -0.879562 -0.092653
v -2.514402 -0.878405 -0.097005
v -2.522178 -0.879223 -0.098999
v -2.542716 -0.888922 -0.104904
v -2.533725 -0.876667 -0.101637
v -2.525931 -0.857450 -0.098074
v -2.509767 -0.848967 -0.093362
v -2.395485 -0.869647 -0.066941
v -2.400624 -0.886266 -0.069690
v -2.401893 -0.917142 -0.072838
v -2.378871 -0.957615 -0.071091
v -2.330181 -0.929733 -0.056558
v -2.323395 -0.917340 -0.053717
v -2.321496 -0.905946 -0.052161
v -2.321640 -0.897438 -0.051397
v -2.305746 -0.921498 -0.054474
v -2.301822 -0.924720 -0.053831
v -2.335176 -0.955086 -0.064898
v -2.374011 -0.996054 -0.078377
v -2.385855 -1.012515 -0.082910
v -2.415240 -1.017609 -0.090503
v -2.399058 -1.003524 -0.085181
v -2.404665 -0.964284 -0.082647
v -2.411352 -0.917151 -0.079797
v -2.415330 -0.888877 -0.078188
v -2.448657 -0.881068 -0.085680
v -2.469006 -0.877923 -0.090422
v -2.513430 -0.873546 -0.101004
v -2.517579 -0.845766 -0.099687
v -2.503962 -0.858116 -0.097349
v -2.471652 -0.868013 -0.090206
v -2.416374 -0.877017 -0.077384
v -2.401686 -0.876080 -0.073691
v -2.402910 -0.936870 -0.079587
v -2.396511 -0.950532 -0.079344
v -2.387718 -0.958578 -0.077980
v -2.397033 -0.972771 -0.081633
v -2.376243 -0.987252 -0.078038
v -2.325753 -0.932262 -0.060375
v -2.316411 -0.910185 -0.055982
v -2.387106 -1.030317 -0.085036
v -2.394693 -0.972825 -0.069907
v -2.395503 -0.976614 -0.070475
v -2.395323 -0.981096 -0.070873
v -2.394027 -0.985335 -0.070976
v -2.392533 -0.984768 -0.077070
v -2.391966 -0.987162 -0.070662
v -2.388933 -0.987819 -0.069994
v -2.385909 -0.987315 -0.069214
v -2.383128 -0.986046 -0.068416
v -2.381670 -0.985443 -0.074514
v -1.699011 -1.954266 -0.071002
v -1.704933 -1.939488 -0.069120
v -1.710972 -1.932846 -0.068855
v -1.668285 -1.918950 -0.058759
v -1.682397 -1.900599 -0.057588
v -1.658367 -1.907556 -0.054808
v -1.671453 -1.890852 -0.053784
v -1.672974 -1.889961 -0.053870
v -1.719864 -1.942890 -0.072364
v -1.719333 -1.943475 -0.072388
v -1.709388 -1.966191 -0.075136
v -1.689282 -1.978521 -0.074145
v -1.654101 -1.937364 -0.059984
v -1.644138 -1.925700 -0.055972
v -1.699002 -1.989897 -0.078057
v -1.628640 -1.942449 -0.056696
v -1.628244 -1.936293 -0.055400
v -1.644642 -1.950342 -0.060976
v -1.644867 -1.951251 -0.061194
v -1.645272 -1.951863 -0.061386
v -1.682262 -1.992894 -0.075827
v -1.682586 -1.993083 -0.075919
v -1.682874 -1.993137 -0.075980
v -1.683216 -1.992984 -0.076005
v -1.683612 -1.992633 -0.076002
v -1.645605 -1.948389 -0.060748
v -1.645047 -1.949316 -0.060840
v -1.636047 -1.936005 -0.056661
v -1.695492 -1.997880 -0.079058
v -1.695132 -2.001732 -0.079765
v -1.697283 -2.006835 -0.081148
v -1.688859 -2.008608 -0.080078
v -1.685160 -2.009814 -0.079693
v -1.660869 -2.017239 -0.077126
v -1.661733 -2.017338 -0.077289
v -1.631124 -1.981131 -0.064889
v -1.684377 -2.010066 -0.079612
v -1.681200 -2.011848 -0.079440
v -1.678392 -2.014035 -0.079410
v -1.676952 -2.016663 -0.079699
v -1.676376 -2.020425 -0.080359
v -1.676286 -2.024610 -0.081185
v -1.672326 -2.021424 -0.079882
v -1.668996 -2.019498 -0.078938
v -1.665522 -2.018148 -0.078085
v -1.633230 -2.014152 -0.071929
v -1.755459 -1.845663 -0.059932
v -1.782828 -1.848057 -0.065341
v -1.773945 -1.865076 -0.066942
v -1.752939 -1.876326 -0.065310
v -1.761057 -1.861080 -0.063869
v -1.761120 -1.860495 -0.063768
v -1.761066 -1.859964 -0.063657
v -1.760634 -1.859586 -0.063508
v -1.760049 -1.859352 -0.063358
v -1.752039 -1.858488 -0.061756
v -1.741869 -1.864491 -0.061073
v -1.732662 -1.854645 -0.057548
v -1.748790 -1.845078 -0.058623
v -1.762641 -1.886703 -0.069028
v -1.741473 -1.897800 -0.067393
v -1.721772 -1.876344 -0.059773
v -1.712700 -1.866471 -0.056268
v -1.751418 -1.908168 -0.071149
v -1.726560 -1.915665 -0.068223
v -1.739637 -1.901238 -0.067734
v -1.701729 -1.888134 -0.058528
v -1.692801 -1.878243 -0.055042
v -1.735551 -1.925637 -0.071734
v -1.683936 -1.898610 -0.057467
v -1.670400 -1.889655 -0.059879
v -1.711620 -1.865301 -0.062363
v -1.747692 -1.843917 -0.064718
v -1.781721 -1.846914 -0.071436
v -1.750338 -1.906998 -0.077244
v -1.718280 -1.942278 -0.078483
v -1.694466 -1.996665 -0.085153
v -1.683351 -2.008842 -0.085708
v -1.632222 -2.012919 -0.078024
v -1.627209 -1.935078 -0.061495
v -1.682865 -1.897422 -0.063562
v -1.720683 -1.875174 -0.065868
v -1.740780 -1.863330 -0.067168
v -1.750941 -1.857327 -0.067851
v -1.759968 -1.858803 -0.069752
v -1.738566 -1.900059 -0.073829
v -1.703889 -1.938291 -0.075215
v -1.688238 -1.977315 -0.080240
v -1.681227 -1.991679 -0.081922
v -1.644237 -1.950648 -0.067481
v -1.672569 -1.892139 -0.065392
v -1.747818 -1.847625 -0.070096
v -1.773999 -1.849938 -0.075259
v -1.682145 -2.003532 -0.089091
v -1.670787 -2.014260 -0.089345
v -1.660833 -2.010876 -0.087003
v -1.635714 -2.008050 -0.082265
v -1.631304 -1.939938 -0.067804
v -1.636425 -1.938255 -0.068337
v -1.679175 -1.893246 -0.066754
v -1.763496 -1.860297 -0.075320
v -1.727973 -1.916547 -0.079804
v -1.706940 -1.939722 -0.080674
v -1.677609 -1.994334 -0.086490
v -1.639296 -1.945383 -0.070246
v -1.322073 -2.092254 -0.040993
v -1.312020 -2.118030 -0.045311
v -1.418472 -2.244696 -0.088164
v -1.392975 -2.248152 -0.085391
v -1.392858 -2.248440 -0.085440
v -1.381527 -2.230161 -0.079815
v -1.390086 -2.233491 -0.081741
v -1.409292 -2.230188 -0.083674
v -1.332711 -2.109075 -0.046198
v -1.322262 -2.134563 -0.050399
v -1.292976 -2.129604 -0.045286
v -1.309887 -2.123493 -0.046238
v -1.382328 -2.276646 -0.090286
v -1.367991 -2.253057 -0.083065
v -1.347714 -2.216994 -0.072255
v -1.311678 -2.160384 -0.054705
v -1.304226 -2.178537 -0.057770
v -1.271736 -2.137263 -0.044139
v -1.381896 -2.277789 -0.090485
v -1.490742 -2.224554 -0.094067
v -1.500813 -2.233455 -0.097470
v -1.497060 -2.233968 -0.097032
v -1.422261 -2.164011 -0.070968
v -1.470645 -2.237586 -0.093998
v -1.358136 -2.107329 -0.049391
v -1.444455 -2.241159 -0.091043
v -1.434555 -2.225823 -0.086268
v -1.457289 -2.221881 -0.088649
v -1.396539 -2.166882 -0.067925
v -1.326942 -2.079744 -0.038923
v -1.381077 -2.276430 -0.096580
v -1.346877 -2.215635 -0.078350
v -1.389240 -2.232141 -0.087836
v -1.456416 -2.220549 -0.094744
v -1.395675 -2.165541 -0.074020
v -1.331865 -2.107725 -0.052293
v -1.321416 -2.133213 -0.056494
v -1.309050 -2.122134 -0.052332
v -1.326087 -2.078403 -0.045017
v -1.357263 -2.105988 -0.055486
v -1.421379 -2.162688 -0.077063
v -1.499913 -2.232132 -0.103565
v -1.443582 -2.239827 -0.097138
v -1.392129 -2.246802 -0.091486
v -1.379727 -2.264910 -0.098467
v -1.356327 -2.223348 -0.086013
v -1.388043 -2.235714 -0.093114
v -1.465533 -2.222349 -0.101091
v -1.398123 -2.161311 -0.078088
v -1.329597 -2.099193 -0.054742
v -1.316691 -2.130702 -0.059936
v -1.301652 -2.167440 -0.066098
v -1.277622 -2.136921 -0.056020
v -1.327248 -2.085009 -0.051289
v -1.417716 -2.165055 -0.081705
v -1.486188 -2.225616 -0.104796
v -1.442484 -2.234517 -0.100466
v -1.388304 -2.241852 -0.094510
v -0.981054 -2.304177 -0.048646
v -0.961488 -2.315445 -0.049379
v -0.984987 -2.313411 -0.051272
v -0.966699 -2.327982 -0.052930
v -0.985293 -2.350869 -0.060332
v -1.003581 -2.357061 -0.063679
v -1.008189 -2.367870 -0.066753
v -0.979668 -2.359203 -0.061770
v -0.942840 -2.329107 -0.050833
v -0.947673 -2.317668 -0.048544
v -0.960633 -2.315940 -0.049414
v -0.976716 -2.358303 -0.061260
v -0.957519 -2.336190 -0.054003
v -0.953325 -2.349321 -0.056765
v -0.951102 -2.349519 -0.056593
v -0.976131 -2.411295 -0.074024
v -0.980631 -2.413401 -0.074981
v -0.997011 -2.451858 -0.085911
v -1.012410 -2.460444 -0.089518
v -0.998442 -2.466384 -0.089569
v -0.929259 -2.355900 -0.056020
v -0.934029 -2.349942 -0.055038
v -0.942021 -2.350338 -0.055909
v -0.932562 -2.364279 -0.058376
v -0.946566 -2.399757 -0.068351
v -0.948852 -2.398515 -0.068272
v -0.985905 -2.471703 -0.089643
v -0.988731 -2.455377 -0.085951
v -0.971370 -2.419224 -0.075488
v -0.950652 -2.410116 -0.071263
v -0.930402 -2.422032 -0.072246
v -0.947295 -2.408631 -0.070584
v -0.919899 -2.394699 -0.064587
v -0.922527 -2.364279 -0.057423
v -0.931203 -2.366277 -0.058734
v -0.931788 -2.390613 -0.064721
v -0.927207 -2.398227 -0.066142
v -0.932967 -2.407146 -0.068859
v -0.916578 -2.432985 -0.073642
v -1.056501 -2.254092 -0.044747
v -1.058382 -2.251473 -0.044338
v -1.069884 -2.269275 -0.049835
v -1.064196 -2.270508 -0.049490
v -1.039482 -2.270409 -0.046747
v -1.048554 -2.265153 -0.046498
v -1.051974 -2.273163 -0.048774
v -1.043172 -2.278464 -0.049064
v -1.020051 -2.281650 -0.047330
v -1.023822 -2.290101 -0.049749
v -1.000575 -2.292909 -0.047963
v -1.004427 -2.301747 -0.050485
v -1.029078 -2.358195 -0.066595
v -1.031274 -2.357772 -0.066725
v -1.029969 -2.360229 -0.067175
v -1.015011 -2.360922 -0.065791
v -1.024758 -2.370021 -0.068985
v -1.010439 -2.368554 -0.067150
v -0.980433 -2.302701 -0.054741
v -0.970785 -2.417748 -0.081583
v -0.988137 -2.453892 -0.092046
v -0.985311 -2.470227 -0.095738
v -1.011807 -2.458968 -0.095613
v -0.996408 -2.450382 -0.092006
v -0.980028 -2.411934 -0.081076
v -0.948258 -2.397039 -0.074367
v -1.030635 -2.356314 -0.072820
v -1.069200 -2.267835 -0.055930
v -1.049247 -2.264631 -0.057612
v -1.020240 -2.281416 -0.058458
v -0.960435 -2.315940 -0.060558
v -0.948501 -2.317533 -0.059757
v -0.935352 -2.348700 -0.066028
v -0.924147 -2.362686 -0.068353
v -0.921582 -2.392314 -0.075327
v -0.918819 -2.424552 -0.082949
v -0.945945 -2.403024 -0.080252
v -0.996426 -2.461434 -0.099334
v -0.973881 -2.411142 -0.084929
v -0.931014 -2.408091 -0.080068
v -0.928098 -2.387436 -0.074758
v -0.955395 -2.328306 -0.063047
v -0.977265 -2.353488 -0.071312
v -1.013679 -2.361129 -0.076865
v -1.001592 -2.357025 -0.074630
v -0.982584 -2.350590 -0.071153
v -0.959688 -2.322375 -0.062040
v -0.982566 -2.308668 -0.061045
v -1.021329 -2.285385 -0.059520
v -1.049850 -2.268213 -0.058531
v -1.057050 -2.253732 -0.055888
v -1.021149 -2.375214 -0.081023
v -0.965502 -2.325093 -0.052111
v -0.964728 -2.325552 -0.052146
v -0.950274 -2.344344 -0.066421
v -1.024884 -2.384547 -0.072488
v -0.610550 -2.478660 -0.061288
v -0.588729 -2.485554 -0.061698
v -0.612649 -2.487174 -0.063582
v -0.622125 -2.525622 -0.073937
v -0.599181 -2.529654 -0.073552
v -0.624204 -2.534055 -0.076209
v -0.601273 -2.538474 -0.075923
v -0.577634 -2.539725 -0.074843
v -0.585040 -2.533119 -0.073597
v -0.572995 -2.519340 -0.069375
v -0.564181 -2.480613 -0.058988
v -0.588190 -2.485716 -0.061709
v -0.590273 -2.494176 -0.063986
v -0.566255 -2.489730 -0.061432
v -0.567637 -2.495796 -0.063060
v -0.599025 -2.529681 -0.073550
v -0.594117 -2.539851 -0.075851
v -0.580414 -2.551938 -0.078119
v -0.557680 -2.557527 -0.078251
v -0.548896 -2.491773 -0.060967
v -0.543616 -2.493069 -0.060997
v -0.542217 -2.486652 -0.059279
v -0.552972 -2.478228 -0.057740
v -0.561135 -2.488776 -0.060898
v -0.560326 -2.569641 -0.081495
v -0.537431 -2.575140 -0.081651
v -0.537926 -2.575131 -0.081675
v -0.529663 -2.496480 -0.061107
v -0.540016 -2.587524 -0.084960
v -0.537763 -2.589513 -0.085350
v -0.521353 -2.575581 -0.080923
v -0.692558 -2.433282 -0.055321
v -0.696605 -2.435487 -0.056169
v -0.693661 -2.437152 -0.056373
v -0.706562 -2.482449 -0.068691
v -0.708016 -2.482980 -0.068931
v -0.706910 -2.483673 -0.069023
v -0.673098 -2.447844 -0.057616
v -0.678462 -2.438295 -0.055589
v -0.676898 -2.424750 -0.052067
v -0.684953 -2.442066 -0.056996
v -0.676185 -2.459067 -0.060660
v -0.686231 -2.495571 -0.070562
v -0.690548 -2.487327 -0.068790
v -0.687632 -2.475492 -0.065604
v -0.698369 -2.488974 -0.069756
v -0.689608 -2.507847 -0.073891
v -0.654126 -2.464863 -0.060618
v -0.665577 -2.461227 -0.060482
v -0.671155 -2.468814 -0.062778
v -0.656408 -2.473458 -0.062943
v -0.668104 -2.517504 -0.074861
v -0.675418 -2.516199 -0.075033
v -0.681413 -2.525478 -0.077785
v -0.670658 -2.527116 -0.077464
v -0.632351 -2.471766 -0.060928
v -0.634541 -2.480316 -0.063237
v -0.645100 -2.521572 -0.074373
v -0.647424 -2.530644 -0.076823
v -0.643887 -2.531184 -0.076734
v -0.643807 -2.538375 -0.078553
v -0.627743 -2.533371 -0.076261
v -0.580054 -2.550390 -0.084214
v -0.643418 -2.536827 -0.084648
v -0.707573 -2.481450 -0.075026
v -0.621751 -2.524074 -0.080032
v -0.598665 -2.528133 -0.079645
v -0.560787 -2.487219 -0.066993
v -0.589913 -2.492619 -0.070082
v -0.634138 -2.478777 -0.069332
v -0.696162 -2.433957 -0.062264
v -0.552625 -2.476671 -0.063835
v -0.584680 -2.531562 -0.079692
v -0.537593 -2.573574 -0.087770
v -0.521034 -2.574024 -0.087018
v -0.600029 -2.533281 -0.085688
v -0.627276 -2.528025 -0.086037
v -0.640553 -2.526288 -0.086444
v -0.678861 -2.520483 -0.087511
v -0.695518 -2.484573 -0.079610
v -0.690715 -2.477076 -0.077385
v -0.676483 -2.515902 -0.086193
v -0.553144 -2.482062 -0.069893
v -0.668554 -2.464035 -0.072557
v -0.679432 -2.426919 -0.063957
v -0.680498 -2.436153 -0.066356
v -0.632309 -2.471658 -0.072061
v -0.610536 -2.478543 -0.072421
v -0.587670 -2.485770 -0.072854
v -0.542467 -2.487849 -0.070762
v -0.574442 -2.514966 -0.079507
v -0.588155 -2.530653 -0.084317
v -0.538411 -2.575041 -0.092843
v -0.537210 -2.583330 -0.094900
v -0.204128 -2.530140 -0.057514
v -0.182951 -2.552082 -0.062814
v -0.201136 -2.493087 -0.047792
v -0.196664 -2.504805 -0.050758
v -0.180781 -2.521833 -0.054884
v -0.161426 -2.574366 -0.068251
v -0.159557 -2.544585 -0.060448
v -0.139546 -2.597001 -0.073828
v -0.137971 -2.567706 -0.066156
v -0.117283 -2.620014 -0.079555
v -0.115996 -2.591223 -0.072018
v -0.094643 -2.643414 -0.085429
v -0.093632 -2.615154 -0.078034
v -0.094128 -2.643945 -0.085564
v -0.078650 -2.631165 -0.082098
v -0.070696 -2.632902 -0.082487
v -0.071623 -2.667390 -0.091509
v -0.088238 -2.682825 -0.095681
v -0.047228 -2.638005 -0.083685
v -0.047350 -2.644827 -0.085468
v -0.041382 -2.639274 -0.083996
v -0.344985 -2.555898 -0.068165
v -0.362066 -2.562783 -0.070566
v -0.358977 -2.553045 -0.067931
v -0.356309 -2.543199 -0.065285
v -0.354063 -2.533254 -0.062628
v -0.352237 -2.523201 -0.059958
v -0.350828 -2.513049 -0.057276
v -0.349851 -2.502780 -0.054582
v -0.349312 -2.492412 -0.051876
v -0.349201 -2.481927 -0.049158
v -0.349504 -2.471343 -0.046427
v -0.350211 -2.460660 -0.043686
v -0.332705 -2.464971 -0.044169
v -0.320493 -2.546016 -0.064773
v -0.310957 -2.470317 -0.044819
v -0.296242 -2.536224 -0.061465
v -0.289164 -2.475663 -0.045519
v -0.272226 -2.526504 -0.058239
v -0.267320 -2.481000 -0.046269
v -0.248438 -2.516874 -0.055093
v -0.245423 -2.486346 -0.047070
v -0.224980 -2.508531 -0.052345
v -0.225791 -2.507685 -0.052146
v -0.242190 -2.487129 -0.047196
v -0.222786 -2.484078 -0.045925
v -0.205608 -2.481369 -0.044837
v -0.094079 -2.642352 -0.091659
v -0.139453 -2.595408 -0.079924
v -0.161319 -2.572773 -0.074346
v -0.204007 -2.528556 -0.063609
v -0.225642 -2.506101 -0.058241
v -0.296050 -2.534640 -0.067560
v -0.361846 -2.561208 -0.076661
v -0.356089 -2.541624 -0.071380
v -0.349092 -2.490828 -0.057971
v -0.349991 -2.459085 -0.049781
v -0.332484 -2.463396 -0.050264
v -0.310751 -2.468742 -0.050914
v -0.196544 -2.503212 -0.056853
v -0.159450 -2.542992 -0.066542
v -0.115916 -2.589639 -0.078113
v -0.078600 -2.629572 -0.088193
v -0.041361 -2.637681 -0.090091
v -0.084969 -2.671098 -0.103751
v -0.089795 -2.639238 -0.095461
v -0.113867 -2.614317 -0.089189
v -0.136106 -2.591304 -0.083456
v -0.179463 -2.546385 -0.072428
v -0.224404 -2.499774 -0.061215
v -0.297672 -2.529483 -0.070923
v -0.321899 -2.539284 -0.074236
v -0.351557 -2.541552 -0.075849
v -0.344439 -2.489874 -0.062206
v -0.344953 -2.463648 -0.055431
v -0.333398 -2.466492 -0.055750
v -0.289905 -2.477166 -0.057097
v -0.242102 -2.488848 -0.058805
v -0.208302 -2.483520 -0.056622
v -0.200375 -2.504355 -0.061879
v -0.162707 -2.544765 -0.071710
v -0.119194 -2.591412 -0.083267
v -0.080939 -2.632380 -0.093597
v 0.209981 -2.602644 -0.076538
v 0.213679 -2.603076 -0.076732
v 0.224770 -2.604678 -0.077395
v 0.233738 -2.606217 -0.077995
v 0.232740 -2.595093 -0.075075
v 0.226119 -2.593986 -0.074641
v 0.214892 -2.592447 -0.073990
v 0.209108 -2.591835 -0.073702
v 0.236777 -2.606730 -0.078205
v 0.248687 -2.609178 -0.079135
v 0.257773 -2.611509 -0.079965
v 0.256625 -2.599890 -0.076912
v 0.250627 -2.598450 -0.076389
v 0.238308 -2.596011 -0.075452
v 0.259491 -2.611950 -0.080126
v 0.269230 -2.615100 -0.081207
v 0.278609 -2.618655 -0.082382
v 0.282313 -2.620230 -0.082893
v 0.280880 -2.606937 -0.079395
v 0.273144 -2.604390 -0.078525
v 0.262238 -2.601240 -0.077414
v 0.287601 -2.622489 -0.083633
v 0.296184 -2.626485 -0.084923
v 0.304331 -2.630535 -0.086213
v 0.307454 -2.632173 -0.086731
v 0.297074 -2.543424 -0.063362
v 0.296492 -2.540031 -0.062463
v 0.295723 -2.534361 -0.060966
v 0.295240 -2.528934 -0.059542
v 0.295195 -2.527359 -0.059131
v 0.290177 -2.484456 -0.047836
v 0.287655 -2.479884 -0.046574
v 0.287298 -2.485437 -0.048006
v 0.286658 -2.491053 -0.049446
v 0.285749 -2.496714 -0.050892
v 0.284582 -2.502438 -0.052346
v 0.283171 -2.508216 -0.053806
v 0.281489 -2.514048 -0.055273
v 0.279518 -2.519952 -0.056748
v 0.277271 -2.525901 -0.058230
v 0.276318 -2.528727 -0.058936
v 0.276743 -2.531094 -0.059563
v 0.278335 -2.532210 -0.059900
v 0.280345 -2.531526 -0.059781
v 0.286773 -2.525955 -0.058521
v 0.287230 -2.536215 -0.061201
v 0.288054 -2.542389 -0.062829
v 0.289008 -2.548347 -0.064406
v 0.290105 -2.554062 -0.065924
v 0.291159 -2.559282 -0.067310
v 0.292526 -2.564547 -0.068720
v 0.293750 -2.569137 -0.069946
v 0.295135 -2.573637 -0.071157
v 0.296774 -2.578407 -0.072445
v 0.298754 -2.583816 -0.073908
v 0.301217 -2.590053 -0.075601
v 0.303020 -2.594265 -0.076749
v 0.305608 -2.616396 -0.082577
v 0.304975 -2.616180 -0.082501
v 0.294512 -2.611860 -0.081072
v 0.283901 -2.607927 -0.079742
v 0.312098 -2.634612 -0.087511
v 0.319532 -2.638797 -0.088831
v 0.326596 -2.643099 -0.090169
v 0.329837 -2.645250 -0.090831
v 0.332026 -2.645700 -0.091016
v 0.333063 -2.645538 -0.091006
v 0.332130 -2.638392 -0.089124
v 0.331618 -2.637420 -0.088855
v 0.327952 -2.630121 -0.086844
v 0.324472 -2.622849 -0.084845
v 0.321183 -2.615586 -0.082858
v 0.318088 -2.608323 -0.080873
v 0.315177 -2.601042 -0.078891
v 0.312440 -2.593797 -0.076924
v 0.309866 -2.586633 -0.074983
v 0.307443 -2.579595 -0.073080
v 0.305082 -2.572602 -0.071188
v 0.302783 -2.565600 -0.069298
v 0.300670 -2.558733 -0.067449
v 0.298868 -2.552127 -0.065677
v 0.297500 -2.545917 -0.064021
v 0.295092 -2.523804 -0.058205
v 0.295398 -2.519871 -0.057195
v 0.305636 -2.512473 -0.055595
v 0.304188 -2.597001 -0.077495
v 0.307581 -2.604534 -0.079558
v 0.311310 -2.612535 -0.081753
v 0.311423 -2.614263 -0.082207
v 0.310378 -2.615964 -0.082619
v 0.308309 -2.616765 -0.082756
v 0.333756 -2.644944 -0.090878
v 0.334231 -2.642919 -0.090367
v 0.333839 -2.641650 -0.090025
v 0.093318 -2.606388 -0.075742
v 0.089531 -2.609358 -0.076487
v 0.093588 -2.613948 -0.077720
v 0.115873 -2.588676 -0.071350
v 0.105429 -2.627340 -0.081343
v 0.117528 -2.625648 -0.081030
v 0.116702 -2.588028 -0.071191
v 0.134000 -2.623344 -0.080640
v 0.134807 -2.605380 -0.075957
v 0.139941 -2.604687 -0.075842
v 0.139412 -2.594832 -0.073262
v 0.139049 -2.594877 -0.073269
v 0.129550 -2.596182 -0.073488
v 0.143219 -2.604246 -0.075776
v 0.151363 -2.603256 -0.075642
v 0.159198 -2.602437 -0.075548
v 0.163154 -2.602113 -0.075522
v 0.162533 -2.592222 -0.072931
v 0.156958 -2.592744 -0.072982
v 0.148208 -2.593725 -0.073105
v 0.166680 -2.601816 -0.075507
v 0.173765 -2.601411 -0.075527
v 0.180102 -2.601168 -0.075574
v 0.185759 -2.601042 -0.075640
v 0.179776 -2.591061 -0.072931
v 0.172958 -2.591430 -0.072908
v 0.165231 -2.591970 -0.072912
v 0.191322 -2.601096 -0.075764
v 0.197378 -2.601402 -0.075962
v 0.204511 -2.602005 -0.076262
v 0.205466 -2.591448 -0.073528
v 0.197994 -2.590926 -0.073244
v 0.191650 -2.590737 -0.073068
v 0.276565 -2.529510 -0.065658
v 0.287876 -2.540805 -0.068924
v 0.225984 -2.592402 -0.080736
v 0.139334 -2.593248 -0.079357
v 0.134729 -2.603787 -0.082052
v 0.282149 -2.618646 -0.088988
v 0.331835 -2.644116 -0.097111
v 0.333550 -2.643369 -0.096973
v 0.331938 -2.636817 -0.095219
v 0.324280 -2.621265 -0.090940
v 0.302409 -2.509143 -0.065793
v 0.289101 -2.484978 -0.059102
v 0.278883 -2.526900 -0.069699
v 0.289976 -2.539347 -0.073259
v 0.294401 -2.561280 -0.079088
v 0.298597 -2.574969 -0.082769
v 0.305930 -2.593419 -0.087784
v 0.313165 -2.609196 -0.092109
v 0.311849 -2.614956 -0.093568
v 0.282819 -2.607261 -0.090700
v 0.249860 -2.597856 -0.087378
v 0.191410 -2.590188 -0.084084
v 0.157028 -2.592177 -0.083999
v 0.128885 -2.595723 -0.084522
v 0.092657 -2.606910 -0.087035
v 0.106227 -2.622282 -0.091193
v 0.131700 -2.618727 -0.090566
v 0.162859 -2.597208 -0.085401
v 0.185572 -2.596137 -0.085521
v 0.210030 -2.597757 -0.086429
v 0.233911 -2.601348 -0.087895
v 0.259868 -2.607144 -0.090050
v 0.308233 -2.627547 -0.096715
v 0.331465 -2.640705 -0.100866
v 0.331460 -2.640705 -0.100862
v 0.322091 -2.621040 -0.095465
v 0.309992 -2.591835 -0.087500
v 0.292689 -2.526360 -0.069962
v 0.311477 -2.613426 -0.081990
v 0.311133 -2.615136 -0.082424
v 0.309389 -2.616558 -0.082738
v 0.306311 -2.616171 -0.093704
v 0.307058 -2.616711 -0.082704
v 0.623367 -2.530662 -0.075295
v 0.644957 -2.521041 -0.074231
v 0.641932 -2.509224 -0.071040
v 0.619880 -2.516514 -0.071484
v 0.633607 -2.476707 -0.062261
v 0.613669 -2.491314 -0.064696
v 0.630861 -2.465979 -0.059365
v 0.610801 -2.479686 -0.061563
v 0.658444 -2.515020 -0.073597
v 0.652449 -2.505741 -0.070853
v 0.653401 -2.462181 -0.059892
v 0.650791 -2.452353 -0.057232
v 0.667598 -2.514552 -0.074083
v 0.682487 -2.507271 -0.073261
v 0.688883 -2.505282 -0.073194
v 0.685549 -2.493159 -0.069907
v 0.676075 -2.496300 -0.070054
v 0.663013 -2.495958 -0.069074
v 0.663909 -2.454468 -0.058660
v 0.674410 -2.452677 -0.058926
v 0.669643 -2.435352 -0.054226
v 0.663156 -2.443884 -0.055938
v 0.711080 -2.498343 -0.073012
v 0.707522 -2.485860 -0.069617
v 0.687037 -2.450517 -0.059272
v 0.671555 -2.432832 -0.053726
v 0.733262 -2.491395 -0.072882
v 0.726491 -2.468409 -0.066614
v 0.724312 -2.466357 -0.065941
v 0.718913 -2.482062 -0.069493
v 0.755425 -2.484447 -0.072803
v 0.751919 -2.472927 -0.069653
v 0.736378 -2.477706 -0.069685
v 0.766818 -2.480865 -0.072788
v 0.779314 -2.483007 -0.074288
v 0.773248 -2.463693 -0.068994
v 0.767393 -2.468157 -0.069656
v 0.788108 -2.484510 -0.075361
v 0.781439 -2.457447 -0.068089
v 0.461204 -2.550264 -0.071451
v 0.457960 -2.551551 -0.071636
v 0.461528 -2.552055 -0.071927
v 0.483134 -2.541516 -0.070249
v 0.485784 -2.555448 -0.073958
v 0.504986 -2.532795 -0.069102
v 0.510185 -2.558850 -0.076052
v 0.526764 -2.524083 -0.068010
v 0.534736 -2.562261 -0.078210
v 0.548469 -2.515389 -0.066971
v 0.559443 -2.565681 -0.080434
v 0.570107 -2.506704 -0.065986
v 0.575060 -2.567841 -0.081873
v 0.575812 -2.578416 -0.084615
v 0.583373 -2.564997 -0.081621
v 0.572711 -2.505660 -0.065873
v 0.588711 -2.555529 -0.079523
v 0.602583 -2.544045 -0.077418
v 0.594734 -2.510925 -0.068518
v 0.593947 -2.510169 -0.068279
v 0.593090 -2.508639 -0.067837
v 0.593306 -2.507055 -0.067448
v 0.593693 -2.506533 -0.067337
v 0.590597 -2.493465 -0.063826
v 0.613344 -2.535126 -0.075813
v 0.609592 -2.519907 -0.071714
v 0.595614 -2.511762 -0.068785
v 0.594642 -2.505246 -0.067068
v 0.630472 -2.464431 -0.065460
v 0.504681 -2.531229 -0.075197
v 0.457683 -2.549985 -0.077731
v 0.574714 -2.566284 -0.087968
v 0.662596 -2.494419 -0.075169
v 0.595238 -2.510214 -0.074880
v 0.611917 -2.479524 -0.072755
v 0.573586 -2.505687 -0.077095
v 0.527384 -2.524227 -0.079242
v 0.469318 -2.547438 -0.082255
v 0.510149 -2.553153 -0.085751
v 0.534675 -2.556564 -0.087912
v 0.585622 -2.550930 -0.089332
v 0.611022 -2.529879 -0.085500
v 0.666507 -2.508873 -0.083737
v 0.680622 -2.501799 -0.082915
v 0.709508 -2.492781 -0.082664
v 0.731641 -2.485851 -0.082533
v 0.765844 -2.475114 -0.082439
v 0.783090 -2.478075 -0.084522
v 0.778676 -2.460165 -0.079710
v 0.734712 -2.478552 -0.080934
v 0.724928 -2.469318 -0.077892
v 0.707621 -2.486157 -0.080863
v 0.675792 -2.496732 -0.081306
v 0.653397 -2.505768 -0.082085
v 0.608540 -2.520600 -0.082988
v 0.591738 -2.500449 -0.076834
v 0.611134 -2.486238 -0.074411
v 0.661946 -2.448951 -0.068297
v 0.680325 -2.445810 -0.068778
v 2.156463 1.506900 -0.082336
v 2.144214 1.505874 -0.079555
v 2.147076 1.480458 -0.076368
v 2.158551 1.488378 -0.080013
v 2.139777 1.514784 -0.079955
v 2.153286 1.519743 -0.083587
v 2.148372 1.536033 -0.085006
v 2.134044 1.526142 -0.080452
v 2.131227 1.526529 -0.079912
v 2.118591 1.517466 -0.075845
v 2.112948 1.529076 -0.076428
v 2.110851 1.540704 -0.077768
v 2.101995 1.534233 -0.074899
v 2.104965 1.519194 -0.073221
v 2.106981 1.562142 -0.080282
v 2.110122 1.569333 -0.082058
v 2.095551 1.558488 -0.077307
v 2.097360 1.557687 -0.077564
v 2.111076 1.571529 -0.082602
v 2.094480 1.571007 -0.079050
v 2.081700 1.577334 -0.077372
v 2.071098 1.569297 -0.073894
v 2.068632 1.583787 -0.075686
v 2.062755 1.592247 -0.075810
v 2.053458 1.585056 -0.072736
v 2.047950 1.573887 -0.069815
v 2.060658 1.573905 -0.072458
v 2.059389 1.597089 -0.075894
v 2.187261 1.340841 -0.065242
v 2.190222 1.330887 -0.064552
v 2.170566 1.319511 -0.058615
v 2.161458 1.325001 -0.057324
v 2.141820 1.339491 -0.054956
v 2.141802 1.336836 -0.054586
v 2.161125 1.351578 -0.060911
v 2.183742 1.352667 -0.066089
v 2.142027 1.366446 -0.058769
v 2.152089 1.372872 -0.061890
v 2.153079 1.351182 -0.059079
v 2.142099 1.376409 -0.060196
v 2.138139 1.391061 -0.061402
v 2.146950 1.396803 -0.064154
v 2.151711 1.380864 -0.062941
v 2.131839 1.414290 -0.063365
v 2.140767 1.420221 -0.066168
v 2.140326 1.418934 -0.065887
v 2.131119 1.416954 -0.063596
v 2.118456 1.432263 -0.063076
v 2.145249 1.433271 -0.069043
v 2.140983 1.448139 -0.070282
v 2.139948 1.447104 -0.069907
v 2.179431 1.448112 -0.078630
v 2.164887 1.464321 -0.077831
v 2.161251 1.468371 -0.077643
v 2.147211 1.479252 -0.076219
v 2.159460 1.480278 -0.079014
v 2.158137 1.479378 -0.085109
v 2.145897 1.478352 -0.082314
v 2.151513 1.501977 -0.091700
v 2.178108 1.447221 -0.084725
v 2.138625 1.446213 -0.076002
v 2.158938 1.462323 -0.087415
v 2.138994 1.418052 -0.071982
v 2.117124 1.431381 -0.069171
v 2.136798 1.390197 -0.067497
v 2.168190 1.321707 -0.069543
v 2.184246 1.331004 -0.074394
v 2.179197 1.347987 -0.075597
v 2.147850 1.346457 -0.068423
v 2.146365 1.378938 -0.072655
v 2.134809 1.417584 -0.075651
v 2.138562 1.428456 -0.078052
v 2.142576 1.337124 -0.065959
v 2.151990 1.518816 -0.089682
v 2.132739 1.525215 -0.086547
v 2.111652 1.528140 -0.082523
v 2.109798 1.570566 -0.088697
v 2.046681 1.572915 -0.075910
v 2.059389 1.572942 -0.078553
v 2.096073 1.556742 -0.083659
v 2.103669 1.518258 -0.079316
v 2.137104 1.516386 -0.090791
v 2.144457 1.529454 -0.094339
v 2.091708 1.566228 -0.088884
v 2.064438 1.579710 -0.085328
v 2.057733 1.589349 -0.085472
v 2.105325 1.520391 -0.084645
v 1.847223 1.804764 -0.069756
v 1.850508 1.802334 -0.069930
v 1.858563 1.795593 -0.070216
v 1.864845 1.789644 -0.070313
v 1.870587 1.795161 -0.072395
v 1.867824 1.797888 -0.072373
v 1.863558 1.801794 -0.072284
v 1.859058 1.805664 -0.072143
v 1.854333 1.809498 -0.071954
v 1.853055 1.810470 -0.071891
v 1.827513 1.817760 -0.068475
v 1.833057 1.814520 -0.068911
v 1.842003 1.808634 -0.069495
v 1.849356 1.813287 -0.071720
v 1.844100 1.817031 -0.071429
v 1.838583 1.820739 -0.071081
v 1.833651 1.823871 -0.070739
v 1.817460 1.831485 -0.069163
v 1.813671 1.820361 -0.066401
v 1.823688 1.820001 -0.068183
v 1.832823 1.824393 -0.070684
v 1.826847 1.828020 -0.070252
v 1.823490 1.846533 -0.073064
v 1.816002 1.838937 -0.070275
v 1.818378 1.874658 -0.077389
v 1.810575 1.866603 -0.074454
v 1.817586 1.879023 -0.078069
v 1.831401 1.892298 -0.083075
v 1.810116 1.899300 -0.080539
v 1.807569 1.881885 -0.076792
v 1.917315 1.681806 -0.061341
v 1.925694 1.678377 -0.062406
v 1.923201 1.686972 -0.063390
v 1.906407 1.702677 -0.062824
v 1.901997 1.688061 -0.059427
v 1.918323 1.703739 -0.065344
v 1.917036 1.711794 -0.066488
v 1.916973 1.712118 -0.066531
v 1.903707 1.731162 -0.067291
v 1.903950 1.730550 -0.067232
v 1.906281 1.723170 -0.066390
v 1.907784 1.716015 -0.065430
v 1.908351 1.709139 -0.064335
v 1.915425 1.719633 -0.067548
v 1.913481 1.727247 -0.068503
v 1.911177 1.734618 -0.069347
v 1.910241 1.737111 -0.069602
v 1.893357 1.752978 -0.069156
v 1.897263 1.745904 -0.068658
v 1.900908 1.738146 -0.067987
v 1.908504 1.741728 -0.070083
v 1.905462 1.748595 -0.070713
v 1.902078 1.755237 -0.071237
v 1.899882 1.759026 -0.071483
v 1.880172 1.772301 -0.070089
v 1.880523 1.771869 -0.070080
v 1.887030 1.762950 -0.069729
v 1.892700 1.754157 -0.069243
v 1.898361 1.761645 -0.071661
v 1.894293 1.767819 -0.071986
v 1.889874 1.773750 -0.072201
v 1.889352 1.780950 -0.073388
v 1.866150 1.788402 -0.070338
v 1.873467 1.780500 -0.070297
v 1.888686 1.790085 -0.074908
v 1.875546 1.789941 -0.072393
v 1.871820 1.793937 -0.072409
v 1.816479 1.877880 -0.084164
v 1.806462 1.880733 -0.082887
v 1.816335 1.830360 -0.075258
v 1.864998 1.787304 -0.076433
v 1.879362 1.770789 -0.076175
v 1.902771 1.729488 -0.073327
v 1.907172 1.708068 -0.070430
v 1.915848 1.710741 -0.072583
v 1.897200 1.760556 -0.077756
v 1.869444 1.794054 -0.078491
v 1.851912 1.809363 -0.077986
v 1.825722 1.826886 -0.076347
v 1.812825 1.878042 -0.088185
v 1.824462 1.889220 -0.092400
v 1.810404 1.893846 -0.090726
v 1.815435 1.820946 -0.077999
v 1.850148 1.802496 -0.081055
v 1.893654 1.752357 -0.080267
v 1.903203 1.687764 -0.070775
v 1.919592 1.681077 -0.072829
v 1.912329 1.709850 -0.076394
v 1.905732 1.734411 -0.079418
v 1.885284 1.770987 -0.081995
v 1.884249 1.785513 -0.084406
v 1.872486 1.785387 -0.082155
v 1.835244 1.816608 -0.080863
v 1.818945 1.844202 -0.082959
v 1.610685 2.159850 -0.099040
v 1.594350 2.128674 -0.089948
v 1.600938 2.128899 -0.091024
v 1.615554 2.148357 -0.097389
v 1.553373 2.104572 -0.078493
v 1.553724 2.103879 -0.078401
v 1.557873 2.092458 -0.076653
v 1.560870 2.080416 -0.074595
v 1.561482 2.076384 -0.073845
v 1.570950 2.088993 -0.077970
v 1.569105 2.096202 -0.079192
v 1.564038 2.109603 -0.081212
v 1.561203 2.115183 -0.081941
v 1.548765 2.138133 -0.084868
v 1.549431 2.134956 -0.084299
v 1.539594 2.125461 -0.080777
v 1.541736 2.124723 -0.080952
v 1.548360 2.114643 -0.079846
v 1.557477 2.122518 -0.082915
v 1.543770 2.162046 -0.089189
v 1.524825 2.130537 -0.079606
v 1.540854 1.974288 -0.049364
v 1.561248 1.968213 -0.051415
v 1.559475 1.987878 -0.055167
v 1.565433 2.004825 -0.059615
v 1.565883 2.006391 -0.060009
v 1.562094 2.038926 -0.066136
v 1.559916 2.025219 -0.062953
v 1.556397 2.009649 -0.059166
v 1.551924 1.993557 -0.055122
v 1.536138 1.975692 -0.048900
v 1.570149 2.021376 -0.063793
v 1.573416 2.037459 -0.067643
v 1.575009 2.053002 -0.071115
v 1.574955 2.055729 -0.071671
v 1.623465 2.129664 -0.094744
v 1.562778 2.067771 -0.072256
v 1.563309 2.054397 -0.069552
v 1.562292 2.040177 -0.066428
v 1.574721 2.067942 -0.074179
v 1.572669 2.082315 -0.076849
v 1.540800 2.123436 -0.087047
v 1.559916 2.079138 -0.080690
v 1.564452 2.003574 -0.065710
v 1.574037 2.051742 -0.077210
v 1.571706 2.081046 -0.082944
v 1.563084 2.108325 -0.087307
v 1.527894 2.129952 -0.091111
v 1.554957 2.102817 -0.089534
v 1.563732 2.037549 -0.077273
v 1.553076 1.989831 -0.065697
v 1.556064 1.970310 -0.062168
v 1.569960 2.065611 -0.084105
v 1.559547 2.106246 -0.090972
v 1.544886 2.131644 -0.094063
v 1.540782 2.151381 -0.097630
v 1.597986 2.129754 -0.101905
v 1.617237 2.130420 -0.105080
v 1.608795 2.150391 -0.107923
v 1.540026 1.975071 -0.060557
v 1.184679 2.255664 -0.060762
v 1.159155 2.255862 -0.057733
v 1.191096 2.267886 -0.064373
v 1.165428 2.268093 -0.061327
v 1.136457 2.256033 -0.055085
v 1.139985 2.268282 -0.058358
v 1.132191 2.252766 -0.053817
v 1.136214 2.268309 -0.057926
v 1.120599 2.243883 -0.050387
v 1.119915 2.278938 -0.058521
v 1.235439 2.253360 -0.066505
v 1.249272 2.242812 -0.065844
v 1.248615 2.277408 -0.073678
v 1.253187 2.285751 -0.076166
v 1.255869 2.285724 -0.076500
v 1.255779 2.290476 -0.077576
v 1.232964 2.255241 -0.066630
v 1.248606 2.277912 -0.073793
v 1.232730 2.267526 -0.069425
v 1.210455 2.255448 -0.063870
v 1.217007 2.267670 -0.067498
v 1.242801 2.315667 -0.081750
v 1.243368 2.285841 -0.074961
v 1.255302 2.315559 -0.083283
v 1.246815 2.323245 -0.083993
v 1.275390 2.339373 -0.091263
v 1.260126 2.348076 -0.091360
v 1.245492 2.322498 -0.083657
v 1.244835 2.356779 -0.091496
v 1.274634 2.337969 -0.097358
v 1.244745 2.321094 -0.089752
v 1.247238 2.348256 -0.100986
v 1.231974 2.266122 -0.075520
v 1.247850 2.276508 -0.079888
v 1.248498 2.241417 -0.071939
v 1.232208 2.253846 -0.072725
v 1.183950 2.254242 -0.066857
v 1.135737 2.254611 -0.061180
v 1.119888 2.242452 -0.056482
v 1.189908 2.261955 -0.074017
v 1.232820 2.256339 -0.078028
v 1.157823 2.256951 -0.068989
v 1.122408 2.269920 -0.067860
v 1.133982 2.262360 -0.067437
v 1.255095 2.284329 -0.082595
v 1.242603 2.284437 -0.081056
v 1.245132 2.309727 -0.091838
v 1.243854 2.268984 -0.082310
v 0.416727 2.562663 -0.073483
v 0.412340 2.558523 -0.072235
v 0.403319 2.550549 -0.069807
v 0.394057 2.542926 -0.067460
v 0.389688 2.539650 -0.066437
v 0.387817 2.527455 -0.063209
v 0.389285 2.528454 -0.063528
v 0.399000 2.535942 -0.065858
v 0.409537 2.544771 -0.068568
v 0.414536 2.549181 -0.069912
v 0.383284 2.497890 -0.055387
v 0.408363 2.511201 -0.059848
v 0.381314 2.485047 -0.051989
v 0.382580 2.487207 -0.052597
v 0.406555 2.500077 -0.056900
v 0.385071 2.536194 -0.065364
v 0.376104 2.530317 -0.063499
v 0.366812 2.524908 -0.061741
v 0.364113 2.523459 -0.061264
v 0.362382 2.511462 -0.058092
v 0.370884 2.516403 -0.059698
v 0.380184 2.522226 -0.061562
v 0.380424 2.496369 -0.054884
v 0.359980 2.494794 -0.053689
v 0.359708 2.492904 -0.053191
v 0.375016 2.474310 -0.048970
v 0.357591 2.519967 -0.060123
v 0.348838 2.515512 -0.058653
v 0.340949 2.511561 -0.057344
v 0.339367 2.510769 -0.057081
v 0.337717 2.498556 -0.053858
v 0.344884 2.502111 -0.055038
v 0.352922 2.506269 -0.056406
v 0.361693 2.511057 -0.057964
v 0.358262 2.494659 -0.053593
v 0.333732 2.507943 -0.056158
v 0.326829 2.504586 -0.055053
v 0.320383 2.501598 -0.054060
v 0.315056 2.499321 -0.053290
v 0.313716 2.488683 -0.050485
v 0.317225 2.489718 -0.050874
v 0.323480 2.492085 -0.051699
v 0.330249 2.495028 -0.052690
v 0.337421 2.498403 -0.053810
v 0.314538 2.499105 -0.053216
v 0.309439 2.497215 -0.052565
v 0.292567 2.501328 -0.053101
v 0.291389 2.491248 -0.050448
v 0.296362 2.472852 -0.045828
v 0.311597 2.488053 -0.050255
v 0.288389 2.502336 -0.053243
v 0.500440 2.507070 -0.063073
v 0.517184 2.507529 -0.064067
v 0.520157 2.537040 -0.071786
v 0.504953 2.529696 -0.069107
v 0.477013 2.506413 -0.061732
v 0.479057 2.517159 -0.064595
v 0.471386 2.506251 -0.061422
v 0.476614 2.515980 -0.064174
v 0.459031 2.531217 -0.067253
v 0.467052 2.558136 -0.074558
v 0.464450 2.565291 -0.076273
v 0.456817 2.523099 -0.065061
v 0.450663 2.603163 -0.085402
v 0.447849 2.597898 -0.083918
v 0.445873 2.595036 -0.083091
v 0.442558 2.575722 -0.077968
v 0.443559 2.576388 -0.078182
v 0.444697 2.576505 -0.078265
v 0.446331 2.575731 -0.078138
v 0.447691 2.573652 -0.077666
v 0.453491 2.539983 -0.069257
v 0.453495 2.537958 -0.068737
v 0.453244 2.536572 -0.068368
v 0.452683 2.535231 -0.067997
v 0.451771 2.534205 -0.067692
v 0.433793 2.524683 -0.064422
v 0.431902 2.513667 -0.061500
v 0.451346 2.524089 -0.065067
v 0.453154 2.524584 -0.065277
v 0.454305 2.524575 -0.065327
v 0.455305 2.524233 -0.065285
v 0.456081 2.523756 -0.065198
v 0.443928 2.592210 -0.082279
v 0.439106 2.586180 -0.080515
v 0.433591 2.579880 -0.078653
v 0.427590 2.573400 -0.076722
v 0.420603 2.566317 -0.074594
v 0.419673 2.553717 -0.071302
v 0.428188 2.561556 -0.073693
v 0.433859 2.567082 -0.075363
v 0.437595 2.570970 -0.076527
v 0.440914 2.574543 -0.077592
v 0.458739 2.529651 -0.073348
v 0.466762 2.556570 -0.080653
v 0.311404 2.486469 -0.056349
v 0.337215 2.496828 -0.059905
v 0.409288 2.543196 -0.074663
v 0.447414 2.572086 -0.083761
v 0.452406 2.533665 -0.074092
v 0.374288 2.475480 -0.060408
v 0.380505 2.486118 -0.063396
v 0.405024 2.499285 -0.067795
v 0.449989 2.523423 -0.075998
v 0.454199 2.524062 -0.076352
v 0.471892 2.505774 -0.072487
v 0.514590 2.506980 -0.074953
v 0.516974 2.530641 -0.081143
v 0.475777 2.510679 -0.073935
v 0.461832 2.561898 -0.086442
v 0.449806 2.595000 -0.094424
v 0.447272 2.591121 -0.093307
v 0.417877 2.558388 -0.083593
v 0.390649 2.535222 -0.076494
v 0.358294 2.515341 -0.070113
v 0.334413 2.503290 -0.066138
v 0.315079 2.494371 -0.063169
v 0.291704 2.496495 -0.062985
v 0.297191 2.474436 -0.057428
v 0.343449 2.501337 -0.065948
v 0.360810 2.510625 -0.068981
v 0.386081 2.526537 -0.074066
v 0.417681 2.552619 -0.082098
v 0.440733 2.574795 -0.088809
v 0.455265 2.537445 -0.079848
v 0.434413 2.520075 -0.074426
v 0.380698 2.491536 -0.064807
v 0.362268 2.490105 -0.063721
v 0.444037 2.576523 -0.078239
v 0.443069 2.576118 -0.078092
v 0.445475 2.576280 -0.078242
v 0.447069 2.574876 -0.077952
v 2.022723 -1.653063 -0.076996
v 2.021571 -1.646664 -0.075709
v 2.019726 -1.638456 -0.073983
v 2.017494 -1.630212 -0.072173
v 2.022768 -1.623165 -0.072086
v 1.947015 -1.562433 -0.046695
v 1.943739 -1.565178 -0.046481
v 1.938330 -1.570218 -0.046210
v 1.932993 -1.575807 -0.046043
v 1.930959 -1.578147 -0.046014
v 1.942119 -1.587255 -0.049782
v 1.944387 -1.584411 -0.049774
v 1.949121 -1.579029 -0.049853
v 1.953819 -1.574349 -0.050037
v 1.957635 -1.570947 -0.050256
v 1.997604 -1.632552 -0.068514
v 2.011644 -1.614246 -0.068357
v 2.036655 -1.604580 -0.071907
v 1.965528 -1.548591 -0.048234
v 1.964205 -1.549518 -0.048112
v 1.959669 -1.552713 -0.047705
v 1.954620 -1.556403 -0.047270
v 1.949238 -1.560570 -0.046846
v 1.958499 -1.570191 -0.050307
v 1.963053 -1.566465 -0.050636
v 1.967382 -1.563108 -0.050975
v 1.971369 -1.560012 -0.051288
v 1.975095 -1.557096 -0.051577
v 1.975725 -1.556619 -0.051627
v 2.025666 -1.595931 -0.068251
v 2.042298 -1.597011 -0.071855
v 2.053107 -1.587984 -0.072631
v 1.984356 -1.534857 -0.049907
v 1.982097 -1.538565 -0.050039
v 1.979307 -1.539789 -0.049660
v 1.976013 -1.541634 -0.049276
v 1.972323 -1.543956 -0.048889
v 1.968345 -1.546629 -0.048500
v 1.978668 -1.554360 -0.051872
v 1.982043 -1.551876 -0.052168
v 1.985139 -1.549725 -0.052461
v 1.987920 -1.547961 -0.052751
v 2.032650 -1.586805 -0.068222
v 2.063385 -1.579371 -0.073398
v 2.041308 -1.570641 -0.067425
v 2.003328 -1.537305 -0.054237
v 1.995300 -1.516812 -0.049312
v 1.987722 -1.746690 -0.085835
v 1.976607 -1.757157 -0.085474
v 2.013138 -1.773042 -0.095380
v 2.012769 -1.768686 -0.094554
v 2.001240 -1.727097 -0.085137
v 2.000745 -1.728636 -0.085305
v 1.998729 -1.733793 -0.085791
v 1.996425 -1.738491 -0.086144
v 2.010852 -1.745619 -0.090214
v 2.013660 -1.738896 -0.089614
v 2.013957 -1.738059 -0.089531
v 1.921392 -1.628502 -0.052510
v 1.888506 -1.620159 -0.044555
v 2.007036 -1.701024 -0.081861
v 2.006649 -1.704057 -0.082301
v 2.005443 -1.710996 -0.083239
v 2.004075 -1.717188 -0.084018
v 2.002518 -1.723083 -0.084710
v 2.016144 -1.732002 -0.088934
v 2.018304 -1.724937 -0.088166
v 2.020167 -1.717719 -0.087309
v 2.021175 -1.712985 -0.086704
v 1.900863 -1.611114 -0.045474
v 1.972071 -1.641336 -0.064822
v 2.008476 -1.671612 -0.077205
v 2.008638 -1.674096 -0.077655
v 2.008692 -1.680711 -0.078779
v 2.008341 -1.688316 -0.079986
v 2.007639 -1.696299 -0.081187
v 2.021733 -1.710348 -0.086372
v 2.023002 -1.702761 -0.085353
v 2.023983 -1.694958 -0.084237
v 2.024622 -1.687011 -0.083028
v 2.024685 -1.685085 -0.082716
v 1.916973 -1.595517 -0.046080
v 1.916577 -1.596030 -0.046088
v 1.910997 -1.603671 -0.046255
v 1.928691 -1.612302 -0.051250
v 1.927935 -1.608072 -0.050388
v 1.928970 -1.605507 -0.050163
v 1.943496 -1.617576 -0.055101
v 1.932651 -1.614570 -0.052424
v 2.004048 -1.649436 -0.072623
v 2.005650 -1.653288 -0.073587
v 2.006838 -1.657788 -0.074576
v 2.007693 -1.662828 -0.075585
v 2.008269 -1.668300 -0.076612
v 2.024874 -1.678983 -0.081740
v 2.024703 -1.670946 -0.080369
v 2.024082 -1.662909 -0.078908
v 2.023038 -1.654809 -0.077350
v 1.927584 -1.582026 -0.045978
v 1.922103 -1.588794 -0.045998
v 1.929447 -1.604517 -0.050094
v 1.934523 -1.597254 -0.049913
v 1.939518 -1.590522 -0.049799
v 1.956402 -1.569948 -0.056351
v 1.974474 -1.555629 -0.057722
v 1.986660 -1.546989 -0.058846
v 1.996362 -1.631553 -0.074609
v 1.942272 -1.616550 -0.061196
v 1.915749 -1.594500 -0.052176
v 1.887291 -1.619124 -0.050650
v 1.920177 -1.627467 -0.058605
v 1.970847 -1.640310 -0.070917
v 2.002815 -1.648419 -0.078718
v 2.007252 -1.670586 -0.083300
v 2.000034 -1.726044 -0.091232
v 1.995228 -1.737447 -0.092239
v 1.975410 -1.756104 -0.091570
v 2.011941 -1.771989 -0.101475
v 2.009646 -1.744575 -0.096309
v 2.014929 -1.730967 -0.095029
v 2.019960 -1.711950 -0.092799
v 2.021805 -1.653801 -0.083445
v 2.062125 -1.578408 -0.079493
v 2.040048 -1.569678 -0.073520
v 1.994040 -1.515840 -0.055407
v 1.983096 -1.533876 -0.056002
v 1.964277 -1.547601 -0.054329
v 1.971504 -1.552110 -0.061195
v 2.035323 -1.584555 -0.079574
v 1.996749 -1.634901 -0.079893
v 1.923444 -1.612887 -0.061461
v 1.922274 -1.606083 -0.060082
v 1.937295 -1.583331 -0.059319
v 1.928142 -1.582530 -0.057337
v 1.900800 -1.612185 -0.056806
v 1.894554 -1.616757 -0.056343
v 1.970946 -1.636134 -0.074889
v 2.008188 -1.655187 -0.085578
v 2.009772 -1.686687 -0.091162
v 2.008071 -1.702707 -0.093515
v 1.997235 -1.738779 -0.097517
v 1.980882 -1.754187 -0.096958
v 2.005191 -1.743360 -0.099874
v 2.015640 -1.710582 -0.096357
v 2.019060 -1.683330 -0.092455
v 2.019231 -1.677336 -0.091491
v 2.011509 -1.627836 -0.081730
v 2.048751 -1.583592 -0.082191
v 1.998171 -1.537818 -0.064411
v 1.985193 -1.534965 -0.061260
v 1.947096 -1.563414 -0.058035
v 2.007063 -1.765563 -0.104057
v 1.930500 -1.613787 -0.051860
v 1.928475 -1.606542 -0.050239
v 1.927728 -1.609575 -0.050597
v 1.927917 -1.611024 -0.050879
v 1.929348 -1.613094 -0.051514
v 2.232189 -1.290318 -0.068160
v 2.231793 -1.286178 -0.067532
v 2.231046 -1.273200 -0.065681
v 2.230911 -1.263111 -0.064339
v 2.238597 -1.267458 -0.066649
v 2.238912 -1.274253 -0.067603
v 2.239578 -1.281732 -0.068724
v 2.240586 -1.288932 -0.069886
v 2.258334 -1.282551 -0.073090
v 2.259702 -1.279383 -0.072988
v 2.255931 -1.304025 -0.075329
v 2.266110 -1.283010 -0.074914
v 2.230875 -1.260456 -0.063992
v 2.231217 -1.247937 -0.062471
v 2.231919 -1.237452 -0.061293
v 2.239209 -1.241493 -0.063473
v 2.239164 -1.242006 -0.063527
v 2.238669 -1.250412 -0.064489
v 2.238480 -1.258575 -0.065489
v 2.238561 -1.266531 -0.066522
v 2.268900 -1.257936 -0.072349
v 2.276262 -1.262013 -0.074550
v 2.232045 -1.235607 -0.061089
v 2.233368 -1.223484 -0.059870
v 2.234970 -1.213143 -0.058937
v 2.242260 -1.217094 -0.061107
v 2.241126 -1.224375 -0.061762
v 2.239992 -1.233321 -0.062624
v 2.278080 -1.236516 -0.071762
v 2.286396 -1.241025 -0.074238
v 2.235213 -1.211586 -0.058800
v 2.237589 -1.199904 -0.057906
v 2.234367 -1.187061 -0.055575
v 2.251044 -1.195917 -0.060513
v 2.244240 -1.205826 -0.060169
v 2.242557 -1.215204 -0.060941
v 2.287233 -1.215114 -0.071227
v 2.296521 -1.220037 -0.073977
v 2.233314 -1.182885 -0.054823
v 2.256507 -1.187961 -0.060810
v 2.287611 -1.214232 -0.071207
v 2.283606 -1.193217 -0.067726
v 2.312550 -1.205772 -0.075953
v 2.297556 -1.217895 -0.073955
v 2.192508 -1.396275 -0.073660
v 2.205774 -1.387302 -0.075338
v 2.207601 -1.383756 -0.075246
v 2.214936 -1.388346 -0.077508
v 2.213316 -1.391658 -0.077613
v 2.217843 -1.404663 -0.080433
v 2.218284 -1.362966 -0.074756
v 2.225223 -1.367223 -0.076885
v 2.228940 -1.342194 -0.074318
v 2.235483 -1.346127 -0.076314
v 2.237049 -1.326381 -0.074023
v 2.235888 -1.319271 -0.072810
v 2.245716 -1.325067 -0.075795
v 2.234817 -1.312782 -0.071715
v 2.233053 -1.299381 -0.069550
v 2.233809 -1.210830 -0.064895
v 2.235681 -1.325562 -0.080118
v 2.264724 -1.282218 -0.081009
v 2.237211 -1.266666 -0.072744
v 2.237769 -1.241223 -0.069622
v 2.233917 -1.184577 -0.066332
v 2.232000 -1.288680 -0.079066
v 2.235699 -1.317444 -0.083690
v 2.217825 -1.362669 -0.085775
v 2.195172 -1.394097 -0.085106
v 2.211939 -1.399650 -0.089591
v 2.208627 -1.390110 -0.087524
v 2.220939 -1.364838 -0.086767
v 2.241486 -1.322556 -0.085673
v 2.261835 -1.280580 -0.084792
v 2.282085 -1.238676 -0.084116
v 2.293398 -1.215222 -0.083830
v 2.305890 -1.205115 -0.085495
v 2.284146 -1.195683 -0.079313
v 2.287467 -1.213161 -0.082208
v 2.277693 -1.236048 -0.082778
v 2.268522 -1.257441 -0.083364
v 2.233980 -1.265325 -0.076486
v 2.234646 -1.240008 -0.073402
v 2.237985 -1.213602 -0.070852
v 2.250414 -1.188186 -0.070591
v 2.515491 -0.955563 -0.097662
v 2.502360 -0.925062 -0.091652
v 2.500947 -0.924540 -0.091256
v 2.489013 -0.945519 -0.090257
v 2.343105 -0.866291 -0.047256
v 2.343402 -0.890298 -0.049528
v 2.387043 -0.906846 -0.061735
v 2.381661 -0.880519 -0.058003
v 2.501622 -0.923352 -0.091317
v 2.477052 -0.890627 -0.082352
v 2.479671 -0.897702 -0.083628
v 2.483325 -0.892877 -0.084094
v 2.377854 -0.855022 -0.054788
v 2.370294 -0.861995 -0.053554
v 2.342970 -0.855482 -0.046255
v 2.379780 -0.871369 -0.056724
v 2.392659 -0.860335 -0.058901
v 2.471382 -0.875306 -0.079616
v 2.498283 -0.873096 -0.086057
v 2.396673 -0.837649 -0.057912
v 2.412621 -0.843211 -0.062329
v 2.428731 -0.848832 -0.066792
v 2.505690 -0.863291 -0.087055
v 2.478096 -0.862451 -0.080157
v 2.413152 -0.822422 -0.060693
v 2.415582 -0.840668 -0.062845
v 2.417553 -0.993444 -0.077473
v 2.419290 -1.007637 -0.079316
v 2.432628 -0.999627 -0.081733
v 2.399409 -0.960999 -0.069888
v 2.416572 -0.985425 -0.076448
v 2.450718 -0.988746 -0.085050
v 2.426931 -0.977802 -0.078210
v 2.421396 -0.969792 -0.076082
v 2.477106 -0.966444 -0.089313
v 2.473686 -0.972438 -0.089057
v 2.486826 -0.970233 -0.092042
v 2.343681 -0.914478 -0.051866
v 2.343717 -0.917367 -0.052152
v 2.381517 -0.935556 -0.063093
v 2.397717 -0.935520 -0.067031
v 2.519451 -0.964761 -0.099491
v 2.390877 -0.925629 -0.064433
v 2.478177 -0.897156 -0.089723
v 2.476584 -0.861932 -0.086252
v 2.411649 -0.821903 -0.066788
v 2.395170 -0.837117 -0.064007
v 2.368800 -0.861451 -0.059649
v 2.380032 -0.934971 -0.069188
v 2.415096 -0.984831 -0.082543
v 2.425455 -0.977208 -0.084306
v 2.389392 -0.925053 -0.070528
v 2.378286 -0.870824 -0.062819
v 2.414079 -0.840150 -0.068940
v 2.469879 -0.874774 -0.085711
v 2.494440 -0.866629 -0.095720
v 2.474163 -0.866010 -0.090652
v 2.411019 -0.827090 -0.071725
v 2.344851 -0.860231 -0.058305
v 2.345517 -0.913461 -0.063378
v 2.381904 -0.930966 -0.073910
v 2.418246 -0.982635 -0.087742
v 2.420298 -0.999321 -0.089889
v 2.438667 -0.988296 -0.093250
v 2.372391 -0.868787 -0.065840
v 2.412657 -0.834282 -0.072742
v 2.500119 -0.922803 -0.097412
v 2.472210 -0.971853 -0.095152
v 2.510586 -0.960315 -0.108075
v 2.479545 -0.965499 -0.100978
v 2.488788 0.719323 -0.071711
v 2.501676 0.747376 -0.077017
v 2.482623 0.741672 -0.071816
v 2.469447 0.713720 -0.066444
v 2.514753 0.775873 -0.082459
v 2.495997 0.770076 -0.077326
v 2.521530 0.790649 -0.085307
v 2.538504 0.803997 -0.090589
v 2.531088 0.805803 -0.088880
v 2.508102 0.798470 -0.082570
v 2.508309 0.798062 -0.082589
v 2.508417 0.797066 -0.082538
v 2.508192 0.795973 -0.082396
v 2.520927 0.808278 -0.086551
v 2.499831 0.820565 -0.082293
v 2.481939 0.814678 -0.077366
v 2.507112 0.799663 -0.082420
v 2.507877 0.798911 -0.082550
v 2.472831 0.836285 -0.076896
v 2.455524 0.830420 -0.072117
v 2.457513 0.845192 -0.073866
v 2.452365 0.853893 -0.073333
v 2.444319 0.851086 -0.071105
v 2.435868 0.832364 -0.067421
v 2.452185 0.832406 -0.071462
v 2.448522 0.860390 -0.072951
v 2.528874 0.585878 -0.073051
v 2.526057 0.580201 -0.072003
v 2.554902 0.583868 -0.079570
v 2.550735 0.590956 -0.078920
v 2.450439 0.590818 -0.053388
v 2.463894 0.579059 -0.056102
v 2.464983 0.594332 -0.057300
v 2.532393 0.610628 -0.075437
v 2.533167 0.608364 -0.075498
v 2.535822 0.599894 -0.075664
v 2.547846 0.595880 -0.078481
v 2.546595 0.600613 -0.078449
v 2.545299 0.605044 -0.078385
v 2.543940 0.609134 -0.078286
v 2.542527 0.612935 -0.078157
v 2.542473 0.613065 -0.078151
v 2.449395 0.591727 -0.053180
v 2.466657 0.618154 -0.059217
v 2.524023 0.632565 -0.074686
v 2.524185 0.632216 -0.074705
v 2.527353 0.624544 -0.075029
v 2.530341 0.616587 -0.075291
v 2.541060 0.616403 -0.078001
v 2.547279 0.629450 -0.080397
v 2.533932 0.634950 -0.077350
v 2.533896 0.635046 -0.077348
v 2.419749 0.606367 -0.046567
v 2.468331 0.642111 -0.061196
v 2.513349 0.653849 -0.073362
v 2.513520 0.653555 -0.073387
v 2.517255 0.646690 -0.073888
v 2.520819 0.639586 -0.074329
v 2.532897 0.638090 -0.077293
v 2.531529 0.641541 -0.077169
v 2.529873 0.645254 -0.076991
v 2.527992 0.649177 -0.076769
v 2.525949 0.653254 -0.076515
v 2.524149 0.656666 -0.076282
v 2.431035 0.632384 -0.051115
v 2.428434 0.626882 -0.050098
v 2.413512 0.609443 -0.045187
v 2.470014 0.666211 -0.063237
v 2.499948 0.674305 -0.071348
v 2.501415 0.672382 -0.071588
v 2.505582 0.666434 -0.072243
v 2.509623 0.660148 -0.072843
v 2.521305 0.662061 -0.075925
v 2.518551 0.666863 -0.075551
v 2.515410 0.671930 -0.075096
v 2.511783 0.677260 -0.074538
v 2.511630 0.677463 -0.074513
v 2.443653 0.659086 -0.056097
v 2.470995 0.680436 -0.064471
v 2.476026 0.691671 -0.066520
v 2.483055 0.693640 -0.068430
v 2.483514 0.693217 -0.068516
v 2.488176 0.688450 -0.069362
v 2.492712 0.683378 -0.070153
v 2.497122 0.678016 -0.070893
v 2.507499 0.682970 -0.073853
v 2.502495 0.689131 -0.073019
v 2.496888 0.695671 -0.072059
v 2.495574 0.697146 -0.071830
v 2.456451 0.686194 -0.061206
v 2.477016 0.693895 -0.066929
v 2.477862 0.695077 -0.067227
v 2.479203 0.695933 -0.067625
v 2.480373 0.695803 -0.067910
v 2.481408 0.695166 -0.068124
v 2.490786 0.702515 -0.071011
v 2.485413 0.708390 -0.070080
v 2.484738 0.709716 -0.070003
v 2.485089 0.711280 -0.070205
v 2.506671 0.795494 -0.088491
v 2.481093 0.741221 -0.077911
v 2.467917 0.713270 -0.072539
v 2.442114 0.658676 -0.062192
v 2.426886 0.626487 -0.056193
v 2.411973 0.609047 -0.051282
v 2.466792 0.641716 -0.067291
v 2.511981 0.653160 -0.079482
v 2.522637 0.631835 -0.080800
v 2.534274 0.599526 -0.081759
v 2.545047 0.600245 -0.084544
v 2.540979 0.612567 -0.084252
v 2.532384 0.634570 -0.083445
v 2.529981 0.641146 -0.083264
v 2.510244 0.676852 -0.080633
v 2.500146 0.746925 -0.083112
v 2.520009 0.790171 -0.091402
v 2.536983 0.803519 -0.096683
v 2.446335 0.852823 -0.082917
v 2.438100 0.834627 -0.079330
v 2.450367 0.834658 -0.082366
v 2.508201 0.799056 -0.093804
v 2.496141 0.767870 -0.088354
v 2.469573 0.711537 -0.077482
v 2.456577 0.684056 -0.072248
v 2.428362 0.624418 -0.061083
v 2.415834 0.609778 -0.056960
v 2.448396 0.593725 -0.064213
v 2.458620 0.584806 -0.066271
v 2.462643 0.641709 -0.070892
v 2.465352 0.680553 -0.074220
v 2.473101 0.696695 -0.077309
v 2.478699 0.698103 -0.078816
v 2.487726 0.689885 -0.080511
v 2.501199 0.673543 -0.082777
v 2.524131 0.633212 -0.085918
v 2.528757 0.583451 -0.084043
v 2.547198 0.585796 -0.088882
v 2.541006 0.599157 -0.088101
v 2.535039 0.615871 -0.087603
v 2.540430 0.627158 -0.089676
v 2.524473 0.643264 -0.086657
v 2.506581 0.674867 -0.084225
v 2.490705 0.694319 -0.081567
v 2.496285 0.747987 -0.086876
v 2.516463 0.791886 -0.095303
v 2.517246 0.804485 -0.096493
v 2.452752 0.841994 -0.083579
v 2.478510 0.695642 -0.067429
v 2.479797 0.695968 -0.067776
v 2.484927 0.709047 -0.070003
v 2.483397 0.708604 -0.076098
v 2.479113 0.710197 -0.079787
v 2.484792 0.710530 -0.070077
v 2.274039 1.077483 -0.052350
v 2.253564 1.092576 -0.049231
v 2.356047 1.116390 -0.076090
v 2.334834 1.132032 -0.072859
v 2.321001 1.125309 -0.068837
v 2.342088 1.109766 -0.072049
v 2.267397 1.099290 -0.053253
v 2.287998 1.084107 -0.056390
v 2.237013 1.104762 -0.046751
v 2.226330 1.089390 -0.042470
v 2.218995 1.100424 -0.042021
v 2.313810 1.147512 -0.069708
v 2.300103 1.140708 -0.065705
v 2.246985 1.114329 -0.050193
v 2.209815 1.114221 -0.041495
v 2.224989 1.117839 -0.045466
v 2.229543 1.130646 -0.048033
v 2.292966 1.162857 -0.066637
v 2.279385 1.155954 -0.062652
v 2.268864 1.150608 -0.059566
v 2.244780 1.115949 -0.049869
v 2.240442 1.161363 -0.054239
v 2.262726 1.166088 -0.059987
v 2.270331 1.177041 -0.063064
v 2.272293 1.178058 -0.063642
v 2.274876 1.159266 -0.061999
v 2.271456 1.178670 -0.063524
v 2.381319 1.000479 -0.069742
v 2.386908 0.989778 -0.070017
v 2.357703 0.990210 -0.063007
v 2.357847 0.990597 -0.063082
v 2.394882 1.031502 -0.076185
v 2.377872 1.007076 -0.069589
v 2.365218 1.010091 -0.066852
v 2.357865 1.015536 -0.065641
v 2.420523 1.068357 -0.086189
v 2.336607 1.031268 -0.062193
v 2.350953 1.037604 -0.066294
v 2.371617 1.022313 -0.069647
v 2.396169 1.057593 -0.079223
v 2.450898 1.090794 -0.095835
v 2.434338 1.088211 -0.091606
v 2.315556 1.046829 -0.058829
v 2.399058 1.084638 -0.082803
v 2.409570 1.076862 -0.084483
v 2.384847 1.078203 -0.078722
v 2.401785 1.065675 -0.081429
v 2.329767 1.053264 -0.062910
v 2.422296 1.095159 -0.089475
v 2.436372 1.101531 -0.093514
v 2.294694 1.062237 -0.055549
v 2.377449 1.100595 -0.079404
v 2.363364 1.094070 -0.075344
v 2.308788 1.068762 -0.059609
v 2.423196 1.096446 -0.089828
v 2.421639 1.112412 -0.091198
v 2.400336 1.065027 -0.087524
v 2.328309 1.052616 -0.069005
v 2.286558 1.083414 -0.062485
v 2.298672 1.140006 -0.071800
v 2.354607 1.115706 -0.082185
v 2.408121 1.076214 -0.090578
v 2.449440 1.090146 -0.101930
v 2.432880 1.087563 -0.097701
v 2.385432 0.989166 -0.076112
v 2.356227 0.989598 -0.069102
v 2.363751 1.009470 -0.072947
v 2.335149 1.030629 -0.068288
v 2.293245 1.061571 -0.061644
v 2.252133 1.091883 -0.055326
v 2.235582 1.104060 -0.052846
v 2.223567 1.117119 -0.051561
v 2.270043 1.177923 -0.069619
v 2.333403 1.131339 -0.078954
v 2.341629 1.111467 -0.083294
v 2.362887 1.095816 -0.086585
v 2.404170 1.065324 -0.093124
v 2.369970 1.016211 -0.079778
v 2.325267 1.049268 -0.072570
v 2.283525 1.080039 -0.066042
v 2.262933 1.095222 -0.062901
v 2.237463 1.113960 -0.059088
v 2.271564 1.163019 -0.072840
v 2.299653 1.142382 -0.076958
v 2.351574 1.112331 -0.085742
v 2.424321 1.094250 -0.101020
v 2.423403 1.103772 -0.101838
v 2.429802 1.090407 -0.101921
v 2.389500 1.032555 -0.086164
v 2.371248 1.006347 -0.079084
v 2.336112 1.033059 -0.073426
v 2.294217 1.063974 -0.066790
v 2.233683 1.108560 -0.057570
v 2.223891 1.094466 -0.053645
v 2.213109 1.110666 -0.053010
v 2.225223 1.113555 -0.056181
v 2.240676 1.157007 -0.064935
v 2.262411 1.161615 -0.070542
v 2.330370 1.127964 -0.082507
v 2.269917 1.172397 -0.073569
v -0.412558 2.537013 -0.066688
v -0.898668 2.340867 -0.061382
v -1.630008 2.008911 -0.082122
v -2.266290 -1.260015 -0.083174
v -1.938114 -1.668084 -0.073724
v -1.746108 -1.903497 -0.080472
v 0.116685 -2.587983 -0.082345
v 0.185720 -2.590809 -0.072969
v 0.670950 -2.435118 -0.065423
v 1.087452 -2.321907 -0.075406
v 0.799888 2.417133 -0.060324
v 0.788608 2.416458 -0.059236
v 0.788895 2.401617 -0.055572
v 0.800598 2.402202 -0.056675
v 0.777328 2.415783 -0.058160
v 0.766282 2.416017 -0.057339
v 0.765760 2.401338 -0.053641
v 0.777192 2.401023 -0.054471
v 0.755235 2.416242 -0.056527
v 0.744430 2.417403 -0.055983
v 0.732016 2.404200 -0.051725
v 0.732027 2.404200 -0.051725
v 0.743176 2.402931 -0.052269
v 0.754326 2.401653 -0.052813
v 0.733624 2.418573 -0.055445
v 0.723072 2.420706 -0.055189
v 0.709926 2.408862 -0.051234
v 0.721173 2.406468 -0.051479
v 0.712518 2.422839 -0.054936
v 0.702225 2.425989 -0.054977
v 0.688328 2.415171 -0.051248
v 0.689230 2.415351 -0.051360
v 0.699774 2.412039 -0.051296
v 0.691933 2.429130 -0.055019
v 0.675464 2.453178 -0.059913
v 0.663616 2.410122 -0.048234
v 0.674070 2.455212 -0.060331
v 0.656643 2.408691 -0.047397
v 0.939105 2.441667 -0.078618
v 0.963504 2.443953 -0.081492
v 0.950337 2.470908 -0.086810
v 0.927261 2.440551 -0.077247
v 0.940392 2.491257 -0.090865
v 0.920889 2.455563 -0.080326
v 0.918963 2.454690 -0.079936
v 0.911052 2.433540 -0.074028
v 0.908307 2.449866 -0.077786
v 0.895727 2.444169 -0.075249
v 0.889224 2.441595 -0.074030
v 0.887819 2.424189 -0.069631
v 0.900801 2.429103 -0.072012
v 0.883355 2.439273 -0.072939
v 0.870983 2.434377 -0.070641
v 0.862127 2.415306 -0.065165
v 0.874832 2.419275 -0.067263
v 0.858852 2.430408 -0.068597
v 0.834859 2.423532 -0.064830
v 0.837036 2.408457 -0.061295
v 0.849420 2.411346 -0.063075
v 0.822998 2.420607 -0.063109
v 0.811444 2.418870 -0.061709
v 0.812624 2.403885 -0.058096
v 0.824650 2.405568 -0.059521
v 0.691502 2.427600 -0.061114
v 0.920322 2.454069 -0.086421
v 0.962928 2.442468 -0.087587
v 0.900252 2.427600 -0.078107
v 0.874293 2.417772 -0.073358
v 0.848895 2.409834 -0.069170
v 0.824139 2.404056 -0.065616
v 0.731545 2.402679 -0.057820
v 0.688786 2.413821 -0.057455
v 0.656227 2.407152 -0.053492
v 0.673654 2.453673 -0.066426
v 0.712336 2.415657 -0.064282
v 0.754217 2.409267 -0.065869
v 0.788116 2.409501 -0.068631
v 0.807798 2.411418 -0.070718
v 0.835140 2.416710 -0.074333
v 0.859458 2.423685 -0.078151
v 0.890039 2.434980 -0.083639
v 0.939240 2.478999 -0.098924
v 0.925047 2.442279 -0.088628
v 0.801012 2.404209 -0.068368
v 0.777128 2.402841 -0.066081
v 0.754006 2.403408 -0.064387
v 0.688638 2.417241 -0.062954
v 0.662950 2.411967 -0.059817
v 0.732384 2.405793 -0.063314
v 0.846719 2.426439 -0.066571
v 0.000000 2.428707 -0.022109
v -0.024414 2.726049 -0.099900
v -0.024414 2.726049 -0.109305
v -0.043502 2.428320 -0.022109
v -0.043502 2.428320 -0.031513
v -0.073234 2.725176 -0.109305
v -0.065248 2.427834 -0.031513
v -0.097636 2.724411 -0.099900
v -0.108724 2.426277 -0.022109
v -0.122030 2.723430 -0.109305
v -0.108724 2.426277 -0.031513
v -0.146415 2.722224 -0.099900
v -0.170788 2.720802 -0.109305
v -0.152164 2.423937 -0.031513
v -0.173866 2.422479 -0.022109
v -0.195147 2.719164 -0.099900
v -0.219490 2.717310 -0.109305
v -0.217228 2.418978 -0.022109
v -0.268123 2.712945 -0.099900
v -0.260521 2.414703 -0.022109
v -0.292407 2.710443 -0.109305
v -0.260521 2.414703 -0.031513
v -0.303730 2.409654 -0.022109
v -0.340905 2.704773 -0.099900
v -0.340905 2.704773 -0.109305
v -0.365114 2.701614 -0.099900
v -0.365114 2.701614 -0.109305
v -0.325300 2.406837 -0.031513
v -0.346842 2.403831 -0.022109
v -0.437558 2.690832 -0.099900
v -0.437558 2.690832 -0.109305
v -0.389843 2.397234 -0.031513
v -0.411297 2.393652 -0.022109
v -0.411297 2.393652 -0.031513
v -0.485681 2.682570 -0.099900
v -0.485681 2.682570 -0.109305
v -0.454105 2.385903 -0.022109
v -0.509684 2.678115 -0.099900
v -0.454105 2.385903 -0.031513
v -0.496768 2.377398 -0.022109
v -0.581445 2.663463 -0.099900
v -0.539271 2.368119 -0.022109
v -0.539271 2.368119 -0.031513
v -0.629056 2.652627 -0.099900
v -0.581602 2.358084 -0.022109
v -0.652786 2.646894 -0.109305
v -0.676464 2.640945 -0.099900
v -0.700088 2.634789 -0.109305
v -0.623746 2.347302 -0.031513
v -0.644744 2.341623 -0.022109
v -0.723657 2.628417 -0.099900
v -0.747166 2.621829 -0.099900
v -0.747166 2.621829 -0.109305
v -0.665690 2.335755 -0.031513
v -0.686583 2.329707 -0.022109
v -0.770617 2.615043 -0.109305
v -0.707422 2.323470 -0.031513
v -0.817330 2.600823 -0.099900
v -0.728203 2.317044 -0.031513
v -0.748926 2.310429 -0.022109
v -0.863782 2.585775 -0.109305
v -0.769589 2.303634 -0.031513
v -0.790190 2.296659 -0.022109
v -0.886905 2.577945 -0.099900
v -0.909954 2.569899 -0.109305
v -0.810728 2.289495 -0.031513
v -0.831201 2.282142 -0.022109
v -0.932931 2.561655 -0.099900
v -0.955836 2.553204 -0.099900
v -0.955836 2.553204 -0.109305
v -0.851608 2.274609 -0.031513
v -0.871946 2.266896 -0.022109
v -0.978669 2.544546 -0.109305
v -1.001412 2.535681 -0.099900
v -0.912411 2.250930 -0.022109
v -1.024083 2.526618 -0.109305
v -1.046673 2.517348 -0.099900
v -0.952587 2.234235 -0.022109
v -0.952587 2.234235 -0.031513
v -1.091592 2.498214 -0.099900
v -1.113921 2.488341 -0.109305
v -1.012266 2.207856 -0.022109
v -1.158309 2.468001 -0.099900
v -1.158309 2.468001 -0.109305
v -1.032003 2.198703 -0.031513
v -1.051650 2.189379 -0.022109
v -1.180368 2.457543 -0.109305
v -1.224198 2.436015 -0.099900
v -1.224198 2.436015 -0.109305
v -1.090701 2.170209 -0.031513
v -1.110096 2.160354 -0.022109
v -1.267632 2.413713 -0.109305
v -1.289205 2.402274 -0.099900
v -1.289205 2.402274 -0.109305
v -1.167741 2.129772 -0.022109
v -1.332027 2.378811 -0.099900
v -1.205703 2.108532 -0.022109
v -1.353276 2.366796 -0.109305
v -1.205703 2.108532 -0.031513
v -1.374417 2.354583 -0.099900
v -1.243278 2.086608 -0.022109
v -1.243278 2.086608 -0.031513
v -1.261917 2.075394 -0.022109
v -1.416375 2.329608 -0.099900
v -1.416375 2.329608 -0.109305
v -1.298898 2.052480 -0.022109
v -1.457874 2.303877 -0.099900
v -1.457874 2.303877 -0.109305
v -1.298898 2.052480 -0.031513
v -1.498905 2.277417 -0.099900
v -1.498905 2.277417 -0.109305
v -1.371582 2.004672 -0.022109
v -1.539459 2.250219 -0.099900
v -1.559556 2.236350 -0.109305
v -1.579518 2.222301 -0.099900
v -1.579518 2.222301 -0.109305
v -1.407276 1.979796 -0.031513
v -1.424952 1.967124 -0.022109
v -1.442520 1.954290 -0.031513
v -1.638657 2.179092 -0.099900
v -1.477296 1.928154 -0.022109
v -1.658106 2.164341 -0.109305
v -1.677429 2.149410 -0.099900
v -1.494513 1.914852 -0.031513
v -1.528569 1.887798 -0.022109
v -1.715661 2.119044 -0.099900
v -1.715661 2.119044 -0.109305
v -1.734570 2.103600 -0.099900
v -1.734570 2.103600 -0.109305
v -1.562148 1.860132 -0.022109
v -1.562148 1.860132 -0.031513
v -1.771974 2.072217 -0.099900
v -1.595223 1.831872 -0.022109
v -1.790469 2.056269 -0.109305
v -1.827018 2.023896 -0.099900
v -1.827018 2.023896 -0.109305
v -1.627785 1.803027 -0.031513
v -1.643868 1.788384 -0.022109
v -1.659825 1.773597 -0.022109
v -1.862973 1.990866 -0.099900
v -1.659825 1.773597 -0.031513
v -1.880739 1.974108 -0.109305
v -1.675647 1.758666 -0.031513
v -1.691334 1.743600 -0.022109
v -1.898343 1.957197 -0.099900
v -1.706886 1.728390 -0.031513
v -1.722303 1.713045 -0.022109
v -1.933101 1.922907 -0.099900
v -1.933101 1.922907 -0.109305
v -1.967238 1.887996 -0.099900
v -1.967238 1.887996 -0.109305
v -1.767717 1.666191 -0.022109
v -1.767717 1.666191 -0.031513
v -2.000745 1.852482 -0.099900
v -2.000745 1.852482 -0.109305
v -1.797282 1.634277 -0.022109
v -2.033613 1.816365 -0.099900
v -2.033613 1.816365 -0.109305
v -1.826280 1.601850 -0.031513
v -1.840554 1.585434 -0.022109
v -2.065824 1.779672 -0.099900
v -2.081691 1.761114 -0.099900
v -1.854684 1.568901 -0.031513
v -1.868670 1.552233 -0.022109
v -1.868670 1.552233 -0.031513
v -1.882503 1.535448 -0.022109
v -2.112903 1.723575 -0.099900
v -2.112903 1.723575 -0.109305
v -2.128266 1.704594 -0.109305
v -1.909710 1.501509 -0.022109
v -1.909710 1.501509 -0.031513
v -2.158461 1.666218 -0.099900
v -2.173302 1.646832 -0.109305
v -2.187972 1.627320 -0.099900
v -1.949373 1.449696 -0.031513
v -1.962288 1.432191 -0.022109
v -2.202462 1.607673 -0.109305
v -1.975041 1.414569 -0.022109
v -2.230911 1.567992 -0.099900
v -2.258649 1.527807 -0.099900
v -2.258649 1.527807 -0.109305
v -2.012346 1.361028 -0.031513
v -2.024460 1.342965 -0.022109
v -2.036421 1.324794 -0.031513
v -2.048211 1.306515 -0.022109
v -2.298897 1.466616 -0.099900
v -2.298897 1.466616 -0.109305
v -2.071296 1.269642 -0.022109
v -2.324808 1.425225 -0.099900
v -2.071296 1.269642 -0.031513
v -2.349972 1.383384 -0.099900
v -2.349972 1.383384 -0.109305
v -2.104677 1.213572 -0.022109
v -2.104677 1.213572 -0.031513
v -2.374389 1.341102 -0.099900
v -2.126088 1.175700 -0.022109
v -2.386314 1.319790 -0.109305
v -2.398041 1.298379 -0.099900
v -2.136537 1.156629 -0.031513
v -2.156931 1.118199 -0.022109
v -2.420928 1.255251 -0.099900
v -2.156931 1.118199 -0.031513
v -2.176632 1.079409 -0.022109
v -2.443032 1.211718 -0.109305
v -2.464362 1.167789 -0.099900
v -2.464362 1.167789 -0.109305
v -2.195631 1.040277 -0.031513
v -2.204865 1.020585 -0.022109
v -2.213928 1.000803 -0.031513
v -2.222811 0.980949 -0.022109
v -2.494863 1.101207 -0.099900
v -2.222811 0.980949 -0.031513
v -2.504637 1.078833 -0.109305
v -2.514204 1.056369 -0.099900
v -2.248389 0.920919 -0.022109
v -2.523573 1.033824 -0.109305
v -2.248389 0.920919 -0.031513
v -2.264535 0.880526 -0.022109
v -2.541699 0.988491 -0.099900
v -2.541699 0.988491 -0.109305
v -2.550465 0.965703 -0.099900
v -2.272338 0.860222 -0.031513
v -2.279961 0.839850 -0.022109
v -2.559015 0.942834 -0.109305
v -2.575512 0.896876 -0.099900
v -2.301732 0.778334 -0.022109
v -2.583450 0.873789 -0.109305
v -2.301732 0.778334 -0.031513
v -2.591181 0.850631 -0.099900
v -2.598705 0.827405 -0.109305
v -2.315322 0.737008 -0.031513
v -2.321838 0.716256 -0.022109
v -2.606022 0.804112 -0.099900
v -2.606022 0.804112 -0.109305
v -2.334321 0.674581 -0.022109
v -2.620026 0.757336 -0.099900
v -2.620026 0.757336 -0.109305
v -2.334321 0.674581 -0.031513
v -2.639457 0.686720 -0.099900
v -2.639457 0.686720 -0.109305
v -2.351628 0.611665 -0.031513
v -2.357028 0.590593 -0.022109
v -2.651355 0.639364 -0.099900
v -2.651355 0.639364 -0.109305
v -2.367243 0.548307 -0.022109
v -2.662398 0.591802 -0.099900
v -2.376711 0.505846 -0.022109
v -2.667600 0.567950 -0.099900
v -2.667600 0.567950 -0.109305
v -2.376711 0.505846 -0.031513
v -2.672595 0.544051 -0.099900
v -2.385414 0.463222 -0.022109
v -2.677374 0.520109 -0.109305
v -2.385414 0.463222 -0.031513
v -2.686284 0.472101 -0.099900
v -2.393352 0.420449 -0.031513
v -2.397033 0.399011 -0.022109
v -2.690415 0.448038 -0.109305
v -2.397033 0.399011 -0.031513
v -2.694330 0.423941 -0.099900
v -2.400516 0.377540 -0.031513
v -2.403819 0.356040 -0.022109
v -2.698029 0.399808 -0.109305
v -2.701512 0.375644 -0.099900
v -2.701512 0.375644 -0.109305
v -2.406924 0.334510 -0.031513
v -2.409831 0.312955 -0.022109
v -2.409831 0.312955 -0.031513
v -2.707830 0.327228 -0.099900
v -2.415078 0.269769 -0.022109
v -2.710665 0.302978 -0.109305
v -2.415078 0.269769 -0.031513
v -2.713284 0.278705 -0.099900
v -2.717865 0.230092 -0.099900
v -2.717865 0.230092 -0.109305
v -2.421486 0.204831 -0.031513
v -2.423241 0.183149 -0.022109
v -2.423241 0.183149 -0.031513
v -2.723103 0.157040 -0.099900
v -2.427327 0.118025 -0.022109
v -2.724417 0.132661 -0.109305
v -2.427327 0.118025 -0.031513
v -2.725506 0.108271 -0.099900
v -2.429082 0.074556 -0.022109
v -2.429082 0.074556 -0.031513
v -2.727036 0.059467 -0.099900
v -2.430054 0.031064 -0.022109
v -2.430054 0.031064 -0.031513
v -2.727693 -0.013770 -0.099900
v -2.727693 -0.013770 -0.109305
v -2.430054 -0.034190 -0.022109
v -2.727036 -0.062594 -0.099900
v -2.727036 -0.062594 -0.109305
v -2.429658 -0.055938 -0.031513
v -2.429082 -0.077682 -0.022109
v -2.725506 -0.111397 -0.099900
v -2.427327 -0.121150 -0.022109
v -2.724417 -0.135787 -0.099900
v -2.724417 -0.135787 -0.109305
v -2.427327 -0.121150 -0.031513
v -2.721573 -0.184532 -0.099900
v -2.721573 -0.184532 -0.109305
v -2.423241 -0.186276 -0.022109
v -2.421486 -0.207957 -0.031513
v -2.419542 -0.229622 -0.022109
v -2.715687 -0.257535 -0.109305
v -2.713284 -0.281831 -0.099900
v -2.710665 -0.306104 -0.099900
v -2.412549 -0.294500 -0.022109
v -2.707830 -0.330354 -0.109305
v -2.412549 -0.294500 -0.031513
v -2.704779 -0.354576 -0.099900
v -2.701512 -0.378771 -0.109305
v -2.406924 -0.337637 -0.031513
v -2.698029 -0.402935 -0.099900
v -2.698029 -0.402935 -0.109305
v -2.400516 -0.380667 -0.022109
v -2.690415 -0.451165 -0.099900
v -2.690415 -0.451165 -0.109305
v -2.397033 -0.402137 -0.031513
v -2.393352 -0.423575 -0.022109
v -2.686284 -0.475227 -0.109305
v -2.681937 -0.499250 -0.099900
v -2.389473 -0.444980 -0.031513
v -2.385414 -0.466348 -0.022109
v -2.677374 -0.523235 -0.109305
v -2.672595 -0.547177 -0.099900
v -2.381157 -0.487679 -0.031513
v -2.376711 -0.508972 -0.022109
v -2.667600 -0.571076 -0.109305
v -2.376711 -0.508972 -0.031513
v -2.662398 -0.594928 -0.099900
v -2.372076 -0.530224 -0.031513
v -2.367243 -0.551433 -0.022109
v -2.656980 -0.618734 -0.109305
v -2.651355 -0.642491 -0.099900
v -2.357028 -0.593719 -0.031513
v -2.351628 -0.614791 -0.022109
v -2.639457 -0.689847 -0.099900
v -2.639457 -0.689847 -0.109305
v -2.626713 -0.736982 -0.099900
v -2.340279 -0.656786 -0.031513
v -2.334321 -0.677707 -0.022109
v -2.620026 -0.760463 -0.109305
v -2.334321 -0.677707 -0.031513
v -2.321838 -0.719382 -0.022109
v -2.606022 -0.807239 -0.099900
v -2.606022 -0.807239 -0.109305
v -2.321838 -0.719382 -0.031513
v -2.308617 -0.760828 -0.022109
v -2.591181 -0.853758 -0.109305
v -2.583450 -0.876915 -0.099900
v -2.294658 -0.802030 -0.022109
v -2.575512 -0.900002 -0.099900
v -2.575512 -0.900002 -0.109305
v -2.287404 -0.822536 -0.022109
v -2.559015 -0.945960 -0.099900
v -2.264535 -0.883652 -0.022109
v -2.532744 -1.014324 -0.099900
v -2.532744 -1.014324 -0.109305
v -2.256552 -0.903885 -0.031513
v -2.523573 -1.036950 -0.099900
v -2.523573 -1.036950 -0.109305
v -2.240037 -0.944133 -0.022109
v -2.514204 -1.059495 -0.109305
v -2.240037 -0.944133 -0.031513
v -2.504637 -1.081959 -0.099900
v -2.222811 -0.984075 -0.022109
v -2.494863 -1.104333 -0.099900
v -2.494863 -1.104333 -0.109305
v -2.213928 -1.003929 -0.022109
v -2.484900 -1.126617 -0.109305
v -2.213928 -1.003929 -0.031513
v -2.474730 -1.148811 -0.099900
v -2.195631 -1.043403 -0.022109
v -2.453796 -1.192929 -0.099900
v -2.432079 -1.236660 -0.099900
v -2.156931 -1.121325 -0.022109
v -2.409579 -1.279995 -0.099900
v -2.136537 -1.159755 -0.022109
v -2.398041 -1.301505 -0.109305
v -2.386305 -1.322916 -0.099900
v -2.115468 -1.197816 -0.022109
v -2.374389 -1.344228 -0.099900
v -2.104677 -1.216698 -0.022109
v -2.362275 -1.365423 -0.099900
v -2.104677 -1.216698 -0.031513
v -2.349972 -1.386510 -0.109305
v -2.082591 -1.254174 -0.022109
v -2.082591 -1.254174 -0.031513
v -2.324808 -1.428351 -0.099900
v -2.071296 -1.272768 -0.031513
v -2.048211 -1.309641 -0.022109
v -2.298897 -1.469742 -0.099900
v -2.048211 -1.309641 -0.031513
v -2.272248 -1.510656 -0.099900
v -2.272248 -1.510656 -0.109305
v -2.024460 -1.346091 -0.031513
v -2.012346 -1.364154 -0.022109
v -2.244870 -1.551084 -0.099900
v -2.244870 -1.551084 -0.109305
v -1.987632 -1.399956 -0.022109
v -2.216772 -1.591017 -0.099900
v -2.216772 -1.591017 -0.109305
v -1.975041 -1.417695 -0.031513
v -1.962288 -1.435317 -0.022109
v -2.202462 -1.610799 -0.099900
v -1.949373 -1.452822 -0.022109
v -2.187972 -1.630446 -0.109305
v -1.949373 -1.452822 -0.031513
v -2.173302 -1.649958 -0.099900
v -1.923084 -1.487481 -0.031513
v -2.143449 -1.688604 -0.099900
v -1.896183 -1.521663 -0.022109
v -2.128257 -1.707720 -0.109305
v -1.896183 -1.521663 -0.031513
v -2.112903 -1.726701 -0.099900
v -1.854684 -1.572027 -0.022109
v -2.081691 -1.764240 -0.109305
v -2.065824 -1.782807 -0.099900
v -1.840554 -1.588560 -0.031513
v -1.826280 -1.604976 -0.022109
v -2.049804 -1.801221 -0.109305
v -2.033613 -1.819491 -0.099900
v -2.033613 -1.819491 -0.109305
v -1.811853 -1.621257 -0.031513
v -1.797282 -1.637403 -0.022109
v -2.017260 -1.837626 -0.099900
v -2.017260 -1.837626 -0.109305
v -2.000745 -1.855608 -0.099900
v -1.782567 -1.653423 -0.031513
v -1.767717 -1.669317 -0.022109
v -1.984068 -1.873437 -0.099900
v -1.984068 -1.873437 -0.109305
v -1.737576 -1.700691 -0.022109
v -1.950246 -1.908654 -0.099900
v -1.950246 -1.908654 -0.109305
v -1.933101 -1.926033 -0.099900
v -1.915794 -1.943259 -0.099900
v -1.706886 -1.731516 -0.031513
v -1.898343 -1.960323 -0.109305
v -1.675647 -1.761792 -0.022109
v -1.880739 -1.977234 -0.099900
v -1.880739 -1.977234 -0.109305
v -1.659825 -1.776723 -0.022109
v -1.659825 -1.776723 -0.031513
v -1.845072 -2.010588 -0.099900
v -1.827018 -2.027022 -0.109305
v -1.611567 -1.820643 -0.022109
v -1.808811 -2.043294 -0.099900
v -1.595223 -1.834998 -0.031513
v -1.578744 -1.849200 -0.022109
v -1.771974 -2.075343 -0.099900
v -1.545426 -1.877163 -0.022109
v -1.734570 -2.106726 -0.109305
v -1.528569 -1.890924 -0.022109
v -1.715661 -2.122170 -0.099900
v -1.494513 -1.917978 -0.022109
v -1.677429 -2.152536 -0.099900
v -1.477296 -1.931280 -0.022109
v -1.658106 -2.167467 -0.109305
v -1.477296 -1.931280 -0.031513
v -1.638657 -2.182218 -0.099900
v -1.619073 -2.196798 -0.109305
v -1.424952 -1.970250 -0.022109
v -1.599363 -2.211198 -0.099900
v -1.599363 -2.211198 -0.109305
v -1.424952 -1.970250 -0.031513
v -1.407276 -1.982922 -0.031513
v -1.389483 -1.995441 -0.022109
v -1.559556 -2.239476 -0.099900
v -1.559556 -2.239476 -0.109305
v -1.371582 -2.007798 -0.022109
v -1.519245 -2.267034 -0.099900
v -1.519245 -2.267034 -0.109305
v -1.498905 -2.280543 -0.109305
v -1.317231 -2.043897 -0.022109
v -1.478448 -2.293863 -0.099900
v -1.317231 -2.043897 -0.031513
v -1.457874 -2.307003 -0.109305
v -1.280457 -2.067144 -0.022109
v -1.416375 -2.332734 -0.099900
v -1.261917 -2.078520 -0.031513
v -1.395450 -2.345316 -0.109305
v -1.224540 -2.100777 -0.022109
v -1.374417 -2.357709 -0.099900
v -1.224540 -2.100777 -0.031513
v -1.186767 -2.122359 -0.022109
v -1.332027 -2.381937 -0.099900
v -1.167741 -2.132898 -0.022109
v -1.310661 -2.393763 -0.099900
v -1.310661 -2.393763 -0.109305
v -1.167741 -2.132898 -0.031513
v -1.289205 -2.405400 -0.099900
v -1.129401 -2.153463 -0.022109
v -1.267632 -2.416839 -0.109305
v -1.245969 -2.428089 -0.099900
v -1.224198 -2.439141 -0.109305
v -1.090701 -2.173335 -0.031513
v -1.071225 -2.183010 -0.022109
v -1.202328 -2.450004 -0.099900
v -1.032003 -2.201829 -0.022109
v -1.158309 -2.471136 -0.099900
v -1.136160 -2.481396 -0.099900
v -1.012266 -2.210982 -0.031513
v -0.992448 -2.219955 -0.022109
v -1.113921 -2.491467 -0.099900
v -0.952587 -2.237361 -0.022109
v -1.046673 -2.520483 -0.099900
v -1.046673 -2.520483 -0.109305
v -0.912411 -2.254056 -0.022109
v -1.001412 -2.538807 -0.099900
v -1.001412 -2.538807 -0.109305
v -0.871946 -2.270022 -0.022109
v -0.871946 -2.270022 -0.031513
v -0.955836 -2.556330 -0.099900
v -0.932931 -2.564781 -0.109305
v -0.831201 -2.285268 -0.031513
v -0.909954 -2.573025 -0.099900
v -0.790190 -2.299785 -0.022109
v -0.886904 -2.581071 -0.109305
v -0.863781 -2.588901 -0.099900
v -0.769588 -2.306760 -0.031513
v -0.748925 -2.313555 -0.022109
v -0.817330 -2.603949 -0.099900
v -0.707421 -2.326596 -0.022109
v -0.707421 -2.326596 -0.031513
v -0.770617 -2.618169 -0.099900
v -0.665690 -2.338881 -0.022109
v -0.747166 -2.624955 -0.109305
v -0.644744 -2.344749 -0.031513
v -0.700088 -2.637915 -0.099900
v -0.700088 -2.637915 -0.109305
v -0.602698 -2.355918 -0.022109
v -0.652786 -2.650020 -0.099900
v -0.560459 -2.366322 -0.022109
v -0.629055 -2.655753 -0.109305
v -0.605274 -2.661279 -0.099900
v -0.518040 -2.375979 -0.022109
v -0.581445 -2.666589 -0.109305
v -0.518040 -2.375979 -0.031513
v -0.557569 -2.671692 -0.099900
v -0.533648 -2.676570 -0.109305
v -0.454105 -2.389029 -0.022109
v -0.509684 -2.681241 -0.099900
v -0.454105 -2.389029 -0.031513
v -0.485681 -2.685696 -0.109305
v -0.461637 -2.689935 -0.099900
v -0.461637 -2.689935 -0.109305
v -0.411297 -2.396778 -0.031513
v -0.389842 -2.400360 -0.022109
v -0.346842 -2.406957 -0.022109
v -0.389293 -2.701365 -0.099900
v -0.325299 -2.409963 -0.031513
v -0.303730 -2.412780 -0.022109
v -0.340905 -2.707899 -0.099900
v -0.282136 -2.415399 -0.031513
v -0.260521 -2.417829 -0.022109
v -0.292407 -2.713569 -0.099900
v -0.292407 -2.713569 -0.109305
v -0.238884 -2.420061 -0.022109
v -0.238884 -2.420061 -0.031513
v -0.243816 -2.718366 -0.099900
v -0.219490 -2.720436 -0.109305
v -0.173866 -2.425605 -0.022109
v -0.170788 -2.723928 -0.099900
v -0.152164 -2.427063 -0.031513
v -0.130449 -2.428332 -0.022109
v -0.146415 -2.725350 -0.099900
v -0.146415 -2.725350 -0.109305
v -0.108723 -2.429403 -0.031513
v -0.086989 -2.430276 -0.022109
v -0.097636 -2.727537 -0.099900
v -0.065248 -2.430960 -0.031513
v -0.043501 -2.431446 -0.022109
v -0.048826 -2.728842 -0.099900
v -0.024414 -2.729175 -0.099900
v -0.024414 -2.729175 -0.109305
v -0.021751 -2.431734 -0.031513
v 0.000000 -2.431833 -0.022109
v 0.021752 -2.431734 -0.022109
v 0.024414 -2.729175 -0.099900
v 0.021752 -2.431734 -0.031513
v 0.048826 -2.728842 -0.109305
v 0.065248 -2.430960 -0.022109
v 0.073234 -2.728302 -0.099900
v 0.065248 -2.430960 -0.031513
v 0.108724 -2.429403 -0.022109
v 0.122030 -2.726556 -0.099900
v 0.108724 -2.429403 -0.031513
v 0.130449 -2.428332 -0.022109
v 0.146415 -2.725350 -0.109305
v 0.152164 -2.427063 -0.031513
v 0.173866 -2.425605 -0.022109
v 0.195147 -2.722290 -0.099900
v 0.195556 -2.423949 -0.031513
v 0.217229 -2.422104 -0.022109
v 0.243816 -2.718366 -0.099900
v 0.217229 -2.422104 -0.031513
v 0.268123 -2.716071 -0.109305
v 0.260521 -2.417829 -0.022109
v 0.292407 -2.713569 -0.099900
v 0.316670 -2.710842 -0.109305
v 0.340906 -2.707899 -0.099900
v 0.325300 -2.409963 -0.022109
v 0.365114 -2.704740 -0.109305
v 0.389294 -2.701365 -0.099900
v 0.413442 -2.697765 -0.109305
v 0.368357 -2.403753 -0.031513
v 0.437558 -2.693958 -0.099900
v 0.411297 -2.396778 -0.022109
v 0.461638 -2.689935 -0.099900
v 0.461638 -2.689935 -0.109305
v 0.432718 -2.392998 -0.022109
v 0.509685 -2.681241 -0.099900
v 0.533649 -2.676570 -0.109305
v 0.475456 -2.384871 -0.031513
v 0.496768 -2.380524 -0.022109
v 0.557569 -2.671692 -0.099900
v 0.518040 -2.375979 -0.031513
v 0.605275 -2.661279 -0.099900
v 0.605275 -2.661279 -0.109305
v 0.560459 -2.366322 -0.022109
v 0.652786 -2.650020 -0.099900
v 0.581602 -2.361210 -0.031513
v 0.623746 -2.350428 -0.022109
v 0.700089 -2.637915 -0.109305
v 0.723657 -2.631543 -0.109305
v 0.644744 -2.344749 -0.031513
v 0.747167 -2.624955 -0.099900
v 0.686584 -2.332833 -0.022109
v 0.686584 -2.332833 -0.031513
v 0.817330 -2.603949 -0.099900
v 0.748926 -2.313555 -0.022109
v 0.840590 -2.596533 -0.109305
v 0.748926 -2.313555 -0.031513
v 0.863782 -2.588901 -0.099900
v 0.863782 -2.588901 -0.109305
v 0.790190 -2.299785 -0.022109
v 0.790190 -2.299785 -0.031513
v 0.932931 -2.564781 -0.099900
v 0.932931 -2.564781 -0.109305
v 0.831201 -2.285268 -0.031513
v 0.871946 -2.270022 -0.022109
v 0.978669 -2.547672 -0.099900
v 0.912411 -2.254056 -0.022109
v 1.024083 -2.529744 -0.099900
v 0.932535 -2.245794 -0.031513
v 0.952587 -2.237361 -0.022109
v 1.069173 -2.511006 -0.099900
v 1.069173 -2.511006 -0.109305
v 1.113921 -2.491467 -0.099900
v 0.992457 -2.219955 -0.031513
v 1.012266 -2.210982 -0.022109
v 1.136160 -2.481396 -0.109305
v 1.158309 -2.471127 -0.099900
v 1.180368 -2.460669 -0.109305
v 1.051650 -2.192505 -0.031513
v 1.202337 -2.450004 -0.099900
v 1.071225 -2.183010 -0.031513
v 1.090701 -2.173335 -0.022109
v 1.224198 -2.439141 -0.109305
v 1.245969 -2.428089 -0.099900
v 1.129401 -2.153463 -0.022109
v 1.267632 -2.416839 -0.109305
v 1.129401 -2.153463 -0.031513
v 1.289205 -2.405400 -0.099900
v 1.289205 -2.405400 -0.109305
v 1.186767 -2.122359 -0.022109
v 1.332027 -2.381937 -0.099900
v 1.186767 -2.122359 -0.031513
v 1.353276 -2.369922 -0.109305
v 1.374417 -2.357709 -0.099900
v 1.374417 -2.357709 -0.109305
v 1.243278 -2.089734 -0.022109
v 1.395450 -2.345316 -0.099900
v 1.243278 -2.089734 -0.031513
v 1.416375 -2.332734 -0.109305
v 1.280457 -2.067144 -0.022109
v 1.298898 -2.055606 -0.022109
v 1.457874 -2.307003 -0.099900
v 1.457874 -2.307003 -0.109305
v 1.317231 -2.043897 -0.031513
v 1.335456 -2.032026 -0.022109
v 1.498905 -2.280543 -0.099900
v 1.519245 -2.267034 -0.099900
v 1.519245 -2.267034 -0.109305
v 1.353573 -2.019993 -0.031513
v 1.539459 -2.253345 -0.109305
v 1.389492 -1.995441 -0.022109
v 1.579518 -2.225427 -0.099900
v 1.407276 -1.982922 -0.031513
v 1.424952 -1.970250 -0.022109
v 1.599363 -2.211198 -0.109305
v 1.619073 -2.196798 -0.099900
v 1.459962 -1.944429 -0.022109
v 1.638657 -2.182218 -0.109305
v 1.459962 -1.944429 -0.031513
v 1.658106 -2.167467 -0.099900
v 1.494513 -1.917978 -0.022109
v 1.677429 -2.152536 -0.099900
v 1.677429 -2.152536 -0.109305
v 1.494513 -1.917978 -0.031513
v 1.511604 -1.904523 -0.022109
v 1.715661 -2.122170 -0.099900
v 1.715661 -2.122170 -0.109305
v 1.545426 -1.877163 -0.022109
v 1.545426 -1.877163 -0.031513
v 1.753344 -2.091120 -0.099900
v 1.578744 -1.849200 -0.022109
v 1.790469 -2.059395 -0.099900
v 1.790469 -2.059395 -0.109305
v 1.595223 -1.834998 -0.031513
v 1.643868 -1.791510 -0.022109
v 1.845072 -2.010588 -0.099900
v 1.845072 -2.010588 -0.109305
v 1.643868 -1.791510 -0.031513
v 1.880739 -1.977234 -0.099900
v 1.880739 -1.977234 -0.109305
v 1.691334 -1.746726 -0.022109
v 1.898343 -1.960323 -0.109305
v 1.691334 -1.746726 -0.031513
v 1.706886 -1.731516 -0.022109
v 1.915803 -1.943259 -0.099900
v 1.706886 -1.731516 -0.031513
v 1.933101 -1.926033 -0.099900
v 1.737576 -1.700691 -0.022109
v 1.967238 -1.891122 -0.099900
v 1.967238 -1.891122 -0.109305
v 1.752714 -1.685067 -0.031513
v 1.782567 -1.653423 -0.022109
v 2.000745 -1.855608 -0.109305
v 2.017260 -1.837626 -0.099900
v 1.797282 -1.637403 -0.031513
v 1.811853 -1.621257 -0.022109
v 2.033613 -1.819491 -0.109305
v 1.811853 -1.621257 -0.031513
v 1.826280 -1.604976 -0.022109
v 2.049804 -1.801221 -0.099900
v 2.065824 -1.782798 -0.099900
v 2.065824 -1.782798 -0.109305
v 1.840554 -1.588560 -0.031513
v 1.854684 -1.572027 -0.022109
v 2.097378 -1.745538 -0.099900
v 1.882503 -1.538574 -0.022109
v 2.128266 -1.707720 -0.099900
v 2.143449 -1.688604 -0.109305
v 1.909710 -1.504635 -0.031513
v 1.923084 -1.487481 -0.022109
v 2.173302 -1.649958 -0.099900
v 2.187972 -1.630446 -0.109305
v 1.949373 -1.452822 -0.031513
v 1.962288 -1.435317 -0.022109
v 2.202462 -1.610799 -0.099900
v 2.216772 -1.591017 -0.099900
v 2.216772 -1.591017 -0.109305
v 1.987641 -1.399956 -0.022109
v 2.000070 -1.382109 -0.022109
v 2.244870 -1.551084 -0.099900
v 2.000070 -1.382109 -0.031513
v 2.024460 -1.346091 -0.022109
v 2.272248 -1.510656 -0.099900
v 2.298897 -1.469742 -0.099900
v 2.298897 -1.469742 -0.109305
v 2.048211 -1.309641 -0.031513
v 2.059830 -1.291254 -0.022109
v 2.324808 -1.428351 -0.099900
v 2.071296 -1.272768 -0.031513
v 2.082591 -1.254174 -0.022109
v 2.349972 -1.386510 -0.099900
v 2.349972 -1.386510 -0.109305
v 2.093715 -1.235490 -0.031513
v 2.104677 -1.216698 -0.022109
v 2.362275 -1.365423 -0.109305
v 2.386314 -1.322916 -0.099900
v 2.386314 -1.322916 -0.109305
v 2.126088 -1.178826 -0.031513
v 2.136537 -1.159755 -0.022109
v 2.146824 -1.140585 -0.031513
v 2.420928 -1.258377 -0.099900
v 2.166867 -1.101975 -0.022109
v 2.432079 -1.236660 -0.109305
v 2.443032 -1.214844 -0.099900
v 2.464362 -1.170915 -0.099900
v 2.464362 -1.170915 -0.109305
v 2.204865 -1.023711 -0.022109
v 2.484900 -1.126617 -0.099900
v 2.213928 -1.003929 -0.031513
v 2.494863 -1.104333 -0.109305
v 2.231514 -0.964140 -0.022109
v 2.231514 -0.964140 -0.031513
v 2.514204 -1.059495 -0.099900
v 2.514204 -1.059495 -0.109305
v 2.248389 -0.924045 -0.022109
v 2.532744 -1.014324 -0.099900
v 2.256552 -0.903885 -0.031513
v 2.264535 -0.883652 -0.022109
v 2.541708 -0.991617 -0.109305
v 2.272338 -0.863348 -0.031513
v 2.279961 -0.842976 -0.022109
v 2.559015 -0.945960 -0.099900
v 2.575512 -0.900002 -0.099900
v 2.301732 -0.781460 -0.022109
v 2.583450 -0.876915 -0.109305
v 2.301732 -0.781460 -0.031513
v 2.308617 -0.760827 -0.022109
v 2.591181 -0.853757 -0.099900
v 2.308617 -0.760827 -0.031513
v 2.598705 -0.830531 -0.099900
v 2.321838 -0.719382 -0.022109
v 2.321838 -0.719382 -0.031513
v 2.328174 -0.698572 -0.022109
v 2.613132 -0.783882 -0.109305
v 2.620026 -0.760462 -0.099900
v 2.340279 -0.656786 -0.031513
v 2.346048 -0.635814 -0.022109
v 2.639457 -0.689846 -0.099900
v 2.357028 -0.593718 -0.022109
v 2.645514 -0.666195 -0.109305
v 2.357028 -0.593718 -0.031513
v 2.656980 -0.618734 -0.099900
v 2.656980 -0.618734 -0.109305
v 2.372076 -0.530224 -0.022109
v 2.372076 -0.530224 -0.031513
v 2.667600 -0.571076 -0.099900
v 2.667600 -0.571076 -0.109305
v 2.385414 -0.466347 -0.022109
v 2.677374 -0.523234 -0.099900
v 2.385414 -0.466347 -0.031513
v 2.681937 -0.499250 -0.109305
v 2.393352 -0.423575 -0.022109
v 2.690415 -0.451164 -0.099900
v 2.690415 -0.451164 -0.109305
v 2.397033 -0.402137 -0.031513
v 2.698029 -0.402934 -0.099900
v 2.406924 -0.337636 -0.022109
v 2.701512 -0.378770 -0.109305
v 2.406924 -0.337636 -0.031513
v 2.704779 -0.354575 -0.099900
v 2.707830 -0.330353 -0.109305
v 2.415078 -0.272895 -0.022109
v 2.713284 -0.281830 -0.099900
v 2.713284 -0.281830 -0.109305
v 2.419542 -0.229621 -0.022109
v 2.717865 -0.233218 -0.099900
v 2.423241 -0.186275 -0.031513
v 2.424798 -0.164579 -0.022109
v 2.721573 -0.184532 -0.099900
v 2.426157 -0.142870 -0.022109
v 2.723103 -0.160166 -0.109305
v 2.724417 -0.135786 -0.099900
v 2.427327 -0.121150 -0.031513
v 2.428299 -0.099420 -0.022109
v 2.726379 -0.086998 -0.099900
v 2.726379 -0.086998 -0.109305
v 2.429082 -0.077682 -0.031513
v 2.727477 -0.038183 -0.109305
v 2.430243 -0.012439 -0.022109
v 2.430243 -0.012439 -0.031513
v 2.727693 0.010644 -0.099900
v 2.727477 0.035058 -0.109305
v 2.430054 0.031064 -0.031513
v 2.429658 0.052813 -0.022109
v 2.727036 0.059468 -0.099900
v 2.429082 0.074557 -0.022109
v 2.726379 0.083873 -0.109305
v 2.725506 0.108271 -0.099900
v 2.427327 0.118025 -0.022109
v 2.724417 0.132661 -0.099900
v 2.427327 0.118025 -0.031513
v 2.721573 0.181406 -0.099900
v 2.721573 0.181406 -0.109305
v 2.424798 0.161454 -0.031513
v 2.423241 0.183150 -0.022109
v 2.717865 0.230092 -0.099900
v 2.717865 0.230092 -0.109305
v 2.421486 0.204831 -0.031513
v 2.419542 0.226496 -0.022109
v 2.419542 0.226496 -0.031513
v 2.713284 0.278705 -0.099900
v 2.415078 0.269769 -0.022109
v 2.415078 0.269769 -0.031513
v 2.707830 0.327228 -0.109305
v 2.704779 0.351450 -0.099900
v 2.409831 0.312956 -0.031513
v 2.701512 0.375645 -0.109305
v 2.403819 0.356040 -0.022109
v 2.698029 0.399809 -0.099900
v 2.698029 0.399809 -0.109305
v 2.694330 0.423941 -0.109305
v 2.400516 0.377541 -0.031513
v 2.397033 0.399011 -0.022109
v 2.690415 0.448039 -0.099900
v 2.397033 0.399011 -0.031513
v 2.393352 0.420450 -0.022109
v 2.686284 0.472101 -0.099900
v 2.393352 0.420450 -0.031513
v 2.677374 0.520109 -0.099900
v 2.677374 0.520109 -0.109305
v 2.385414 0.463222 -0.031513
v 2.381157 0.484554 -0.022109
v 2.667600 0.567950 -0.099900
v 2.376711 0.505846 -0.031513
v 2.372076 0.527098 -0.022109
v 2.662398 0.591803 -0.109305
v 2.656980 0.615608 -0.099900
v 2.367243 0.548308 -0.031513
v 2.357028 0.590593 -0.022109
v 2.645514 0.663069 -0.109305
v 2.357028 0.590593 -0.031513
v 2.639457 0.686721 -0.099900
v 2.346048 0.632689 -0.022109
v 2.633193 0.710317 -0.109305
v 2.340279 0.653661 -0.031513
v 2.620026 0.757337 -0.099900
v 2.620026 0.757337 -0.109305
v 2.328174 0.695447 -0.031513
v 2.606022 0.804113 -0.099900
v 2.315322 0.737008 -0.022109
v 2.598705 0.827405 -0.109305
v 2.315322 0.737008 -0.031513
v 2.301732 0.778335 -0.022109
v 2.583450 0.873790 -0.099900
v 2.583450 0.873790 -0.109305
v 2.301732 0.778335 -0.031513
v 2.567367 0.919893 -0.099900
v 2.567367 0.919893 -0.109305
v 2.287404 0.819411 -0.031513
v 2.279961 0.839851 -0.022109
v 2.279961 0.839851 -0.031513
v 2.550465 0.965703 -0.099900
v 2.550465 0.965703 -0.109305
v 2.256552 0.900759 -0.022109
v 2.523573 1.033824 -0.099900
v 2.523573 1.033824 -0.109305
v 2.248389 0.920919 -0.031513
v 2.231514 0.961014 -0.022109
v 2.494863 1.101207 -0.099900
v 2.222811 0.980949 -0.031513
v 2.213928 1.000812 -0.022109
v 2.474730 1.145685 -0.099900
v 2.474730 1.145685 -0.109305
v 2.195631 1.040277 -0.022109
v 2.464362 1.167789 -0.099900
v 2.464362 1.167789 -0.109305
v 2.186217 1.059888 -0.031513
v 2.176632 1.079409 -0.022109
v 2.443032 1.211718 -0.099900
v 2.176632 1.079409 -0.031513
v 2.166867 1.098849 -0.022109
v 2.432079 1.233534 -0.109305
v 2.420928 1.255251 -0.099900
v 2.156931 1.118199 -0.031513
v 2.136537 1.156629 -0.022109
v 2.398041 1.298388 -0.109305
v 2.386305 1.319799 -0.099900
v 2.126088 1.175700 -0.031513
v 2.115468 1.194690 -0.022109
v 2.374389 1.341102 -0.099900
v 2.362275 1.362297 -0.109305
v 2.104677 1.213572 -0.031513
v 2.093715 1.232364 -0.022109
v 2.349972 1.383384 -0.099900
v 2.349972 1.383384 -0.109305
v 2.082591 1.251048 -0.031513
v 2.059830 1.288128 -0.022109
v 2.311947 1.445979 -0.099900
v 2.059830 1.288128 -0.031513
v 2.036421 1.324794 -0.022109
v 2.285658 1.487127 -0.099900
v 2.024460 1.342965 -0.022109
v 2.272248 1.507530 -0.109305
v 2.024460 1.342965 -0.031513
v 2.258649 1.527807 -0.099900
v 2.000070 1.378992 -0.022109
v 2.244870 1.547958 -0.109305
v 2.000070 1.378992 -0.031513
v 2.230911 1.567992 -0.099900
v 1.975041 1.414569 -0.022109
v 2.216772 1.587891 -0.109305
v 1.975041 1.414569 -0.031513
v 2.202462 1.607673 -0.099900
v 2.187972 1.627320 -0.109305
v 1.936305 1.467084 -0.022109
v 2.158461 1.666218 -0.099900
v 1.923084 1.484355 -0.031513
v 1.896183 1.518537 -0.022109
v 2.128257 1.704594 -0.109305
v 2.112903 1.723575 -0.099900
v 1.882503 1.535448 -0.031513
v 1.868670 1.552242 -0.022109
v 2.081691 1.761114 -0.099900
v 2.081691 1.761114 -0.109305
v 1.854684 1.568901 -0.031513
v 1.826280 1.601850 -0.022109
v 2.049804 1.798095 -0.109305
v 1.826280 1.601850 -0.031513
v 2.033613 1.816365 -0.099900
v 1.797282 1.634277 -0.022109
v 2.017260 1.834500 -0.099900
v 1.767717 1.666191 -0.022109
v 1.767717 1.666191 -0.031513
v 1.967238 1.887996 -0.099900
v 1.967238 1.887996 -0.109305
v 1.737576 1.697565 -0.022109
v 1.737576 1.697565 -0.031513
v 1.933101 1.922907 -0.099900
v 1.706886 1.728399 -0.022109
v 1.706886 1.728399 -0.031513
v 1.898343 1.957197 -0.099900
v 1.898343 1.957197 -0.109305
v 1.675647 1.758666 -0.022109
v 1.862973 1.990866 -0.099900
v 1.627785 1.803027 -0.022109
v 1.827018 2.023896 -0.109305
v 1.808811 2.040168 -0.099900
v 1.611567 1.817517 -0.031513
v 1.790469 2.056269 -0.109305
v 1.595223 1.831872 -0.031513
v 1.578744 1.846074 -0.022109
v 1.753344 2.087994 -0.099900
v 1.753344 2.087994 -0.109305
v 1.545426 1.874037 -0.022109
v 1.734570 2.103600 -0.099900
v 1.734570 2.103600 -0.109305
v 1.545426 1.874037 -0.031513
v 1.528569 1.887798 -0.022109
v 1.715661 2.119044 -0.109305
v 1.528569 1.887798 -0.031513
v 1.696608 2.134317 -0.099900
v 1.696608 2.134317 -0.109305
v 1.477296 1.928154 -0.022109
v 1.658106 2.164341 -0.109305
v 1.638657 2.179092 -0.099900
v 1.459962 1.941303 -0.031513
v 1.442520 1.954290 -0.022109
v 1.619073 2.193672 -0.099900
v 1.579518 2.222301 -0.099900
v 1.407276 1.979796 -0.031513
v 1.389483 1.992315 -0.022109
v 1.559556 2.236350 -0.099900
v 1.539459 2.250219 -0.109305
v 1.371582 2.004672 -0.031513
v 1.353573 2.016867 -0.022109
v 1.519245 2.263908 -0.099900
v 1.498905 2.277417 -0.109305
v 1.317231 2.040771 -0.022109
v 1.478448 2.290737 -0.099900
v 1.298898 2.052480 -0.022109
v 1.457874 2.303877 -0.109305
v 1.298898 2.052480 -0.031513
v 1.437183 2.316837 -0.099900
v 1.261917 2.075394 -0.022109
v 1.416375 2.329608 -0.099900
v 1.416375 2.329608 -0.109305
v 1.261917 2.075394 -0.031513
v 1.243278 2.086608 -0.022109
v 1.243278 2.086608 -0.031513
v 1.374417 2.354583 -0.099900
v 1.205703 2.108532 -0.022109
v 1.353276 2.366796 -0.099900
v 1.332027 2.378811 -0.109305
v 1.148616 2.140140 -0.022109
v 1.289205 2.402274 -0.099900
v 1.148616 2.140140 -0.031513
v 1.129401 2.150337 -0.031513
v 1.110096 2.160354 -0.022109
v 1.245969 2.424963 -0.099900
v 1.071225 2.179884 -0.022109
v 1.202328 2.446878 -0.099900
v 1.202328 2.446878 -0.109305
v 1.071225 2.179884 -0.031513
v 1.180368 2.457543 -0.109305
v 1.032003 2.198703 -0.022109
v 1.158309 2.468010 -0.099900
v 1.032003 2.198703 -0.031513
v 0.992448 2.216829 -0.022109
v 1.113921 2.488341 -0.099900
v 0.992448 2.216829 -0.031513
v 0.972558 2.225622 -0.022109
v 1.091592 2.498214 -0.099900
v 1.091592 2.498214 -0.109305
v 0.952587 2.234235 -0.022109
v 1.069173 2.507880 -0.109305
v 1.046673 2.517357 -0.099900
v 0.912411 2.250930 -0.031513
v 0.892214 2.259003 -0.022109
v 0.978669 2.544546 -0.099900
v 0.978669 2.544546 -0.109305
v 0.851607 2.274609 -0.022109
v 0.955836 2.553204 -0.099900
v 0.831201 2.282142 -0.031513
v 0.810728 2.289495 -0.022109
v 0.886904 2.577945 -0.099900
v 0.886904 2.577945 -0.109305
v 0.790190 2.296659 -0.031513
v 0.769588 2.303634 -0.022109
v 0.863781 2.585775 -0.099900
v 0.863781 2.585775 -0.109305
v 0.748925 2.310429 -0.031513
v 0.728203 2.317044 -0.022109
v 0.817330 2.600823 -0.099900
v 0.817330 2.600823 -0.109305
v 0.794005 2.608041 -0.099900
v 0.770617 2.615043 -0.109305
v 0.665689 2.335755 -0.022109
v 0.665689 2.335755 -0.031513
v 0.723656 2.628417 -0.099900
v 0.644744 2.341623 -0.031513
v 0.623746 2.347302 -0.022109
v 0.700088 2.634789 -0.099900
v 0.700088 2.634789 -0.109305
v 0.602698 2.352792 -0.031513
v 0.581602 2.358084 -0.022109
v 0.652785 2.646894 -0.099900
v 0.652785 2.646894 -0.109305
v 0.629055 2.652627 -0.099900
v 0.539271 2.368119 -0.022109
v 0.605274 2.658153 -0.109305
v 0.539271 2.368119 -0.031513
v 0.581445 2.663463 -0.099900
v 0.557569 2.668566 -0.099900
v 0.557569 2.668566 -0.109305
v 0.475455 2.381745 -0.022109
v 0.509684 2.678115 -0.099900
v 0.509684 2.678115 -0.109305
v 0.454105 2.385903 -0.031513
v 0.432718 2.389872 -0.022109
v 0.461637 2.686809 -0.099900
v 0.461637 2.686809 -0.109305
v 0.389842 2.397234 -0.031513
v 0.368357 2.400627 -0.022109
v 0.413441 2.694639 -0.109305
v 0.389293 2.698239 -0.099900
v 0.346842 2.403831 -0.031513
v 0.325299 2.406837 -0.022109
v 0.340905 2.704773 -0.099900
v 0.303730 2.409654 -0.031513
v 0.282136 2.412273 -0.022109
v 0.316669 2.707716 -0.109305
v 0.292407 2.710443 -0.099900
v 0.260521 2.414703 -0.031513
v 0.238884 2.416935 -0.022109
v 0.268122 2.712945 -0.099900
v 0.268122 2.712945 -0.109305
v 0.217228 2.418978 -0.022109
v 0.243815 2.715240 -0.099900
v 0.195555 2.420823 -0.031513
v 0.195146 2.719164 -0.099900
v 0.152163 2.423937 -0.022109
v 0.170788 2.720802 -0.109305
v 0.152163 2.423937 -0.031513
v 0.108723 2.426277 -0.022109
v 0.122030 2.723430 -0.099900
v 0.122030 2.723430 -0.109305
v 0.097636 2.724411 -0.099900
v 0.065247 2.427834 -0.022109
v 0.073233 2.725176 -0.109305
v 0.065247 2.427834 -0.031513
v 0.048825 2.725716 -0.099900
v 0.024413 2.726049 -0.099900
v 0.024413 2.726049 -0.109305
v -0.965061 2.511561 -0.099017
v 0.788885 2.393877 -0.054551
v -1.009395 2.441442 -0.086279
v 1.003545 2.262027 -0.042539
v -1.885977 1.862121 -0.088408
v -2.277792 1.061841 -0.052404
v -2.250612 1.023447 -0.041743
v -2.331567 -0.884667 -0.047016
v -2.216601 -1.089555 -0.040747
v -2.216394 -1.255137 -0.060909
v 1.955376 -1.635108 -0.061332
v 1.938699 -1.687074 -0.066829
v 1.785654 -2.035410 -0.102801
v 1.758753 -2.082381 -0.107515
v 1.471635 -2.109156 -0.067240
v 1.493901 -2.043798 -0.056723
v 0.517118 2.579565 -0.083423
v 0.418305 2.397288 -0.031807
v 0.469312 2.487531 -0.057412
v 0.819505 2.492931 -0.081662
v 0.788671 2.393949 -0.054551
v 0.789098 2.393814 -0.054551
v 0.819937 2.492814 -0.081666
v 1.003374 2.262171 -0.042555
v 1.003725 2.261883 -0.042523
v 1.050687 2.324748 -0.062548
v 1.237212 2.169876 -0.048575
v 1.282293 2.241183 -0.070614
v 1.329984 2.311599 -0.092800
v 2.044314 1.749621 -0.098961
v 2.070585 1.345710 -0.041028
v 2.068254 1.518384 -0.066239
v 2.064402 1.576308 -0.074518
v 2.059038 1.634115 -0.082706
v 2.648493 0.170602 -0.089094
v 2.628225 0.221398 -0.084794
v 2.609307 0.272557 -0.081137
v 2.535741 0.533126 -0.072727
v 2.525157 0.586634 -0.073050
v 2.493018 0.857578 -0.084603
v 2.490849 0.911631 -0.088802
v 2.490597 0.965748 -0.093736
v 2.497131 0.803204 -0.081124
v 2.502162 0.748901 -0.078158
v 2.516445 0.640479 -0.074180
v 2.561400 0.428030 -0.074207
v 2.670525 0.120527 -0.094125
v 2.693313 0.070984 -0.099611
v 2.528865 -0.563383 -0.072467
v 2.544255 -0.709148 -0.085623
v 2.548620 -0.782207 -0.092078
v 2.505537 -0.418690 -0.059260
v 2.491335 -0.346900 -0.052757
v 2.475387 -0.276090 -0.046326
v 2.437830 -0.135882 -0.033503
v 2.312253 -1.046985 -0.058625
v 2.258514 -0.957327 -0.036350
v 2.368656 -1.134015 -0.081604
v 1.996740 -1.477653 -0.044377
v 1.984302 -1.530330 -0.050078
v 1.970469 -1.582656 -0.055692
v 1.955151 -1.635027 -0.061273
v 1.938474 -1.686984 -0.066769
v 1.920411 -1.738644 -0.072200
v 1.901034 -1.789818 -0.077547
v 1.880406 -1.840335 -0.082796
v 1.811088 -1.987620 -0.097923
v 1.785447 -2.035284 -0.102740
v 1.758546 -2.082246 -0.107454
v 1.758951 -2.082507 -0.107577
v 1.785870 -2.035536 -0.102862
v 1.811520 -1.987863 -0.098043
v 1.920870 -1.738824 -0.072319
v 1.938924 -1.687155 -0.066888
v 1.955610 -1.635189 -0.061391
v 1.493676 -2.043717 -0.056671
v 1.471410 -2.109066 -0.067188
v 1.447461 -2.173821 -0.077652
v 1.421793 -2.238108 -0.088081
v 1.394910 -2.301927 -0.098547
v 1.447902 -2.174001 -0.077756
v 1.471860 -2.109237 -0.067292
v 1.494126 -2.043879 -0.056774
v 1.533132 -1.912587 -0.035720
v 1.070973 -2.410323 -0.084394
v 1.124766 -2.301000 -0.064431
v 1.144485 -2.265747 -0.058472
v 0.093694 -2.584752 -0.070991
v 0.008705 -2.449464 -0.035175
v -1.297008 -2.107284 -0.041764
v -1.292436 -2.072544 -0.033412
v -1.303470 -2.211459 -0.065973
v -2.252205 -1.166397 -0.058104
v -2.289573 -1.242375 -0.076038
v -2.328606 -1.316733 -0.094387
v -2.328183 -1.316931 -0.094316
v -2.289150 -1.242564 -0.075964
v -2.216601 -1.255029 -0.060943
v -2.259567 -1.327182 -0.080105
v -2.304441 -1.398174 -0.099696
v -2.175192 -1.181931 -0.042206
v -2.331801 -0.884606 -0.047067
v -2.399877 -1.086045 -0.083715
v -2.352303 -0.952053 -0.058495
v -2.331342 -0.884728 -0.046964
v -2.427327 -0.470068 -0.041504
v -2.601828 -0.717507 -0.100721
v -2.427390 -0.175002 -0.031424
v -2.645613 -0.649302 -0.107315
v -2.550861 -0.463896 -0.072967
v -2.507166 -0.368909 -0.057670
v -2.465802 -0.272569 -0.043736
v -2.553228 -0.115439 -0.063381
v -2.657880 -0.259362 -0.093349
v -2.657502 -0.259640 -0.093257
v -2.503395 -0.041859 -0.049768
v -2.486691 0.572624 -0.062423
v -2.374506 0.557403 -0.032950
v -2.250810 1.023321 -0.041777
v -2.277990 1.061724 -0.052438
v -2.303757 1.101045 -0.062927
v -2.277594 1.061958 -0.052370
v -2.250423 1.023564 -0.041710
v -2.072340 1.456185 -0.057604
v -1.980531 1.407990 -0.030728
v -1.980738 1.407585 -0.030711
v -1.886202 1.862076 -0.088442
v -1.903005 1.928424 -0.103818
v -1.867149 1.796322 -0.072862
v -1.168065 2.149392 -0.035104
v -1.131138 2.224443 -0.047989
v -1.009602 2.441568 -0.086329
v -0.965259 2.511687 -0.099068
v -0.964863 2.511426 -0.098967
v -1.009197 2.441316 -0.086228
v -1.051650 2.370054 -0.073466
v -1.092150 2.297667 -0.060679
v -1.130706 2.224227 -0.047888
v -0.804857 2.294976 -0.031402
v -0.746678 2.381853 -0.048175
v -0.686263 2.467182 -0.065105
v -0.558233 2.633223 -0.099345
v -0.623119 2.550900 -0.082120
v -0.685864 2.466921 -0.065010
v -0.746272 2.381601 -0.048081
v -0.804440 2.294742 -0.031309
v 0.021598 2.668305 -0.093241
v -0.050719 2.594001 -0.073918
v -0.121044 2.517798 -0.054621
v -0.189396 2.438706 -0.035093
v -1.065789 -2.254497 -0.046786
v -1.090593 -2.298831 -0.060041
v 0.848025 2.590959 -0.109305
v 0.846936 2.591319 -0.109305
v 0.517781 2.578953 -0.084262
v 0.516762 2.579484 -0.084344
v 0.561458 2.667729 -0.109305
v 0.560594 2.667918 -0.108349
v -0.558829 2.633502 -0.100407
v -0.931671 2.562105 -0.109305
v -0.930681 2.562465 -0.108390
v 1.095156 2.388864 -0.083580
v 1.150965 2.471412 -0.109305
v 0.820197 2.492490 -0.082566
v 0.788267 2.393832 -0.055448
v 0.819098 2.492814 -0.082557
v 0.416612 2.392716 -0.031513
v -0.120778 2.517339 -0.055456
v -0.189980 2.439021 -0.036147
v -0.623723 2.551152 -0.083181
v -1.009809 2.441523 -0.087299
v -0.964494 2.511021 -0.099792
v -0.965466 2.511651 -0.100038
v 1.329210 2.311851 -0.093715
v 1.281888 2.241165 -0.071516
v 1.363797 2.360712 -0.109305
v 0.974862 2.224605 -0.031513
v 0.973782 2.225082 -0.031513
v 0.759854 2.306838 -0.031513
v 0.758766 2.307198 -0.031513
v 0.759093 2.307090 -0.030554
v 0.759308 2.307018 -0.030554
v 0.759521 2.306946 -0.030554
v -0.806139 2.291088 -0.031513
v -1.052262 2.370252 -0.074537
v 1.236798 2.169849 -0.049475
v 1.202634 2.110260 -0.031513
v -1.907667 1.948080 -0.109305
v 2.031030 1.819227 -0.109305
v 2.034675 1.806753 -0.107845
v 2.043324 1.749324 -0.099674
v 2.044467 1.749522 -0.099934
v 2.052810 1.691895 -0.091907
v 2.059668 1.634070 -0.083786
v -2.250243 1.540092 -0.109305
v -1.980423 1.406982 -0.031513
v -2.071989 1.456356 -0.058513
v 2.066985 1.276599 -0.031513
v -2.406411 1.282782 -0.109305
v 2.492460 1.073802 -0.105860
v 2.495367 1.100064 -0.109305
v 2.493639 1.074090 -0.106174
v 2.492451 1.073577 -0.105835
v 2.491389 1.046775 -0.102831
v -2.352060 1.180641 -0.084395
v -2.353059 1.180083 -0.084564
v 2.491452 1.019721 -0.100133
v 2.490714 0.965649 -0.094715
v 2.490759 0.968646 -0.095006
v 2.489553 0.965640 -0.094431
v 2.489886 0.942726 -0.092361
v 2.491452 0.911586 -0.089905
v 2.490219 0.917445 -0.090126
v 2.493630 0.857553 -0.085709
v 2.492460 0.857484 -0.085416
v -2.221002 0.984999 -0.031513
v 2.497248 0.803153 -0.082107
v 2.496087 0.803056 -0.081810
v 2.500182 0.771393 -0.080333
v 2.499075 0.771049 -0.080029
v 2.501118 0.748739 -0.078842
v 2.502423 0.747614 -0.079083
v 2.510100 0.677040 -0.075957
v 2.516553 0.640470 -0.075165
v 2.515401 0.640286 -0.074862
v 2.525742 0.586730 -0.074165
v 2.520972 0.607847 -0.074224
v 2.524590 0.586518 -0.073860
v 2.533932 0.539412 -0.073558
v 2.538873 0.516752 -0.073611
v -2.374335 0.557005 -0.033841
v -2.365407 0.556074 -0.030554
v -2.542644 0.578124 -0.077972
v -2.430342 0.565113 -0.048582
v -2.430189 0.566250 -0.048614
v -2.664162 0.583719 -0.108347
v -2.599038 0.580725 -0.092504
v 2.561499 0.428077 -0.075192
v 2.560365 0.427777 -0.074888
v 2.567151 0.403856 -0.075633
v 2.574666 0.381457 -0.076688
v 2.575080 0.375711 -0.076580
v 2.581542 0.358893 -0.077624
v 2.548215 0.480494 -0.074185
v 2.543967 0.494117 -0.073760
v 2.549304 0.471513 -0.074026
v 2.556153 0.449156 -0.074747
v 2.588580 0.336284 -0.078658
v 2.591172 0.324054 -0.078930
v 2.609856 0.272802 -0.082246
v 2.611557 0.268198 -0.082559
v 2.618811 0.245278 -0.083858
v 2.628468 0.222473 -0.085839
v 2.627262 0.222371 -0.085524
v 2.637612 0.199491 -0.087740
v 2.649033 0.170891 -0.090197
v 2.645631 0.176300 -0.089398
v 2.656638 0.153169 -0.091892
v 2.666664 0.129816 -0.094183
v 2.665440 0.129756 -0.093863
v 2.688066 0.082673 -0.099281
v 2.698164 0.058822 -0.101751
v 2.716407 0.021687 -0.106380
v -2.708604 -0.323743 -0.108357
v -2.392299 -0.429386 -0.031513
v 2.550969 -0.854662 -0.099405
v 2.551959 -0.927222 -0.105893
v 2.552373 -0.963708 -0.109305
v -2.150532 -1.133511 -0.031513
v -2.196468 -1.041603 -0.031513
v 2.435139 -1.230558 -0.109305
v 2.019375 -1.353678 -0.031513
v -2.448819 -1.203054 -0.109305
v -2.325006 -1.428027 -0.109305
v -2.359116 -1.370841 -0.109305
v 1.921014 -1.738779 -0.073299
v 1.919925 -1.738374 -0.073016
v 1.879929 -1.840047 -0.083611
v 1.859058 -1.890483 -0.089063
v 1.848924 -1.909338 -0.090734
v 1.834965 -1.938957 -0.093809
v 1.826775 -1.955274 -0.095442
v 1.811664 -1.987836 -0.099023
v 1.810629 -1.987296 -0.098737
v 1.815264 -1.978125 -0.097780
v 1.803375 -2.000814 -0.100076
v 1.786014 -2.035518 -0.103842
v 1.791216 -2.023422 -0.102363
v 1.541430 -1.880421 -0.031513
v 1.754253 -2.090355 -0.109305
v 1.280133 -2.067351 -0.031513
v -1.033317 -2.201208 -0.031513
v -1.296081 -2.107140 -0.042566
v -1.297233 -2.107041 -0.042699
v -1.291374 -2.060313 -0.031513
v 1.395099 -2.301855 -0.099518
v 1.394037 -2.301378 -0.099268
v 1.125369 -2.301207 -0.065506
v 1.124361 -2.300640 -0.065257
v 1.105578 -2.336415 -0.071560
v 1.088631 -2.373477 -0.078469
v -1.114812 -2.343228 -0.074207
v -1.297215 -2.384754 -0.105559
v -1.300446 -2.349987 -0.097994
v -1.302759 -2.315139 -0.090332
v -1.303002 -2.280480 -0.082475
v -1.304622 -2.245902 -0.074854
v 1.039293 -2.485446 -0.100112
v 1.022940 -2.530203 -0.109305
v 0.064554 -2.539554 -0.059904
v 0.036180 -2.494680 -0.048024
v 0.008019 -2.449653 -0.036183
v -1.136394 -2.389695 -0.087607
v -1.137429 -2.389209 -0.087606
v -1.170342 -2.465421 -0.109305
v -1.295154 -2.402169 -0.109305
v 0.156494 -2.671449 -0.095385
v 0.079175 2.724987 -0.108386
v 0.021018 2.668647 -0.094288
v 0.023910 2.669853 -0.094608
v 0.048250 2.693577 -0.100897
v 0.080507 2.724942 -0.109305
v 0.078940 2.724996 -0.109305
v -0.051310 2.594325 -0.074965
v -0.069198 2.574930 -0.069996
v -0.046532 2.597592 -0.075790
v -0.609002 2.568018 -0.086563
v -0.609330 2.569404 -0.086936
v -0.590198 2.591904 -0.091535
v -0.590511 2.593281 -0.091904
v -0.571110 2.616096 -0.096626
v -0.522380 2.675640 -0.109305
v -0.932121 2.559414 -0.108682
v 0.441114 2.436276 -0.043845
v -0.134634 2.503056 -0.051904
v -0.113243 2.527203 -0.057935
v -0.205790 2.419950 -0.030607
v -0.196277 2.429769 -0.033859
v -0.680838 2.472798 -0.067095
v -0.663314 2.496306 -0.071833
v -0.663674 2.497656 -0.072200
v -0.645530 2.520111 -0.076683
v -0.645881 2.521479 -0.077053
v -0.627479 2.544222 -0.081649
v -0.731291 2.401923 -0.052959
v -0.731700 2.403264 -0.053326
v -0.714742 2.425314 -0.057580
v -0.686476 2.467164 -0.066073
v -1.012410 2.434908 -0.085956
v -0.981756 2.485875 -0.095300
v -0.965295 2.509761 -0.099559
v -0.965817 2.511102 -0.099935
v -0.948834 2.534466 -0.104073
v -0.949311 2.535762 -0.104435
v -1.027386 2.409807 -0.081425
v 0.974475 2.224767 -0.030562
v 1.003905 2.261460 -0.043400
v -0.763411 2.355150 -0.043806
v -0.763844 2.356482 -0.044173
v -0.745928 2.381178 -0.048907
v -0.746889 2.381826 -0.049144
v -1.130301 2.223858 -0.048713
v -1.131336 2.224380 -0.048958
v -1.123848 2.236197 -0.050827
v -1.110951 2.260794 -0.055087
v -1.111563 2.262027 -0.055448
v -1.084410 2.310447 -0.063792
v -1.085004 2.311707 -0.064156
v -1.070604 2.335170 -0.068138
v -1.056591 2.360181 -0.072586
v -1.057167 2.361477 -0.072957
v -1.042155 2.385003 -0.076997
v -1.180296 2.122824 -0.030610
v -1.160559 2.162415 -0.038123
v -1.161216 2.163639 -0.038486
v -1.148562 2.186832 -0.042294
v -1.149201 2.188056 -0.042654
v -1.136385 2.211546 -0.046563
v -1.847403 1.730595 -0.058240
v -1.864485 1.789302 -0.072044
v -1.866645 1.796259 -0.073717
v -1.867752 1.795944 -0.073868
v 2.053638 1.675182 -0.089296
v 2.056932 1.647408 -0.085397
v 2.058516 1.633935 -0.083529
v 2.059857 1.619679 -0.081484
v 2.063871 1.576146 -0.075342
v 2.065032 1.576245 -0.075598
v 2.066499 1.536888 -0.069702
v -1.825164 1.665264 -0.042364
v 2.070036 1.460712 -0.058758
v 2.071197 1.460757 -0.059011
v 2.070513 1.427610 -0.053896
v 2.070828 1.403157 -0.050356
v 2.071989 1.403166 -0.050608
v 2.071593 1.374267 -0.046308
v -2.199978 1.516971 -0.095040
v -2.205432 1.520733 -0.096772
v 2.070063 1.346709 -0.042014
v 2.071206 1.345575 -0.042105
v 2.068893 1.288029 -0.033513
v -2.250873 1.023015 -0.042717
v -2.303262 1.101144 -0.063779
v -2.304234 1.100532 -0.063940
v -2.317482 1.123617 -0.069675
v -2.329182 1.139979 -0.074307
v 2.489958 0.994089 -0.097255
v -2.221416 0.984054 -0.030555
v 2.699424 0.058850 -0.102081
v -2.470338 0.009492 -0.041999
v -2.455767 0.032474 -0.038244
v -2.457801 0.031436 -0.038770
v -2.428884 0.079856 -0.031513
v 2.428146 -0.102794 -0.031513
v 2.440665 -0.143715 -0.035313
v 2.445795 -0.165991 -0.037016
v -2.424609 -0.167148 -0.031513
v -2.528883 -0.080810 -0.057627
v -2.502873 -0.042037 -0.050592
v -2.514843 -0.057845 -0.053796
v -2.503845 -0.041402 -0.050843
v -2.484360 -0.012681 -0.045666
v -2.485683 -0.012687 -0.046010
v -2.577708 -0.151697 -0.071215
v -2.579130 -0.151780 -0.071586
v 2.464137 -0.233825 -0.043227
v 2.465325 -0.233937 -0.043538
v 2.471121 -0.256816 -0.045635
v 2.480868 -0.302794 -0.049510
v 2.482047 -0.302938 -0.049822
v 2.486097 -0.326035 -0.051627
v 2.487285 -0.326189 -0.051941
v -2.488365 -0.326331 -0.052226
v -2.489616 -0.326494 -0.052556
v -2.459700 -0.255637 -0.042633
v -2.449269 -0.232424 -0.039320
v -2.440134 -0.209546 -0.036406
v -2.441340 -0.209649 -0.036723
v -2.432295 -0.186966 -0.033887
v -2.691828 -0.303987 -0.104347
v -2.656998 -0.259825 -0.094090
v -2.657916 -0.259126 -0.094312
v -2.631672 -0.225872 -0.086682
v -2.603664 -0.188430 -0.078619
v -2.604600 -0.187750 -0.078851
v 2.491272 -0.349414 -0.053787
v 2.492487 -0.349584 -0.054107
v 2.497122 -0.373046 -0.056183
v 2.500605 -0.396473 -0.058014
v 2.505240 -0.420220 -0.060205
v 2.506455 -0.420422 -0.060526
v 2.517498 -0.492084 -0.066707
v -2.550321 -0.463992 -0.073792
v -2.551365 -0.463487 -0.074037
v -2.532321 -0.424747 -0.067387
v -2.506617 -0.369004 -0.058491
v -2.507679 -0.368524 -0.058747
v 2.522196 -0.516472 -0.069159
v 2.528973 -0.563284 -0.073448
v 2.528010 -0.564976 -0.073295
v 2.536704 -0.638858 -0.079964
v 2.539026 -0.663658 -0.082162
v 2.540178 -0.663959 -0.082474
v -2.535462 -0.616439 -0.078247
v -2.536425 -0.615796 -0.078451
v -2.464065 -0.518264 -0.054374
v -2.464992 -0.517571 -0.054574
v -2.572767 -0.672456 -0.091281
v -2.574387 -0.672879 -0.091719
v -2.644668 -0.649630 -0.108055
v -2.648493 -0.654098 -0.109305
v -2.624544 -0.611200 -0.100596
v -2.625957 -0.611529 -0.100976
v -2.596473 -0.557810 -0.090390
v -2.611269 -0.583534 -0.095604
v -2.597499 -0.557282 -0.090624
v 2.544363 -0.709056 -0.086603
v 2.543517 -0.713689 -0.086711
v 2.544696 -0.714018 -0.087030
v 2.546361 -0.739124 -0.089247
v 2.546883 -0.764049 -0.091220
v 2.549223 -0.782091 -0.093179
v 2.548368 -0.789414 -0.093523
v -2.302929 -0.777879 -0.031513
v -2.610081 -0.732326 -0.104789
v -2.602305 -0.717039 -0.101768
v -2.591568 -0.702191 -0.098030
v 2.244744 -0.932811 -0.031513
v 2.258586 -0.957057 -0.037301
v 2.257596 -0.957642 -0.037121
v 2.273949 -0.982446 -0.043600
v 2.272176 -0.981681 -0.043094
v -2.374686 -1.019382 -0.071623
v -2.351763 -0.952080 -0.059325
v -2.352870 -0.951729 -0.059558
v -2.339586 -0.912885 -0.052576
v -2.330793 -0.884743 -0.047792
v -2.323566 -0.859067 -0.043668
v 2.386890 -1.160439 -0.089853
v 2.368728 -1.133718 -0.082547
v 2.361168 -1.121946 -0.079432
v 2.367765 -1.134348 -0.082391
v -2.174688 -1.181985 -0.043056
v -2.175705 -1.181445 -0.043221
v -2.253699 -1.171563 -0.060027
v -2.255409 -1.172445 -0.060532
v -2.223243 -1.105683 -0.045125
v -2.426841 -1.151862 -0.098306
v -2.412972 -1.120182 -0.091504
v 2.426076 -1.220100 -0.105959
v -2.215692 -1.255299 -0.061730
v -2.258676 -1.327470 -0.080899
v -2.259657 -1.326876 -0.081044
v -2.240865 -1.295322 -0.072640
v -2.216691 -1.254732 -0.061885
v -2.327679 -1.316985 -0.095167
v -2.330289 -1.319289 -0.096055
v -2.288646 -1.242609 -0.076812
v -2.289672 -1.242096 -0.076985
v -2.270835 -1.206384 -0.068229
v 2.017944 -1.371399 -0.033789
v 2.008359 -1.424688 -0.039675
v 2.008935 -1.414950 -0.038325
v 1.999359 -1.462398 -0.043521
v 1.995174 -1.486914 -0.046446
v 1.994175 -1.486167 -0.046119
v 1.989585 -1.510611 -0.048999
v 1.988586 -1.509864 -0.048673
v -2.358711 -1.371525 -0.108361
v 1.977597 -1.558068 -0.054107
v 1.971081 -1.582737 -0.056788
v 1.970316 -1.581099 -0.056362
v 1.957482 -1.629213 -0.061722
v 1.955754 -1.635126 -0.062370
v 1.956519 -1.628412 -0.061394
v 1.950075 -1.652802 -0.064204
v 1.949139 -1.652001 -0.063881
v 1.925397 -1.722759 -0.071345
v 1.899954 -1.794075 -0.079059
v 1.889559 -1.816512 -0.081136
v 1.880865 -1.840803 -0.083926
v 1.869849 -1.863060 -0.085963
v 1.859625 -1.886325 -0.088387
v 1.529271 -1.926771 -0.038942
v 1.528398 -1.925673 -0.038575
v 1.506123 -2.005845 -0.051607
v 1.497843 -2.032431 -0.055890
v 1.497006 -2.031288 -0.055521
v 1.480113 -2.085468 -0.064407
v 1.479303 -2.084325 -0.064043
v 1.470897 -2.112261 -0.068753
v 1.470096 -2.111109 -0.068385
v 1.448100 -2.173920 -0.078726
v 1.450404 -2.164380 -0.076980
v 1.440036 -2.191038 -0.081288
v 1.257930 -2.097393 -0.035204
v 1.266651 -2.086314 -0.033897
v 1.251675 -2.103837 -0.035805
v 1.233495 -2.130099 -0.039324
v 1.209816 -2.163552 -0.043857
v 1.419165 -2.245794 -0.090365
v 1.418427 -2.244624 -0.090003
v 1.406997 -2.271273 -0.094323
v 1.383966 -2.326029 -0.103435
v 1.383264 -2.324850 -0.103076
v 1.165743 -2.231277 -0.053955
v 1.100853 -2.348628 -0.073917
v 1.074690 -2.403771 -0.084178
v 1.061208 -2.431770 -0.089451
v -0.000640 -2.431833 -0.031513
v 0.198230 -2.722056 -0.109305
v -0.472750 2.654004 -0.100401
v -0.434805 2.615016 -0.088670
v 0.690086 2.340642 -0.033556
v 2.125575 1.465770 -0.070460
v 2.064753 1.511220 -0.064389
v -2.367153 1.255746 -0.095957
v 2.534931 0.537079 -0.072730
v 2.679309 0.403824 -0.103666
v 2.629755 0.447209 -0.092674
v 2.581749 0.491514 -0.082380
v 2.521296 0.382728 -0.061982
v 2.598282 0.334044 -0.080143
v -2.530377 -0.600301 -0.075014
v -2.554758 -0.819501 -0.096523
v -2.588193 -0.786954 -0.102343
v 1.890504 -1.945239 -0.104092
v 1.822041 -1.946175 -0.091902
v -1.445391 -2.186205 -0.080050
v -1.499733 -2.143383 -0.078790
v -0.785521 -2.379606 -0.049953
v -0.727565 -2.430330 -0.058055
v 0.539393 -2.671548 -0.107360
v 0.475448 -2.668983 -0.103576
v 1.312452 2.340840 -0.097182
v 1.156446 2.328438 -0.075266
v 1.001286 2.324280 -0.057222
v 0.768036 2.333658 -0.037886
v 0.690110 2.340885 -0.033619
v 0.846094 2.327979 -0.043151
v 0.923661 2.324856 -0.049598
v 1.485981 2.120628 -0.072523
v 1.370997 2.030034 -0.035961
v 2.064897 1.511418 -0.064450
v 2.125719 1.465968 -0.070521
v 2.185353 1.418970 -0.076639
v 2.461986 1.163568 -0.107314
v 2.409255 1.217055 -0.101079
v 2.300265 1.320348 -0.088822
v 2.243295 1.370217 -0.082657
v 2.185056 1.418583 -0.076518
v 2.125431 1.465581 -0.070399
v 2.064609 1.511022 -0.064328
v 2.002815 1.554762 -0.058321
v 1.939905 1.596891 -0.052359
v 1.876437 1.637022 -0.046489
v 2.679147 0.403651 -0.103618
v 2.629584 0.447039 -0.092624
v 2.581569 0.491348 -0.082327
v 2.534751 0.536915 -0.072676
v 2.489193 0.583741 -0.063724
v 2.444886 0.631762 -0.055486
v 2.401506 0.681330 -0.047937
v 2.318940 0.784188 -0.035307
v 2.359809 0.732313 -0.041286
v 2.401884 0.681640 -0.048054
v 2.581920 0.491679 -0.082432
v 2.629926 0.447379 -0.092725
v 2.679471 0.403997 -0.103716
v 2.682171 -0.149725 -0.097510
v 2.521170 0.382534 -0.061940
v 2.521431 0.382922 -0.062024
v 2.598417 0.334240 -0.080183
v 2.676663 0.287619 -0.099075
v 2.555568 -0.652475 -0.084669
v 2.616642 -0.752354 -0.106916
v 2.173842 -1.108194 -0.032920
v 1.890495 -1.945005 -0.104045
v 1.890522 -1.945473 -0.104139
v 1.822059 -1.946409 -0.091949
v 1.547262 -1.968288 -0.049425
v 1.410696 -1.989861 -0.032553
v 1.615941 -1.959657 -0.058934
v 1.753596 -1.948695 -0.080276
v 1.822023 -1.945932 -0.091854
v 1.829817 -1.662684 -0.041300
v 2.032335 -1.703229 -0.088201
v 1.965537 -1.688181 -0.072329
v 1.226439 -2.379894 -0.094806
v 1.170117 -2.386572 -0.089744
v 1.001313 -2.397804 -0.074174
v 0.889121 -2.397813 -0.063412
v 0.833068 -2.395563 -0.057900
v 0.720315 -2.386599 -0.046555
v 0.940815 -2.544207 -0.104011
v 0.733990 -2.511573 -0.078904
v 0.530250 -2.468490 -0.054881
v 0.429722 -2.443020 -0.043301
v 0.530392 -2.468022 -0.054770
v 0.631552 -2.490810 -0.066608
v 0.837158 -2.528718 -0.091218
v 0.539398 -2.671305 -0.107297
v 0.475459 -2.668740 -0.103514
v 0.411085 -2.664456 -0.099645
v 0.218572 -2.641623 -0.087789
v 0.029262 -2.604165 -0.075672
v -0.094346 -2.571045 -0.067418
v -0.216515 -2.531229 -0.058974
v -0.277029 -2.508855 -0.054693
v -0.337114 -2.484870 -0.050383
v -0.569726 -2.374161 -0.033116
v -0.455385 -2.432823 -0.041877
v -0.396758 -2.459796 -0.046190
v -0.155590 -2.552487 -0.063353
v -0.032890 -2.588919 -0.071699
v 0.282539 -2.651379 -0.091904
v 0.346794 -2.659002 -0.095864
v 0.475438 -2.669226 -0.103640
v 0.539390 -2.671800 -0.107423
v -1.845099 -1.918473 -0.090806
v -1.726551 -1.986918 -0.083075
v -1.611351 -2.061897 -0.079030
v -1.499589 -2.143185 -0.078725
v -1.445229 -2.186016 -0.079986
v -1.392138 -2.230098 -0.082176
v -1.340532 -2.275917 -0.085419
v -1.445544 -2.186394 -0.080115
v -1.499886 -2.143572 -0.078854
v -1.555317 -2.102163 -0.078537
v -1.668969 -2.023908 -0.080722
v -1.785609 -1.952313 -0.086608
v -1.905930 -1.887090 -0.096134
v -1.802187 -1.753521 -0.052304
v -1.924146 -1.678659 -0.062514
v -2.042982 -1.596831 -0.072867
v -2.157759 -1.508748 -0.083325
v -1.983825 -1.638114 -0.067559
v -1.863414 -1.716486 -0.057280
v -1.739502 -1.788027 -0.047084
v -1.676160 -1.821291 -0.042006
v -2.374182 -0.969819 -0.065541
v -2.554929 -0.819668 -0.096580
v -2.588373 -0.787117 -0.102399
v -2.620926 -0.753668 -0.108086
v -2.588013 -0.786791 -0.102285
v -2.554578 -0.819334 -0.096466
v -2.530557 -0.600461 -0.075070
v -2.618730 -0.497026 -0.092000
v -2.530188 -0.600141 -0.074959
v -2.437488 -0.697984 -0.057957
v -2.370663 -0.543593 -0.030971
v -2.459034 -0.351546 -0.044563
v -2.654559 0.465136 -0.099862
v -2.639763 0.324925 -0.090608
v -2.629647 0.255054 -0.085970
v -2.617776 0.185655 -0.081349
v -2.588769 0.048464 -0.072138
v -2.571615 -0.019229 -0.067541
v -2.531862 -0.153100 -0.058312
v -2.509173 -0.219750 -0.053669
v -2.484756 -0.285787 -0.049046
v -2.401308 -0.480193 -0.035339
v -2.523042 0.898518 -0.095553
v -2.502279 0.796076 -0.081832
v -2.479500 0.694918 -0.068528
v -2.454039 0.594406 -0.055427
v -2.367396 1.255800 -0.096019
v -2.357496 1.305804 -0.099983
v -2.357019 1.305687 -0.099860
v -2.366919 1.255692 -0.095896
v -2.388852 1.104141 -0.083403
v -2.393559 1.053390 -0.079061
v -2.398986 0.850950 -0.060816
v -1.594593 2.206200 -0.107222
v -0.549785 2.422857 -0.045124
v -0.642226 2.435736 -0.054154
v -0.734878 2.446716 -0.063493
v -0.827523 2.455293 -0.072982
v -0.920367 2.461467 -0.082624
v -1.012572 2.465166 -0.092334
v 0.267921 2.594721 -0.077584
v 0.277825 2.526303 -0.060064
v -0.395961 2.576892 -0.077216
v -0.434956 2.614836 -0.088631
v -0.472907 2.653833 -0.100364
v -0.472594 2.654175 -0.100439
v -0.434653 2.615196 -0.088709
v -0.844621 -2.330214 -0.042803
v -0.785363 -2.379417 -0.049893
v -0.727403 -2.430141 -0.057997
v -0.671255 -2.481945 -0.067002
v -0.616504 -2.535225 -0.076933
v -0.511416 -2.646105 -0.099412
v -0.727725 -2.430510 -0.058113
v -0.785677 -2.379795 -0.050012
v -0.844931 -2.330592 -0.042924
v -0.905589 -2.282802 -0.036872
v -2.371428 -1.316688 -0.104153
v 0.690062 2.340390 -0.033492
v -2.425842 0.494628 -0.042534
v 0.235291 2.715969 -0.109305
v -0.003636 2.641701 -0.087221
v -0.002746 2.642610 -0.087459
v -0.022914 2.701848 -0.102975
v -0.033041 2.725932 -0.109305
v -0.497959 2.680293 -0.109305
v -0.472296 2.654175 -0.101384
v -0.473121 2.653374 -0.101214
v 0.257638 2.639109 -0.089821
v 0.272120 2.571861 -0.072708
v 0.263770 2.617113 -0.084258
v 0.010789 2.602884 -0.077077
v -0.435167 2.614368 -0.089478
v 0.274290 2.548857 -0.066784
v 0.281794 2.480223 -0.049163
v 0.278144 2.526105 -0.060980
v 0.041633 2.503875 -0.051265
v -0.314882 2.503380 -0.056199
v -0.355408 2.540388 -0.067194
v 0.283023 2.434593 -0.037339
v 0.282712 2.457417 -0.043262
v 0.281574 2.412336 -0.031513
v 0.062348 2.427897 -0.030564
v -0.208086 2.419761 -0.031513
v -0.272669 2.468334 -0.045805
v -0.229455 2.434278 -0.035797
v -0.504432 2.414091 -0.041318
v -0.481110 2.410095 -0.039073
v -0.458185 2.406126 -0.036908
v -0.481343 2.411256 -0.039384
v -0.457963 2.407269 -0.037191
v -0.435044 2.402724 -0.034929
v -0.399610 2.395605 -0.030641
v -0.671453 2.438688 -0.057843
v -0.642208 2.435169 -0.054969
v -0.642043 2.436321 -0.055250
v -0.647560 2.436978 -0.055779
v -0.623390 2.433621 -0.053334
v -0.599077 2.428986 -0.050611
v -0.575230 2.425521 -0.048265
v -0.575505 2.426682 -0.048576
v -0.549883 2.421813 -0.045822
v -0.549690 2.422956 -0.046104
v -0.527911 2.418096 -0.043624
v -0.528167 2.419266 -0.043937
v -0.702846 2.442918 -0.060265
v -0.702525 2.443377 -0.060355
v -0.703399 2.442990 -0.060320
v -0.827374 2.455896 -0.074077
v -0.819802 2.454042 -0.072983
v -0.769786 2.449443 -0.067808
v -0.770143 2.450577 -0.068119
v -0.734843 2.446158 -0.064308
v -0.734709 2.447310 -0.064588
v -0.702643 2.442387 -0.060988
v -0.701917 2.443413 -0.061192
v -0.703897 2.442540 -0.061116
v -0.703172 2.443557 -0.061321
v -0.994563 2.464437 -0.090437
v -0.994419 2.464680 -0.090481
v -0.994266 2.464914 -0.090524
v -0.995121 2.464464 -0.090497
v -0.994977 2.464698 -0.090540
v -0.994824 2.464941 -0.090583
v -1.012455 2.465769 -0.093427
v -0.994311 2.463906 -0.091186
v -0.993618 2.465004 -0.091385
v -0.995616 2.463960 -0.091324
v -0.994914 2.465058 -0.091524
v -0.972756 2.463060 -0.088887
v -0.947376 2.463141 -0.086498
v -0.921321 2.460945 -0.083544
v -0.920232 2.462061 -0.083719
v -0.895684 2.459307 -0.080821
v -0.896100 2.460450 -0.081139
v -1.130337 2.465553 -0.105645
v -1.050984 2.465175 -0.097165
v -1.051452 2.466282 -0.097480
v 1.384893 2.348418 -0.109305
v 1.353915 2.344764 -0.104398
v 1.352376 2.344575 -0.104157
v 1.339722 2.343081 -0.102163
v 1.197288 2.330166 -0.081434
v 1.234476 2.332596 -0.086501
v 1.234395 2.333757 -0.086758
v 1.281906 2.338149 -0.093653
v 1.310769 2.340831 -0.097923
v 1.049148 2.323920 -0.063144
v 1.049985 2.325054 -0.063505
v 1.066068 2.325279 -0.065292
v 1.091691 2.325963 -0.068275
v 1.117170 2.325873 -0.071108
v 1.117719 2.327007 -0.071438
v 1.156383 2.327412 -0.075976
v 1.143990 2.328069 -0.074689
v 1.170711 2.329518 -0.078137
v 0.871414 2.327556 -0.046295
v 0.894473 2.325504 -0.047934
v 0.942039 2.324073 -0.052153
v 0.942498 2.325198 -0.052469
v 0.966231 2.323758 -0.054477
v 0.966690 2.324865 -0.054790
v 1.001187 2.323236 -0.057921
v 1.015776 2.324595 -0.059757
v 0.768604 2.333622 -0.037925
v 0.768441 2.333145 -0.037792
v 0.768523 2.333379 -0.037858
v 0.768139 2.333649 -0.037893
v 0.767975 2.333172 -0.037760
v 0.768614 2.332560 -0.038620
v 0.769002 2.333703 -0.038935
v 0.767434 2.332650 -0.038546
v 0.767821 2.333784 -0.038859
v 0.689579 2.339877 -0.034286
v 0.690084 2.340993 -0.034603
v 0.756462 2.333694 -0.037908
v 0.734090 2.335791 -0.036652
v 0.734431 2.336871 -0.036949
v 0.801793 2.330400 -0.040846
v 0.802166 2.331489 -0.041146
v 0.824663 2.328870 -0.042438
v 0.825052 2.329968 -0.042742
v 0.847656 2.327358 -0.044095
v 0.848072 2.328501 -0.044414
v 0.612772 2.350164 -0.031513
v 0.613506 2.349966 -0.030559
v 0.616997 2.349057 -0.030573
v 0.646006 2.346213 -0.032757
v 0.667616 2.342523 -0.033352
v 1.559817 2.166789 -0.094503
v 1.614087 2.197317 -0.109305
v 1.510362 2.136432 -0.080530
v 1.534293 2.152929 -0.087668
v -1.627542 2.138412 -0.099072
v -1.610757 2.172108 -0.103483
v -1.620153 2.154468 -0.101249
v -1.594152 2.205858 -0.108040
v -1.591245 2.213895 -0.109305
v 1.393119 2.048853 -0.044239
v 1.414908 2.068446 -0.051677
v 1.461501 2.104194 -0.066293
v 1.437975 2.086617 -0.059015
v 1.486044 2.120160 -0.073390
v -1.656441 2.068662 -0.089337
v -1.642212 2.104257 -0.094328
v 1.355733 2.015400 -0.031513
v 1.354761 2.016066 -0.031513
v 1.355391 2.015634 -0.030554
v -1.691640 1.961706 -0.073696
v -1.681632 1.997706 -0.079166
v -1.669500 2.033346 -0.084309
v -1.710774 1.895034 -0.063919
v -1.728081 1.813746 -0.051400
v -1.720287 1.853490 -0.057586
v -1.716066 1.866990 -0.059426
v 1.750698 1.710390 -0.036312
v -1.739358 1.742079 -0.040041
v 1.876077 1.636581 -0.047303
v 1.876689 1.637580 -0.047593
v 1.889829 1.627923 -0.048529
v 1.890729 1.628697 -0.048838
v 1.849959 1.652196 -0.044880
v 1.870902 1.641027 -0.047042
v 1.770687 1.699203 -0.038030
v 1.810116 1.675830 -0.041335
v 1.830879 1.664859 -0.043393
v 1.812159 1.676019 -0.041762
v -1.745181 1.689717 -0.031513
v 1.909629 1.615422 -0.050341
v 1.940175 1.597440 -0.053463
v 1.930428 1.603596 -0.052520
v 1.949274 1.589970 -0.054059
v 1.969821 1.577577 -0.056197
v 1.988631 1.563627 -0.057780
v 2.003094 1.555311 -0.059425
v 1.989567 1.564356 -0.058090
v 2.008314 1.550208 -0.059681
v 2.009259 1.550937 -0.059994
v 2.028708 1.537167 -0.061843
v 2.068677 1.507980 -0.064737
v 2.068650 1.508610 -0.064828
v 2.069172 1.507611 -0.064785
v 2.068920 1.507791 -0.064761
v 2.069145 1.508241 -0.064876
v 2.068893 1.508430 -0.064852
v 2.047320 1.522614 -0.063448
v 2.048274 1.523316 -0.063757
v 2.068164 1.507674 -0.065519
v 2.067867 1.509330 -0.065712
v 2.069343 1.506792 -0.065635
v 2.069280 1.508277 -0.065849
v 2.087127 1.494939 -0.067584
v 2.105541 1.479783 -0.069214
v 2.106504 1.480467 -0.069523
v 2.124990 1.465212 -0.071208
v 2.125989 1.465905 -0.071527
v 2.144070 1.450218 -0.073115
v 2.145042 1.450884 -0.073423
v 2.220327 1.388613 -0.081035
v 2.221326 1.389243 -0.081344
v 2.239353 1.372782 -0.083083
v 2.240388 1.373421 -0.083401
v 2.163222 1.435125 -0.075078
v 2.164212 1.435773 -0.075386
v 2.182473 1.419924 -0.077098
v 2.183490 1.420590 -0.077417
v 2.201382 1.404336 -0.079046
v 2.202381 1.404975 -0.079355
v -2.339685 1.377318 -0.106182
v -2.332962 1.403787 -0.108216
v -2.328741 1.418745 -0.109305
v 2.258055 1.356591 -0.085065
v 2.276757 1.340238 -0.087078
v 2.277774 1.340832 -0.087386
v 2.295531 1.323768 -0.089150
v 2.299833 1.319988 -0.089635
v 2.296584 1.324371 -0.089467
v 2.313999 1.306956 -0.091162
v 2.332422 1.289955 -0.093197
v -2.356884 1.303500 -0.100508
v -2.356479 1.305507 -0.100673
v -2.357622 1.305750 -0.100965
v -2.357946 1.304094 -0.100827
v -2.351412 1.328106 -0.102401
v 2.388276 1.238304 -0.099686
v 2.405439 1.220007 -0.101492
v 2.409633 1.217532 -0.102182
v 2.423268 1.201899 -0.103533
v 2.424330 1.202421 -0.103843
v 2.355804 1.269912 -0.096052
v 2.369106 1.255395 -0.097322
v -2.373390 1.217838 -0.092833
v -2.373579 1.218171 -0.092919
v -2.373777 1.218513 -0.093003
v -2.372841 1.217802 -0.093644
v -2.373732 1.219404 -0.094044
v -2.375073 1.204581 -0.092585
v -2.366379 1.255521 -0.096710
v 2.441061 1.183620 -0.105603
v 2.458926 1.165215 -0.107734
v -2.383344 1.155594 -0.088823
v -2.378682 1.179759 -0.090515
v -2.379762 1.180290 -0.090830
v -2.390481 1.080741 -0.082200
v -2.388132 1.105545 -0.084342
v -2.389239 1.106058 -0.084661
v -2.392758 1.056072 -0.080107
v -2.394171 1.053372 -0.080164
v -2.395602 1.031799 -0.078249
v -2.532375 0.958845 -0.104247
v -2.399589 0.951978 -0.071227
v -2.538702 0.996096 -0.109305
v -2.397231 0.981993 -0.073590
v -2.397555 1.002504 -0.075726
v -2.398554 0.859302 -0.062397
v -2.399706 0.859716 -0.062718
v -2.522943 0.903945 -0.096962
v -2.524185 0.904395 -0.097305
v -2.400174 0.908706 -0.067268
v 2.291625 0.820926 -0.032687
v 2.305305 0.802618 -0.034461
v 2.319066 0.784209 -0.036300
v 2.318058 0.783611 -0.035999
v 2.282436 0.833049 -0.030566
v -2.495916 0.770074 -0.079165
v -2.501811 0.796498 -0.082707
v -2.503080 0.796900 -0.083053
v -2.396394 0.800390 -0.056823
v -2.397978 0.810946 -0.058091
v -2.512404 0.849716 -0.089687
v -2.513592 0.850119 -0.090015
v -2.397798 0.834884 -0.060081
v 2.401911 0.681794 -0.049032
v 2.401029 0.681042 -0.048755
v 2.332359 0.765509 -0.038048
v 2.348028 0.747442 -0.040492
v 2.362788 0.728915 -0.042721
v 2.361591 0.728546 -0.042394
v 2.378142 0.710407 -0.045155
v 2.376972 0.710056 -0.044835
v -2.478285 0.692299 -0.068994
v -2.479563 0.692658 -0.069342
v -2.388474 0.690267 -0.046258
v -2.389734 0.713875 -0.048318
v -2.393019 0.749552 -0.051882
v -2.393145 0.738299 -0.051030
v -2.395035 0.762436 -0.053395
v 2.409552 0.673057 -0.050328
v 2.424762 0.653968 -0.052838
v 2.442537 0.635372 -0.056084
v -2.376135 0.597346 -0.036793
v -2.383461 0.647939 -0.042005
v -2.460267 0.616530 -0.059353
v -2.465424 0.641339 -0.062270
v -2.471841 0.666696 -0.065593
v -2.473056 0.667025 -0.065923
v -2.661165 0.597237 -0.109305
v 2.535507 0.536852 -0.072878
v 2.535678 0.536012 -0.072873
v 2.488716 0.583449 -0.064545
v 2.495538 0.578107 -0.065957
v 2.534526 0.536393 -0.073548
v 2.535588 0.536974 -0.073852
v 2.535984 0.534971 -0.073846
v 2.553327 0.519703 -0.077469
v -2.369079 0.556107 -0.032450
v -2.369286 0.557305 -0.032575
v -2.367531 0.547046 -0.031513
v -2.446911 0.567422 -0.052067
v -2.438712 0.541951 -0.049370
v -2.445768 0.566943 -0.052618
v -2.446947 0.567083 -0.052928
v -2.447280 0.568276 -0.053086
v -2.431818 0.517612 -0.046251
v -2.433042 0.517873 -0.046578
v -2.452608 0.591321 -0.055831
v -2.454597 0.594115 -0.056510
v -2.659824 0.535295 -0.105583
v -2.658915 0.541259 -0.105654
v 2.581110 0.491050 -0.083154
v 2.594835 0.479961 -0.086136
v 2.629917 0.447595 -0.093692
v 2.615247 0.459576 -0.090442
v 2.629134 0.446740 -0.093452
v 2.400111 0.466087 -0.035430
v 2.423493 0.448166 -0.040561
v 2.382327 0.478686 -0.031513
v -2.411307 0.445904 -0.037319
v -2.417499 0.469474 -0.040062
v -2.418723 0.469713 -0.040389
v -2.424924 0.493489 -0.043197
v -2.426400 0.494313 -0.043617
v -2.653002 0.441786 -0.099384
v -2.654082 0.466424 -0.100755
v -2.655261 0.466631 -0.101068
v 2.563704 0.356403 -0.072914
v 2.585907 0.341021 -0.078131
v 2.586879 0.341756 -0.078407
v 2.699865 0.387060 -0.108373
v 2.477601 0.412476 -0.052877
v 2.475999 0.412208 -0.052451
v 2.521386 0.383173 -0.062981
v 2.503476 0.393801 -0.058772
v 2.520747 0.382206 -0.062779
v 2.533716 0.375365 -0.065860
v -2.396871 0.399948 -0.030576
v -2.641383 0.343176 -0.092584
v -2.642544 0.343327 -0.092889
v -2.644290 0.367655 -0.094195
v -2.648664 0.394908 -0.096349
v -2.649555 0.416870 -0.097450
v -2.650707 0.417051 -0.097755
v 2.658825 0.297155 -0.095663
v 2.676015 0.286900 -0.099843
v 2.696427 0.276964 -0.104873
v 2.694456 0.276760 -0.104354
v 2.714463 0.266799 -0.108378
v -2.630232 0.254898 -0.087078
v -2.631303 0.270236 -0.087750
v -2.632464 0.270357 -0.088056
v -2.634813 0.294457 -0.089344
v -2.638314 0.318787 -0.090991
v -2.639502 0.318930 -0.091302
v -2.616147 0.174318 -0.081670
v -2.619360 0.198099 -0.082953
v -2.620530 0.198188 -0.083259
v -2.623473 0.222047 -0.084528
v -2.624625 0.222145 -0.084831
v -2.627568 0.246103 -0.086157
v 2.447127 0.091888 -0.036393
v 2.427858 0.106237 -0.030559
v -2.604690 0.116403 -0.077834
v -2.610279 0.150469 -0.079748
v -2.611440 0.150536 -0.080051
v 2.475333 0.066967 -0.043551
v 2.531862 0.017711 -0.058108
v -2.588202 0.048535 -0.072950
v -2.589336 0.048264 -0.073245
v -2.595276 0.079764 -0.075000
v -2.596437 0.079801 -0.075303
v 2.558628 -0.008334 -0.065089
v 2.584665 -0.035098 -0.071951
v 2.605968 -0.059884 -0.077633
v 2.609991 -0.062544 -0.078704
v -2.553426 -0.081579 -0.064049
v -2.561031 -0.058878 -0.065878
v -2.566314 -0.036020 -0.067153
v -2.572182 -0.019444 -0.068648
v -2.567484 -0.036035 -0.067460
v -2.572605 -0.013076 -0.068745
v 2.658843 -0.119842 -0.091985
v 2.667735 -0.132994 -0.094465
v 2.633895 -0.091612 -0.085175
v 2.647728 -0.108262 -0.088948
v 2.634786 -0.090876 -0.085402
v -2.546640 -0.106479 -0.061607
v -2.546649 -0.105616 -0.061599
v -2.526264 -0.171401 -0.058109
v -2.546325 -0.104868 -0.062414
v -2.547135 -0.106074 -0.062639
v -2.545893 -0.106260 -0.062317
v -2.546703 -0.107469 -0.062542
v 2.706030 -0.183486 -0.105231
v 2.720349 -0.201709 -0.109305
v -2.502081 -0.237401 -0.053193
v -2.503242 -0.237511 -0.053499
v -2.510028 -0.215504 -0.054753
v -2.511216 -0.215605 -0.055064
v -2.517561 -0.193465 -0.056253
v -2.518722 -0.193554 -0.056556
v -2.478888 -0.301822 -0.048104
v -2.478762 -0.302139 -0.048081
v -2.478636 -0.302455 -0.048058
v -2.470158 -0.323955 -0.047424
v -2.478438 -0.303224 -0.048894
v -2.485296 -0.286062 -0.050153
v -2.479014 -0.301789 -0.048998
v -2.477808 -0.301757 -0.048684
v -2.485989 -0.280862 -0.050175
v -2.495178 -0.259302 -0.051961
v 2.426202 -0.390170 -0.038541
v -2.431260 -0.416531 -0.040972
v -2.433564 -0.408242 -0.041201
v -2.443716 -0.387489 -0.042950
v -2.458035 -0.351197 -0.045251
v -2.459115 -0.351644 -0.045546
v -2.674287 -0.423902 -0.104000
v -2.675547 -0.424101 -0.104333
v -2.699658 -0.391611 -0.108355
v 2.449161 -0.443489 -0.046803
v -2.413701 -0.454428 -0.037301
v -2.413935 -0.453924 -0.037337
v -2.395575 -0.490623 -0.035362
v -2.396727 -0.490858 -0.035669
v -2.413296 -0.452875 -0.038018
v -2.414088 -0.453831 -0.038269
v -2.412765 -0.454024 -0.037938
v -2.413557 -0.454982 -0.038189
v -2.424258 -0.429024 -0.039720
v -2.425410 -0.429228 -0.040027
v -2.618766 -0.497199 -0.092974
v -2.624139 -0.488526 -0.093932
v -2.642193 -0.467453 -0.097597
v -2.657853 -0.445724 -0.100671
v -2.660940 -0.443666 -0.101383
v 2.499633 -0.549094 -0.065160
v -2.586681 -0.535637 -0.085792
v -2.586105 -0.535545 -0.085641
v -2.575341 -0.549491 -0.084531
v -2.586294 -0.534517 -0.086534
v -2.586843 -0.535635 -0.086735
v 2.566692 -0.670871 -0.089639
v 2.565126 -0.670463 -0.089215
v 2.533743 -0.613137 -0.077605
v 2.525949 -0.601570 -0.074924
v 2.534094 -0.616094 -0.077876
v -2.526993 -0.603607 -0.074366
v -2.527317 -0.603254 -0.074427
v -2.527155 -0.603431 -0.074396
v -2.527605 -0.603658 -0.074524
v -2.527443 -0.603835 -0.074493
v -2.465766 -0.668180 -0.063947
v -2.484072 -0.649328 -0.067309
v -2.485350 -0.649660 -0.067653
v -2.527128 -0.602668 -0.075291
v -2.527812 -0.603632 -0.075523
v -2.526336 -0.603531 -0.075141
v -2.527020 -0.604493 -0.075372
v 2.585520 -0.702568 -0.096530
v 2.584521 -0.703157 -0.096321
v 2.601369 -0.729885 -0.102422
v 2.620701 -0.758095 -0.109305
v -2.373561 -0.758712 -0.047500
v -2.447604 -0.686836 -0.060662
v -2.448855 -0.687186 -0.061001
v -2.389536 -0.745516 -0.050452
v -2.430567 -0.705584 -0.057719
v -2.411982 -0.723664 -0.054393
v -2.622141 -0.751617 -0.108263
v -2.621511 -0.751514 -0.109037
v -2.622717 -0.751007 -0.108350
v -2.312118 -0.814128 -0.036873
v -2.339217 -0.790372 -0.041549
v -2.340000 -0.791234 -0.041814
v -2.279745 -0.843560 -0.031513
v -2.519847 -0.850646 -0.091352
v -2.520639 -0.851502 -0.091617
v -2.557476 -0.817379 -0.097987
v -2.587554 -0.786481 -0.103105
v -2.596536 -0.778916 -0.104776
v -2.453778 -0.907116 -0.079966
v -2.485224 -0.882498 -0.085517
v -2.361267 -0.978369 -0.063302
v -2.296647 -1.023387 -0.053338
v -2.335743 -0.997206 -0.059981
v -2.361627 -0.977469 -0.064225
v -2.360664 -0.978153 -0.064060
v -2.361051 -0.979287 -0.064267
v -2.411298 -0.940821 -0.072703
v -2.412549 -0.941307 -0.073055
v 2.171484 -1.092777 -0.031513
v -2.210436 -1.075776 -0.037740
v -2.211066 -1.075587 -0.038796
v -2.187054 -1.087710 -0.034556
v -2.210067 -1.076145 -0.038627
v -2.210607 -1.074525 -0.038567
v -2.168217 -1.099275 -0.031513
v -2.233260 -1.061259 -0.042405
v 2.181141 -1.162311 -0.042107
v 2.191311 -1.214943 -0.051011
v -2.414142 -1.271301 -0.109305
v -2.413242 -1.273011 -0.108374
v 2.212830 -1.322475 -0.069920
v -2.343438 -1.343247 -0.101243
v -2.343051 -1.344453 -0.102219
v -2.343330 -1.342608 -0.102043
v -2.343897 -1.343625 -0.102304
v -2.389356 -1.296798 -0.106721
v -2.390382 -1.297356 -0.107027
v 2.227248 -1.374675 -0.080223
v -2.296998 -1.387293 -0.096610
v -2.266794 -1.414392 -0.094486
v -2.267577 -1.415256 -0.094779
v -2.297250 -1.386339 -0.097440
v -2.296395 -1.387122 -0.097356
v -2.280906 -1.401414 -0.095835
v -2.297007 -1.388094 -0.097624
v -2.320173 -1.366728 -0.099966
v -2.243808 -1.434561 -0.092212
v -2.244798 -1.435191 -0.092517
v 2.256948 -1.478751 -0.101378
v 2.269314 -1.515030 -0.109305
v -2.187486 -1.482747 -0.086828
v -2.213289 -1.462785 -0.089542
v -2.225178 -1.450860 -0.090428
v -2.013993 -1.616109 -0.071003
v -2.014902 -1.616838 -0.071307
v -2.042307 -1.596012 -0.073557
v -2.043000 -1.596957 -0.073850
v -2.072502 -1.573512 -0.076218
v -2.073429 -1.574214 -0.076522
v -2.100249 -1.552731 -0.078778
v -2.100951 -1.553658 -0.079070
v 1.940211 -1.683168 -0.066470
v 1.940346 -1.682727 -0.066423
v 1.939725 -1.683069 -0.066358
v 1.939869 -1.682628 -0.066311
v 2.032317 -1.702293 -0.088999
v 1.965276 -1.688361 -0.073268
v 1.999908 -1.694994 -0.081281
v 1.940256 -1.683411 -0.067467
v 1.940607 -1.682313 -0.067348
v 1.939113 -1.683186 -0.067203
v 1.939464 -1.682088 -0.067084
v 1.897569 -1.674969 -0.057608
v 1.829538 -1.663332 -0.042317
v 1.865862 -1.669542 -0.050460
v 1.864269 -1.668111 -0.049901
v 1.829700 -1.662189 -0.042150
v 1.780011 -1.656159 -0.031513
v -1.895202 -1.695759 -0.060751
v -1.924155 -1.678785 -0.063496
v -1.935099 -1.670091 -0.064163
v -1.935990 -1.670856 -0.064470
v -1.974726 -1.643550 -0.067586
v -1.984104 -1.638645 -0.068664
v 2.053134 -1.708746 -0.094254
v 2.051100 -1.707054 -0.093562
v -1.739727 -1.788594 -0.048190
v -1.754019 -1.779297 -0.049065
v -1.801602 -1.752648 -0.052994
v -1.815723 -1.745583 -0.054360
v -1.835001 -1.732794 -0.055706
v -1.835847 -1.733595 -0.056010
v -1.855206 -1.720734 -0.057412
v -1.863666 -1.717035 -0.058386
v -1.610739 -1.852836 -0.037696
v -1.631979 -1.843692 -0.039563
v -1.652526 -1.833576 -0.041174
v -1.672371 -1.822533 -0.042531
v -1.676367 -1.821858 -0.043111
v -1.692774 -1.811958 -0.044130
v -1.713204 -1.801248 -0.045757
v -1.714005 -1.802085 -0.046062
v -1.942911 -1.867758 -0.100484
v -1.966887 -1.857228 -0.103127
v -1.990656 -1.846257 -0.105707
v -1.989756 -1.845420 -0.105387
v -2.023857 -1.830318 -0.108363
v 1.890333 -1.944492 -0.104881
v 1.884195 -1.945734 -0.103990
v 1.913040 -1.945950 -0.109305
v 1.832148 -1.945797 -0.093658
v 1.831905 -1.946274 -0.093707
v 1.832418 -1.945797 -0.093706
v 1.832697 -1.945788 -0.093755
v 1.832184 -1.946274 -0.093756
v 1.832454 -1.946265 -0.093803
v 1.833084 -1.945275 -0.094674
v 1.832499 -1.946436 -0.094789
v 1.821861 -1.945428 -0.092686
v 1.821897 -1.946580 -0.092913
v 1.786545 -1.946868 -0.086678
v 1.755810 -1.948083 -0.081504
v 1.753488 -1.949334 -0.081343
v 1.684620 -1.953915 -0.070336
v 1.640682 -1.956849 -0.063465
v 1.615761 -1.959135 -0.059758
v 1.641564 -1.957902 -0.063825
v 1.614087 -1.960503 -0.059753
v -1.527345 -1.891905 -0.031513
v -1.785618 -1.952430 -0.087592
v -1.768005 -1.961601 -0.086264
v -1.785033 -1.951422 -0.087294
v -1.788804 -1.949325 -0.087552
v -1.845333 -1.919031 -0.091912
v -1.898190 -1.891275 -0.096422
v -1.905381 -1.886190 -0.096826
v -1.920825 -1.879881 -0.098543
v 1.586583 -1.962627 -0.055634
v 1.587420 -1.963662 -0.055982
v 1.547001 -1.967289 -0.050137
v 1.535211 -1.970169 -0.048821
v 1.516257 -1.972293 -0.045319
v 1.515708 -1.972374 -0.045248
v 1.516563 -1.971726 -0.046163
v 1.516230 -1.972914 -0.046355
v 1.515321 -1.971906 -0.046001
v 1.514979 -1.973094 -0.046193
v 1.478655 -1.978359 -0.041551
v 1.459530 -1.980483 -0.039009
v 1.436094 -1.985640 -0.036482
v 1.394271 -1.992075 -0.031513
v -1.647756 -2.038236 -0.081069
v -1.647045 -2.037354 -0.080773
v -1.667340 -2.025123 -0.081653
v -1.668366 -2.023035 -0.081404
v -1.707381 -1.999743 -0.083299
v -1.727514 -1.987044 -0.084222
v -1.726740 -1.986153 -0.083913
v -1.748106 -1.974768 -0.085364
v -1.532736 -2.119155 -0.079588
v -1.532079 -2.118246 -0.079294
v -1.551483 -2.105151 -0.079524
v -1.588932 -2.077107 -0.079544
v -1.611684 -2.062392 -0.080144
v -1.608039 -2.063553 -0.079793
v -1.627497 -2.050431 -0.080245
v -1.421883 -2.206167 -0.082013
v -1.421271 -2.205213 -0.081717
v -1.476891 -2.161824 -0.080310
v -1.499958 -2.143653 -0.079840
v -1.499247 -2.142726 -0.079535
v -0.883575 -2.300280 -0.039990
v -0.901656 -2.286042 -0.038236
v -0.905004 -2.281929 -0.037562
v -0.988938 -2.221503 -0.031513
v -1.313190 -2.299767 -0.088174
v -1.340649 -2.275971 -0.086403
v -1.331010 -2.283297 -0.086776
v -1.348938 -2.267187 -0.085526
v -1.367559 -2.252400 -0.084722
v -1.366974 -2.251428 -0.084424
v -1.392552 -2.230530 -0.083288
v -1.385541 -2.236668 -0.083674
v -1.384929 -2.235678 -0.083371
v -1.403676 -2.221296 -0.082783
v 1.369458 -2.356062 -0.107359
v 1.370502 -2.355306 -0.108248
v 1.338147 -2.361687 -0.105484
v 1.271709 -2.372784 -0.099627
v 1.246995 -2.377518 -0.097692
v 1.226448 -2.380506 -0.095908
v 1.226295 -2.379345 -0.095621
v 1.246437 -2.376456 -0.097376
v 1.196532 -2.384043 -0.093181
v 1.195983 -2.382963 -0.092864
v 1.170108 -2.387184 -0.090845
v 1.170864 -2.385924 -0.090634
v 0.720169 -2.387193 -0.047653
v 0.720287 -2.386041 -0.047371
v 0.725663 -2.386545 -0.047902
v 0.678026 -2.382198 -0.043291
v 0.663978 -2.379363 -0.041587
v 0.630453 -2.375682 -0.038347
v 0.607862 -2.371245 -0.035732
v -0.570062 -2.374665 -0.034223
v -0.569506 -2.373639 -0.033928
v -0.604343 -2.355486 -0.031513
v -0.785827 -2.379822 -0.050991
v -0.785073 -2.378940 -0.050709
v -0.810626 -2.359221 -0.047951
v -0.810239 -2.358096 -0.047639
v -0.845066 -2.330637 -0.043905
v -0.828522 -2.342904 -0.045463
v -0.844332 -2.329728 -0.043617
v -0.847122 -2.329017 -0.043687
v -0.865400 -2.314599 -0.041806
v -1.302750 -2.310108 -0.088268
v -1.289556 -2.321520 -0.090102
v -1.302939 -2.310756 -0.089356
v -1.303002 -2.309145 -0.088999
v -1.301742 -2.311854 -0.089453
v -1.241325 -2.370084 -0.095281
v 1.113777 -2.392404 -0.085726
v 1.078848 -2.394726 -0.082472
v 1.077543 -2.394807 -0.082352
v 1.057320 -2.396157 -0.080522
v 1.020861 -2.397624 -0.077071
v 0.970596 -2.397687 -0.072043
v 0.945144 -2.399181 -0.069936
v 0.921465 -2.398857 -0.067609
v 0.921024 -2.397714 -0.067288
v 0.889031 -2.398416 -0.064511
v 0.889055 -2.397255 -0.064228
v 0.832960 -2.396166 -0.058998
v 0.833015 -2.395005 -0.058716
v 0.776506 -2.392413 -0.053357
v 0.749755 -2.388786 -0.050324
v 0.530419 -2.467464 -0.055587
v 0.530134 -2.468589 -0.055860
v 0.514319 -2.464575 -0.053969
v 0.442151 -2.445126 -0.045367
v 0.429605 -2.443119 -0.044279
v 0.418514 -2.438808 -0.042665
v 0.395209 -2.433381 -0.040262
v 0.317283 -2.411007 -0.031513
v -0.378190 -2.467878 -0.048480
v -0.396383 -2.458806 -0.046878
v -0.378013 -2.466726 -0.048174
v -0.399329 -2.458734 -0.046979
v -0.420280 -2.449086 -0.045395
v -0.441132 -2.439501 -0.043871
v -0.440924 -2.438340 -0.043564
v -0.513389 -2.404419 -0.038532
v -0.512861 -2.403375 -0.038237
v -0.699302 -2.456898 -0.063604
v -0.698959 -2.455692 -0.063277
v -0.727888 -2.430537 -0.059090
v -0.727112 -2.429664 -0.058815
v -0.755321 -2.406516 -0.055182
v -1.164357 -2.450634 -0.104225
v -1.164717 -2.450238 -0.104173
v -1.163664 -2.449878 -0.104884
v -1.164519 -2.448960 -0.104762
v -1.193607 -2.419116 -0.101055
v 0.978588 -2.547699 -0.109305
v 0.976383 -2.548536 -0.109305
v 0.951390 -2.544441 -0.105987
v 0.940869 -2.543172 -0.104721
v 0.940698 -2.544324 -0.104989
v 0.924210 -2.540796 -0.102630
v 0.897176 -2.536908 -0.099285
v 0.897585 -2.538069 -0.099606
v 0.843831 -2.529141 -0.092828
v 0.837133 -2.528160 -0.092036
v 0.836937 -2.529303 -0.092304
v 0.844235 -2.530356 -0.093162
v 0.817359 -2.524821 -0.089590
v 0.817746 -2.526009 -0.089919
v 0.791438 -2.521509 -0.086705
v 0.765014 -2.515884 -0.083258
v 0.765371 -2.517054 -0.083578
v 0.734100 -2.510538 -0.079611
v 0.733874 -2.511681 -0.079881
v 0.713426 -2.506488 -0.077090
v 0.637385 -2.491413 -0.068093
v 0.631305 -2.491377 -0.067697
v 0.637700 -2.492637 -0.068424
v 0.612349 -2.485959 -0.065114
v 0.612646 -2.487165 -0.065439
v 0.587492 -2.480388 -0.062170
v 0.587769 -2.481558 -0.062484
v 0.562843 -2.474826 -0.059294
v 0.563111 -2.476005 -0.059610
v -0.137433 -2.558256 -0.065541
v -0.159872 -2.549931 -0.063708
v -0.182322 -2.543496 -0.062424
v -0.216769 -2.531778 -0.060081
v -0.216379 -2.530671 -0.059786
v -0.204499 -2.534739 -0.060582
v -0.226634 -2.526909 -0.059031
v -0.248750 -2.519943 -0.057761
v -0.248635 -2.518782 -0.057457
v -0.277297 -2.509395 -0.055800
v -0.276879 -2.508306 -0.055505
v -0.314051 -2.494716 -0.053111
v -0.313906 -2.493555 -0.052806
v -0.335586 -2.486121 -0.051612
v -0.336950 -2.484330 -0.051195
v -0.356943 -2.477004 -0.050022
v -0.617027 -2.535576 -0.078015
v -0.616209 -2.534757 -0.077755
v -0.670963 -2.481477 -0.067822
v -0.680402 -2.474340 -0.066665
v -1.137051 -2.480991 -0.109305
v 0.189042 -2.637177 -0.086988
v 0.218429 -2.642208 -0.088897
v 0.213006 -2.640111 -0.088230
v 0.237122 -2.643765 -0.089717
v 0.154820 -2.631336 -0.084886
v 0.155030 -2.630184 -0.084590
v 0.120829 -2.623443 -0.082357
v 0.122465 -2.623767 -0.082462
v 0.093758 -2.619249 -0.080966
v 0.029073 -2.604732 -0.076780
v 0.046654 -2.607531 -0.077572
v 0.023277 -2.602077 -0.076064
v 0.000000 -2.597361 -0.074804
v 0.000000 -2.596200 -0.074500
v -0.032973 -2.589018 -0.072682
v -0.032673 -2.587884 -0.072386
v -0.069217 -2.578767 -0.070183
v -0.094568 -2.571612 -0.068526
v -0.094238 -2.570487 -0.068230
v -0.114756 -2.564124 -0.066784
v -0.524576 -2.631102 -0.097178
v -0.544852 -2.610789 -0.093035
v -0.544569 -2.609439 -0.092673
v -0.584315 -2.569182 -0.084602
v -0.584017 -2.567877 -0.084252
v 0.560556 -2.671053 -0.109305
v 0.507449 -2.669487 -0.106176
v 0.475380 -2.669334 -0.104623
v 0.482564 -2.668470 -0.104727
v 0.457701 -2.667012 -0.103223
v 0.433097 -2.666517 -0.102034
v 0.410990 -2.665050 -0.100754
v 0.432911 -2.665365 -0.101730
v 0.408388 -2.664807 -0.100585
v 0.408208 -2.663628 -0.100273
v 0.383692 -2.662521 -0.099041
v 0.310114 -2.654754 -0.094537
v 0.309979 -2.653602 -0.094234
v 0.282471 -2.651478 -0.092887
v 0.285628 -2.650686 -0.092766
v 0.261327 -2.647275 -0.091224
v 0.237226 -2.644926 -0.090022
v -0.475875 -2.687424 -0.108380
v -0.504382 -2.653368 -0.101884
v -0.511976 -2.646429 -0.100483
v 1.940040 -1.682898 -0.066388
v 1.940274 -1.682943 -0.066446
v 1.939797 -1.682853 -0.066335
v 0.383694 2.533260 -0.065455
v 0.461592 2.550810 -0.073316
v 1.498590 2.040303 -0.057369
v 1.469574 2.039178 -0.052669
v 2.640285 0.345718 -0.091430
v 2.610954 0.293263 -0.082149
v 2.583018 0.240045 -0.073453
v 2.096073 -1.717431 -0.103407
v 2.094057 -1.747680 -0.108041
v 1.324665 -2.053617 -0.033746
v 1.393560 -2.058198 -0.044690
v 1.149642 -2.281326 -0.062715
v 1.113876 -2.262552 -0.054148
v -0.435182 -2.579298 -0.078667
v 0.337946 -2.651586 -0.093641
v 0.372159 -2.692779 -0.105502
v -0.035091 -2.639175 -0.084849
v 0.000808 -2.692788 -0.098802
v -0.396545 -2.636997 -0.091976
v 0.904986 2.469243 -0.083141
v 1.227933 2.325972 -0.083209
v 1.067634 2.269074 -0.051175
v 1.067769 2.268624 -0.051084
v 1.307304 2.357148 -0.100259
v 1.168029 2.156601 -0.036758
v 1.308690 2.216964 -0.068611
v 1.443231 2.287596 -0.102704
v 1.498572 2.040060 -0.057316
v 1.469565 2.038944 -0.052618
v 1.469583 2.039421 -0.052721
v 1.498599 2.040546 -0.057421
v 1.702764 2.027091 -0.087642
v 2.331261 1.257906 -0.087952
v 2.369682 1.311402 -0.103479
v 2.226744 1.091685 -0.043734
v 2.440674 0.566314 -0.050325
v 2.472975 0.623119 -0.062042
v 2.559942 0.799918 -0.096520
v 1.757637 1.793109 -0.051935
v 2.556054 0.185764 -0.065248
v 2.582802 0.240146 -0.073399
v 2.610738 0.293368 -0.082096
v 2.640069 0.345826 -0.091378
v 2.671245 0.397243 -0.101321
v 2.640501 0.345610 -0.091481
v 2.611170 0.293156 -0.082201
v 2.583234 0.239943 -0.073508
v 2.484684 0.018263 -0.044812
v 2.463669 -0.038571 -0.039366
v 2.444148 -0.095932 -0.034663
v 2.093823 -1.747653 -0.107988
v 2.095839 -1.717395 -0.103353
v 2.096307 -1.717467 -0.103461
v 2.094300 -1.747716 -0.108095
v 2.652201 -0.337492 -0.094144
v 2.613042 -0.455580 -0.088598
v 2.567727 -0.571813 -0.082866
v 2.542914 -0.628862 -0.079957
v 2.460114 -0.794944 -0.070996
v 2.364264 -0.953853 -0.061569
v 2.329389 -1.005369 -0.058330
v 2.050884 -1.337892 -0.035148
v 2.094201 -1.293936 -0.038562
v 2.136303 -1.248810 -0.041931
v 2.398203 -0.901698 -0.064898
v 2.591595 -0.514163 -0.085881
v 1.667340 -2.057937 -0.087340
v 1.598922 -2.060691 -0.076783
v 1.461987 -2.060700 -0.055423
v 1.393560 -2.057955 -0.044639
v 1.324683 -2.053383 -0.033697
v 1.324656 -2.053860 -0.033796
v 1.393560 -2.058432 -0.044742
v 1.461987 -2.061177 -0.055526
v 1.530468 -2.062104 -0.066251
v 1.113966 -2.262336 -0.054108
v 1.149741 -2.281110 -0.062677
v 1.287702 -2.365746 -0.099041
v 1.149552 -2.281533 -0.062754
v 1.113786 -2.262768 -0.054188
v 0.643051 -2.481117 -0.064901
v 0.502978 -2.482008 -0.056884
v 0.559086 -2.545395 -0.076137
v 0.338112 -2.651424 -0.093605
v 0.372327 -2.692617 -0.105468
v 0.371990 -2.692932 -0.105538
v 0.337781 -2.651748 -0.093677
v -0.150964 -2.483727 -0.045330
v -0.110918 -2.534541 -0.058054
v -0.072192 -2.586372 -0.071237
v -0.034907 -2.639040 -0.084811
v 0.000994 -2.692644 -0.098766
v 0.000622 -2.692923 -0.098837
v -0.035274 -2.639319 -0.084887
v -0.072551 -2.586669 -0.071319
v -0.111271 -2.534856 -0.058137
v -0.396733 -2.637141 -0.092020
v -0.435373 -2.579442 -0.078710
v -0.472186 -2.521221 -0.065409
v -0.507439 -2.462046 -0.052004
v -0.541068 -2.401935 -0.038491
v -0.507045 -2.461794 -0.051918
v -0.471798 -2.520960 -0.065322
v -0.434992 -2.579163 -0.078623
v -0.396358 -2.636853 -0.091930
v -0.356237 -2.693526 -0.105137
v -0.974241 -2.240610 -0.033578
v -1.234332 -2.144499 -0.041737
v -1.586619 -2.093442 -0.081623
v -1.698840 -1.921137 -0.065363
v -1.802511 -1.920192 -0.083455
v -1.928169 -1.616964 -0.052830
v -2.014794 -1.675500 -0.080028
v -2.384163 -1.229325 -0.096323
v -2.384199 -0.606025 -0.038237
v -2.390643 -0.710416 -0.047102
v -2.394801 -0.814027 -0.056342
v -2.390625 -1.124997 -0.085787
v -2.383677 -1.229316 -0.096209
v -2.484081 0.967926 -0.092353
v -2.483136 0.898860 -0.085765
v -2.484081 0.829798 -0.080052
v -2.486862 0.760783 -0.075233
v -2.516139 0.483501 -0.065132
v -2.541402 0.346544 -0.065829
v -2.592324 0.145738 -0.074034
v -2.685348 -0.116296 -0.097910
v -2.713338 -0.180275 -0.106127
v -2.574027 0.212331 -0.070475
v -2.557062 0.279274 -0.067740
v -2.498400 0.622009 -0.068420
v -2.491974 0.691340 -0.071420
v -2.487348 0.760814 -0.075358
v -2.483631 0.898869 -0.085886
v -2.487330 1.036920 -0.099904
v -2.136204 1.327485 -0.052953
v -1.579914 1.883793 -0.038282
v -1.613637 1.863129 -0.039890
v -1.647072 1.841988 -0.041513
v -1.680210 1.819794 -0.043041
v -2.155086 1.292718 -0.052420
v -2.207745 1.185672 -0.050556
v -2.238354 1.111791 -0.048781
v -1.411812 2.256366 -0.091420
v -1.547982 2.123796 -0.082622
v -1.798992 1.925994 -0.084528
v -1.960074 1.824159 -0.095518
v -2.015370 1.793217 -0.100761
v -1.959822 1.823736 -0.095394
v -1.905372 1.856172 -0.090935
v -1.851804 1.890039 -0.087279
v -1.746558 1.962507 -0.082354
v -1.644903 2.040519 -0.080747
v -1.595736 2.081343 -0.081196
v -1.368477 2.302599 -0.095844
v -1.326393 2.350677 -0.101216
v -0.169581 2.609391 -0.079252
v -0.213900 2.609994 -0.080256
v -0.302778 2.614737 -0.083776
v -0.213908 2.609499 -0.080127
v -0.169577 2.608896 -0.079123
v -0.125248 2.609499 -0.078628
v -0.080949 2.611281 -0.078637
v 0.141085 2.637606 -0.086173
v 0.271158 2.666910 -0.096451
v 0.076919 2.442486 -0.034480
v 0.383637 2.533503 -0.065514
v 0.461536 2.551044 -0.073375
v 0.619960 2.579763 -0.089263
v 0.540614 2.566200 -0.081238
v 0.461647 2.550576 -0.073257
v 0.383754 2.533026 -0.065396
v 0.306356 2.513415 -0.057577
v 0.229526 2.491707 -0.049794
v 0.153296 2.467974 -0.042067
v 0.077089 2.442027 -0.034362
v -1.906137 -1.916016 -0.101515
v 0.987210 2.243532 -0.036388
v 0.722670 2.370441 -0.043468
v 0.722448 2.370855 -0.043554
v 0.379654 2.699580 -0.109305
v 0.228248 2.655462 -0.093382
v 0.251646 2.662590 -0.095789
v 0.263323 2.664363 -0.096537
v 0.288171 2.671158 -0.098971
v 0.313576 2.679528 -0.101890
v 0.190045 2.648046 -0.090657
v 0.165839 2.641944 -0.088639
v -0.543571 2.650107 -0.103843
v -0.544000 2.650737 -0.103120
v -0.567109 2.656587 -0.106764
v -0.588260 2.661951 -0.109305
v 0.699671 2.591913 -0.098454
v 0.713758 2.592444 -0.099547
v 0.714082 2.593614 -0.099867
v 0.779962 2.600265 -0.106304
v 0.535882 2.564706 -0.081558
v 0.540406 2.566776 -0.082334
v 0.585995 2.573436 -0.086582
v 0.586262 2.574615 -0.086897
v 0.611306 2.577738 -0.089177
v 0.619953 2.579205 -0.090079
v 0.636997 2.582841 -0.092051
v 0.506833 2.560008 -0.077951
v 0.507346 2.559090 -0.078633
v 0.505906 2.558802 -0.078488
v 0.506573 2.560071 -0.078847
v 0.486476 2.556093 -0.076821
v 0.004610 2.617473 -0.080886
v 0.052563 2.624232 -0.082792
v 0.094263 2.630271 -0.084669
v 0.118037 2.634267 -0.085963
v 0.141843 2.637174 -0.087030
v 0.141908 2.638380 -0.087345
v -0.030513 2.614764 -0.079317
v -0.032078 2.614071 -0.080050
v -0.169561 2.608329 -0.079933
v -0.169563 2.609490 -0.080237
v -0.125258 2.610093 -0.079743
v -0.116918 2.609274 -0.079421
v -0.080922 2.610714 -0.079447
v -0.093587 2.611362 -0.079722
v -0.070179 2.611443 -0.079549
v -0.070210 2.612586 -0.079850
v -0.030358 2.614233 -0.080086
v -0.029116 2.615511 -0.080416
v -0.213897 2.608932 -0.080937
v -0.213868 2.610093 -0.081241
v -0.329893 2.617356 -0.086262
v -0.302806 2.613675 -0.084460
v -0.281950 2.613450 -0.083794
v -0.258139 2.611875 -0.082743
v -0.210831 2.610048 -0.081162
v -0.187297 2.609733 -0.080610
v -0.452284 2.633313 -0.094168
v -0.451706 2.632719 -0.093989
v -0.452490 2.632854 -0.094058
v -0.480060 2.638182 -0.097622
v -0.452624 2.632323 -0.094862
v -0.453982 2.633718 -0.095283
v -0.450713 2.631990 -0.094694
v -0.436024 2.630649 -0.093714
v -0.391689 2.624232 -0.090254
v -0.353900 2.618589 -0.087395
v 0.929736 2.483427 -0.089822
v 0.930366 2.485110 -0.090292
v 0.994185 2.521785 -0.105232
v 1.009134 2.532603 -0.109305
v 0.461695 2.550018 -0.074075
v 0.461918 2.551242 -0.074402
v 0.364697 2.527662 -0.064234
v 0.383792 2.532468 -0.066211
v 0.383520 2.533593 -0.066493
v 0.388746 2.533593 -0.066694
v 0.279690 2.506395 -0.055007
v 0.223538 2.489286 -0.049973
v 0.229260 2.492265 -0.050891
v 0.246695 2.496018 -0.052295
v 0.278831 2.506269 -0.055845
v 0.280058 2.505450 -0.055668
v 0.279953 2.506584 -0.055960
v 0.306411 2.512857 -0.058392
v 0.306110 2.513982 -0.058675
v 0.200505 2.482140 -0.047599
v 0.177634 2.475012 -0.045286
v 0.177719 2.476209 -0.045600
v 0.317226 2.516790 -0.059755
v 0.340802 2.521614 -0.061804
v 0.340962 2.522802 -0.062117
v 0.866535 2.447202 -0.075265
v 0.867096 2.448786 -0.075704
v 0.905085 2.468721 -0.083981
v 0.898185 2.466183 -0.082733
v 0.777514 2.398692 -0.055775
v 0.749643 2.385309 -0.050227
v 0.806369 2.413812 -0.061890
v 0.793606 2.407125 -0.059185
v 0.794078 2.408637 -0.059600
v 0.793596 2.408196 -0.058537
v 0.792171 2.406369 -0.058881
v 0.792644 2.407881 -0.059296
v 0.792991 2.407872 -0.058409
v 0.060645 2.436591 -0.033776
v 0.059572 2.436195 -0.033666
v 0.076797 2.442567 -0.035460
v 0.038461 2.428383 -0.031513
v 0.109904 2.452656 -0.038420
v 0.109958 2.453853 -0.038732
v 0.153014 2.468523 -0.043165
v -1.285191 2.399412 -0.108154
v 1.250955 2.334144 -0.088878
v 1.228104 2.325009 -0.083965
v 1.219392 2.321796 -0.082156
v 1.250703 2.335260 -0.089104
v 1.254663 2.335629 -0.089677
v 1.307331 2.356626 -0.101102
v 1.343646 2.372241 -0.109305
v 1.342620 2.372817 -0.108378
v 0.694739 2.357400 -0.039063
v 0.722759 2.369901 -0.044301
v 0.721339 2.369208 -0.044017
v 0.722230 2.370936 -0.044517
v 0.749170 2.383806 -0.049814
v 0.666246 2.343216 -0.032550
v 0.667071 2.343621 -0.032711
v 0.667937 2.343513 -0.032748
v 0.666954 2.343729 -0.033609
v 0.668961 2.343486 -0.033693
v 0.656387 2.338365 -0.030619
v 0.656729 2.338266 -0.030620
v 0.657071 2.338167 -0.030620
v -1.303452 2.377470 -0.105378
v -1.353555 2.318826 -0.098478
v -1.354158 2.319861 -0.098791
v -1.326015 2.350254 -0.102031
v -1.320669 2.358516 -0.103222
v -1.368099 2.302176 -0.096657
v 1.399185 2.262432 -0.091980
v 1.464426 2.299692 -0.109305
v 1.308726 2.216460 -0.069460
v 1.353933 2.239977 -0.080802
v 1.035234 2.257977 -0.045932
v 1.035855 2.259345 -0.046325
v 1.067778 2.268084 -0.051917
v 1.064655 2.268318 -0.051622
v 1.093671 2.276922 -0.056909
v 1.148310 2.295498 -0.067563
v 1.123938 2.287227 -0.062789
v 0.986895 2.244099 -0.037450
v 0.990459 2.245044 -0.037100
v 0.989937 2.244387 -0.036885
v 0.990198 2.244711 -0.036992
v 0.988119 2.243271 -0.037381
v 0.989685 2.244801 -0.036960
v 0.989433 2.244477 -0.036853
v 0.990054 2.243874 -0.037730
v 0.952353 2.234334 -0.031513
v -1.437984 2.227998 -0.089779
v -1.438614 2.228970 -0.090083
v -1.411083 2.255592 -0.092108
v -1.411929 2.256393 -0.092403
v -1.387782 2.282556 -0.094906
v 1.262439 2.195166 -0.058555
v 1.218771 2.176419 -0.048650
v 1.215072 2.176086 -0.048105
v 1.250298 2.191206 -0.056075
v 1.251072 2.190297 -0.055968
v 1.154475 2.151066 -0.034755
v 1.137753 2.145909 -0.030566
v -1.524168 2.144370 -0.084305
v -1.524825 2.145297 -0.084603
v -1.506681 2.160480 -0.085120
v -1.472202 2.193753 -0.087214
v -1.472841 2.194707 -0.087515
v -1.455579 2.211537 -0.088685
v -1.630827 2.051499 -0.081644
v -1.595376 2.080902 -0.082006
v -1.613466 2.067393 -0.082102
v -1.596132 2.081784 -0.082310
v -1.576989 2.097030 -0.082459
v -1.547289 2.122986 -0.083303
v -1.559925 2.113473 -0.083243
v 1.731294 2.022357 -0.092481
v 1.759779 2.016705 -0.096234
v 1.788111 2.010279 -0.099869
v 1.844442 1.995123 -0.106826
v 1.867293 1.986789 -0.109305
v 1.562346 2.039250 -0.068106
v 1.615338 2.037531 -0.076269
v 1.644579 2.034849 -0.080498
v 1.673667 2.031429 -0.084610
v 1.674954 2.031240 -0.084785
v 1.674090 2.030196 -0.084430
v 1.702656 2.027253 -0.088615
v 1.701531 2.026245 -0.088223
v 1.369917 2.029035 -0.035591
v 1.382427 2.031501 -0.038914
v 1.371474 2.029908 -0.036962
v 1.369440 2.029611 -0.036600
v 1.440432 2.037657 -0.048878
v 1.498437 2.040690 -0.058388
v 1.505457 2.039628 -0.059244
v 1.527471 2.039889 -0.062737
v 1.341189 2.025093 -0.031513
v -1.674693 2.017668 -0.081102
v -1.694871 2.000415 -0.081943
v -1.695582 2.001342 -0.082247
v -1.673838 2.017029 -0.081739
v -1.674828 2.017686 -0.082038
v -1.648962 2.036604 -0.081572
v -1.649691 2.037495 -0.081874
v -1.742247 1.965027 -0.083053
v -1.743021 1.965900 -0.083356
v -1.723374 1.979157 -0.082573
v -1.724112 1.980012 -0.082869
v -1.509813 1.920585 -0.035166
v -1.474047 1.938180 -0.033088
v -1.544832 1.902198 -0.037120
v -1.545390 1.903224 -0.037419
v -1.851453 1.889589 -0.088090
v -1.861209 1.884801 -0.088977
v -1.780875 1.937559 -0.084483
v 1.929159 1.823133 -0.090395
v 2.019636 1.831863 -0.109305
v 1.757331 1.793739 -0.052955
v 1.773324 1.795737 -0.056253
v 1.814292 1.805007 -0.065531
v 1.814490 1.803873 -0.065358
v 1.871694 1.813656 -0.077830
v -1.693557 1.809669 -0.044429
v -1.680525 1.820307 -0.044153
v -1.675188 1.822485 -0.043623
v -1.656585 1.834950 -0.042758
v -1.646739 1.841529 -0.042324
v -1.647378 1.842501 -0.042626
v -1.613313 1.862661 -0.040701
v -1.619694 1.859997 -0.041264
v -1.713096 1.797249 -0.045574
v -1.886598 1.867404 -0.090452
v -1.886895 1.868556 -0.090720
v -1.887264 1.868205 -0.089806
v -1.887696 1.867935 -0.089835
v -1.965582 1.819893 -0.096765
v -1.960065 1.824294 -0.096499
v -1.944018 1.832520 -0.094904
v -1.905030 1.855722 -0.091748
v -1.923552 1.846038 -0.093464
v -1.905642 1.856712 -0.092043
v -1.887615 1.866756 -0.090524
v -1.887912 1.867917 -0.090792
v -2.014794 1.792344 -0.101455
v -2.015352 1.793361 -0.101741
v 1.663308 1.770312 -0.031513
v 1.701144 1.781076 -0.040359
v -1.782846 1.741827 -0.048072
v -1.744434 1.772382 -0.046604
v -1.733508 1.781994 -0.046404
v -1.807263 1.723053 -0.049259
v -2.086713 1.755129 -0.109305
v -2.071449 1.763913 -0.107744
v -2.056590 1.771707 -0.106115
v -1.866375 1.669935 -0.051176
v -1.834875 1.697340 -0.049910
v -1.850661 1.682868 -0.050390
v -1.836207 1.697718 -0.050233
v -1.894734 1.642341 -0.051971
v -1.948302 1.584111 -0.052897
v -1.922337 1.613973 -0.052644
v -1.931265 1.604289 -0.052805
v -2.024775 1.492041 -0.053956
v -2.000034 1.523442 -0.053705
v -2.058606 1.448040 -0.054400
v -2.056905 1.448436 -0.054098
v -2.049642 1.460694 -0.054406
v -2.072232 1.428789 -0.054443
v -2.097225 1.391286 -0.054357
v 2.346021 1.278786 -0.093988
v 2.345949 1.277454 -0.094728
v 2.345103 1.278237 -0.094631
v 2.345769 1.279173 -0.094902
v 2.381391 1.328574 -0.109305
v -2.153790 1.293870 -0.053242
v -2.154780 1.294473 -0.053546
v -2.142801 1.313526 -0.053457
v -2.136294 1.327530 -0.053939
v -2.131641 1.333083 -0.053670
v -2.121084 1.353054 -0.054129
v 2.331729 1.257357 -0.088951
v 2.330775 1.257996 -0.088810
v 2.295117 1.202664 -0.073780
v 2.294145 1.203276 -0.073629
v -2.204757 1.193601 -0.051805
v -2.194335 1.213491 -0.051915
v -2.191626 1.222149 -0.052401
v -2.174013 1.257951 -0.053024
v -2.164302 1.273962 -0.052941
v 2.259243 1.148079 -0.058886
v 2.237769 1.109775 -0.049366
v -2.212812 1.172469 -0.051050
v -2.213829 1.173009 -0.051352
v -2.222703 1.152345 -0.050895
v -2.238381 1.110081 -0.049545
v -2.238921 1.111980 -0.049894
v -2.492163 1.107255 -0.109305
v 2.196216 1.039017 -0.031513
v -2.263293 1.041762 -0.046765
v -2.263473 1.042014 -0.046834
v -2.263644 1.042257 -0.046904
v -2.263167 1.040385 -0.047533
v -2.263482 1.041222 -0.046749
v -2.263653 1.041474 -0.046818
v -2.263833 1.041717 -0.046887
v -2.262708 1.041726 -0.047570
v -2.263536 1.042896 -0.047894
v -2.252754 1.074558 -0.048863
v -2.486295 1.036866 -0.100606
v -2.488014 1.045353 -0.101875
v -2.488653 1.071939 -0.104753
v -2.288070 0.961212 -0.045141
v -2.274660 1.003872 -0.046339
v -2.483172 0.940179 -0.090484
v -2.484657 0.966270 -0.093295
v -2.483496 0.965811 -0.092968
v -2.485665 0.992370 -0.096045
v -2.485566 1.018236 -0.098562
v 2.585016 0.860839 -0.108620
v 2.587005 0.863143 -0.108351
v -2.308554 0.873954 -0.041640
v -2.298960 0.917715 -0.043458
v -2.484198 0.865023 -0.084013
v -2.483082 0.864633 -0.083703
v -2.482578 0.898788 -0.086580
v 2.567664 0.817503 -0.100783
v 2.566224 0.817046 -0.100390
v -2.326779 0.765896 -0.036696
v -2.321046 0.805490 -0.038599
v -2.314323 0.844819 -0.040400
v -2.486214 0.791522 -0.078426
v -2.484684 0.829753 -0.081158
v -2.484126 0.815421 -0.079831
v -2.483523 0.829718 -0.080866
v 2.503413 0.680748 -0.074530
v 2.508930 0.692341 -0.075784
v 2.507859 0.692378 -0.076457
v 2.532492 0.739859 -0.086054
v 2.531448 0.740347 -0.085827
v 2.509056 0.692220 -0.076748
v -2.331495 0.726165 -0.034697
v -2.489058 0.735177 -0.073947
v -2.490921 0.691212 -0.072105
v -2.491767 0.696073 -0.072655
v -2.488032 0.735049 -0.074545
v -2.489166 0.735077 -0.074830
v -2.488293 0.731204 -0.074325
v -2.487465 0.760764 -0.076341
v -2.488608 0.743477 -0.075311
v -2.486295 0.760700 -0.076045
v 2.465388 0.609541 -0.059298
v 2.465037 0.609919 -0.059233
v 2.498535 0.673913 -0.072824
v 2.485467 0.646566 -0.067686
v 2.465820 0.609975 -0.060353
v 2.465001 0.610860 -0.060201
v 2.465235 0.608935 -0.060140
v 2.464425 0.609820 -0.059988
v -2.500758 0.602960 -0.068785
v -2.499651 0.602692 -0.068488
v -2.497347 0.621866 -0.069102
v -2.498130 0.626042 -0.069562
v -2.495970 0.649304 -0.070524
v -2.494863 0.649016 -0.070226
v 2.441151 0.565868 -0.051380
v 2.440152 0.566439 -0.051159
v 2.406726 0.510329 -0.039438
v -2.506725 0.552672 -0.067345
v -2.512692 0.511407 -0.066623
v -2.509398 0.534174 -0.066997
v -2.508291 0.533938 -0.066701
v -2.511594 0.511182 -0.066329
v -2.503134 0.573314 -0.067617
v -2.504124 0.574556 -0.067942
v 2.692818 0.433211 -0.109305
v 2.692944 0.432454 -0.108363
v 2.407716 0.509731 -0.039659
v 2.385837 0.475424 -0.031323
v 2.386305 0.475866 -0.032389
v -2.523591 0.443414 -0.066101
v -2.516724 0.483589 -0.066247
v -2.518614 0.465818 -0.065863
v -2.515572 0.483407 -0.065942
v 2.676924 0.406227 -0.103155
v 2.676564 0.406544 -0.103074
v 2.676672 0.405818 -0.103072
v 2.676312 0.406135 -0.102992
v 2.677140 0.406254 -0.104161
v 2.676258 0.407021 -0.103964
v 2.676510 0.405266 -0.103960
v 2.675637 0.406034 -0.103764
v 2.669049 0.395498 -0.101643
v 2.640555 0.345401 -0.092448
v 2.653227 0.368902 -0.096554
v 2.639547 0.345969 -0.092207
v -2.541978 0.346686 -0.066944
v -2.540835 0.346445 -0.066639
v -2.540691 0.353189 -0.066837
v -2.539548 0.353030 -0.066536
v -2.531763 0.398267 -0.066263
v -2.527317 0.414762 -0.065807
v 2.625210 0.318273 -0.086653
v 2.624796 0.318520 -0.086552
v 2.625102 0.318069 -0.086617
v 2.624985 0.317866 -0.086581
v 2.624679 0.318317 -0.086517
v 2.624571 0.318113 -0.086481
v 2.625435 0.318364 -0.087634
v 2.624454 0.318947 -0.087399
v 2.624886 0.317381 -0.087459
v 2.623905 0.317963 -0.087224
v 2.606229 0.283440 -0.081601
v 2.605716 0.284941 -0.081510
v 2.605788 0.282900 -0.080532
v 2.605572 0.283534 -0.080495
v 2.605491 0.282035 -0.081370
v 2.604987 0.283537 -0.081280
v -2.557152 0.279331 -0.068725
v -2.556018 0.279060 -0.068423
v -2.550654 0.308142 -0.067897
v -2.549538 0.308006 -0.067602
v -2.545578 0.330672 -0.067317
v -2.560149 0.262887 -0.069043
v 2.583306 0.239761 -0.074480
v 2.583126 0.241915 -0.074484
v 2.556567 0.185405 -0.066335
v 2.555514 0.185895 -0.066069
v -2.584305 0.172178 -0.073324
v -2.574117 0.212403 -0.071459
v -2.577870 0.194937 -0.072070
v -2.572992 0.212102 -0.071159
v -2.571606 0.217626 -0.070914
v -2.567016 0.240396 -0.070251
v 2.530179 0.130835 -0.058554
v -2.603484 0.111561 -0.076556
v -2.602413 0.111565 -0.077183
v -2.604951 0.103413 -0.077751
v -2.592891 0.145961 -0.075143
v -2.591775 0.145631 -0.074846
v 2.727000 0.001546 -0.109124
v 2.496465 0.049104 -0.048046
v 2.506203 0.074991 -0.051680
v 2.497212 0.049341 -0.049161
v 2.496762 0.048209 -0.049038
v 2.495853 0.049002 -0.048804
v 2.490246 0.031872 -0.047256
v 2.483676 0.018547 -0.045507
v -2.637297 0.010239 -0.085664
v -2.627991 0.033721 -0.083285
v -2.613420 0.080041 -0.079746
v 2.721006 -0.038096 -0.107614
v 2.473380 -0.012632 -0.042794
v 2.465244 -0.034662 -0.040717
v 2.462652 -0.038300 -0.040058
v 2.450250 -0.078345 -0.037052
v -2.658915 -0.051561 -0.091439
v 2.696211 -0.169328 -0.101498
v 2.696868 -0.169129 -0.102604
v 2.698083 -0.158708 -0.102750
v 2.695626 -0.169393 -0.102284
v 2.711628 -0.098049 -0.105551
v 2.442987 -0.100012 -0.035358
v 2.443122 -0.095675 -0.035351
v 2.435139 -0.125212 -0.033609
v 2.433942 -0.125226 -0.033299
v 2.425518 -0.153123 -0.031044
v -2.685879 -0.115975 -0.099005
v -2.684799 -0.116416 -0.098728
v 2.685420 -0.218666 -0.100540
v 2.676267 -0.253820 -0.098951
v -2.720583 -0.198427 -0.109305
v 2.669877 -0.278398 -0.097924
v 2.668977 -0.277254 -0.097655
v 2.662263 -0.300666 -0.096567
v 2.652768 -0.337697 -0.095256
v 2.655522 -0.324002 -0.095525
v 2.648538 -0.347235 -0.094470
v 2.642346 -0.370509 -0.093682
v 2.633940 -0.397011 -0.092504
v 2.633877 -0.393391 -0.092343
v 2.613591 -0.455815 -0.089709
v 2.618172 -0.439092 -0.090150
v 2.610117 -0.461797 -0.089079
v 2.602800 -0.484565 -0.088256
v 2.601675 -0.484356 -0.087956
v 2.591676 -0.514239 -0.086866
v 2.590587 -0.513817 -0.086565
v 2.576529 -0.551632 -0.084951
v 2.568267 -0.572078 -0.083977
v 2.575404 -0.551392 -0.084649
v 2.566368 -0.573526 -0.083573
v 2.557971 -0.595735 -0.082720
v -2.376684 -0.530165 -0.031837
v -2.377296 -0.530359 -0.032854
v 2.542401 -0.628611 -0.080771
v 2.542509 -0.631140 -0.080956
v 2.537415 -0.640666 -0.079338
v 2.537829 -0.638474 -0.080226
v -2.385918 -0.646593 -0.042314
v -2.384343 -0.623321 -0.040354
v -2.385477 -0.623616 -0.040660
v -2.387475 -0.670001 -0.044331
v -2.387016 -0.646890 -0.042611
v 2.517147 -0.685542 -0.078109
v 2.506950 -0.703450 -0.076779
v 2.497491 -0.724969 -0.075941
v 2.488572 -0.740247 -0.074834
v 2.475684 -0.766944 -0.073626
v 2.474586 -0.766604 -0.073325
v -2.392335 -0.764702 -0.052654
v -2.392470 -0.741060 -0.050834
v -2.390085 -0.710363 -0.047915
v -2.391246 -0.710284 -0.048201
v 2.460618 -0.795266 -0.072106
v 2.459592 -0.794706 -0.071807
v 2.441556 -0.828837 -0.070124
v 2.429973 -0.849233 -0.068994
v 2.428857 -0.848842 -0.068683
v -2.395710 -0.837281 -0.059503
v -2.394396 -0.789038 -0.055128
v 2.568231 -0.872749 -0.105188
v 2.589984 -0.857355 -0.109305
v 2.552553 -0.885913 -0.102429
v 2.552535 -0.884482 -0.102302
v 2.544588 -0.891864 -0.100971
v 2.417832 -0.869349 -0.067755
v 2.519982 -0.909780 -0.096475
v 2.405745 -0.889394 -0.066577
v 2.398266 -0.901788 -0.065882
v 2.397276 -0.901177 -0.065583
v 2.404656 -0.888993 -0.066273
v 2.496645 -0.929157 -0.092487
v 2.380878 -0.928968 -0.064167
v 2.379807 -0.928554 -0.063866
v -2.396817 -0.917610 -0.066991
v 2.410020 -1.012875 -0.079465
v 2.409174 -1.012083 -0.079179
v 2.473821 -0.949137 -0.088748
v 2.430153 -0.990519 -0.082100
v 2.329416 -1.006377 -0.059397
v 2.328318 -1.005900 -0.059085
v 2.368341 -0.948588 -0.062999
v 2.355426 -0.967965 -0.061772
v 2.363769 -0.953574 -0.062380
v -2.396223 -0.952692 -0.069323
v -2.396214 -0.953376 -0.069389
v -2.395890 -0.984561 -0.073210
v -2.395215 -0.954276 -0.070084
v -2.396313 -0.953457 -0.070272
v -2.394234 -1.021281 -0.076523
v 2.390238 -1.032612 -0.076720
v 2.307042 -1.037481 -0.056410
v 2.306457 -1.037454 -0.056267
v 2.341341 -1.092309 -0.070526
v 2.306583 -1.036338 -0.057095
v 2.368791 -1.057020 -0.074154
v 2.306502 -1.038408 -0.057296
v 2.305863 -1.037355 -0.057030
v 2.349414 -1.080357 -0.072052
v 2.341836 -1.091850 -0.071513
v 2.341107 -1.092786 -0.071443
v 2.340441 -1.091751 -0.071172
v 2.275029 -1.081077 -0.054496
v 2.328831 -1.106610 -0.070072
v 2.255985 -1.106313 -0.052884
v 2.260143 -1.098906 -0.053005
v -2.392452 -1.067397 -0.080909
v -2.393541 -1.067073 -0.081137
v 2.232792 -1.135455 -0.050852
v 2.278962 -1.179204 -0.066820
v 2.217240 -1.155012 -0.049574
v 2.216340 -1.154274 -0.049276
v 2.246022 -1.117005 -0.051777
v 2.312388 -1.128615 -0.068694
v 2.301219 -1.144410 -0.067893
v 2.189277 -1.188339 -0.047201
v 2.185974 -1.190508 -0.046715
v -2.386035 -1.186530 -0.092661
v -2.387736 -1.160853 -0.090101
v -2.388798 -1.161366 -0.090408
v -2.390067 -1.124880 -0.086602
v -2.391228 -1.124925 -0.086882
v -2.390706 -1.109868 -0.085086
v -2.387088 -1.187052 -0.092968
v 2.246508 -1.229856 -0.065545
v 2.229804 -1.262463 -0.065865
v 2.176362 -1.201929 -0.045946
v 2.159514 -1.222719 -0.044747
v 2.158515 -1.222152 -0.044446
v 2.136357 -1.248918 -0.042914
v 2.135493 -1.248135 -0.042616
v -2.384289 -1.229253 -0.097304
v -2.384289 -1.212387 -0.095288
v 2.217843 -1.282749 -0.065782
v 2.209482 -1.302369 -0.066480
v 2.208276 -1.302198 -0.066185
v 2.191770 -1.337523 -0.067235
v 2.098512 -1.289472 -0.039864
v 2.093400 -1.293234 -0.039248
v 2.082807 -1.305636 -0.038602
v 2.066049 -1.321035 -0.037049
v 2.050920 -1.338000 -0.036132
v 2.050308 -1.336965 -0.035849
v 2.035143 -1.353183 -0.034865
v -2.376558 -1.311432 -0.104741
v -2.374641 -1.333365 -0.107977
v -2.375433 -1.312728 -0.105530
v -2.375604 -1.310901 -0.105339
v -2.376828 -1.309641 -0.105463
v -2.378556 -1.290948 -0.103510
v -2.371653 -1.349016 -0.109305
v 2.180844 -1.365918 -0.068702
v 2.170809 -1.387941 -0.069558
v 2.157975 -1.422168 -0.071619
v 2.018223 -1.368645 -0.032525
v 2.017134 -1.368933 -0.033250
v 2.149299 -1.451247 -0.073947
v 2.148192 -1.450878 -0.073653
v 2.139615 -1.478436 -0.075857
v 2.132190 -1.508865 -0.078828
v 2.117061 -1.567068 -0.084542
v 2.111166 -1.596822 -0.087966
v -1.857906 -1.568184 -0.031513
v 2.099268 -1.687164 -0.100029
v 2.106054 -1.626720 -0.091645
v 2.102850 -1.656987 -0.095848
v 2.098494 -1.683852 -0.099327
v -1.971369 -1.646448 -0.066485
v -1.971801 -1.646160 -0.066522
v -1.971630 -1.646997 -0.067545
v -1.972665 -1.646304 -0.067636
v -1.970613 -1.646313 -0.067226
v -2.014416 -1.675644 -0.080935
v -2.015037 -1.674681 -0.080900
v 2.096181 -1.719402 -0.103758
v 2.095713 -1.719285 -0.103643
v 2.096217 -1.718934 -0.103687
v 2.095740 -1.718817 -0.103572
v 2.096316 -1.719690 -0.104791
v 2.095173 -1.719402 -0.104512
v 2.095245 -1.718232 -0.104333
v 2.093175 -1.750551 -0.109305
v -2.107665 -1.733055 -0.109305
v -1.521846 -1.917420 -0.035820
v -1.496493 -1.916412 -0.031513
v -1.497879 -1.915323 -0.031513
v -1.496691 -1.916259 -0.030568
v -1.550043 -1.917456 -0.040439
v -1.640070 -1.920975 -0.056201
v -1.639125 -1.919859 -0.055819
v -1.670382 -1.921389 -0.061460
v -1.698669 -1.921776 -0.066419
v -1.700127 -1.920606 -0.066439
v -1.731672 -1.921317 -0.072076
v -1.730682 -1.920219 -0.071690
v -1.762695 -1.920894 -0.077456
v -1.761696 -1.919805 -0.077069
v -1.802367 -1.920363 -0.084420
v -1.793178 -1.919346 -0.082579
v -1.843551 -1.918698 -0.091526
v -1.889730 -1.916844 -0.099599
v -1.905984 -1.916196 -0.102478
v -1.888668 -1.915755 -0.099202
v -1.922130 -1.915116 -0.105258
v -1.921068 -1.914054 -0.104865
v -1.945575 -1.913388 -0.108416
v 1.736145 -2.053986 -0.098987
v 1.736046 -2.052825 -0.098739
v 1.776240 -2.050260 -0.105066
v 1.776933 -2.049063 -0.104945
v 1.778319 -2.048928 -0.105158
v 1.693449 -2.056821 -0.092392
v 1.667241 -2.058567 -0.088412
v 1.667178 -2.057406 -0.088166
v 1.692567 -2.055741 -0.092028
v 1.663398 -2.057568 -0.087573
v 1.634121 -2.058765 -0.083027
v 1.598805 -2.061321 -0.077856
v 1.598769 -2.060160 -0.077610
v 1.547478 -2.060880 -0.069610
v 1.461834 -2.061330 -0.056494
v 1.461861 -2.060169 -0.056250
v 1.488276 -2.061060 -0.059541
v 1.488114 -2.061528 -0.059618
v 1.488195 -2.061294 -0.059579
v 1.487016 -2.061663 -0.060401
v 1.487403 -2.060538 -0.060220
v 1.487763 -2.061051 -0.059462
v 1.487601 -2.061528 -0.059539
v 1.487682 -2.061285 -0.059500
v 1.530324 -2.062257 -0.067220
v 1.530315 -2.061096 -0.066975
v 1.488213 -2.061681 -0.060586
v 1.488600 -2.060547 -0.060405
v 1.434636 -2.060223 -0.052166
v 1.393407 -2.058576 -0.045709
v 1.393452 -2.057424 -0.045466
v 1.351062 -2.055759 -0.038942
v 1.350288 -2.054571 -0.038571
v 1.304343 -2.052123 -0.031513
v -1.310904 -2.126292 -0.048860
v -1.349640 -2.117436 -0.052284
v -1.298547 -2.128956 -0.046821
v -1.299258 -2.128911 -0.047852
v -1.298124 -2.129163 -0.047754
v -1.298016 -2.128011 -0.047481
v -1.428417 -2.106168 -0.061150
v -1.467819 -2.100327 -0.065737
v -1.507392 -2.096664 -0.070945
v -1.566324 -2.093766 -0.078532
v -1.568178 -2.093181 -0.079619
v -1.564362 -2.094486 -0.079296
v -1.547046 -2.094018 -0.076496
v -1.566090 -2.093262 -0.079311
v -1.586430 -2.092434 -0.082343
v -1.601397 -2.093388 -0.084907
v -1.625850 -2.091894 -0.088508
v -1.631097 -2.093127 -0.089601
v -1.665243 -2.093595 -0.095227
v -1.692495 -2.093532 -0.099673
v -1.745190 -2.097897 -0.109305
v 1.008036 -2.212899 -0.031513
v -1.046961 -2.208390 -0.034740
v -1.083951 -2.193630 -0.035481
v -1.121193 -2.179851 -0.036650
v -1.158426 -2.165946 -0.037954
v -1.039788 -2.211468 -0.034663
v -1.196397 -2.155335 -0.040277
v -1.247472 -2.140098 -0.043417
v -1.272204 -2.133816 -0.045290
v 1.184508 -2.301333 -0.072477
v 1.149273 -2.281623 -0.063701
v 1.139256 -2.276367 -0.061296
v 1.139229 -2.276124 -0.060291
v 1.139022 -2.276007 -0.060240
v 1.139247 -2.275602 -0.060170
v 1.113516 -2.262858 -0.055138
v 1.138797 -2.274828 -0.060883
v 1.114029 -2.261823 -0.054954
v 1.076994 -2.244894 -0.046731
v 1.040463 -2.226813 -0.038371
v -0.868831 -2.294754 -0.037271
v -0.903789 -2.276538 -0.036136
v -0.977193 -2.239368 -0.034543
v -1.010376 -2.224104 -0.034435
v 1.293264 -2.370543 -0.101798
v 1.294866 -2.370273 -0.101934
v 1.253934 -2.342598 -0.090473
v 1.219779 -2.320998 -0.081298
v 0.543651 -2.370228 -0.031513
v -0.550104 -2.384745 -0.034679
v -0.549904 -2.385123 -0.034765
v -0.548321 -2.386068 -0.035825
v -0.550099 -2.385141 -0.035692
v -0.551027 -2.383368 -0.035297
v -0.558448 -2.366790 -0.031513
v -0.559907 -2.366457 -0.031513
v -0.559372 -2.366574 -0.030583
v -0.736864 -2.382009 -0.047633
v -0.768624 -2.358096 -0.044188
v -0.801647 -2.335992 -0.041443
v -0.834965 -2.314923 -0.039145
v 1.319310 -2.388975 -0.109305
v 0.586303 -2.418945 -0.046477
v 0.585454 -2.419719 -0.046622
v 0.481795 -2.455710 -0.049171
v 0.480927 -2.455494 -0.049071
v 0.483106 -2.456655 -0.050323
v 0.481237 -2.456187 -0.050108
v 0.481933 -2.455242 -0.049902
v 0.480064 -2.454765 -0.049687
v 0.449446 -2.416110 -0.038254
v 0.431403 -2.393232 -0.031513
v 0.152869 -2.460480 -0.040248
v 0.116896 -2.428998 -0.031513
v -0.192782 -2.434398 -0.034182
v -0.175833 -2.453028 -0.038702
v -0.202437 -2.423364 -0.031513
v -0.512123 -2.454054 -0.051159
v -0.540310 -2.401305 -0.039246
v -0.642385 -2.454963 -0.059198
v -0.672960 -2.429574 -0.054865
v -0.704261 -2.404914 -0.050905
v 0.701007 -2.541651 -0.085069
v 0.642421 -2.481450 -0.065904
v 0.658999 -2.496849 -0.070895
v 0.657033 -2.496462 -0.070667
v 0.559298 -2.544945 -0.076991
v 0.558451 -2.545719 -0.077142
v 0.503536 -2.481243 -0.057676
v 0.502666 -2.481990 -0.057824
v 0.191915 -2.496507 -0.050360
v 0.229184 -2.534379 -0.061040
v -0.151573 -2.484024 -0.046374
v -0.134600 -2.505552 -0.051738
v -0.134507 -2.503833 -0.051288
v -0.150682 -2.483286 -0.046169
v -0.155444 -2.479353 -0.045215
v -0.459287 -2.539833 -0.070537
v -0.471458 -2.520555 -0.066161
v -0.472436 -2.521167 -0.066365
v -0.459585 -2.541480 -0.070976
v -0.477269 -2.510817 -0.063935
v -0.494734 -2.481513 -0.057285
v -0.495065 -2.483169 -0.057727
v -0.555260 -2.535351 -0.074314
v -0.583510 -2.507865 -0.068934
v -0.612481 -2.481135 -0.063899
v 0.778194 -2.615901 -0.109305
v 0.615416 -2.607450 -0.096193
v 0.585188 -2.573016 -0.085631
v 0.302222 -2.611446 -0.083052
v 0.305253 -2.613165 -0.083587
v 0.303069 -2.610672 -0.082874
v 0.266216 -2.572431 -0.071885
v -0.081523 -2.574672 -0.068284
v -0.080763 -2.574888 -0.068335
v -0.035560 -2.639274 -0.085835
v -0.034618 -2.638608 -0.085658
v -0.081241 -2.575374 -0.069394
v -0.072829 -2.586633 -0.072270
v -0.071904 -2.585940 -0.072082
v -0.082368 -2.573862 -0.069009
v -0.080553 -2.574375 -0.069129
v -0.396036 -2.636430 -0.092768
v -0.396981 -2.637096 -0.092977
v -0.440863 -2.568957 -0.077203
v -0.441152 -2.570640 -0.077648
v -0.474862 -2.622471 -0.092532
v 0.657327 -2.648877 -0.109305
v 0.343021 -2.658057 -0.095504
v 0.343694 -2.658138 -0.095545
v 0.343477 -2.658606 -0.095660
v 0.343249 -2.658327 -0.095582
v 0.344148 -2.658687 -0.095702
v 0.371683 -2.692914 -0.106480
v 0.342189 -2.657400 -0.096252
v 0.343844 -2.657589 -0.096358
v 0.343263 -2.658687 -0.096624
v 0.344920 -2.658885 -0.096731
v 0.379428 -2.702742 -0.109305
v 0.001285 -2.692230 -0.099617
v 0.024631 -2.729175 -0.109305
v 0.023287 -2.729175 -0.109305
v 0.000000 -2.692383 -0.099654
v -0.424808 -2.684346 -0.106301
v -0.450362 -2.653782 -0.099494
v -0.449473 -2.653044 -0.099265
v -0.345308 -2.707323 -0.109305
v -0.416590 -2.697270 -0.109305
v 0.989172 2.244144 -0.036746
v 0.004692 2.618535 -0.080220
v 2.095965 -1.719114 -0.103665
v 2.095722 -1.719051 -0.103608
v 2.096199 -1.719168 -0.103723
v 2.676618 0.406182 -0.103069
v 2.676492 0.405977 -0.103031
v 2.676744 0.406385 -0.103115
v 2.535363 0.536314 -0.072810
v 2.535201 0.537156 -0.072815
v 2.534877 0.537470 -0.072752
v 1.250973 2.334666 -0.088079
v 1.251756 2.334981 -0.088250
v 1.252548 2.335296 -0.088421
v -1.595160 -1.919733 -0.047432
v 1.149777 2.211078 -0.047144
v 1.102446 2.281755 -0.058125
v 2.382417 0.928263 -0.063851
v 2.079540 -1.260762 -0.030802
v 2.133621 -1.262931 -0.043229
v -1.443060 -2.172201 -0.076698
v 1.149579 2.210934 -0.047088
v 1.102248 2.281620 -0.058070
v 1.057149 2.352936 -0.069998
v 0.973188 2.499294 -0.096834
v 1.014381 2.425665 -0.083005
v 1.102644 2.281890 -0.058179
v 1.149975 2.211213 -0.047200
v 1.463742 1.944174 -0.031787
v 2.049534 1.723431 -0.095605
v 2.020032 1.768386 -0.097407
v 2.180961 1.552971 -0.095456
v 2.252511 1.473339 -0.099157
v 2.327904 1.397946 -0.105369
v 2.484765 0.845145 -0.081540
v 2.432916 0.886013 -0.072308
v 2.382255 0.928083 -0.063794
v 2.284722 1.015743 -0.049086
v 2.192373 1.108101 -0.037637
v 1.694367 1.875234 -0.056278
v 1.669887 1.936560 -0.064076
v 1.670328 1.936740 -0.064189
v 1.720863 1.814772 -0.049378
v 2.148453 1.156422 -0.033310
v 2.382579 0.928443 -0.063908
v 2.433231 0.886379 -0.072418
v 2.622672 -0.008368 -0.080915
v 2.506464 -0.148303 -0.051640
v 2.554146 -0.411488 -0.071541
v 2.369871 -0.639295 -0.036846
v 2.079531 -1.260528 -0.030769
v 2.133621 -1.262697 -0.043197
v 2.133621 -1.263156 -0.043260
v 2.079549 -1.260987 -0.030836
v 1.596330 -1.867821 -0.037281
v 1.661094 -1.843872 -0.043751
v 1.791846 -1.801239 -0.059188
v 1.924137 -1.765779 -0.077734
v 1.990944 -1.750722 -0.088102
v 1.726614 -1.822074 -0.051204
v -0.214035 -2.591349 -0.074621
v -0.293920 -2.638923 -0.089026
v -0.725379 -2.525676 -0.081857
v -0.802309 -2.561064 -0.096506
v 0.259831 -2.481783 -0.047210
v 0.171626 -2.542506 -0.061055
v -1.403874 -2.165739 -0.069660
v -1.596627 -2.208723 -0.107440
v -1.403919 -2.165271 -0.069562
v -1.630557 -1.949541 -0.059380
v -1.709217 -2.018382 -0.086407
v -1.745595 -1.707711 -0.033374
v -1.844388 -1.889997 -0.085367
v -2.140470 -1.681125 -0.106566
v -2.112651 -1.473333 -0.068385
v -2.127663 -1.577076 -0.087404
v -2.139993 -1.681161 -0.106474
v -2.582514 -0.459910 -0.080965
v -2.387961 -0.750734 -0.049544
v -2.364822 -0.794812 -0.047346
v -2.283165 -0.978432 -0.044483
v -2.188314 -1.314510 -0.062421
v -2.179845 -1.363983 -0.067290
v -2.209473 -1.216842 -0.054493
v -2.221704 -1.168593 -0.051336
v -2.302281 -0.931884 -0.044424
v -2.551770 -0.499720 -0.074965
v -2.553975 -0.356632 -0.069368
v -2.397393 0.979554 -0.072467
v -2.321802 1.036038 -0.060107
v -2.245005 1.090407 -0.047910
v -2.166570 1.142355 -0.035757
v -2.314485 1.289136 -0.088075
v -2.215377 1.322391 -0.069975
v -2.013453 1.588710 -0.066020
v -1.551663 1.955298 -0.048147
v -1.271124 2.145648 -0.047590
v -1.078326 2.289144 -0.057153
v -1.167939 2.286318 -0.066812
v -1.256868 2.285841 -0.077588
v -1.345770 2.287722 -0.089514
v -1.345779 2.287245 -0.089407
v -1.256868 2.285355 -0.077479
v -1.167939 2.285832 -0.066697
v -0.988794 2.293815 -0.048647
v -0.899185 2.301285 -0.041554
v -0.083595 2.563230 -0.066135
v 0.011385 2.519544 -0.054360
v -1.064394 -2.291388 -0.055401
v -1.164177 -2.319567 -0.073392
v 0.204886 2.438877 -0.035501
v -0.362929 2.565273 -0.072988
v -0.123139 2.454969 -0.038270
v -1.434618 2.291547 -0.102421
v -0.720934 2.323083 -0.031537
v -2.019951 1.397541 -0.037629
v -2.372283 -0.612554 -0.035677
v -0.568658 -2.460264 -0.055006
v -0.269222 2.657559 -0.094003
v -0.362759 2.565723 -0.073099
v -0.122974 2.455428 -0.038388
v -2.471211 0.920766 -0.084852
v -0.568487 -2.460714 -0.055110
v -0.647350 -2.492187 -0.068023
v 0.033563 -2.461380 -0.038384
v -0.050558 -2.502753 -0.049277
v -0.313582 2.681292 -0.102349
v -0.269041 2.657631 -0.094938
v -0.269584 2.656632 -0.094694
v -0.352021 2.703324 -0.108408
v -0.527499 2.646750 -0.101688
v -0.541393 2.652735 -0.104403
v -0.568279 2.666280 -0.108630
v 0.942471 2.558136 -0.109305
v -0.139284 2.589573 -0.074562
v -0.115566 2.579088 -0.071518
v -0.115512 2.577873 -0.071200
v -0.092016 2.567514 -0.068245
v -0.083943 2.562276 -0.066811
v -0.080975 2.562159 -0.066756
v -0.081780 2.561286 -0.066535
v -0.080451 2.561790 -0.065759
v -0.080901 2.561997 -0.065818
v -0.081254 2.561610 -0.065721
v -0.079914 2.561673 -0.066620
v -0.080717 2.560800 -0.066399
v -0.176595 2.608977 -0.079306
v -0.177615 2.608995 -0.079325
v -0.177651 2.609499 -0.079460
v -0.237142 2.640864 -0.089777
v -0.237029 2.639604 -0.089444
v -0.212265 2.627805 -0.085821
v -0.212163 2.626554 -0.085491
v -0.180039 2.609634 -0.080458
v -0.187575 2.613612 -0.081628
v -0.501279 2.633925 -0.097540
v -0.501104 2.632998 -0.097294
v -0.474493 2.620740 -0.092873
v -0.474330 2.619840 -0.092632
v -0.362578 2.565786 -0.074033
v -0.363047 2.564751 -0.073782
v -0.404943 2.586567 -0.081040
v -0.406096 2.586504 -0.080480
v -0.448060 2.607744 -0.088325
v -0.447900 2.606817 -0.088077
v -0.408270 2.588205 -0.081598
v -0.421807 2.593920 -0.083627
v -0.406199 2.586189 -0.080992
v 0.967833 2.507430 -0.099231
v 0.968355 2.506431 -0.099038
v 0.972405 2.498691 -0.097536
v 0.981387 2.484939 -0.095038
v 0.980865 2.483616 -0.094666
v 0.011516 2.519616 -0.055302
v 0.011046 2.518581 -0.055030
v 0.067072 2.495748 -0.049281
v 0.067041 2.494614 -0.048986
v 0.107832 2.478261 -0.045090
v 0.089107 2.486289 -0.046990
v 0.107386 2.477217 -0.044811
v 0.039240 2.507700 -0.052256
v 0.039657 2.506359 -0.051908
v 0.040626 2.507106 -0.052106
v 0.040387 2.507088 -0.051284
v 0.000000 2.524908 -0.056672
v 0.000000 2.523693 -0.056355
v -0.022707 2.535339 -0.059428
v -0.022696 2.534169 -0.059122
v -0.160003 2.472456 -0.043748
v -0.160716 2.472870 -0.044431
v -0.161313 2.472177 -0.044261
v -0.160997 2.472384 -0.043751
v -0.159670 2.472384 -0.044287
v -0.160270 2.471691 -0.044116
v -0.045606 2.545878 -0.062263
v -0.045585 2.544708 -0.061957
v -0.320980 2.546589 -0.067609
v -0.320854 2.545590 -0.067344
v -0.296518 2.535312 -0.063911
v -0.296416 2.534439 -0.063680
v -0.272324 2.524170 -0.060307
v -0.272238 2.523378 -0.060098
v -0.248387 2.513154 -0.056798
v -0.224702 2.502255 -0.053380
v -0.248313 2.512389 -0.056599
v -0.224634 2.501490 -0.053180
v -0.201260 2.491482 -0.050051
v -0.201194 2.490672 -0.049838
v 1.285533 2.404218 -0.109305
v 1.025442 2.405235 -0.080123
v 1.014579 2.425620 -0.083937
v 1.010574 2.430480 -0.084702
v 1.013598 2.425053 -0.083700
v 0.205180 2.439408 -0.036568
v 0.204761 2.438346 -0.036283
v 0.239837 2.426574 -0.034046
v 0.239729 2.425494 -0.033762
v 0.175917 2.451072 -0.039010
v 0.175838 2.449965 -0.038719
v 0.197214 2.441388 -0.036907
v 0.276556 2.412903 -0.030696
v 0.274519 2.413128 -0.030699
v 0.141898 2.464014 -0.041016
v 0.141794 2.464590 -0.041162
v 0.141790 2.464698 -0.041996
v 0.140252 2.464167 -0.041836
v 0.143421 2.464041 -0.041851
v 0.141881 2.463519 -0.041691
v -0.132311 2.459838 -0.040585
v -0.123268 2.454447 -0.039059
v -0.109780 2.449866 -0.037690
v -0.087458 2.440254 -0.034942
v -0.087425 2.439309 -0.034695
v -0.059024 2.427969 -0.031207
v 1.307394 2.318979 -0.092515
v 1.294740 2.367921 -0.102097
v 1.302921 2.338950 -0.096499
v 1.298565 2.354367 -0.099475
v 1.302606 2.340066 -0.096715
v 1.297827 2.352846 -0.099033
v 1.076013 2.324262 -0.066144
v 1.074726 2.324244 -0.065999
v 1.074978 2.324748 -0.065282
v 1.063440 2.342064 -0.069009
v 1.063467 2.344098 -0.069497
v 1.057752 2.353152 -0.071037
v 1.056780 2.352558 -0.070791
v 1.075284 2.325405 -0.066336
v 1.040724 2.381718 -0.076060
v -0.840332 2.307225 -0.038494
v -0.809679 2.310519 -0.036616
v -0.818243 2.310726 -0.037404
v -0.791496 2.314029 -0.035073
v -0.791862 2.313480 -0.034967
v -0.793094 2.312805 -0.035757
v -0.792280 2.314020 -0.035989
v -0.792166 2.313939 -0.035105
v -0.791618 2.313012 -0.035683
v -0.790808 2.314218 -0.035915
v -0.751523 2.318448 -0.033717
v -0.751859 2.319483 -0.034002
v -0.729568 2.321391 -0.032704
v -0.729905 2.322462 -0.032999
v -0.720980 2.323677 -0.032613
v -0.908820 2.301078 -0.043342
v -0.862889 2.304768 -0.039933
v 1.580139 2.221860 -0.109305
v 1.336437 2.231139 -0.075551
v 1.323495 2.271099 -0.083738
v 1.336293 2.230023 -0.076193
v 1.338849 2.222508 -0.074853
v 1.336941 2.231616 -0.076638
v 1.335924 2.231121 -0.076388
v 1.314711 2.299296 -0.088975
v 1.317087 2.291682 -0.087560
v 1.316646 2.293086 -0.087821
v 1.315845 2.291889 -0.087445
v 1.316655 2.292528 -0.086788
v 1.103139 2.281161 -0.058072
v 1.102662 2.280999 -0.057979
v 1.103274 2.280954 -0.058040
v 1.103409 2.280756 -0.058007
v 1.102797 2.280792 -0.057947
v 1.102932 2.280594 -0.057915
v 1.103175 2.281350 -0.059034
v 1.101879 2.281242 -0.058861
v 1.103823 2.280378 -0.058881
v 1.102707 2.280000 -0.058665
v 1.112922 2.264799 -0.056255
v 1.127934 2.244342 -0.053210
v 1.127376 2.243235 -0.052885
v 1.141677 2.221851 -0.049592
v -0.988677 2.293284 -0.049431
v -1.002258 2.293635 -0.050923
v -0.988749 2.294418 -0.049712
v -0.978129 2.294193 -0.048556
v -0.978588 2.295264 -0.048861
v -0.931518 2.298099 -0.044824
v -0.954765 2.296164 -0.046663
v -0.931941 2.299143 -0.045118
v -1.097154 2.288064 -0.059067
v -1.098171 2.287533 -0.059921
v -1.097496 2.288541 -0.059218
v -1.174248 2.285283 -0.068241
v -1.174815 2.286399 -0.068569
v -1.167840 2.286444 -0.067752
v -1.148823 2.285940 -0.065383
v -1.123695 2.286750 -0.062649
v -1.099278 2.288595 -0.060294
v -1.124217 2.287803 -0.062958
v -1.078200 2.288127 -0.057821
v -1.096875 2.287578 -0.059784
v -1.096281 2.288694 -0.059981
v -1.078245 2.289270 -0.058095
v -1.025730 2.291205 -0.052823
v -1.026198 2.292249 -0.053123
v -1.252710 2.284860 -0.077762
v -1.226331 2.285031 -0.074513
v -1.226907 2.286120 -0.074834
v -1.345680 2.286723 -0.090199
v -1.345644 2.287857 -0.090449
v -1.307079 2.285940 -0.084953
v -1.307709 2.287038 -0.085283
v -1.200177 2.285175 -0.071340
v -1.200735 2.286255 -0.071659
v -1.381293 2.289441 -0.094716
v -1.434510 2.291034 -0.103216
v -1.434447 2.292168 -0.103457
v -1.380780 2.288460 -0.095287
v -1.382265 2.288532 -0.095503
v -1.391697 2.289000 -0.096878
v -1.381302 2.289576 -0.095607
v -1.471833 2.294967 -0.109305
v 1.595925 2.162289 -0.099106
v 1.595097 2.161164 -0.098740
v 1.589256 2.183601 -0.101658
v 1.588176 2.185563 -0.102826
v 1.375281 2.130789 -0.059527
v 1.198359 2.141112 -0.037988
v 1.356525 2.174727 -0.066609
v 1.183815 2.163423 -0.040395
v 1.150146 2.211195 -0.048139
v 1.149210 2.210547 -0.047877
v 1.155996 2.201007 -0.046479
v 1.170954 2.181783 -0.043872
v 1.183824 2.163612 -0.041297
v 1.182780 2.163189 -0.041071
v 1.185210 2.161650 -0.041020
v -1.171791 2.141652 -0.034749
v -1.170036 2.142732 -0.034779
v -1.144341 2.142408 -0.031513
v -1.334475 2.148870 -0.057817
v -1.271034 2.144649 -0.048276
v -1.278819 2.146305 -0.049682
v -1.208034 2.142120 -0.039460
v -1.225305 2.142831 -0.041846
v -1.208007 2.143254 -0.039715
v -1.498716 2.168661 -0.084799
v -1.524177 2.171370 -0.090082
v -1.498914 2.167725 -0.085525
v -1.497906 2.168706 -0.085587
v -1.500363 2.167932 -0.085786
v -1.499355 2.168913 -0.085847
v -1.460952 2.163360 -0.078982
v -1.419957 2.157375 -0.071730
v -1.586844 2.182080 -0.101884
v -1.604169 2.185518 -0.105284
v -1.605339 2.185752 -0.105514
v -1.624590 2.189559 -0.109305
v 1.607022 2.123049 -0.092627
v 1.625364 2.060364 -0.082583
v 1.396575 2.080992 -0.051706
v 1.406313 2.059815 -0.048547
v 1.404927 2.060148 -0.048416
v 1.210986 2.124282 -0.035778
v 1.210239 2.125272 -0.035908
v 1.634328 2.035659 -0.078096
v 1.635354 2.034534 -0.078923
v 1.647657 1.998417 -0.073620
v 1.646595 1.998030 -0.073365
v 1.646901 1.997202 -0.073248
v 1.656990 1.973163 -0.070102
v 1.656171 1.972191 -0.069770
v 1.418004 2.034417 -0.044812
v 1.428750 2.010036 -0.041213
v 1.440531 1.988643 -0.038462
v 1.451898 1.966998 -0.035644
v -1.506411 1.964955 -0.043785
v -1.461960 1.977393 -0.039396
v -1.417545 1.989948 -0.035235
v -1.372581 2.003979 -0.031513
v 1.938348 1.905771 -0.107135
v 1.922598 1.933356 -0.109305
v 1.670490 1.936677 -0.065128
v 1.665333 1.947405 -0.066371
v 1.684980 1.900380 -0.060465
v 1.684161 1.899462 -0.060142
v 1.694376 1.876854 -0.057516
v 1.693917 1.874946 -0.057065
v -1.689390 1.932339 -0.067507
v -1.643022 1.937910 -0.060705
v -1.597131 1.945758 -0.054596
v -1.551465 1.954803 -0.048935
v -1.701882 1.929720 -0.069149
v -1.701549 1.930899 -0.069322
v -1.701441 1.930764 -0.068368
v -1.874583 1.917606 -0.097557
v -1.828476 1.919460 -0.089529
v -1.806786 1.920900 -0.085911
v -1.806354 1.919802 -0.085625
v -1.781946 1.921422 -0.081579
v -1.735587 1.925715 -0.074227
v -1.898955 1.916148 -0.101751
v -1.899234 1.917264 -0.102010
v -1.899639 1.917093 -0.101146
v -1.900152 1.917093 -0.101238
v -1.900125 1.916130 -0.101966
v -1.920708 1.915842 -0.105710
v -1.900413 1.917246 -0.102226
v -1.939806 1.916112 -0.109305
v 1.963386 1.858674 -0.103288
v 1.980927 1.829271 -0.101381
v 1.990683 1.812864 -0.100357
v 2.005623 1.791345 -0.099487
v 2.004777 1.790598 -0.099191
v 1.721007 1.814736 -0.050320
v 1.719972 1.814277 -0.050045
v 1.704141 1.854003 -0.054815
v 2.046591 1.726851 -0.096514
v 2.047077 1.727103 -0.095743
v 2.047689 1.727256 -0.096801
v 2.018655 1.770744 -0.098465
v 2.017791 1.769988 -0.098164
v 2.031219 1.749837 -0.097355
v 1.748520 1.754940 -0.044116
v 1.732563 1.786980 -0.047164
v 1.733175 1.788285 -0.047521
v 2.081079 1.679889 -0.095649
v 2.113335 1.636716 -0.095253
v 2.112426 1.636023 -0.094955
v 1.777977 1.695126 -0.038675
v 1.777086 1.695504 -0.037680
v 1.807929 1.638084 -0.034245
v 1.777113 1.694334 -0.038367
v 1.794474 1.661331 -0.035756
v -1.811592 1.628571 -0.033291
v -1.800090 1.631163 -0.031513
v 2.180151 1.552305 -0.096107
v 2.191941 1.540569 -0.096843
v 2.191023 1.539921 -0.096548
v 2.129886 1.613910 -0.095054
v 2.160882 1.577289 -0.095838
v 2.145600 1.595775 -0.095490
v 2.159982 1.576632 -0.095546
v -1.859778 1.616556 -0.040648
v -1.932111 1.603236 -0.051890
v -2.018889 1.587441 -0.067849
v -2.020104 1.588395 -0.068253
v -2.013408 1.589367 -0.067040
v -1.988451 1.592508 -0.062442
v -1.989603 1.593435 -0.062827
v -1.931472 1.602372 -0.052527
v -1.958634 1.597611 -0.057218
v -1.959768 1.598538 -0.057600
v -2.168469 1.568946 -0.096166
v -2.234511 1.562817 -0.109305
v 2.224026 1.504362 -0.098369
v 2.257245 1.468623 -0.100436
v 2.256282 1.467993 -0.100135
v 2.273454 1.450362 -0.101409
v 2.215566 1.511850 -0.097648
v 2.288925 1.434432 -0.102603
v 2.357316 1.370793 -0.108401
v -2.019636 1.397109 -0.038420
v -2.020059 1.398162 -0.038668
v -1.987776 1.410852 -0.033665
v -1.988991 1.411491 -0.034021
v -1.987632 1.412076 -0.033820
v -1.971981 1.418790 -0.031513
v -2.048616 1.385589 -0.042969
v -2.073627 1.375617 -0.046947
v -2.074698 1.376328 -0.047285
v -2.049696 1.386318 -0.043308
v -2.116539 1.359480 -0.053121
v -2.117331 1.359165 -0.053248
v -2.215062 1.321968 -0.070772
v -2.215440 1.323039 -0.070999
v -2.178612 1.335504 -0.064444
v -2.179773 1.336215 -0.064800
v -2.152656 1.346241 -0.060154
v -2.116539 1.358427 -0.053890
v -2.115585 1.360020 -0.053906
v -2.125917 1.356141 -0.055628
v -2.323872 1.285221 -0.090639
v -2.314386 1.289343 -0.089002
v -2.294694 1.296039 -0.085363
v -2.263779 1.305426 -0.079560
v -2.265012 1.306146 -0.079933
v -2.235798 1.316100 -0.074645
v 2.116125 1.193511 -0.031513
v -2.362914 1.273071 -0.098081
v -2.362680 1.274286 -0.098176
v -2.363256 1.273935 -0.097412
v -2.363850 1.273755 -0.097526
v -2.364165 1.272684 -0.098321
v -2.363922 1.273899 -0.098415
v -2.397591 1.262253 -0.104754
v -2.420865 1.255224 -0.109289
v 2.148498 1.156530 -0.034257
v 2.147643 1.155774 -0.033967
v 2.158740 1.143786 -0.035042
v 2.175138 1.127649 -0.036878
v 2.190600 1.110900 -0.038474
v 2.189547 1.110369 -0.038167
v 2.191932 1.107768 -0.038419
v 2.129877 1.177797 -0.032644
v -2.182176 1.131303 -0.038953
v -2.166183 1.141977 -0.036546
v -2.166795 1.142931 -0.036804
v -2.183283 1.131879 -0.039279
v -2.203164 1.117281 -0.042159
v -2.131992 1.164918 -0.031513
v 2.220480 1.080057 -0.041883
v 2.219652 1.080912 -0.041786
v 2.239155 1.060932 -0.044112
v 2.256165 1.044363 -0.046301
v 2.273301 1.027686 -0.048559
v 2.255094 1.043868 -0.045992
v 2.272212 1.027200 -0.048247
v 2.205576 1.093791 -0.039967
v -2.321136 1.035273 -0.060789
v -2.321793 1.036200 -0.061045
v -2.310201 1.044399 -0.059153
v -2.247489 1.088805 -0.049232
v -2.245824 1.089984 -0.048976
v -2.225439 1.103655 -0.045767
v -2.279718 1.065972 -0.054278
v -2.280060 1.064415 -0.054185
v -2.280663 1.065306 -0.054427
v -2.280438 1.065324 -0.053536
v 2.284290 1.015410 -0.049871
v 2.290761 1.010991 -0.050943
v 2.307681 0.993873 -0.053207
v 2.326959 0.977583 -0.056176
v 2.363742 0.943626 -0.061705
v -2.351394 1.012728 -0.065658
v -2.352537 1.013223 -0.065983
v -2.436507 0.947514 -0.079780
v -2.437668 0.947964 -0.080106
v -2.397375 0.978285 -0.073262
v -2.398563 0.977358 -0.073457
v -2.398500 0.978843 -0.073589
v -2.398392 0.978771 -0.072635
v 2.433222 0.886555 -0.073354
v 2.432502 0.885677 -0.073099
v 2.444895 0.875934 -0.075273
v 2.466558 0.858868 -0.079125
v 2.384298 0.927174 -0.065127
v 2.383092 0.926706 -0.064789
v -2.483802 0.910938 -0.087091
v -2.483280 0.911370 -0.087001
v -2.483892 0.909588 -0.087868
v -2.483910 0.911010 -0.087999
v -2.482758 0.910533 -0.087674
v -2.482776 0.911946 -0.087806
v -2.470797 0.920424 -0.085642
v -2.471508 0.921315 -0.085897
v -2.518533 0.880835 -0.093858
v -2.518776 0.882049 -0.094022
v -2.543904 0.861194 -0.098453
v -2.521782 0.878135 -0.094424
v 2.591001 0.767241 -0.102755
v 2.556846 0.792802 -0.096149
v 2.556378 0.791775 -0.095951
v 2.536227 0.807474 -0.092153
v 2.555424 0.792448 -0.095765
v 2.494899 0.838345 -0.084403
v 2.494998 0.836875 -0.084305
v 2.494800 0.838247 -0.083469
v 2.493693 0.839244 -0.084179
v 2.493792 0.837772 -0.084081
v 2.494269 0.838646 -0.083369
v -2.564379 0.841814 -0.101925
v -2.604924 0.807600 -0.108421
v 2.622969 0.747013 -0.108410
v 2.693538 0.089949 -0.100778
v 2.724246 0.135807 -0.109305
v 2.659464 0.039846 -0.091544
v 2.671101 0.058216 -0.094672
v 2.637342 0.010240 -0.085675
v 2.635947 0.010234 -0.085311
v 2.687976 0.080135 -0.099238
v 2.687436 0.081310 -0.099105
v 2.688021 0.081280 -0.098356
v 2.623095 -0.008843 -0.081949
v 2.618163 -0.013280 -0.080660
v 2.585484 -0.056579 -0.072261
v 2.594232 -0.045464 -0.074497
v 2.593458 -0.044631 -0.074292
v 2.594034 -0.045488 -0.073539
v 2.526768 -0.126049 -0.057551
v 2.525346 -0.125979 -0.057180
v 2.506842 -0.148816 -0.052671
v 2.505996 -0.148065 -0.052437
v 2.546766 -0.103209 -0.062510
v -2.707812 -0.167071 -0.105426
v -2.707452 -0.169129 -0.105365
v -2.706975 -0.168024 -0.105224
v -2.723625 -0.150435 -0.108461
v 2.705193 -0.254903 -0.106511
v 2.716884 -0.244129 -0.109305
v 2.466081 -0.192997 -0.042823
v 2.456469 -0.201972 -0.039600
v 2.457180 -0.202147 -0.040694
v 2.456829 -0.200900 -0.040576
v 2.456244 -0.203104 -0.040471
v 2.455893 -0.201857 -0.040353
v 2.428092 -0.230428 -0.033758
v 2.418345 -0.241733 -0.031513
v -2.685663 -0.194042 -0.100113
v -2.684799 -0.193303 -0.099875
v -2.644704 -0.243340 -0.090485
v -2.644047 -0.242453 -0.090292
v -2.644632 -0.242485 -0.089606
v -2.644983 -0.242065 -0.089688
v -2.645451 -0.242447 -0.090658
v -2.644785 -0.241562 -0.090464
v -2.657394 -0.228064 -0.093432
v 2.664819 -0.295560 -0.096190
v 2.664882 -0.295715 -0.097108
v 2.653173 -0.305535 -0.094352
v 2.638755 -0.321966 -0.091106
v -2.618001 -0.273745 -0.084303
v -2.620701 -0.272268 -0.084964
v -2.705535 -0.321410 -0.108436
v -2.706183 -0.321457 -0.107696
v -2.568393 -0.336775 -0.073333
v -2.699388 -0.329329 -0.107081
v -2.709333 -0.317493 -0.109305
v 2.603367 -0.358339 -0.083153
v 2.616669 -0.343076 -0.086066
v 2.578608 -0.385168 -0.077729
v 2.577294 -0.384973 -0.077381
v 2.554164 -0.411675 -0.072476
v 2.553309 -0.410921 -0.072225
v -2.506464 -0.420425 -0.060531
v -2.537379 -0.379036 -0.066829
v -2.521233 -0.400646 -0.063512
v -2.520729 -0.399553 -0.063337
v -2.521485 -0.400124 -0.062744
v -2.521980 -0.399651 -0.063665
v -2.521476 -0.398556 -0.063491
v -2.521845 -0.399650 -0.062817
v -2.553075 -0.358045 -0.070108
v -2.551797 -0.357867 -0.069771
v -2.614986 -0.421768 -0.088600
v -2.648025 -0.384018 -0.095655
v -2.678364 -0.351128 -0.102338
v 2.475720 -0.502205 -0.055635
v 2.506077 -0.466616 -0.062528
v 2.476485 -0.502238 -0.056708
v 2.475954 -0.501154 -0.056515
v 2.471778 -0.506180 -0.055702
v 2.512989 -0.458711 -0.063940
v 2.512746 -0.457286 -0.063811
v 2.512818 -0.458343 -0.062974
v 2.512458 -0.459125 -0.062917
v 2.512350 -0.458511 -0.062861
v 2.512872 -0.458650 -0.063002
v -2.476818 -0.461188 -0.054745
v -2.475657 -0.460972 -0.054436
v -2.491236 -0.440835 -0.057508
v -2.490003 -0.440617 -0.057180
v -2.449503 -0.499765 -0.049662
v -2.450025 -0.498850 -0.048929
v -2.450196 -0.498797 -0.049788
v -2.461392 -0.481152 -0.051757
v -2.550888 -0.499194 -0.075636
v -2.562147 -0.485758 -0.076972
v -2.561814 -0.486174 -0.076908
v -2.561778 -0.487211 -0.077846
v -2.561229 -0.486092 -0.077650
v -2.561994 -0.485121 -0.077799
v -2.585367 -0.457433 -0.082506
v -2.584089 -0.457207 -0.082166
v 2.458350 -0.522310 -0.053126
v 2.413827 -0.580652 -0.045129
v 2.426076 -0.565098 -0.047308
v 2.424888 -0.564822 -0.046989
v -2.383308 -0.595203 -0.038280
v -2.382309 -0.596692 -0.038119
v -2.491767 -0.580487 -0.064954
v -2.406537 -0.560559 -0.042061
v -2.501595 -0.568579 -0.066768
v -2.500902 -0.567605 -0.066535
v -2.501820 -0.567211 -0.065843
v -2.502297 -0.567580 -0.066890
v -2.501613 -0.566606 -0.066658
v -2.520639 -0.539700 -0.070004
v -2.433114 -0.521013 -0.046596
v -2.537127 -0.519520 -0.073145
v 2.396628 -0.603667 -0.042191
v 2.395476 -0.603379 -0.041881
v 2.369916 -0.639431 -0.037789
v 2.382336 -0.622798 -0.039812
v 2.381184 -0.622497 -0.039501
v 2.368998 -0.638760 -0.037512
v -2.356488 -0.638636 -0.034341
v -2.367621 -0.618961 -0.035835
v -2.336481 -0.670097 -0.030709
v -2.438217 -0.664871 -0.056770
v -2.427228 -0.681130 -0.055127
v -2.437236 -0.664282 -0.056483
v -2.464803 -0.622813 -0.060707
v 2.328255 -0.698291 -0.031513
v 2.328354 -0.697960 -0.030595
v -2.392470 -0.743686 -0.050191
v -2.392569 -0.743697 -0.051067
v -2.412756 -0.707620 -0.053401
v -2.343195 -0.840119 -0.046801
v -2.361996 -0.801881 -0.048155
v -2.360925 -0.801516 -0.047858
v -2.327238 -0.872100 -0.045761
v -2.328444 -0.872172 -0.046064
v -2.302371 -0.931920 -0.045373
v -2.301318 -0.931479 -0.045074
v -2.304891 -0.923217 -0.045127
v -2.323566 -0.882775 -0.045840
v -2.314701 -0.903192 -0.045593
v -2.321181 -0.885232 -0.045488
v -2.281158 -0.985560 -0.045654
v -2.282661 -0.978225 -0.045262
v -2.296440 -0.943764 -0.045097
v -2.250153 -1.073184 -0.047739
v -2.259000 -1.047192 -0.046942
v -2.257497 -1.048146 -0.046688
v -2.258937 -1.047075 -0.046025
v -2.258091 -1.046400 -0.046639
v -2.265246 -1.025313 -0.046048
v -2.232639 -1.126104 -0.049718
v -2.233116 -1.124439 -0.049633
v -2.233386 -1.125474 -0.048905
v -2.220723 -1.168269 -0.051991
v 2.296620 -1.277349 -0.083014
v 2.225592 -1.270491 -0.065950
v 2.224908 -1.269294 -0.065640
v 2.122650 -1.262715 -0.040742
v 2.123064 -1.262274 -0.040775
v 2.123298 -1.262742 -0.040890
v 2.122974 -1.262733 -0.040816
v 2.123388 -1.262283 -0.040849
v 2.123712 -1.262301 -0.040924
v 2.187909 -1.265874 -0.056797
v 2.123235 -1.262967 -0.041823
v 2.133405 -1.263372 -0.044163
v 2.142000 -1.263948 -0.046171
v 2.124243 -1.261887 -0.041905
v 2.121741 -1.262904 -0.041478
v 2.122749 -1.261824 -0.041560
v 2.201616 -1.267143 -0.060071
v 2.200644 -1.268178 -0.059984
v 2.079000 -1.260078 -0.031513
v -2.075337 -1.267440 -0.031693
v -2.205396 -1.234968 -0.055885
v -2.205036 -1.234329 -0.055721
v -2.197656 -1.270383 -0.059593
v -2.197548 -1.265100 -0.058882
v -2.205540 -1.234797 -0.056793
v -2.204721 -1.233330 -0.056419
v -2.204343 -1.235004 -0.056546
v -2.207934 -1.224150 -0.055981
v -2.213478 -1.201461 -0.054401
v -2.212470 -1.200912 -0.054100
v -2.074644 -1.267260 -0.030591
v 2.402091 -1.293963 -0.109305
v 2.350782 -1.285188 -0.096415
v -2.179332 -1.363821 -0.068075
v -2.184210 -1.342068 -0.066161
v -2.087541 -1.334760 -0.043720
v -2.188359 -1.317795 -0.063794
v -2.187801 -1.314339 -0.063205
v -2.191968 -1.293387 -0.061338
v 2.244618 -1.435281 -0.092492
v 2.324745 -1.428450 -0.109305
v 2.152854 -1.438908 -0.072000
v 2.160360 -1.439475 -0.074634
v 2.153664 -1.438440 -0.073028
v 2.214459 -1.437297 -0.086148
v 2.106225 -1.440213 -0.063007
v 2.052090 -1.439475 -0.051252
v 2.005668 -1.437612 -0.041060
v 2.004741 -1.436451 -0.040686
v 1.962558 -1.434948 -0.031513
v -2.104155 -1.426326 -0.060510
v -2.105388 -1.427154 -0.060899
v -2.094525 -1.370220 -0.050288
v -2.095632 -1.370004 -0.050500
v -2.100123 -1.396338 -0.055266
v -2.171826 -1.416111 -0.073777
v -2.180088 -1.366548 -0.068619
v -2.161557 -1.513599 -0.085823
v -2.112138 -1.473252 -0.069187
v -2.113254 -1.473072 -0.069399
v -2.167317 -1.463748 -0.079681
v 2.242971 -1.553802 -0.109305
v 2.123658 -1.542561 -0.081228
v 2.165328 -1.546008 -0.091519
v 2.123622 -1.543236 -0.082243
v 2.123874 -1.542129 -0.082126
v 2.122704 -1.542048 -0.081866
v 2.056842 -1.539096 -0.067537
v 2.002707 -1.538367 -0.056136
v 1.982439 -1.539762 -0.052162
v 1.981962 -1.539114 -0.051051
v 1.981242 -1.539780 -0.051918
v 1.948617 -1.540230 -0.045271
v 1.878462 -1.543470 -0.031513
v -2.122209 -1.536099 -0.079995
v -2.122299 -1.536702 -0.080104
v -2.156229 -1.613427 -0.099994
v -2.132145 -1.618746 -0.095794
v -2.133333 -1.619646 -0.096187
v -2.128230 -1.585977 -0.089829
v -2.127150 -1.576986 -0.088206
v -2.128275 -1.576833 -0.088418
v -2.129463 -1.586886 -0.090229
v -2.158227 -1.563675 -0.092709
v -2.121471 -1.537485 -0.080904
v -2.122452 -1.536702 -0.080994
v -2.121282 -1.536198 -0.080668
v -1.740483 -1.697694 -0.031513
v -2.140614 -1.680954 -0.107492
v -2.136087 -1.652055 -0.101910
v -2.140470 -1.692348 -0.109305
v -2.155680 -1.672908 -0.109305
v 2.094345 -1.731849 -0.106415
v 2.095596 -1.730508 -0.106444
v 2.058660 -1.737951 -0.100274
v 2.112093 -1.727682 -0.109305
v 2.022183 -1.745169 -0.094234
v 2.021121 -1.744251 -0.093866
v 1.907748 -1.770567 -0.076351
v 1.908234 -1.769298 -0.076217
v 1.908630 -1.769712 -0.075478
v 1.990953 -1.751361 -0.089138
v 1.990710 -1.750254 -0.088898
v 1.964142 -1.757400 -0.084937
v 1.963134 -1.756491 -0.084582
v 1.909098 -1.770225 -0.076548
v 1.924164 -1.766409 -0.078776
v 1.923894 -1.765311 -0.078528
v 1.881009 -1.776201 -0.072249
v 1.857807 -1.783230 -0.069120
v 1.830015 -1.791078 -0.065325
v 1.829106 -1.790196 -0.064993
v -1.779003 -1.766499 -0.050412
v -1.779282 -1.766463 -0.051358
v -1.777761 -1.766022 -0.050994
v -1.778733 -1.765482 -0.051075
v 1.726200 -1.821138 -0.051875
v 1.708200 -1.828464 -0.050038
v 1.791918 -1.801851 -0.060239
v 1.791594 -1.800762 -0.059977
v 1.731654 -1.820625 -0.052756
v 1.754838 -1.812246 -0.055375
v 1.684233 -1.835457 -0.047119
v 1.661220 -1.844466 -0.044812
v 1.661256 -1.843251 -0.044582
v 1.617516 -1.860621 -0.040397
v 1.616742 -1.859730 -0.040088
v 1.596060 -1.867353 -0.038065
v 1.595493 -1.868802 -0.038256
v -1.822005 -1.848192 -0.074380
v -1.796742 -1.797675 -0.060355
v 1.538622 -1.891509 -0.033294
v 1.538640 -1.890861 -0.032258
v 1.537668 -1.890672 -0.032966
v 1.515933 -1.901049 -0.031513
v -1.593513 -1.919157 -0.047999
v -1.595349 -1.919220 -0.048318
v -1.630197 -1.949622 -0.060258
v -1.596762 -1.920399 -0.048791
v -1.630917 -1.948758 -0.060206
v -1.544022 -1.878306 -0.031513
v -1.594980 -1.920372 -0.048488
v -1.858419 -1.917465 -0.093110
v -1.855890 -1.913361 -0.091850
v -1.856286 -1.913154 -0.091885
v -1.856088 -1.913262 -0.091868
v -1.855665 -1.912920 -0.091726
v -1.857780 -1.918122 -0.093997
v -1.858995 -1.918068 -0.094209
v -1.860651 -1.921434 -0.095140
v -1.855584 -1.913649 -0.092758
v -1.856565 -1.913127 -0.092840
v -1.855080 -1.912623 -0.092473
v -1.856061 -1.912101 -0.092557
v -1.694925 -2.006277 -0.082499
v -1.695915 -2.005656 -0.082541
v -1.695996 -2.006817 -0.081881
v -1.696014 -2.006223 -0.081766
v -1.695816 -2.007051 -0.082804
v -1.696806 -2.006430 -0.082846
v -1.885203 -1.972950 -0.108384
v -1.885545 -1.972617 -0.108385
v -1.772064 -2.075262 -0.109305
v -1.175571 -2.147190 -0.035774
v -1.140768 -2.147424 -0.031513
v -1.221336 -2.147091 -0.041592
v -1.245618 -2.148054 -0.044977
v -1.285272 -2.150691 -0.050834
v -1.300050 -2.153193 -0.053388
v -1.301211 -2.153301 -0.053569
v -1.364301 -2.159034 -0.063517
v -1.403856 -2.164758 -0.070363
v -1.403694 -2.165874 -0.070586
v -1.459206 -2.175630 -0.079799
v -1.459692 -2.175252 -0.079787
v -1.457694 -2.175504 -0.080459
v -1.458567 -2.175504 -0.079679
v -1.459053 -2.175126 -0.079666
v -1.482012 -2.179167 -0.084817
v -1.459161 -2.175792 -0.080736
v -1.520460 -2.187834 -0.092381
v -1.558674 -2.197509 -0.100196
v -1.560987 -2.199336 -0.100936
v 0.875862 -2.268501 -0.031513
v -0.934056 -2.259339 -0.034940
v -0.963990 -2.264928 -0.039315
v -1.019367 -2.280120 -0.048751
v -1.018809 -2.278878 -0.048394
v -0.938079 -2.259141 -0.035291
v -0.911763 -2.254317 -0.031513
v -1.064214 -2.291496 -0.056331
v -1.046592 -2.285889 -0.053063
v -1.104642 -2.302908 -0.063539
v -1.090206 -2.298831 -0.060957
v -1.089459 -2.297481 -0.060555
v -1.091016 -2.297922 -0.060834
v -1.091727 -2.299254 -0.061229
v 0.958338 -2.363010 -0.062436
v 0.930960 -2.333337 -0.052568
v -1.133559 -2.309946 -0.068499
v -1.164240 -2.319765 -0.074368
v -1.164312 -2.318595 -0.074104
v -1.261494 -2.348871 -0.092855
v -1.298133 -2.362470 -0.100558
v -1.299123 -2.362137 -0.099737
v -1.340964 -2.376879 -0.108416
v 1.045107 -2.447484 -0.091556
v 1.051596 -2.454648 -0.093950
v 1.052955 -2.454351 -0.094018
v 1.015434 -2.420106 -0.081940
v 0.985716 -2.392746 -0.072349
v 0.993258 -2.398524 -0.074494
v 0.357062 -2.422491 -0.035058
v 0.357070 -2.422608 -0.035955
v 0.355529 -2.422176 -0.035783
v 0.358422 -2.421852 -0.035811
v 0.400116 -2.398641 -0.031513
v 0.308577 -2.451246 -0.041654
v 0.308423 -2.450031 -0.041332
v 0.287843 -2.464215 -0.044367
v 0.287700 -2.462991 -0.044044
v 0.019271 -2.468535 -0.041135
v 0.018707 -2.467590 -0.040886
v 0.019147 -2.467932 -0.040108
v 0.087223 -2.436810 -0.033223
v 0.065672 -2.446728 -0.035638
v 0.033693 -2.461452 -0.039326
v 0.043933 -2.455521 -0.037811
v 0.033198 -2.460426 -0.039056
v 0.020299 -2.468031 -0.041004
v 0.101270 -2.429700 -0.030655
v -0.489290 -2.430366 -0.043894
v -0.470916 -2.425308 -0.041665
v -0.470852 -2.424642 -0.040618
v -0.412798 -2.405517 -0.033833
v -0.436217 -2.412339 -0.036652
v -0.469393 -2.424786 -0.041456
v -0.470793 -2.424093 -0.041349
v -0.394254 -2.399622 -0.031513
v -0.518278 -2.441634 -0.047457
v -0.518773 -2.441823 -0.047532
v -0.518632 -2.442417 -0.048538
v -0.519172 -2.441454 -0.048321
v -0.517551 -2.442012 -0.048377
v -0.533755 -2.448006 -0.050793
v -0.568321 -2.460795 -0.056045
v -0.558558 -2.455998 -0.054245
v -0.584054 -2.465880 -0.058271
v 1.101357 -2.497020 -0.109305
v 0.209936 -2.515398 -0.054751
v 0.181656 -2.534199 -0.059986
v 0.266947 -2.477427 -0.047190
v 0.259376 -2.480874 -0.047883
v 0.210830 -2.514921 -0.055557
v 0.224594 -2.504175 -0.053064
v 0.209880 -2.515596 -0.055711
v 0.209059 -2.514795 -0.055485
v 0.159963 -2.551389 -0.064090
v -0.111417 -2.534703 -0.058202
v -0.111234 -2.534055 -0.058033
v -0.110462 -2.534334 -0.058953
v -0.111142 -2.533461 -0.058732
v -0.111497 -2.534874 -0.059106
v -0.112180 -2.534010 -0.058885
v -0.133266 -2.545035 -0.062034
v -0.148505 -2.554701 -0.063905
v -0.149138 -2.554503 -0.063863
v -0.147073 -2.554044 -0.064589
v -0.148522 -2.553594 -0.064493
v -0.148494 -2.554143 -0.063758
v 0.000000 -2.478012 -0.043590
v 0.000000 -2.476815 -0.043278
v -0.022253 -2.487759 -0.046166
v -0.067417 -2.511744 -0.052648
v -0.044729 -2.500026 -0.049452
v -0.044707 -2.498766 -0.049124
v -0.067384 -2.510484 -0.052320
v -0.148457 -2.554818 -0.064813
v -0.149907 -2.554368 -0.064717
v -0.615649 -2.479020 -0.062702
v -0.614618 -2.479263 -0.063561
v -0.615540 -2.478462 -0.063415
v -0.657490 -2.496021 -0.069689
v -0.656009 -2.496057 -0.070498
v -0.657135 -2.496543 -0.070694
v -0.657999 -2.495706 -0.070538
v -0.690444 -2.510835 -0.076564
v -0.690074 -2.509494 -0.076200
v -0.725183 -2.525766 -0.082787
v -0.725638 -2.524722 -0.082559
v -0.746256 -2.535450 -0.086753
v -0.745843 -2.534046 -0.086371
v -0.774989 -2.548662 -0.092220
v -0.774562 -2.547258 -0.091836
v 0.128798 -2.574672 -0.069718
v 0.075958 -2.615298 -0.079787
v 0.093117 -2.601357 -0.076284
v 0.077066 -2.614371 -0.079555
v 0.047246 -2.640597 -0.086221
v 0.102416 -2.595453 -0.074839
v -0.160604 -2.561613 -0.066770
v -0.184584 -2.575023 -0.070690
v -0.184491 -2.573727 -0.070352
v -0.208847 -2.588604 -0.074714
v -0.208739 -2.587263 -0.074362
v -0.233470 -2.603076 -0.079033
v -0.233349 -2.601735 -0.078679
v -0.258297 -2.616603 -0.083164
v -0.294316 -2.638005 -0.089723
v -0.802580 -2.560119 -0.097214
v -0.804211 -2.562180 -0.097855
v -0.803745 -2.560695 -0.097447
v -0.860644 -2.589936 -0.109305
v 0.023804 -2.661027 -0.091482
v 0.023791 -2.659560 -0.091097
v 0.004416 -2.676498 -0.095505
v -0.004252 -2.686029 -0.097998
v -0.003398 -2.685246 -0.097791
v -0.034629 -2.712525 -0.104986
v -0.051334 -2.728788 -0.109305
v -0.309428 -2.648895 -0.092993
v -0.309263 -2.647482 -0.092624
v -0.363658 -2.682996 -0.102730
v -0.363933 -2.682609 -0.102639
v -0.364784 -2.682573 -0.103552
v -0.363174 -2.682870 -0.103571
v -0.363817 -2.681961 -0.103360
v -0.392558 -2.700879 -0.109305
v 2.512773 -0.458030 -0.062965
v -0.529478 2.647191 -0.101896
v -1.459134 -2.175378 -0.079732
v -1.458810 -2.175315 -0.079672
v -1.459449 -2.175441 -0.079793
v -0.177788 2.608446 -0.080108
v 0.719520 2.536221 -0.084836
v 0.669520 2.596422 -0.096620
v 0.303833 2.675289 -0.099544
v 0.823710 2.420292 -0.063992
v 2.505456 -0.265443 -0.053846
v 2.433672 -0.279655 -0.035589
v -2.549196 -0.626339 -0.081395
v 1.394721 -2.217516 -0.079743
v 1.342827 -2.232177 -0.075896
v 0.368536 2.592804 -0.080287
v 0.303646 2.675145 -0.099500
v 0.304019 2.675433 -0.099586
v 0.368909 2.593092 -0.080376
v 0.990369 2.257725 -0.040116
v 0.877678 2.364492 -0.054968
v 0.823537 2.420121 -0.063936
v 0.719341 2.536059 -0.084783
v 0.669338 2.596269 -0.096569
v 0.669702 2.596575 -0.096672
v 0.719699 2.536383 -0.084888
v 0.771246 2.477496 -0.073971
v 0.823884 2.420463 -0.064049
v 0.878018 2.364843 -0.055084
v 2.342700 0.953364 -0.056602
v 2.466585 -0.809865 -0.073810
v 2.524689 -0.818276 -0.088943
v 2.582334 -0.828591 -0.104116
v 2.408256 -0.803404 -0.058798
v 2.433609 -0.279435 -0.035567
v 2.505402 -0.265222 -0.053826
v 2.505501 -0.265664 -0.053865
v 2.433726 -0.279874 -0.035611
v 1.649277 -2.123142 -0.097761
v 1.599192 -2.144652 -0.094300
v 1.548567 -2.164857 -0.090755
v 1.497582 -2.183712 -0.087137
v 1.446120 -2.201244 -0.083433
v 1.394640 -2.217282 -0.079681
v 1.342755 -2.231943 -0.075834
v 1.290492 -2.245191 -0.071886
v 1.077039 -2.284584 -0.055156
v 0.914535 -2.299632 -0.041828
v 1.022967 -2.291487 -0.050893
v 1.131075 -2.277249 -0.059592
v 1.342899 -2.232411 -0.075958
v 1.394793 -2.217741 -0.079805
v 1.446282 -2.201703 -0.083558
v -0.409162 -2.602833 -0.083647
v -0.340239 -2.612814 -0.083665
v -0.136563 -2.653620 -0.089483
v -0.203752 -2.638482 -0.086662
v -0.271869 -2.625009 -0.084756
v -0.409226 -2.603319 -0.083776
v -0.616800 -2.584104 -0.089379
v -0.685618 -2.581341 -0.093075
v -0.754494 -2.580396 -0.097685
v -1.249578 -2.201514 -0.056660
v -1.249479 -2.201037 -0.056538
v -1.050822 -2.224977 -0.038133
v -2.090277 -1.513023 -0.069586
v -2.210319 -1.494537 -0.092547
v -2.150541 -1.504770 -0.081180
v -2.029977 -1.520655 -0.058063
v -2.548953 -0.626325 -0.081332
v -2.549439 -0.626353 -0.081458
v -2.551023 -0.586984 -0.079484
v -2.611188 -0.236134 -0.080627
v -2.560365 -0.096166 -0.065041
v -2.493378 -0.227977 -0.049747
v -2.432979 -0.363826 -0.038278
v -2.405385 -0.432966 -0.034088
v -2.526579 -0.161578 -0.057072
v -2.596725 -0.032134 -0.074139
v -2.673729 0.093347 -0.094674
v -2.598165 0.507964 -0.087409
v -2.451555 0.361336 -0.043110
v -1.830807 1.910181 -0.087241
v -1.857501 1.867953 -0.084212
v -1.944855 1.744527 -0.078525
v -1.976121 1.704855 -0.077802
v -2.110194 1.555680 -0.080856
v -2.145996 1.520841 -0.083099
v -1.560519 2.030466 -0.065035
v -1.578294 1.920963 -0.045497
v -1.545642 2.196174 -0.097658
v -0.890877 2.308935 -0.042594
v -0.908739 2.256474 -0.031546
v -0.860015 2.414451 -0.065668
v -0.846512 2.467713 -0.077651
v -0.834428 2.521317 -0.089932
v -0.823667 2.575659 -0.102579
v -0.566387 -2.385294 -0.035739
v -0.646435 -2.390604 -0.042247
v -0.806196 -2.407470 -0.058571
v -0.885810 -2.418990 -0.068307
v -0.964881 -2.432508 -0.078984
v -1.043577 -2.448078 -0.090581
v -1.121202 -2.465556 -0.102958
v -2.379636 -0.502599 -0.030962
v -1.643319 -2.135940 -0.099457
v -1.446876 -2.171292 -0.077016
v 1.049265 2.206173 -0.034254
v -1.643193 -2.135472 -0.099340
v -0.478371 -2.595120 -0.084707
v 0.623184 2.653995 -0.109305
v 0.624732 2.653635 -0.108361
v 0.623990 2.653806 -0.108360
v 0.303235 2.676477 -0.099847
v 0.302746 2.676342 -0.099796
v 0.303548 2.676063 -0.099747
v 0.302901 2.676135 -0.099747
v 0.303057 2.675919 -0.099698
v 0.303347 2.676639 -0.100839
v 0.302159 2.676297 -0.100717
v 0.304268 2.675406 -0.100546
v 0.302899 2.675307 -0.100480
v 0.303351 2.674704 -0.100337
v 0.311592 2.664273 -0.097868
v 0.276880 2.712045 -0.109305
v 0.275374 2.712198 -0.109305
v 0.276643 2.712072 -0.108405
v 0.276007 2.712135 -0.108406
v 0.276325 2.712099 -0.108405
v 0.676254 2.587908 -0.094966
v 0.669016 2.595828 -0.097395
v 0.675222 2.588367 -0.095918
v 0.677394 2.587548 -0.095853
v 0.676066 2.587359 -0.095717
v 0.647413 2.625096 -0.103434
v 0.369144 2.593083 -0.081339
v 0.353187 2.613315 -0.086003
v 0.352979 2.611776 -0.085596
v 0.368242 2.592354 -0.081119
v 0.332664 2.639352 -0.092060
v 0.332470 2.637813 -0.091655
v -0.819730 2.600058 -0.109305
v 0.719898 2.536374 -0.085859
v 0.719020 2.535618 -0.085607
v 0.740510 2.512812 -0.081435
v 0.740135 2.511543 -0.081088
v 0.771432 2.477505 -0.074945
v 0.770571 2.476722 -0.074684
v 0.413281 2.539677 -0.068381
v 0.412761 2.539560 -0.068329
v 0.413021 2.539614 -0.068355
v 0.412928 2.540100 -0.068476
v 0.412408 2.539983 -0.068424
v 0.412668 2.540037 -0.068450
v 0.451679 2.494659 -0.059362
v 0.412607 2.538993 -0.069063
v 0.413016 2.540235 -0.069399
v 0.411806 2.539965 -0.069279
v 0.413817 2.539272 -0.069185
v 0.432196 2.515359 -0.063809
v 0.464569 2.478981 -0.055071
v 0.464360 2.480160 -0.056240
v 0.463790 2.479143 -0.055951
v 0.465161 2.479251 -0.056043
v 0.464593 2.478234 -0.055755
v 0.470404 2.471601 -0.054326
v -0.837719 2.507709 -0.087781
v -0.833570 2.520903 -0.090719
v -0.828050 2.554698 -0.098662
v 0.821475 2.423073 -0.064509
v 0.821038 2.422830 -0.064411
v 0.821640 2.422893 -0.064479
v 0.821804 2.422722 -0.064449
v 0.821201 2.422650 -0.064381
v 0.821364 2.422470 -0.064351
v 0.821469 2.423280 -0.065502
v 0.820432 2.422695 -0.065271
v 0.822266 2.422416 -0.065355
v 0.821228 2.421831 -0.065124
v 0.848270 2.395578 -0.060944
v 0.847855 2.394408 -0.060619
v 0.804398 2.441766 -0.068674
v 0.804011 2.440524 -0.068335
v 0.804100 2.441901 -0.067778
v 0.803933 2.441370 -0.067632
v 0.804016 2.441631 -0.067705
v 0.803500 2.442738 -0.068842
v 0.803115 2.441496 -0.068503
v 0.803551 2.441784 -0.067704
v 0.504775 2.434017 -0.046442
v 0.489112 2.450208 -0.049770
v -0.849637 2.456247 -0.076043
v -0.849307 2.456742 -0.075245
v -0.849185 2.457219 -0.075353
v -0.849360 2.457345 -0.076290
v -0.848196 2.457273 -0.076171
v -0.860270 2.414307 -0.066614
v -0.859160 2.413992 -0.066439
v 0.878180 2.364861 -0.056062
v 0.901044 2.342604 -0.052723
v 0.883014 2.358561 -0.054953
v 0.918450 2.325666 -0.050248
v 0.916776 2.325729 -0.050105
v 0.918396 2.325558 -0.049314
v 0.917667 2.325585 -0.049253
v 0.919692 2.324460 -0.050076
v 0.932994 2.309898 -0.047831
v 0.572900 2.360190 -0.031513
v -0.893230 2.301933 -0.041173
v -0.893772 2.302473 -0.042254
v -0.892508 2.302608 -0.042167
v -0.892908 2.301438 -0.041920
v -0.890017 2.313912 -0.044686
v -0.875212 2.361441 -0.054954
v -0.874111 2.361099 -0.054770
v 1.039770 2.215272 -0.036299
v 1.002051 2.248149 -0.039108
v 1.001502 2.247978 -0.039008
v 1.001619 2.248527 -0.039150
v 0.990054 2.257257 -0.040930
v 1.022085 2.229276 -0.037676
v 0.987921 2.260803 -0.041553
v 0.995436 2.252559 -0.040376
v 1.002609 2.247807 -0.039997
v 1.001340 2.247411 -0.039768
v 1.001610 2.248680 -0.040101
v 0.996300 2.251803 -0.040287
v 0.953325 2.292708 -0.045684
v 0.952875 2.291610 -0.045373
v -0.900999 2.281251 -0.037768
v -0.911331 2.251362 -0.031513
v -1.545057 2.215551 -0.102675
v -1.542600 2.248050 -0.109305
v 1.074303 2.186157 -0.033340
v 1.073799 2.185131 -0.033042
v 1.057005 2.200521 -0.034745
v 1.049706 2.206587 -0.035360
v 1.048950 2.205705 -0.035066
v 1.097937 2.166528 -0.031513
v 1.097523 2.166744 -0.030601
v -1.546974 2.176239 -0.093660
v -1.547217 2.175321 -0.094397
v -1.548378 2.140608 -0.087196
v -1.546092 2.175132 -0.094184
v -1.547145 2.176437 -0.094622
v -1.544697 2.195913 -0.098420
v -1.554642 2.085564 -0.076562
v -1.555515 2.068455 -0.073110
v -1.553490 2.085429 -0.076355
v -1.551510 2.119305 -0.083177
v -1.550259 2.120403 -0.083214
v -1.551348 2.120979 -0.083506
v -1.550097 2.122077 -0.083545
v -1.734498 2.085573 -0.105667
v -1.722987 2.113059 -0.108370
v -1.569141 1.975440 -0.056035
v -1.561185 2.030403 -0.066088
v -1.560033 2.030241 -0.065871
v -1.801494 1.960014 -0.092457
v -1.777005 2.004258 -0.096761
v -1.756737 2.040366 -0.100394
v -1.578483 1.920837 -0.046462
v -1.579545 1.915455 -0.045547
v -1.573407 1.950465 -0.051636
v -1.572003 1.951887 -0.051697
v -1.586556 1.879257 -0.038513
v -1.586430 1.879914 -0.038623
v -1.586151 1.880076 -0.038609
v -1.585872 1.880238 -0.038596
v -1.585557 1.879203 -0.039275
v -1.829943 1.909569 -0.087928
v -1.824579 1.918587 -0.088664
v -1.835784 1.901361 -0.086522
v -1.836108 1.900848 -0.086484
v -1.836432 1.900335 -0.086445
v -1.851705 1.875171 -0.085439
v -1.852533 1.876008 -0.085747
v -1.836045 1.899939 -0.087218
v -1.838403 1.898364 -0.087347
v -1.589760 1.858962 -0.035947
v -1.597491 1.829883 -0.031513
v -1.864908 1.855020 -0.084140
v -1.885635 1.826130 -0.082719
v -1.877814 1.835742 -0.083002
v -1.878219 1.837191 -0.083344
v -1.878516 1.836579 -0.082355
v -1.879056 1.835949 -0.083272
v -1.933380 1.758153 -0.079641
v -1.934226 1.758927 -0.079942
v -1.913787 1.784343 -0.080522
v -1.914732 1.785027 -0.080825
v -1.947537 1.739424 -0.079111
v -1.962900 1.721793 -0.079060
v -2.041542 1.628283 -0.079133
v -2.008377 1.666173 -0.078661
v -1.976544 1.702686 -0.078472
v -2.087298 1.578495 -0.079672
v -2.109411 1.554960 -0.081538
v -2.087514 1.577496 -0.080474
v -2.089368 1.577226 -0.080820
v -2.085120 1.579953 -0.080360
v -2.075409 1.591581 -0.080191
v -2.068848 1.596981 -0.079689
v -2.145222 1.520112 -0.083784
v -2.136438 1.530291 -0.083451
v -2.181951 1.486218 -0.086608
v -2.165742 1.501203 -0.085335
v -2.164842 1.502031 -0.085266
v -2.166075 1.502310 -0.084644
v -2.165949 1.502571 -0.085584
v -2.220624 1.453917 -0.090321
v -2.304828 1.384716 -0.099338
v -2.259360 1.421751 -0.094296
v -2.345895 1.354971 -0.103700
v -2.344977 1.356375 -0.104617
v -2.347047 1.353504 -0.104706
v -2.346444 1.355340 -0.104810
v -2.379528 1.331922 -0.109305
v 2.452446 1.023735 -0.091113
v 2.451789 1.024671 -0.091049
v 2.491632 1.052886 -0.103516
v 2.492163 1.052787 -0.102698
v 2.492757 1.052274 -0.103724
v 2.510046 1.066125 -0.109305
v 2.397537 0.988374 -0.074303
v 2.349711 0.957216 -0.058756
v 2.350035 0.957090 -0.059705
v 2.349144 0.957873 -0.059564
v 2.349063 0.956469 -0.059407
v 2.286756 0.919254 -0.040650
v 2.255580 0.903144 -0.031513
v -2.621142 0.533546 -0.095571
v -2.660328 0.576041 -0.107897
v -2.660256 0.574283 -0.107781
v -2.664909 0.580313 -0.108354
v -2.524833 0.432682 -0.065032
v -2.524266 0.432764 -0.065803
v -2.524500 0.431386 -0.065802
v -2.526201 0.433043 -0.066315
v -2.537010 0.445780 -0.069664
v -2.564874 0.474402 -0.078168
v -2.566773 0.474755 -0.078674
v -2.593404 0.503748 -0.086933
v -2.598525 0.507365 -0.088431
v -2.451888 0.360718 -0.044131
v -2.452941 0.363348 -0.044502
v -2.480544 0.390178 -0.052700
v -2.424483 0.336963 -0.036150
v -2.426427 0.337235 -0.036663
v -2.408724 0.321172 -0.030597
v -2.672802 0.093778 -0.095395
v -2.682738 0.106548 -0.098112
v -2.699397 0.131428 -0.102754
v -2.697993 0.131359 -0.102387
v -2.714877 0.156561 -0.107150
v -2.722581 0.165439 -0.109305
v -2.631708 0.026331 -0.084239
v -2.631213 0.027766 -0.084114
v -2.713122 0.022038 -0.105521
v -2.651409 0.057775 -0.089521
v -2.665359 0.081960 -0.093337
v -2.727225 0.048898 -0.109305
v -2.669058 -0.074175 -0.093315
v -2.663253 -0.086343 -0.092798
v -2.568951 -0.082065 -0.068111
v -2.668824 -0.076312 -0.094181
v -2.678967 -0.049725 -0.096676
v -2.581659 -0.059340 -0.071274
v -2.580390 -0.059312 -0.070942
v -2.594493 -0.036398 -0.074523
v -2.595780 -0.031726 -0.074848
v -2.696868 -0.013632 -0.101245
v -2.608137 -0.013235 -0.078036
v -2.606823 -0.013229 -0.077694
v -2.552022 -0.113369 -0.064002
v -2.520792 -0.171034 -0.056675
v -2.534427 -0.146880 -0.059844
v -2.532015 -0.149036 -0.059244
v -2.550690 -0.113456 -0.063655
v -2.648475 -0.123354 -0.089318
v -2.559834 -0.095991 -0.065859
v -2.637936 -0.155206 -0.086993
v 2.717802 -0.233943 -0.109305
v 2.679975 -0.239584 -0.099583
v 2.679543 -0.238861 -0.098536
v 2.679066 -0.238537 -0.099323
v 2.649888 -0.241996 -0.091804
v 2.577438 -0.253645 -0.073226
v 2.577258 -0.252514 -0.073148
v -2.490210 -0.236283 -0.050077
v -2.489013 -0.236170 -0.049761
v -2.492838 -0.227806 -0.050562
v -2.500578 -0.214698 -0.052271
v -2.628693 -0.178288 -0.084958
v -2.608119 -0.247396 -0.081048
v -2.610162 -0.235883 -0.081312
v -2.619963 -0.208329 -0.083259
v -2.622114 -0.201435 -0.083674
v -2.614941 -0.224446 -0.082290
v -2.619549 -0.209655 -0.083180
v -2.618694 -0.208511 -0.082933
v -2.619828 -0.208414 -0.082313
v -2.619657 -0.208974 -0.082280
v -2.619738 -0.208694 -0.082296
v 2.505330 -0.265982 -0.054787
v 2.505114 -0.264855 -0.054699
v 2.474973 -0.271990 -0.047062
v 2.474694 -0.270879 -0.046958
v 2.474307 -0.271842 -0.045938
v 2.474199 -0.271396 -0.045898
v 2.474793 -0.271748 -0.046060
v 2.474676 -0.271301 -0.046020
v 2.473839 -0.272215 -0.046773
v 2.473560 -0.271104 -0.046669
v 2.433312 -0.279068 -0.036438
v 2.413701 -0.284663 -0.031513
v -2.469483 -0.279908 -0.044950
v -2.450619 -0.321405 -0.042271
v -2.469879 -0.280489 -0.045978
v -2.460879 -0.300368 -0.044244
v -2.468637 -0.280479 -0.045656
v -2.469321 -0.278990 -0.045789
v -2.591109 -0.308725 -0.077498
v -2.590893 -0.312293 -0.078380
v -2.589759 -0.312026 -0.078077
v -2.590641 -0.308559 -0.078201
v -2.599443 -0.273816 -0.079478
v -2.408688 -0.426280 -0.035587
v -2.407536 -0.426077 -0.035281
v -2.415861 -0.405285 -0.036507
v -2.433510 -0.364106 -0.039386
v -2.425329 -0.384585 -0.038082
v -2.424195 -0.384406 -0.037781
v -2.432529 -0.363439 -0.039106
v -2.574522 -0.389675 -0.076853
v -2.582235 -0.350719 -0.077409
v -2.581092 -0.350480 -0.077105
v -2.402820 -0.441303 -0.033848
v -2.403018 -0.440786 -0.033871
v -2.393109 -0.467848 -0.033564
v -2.405925 -0.433217 -0.035198
v -2.402316 -0.439655 -0.034570
v -2.401866 -0.440895 -0.034510
v -2.559555 -0.489052 -0.076455
v -2.558421 -0.489651 -0.077102
v -2.561103 -0.476828 -0.077165
v -2.567565 -0.430636 -0.076732
v -2.557431 -0.507776 -0.077753
v -2.375910 -0.515368 -0.031665
v -2.553768 -0.547319 -0.078894
v -2.552607 -0.547223 -0.078591
v -2.550708 -0.575910 -0.079719
v -2.551239 -0.576091 -0.078950
v -2.551842 -0.576335 -0.080032
v -2.549970 -0.586877 -0.080167
v -2.549016 -0.665685 -0.084824
v -2.549313 -0.636215 -0.082059
v -2.548827 -0.635492 -0.081890
v -2.549313 -0.635802 -0.082034
v -2.549322 -0.635388 -0.082009
v -2.548836 -0.634663 -0.081840
v -2.549889 -0.617962 -0.082004
v -2.549430 -0.635226 -0.082969
v -2.548296 -0.633529 -0.082574
v -2.548746 -0.617686 -0.081697
v -2.548386 -0.705091 -0.087341
v -2.549799 -0.740122 -0.090184
v 2.598210 -0.832060 -0.109305
v 2.452338 -0.808642 -0.070206
v 2.466414 -0.809448 -0.074691
v 2.452212 -0.807766 -0.071021
v 2.407995 -0.803676 -0.059714
v 2.451600 -0.808845 -0.070958
v 2.408103 -0.802535 -0.059647
v 2.452824 -0.808990 -0.071275
v 2.549700 -0.822167 -0.096438
v 2.550240 -0.822623 -0.095707
v 2.550879 -0.823531 -0.096842
v 2.550834 -0.822360 -0.096736
v 2.349720 -0.798279 -0.044811
v 2.297151 -0.794784 -0.031513
v -2.552607 -0.784131 -0.094180
v -2.555640 -0.816793 -0.097483
v -2.556765 -0.816454 -0.097737
v -2.556720 -0.817251 -0.096843
v -2.556270 -0.817687 -0.096766
v -2.556774 -0.817876 -0.096907
v -2.556324 -0.818313 -0.096829
v -2.556549 -0.818094 -0.096868
v -2.556270 -0.823702 -0.098196
v -2.558574 -0.843033 -0.100328
v -2.566665 -0.902715 -0.107361
v -2.562111 -0.863137 -0.102871
v -2.561886 -0.869608 -0.103350
v -2.569239 -0.917718 -0.109305
v -1.908918 -1.530474 -0.035554
v -1.938582 -1.527360 -0.041122
v -2.005983 -1.523058 -0.054384
v -2.004642 -1.522041 -0.053944
v -2.039256 -1.519728 -0.060817
v -2.037915 -1.518738 -0.060382
v -1.888389 -1.531302 -0.031513
v -2.117889 -1.509513 -0.075019
v -2.118276 -1.508919 -0.075012
v -2.118528 -1.509585 -0.076024
v -2.118366 -1.508451 -0.075818
v -2.117457 -1.509738 -0.075819
v -2.117295 -1.508613 -0.075613
v -2.165616 -1.502367 -0.085015
v -2.167371 -1.500909 -0.085173
v -2.163816 -1.501512 -0.084501
v -2.150397 -1.504977 -0.082139
v -2.162673 -1.501710 -0.084284
v -2.165445 -1.501728 -0.083955
v -2.072430 -1.515795 -0.067190
v -2.071080 -1.514805 -0.066753
v -2.210175 -1.494744 -0.093506
v -2.204838 -1.494492 -0.092308
v -2.269674 -1.482963 -0.104764
v -2.293884 -1.477509 -0.109305
v 1.802394 -2.046678 -0.108864
v 1.765413 -2.067657 -0.106661
v 1.747674 -2.076972 -0.105523
v 1.742517 -2.078214 -0.104900
v 1.720899 -2.090139 -0.103684
v 1.768905 -2.065146 -0.105836
v 1.768446 -2.065947 -0.105916
v 1.768671 -2.065542 -0.105876
v 1.768095 -2.065569 -0.105782
v 1.767636 -2.066370 -0.105862
v 1.767861 -2.065974 -0.105823
v 1.795428 -2.051898 -0.108688
v 1.768536 -2.066010 -0.106870
v 1.697859 -2.100165 -0.101903
v 1.676007 -2.111496 -0.100641
v 1.675278 -2.110578 -0.100334
v 1.649475 -2.123709 -0.098870
v 1.648998 -2.122647 -0.098572
v -1.719045 -2.119407 -0.109305
v 1.599372 -2.145219 -0.095409
v 1.607346 -2.140548 -0.095673
v 1.584504 -2.149926 -0.094072
v 1.562310 -2.160015 -0.092779
v 1.548738 -2.165442 -0.091863
v 1.538685 -2.167926 -0.090860
v 1.422990 -2.207877 -0.082545
v 1.434240 -2.205573 -0.083645
v 1.434789 -2.204187 -0.083421
v 1.434915 -2.205249 -0.082751
v 1.435158 -2.204646 -0.082652
v 1.497735 -2.184297 -0.088245
v 1.497339 -2.183199 -0.087950
v 1.470078 -2.193711 -0.086217
v 1.469421 -2.192730 -0.085908
v 1.435626 -2.205141 -0.083749
v 1.436175 -2.203755 -0.083525
v 1.394424 -2.216751 -0.080493
v -1.112733 -2.217192 -0.044349
v -1.136241 -2.214393 -0.046480
v -1.136646 -2.215194 -0.046714
v -1.183680 -2.208651 -0.050916
v -1.159884 -2.211540 -0.048669
v -1.160307 -2.212341 -0.048904
v -1.184130 -2.209479 -0.051162
v -1.249326 -2.200497 -0.057354
v -1.249497 -2.201649 -0.057639
v -1.353402 -2.184810 -0.067719
v -1.353888 -2.185602 -0.067963
v -1.328787 -2.188572 -0.065190
v -1.329273 -2.189373 -0.065436
v -1.207629 -2.205699 -0.053224
v -1.232289 -2.203701 -0.055891
v -1.302291 -2.193522 -0.062733
v -1.303434 -2.193342 -0.062845
v -1.303263 -2.192802 -0.062088
v -1.441296 -2.171652 -0.076333
v -1.442043 -2.171787 -0.076464
v -1.439793 -2.171886 -0.076178
v -1.442799 -2.171913 -0.076600
v -1.378701 -2.181813 -0.070565
v -1.403145 -2.177115 -0.072971
v -1.403712 -2.177988 -0.073245
v -1.437705 -2.171688 -0.076735
v -1.441179 -2.172282 -0.077368
v -1.441188 -2.171139 -0.077119
v -1.469412 -2.166279 -0.080179
v -1.479420 -2.165532 -0.081484
v -1.504827 -2.160942 -0.084271
v -1.529874 -2.155533 -0.086884
v -1.530441 -2.156325 -0.087139
v -1.555704 -2.150889 -0.089833
v -1.556280 -2.151681 -0.090088
v -1.581741 -2.146173 -0.092855
v -1.582344 -2.147001 -0.093122
v -1.607976 -2.141394 -0.095949
v -1.608642 -2.142285 -0.096240
v -1.642995 -2.134950 -0.100159
v -1.643229 -2.136093 -0.100433
v 1.394766 -2.217867 -0.080788
v 1.377000 -2.222889 -0.079434
v 1.212642 -2.262651 -0.066943
v 1.290582 -2.245785 -0.072992
v 1.282689 -2.246388 -0.072095
v 1.236267 -2.257980 -0.068813
v 1.237716 -2.256504 -0.068659
v 1.342863 -2.232537 -0.076941
v 1.306143 -2.240664 -0.073866
v 1.138905 -2.275413 -0.060093
v 1.189152 -2.267304 -0.065138
v 1.188594 -2.266242 -0.064823
v 1.140534 -2.275746 -0.061299
v 1.140228 -2.274630 -0.061003
v 1.139094 -2.275386 -0.060108
v 1.138788 -2.275935 -0.060200
v 1.136997 -2.275179 -0.060754
v 1.117926 -2.278113 -0.059223
v 1.094895 -2.282604 -0.057649
v 1.077057 -2.285187 -0.056260
v 1.094382 -2.281524 -0.057336
v 1.047852 -2.288643 -0.053856
v 1.047357 -2.287563 -0.053543
v 1.139040 -2.275485 -0.060119
v 1.138806 -2.275899 -0.060188
v 0.901899 -2.300631 -0.040891
v 0.930681 -2.299155 -0.044240
v 0.930231 -2.298048 -0.043926
v 0.902493 -2.300721 -0.041892
v 1.022904 -2.291613 -0.051874
v 1.022778 -2.290452 -0.051584
v 0.968661 -2.295465 -0.047151
v 0.860403 -2.301243 -0.038076
v -0.968814 -2.234346 -0.032468
v -1.089360 -2.219946 -0.042275
v -1.089810 -2.220855 -0.042540
v -1.113147 -2.218029 -0.044594
v -1.047708 -2.224770 -0.038693
v -1.048347 -2.225850 -0.039021
v -1.048635 -2.225706 -0.038083
v -1.048959 -2.224626 -0.038800
v -0.497205 -2.382621 -0.032073
v -0.488680 -2.382171 -0.030561
v -0.566320 -2.385402 -0.036722
v -0.587632 -2.385681 -0.038104
v -0.587914 -2.386824 -0.038411
v -0.549618 -2.384619 -0.034622
v -0.552813 -2.383710 -0.035490
v -0.550780 -2.384664 -0.034699
v -0.550666 -2.384169 -0.034567
v -0.551649 -2.384205 -0.034633
v -0.548541 -2.384682 -0.035483
v -0.610714 -2.387229 -0.039967
v -0.519440 -2.382396 -0.033231
v -0.550305 -2.384358 -0.034593
v -0.611004 -2.388354 -0.040272
v -0.633923 -2.388750 -0.041884
v -0.634230 -2.389902 -0.042196
v -0.657357 -2.390595 -0.043948
v -0.657680 -2.391765 -0.044265
v -0.681048 -2.392809 -0.046176
v -0.715733 -2.397021 -0.048854
v -0.716160 -2.396031 -0.049566
v -0.714793 -2.397048 -0.049719
v -0.716507 -2.397210 -0.049887
v -0.728925 -2.397273 -0.050834
v -0.761440 -2.401161 -0.054334
v -0.760307 -2.402151 -0.054491
v -0.760270 -2.402025 -0.053564
v -0.760763 -2.401593 -0.053496
v -0.759946 -2.400981 -0.054171
v -0.758815 -2.401971 -0.054328
v -0.759619 -2.401953 -0.053493
v -0.760111 -2.401521 -0.053425
v -0.802726 -2.406021 -0.058880
v -0.803129 -2.407227 -0.059214
v -0.828360 -2.410800 -0.062215
v -1.013715 -2.441157 -0.086842
v -0.853433 -2.413302 -0.064992
v -0.853853 -2.414490 -0.065322
v -0.879146 -2.416992 -0.068174
v -0.879590 -2.418216 -0.068514
v -0.958635 -2.430411 -0.078827
v -0.986481 -2.436918 -0.083111
v -1.041768 -2.446683 -0.091020
v -1.042317 -2.447970 -0.091385
v -1.070541 -2.453136 -0.095550
v -1.071108 -2.454423 -0.095915
v -1.099710 -2.459706 -0.100206
v -1.121283 -2.464548 -0.103684
v -1.100286 -2.460993 -0.100574
v -1.145961 -2.470821 -0.107872
v -1.152756 -2.473710 -0.109305
v -0.270182 -2.624784 -0.084746
v -0.340340 -2.613399 -0.084779
v -0.203807 -2.638581 -0.087647
v -0.189293 -2.640687 -0.087907
v -0.203566 -2.637438 -0.087345
v -0.212647 -2.635665 -0.087062
v -0.236082 -2.632182 -0.086676
v -0.270815 -2.625315 -0.085768
v -0.269323 -2.624433 -0.085496
v -0.272439 -2.625009 -0.085732
v -0.270922 -2.624109 -0.085456
v -0.282548 -2.622120 -0.085252
v -0.305966 -2.619267 -0.085194
v -0.305835 -2.618160 -0.084901
v -0.329098 -2.614164 -0.084597
v -0.352385 -2.610501 -0.084436
v -0.419637 -2.602086 -0.083916
v -0.419817 -2.601816 -0.083854
v -0.419997 -2.601546 -0.083793
v -0.420256 -2.602014 -0.083924
v -0.420437 -2.601744 -0.083863
v -0.420618 -2.601474 -0.083801
v -0.375867 -2.608251 -0.084701
v -0.375707 -2.607135 -0.084408
v -0.420412 -2.602095 -0.084874
v -0.421246 -2.600853 -0.084586
v -0.418928 -2.602275 -0.084859
v -0.419765 -2.601024 -0.084570
v -0.446031 -2.599053 -0.085189
v -0.445841 -2.597946 -0.084895
v -0.469499 -2.596272 -0.085539
v -0.469296 -2.595147 -0.085239
v -0.478244 -2.594067 -0.085388
v -0.502209 -2.593014 -0.086282
v -0.540165 -2.588343 -0.087038
v -0.566093 -2.586984 -0.087201
v -0.566440 -2.587560 -0.088276
v -0.588167 -2.586111 -0.089143
v -0.611902 -2.583384 -0.089852
v -0.636370 -2.583420 -0.091366
v -0.660687 -2.582439 -0.092667
v -0.636094 -2.582295 -0.091064
v -0.685099 -2.581467 -0.094031
v -0.685533 -2.580279 -0.093762
v -0.709471 -2.579982 -0.095321
v -0.754419 -2.579343 -0.098374
v -0.759546 -2.580576 -0.099057
v -0.784458 -2.579784 -0.100727
v -0.823267 -2.581440 -0.104169
v 0.000139 -2.690520 -0.099168
v 0.024135 -2.697990 -0.101150
v 0.024124 -2.696811 -0.100841
v 0.062116 -2.709825 -0.104411
v 0.048388 -2.704362 -0.102900
v 0.115556 -2.726817 -0.109305
v -0.001385 -2.689935 -0.098065
v -0.001601 -2.689611 -0.097979
v -0.001818 -2.689278 -0.097893
v -0.000672 -2.690151 -0.098125
v -0.001109 -2.689503 -0.097953
v -0.008126 -2.688081 -0.098538
v -0.023995 -2.682411 -0.097076
v -0.047894 -2.676840 -0.095701
v -0.069588 -2.669505 -0.093910
v -0.165967 -2.647104 -0.089172
v -0.095324 -2.663016 -0.092420
v -0.136634 -2.653719 -0.090467
v -0.118968 -2.658183 -0.091408
v -0.136364 -2.652585 -0.090167
v -1.551240 2.120295 -0.082404
v -1.551168 2.121015 -0.082536
v -1.550718 2.120745 -0.082412
v -1.550970 2.120520 -0.082404
v -0.760190 -2.401773 -0.053494
v -0.759865 -2.401737 -0.053459
v -0.760516 -2.401809 -0.053530
v 1.422765 2.306550 -0.104083
v 1.463445 2.136864 -0.072654
v 1.431405 2.278839 -0.099122
v 1.467657 2.107812 -0.067026
v 1.471113 2.078661 -0.061308
v 2.445012 0.536223 -0.049700
v 2.446425 0.432531 -0.044776
v 2.445012 0.328840 -0.040229
v 0.676310 -2.504085 -0.072935
v 0.631309 -2.552847 -0.082329
v 0.518674 2.385444 -0.033808
v 0.673564 2.524602 -0.078718
v 0.595195 2.455401 -0.056128
v 1.422990 2.306649 -0.104134
v 1.431630 2.278920 -0.099171
v 1.463679 2.136918 -0.072701
v 1.471347 2.078706 -0.061352
v 1.474047 2.049555 -0.055556
v 1.470879 2.078616 -0.061264
v 1.463220 2.136801 -0.072607
v 1.431180 2.278749 -0.099071
v 1.422549 2.306460 -0.104033
v 2.379492 1.159230 -0.087378
v 2.397123 1.056171 -0.080205
v 2.424501 0.848286 -0.066874
v 2.434149 0.744172 -0.060779
v 2.441088 0.639844 -0.055058
v 2.445255 0.536219 -0.049762
v 2.445264 0.328823 -0.040292
v 2.441097 0.225198 -0.036138
v 2.434167 0.120868 -0.032379
v 2.440611 0.225243 -0.036011
v 2.444769 0.328857 -0.040166
v 2.446182 0.432540 -0.044713
v 2.444760 0.536228 -0.049637
v 2.433654 0.744158 -0.060655
v 2.396637 1.056117 -0.080083
v 2.358702 1.261722 -0.094748
v 2.185326 -1.098339 -0.034442
v 2.282841 -1.059909 -0.053037
v 0.631136 -2.552676 -0.082275
v 0.676142 -2.503905 -0.072880
v 0.769987 -2.410080 -0.056276
v 0.973584 -2.237136 -0.032674
v 0.869422 -2.321385 -0.042879
v 0.819083 -2.365440 -0.049257
v 0.770314 -2.410431 -0.056392
v 0.722758 -2.456709 -0.064304
v 0.676478 -2.504256 -0.072990
v 0.631482 -2.553009 -0.082382
v 0.587417 -2.603346 -0.092540
v 0.544675 -2.654808 -0.103345
v -1.607409 -2.189418 -0.104988
v -1.686078 -2.120559 -0.103179
v -1.766511 -2.053770 -0.103140
v -1.848852 -1.988889 -0.104855
v -2.426787 -1.243464 -0.107928
v -2.125323 -1.319955 -0.049066
v -2.026323 -1.350798 -0.031643
v -2.026449 -1.351257 -0.031738
v -2.125449 -1.320414 -0.049157
v -2.325735 -1.266720 -0.087391
v -2.426886 -1.243923 -0.108006
v -2.283156 -1.123881 -0.060329
v -2.495520 -0.782083 -0.078804
v -1.445931 2.077446 -0.057264
v -1.320813 2.232093 -0.073630
v -1.119501 2.449506 -0.099697
v -1.188207 2.378919 -0.090785
v -1.255014 2.306523 -0.082071
v -1.505133 1.997391 -0.049381
v -0.990486 -2.252049 -0.038024
v -0.841132 -2.576958 -0.103528
v -0.990702 -2.252139 -0.038069
v -0.990270 -2.251950 -0.037978
v 2.474154 -0.974823 -0.090302
v -1.617786 1.833807 -0.034827
v -2.593575 -0.745814 -0.100643
v -2.453256 -1.067919 -0.094561
v -1.932831 -1.926141 -0.108317
v 0.754286 2.591022 -0.101125
v 0.781410 2.611812 -0.109305
v 0.733248 2.572968 -0.096016
v 0.733793 2.574876 -0.096537
v 0.762312 2.598195 -0.104470
v 0.764214 2.599446 -0.104009
v 0.764011 2.599536 -0.104930
v 0.706955 2.551728 -0.087897
v 0.706658 2.552079 -0.087966
v 0.706584 2.551413 -0.087794
v 0.706288 2.551773 -0.087863
v 0.707355 2.551467 -0.088777
v 0.706639 2.552331 -0.088943
v 0.706484 2.550738 -0.088533
v 0.705767 2.551602 -0.088700
v 0.669574 2.519877 -0.078211
v 0.673276 2.524638 -0.079666
v 0.638519 2.492715 -0.069289
v 0.639009 2.494632 -0.069806
v -1.066131 2.500734 -0.107273
v -1.053387 2.514531 -0.108365
v 0.535261 2.400762 -0.038751
v 0.535255 2.400060 -0.038572
v 0.535998 2.400159 -0.039506
v 0.535230 2.400996 -0.039675
v 0.535195 2.399421 -0.039271
v 0.534426 2.400249 -0.039440
v 0.595369 2.454924 -0.056975
v 0.594599 2.455779 -0.057146
v -1.102365 2.466867 -0.102064
v -1.100835 2.466966 -0.102807
v -1.102401 2.466984 -0.102978
v -1.102005 2.465823 -0.102658
v -1.157454 2.409807 -0.095458
v -1.175175 2.391564 -0.093190
v -1.175697 2.392635 -0.093500
v -1.139607 2.428131 -0.097786
v -1.140111 2.429193 -0.098094
v -1.119177 2.449056 -0.100510
v -1.120005 2.449875 -0.100796
v 1.422099 2.306163 -0.104864
v 1.413540 2.331309 -0.109305
v 1.414224 2.330895 -0.108351
v 0.507701 2.375058 -0.031513
v -1.192689 2.373276 -0.090942
v -1.188711 2.379261 -0.091884
v -1.193238 2.374365 -0.091261
v -1.255527 2.306856 -0.083171
v -1.243899 2.317800 -0.084237
v -1.244457 2.318844 -0.084547
v -1.226952 2.336205 -0.086411
v -1.227492 2.337222 -0.086713
v -1.209888 2.354691 -0.088646
v 1.439730 2.250858 -0.095064
v 1.445751 2.222409 -0.089664
v 1.430298 2.279838 -0.100149
v 1.431333 2.280414 -0.100420
v 1.430487 2.280990 -0.099474
v 1.430910 2.281233 -0.099586
v 1.430622 2.280549 -0.099394
v 1.431045 2.280783 -0.099506
v 1.429947 2.280963 -0.100349
v 1.430982 2.281539 -0.100620
v -1.273887 2.285706 -0.079770
v -1.273464 2.286192 -0.079825
v -1.273005 2.285202 -0.080411
v -1.274445 2.285229 -0.080600
v -1.272051 2.286291 -0.080539
v -1.273491 2.286318 -0.080728
v -1.325556 2.224794 -0.073572
v -1.320057 2.231373 -0.074325
v -1.320957 2.232120 -0.074612
v -1.326168 2.225829 -0.073888
v -1.310166 2.244432 -0.075954
v -1.293372 2.261955 -0.077728
v -1.293939 2.262954 -0.078028
v 1.457811 2.165403 -0.078965
v 1.462743 2.136567 -0.073445
v 1.463886 2.136765 -0.073658
v -1.356822 2.187210 -0.069418
v -1.357425 2.188173 -0.069717
v -1.341243 2.205957 -0.071466
v -1.384560 2.154495 -0.065155
v -1.383822 2.154576 -0.065971
v -1.384416 2.155701 -0.066303
v -1.384650 2.153523 -0.065857
v -1.386027 2.153649 -0.066079
v -1.372914 2.169534 -0.067733
v 1.467360 2.104059 -0.067135
v 1.471554 2.078544 -0.062307
v 1.471203 2.069805 -0.060386
v 1.468116 2.107470 -0.067981
v 1.467450 2.107515 -0.066936
v 1.467891 2.107830 -0.067068
v 1.467882 2.107857 -0.067075
v 1.467423 2.107776 -0.066987
v 1.467387 2.108028 -0.067036
v 1.467819 2.108334 -0.067166
v 1.467855 2.108082 -0.067117
v 1.466883 2.108001 -0.067911
v 1.467936 2.108748 -0.068229
v -1.445130 2.076771 -0.057958
v -1.446066 2.077464 -0.058247
v -1.447497 2.075547 -0.058047
v -1.432170 2.093286 -0.059589
v -1.432827 2.094249 -0.059892
v -1.417410 2.112060 -0.061488
v -1.418049 2.112996 -0.061786
v -1.461069 2.055531 -0.055807
v 1.476198 2.020161 -0.050619
v 1.476216 1.991082 -0.044494
v 1.476612 1.962066 -0.038471
v 1.474245 2.039601 -0.053478
v 1.474713 2.039619 -0.053553
v 1.473822 2.038584 -0.054149
v 1.474965 2.038629 -0.054333
v 1.474272 2.039124 -0.053382
v 1.474740 2.039142 -0.053457
v 1.473741 2.039736 -0.054382
v 1.474893 2.039781 -0.054566
v -1.516905 1.979886 -0.048552
v -1.505682 1.997670 -0.050485
v -1.503288 1.998948 -0.050371
v -1.504008 1.999911 -0.050686
v -1.489986 2.018649 -0.052430
v -1.532097 1.960329 -0.046939
v -1.532052 1.960221 -0.046071
v -1.531494 1.959312 -0.046632
v -1.475235 2.036586 -0.053941
v -1.475901 2.037504 -0.054237
v 1.476054 1.929090 -0.031513
v -1.585998 1.882155 -0.039100
v -1.583685 1.885791 -0.040274
v -1.562103 1.915950 -0.042762
v -1.588941 1.877763 -0.038721
v -1.588284 1.878924 -0.039681
v -1.587618 1.877970 -0.039378
v -1.589778 1.876683 -0.039487
v -1.617354 1.833438 -0.035639
v -1.608354 1.846956 -0.036743
v -1.609110 1.847829 -0.037046
v -1.645848 1.790535 -0.032276
v -1.621620 1.828866 -0.035477
v -1.633761 1.809651 -0.033846
v -1.650240 1.782480 -0.030666
v -1.651635 1.781184 -0.030663
v 2.325996 1.399944 -0.106137
v 2.326545 1.397784 -0.105966
v 2.335365 1.362684 -0.103278
v 2.336508 1.362945 -0.103568
v 2.315943 1.439517 -0.109305
v 2.352708 1.288281 -0.096773
v 2.352195 1.288254 -0.097518
v 2.350665 1.300053 -0.098648
v 2.352537 1.286751 -0.097405
v 2.344158 1.324002 -0.100222
v 2.345139 1.324560 -0.100517
v 2.360331 1.250742 -0.094725
v 2.365200 1.226325 -0.092885
v 2.366199 1.226838 -0.093180
v 2.370015 1.202016 -0.091102
v 2.357829 1.267788 -0.095325
v 2.357928 1.267851 -0.096286
v 2.378457 1.159005 -0.088069
v 2.379609 1.159203 -0.088361
v 2.379384 1.153677 -0.087673
v 2.383578 1.129458 -0.085920
v 2.384595 1.129944 -0.086216
v 2.374785 1.177815 -0.089375
v 2.375811 1.178328 -0.089675
v 2.396088 1.055973 -0.080895
v 2.400453 1.033887 -0.079630
v 2.396934 1.057917 -0.081302
v 2.391804 1.081344 -0.082579
v 2.387718 1.105347 -0.084222
v 2.388726 1.105815 -0.084513
v 2.406159 0.993738 -0.076089
v 2.406375 0.992910 -0.076895
v 2.402883 1.009533 -0.077719
v 2.406195 0.994170 -0.076977
v 2.412261 0.952374 -0.074348
v 2.417985 0.899049 -0.069917
v 2.418075 0.898295 -0.069870
v 2.421207 0.867435 -0.068693
v 2.422278 0.867818 -0.068990
v 2.417418 0.899670 -0.070664
v 2.418615 0.898680 -0.070867
v 2.417607 0.898071 -0.070564
v 2.418804 0.897074 -0.070766
v 2.423448 0.848147 -0.067562
v 2.424609 0.848256 -0.067858
v 2.423853 0.843971 -0.067297
v 2.426076 0.820466 -0.065849
v 2.427138 0.820826 -0.066142
v 2.428263 0.797051 -0.064452
v 2.429307 0.797394 -0.064739
v 2.430414 0.773721 -0.063106
v 2.431476 0.774060 -0.063397
v 2.433096 0.744061 -0.061466
v 2.433636 0.750818 -0.062115
v 2.434257 0.727208 -0.060475
v 2.435355 0.727534 -0.060773
v 2.437380 0.680847 -0.057884
v 2.435841 0.703987 -0.059155
v 2.438433 0.681142 -0.058171
v 2.436894 0.704292 -0.059442
v 2.440098 0.638160 -0.055654
v 2.440989 0.636217 -0.054810
v 2.441250 0.635920 -0.054857
v 2.440692 0.637289 -0.054806
v 2.440179 0.636322 -0.055551
v 2.441223 0.611747 -0.054218
v 2.441385 0.634940 -0.055764
v 2.442303 0.612017 -0.054508
v 2.443356 0.571241 -0.051427
v 2.442861 0.571276 -0.052140
v 2.443869 0.573078 -0.052505
v 2.443959 0.570878 -0.052395
v 2.443941 0.543115 -0.050769
v 2.445363 0.536189 -0.050747
v 2.445066 0.543367 -0.051072
v 2.444454 0.520310 -0.049630
v 2.444805 0.497547 -0.048501
v 2.445876 0.497766 -0.048787
v 2.446164 0.433325 -0.044750
v 2.446668 0.432992 -0.044864
v 2.446173 0.432754 -0.044726
v 2.446173 0.433040 -0.044738
v 2.446668 0.432421 -0.044840
v 2.446668 0.432521 -0.044845
v 2.446668 0.432706 -0.044852
v 2.445111 0.474855 -0.047420
v 2.446182 0.475063 -0.047705
v 2.445597 0.433922 -0.045586
v 2.446767 0.433135 -0.045851
v 2.445606 0.432500 -0.045523
v 2.446767 0.431751 -0.045786
v 2.445327 0.407082 -0.044319
v 2.446425 0.407265 -0.044609
v 2.445039 0.384572 -0.043301
v 2.446110 0.384741 -0.043584
v 2.444724 0.362127 -0.042330
v 2.445804 0.362287 -0.042616
v 2.444382 0.339742 -0.041405
v 2.445507 0.339900 -0.041703
v 2.444202 0.328834 -0.040976
v 2.445363 0.328793 -0.041277
v 2.442033 0.272798 -0.038607
v 2.442915 0.295062 -0.039513
v 2.444004 0.295193 -0.039799
v 2.443104 0.272918 -0.038889
v 2.442213 0.250705 -0.038035
v 2.440179 0.228441 -0.036932
v 2.440035 0.225240 -0.036821
v 2.441205 0.225169 -0.037123
v 2.438829 0.206309 -0.036064
v 2.439945 0.206405 -0.036357
v 2.438469 0.184311 -0.035507
v 2.437002 0.162275 -0.034713
v 2.434266 0.120838 -0.033364
v 2.432628 0.103310 -0.032727
v 2.432502 0.101946 -0.032678
v 2.429028 0.076002 -0.031513
v -2.551599 -0.760845 -0.091256
v -2.552247 -0.761302 -0.092364
v -2.551050 -0.760555 -0.092007
v -2.593458 -0.746072 -0.101593
v -2.593071 -0.744987 -0.101416
v -2.583297 -0.749825 -0.099306
v -2.614086 -0.739044 -0.106276
v -2.613492 -0.738049 -0.106056
v -2.614446 -0.738704 -0.105414
v -2.614329 -0.738500 -0.105369
v -2.614212 -0.738296 -0.105324
v -2.615184 -0.738667 -0.106527
v -2.627757 -0.733197 -0.109305
v -2.340801 -0.845087 -0.045761
v -2.339667 -0.845060 -0.046372
v -2.322504 -0.853457 -0.041993
v -2.322441 -0.853228 -0.041956
v -2.322369 -0.853000 -0.041920
v -2.323134 -0.853373 -0.043051
v -2.322819 -0.852284 -0.042878
v -2.322945 -0.853264 -0.042086
v -2.322882 -0.853037 -0.042049
v -2.322819 -0.852808 -0.042013
v -2.321775 -0.852733 -0.042661
v -2.394378 -0.822781 -0.057941
v -2.394360 -0.821539 -0.057830
v -2.394909 -0.821835 -0.057061
v -2.395512 -0.822296 -0.058180
v -2.395503 -0.821050 -0.058070
v -2.440566 -0.804221 -0.067838
v -2.438919 -0.803681 -0.067386
v -2.495007 -0.781254 -0.079569
v -2.509083 -0.777270 -0.082770
v -2.474172 -0.790805 -0.075119
v 2.564649 -0.930480 -0.109305
v 2.551806 -0.935538 -0.106600
v 2.552337 -0.935826 -0.105835
v -2.301300 -0.861499 -0.038436
v -2.266839 -0.877673 -0.031513
v 2.514456 -0.955167 -0.099233
v 2.513043 -0.954636 -0.098838
v 2.474082 -0.975048 -0.091264
v 2.423979 -0.996873 -0.081230
v 2.424762 -0.997728 -0.081504
v 2.379096 -1.018752 -0.072621
v 2.312586 -1.046616 -0.058732
v 2.313108 -1.047075 -0.059799
v 2.339595 -1.035699 -0.064908
v 2.312514 -1.046121 -0.059555
v 2.338218 -1.035096 -0.064514
v 2.312037 -1.047534 -0.059593
v 2.293848 -1.054113 -0.055983
v 2.254563 -1.071366 -0.048574
v 2.253195 -1.070718 -0.048178
v 2.225160 -1.081923 -0.042835
v 2.198898 -1.093596 -0.038016
v 2.173743 -1.102092 -0.033135
v 2.164419 -1.106745 -0.031513
v -2.331441 -1.107843 -0.070829
v -2.367837 -1.096485 -0.078189
v -2.391552 -1.089618 -0.083080
v -2.392704 -1.088034 -0.083182
v -2.400336 -1.085442 -0.084721
v -2.453319 -1.068594 -0.095606
v -2.431107 -1.076145 -0.091073
v -2.462742 -1.063887 -0.097373
v -2.464254 -1.064544 -0.097804
v -2.399652 -1.086855 -0.084709
v -2.400750 -1.086486 -0.084930
v -2.520801 -1.043628 -0.109305
v -2.197224 -1.148370 -0.044130
v -2.162898 -1.157055 -0.037254
v -2.161764 -1.157343 -0.037028
v -2.134008 -1.164381 -0.031513
v -2.283048 -1.124106 -0.061287
v -2.299221 -1.117878 -0.064367
v -2.300706 -1.118598 -0.064798
v -2.237805 -1.136220 -0.051203
v -2.238246 -1.135599 -0.052143
v -2.229255 -1.138137 -0.050348
v -2.228895 -1.139406 -0.050416
v -2.230515 -1.137777 -0.050599
v -2.296458 -1.273164 -0.082444
v -2.381418 -1.253679 -0.098707
v -2.381868 -1.254075 -0.098860
v -2.325609 -1.266936 -0.088349
v -2.325339 -1.265820 -0.088145
v -2.380833 -1.254480 -0.099548
v -2.380941 -1.253319 -0.099430
v -2.381967 -1.254228 -0.099779
v -2.382075 -1.253058 -0.099662
v -2.304261 -1.272345 -0.084130
v -2.303721 -1.271319 -0.083878
v -2.304630 -1.272075 -0.083263
v -2.304405 -1.271643 -0.083158
v -2.305395 -1.272057 -0.084354
v -2.304855 -1.271031 -0.084102
v -2.305107 -1.271949 -0.083357
v -2.402019 -1.248558 -0.103734
v -2.429073 -1.242510 -0.109305
v -2.026017 -1.350348 -0.032470
v -2.030562 -1.350141 -0.033427
v -2.019825 -1.353012 -0.030574
v -2.087505 -1.332240 -0.042509
v -2.087865 -1.331610 -0.042500
v -2.125350 -1.320612 -0.050122
v -2.056392 -1.340925 -0.037746
v -2.088135 -1.332195 -0.043491
v -2.087919 -1.331106 -0.043292
v -2.086884 -1.331430 -0.043108
v -2.190798 -1.301937 -0.061325
v -2.190897 -1.301415 -0.061279
v -2.140398 -1.315176 -0.052719
v -2.191653 -1.300704 -0.062247
v -2.171385 -1.307589 -0.058613
v -2.190195 -1.302270 -0.062129
v -2.190438 -1.301046 -0.062020
v -2.170089 -1.306806 -0.058218
v -2.264904 -1.282317 -0.076411
v -2.263509 -1.281525 -0.075991
v -2.235528 -1.288590 -0.070555
v -2.236248 -1.288923 -0.069828
v -2.237283 -1.289319 -0.071049
v -2.236680 -1.288302 -0.070779
v -2.236716 -1.288806 -0.069920
v -1.912590 -1.940010 -0.108112
v -1.932183 -1.925304 -0.109001
v -1.935333 -1.923765 -0.108359
v -1.777878 -2.044932 -0.104290
v -1.777140 -2.044086 -0.103997
v -1.796949 -2.029902 -0.104626
v -1.796229 -2.029092 -0.104343
v -1.816038 -2.014854 -0.105020
v -1.815318 -2.014053 -0.104738
v -1.848897 -1.988979 -0.105841
v -1.834407 -1.998978 -0.105181
v -1.848186 -1.988052 -0.105537
v -1.881333 -1.964004 -0.106078
v -1.881783 -1.964391 -0.107072
v -1.881297 -1.963401 -0.106798
v -1.880874 -1.965075 -0.107036
v -1.676349 -2.129100 -0.103563
v -1.675161 -2.129343 -0.103415
v -1.676358 -2.129199 -0.104335
v -1.674117 -2.129667 -0.104069
v -1.677897 -2.127849 -0.104307
v -1.675656 -2.128308 -0.104039
v -1.755540 -2.061546 -0.103774
v -1.766574 -2.053851 -0.104126
v -1.715886 -2.095917 -0.104026
v -1.715607 -2.094747 -0.103742
v -1.002141 -2.215563 -0.031513
v -1.002762 -2.215284 -0.030563
v -1.003347 -2.215023 -0.030562
v -1.003059 -2.215149 -0.030562
v -1.607499 -2.189481 -0.105973
v -1.606716 -2.188608 -0.105670
v -1.611252 -2.186187 -0.105858
v -1.610568 -2.185260 -0.105556
v -1.589373 -2.206185 -0.106718
v -1.588131 -2.205834 -0.106453
v -1.588329 -2.206347 -0.105728
v -1.588446 -2.206914 -0.105866
v -1.629576 -2.170140 -0.105352
v -1.628919 -2.169267 -0.105067
v -1.647234 -2.153256 -0.104625
v -1.666170 -2.138109 -0.104519
v 0.993528 -2.222358 -0.032203
v 0.957834 -2.249682 -0.035014
v 0.921609 -2.276754 -0.037917
v 0.894076 -2.301054 -0.041176
v 0.892217 -2.301135 -0.041017
v 0.898363 -2.297499 -0.040715
v -0.972090 -2.299659 -0.048510
v -0.973161 -2.300091 -0.048722
v -0.996768 -2.231349 -0.034695
v -0.990936 -2.252031 -0.039026
v -0.998019 -2.231214 -0.034797
v -0.983871 -2.271129 -0.042863
v -0.983925 -2.270508 -0.041848
v -0.983133 -2.269815 -0.042470
v -0.984249 -2.270094 -0.042654
v -0.997830 -2.229765 -0.033494
v -0.998424 -2.229486 -0.033492
v -0.998046 -2.229117 -0.033363
v -0.997938 -2.229441 -0.033429
v -0.998640 -2.228847 -0.033361
v -0.997677 -2.228676 -0.034154
v 0.886342 -2.307480 -0.042006
v 0.868348 -2.322483 -0.044006
v 0.867913 -2.321322 -0.043682
v 0.850446 -2.338143 -0.046228
v 0.814330 -2.369994 -0.050929
v 0.813921 -2.368806 -0.050601
v -0.953046 -2.347350 -0.058121
v 0.789116 -2.393250 -0.054595
v 0.790277 -2.392179 -0.054424
v 0.777661 -2.402268 -0.055900
v 0.759815 -2.420826 -0.059104
v 0.759433 -2.419602 -0.058771
v 0.723038 -2.456610 -0.065260
v 0.722668 -2.455359 -0.064917
v 0.722114 -2.455890 -0.065012
v -0.920151 -2.424372 -0.072824
v -0.912420 -2.441571 -0.077216
v -0.920052 -2.424975 -0.073864
v -0.919368 -2.423715 -0.073494
v -0.933840 -2.395023 -0.067849
v 0.704253 -2.474277 -0.068331
v 0.671171 -2.510007 -0.074101
v 0.670834 -2.509656 -0.073991
v 0.671015 -2.510178 -0.074133
v 0.670859 -2.510340 -0.074165
v 0.670677 -2.509827 -0.074023
v 0.670522 -2.509998 -0.074055
v 0.680213 -2.500440 -0.072390
v 0.679568 -2.500305 -0.072314
v 0.670802 -2.510610 -0.075165
v 0.670001 -2.509782 -0.074903
v 0.671574 -2.509773 -0.075007
v 0.679858 -2.500971 -0.073352
v 0.678507 -2.500710 -0.073192
v 0.667292 -2.514408 -0.075886
v 0.648153 -2.533479 -0.079449
v 0.629491 -2.555502 -0.083847
v 0.629153 -2.554134 -0.083478
v 0.680761 -2.500044 -0.073179
v 0.679413 -2.499783 -0.073020
v -0.866170 -2.532543 -0.095545
v -0.889794 -2.487543 -0.086482
v 0.599336 -2.589000 -0.089608
v 0.599351 -2.589711 -0.089789
v 0.599303 -2.589990 -0.090789
v 0.598525 -2.589144 -0.090528
v 0.600060 -2.589126 -0.090614
v 0.599281 -2.588280 -0.090354
v 0.610129 -2.575896 -0.087841
v 0.586749 -2.602572 -0.093265
v 0.571800 -2.622381 -0.097470
v 0.571493 -2.620977 -0.097095
v -0.839434 -2.578803 -0.103927
v -0.836985 -2.581989 -0.105398
v -0.839722 -2.579640 -0.105038
v -0.839247 -2.578182 -0.104637
v -0.826862 -2.600916 -0.108363
v 0.544001 -2.654052 -0.104075
v 0.531530 -2.671485 -0.106966
v 0.530944 -2.671458 -0.106931
v 0.531238 -2.671467 -0.106948
v 0.532522 -2.670477 -0.107684
v 0.531121 -2.670423 -0.107600
v 0.531911 -2.670999 -0.106862
v 0.531324 -2.670981 -0.106826
v 0.531617 -2.670990 -0.106844
v 0.530242 -2.671539 -0.107842
v 0.524934 -2.678271 -0.109305
v 2.440737 0.636515 -0.054763
v 0.706625 2.551746 -0.087875
v 0.706435 2.551593 -0.087828
v 0.706807 2.551899 -0.087932
v 1.430766 2.280882 -0.099489
v 1.430982 2.281008 -0.099546
v 1.430550 2.280765 -0.099435
v 1.474488 2.039367 -0.053466
v 1.474506 2.039133 -0.053419
v 1.474479 2.039610 -0.053516
v -2.062341 1.757478 -0.103882
v -1.905462 1.608681 -0.047413
v -2.433303 -0.905919 -0.073883
v -2.488518 -0.940821 -0.090606
v 1.339695 -2.193981 -0.066928
v -1.838781 -1.871007 -0.080754
v -2.002860 -1.387554 -0.031965
v -1.975221 -1.485339 -0.041066
v -1.876419 -1.775445 -0.070283
v -1.797777 -1.965246 -0.091253
v -2.543373 -0.977289 -0.107410
v -2.488644 -0.940641 -0.090622
v -2.433429 -0.905730 -0.073896
v -2.377305 -0.872295 -0.057099
v -2.320290 -0.840403 -0.040234
v -2.433177 -0.906108 -0.073870
v -2.488383 -0.941010 -0.090590
v -2.537982 -0.632926 -0.078960
v -2.521692 -0.623812 -0.074252
v -1.883754 1.592184 -0.040292
v -1.968381 1.660647 -0.068755
v -2.062512 1.757334 -0.103892
v -2.062161 1.757622 -0.103871
v -2.044269 1.737174 -0.096838
v -1.861317 1.576848 -0.033223
v -1.584081 -1.875147 -0.036634
v -1.575900 -1.913991 -0.043057
v -1.567242 -1.952430 -0.049430
v -1.493766 -2.177997 -0.085339
v -1.944990 -1.582359 -0.050462
v -2.026395 1.716672 -0.090761
v -2.067516 1.764669 -0.107091
v -2.068542 1.765308 -0.106452
v -2.068956 1.765092 -0.106496
v -2.068380 1.765110 -0.106387
v -2.068218 1.764921 -0.106323
v -2.068632 1.764705 -0.106367
v -2.068272 1.765578 -0.107396
v -2.073006 1.771284 -0.109305
v -2.073762 1.770393 -0.109305
v -2.073258 1.770978 -0.108347
v -2.073555 1.770636 -0.108347
v -2.073411 1.770807 -0.108347
v -1.947969 1.642323 -0.062545
v -1.927044 1.624953 -0.055432
v -1.917531 1.618914 -0.052511
v -1.992888 1.683030 -0.078387
v -2.006775 1.698150 -0.083711
v -1.852569 1.571385 -0.031513
v -1.883106 1.592679 -0.041205
v -1.903518 1.607925 -0.047858
v -1.905030 1.607628 -0.048110
v -1.906191 1.608519 -0.048492
v -1.917423 1.617366 -0.052229
v -2.380527 -0.565311 -0.035730
v -2.364732 -0.562038 -0.031513
v -2.399913 -0.572164 -0.040278
v -2.453283 -0.592186 -0.055866
v -2.418138 -0.578675 -0.046107
v -2.399832 -0.572456 -0.041073
v -2.400498 -0.571464 -0.041182
v -2.436192 -0.584128 -0.051030
v -2.470608 -0.599626 -0.060725
v -2.549259 -0.639638 -0.082262
v -2.549016 -0.639492 -0.082191
v -2.548773 -0.639347 -0.082119
v -2.549349 -0.640710 -0.083293
v -2.549367 -0.639385 -0.083214
v -2.548206 -0.640028 -0.082960
v -2.521620 -0.623449 -0.075171
v -2.548224 -0.638703 -0.082881
v -2.553147 -0.641952 -0.083398
v -2.554020 -0.642472 -0.083653
v -2.554092 -0.642516 -0.083673
v -2.554101 -0.642207 -0.084592
v -2.478681 -0.602078 -0.062929
v -2.511621 -0.619498 -0.072385
v -2.512665 -0.620041 -0.072683
v -2.513475 -0.619168 -0.072833
v -2.512818 -0.619686 -0.071780
v -2.512710 -0.619086 -0.071716
v -2.600091 -0.674388 -0.098330
v -2.569761 -0.652108 -0.089200
v -2.585412 -0.662586 -0.093844
v -2.615904 -0.684769 -0.103012
v -2.636118 -0.702418 -0.109305
v -2.296827 -0.829020 -0.034408
v -2.297745 -0.828212 -0.034562
v -2.287332 -0.822743 -0.031513
v -2.338047 -0.851294 -0.046531
v -2.338524 -0.850249 -0.046556
v -2.333664 -0.848845 -0.045236
v -2.319633 -0.840995 -0.041084
v -2.319201 -0.839475 -0.040843
v -2.318247 -0.840269 -0.040680
v -2.319318 -0.840418 -0.040035
v -2.318733 -0.840111 -0.039864
v -2.319030 -0.840265 -0.039950
v -2.395260 -0.883967 -0.063514
v -2.395242 -0.882627 -0.063390
v -2.396232 -0.883532 -0.062865
v -2.433384 -0.905352 -0.074810
v -2.396331 -0.883279 -0.063717
v -2.445147 -0.914145 -0.078497
v -2.445957 -0.914190 -0.077745
v -2.446335 -0.913884 -0.077809
v -2.446173 -0.914325 -0.077810
v -2.446389 -0.914460 -0.077875
v -2.446767 -0.914163 -0.077940
v -2.446191 -0.914793 -0.078811
v -2.487978 -0.941217 -0.091470
v -2.488608 -0.940263 -0.091537
v -2.546073 -0.980250 -0.109305
v -1.990665 -1.428900 -0.036541
v -1.991592 -1.429566 -0.036840
v -1.996965 -1.406517 -0.034495
v -2.003463 -1.387617 -0.033064
v -1.997919 -1.407192 -0.034802
v -2.005830 -1.373694 -0.031513
v -1.962837 -1.526721 -0.045180
v -1.962486 -1.526199 -0.045023
v -1.962099 -1.525785 -0.045719
v -1.963260 -1.525704 -0.045946
v -1.961739 -1.526964 -0.045833
v -1.962891 -1.526883 -0.046060
v -1.974708 -1.485096 -0.041880
v -1.975824 -1.485420 -0.042165
v -1.984302 -1.451400 -0.038643
v -1.945593 -1.582449 -0.051559
v -1.950867 -1.565502 -0.049843
v -1.932525 -1.620465 -0.054402
v -1.931967 -1.619061 -0.054903
v -1.931589 -1.620177 -0.055015
v -1.932525 -1.620807 -0.055307
v -1.942614 -1.587660 -0.051809
v -1.909530 -1.687317 -0.061178
v -1.902825 -1.702581 -0.063425
v -1.909341 -1.688145 -0.062199
v -1.903707 -1.703364 -0.063735
v -1.908405 -1.687398 -0.061885
v -1.909998 -1.686390 -0.062022
v -1.919232 -1.656402 -0.058683
v -1.920141 -1.657185 -0.058995
v -1.875933 -1.775157 -0.071097
v -1.877022 -1.775553 -0.071377
v -1.885671 -1.748967 -0.068275
v -1.886544 -1.749777 -0.068586
v -1.584846 -1.864788 -0.035654
v -1.586115 -1.864203 -0.035752
v -1.589031 -1.840335 -0.031513
v -1.836522 -1.875003 -0.081130
v -1.836567 -1.873545 -0.081782
v -1.837260 -1.874859 -0.082154
v -1.836000 -1.874868 -0.081926
v -1.849131 -1.842432 -0.078317
v -1.849977 -1.843278 -0.078628
v -1.858518 -1.818951 -0.075751
v -1.859355 -1.819770 -0.076057
v -1.867806 -1.795623 -0.073249
v -1.868670 -1.796451 -0.073562
v -1.574370 -1.918419 -0.044657
v -1.575540 -1.918464 -0.044861
v -1.577304 -1.904244 -0.042289
v -1.578312 -1.905081 -0.042627
v -1.574766 -1.918914 -0.043919
v -1.574658 -1.919391 -0.043996
v -1.566756 -1.952169 -0.050258
v -1.567881 -1.952457 -0.050500
v -1.574118 -1.919526 -0.044841
v -1.809270 -1.938489 -0.088244
v -1.808892 -1.938120 -0.088972
v -1.817973 -1.919733 -0.087102
v -1.810458 -1.937238 -0.089084
v -1.817271 -1.918626 -0.086765
v -1.808154 -1.939821 -0.089168
v -1.809729 -1.938939 -0.089279
v -1.809639 -1.938876 -0.088383
v 1.329318 -2.036022 -0.031513
v 1.328193 -2.036751 -0.031513
v -1.368126 -2.010138 -0.031513
v -1.558197 -1.990671 -0.056753
v -1.546371 -2.028255 -0.062637
v -1.777563 -2.008014 -0.096980
v -1.778346 -2.008905 -0.097290
v -1.788462 -1.984281 -0.094252
v -1.789272 -1.985172 -0.094568
v -1.798380 -1.965399 -0.092345
v 1.330155 -2.085441 -0.042489
v 1.332891 -2.109363 -0.048147
v 1.330056 -2.054364 -0.035638
v 1.328904 -2.054292 -0.035458
v 1.329822 -2.054202 -0.034621
v 1.329363 -2.054175 -0.034549
v 1.329597 -2.054184 -0.034585
v 1.329804 -2.053716 -0.034512
v 1.329345 -2.053689 -0.034440
v 1.329570 -2.053707 -0.034476
v 1.328859 -2.053131 -0.035197
v -1.328202 -2.122863 -0.050490
v -1.327365 -2.121855 -0.050149
v -1.339470 -2.091534 -0.045143
v -1.354464 -2.054319 -0.039120
v -1.524150 -2.096709 -0.073523
v -1.525401 -2.096628 -0.073698
v -1.535751 -2.066235 -0.068902
v -1.749645 -2.067891 -0.104044
v -1.753623 -2.059773 -0.103096
v -1.755432 -2.055975 -0.102644
v -1.735812 -2.096088 -0.107374
v -1.754379 -2.059440 -0.102237
v 1.334907 -2.139621 -0.055134
v 1.333755 -2.139693 -0.054992
v 1.338768 -2.193837 -0.067730
v -1.295946 -2.193540 -0.061895
v -1.296837 -2.194359 -0.062198
v -1.314045 -2.153364 -0.055325
v -1.301787 -2.180850 -0.059820
v -1.501101 -2.161041 -0.083105
v -1.499625 -2.161878 -0.083701
v -1.500966 -2.161644 -0.083848
v -1.502550 -2.157675 -0.083229
v -1.492884 -2.181624 -0.086947
v -1.491291 -2.182416 -0.086881
v -1.511379 -2.135112 -0.079732
v -1.510407 -2.134419 -0.079437
v -1.478655 -2.214753 -0.092042
v 1.344204 -2.232042 -0.076057
v 1.343763 -2.232168 -0.076025
v 1.344150 -2.231547 -0.075938
v 1.343700 -2.231673 -0.075906
v 1.343925 -2.231610 -0.075922
v 1.344465 -2.232087 -0.077055
v 1.345194 -2.247981 -0.080716
v 1.344321 -2.230917 -0.076774
v 1.343205 -2.231232 -0.076694
v 1.352997 -2.301945 -0.093897
v -1.275993 -2.234661 -0.068564
v -1.255716 -2.273487 -0.074825
v -1.263951 -2.260293 -0.072850
v -1.444500 -2.286510 -0.102907
v -1.461006 -2.250339 -0.097277
v 1.364607 -2.363370 -0.108347
v 1.362438 -2.356899 -0.107554
v -1.237293 -2.308794 -0.080625
v -1.219797 -2.335920 -0.084757
v -1.219779 -2.336883 -0.084121
v -1.194678 -2.376006 -0.091086
v -1.219221 -2.336874 -0.084911
v -1.220355 -2.337225 -0.085129
v -1.419651 -2.330718 -0.109305
v -1.131102 -2.468220 -0.105621
v -1.149192 -2.442066 -0.101415
v -1.173312 -2.409999 -0.096580
v -1.156041 -2.432400 -0.099899
v -1.157364 -2.432526 -0.100078
v -1.112589 -2.492061 -0.109305
v -2.553615 -0.642232 -0.083535
f 114 113 115
f 114 106 113
f 114 145 106
f 115 113 116
f 116 113 112
f 116 112 117
f 144 114 146
f 114 144 145
f 144 146 147
f 144 147 143
f 143 147 148
f 149 96 100
f 149 101 96
f 149 102 101
f 149 92 102
f 149 93 92
f 149 98 93
f 149 99 98
f 149 100 99
f 158 202 209
f 157 206 170
f 197 206 205
f 197 196 206
f 162 202 158
f 162 194 202
f 162 201 194
f 207 157 158
f 203 157 170
f 203 161 157
f 161 201 162
f 195 161 203
f 157 205 206
f 207 205 157
f 207 204 205
f 198 196 197
f 208 204 207
f 208 199 204
f 196 161 195
f 200 199 208
f 200 198 199
f 198 161 196
f 198 201 161
f 198 200 201
f 219 269 268
f 267 219 268
f 267 218 219
f 265 260 263
f 265 261 260
f 259 218 260
f 259 222 218
f 222 270 269
f 262 222 259
f 218 263 260
f 265 262 261
f 267 263 218
f 267 264 263
f 267 266 264
f 265 222 262
f 270 266 267
f 270 250 266
f 250 222 265
f 250 270 222
f 323 279 280
f 279 316 293
f 321 316 319
f 321 318 316
f 285 324 280
f 285 322 324
f 315 279 293
f 315 284 279
f 284 322 285
f 317 284 315
f 279 319 316
f 279 320 319
f 318 284 317
f 323 320 279
f 322 318 321
f 323 322 320
f 325 322 323
f 322 284 318
f 334 379 377
f 376 334 377
f 376 333 334
f 374 369 372
f 374 371 369
f 338 379 334
f 338 380 379
f 368 337 333
f 337 380 338
f 370 337 368
f 333 372 369
f 349 337 370
f 376 372 333
f 376 373 372
f 378 373 376
f 378 375 373
f 374 337 349
f 380 375 378
f 375 337 374
f 375 380 337
f 390 435 433
f 389 426 425
f 431 426 429
f 431 427 426
f 390 426 389
f 425 393 389
f 393 436 435
f 426 412 429
f 428 393 425
f 390 412 426
f 390 430 412
f 431 428 427
f 434 430 390
f 434 432 430
f 431 393 428
f 436 432 434
f 436 415 432
f 415 393 431
f 415 436 393
f 447 500 498
f 499 447 498
f 499 446 447
f 446 490 489
f 490 471 494
f 496 490 494
f 496 492 490
f 489 451 446
f 451 501 500
f 490 495 471
f 491 451 489
f 446 495 490
f 496 493 492
f 493 451 491
f 499 495 446
f 499 497 495
f 496 451 493
f 501 497 499
f 501 480 497
f 480 451 496
f 480 501 451
f 552 509 551
f 509 544 543
f 549 544 547
f 549 545 544
f 543 513 509
f 513 554 553
f 546 513 543
f 509 547 544
f 509 532 547
f 549 546 545
f 552 532 509
f 552 548 532
f 550 546 549
f 552 550 548
f 550 513 546
f 550 554 513
f 554 550 552
f 611 564 610
f 564 603 577
f 608 603 606
f 608 605 603
f 569 612 610
f 569 601 612
f 569 613 601
f 602 564 577
f 602 568 564
f 568 613 569
f 604 568 602
f 564 606 603
f 564 607 606
f 611 607 564
f 592 605 608
f 611 609 607
f 605 568 604
f 613 609 611
f 613 592 609
f 592 568 605
f 592 613 568
f 665 622 664
f 622 657 656
f 662 657 660
f 662 659 657
f 627 666 664
f 627 668 666
f 656 626 622
f 626 668 627
f 658 626 656
f 622 660 657
f 622 661 660
f 665 661 622
f 663 662 647
f 665 663 661
f 662 626 658
f 667 663 665
f 663 626 662
f 663 668 626
f 663 667 668
f 678 735 733
f 729 723 727
f 729 725 723
f 683 735 678
f 683 737 735
f 713 677 678
f 722 677 723
f 722 682 677
f 682 737 683
f 724 682 722
f 677 727 723
f 731 725 729
f 731 726 725
f 726 682 724
f 713 727 677
f 713 728 727
f 734 728 713
f 734 730 728
f 731 682 726
f 736 730 734
f 736 732 730
f 732 682 731
f 732 737 682
f 732 736 737
f 790 746 789
f 746 781 760
f 786 781 784
f 786 783 781
f 756 791 789
f 756 793 791
f 790 781 746
f 772 783 786
f 780 746 760
f 780 750 746
f 750 793 756
f 781 771 784
f 782 750 780
f 790 771 781
f 790 785 771
f 769 750 782
f 788 783 772
f 790 787 785
f 783 750 769
f 792 787 790
f 792 788 787
f 788 750 783
f 788 793 750
f 788 792 793
f 804 850 848
f 848 803 804
f 803 841 840
f 846 841 844
f 846 843 841
f 809 850 804
f 809 839 850
f 809 851 839
f 832 803 848
f 840 808 803
f 808 851 809
f 842 808 840
f 803 844 841
f 803 845 844
f 832 845 803
f 849 845 832
f 843 808 842
f 849 847 845
f 846 808 843
f 851 847 849
f 851 831 847
f 831 808 846
f 831 851 808
f 862 907 906
f 905 862 906
f 905 861 862
f 861 897 896
f 903 897 901
f 903 899 897
f 896 866 861
f 866 908 907
f 898 866 896
f 861 901 897
f 903 900 899
f 905 901 861
f 905 902 901
f 904 900 903
f 900 866 898
f 905 904 902
f 904 866 900
f 904 908 866
f 908 904 905
f 917 964 962
f 961 917 962
f 961 916 917
f 916 953 952
f 958 953 956
f 958 955 953
f 921 964 917
f 921 966 964
f 961 953 916
f 952 920 916
f 920 966 921
f 954 920 952
f 961 956 953
f 961 957 956
f 936 920 954
f 963 957 961
f 960 955 958
f 963 959 957
f 955 920 936
f 965 959 963
f 965 960 959
f 960 920 955
f 960 966 920
f 960 965 966
f 970 1020 1019
f 1018 970 1019
f 1018 975 970
f 975 1011 1010
f 1016 1011 1014
f 1016 1013 1011
f 985 1020 970
f 985 1021 1020
f 1010 979 975
f 979 1021 985
f 1012 979 1010
f 975 1014 1011
f 1004 1013 1016
f 1013 979 1012
f 1018 1014 975
f 1018 1015 1014
f 1021 1013 1004
f 1018 1017 1015
f 1021 1017 1018
f 1021 979 1013
f 1030 1070 1068
f 1055 1030 1068
f 1055 1029 1030
f 1066 1061 1064
f 1066 1063 1061
f 1034 1070 1030
f 1034 1071 1070
f 1060 1029 1061
f 1060 1033 1029
f 1033 1071 1034
f 1062 1033 1060
f 1029 1064 1061
f 1053 1063 1066
f 1063 1033 1062
f 1055 1064 1029
f 1055 1065 1064
f 1067 1063 1053
f 1069 1065 1055
f 1069 1067 1065
f 1071 1067 1069
f 1067 1033 1063
f 1067 1071 1033
f 1120 1100 1123
f 1125 1120 1123
f 1125 1122 1120
f 1129 1130 1118
f 1109 1080 1127
f 1119 1080 1093
f 1119 1084 1080
f 1084 1130 1129
f 1080 1100 1120
f 1080 1124 1100
f 1121 1084 1119
f 1109 1124 1080
f 1125 1099 1122
f 1128 1124 1109
f 1099 1084 1121
f 1128 1126 1124
f 1125 1084 1099
f 1130 1126 1128
f 1126 1084 1125
f 1126 1130 1084
f 1193 1140 1192
f 1140 1184 1183
f 1189 1184 1187
f 1189 1186 1184
f 1146 1194 1192
f 1146 1196 1194
f 1183 1145 1140
f 1145 1196 1146
f 1185 1145 1183
f 1140 1187 1184
f 1140 1188 1187
f 1189 1165 1186
f 1165 1145 1185
f 1193 1188 1140
f 1193 1190 1188
f 1189 1145 1165
f 1195 1190 1193
f 1195 1191 1190
f 1191 1145 1189
f 1191 1196 1145
f 1191 1195 1196
f 1205 1252 1253
f 1205 1254 1252
f 1253 1204 1205
f 1204 1246 1245
f 1250 1246 1248
f 1250 1247 1246
f 1254 1255 1244
f 1245 1209 1204
f 1209 1255 1254
f 1204 1248 1246
f 1204 1227 1248
f 1250 1226 1247
f 1253 1227 1204
f 1253 1249 1227
f 1251 1226 1250
f 1253 1251 1249
f 1251 1209 1226
f 1251 1255 1209
f 1255 1251 1253
f 1294 1264 1259
f 1264 1305 1304
f 1310 1305 1308
f 1310 1307 1305
f 1304 1268 1264
f 1268 1303 1314
f 1306 1268 1304
f 1264 1308 1305
f 1307 1268 1306
f 1294 1308 1264
f 1294 1309 1308
f 1313 1309 1294
f 1313 1311 1309
f 1315 1311 1313
f 1315 1312 1311
f 1310 1268 1307
f 1312 1268 1310
f 1312 1303 1268
f 1312 1315 1303
f 1324 1366 1364
f 1323 1357 1356
f 1362 1357 1360
f 1362 1359 1357
f 1328 1366 1324
f 1328 1355 1366
f 1328 1367 1355
f 1346 1323 1324
f 1356 1327 1323
f 1327 1367 1328
f 1358 1327 1356
f 1323 1360 1357
f 1345 1359 1362
f 1345 1358 1359
f 1346 1360 1323
f 1346 1361 1360
f 1365 1361 1346
f 1365 1363 1361
f 1345 1327 1358
f 1367 1363 1365
f 1363 1327 1345
f 1363 1367 1327
f 1413 1398 1416
f 1418 1413 1416
f 1418 1415 1413
f 1387 1422 1420
f 1387 1423 1422
f 1407 1377 1420
f 1412 1381 1377
f 1381 1423 1387
f 1413 1417 1398
f 1414 1381 1412
f 1377 1417 1413
f 1407 1417 1377
f 1419 1415 1418
f 1421 1417 1407
f 1421 1419 1417
f 1415 1381 1414
f 1423 1419 1421
f 1419 1381 1415
f 1419 1423 1381
f 1433 1467 1468
f 1474 1469 1472
f 1474 1471 1469
f 1478 1479 1466
f 1477 1433 1476
f 1477 1467 1433
f 1468 1437 1433
f 1437 1479 1478
f 1467 1472 1469
f 1467 1473 1472
f 1470 1437 1468
f 1477 1473 1467
f 1471 1437 1470
f 1477 1475 1473
f 1474 1437 1471
f 1479 1475 1477
f 1479 1457 1475
f 1457 1437 1474
f 1457 1479 1437
f 1488 1533 1531
f 1513 1488 1531
f 1513 1487 1488
f 1487 1524 1523
f 1529 1524 1527
f 1529 1526 1524
f 1496 1533 1488
f 1496 1522 1533
f 1496 1534 1522
f 1523 1491 1487
f 1491 1534 1496
f 1525 1491 1523
f 1487 1527 1524
f 1513 1527 1487
f 1513 1528 1527
f 1512 1526 1529
f 1532 1528 1513
f 1532 1530 1528
f 1526 1491 1525
f 1534 1530 1532
f 1534 1512 1530
f 1512 1491 1526
f 1512 1534 1491
f 1585 1543 1537
f 1583 1578 1581
f 1583 1580 1578
f 1577 1547 1543
f 1547 1576 1587
f 1579 1547 1577
f 1543 1581 1578
f 1585 1581 1543
f 1585 1582 1581
f 1584 1580 1583
f 1586 1582 1585
f 1586 1584 1582
f 1580 1547 1579
f 1588 1584 1586
f 1584 1547 1580
f 1584 1576 1547
f 1584 1588 1576
f 1638 1597 1598
f 1597 1630 1629
f 1635 1630 1633
f 1635 1632 1630
f 1607 1640 1598
f 1607 1642 1640
f 1629 1602 1597
f 1602 1642 1607
f 1631 1602 1629
f 1597 1633 1630
f 1615 1602 1631
f 1638 1633 1597
f 1638 1634 1633
f 1637 1632 1635
f 1639 1634 1638
f 1639 1636 1634
f 1632 1602 1615
f 1641 1636 1639
f 1641 1637 1636
f 1637 1602 1632
f 1637 1642 1602
f 1637 1641 1642
f 1654 1697 1695
f 1695 1653 1654
f 1653 1688 1687
f 1693 1688 1691
f 1693 1690 1688
f 1697 1698 1686
f 1696 1653 1695
f 1687 1658 1653
f 1658 1698 1697
f 1689 1658 1687
f 1653 1691 1688
f 1653 1692 1691
f 1690 1658 1689
f 1696 1692 1653
f 1696 1694 1692
f 1698 1694 1696
f 1698 1677 1694
f 1693 1658 1690
f 1677 1658 1693
f 1677 1698 1658
f 1707 1745 1744
f 1750 1745 1748
f 1750 1747 1745
f 1753 1707 1702
f 1744 1711 1707
f 1711 1743 1754
f 1746 1711 1744
f 1707 1748 1745
f 1707 1749 1748
f 1750 1726 1747
f 1753 1749 1707
f 1726 1711 1746
f 1753 1751 1749
f 1750 1711 1726
f 1755 1751 1753
f 1755 1752 1751
f 1752 1711 1750
f 1752 1743 1711
f 1752 1755 1743
f 1801 1764 1800
f 1764 1794 1793
f 1798 1794 1796
f 1798 1795 1794
f 1769 1802 1800
f 1769 1803 1802
f 1793 1768 1764
f 1768 1803 1769
f 1779 1768 1793
f 1764 1796 1794
f 1764 1797 1796
f 1785 1795 1798
f 1801 1797 1764
f 1803 1795 1785
f 1801 1799 1797
f 1803 1799 1801
f 1803 1768 1795
f 1812 1862 1860
f 1811 1852 1851
f 1858 1852 1856
f 1858 1854 1852
f 1858 1855 1854
f 1816 1862 1812
f 1816 1850 1862
f 1816 1863 1850
f 1841 1811 1812
f 1840 1855 1858
f 1851 1815 1811
f 1815 1863 1816
f 1853 1815 1851
f 1811 1856 1852
f 1841 1856 1811
f 1841 1857 1856
f 1863 1855 1840
f 1861 1857 1841
f 1861 1859 1857
f 1855 1815 1853
f 1863 1859 1861
f 1863 1815 1855
f 1872 1920 1903
f 1871 1910 1884
f 1910 1893 1913
f 1915 1910 1913
f 1915 1912 1910
f 1876 1920 1872
f 1876 1922 1920
f 1918 1871 1872
f 1909 1871 1884
f 1909 1875 1871
f 1875 1922 1876
f 1911 1875 1909
f 1918 1910 1871
f 1918 1914 1910
f 1912 1875 1911
f 1919 1914 1918
f 1919 1916 1914
f 1915 1875 1912
f 1921 1916 1919
f 1921 1917 1916
f 1917 1875 1915
f 1917 1922 1875
f 1917 1921 1922
f 1971 1931 1932
f 1931 1964 1945
f 1969 1964 1967
f 1969 1966 1964
f 1941 1972 1932
f 1941 1970 1972
f 1955 1966 1969
f 1963 1931 1945
f 1963 1936 1931
f 1936 1970 1941
f 1965 1936 1963
f 1931 1967 1964
f 1971 1967 1931
f 1971 1968 1967
f 1970 1966 1955
f 1971 1970 1968
f 1966 1936 1965
f 1973 1970 1971
f 1970 1936 1966
f 1983 2028 2026
f 1982 2019 1995
f 2025 2019 2022
f 2025 2021 2019
f 1987 2028 1983
f 1987 2017 2028
f 1987 2029 2017
f 2008 1982 1983
f 2018 1982 1995
f 2018 1986 1982
f 1986 2029 1987
f 2020 1986 2018
f 1982 2022 2019
f 2025 2020 2021
f 2008 2022 1982
f 2008 2023 2022
f 2027 2023 2008
f 2027 2024 2023
f 2025 1986 2020
f 2029 2024 2027
f 2029 2025 2024
f 2025 2029 1986
f 2064 2038 2081
f 2038 2074 2051
f 2079 2074 2077
f 2079 2076 2074
f 2043 2083 2081
f 2043 2072 2083
f 2043 2085 2072
f 2082 2038 2064
f 2073 2038 2051
f 2073 2042 2038
f 2042 2085 2043
f 2075 2042 2073
f 2038 2077 2074
f 2038 2061 2077
f 2082 2061 2038
f 2082 2078 2061
f 2080 2076 2079
f 2076 2042 2075
f 2082 2080 2078
f 2080 2042 2076
f 2080 2085 2042
f 2080 2084 2085
f 2084 2080 2082
f 2138 2133 2136
f 2138 2135 2133
f 2122 2093 2094
f 2122 2107 2093
f 2132 2093 2107
f 2132 2098 2093
f 2098 2131 2142
f 2107 2136 2133
f 2134 2098 2132
f 2122 2136 2107
f 2122 2137 2136
f 2112 2098 2134
f 2141 2137 2122
f 2140 2135 2138
f 2141 2139 2137
f 2135 2098 2112
f 2143 2139 2141
f 2143 2140 2139
f 2140 2098 2135
f 2140 2131 2098
f 2140 2143 2131
f 2152 2196 2194
f 2193 2152 2194
f 2193 2151 2152
f 2151 2187 2186
f 2191 2187 2189
f 2191 2188 2187
f 2186 2156 2151
f 2156 2197 2196
f 2151 2189 2187
f 2193 2189 2151
f 2193 2190 2189
f 2195 2190 2193
f 2195 2192 2190
f 2191 2156 2188
f 2197 2192 2195
f 2197 2176 2192
f 2176 2156 2191
f 2176 2197 2156
f 2206 2249 2248
f 2206 2251 2249
f 2248 2205 2206
f 2205 2241 2218
f 2246 2241 2244
f 2246 2242 2241
f 2214 2251 2206
f 2214 2247 2251
f 2240 2205 2218
f 2240 2209 2205
f 2209 2247 2214
f 2243 2209 2240
f 2205 2244 2241
f 2246 2243 2242
f 2248 2244 2205
f 2248 2245 2244
f 2250 2245 2248
f 2250 2247 2245
f 2246 2209 2243
f 2252 2247 2250
f 2247 2209 2246
f 2310 2261 2256
f 2308 2303 2306
f 2308 2305 2303
f 2271 2311 2256
f 2271 2312 2311
f 2302 2261 2303
f 2302 2265 2261
f 2265 2312 2271
f 2304 2265 2302
f 2261 2306 2303
f 2308 2265 2305
f 2283 2265 2304
f 2310 2306 2261
f 2310 2307 2306
f 2312 2265 2308
f 2310 2309 2307
f 2312 2309 2310
f 2321 2359 2335
f 2364 2359 2362
f 2364 2361 2359
f 2331 2367 2316
f 2331 2357 2367
f 2331 2368 2357
f 2366 2321 2316
f 2358 2321 2335
f 2358 2325 2321
f 2325 2368 2331
f 2360 2325 2358
f 2321 2362 2359
f 2321 2363 2362
f 2364 2325 2361
f 2366 2363 2321
f 2366 2365 2363
f 2368 2365 2366
f 2368 2348 2365
f 2348 2325 2364
f 2348 2368 2325
f 2437 2450 2449
f 2450 2437 2436
f 2449 2424 2437
f 2424 2439 2438
f 2424 2449 2439
f 2444 2427 2440
f 2444 2443 2427
f 2440 2445 2444
f 2446 2448 2447
f 2446 2449 2448
f 2449 2446 2439
f 2440 2446 2445
f 2451 2434 2452
f 2453 2451 2435
f 2451 2453 2434
f 2435 2450 2436
f 2435 2451 2450
f 2443 2442 2441
f 2600 2595 2579
f 2600 2571 2595
f 2589 2590 2603
f 2600 2594 2571
f 2599 2597 2598
f 2599 2574 2597
f 2599 2596 2574
f 2609 6311 2610
f 2595 2596 2579
f 2576 2597 2575
f 2593 2580 2581
f 2593 2594 2580
f 2594 2593 2569
f 2590 2587 2603
f 2601 2582 2583
f 2601 2581 2582
f 2601 2593 2581
f 2601 2592 2593
f 2601 2591 2592
f 2591 2564 2565
f 2591 2590 2564
f 2590 2586 2587
f 2590 2585 2586
f 2590 2602 2585
f 2591 2602 2590
f 2591 2601 2602
f 2710 2695 2709
f 2710 2711 2695
f 2693 2711 2712
f 2692 2712 2713
f 2712 2692 2693
f 2691 2714 2715
f 2691 2713 2714
f 2713 2691 2692
f 2700 2704 2699
f 2698 2705 2697
f 2698 2704 2705
f 2698 2699 2704
f 2707 2705 2706
f 2707 2697 2705
f 2707 2696 2697
f 2696 2707 2708
f 2928 2974 2915
f 2928 2903 2974
f 2928 2916 2903
f 2928 2967 2916
f 2928 2913 2967
f 2944 2943 2930
f 2945 2947 2933
f 2945 2931 2947
f 2945 2934 2948
f 2951 2940 2935
f 2951 2939 2940
f 2942 2949 2941
f 2942 2948 2949
f 2942 2945 2948
f 2942 2944 2945
f 2942 2943 2944
f 2939 2957 2929
f 2939 2938 2957
f 2939 2937 2938
f 2956 2954 2955
f 2956 2952 2954
f 2956 2964 2952
f 2937 2964 2956
f 2964 2939 2951
f 2964 2937 2939
f 2919 2916 2967
f 2919 2904 2916
f 2919 2905 2904
f 2919 2917 2905
f 2919 2918 2917
f 3027 3018 3017
f 3018 3025 3019
f 3018 3026 3025
f 3018 3027 3026
f 3028 3017 3016
f 3017 3028 3027
f 3022 3024 3023
f 3024 3022 3021
f 3021 3025 3024
f 3021 3019 3025
f 3019 3021 3020
f 3096 3091 3090
f 3098 3097 6317
f 3097 3098 3075
f 3079 3080 3094
f 3094 3089 3088
f 3089 3095 3074
f 3089 3094 3095
f 3147 3148 3160
f 3341 3362 3348
f 3341 3340 3362
f 3343 3348 3347
f 3347 3344 3343
f 3347 3365 3344
f 3352 3354 6309
f 3352 3351 3354
f 3318 3317 3345
f 6309 3353 3352
f 3334 3333 3332
f 3334 3332 3335
f 3358 3360 3359
f 3358 3329 3360
f 3358 3330 3329
f 3330 3325 3364
f 3357 3330 3358
f 3357 3325 3330
f 3364 3339 3338
f 3339 3364 3327
f 3338 3330 3364
f 3365 3345 3317
f 3365 3346 3345
f 3349 3356 3361
f 3349 3361 3326
f 3349 3326 3348
f 3341 3348 3343
f 3421 3424 3425
f 3423 3422 3424
f 3418 3415 3414
f 3415 3418 3417
f 3400 3411 3401
f 3423 3424 3420
f 3407 3406 3417
f 3417 3416 3415
f 3417 3406 3416
f 3497 3496 3470
f 3476 3492 3491
f 3485 3498 3497
f 3485 3484 3498
f 3485 3500 3484
f 3489 3493 3490
f 3489 3495 3493
f 3489 3486 3495
f 3571 3563 3580
f 3571 3570 3563
f 3569 3565 3564
f 3565 3568 3551
f 3568 3567 3566
f 3569 3568 3565
f 3579 3572 3571
f 3579 3578 3572
f 3574 3576 3575
f 3574 3555 3576
f 3656 3653 3643
f 3656 3655 3653
f 3638 3637 3664
f 3658 3647 3659
f 3658 3662 3647
f 3663 3652 3649
f 3652 3658 3657
f 3652 3662 3658
f 3652 3663 3662
f 3664 3652 3638
f 3664 3649 3652
f 3664 3650 3649
f 3664 3651 3650
f 3660 3661 3645
f 3727 3734 3728
f 3734 3718 3717
f 3726 3734 3727
f 3726 3718 3734
f 3733 3728 3734
f 3733 3729 3728
f 3733 3730 3729
f 3730 3732 3731
f 3730 3733 3732
f 3732 3716 3715
f 3732 3733 3716
f 3720 3725 3724
f 3725 3720 3719
f 3721 3720 3724
f 3759 3758 3760
f 3759 3754 3758
f 3952 3968 3953
f 3947 3975 3974
f 3978 3944 3943
f 3976 3947 3946
f 3947 3976 3975
f 3946 3979 3976
f 3946 3977 3979
f 3946 3941 3977
f 3946 3945 3941
f 3968 3952 3935
f 3966 3963 3967
f 3966 3964 3963
f 3966 3965 3964
f 3958 3956 3955
f 3958 3957 3956
f 3962 3967 3963
f 3962 3955 3967
f 3962 3958 3955
f 3958 3960 3959
f 3962 3960 3958
f 3962 3961 3960
f 3971 3950 3949
f 3950 3969 3951
f 3950 3936 3969
f 3950 3970 3936
f 3950 3971 3970
f 3948 3931 3949
f 3948 3949 3971
f 3948 3971 3972
f 3948 3972 3937
f 3948 3937 3973
f 3948 3973 3974
f 3948 3974 3947
f 4100 4098 4097
f 4100 4099 4098
f 4101 4097 4096
f 4097 4101 4100
f 4106 4092 4091
f 4092 4106 4105
f 4102 4095 4103
f 4102 4096 4095
f 4096 4102 4101
f 4093 4092 4105
f 4093 4094 4081
f 4094 4084 4083
f 4094 4095 4084
f 4094 4103 4095
f 4094 4104 4103
f 4094 4089 4104
f 4094 4093 4089
f 4094 4082 4081
f 4091 4090 4106
f 4158 4160 4157
f 4158 4159 4160
f 4158 4154 4159
f 4147 4150 4149
f 4145 4153 4146
f 4145 4136 4153
f 4151 4146 4153
f 4151 4147 4146
f 4151 4150 4147
f 4272 4279 4273
f 4288 4274 6312
f 4255 4273 4292
f 4284 4283 4262
f 4284 4263 4283
f 4282 4284 4262
f 4284 4277 4285
f 4284 4259 4277
f 4282 4259 4284
f 4276 4285 4277
f 4276 4286 4285
f 4281 4278 4282
f 4276 4287 4286
f 4280 4278 4281
f 4280 4260 4278
f 4272 4280 4279
f 4272 4261 4280
f 4264 4286 4287
f 4289 4291 4290
f 4376 4383 4377
f 4376 4384 4383
f 4378 4382 4381
f 4382 4377 4383
f 4382 4378 4377
f 4368 4394 4393
f 4393 4369 4368
f 4393 4371 4369
f 4393 4355 4371
f 4393 4392 4355
f 4392 4372 4355
f 4387 4389 4388
f 4389 4391 4366
f 4391 4372 4392
f 4391 4373 4372
f 4391 4374 4373
f 4391 4385 4374
f 4391 4386 4385
f 4386 4389 4387
f 4386 4391 4389
f 4371 4370 4369
f 4606 4583 4584
f 4583 4606 4607
f 4584 4605 4606
f 4605 4584 4585
f 4595 4597 4598
f 4595 4596 4597
f 4595 4573 4596
f 4595 4572 4573
f 4572 4595 4570
f 4593 4598 4599
f 4598 4568 4595
f 4598 4594 4568
f 4598 4593 4594
f 4599 4592 4593
f 4592 4599 4600
f 4600 4591 4592
f 4570 4571 4572
f 4576 4600 4575
f 4590 4602 4603
f 4590 4601 4602
f 4588 4587 4608
f 4588 4586 4587
f 4607 4582 4558
f 4581 4582 4607
f 4590 4613 4589
f 4590 4604 4613
f 4590 4603 4604
f 4589 4586 4588
f 4586 4605 4585
f 4589 4605 4586
f 4589 4618 4605
f 4716 4723 4717
f 4716 4708 4723
f 4722 4712 4706
f 4714 4716 4715
f 4714 4722 4716
f 4714 4712 4722
f 4712 4714 4713
f 4695 4712 4706
f 4768 4769 4754
f 4768 4770 4769
f 4768 4781 4770
f 4777 4773 4772
f 4777 4762 4773
f 4863 4866 4867
f 4863 4865 4866
f 4875 4852 4853
f 4867 4862 4863
f 4862 4852 4875
f 4862 4851 4852
f 4862 4867 4851
f 4844 4858 4843
f 4844 4859 4858
f 4844 4845 4859
f 4858 4841 4842
f 4858 4840 4841
f 4840 4859 4857
f 4840 4858 4859
f 4854 4855 4861
f 4860 4856 4857
f 4856 4860 4855
f 4849 4870 4848
f 4865 4872 4864
f 4864 4872 4847
f 4871 4849 4848
f 4968 4959 4967
f 4968 4952 4959
f 4952 4968 4939
f 4965 4948 4959
f 4959 4966 4967
f 4959 4948 4966
f 4962 4947 4961
f 4956 4958 4955
f 4954 4953 4940
f 4953 4954 4942
f 4957 4956 4941
f 5050 5040 5049
f 5050 5039 5040
f 5050 5051 5039
f 5036 5053 5035
f 5053 5034 5035
f 5046 5044 5045
f 5046 5025 5044
f 5046 5043 5025
f 5042 5043 5046
f 5042 5024 5043
f 5040 5048 5049
f 5211 5183 5201
f 5211 5210 5183
f 5201 5212 5211
f 5201 5200 5212
f 5213 5200 5222
f 5206 6314 5207
f 5206 5205 6314
f 5204 5207 6314
f 5218 5193 5192
f 5197 5196 5217
f 5188 5187 5214
f 5222 5187 5213
f 5222 5214 5187
f 5215 5216 5189
f 5217 5198 5197
f 5199 5214 5222
f 5216 5199 5198
f 5216 5214 5199
f 5305 5316 5315
f 5305 5304 5316
f 5306 5305 5315
f 5320 6316 5321
f 5320 5291 6316
f 5314 5308 5307
f 5308 5314 5313
f 5309 5311 5310
f 5303 5302 5298
f 5303 5294 5302
f 5303 5317 5304
f 5303 5318 5317
f 5318 5298 5297
f 5318 5303 5298
f 5297 5319 5318
f 5312 5308 5313
f 5403 5404 5395
f 5403 5396 5404
f 5403 5408 5396
f 5408 5397 5396
f 5405 5397 5408
f 5405 5398 5397
f 5406 5399 5407
f 5394 5388 5387
f 5394 5389 5388
f 5394 5390 5389
f 5394 5391 5390
f 5391 5394 5386
f 5392 5391 5386
f 5392 5385 5393
f 5382 5383 5381
f 5379 5380 5378
f 5501 5486 5492
f 5488 5490 5489
f 5496 5495 5494
f 5493 5484 5497
f 5498 5484 5493
f 5500 5499 5498
f 5485 5500 5492
f 5556 5555 5551
f 5551 5557 5556
f 5557 5551 5544
f 5561 5560 5559
f 5552 5555 5547
f 5552 5553 5546
f 5552 5546 5547
f 5604 5606 5602
f 5606 5604 5600
f 5606 5601 5605
f 5606 5600 5601
f 5610 5597 5603
f 5610 5603 5595
f 5607 5608 5609
f 5594 5592 5593
f 5732 5733 5708
f 5732 5723 5733
f 5732 5724 5723
f 5713 5737 5736
f 5737 5713 5712
f 5724 5732 5731
f 5737 5711 5738
f 5737 5712 5711
f 5726 5731 5730
f 5731 5725 5724
f 5731 5726 5725
f 5730 5727 5726
f 5728 5727 5729
f 5715 5720 5705
f 5716 5715 5719
f 5723 5734 5733
f 5734 5723 5722
f 5720 5722 5721
f 5722 5709 5734
f 5720 5735 5722
f 5715 5735 5720
f 5715 5714 5735
f 5872 5889 5880
f 5893 5875 5876
f 5893 5869 5870
f 5870 5848 5847
f 5871 5892 5890
f 5892 5848 5870
f 5892 5871 5848
f 5891 5892 5867
f 5891 5890 5892
f 5890 5866 5865
f 5890 5891 5866
f 5883 5894 5884
f 5883 5885 5894
f 5883 5886 5885
f 5886 5883 5882
f 5882 5887 5886
f 5887 5882 5881
f 5872 5855 5879
f 5888 5887 5881
f 5880 5855 5872
f 5876 5875 5874
f 5877 5879 5878
f 5877 5872 5879
f 5877 5850 5872
f 5877 5873 5850
f 5877 5874 5873
f 5874 5877 5876
f 5983 5982 5959
f 5983 5964 5984
f 5975 5977 5976
f 5975 5978 5977
f 5970 5969 5968
f 5972 5960 5966
f 5966 5973 5972
f 5966 5965 5973
f 6054 6051 6053
f 6047 6046 6048
f 6045 6035 6036
f 6045 6043 6044
f 6050 6042 6041
f 6041 6039 6050
f 6041 6028 6039
f 6041 6040 6028
f 6175 6199 6176
f 6175 6200 6199
f 6172 6174 6173
f 6174 6172 6201
f 6192 6191 6190
f 6181 6183 6182
f 6183 6181 6180
f 6193 6189 6194
f 6183 6180 6179
f 6195 6189 6188
f 6188 6196 6195
f 6178 6184 6183
f 6178 6185 6184
f 6188 6197 6196
f 6197 6187 6186
f 6197 6188 6187
f 6206 6178 6177
f 6186 6206 6197
f 6206 6185 6178
f 6206 6186 6185
f 6305 6303 6304
f 6305 6290 6303
f 6290 6305 6307
f 6295 6294 6270
f 6295 6293 6294
f 6295 6284 6293
f 6297 6285 6296
f 6285 6274 6298
f 6285 6297 6274
f 6288 6300 6289
f 6300 6303 6289
f 6300 6302 6303
f 6300 6301 6302
f 4289 4291 4269
f 4289 4269 4270
f 4289 4270 6312
f 4292 4270 6312
f 6312 4288 4289
f 2920 2923 2921
f 2920 2907 2923
f 2920 2908 2907
f 2926 2920 2927
f 2926 2908 2920
f 2926 2909 2908
f 2926 2925 2909
f 6384 6391 6392
f 6391 6384 6385
f 6383 6392 6393
f 6392 6383 6384
f 6383 6393 6396
f 6382 6383 6396
f 6394 6382 6379
f 6394 6395 6381
f 6389 6373 6390
f 6388 6390 6374
f 6388 6372 6390
f 6375 6387 6388
f 6386 6376 6377
f 6386 6387 6376
f 6377 6385 6386
f 6385 6377 6391
f 6394 6371 6382
f 6376 6387 6375
f 7897 6411 7896
f 7887 6443 9355
f 6443 7887 7729
f 7907 6450 6445
f 6450 7907 8377
f 7743 6459 6460
f 6460 6463 7743
f 7720 6461 6462
f 7720 6465 6461
f 6465 7720 7719
f 7913 6470 6467
f 6470 7732 7911
f 6470 7913 7732
f 7937 7923 6487
f 7937 7921 7923
f 7747 6542 6539
f 6542 6546 6545
f 6542 7747 6546
f 7755 10679 6575
f 6577 7754 6578
f 6595 7758 6598
f 7967 7775 6606
f 7967 6606 6607
f 6607 6609 7967
f 6681 6682 7972
f 7970 6682 6685
f 6700 7976 6697
f 8001 6703 10826
f 6718 6722 6721
f 6718 6721 7824
f 6718 7824 6717
f 8035 8034 6727
f 6772 7829 6770
f 6772 6770 6768
f 8067 7832 6769
f 6773 7832 6774
f 6775 6777 7828
f 7834 6783 9961
f 8088 6783 7834
f 6783 8088 6785
f 7833 6788 6785
f 7833 6791 6788
f 6791 7833 11791
f 7854 6878 6880
f 6878 7854 6874
f 6891 6888 6889
f 6891 6889 7875
f 6899 7851 6897
f 6900 6898 7874
f 7874 11962 6900
f 6977 8129 6976
f 8130 6989 7876
f 6992 8130 6995
f 7048 7047 7044
f 7044 7868 7048
f 7867 11152 7048
f 10088 7057 7063
f 7063 8125 10088
f 8118 7068 7074
f 7068 8118 8119
f 8123 7075 7071
f 7075 8123 7855
f 7850 7074 7076
f 7850 7077 10050
f 7850 7076 7077
f 7079 8120 11826
f 7848 7104 7105
f 7104 7848 11078
f 7106 7102 7103
f 7106 7103 7849
f 7109 7108 7106
f 7106 7849 7109
f 8098 7129 7126
f 7129 8098 11049
f 8094 7139 11017
f 8094 8096 7139
f 8087 7145 7149
f 8083 7149 10993
f 8083 8085 7149
f 7158 7831 7155
f 7180 7177 7179
f 7180 7179 7830
f 8058 8060 7182
f 8058 8059 8060
f 7188 8049 8051
f 7188 8047 8049
f 7827 12416 7198
f 7990 8005 7235
f 7250 7249 7246
f 7250 7973 7249
f 7973 9815 7249
f 7817 7269 10787
f 7817 7815 7269
f 7814 7812 7273
f 7785 7306 7302
f 7773 7321 10777
f 7767 7768 7329
f 7766 7332 7768
f 7335 11595 7760
f 7761 7760 11595
f 7760 7338 7335
f 7757 7363 7365
f 7958 7365 7370
f 7953 7374 7952
f 7953 7370 7374
f 7950 7378 8507
f 7751 7390 10631
f 7751 7393 7390
f 7749 7748 7393
f 7456 9460 7458
f 7735 7456 8398
f 7456 7735 9460
f 7457 7460 7462
f 7457 7462 7746
f 7722 7472 7470
f 7477 7737 7915
f 7477 7915 7736
f 7477 7736 7476
f 7477 7476 7474
f 7494 7498 7497
f 7497 7739 7740
f 7742 7738 7494
f 7494 7497 7740
f 7494 7740 7741
f 7494 7741 7742
f 7712 7495 7496
f 7495 7713 7499
f 7713 7495 7712
f 7716 7518 7516
f 7716 7519 7518
f 7519 7717 7520
f 7519 7716 7717
f 7520 7715 7523
f 7726 7524 7525
f 7881 7553 7552
f 7553 7555 7557
f 7555 7877 7882
f 7877 7553 7881
f 7553 7877 7555
f 7559 7878 8322
f 7849 7628 7573
f 7717 7576 7715
f 7717 7715 7520
f 7716 7576 7717
f 7576 7716 7714
f 7589 7749 7751
f 7593 7752 7753
f 7753 7592 7593
f 7592 7753 7947
f 7947 7591 7592
f 7591 7947 8510
f 7590 7955 7959
f 7590 7954 7955
f 7959 7960 7590
f 7958 7590 7960
f 7960 7365 7958
f 7953 7954 7590
f 7590 7958 7953
f 7954 7953 7952
f 7954 7952 7950
f 7946 7592 7591
f 7591 8508 7948
f 7591 7948 7946
f 7944 7593 7592
f 7592 7946 7945
f 7592 7945 7944
f 7942 7752 7593
f 7593 7944 7943
f 7593 7943 7942
f 7589 7750 7749
f 7607 7822 7821
f 7607 7821 10792
f 7594 7606 7819
f 7594 7819 7816
f 7595 7594 7816
f 7595 7816 7813
f 7596 7595 7813
f 7596 7813 7811
f 7596 7811 9766
f 7605 7801 7799
f 7605 7799 7798
f 7805 7605 7798
f 7597 7805 7804
f 7597 7804 7789
f 7597 7789 8621
f 7784 7604 7598
f 7598 7787 7786
f 7598 7786 7784
f 7780 7603 9686
f 9686 9687 7780
f 7777 7602 7603
f 7603 7780 7779
f 7603 7779 7777
f 7772 7600 7599
f 7599 7774 7772
f 7769 7601 7600
f 7600 7772 7770
f 7600 7770 7769
f 7601 7769 7966
f 7601 7966 7766
f 7760 7761 7759
f 7601 7768 7767
f 7601 7766 7768
f 7767 7600 7601
f 7600 7767 7771
f 7771 7599 7600
f 7599 7771 7773
f 7776 7603 7602
f 7603 7778 7781
f 7603 7776 7778
f 7781 9686 7603
f 7783 7598 7604
f 7598 7783 7785
f 7605 7806 7797
f 7605 7803 7806
f 7797 7801 7605
f 7801 7797 7800
f 7809 7595 7596
f 7595 7810 7812
f 7595 7809 7810
f 7814 7595 7812
f 7814 7815 7595
f 7817 7606 7815
f 7606 7817 7818
f 7968 7607 7820
f 7968 7822 7607
f 7612 7991 8006
f 7612 7989 7991
f 7612 11678 7989
f 8006 7611 7612
f 7611 8007 8010
f 7611 8006 8007
f 7608 8017 8018
f 7608 8011 8017
f 8038 7609 8036
f 8038 7610 7609
f 7610 8039 8041
f 7610 8038 8039
f 7609 7610 8040
f 7609 8040 8037
f 8011 7608 8019
f 7612 7611 8008
f 7612 8008 8005
f 7613 7612 8005
f 7613 8005 7990
f 7613 7990 7988
f 7613 7988 11684
f 7617 8069 8061
f 8047 7616 8049
f 7616 8047 8048
f 8058 7617 8059
f 8058 8069 7617
f 8069 8058 7830
f 9965 8081 8082
f 9965 8082 9966
f 7618 7619 8087
f 7618 8087 8085
f 7620 7621 8094
f 7620 8094 8091
f 7622 7623 7836
f 7622 7836 8097
f 7622 8097 8872
f 7624 7625 7837
f 7624 7837 8099
f 7624 8099 11042
f 7625 7838 8102
f 7625 8102 8101
f 7625 8101 7837
f 7838 7840 7839
f 7838 7839 8102
f 7626 7627 7847
f 7626 7847 7845
f 7626 7845 7843
f 11793 7628 7849
f 7842 7630 7631
f 7630 7842 7846
f 7840 7838 8918
f 8100 7838 7625
f 7625 8098 8100
f 8870 7632 7633
f 7632 8870 7835
f 8090 7634 7620
f 7634 8092 8093
f 7634 8090 8092
f 8084 7619 7618
f 7619 8086 11013
f 7619 8084 8086
f 8080 8081 9965
f 8944 7635 8107
f 8944 8107 8948
f 7636 7637 8113
f 7636 8113 8111
f 7638 7639 7856
f 7638 7856 8122
f 7638 8122 8121
f 7639 8120 7855
f 8110 7640 7641
f 7640 8110 8112
f 8946 7642 8943
f 7642 8106 10044
f 7642 8105 8106
f 7642 8946 8105
f 7644 11152 11151
f 7644 11151 8128
f 7644 8128 9026
f 7645 7859 7858
f 8125 7646 10088
f 7850 8117 7074
f 8117 8116 8115
f 8117 7850 8116
f 8115 8118 8117
f 8126 7859 7857
f 8126 7860 7859
f 8127 11152 7644
f 9122 9123 7876
f 8129 7648 7871
f 7647 7869 11243
f 7864 9018 7863
f 7649 7853 7650
f 7649 7650 7852
f 8065 7652 7653
f 7653 8078 8065
f 7656 8079 8077
f 7656 8064 8079
f 7833 7659 8846
f 10924 7661 7663
f 7663 8054 10924
f 8056 7663 7664
f 7663 8055 8053
f 7663 8056 8055
f 8026 8025 10896
f 10896 10898 8026
f 10896 8025 10895
f 7666 8046 8044
f 7666 8027 8046
f 7666 8028 8027
f 7671 11693 7994
f 7671 7994 7997
f 7671 7997 7998
f 7671 7998 7667
f 8035 8033 7668
f 7668 8030 8032
f 7668 8032 8034
f 7668 8034 8035
f 7668 8031 8029
f 7668 8033 8031
f 7671 7995 11692
f 7671 7996 7995
f 7671 7667 7996
f 7972 7970 7971
f 7970 7675 7980
f 7970 7980 7982
f 7970 7982 7971
f 8004 7984 7672
f 11650 8004 7672
f 8004 7983 8003
f 8004 11650 7983
f 7675 7981 7978
f 7675 7969 7981
f 7675 7970 7969
f 7678 7967 6609
f 7678 6609 7961
f 7965 7680 7963
f 7764 7965 7765
f 7964 7680 7965
f 7964 7962 7680
f 9656 7775 7682
f 7939 7688 7940
f 7939 7938 7688
f 7690 7689 7934
f 7690 7934 7936
f 7690 7936 7922
f 7695 7696 7927
f 7695 7927 7930
f 7695 7930 7744
f 7691 7695 7744
f 7691 7744 7730
f 7720 7692 7732
f 7720 7732 7913
f 7720 7913 7719
f 7693 7912 7731
f 7693 7892 7912
f 7693 7720 7892
f 7908 7695 7694
f 7695 7914 7931
f 7695 7908 7914
f 7929 7696 7695
f 7696 7926 10513
f 7696 7928 7926
f 7696 7929 7928
f 7937 7697 7921
f 7937 7689 7697
f 7689 7933 10550
f 7689 7935 7933
f 7689 7937 7935
f 7702 7700 7907
f 7702 7907 7900
f 7702 7900 7902
f 7702 7902 7729
f 7701 7702 7729
f 7701 7729 7887
f 7701 7887 7889
f 7701 7889 7718
f 7890 7702 7701
f 7702 7886 7903
f 7702 7888 7886
f 7702 7890 7888
f 7903 7703 7702
f 7703 7899 7898
f 7703 7901 7899
f 7703 7903 7901
f 7728 7709 7896
f 7896 8343 7728
f 7877 7706 7878
f 7877 7878 7555
f 7877 7555 7882
f 7881 7706 7877
f 7706 7880 7879
f 7706 7881 7880
f 7897 7896 7709
f 8324 6399 6400
f 8345 8343 6419
f 8337 6419 6425
f 8337 8344 6419
f 6430 6431 8352
f 6430 8352 6429
f 8326 6428 9405
f 8326 6433 6428
f 6432 7891 6435
f 8325 6432 6433
f 6432 8325 7891
f 6480 6481 6484
f 8457 6512 6513
f 8455 6519 10569
f 6519 8455 8453
f 8464 6524 6519
f 6524 8464 8463
f 6524 8463 8470
f 6544 6549 8487
f 8530 6588 6586
f 6588 8530 6589
f 8571 6616 6613
f 6616 8571 6617
f 8600 8602 8611
f 8600 9695 8602
f 8611 8614 8600
f 8610 8635 8613
f 8635 8610 8626
f 8616 6640 6641
f 8616 6643 6640
f 6643 8616 7795
f 8650 6647 6651
f 8650 8633 6647
f 6654 6656 8665
f 6654 8665 6653
f 6655 8654 8652
f 6660 8671 8669
f 8667 6668 6662
f 6668 8667 8682
f 8679 6672 6668
f 6672 8679 8677
f 8685 11627 6672
f 11627 8685 8683
f 8748 6712 6710
f 6712 8748 6713
f 12703 6730 6731
f 8809 6745 6741
f 6753 6755 12420
f 6753 12420 8804
f 6776 8831 6778
f 6776 8830 8831
f 8883 6820 6816
f 6820 8883 8881
f 6822 6825 6821
f 6825 8908 6826
f 6825 6822 8908
f 8894 6823 6828
f 8894 8880 6823
f 8894 8257 8880
f 8906 6831 6826
f 8906 8905 6831
f 8902 8889 6837
f 8902 8258 8889
f 8899 8901 6843
f 9023 6893 11146
f 9023 6895 6893
f 12903 6904 6901
f 6901 9115 12903
f 8976 6903 6905
f 9008 6926 6931
f 6926 9008 6928
f 9008 6931 10107
f 9007 9008 10107
f 11999 9137 6937
f 6945 6942 6944
f 9158 6946 6945
f 6945 6944 9158
f 9048 11182 9049
f 9117 6997 8130
f 9117 9157 6997
f 9154 7000 6997
f 9046 7006 11158
f 9147 7005 9149
f 9147 7010 7005
f 9147 9146 7010
f 9148 11157 9045
f 9148 9150 11157
f 9043 9144 9145
f 7016 7012 7013
f 7016 7013 9141
f 7016 9141 7019
f 7022 7020 7023
f 9005 7022 7026
f 9003 7026 7029
f 9000 7029 9001
f 9076 7032 9079
f 9076 7035 7032
f 9076 9077 7035
f 9035 9072 9074
f 9070 8214 7039
f 9033 9069 9071
f 9033 9068 9069
f 7042 7038 7039
f 7042 7039 9067
f 7042 9067 9066
f 9031 9068 9033
f 9031 9066 9068
f 8214 9067 7039
f 9030 9066 9031
f 9030 7868 9066
f 7073 7070 7071
f 8952 7090 7089
f 8952 7087 7090
f 7121 7115 7118
f 7121 7118 8911
f 7128 7127 7124
f 7128 8879 7127
f 7143 7141 11039
f 8851 8850 7161
f 8832 9945 7168
f 7176 8828 9927
f 7178 8820 12439
f 7245 7242 8723
f 8723 7247 7245
f 7265 8690 7262
f 8690 7265 7267
f 7277 7273 8676
f 8658 7286 7285
f 7285 7283 8658
f 8583 7326 7327
f 7326 8583 7325
f 7341 7338 7339
f 7339 7342 7341
f 7348 8548 8546
f 8534 10700 7358
f 8534 8537 10700
f 8534 8535 8537
f 8520 7362 7757
f 8520 8531 7362
f 8450 7434 7430
f 7441 8466 8467
f 7441 8467 8465
f 7441 8465 7440
f 7441 7440 7437
f 8398 7456 12160
f 8415 8414 7468
f 8415 8155 8414
f 8440 7489 7493
f 7489 8440 8442
f 8433 7497 7504
f 7507 7511 7510
f 7510 8444 8445
f 8445 8133 8446
f 8446 7506 7507
f 7507 7510 8445
f 7507 8445 8446
f 7535 7533 7536
f 7536 8341 7535
f 8320 7544 7542
f 7544 8320 7546
f 7554 9449 8342
f 8322 6400 7559
f 6400 8322 8323
f 8323 8324 6400
f 6415 8343 7896
f 8348 6436 8347
f 7890 9352 8364
f 7890 7701 9352
f 8361 8363 6440
f 8362 7890 8364
f 8362 7888 7890
f 7903 8360 8357
f 7903 7886 8360
f 8355 7901 8357
f 8355 7899 7901
f 8355 8356 7899
f 8377 6453 6450
f 7906 6451 6454
f 7906 8374 6451
f 8372 8376 7905
f 8373 6453 8377
f 7905 8370 8372
f 8370 7905 7920
f 7892 11466 8394
f 7892 6462 11466
f 7892 7720 6462
f 8392 7892 8394
f 8392 7912 7892
f 7910 8392 8390
f 7910 7912 8392
f 7910 7731 7912
f 7909 8388 6473
f 8387 8396 8299
f 8387 7730 8396
f 8384 6473 8388
f 12150 6481 6478
f 8487 8476 6543
f 7765 8561 8556
f 8561 7765 7965
f 7965 8560 8561
f 8560 7963 8564
f 8560 7965 7963
f 8560 6603 6601
f 6603 8560 8565
f 6603 8565 8567
f 7791 6639 6642
f 6642 8627 7791
f 8635 7794 8632
f 8635 8626 7794
f 8630 8625 8627
f 8630 7790 8625
f 8630 7793 7790
f 8627 8629 8630
f 7972 8698 9786
f 7971 8696 7972
f 8706 7982 7980
f 8706 8709 7982
f 7980 7979 8706
f 11648 8003 7983
f 8003 11648 8717
f 8003 8729 11672
f 8003 8717 8729
f 8734 8733 7992
f 8747 6716 6713
f 6716 8747 8764
f 8760 6723 6719
f 8770 6727 6723
f 8770 8035 6727
f 8033 8768 11725
f 8800 6738 12394
f 6738 8800 6741
f 12735 8043 12736
f 12735 8801 8043
f 8054 8815 9885
f 8052 8817 8814
f 7829 10938 6770
f 7829 8827 10938
f 8823 7829 8826
f 8823 8825 7829
f 8076 9958 12477
f 8076 8835 9958
f 8072 8847 8073
f 8834 8847 6785
f 8843 7833 6785
f 8843 7659 7833
f 7833 8842 11791
f 7866 8977 8979
f 8977 7865 9021
f 8977 7866 7865
f 9127 7870 9126
f 9127 11165 7870
f 7869 9126 7870
f 7869 11241 9126
f 9122 6989 12017
f 6989 9122 7876
f 7876 9123 9120
f 8130 9120 9116
f 8130 7876 9120
f 8130 9116 9117
f 11155 7868 9030
f 9027 9026 8128
f 8127 7052 11192
f 8127 9025 7052
f 9024 7860 8126
f 9024 9025 7860
f 9024 7052 9025
f 9024 7054 7052
f 8126 8998 9024
f 7857 8998 8126
f 8997 7059 7054
f 8992 8991 7062
f 7071 8988 8123
f 8107 8951 8949
f 8949 8950 7095
f 8949 8948 8107
f 8941 8945 8103
f 8103 8939 8941
f 8939 8103 11075
f 7847 8925 8924
f 7847 10020 8925
f 8924 7845 7847
f 7844 8924 8921
f 7844 7845 8924
f 7844 7843 7845
f 7838 8911 8909
f 7836 8876 8097
f 7836 8875 8876
f 7836 11043 8875
f 8878 7134 8877
f 8878 7131 7134
f 8874 7139 8873
f 8874 7134 7139
f 8874 8877 7134
f 8874 8097 8876
f 8874 8872 8097
f 8871 8095 8869
f 8093 8869 8095
f 8093 8867 8869
f 8093 8887 8867
f 8093 8092 8887
f 8790 8039 8038
f 8790 8791 8039
f 8791 8790 8195
f 8036 8790 8038
f 8036 8789 8790
f 8788 7216 8791
f 8771 9846 7216
f 8771 8194 9846
f 8749 7226 7231
f 8009 8008 7611
f 8009 8740 8008
f 7235 8005 8008
f 8723 8722 7247
f 8675 7812 7810
f 8675 7273 7812
f 8675 8676 7273
f 8674 7280 8676
f 8674 9758 7280
f 8674 8193 9758
f 8657 8655 7801
f 7801 8655 8664
f 8664 7799 7801
f 8664 8661 7799
f 8643 7806 8642
f 8643 7797 7806
f 8641 7296 9725
f 7798 8659 12353
f 8640 8624 7296
f 8624 7302 7296
f 8624 8622 7302
f 7787 9705 7786
f 7787 8620 9705
f 8593 7311 7314
f 8597 7314 7318
f 7322 8582 8594
f 7757 8518 8520
f 8518 7757 7960
f 7959 8524 8526
f 7954 8514 8516
f 7954 7951 8514
f 7951 8509 8512
f 8508 8506 7948
f 8505 7378 7383
f 8505 8507 7378
f 7946 8498 8497
f 8493 8496 7383
f 8497 7945 7946
f 7945 8494 8495
f 7945 8497 8494
f 7944 8492 7943
f 7944 8495 8492
f 7944 7945 8495
f 8489 10629 7942
f 8489 8490 10629
f 8488 7387 7391
f 8488 8491 7387
f 8488 8174 8491
f 7724 7580 8427
f 7724 8427 8432
f 8424 8426 8425
f 7585 7583 11494
f 7585 11494 8407
f 7585 7916 7584
f 7588 7733 8400
f 7735 7588 8400
f 8399 7735 8398
f 7588 8399 10475
f 8399 7588 7735
f 8510 8503 7591
f 8509 7951 8501
f 8499 7950 8507
f 8508 7591 8500
f 7787 7598 10211
f 10211 7788 7787
f 7785 8617 7598
f 8617 7785 8622
f 7802 7801 7800
f 7802 8657 7801
f 7807 7808 8656
f 8018 8773 7608
f 8773 8018 9845
f 8019 7608 8773
f 8094 7621 8866
f 8866 8873 8096
f 8866 8096 8094
f 8865 9163 8866
f 8913 7626 7843
f 8913 7843 7844
f 8913 7844 7841
f 8919 7631 8917
f 7631 8919 7842
f 8095 7634 8093
f 8095 8864 7634
f 8864 8095 8871
f 8944 8947 8104
f 8944 8104 7643
f 8987 12890 8124
f 8987 8124 7856
f 8987 7856 7639
f 8987 7639 12889
f 8123 7639 7855
f 12889 8988 7071
f 8988 7639 8123
f 8988 12889 7639
f 8943 8103 8945
f 8943 7643 8103
f 9026 7860 7644
f 7644 9025 8127
f 9025 7644 7860
f 9018 7864 9020
f 9018 9021 7865
f 8088 7834 8836
f 8833 8835 8076
f 8833 8076 7654
f 8833 7654 8088
f 8833 8088 8836
f 8088 8834 6785
f 8834 7655 8075
f 8834 8088 7655
f 8843 8072 7658
f 8843 7658 7659
f 7659 8840 8846
f 8840 8071 8844
f 8840 7659 8071
f 8054 7663 8815
f 8816 7663 8053
f 8816 8812 7663
f 8779 8024 8785
f 8730 8016 7993
f 8730 7993 8736
f 8766 8033 8035
f 8766 8035 8770
f 8734 7670 8732
f 7670 7992 8015
f 7670 8734 7992
f 7794 7676 8632
f 7677 8625 7790
f 7677 8627 8625
f 8627 7677 7791
f 7676 8631 9723
f 7676 8628 8631
f 8628 7793 8630
f 8628 7794 7793
f 8628 7676 7794
f 7765 8554 7764
f 7765 8551 8554
f 8551 8553 8552
f 8555 8551 7765
f 8555 8553 8551
f 8381 7691 7730
f 8381 7730 8387
f 7732 7692 8381
f 8381 8382 8383
f 8383 8388 7909
f 8383 7909 7911
f 8383 7911 7732
f 7910 7693 7731
f 7910 8378 7693
f 8380 7910 8386
f 8385 7694 8378
f 7694 8385 7908
f 7699 7920 7905
f 7699 7905 8376
f 7699 8376 8367
f 8377 7907 7700
f 7700 7699 8367
f 7700 8367 8377
f 8375 7703 7898
f 7704 7904 7919
f 7704 7906 7904
f 7704 8374 7906
f 7704 8365 8374
f 7704 8366 8365
f 8366 7703 8375
f 7703 8366 7704
f 7878 7706 8322
f 8322 7706 7879
f 9062 9064 12902
f 9062 12902 7874
f 9061 12902 9063
f 9061 7874 12902
f 9008 8230 9006
f 9141 8152 8221
f 8400 8154 8406
f 8404 8155 8415
f 8155 10443 8410
f 8155 8410 8412
f 8155 8412 8414
f 7585 8156 8423
f 7585 8423 8408
f 8156 8160 11475
f 8156 11475 8419
f 8156 8419 8421
f 8156 8421 8423
f 8432 8427 8157
f 8443 8159 8424
f 8424 8430 8439
f 8424 8439 8441
f 8424 8441 8443
f 8157 8158 8434
f 8157 8434 8437
f 8157 8437 8432
f 8431 8318 8428
f 8318 8436 8433
f 8318 8435 8436
f 8318 8431 8435
f 8440 8159 8442
f 8440 8425 8159
f 8425 8438 8429
f 8425 8440 8438
f 8420 8156 8422
f 8420 8160 8156
f 8160 8418 11477
f 8160 8420 8418
f 8407 8156 7585
f 8156 8407 8422
f 8411 8155 8413
f 8411 10443 8155
f 10443 8411 10441
f 8155 8402 8413
f 8155 8404 8402
f 8154 8401 10437
f 8154 8400 8401
f 8175 8486 8485
f 8175 8485 8482
f 8175 8482 8478
f 8174 8175 8478
f 8174 8478 8480
f 8174 8480 8490
f 8174 8490 8489
f 8173 8174 8489
f 8173 8489 8492
f 8173 8492 8495
f 8173 8495 8494
f 8163 8173 8494
f 8163 8494 8497
f 8163 8497 8498
f 8163 8498 8506
f 8163 8506 8508
f 8500 8163 8508
f 8515 8164 8503
f 8503 8510 8511
f 8503 8511 8513
f 8503 8513 8515
f 8500 8504 8503
f 8165 8164 8515
f 8165 8515 8517
f 8165 8517 8523
f 8165 8523 8525
f 8169 8165 8525
f 8169 8525 8527
f 8169 8527 8519
f 8169 8519 8521
f 8168 8169 8521
f 8168 8521 8533
f 8168 8533 8536
f 8166 8548 7342
f 8166 8546 8548
f 8167 8547 8545
f 8167 8558 8547
f 8167 8559 8558
f 8534 8168 8535
f 8534 8169 8168
f 8169 8531 8520
f 8169 8532 8531
f 8169 8534 8532
f 8520 8170 8169
f 8170 8526 8524
f 8170 8518 8526
f 8170 8520 8518
f 8524 8171 8170
f 8171 8516 8514
f 8171 8522 8516
f 8171 8524 8522
f 8514 8501 8171
f 8501 8512 8509
f 8501 8514 8512
f 8507 8172 8499
f 8501 8502 8499
f 8505 8172 8507
f 8505 8173 8172
f 8173 8505 8496
f 8493 8173 8496
f 8493 8174 8173
f 8174 8493 8491
f 8488 8175 8174
f 8175 8479 8477
f 8175 8488 8479
f 8477 8486 8175
f 8486 8481 8484
f 8486 8477 8481
f 7406 8475 7403
f 7283 8176 8658
f 8176 7283 9740
f 8642 8177 8643
f 8642 8178 8177
f 8178 8642 8639
f 8639 8618 8178
f 8618 8639 8623
f 10209 8179 8618
f 8179 10209 8621
f 8621 8180 8179
f 8180 8621 8619
f 8184 8182 8593
f 8184 8593 8599
f 8184 8599 8597
f 8183 8184 8597
f 8183 8597 8594
f 8183 8594 8582
f 8583 8183 8582
f 8583 8582 7325
f 8183 8580 8581
f 8183 8579 8580
f 8183 8583 8579
f 8581 8184 8183
f 8184 8581 8595
f 8185 8598 8592
f 8185 8596 8598
f 8185 8184 8596
f 10211 8620 7788
f 8187 8186 8640
f 8187 8640 8641
f 8658 8188 9738
f 8658 9738 7286
f 8714 8702 8703
f 8710 8189 8711
f 8713 8710 8711
f 8713 8714 8710
f 8713 8712 8714
f 8712 8702 8714
f 9794 9791 8695
f 8694 12380 8689
f 8193 8675 8673
f 8193 8676 8675
f 8190 8656 8663
f 8656 8190 7807
f 8191 8661 8664
f 8191 8664 8655
f 8191 8655 8657
f 8192 8191 8657
f 8676 8193 8674
f 8789 8195 8790
f 8194 8789 8772
f 8749 10859 10863
f 10859 8749 10862
f 8789 8771 8788
f 8789 8194 8771
f 8788 8195 8789
f 8788 8791 8195
f 8196 8828 12439
f 8910 8198 8911
f 8910 8917 8198
f 8917 8910 8919
f 8917 8916 8913
f 8921 8203 8199
f 8203 8921 8924
f 8924 8925 8203
f 8202 8928 8929
f 8202 8925 8928
f 8929 8200 8202
f 8200 8940 8942
f 8200 8929 8940
f 8942 8946 8200
f 8201 8951 8952
f 8201 8949 8951
f 8201 7089 8950
f 8201 8950 8949
f 8944 8949 8947
f 8941 8200 8943
f 8943 8945 8941
f 8927 8202 8200
f 8200 8941 8939
f 8200 8939 8927
f 8202 8927 8926
f 8202 8926 8925
f 8923 8203 8925
f 8920 8204 8203
f 8203 8923 8922
f 8203 8922 8920
f 8909 8197 8915
f 8915 8918 8909
f 8912 8914 8915
f 8878 8205 8879
f 8205 8878 8877
f 8205 8877 8874
f 8866 8874 8873
f 8871 8207 8864
f 8867 8206 8207
f 8207 8871 8869
f 8207 8869 8867
f 8207 8206 8868
f 8868 8863 8207
f 8868 8870 8863
f 8872 8874 8865
f 8205 8876 8875
f 8205 8874 8876
f 8875 8879 8205
f 8208 8993 8994
f 8208 8994 8990
f 8993 8208 8209
f 8209 8998 8996
f 8209 8996 8993
f 8998 8209 9024
f 8210 11154 9027
f 8211 9034 9032
f 8211 9032 9030
f 9034 8211 8212
f 8212 9036 9034
f 8213 9000 9001
f 8213 9001 9038
f 8213 9038 9037
f 9000 8213 9003
f 9005 9003 9004
f 8999 9003 8213
f 9003 8999 9002
f 8213 9037 8999
f 9033 8212 8211
f 8212 9033 9035
f 8211 9031 9033
f 8211 9030 9031
f 8210 9028 11155
f 8210 9027 9028
f 8997 9024 8209
f 8992 8209 8208
f 8209 8995 8997
f 8209 8992 8995
f 10096 8208 8990
f 8208 8991 8992
f 8208 10096 8991
f 9070 8220 8214
f 8220 9077 9076
f 8220 9073 9077
f 8220 9070 9073
f 9076 8215 8220
f 8215 9082 9084
f 8215 9080 9082
f 8215 9079 9080
f 8215 9076 9079
f 9087 8216 8219
f 8216 9094 9040
f 8216 9092 9094
f 8216 9090 9092
f 8216 9087 9090
f 8218 9039 9093
f 8218 9093 9091
f 8218 9091 9089
f 8218 9089 8219
f 9075 8220 8215
f 8215 9083 9081
f 8215 9081 9078
f 8215 9078 9075
f 9069 8214 8220
f 8220 9075 9074
f 8220 9074 9072
f 8220 9072 9071
f 8220 9071 9069
f 9067 8214 9069
f 9067 9069 9068
f 9067 9068 9066
f 9141 8221 12631
f 9144 8222 8223
f 8223 9150 9148
f 8223 9148 9145
f 8223 9145 9144
f 9150 8223 10188
f 9155 8235 8224
f 8224 9119 9156
f 8224 9156 9155
f 9121 9118 8224
f 9122 9124 11241
f 9127 8225 8234
f 8234 9131 9129
f 8234 9129 9127
f 9096 8233 8227
f 8227 9099 9100
f 8227 9100 9096
f 9099 8227 8228
f 8228 9105 9103
f 8228 9103 9101
f 8228 9101 9099
f 9105 8228 8229
f 8229 9109 9107
f 8229 9107 9105
f 9109 8229 8232
f 8232 9048 9049
f 8232 9049 9109
f 9048 8232 8231
f 8231 11180 9053
f 8231 9053 9048
f 9007 8230 9008
f 9050 8231 8232
f 8231 9052 11176
f 8231 9051 9052
f 8231 9050 9051
f 9108 8232 8229
f 8232 9047 9050
f 8232 9110 9047
f 8232 9108 9110
f 9104 8229 8228
f 8229 9106 9108
f 8229 9104 9106
f 9098 8228 8227
f 8228 9102 9104
f 8228 9098 9102
f 11222 8227 8233
f 8227 9097 9098
f 8227 11222 9097
f 9125 8234 8225
f 8234 9128 9130
f 8234 9125 9128
f 9120 9123 9121
f 9117 9121 8224
f 9121 9116 9120
f 9121 9117 9116
f 9154 8224 8235
f 8224 9157 9117
f 8224 9154 9157
f 9147 8236 8223
f 8236 9151 10190
f 8236 9149 9151
f 8236 9147 9149
f 9143 8223 8237
f 8223 9146 9147
f 8223 9143 9146
f 8908 6822 8907
f 8908 8907 8905
f 8937 8905 8904
f 8240 8250 8933
f 8240 8933 8932
f 8240 8932 8959
f 8241 8956 8954
f 8241 8954 8967
f 8241 8967 8966
f 8985 8244 8243
f 8243 11119 8969
f 8243 8969 8985
f 8980 8245 8244
f 8244 8985 8982
f 8244 8982 8980
f 9018 8245 8980
f 9018 8980 8979
f 9018 8979 8977
f 9018 8977 9021
f 9062 9065 9064
f 9063 11961 9061
f 8245 7864 8978
f 8245 9020 7864
f 8978 8244 8245
f 8244 8984 8983
f 8244 8981 8984
f 8244 8978 8981
f 8983 8246 8244
f 8246 8968 11123
f 8246 8986 8968
f 8246 8983 8986
f 8249 8953 8955
f 8249 8965 8953
f 8958 8250 8240
f 8250 8960 8931
f 8250 8958 8960
f 8938 8251 8936
f 8938 8905 8251
f 8906 8908 8905
f 8908 8906 6826
f 8897 8259 8896
f 8259 8898 8900
f 8259 8897 8898
f 8900 8258 8259
f 8258 8903 8888
f 8258 8900 8903
f 8891 8252 11057
f 8891 8257 8252
f 8257 8893 8895
f 8257 8891 8893
f 8254 8856 8858
f 8254 8885 8856
f 8858 8861 8254
f 8861 8860 8862
f 8861 8858 8860
f 8849 8841 8853
f 8841 8849 8842
f 8842 8846 8841
f 8317 8836 9957
f 8833 8317 9958
f 8833 9958 8835
f 8840 8844 8845
f 8840 8845 8841
f 8853 8841 8848
f 8853 8848 8854
f 8254 8861 8859
f 8254 8859 8857
f 8256 8254 8857
f 8256 8857 8855
f 8256 8855 8884
f 8252 8257 8894
f 8252 8894 8892
f 8252 8892 8890
f 8259 8258 8902
f 8259 8902 8901
f 8259 8901 8899
f 8896 8259 8899
f 8821 8823 8824
f 10936 8821 8822
f 10936 10937 8821
f 8814 8817 8260
f 8805 8811 8806
f 8806 8261 8805
f 8806 11761 8261
f 8263 8262 8809
f 8263 8809 6741
f 8798 8799 8263
f 8798 8263 8800
f 8264 8263 8799
f 8264 8799 8808
f 8805 8265 11754
f 8812 8816 8814
f 8812 8814 8260
f 8812 8260 8815
f 8821 10937 10938
f 8821 10938 8827
f 8821 8827 8825
f 8825 8823 8821
f 10917 8803 8795
f 8782 8269 8796
f 8782 8796 8794
f 8782 8794 8783
f 8766 8770 8760
f 8766 8760 8267
f 8766 8267 8768
f 8267 8760 8762
f 8267 8762 8764
f 8748 8764 8747
f 8748 8747 6713
f 8763 8748 8746
f 8267 8763 8761
f 8769 8267 8761
f 8767 8267 8769
f 8767 8768 8267
f 8777 8778 8776
f 8269 8782 8781
f 8269 8781 8793
f 8803 10917 8792
f 8803 8792 8802
f 8801 8803 8802
f 8750 8281 8753
f 8750 8753 8757
f 8751 8755 8759
f 8751 8759 8741
f 8271 8741 8743
f 8271 8743 8745
f 8271 8745 8733
f 8271 8733 8734
f 8271 8734 8732
f 8730 8736 8735
f 8730 8735 8280
f 8280 8271 8732
f 8280 8732 8730
f 8279 8280 8735
f 8279 8735 8739
f 8279 8739 8725
f 8279 8725 8727
f 8278 8279 8727
f 8278 8727 8729
f 8278 8729 8717
f 8278 8717 11648
f 8277 8704 8705
f 8277 8705 8708
f 8277 8708 8707
f 8276 8277 8707
f 8276 8707 8697
f 8275 9785 8691
f 8275 8691 8693
f 8275 8693 8683
f 8275 8683 8685
f 8274 8275 8685
f 8274 8685 8687
f 8274 8687 8677
f 8273 8274 8677
f 8273 8677 8679
f 8273 8679 8682
f 8273 8682 8667
f 8669 8273 8667
f 8272 8669 8671
f 8272 8671 8652
f 8272 8652 8654
f 8637 8272 8654
f 8272 8637 8653
f 8670 8669 8272
f 8273 8666 8681
f 8273 8668 8666
f 8273 8669 8668
f 8681 8274 8273
f 8274 8680 8678
f 8274 8681 8680
f 8688 8275 8274
f 8275 8686 8684
f 8275 8688 8686
f 8692 8275 8684
f 8692 9785 8275
f 8696 8277 8276
f 8277 8696 8709
f 8706 8277 8709
f 8706 8704 8277
f 8718 8716 8704
f 8728 8278 11349
f 8728 8279 8278
f 8279 8728 8726
f 8724 8279 8726
f 8724 8280 8279
f 8280 8724 8738
f 8737 8280 8738
f 8280 8737 8744
f 8741 8744 8742
f 8758 8741 8742
f 8758 8751 8741
f 8751 8758 8754
f 8756 8281 8750
f 8651 8319 8665
f 8665 6656 8647
f 8665 8647 8649
f 8665 8649 8651
f 8628 8319 8651
f 8628 8651 8634
f 8628 8634 8631
f 8636 8285 8632
f 8284 8285 8636
f 8284 8636 8612
f 8284 8612 8615
f 8284 8615 8601
f 8571 8282 8577
f 8571 8577 6617
f 8282 8569 8576
f 8282 8571 8569
f 8600 8285 8284
f 8285 8613 8635
f 8285 8614 8613
f 8285 8600 8614
f 8635 8632 8285
f 8630 8319 8628
f 8319 8633 8650
f 8319 8629 8633
f 8319 8630 8629
f 8650 8665 8319
f 8665 8648 6653
f 8665 8650 8648
f 8604 8602 8605
f 8604 8605 8606
f 8587 8604 8606
f 8587 8606 8588
f 8292 8587 8588
f 8292 8588 8575
f 8578 8292 8575
f 8291 8573 8568
f 8291 8568 8567
f 8290 8291 8567
f 8290 8567 8565
f 8560 8290 8565
f 8556 8560 8562
f 10705 8286 8553
f 8553 8555 10705
f 8557 8551 8289
f 8551 8557 8554
f 8560 8556 8561
f 8564 8290 8560
f 8563 8290 8564
f 8563 8291 8290
f 8291 8563 8566
f 8566 8573 8291
f 8574 8292 8578
f 8591 8292 8574
f 8591 8587 8292
f 8603 8602 8604
f 10606 8471 10604
f 8454 8453 8455
f 8454 8455 10568
f 8463 9551 8470
f 8474 8473 8471
f 8383 8299 8384
f 8383 8384 8388
f 8380 8386 8390
f 8380 8390 8392
f 8373 8296 8297
f 8297 8368 8371
f 8297 8371 8373
f 8377 8296 8373
f 8355 8295 8366
f 8366 8375 8356
f 8366 8356 8355
f 8362 8294 8295
f 8295 8355 8357
f 8295 8357 8360
f 8295 8360 8362
f 8294 8362 8364
f 8294 8364 8349
f 8294 8349 8350
f 8352 8350 8351
f 8352 8351 6429
f 6431 8348 8352
f 8294 8363 8361
f 8294 8346 8363
f 8294 8347 8346
f 8294 8348 8347
f 8361 8295 8294
f 8295 8358 8354
f 8295 8359 8358
f 8295 8361 8359
f 8354 8365 8295
f 8365 8353 8374
f 8365 8354 8353
f 8376 8296 8367
f 8296 8376 8372
f 8372 8297 8296
f 8297 8370 8369
f 8297 8372 8370
f 8391 8378 8298
f 8378 8389 8385
f 8378 8391 8389
f 8387 8299 8381
f 8395 6481 12148
f 12150 12148 6481
f 10368 8302 8338
f 8325 8304 8327
f 8326 8305 8325
f 8325 6433 8326
f 8302 10362 8338
f 9015 8307 8316
f 8316 8975 9015
f 9010 8308 8307
f 8307 9015 9014
f 8307 9014 9012
f 8307 9012 9010
f 9059 8310 8309
f 8310 9057 9113
f 8310 9059 9057
f 8312 9136 9159
f 8312 9138 9136
f 8312 11998 9138
f 9159 9158 8312
f 9158 9159 6946
f 9160 8312 9158
f 9158 6944 9160
f 8312 9160 9137
f 8312 9137 11999
f 9114 8310 11229
f 9114 8313 8310
f 8313 9056 9058
f 8313 9114 9056
f 9009 8315 8314
f 8315 9011 9013
f 8315 9009 9011
f 9016 8315 9013
f 9016 8316 8315
f 8316 8973 8974
f 8316 9017 8973
f 8316 9016 9017
f 8428 8157 8427
f 9355 6438 10333
f 6490 6489 6491
f 9479 6495 6491
f 9518 9517 6508
f 6515 6518 6516
f 6559 9602 6565
f 9610 6568 9614
f 9610 6562 6568
f 9614 6568 6572
f 9613 6572 10679
f 9627 9629 6587
f 9647 6608 6603
f 6632 6638 6635
f 9821 6698 6699
f 6781 9961 6783
f 9993 6814 6812
f 6814 9993 6816
f 9973 11773 6815
f 6854 6850 10071
f 10071 6852 6854
f 6855 8930 6853
f 6855 9996 8930
f 6855 9997 9996
f 6855 9995 9997
f 10106 6936 6938
f 10106 6933 6936
f 6933 10108 10107
f 6933 10106 10108
f 6953 6950 11271
f 6953 11271 10199
f 6962 6959 6958
f 6962 10128 6959
f 6979 6974 6975
f 6979 6975 10194
f 6979 10194 10193
f 6981 6983 6979
f 6981 6979 10193
f 10125 6988 6990
f 6988 6987 6985
f 6988 10125 6987
f 7004 7001 7003
f 7004 7003 10191
f 7011 10123 7008
f 10100 7020 7022
f 7020 10100 7017
f 7030 7027 10159
f 10113 7069 7067
f 10050 7077 7080
f 7141 7137 7138
f 7141 7138 9992
f 7157 7154 7155
f 9894 8047 7193
f 9889 9892 9888
f 9889 9893 9892
f 9889 12424 9893
f 9888 9892 9883
f 9888 9883 9879
f 7204 7199 7201
f 7204 7201 9872
f 9816 7244 7246
f 7290 7285 7287
f 9726 9725 7290
f 7290 7287 9726
f 9670 7321 7320
f 7320 7317 9670
f 7340 9648 7337
f 7356 7353 7352
f 9624 7357 7356
f 7356 7352 9624
f 9530 7410 7407
f 7412 9530 9529
f 7412 9529 9528
f 9528 7415 7412
f 7415 9528 9527
f 9527 7419 7415
f 7419 9527 9526
f 7419 9526 9537
f 9535 7425 7422
f 7425 9534 9533
f 7425 9535 9534
f 9531 7426 12249
f 9531 9532 7426
f 7441 7444 9547
f 9547 8466 7441
f 9482 7445 7443
f 7445 7447 7449
f 7447 7445 9482
f 7458 7459 7461
f 9461 7458 9460
f 7458 9461 7459
f 9512 7462 7460
f 7460 7463 9512
f 7737 7477 7480
f 7480 9500 7737
f 7480 7484 7483
f 7480 7483 9500
f 7482 7486 7485
f 7482 9411 7486
f 7499 7500 7501
f 7503 7507 7506
f 9474 7504 7503
f 7503 7506 9472
f 7503 9472 9474
f 9414 7528 7532
f 9414 9417 7528
f 9414 9415 9417
f 7531 9344 7534
f 9350 9377 7548
f 9350 9452 9351
f 9350 9429 9452
f 9377 9375 7552
f 9375 9374 7552
f 7554 6398 9449
f 9386 7883 7884
f 9387 9385 6403
f 9387 9326 9385
f 9354 7718 9355
f 9354 9353 7718
f 9355 7718 7889
f 9591 10620 9593
f 9591 6548 10620
f 9591 9590 6548
f 9601 8487 6550
f 9601 9598 8487
f 9601 7938 7939
f 9587 6552 6548
f 9608 7938 9601
f 9607 9608 7949
f 7949 6550 10647
f 7949 9606 6550
f 9646 7764 9644
f 7964 9646 10734
f 7964 7764 9646
f 7964 7965 7764
f 9656 6604 6606
f 8065 9943 12460
f 8065 12470 9943
f 10056 7852 6880
f 6880 10080 10056
f 6884 11109 10079
f 10091 10072 7055
f 10090 7057 10089
f 10090 7055 7057
f 7057 10088 10089
f 12845 10050 7080
f 8113 10048 10046
f 8113 8114 10048
f 10042 8105 10030
f 10042 8106 8105
f 10042 10044 8106
f 8089 9977 8090
f 8089 9976 9977
f 9974 7144 11039
f 7144 9974 9976
f 9975 7148 7144
f 9975 9972 7148
f 9972 9971 7148
f 9971 7153 7148
f 9971 11008 7153
f 7157 9966 8082
f 9966 7157 7831
f 9924 8069 9925
f 9924 8061 8069
f 9915 9924 9925
f 8061 9924 9911
f 9912 9913 12433
f 9912 9914 9913
f 8060 9910 7182
f 9909 9912 12428
f 9910 7186 7182
f 9906 7186 9910
f 9901 7186 9906
f 9901 7190 7186
f 9891 8050 8048
f 8048 9894 9891
f 8048 8047 9894
f 9880 7196 9881
f 9879 9882 9888
f 9879 9878 9882
f 9877 9878 9876
f 9877 9882 9878
f 9875 7826 9877
f 9875 9873 7826
f 9875 9876 9867
f 9875 9877 9876
f 9874 9867 9866
f 9874 9875 9867
f 9873 9871 7201
f 9872 7825 11749
f 9872 9871 7825
f 9871 9872 7201
f 8040 9858 9857
f 8040 8042 9858
f 8040 7610 8042
f 9857 9856 8040
f 9841 8018 9840
f 9839 9838 7223
f 9837 8017 8011
f 9836 7227 7223
f 8011 9835 9837
f 9835 8011 10864
f 9829 7234 7230
f 9819 8723 11654
f 9816 7614 7975
f 9815 9816 7249
f 9790 7258 7257
f 7257 7254 9790
f 7816 9784 9776
f 9784 7816 7819
f 7813 9776 9774
f 9776 7813 7816
f 9774 7811 7813
f 7781 10776 9689
f 7781 7778 10776
f 7395 7748 9567
f 9567 7397 7395
f 9361 7716 7516
f 7714 9361 9368
f 9361 7714 7716
f 7715 9371 7523
f 7715 9370 9371
f 9412 9369 11433
f 7527 9413 11428
f 7881 9374 9373
f 7881 7552 9374
f 10201 7563 7737
f 10201 7583 7563
f 7578 11433 9369
f 9367 9370 7715
f 9367 7715 7576
f 7576 7578 9369
f 7576 9369 9367
f 7578 9368 11435
f 9368 7576 7714
f 9368 7578 7576
f 10201 9498 9497
f 9493 9495 9494
f 7586 7745 9509
f 9509 7734 7587
f 9509 7587 7586
f 7587 9510 7586
f 9765 9767 7808
f 7604 7784 7782
f 7604 7782 9687
f 9686 7604 9687
f 7604 9690 7783
f 7604 9686 9690
f 7822 7258 9790
f 9814 7614 7973
f 7609 8022 8036
f 7609 9848 8022
f 9847 9848 7609
f 7609 8037 8021
f 7609 8021 9847
f 9815 7973 7614
f 9904 7617 8061
f 9904 8061 9911
f 9910 7617 9904
f 7617 8060 8059
f 7617 9910 8060
f 9966 7831 9965
f 10039 7636 8111
f 10039 8111 8109
f 10039 8109 10036
f 8107 7635 10038
f 10038 10037 8107
f 10039 10040 10038
f 10044 10033 7642
f 10043 7641 10034
f 7641 8108 8110
f 7641 10043 8108
f 10083 7857 10084
f 10054 7853 7649
f 10054 7649 11113
f 10056 7649 7852
f 7649 10056 10053
f 9724 7676 7792
f 7676 9723 7792
f 10738 7679 9655
f 9655 9652 10738
f 9653 9654 9655
f 10737 9651 7681
f 10737 9657 9651
f 9651 9650 9649
f 9353 7701 7718
f 9352 7701 9353
f 9406 6428 6424
f 8325 9401 7891
f 8325 8327 9401
f 8453 8454 9525
f 8453 9525 9522
f 9560 6516 6521
f 9522 8464 8453
f 9522 9521 8464
f 9551 8463 9554
f 9561 6521 6528
f 11541 9561 6528
f 9549 9548 8469
f 8469 9557 9549
f 9557 8468 10605
f 9557 8469 8468
f 9578 8471 10600
f 8474 9578 9574
f 8474 8471 9578
f 9574 8473 8474
f 8472 9574 9581
f 8472 8473 9574
f 9581 6540 9600
f 9581 9600 8472
f 9639 6587 6591
f 9639 9625 6587
f 9638 9639 6591
f 9636 6591 10722
f 9636 9637 6591
f 8567 9661 9647
f 8567 8568 9661
f 9663 6609 6614
f 9659 10752 9668
f 9659 8573 10752
f 9672 9662 6614
f 9665 6613 9667
f 9665 8571 6613
f 9671 8570 9672
f 9671 8578 8570
f 8574 8578 9671
f 9680 6619 6625
f 9680 9671 6619
f 9680 8574 9671
f 8591 9680 9679
f 8591 8574 9680
f 8575 9674 9675
f 9674 8575 8588
f 9679 8587 8591
f 9678 8587 9679
f 9678 9679 6625
f 9684 8606 9683
f 9684 8588 8606
f 9682 8585 8589
f 9691 8603 8604
f 9691 6628 6635
f 8584 9681 9698
f 8584 8585 9681
f 8606 9700 9683
f 9700 8606 8605
f 9700 8605 9695
f 9698 9699 8584
f 9696 9694 6634
f 6635 8602 8603
f 9695 8605 8602
f 9693 9697 8601
f 6635 8611 8602
f 6635 6638 8611
f 9693 8615 9714
f 9693 8601 8615
f 9694 6637 6634
f 9711 8636 9710
f 9711 8612 8636
f 9712 6641 6637
f 9712 9709 6641
f 9712 9294 9709
f 8634 9722 9721
f 9722 8634 8651
f 9733 8647 9732
f 9733 8649 8647
f 9751 8670 11610
f 9751 9750 8670
f 8669 9750 9748
f 8669 8670 9750
f 9746 8668 9748
f 9746 8666 8668
f 9746 9772 8666
f 8681 9772 9770
f 8681 8666 9772
f 9769 6669 9773
f 9768 8678 8680
f 8688 9768 9783
f 8688 8678 9768
f 8688 8274 8678
f 9781 6675 9780
f 9781 6673 6675
f 9781 9782 6673
f 9779 8684 8686
f 8692 9779 9788
f 8692 8684 9779
f 9788 9785 8692
f 9786 6679 7972
f 9786 9789 6679
f 8792 9861 6746
f 8792 10917 9861
f 8885 9993 6812
f 8885 9984 9993
f 8885 9981 9984
f 6816 9993 9983
f 9983 9980 6816
f 8936 6834 8938
f 8936 10015 6834
f 10013 8936 11095
f 10013 10015 8936
f 10013 9340 10015
f 8935 11091 11094
f 8900 10007 10009
f 8933 10004 8932
f 8933 10006 10004
f 8933 8934 10006
f 8896 10003 8897
f 8896 10000 10003
f 8959 10002 10001
f 8959 9999 11099
f 8959 10001 9999
f 8930 9996 9998
f 10069 8953 8965
f 8953 10069 10070
f 8965 10067 10069
f 10065 8965 10061
f 8965 10065 10067
f 10063 8248 10062
f 10063 8962 8248
f 10059 6865 6866
f 6865 10059 12850
f 6866 10058 10059
f 11108 10075 10076
f 11128 11903 11133
f 10092 9015 8975
f 10092 10112 9015
f 9015 10112 9014
f 10111 6920 10110
f 10111 6915 6920
f 10111 9010 9012
f 10111 10110 9010
f 10110 11940 9010
f 10109 6924 11932
f 10133 9057 9059
f 10133 9113 9057
f 10133 10132 9113
f 9113 10132 10324
f 9112 10158 10157
f 10157 9140 9112
f 10130 9054 11183
f 10130 10103 9054
f 10156 10155 11996
f 10156 10129 10155
f 10153 10149 10150
f 10153 9052 10149
f 10153 11176 9052
f 10179 9159 11996
f 10179 6946 9159
f 6946 10179 10197
f 11990 9051 9050
f 11990 10177 9051
f 10197 10200 6946
f 10128 9101 6959
f 10128 9099 9101
f 10128 9100 9099
f 10126 6964 10127
f 10126 10128 6964
f 10126 9100 10128
f 10147 6964 10146
f 10169 9132 9130
f 10143 9156 9119
f 10143 10165 9156
f 10165 9155 9156
f 10162 9155 10165
f 10162 9153 9155
f 10189 7003 7000
f 10189 10186 7003
f 10191 10190 9151
f 10123 8217 9044
f 10123 9042 8217
f 10122 10123 7014
f 10122 9042 10123
f 10122 10121 9042
f 10120 10122 7014
f 10140 10118 9041
f 9041 10138 10140
f 10138 9041 9040
f 10138 9094 10161
f 10138 9040 9094
f 10100 9093 7017
f 10100 9091 9093
f 10100 10115 9091
f 10114 10100 7022
f 10115 9089 9091
f 9086 10115 10135
f 9086 9089 10115
f 9086 8219 9089
f 10136 9005 9004
f 10134 9084 10159
f 10134 12602 9084
f 10134 10159 7025
f 10159 9084 9082
f 9953 7831 7162
f 9952 9964 9954
f 9952 9963 9964
f 8839 9963 9962
f 9963 8839 10983
f 9962 9947 8839
f 9962 9948 9947
f 9962 9950 9948
f 9947 8832 8839
f 9947 9945 8832
f 9941 10959 7169
f 9945 7171 7168
f 9945 9944 7171
f 8829 9938 9937
f 9938 8829 10960
f 10946 8829 9935
f 10946 10960 8829
f 9927 7174 7176
f 9927 9937 7174
f 9926 9935 8829
f 9926 8828 9922
f 9926 9920 9935
f 9922 8828 8196
f 9921 9920 9926
f 8196 9923 9922
f 8196 12438 9923
f 9925 9921 9919
f 9921 9925 9920
f 9813 7973 7253
f 8714 9801 9811
f 9801 8714 8703
f 8700 9803 9802
f 8700 8701 9803
f 7298 8646 7297
f 9631 9621 12280
f 9568 7408 10593
f 7408 9568 10637
f 9540 7440 8465
f 9458 10440 8405
f 8413 10485 8411
f 8413 9490 10485
f 9500 9496 7737
f 9464 8437 8434
f 8437 9463 9466
f 8437 9464 9463
f 8434 9471 9464
f 7509 9356 11404
f 7509 9358 9356
f 8341 9425 7535
f 9344 9349 7537
f 8339 9425 8341
f 9425 8334 9423
f 9425 8340 8334
f 9425 8339 8340
f 8329 9348 8333
f 8329 9347 9348
f 9347 8330 8328
f 9347 8329 8330
f 8328 9422 9420
f 8328 8333 9422
f 8328 8329 8333
f 8328 8300 8329
f 9347 8328 9346
f 7542 9346 8320
f 9420 9346 8328
f 8320 9345 9350
f 9345 9346 9420
f 9389 8321 10202
f 8323 9389 8324
f 10332 7891 9401
f 9599 9600 8476
f 8476 6540 6543
f 8476 9600 6540
f 9599 8476 8487
f 8487 9598 9599
f 7939 9598 9601
f 7939 11555 9598
f 7939 7940 11555
f 8554 9644 7764
f 7961 9663 9652
f 7961 6609 9663
f 9647 6603 8567
f 8632 9710 8636
f 8632 9724 9710
f 9724 8616 6641
f 8616 7792 7796
f 8616 9724 7792
f 7796 9723 9718
f 7796 7792 9723
f 9723 8631 9718
f 9718 8634 9721
f 9718 8631 8634
f 9800 8699 9799
f 9799 8699 8697
f 12703 12702 9844
f 8811 9869 12750
f 9885 10924 8054
f 9885 8818 12751
f 9885 9895 8818
f 8819 9899 6757
f 8817 9900 9898
f 8817 8052 9900
f 9917 10935 12443
f 9917 8813 10935
f 9932 8068 12442
f 9932 8067 8068
f 7832 9930 9934
f 9960 9959 8837
f 9956 8836 9961
f 9956 9957 8836
f 9956 6778 8838
f 9956 9961 6778
f 7834 9961 8836
f 7853 10051 12847
f 7853 10054 10051
f 10124 10125 6990
f 10142 6993 11197
f 10142 6990 6993
f 7857 8996 8998
f 7857 10083 8996
f 10082 8996 10083
f 10082 8993 8996
f 10082 10081 8993
f 8993 10099 8994
f 8993 10081 10099
f 10099 8990 8994
f 10099 10098 8990
f 9241 8990 10098
f 10096 10113 7065
f 10113 8989 7069
f 10113 10097 8989
f 10031 8111 10045
f 10031 8109 8111
f 10037 8951 8107
f 10037 8952 8951
f 10037 10032 8952
f 10031 10036 8109
f 10029 8946 8942
f 8942 10027 10029
f 10024 8929 10025
f 10024 8940 8929
f 10024 10026 8940
f 8929 10018 10025
f 8929 8928 10018
f 8925 10018 8928
f 8925 10020 10018
f 9991 8092 8090
f 9991 8887 8092
f 9989 9974 11039
f 8090 9977 9991
f 9925 7179 9920
f 9925 8069 7179
f 9925 9919 9915
f 9848 8772 8022
f 9848 8194 8772
f 9848 9846 8194
f 9846 7219 7216
f 8722 9819 9807
f 8722 8723 9819
f 8722 9808 7247
f 9809 9808 8189
f 9809 8189 8710
f 9808 9809 7247
f 9814 7973 9813
f 8710 9811 9809
f 9811 8710 8714
f 9796 9802 9211
f 9796 8700 9802
f 9796 8695 8700
f 9796 9794 8695
f 9797 7259 9795
f 9795 7259 12381
f 9792 9793 8694
f 9792 8689 12379
f 9792 8694 8689
f 7819 9792 9784
f 9792 7819 10793
f 7809 8675 7810
f 7809 8673 8675
f 7809 8672 8673
f 7809 9762 8672
f 9763 7808 9761
f 9762 9760 8672
f 7807 9761 7808
f 9758 7283 7280
f 9758 9743 7283
f 9745 7802 9744
f 9745 8657 7802
f 7802 9742 9744
f 7802 7800 9742
f 9740 7283 9743
f 9741 9742 7800
f 9738 7287 7286
f 9725 9739 8641
f 9717 8646 7300
f 9705 7784 7786
f 9706 8609 9703
f 7784 9705 9704
f 8406 9459 9460
f 7916 9486 11497
f 7916 10442 9486
f 7916 7585 10442
f 7724 9437 9443
f 7724 8432 9437
f 9440 9439 8430
f 9447 9449 10382
f 9373 7880 7881
f 9372 8322 7879
f 8331 9373 10383
f 8331 9372 9373
f 9379 7707 7883
f 9388 7707 9378
f 7707 9388 7885
f 10202 8322 9372
f 8323 8322 10202
f 7554 9446 7556
f 9446 10384 8336
f 9446 7554 10384
f 9447 10382 10384
f 9447 10384 8342
f 8321 8323 10202
f 8445 8444 8447
f 8445 8447 9470
f 8445 9470 9468
f 9469 9471 8434
f 9469 8434 8158
f 8158 8445 9468
f 8158 9468 9469
f 8446 9467 7506
f 8448 8318 8433
f 8318 9467 8446
f 8318 8448 9467
f 9541 8162 8458
f 9541 9539 8162
f 9620 8168 8536
f 9620 8536 9623
f 8549 12280 9621
f 9621 12273 8549
f 9622 8168 9620
f 8168 8537 8535
f 8168 8538 8537
f 8168 9622 8538
f 9741 8177 9737
f 8177 9741 8643
f 8619 9701 8180
f 8619 9707 9701
f 9708 8181 9702
f 8181 9708 12331
f 9735 8187 8641
f 9735 8641 9739
f 9808 8722 8189
f 9807 9810 8189
f 9807 8189 8722
f 8694 9791 9795
f 8672 8193 8673
f 8672 9755 8193
f 9755 8672 9760
f 8645 9728 12352
f 9728 8645 7297
f 9728 9729 8644
f 9728 8644 12352
f 9752 9758 8193
f 8774 9221 8775
f 9221 8773 9845
f 8774 8773 9221
f 10961 10960 9946
f 9927 8828 8829
f 9926 8829 8828
f 9988 8206 8867
f 9988 8867 8887
f 9988 8887 9991
f 9990 8206 9986
f 8206 9990 8886
f 8219 9088 9087
f 8219 10137 9088
f 9041 8216 9040
f 9041 10118 8216
f 8217 10119 9043
f 10117 8217 9042
f 10117 9042 10121
f 9039 8218 10116
f 10116 10120 9039
f 10137 8219 9086
f 10181 8235 9155
f 10181 9155 9153
f 10181 9153 10187
f 10166 8226 9134
f 10166 9134 10173
f 9131 8234 10167
f 10167 10174 9131
f 9132 8234 9130
f 8226 10170 9133
f 10189 8235 10183
f 8235 9152 9154
f 8235 10189 9152
f 10060 8241 8966
f 10060 8966 8964
f 10060 8964 10064
f 8883 8253 8881
f 8883 9978 8253
f 9978 8883 9980
f 8317 9957 9955
f 9955 8838 6778
f 9955 6778 8831
f 9955 8831 8317
f 8831 8830 8837
f 8831 8837 9959
f 9959 9958 8317
f 9959 8317 8831
f 9979 8256 8884
f 9978 9982 8882
f 9978 8882 8253
f 9898 8260 8817
f 8818 9899 8819
f 8818 9896 9899
f 9896 8260 9898
f 9896 8818 8260
f 9895 9885 8815
f 9895 8815 8260
f 9895 8260 8818
f 8270 12703 9844
f 9844 8753 8281
f 9844 8281 8270
f 8276 8697 8699
f 8276 8699 9787
f 8276 9787 9785
f 8276 8698 8696
f 8276 9786 8698
f 8276 9785 9786
f 8752 8281 8756
f 8270 6730 12703
f 8270 9843 6730
f 9843 8752 11720
f 9843 8281 8752
f 9843 8270 8281
f 9697 8284 8601
f 9692 9696 8586
f 8584 8283 8585
f 8584 9692 8283
f 9692 8584 9699
f 8284 9695 8600
f 9548 9552 8470
f 9548 8470 8469
f 9551 8469 8470
f 9418 8335 9424
f 9418 8301 8335
f 9422 8301 9418
f 9400 8303 8332
f 9400 8332 9402
f 9403 8327 8304
f 9403 8304 9400
f 9398 8305 8326
f 9398 8326 9405
f 9398 9405 9399
f 8975 8316 11132
f 11132 10093 8975
f 9445 9343 9465
f 9445 9465 9438
f 9445 9438 9444
f 9442 9441 11448
f 9442 11448 9439
f 9465 9343 9468
f 9468 9470 9462
f 9468 9462 9465
f 9464 9342 9463
f 9464 9469 9342
f 9469 9464 9471
f 9342 9466 9463
f 9342 9437 9466
f 9342 9443 9437
f 9461 10438 10436
f 9461 10436 7459
f 9184 9490 8403
f 9492 9341 9500
f 9496 9500 9341
f 9456 9184 9455
f 9456 9490 9184
f 9460 9187 9461
f 9187 9460 9459
f 7447 9190 12181
f 9509 9507 9508
f 9512 7463 10547
f 9512 10547 9188
f 9511 9512 9188
f 9511 7462 9512
f 9483 9506 9189
f 9482 9190 7447
f 9190 9482 12175
f 9545 9191 9546
f 9545 12234 9191
f 12233 9543 9192
f 9193 9543 12237
f 9546 9194 9544
f 9536 9533 9534
f 9195 9536 9534
f 9195 9534 9535
f 9195 9535 9537
f 9526 9195 9537
f 9198 10724 9640
f 9632 9196 9634
f 9631 9633 9196
f 9198 9641 10723
f 9198 9640 9641
f 9201 10776 9677
f 9201 9677 9669
f 9689 9688 9686
f 9200 9706 9703
f 9200 9703 9685
f 9716 9199 9727
f 9727 9717 9716
f 8646 9717 9727
f 8646 9728 7297
f 9728 9727 9729
f 9728 8646 9727
f 9715 9727 9199
f 9200 9704 9705
f 9200 9685 9704
f 9686 9688 9690
f 9201 9676 10773
f 9201 9670 9676
f 9571 9202 9568
f 9571 9568 9570
f 9572 9571 9570
f 9202 9571 9569
f 9813 9213 9814
f 9804 9212 9213
f 9213 9813 9804
f 9797 9211 9212
f 9212 9804 9797
f 9791 9211 9797
f 9791 9797 9795
f 9777 9203 9784
f 9775 9204 9203
f 9203 9777 9775
f 9765 9204 9775
f 9765 9775 9767
f 9205 9765 9763
f 9757 9205 9763
f 9757 9763 9761
f 9745 9206 9753
f 9753 9759 9745
f 9757 9756 9753
f 9206 9745 9744
f 9206 9744 9742
f 9726 9735 9739
f 9726 9739 9725
f 7287 9734 9726
f 9734 7287 9738
f 9740 9208 9207
f 9208 9740 9743
f 9743 9752 9208
f 9743 9758 9752
f 9760 9209 9755
f 9209 9760 9762
f 9752 9754 9755
f 9209 9762 9764
f 9766 9210 9764
f 9210 9766 9774
f 9774 9203 9210
f 9203 9774 9776
f 9776 9784 9203
f 9794 9211 9791
f 9211 9794 9796
f 9212 9802 9803
f 9212 9211 9802
f 9803 9213 9212
f 9213 9805 9812
f 9213 9803 9805
f 9812 9814 9213
f 9977 9215 9991
f 9970 11006 11010
f 9945 9947 9946
f 9946 9944 9945
f 9935 9936 10946
f 9912 9909 9904
f 9912 9904 9914
f 9904 9909 9906
f 9887 9886 9901
f 9874 9871 9875
f 9873 9875 9871
f 9904 9906 9910
f 9914 9904 9911
f 9911 9924 9914
f 9963 10987 9964
f 9967 9969 9968
f 11009 11006 9970
f 9989 9216 9974
f 9807 9819 11657
f 9807 11657 9810
f 9827 9218 9830
f 9219 9832 9830
f 9229 9837 9835
f 9229 9835 9833
f 9229 9833 9219
f 9837 9229 9220
f 9220 9841 9840
f 9220 9840 9837
f 9841 9220 9221
f 9221 9845 9841
f 9847 9854 8020
f 9857 9855 9854
f 9222 9865 9859
f 9222 9859 9857
f 9228 9880 9881
f 9228 9881 9868
f 9880 9228 9223
f 9223 9894 9884
f 9223 9884 9880
f 9894 9223 9224
f 9224 9891 9894
f 9891 9224 9902
f 9902 9905 9891
f 9922 9923 9915
f 9227 9941 9939
f 9227 9939 9937
f 9949 9226 9225
f 9225 9953 9951
f 9225 9951 9949
f 9953 9225 9965
f 9954 9225 9952
f 9954 9965 9225
f 9965 9954 8080
f 9948 9225 9226
f 9225 9950 9952
f 9225 9948 9950
f 9227 9938 9940
f 9227 9937 9938
f 9926 9922 9921
f 9922 9919 9921
f 9922 9915 9919
f 9915 12433 9913
f 9890 9902 9224
f 9902 9890 12430
f 9892 9224 9223
f 9224 9893 9890
f 9224 9892 9893
f 9879 9223 9228
f 9223 9883 9892
f 9223 9879 9883
f 9867 9228 9868
f 9228 9878 9879
f 9228 9876 9878
f 9228 9867 9876
f 9222 9858 9864
f 9222 9857 9858
f 9857 9854 9856
f 9221 9846 9848
f 9839 9221 9220
f 9221 9842 9846
f 9221 9839 9842
f 9836 9220 9229
f 9220 9838 9839
f 9220 9836 9838
f 9831 9229 9219
f 9229 9834 9836
f 9229 9831 9834
f 9829 9219 9830
f 9219 9829 9831
f 9825 9830 9218
f 9830 9828 9829
f 9830 9825 9828
f 9801 9790 7254
f 10020 10017 10018
f 10018 10017 9230
f 9230 10024 10025
f 9230 10025 10018
f 10024 9230 9231
f 9231 10029 10027
f 9231 10027 10026
f 9231 10026 10024
f 10029 9231 9238
f 9238 10042 10030
f 9238 10030 10029
f 10038 9232 10032
f 10038 10032 10037
f 10042 9238 10033
f 10033 10044 10042
f 10032 9232 9233
f 9233 10047 10032
f 12845 9234 10050
f 12838 10050 9235
f 10031 9236 9237
f 9236 10045 10046
f 9236 10031 10045
f 10041 10034 9238
f 10034 10041 10043
f 10036 9237 10039
f 9237 10036 10031
f 9238 10028 10041
f 10023 10028 9230
f 9230 10022 10023
f 9230 10017 10022
f 10089 9239 10090
f 9240 11882 10081
f 10097 9241 10098
f 10113 9241 10097
f 10096 9241 10113
f 9242 10081 10082
f 10083 9242 10082
f 10084 9242 10083
f 10084 11894 9242
f 10087 10090 9243
f 10114 10135 10115
f 10100 10114 10115
f 9244 10114 10136
f 10141 9245 9246
f 9246 10139 10141
f 9245 10141 10119
f 9245 10119 10117
f 10117 10121 10122
f 10117 10122 9245
f 9245 10118 10140
f 10116 10122 10120
f 10116 9245 10122
f 10116 10118 9245
f 10140 9246 9245
f 9246 10140 10138
f 10162 10165 10164
f 10164 9247 10162
f 9247 10163 10188
f 9247 10164 10163
f 10190 9248 10185
f 9248 10190 10191
f 10182 10188 10185
f 10183 9249 10186
f 10183 10186 10189
f 10183 10184 10181
f 9250 10187 10162
f 10124 10142 11200
f 9251 10127 10147
f 9251 10126 10127
f 10172 9254 9253
f 9254 10172 10169
f 10193 9255 10192
f 10171 9258 9257
f 9257 10168 10171
f 9251 10144 10148
f 9251 10148 10126
f 10151 9262 9261
f 9261 11988 10178
f 9261 10178 10152
f 9261 10152 10151
f 10129 9263 9262
f 9262 10151 10155
f 9262 10155 10129
f 9266 10153 10150
f 9266 10154 10153
f 9266 9265 10154
f 10150 9267 9266
f 9267 10177 11990
f 9267 10149 10177
f 9267 10150 10149
f 9272 10067 10065
f 9272 10065 10061
f 9272 10061 10060
f 10060 10064 10063
f 10060 10063 9272
f 9271 10080 10079
f 9271 10079 11109
f 10073 7851 10077
f 10077 7851 10095
f 9270 11903 11128
f 10196 10200 10197
f 9270 11132 10094
f 11110 10080 9271
f 10055 10053 10080
f 10062 9272 10063
f 10067 10066 10068
f 10067 9272 10066
f 10068 10069 10067
f 10069 12532 10070
f 9273 9274 10009
f 9273 10009 10007
f 9273 10007 10005
f 9273 10005 10003
f 10016 6834 10015
f 10016 10015 9340
f 10014 9340 10012
f 10014 10016 9340
f 10014 12509 10016
f 10002 9274 9273
f 9274 10006 10008
f 9274 10004 10006
f 9274 10002 10004
f 9955 9956 8838
f 9932 9281 9277
f 9277 9942 9934
f 9277 9934 9930
f 9277 9930 9932
f 9896 9900 9897
f 9896 9897 9899
f 9863 9279 9861
f 9279 9863 9853
f 9279 9853 9851
f 9279 9851 9278
f 9279 9852 9862
f 9279 9849 9852
f 9279 9850 9849
f 9279 9278 9850
f 9862 9861 9279
f 9898 9900 9896
f 9931 9282 9281
f 9282 9943 12470
f 9282 9928 9943
f 9282 9929 9928
f 9282 9931 9929
f 9298 9661 9659
f 9298 9647 9661
f 9668 9298 9659
f 9668 9283 9298
f 9283 9668 9666
f 9675 9285 9284
f 9285 9674 9684
f 9285 9675 9674
f 9683 9285 9684
f 9683 9286 9285
f 9286 9683 9700
f 9695 9286 9700
f 9286 9697 9693
f 9286 9695 9697
f 9714 9294 9693
f 9294 9714 9711
f 9710 9294 9711
f 9710 9724 9294
f 9721 9287 9718
f 9287 9722 9733
f 9287 9721 9722
f 9288 9749 9747
f 9288 9751 9749
f 9747 9293 9288
f 9293 9771 9769
f 9293 9747 9771
f 9769 9292 9293
f 9292 9782 9781
f 9292 9773 9782
f 9292 9769 9773
f 9781 9289 9292
f 9289 9778 9789
f 9289 9780 9778
f 9289 9781 9780
f 9789 9785 9289
f 9789 9786 9785
f 9800 9785 9787
f 6699 9291 9821
f 9785 9800 8691
f 9788 9289 9785
f 9779 9292 9289
f 9289 9788 9779
f 9768 9293 9292
f 9292 9779 9783
f 9292 9783 9768
f 9746 9288 9293
f 9293 9768 9770
f 9293 9770 9772
f 9293 9772 9746
f 9288 9746 9748
f 9288 9748 9750
f 9288 9750 9751
f 9287 9731 9719
f 9287 9719 9720
f 9287 9720 9718
f 9724 9709 9294
f 9295 9294 9712
f 9295 9712 9713
f 9295 9713 9694
f 9295 9694 9696
f 9295 9696 9692
f 9692 9699 9698
f 9692 9698 9296
f 9296 9295 9692
f 9285 9296 9698
f 9285 9698 9681
f 9285 9681 9682
f 9297 9285 9682
f 9297 9682 9673
f 9297 9673 10762
f 9298 9283 9665
f 9298 9665 9667
f 9298 9667 9660
f 9647 9298 9660
f 9651 9657 9658
f 9644 9306 9646
f 9305 9644 9643
f 9305 9643 9635
f 9637 9305 9635
f 9304 9638 9626
f 9299 9304 9626
f 9299 9626 9628
f 9574 9303 9581
f 9578 9302 9303
f 9303 9574 9578
f 9580 9301 9302
f 9302 9578 9580
f 9562 9561 9300
f 9300 12251 9562
f 9561 9562 9559
f 11537 9561 11541
f 9579 9302 9301
f 9302 9579 9577
f 9577 9303 9302
f 9303 9576 9575
f 9303 9577 9576
f 9581 9303 9573
f 9608 9601 9606
f 9605 9608 9607
f 10685 9619 10692
f 9627 9299 9629
f 9627 9304 9299
f 9304 9627 9625
f 9639 9304 9625
f 9639 9638 9304
f 9636 9305 9637
f 9305 9636 9642
f 9642 9644 9305
f 9645 9306 9644
f 9649 9658 9656
f 9691 9678 6628
f 9453 9319 9479
f 9453 9479 6491
f 9319 9318 9477
f 9319 9477 9479
f 9307 9518 9502
f 9307 9502 9504
f 9308 11524 9514
f 9308 9514 10562
f 9308 10562 10558
f 9522 9317 9316
f 9316 9554 9521
f 9316 9521 9522
f 9548 9549 9550
f 9548 9550 9552
f 9554 9316 9551
f 9550 9549 9315
f 9315 9556 9558
f 9315 9558 9550
f 9556 9315 9309
f 9309 10609 9556
f 9585 9313 9591
f 9585 9591 9593
f 9564 9314 9584
f 9584 9583 9564
f 9591 9313 9310
f 9310 9587 9590
f 9310 9590 9591
f 9587 9310 9311
f 9311 9595 9587
f 9586 9594 9312
f 9589 9312 9313
f 9312 9588 9586
f 9312 9589 9588
f 9313 9592 9589
f 9555 9309 9315
f 9309 9565 10611
f 9309 9555 9565
f 9315 9557 9555
f 9315 9549 9557
f 9553 9551 9316
f 9520 9316 9317
f 9316 9519 9553
f 9316 9520 9519
f 9515 10558 10560
f 9515 9308 10558
f 9308 9513 9524
f 9308 9515 9513
f 9501 9307 9503
f 9501 9518 9307
f 9478 9318 9319
f 9318 9476 9480
f 9318 9478 9476
f 9319 9475 9478
f 9319 9453 9475
f 11391 9328 9346
f 9350 9327 9377
f 9327 9374 9375
f 9327 9375 9377
f 9326 9387 9389
f 9325 9382 9385
f 9325 9385 9326
f 9382 9325 9320
f 9320 9381 9382
f 9391 9321 9395
f 9322 9394 9395
f 9407 9392 9322
f 10331 10332 9401
f 9402 9401 9400
f 9393 9407 9322
f 9322 9395 9393
f 9390 9395 9323
f 9383 9324 9325
f 9324 9383 9380
f 9384 9325 9326
f 9325 9384 9383
f 9386 9378 9379
f 9386 9326 9378
f 9326 9386 9384
f 9378 9372 9388
f 9376 9374 9327
f 9351 9327 9350
f 9327 9351 9376
f 9347 9346 9328
f 9448 9329 9446
f 9337 10424 9452
f 9337 9452 9429
f 9337 9429 9420
f 9422 9337 9420
f 9426 9336 9418
f 9418 9424 9426
f 9330 9336 9426
f 9330 9426 9430
f 9330 9430 9432
f 9330 9432 9416
f 9367 9331 9413
f 9367 9413 9371
f 9367 9371 9370
f 9361 9333 9368
f 9332 9333 9361
f 9332 9361 9363
f 9332 9363 9366
f 9364 9332 9365
f 9364 9333 9332
f 9333 9362 9360
f 9333 9364 9362
f 9360 9368 9333
f 9334 9369 9412
f 9414 9335 9415
f 9414 9336 9335
f 9336 9431 9425
f 9336 9414 9431
f 9425 9423 9336
f 9337 9422 9421
f 9419 9337 9421
f 9419 9338 9337
f 9338 9428 10427
f 9338 9427 9428
f 9338 9419 9427
f 7556 9446 9339
f 8617 8622 8624
f 8617 8624 8186
f 10211 8617 8186
f 8403 9457 9184
f 10434 6402 6401
f 6401 6404 10434
f 6421 6424 6423
f 10330 6421 6422
f 6421 10330 6424
f 6488 6492 10551
f 10551 6487 6488
f 10533 6504 6505
f 6504 10533 6507
f 6509 6514 10591
f 10620 6545 6546
f 6573 6575 10679
f 6576 7754 6577
f 6576 10666 7754
f 6593 6597 6596
f 6593 6596 10722
f 10708 6598 7758
f 10708 6601 6598
f 10784 6630 6627
f 6630 10784 6631
f 10809 6695 6696
f 10910 6739 6740
f 6740 6742 10910
f 10974 10963 6787
f 10974 6787 6786
f 6786 6789 10974
f 6810 11035 11034
f 6810 11034 6812
f 6832 6837 11031
f 6840 6836 6838
f 11104 6841 6840
f 6840 6838 11105
f 6840 11105 11104
f 6850 6847 11106
f 6850 11106 10071
f 6863 6860 6861
f 6863 6861 6864
f 6886 6883 11149
f 6892 11108 6887
f 11133 6905 6908
f 6922 6919 11256
f 6948 11182 6947
f 6950 10200 11271
f 6973 6970 11263
f 6985 11174 6984
f 6985 6987 11174
f 11160 7008 10123
f 7008 11160 7006
f 7049 7047 7048
f 7049 7048 11192
f 11078 7101 7104
f 7101 11078 7100
f 7142 11017 7140
f 7141 9992 11039
f 10993 7150 7154
f 7156 7152 7153
f 7156 7153 11005
f 7164 7160 7161
f 7164 7161 10984
f 10962 7166 7169
f 7166 10962 7165
f 7164 10984 7168
f 7177 7172 10975
f 7212 7209 7213
f 7209 10916 10915
f 7209 7212 10916
f 10785 7313 7312
f 7312 7310 10785
f 7355 7354 7351
f 7355 10700 7354
f 7360 7356 7357
f 7360 7357 10673
f 7360 10673 7361
f 7392 7394 7391
f 7404 10593 7407
f 10467 7434 8450
f 10467 7435 7434
f 10467 7438 7435
f 7438 10467 7439
f 10538 9547 7448
f 7454 7457 7455
f 10334 7488 7486
f 10345 7885 10395
f 6402 10346 10396
f 10346 6402 10432
f 10429 10431 10321
f 10429 7727 10431
f 7897 10394 6411
f 6454 7904 7906
f 10464 7904 6454
f 10464 7919 7904
f 10464 10463 7919
f 10458 6459 7743
f 7908 10500 10497
f 7908 8385 10500
f 10493 10496 6476
f 10495 7914 10497
f 10495 7931 7914
f 10495 10494 7931
f 7929 10494 10516
f 7929 7931 10494
f 7929 7695 7931
f 10512 6487 7924
f 10512 6482 6487
f 6482 10512 10511
f 10514 10513 7926
f 7922 10504 10507
f 10551 7935 6487
f 10551 7933 7935
f 10551 10550 7933
f 10550 10551 7932
f 10619 10618 6546
f 10708 7758 10707
f 10828 10826 6703
f 6705 6707 6709
f 6705 7823 6707
f 6705 10839 7823
f 10838 6710 6707
f 10838 10858 6710
f 7993 10855 10837
f 10875 10877 8755
f 10928 8055 8056
f 10928 10929 8055
f 8053 10925 8816
f 6758 10926 10927
f 6758 10933 10926
f 12462 8079 8064
f 12462 10972 8079
f 12462 10285 10972
f 8063 10969 10973
f 10970 10966 8070
f 10967 12455 6784
f 10967 10970 12455
f 11149 11148 6889
f 11173 8129 6980
f 11173 7648 8129
f 7870 11173 11170
f 11171 6980 6984
f 6980 11172 11173
f 6980 11171 11172
f 7869 11170 11169
f 7869 7870 11170
f 6987 11243 11168
f 11243 11238 9123
f 7048 11152 11192
f 11192 11152 8127
f 11078 8104 7100
f 11078 11077 8104
f 11078 7848 11077
f 8102 11064 11062
f 8102 7839 11064
f 11062 8101 8102
f 11054 8101 11062
f 11054 7837 8101
f 11053 7127 11052
f 11053 11042 8099
f 11049 11050 7129
f 7835 11048 11051
f 11046 7835 8870
f 11046 11048 7835
f 11045 7133 11047
f 11045 7138 7133
f 11017 8091 8094
f 11017 11016 8091
f 11017 7145 11016
f 11016 11015 8091
f 11014 7145 8087
f 11014 11016 7145
f 10993 10992 8083
f 8082 10993 7157
f 8082 10992 10993
f 10819 7985 11685
f 7985 10819 10818
f 7968 7820 7263
f 10786 7820 7818
f 10786 7263 7820
f 7818 10787 10786
f 10787 7818 7817
f 10745 7327 11602
f 7327 10745 10759
f 7336 10729 10741
f 8510 10653 10654
f 10652 7380 7377
f 10652 10653 7380
f 7947 10640 10651
f 10640 7947 7753
f 10639 7385 7380
f 7753 10638 10640
f 10638 7753 7752
f 10638 7390 7385
f 7752 10230 10638
f 10576 7745 7586
f 10576 7586 7746
f 7587 7734 10477
f 7587 10477 10478
f 10478 10476 7733
f 10478 7733 7588
f 10478 7588 7587
f 10475 7587 7588
f 10575 7746 7586
f 10631 7589 7751
f 7589 10631 7752
f 7752 7942 10629
f 7752 10629 10630
f 10630 7750 7589
f 7589 7752 10630
f 7607 10792 10794
f 10794 10793 7819
f 10794 7819 7606
f 10794 7606 7607
f 7602 7777 10781
f 7602 10781 10782
f 10782 10780 7774
f 10782 7774 7599
f 10782 7599 7602
f 7602 10778 7776
f 7602 10779 10778
f 10779 7773 10777
f 10779 7599 7773
f 10779 7602 7599
f 7820 7606 7818
f 7820 7607 7606
f 7974 7614 9814
f 10813 7974 10815
f 10813 7614 7974
f 8010 11272 7611
f 11272 8010 10865
f 10864 8011 10869
f 11272 10866 10869
f 10868 8009 7611
f 10813 10817 7975
f 10813 7975 7614
f 7618 8085 8083
f 7618 8083 10992
f 10992 8082 8081
f 8081 7618 10992
f 7620 8091 11015
f 11014 8087 7619
f 7619 7620 11015
f 7619 11015 11014
f 7624 11042 11044
f 11044 11043 7836
f 11044 7836 7623
f 11044 7623 7624
f 11049 7632 7835
f 11049 8098 7632
f 7620 8089 8090
f 7620 11013 8089
f 7619 11013 7620
f 7618 10991 8084
f 10991 7618 8081
f 7643 8104 11077
f 7848 7643 11077
f 7643 11075 8103
f 7643 11076 11075
f 11076 7848 7105
f 11076 7643 7848
f 11152 7867 11151
f 7870 11165 11167
f 11167 11166 7871
f 11167 7871 7648
f 11167 7648 7870
f 7648 11173 7870
f 11148 7863 7862
f 11112 10053 10055
f 10053 11112 12864
f 11147 7862 7863
f 7657 8074 10968
f 7657 10968 10964
f 7657 10964 10965
f 10965 10969 8063
f 10965 8063 7660
f 10965 7660 7657
f 7569 10970 8070
f 10970 7660 8062
f 10970 7569 7660
f 8025 8026 10876
f 8025 10876 10875
f 10875 8755 7665
f 10875 7665 8025
f 10874 7665 8757
f 10874 8025 7665
f 7669 8013 10851
f 7669 10851 10853
f 8016 7669 10853
f 8016 10853 10852
f 7669 8014 8012
f 7669 10848 8014
f 7669 10850 10848
f 10849 7670 8015
f 7670 10850 7669
f 7670 10850 10849
f 7823 10839 8001
f 7823 8001 7673
f 7823 10836 6707
f 10836 7999 10835
f 10836 8000 7999
f 10836 7674 8000
f 10836 7823 7674
f 7679 10738 10740
f 10740 10739 7963
f 10740 7963 7680
f 10740 7680 7679
f 10737 7680 7962
f 10737 7681 7680
f 10646 7949 10647
f 7689 7932 10549
f 7690 7922 7925
f 7690 7925 10502
f 7690 10502 10503
f 10503 10509 7696
f 10503 7696 7690
f 7697 7923 7921
f 7697 7924 7923
f 7697 10512 7924
f 7697 10501 10512
f 10513 7697 7696
f 10513 7697 10501
f 7689 10550 7932
f 7698 6463 10455
f 10457 10456 7918
f 10457 7918 7920
f 10457 7920 7699
f 7699 7698 10455
f 7699 10455 10457
f 7705 10458 7743
f 7705 10454 10458
f 7705 10453 10454
f 10453 7917 10459
f 10453 7919 7917
f 10453 7704 7919
f 7704 10453 7705
f 7709 7728 10391
f 7709 10391 10392
f 10392 10390 7894
f 10392 7894 7895
f 10392 7895 7708
f 10392 7708 7709
f 10344 7708 7895
f 10344 7895 10341
f 7883 7707 10343
f 10343 10340 7884
f 10343 7884 7883
f 10345 7707 7885
f 10345 10342 7707
f 10346 7708 10344
f 7708 10346 7727
f 7709 10394 7897
f 7709 10389 10394
f 10389 7727 10393
f 10389 7708 7727
f 10389 7709 7708
f 7861 11140 7711
f 7711 11139 7710
f 11138 7710 11908
f 7711 7710 11138
f 7711 11137 7861
f 10368 6429 10367
f 8332 10364 9402
f 8332 10366 10364
f 6429 10365 10367
f 10569 8457 10568
f 10569 10568 8455
f 8577 6624 6621
f 8577 10771 6624
f 10770 10771 8590
f 10770 6624 10771
f 10999 8854 8848
f 10999 12489 10997
f 12489 10999 10977
f 8853 10999 11004
f 8853 8854 10999
f 10997 10998 10999
f 11004 8852 8853
f 11004 11782 8852
f 11004 10998 10995
f 10998 11004 10999
f 11024 8862 11023
f 11024 11028 8862
f 11025 11027 11029
f 11025 11020 11027
f 11025 11026 11020
f 11020 11035 6806
f 11035 11026 11022
f 11026 11035 11020
f 11035 11022 11032
f 8858 11034 11033
f 11032 11034 11035
f 11034 8856 6812
f 11034 8858 8856
f 11058 11031 6837
f 11031 11059 8890
f 11074 8888 11073
f 11074 11058 8888
f 8930 6851 6853
f 6851 8930 11084
f 11237 9060 9058
f 9060 11253 11255
f 9060 11237 11253
f 9058 11235 11237
f 11233 9058 9056
f 9058 11233 11235
f 11229 11231 9114
f 11180 11178 9053
f 11178 9048 9053
f 11178 11182 9048
f 11264 11970 6957
f 9098 11248 11250
f 6971 11219 11220
f 11217 9131 10174
f 11217 11218 9131
f 11217 10326 11218
f 9046 11158 11162
f 11160 10123 9044
f 8850 10983 7161
f 8839 10984 10983
f 10984 8832 7168
f 10984 8839 8832
f 10700 8538 10716
f 10700 8537 8538
f 10467 8449 8452
f 10467 10537 8449
f 10537 10467 8450
f 10467 12219 7439
f 10467 8451 12219
f 10467 8452 8451
f 8423 10410 10447
f 10413 8421 10412
f 10413 8423 8421
f 10413 10410 8423
f 7536 7540 7539
f 7536 7539 10422
f 7536 10422 10421
f 7536 10421 8341
f 8369 10456 11467
f 10451 10455 6463
f 8385 10465 10500
f 8385 8389 10465
f 10706 10707 7758
f 8555 10707 10705
f 10708 8556 6601
f 10708 8555 8556
f 10708 10707 8555
f 7963 10739 8564
f 8000 10822 10834
f 10834 7999 8000
f 10834 11695 7999
f 8016 10855 7993
f 8016 10852 10855
f 6710 8746 8748
f 6710 10857 8746
f 10849 8745 8743
f 10849 8015 8745
f 10848 10846 8014
f 10856 8763 8746
f 8741 10873 10849
f 8741 8759 10873
f 10846 8012 8014
f 10846 10872 8012
f 8012 10870 11716
f 8012 10872 10870
f 10884 10881 8761
f 8761 10881 8769
f 8755 10877 10871
f 10874 8757 8753
f 8025 10874 10900
f 8026 10878 10876
f 8026 10899 10878
f 8816 10925 10931
f 10931 8814 8816
f 10939 6763 6770
f 10938 10939 6770
f 10939 10937 8813
f 8066 12461 10940
f 8066 8826 12461
f 8066 8823 8826
f 8845 10980 10978
f 8845 8844 10980
f 11000 8845 10978
f 11000 8841 8845
f 11147 9022 9019
f 11147 7863 9022
f 7862 11146 7875
f 7862 11147 11146
f 8129 11216 6976
f 8129 11215 11216
f 11214 9127 9129
f 11214 11165 9127
f 11240 7869 7647
f 11240 11241 7869
f 11240 9122 11241
f 11142 9030 11898
f 11142 9029 9030
f 11142 11141 9029
f 11155 7867 7868
f 9029 11154 8210
f 9029 11141 11154
f 11153 7867 11155
f 11153 11151 7867
f 11153 11150 11151
f 11153 9028 11150
f 11153 11155 9028
f 8128 9028 9027
f 8128 11150 9028
f 11150 8128 11151
f 11075 8927 8939
f 8927 11072 8926
f 8927 11075 11072
f 8925 11072 11069
f 11071 7110 11070
f 11067 8923 11069
f 11068 7110 7114
f 11068 11070 7110
f 11064 11061 10260
f 11064 8920 11061
f 11064 7840 8920
f 11060 7114 7119
f 7127 11043 11052
f 7127 8879 11043
f 11043 8879 8875
f 8870 11041 11046
f 8870 8868 11041
f 8868 11038 11041
f 8775 10902 10887
f 8775 8020 10902
f 8774 10887 10888
f 8774 8775 10887
f 10887 7221 10889
f 8765 10888 10886
f 10886 7226 10863
f 10886 10859 8765
f 10860 8011 10861
f 10860 10867 8011
f 10860 8009 10868
f 10860 8749 8009
f 7822 10790 10788
f 10790 7822 9790
f 8695 10788 10791
f 10754 12305 7772
f 10672 8527 10670
f 10672 8519 8527
f 10672 10668 12269
f 8527 10669 10670
f 10669 8527 8525
f 10669 8525 8523
f 10668 10667 7369
f 10668 10233 10667
f 10671 8517 8515
f 10667 7373 7369
f 8515 10650 10671
f 10650 8515 8513
f 10648 8513 8511
f 10648 10650 8513
f 8511 10654 10648
f 8511 8510 10654
f 7750 10630 10632
f 7394 8479 7391
f 7394 8477 8479
f 8478 10634 8480
f 8478 10633 10634
f 8478 8482 10633
f 10632 7749 7750
f 7749 10624 7748
f 7749 10632 10624
f 10643 8484 8481
f 7733 8401 8400
f 7733 10474 8401
f 7733 10476 10474
f 10448 8410 10443
f 10448 7470 8410
f 10448 7722 7470
f 10448 7721 7722
f 10448 10444 7721
f 7721 7479 7722
f 7721 10446 7479
f 7721 10445 10446
f 10447 10445 8408
f 7585 8408 10445
f 7721 7585 10445
f 7585 10444 8409
f 7721 10444 7585
f 7647 9123 9122
f 7647 9122 11240
f 7647 11243 9123
f 10896 8777 8784
f 8784 10897 10896
f 10896 8786 8776
f 8786 10896 10894
f 10881 8767 8769
f 10384 8331 10383
f 10384 10381 8331
f 7585 8409 10443
f 7585 10443 10442
f 8459 8458 10574
f 10536 10537 8450
f 8459 10573 8458
f 10642 8475 8483
f 8484 10642 8486
f 10644 8475 10642
f 8475 10644 7403
f 8702 10798 8703
f 8702 10800 10798
f 8702 10799 10800
f 10799 8702 8701
f 10797 8701 8702
f 8765 10859 10861
f 9030 9029 8210
f 11155 9030 8210
f 9043 11156 8217
f 11156 9045 11157
f 11156 9043 9045
f 11156 11159 9044
f 11156 9044 8217
f 8225 9127 9126
f 8225 9126 11241
f 9124 8225 11241
f 8233 9096 11212
f 8233 11212 11213
f 11213 11211 9135
f 11213 9135 9134
f 11213 9134 8226
f 11213 8226 8233
f 9055 11181 11177
f 11177 11180 8231
f 8231 9055 11177
f 8231 11176 9054
f 8233 11210 11222
f 8233 11209 11210
f 11209 9095 11221
f 11209 9133 9095
f 11209 8226 9133
f 11209 8233 8226
f 8225 11239 9125
f 9124 11239 8225
f 11101 8240 8959
f 11101 8959 11099
f 11123 11117 8246
f 8955 11100 8249
f 8955 11102 11100
f 8240 8957 8958
f 8240 11103 8957
f 8888 11058 8258
f 11057 8252 11056
f 11028 8861 8862
f 8255 11029 11001
f 8255 11019 11029
f 8255 11028 11019
f 11028 8255 8861
f 8255 11780 11783
f 8255 11783 11018
f 8255 11018 11030
f 11030 8861 8255
f 11059 8252 8890
f 11058 8889 8258
f 8813 10937 10935
f 8586 8590 10771
f 10771 8577 8282
f 8282 8586 10771
f 10769 8282 8576
f 8283 8589 8585
f 8283 10768 8589
f 10768 8282 10769
f 8282 10768 8283
f 8570 10751 10753
f 10753 10752 8573
f 10753 8573 8570
f 8286 10705 10704
f 10704 10706 8542
f 10704 8542 8541
f 10704 8541 8287
f 10704 8287 8286
f 8539 8288 8540
f 8289 10701 8557
f 8289 10701 10703
f 10703 8539 10702
f 10703 8288 8539
f 10703 8289 8288
f 8570 10289 10750
f 8570 10289 8572
f 8573 8572 8570
f 10606 10605 8468
f 10568 8457 8293
f 10568 8293 8454
f 10567 8293 8456
f 10567 8454 8293
f 8332 8303 8302
f 8302 10368 10363
f 10363 10366 8332
f 10363 8332 8302
f 8302 8306 9404
f 8302 9404 10362
f 8311 11227 9112
f 11227 9113 10324
f 11227 8310 9113
f 8310 11227 8311
f 8310 11226 11229
f 11226 9111 11228
f 11226 8311 9111
f 11226 8310 8311
f 9478 12187 10523
f 10555 6496 10556
f 10555 7932 6496
f 10555 10549 7932
f 10521 9480 9476
f 10532 6495 9477
f 10532 6502 6495
f 10531 10530 9505
f 10521 10529 9480
f 10528 6505 6502
f 10528 10533 6505
f 10552 6506 12204
f 10533 9504 9502
f 10533 10527 9504
f 10565 9501 12205
f 10565 9518 9501
f 9516 10565 10564
f 10565 9516 9518
f 10564 10561 9516
f 10559 9514 11515
f 10559 10562 9514
f 10662 6562 9610
f 9610 10660 10663
f 10660 9610 9614
f 9614 10657 10660
f 9614 11570 10657
f 10679 9617 9613
f 9619 10683 10682
f 9619 9618 10683
f 10637 9530 7408
f 10637 10626 9530
f 9597 7406 9596
f 9597 10636 7406
f 10627 9597 9596
f 9529 10626 10628
f 9529 9530 10626
f 10598 9529 10628
f 10598 9528 9529
f 10599 9596 7414
f 9528 10598 10596
f 9527 10596 10594
f 9527 9528 10596
f 10595 10597 7416
f 10594 9526 9527
f 9538 10594 10582
f 9538 9526 10594
f 9536 10578 9533
f 9536 10579 10578
f 10580 7426 10578
f 10580 7423 7426
f 10580 10581 7423
f 9533 7428 7425
f 9533 10571 7428
f 9533 10577 10571
f 10571 10577 9532
f 9532 10578 7426
f 10571 9532 9531
f 9531 10570 10571
f 10570 9531 9546
f 9546 10535 10570
f 10535 9546 9544
f 10572 9547 10538
f 9484 10540 10471
f 10540 9484 9481
f 10470 7453 7455
f 7453 10470 10471
f 10471 10470 9484
f 9452 9376 9351
f 9452 10425 9376
f 10378 9376 10425
f 10378 9374 9376
f 10378 10379 9374
f 10380 9448 10377
f 10380 9451 9448
f 7885 10387 10395
f 7885 9388 10387
f 9384 10338 9383
f 9384 10340 10338
f 9384 7884 10340
f 9384 9386 7884
f 9383 10336 9380
f 7895 10335 10337
f 10335 7895 7894
f 10355 10354 9397
f 10408 7728 8343
f 10408 10391 7728
f 9354 9355 10333
f 7934 10517 10518
f 7934 10549 10517
f 10549 7934 7689
f 10620 10618 9593
f 10646 9607 7949
f 10646 9605 9607
f 9617 10678 9616
f 9617 10679 10678
f 10674 7755 6579
f 10674 10676 7755
f 10675 9615 10677
f 10675 9618 9615
f 9618 10675 10683
f 10734 7962 7964
f 10734 10737 7962
f 9658 10735 6604
f 6696 9817 10806
f 10806 6699 10809
f 9821 10807 10820
f 10080 11112 10055
f 10080 11111 11112
f 11013 9976 8089
f 11013 9975 9976
f 11013 11012 9975
f 9975 11011 9972
f 9975 11012 11011
f 11012 11013 8086
f 11011 9971 9972
f 11011 8086 8084
f 11011 11012 8086
f 9971 11011 11010
f 8084 11010 11011
f 11010 8084 10991
f 11008 11007 7153
f 10991 9970 11010
f 10991 10990 9970
f 11007 9970 11005
f 11007 11009 9970
f 10990 9969 9970
f 10990 8081 8080
f 9969 11005 9970
f 8080 10989 10990
f 10989 9969 10990
f 10989 9968 9969
f 9857 10915 9855
f 9854 9855 10904
f 10907 7217 10906
f 10904 8020 9854
f 10904 10905 8020
f 8020 10905 10902
f 10864 9833 9835
f 9832 10864 10844
f 9832 9833 10864
f 9832 9219 9833
f 9830 10844 10842
f 9830 9832 10844
f 10840 7991 10841
f 10840 8006 7991
f 10840 10832 9827
f 9826 9827 10832
f 10831 11678 9824
f 10831 7989 11678
f 9824 9826 10832
f 11657 10814 10812
f 10785 9690 9688
f 10785 7310 9690
f 9688 10772 10785
f 10785 10772 7313
f 10776 10775 9677
f 10775 7778 7776
f 10775 10776 7778
f 7317 10773 9676
f 7776 10778 10775
f 10777 7321 9669
f 7586 9510 10575
f 7683 7756 9616
f 10678 10679 7755
f 10678 7755 7684
f 9616 10678 7684
f 9616 7684 7683
f 10676 7685 7755
f 7685 9615 7683
f 7685 10677 9615
f 7685 10676 10677
f 7686 9592 9585
f 9585 9593 10617
f 10616 10619 7687
f 10616 7687 7686
f 10616 7686 9585
f 10616 10617 9585
f 7564 9584 9582
f 9584 10613 9583
f 9584 10615 10613
f 10615 9584 7564
f 10332 10333 7891
f 8345 10405 10406
f 9393 10403 10401
f 10403 9393 9395
f 10329 9395 9394
f 10328 6422 6418
f 8344 10400 10402
f 9393 10401 10399
f 9394 10327 10329
f 9394 9392 10327
f 9394 9322 9392
f 8337 10400 8344
f 8337 10398 10400
f 9407 10397 10360
f 10397 9407 9393
f 9407 6424 9392
f 10360 9406 9407
f 10362 10361 8338
f 9406 10360 10362
f 10362 9405 9406
f 10362 9404 9405
f 9401 10364 10358
f 9401 9402 10364
f 8351 10357 10359
f 10357 8351 8350
f 9401 10358 10356
f 6516 10588 10589
f 10588 6516 9560
f 10588 9559 12246
f 10588 9560 9559
f 10602 9553 11535
f 10602 9551 9553
f 8469 10602 10601
f 8469 9551 10602
f 8469 10601 8468
f 12254 10600 10601
f 10600 12254 9580
f 8468 10601 10600
f 10605 9555 9557
f 10600 9580 9578
f 10612 9555 10605
f 10612 9565 9555
f 10612 10604 8471
f 8471 10611 10612
f 10611 8471 8473
f 10611 8473 10610
f 10610 8472 11549
f 10610 8473 8472
f 9626 10697 10686
f 10697 9626 9638
f 9637 9635 10694
f 10695 8543 10696
f 10695 8540 8543
f 10695 8539 8540
f 10695 10702 8539
f 10722 9642 9636
f 8566 10732 10747
f 9663 10746 10731
f 10750 9672 8570
f 10750 9662 9672
f 8570 10748 10751
f 10748 8570 8578
f 9666 10752 10749
f 10752 9666 9668
f 10766 8575 10764
f 10766 8578 8575
f 10767 10765 9664
f 9675 10764 8575
f 10763 10769 8576
f 10768 10762 9673
f 10919 9861 8793
f 11083 9999 11082
f 11083 11099 9999
f 8956 11081 11085
f 8956 11098 11081
f 11115 10057 10052
f 10057 11115 11856
f 10052 11114 11115
f 11132 11129 10094
f 10093 11128 11133
f 10131 10324 10132
f 10158 10324 10131
f 10324 9112 11227
f 10324 10158 9112
f 10104 11186 11190
f 10156 11189 11188
f 10156 10157 11189
f 9054 11175 11183
f 11188 10129 10156
f 11188 11185 10129
f 11187 10154 9265
f 11187 11175 10154
f 11175 9054 11176
f 11175 10153 10154
f 11175 11176 10153
f 10176 11271 10200
f 11212 10145 11208
f 11212 10144 10145
f 11212 10148 10144
f 11212 9096 10148
f 10145 11207 11208
f 11208 9135 11211
f 11208 11206 9135
f 11206 9134 9135
f 11206 10173 9134
f 10174 11204 11217
f 11263 11262 6975
f 9118 9119 8224
f 9118 10143 9119
f 9118 11199 10143
f 11198 6993 6996
f 11198 11197 6993
f 10143 11195 10165
f 10143 11197 11195
f 10164 11163 10163
f 10164 11195 11163
f 10164 10165 11195
f 9046 11162 11164
f 11163 10188 10163
f 11163 11161 10188
f 10188 11161 11157
f 10987 9963 10988
f 8850 10986 10988
f 10986 8850 8851
f 9963 10983 10988
f 10962 9949 7165
f 10962 10958 9949
f 10959 10962 7169
f 10954 9947 9948
f 10954 9946 9947
f 10954 10956 9946
f 10954 10955 10956
f 10961 9946 10956
f 10953 10957 9940
f 10960 9940 9938
f 10960 10953 9940
f 10960 10946 9944
f 10945 7171 9944
f 10944 9936 9935
f 10944 10945 9936
f 10944 7171 10945
f 10944 7173 7171
f 10976 9935 10975
f 10976 10944 9935
f 10976 7173 10944
f 10976 10975 7173
f 9920 10975 9935
f 10805 9805 10797
f 10805 9812 9805
f 10805 8712 8713
f 10805 10797 8712
f 8702 8712 10797
f 9803 10797 9805
f 9803 8701 10797
f 8703 10798 9801
f 9790 10798 10795
f 9790 9801 10798
f 8701 10796 10799
f 10796 8701 8700
f 9648 10725 10728
f 9648 10723 10725
f 10730 7343 7346
f 10730 10724 7343
f 10714 7346 7350
f 7346 10715 10730
f 7346 10714 10715
f 9640 10712 9634
f 9640 10713 10712
f 9634 10712 10709
f 10709 9632 9634
f 10710 7350 7354
f 7350 10710 10711
f 9622 10716 8538
f 9622 10709 10716
f 9622 9632 10709
f 8486 10623 8485
f 8486 10622 10623
f 10623 10622 9567
f 9566 10641 9572
f 10621 9566 9572
f 9572 10592 10621
f 10592 9572 9570
f 8475 10635 8483
f 10635 9572 10641
f 10635 9571 9572
f 10592 9570 10593
f 10592 10593 7401
f 10635 7406 10636
f 10635 8475 7406
f 10635 9569 9571
f 10593 9570 9568
f 10537 9544 12238
f 10537 10535 9544
f 8450 10534 10536
f 8450 7430 10534
f 10586 7436 10585
f 10584 9543 12233
f 9540 10584 7440
f 8458 10572 10574
f 8458 9547 10572
f 9547 8458 9542
f 9540 8458 10573
f 9540 9541 8458
f 8398 10472 10469
f 8398 12160 10472
f 10473 9506 10469
f 10473 9189 9506
f 9483 10470 7455
f 10439 9459 8406
f 10439 10440 9459
f 10436 10409 7459
f 10539 10548 9507
f 10539 7462 10548
f 10437 9508 10546
f 10437 10435 9508
f 10436 9457 10409
f 10436 10438 9457
f 9511 10548 7462
f 10546 9454 10437
f 10546 10545 9454
f 10409 9457 8404
f 10547 7463 10544
f 9456 10545 10542
f 10545 9455 9454
f 10545 9456 9455
f 10543 7463 10492
f 10543 10544 7463
f 9491 10490 10487
f 10490 9491 9490
f 10486 9488 10442
f 8419 10373 10412
f 8419 11473 10373
f 8419 11475 11473
f 9410 9411 10372
f 10370 10372 10225
f 10372 10370 9410
f 9411 10369 7486
f 9436 9409 9183
f 9436 10334 9409
f 9422 8339 8341
f 9422 8340 8339
f 9422 8334 8340
f 10417 10422 7539
f 9419 10416 10414
f 9419 9421 10416
f 10415 7545 10420
f 10414 9427 9419
f 9390 10407 10404
f 8343 10406 10408
f 8343 8345 10406
f 9396 10351 10353
f 9396 9391 10351
f 9352 8349 8364
f 10607 9564 10613
f 10607 11550 9564
f 10607 7747 6539
f 10607 10614 7747
f 9583 10613 9564
f 9642 10722 10719
f 8557 9635 9643
f 8557 10701 9635
f 10718 6599 10717
f 10719 9644 9642
f 10719 10720 9644
f 9645 10720 10736
f 9645 9644 10720
f 8563 10739 10733
f 8563 8564 10739
f 10731 9652 9663
f 10731 10738 9652
f 10732 8563 10733
f 10732 8566 8563
f 9844 10893 10900
f 10900 10895 8025
f 10895 12708 10892
f 10895 10900 12708
f 8786 12723 12724
f 8786 10892 12723
f 8786 10894 10892
f 10891 12703 6734
f 10891 12702 12703
f 10891 9850 9278
f 10891 10317 9850
f 6734 10909 10891
f 10914 9851 10913
f 10914 9278 9851
f 10914 10890 9278
f 10914 8782 12724
f 8781 10914 10911
f 8781 8782 10914
f 10912 9853 9863
f 9853 10912 10913
f 10911 8793 8781
f 8793 10911 10919
f 6742 9862 9852
f 10921 12407 9860
f 8801 12396 10922
f 8801 12741 12396
f 12737 9885 12746
f 12737 10924 9885
f 10934 10936 8822
f 8822 10941 10934
f 8822 7568 10941
f 11107 11109 6884
f 6890 11108 11107
f 11107 10076 10078
f 11107 11108 10076
f 11261 9130 9128
f 11261 10169 9130
f 11258 9128 9125
f 9128 11259 11261
f 9128 11258 11259
f 9125 11242 11258
f 9123 11238 9121
f 10125 11243 6987
f 10125 11238 11243
f 10125 10124 11238
f 10124 11194 11238
f 9121 11238 11201
f 11201 9118 9121
f 11201 11199 9118
f 11201 10266 11199
f 11200 11194 10124
f 8886 8868 8206
f 8886 11038 8868
f 8886 11036 11038
f 11038 9992 7138
f 11038 11036 9992
f 9989 11039 11037
f 9967 10986 8851
f 9967 10987 10986
f 10989 9954 9964
f 10989 8080 9954
f 8711 10803 10801
f 8711 9810 10803
f 8711 8189 9810
f 7974 10802 10804
f 7974 9814 10802
f 8713 10801 10805
f 8713 8711 10801
f 9790 10795 10790
f 10796 8695 10791
f 10796 8700 8695
f 10788 9793 10789
f 10788 8695 9793
f 10788 7821 7822
f 10788 10792 7821
f 9792 10789 9793
f 9792 10793 10789
f 9567 10624 10623
f 9567 7748 10624
f 9510 10469 9506
f 9510 10475 10469
f 9510 7587 10475
f 10469 8399 8398
f 10469 10475 8399
f 9510 7455 10575
f 7455 9506 9483
f 7455 9510 9506
f 10435 8401 10474
f 10435 10437 8401
f 10435 9509 9508
f 10435 7734 9509
f 10435 10477 7734
f 9507 10576 10539
f 9507 7745 10576
f 9507 9509 7745
f 10442 9488 9486
f 9446 10377 9448
f 9446 8336 10377
f 9373 10376 10383
f 9372 10374 10385
f 9372 10381 10374
f 9372 8331 10381
f 10375 9449 10386
f 10375 10382 9449
f 10214 9458 8405
f 10214 8405 10439
f 10439 8406 8154
f 8154 10214 10439
f 10212 10437 9454
f 8154 10437 10212
f 11090 11096 10010
f 11090 10010 8239
f 8239 8937 11097
f 8239 11090 11097
f 8251 11095 8936
f 8251 11088 11095
f 8251 11088 11089
f 8251 11087 11089
f 11087 8935 11094
f 8239 11087 8251
f 8239 8935 11087
f 10917 10918 8797
f 10917 8797 8796
f 10917 8796 8269
f 8269 8793 9861
f 10917 8269 9861
f 11132 8316 8974
f 9183 9409 10369
f 10369 9411 9410
f 9410 9183 10369
f 9183 9408 9435
f 9183 10370 9408
f 9410 10370 9183
f 10480 9185 9488
f 10480 9488 10486
f 10479 10485 9490
f 9491 10482 9490
f 9491 10487 10482
f 10488 9186 10484
f 9186 9489 9487
f 9186 10488 9489
f 10440 9187 9459
f 10212 10213 10214
f 10214 10440 9458
f 9187 10214 10212
f 9187 10440 10214
f 9189 10473 10468
f 10468 10472 9484
f 10468 9484 9189
f 9188 10547 10541
f 10541 10546 9508
f 10541 9508 9507
f 10541 9507 9188
f 9188 10548 9511
f 10548 9188 9507
f 9189 10470 9483
f 9484 10470 9189
f 10578 9532 9533
f 10577 9533 9532
f 10724 9198 9648
f 10723 9648 9198
f 9688 9689 10776
f 9201 9688 10776
f 10774 9201 10773
f 10774 9688 9201
f 10637 9568 9202
f 10637 9202 9597
f 10636 9597 9202
f 9214 9992 11036
f 11036 9990 9986
f 9986 9214 11036
f 11010 11006 9971
f 10985 10989 9964
f 10985 9964 9968
f 10946 9936 9944
f 10945 9944 9936
f 9968 10987 9967
f 10987 9968 9964
f 11006 11008 9971
f 9217 11037 9992
f 11037 9985 9989
f 11037 9217 9985
f 9218 9827 9826
f 9218 9826 9824
f 9823 9218 9824
f 10947 9226 9949
f 10947 9949 10958
f 9941 9227 10948
f 10948 10959 9941
f 9940 10952 9227
f 9940 10957 10952
f 10954 9226 10949
f 9226 10954 9948
f 9218 10830 9825
f 9218 10829 10830
f 10829 9823 9822
f 9823 10829 9218
f 11197 10143 10142
f 10142 11193 11200
f 11193 10143 11199
f 11193 10142 10143
f 10146 9251 10147
f 10146 9252 9251
f 11203 10146 11205
f 11203 9252 10146
f 9253 9132 10172
f 9253 10167 9132
f 10167 11204 10174
f 10167 9252 11204
f 10167 9253 9252
f 9258 10171 10170
f 9258 10170 10166
f 10166 10173 11206
f 10166 11206 11202
f 10166 11202 9259
f 10166 9259 9258
f 10144 9251 9259
f 11202 11207 10145
f 11202 10145 10144
f 11202 10144 9259
f 11268 10176 9260
f 9263 10129 11185
f 9263 11185 11184
f 11184 11186 10104
f 11184 10104 9264
f 11184 9264 9263
f 10130 11187 9265
f 10130 11183 11187
f 9269 11266 11269
f 9269 11267 11266
f 11267 10175 11270
f 11267 9268 10175
f 9268 11267 9269
f 11109 10078 9271
f 10158 11223 11224
f 11223 10131 11225
f 11223 10158 10131
f 11110 9271 10078
f 10215 9273 10003
f 10215 10003 10000
f 10215 10000 11080
f 11086 9340 10013
f 11086 10013 11095
f 11092 9340 11086
f 9340 10011 10012
f 9340 11092 10011
f 10215 10002 9273
f 10215 10001 10002
f 10215 9999 10001
f 10215 11082 9999
f 10917 9280 9870
f 10917 9870 10918
f 9280 9860 12407
f 9280 10917 9860
f 9284 10764 9675
f 9284 10764 10761
f 10761 9664 10765
f 10761 9666 9664
f 10761 9283 9666
f 10761 9284 9283
f 9291 10807 9821
f 9291 10808 10807
f 10808 9290 9818
f 10808 9291 9290
f 9291 6699 10806
f 10806 9817 9290
f 10806 9290 9291
f 9297 10762 10760
f 10760 10763 9665
f 10760 9665 9283
f 10760 9283 9297
f 10734 9646 9306
f 10734 9306 9658
f 9299 9628 9630
f 9299 9630 10685
f 10656 9612 9611
f 9611 9610 10656
f 10662 9611 12701
f 9611 10662 9610
f 9299 10691 9629
f 9299 10684 10691
f 10684 10685 10692
f 10685 10684 9299
f 10735 9306 9645
f 10735 9658 9306
f 9307 9504 9505
f 9307 9505 10530
f 9307 10530 10526
f 10526 10532 9477
f 10526 9477 9318
f 9318 9307 10526
f 10558 10563 9517
f 10558 9517 9518
f 10558 9516 10561
f 10558 9518 9516
f 9307 10529 9503
f 10529 9318 9480
f 9318 10529 9307
f 9321 9391 9396
f 9321 9396 9397
f 9321 9397 10354
f 9321 10354 10349
f 10349 9381 9320
f 10349 9320 9321
f 10331 9354 10332
f 9353 11273 9352
f 9353 10331 11273
f 10331 9353 9354
f 9323 11277 9390
f 9323 10348 11277
f 10347 9324 9380
f 9324 10348 9323
f 9324 10347 10348
f 9329 9448 9451
f 9329 9451 10426
f 9329 10426 10424
f 10424 10425 9452
f 9339 9450 7556
f 9339 10428 9450
f 9339 10423 10428
f 10423 9338 10427
f 9338 10423 9339
f 10348 10307 10344
f 10543 10222 10541
f 10541 10547 10544
f 10541 10544 10543
f 10484 10222 10543
f 10484 10543 10492
f 10484 10492 10491
f 10484 10491 10489
f 10484 10489 10488
f 10484 10483 10480
f 10443 10223 10486
f 10443 10486 10442
f 10443 8409 10444
f 10413 10226 10224
f 10224 10447 10410
f 10224 10410 10413
f 10371 10225 10226
f 10226 10413 10412
f 10226 10412 10373
f 10226 10373 10371
f 10226 10372 10411
f 10226 10225 10372
f 10411 10224 10226
f 10224 10449 10446
f 10224 10411 10449
f 10227 10441 10485
f 10444 10448 10443
f 10487 10228 10482
f 10228 10490 10542
f 10228 10487 10490
f 10479 10481 10482
f 10542 10541 10228
f 10541 10545 10546
f 10541 10542 10545
f 10229 7432 10586
f 10586 10585 10584
f 10468 10473 10469
f 10474 10478 10435
f 10474 10476 10478
f 10468 10469 10472
f 10229 10586 10587
f 10670 10233 10672
f 10233 10670 10669
f 10671 10233 10669
f 10232 10671 10650
f 10232 10650 10648
f 10653 10232 10648
f 10653 10648 10654
f 10640 10653 10651
f 10633 10231 10630
f 10630 10629 10634
f 10630 10634 10633
f 10231 10633 10625
f 10231 10625 10623
f 10231 10624 10632
f 10231 10623 10624
f 10632 10630 10231
f 10631 10638 10230
f 10640 10638 10639
f 10639 10653 10640
f 10232 10652 10649
f 10232 10653 10652
f 10671 10649 10667
f 10671 10232 10649
f 10667 10233 10671
f 10668 10672 10233
f 10673 10234 12265
f 10673 12265 7361
f 10757 10235 10781
f 10757 10236 10235
f 10236 10756 10755
f 10236 10757 10756
f 10238 10743 10741
f 10238 10744 10743
f 10729 10238 10741
f 10729 10725 10238
f 10725 10729 10728
f 10239 10730 10715
f 10239 10724 10730
f 10714 10239 10715
f 10714 10244 10239
f 10244 10711 10710
f 10244 10714 10711
f 10700 10244 10710
f 10700 10710 7354
f 10642 10643 10645
f 10645 10644 10642
f 10642 8483 10635
f 10627 10243 10637
f 10599 10240 10243
f 10243 10627 10599
f 10595 10241 10240
f 10240 10599 10597
f 10240 10597 10595
f 10580 10579 10241
f 10241 10595 10583
f 10241 10583 10581
f 10241 10581 10580
f 10578 10579 10580
f 10536 10570 10535
f 10536 10535 10537
f 10570 10536 10534
f 10242 10582 10594
f 10242 10579 10582
f 10594 10240 10242
f 10240 10596 10598
f 10240 10594 10596
f 10598 10243 10240
f 10243 10628 10626
f 10243 10598 10628
f 10626 10637 10243
f 10642 10635 10641
f 10244 10716 10709
f 10244 10700 10716
f 10709 10239 10244
f 10239 10712 10713
f 10239 10709 10712
f 10713 10724 10239
f 10238 10725 10726
f 10238 10726 10727
f 10744 10238 10742
f 10235 10246 10754
f 10235 10754 10780
f 10782 10235 10780
f 10779 10777 10775
f 10774 10773 10772
f 10794 10788 10789
f 10794 10789 10793
f 10247 10796 10791
f 10247 10791 10788
f 10796 10247 10799
f 10248 10804 10802
f 10248 10802 10805
f 10804 10248 10812
f 10812 10815 10804
f 10813 10818 10817
f 10803 10812 10248
f 10248 10801 10803
f 10248 10805 10801
f 10795 10800 10247
f 10800 10795 10798
f 10247 10790 10795
f 10247 10788 10790
f 10907 10250 10916
f 10916 7212 10907
f 10250 10907 10906
f 10250 10906 10903
f 10250 10903 10887
f 10887 10889 10886
f 10859 10886 10863
f 10859 10862 10860
f 10845 10249 11272
f 11272 10865 10845
f 10249 10845 10843
f 10249 10843 10840
f 10840 10841 10831
f 10829 9822 10810
f 10829 10810 10830
f 9824 10840 10831
f 10840 9824 10832
f 10249 10842 10844
f 10249 10840 10842
f 10844 10869 10249
f 10869 10844 10864
f 10861 10859 10860
f 10887 10886 10888
f 10250 10905 10904
f 10250 10902 10905
f 10250 10887 10902
f 10904 10916 10250
f 10916 10904 10915
f 10948 10251 10962
f 10948 10962 10959
f 10948 10951 10952
f 10252 10957 10953
f 10961 10253 10953
f 10253 10956 10955
f 10253 10961 10956
f 10958 10254 10947
f 10254 10958 10962
f 10949 10950 10947
f 10986 10987 10988
f 11006 11009 11007
f 11071 10255 11076
f 11076 7105 11071
f 11068 10256 10255
f 10255 11071 11070
f 10255 11070 11068
f 11060 10260 10256
f 10256 11068 11066
f 10256 11066 11060
f 11063 10257 10260
f 10260 11060 11065
f 10260 11065 11063
f 10257 11063 11055
f 10257 11055 11053
f 11044 11053 11052
f 11044 11052 11043
f 11046 10259 10258
f 10258 11051 11048
f 10258 11048 11046
f 10259 11046 11041
f 10259 11041 11038
f 10259 11040 11045
f 10259 11038 11040
f 11045 10258 10259
f 10258 11047 11050
f 10258 11045 11047
f 10257 11054 11062
f 10257 11053 11054
f 11062 10260 10257
f 10260 11062 11064
f 10256 11061 11067
f 10256 10260 11061
f 11067 10255 10256
f 10255 11069 11072
f 10255 11067 11069
f 11072 11076 10255
f 11076 11072 11075
f 11252 10262 11267
f 11267 11270 11265
f 11267 11265 11252
f 11210 11248 11246
f 11210 11246 11222
f 11213 11212 11208
f 11202 11208 11207
f 11219 10326 11203
f 11203 11205 11220
f 11203 11220 11219
f 11167 10326 11219
f 11167 11219 11216
f 11167 11216 11215
f 11167 11215 11166
f 11172 10325 11173
f 11174 10325 11172
f 11174 11172 11171
f 11174 11171 6984
f 6987 10325 11174
f 10325 11169 11170
f 10325 11168 11169
f 10325 6987 11168
f 11173 10325 11170
f 11165 10326 11167
f 10326 11214 11218
f 10326 11165 11214
f 11217 11203 10326
f 11217 9252 11203
f 9252 11217 11204
f 11202 11206 11208
f 11208 11211 11213
f 11221 10261 11209
f 10261 11245 11247
f 10261 11244 11245
f 10261 11221 11244
f 11264 10262 11970
f 11264 11266 10262
f 11266 11264 11269
f 10263 10264 11253
f 10263 11253 11237
f 10263 11237 11235
f 10263 11235 11233
f 11226 10263 11233
f 11226 11233 11231
f 11226 11231 11229
f 11190 10318 11223
f 11223 11225 11191
f 11223 11191 11190
f 11184 10318 11190
f 11184 11190 11186
f 11177 11181 11179
f 11177 11179 6947
f 11177 6947 11178
f 11177 11178 11180
f 10323 11188 11189
f 10323 11185 11188
f 11189 11224 10323
f 11228 10263 11226
f 10263 11230 11232
f 10263 11228 11230
f 11234 10263 11232
f 11234 10264 10263
f 10264 11236 11254
f 10264 11234 11236
f 11242 11259 11258
f 10266 11238 11194
f 11200 10266 11194
f 10265 11198 11196
f 11161 10265 11196
f 11161 11196 11164
f 11161 11164 11162
f 11158 11161 11162
f 11158 7006 11160
f 11158 11156 11157
f 11156 11160 11159
f 11156 11158 11160
f 11157 11161 11158
f 11163 10265 11161
f 10265 11163 11195
f 11195 11198 10265
f 11198 11195 11197
f 11199 10266 11193
f 11238 10266 11201
f 11257 11259 11242
f 10267 11114 11116
f 11124 11126 11125
f 11114 10269 11115
f 11101 11099 11083
f 11083 10271 11103
f 11083 11103 11101
f 10271 11100 11102
f 10271 11098 11100
f 11098 10270 11081
f 10270 11098 10271
f 11074 11057 11056
f 11059 11031 10272
f 10272 11074 11056
f 10272 11056 11059
f 11058 10272 11031
f 10272 11058 11074
f 11032 10274 11034
f 11025 10276 10274
f 10274 11032 11022
f 10274 11022 11026
f 10274 11026 11025
f 11019 10276 11025
f 11019 11025 11029
f 10275 11003 10995
f 10275 10995 10998
f 10275 10998 10997
f 10275 10994 11002
f 10275 10996 10994
f 10276 11028 11024
f 11024 10277 10276
f 10277 11033 11034
f 10277 11021 11033
f 10277 11023 11021
f 10277 11024 11023
f 10836 10835 10858
f 10278 10856 10885
f 10883 10278 10885
f 10883 10879 10278
f 10879 10882 10880
f 10878 10899 10287
f 10896 10899 10898
f 10895 10892 10896
f 10913 10911 10914
f 10912 10911 10913
f 10912 10919 10911
f 8795 10280 10279
f 10280 8795 10922
f 10922 12395 10280
f 12395 10922 12396
f 10286 10927 10926
f 10286 10930 10927
f 10926 10281 10286
f 10281 10933 10932
f 10281 10926 10933
f 10932 10939 10281
f 10943 10284 10285
f 10284 10973 10969
f 10284 10943 10973
f 10969 10965 10284
f 10981 10283 10282
f 10283 10981 10977
f 10977 10999 10283
f 11000 10283 10999
f 10283 11000 10978
f 10283 10978 10980
f 10970 10967 10966
f 10964 10968 10971
f 10964 10971 10284
f 10284 10972 10285
f 10937 10934 10935
f 10939 10931 10281
f 10286 10281 10931
f 10286 10931 10925
f 10928 10930 10286
f 10286 10925 10929
f 10286 10929 10928
f 10923 10930 10928
f 12395 10920 10921
f 12395 10921 10280
f 10279 10280 10921
f 10896 10892 10894
f 10896 10897 10899
f 10287 10899 10901
f 10287 10901 11716
f 10836 10858 10838
f 10836 10838 6707
f 10821 10820 10808
f 10809 6696 10806
f 10825 10820 10821
f 10825 10821 10827
f 10833 10834 10824
f 10824 10823 10833
f 10855 10852 10288
f 10872 10849 10873
f 10873 10875 10872
f 10875 10871 10877
f 10875 10873 10871
f 10909 10317 10891
f 10909 10910 10317
f 10910 10909 6739
f 10910 6742 10908
f 10910 10908 10317
f 10875 10876 10870
f 10875 10870 10872
f 10850 10872 10846
f 10850 10846 10848
f 10853 10851 10847
f 10853 10847 10854
f 10853 10854 10288
f 10825 10826 10828
f 10825 10828 10820
f 10808 10820 10807
f 10784 6627 10770
f 10767 10322 10761
f 10761 10765 10767
f 10763 10760 10768
f 10768 10769 10763
f 10753 10322 10767
f 10753 10767 10749
f 10753 10749 10752
f 10732 10290 10289
f 10289 8572 10747
f 10289 10747 10732
f 10740 10290 10732
f 10740 10732 10733
f 10740 10733 10739
f 10719 10292 10291
f 10291 10735 10736
f 10291 10736 10720
f 10291 10720 10719
f 10722 10292 10719
f 10292 6596 10718
f 10292 10722 6596
f 10718 10291 10292
f 10291 10721 10735
f 10291 10717 10721
f 10291 10718 10717
f 10738 10290 10740
f 10290 10738 10731
f 10731 10289 10290
f 10289 10746 10750
f 10289 10731 10746
f 10322 10748 10766
f 10322 10751 10748
f 10764 10322 10766
f 10784 10783 6631
f 10784 10770 10783
f 10677 10316 10675
f 10675 10316 10684
f 10684 10692 10682
f 10684 10682 10683
f 10684 10683 10675
f 10294 10687 10689
f 10294 10689 10690
f 10294 10690 10693
f 10294 10693 10685
f 10687 10294 10293
f 10293 10695 10696
f 10293 10696 10698
f 10293 10698 10699
f 10293 10699 10687
f 10695 10293 10703
f 10703 10702 10695
f 10704 10707 10706
f 10694 10701 10293
f 10707 10704 10705
f 10686 10293 10294
f 10293 10697 10694
f 10293 10686 10697
f 10294 10688 10686
f 10294 9630 10688
f 10294 10685 9630
f 10674 10684 10316
f 10684 10681 10691
f 10684 10680 10681
f 10684 10674 10680
f 10316 10676 10674
f 9612 10656 10295
f 10295 10659 10661
f 10295 10661 10664
f 10295 10664 9612
f 10295 10660 10657
f 10295 10663 10660
f 10295 10656 10663
f 10606 10612 10605
f 10615 10614 10607
f 10620 6546 10618
f 10613 10615 10607
f 10590 10591 6514
f 10297 10554 10557
f 10552 10554 10297
f 10558 10559 10563
f 10558 10561 10564
f 10560 10558 10564
f 10553 10552 10297
f 10555 10297 10557
f 10297 10556 10553
f 10297 10555 10556
f 10557 10549 10555
f 6454 10315 10464
f 10457 10451 10452
f 10457 10452 10456
f 10464 10315 10453
f 10453 10459 10461
f 10453 10461 10463
f 10453 10463 10464
f 10305 10495 10497
f 10305 10497 10500
f 10305 10500 10465
f 10305 10465 10306
f 10495 10305 10298
f 10298 10514 10516
f 10298 10516 10494
f 10298 10494 10495
f 10503 10299 10506
f 10503 10506 10510
f 10503 10510 10509
f 10506 10299 10300
f 10300 12186 10519
f 10300 10519 10525
f 10300 10525 10505
f 10300 10505 10506
f 10526 10314 10528
f 10526 10528 10532
f 10521 10301 10529
f 10528 10314 10533
f 10527 10533 10314
f 10520 10529 10302
f 10530 10314 10526
f 10314 10531 10527
f 10314 10530 10531
f 10504 10303 10304
f 10303 10518 10517
f 10303 10524 10518
f 10303 10504 10524
f 10502 10304 10503
f 10304 10507 10504
f 10304 10508 10507
f 10304 10502 10508
f 10493 10298 10305
f 10298 10515 10511
f 10298 10493 10515
f 11481 10305 10306
f 10305 10496 10493
f 10305 10499 10496
f 10305 10498 10499
f 10305 11481 10498
f 10462 10315 6456
f 10462 10454 10315
f 10454 10460 10458
f 10454 10462 10460
f 10315 6454 6456
f 6404 10313 10434
f 10313 10433 10430
f 10313 6404 10433
f 10430 10389 10313
f 10389 10430 10394
f 10312 10398 10361
f 10312 10400 10398
f 10312 10402 10400
f 10312 10405 10402
f 10312 10406 10405
f 10392 10406 10312
f 10392 10408 10406
f 10392 10391 10408
f 10361 10362 10312
f 10367 10363 10368
f 10367 11273 10363
f 11273 10357 9352
f 11273 10359 10357
f 11273 10365 10359
f 11273 10367 10365
f 10360 10320 10362
f 10363 10331 10356
f 10363 10356 10358
f 10363 10358 10364
f 10363 10364 10366
f 10320 10360 10397
f 10320 10397 10399
f 10320 10399 10401
f 10320 10401 10403
f 10320 10403 10404
f 10392 10320 10404
f 10392 10404 10407
f 10392 10407 10390
f 10389 10393 10429
f 10389 10429 10321
f 10434 10321 10431
f 10434 10431 10432
f 10434 10432 6402
f 10311 10417 10415
f 10311 10422 10417
f 10420 10311 10415
f 10420 10423 10311
f 10423 10419 10428
f 10423 10420 10419
f 10426 10378 10424
f 10378 10426 10380
f 10377 10378 10380
f 10377 8336 10378
f 10382 10375 10384
f 10344 10341 10339
f 10344 10396 10346
f 10344 10388 10396
f 10344 10386 10388
f 10344 10375 10386
f 10339 10348 10344
f 10348 10335 11277
f 10348 10337 10335
f 10348 10339 10337
f 10354 10319 10349
f 10319 10351 10329
f 10319 10353 10351
f 10319 10355 10353
f 10319 10354 10355
f 10329 10330 10319
f 10330 10327 6424
f 10330 10329 10327
f 10328 10319 10330
f 10330 6422 10328
f 10349 10319 10328
f 10349 10328 10350
f 10349 10350 10352
f 10349 10352 9381
f 10340 10307 10347
f 10347 9380 10336
f 10347 10336 10338
f 10347 10338 10340
f 10307 10340 10343
f 10307 10343 10342
f 10342 10345 10395
f 10342 10395 10387
f 10342 10387 10385
f 10342 10385 10374
f 10342 10374 10308
f 10342 10308 10307
f 10384 10308 10374
f 10384 10374 10381
f 10384 10383 10376
f 10384 10376 10379
f 10384 10379 10378
f 10424 10378 10425
f 10414 10311 10423
f 10423 10427 10418
f 10423 10418 10414
f 10421 10311 10414
f 10421 10414 10416
f 10421 10416 8341
f 7711 10310 11145
f 7711 11145 11143
f 7711 11143 11139
f 11135 10309 7711
f 7711 11138 11135
f 11137 10309 11134
f 11137 7711 10309
f 11140 10310 7711
f 10310 11136 11144
f 10310 11140 11136
f 10866 10869 10867
f 10866 10867 10860
f 10868 11272 10866
f 10868 10866 10860
f 6455 11413 6458
f 6510 11504 6511
f 11526 6523 6524
f 6523 6526 6525
f 6523 11526 6526
f 6592 6594 6595
f 6592 11589 6594
f 11621 6663 6664
f 6664 6665 11621
f 11766 6751 6752
f 6751 11766 6754
f 11773 6813 6811
f 6905 11903 8976
f 6919 6916 6918
f 6918 11256 6919
f 11912 6941 6943
f 6941 6938 6936
f 6941 11912 6938
f 7036 7037 7033
f 7113 7112 7108
f 7113 7108 11792
f 11752 7200 7202
f 7206 7204 9872
f 7206 9872 11739
f 11687 7238 10819
f 7238 7235 7233
f 7238 11687 7235
f 11602 7330 7333
f 7335 7331 11595
f 7464 7466 7469
f 7464 7469 11511
f 7464 11511 11510
f 7464 11510 7463
f 7511 7515 7517
f 7511 7517 11479
f 11383 7514 7513
f 7514 7516 7518
f 7514 11382 7516
f 7514 11384 11382
f 7514 11383 11384
f 7538 7542 7541
f 7542 11399 11397
f 11398 7538 11396
f 7538 11399 7542
f 7538 11400 11399
f 7538 11398 11400
f 6643 6646 6645
f 6643 11606 6646
f 6643 7795 11606
f 8024 11735 11736
f 11870 8122 11871
f 11870 8121 8122
f 11826 7084 7079
f 8112 11825 11827
f 8110 11816 11823
f 11816 8110 8108
f 11792 7842 7113
f 11792 7846 7842
f 11749 11739 9872
f 11687 7988 7235
f 11687 11684 7988
f 7893 11437 7524
f 7893 11436 11437
f 7577 7726 11434
f 11434 11433 7578
f 7578 7577 11434
f 7577 7893 7726
f 7577 11436 7893
f 7577 11432 11436
f 7578 11432 7577
f 7578 11435 11432
f 11594 7766 7763
f 7759 7761 11593
f 7759 11593 11592
f 7759 11592 7762
f 10814 11683 10813
f 11683 7987 11679
f 11683 7986 7987
f 11683 10814 7986
f 8041 11748 7610
f 11748 8041 11750
f 11748 11747 8042
f 11748 8042 7610
f 11681 11685 7985
f 11681 7985 10816
f 11681 10816 10813
f 11820 7638 11818
f 8113 7637 11821
f 11821 11819 8114
f 11821 8114 8113
f 8112 11827 7640
f 11826 8120 11820
f 11580 7754 7957
f 11580 7957 11581
f 7756 7683 11580
f 11579 7756 11580
f 11578 7683 9615
f 11578 11580 7683
f 11580 7956 7754
f 11558 9592 7686
f 7686 7941 11558
f 11556 7564 9582
f 7688 11555 7940
f 7688 11557 11555
f 11557 7564 11556
f 11557 7688 7564
f 6524 11525 11526
f 6524 9552 11525
f 6524 8470 9552
f 8541 11589 11587
f 8541 6594 11589
f 8541 8542 6594
f 11626 8683 8693
f 11626 11627 8683
f 11625 8693 8691
f 8693 11625 11626
f 11627 11624 6678
f 8807 6748 6745
f 11761 8806 11762
f 11790 11791 8849
f 8853 11790 8849
f 8853 11789 11790
f 11790 6794 11791
f 6794 11790 11788
f 11789 8853 11781
f 11788 6798 6794
f 8861 11786 11771
f 8861 11030 11786
f 11771 8859 8861
f 8859 11771 11769
f 11767 11768 6813
f 6901 6900 11962
f 6901 11962 9115
f 11962 11961 9115
f 11953 6910 6907
f 11950 9017 9016
f 9017 11950 12588
f 9013 11950 9016
f 9013 11948 11950
f 11944 9011 9009
f 9111 12001 12004
f 12002 6934 6930
f 12000 6937 6934
f 12000 11999 6937
f 11999 12001 9139
f 9055 11921 11911
f 11911 11181 9055
f 11911 6943 11181
f 11911 11912 6943
f 12031 9095 9133
f 12029 12030 6967
f 9133 12028 12031
f 11902 11127 12554
f 11902 7040 11127
f 11478 11477 8418
f 11478 7483 11477
f 8417 7483 7489
f 8417 11477 7483
f 11439 8371 8368
f 11439 11413 8371
f 11413 11439 11368
f 11440 11438 6458
f 11440 11367 11438
f 8368 11467 11439
f 11438 6462 6458
f 11438 11466 6462
f 11649 8720 6697
f 11648 7983 11650
f 6697 11647 11649
f 7976 11647 6697
f 7976 7998 11647
f 7976 7667 7998
f 11672 8727 11667
f 11672 8729 8727
f 11671 11670 8002
f 8726 11661 8724
f 8726 11346 11661
f 8726 11664 11346
f 11662 7997 7994
f 7997 11662 11663
f 11691 8737 11692
f 11691 11692 6708
f 8738 11690 8737
f 11704 6711 6717
f 6711 11704 11705
f 11702 8742 8744
f 11702 11703 8742
f 8758 11703 11699
f 8758 8742 11703
f 7824 11700 6717
f 7824 11713 11700
f 11712 8758 11699
f 11712 8754 8758
f 8756 11709 11711
f 8752 8756 11711
f 11376 8752 11711
f 11376 11720 8752
f 11725 8031 8033
f 8785 11736 11726
f 8785 8024 11736
f 11727 12725 8783
f 11727 12716 12725
f 8783 11737 11727
f 8046 11737 8044
f 11737 8783 8794
f 8794 11738 11737
f 11738 8794 8796
f 8806 11765 11762
f 11764 6748 8807
f 8811 11766 11763
f 11845 8979 8980
f 8979 7651 7866
f 8979 11845 7651
f 12017 9124 9122
f 11154 11896 11901
f 11899 9026 9027
f 11876 8119 11874
f 11875 8989 10097
f 8989 11875 11873
f 11874 8119 8118
f 11874 11878 11317
f 11874 8118 11878
f 7665 8755 8751
f 8751 8754 11710
f 11713 7824 7665
f 7665 8751 11710
f 7665 11710 11713
f 7665 8750 8757
f 8750 11709 8756
f 11709 7824 11714
f 11709 7665 7824
f 11709 8750 7665
f 8737 11690 11688
f 11688 11693 7671
f 7671 8737 11688
f 7671 11692 8737
f 11646 8719 8716
f 8716 8718 7979
f 8716 7979 7980
f 8716 7980 7675
f 8716 7675 7672
f 8716 7672 11646
f 11650 8715 8721
f 8715 7977 8720
f 8715 7978 7977
f 8715 7675 7978
f 8715 7672 7675
f 8715 11650 7672
f 8159 8443 8416
f 8159 8416 11474
f 8159 11474 11476
f 8160 8159 11476
f 8160 11476 11475
f 8159 8417 8442
f 8159 11477 8417
f 8160 11477 8159
f 8809 8262 11758
f 11758 8807 8809
f 11759 11760 11758
f 11756 8264 8808
f 11756 8808 11755
f 11756 11753 11757
f 11724 8266 8785
f 11724 8785 11726
f 8784 8268 11724
f 11724 11723 8784
f 11648 8721 8715
f 11648 8715 8278
f 11605 8637 6646
f 8637 11605 8638
f 8278 8720 11649
f 8278 8715 8720
f 11588 8287 8541
f 11587 11588 8541
f 11588 6589 8529
f 11585 8528 11586
f 11585 8529 8528
f 11585 8540 8288
f 11585 8543 8540
f 11585 11586 8543
f 11465 8392 8394
f 11465 8394 11466
f 8368 8297 11467
f 11467 8297 8369
f 11463 8298 11464
f 8298 8393 8391
f 8298 11463 8393
f 11940 8308 9010
f 11940 11943 8308
f 11941 8309 11942
f 8309 11941 9059
f 11998 9140 11997
f 11998 9112 9140
f 11998 8311 9112
f 8311 9139 9111
f 8311 11999 9139
f 9058 11938 8313
f 11938 9060 11937
f 11938 9058 9060
f 11936 8314 11939
f 8314 11936 9009
f 11938 12038 11939
f 9594 11560 11564
f 9609 11567 11563
f 11564 12679 9594
f 9618 11582 11577
f 11582 9618 9619
f 6726 6731 6730
f 6726 6730 11720
f 6726 11720 6728
f 7108 7109 11792
f 11382 9363 7516
f 11382 9366 9363
f 11428 11407 7530
f 11410 11429 9416
f 9417 11427 7528
f 9344 11407 11408
f 11410 9432 11409
f 11410 9416 9432
f 9349 11408 11411
f 11408 9349 9344
f 9592 11558 9589
f 9589 11558 11554
f 11554 11558 7941
f 11562 9586 9588
f 11561 7938 9608
f 9608 11559 11561
f 9605 11559 9608
f 9605 11563 11559
f 11560 9594 9586
f 11578 9615 9618
f 7956 6578 7754
f 7956 11577 6578
f 7956 11580 11577
f 11577 11578 9618
f 10091 11892 10072
f 10091 11890 11892
f 7859 11891 11889
f 11891 7859 7860
f 7859 11889 11888
f 11890 10091 10090
f 10090 11887 11890
f 10090 10087 11887
f 7858 11888 11321
f 11888 7858 7859
f 10087 11886 11887
f 11818 8121 11870
f 11818 7638 8121
f 10043 11816 8108
f 10043 11813 11816
f 11815 11814 7091
f 10041 11812 11813
f 11804 11803 7109
f 11792 10021 7846
f 11803 11792 7109
f 9868 11751 11744
f 9868 11752 11751
f 11751 11752 7202
f 11746 9874 9866
f 11746 7825 9874
f 11745 7205 11742
f 11745 7202 7205
f 7202 11745 11751
f 9865 7205 7208
f 9865 11742 7205
f 9864 11741 11742
f 9864 11747 11741
f 11746 11749 7825
f 11746 11303 11749
f 11660 7986 11658
f 11660 7987 7986
f 11660 11677 7987
f 11659 9823 11676
f 11659 11655 9823
f 11659 11658 11655
f 11657 7986 10814
f 7986 11657 11658
f 9499 7476 7736
f 9499 11496 7476
f 9360 12143 11461
f 11461 7524 11462
f 11461 12162 7524
f 11461 9368 9360
f 11435 9368 11461
f 11433 11426 9412
f 11431 9412 11426
f 11431 11430 9412
f 7726 11431 11434
f 7580 7724 9443
f 7580 9443 9445
f 9445 9444 11459
f 9445 11459 11460
f 11458 7725 7579
f 7579 7580 9445
f 7579 9445 11460
f 7579 11460 11458
f 11453 7582 7723
f 7581 9442 9440
f 9442 11454 9441
f 9442 11456 11454
f 11456 11455 11457
f 11455 7582 11453
f 7582 9442 7581
f 7582 11456 9442
f 7582 11455 11456
f 9497 9492 11494
f 7583 9497 11494
f 11497 7584 7916
f 11497 9493 7584
f 11497 11498 9493
f 11801 7628 11793
f 10020 7847 7627
f 10020 7627 11800
f 10020 11800 10019
f 11801 11802 11800
f 10021 7630 7846
f 10021 11797 7630
f 11804 7629 11798
f 7629 11804 7849
f 11797 11799 11798
f 11885 7645 7858
f 11885 7858 11321
f 10088 7646 11884
f 10077 7710 11910
f 7710 11909 11908
f 10077 11909 7710
f 10077 11907 11909
f 9550 11525 9552
f 9550 11532 11525
f 11551 11541 6528
f 11532 9550 9558
f 11532 11531 6531
f 11531 6533 6531
f 11531 11530 6533
f 10609 11543 11530
f 11530 10608 6533
f 11549 8472 9600
f 8638 11615 8637
f 11614 9719 9731
f 11614 11603 9719
f 11614 11352 11603
f 9731 11612 11614
f 8653 8670 8272
f 8653 11610 8670
f 9751 11609 11616
f 11619 11617 6663
f 11619 11353 11617
f 9749 11616 11620
f 9747 6665 9771
f 9747 11620 6665
f 9747 9749 11620
f 8691 11622 11625
f 11868 10068 10066
f 10066 11866 11868
f 10066 10062 11866
f 10066 9272 10062
f 10062 11864 11866
f 10062 8963 11864
f 8976 11903 12569
f 9270 12569 11903
f 11940 10110 10109
f 10109 11935 11940
f 10109 11934 11935
f 9059 11934 10133
f 9059 11941 11934
f 10133 11929 10132
f 10133 11933 11929
f 6928 11926 11928
f 11929 11927 10132
f 11929 11370 11927
f 9008 11926 6928
f 9008 11922 11926
f 10131 11925 11225
f 10131 11927 11925
f 10131 10132 11927
f 10156 9140 10157
f 10156 11997 9140
f 11998 11997 9138
f 10156 11996 11997
f 11996 9159 9136
f 11996 10155 10151
f 10151 11995 11996
f 10151 11994 11995
f 10151 10152 11994
f 10179 11996 11993
f 10198 11987 10196
f 10198 11991 11987
f 11988 11992 10178
f 11990 9050 9047
f 10200 11987 10176
f 11987 10200 10196
f 10175 11989 11985
f 10170 12028 9133
f 10170 12026 12028
f 10170 10171 12026
f 11508 9489 11507
f 11508 9487 9489
f 11508 11487 9487
f 11493 8420 8422
f 9500 11500 11491
f 9500 7483 11500
f 11470 9435 9408
f 11472 8416 8443
f 8443 11452 11472
f 8443 8441 11452
f 9439 8439 8430
f 9439 11450 8439
f 11447 7496 7492
f 11419 9438 9465
f 7500 11418 9359
f 9359 11418 11416
f 11404 9357 12131
f 11404 7513 7509
f 9430 11395 11412
f 11395 9426 9424
f 11395 9430 9426
f 9349 11411 11392
f 8335 11395 9424
f 8335 11394 11395
f 8335 11393 11394
f 8335 9348 11393
f 9348 8335 8333
f 11390 7537 9349
f 11390 11396 7537
f 11397 9346 7542
f 11397 11391 9346
f 9600 11547 11549
f 11547 9600 9599
f 9563 11548 9314
f 9563 11550 11548
f 11553 9599 9598
f 9599 11553 11547
f 11548 9582 9314
f 11548 11556 9582
f 11548 11355 11556
f 9598 11555 11553
f 11604 9718 9720
f 11604 7796 9718
f 11604 7795 7796
f 11632 8691 9800
f 8691 11632 11622
f 11623 11633 6678
f 11623 11631 11633
f 11623 11351 11631
f 11633 11628 11630
f 11633 11631 11628
f 11645 8697 8707
f 11645 9799 8697
f 11645 11629 9799
f 11628 9798 11630
f 11633 11630 6687
f 8707 11642 11645
f 8707 8708 11642
f 11644 9806 9798
f 11644 11641 9806
f 11643 11638 6687
f 9806 11641 11639
f 11638 6690 6687
f 11638 11637 6690
f 9806 11636 11635
f 9806 11639 11636
f 11634 11638 9806
f 8704 8719 11652
f 11637 11651 9818
f 11635 11646 11651
f 11635 11636 11646
f 9818 11651 11653
f 11646 7984 11651
f 11646 7672 7984
f 10078 11842 11836
f 7860 11899 11891
f 7860 9026 11899
f 11882 11880 10081
f 10081 11880 10099
f 8125 11881 11883
f 10098 11880 11872
f 11880 10098 10099
f 10097 11872 11875
f 11872 10097 10098
f 11805 10022 11795
f 11805 10023 10022
f 11805 11796 7103
f 7849 11796 11794
f 7849 7103 11796
f 11795 10017 10019
f 11794 11793 7849
f 8407 11493 8422
f 8407 11494 11493
f 11491 11494 9492
f 7713 7725 11458
f 11453 7496 11447
f 7496 7723 7712
f 7496 11453 7723
f 11920 10101 10102
f 11920 9006 10101
f 11919 8230 9007
f 11919 9007 10105
f 9055 10103 11916
f 11916 11921 9055
f 11917 9006 11920
f 11441 11447 9434
f 11441 9434 9436
f 11441 9436 9183
f 9435 11444 9183
f 11444 9433 11449
f 11444 9435 9433
f 11490 11497 9486
f 11490 9486 9488
f 11490 9488 9185
f 9185 9493 11498
f 9185 11498 11490
f 9494 11496 9499
f 9494 11489 11496
f 11488 9485 11495
f 11488 9487 9485
f 11488 9186 9487
f 11488 9494 9186
f 11488 11489 9494
f 11656 11657 9819
f 11740 9868 11744
f 11746 9868 11740
f 9868 9866 9867
f 9868 11746 9866
f 9823 9820 9822
f 9823 11655 9820
f 11879 9239 10089
f 11879 10089 10088
f 10086 11882 9240
f 9240 10086 11893
f 11886 9243 11894
f 9243 11886 10087
f 11982 9260 10176
f 11982 10176 11987
f 11988 9261 11984
f 11982 11983 11984
f 9264 10104 10102
f 9264 10102 10101
f 9264 10101 11924
f 10105 10107 10108
f 10108 9264 11924
f 10108 11924 10105
f 11916 10106 11923
f 11916 10108 10106
f 10108 10103 10130
f 10108 11916 10103
f 11990 11981 9267
f 11989 9268 11979
f 9268 11989 10175
f 11981 11980 11979
f 10109 11932 11931
f 11931 11933 10133
f 10133 10109 11931
f 10133 11934 10109
f 9732 9287 9733
f 9732 11607 9287
f 11607 9732 11608
f 11609 9751 11607
f 9799 11629 9800
f 9290 11637 9818
f 11637 9290 9817
f 9731 9287 9730
f 12033 9317 9522
f 12033 9522 9525
f 12033 9525 11523
f 11521 9317 12032
f 9317 9523 9520
f 9317 11521 9523
f 12034 12035 12032
f 11386 9328 11391
f 11385 11390 9349
f 11393 9328 11389
f 9328 9348 9347
f 9328 11393 9348
f 11424 9330 9416
f 11424 9416 11429
f 9413 9331 11423
f 11423 11428 9413
f 11424 11425 11423
f 11403 9332 9366
f 11405 9332 11401
f 9332 11405 9365
f 11430 9334 9412
f 11430 11420 9334
f 11427 9335 11421
f 9335 9417 9415
f 9335 11427 9417
f 11420 11422 11421
f 7242 7239 7240
f 7242 7240 10811
f 7242 10811 11654
f 7957 10666 11581
f 7957 7754 10666
f 11579 11575 7756
f 11668 10821 11669
f 11668 10827 10821
f 10858 11695 11707
f 11695 10858 10835
f 11707 10857 10858
f 11719 10901 11722
f 11719 11716 10901
f 11719 8767 10881
f 11719 11721 8767
f 11599 7333 10744
f 11599 11602 7333
f 11599 11601 11602
f 10745 11601 11600
f 10745 11602 11601
f 7673 8001 10826
f 7673 10826 10825
f 10825 10827 11668
f 10825 11668 11673
f 10825 11673 7673
f 11672 8004 8003
f 7674 10822 8000
f 7674 10822 10824
f 10824 8002 10823
f 10824 11671 8002
f 10824 11674 11671
f 10824 7674 11674
f 11753 8808 12383
f 11780 11001 6798
f 11776 11018 11783
f 11777 11784 11003
f 11778 11786 11030
f 11124 11861 11859
f 11861 11124 11125
f 11122 12870 11858
f 9009 11936 11944
f 11937 11255 12625
f 11937 9060 11255
f 12011 12623 11254
f 11254 12010 12011
f 11254 11236 12010
f 12008 11234 11232
f 12006 11230 11228
f 12006 12007 11230
f 9104 11974 11976
f 11975 11252 11265
f 11975 11972 11252
f 11251 9104 9102
f 11251 11974 9104
f 11251 11973 11974
f 11249 11968 11971
f 11249 11247 11968
f 11967 11245 11966
f 11967 11247 11245
f 11967 11968 11247
f 11965 6961 11969
f 11244 12031 11966
f 11244 9095 12031
f 11244 11221 9095
f 11467 10452 11469
f 11467 10456 10452
f 10452 11486 11469
f 11468 8393 11463
f 11468 11485 8393
f 11485 8391 8393
f 11486 10452 11482
f 11483 6468 11502
f 11484 10465 8389
f 11484 10306 10465
f 11484 11481 10306
f 11501 10498 11481
f 11501 11502 10498
f 10823 11670 11666
f 10823 8002 11670
f 11667 8727 8725
f 11698 8739 8735
f 8735 11697 11698
f 8735 8736 11697
f 11698 11694 10833
f 11695 10835 7999
f 10857 11707 11706
f 11706 10847 10851
f 11706 10856 10857
f 11706 11718 10856
f 10851 11718 11706
f 8013 11717 11718
f 11717 10883 10885
f 11716 10876 10878
f 11716 10870 10876
f 8768 8767 11721
f 11722 10897 11723
f 11722 10899 10897
f 11721 11725 8768
f 11723 10897 8784
f 12015 11242 11239
f 12015 12016 11242
f 11239 12017 12015
f 11239 9124 12017
f 11142 11896 11141
f 11142 11898 11896
f 11154 11141 11896
f 8013 7669 11717
f 11716 7669 8012
f 11716 11717 7669
f 8242 8972 11857
f 11857 11378 11121
f 11857 11121 8242
f 8247 8970 8971
f 8247 11858 8970
f 11858 8247 11118
f 11001 11780 8255
f 11785 8853 8852
f 11785 8852 11782
f 10559 11504 10563
f 10559 11517 11504
f 10559 11515 11517
f 11503 6513 6511
f 11503 11516 6513
f 11503 11362 11516
f 11566 9612 10664
f 10658 10661 10659
f 10658 11565 10661
f 11570 9614 9613
f 11573 11571 6570
f 11569 11570 9613
f 11571 11576 10665
f 11571 11358 11576
f 9619 11584 11582
f 9619 10693 11584
f 10693 9619 10685
f 11584 10693 10690
f 11584 8530 6584
f 9617 7756 11575
f 9617 9616 7756
f 11576 10666 10665
f 11576 11581 10666
f 11576 11359 11581
f 11665 7984 8004
f 7984 11665 11653
f 8004 11672 11665
f 11669 10808 11653
f 11669 10821 10808
f 11110 11836 12861
f 11678 9823 9824
f 11678 11676 9823
f 10811 11655 11654
f 10811 9820 11655
f 9820 10811 10810
f 11516 8457 6513
f 11516 8456 8457
f 11516 10566 8456
f 11514 9514 11524
f 9514 11514 11515
f 10567 9525 8454
f 10567 11523 9525
f 10567 11514 11523
f 11514 10567 10566
f 11518 9523 11521
f 11528 9519 9520
f 11528 11527 9519
f 11535 9519 11527
f 11535 9553 9519
f 10602 11533 11534
f 10602 11535 11533
f 10608 6539 6533
f 10608 11550 10607
f 11583 8529 8530
f 11583 10689 10687
f 10687 11586 11583
f 10687 10699 11586
f 11586 10699 10698
f 11753 11755 8808
f 11857 10057 11856
f 11854 11116 11852
f 10076 11833 11832
f 10076 10075 11833
f 10075 11830 11833
f 11906 12892 11831
f 11906 11145 12892
f 10074 11904 11829
f 11135 11908 12559
f 11908 11135 11138
f 11959 11130 11958
f 11959 11134 11130
f 11959 12898 11134
f 11957 11955 6907
f 11225 11925 11915
f 9006 11917 11914
f 11913 11225 11915
f 11913 11191 11225
f 10104 11191 11913
f 10104 11190 11191
f 9108 11986 9110
f 9108 11978 11986
f 11270 11985 11964
f 11270 10175 11985
f 11977 9108 9106
f 9108 11977 11978
f 12026 12025 11263
f 10171 12024 12026
f 10168 12024 10171
f 11262 12025 12023
f 12025 11262 11263
f 7463 10491 10492
f 7463 11510 10491
f 9489 11505 11507
f 9489 10489 11505
f 9489 10488 10489
f 10370 11473 11471
f 11473 10371 10373
f 11473 10370 10371
f 8985 11851 11839
f 11114 11838 11852
f 11114 12863 11838
f 11836 11110 10078
f 10073 10077 11910
f 11910 7710 11139
f 11262 10195 6975
f 11262 12023 10195
f 11261 11257 12014
f 11261 11259 11257
f 6981 12013 12015
f 6981 10193 12013
f 11257 12016 12014
f 11257 11242 12016
f 11261 9254 10169
f 11261 12022 9254
f 12021 9255 12022
f 9255 12012 10192
f 9255 12021 12012
f 12018 9256 10195
f 11260 10168 9257
f 11260 9257 12020
f 12018 12019 12020
f 11550 9314 9564
f 11544 11542 10609
f 9309 11544 10609
f 11546 10610 11549
f 9309 10610 11546
f 9309 10611 10610
f 9314 11550 9563
f 10221 10269 10267
f 10221 11850 10269
f 10745 10237 10759
f 10745 11600 10237
f 10758 10245 11597
f 11597 11598 10758
f 11329 10262 11252
f 11329 11252 11972
f 11329 11973 11251
f 11329 11251 11250
f 11329 11250 11248
f 11249 10261 11247
f 11249 11963 10261
f 11963 11249 11971
f 11970 10262 11329
f 11854 10267 11116
f 11849 10267 11854
f 10267 11849 10221
f 10221 11121 11378
f 11115 10269 11847
f 11847 11856 11115
f 11378 11850 10221
f 11003 10275 11775
f 11775 11777 11003
f 11002 11775 10275
f 11002 11779 11775
f 11778 11030 11774
f 10287 11716 10878
f 10833 11694 10834
f 11697 10288 11694
f 10288 10837 10855
f 10288 11697 10837
f 11696 10288 10854
f 11694 11695 10834
f 10659 10295 11568
f 11568 11572 10658
f 11568 10658 10659
f 10657 11570 10295
f 10603 11536 10296
f 11512 10566 11516
f 10452 10451 11480
f 11480 11482 10452
f 11480 10466 11483
f 11480 10450 10466
f 11480 10451 10450
f 10105 11924 11919
f 11886 11885 11321
f 11886 11894 11885
f 11893 11879 11884
f 11432 11461 11462
f 11432 11462 11437
f 11432 11437 11436
f 11421 11431 11427
f 11410 11287 11424
f 11424 11429 11410
f 11394 11288 11287
f 11287 11410 11409
f 11287 11409 11412
f 11287 11412 11395
f 11287 11395 11394
f 11397 11399 11386
f 11386 11391 11397
f 11389 11388 11386
f 11396 11385 11398
f 11396 11390 11385
f 11385 9349 11387
f 11392 11290 11289
f 11290 11408 11407
f 11290 11411 11408
f 11290 11392 11411
f 11407 11423 11290
f 11423 11407 11428
f 11430 11431 11420
f 11426 11434 11431
f 11426 11433 11434
f 11379 11506 11509
f 11379 7469 11506
f 11509 11489 11379
f 11489 11492 11496
f 11489 11509 11492
f 11291 11491 11500
f 11291 11500 11478
f 11472 11292 11476
f 11476 11474 11472
f 11450 11293 11292
f 11292 11472 11452
f 11292 11452 11450
f 11419 11298 11460
f 11460 11459 11419
f 11454 11456 11442
f 11442 11448 11454
f 11415 11294 11298
f 11298 11419 11417
f 11298 11417 11415
f 11384 11295 11402
f 11384 11402 11382
f 11296 11406 11404
f 11296 7513 11406
f 11296 11383 7513
f 11414 11298 11297
f 11298 11416 11418
f 11298 11414 11416
f 11418 11458 11298
f 11447 11455 11453
f 11447 11441 11455
f 11441 11443 11444
f 11300 11299 11449
f 11300 11449 11451
f 11300 11451 11470
f 11475 11300 11470
f 11475 11470 11471
f 11475 11471 11473
f 11291 11478 11499
f 11291 11499 11493
f 11508 11379 11488
f 11488 11495 11487
f 11488 11487 11508
f 11511 11379 11508
f 11511 11508 11507
f 11511 11507 11505
f 11511 11505 11510
f 11590 11591 11592
f 11590 11592 11593
f 11593 7761 11595
f 11599 11596 11301
f 11301 11597 11600
f 11597 11596 11598
f 11597 11301 11596
f 11593 11594 11590
f 11742 11741 11302
f 11302 11745 11742
f 11303 11747 11748
f 11748 11750 11304
f 11748 11304 11303
f 11749 11304 11739
f 11304 11749 11303
f 11305 11744 11743
f 11305 11740 11744
f 11740 11302 11746
f 11302 11740 11305
f 11743 11751 11305
f 11681 11306 11686
f 11681 11686 11685
f 11683 11679 11677
f 11683 11677 11307
f 11683 11307 11681
f 11307 11677 11660
f 11658 11657 11656
f 11656 11654 11658
f 11655 11658 11654
f 11660 11658 11659
f 11659 11308 11660
f 11308 11659 11676
f 11684 11309 11680
f 11309 11684 11687
f 11682 7613 11680
f 11800 11794 11795
f 11800 11795 10019
f 11797 10021 11803
f 11795 11794 11805
f 11310 11809 11807
f 11310 11807 11805
f 11809 11310 11311
f 11311 11813 11812
f 11311 11812 11809
f 11813 11311 11312
f 11312 11816 11813
f 11816 11312 11313
f 11313 11823 11816
f 11823 11313 11314
f 11314 11827 11825
f 11314 11825 11823
f 11315 11828 11817
f 11315 11817 11819
f 11315 11819 11821
f 11314 11315 11821
f 11314 11821 11827
f 12882 11316 11317
f 11317 11878 12882
f 11876 11874 11317
f 10086 11883 11881
f 11879 10088 11884
f 11886 11321 11318
f 11318 11890 11887
f 11318 11887 11886
f 11320 11900 11892
f 11320 11892 11890
f 11320 11890 11318
f 11900 11320 11901
f 11319 11897 11901
f 7037 7040 11902
f 11319 11896 11898
f 11319 11901 11896
f 11899 11901 11320
f 11889 11320 11318
f 11320 11891 11899
f 11320 11889 11891
f 11318 11888 11889
f 11318 11321 11888
f 11880 10086 11881
f 10086 11880 11882
f 11875 11881 11876
f 11881 11872 11880
f 11881 11875 11872
f 11873 11876 11317
f 11876 11873 11875
f 11877 11317 11322
f 11317 11877 11873
f 11323 11818 11870
f 11323 11820 11818
f 11820 11324 11826
f 11324 11820 11323
f 11822 11324 11313
f 11324 11824 11826
f 11324 11822 11824
f 11815 11313 11312
f 11313 11815 11822
f 11811 11312 11311
f 11312 11814 11815
f 11312 11811 11814
f 11808 11311 11310
f 11311 11808 11811
f 11310 11806 11808
f 11310 11805 11806
f 11805 11794 11796
f 11803 11804 11798
f 11793 11794 11801
f 11332 11333 12008
f 11332 12008 12007
f 11332 12007 12006
f 11331 11332 12006
f 11331 12006 12004
f 11331 12004 12001
f 11999 11331 12001
f 11995 11381 11996
f 11984 11381 11995
f 11984 11995 11994
f 11984 11994 11992
f 11984 11992 11988
f 11978 11326 11325
f 11325 11990 11986
f 11325 11986 11978
f 11973 11329 11326
f 11326 11978 11977
f 11326 11977 11976
f 11326 11976 11974
f 11326 11974 11973
f 11967 11328 11329
f 11963 11971 11968
f 11963 11968 11967
f 11963 11967 11329
f 12031 11327 11328
f 11328 11967 11966
f 11328 11966 12031
f 11327 12031 12028
f 11327 12028 12026
f 12026 12024 11260
f 12022 11261 12014
f 12022 12014 12016
f 12022 12016 12015
f 12021 12013 12012
f 12021 12015 12013
f 12026 12023 12025
f 11260 12023 12026
f 11327 12030 12029
f 11327 12026 12030
f 12029 11328 11327
f 11328 12027 11965
f 11328 12029 12027
f 11969 11328 11965
f 11969 11329 11328
f 11329 11969 11970
f 11329 11975 11964
f 11329 11972 11975
f 11330 11985 11989
f 11330 11964 11985
f 11987 11381 11982
f 11381 11991 11993
f 11381 11987 11991
f 11996 11381 11993
f 11331 12000 12002
f 11331 11999 12000
f 11332 12003 12005
f 11332 12002 12003
f 11332 11331 12002
f 12005 11333 11332
f 11333 12005 12009
f 12009 12011 11333
f 11333 12011 12010
f 11333 12010 12008
f 11334 11843 11837
f 11334 11835 11843
f 11334 11834 11835
f 11334 11831 11834
f 11334 11906 11831
f 11905 11336 11910
f 11336 11906 11334
f 11336 11905 11906
f 10221 11853 11855
f 10221 11851 11853
f 10221 11839 11851
f 10221 11841 11839
f 10221 11845 11841
f 11845 10221 11846
f 11856 11378 11857
f 11849 11854 11852
f 11849 11852 11838
f 11849 11838 11840
f 11849 11840 11846
f 11335 11836 11842
f 11335 11842 11832
f 11335 11832 11833
f 11335 11833 11830
f 11335 11830 11829
f 11336 11335 11829
f 11336 11829 11904
f 11336 11904 11910
f 11773 11767 6813
f 12768 11340 11772
f 12768 11772 11770
f 12768 11770 12770
f 11340 11337 11787
f 11340 11787 11772
f 11339 11784 11777
f 11339 11777 11775
f 11775 11779 11337
f 11775 11337 11339
f 11338 11789 11781
f 11338 11781 11785
f 11785 11782 11784
f 11339 11338 11785
f 11339 11785 11784
f 11338 11790 11789
f 11788 11790 11338
f 11780 11339 11783
f 11338 11780 11788
f 11339 11780 11338
f 11339 11776 11783
f 11339 11774 11776
f 11774 11337 11778
f 11774 11339 11337
f 11771 11337 11340
f 11337 11786 11778
f 11337 11771 11786
f 12772 11340 12767
f 11340 11769 11771
f 11340 12772 11769
f 11635 11634 9806
f 11634 11635 11638
f 11665 11669 11653
f 11665 11672 11669
f 11672 11667 11669
f 11694 11698 11697
f 11696 11708 11694
f 11717 11716 11719
f 11721 11719 11722
f 11343 11724 11726
f 11724 11722 11723
f 11724 11721 11722
f 11724 11343 11721
f 11726 11341 11343
f 11341 11736 11735
f 11341 11726 11736
f 11732 8024 11729
f 11757 11753 11754
f 11764 11762 11765
f 11764 11761 11762
f 11765 11763 11764
f 11764 8807 11761
f 11756 11755 11753
f 11728 11730 11731
f 11725 11343 11342
f 11342 11734 11733
f 11342 11733 11725
f 11725 11721 11343
f 11708 11706 11707
f 11694 11708 11707
f 11694 11707 11695
f 11666 11344 11698
f 11344 11666 11670
f 11344 11670 11671
f 11344 11671 11674
f 11344 11674 11675
f 11344 11675 11673
f 11673 11668 11669
f 11673 11669 11344
f 11635 11651 11637
f 11637 11638 11635
f 11625 11351 11626
f 11351 11625 11622
f 11632 11351 11622
f 11632 11629 11351
f 11350 11645 11642
f 11350 11629 11645
f 11642 11345 11350
f 11345 11640 11652
f 11345 11642 11640
f 8719 11345 11652
f 8719 11646 11345
f 11649 11349 8278
f 11647 11349 11649
f 11647 11346 11349
f 11346 11647 11663
f 11662 11346 11663
f 11662 11688 11346
f 11688 11662 11693
f 11347 11689 11705
f 11347 11691 11689
f 11704 11347 11705
f 11704 11348 11347
f 11348 11700 11713
f 11348 11701 11700
f 11348 11704 11701
f 11714 11376 11709
f 11376 6725 6728
f 11376 11714 6725
f 11376 11720 6728
f 11709 11376 11711
f 11347 11348 11712
f 11347 11712 11699
f 11347 11699 11703
f 11347 11703 11702
f 11691 11347 11702
f 11688 11690 11661
f 11688 11661 11346
f 11349 11346 11664
f 11641 11350 11345
f 11345 11646 11636
f 11345 11636 11639
f 11345 11639 11641
f 11350 11641 11644
f 11350 11644 11628
f 11629 11350 11628
f 11629 11628 11631
f 11629 11631 11351
f 11626 11351 11623
f 11626 11623 11624
f 11626 11624 11627
f 11616 11353 11621
f 11621 6665 11620
f 11621 11620 11616
f 11607 11353 11616
f 11616 11609 11607
f 11352 11607 11610
f 11352 11610 11613
f 11352 11613 11615
f 11352 11615 11605
f 11605 6646 11606
f 11606 11352 11605
f 11606 11604 11603
f 11606 11603 11352
f 11607 11352 11614
f 11607 11614 11612
f 11607 11612 11611
f 11607 11611 9730
f 11607 11608 11618
f 11607 11618 11617
f 11607 11617 11353
f 11621 11353 11619
f 11621 11619 6663
f 11526 11525 6526
f 11525 11532 6526
f 10608 11530 11354
f 11355 11548 11550
f 11550 10608 11354
f 11354 11355 11550
f 11557 11556 11355
f 11554 11561 11562
f 11561 11356 11560
f 11561 11560 11562
f 11356 11357 11564
f 11356 11564 11560
f 11574 11573 11565
f 11571 11573 11574
f 11574 11358 11571
f 11359 11576 11358
f 11580 11581 11359
f 11575 11579 11359
f 11569 11359 11358
f 11359 11569 11575
f 11358 11570 11569
f 11568 11574 11572
f 11574 11570 11358
f 11574 11568 11570
f 11563 11357 11356
f 11357 11563 11567
f 11356 11559 11563
f 11356 11561 11559
f 11553 11355 11547
f 11553 11557 11355
f 11553 11555 11557
f 11355 11549 11547
f 11355 11546 11549
f 11544 11354 11542
f 11354 11546 11355
f 11354 11544 11546
f 11354 11543 11542
f 11530 11543 11354
f 11362 11504 11517
f 11515 11362 11517
f 11515 11514 11362
f 11522 11520 12034
f 11519 11360 11520
f 11360 11519 11529
f 11529 11527 11360
f 11527 11536 11361
f 11361 11533 11535
f 11527 11361 11535
f 11360 11527 11528
f 11520 11360 11528
f 11520 11528 11518
f 12032 11520 11518
f 12032 11518 11521
f 12033 11523 11514
f 11512 11516 11362
f 11362 11514 11513
f 11362 11513 11512
f 11504 11362 11503
f 11504 11503 6511
f 11439 11367 11368
f 11439 11467 11367
f 11486 11485 11469
f 11486 11363 11485
f 11363 11486 11482
f 11364 11483 11502
f 11364 11480 11483
f 11480 11363 11482
f 11363 11480 11364
f 11364 11502 11501
f 11364 11501 11481
f 11484 11364 11481
f 11365 11485 11468
f 11365 11468 11463
f 11365 11463 11464
f 11465 11466 11366
f 11366 11365 11464
f 11366 11464 11465
f 11367 11366 11466
f 11367 11466 11438
f 11368 11367 11440
f 10104 11369 11918
f 11369 10104 11913
f 11911 11916 11912
f 11916 11911 11921
f 11915 11369 11913
f 11915 11370 11369
f 11370 11925 11927
f 11370 11915 11925
f 11929 11931 11370
f 11931 11929 11933
f 11934 11942 11935
f 11942 11934 11941
f 11937 11371 11938
f 11371 11937 11945
f 11946 11371 11945
f 11946 11372 11371
f 11372 11949 11951
f 11372 11946 11949
f 11953 11374 11373
f 11374 11953 11955
f 11957 11374 11955
f 11957 11375 11374
f 11375 11957 11960
f 11374 11375 11959
f 11374 11959 11958
f 11374 11958 11956
f 11374 11956 11954
f 11373 11374 11954
f 11373 11954 11947
f 11373 11947 11952
f 11371 11372 11950
f 11371 11950 11948
f 11371 11948 11944
f 11939 11371 11944
f 11939 11944 11936
f 11943 11940 11935
f 11928 11370 11931
f 11931 11932 11930
f 11931 11930 11928
f 11369 11370 11928
f 11369 11928 11926
f 11369 11926 11922
f 11369 11922 11914
f 11369 11914 11917
f 11920 11369 11917
f 11916 11923 6938
f 11916 6938 11912
f 11920 11918 11369
f 12033 12032 9317
f 11524 9308 12034
f 11378 11848 11850
f 11719 11715 10881
f 11715 10883 10882
f 10883 11719 11717
f 10883 11715 11719
f 12139 6474 6473
f 6474 12139 6478
f 6535 6536 6538
f 12263 6534 6535
f 6535 6538 12264
f 6535 12264 12263
f 12394 6736 12733
f 12394 6738 6736
f 12451 6759 6760
f 6759 6762 6764
f 6759 12451 6762
f 6774 8830 6776
f 6774 12481 8830
f 12484 6795 6796
f 6796 12766 12484
f 6838 6836 6835
f 6838 6835 12118
f 6871 6869 6872
f 12533 6903 8976
f 6903 6902 6899
f 12535 12534 12536
f 12534 6903 12533
f 6903 12535 6902
f 6903 12534 12535
f 6922 11256 12626
f 12637 7013 7012
f 12381 7260 7262
f 12381 7262 8690
f 7451 12160 7456
f 7451 12161 12160
f 7451 7452 12161
f 12120 7501 7500
f 7501 12120 7502
f 7515 7521 12162
f 8045 12394 12733
f 8045 12393 12394
f 7828 12455 12454
f 12454 12455 8062
f 8062 12455 10970
f 8656 12368 12365
f 12368 8656 7808
f 7826 12416 7827
f 12418 12417 7826
f 7826 7827 12418
f 7654 8076 12477
f 7654 12477 12479
f 12478 8078 7653
f 7653 7654 12479
f 7653 12479 12478
f 7655 12473 8075
f 7655 12475 12473
f 12476 8077 12474
f 12476 7656 8077
f 7656 12475 7655
f 7656 12476 12475
f 7660 8063 12453
f 12453 7828 7660
f 7658 8072 8073
f 7658 8073 12504
f 12504 12506 7658
f 8074 7657 12506
f 12506 12505 8074
f 7660 12454 8062
f 7828 12454 7660
f 7662 8067 12450
f 7662 8068 8067
f 7662 12449 8068
f 12516 6845 6841
f 12609 9004 9003
f 12609 10136 9004
f 9003 12590 12609
f 9003 9002 12590
f 12582 9085 12608
f 12582 9083 9085
f 12583 9002 8999
f 9002 12584 12590
f 9002 12583 12584
f 8999 12581 12583
f 12579 8999 9037
f 8999 12579 12581
f 12580 9078 9081
f 12580 12577 9078
f 12580 12085 12577
f 12578 9037 7033
f 12577 9075 9078
f 12577 9074 9075
f 12281 7352 7348
f 8536 12267 12274
f 7439 12219 12197
f 12196 8461 8459
f 12196 8460 8461
f 12196 12218 8460
f 12138 8384 8397
f 12138 6473 8384
f 7744 7930 12151
f 8395 12148 12158
f 12157 7930 7927
f 12157 12151 7930
f 8800 12394 12393
f 8073 12500 12504
f 8073 8075 12500
f 8073 8834 8075
f 8073 8847 8834
f 12505 12501 8074
f 12381 8694 9795
f 12380 8694 12381
f 12380 12381 8690
f 8656 12365 12363
f 12364 7282 12362
f 8662 12361 12359
f 12361 8662 8663
f 8645 7294 7297
f 8645 12354 7294
f 12354 8645 12352
f 12353 7805 7798
f 7804 12353 12351
f 12353 7804 7805
f 8608 7307 7311
f 8608 12329 7307
f 8607 12322 12321
f 8607 8592 12322
f 7780 12318 7779
f 7780 12320 12318
f 12317 8596 12315
f 12317 8598 8596
f 12317 12319 8598
f 8596 8595 12315
f 8596 8184 8595
f 7777 12314 10781
f 7777 12316 12314
f 12393 8045 8800
f 8044 12392 7666
f 8044 12389 12392
f 12347 8141 8190
f 8141 12348 12349
f 8141 12347 12348
f 12328 8182 8185
f 8181 12638 8609
f 12638 8182 12328
f 12638 8181 8182
f 12213 8161 12212
f 12213 12217 8161
f 12219 8161 12216
f 12210 8161 8462
f 12210 12212 8161
f 12280 12281 8544
f 12280 8544 8546
f 12280 8545 8550
f 12280 8167 8545
f 12329 8182 12638
f 8182 8608 8593
f 8182 12329 8608
f 12327 12326 12638
f 8607 8185 8592
f 8607 12328 8185
f 12328 8607 12325
f 8690 7267 12379
f 12379 8689 8690
f 12380 8690 8689
f 8662 8190 8663
f 8662 12347 8190
f 12347 8660 12355
f 12347 8662 8660
f 8661 8191 12344
f 12344 12353 8659
f 12344 8659 8661
f 12439 8820 8196
f 12438 8196 8820
f 12578 9036 8212
f 12578 8212 9037
f 12577 8212 9035
f 12577 9037 8212
f 12634 8222 9144
f 12634 9144 9142
f 12634 9142 12632
f 12628 8238 7013
f 12628 12629 8238
f 12636 8237 12629
f 8237 12636 9143
f 12148 12149 8397
f 12148 8397 8384
f 12148 8384 8299
f 12148 8396 12151
f 12148 8299 8396
f 6835 12509 12118
f 6835 10016 12509
f 10016 6833 6834
f 10016 6835 6833
f 7051 10072 7050
f 12114 9889 9888
f 9888 12422 12114
f 12159 9484 12160
f 12159 9481 9484
f 12159 12180 9481
f 12181 7452 7447
f 9900 12447 6760
f 9900 9918 12447
f 12444 12447 9918
f 12444 12117 12447
f 6767 12445 12446
f 6767 12448 12445
f 12446 6769 6767
f 12446 12450 6769
f 9942 12480 12481
f 9916 9923 12437
f 9916 9915 9923
f 12078 9916 12434
f 12078 12433 9916
f 12433 7185 9908
f 12433 12435 7185
f 12433 12078 12435
f 12433 12432 9912
f 12432 12433 9907
f 9906 12428 12429
f 9906 9909 12428
f 9901 12429 12426
f 12429 9901 9906
f 12426 9890 12424
f 12426 9887 9901
f 9886 12425 7190
f 12424 9890 9893
f 9888 12417 12422
f 9888 9882 12417
f 7827 12421 12418
f 9877 12417 9882
f 9877 7826 12417
f 9777 12377 12376
f 12373 9775 12375
f 12372 7276 12371
f 12372 7274 7276
f 12372 12374 7274
f 9767 12370 12369
f 9767 9775 12370
f 12432 7615 9912
f 9903 9908 8051
f 9903 8051 8049
f 9903 8049 7616
f 9903 7616 7615
f 7615 12432 9907
f 7615 9907 9903
f 8050 7616 8048
f 12427 9902 12430
f 9902 8050 9905
f 9902 7616 8050
f 9902 7615 7616
f 7615 9902 12427
f 9912 12427 12428
f 12427 9912 7615
f 7662 12450 12444
f 7662 12444 9918
f 9918 8052 7662
f 7662 9917 12443
f 9917 7662 8052
f 9577 12262 9576
f 9577 12261 12262
f 9575 9573 9303
f 9575 6538 9573
f 9575 12260 6538
f 12508 10011 12507
f 12508 10012 10011
f 12508 10014 10012
f 8955 12532 12854
f 10070 8955 8953
f 10070 12532 8955
f 10119 12632 9142
f 10141 12632 10119
f 10141 12627 12632
f 9141 12620 7019
f 9141 12631 12620
f 10139 12619 12621
f 10139 12615 12619
f 12620 12614 7019
f 12618 9094 9092
f 12618 10161 9094
f 12618 12617 10161
f 7019 12614 10160
f 9087 12607 9090
f 9087 12605 12607
f 9087 9088 12605
f 10137 12605 9088
f 10137 12600 12605
f 12602 10134 12601
f 12599 7024 12604
f 12599 7025 7024
f 12599 10134 7025
f 8545 8547 12288
f 9640 12277 12279
f 9640 9633 12277
f 9633 12276 12277
f 9633 9631 12276
f 9631 12076 12276
f 9631 12280 12076
f 12273 7352 12281
f 12273 9624 7352
f 9624 12275 7357
f 9624 12272 12275
f 12238 8449 10537
f 12238 8452 8449
f 12238 8451 8452
f 8451 12238 12208
f 12237 9543 12209
f 12208 8462 8451
f 12208 12210 8462
f 12209 10584 12207
f 12209 9543 10584
f 12120 7500 9359
f 8805 12411 12409
f 8805 11754 12411
f 12409 8811 8805
f 12409 9869 8811
f 6760 9897 9900
f 12449 12442 8068
f 12472 12480 9942
f 12470 8065 8078
f 8078 12468 12470
f 12467 12477 9958
f 9923 12438 12437
f 12379 9784 9792
f 12379 12378 9784
f 8644 12341 12350
f 8644 9729 12341
f 9727 12341 9729
f 9727 12340 12341
f 8621 12342 12338
f 8621 7789 12342
f 12337 9727 9715
f 12337 12340 9727
f 12338 12339 8621
f 8619 12336 9707
f 12334 7304 7307
f 12334 9716 7304
f 9708 12332 12331
f 9708 12335 12332
f 9687 8609 12323
f 9687 9703 8609
f 9687 9685 9703
f 9084 12602 8215
f 12598 10136 12609
f 9083 8215 12597
f 12597 12608 9085
f 12597 9085 9083
f 12176 9481 12180
f 12174 9481 12178
f 12234 12236 9191
f 9544 9194 12232
f 12232 12238 9544
f 9196 9632 9622
f 9196 9622 9620
f 9620 9623 12271
f 9620 12271 12270
f 12270 12272 9624
f 12270 9624 9197
f 9197 9196 9620
f 9197 9620 12270
f 9196 9621 9631
f 12273 9197 9624
f 9621 9197 12273
f 9621 9196 9197
f 9199 9716 12334
f 9199 12334 12333
f 12333 12335 9708
f 12333 9708 9702
f 9199 12333 9702
f 9702 9200 9706
f 9702 9200 9199
f 9199 12336 9715
f 12336 9701 9707
f 9199 9701 12336
f 9701 9200 9705
f 9200 9701 9199
f 9886 9887 12424
f 12424 9889 9886
f 12425 9886 9889
f 12433 9908 9903
f 12433 9915 9916
f 10134 12599 12594
f 10137 12596 12600
f 10137 10135 12596
f 12592 10136 12603
f 10136 12592 9244
f 12601 10134 12591
f 9246 12615 10139
f 9246 12613 12615
f 12613 10160 12614
f 12613 9246 10160
f 12612 10161 12617
f 12612 10138 10161
f 12612 9246 10138
f 9246 12616 10160
f 9246 12612 12616
f 12466 9959 9960
f 12466 9960 12471
f 9942 9277 12472
f 12442 9281 9932
f 9281 9933 9931
f 9281 12442 9933
f 12470 12465 9282
f 12469 9959 12466
f 9959 12469 9958
f 12124 9356 9358
f 12124 9358 12125
f 9356 9357 11404
f 9356 12123 9357
f 7429 7433 7432
f 7429 7432 12249
f 10538 12173 10572
f 12163 12153 10510
f 12163 12107 12153
f 6486 12164 12165
f 6486 12154 12164
f 10506 12163 10510
f 10506 12171 12163
f 10506 10505 12171
f 8064 12459 12462
f 12461 8826 7828
f 12462 12452 10943
f 7828 12452 12461
f 7828 12453 12452
f 10943 12452 12453
f 12453 10973 10943
f 12453 8063 10973
f 10971 10972 10284
f 10971 8077 10972
f 10971 12474 8077
f 10971 12464 12474
f 10968 12464 10971
f 10968 12501 12464
f 10968 8074 12501
f 8075 12473 12500
f 10966 12502 8070
f 8071 12502 12495
f 10966 12495 12502
f 12499 6784 6787
f 12499 10982 6784
f 12499 12498 10982
f 12495 8844 8071
f 12495 10980 8844
f 10759 12306 7327
f 12305 7770 7772
f 7769 12305 12299
f 7769 7770 12305
f 12299 10758 11598
f 12299 7966 7769
f 7759 12291 7760
f 7759 12290 12291
f 7759 7762 12290
f 10742 12292 12289
f 10742 10727 12292
f 10742 10238 10727
f 7652 8065 12460
f 12460 10941 10942
f 10942 10941 7568
f 10942 7568 7652
f 10942 7652 12460
f 10940 8824 8066
f 10940 7568 8824
f 10940 8064 7568
f 10940 8064 12459
f 10940 12459 12463
f 10924 12400 12402
f 10924 12402 7661
f 12402 12403 12404
f 7664 10923 8056
f 10923 12397 8057
f 10923 7664 12397
f 12399 12398 12397
f 12491 6789 6792
f 12487 12489 10977
f 10996 10979 12483
f 12483 10994 10996
f 12483 12766 10994
f 12530 11106 12510
f 12530 12529 11106
f 6864 12544 6869
f 6869 12544 11126
f 11126 11124 6869
f 12268 10673 7357
f 12267 8533 12266
f 12267 8536 8533
f 12268 10234 10673
f 12265 12269 7361
f 6481 12156 6484
f 7927 12152 12155
f 7927 10509 12152
f 10509 7927 7696
f 8057 10930 10923
f 8057 12420 10930
f 8804 12419 12405
f 8804 12420 12419
f 10963 12499 6787
f 10963 12494 12499
f 10963 12490 12494
f 10781 12314 12312
f 10757 12312 12309
f 12312 10757 10781
f 8581 12310 12311
f 12310 8581 8580
f 12308 8579 12302
f 12308 8580 8579
f 12308 12310 8580
f 12309 10756 10757
f 12309 12303 10756
f 8579 12306 12302
f 8579 7327 12306
f 8579 8583 7327
f 12303 10755 10756
f 12303 12307 10755
f 12269 12265 10672
f 10557 12193 12184
f 10554 12188 12189
f 10520 12190 12191
f 10520 12192 12190
f 10529 10520 12191
f 9503 12206 9501
f 9503 12199 12206
f 10552 12202 12198
f 12203 9501 12206
f 12203 12205 9501
f 10564 12224 10560
f 10564 12226 12224
f 12221 10560 12224
f 12221 9515 10560
f 12221 12222 9515
f 10591 12220 12223
f 9531 12230 9546
f 9531 12249 12230
f 10229 12230 12249
f 12229 9546 12230
f 12229 9545 9546
f 12229 10229 10587
f 12229 12230 10229
f 12173 12195 10572
f 12172 7443 12173
f 12172 9482 7443
f 12172 12175 9482
f 12172 10538 12174
f 12172 12173 10538
f 10540 12174 10538
f 10540 9481 12174
f 12160 9484 10472
f 9453 12170 12168
f 9453 6489 12170
f 12186 12167 10519
f 12166 9453 12168
f 12166 9475 9453
f 12166 12187 9475
f 12187 9478 9475
f 12184 10549 10557
f 12184 10517 10549
f 12456 9943 9928
f 12456 12460 9943
f 10590 12247 12227
f 10590 10589 12247
f 10011 12521 12507
f 10011 11093 12521
f 10011 11092 11093
f 12522 11091 8935
f 12562 10094 11129
f 8559 12294 12286
f 8559 7339 12294
f 10725 12284 12285
f 10725 10723 12284
f 12284 12287 12282
f 12284 9641 12287
f 12284 10723 9641
f 12283 8547 8558
f 12283 12288 8547
f 12228 9545 12229
f 12228 12234 9545
f 12233 10587 10586
f 12233 12229 10587
f 12233 10586 10584
f 8459 10584 10573
f 8459 12207 10584
f 8459 8460 12207
f 8459 8461 8460
f 8459 12195 12196
f 8459 10572 12195
f 8459 10574 10572
f 12195 7439 12197
f 12195 7443 7439
f 12195 12173 7443
f 12407 10921 10920
f 10920 12395 12407
f 10935 12441 12443
f 9931 12441 12458
f 9931 9933 12441
f 10934 12457 12440
f 12460 10934 10941
f 12460 12457 10934
f 12458 9928 9929
f 9928 12458 12456
f 10234 12266 10672
f 10234 10672 12265
f 12307 10236 10755
f 10237 12306 10759
f 10237 12301 12306
f 12301 10236 12307
f 12301 10237 10236
f 10245 10758 12304
f 10245 12304 12300
f 12300 12305 10754
f 12300 10754 10246
f 12300 10246 10245
f 10268 12544 6864
f 12544 10268 11126
f 10268 6864 12541
f 10268 12541 12543
f 12543 12542 11125
f 12543 11125 11126
f 12543 11126 10268
f 11105 6838 12520
f 11105 12520 12519
f 12519 12521 11093
f 12519 11093 11092
f 12519 11092 11086
f 11086 11095 11088
f 11088 11105 12519
f 11088 12519 11086
f 11104 12522 6841
f 11091 11087 11094
f 11087 12522 11104
f 11087 11091 12522
f 10963 10974 12486
f 12486 12490 10963
f 10974 12491 12486
f 10974 6789 12491
f 10979 10996 12485
f 10285 12462 10943
f 10282 12497 10981
f 10282 12492 12497
f 10282 12492 12493
f 12493 10982 12498
f 12493 10967 10982
f 12493 10282 10967
f 12495 10966 10967
f 12495 10967 10980
f 10296 11536 12244
f 10296 12244 12245
f 12245 10588 10296
f 10296 12246 10603
f 12246 10296 10588
f 12201 12202 10552
f 12204 12201 10552
f 10301 10521 10523
f 10301 10523 12187
f 10301 12187 12183
f 10300 10301 12183
f 10300 12183 12186
f 10302 10522 10520
f 10302 12185 10522
f 10302 12182 12185
f 12184 10303 10517
f 10303 12182 10302
f 10303 12182 12184
f 12561 10309 11135
f 12561 11135 11131
f 12561 11131 12563
f 12560 10309 12561
f 10309 11130 11134
f 10309 12560 11130
f 12384 8796 8797
f 8796 12384 11738
f 12387 8808 8799
f 12387 12383 8808
f 8974 12589 12576
f 11952 12576 12589
f 12589 8973 12588
f 12589 8974 8973
f 12589 12585 11952
f 12588 8973 9017
f 12587 6914 6910
f 12587 12586 6914
f 12586 12588 11951
f 12586 12611 6914
f 12611 11951 11949
f 12611 12586 11951
f 12610 11945 12625
f 12610 11946 11945
f 6918 12111 12624
f 6918 12610 12111
f 7037 12578 7033
f 7037 12575 12578
f 11902 12572 7037
f 9034 12573 12571
f 11902 12553 12572
f 12571 9032 9034
f 12571 12570 9032
f 12571 12083 12570
f 12387 12388 12385
f 12387 8799 12388
f 12386 11737 11738
f 12386 8044 11737
f 8044 12386 12389
f 12082 7045 7050
f 12550 11900 11901
f 12550 12549 11900
f 12550 12082 12549
f 12147 9364 9365
f 12162 12144 7517
f 12143 9360 9362
f 12145 12162 11461
f 12255 11551 12258
f 9579 12256 12259
f 11552 12257 12258
f 12259 9577 9579
f 9577 12259 12261
f 11754 12415 12411
f 10069 12531 12532
f 10069 12528 12531
f 12527 11810 12531
f 12528 10068 11868
f 12528 10069 10068
f 12525 12548 6858
f 12547 12526 11869
f 12121 11416 11414
f 12121 9359 11416
f 12132 9470 8447
f 9470 12132 11415
f 12122 12131 9357
f 12134 8447 8444
f 12134 12132 8447
f 12135 11405 12133
f 11405 12135 12137
f 8444 12136 12134
f 8444 7510 12136
f 12549 11892 11900
f 12549 10072 11892
f 12569 9270 12566
f 10094 12564 9270
f 12557 12564 10094
f 9301 9580 12254
f 11540 12251 9300
f 9301 12254 11538
f 11538 11540 9300
f 11538 9300 9301
f 9301 12256 9579
f 9301 12253 12256
f 12253 11537 12255
f 9301 11537 12253
f 11598 12296 12299
f 11598 11596 12296
f 7766 12299 12296
f 7766 7966 12299
f 11596 12297 12295
f 11596 10744 12297
f 11596 11599 10744
f 12296 7763 7766
f 7763 11590 11594
f 7763 12296 11590
f 11592 12290 7762
f 11592 12298 12290
f 11592 11591 12298
f 10918 12384 8797
f 10918 12413 12384
f 11753 12382 12414
f 12537 6861 12539
f 12537 6864 6861
f 12537 12541 6864
f 12538 11863 12542
f 12538 11865 11863
f 12538 12540 11865
f 11125 11863 11861
f 11125 12542 11863
f 12576 11132 8974
f 12576 12555 11132
f 12576 11947 12556
f 12576 11952 11947
f 12625 11945 11937
f 12626 12623 12011
f 12624 12626 11256
f 12552 9032 12570
f 12552 9030 9032
f 12552 11898 9030
f 11319 12551 11897
f 11319 12554 12551
f 12551 11127 7045
f 11127 12551 12554
f 11522 12248 12243
f 11522 9524 12248
f 11519 12243 12242
f 12243 11520 11522
f 12243 11519 11520
f 12239 10589 10588
f 12239 12241 10589
f 12240 11519 12242
f 12240 11529 11519
f 12240 12244 11529
f 10588 12245 12239
f 12244 11527 11529
f 12244 11536 11527
f 11536 10603 12252
f 12252 11361 11536
f 12252 12251 11361
f 12251 12252 9562
f 12414 11754 11753
f 12414 12415 11754
f 12559 11131 11135
f 12562 12557 10094
f 12558 11131 12559
f 12558 12563 11131
f 12555 12562 11129
f 12560 11954 11956
f 12560 12556 11954
f 12555 11129 11132
f 12556 11947 11954
f 11253 10264 12622
f 12622 12625 11255
f 12622 11255 11253
f 11254 12623 10264
f 12141 11479 12144
f 12140 11461 12143
f 12142 11479 12141
f 12129 12133 11405
f 12129 11405 11401
f 11403 11402 11295
f 11295 12129 11401
f 11295 11401 11403
f 12128 12640 12129
f 12127 11404 12131
f 11296 11404 12127
f 12295 12298 11591
f 12295 11591 11590
f 12295 11590 11596
f 12296 11596 11590
f 12554 11319 11902
f 12552 11895 11898
f 11895 11319 11898
f 11895 11902 11319
f 11895 12553 11902
f 11895 12552 12553
f 6918 12624 11256
f 11909 12559 11908
f 12526 11377 11869
f 12526 12524 11377
f 12525 11810 12523
f 11868 11380 12528
f 12559 11907 10095
f 12382 11738 12384
f 12382 11753 11738
f 11738 11753 12383
f 12251 11540 11361
f 11533 11361 11538
f 11538 12254 12250
f 12250 12254 11534
f 12250 11534 11533
f 12250 11533 11538
f 12588 11372 11951
f 11373 12587 11953
f 12585 11373 11952
f 11950 11372 12588
f 12049 12145 12140
f 12140 12143 12147
f 12140 12147 12051
f 12140 12051 12049
f 12050 12051 12147
f 12050 12147 12137
f 12050 12137 12135
f 12129 12050 12135
f 12129 12135 12133
f 12123 12119 12127
f 12127 12131 12122
f 12127 12122 12123
f 12119 12123 12124
f 12124 12125 7502
f 12124 7502 12120
f 12124 12120 12119
f 9359 12119 12120
f 12121 12119 9359
f 12121 12126 12119
f 12121 12130 12126
f 12132 12134 12128
f 12051 12136 12146
f 12051 12134 12136
f 12049 12144 12162
f 12049 12141 12144
f 12141 12146 12142
f 12141 12051 12146
f 12141 12049 12051
f 12052 7452 12181
f 12181 12177 12052
f 12175 12172 12053
f 12054 12195 12197
f 12216 12217 12213
f 12210 12055 12212
f 12055 12210 12208
f 12208 12056 12055
f 12056 12208 12238
f 12234 12228 12236
f 12233 12228 12229
f 12235 12228 12233
f 12209 12057 12056
f 12056 12237 12209
f 12211 12057 12209
f 12211 12209 12207
f 12211 12207 8460
f 12058 12196 12195
f 12174 12059 12172
f 12159 12060 12176
f 12176 12180 12159
f 12161 12060 12159
f 12161 12159 12160
f 12270 12275 12272
f 12270 12268 12275
f 12280 12273 12281
f 12061 12288 12283
f 12061 12278 12288
f 12061 12076 12278
f 12283 12062 12061
f 12062 12294 12291
f 12062 12286 12294
f 12062 12283 12286
f 12290 12062 12291
f 12290 12295 12062
f 12295 12290 12298
f 12300 12299 12305
f 12307 12063 12301
f 12063 12303 12309
f 12063 12307 12303
f 12309 12064 12063
f 12064 12316 12318
f 12064 12314 12316
f 12064 12312 12314
f 12064 12309 12312
f 12318 12065 12064
f 12065 12323 8609
f 12065 12324 12323
f 12065 12320 12324
f 12065 12318 12320
f 12066 12339 12338
f 12066 12336 12339
f 12332 12327 12331
f 12332 12333 12327
f 12333 12332 12335
f 12338 12344 12066
f 12344 12351 12353
f 12344 12342 12351
f 12344 12338 12342
f 12344 12349 12348
f 12355 12067 12347
f 12067 12363 12365
f 12067 12361 12363
f 12067 12359 12361
f 12067 12357 12359
f 12067 12355 12357
f 12365 12068 12067
f 12068 12370 12373
f 12068 12369 12370
f 12068 12368 12369
f 12068 12365 12368
f 12373 12069 12068
f 12069 12377 12378
f 12069 12376 12377
f 12069 12375 12376
f 12069 12373 12375
f 12378 12379 12069
f 7267 12069 12379
f 12372 12070 12069
f 12069 7267 7270
f 12069 7270 12374
f 12069 12374 12372
f 12364 12071 12070
f 12070 12372 12371
f 12070 12371 12366
f 12070 12366 12367
f 12070 12367 12364
f 12354 12072 12071
f 12071 12364 12362
f 12071 12362 12360
f 12071 12360 12358
f 12071 12358 12356
f 12071 12356 12354
f 12337 12073 12343
f 12343 12352 12350
f 12343 12350 12341
f 12343 12341 12340
f 12343 12340 12337
f 12345 12346 12343
f 12336 12073 12337
f 12336 12337 9715
f 12329 12638 12333
f 12333 12334 12330
f 12333 12330 12329
f 12317 12074 12328
f 12328 12325 12321
f 12328 12321 12322
f 12328 12322 12319
f 12328 12319 12317
f 12308 12063 12074
f 12074 12317 12315
f 12074 12315 12313
f 12074 12313 12311
f 12074 12311 12310
f 12074 12310 12308
f 12301 12063 12308
f 12301 12308 12302
f 12301 12302 12306
f 12300 12304 12299
f 12289 12075 12295
f 12295 12297 12289
f 12282 12061 12075
f 12075 12289 12292
f 12075 12292 12293
f 12075 12293 12285
f 12075 12285 12284
f 12075 12284 12282
f 12061 12282 12287
f 12061 12287 12279
f 12061 12279 12277
f 12061 12277 12276
f 12061 12276 12076
f 12267 12268 12270
f 12270 12271 12274
f 12270 12274 12267
f 10234 12268 12267
f 10234 12267 12266
f 12418 12114 12422
f 12418 12422 12417
f 12425 9889 12114
f 12427 12430 12431
f 12427 12431 12426
f 12077 12438 12436
f 12077 12436 12435
f 12077 12435 12078
f 12077 12437 12438
f 12077 12434 12437
f 12077 12078 12434
f 12427 12429 12428
f 12427 12426 12429
f 12423 12425 12114
f 12426 12424 9887
f 12114 12421 12423
f 12114 12418 12421
f 12627 12090 12634
f 12634 12632 12627
f 12089 12090 12627
f 12089 12627 12621
f 12089 12621 12619
f 12615 12089 12619
f 12607 12079 12612
f 12612 12617 12618
f 12612 12618 12607
f 12596 12079 12607
f 12596 12607 12605
f 12596 12605 12600
f 12596 12595 12592
f 12080 12603 12598
f 12598 12609 12590
f 12598 12590 12584
f 12598 12584 12086
f 12598 12086 12080
f 12081 12086 12584
f 12081 12584 12583
f 12081 12583 12581
f 12081 12581 12579
f 12577 12081 12579
f 12575 12084 12578
f 12083 12084 12575
f 12083 12575 12572
f 12553 12083 12572
f 10072 12082 7050
f 12082 10072 12549
f 12551 12082 12550
f 12083 12552 12570
f 12084 12573 12574
f 12084 12571 12573
f 12084 12083 12571
f 12574 12578 12084
f 12086 12580 12582
f 12086 12085 12580
f 12582 12087 12086
f 12087 12597 12602
f 12597 12582 12608
f 12597 12087 12582
f 12599 12088 12594
f 12088 12604 12606
f 12088 12599 12604
f 12591 12593 12594
f 12606 12616 12088
f 12614 12089 12613
f 12620 12089 12614
f 12620 12090 12089
f 12090 12620 12631
f 12519 12508 12507
f 12519 12507 12521
f 12093 12518 12517
f 12093 12517 12515
f 12093 12515 12513
f 12093 12513 12511
f 12093 12511 12529
f 12528 12092 12531
f 12538 12091 12092
f 12092 12528 12524
f 12524 12526 12547
f 12524 12547 12546
f 12524 12546 12540
f 12524 12540 12538
f 12524 12538 12092
f 12543 12091 12538
f 12543 12538 12542
f 12091 12541 12537
f 12537 12092 12091
f 12092 12523 12527
f 12523 12548 12525
f 12523 12545 12548
f 12523 12539 12545
f 12523 12537 12539
f 12523 12092 12537
f 12531 12092 12527
f 12093 12529 12530
f 12530 12094 12093
f 12094 12514 12516
f 12094 12512 12514
f 12094 12510 12512
f 12094 12530 12510
f 12516 12522 12094
f 12118 12520 6838
f 12095 12481 12480
f 12095 12480 12472
f 12465 12470 12468
f 12468 12095 12472
f 12468 12465 12472
f 12505 12506 12476
f 12476 12474 12464
f 12476 12464 12501
f 12476 12501 12505
f 12494 12096 12493
f 12493 12498 12499
f 12493 12499 12494
f 12096 12494 12490
f 12096 12490 12486
f 12486 12491 12488
f 12486 12488 12482
f 12486 12482 12097
f 12486 12097 12096
f 12099 12489 12487
f 12099 12485 12489
f 12485 12483 10979
f 12485 12098 12483
f 12098 12485 12099
f 12487 12492 12099
f 12492 12496 12497
f 12492 12487 12496
f 12500 12475 12504
f 12475 12500 12473
f 12101 12471 12481
f 12101 12466 12471
f 12466 12467 12469
f 12466 12100 12467
f 12466 12101 12100
f 12462 12459 12452
f 12102 12460 12456
f 12458 12102 12456
f 12458 12441 12102
f 12442 12449 12441
f 12117 12446 12445
f 12117 12450 12446
f 12448 12117 12445
f 12448 12451 12117
f 12451 6760 12447
f 12451 12447 12117
f 12450 12117 12444
f 12443 12441 7662
f 12102 12441 12440
f 12102 12440 12457
f 12460 12102 12457
f 12459 12463 12461
f 12461 12452 12459
f 12413 12103 12382
f 12382 12384 12413
f 12408 12103 12413
f 12408 12413 12412
f 12408 12412 12410
f 12408 12407 12395
f 12399 12405 12419
f 12419 12420 8057
f 8057 12397 12419
f 12408 12738 12406
f 12408 12395 12738
f 12409 12103 12408
f 12103 12415 12414
f 12103 12411 12415
f 12103 12409 12411
f 12414 12382 12103
f 12116 12387 12385
f 12116 12383 12387
f 12264 6538 12260
f 12264 12260 12262
f 12264 12262 12261
f 12253 12261 12259
f 12253 12259 12256
f 12246 12252 10603
f 12240 12109 12245
f 12245 12244 12240
f 12104 12109 12240
f 12104 12240 12242
f 12104 12242 12243
f 12104 12243 12248
f 12104 12248 12222
f 12104 12222 12221
f 12201 12104 12221
f 12201 12221 12224
f 12201 12224 12226
f 12205 12203 12201
f 12205 12201 12226
f 12105 12201 12203
f 12105 12203 12206
f 12105 12206 12199
f 12105 12199 12191
f 12105 12191 12190
f 12182 12105 12190
f 12182 12190 12192
f 12182 12192 12194
f 12182 12194 12185
f 12166 12108 12183
f 12183 12187 12166
f 12107 12108 12166
f 12107 12166 12168
f 12107 12168 12170
f 12107 12170 12165
f 12107 12165 12164
f 12106 12107 12164
f 12106 12164 12154
f 12106 12154 12156
f 12106 12156 12158
f 12148 12106 12158
f 12148 12150 12139
f 12151 12106 12148
f 12106 12151 12157
f 12138 12139 6473
f 12138 12148 12139
f 12148 12138 12149
f 12157 12107 12106
f 12107 12152 12153
f 12107 12155 12152
f 12107 12157 12155
f 12163 12108 12107
f 12108 12167 12186
f 12108 12169 12167
f 12108 12171 12169
f 12108 12163 12171
f 12105 12193 12189
f 12105 12184 12193
f 12188 12105 12189
f 12188 12201 12105
f 12201 12198 12202
f 12201 12200 12198
f 12201 12188 12200
f 12201 12223 12220
f 12201 12225 12223
f 12201 12204 12225
f 12109 12247 12241
f 12109 12227 12247
f 12109 12220 12227
f 12239 12109 12241
f 12239 12245 12109
f 12255 12115 12253
f 12115 12258 12257
f 12115 12255 12258
f 12257 12263 12115
f 12263 12257 6534
f 12111 12626 12624
f 12586 12587 12585
f 12585 12589 12586
f 12556 12555 12576
f 12555 12556 12560
f 12555 12560 12561
f 12561 12563 12558
f 12561 12558 12112
f 12561 12112 12555
f 12565 12112 12558
f 12559 10095 12565
f 12565 12558 12559
f 12565 10095 12568
f 12564 12562 12113
f 12564 12557 12562
f 12566 12567 12564
f 12562 12555 12113
f 12588 12586 12589
f 12111 12610 12625
f 12622 12111 12625
f 12111 12623 12626
f 12111 12622 12623
f 12328 12065 8609
f 12328 8609 12638
f 8179 8137 10209
f 12035 11524 12032
f 11524 12033 12032
f 12503 8071 7569
f 12503 12502 8071
f 6557 6561 6560
f 12696 6556 6557
f 6557 6560 12696
f 6558 9602 6559
f 9602 12689 12687
f 12688 6558 12686
f 6558 12689 9602
f 6558 12690 12689
f 6558 12688 12690
f 12733 6736 6737
f 12760 6754 11766
f 6754 6757 6756
f 6754 12760 6757
f 6796 6799 12766
f 12797 6849 11084
f 6849 6848 6846
f 6849 12797 6848
f 6904 12903 6907
f 12825 7081 7085
f 7081 7080 7077
f 12826 7081 12825
f 7081 12826 7080
f 12729 8028 12732
f 12729 12714 8028
f 12729 12730 12714
f 12729 12731 12730
f 12730 6737 8030
f 6737 12729 12732
f 6737 12731 12729
f 6737 12730 12731
f 12733 8028 8045
f 12733 12732 8028
f 6737 12732 12733
f 7070 7067 7069
f 12889 7071 7070
f 7070 7069 12889
f 12902 12901 9063
f 7872 12901 12902
f 6753 8804 12736
f 8884 12776 12779
f 12788 8882 12790
f 12788 8253 8882
f 12787 12789 6818
f 8880 6818 6823
f 8880 12787 6818
f 12785 6820 8881
f 12785 6822 6820
f 12785 12786 6822
f 12784 12783 8895
f 6822 12786 12794
f 8905 12794 12792
f 12794 8905 8907
f 12791 8891 12806
f 12791 8893 8891
f 12792 8904 8905
f 12792 12807 8904
f 8891 12804 12806
f 12804 8891 11057
f 12795 12797 11084
f 6848 12796 8896
f 12829 10064 8964
f 12873 11123 12888
f 12873 6873 6872
f 12888 11123 8968
f 12888 6873 12873
f 8810 12759 11766
f 12760 8819 6757
f 12760 12758 8819
f 12887 8984 12897
f 12887 8983 8984
f 12887 8986 8983
f 12887 12897 6877
f 12897 8984 8981
f 8787 8143 12726
f 8143 8780 8266
f 8143 8787 8780
f 12871 8248 8962
f 8248 8961 8963
f 8248 12871 8961
f 8239 12823 8935
f 8239 12824 12823
f 8239 12822 12824
f 12822 8250 8931
f 12822 8239 8250
f 8895 12783 8257
f 12785 8253 12783
f 8253 12785 8881
f 12783 8253 12788
f 12787 8880 8257
f 8819 12755 8818
f 12755 8819 12757
f 12752 12751 8818
f 12727 8782 8783
f 12727 8783 12725
f 12728 8776 8786
f 12728 8786 12724
f 9603 9602 12687
f 12845 7080 12826
f 12779 11773 9973
f 12821 11096 12800
f 12821 10010 11096
f 10009 8903 8900
f 10009 12821 8903
f 12818 10006 8934
f 12818 10008 10006
f 12796 11080 10000
f 11080 12796 12811
f 12809 8956 11085
f 12809 8954 8956
f 12809 12815 8954
f 12814 12816 9994
f 12815 8967 8954
f 9995 12814 9994
f 9995 12828 12814
f 12828 8967 12815
f 12828 8966 8967
f 12852 10064 12829
f 12852 10063 10064
f 12852 12851 10063
f 12852 6865 12850
f 12852 6859 6865
f 12852 12829 6859
f 10063 12851 8962
f 12850 10059 12872
f 10058 12872 10059
f 10058 8972 12872
f 10057 12827 12849
f 12849 12827 6876
f 12848 12846 10052
f 12848 7854 12847
f 12848 6876 7854
f 12750 8810 8811
f 12751 12746 9885
f 12749 8810 12750
f 12847 7650 7853
f 12847 7854 7650
f 8239 10010 12820
f 8239 12820 12817
f 12817 12818 8934
f 12817 8934 8933
f 12817 8933 8250
f 12817 8250 8239
f 10047 9233 12842
f 12842 12825 10049
f 12842 10049 10047
f 12843 12844 12842
f 10046 12839 9236
f 12839 10048 12837
f 12839 10046 10048
f 12839 12841 12840
f 12821 10009 9274
f 9274 10010 12821
f 12819 9274 10008
f 12819 10010 9274
f 9276 9984 9981
f 9276 9979 9981
f 9979 8884 12779
f 9275 9276 9979
f 9275 9979 12779
f 9276 9980 9983
f 9276 9978 9980
f 9978 12781 9982
f 9978 12778 12781
f 12778 9275 12780
f 9275 9978 9276
f 9275 12778 9978
f 9595 9311 12680
f 12680 12685 9604
f 12680 9604 9595
f 12683 9594 12679
f 9994 9997 9995
f 9994 12813 9997
f 12813 9994 12816
f 10215 12809 11085
f 12766 11002 10994
f 11002 12764 12765
f 11002 12766 12764
f 12654 6802 12763
f 12654 12766 6802
f 11057 12802 12804
f 8937 12805 12803
f 11074 12802 11057
f 11074 12799 12802
f 11073 8888 12801
f 11096 10273 12800
f 12800 10273 11097
f 12696 10655 6556
f 12696 12698 10655
f 12696 12697 12698
f 12696 12672 12697
f 12699 6562 10662
f 12699 6560 6562
f 6560 12667 12672
f 6560 12699 12667
f 11111 12864 11112
f 12808 12810 11084
f 12809 11079 12811
f 11084 12810 12673
f 12808 8930 9998
f 12808 11084 8930
f 12894 12895 11144
f 12894 9023 12896
f 9065 12894 12900
f 12894 9065 9023
f 11144 12900 12894
f 12900 11144 11136
f 12900 9064 9065
f 12900 12902 9064
f 12702 10890 12704
f 10893 12702 12704
f 10892 12705 12723
f 10892 12709 12705
f 10892 12706 12709
f 10892 12708 12706
f 12705 12707 12710
f 12705 12706 12707
f 12705 12709 12706
f 12710 10914 12723
f 12710 10890 10914
f 12710 12707 10890
f 12724 12723 10914
f 12846 11114 10052
f 12846 12863 11114
f 10051 11113 12863
f 10051 10054 11113
f 7861 11136 11140
f 7861 12900 11136
f 12900 7873 12902
f 12900 7861 7873
f 9063 12899 11961
f 9063 12901 12899
f 12899 7861 11137
f 12899 7872 7861
f 12899 12901 7872
f 10215 11079 12809
f 9996 9997 12812
f 12812 12808 9998
f 12812 9998 9996
f 10890 12702 9278
f 10891 9278 12702
f 11073 12798 11074
f 11073 12801 12798
f 10893 12704 10900
f 12704 10890 12707
f 12704 12708 10900
f 11145 10310 12893
f 12893 12892 11145
f 11144 12893 10310
f 12893 11144 12895
f 6854 6852 11810
f 8029 12730 8030
f 8029 12722 12730
f 8029 11734 12722
f 8029 11733 11734
f 12880 11873 11877
f 11873 12883 12890
f 11873 12880 12883
f 12890 12883 8124
f 8115 12860 12882
f 8115 8116 12860
f 12879 8124 12883
f 12879 7856 8124
f 12859 8116 7850
f 8116 12859 12860
f 12881 12858 11828
f 12881 12652 12858
f 11828 12858 12836
f 12859 10050 12835
f 12859 7850 10050
f 12904 11731 11730
f 11731 12720 12721
f 11731 12904 12720
f 7651 11845 11846
f 7651 11846 12864
f 7651 12864 11844
f 12774 11770 11772
f 11768 6809 6813
f 11768 12769 6809
f 12771 12782 12677
f 12782 12771 11767
f 11773 12782 11767
f 12776 8855 12777
f 12776 8884 8855
f 12717 8787 12726
f 12717 8023 8787
f 12717 12718 8023
f 12714 8027 8028
f 12714 11727 8027
f 11873 12890 8989
f 9602 12678 12695
f 9602 9603 12678
f 12695 11564 12694
f 12695 12679 11564
f 12695 12671 12679
f 12695 12678 12671
f 9602 11566 6565
f 9602 12694 11566
f 9602 12695 12694
f 12694 9612 11566
f 12694 9611 9612
f 9611 12692 12701
f 9611 12691 12692
f 9611 12668 12691
f 9611 12694 12668
f 12692 12694 12693
f 12692 12668 12694
f 12692 12691 12668
f 10050 12838 12835
f 12836 11817 11828
f 12836 12837 11817
f 12836 12835 12837
f 11819 10048 8114
f 11819 12837 10048
f 11819 11817 12837
f 9019 12886 12885
f 11779 12765 12762
f 11779 11002 12765
f 11787 12762 12774
f 11787 11779 12762
f 11787 11337 11779
f 12872 8971 12866
f 12871 12868 11860
f 12870 12866 11858
f 12869 11859 12867
f 12869 11124 11859
f 8970 12866 8971
f 12864 12863 11113
f 12863 11846 11840
f 12863 12864 11846
f 11844 7866 7651
f 11844 12862 7866
f 12861 11111 11110
f 12861 12864 11111
f 7865 12862 12884
f 7865 7866 12862
f 12891 11834 12892
f 12891 11835 11834
f 12891 12896 11146
f 12892 11834 11831
f 11961 12899 12898
f 11134 12899 11137
f 11134 12898 12899
f 12898 12903 9115
f 12898 11960 12903
f 12898 11375 11960
f 12903 11957 6907
f 12903 11960 11957
f 12863 11840 11838
f 9022 12886 9019
f 9022 12884 12886
f 9022 7865 12884
f 12884 11843 12885
f 12884 11837 11843
f 11146 12885 12891
f 11146 9019 12885
f 11828 11315 12876
f 12876 12881 11828
f 11871 11323 11870
f 11871 12874 11323
f 12874 11871 12879
f 12874 12880 12875
f 11837 12861 11334
f 12867 11377 12865
f 11377 11867 11869
f 11377 11865 11867
f 11377 11863 11865
f 11377 11861 11863
f 11377 11859 11861
f 11377 11859 12867
f 11380 11868 11866
f 11380 11866 11864
f 11380 11864 11862
f 11380 11862 11860
f 11380 11860 12868
f 11380 12865 12868
f 12866 8970 11858
f 11836 11335 12861
f 12768 12769 11768
f 12768 11768 11767
f 12767 11767 12771
f 12694 11564 11357
f 11567 12694 11357
f 11959 11375 12898
f 12518 12823 12517
f 12822 12832 12657
f 12822 8931 12832
f 12834 12517 12823
f 12834 12515 12517
f 12834 12833 12515
f 12405 12734 8804
f 12405 12742 12734
f 12853 12532 12856
f 12531 10071 12532
f 12531 6852 10071
f 12532 10071 12856
f 12748 12750 9869
f 12748 9869 12409
f 12406 12748 12408
f 12748 12406 12747
f 8958 8957 12855
f 11103 12855 8957
f 11103 12857 12855
f 12854 11102 8955
f 12529 10071 11106
f 11124 6872 6869
f 11124 12869 6872
f 6872 12869 12873
f 12870 11123 12873
f 12739 12400 12737
f 12746 12661 12737
f 12737 12400 10924
f 11810 6852 12531
f 12532 12853 12854
f 12877 12882 12860
f 12840 12835 12838
f 12837 12835 12839
f 12836 12859 12835
f 12836 12858 12859
f 12858 12652 12859
f 12881 12876 12652
f 12883 12880 12879
f 12896 12893 12894
f 12896 12891 12893
f 12885 12886 12884
f 12846 12847 10051
f 12847 12846 12848
f 12863 12846 10051
f 12861 12862 12864
f 12893 12891 12892
f 12895 12894 12893
f 12856 10071 12529
f 12857 12856 12529
f 12834 12657 12857
f 12857 12529 12831
f 12857 12831 12833
f 12857 12833 12834
f 12824 12657 12834
f 12824 12834 12823
f 12653 12821 12800
f 12792 12656 12653
f 12653 12800 12803
f 12653 12803 12805
f 12653 12805 12807
f 12653 12807 12792
f 12656 12792 12794
f 12656 12794 12786
f 12656 12786 12785
f 12656 12785 12783
f 12778 12783 12788
f 12778 12788 12790
f 12778 12790 12781
f 12776 12677 12779
f 12767 12677 12776
f 12767 12776 12777
f 12767 12777 12772
f 12774 12655 12770
f 12764 12654 12655
f 12655 12774 12762
f 12655 12762 12765
f 12655 12765 12764
f 12766 12654 12764
f 12655 12775 12773
f 12655 12761 12775
f 12655 12763 12761
f 12655 12654 12763
f 12773 12768 12655
f 12768 12773 12769
f 12771 12677 12767
f 12782 12779 12677
f 12780 12783 12778
f 12783 12789 12787
f 12783 12780 12789
f 12656 12793 12791
f 12656 12784 12793
f 12656 12783 12784
f 12791 12798 12656
f 12798 12802 12799
f 12798 12804 12802
f 12798 12806 12804
f 12798 12791 12806
f 12821 12798 12801
f 12817 12819 12818
f 12857 12830 12855
f 12857 12832 12830
f 12857 12657 12832
f 12853 12857 12854
f 12857 12853 12856
f 12759 12659 12658
f 12658 12760 12759
f 12756 8810 12753
f 12660 12749 12750
f 12660 12750 12748
f 12748 12747 12661
f 12748 12661 12660
f 12661 12747 12738
f 12661 12738 12396
f 12396 12741 12662
f 12396 12662 12661
f 12735 12736 12662
f 12662 12741 12735
f 12739 12662 12740
f 12662 12737 12661
f 12662 12739 12737
f 12663 12746 12751
f 12746 12663 12661
f 12758 12658 12664
f 12658 12758 12760
f 12720 12730 12722
f 12666 12727 12725
f 12666 12724 12727
f 12699 12649 12667
f 12701 12649 12700
f 12701 12692 12649
f 12687 12689 12684
f 12684 9603 12681
f 12681 9603 12687
f 12683 12688 12686
f 12683 12686 12685
f 12693 12698 12649
f 12649 12692 12693
f 12698 12697 12649
f 12676 12873 12869
f 12676 12869 12867
f 12676 12867 12865
f 12865 12868 12871
f 12865 12871 12872
f 12865 12872 12676
f 12871 12851 12850
f 12871 12850 12872
f 12851 12852 12850
f 12809 12674 12815
f 12674 12809 12811
f 12811 12796 12673
f 12811 12673 12674
f 12796 6848 12797
f 12796 12797 12673
f 12795 12673 12797
f 12674 12810 12808
f 12810 12674 12673
f 12675 12816 12814
f 12675 12813 12816
f 12675 12812 12813
f 12812 12674 12808
f 12674 12812 12675
f 12814 12828 12675
f 12676 12866 12870
f 12866 12676 12872
f 12870 12873 12676
f 12712 12713 12711
f 12713 12665 12711
f 12711 12665 12719
f 12666 12717 12726
f 12666 12726 12728
f 12728 12724 12666
f 12904 12714 12720
f 12745 12743 12662
f 12744 12745 12662
f 12734 12744 12662
f 12736 12734 12662
f 60 92 93
f 67 93 98
f 71 98 94
f 82 94 95
f 91 95 100
f 13 100 96
f 20 96 101
f 26 101 97
f 32 97 102
f 42 102 92
f 94 98 99
f 95 99 100
f 49 103 104
f 50 104 105
f 3 105 106
f 5 106 138
f 1 107 108
f 46 108 109
f 51 109 110
f 52 110 103
f 103 111 112
f 104 112 113
f 105 113 106
f 107 114 115
f 108 115 116
f 109 116 117
f 103 110 117
f 136 135 127
f 137 136 128
f 138 137 119
f 139 107 1
f 140 139 124
f 141 140 129
f 135 141 130
f 143 142 135
f 144 143 136
f 145 144 137
f 146 114 107
f 147 146 139
f 148 147 140
f 148 141 135
f 158 157 151
f 157 161 160
f 163 162 158
f 168 161 162
f 170 172 171
f 173 172 170
f 172 175 174
f 176 175 172
f 196 176 173
f 179 178 177
f 178 182 181
f 183 182 178
f 184 183 179
f 186 190 191
f 188 187 191
f 189 188 192
f 192 191 194
f 195 203 171
f 176 196 195
f 180 205 204
f 197 205 177
f 180 204 199
f 185 199 198
f 185 198 197
f 188 207 158
f 187 158 209
f 188 208 207
f 186 209 202
f 193 200 208
f 190 202 194
f 193 201 200
f 212 218 211
f 220 219 212
f 218 222 221
f 223 269 219
f 224 223 219
f 222 228 225
f 229 228 222
f 226 229 223
f 231 228 229
f 233 235 234
f 236 235 233
f 235 239 238
f 240 239 235
f 241 240 236
f 244 243 242
f 243 247 246
f 248 247 243
f 249 248 244
f 251 255 256
f 253 252 256
f 254 253 257
f 257 256 255
f 259 260 233
f 262 259 234
f 237 260 261
f 240 261 262
f 244 263 264
f 265 263 242
f 245 264 266
f 249 266 250
f 252 267 268
f 251 268 269
f 258 270 267
f 255 269 270
f 273 279 272
f 281 280 273
f 282 281 273
f 279 284 283
f 286 285 281
f 291 284 285
f 293 295 294
f 296 295 293
f 295 299 298
f 300 299 295
f 301 300 296
f 305 304 302
f 306 305 303
f 308 312 313
f 310 309 313
f 311 310 314
f 314 313 312
f 293 316 297
f 317 315 294
f 297 316 318
f 318 317 298
f 319 320 303
f 321 319 302
f 307 322 321
f 309 323 280
f 308 280 324
f 312 324 322
f 334 333 327
f 333 337 336
f 339 338 334
f 344 337 338
f 349 348 346
f 371 349 347
f 352 351 350
f 351 355 354
f 356 355 351
f 357 356 352
f 359 360 361
f 362 359 361
f 360 364 365
f 362 361 365
f 363 362 366
f 366 365 364
f 333 369 347
f 368 333 346
f 370 368 346
f 349 370 348
f 349 371 374
f 353 372 373
f 374 372 350
f 353 373 375
f 358 375 374
f 359 376 377
f 362 378 376
f 360 377 379
f 367 380 378
f 364 379 380
f 384 389 382
f 391 390 384
f 389 393 392
f 394 435 390
f 395 394 390
f 397 399 394
f 401 393 399
f 405 404 403
f 404 408 407
f 409 408 404
f 410 409 405
f 414 413 411
f 416 417 418
f 417 421 422
f 419 418 422
f 420 419 423
f 425 426 406
f 428 425 403
f 406 426 427
f 409 427 428
f 412 430 432
f 416 434 390
f 416 390 433
f 417 433 435
f 424 436 434
f 422 435 436
f 441 439 438
f 439 446 445
f 447 446 439
f 448 447 441
f 446 450 449
f 446 451 450
f 452 500 447
f 453 452 447
f 457 450 451
f 455 457 452
f 459 450 457
f 463 462 461
f 462 466 465
f 467 466 462
f 468 467 463
f 470 469 466
f 471 473 472
f 474 473 471
f 473 477 476
f 478 477 473
f 479 478 474
f 481 485 486
f 483 482 486
f 484 483 487
f 487 486 485
f 489 490 463
f 491 489 461
f 464 490 492
f 493 491 465
f 470 492 493
f 471 495 475
f 496 494 472
f 475 495 497
f 482 499 498
f 481 498 500
f 488 501 499
f 485 500 501
f 510 509 503
f 509 513 512
f 518 553 510
f 514 518 510
f 520 513 518
f 524 523 522
f 523 527 526
f 528 527 523
f 529 528 524
f 527 530 526
f 534 533 531
f 538 535 536
f 535 539 540
f 537 536 540
f 538 537 541
f 541 540 539
f 543 544 524
f 546 543 522
f 525 544 545
f 530 545 546
f 549 547 531
f 532 548 550
f 534 550 549
f 535 552 551
f 535 551 553
f 542 554 552
f 539 553 554
f 558 557 556
f 557 564 563
f 610 564 557
f 565 610 558
f 566 565 558
f 564 568 567
f 570 569 565
f 575 568 569
f 577 579 578
f 580 579 577
f 579 583 582
f 584 583 579
f 585 584 580
f 590 589 586
f 591 590 587
f 593 597 598
f 595 594 598
f 596 595 599
f 599 598 601
f 577 603 581
f 604 602 578
f 581 603 605
f 584 605 604
f 606 607 587
f 608 606 586
f 588 607 609
f 594 611 610
f 593 610 612
f 600 613 611
f 597 612 601
f 616 622 615
f 623 664 616
f 624 623 616
f 622 626 625
f 628 627 623
f 633 626 627
f 637 636 635
f 636 640 639
f 641 640 636
f 642 641 637
f 643 639 640
f 648 647 645
f 649 653 654
f 651 650 654
f 652 651 655
f 655 654 653
f 656 657 637
f 658 656 635
f 638 657 659
f 643 659 662
f 643 662 658
f 660 661 645
f 662 660 644
f 646 661 663
f 650 665 664
f 649 664 666
f 653 666 668
f 678 676 670
f 678 677 676
f 676 681 680
f 677 688 681
f 677 682 688
f 684 683 678
f 681 688 685
f 689 688 682
f 686 689 683
f 691 688 689
f 695 694 693
f 694 698 697
f 699 698 694
f 700 699 695
f 702 701 698
f 705 704 703
f 704 708 707
f 709 708 704
f 710 709 705
f 712 711 708
f 714 718 719
f 716 715 719
f 717 716 720
f 720 719 718
f 722 723 693
f 724 722 693
f 696 723 725
f 726 724 697
f 702 725 726
f 705 727 728
f 729 727 703
f 706 728 730
f 731 729 711
f 712 730 732
f 712 732 731
f 715 678 733
f 714 733 735
f 721 736 734
f 721 737 736
f 718 735 737
f 740 746 739
f 747 789 740
f 748 747 740
f 746 750 749
f 751 756 747
f 752 751 747
f 754 756 751
f 758 750 756
f 760 762 761
f 763 762 760
f 762 766 765
f 767 766 762
f 768 767 763
f 773 772 770
f 775 774 777
f 776 775 778
f 760 781 763
f 780 760 761
f 782 780 761
f 764 781 783
f 769 782 765
f 786 784 770
f 771 785 787
f 773 787 788
f 773 788 772
f 774 790 789
f 774 789 791
f 779 792 790
f 779 793 792
f 777 791 793
f 804 796 795
f 796 802 801
f 796 803 802
f 804 803 796
f 802 807 806
f 803 808 807
f 810 809 804
f 807 814 811
f 815 814 808
f 812 815 809
f 817 814 815
f 821 820 819
f 822 821 841
f 820 824 823
f 825 824 820
f 826 825 822
f 826 827 824
f 829 831 830
f 847 831 829
f 833 836 837
f 835 834 837
f 838 837 839
f 842 840 819
f 822 841 843
f 843 842 827
f 844 845 829
f 846 844 828
f 833 848 850
f 838 851 849
f 836 850 839
f 854 861 853
f 861 860 859
f 863 862 854
f 860 865 864
f 861 866 865
f 867 907 862
f 868 867 862
f 865 872 869
f 873 872 866
f 870 873 867
f 875 872 873
f 879 878 877
f 878 881 880
f 882 881 878
f 883 882 879
f 889 888 885
f 890 889 886
f 893 892 894
f 896 897 879
f 898 896 877
f 900 898 884
f 884 899 900
f 886 901 902
f 903 901 885
f 887 902 904
f 890 904 903
f 891 905 906
f 892 906 907
f 895 908 905
f 894 907 908
f 917 916 910
f 916 920 919
f 922 921 917
f 924 926 921
f 928 920 926
f 932 931 930
f 931 934 933
f 935 934 931
f 939 938 937
f 938 942 941
f 943 942 938
f 944 943 939
f 947 946 949
f 948 947 950
f 952 953 932
f 954 952 930
f 936 954 933
f 956 957 939
f 958 956 937
f 940 957 959
f 945 959 960
f 945 960 958
f 946 961 962
f 947 963 961
f 946 962 964
f 951 965 963
f 951 966 965
f 949 964 966
f 970 975 968
f 977 976 970
f 975 979 978
f 980 985 976
f 981 980 976
f 983 985 980
f 987 979 985
f 991 990 989
f 990 994 993
f 995 994 990
f 996 995 992
f 999 998 997
f 998 1002 1001
f 1003 1002 998
f 1017 1003 1000
f 1007 1006 1008
f 1010 1011 991
f 1012 1010 989
f 992 1011 1013
f 1013 1012 993
f 999 1014 1015
f 1016 1014 997
f 1000 1015 1017
f 1004 1017 1021
f 1005 1018 1019
f 1006 1019 1020
f 1009 1021 1018
f 1008 1020 1021
f 1030 1029 1023
f 1029 1033 1032
f 1035 1034 1030
f 1040 1033 1034
f 1044 1043 1042
f 1047 1046 1043
f 1048 1047 1044
f 1051 1050 1049
f 1050 1053 1052
f 1054 1053 1050
f 1067 1054 1051
f 1057 1056 1058
f 1060 1061 1042
f 1062 1060 1042
f 1045 1061 1063
f 1063 1062 1046
f 1066 1064 1049
f 1054 1067 1053
f 1056 1055 1068
f 1056 1068 1070
f 1059 1071 1069
f 1058 1070 1071
f 1074 1080 1073
f 1081 1127 1074
f 1082 1081 1074
f 1080 1084 1083
f 1085 1129 1081
f 1086 1085 1081
f 1091 1084 1085
f 1093 1095 1094
f 1096 1095 1093
f 1095 1098 1097
f 1099 1098 1095
f 1122 1099 1096
f 1100 1102 1101
f 1103 1102 1100
f 1102 1106 1105
f 1107 1106 1102
f 1108 1107 1103
f 1111 1114 1115
f 1112 1111 1115
f 1113 1112 1116
f 1116 1115 1118
f 1093 1080 1120
f 1121 1119 1094
f 1099 1121 1098
f 1100 1124 1104
f 1125 1123 1101
f 1104 1124 1126
f 1107 1126 1125
f 1112 1128 1109
f 1110 1127 1129
f 1117 1130 1128
f 1114 1129 1118
f 1133 1140 1132
f 1140 1139 1138
f 1141 1192 1133
f 1142 1141 1133
f 1139 1144 1143
f 1140 1145 1144
f 1147 1146 1141
f 1148 1147 1141
f 1144 1145 1149
f 1152 1155 1145
f 1150 1152 1147
f 1145 1155 1154
f 1154 1155 1152
f 1160 1159 1158
f 1161 1160 1157
f 1159 1163 1162
f 1164 1163 1159
f 1186 1164 1161
f 1186 1165 1163
f 1166 1168 1167
f 1169 1168 1166
f 1168 1172 1171
f 1173 1172 1168
f 1174 1173 1169
f 1175 1171 1172
f 1176 1179 1180
f 1177 1176 1180
f 1178 1177 1181
f 1181 1180 1179
f 1183 1184 1157
f 1185 1183 1158
f 1161 1184 1186
f 1165 1185 1162
f 1187 1188 1170
f 1189 1187 1167
f 1170 1188 1190
f 1175 1190 1191
f 1175 1191 1189
f 1176 1193 1192
f 1176 1192 1194
f 1182 1195 1193
f 1181 1196 1195
f 1179 1194 1196
f 1205 1204 1198
f 1204 1208 1207
f 1204 1209 1208
f 1210 1254 1205
f 1211 1210 1205
f 1215 1208 1209
f 1213 1215 1210
f 1217 1208 1215
f 1221 1220 1219
f 1224 1223 1220
f 1225 1224 1221
f 1224 1226 1223
f 1230 1229 1228
f 1231 1230 1227
f 1229 1233 1232
f 1234 1233 1229
f 1235 1234 1230
f 1236 1240 1241
f 1238 1237 1241
f 1239 1238 1242
f 1242 1241 1244
f 1245 1246 1221
f 1209 1245 1219
f 1222 1246 1247
f 1226 1209 1223
f 1224 1247 1226
f 1250 1248 1228
f 1231 1249 1251
f 1234 1251 1250
f 1237 1253 1252
f 1236 1252 1254
f 1243 1255 1253
f 1240 1254 1244
f 1259 1264 1257
f 1266 1265 1259
f 1264 1268 1267
f 1269 1314 1265
f 1270 1269 1265
f 1275 1268 1269
f 1279 1278 1277
f 1278 1282 1281
f 1283 1282 1278
f 1284 1283 1280
f 1287 1286 1285
f 1286 1290 1289
f 1291 1290 1286
f 1292 1291 1287
f 1293 1289 1290
f 1295 1299 1300
f 1297 1296 1300
f 1298 1297 1301
f 1301 1300 1303
f 1304 1305 1279
f 1306 1304 1277
f 1280 1305 1307
f 1307 1306 1281
f 1287 1308 1309
f 1310 1308 1285
f 1288 1309 1311
f 1292 1311 1312
f 1293 1312 1310
f 1296 1294 1259
f 1295 1259 1314
f 1302 1315 1313
f 1299 1314 1303
f 1301 1303 1315
f 1324 1323 1317
f 1323 1327 1326
f 1329 1328 1324
f 1334 1327 1328
f 1340 1339 1336
f 1341 1340 1337
f 1345 1344 1343
f 1347 1351 1352
f 1349 1348 1352
f 1350 1349 1353
f 1353 1352 1355
f 1356 1357 1337
f 1358 1356 1336
f 1338 1357 1359
f 1340 1359 1358
f 1343 1360 1361
f 1362 1360 1342
f 1348 1324 1364
f 1347 1364 1366
f 1354 1367 1365
f 1351 1366 1355
f 1372 1370 1369
f 1370 1377 1376
f 1420 1377 1370
f 1378 1420 1372
f 1379 1378 1372
f 1377 1381 1380
f 1382 1387 1378
f 1383 1382 1378
f 1385 1387 1382
f 1389 1381 1387
f 1391 1393 1392
f 1394 1393 1391
f 1393 1396 1395
f 1397 1396 1393
f 1415 1397 1394
f 1398 1400 1399
f 1401 1400 1398
f 1400 1404 1403
f 1405 1404 1400
f 1406 1405 1401
f 1406 1403 1404
f 1409 1408 1410
f 1412 1377 1391
f 1414 1412 1392
f 1397 1415 1414
f 1398 1417 1402
f 1418 1416 1399
f 1402 1417 1419
f 1406 1419 1418
f 1408 1420 1422
f 1411 1423 1421
f 1410 1422 1423
f 1427 1426 1425
f 1426 1433 1432
f 1476 1433 1426
f 1434 1476 1427
f 1435 1434 1427
f 1433 1437 1436
f 1438 1478 1434
f 1439 1438 1434
f 1444 1437 1438
f 1448 1447 1446
f 1451 1450 1447
f 1452 1451 1448
f 1456 1455 1453
f 1458 1462 1463
f 1460 1459 1463
f 1461 1460 1464
f 1464 1463 1466
f 1468 1467 1448
f 1448 1467 1469
f 1470 1468 1446
f 1449 1469 1471
f 1471 1470 1450
f 1472 1473 1453
f 1474 1472 1453
f 1454 1473 1475
f 1456 1475 1457
f 1461 1477 1476
f 1458 1476 1478
f 1465 1479 1477
f 1462 1478 1466
f 1488 1487 1481
f 1487 1491 1490
f 1492 1496 1488
f 1498 1491 1496
f 1502 1501 1500
f 1501 1505 1504
f 1506 1505 1501
f 1507 1506 1502
f 1507 1504 1505
f 1508 1510 1529
f 1511 1510 1508
f 1514 1518 1519
f 1516 1515 1519
f 1517 1516 1520
f 1520 1519 1522
f 1523 1524 1502
f 1525 1523 1500
f 1503 1524 1526
f 1507 1526 1525
f 1509 1527 1528
f 1509 1528 1530
f 1515 1513 1531
f 1514 1531 1533
f 1521 1534 1532
f 1518 1533 1522
f 1537 1543 1536
f 1545 1544 1537
f 1543 1547 1546
f 1548 1587 1544
f 1549 1548 1544
f 1554 1547 1548
f 1557 1560 1559
f 1561 1560 1557
f 1580 1561 1558
f 1566 1565 1562
f 1567 1566 1563
f 1569 1573 1574
f 1571 1570 1574
f 1572 1571 1575
f 1575 1574 1576
f 1543 1578 1558
f 1577 1543 1556
f 1579 1577 1556
f 1561 1580 1579
f 1564 1581 1582
f 1583 1581 1562
f 1564 1582 1584
f 1568 1584 1583
f 1570 1585 1537
f 1569 1537 1587
f 1573 1587 1576
f 1575 1576 1588
f 1591 1597 1590
f 1599 1598 1591
f 1600 1599 1591
f 1597 1602 1601
f 1603 1607 1599
f 1609 1602 1607
f 1614 1613 1611
f 1620 1619 1616
f 1621 1620 1617
f 1624 1623 1626
f 1625 1624 1627
f 1629 1630 1611
f 1631 1629 1611
f 1612 1630 1632
f 1615 1631 1613
f 1618 1633 1634
f 1635 1633 1616
f 1618 1634 1636
f 1622 1636 1637
f 1622 1637 1635
f 1623 1638 1598
f 1624 1639 1638
f 1623 1598 1640
f 1628 1641 1639
f 1628 1642 1641
f 1626 1640 1642
f 1647 1645 1644
f 1645 1652 1651
f 1645 1653 1652
f 1654 1653 1645
f 1655 1654 1647
f 1652 1657 1656
f 1653 1658 1657
f 1659 1697 1654
f 1660 1659 1654
f 1657 1664 1661
f 1665 1664 1658
f 1662 1665 1659
f 1667 1664 1665
f 1672 1671 1670
f 1674 1677 1676
f 1678 1682 1683
f 1680 1679 1683
f 1681 1680 1684
f 1684 1683 1686
f 1687 1688 1670
f 1689 1687 1669
f 1690 1689 1671
f 1691 1692 1675
f 1693 1691 1673
f 1675 1692 1694
f 1681 1696 1695
f 1678 1695 1697
f 1685 1698 1696
f 1682 1697 1686
f 1702 1707 1700
f 1709 1708 1702
f 1707 1711 1710
f 1712 1754 1708
f 1713 1712 1708
f 1718 1711 1712
f 1722 1721 1720
f 1721 1724 1723
f 1725 1724 1721
f 1747 1725 1722
f 1725 1726 1724
f 1729 1728 1727
f 1732 1731 1728
f 1733 1732 1729
f 1735 1739 1740
f 1737 1736 1740
f 1738 1737 1741
f 1741 1740 1743
f 1744 1745 1722
f 1746 1744 1720
f 1725 1747 1726
f 1748 1749 1729
f 1750 1748 1727
f 1730 1749 1751
f 1733 1751 1752
f 1732 1752 1750
f 1734 1753 1702
f 1735 1702 1754
f 1742 1755 1753
f 1739 1754 1743
f 1741 1743 1755
f 1758 1764 1757
f 1765 1800 1758
f 1766 1765 1758
f 1764 1768 1767
f 1770 1769 1765
f 1775 1768 1769
f 1780 1779 1777
f 1782 1785 1784
f 1786 1789 1790
f 1787 1786 1790
f 1788 1787 1791
f 1791 1790 1789
f 1793 1794 1777
f 1779 1793 1777
f 1778 1794 1795
f 1780 1795 1768
f 1796 1797 1783
f 1798 1796 1781
f 1783 1797 1799
f 1785 1799 1803
f 1786 1801 1800
f 1786 1800 1802
f 1792 1803 1801
f 1789 1802 1803
f 1812 1811 1805
f 1811 1815 1814
f 1817 1816 1812
f 1822 1815 1816
f 1824 1827 1826
f 1828 1827 1824
f 1829 1828 1825
f 1827 1831 1830
f 1832 1831 1827
f 1833 1832 1828
f 1838 1837 1834
f 1839 1838 1835
f 1839 1840 1837
f 1842 1846 1847
f 1844 1843 1847
f 1845 1844 1848
f 1848 1847 1850
f 1851 1852 1825
f 1853 1851 1826
f 1829 1852 1854
f 1832 1854 1855
f 1832 1855 1853
f 1835 1856 1857
f 1858 1856 1834
f 1836 1857 1859
f 1840 1858 1837
f 1839 1859 1863
f 1839 1863 1840
f 1843 1812 1860
f 1842 1860 1862
f 1849 1863 1861
f 1846 1862 1850
f 1872 1871 1865
f 1871 1875 1874
f 1877 1876 1872
f 1882 1875 1876
f 1884 1886 1885
f 1887 1886 1884
f 1886 1890 1889
f 1891 1890 1886
f 1892 1891 1887
f 1893 1895 1894
f 1896 1895 1893
f 1895 1899 1898
f 1900 1899 1895
f 1901 1900 1896
f 1902 1898 1899
f 1904 1903 1906
f 1905 1904 1907
f 1884 1910 1888
f 1911 1909 1885
f 1888 1910 1912
f 1912 1911 1890
f 1893 1910 1897
f 1897 1910 1914
f 1915 1913 1894
f 1897 1914 1916
f 1901 1916 1917
f 1902 1917 1915
f 1904 1918 1872
f 1905 1919 1918
f 1908 1921 1919
f 1908 1922 1921
f 1906 1920 1922
f 1926 1931 1924
f 1933 1932 1926
f 1934 1933 1926
f 1931 1936 1935
f 1937 1941 1933
f 1943 1936 1941
f 1948 1947 1945
f 1966 1948 1946
f 1953 1952 1949
f 1954 1953 1950
f 1954 1955 1952
f 1956 1960 1961
f 1958 1957 1961
f 1959 1958 1962
f 1962 1961 1960
f 1965 1963 1945
f 1948 1966 1965
f 1950 1967 1968
f 1969 1967 1949
f 1951 1968 1970
f 1955 1969 1952
f 1954 1970 1955
f 1957 1971 1932
f 1956 1932 1972
f 1960 1972 1970
f 1977 1982 1975
f 1984 1983 1977
f 1982 1986 1985
f 1988 1987 1983
f 1993 1986 1987
f 1995 1997 1996
f 1998 1997 1995
f 1997 2001 2000
f 2002 2001 1997
f 2003 2002 1998
f 2007 2006 2005
f 2009 2013 2014
f 2011 2010 2014
f 2012 2011 2015
f 2015 2014 2017
f 1995 2019 1999
f 2020 2018 1996
f 1999 2019 2021
f 2002 2021 2020
f 2005 2022 2023
f 2025 2022 2004
f 2007 2024 2025
f 2010 1983 2026
f 2009 2026 2028
f 2016 2029 2027
f 2013 2028 2017
f 2032 2038 2031
f 2039 2081 2032
f 2040 2039 2032
f 2038 2042 2041
f 2044 2043 2039
f 2049 2042 2043
f 2051 2053 2052
f 2054 2053 2051
f 2053 2057 2056
f 2058 2057 2053
f 2059 2058 2054
f 2063 2062 2060
f 2065 2069 2070
f 2067 2066 2070
f 2068 2067 2071
f 2071 2070 2072
f 2051 2074 2055
f 2075 2073 2052
f 2055 2074 2076
f 2076 2075 2057
f 2079 2077 2060
f 2063 2080 2079
f 2066 2064 2081
f 2065 2081 2083
f 2069 2083 2072
f 2071 2085 2084
f 2095 2093 2087
f 2093 2098 2097
f 2099 2142 2095
f 2100 2099 2095
f 2105 2098 2099
f 2111 2110 2108
f 2115 2114 2113
f 2114 2118 2117
f 2119 2118 2114
f 2120 2119 2115
f 2121 2117 2118
f 2123 2127 2128
f 2125 2124 2128
f 2126 2125 2129
f 2129 2128 2131
f 2108 2107 2133
f 2134 2132 2107
f 2109 2133 2135
f 2112 2134 2110
f 2115 2136 2137
f 2138 2136 2113
f 2116 2137 2139
f 2121 2139 2140
f 2121 2140 2138
f 2123 2094 2142
f 2130 2143 2141
f 2127 2142 2131
f 2129 2131 2143
f 2152 2151 2145
f 2151 2155 2154
f 2151 2156 2155
f 2157 2196 2152
f 2158 2157 2152
f 2162 2155 2156
f 2160 2162 2157
f 2164 2155 2162
f 2168 2167 2166
f 2167 2170 2169
f 2171 2170 2167
f 2188 2169 2170
f 2175 2174 2172
f 2177 2178 2179
f 2180 2177 2179
f 2178 2182 2183
f 2180 2179 2183
f 2181 2180 2184
f 2184 2183 2182
f 2186 2187 2168
f 2156 2186 2166
f 2168 2187 2188
f 2188 2156 2169
f 2172 2189 2190
f 2191 2189 2172
f 2173 2190 2192
f 2175 2192 2176
f 2177 2193 2194
f 2180 2195 2193
f 2178 2194 2196
f 2185 2197 2195
f 2182 2196 2197
f 2206 2205 2199
f 2205 2209 2208
f 2210 2214 2206
f 2216 2209 2214
f 2218 2220 2219
f 2221 2220 2218
f 2220 2224 2223
f 2225 2224 2220
f 2226 2225 2221
f 2231 2230 2227
f 2232 2231 2228
f 2233 2237 2238
f 2235 2234 2238
f 2236 2235 2239
f 2239 2238 2237
f 2218 2241 2222
f 2243 2240 2219
f 2222 2241 2242
f 2225 2242 2243
f 2228 2244 2245
f 2246 2244 2227
f 2229 2245 2247
f 2232 2247 2246
f 2234 2248 2249
f 2233 2249 2251
f 2237 2251 2247
f 2256 2261 2254
f 2263 2262 2256
f 2261 2265 2264
f 2266 2271 2262
f 2267 2266 2262
f 2269 2271 2266
f 2273 2265 2271
f 2277 2276 2275
f 2278 2277 2303
f 2276 2280 2279
f 2281 2280 2276
f 2282 2281 2277
f 2281 2283 2280
f 2286 2285 2284
f 2285 2289 2288
f 2290 2289 2285
f 2291 2290 2286
f 2293 2292 2289
f 2294 2298 2299
f 2296 2295 2299
f 2297 2296 2300
f 2300 2299 2298
f 2302 2303 2275
f 2304 2302 2275
f 2278 2303 2305
f 2283 2304 2279
f 2281 2305 2265
f 2286 2306 2307
f 2308 2306 2284
f 2287 2307 2309
f 2293 2309 2312
f 2293 2312 2308
f 2295 2310 2256
f 2294 2256 2311
f 2301 2312 2310
f 2298 2311 2312
f 2316 2321 2314
f 2323 2322 2316
f 2321 2325 2324
f 2326 2331 2322
f 2327 2326 2322
f 2329 2331 2326
f 2333 2325 2331
f 2335 2337 2336
f 2338 2337 2335
f 2337 2341 2340
f 2342 2341 2337
f 2343 2342 2338
f 2347 2346 2344
f 2349 2353 2354
f 2351 2350 2354
f 2352 2351 2355
f 2355 2354 2357
f 2335 2359 2339
f 2360 2358 2336
f 2339 2359 2361
f 2325 2360 2340
f 2342 2361 2325
f 2362 2363 2344
f 2364 2362 2344
f 2345 2363 2365
f 2347 2365 2348
f 2352 2366 2316
f 2349 2316 2367
f 2356 2368 2366
f 2353 2367 2357
f 2405 2452 2434
f 2407 2434 2420
f 2409 2420 2453
f 2417 2453 2421
f 2412 2421 2422
f 2418 2422 2423
f 2370 2423 2437
f 2371 2437 2424
f 2383 2424 2438
f 2384 2438 2439
f 2386 2439 2425
f 2393 2425 2426
f 2387 2426 2427
f 2388 2427 2428
f 2373 2428 2441
f 2375 2441 2442
f 2377 2442 2443
f 2379 2443 2444
f 2390 2444 2445
f 2395 2445 2429
f 2397 2429 2447
f 2399 2447 2448
f 2398 2448 2430
f 2392 2430 2431
f 2381 2431 2432
f 2382 2432 2433
f 2403 2433 2452
f 2421 2453 2435
f 2422 2435 2436
f 2423 2436 2437
f 2425 2446 2440
f 2426 2440 2427
f 2428 2443 2441
f 2429 2446 2447
f 2431 2449 2450
f 2432 2450 2451
f 2433 2451 2452
f 2485 2565 2564
f 2487 2566 2565
f 2490 2567 2566
f 2493 2568 2567
f 2497 2569 2568
f 2505 2570 2569
f 2470 2571 2570
f 2459 2572 2571
f 2563 2573 2572
f 2541 2574 2573
f 2536 2575 2574
f 2528 2576 2575
f 2529 2598 2576
f 2530 2599 2598
f 2560 2577 2599
f 2543 2578 2577
f 2550 2579 2578
f 2462 2600 2579
f 2473 2580 2600
f 2509 2581 2580
f 2525 2582 2581
f 2517 2583 2582
f 2519 2584 2583
f 2522 2585 2584
f 2478 2586 2585
f 2479 2587 2586
f 2481 2588 2587
f 2464 2603 2588
f 2465 2589 2603
f 2466 2564 2589
f 2566 2591 2565
f 2567 2592 2591
f 2569 2593 2592
f 2570 2571 2594
f 2572 2595 2571
f 2572 2596 2595
f 2575 2597 2574
f 2577 2596 2599
f 2584 2602 2601
f 2564 2590 2589
f 2455 2604 2608
f 2546 2605 2604
f 2533 2606 2605
f 2538 2607 2606
f 2454 2608 2607
f 2604 2609 2610
f 2605 6311 2609
f 2607 2610 6311
f 2598 2597 2576
f 2696 2708 2709
f 2652 2689 2717
f 2650 2690 2689
f 2644 2716 2690
f 2642 2715 2716
f 2641 2691 2715
f 2633 2692 2691
f 2626 2693 2692
f 2619 2711 2693
f 2618 2694 2711
f 2614 2685 2694
f 2611 2695 2685
f 2680 2696 2695
f 2674 2697 2696
f 2673 2698 2697
f 2671 2699 2698
f 2670 2686 2699
f 2665 2687 2686
f 2664 2702 2687
f 2663 2701 2702
f 2658 2702 2701
f 2661 2703 2702
f 2666 2688 2703
f 2672 2705 2688
f 2678 2706 2705
f 2677 2707 2706
f 2683 2708 2707
f 2617 2709 2708
f 2616 2710 2709
f 2615 2711 2710
f 2624 2712 2711
f 2631 2713 2712
f 2639 2714 2713
f 2648 2715 2714
f 2646 2716 2715
f 2651 2690 2716
f 2654 2689 2690
f 2656 2717 2689
f 2685 2711 2694
f 2686 2700 2699
f 2687 2703 2700
f 2688 2704 2703
f 2967 2920 2919
f 2949 2950 2941
f 2950 2935 2940
f 2923 2922 2921
f 2891 2897 2898
f 2892 2898 2895
f 2893 2895 2896
f 2894 2896 2897
f 2896 2898 2897
f 2889 2901 2899
f 2856 2899 2900
f 2857 2900 2901
f 2747 2914 2915
f 2745 2915 2902
f 2775 2902 2974
f 2774 2974 2903
f 2770 2903 2916
f 2766 2916 2904
f 2791 2904 2905
f 2786 2905 2917
f 2802 2917 2918
f 2800 2918 2919
f 2784 2919 2906
f 2754 2906 2921
f 2855 2921 2922
f 2854 2922 2923
f 2886 2923 2907
f 2883 2907 2908
f 2880 2908 2909
f 2877 2909 2910
f 2849 2910 2911
f 2846 2911 2924
f 2874 2924 2912
f 2870 2912 2925
f 2868 2925 2926
f 2752 2927 2967
f 2751 2967 2913
f 2780 2913 2928
f 2777 2928 2914
f 2914 2928 2915
f 2909 2925 2924
f 2910 2924 2911
f 2912 2924 2925
f 2721 2929 2957
f 2722 2939 2929
f 2836 2940 2939
f 2822 2941 2940
f 2809 2942 2941
f 2804 2943 2942
f 2805 2930 2943
f 2806 2944 2930
f 2813 2945 2944
f 2825 2931 2945
f 2838 2932 2931
f 2840 2946 2932
f 2842 2947 2946
f 2843 2933 2947
f 2832 2934 2933
f 2835 2950 2949
f 2845 2935 2950
f 2860 2951 2935
f 2728 2972 2951
f 2862 2936 2972
f 2731 2955 2936
f 2734 2956 2955
f 2736 2937 2956
f 2740 2938 2937
f 2718 2957 2938
f 2932 2946 2947
f 2972 2952 2964
f 2936 2953 2952
f 2936 2954 2953
f 2760 2959 2958
f 2762 2958 2959
f 2817 2960 2934
f 2961 2819 2949
f 2949 2934 2818
f 2934 2949 2948
f 2962 2820 2949
f 2725 2963 2951
f 2726 2965 2951
f 2724 2966 2951
f 2968 2798 2913
f 2796 2969 2913
f 2863 2970 2927
f 2926 2927 2971
f 2864 2971 2927
f 2984 3016 3017
f 2975 3017 3012
f 2976 3012 3013
f 2977 3013 3020
f 3010 3020 3021
f 3004 3021 3022
f 3000 3022 3023
f 3002 3023 3024
f 3007 3024 3014
f 2978 3014 3015
f 2979 3015 3027
f 2986 3027 3028
f 2992 3028 3016
f 3012 3018 3019
f 3013 3019 3020
f 3014 3025 3026
f 3015 3026 3027
f 3087 3092 3098
f 3091 3096 3097
f 3094 3080 3095
f 3095 3096 3090
f 3088 3087 3093
f 3032 3076 3087
f 3033 3087 3088
f 3071 3088 3089
f 3072 3089 3074
f 3073 3074 3090
f 3034 3090 3091
f 3040 3091 3075
f 3050 3075 3092
f 3049 3092 3076
f 3066 3078 3077
f 3060 3079 3078
f 3061 3080 3079
f 3063 3081 3080
f 3065 3082 3081
f 3042 3083 3082
f 3041 3084 3083
f 3054 3085 3084
f 3053 3086 3085
f 3031 3077 3086
f 3076 3092 3087
f 3078 3094 3093
f 3081 3095 3080
f 3082 3096 3095
f 3084 3097 3096
f 3085 6317 3097
f 3086 3098 6317
f 3077 3093 3098
f 3151 3156 3157
f 3150 3157 3158
f 3149 3158 3159
f 3152 3155 3156
f 3113 3148 3147
f 3109 3149 3148
f 3107 3137 3149
f 3103 3138 3137
f 3099 3139 3138
f 3129 3140 3139
f 3127 3141 3140
f 3124 3142 3141
f 3119 3143 3142
f 3125 3154 3143
f 3128 3144 3154
f 3132 3145 3144
f 3102 3146 3145
f 3106 3157 3146
f 3108 3158 3157
f 3112 3159 3158
f 3115 3160 3159
f 3116 3147 3160
f 3137 3150 3149
f 3138 3151 3150
f 3139 3152 3151
f 3141 3153 3140
f 3141 3154 3153
f 3143 3154 3142
f 3144 3153 3154
f 3144 3155 3153
f 3146 3156 3155
f 3146 3157 3156
f 3148 3149 3159
f 3355 3354 3351
f 3335 3331 3336
f 3328 3324 3360
f 3331 3330 3337
f 3325 3357 3361
f 3279 3312 3313
f 3281 3313 3331
f 3275 3331 3332
f 3263 3332 3333
f 3255 3333 3334
f 3257 3334 3314
f 3273 3314 3335
f 3274 3335 3336
f 3276 3336 3337
f 3282 3337 3338
f 3290 3338 3339
f 3303 3339 3340
f 3162 3340 3315
f 3182 3315 3342
f 3185 3342 3316
f 3196 3316 3343
f 3201 3343 3344
f 3208 3344 3365
f 3221 3365 3317
f 3222 3317 3318
f 3247 3318 3345
f 3225 3345 3346
f 3232 3346 3365
f 3235 3365 3319
f 3218 3319 3347
f 3204 3347 3320
f 3189 3320 3349
f 3192 3349 3350
f 3205 3350 3351
f 3219 3351 3352
f 3241 3352 3353
f 3248 3353 6309
f 3243 6309 3354
f 3220 3354 3355
f 3194 3355 3356
f 3180 3356 3321
f 3300 3321 3322
f 3286 3322 3323
f 3287 3323 3324
f 3278 3324 3312
f 3298 3325 3361
f 3175 3361 3326
f 3177 3326 3348
f 3190 3348 3362
f 3171 3362 3363
f 3306 3363 3327
f 3296 3327 3364
f 3283 3364 3325
f 3312 3328 3329
f 3313 3329 3330
f 3313 3330 3331
f 3314 3334 3335
f 3340 3339 3363
f 3315 3341 3342
f 3316 3341 3343
f 3319 3365 3347
f 3320 3348 3349
f 3356 3361 3357
f 3321 3357 3358
f 3322 3358 3359
f 3323 3359 3360
f 3327 3363 3339
f 3350 3349 3356
f 3419 3414 3413
f 3378 3400 3401
f 3372 3401 3412
f 3373 3412 3402
f 3367 3402 3403
f 3398 3403 3404
f 3394 3404 3405
f 3391 3405 3416
f 3384 3416 3406
f 3386 3406 3407
f 3395 3407 3408
f 3397 3408 3409
f 3368 3409 3410
f 3370 3410 3400
f 3401 3411 3412
f 3402 3413 3414
f 3404 3414 3415
f 3405 3415 3416
f 3407 3417 3418
f 3408 3418 3419
f 3409 3419 3410
f 3410 3413 3411
f 3381 3420 3421
f 3382 3421 3425
f 3383 3425 3422
f 3389 3422 3423
f 3387 3423 3420
f 3420 3424 3421
f 3490 3479 3492
f 3486 3470 3496
f 3445 3468 3469
f 3431 3469 3470
f 3465 3470 3471
f 3459 3471 3472
f 3457 3472 3473
f 3453 3473 3474
f 3456 3474 3475
f 3428 3475 3476
f 3437 3476 3491
f 3444 3491 3477
f 3442 3477 3478
f 3427 3478 3479
f 3426 3479 3480
f 3461 3480 3481
f 3466 3481 3482
f 3440 3482 3483
f 3452 3483 3499
f 3451 3499 3484
f 3450 3484 3500
f 3449 3500 3468
f 3468 3500 3485
f 3469 3485 3497
f 3469 3497 3470
f 3471 3486 3487
f 3472 3487 3488
f 3474 3488 3489
f 3475 3489 3490
f 3475 3490 3476
f 3477 3491 3492
f 3478 3492 3479
f 3480 3493 3494
f 3480 3494 3495
f 3481 3495 3496
f 3482 3496 3497
f 3482 3497 3498
f 3483 3498 3499
f 3489 3488 3487
f 3563 3562 3580
f 3570 3569 3564
f 3515 3547 3548
f 3508 3548 3549
f 3505 3549 3550
f 3509 3550 3565
f 3524 3565 3551
f 3519 3551 3552
f 3526 3552 3566
f 3510 3566 3567
f 3511 3567 3553
f 3521 3553 3569
f 3513 3569 3570
f 3506 3570 3571
f 6308 3571 3554
f 3538 3554 3573
f 3539 3573 3555
f 3541 3555 3574
f 3535 3574 3556
f 3530 3556 3557
f 3532 3557 3558
f 3533 3558 3559
f 3537 3559 3560
f 3544 3560 3561
f 3502 3561 3547
f 3548 3562 3563
f 3549 3563 3564
f 3550 3564 3565
f 3551 3568 3566
f 3553 3568 3569
f 3554 3571 3572
f 3554 3572 3573
f 3557 3576 3577
f 3558 3577 3578
f 3559 3578 3579
f 3560 3579 3580
f 3547 3580 3562
f 3576 3557 3556
f 3573 3577 3576
f 3572 3578 3577
f 3673 3672 3674
f 3657 3643 3653
f 3592 3637 3638
f 3593 3638 3639
f 3634 3639 3640
f 3585 3640 3641
f 3601 3641 3654
f 3598 3654 3642
f 3588 3642 3656
f 3589 3656 3643
f 3590 3643 3657
f 3627 3657 3658
f 3623 3658 3659
f 3621 3659 3644
f 3614 3644 3660
f 3615 3660 3645
f 3613 3645 3661
f 3617 3661 3646
f 3622 3646 3647
f 3624 3647 3648
f 3626 3648 3663
f 3630 3663 3649
f 3631 3649 3650
f 3635 3650 3651
f 3636 3651 3637
f 3639 3652 3653
f 3640 3653 3654
f 3642 3655 3656
f 3644 3661 3660
f 3646 3661 3659
f 3646 3659 3647
f 3648 3662 3663
f 3606 3665 3669
f 3608 3669 3666
f 3610 3666 3667
f 3607 3667 3668
f 3605 3668 3665
f 3665 6310 3669
f 3666 3669 3670
f 3668 3670 6310
f 3596 3671 3674
f 3599 3674 3672
f 3600 3672 3673
f 3581 3673 3675
f 3582 3675 3671
f 3671 3675 3674
f 3690 3708 3709
f 3676 3709 3717
f 3677 3717 3718
f 3679 3718 3719
f 3697 3719 3720
f 3698 3720 3721
f 3680 3721 3722
f 3682 3722 3723
f 3700 3723 3724
f 3702 3724 3710
f 3704 3710 3711
f 3685 3711 3727
f 3686 3727 3728
f 3687 3728 3712
f 3691 3712 3713
f 3692 3713 3714
f 3688 3714 3715
f 3693 3715 3716
f 3694 3716 3708
f 3710 3725 3726
f 3711 3726 3727
f 3712 3729 3730
f 3713 3730 3731
f 3714 3731 3732
f 3714 3732 3715
f 3708 3733 3734
f 3709 3734 3717
f 3723 3721 3724
f 3746 3753 3754
f 3750 3754 3755
f 3751 3755 3756
f 3747 3756 3753
f 3753 3757 3758
f 3755 3759 3760
f 3736 3764 3761
f 3737 3761 3762
f 3742 3762 3763
f 3741 3763 3767
f 3738 3767 3764
f 3761 3764 3765
f 3762 3765 3766
f 3763 3766 3767
f 3767 3765 3764
f 3756 3760 3757
f 3843 3944 3978
f 3853 3978 3945
f 3862 3945 3946
f 3855 3946 3930
f 3820 3930 3948
f 3822 3948 3931
f 3825 3931 3949
f 3828 3949 3950
f 3788 3950 3951
f 3790 3951 3932
f 3769 3932 3953
f 3770 3953 3954
f 3918 3954 3955
f 3906 3955 3956
f 3910 3956 3957
f 3914 3957 3958
f 3887 3958 3959
f 3888 3959 3960
f 3890 3960 3961
f 3886 3961 3962
f 3896 3962 3963
f 3897 3963 3964
f 3899 3964 3965
f 3915 3965 3966
f 3916 3966 3933
f 3917 3933 3934
f 3926 3934 3935
f 3775 3935 3952
f 3779 3952 3969
f 3782 3969 3936
f 3792 3936 3970
f 3797 3970 3971
f 3800 3971 3972
f 3813 3972 3937
f 3831 3937 3973
f 3835 3973 3938
f 3838 3938 3939
f 3840 3939 3974
f 3846 3974 3940
f 3856 3940 3975
f 3857 3975 3976
f 3865 3976 3979
f 3872 3979 3977
f 3878 3977 3941
f 3881 3941 3942
f 3883 3942 3978
f 3851 3978 3943
f 3852 3943 3944
f 3930 3947 3948
f 3932 3969 3952
f 3932 3952 3953
f 3933 3967 3968
f 3934 3968 3935
f 3938 3973 3974
f 3940 3974 3975
f 3942 3945 3978
f 3955 3954 3967
f 4110 4109 4111
f 3982 4090 4091
f 3983 4091 4079
f 4011 4079 4080
f 4016 4080 4093
f 4039 4093 4081
f 4061 4081 4082
f 4065 4082 4083
f 4054 4083 4084
f 4058 4084 4095
f 4029 4095 4096
f 4004 4096 4097
f 3985 4097 4085
f 4077 4085 4098
f 4078 4098 4086
f 3995 4086 4099
f 3989 4099 4100
f 4003 4100 4087
f 4027 4087 4102
f 4024 4102 4088
f 4050 4088 4104
f 4044 4104 4089
f 4018 4089 4105
f 4013 4105 4106
f 3981 4106 4090
f 4079 4091 4092
f 4080 4092 4093
f 4085 4097 4098
f 4087 4100 4101
f 4087 4101 4102
f 4088 4102 4103
f 4089 4093 4105
f 4069 4107 4108
f 4072 4108 4109
f 4073 4109 4110
f 4070 4110 4107
f 4107 4110 4111
f 4122 4136 4145
f 4117 4145 4137
f 4118 4137 4138
f 4134 4138 4139
f 4130 4139 4140
f 4133 4140 4141
f 4113 4141 4142
f 4114 4142 4143
f 4115 4143 4144
f 4121 4144 4136
f 4137 4146 4147
f 4138 4147 4148
f 4139 4148 4149
f 4140 4149 4150
f 4141 4150 4151
f 4142 4151 4152
f 4143 4152 4153
f 4144 4153 4136
f 4129 4154 4158
f 4126 4155 4154
f 4125 4156 4155
f 4124 4157 4156
f 4123 4158 4157
f 4155 4159 4154
f 4156 4160 4159
f 4287 4275 4274
f 4287 4276 4275
f 4166 4272 4273
f 4180 4273 4255
f 4190 4255 4256
f 4183 4256 4274
f 4163 4274 4275
f 4164 4275 4257
f 4231 4257 4258
f 4213 4258 4259
f 4218 4259 4278
f 4233 4278 4260
f 4244 4260 4261
f 4250 4261 4272
f 4253 4279 4280
f 4247 4280 4281
f 4238 4281 4282
f 4221 4282 4262
f 4211 4262 4283
f 4208 4283 4263
f 4207 4263 4284
f 4209 4284 4285
f 4212 4285 4286
f 4227 4286 4264
f 4230 4264 4287
f 4239 4287 4265
f 4162 4265 4288
f 4175 4288 4266
f 4197 4266 4267
f 4202 4267 4268
f 4198 4268 4269
f 4199 4269 4270
f 4188 4270 4292
f 4178 4292 4271
f 4171 4271 4279
f 4256 4292 6312
f 4256 6312 4274
f 4257 4276 4277
f 4259 4282 4278
f 4265 4287 4288
f 4290 4291 4268
f 4268 4291 4269
f 4271 4273 4279
f 4289 4290 4267
f 4374 4359 4384
f 4379 4378 4381
f 4366 4390 4389
f 4325 4352 4353
f 4326 4353 4354
f 4331 4354 4369
f 4334 4369 4370
f 4345 4370 4371
f 4335 4371 4355
f 4337 4355 4372
f 4300 4372 4373
f 4301 4373 4356
f 4303 4356 4375
f 4309 4375 4376
f 4318 4376 4377
f 4319 4377 4378
f 4320 4378 4379
f 4315 4379 4380
f 4310 4380 4381
f 4316 4381 4357
f 4321 4357 4358
f 4312 4358 4384
f 4304 4384 4359
f 4293 4359 4360
f 4295 4360 4361
f 4347 4361 4362
f 4348 4362 4363
f 4297 4363 4364
f 4298 4364 4388
f 4299 4388 4365
f 4338 4365 4390
f 4339 4390 4366
f 4341 4366 4391
f 4342 4391 4392
f 4332 4392 4393
f 4329 4393 4394
f 4327 4394 4352
f 4353 4367 4368
f 4354 4368 4369
f 4356 4374 4375
f 4357 4382 4383
f 4358 4383 4384
f 4360 4374 4385
f 4361 4385 4386
f 4362 4386 4387
f 4363 4387 4364
f 4365 4389 4390
f 4409 4583 4558
f 4438 4559 4583
f 4434 4560 4559
f 4463 4561 4560
f 4461 4586 4561
f 4479 4587 4586
f 4478 4562 4587
f 4473 4608 4562
f 4484 4563 4608
f 4460 4588 4563
f 4458 4564 4588
f 4406 4565 4564
f 4554 4592 4565
f 4550 4566 4592
f 4547 4567 4566
f 4527 4594 4567
f 4524 4568 4594
f 4522 4569 4568
f 4515 4570 4569
f 4512 4571 4570
f 4507 4572 4571
f 4503 4573 4572
f 4491 4596 4573
f 4489 4574 4596
f 4500 4597 4574
f 4495 4598 4597
f 4518 4599 4598
f 4540 4575 4599
f 4533 4576 4575
f 4556 4600 4576
f 4555 4577 4600
f 4401 4601 4577
f 4429 4602 4601
f 4423 4578 4602
f 4450 4603 4578
f 4447 4604 4603
f 4421 4579 4618
f 4417 4580 4579
f 4413 4581 4580
f 4398 4582 4581
f 4396 4558 4582
f 4558 4583 4607
f 4583 4559 4584
f 4560 4584 4559
f 4560 4585 4584
f 4561 4586 4585
f 4564 4589 4588
f 4564 4590 4589
f 4565 4601 4590
f 4565 4591 4601
f 4566 4593 4592
f 4567 4594 4593
f 4574 4597 4596
f 4575 4600 4599
f 4579 4606 4605
f 4580 4607 4606
f 4447 4609 4604
f 4446 4610 4604
f 4613 4604 4611
f 4445 4611 4604
f 4613 4443 4612
f 4613 4470 4614
f 4618 4469 4615
f 4468 4616 4618
f 4618 4617 4466
f 4721 4706 4695
f 4718 4709 4717
f 4710 4709 4700
f 4686 4689 4690
f 4676 4690 4691
f 4665 4691 4692
f 4667 4692 4693
f 4687 4693 4694
f 4629 4694 4695
f 4648 4695 4712
f 4649 4712 4696
f 4656 4696 4713
f 4663 4713 4714
f 4652 4714 4697
f 4654 4697 4698
f 4635 4698 4717
f 4632 4717 4689
f 4680 4700 4699
f 4675 4701 4700
f 4674 4702 4701
f 4673 4703 4702
f 4679 4704 4703
f 4621 4705 4704
f 4630 4706 4705
f 4643 4707 4706
f 4638 4708 4707
f 4622 4699 4708
f 4690 4709 4710
f 4691 4710 4711
f 4692 4711 6313
f 4693 6313 4720
f 4693 4720 4721
f 4694 4721 4695
f 4697 4715 4716
f 4698 4716 4717
f 4703 4711 4702
f 4703 4719 4711
f 4704 6313 4719
f 4704 4720 6313
f 4705 4721 4720
f 4707 4722 4706
f 4708 4716 4722
f 4699 4718 4723
f 4762 4761 4774
f 4737 4754 4755
f 4738 4755 4756
f 4750 4756 4757
f 4751 4757 4758
f 4752 4758 4759
f 4732 4759 4760
f 4739 4760 4775
f 4740 4775 4776
f 4734 4776 4761
f 4725 4761 4762
f 4753 4762 4763
f 4748 4763 4764
f 4746 4764 4765
f 4747 4765 4766
f 4726 4766 4767
f 4728 4767 4754
f 4755 4769 4770
f 4756 4770 4771
f 4757 4771 4772
f 4758 4772 4773
f 4759 4773 4774
f 4760 4774 4775
f 4763 4777 4778
f 4764 4778 4779
f 4765 4779 4780
f 4766 4780 4781
f 4781 4768 4754
f 4779 4778 4771
f 4780 4779 4771
f 4777 4772 4771
f 4774 4761 4776
f 4868 4839 4851
f 4870 4849 4850
f 4869 4850 4839
f 4826 4849 4871
f 4829 4850 4849
f 4831 4839 4850
f 4783 4851 4839
f 4791 4852 4851
f 4790 4853 4852
f 4815 4854 4853
f 4814 4855 4854
f 4820 4856 4855
f 4813 4857 4856
f 4810 4840 4857
f 4809 4841 4840
f 4808 4842 4841
f 4800 4843 4842
f 4799 4844 4843
f 4798 4845 4844
f 4807 4846 4845
f 4819 4860 4846
f 4818 4861 4860
f 4816 4854 4861
f 4804 4853 4854
f 4796 4875 4853
f 4794 4862 4875
f 4793 4863 4862
f 4788 4865 4863
f 4876 4872 4865
f 4835 4847 4872
f 4836 4864 4847
f 4787 4865 4864
f 4786 4866 4865
f 4785 4867 4866
f 4784 4868 4867
f 4832 4869 4868
f 4828 4870 4869
f 4824 4848 4870
f 4822 4871 4848
f 4846 4857 4859
f 4861 4855 4860
f 4968 4969 4970
f 4958 4942 4954
f 4901 4939 4970
f 4893 4952 4939
f 4882 4953 4952
f 4937 4940 4953
f 4936 4954 4940
f 4931 4955 4954
f 4922 4956 4955
f 4913 4941 4956
f 4921 4957 4941
f 4929 4958 4957
f 4934 4942 4958
f 4881 4943 4942
f 4891 4944 4943
f 4889 4945 4944
f 4945 4889 4879
f 4927 4960 4946
f 4917 4962 4960
f 4910 4947 4962
f 4916 4961 4947
f 4915 4962 4961
f 4925 4960 4962
f 4924 4963 4960
f 4877 4964 4963
f 4878 4965 4964
f 4887 4948 4965
f 4904 4966 4948
f 4886 4967 4966
f 4885 4949 4967
f 4895 4950 4949
f 4907 4951 4950
f 4906 4970 4951
f 4957 4958 4956
f 4943 4952 4942
f 4944 4959 4952
f 4945 4965 4959
f 4964 4965 4945
f 4949 4968 4967
f 4950 4969 4968
f 5051 5052 5038
f 5052 5053 5036
f 5046 5047 5042
f 5047 5048 5041
f 4987 5035 5034
f 4984 5018 5035
f 4980 5037 5018
f 4978 5019 5037
f 4976 5020 5019
f 4972 5021 5020
f 5013 5022 5021
f 5009 5023 5022
f 5005 5042 5023
f 4992 5024 5042
f 4994 5025 5024
f 4998 5026 5025
f 5002 5027 5026
f 5004 5028 5027
f 5006 5029 5028
f 5008 5047 5029
f 5012 5048 5047
f 5016 5049 5048
f 4973 5030 5049
f 4975 5031 5030
f 4979 5032 5031
f 4983 5033 5032
f 4989 5034 5033
f 5018 5036 5035
f 5019 5038 5037
f 5020 5039 5038
f 5021 5040 5039
f 5023 5041 5040
f 5025 5043 5024
f 5026 5044 5025
f 5027 5045 5044
f 5028 5046 5045
f 5029 5047 5046
f 5030 5050 5049
f 5031 5051 5050
f 5032 5052 5051
f 5033 5053 5052
f 5138 5191 5192
f 5090 5192 5193
f 5092 5193 5181
f 5096 5181 5193
f 5097 5193 5218
f 5098 5218 5182
f 5101 5182 5194
f 5103 5194 5195
f 5105 5195 5196
f 5108 5196 5197
f 5140 5197 5198
f 5112 5222 5200
f 5073 5200 5201
f 5058 5201 5183
f 5060 5183 5210
f 5178 5210 5202
f 5173 5202 5208
f 5165 5208 5203
f 5167 5203 5184
f 5159 5184 5204
f 5160 5204 6314
f 5151 6314 5205
f 5150 5205 5206
f 5152 5206 5207
f 5155 5207 5185
f 5161 5185 5203
f 5162 5203 5208
f 5169 5208 5209
f 5176 5209 5210
f 5055 5210 5211
f 5062 5211 5212
f 5069 5212 5186
f 5076 5186 5213
f 5116 5213 5187
f 5120 5187 5188
f 5145 5188 5189
f 5123 5189 5190
f 5125 5190 5217
f 5129 5217 5196
f 5131 5196 5195
f 5134 5195 5194
f 5080 5194 5218
f 5136 5218 5191
f 5185 5204 5203
f 5186 5200 5213
f 5188 5215 5189
f 5190 5216 5198
f 5198 5142 5219
f 5142 5198 5199
f 5199 5143 5220
f 5199 5144 5221
f 5199 5222 5223
f 5111 5223 5222
f 5317 5316 5304
f 5297 5291 5319
f 5306 5315 5314
f 5312 5311 5309
f 5302 5299 5298
f 5235 6316 5291
f 5230 5291 5297
f 5231 5297 5298
f 5274 5298 5299
f 5270 5299 5292
f 5266 5292 5293
f 5267 5293 5301
f 5269 5301 5302
f 5273 5302 5294
f 5276 5294 5303
f 5279 5303 5304
f 5225 5304 5305
f 5236 5305 5306
f 5238 5306 5307
f 5246 5307 5308
f 5250 5308 5309
f 5258 5309 5310
f 5261 5310 5311
f 5255 5311 5312
f 5256 5312 5313
f 5253 5313 5314
f 5247 5314 5315
f 5240 5315 5295
f 5226 5316 5317
f 5288 5317 5296
f 5282 5296 5318
f 5290 5318 5319
f 5228 5319 5320
f 5243 5320 5321
f 5248 5321 6316
f 5292 5299 5300
f 5293 5300 5301
f 5296 5317 5318
f 5233 5241 5295
f 5236 5232 5305
f 5376 5379 5378
f 5323 5380 5379
f 5325 5378 5380
f 5375 5383 5382
f 5373 5381 5383
f 5372 5382 5381
f 5352 5387 5388
f 5350 5388 5389
f 5357 5389 5390
f 5360 5390 5391
f 5363 5391 5384
f 5366 5384 5393
f 5370 5393 5385
f 5369 5385 5392
f 5365 5392 5386
f 5361 5386 5394
f 5355 5394 5387
f 5384 5392 5393
f 5326 5403 5395
f 5327 5395 5404
f 5328 5404 5396
f 5330 5396 5397
f 5333 5397 5398
f 5340 5398 5405
f 5342 5405 5406
f 5344 5406 5407
f 5346 5407 5399
f 5347 5399 5400
f 5343 5400 5401
f 5339 5401 5402
f 5331 5402 5403
f 5400 5406 5405
f 5401 5405 5408
f 5402 5408 5403
f 5435 5476 5489
f 5436 5489 5490
f 5437 5490 5477
f 5434 5477 5478
f 5426 5478 5491
f 5419 5491 5501
f 5421 5501 5492
f 5410 5492 5479
f 5472 5479 5480
f 5464 5480 5493
f 5457 5493 5481
f 5449 5481 5482
f 5442 5482 5494
f 5443 5494 5495
f 5441 5495 5496
f 5444 5496 5483
f 5453 5483 5497
f 5459 5497 5484
f 5468 5484 5498
f 5469 5498 5499
f 5473 5499 5500
f 5474 5500 5485
f 5416 5485 5486
f 5423 5486 5501
f 5424 5501 5487
f 5430 5487 5476
f 5476 5488 5489
f 5477 5490 5488
f 5477 5488 5502
f 5478 5502 5491
f 5479 5492 5500
f 5479 5500 5498
f 5480 5498 5493
f 5481 5497 5496
f 5482 5496 5494
f 5483 5496 5497
f 5487 5491 5502
f 5476 5502 5488
f 5557 5544 5550
f 5523 5550 5544
f 5520 5544 5551
f 5509 5551 5545
f 5539 5545 5552
f 5530 5552 5553
f 5532 5553 5562
f 5524 5562 5554
f 5526 5554 5546
f 5534 5546 5547
f 5542 5547 5548
f 5512 5548 5549
f 5521 5549 5557
f 5516 5557 5558
f 5522 5558 5550
f 5545 5555 5552
f 5554 5553 5546
f 5548 5555 5556
f 5549 5556 5557
f 5505 5559 5560
f 5538 5560 5561
f 5503 5561 5559
f 5553 5554 5562
f 5602 5599 5604
f 5603 5599 5602
f 5589 5592 5594
f 5591 5594 5593
f 5587 5593 5592
f 5566 5602 5606
f 5583 5595 5602
f 5580 5596 5595
f 5574 5597 5596
f 5573 5598 5597
f 5563 5599 5598
f 5564 5604 5599
f 5567 5600 5604
f 5571 5601 5600
f 5572 5605 5601
f 5570 5606 5605
f 5598 5603 5597
f 5578 5607 5609
f 5584 5609 5608
f 5585 5608 5607
f 5717 5716 5719
f 5736 5714 5713
f 5635 5738 5711
f 5636 5711 5712
f 5624 5712 5713
f 5625 5713 5714
f 5688 5714 5715
f 5673 5715 5716
f 5666 5716 5717
f 5663 5717 5718
f 5665 5718 5719
f 5669 5719 5704
f 5670 5704 5705
f 5672 5705 5721
f 5674 5721 5722
f 5697 5722 5723
f 5612 5723 5724
f 5627 5724 5725
f 5637 5725 5726
f 5647 5726 5727
f 5655 5727 5728
f 5658 5728 5729
f 5659 5729 5706
f 5651 5706 5707
f 5641 5707 5730
f 5643 5730 5731
f 5630 5731 5732
f 5617 5732 5708
f 5699 5708 5733
f 5701 5733 5734
f 5681 5709 5710
f 5687 5710 5736
f 5622 5736 5737
f 5633 5737 5738
f 5704 5715 5705
f 5705 5720 5721
f 5706 5729 5727
f 5706 5727 5730
f 5709 5722 5735
f 5710 5735 5714
f 5710 5714 5736
f 5739 5678 5734
f 5740 5677 5734
f 5734 5741 5679
f 5741 5734 5709
f 5742 5680 5709
f 5872 5871 5890
f 5755 5893 5846
f 5768 5846 5847
f 5783 5847 5848
f 5784 5848 5871
f 5772 5871 5849
f 5758 5849 5850
f 5830 5850 5873
f 5843 5874 5875
f 5754 5875 5893
f 5842 5876 5851
f 5826 5851 5852
f 5802 5852 5853
f 5801 5853 5854
f 5813 5854 5855
f 5834 5855 5880
f 5835 5880 5856
f 5816 5856 5881
f 5817 5881 5882
f 5805 5882 5857
f 5796 5857 5858
f 5790 5858 5859
f 5791 5859 5860
f 5793 5860 5861
f 5800 5861 5862
f 5809 5862 5863
f 5821 5863 5887
f 5823 5887 5888
f 5838 5888 5864
f 5743 5864 5889
f 5747 5889 5890
f 5773 5890 5865
f 5786 5865 5866
f 5787 5866 5891
f 5788 5891 5867
f 5789 5867 5868
f 5779 5868 5869
f 5763 5869 5893
f 5749 5893 5876
f 5846 5893 5870
f 5851 5876 5877
f 5852 5877 5878
f 5853 5878 5879
f 5854 5879 5855
f 5856 5888 5881
f 5857 5882 5883
f 5858 5883 5884
f 5859 5884 5894
f 5860 5894 5885
f 5862 5885 5886
f 5863 5886 5887
f 5864 5888 5880
f 5868 5892 5870
f 5873 5895 5831
f 5828 5873 5874
f 5874 5829 5896
f 5873 5828 5897
f 5974 5979 5978
f 5970 5967 5971
f 5967 5960 5972
f 5932 5964 5983
f 5931 5983 5959
f 5923 5959 5982
f 5913 5982 5981
f 5902 5981 5965
f 5958 5965 5966
f 5955 5966 5960
f 5952 5960 5967
f 5950 5967 5968
f 5944 5968 5969
f 5949 5969 5970
f 5947 5970 5971
f 5951 5971 5972
f 5956 5972 5961
f 5921 5961 5974
f 5929 5974 5975
f 5943 5975 5976
f 5942 5976 5977
f 5941 5977 5978
f 5936 5978 5979
f 5928 5979 5980
f 5920 5980 5973
f 5908 5973 5965
f 5906 5965 5962
f 5918 5962 5963
f 5927 5963 5983
f 5934 5983 5984
f 5939 5984 5964
f 5961 5973 5980
f 5961 5980 5974
f 5962 5981 5982
f 5963 5982 5983
f 6049 6031 6042
f 6003 6028 6040
f 6007 6040 6029
f 6008 6029 6030
f 6009 6030 6031
f 6004 6031 6032
f 5998 6032 6043
f 5990 6043 6044
f 6023 6044 6033
f 6014 6033 6034
f 6011 6034 6047
f 6012 6047 6048
f 6016 6048 6035
f 6018 6035 6036
f 5991 6036 6037
f 6001 6037 6038
f 6006 6038 6039
f 6002 6039 6028
f 6029 6041 6042
f 6032 6031 6049
f 6032 6049 6043
f 6033 6045 6046
f 6034 6046 6047
f 6036 6045 6049
f 6037 6049 6050
f 6038 6050 6039
f 5987 6051 6052
f 6021 6052 6053
f 5985 6053 6051
f 6052 6054 6053
f 6177 6176 6198
f 6175 6174 6201
f 6179 6178 6183
f 6077 6172 6173
f 6078 6173 6174
f 6070 6174 6154
f 6060 6154 6155
f 6057 6155 6156
f 6144 6156 6157
f 6132 6157 6158
f 6120 6158 6159
f 6121 6159 6180
f 6107 6180 6181
f 6085 6181 6182
f 6087 6182 6160
f 6122 6160 6184
f 6133 6184 6185
f 6136 6186 6187
f 6138 6187 6188
f 6125 6188 6161
f 6110 6161 6189
f 6111 6189 6162
f 6101 6162 6163
f 6081 6163 6190
f 6082 6190 6191
f 6083 6191 6192
f 6084 6192 6164
f 6094 6164 6165
f 6096 6165 6193
f 6103 6193 6194
f 6104 6194 6166
f 6106 6166 6167
f 6118 6167 6196
f 6129 6196 6168
f 6131 6168 6196
f 6140 6196 6197
f 6150 6197 6205
f 6055 6205 6169
f 6056 6169 6170
f 6061 6170 6171
f 6062 6171 6200
f 6069 6200 6201
f 6075 6201 6172
f 6154 6175 6176
f 6155 6176 6177
f 6156 6177 6178
f 6157 6178 6179
f 6158 6179 6180
f 6160 6183 6184
f 6162 6189 6193
f 6163 6193 6192
f 6163 6192 6190
f 6164 6192 6193
f 6166 6189 6195
f 6205 6206 6198
f 6169 6198 6199
f 6171 6199 6200
f 6147 6202 6185
f 6186 6203 6147
f 6152 6204 6205
f 6153 6207 6205
f 6287 6299 6300
f 6282 6291 6306
f 6291 6290 6307
f 6286 6298 6299
f 6284 6283 6292
f 6283 6282 6292
f 6212 6267 6282
f 6213 6282 6283
f 6260 6283 6264
f 6247 6264 6285
f 6246 6285 6265
f 6261 6265 6266
f 6215 6266 6288
f 6214 6288 6289
f 6228 6289 6290
f 6226 6290 6267
f 6251 6269 6268
f 6256 6293 6269
f 6263 6294 6293
f 6257 6270 6294
f 6249 6271 6270
f 6239 6296 6271
f 6240 6297 6296
f 6236 6272 6297
f 6237 6273 6272
f 6241 6274 6273
f 6242 6275 6274
f 6250 6276 6275
f 6208 6277 6276
f 6216 6278 6277
f 6217 6301 6278
f 6222 6302 6301
f 6223 6279 6302
f 6229 6304 6279
f 6230 6305 6304
f 6231 6280 6305
f 6219 6281 6280
f 6210 6268 6281
f 6267 6291 6282
f 6264 6284 6285
f 6265 6286 6287
f 6266 6287 6288
f 6269 6284 6292
f 6271 6295 6270
f 6273 6297 6272
f 6275 6298 6274
f 6276 6299 6298
f 6277 6300 6299
f 6279 6303 6302
f 6280 6307 6305
f 6281 6306 6307
f 6268 6292 6306
f 6296 6285 6284
f 6290 6289 6303
f 5210 5209 5202
f 6341 6371 6381
f 6371 6341 6337
f 6371 6336 6333
f 6382 6332 6327
f 6322 6384 6383
f 6319 6385 6384
f 6368 6386 6385
f 6397 6387 6386
f 6387 6363 6360
f 6359 6388 6387
f 6354 6372 6388
f 6350 6389 6372
f 6348 6373 6389
f 6346 6390 6373
f 6353 6374 6390
f 6357 6375 6374
f 6361 6366 6376
f 6365 6377 6376
f 6369 6391 6377
f 6320 6392 6391
f 6320 6325 6392
f 6331 6393 6392
f 6329 6378 6393
f 6335 6379 6378
f 6343 6395 6379
f 6345 6380 6395
f 6344 6381 6380
f 6371 6394 6381
f 6378 6396 6393
f 6379 6382 6396
f 6335 6334 6379
f 6402 9449 6398
f 6398 7558 6399
f 7558 7559 6400
f 6401 6399 6405
f 6399 8324 6403
f 6408 6404 6401
f 6405 6403 6407
f 6406 6405 6409
f 6411 6408 6406
f 6409 6407 6410
f 6412 6409 6413
f 7896 6411 6412
f 6413 6410 6414
f 6415 6413 6416
f 6419 8343 6415
f 6416 6414 6418
f 6417 6416 6421
f 6425 6419 6420
f 6421 6418 6422
f 6420 6421 6423
f 6429 6425 6426
f 6426 6423 6427
f 6423 6424 6428
f 6436 6431 6430
f 6430 6427 6432
f 6427 6428 6433
f 6434 6432 6435
f 6437 6435 6438
f 6435 7891 10333
f 6440 6436 6437
f 6439 6438 6441
f 6446 6440 6442
f 6442 6441 6444
f 6441 9355 6443
f 6444 6443 6445
f 6442 6444 6448
f 6451 6446 6447
f 6447 6448 6449
f 6448 6445 6450
f 6454 6451 6452
f 6449 6450 6453
f 6452 6449 6455
f 6456 6454 6452
f 6455 6453 11413
f 6459 6456 6457
f 6457 6455 6461
f 6461 6458 6462
f 6460 6461 6465
f 6468 6463 6464
f 6464 6465 6466
f 6465 7719 6467
f 6466 6467 6470
f 11502 6468 6469
f 6469 6466 6471
f 6466 6470 6473
f 6476 11502 6472
f 6472 6471 6474
f 6475 6474 6477
f 6482 6476 6479
f 6479 6477 6480
f 6480 6478 6481
f 6487 6482 6483
f 6483 6480 6485
f 6480 6484 6486
f 6485 6486 6489
f 6488 6485 6490
f 7932 10551 6492
f 6492 6490 6493
f 6496 7932 6492
f 6493 6491 6495
f 6499 6496 6494
f 6494 6493 6497
f 6498 6497 6501
f 6497 6495 6502
f 6506 6499 6500
f 6500 6501 6504
f 6504 6502 6505
f 6503 6504 6507
f 10591 6506 6503
f 6507 10533 6508
f 6509 6507 6510
f 6507 6508 11504
f 6509 6510 6512
f 6510 6511 6513
f 6516 6514 6515
f 6515 6512 6517
f 6512 8457 10569
f 6521 6516 6518
f 6517 10569 6519
f 6518 6517 6520
f 6518 6520 6523
f 6520 6519 6524
f 6528 6521 6522
f 6522 6523 6525
f 6527 6525 6529
f 6525 6526 6531
f 11552 6528 6530
f 6530 6529 6532
f 6534 11552 6530
f 6532 6531 6533
f 6535 6532 6537
f 6540 6538 6536
f 6536 6537 6542
f 6537 6533 6539
f 6543 6540 6541
f 6541 6542 6545
f 8487 6543 6544
f 6544 6545 6547
f 6545 10620 6548
f 6550 8487 6549
f 6549 6547 6551
f 6547 6548 6552
f 10647 6550 6553
f 6553 6551 6554
f 6554 6552 6555
f 6556 10647 6553
f 6553 6554 6558
f 6554 6555 12686
f 6557 6558 6559
f 6562 6560 6561
f 6561 6559 6564
f 6568 6562 6563
f 6563 6564 6569
f 6564 6565 6566
f 6569 6566 6570
f 6572 6568 6567
f 6567 6569 6571
f 10679 6572 6573
f 6571 6570 6574
f 6573 6571 6576
f 6576 6574 10666
f 6579 7755 6575
f 6575 6576 6577
f 6577 6578 6584
f 6581 6579 6580
f 6580 6577 6583
f 6587 6581 6582
f 6582 6583 6586
f 6583 6584 8530
f 6585 6586 6588
f 6591 6587 6585
f 6590 6588 6592
f 6588 6589 11589
f 10722 6591 6593
f 6593 6592 6595
f 6595 6594 7758
f 6599 6596 6597
f 6597 6595 6598
f 6604 6599 6600
f 6600 6598 6602
f 6602 6601 6603
f 6606 6604 6605
f 6605 6602 6608
f 6614 6609 6607
f 6607 6608 6611
f 6608 9647 6610
f 6611 6610 6613
f 6612 6611 6616
f 6619 6614 6615
f 6615 6616 6618
f 6616 6617 6621
f 6625 6619 6620
f 6620 6618 6622
f 6622 6621 6624
f 6623 6622 6626
f 6628 6625 6623
f 6623 6626 6630
f 6626 6624 6627
f 6635 6628 6629
f 6630 6631 6634
f 6632 6630 6633
f 6632 6633 6636
f 6633 6634 6637
f 7791 6638 6639
f 6639 6636 6640
f 6636 6637 6641
f 6642 6640 6643
f 6647 8627 6642
f 6642 6643 6645
f 6651 6647 6644
f 6644 6645 6648
f 6645 6646 6650
f 6649 6648 6652
f 6648 6650 6655
f 6653 6651 6649
f 6658 6656 6654
f 6654 6652 6657
f 6652 6655 6660
f 6663 6658 6659
f 6659 6657 6661
f 6657 6660 6662
f 6664 6661 6666
f 6669 6665 6664
f 6666 6662 6668
f 6667 6666 6670
f 6673 6669 6667
f 6670 6668 6672
f 6674 6670 6671
f 6675 6673 6674
f 6674 6671 6676
f 6671 6672 11627
f 6679 6675 6674
f 6676 11627 6678
f 7972 6679 6677
f 6677 6676 6680
f 6680 6678 11633
f 6685 6682 6681
f 6681 6680 6683
f 6684 6683 6686
f 6683 11633 6687
f 6688 6684 6686
f 6691 6685 6688
f 6689 6687 6690
f 6692 6688 6689
f 6697 6691 6692
f 6694 6692 6693
f 6693 6690 6696
f 6700 6694 6695
f 6695 10809 6699
f 6701 7976 6700
f 6698 9821 6703
f 6702 6700 6698
f 6708 6701 6702
f 6706 6702 6704
f 6704 6703 10839
f 6709 6707 6710
f 6711 6708 6706
f 6714 6706 6709
f 6717 6711 6714
f 6715 6713 6716
f 6718 6714 6715
f 6715 6716 6719
f 6722 6718 6720
f 6725 6721 6722
f 6720 6719 6723
f 6728 6725 6722
f 6726 6722 6724
f 6724 6723 6727
f 6731 6726 6729
f 6729 6727 6732
f 6733 6732 8030
f 6734 12703 6731
f 6735 6731 6733
f 6733 8030 6737
f 6739 6734 6735
f 6740 6735 6736
f 6746 6742 6740
f 6743 6740 6744
f 6744 6741 6745
f 8043 6746 6743
f 6747 6743 6744
f 6744 6745 6748
f 6750 6747 6749
f 6749 6748 6752
f 12736 8043 6750
f 6753 6750 6751
f 6755 6753 6754
f 6758 12420 6755
f 6761 6755 6756
f 6756 6757 6760
f 6763 6758 6761
f 6764 6762 6767
f 6765 6761 6764
f 6770 6763 6765
f 6768 6765 6766
f 6766 6767 6769
f 6772 6768 6771
f 6771 6769 7832
f 8826 7829 6772
f 6775 6772 6773
f 6774 7832 12481
f 7828 8826 6775
f 6777 6775 6776
f 12455 7828 6777
f 6780 6777 6779
f 6779 6778 9961
f 6784 12455 6780
f 6782 6780 6781
f 6787 6784 6782
f 6786 6782 6783
f 6790 6786 6788
f 6792 6789 6790
f 6795 6792 6790
f 6796 6790 6791
f 6791 11791 6794
f 6793 6794 6798
f 6799 6796 6797
f 6802 12766 6799
f 6800 6798 6801
f 6803 6799 6800
f 6807 6802 6803
f 6805 6803 6804
f 6804 6801 6806
f 6809 6807 6805
f 6811 6805 6808
f 6808 6806 11035
f 6813 6809 6811
f 6815 6811 6814
f 6818 9973 6815
f 6819 6815 6817
f 6817 6816 6820
f 6823 6818 6819
f 6821 6820 6822
f 6824 6819 6821
f 6828 6823 6824
f 6829 6824 6827
f 6827 6826 6831
f 11031 6828 6829
f 6832 6829 6830
f 6830 6831 6834
f 6839 6832 6835
f 6843 6837 6839
f 6842 6839 6840
f 6844 6841 6845
f 6848 6843 6842
f 6846 6842 6844
f 6847 6845 11106
f 6849 6846 6847
f 6851 6849 6850
f 6853 6851 6854
f 6854 11810 6858
f 6855 6853 6856
f 6859 9995 6855
f 6857 6855 6856
f 6865 6859 6857
f 6862 6857 6860
f 6860 6858 6861
f 6866 6865 6862
f 6867 6862 6863
f 6863 6864 6869
f 12827 6866 6867
f 6870 6867 6868
f 6876 12827 6870
f 6874 6870 6871
f 6871 6872 6873
f 7854 6876 6874
f 6875 6873 6877
f 6878 6874 6879
f 6879 6877 12897
f 6882 6878 6879
f 6879 12897 6881
f 6884 6880 6882
f 6883 6881 11149
f 6885 6882 6883
f 6890 6884 6885
f 6887 6885 6886
f 6886 11149 6889
f 11108 6890 6887
f 6892 6887 6891
f 6891 7875 6893
f 6894 6893 6895
f 6896 11108 6892
f 6897 6892 6894
f 7851 6896 6897
f 6898 6895 7874
f 6899 6897 6898
f 6902 7851 6899
f 6903 6899 6901
f 6905 6903 6904
f 11133 11903 6905
f 6908 6905 6906
f 6909 6907 6910
f 6912 11133 6908
f 6911 6908 6909
f 6913 6910 6914
f 6915 6912 6911
f 6917 6911 6913
f 6916 6914 6918
f 6920 6915 6917
f 6921 6917 6919
f 6924 6920 6921
f 6923 6921 6922
f 6922 12626 6927
f 6926 6923 6925
f 6928 6924 6926
f 6925 6927 6930
f 6931 6926 6929
f 6933 6931 6932
f 6932 6930 6934
f 6936 6933 6935
f 6935 6934 6937
f 6941 6936 6939
f 6939 6937 6940
f 6942 6940 6944
f 6947 6943 6941
f 6948 6941 6942
f 6945 6946 10200
f 6949 6948 6950
f 6951 11182 6949
f 6952 6949 6950
f 6954 6951 6952
f 6953 10199 6957
f 6955 6952 6953
f 6959 6954 6955
f 6958 6955 6956
f 6960 6957 6961
f 6962 6958 6960
f 6964 10128 6962
f 6965 6962 6963
f 6963 6961 6967
f 6968 6964 6965
f 6969 6965 6966
f 6970 6967 11263
f 6971 6968 6969
f 6972 6969 6970
f 6976 6971 6972
f 6977 6972 6973
f 6973 11263 6975
f 6978 6980 8129
f 6979 6978 6977
f 6982 6984 6980
f 6983 6982 6978
f 6986 6985 6982
f 6981 12017 6986
f 6986 6988 6985
f 12017 6989 6986
f 6992 6991 6988
f 6989 8130 6992
f 6991 6993 6990
f 6994 6996 6993
f 6995 6994 6991
f 8130 6997 6995
f 6999 6998 6994
f 6997 7000 6999
f 6998 9046 6996
f 7001 7002 6998
f 7000 7003 7001
f 7002 7006 9046
f 10191 7005 7004
f 7007 7008 7002
f 7005 7010 7007
f 7009 7011 7008
f 7011 7014 10123
f 7010 12637 7012
f 7012 7015 7011
f 7015 7017 7014
f 7018 7020 7015
f 7021 7023 7020
f 7019 10180 7021
f 7023 7026 7022
f 10180 7024 7021
f 7024 7025 7027
f 7028 7029 7026
f 7027 7028 7023
f 7025 10159 7027
f 7031 7033 7029
f 7030 7031 7028
f 10159 7032 7030
f 7034 7036 7031
f 7032 7035 7034
f 7036 7040 7037
f 7038 7041 7036
f 7035 7039 7038
f 7041 11127 7040
f 9066 7868 7044
f 7043 7045 11127
f 7044 7043 7041
f 7047 7046 7043
f 7046 7050 7045
f 7049 7051 7046
f 11192 7052 7049
f 7051 7055 10072
f 7052 7054 7053
f 7058 7057 7055
f 7056 7058 7051
f 7054 7059 7056
f 7061 7063 7057
f 7060 7061 7058
f 7059 7062 7060
f 7066 7068 7063
f 7064 7066 7061
f 7062 7065 7064
f 7065 10113 7067
f 7072 7074 7068
f 7070 7072 7066
f 7073 7076 7072
f 7071 7075 7073
f 7075 7079 7078
f 7078 7077 7076
f 7082 7081 7077
f 7079 7084 7082
f 7083 7087 7081
f 7084 7086 7083
f 7087 8952 7085
f 7088 7090 7087
f 7086 7091 7088
f 7093 7095 7089
f 7092 7093 7090
f 7091 7094 7092
f 7097 7100 7095
f 7096 7097 7093
f 7094 7099 7096
f 7098 7101 7097
f 7102 7104 7101
f 7099 7103 7102
f 7106 7107 7104
f 7107 7110 7105
f 7111 7114 7110
f 7112 7111 7107
f 7113 7116 7115
f 7117 7119 7114
f 7115 7117 7111
f 7116 7118 7115
f 7120 7122 7119
f 7121 7120 7117
f 7123 7124 7120
f 8911 7126 7123
f 7124 7127 7122
f 7125 7128 7124
f 7126 7129 7125
f 7128 7131 8879
f 7132 7134 7131
f 7130 7132 7128
f 7129 7133 7130
f 7135 7139 7134
f 7136 7135 7132
f 7133 7138 7136
f 7137 7140 7135
f 7140 11017 7139
f 7141 7142 7140
f 7142 7145 11017
f 7143 7146 7142
f 11039 7144 7143
f 7146 7149 7145
f 7144 7148 7147
f 7150 10993 7149
f 7151 7150 7146
f 7148 7153 7151
f 7152 7154 7150
f 7154 7157 10993
f 7156 7155 7154
f 7155 7831 7157
f 11005 8851 7159
f 7159 7158 7155
f 7158 7162 7831
f 8851 7161 7160
f 7160 7163 7158
f 7163 7165 7162
f 7164 7166 7163
f 7167 7170 7166
f 7168 7171 7167
f 7170 7174 7169
f 7172 7175 7170
f 7171 7173 7172
f 7175 7176 7174
f 7173 10975 7172
f 7178 12439 7176
f 7177 7178 7175
f 10975 7179 7177
f 7830 7182 7181
f 7183 7185 8820
f 7181 7183 7178
f 7182 7186 7184
f 7184 7187 7183
f 7187 7188 7185
f 7186 7190 7189
f 7191 8047 7188
f 7189 7191 7187
f 7191 7193 8047
f 7190 7195 7192
f 7194 7196 7193
f 7192 7194 7191
f 7198 7197 7194
f 7195 7827 7198
f 7197 11752 7196
f 7199 7200 7197
f 12416 7201 7199
f 7203 7205 7202
f 7204 7203 7200
f 7207 7208 7205
f 7206 7207 7203
f 11739 7210 7206
f 7209 10915 7208
f 7211 7209 7207
f 7211 7213 7209
f 7210 8791 7211
f 7213 7217 7212
f 8791 7216 7214
f 7214 7215 7213
f 7215 7221 7217
f 7216 7219 7218
f 7218 7220 7215
f 7219 7223 7218
f 7224 7226 7221
f 7222 7224 7220
f 7223 7227 7225
f 7228 7231 7226
f 7229 7228 7224
f 7227 7230 7229
f 7233 7235 7231
f 7232 7233 7228
f 7230 7234 7232
f 7234 7237 7236
f 7236 7238 7233
f 7237 7240 7236
f 7239 7241 7238
f 7241 7243 10819
f 7242 7244 7241
f 11654 8723 7242
f 7244 9816 7243
f 7245 7246 7244
f 7246 7249 9816
f 7248 7250 7246
f 7247 7252 7248
f 7250 7253 7973
f 7255 7256 7253
f 7251 7255 7250
f 7252 7254 7251
f 7255 7259 7256
f 7260 12381 7259
f 7257 7261 7260
f 7258 7263 7261
f 7261 7264 7262
f 7264 7266 7265
f 7263 10787 7266
f 7271 7270 7267
f 7266 7268 7271
f 10787 7269 7268
f 7271 7274 7270
f 7268 7272 7271
f 7269 7273 7272
f 7275 7276 7274
f 7272 7277 7275
f 7275 7279 7276
f 8676 7280 7277
f 7278 7282 7279
f 7277 7281 7278
f 7280 7283 7281
f 7281 7285 7284
f 7284 7288 7282
f 7286 7287 7285
f 7289 7291 7288
f 7285 7290 7289
f 7292 7294 7291
f 7290 7293 7292
f 9725 7296 7293
f 7298 7297 7294
f 7293 7295 7298
f 7298 7300 8646
f 7295 7299 7298
f 7296 7302 7299
f 7299 7303 7301
f 7301 7304 7300
f 7305 7307 7304
f 7302 7306 7303
f 7303 7308 7305
f 7309 7311 7307
f 7306 7310 7308
f 7308 7312 7309
f 7309 7314 7311
f 7312 7315 7316
f 7313 7317 7315
f 7316 7318 7314
f 7319 7322 7318
f 7315 7320 7319
f 7326 7325 7322
f 7320 7323 7326
f 7321 7324 7323
f 7323 7328 7326
f 7324 7329 7328
f 7330 11602 7327
f 7328 7331 7330
f 7329 7332 7331
f 7332 11595 7331
f 7334 7336 7333
f 7331 7335 7334
f 7335 7338 7337
f 7337 9648 7336
f 7760 7339 7338
f 7338 7341 7340
f 7340 7343 9648
f 7344 7346 7343
f 7341 7345 7344
f 7342 7348 7345
f 7347 7350 7346
f 7345 7349 7347
f 7351 7354 7350
f 7349 7353 7351
f 7348 7352 7353
f 7353 7356 7355
f 7355 7358 10700
f 7359 7362 7358
f 7356 7360 7359
f 7363 7757 7362
f 7360 7364 7363
f 7361 12269 7364
f 7366 7370 7365
f 7364 7367 7366
f 12269 7369 7367
f 7367 7371 7368
f 7372 7374 7370
f 7371 7375 7372
f 7369 7373 7375
f 7376 7378 7374
f 7373 7377 7375
f 7375 7379 7376
f 7381 7383 7378
f 7377 7380 7379
f 7379 7382 7381
f 7380 7385 7382
f 7384 7387 7383
f 7382 7386 7384
f 7385 7390 7386
f 7388 7391 7387
f 7386 7389 7388
f 7390 7393 7389
f 7389 7395 7392
f 7393 7748 7395
f 7395 7397 7396
f 7396 7399 7394
f 7397 7400 7398
f 9567 7401 7400
f 7402 7403 7399
f 7400 7404 7402
f 7402 7406 7403
f 7401 10593 7404
f 7404 7407 7405
f 10593 7408 7407
f 7409 9596 7406
f 7408 9530 7407
f 7407 7410 7409
f 9530 7412 7410
f 7411 7414 9596
f 7410 7413 7411
f 7417 7416 7414
f 7412 7415 7413
f 7413 7418 7417
f 7415 7419 7418
f 7420 7423 7416
f 7418 7421 7420
f 7419 7422 7421
f 7424 7426 7423
f 7421 7427 7424
f 7422 7425 7427
f 7425 7428 7427
f 7429 12249 7426
f 7427 7431 7429
f 7428 7430 7431
f 7431 7434 7433
f 7433 7436 7432
f 7434 7435 7433
f 7437 7440 7436
f 7435 7438 7437
f 7438 7442 7441
f 7439 7443 7442
f 7444 7448 9547
f 7442 7445 7444
f 7445 7449 7446
f 7450 7453 7448
f 7449 7451 7450
f 7447 7452 7451
f 7454 7455 7453
f 7451 7456 7454
f 7457 7746 7455
f 7456 7458 7457
f 7458 7461 7460
f 7459 10409 7461
f 7461 7465 7464
f 10409 7468 7465
f 7465 7467 7466
f 7466 7473 7469
f 7468 7470 7467
f 7467 7472 7471
f 7474 7476 7473
f 7472 7475 7474
f 7722 7479 7475
f 7475 7478 7477
f 7478 7482 7480
f 7479 7481 7482
f 7481 9411 7482
f 7482 7485 7484
f 7484 7489 7483
f 7485 7488 7487
f 7490 7493 7489
f 7488 7491 7490
f 10334 7492 7491
f 7494 7738 7493
f 7491 7495 7494
f 7492 7496 7495
f 7495 7499 7498
f 7713 7500 7499
f 7499 7501 7498
f 7503 7504 7497
f 7501 7505 7503
f 7502 7509 7505
f 7505 7508 7507
f 7508 7512 7511
f 7509 7513 7512
f 7511 11479 7510
f 7512 7514 7515
f 7514 7518 7515
f 7515 12162 7517
f 7518 7519 7521
f 7521 7524 12162
f 7519 7522 7521
f 7520 7523 7522
f 7522 7526 7525
f 7523 7527 7526
f 7529 7528 7726
f 7527 7530 7526
f 7526 7531 7529
f 7529 7532 7528
f 7530 9344 7531
f 7533 7535 7532
f 7531 7534 7533
f 9344 7537 7534
f 7534 7538 7540
f 7537 11396 7538
f 7538 7541 7540
f 7543 7545 7539
f 7541 7544 7543
f 7544 7546 7547
f 7547 7549 7545
f 8320 7548 7546
f 7546 7551 7550
f 7548 7552 7551
f 7550 7556 7549
f 7551 7553 7550
f 7553 7557 7554
f 7555 7559 7557
f 7557 7558 6398
f 9355 7889 7887
f 6443 7729 7902
f 6445 7902 7900
f 6445 7900 7907
f 6470 7911 7909
f 7981 6685 6691
f 7977 6691 6697
f 7667 7976 6701
f 7995 6701 6708
f 8034 8032 6732
f 12450 8067 6769
f 7852 7650 7854
f 7862 7875 6889
f 7063 7068 8119
f 7075 7855 8120
f 7849 11804 7109
f 7113 7842 8919
f 8911 7838 8100
f 7126 8100 8098
f 7185 7188 8051
f 12416 7826 9873
f 11739 11750 8041
f 7210 8041 8039
f 7243 9816 7975
f 7258 7822 7968
f 7269 7815 7814
f 8622 7785 7302
f 7785 7783 7306
f 7783 9690 7310
f 7773 7771 7324
f 7771 7767 7329
f 7766 11594 11595
f 7952 7374 7378
f 7751 7749 7393
f 7726 7893 7524
f 7559 7555 7878
f 7691 7692 7560
f 7695 7691 7562
f 7686 7564 7688
f 7941 7688 7938
f 7679 7565 7566
f 7678 7566 7967
f 7663 7567 7664
f 7654 7653 7656
f 9018 9022 7863
f 7859 7645 7857
f 7640 7574 7641
f 7574 7575 7642
f 7573 7572 7630
f 7632 7571 7633
f 7613 11678 7612
f 7594 7815 7606
f 7950 7951 7954
f 7561 7579 7582
f 12902 7873 7872
f 7699 7700 7703
f 7698 7699 7704
f 7562 7560 7693
f 7695 7562 7694
f 7689 7690 7697
f 7687 10615 7564
f 7565 7681 7682
f 7566 7682 7775
f 7669 8016 7670
f 7663 7661 7567
f 7659 7658 8071
f 7658 7657 7569
f 7653 7652 8064
f 12864 11113 10053
f 7639 7638 8120
f 7637 7636 7574
f 7636 7635 7575
f 7635 8944 8943
f 7628 7627 7572
f 7627 7626 7631
f 7625 7624 8098
f 7623 7622 7571
f 7597 8623 7803
f 7805 7803 7605
f 7573 7629 7849
f 7563 7584 7915
f 7742 7741 7561
f 7713 7582 7579
f 7698 7705 7743
f 10615 7687 7747
f 7791 7677 8626
f 7740 7580 7561
f 7713 7579 7725
f 7582 7713 7712
f 8069 7830 7179
f 7677 7790 7793
f 7698 7743 6463
f 8338 6425 6429
f 6519 8453 8464
f 6594 8542 10706
f 6621 6617 8577
f 6631 8586 9696
f 8611 8610 8613
f 6638 7791 8626
f 6650 8637 8654
f 6655 8652 8671
f 6660 8669 8667
f 6668 8682 8679
f 6672 8677 8687
f 6672 8687 8685
f 6745 8809 8807
f 6746 8043 8802
f 11791 8842 8849
f 6812 8856 8885
f 6816 9980 8883
f 6828 11031 8890
f 6831 8905 8938
f 6837 6843 8902
f 6843 6848 8899
f 9023 9065 6895
f 9065 9062 7874
f 9137 9160 6940
f 9049 11182 6951
f 9107 6951 6954
f 9105 6954 6959
f 9157 9154 6997
f 9154 9152 7000
f 9152 10189 7000
f 9151 9149 7005
f 9146 9143 7010
f 9045 9043 9145
f 9143 12636 12637
f 9043 10119 9142
f 10120 7014 7017
f 9001 7029 7033
f 9082 9080 7032
f 9080 9079 7032
f 9074 12577 9035
f 9077 9073 7035
f 9073 9070 7039
f 9072 9035 9033
f 7348 8546 8544
f 7348 8544 12281
f 7358 7362 8532
f 10409 8404 8415
f 7468 8414 8412
f 7470 8412 8410
f 7493 7738 8429
f 8346 6436 6440
f 8362 8360 7886
f 8359 6440 6446
f 8356 8375 7898
f 8353 6446 6451
f 8373 8371 11413
f 8370 7920 7918
f 8369 7918 10456
f 8396 7730 7744
f 6601 8556 8562
f 6601 8562 8560
f 8627 6647 8633
f 7971 7982 8709
f 7979 8718 8704
f 7992 8733 8745
f 6716 8764 8762
f 6719 8762 8760
f 6723 8760 8770
f 11766 8811 8810
f 8052 8814 8813
f 6785 8847 8843
f 8981 8978 6881
f 8978 7864 11149
f 11961 11962 7874
f 9024 8997 7054
f 8997 8995 7059
f 8995 8992 7062
f 8991 10096 7065
f 8949 7095 7100
f 8919 8910 7118
f 8036 8022 8772
f 7216 8788 8771
f 8019 8774 8765
f 8019 8765 10861
f 8009 8749 8740
f 8008 8740 7235
f 7800 7797 8643
f 7799 8661 8659
f 7806 7803 8639
f 7296 8641 8640
f 7318 7322 8594
f 7960 7959 8526
f 7959 7955 8522
f 7955 7954 8516
f 7948 8506 8498
f 7383 7387 8493
f 7943 8492 8489
f 7735 8400 8406
f 7739 7497 8435
f 8778 8777 10896
f 8780 8023 8024
f 10210 10211 7598
f 8621 10209 7597
f 8501 7951 7950
f 8731 7670 8016
f 8812 8815 7663
f 7631 7626 8913
f 8618 8623 7597
f 8504 8500 7591
f 8499 8502 7950
f 8798 8800 8045
f 8822 8821 7568
f 7739 8431 8428
f 8425 8429 7738
f 9440 8430 8424
f 11999 11998 8312
f 8151 8309 8310
f 8304 8131 8132
f 8303 8132 8302
f 8287 11588 11585
f 8262 8145 8144
f 8261 8144 8805
f 8148 8243 8244
f 9054 9055 8231
f 8236 10188 8223
f 8237 8153 8152
f 8204 8197 8146
f 8203 8204 8147
f 8190 8141 8142
f 9791 9793 8695
f 8178 8140 8139
f 8170 8165 8169
f 8134 8164 8165
f 8135 8163 8164
f 8313 8151 8310
f 8315 8307 8150
f 8131 8305 8306
f 8132 8306 8302
f 8471 10606 10600
f 8136 8287 8288
f 8271 8744 8741
f 8764 8763 8267
f 8145 8264 8265
f 8144 8265 8805
f 8246 8148 8244
f 8249 8956 8241
f 8153 8222 8221
f 8216 8218 8219
f 8147 8146 8198
f 8203 8147 8199
f 8141 8191 8192
f 8180 8620 10211
f 8140 8186 8187
f 8167 8546 8166
f 8171 8134 8170
f 8172 8135 8134
f 8133 8158 8157
f 8377 8367 8296
f 8379 8380 8392
f 8552 8553 8286
f 8245 9018 9020
f 8866 9163 8874
f 8133 8318 8446
f 8157 8428 8318
f 8325 8305 8131
f 8352 8348 8350
f 8365 8366 8295
f 8382 8381 8299
f 8552 8136 8289
f 9163 8865 8874
f 8944 8948 8949
f 8911 8198 8146
f 9542 8162 8467
f 8451 8462 8161
f 8913 7841 8921
f 8920 7840 8912
f 8329 8300 8330
f 8334 9422 9418
f 7570 9161 9163
f 7622 9163 9161
f 7570 7634 9162
f 7633 7571 9161
f 6495 9479 9477
f 10533 9502 9518
f 6508 9517 10563
f 9595 9604 12686
f 6581 6587 9629
f 9894 7193 7196
f 7419 9537 9535
f 7516 9363 9361
f 7532 7535 9431
f 9345 9420 9429
f 7549 7556 9450
f 8324 9389 9387
f 9385 9382 6407
f 9382 9381 6410
f 9590 9587 6548
f 9587 9595 6555
f 9934 9942 12481
f 6880 6884 10079
f 10047 7085 8952
f 10046 10045 8111
f 10030 8105 8946
f 7144 9976 9975
f 11005 9969 9967
f 9915 9913 9914
f 9901 9886 7190
f 9881 7196 11752
f 9871 9874 7825
f 9864 9858 8042
f 9859 7208 10915
f 9856 9854 8037
f 9854 9847 8021
f 9846 9842 7219
f 9842 9839 7223
f 9840 8018 8017
f 9838 9836 7223
f 9836 9834 7227
f 9834 9831 7230
f 9831 9829 7230
f 9829 9828 7234
f 9828 9825 7237
f 9825 10830 7240
f 7523 9371 9413
f 11883 10086 11893
f 7857 7645 11894
f 7808 9763 9765
f 7737 9496 10201
f 9494 9499 7736
f 7961 9652 9653
f 9608 9606 7949
f 9407 9406 6424
f 9406 9405 6428
f 8327 9403 9401
f 9521 9554 8463
f 9573 6538 6540
f 8568 8573 9659
f 6613 9660 9667
f 6614 6619 9671
f 9665 10763 8569
f 9673 9682 8589
f 9678 9691 8604
f 9682 9681 8585
f 9691 6635 8603
f 6637 9694 9713
f 9714 8615 8612
f 6637 9713 9712
f 9722 8651 8649
f 9732 8647 6656
f 9771 6665 6669
f 9770 9768 8680
f 9773 6669 6673
f 9783 9779 8686
f 9778 6675 6679
f 9862 6742 6746
f 8900 8898 10005
f 8898 8897 10003
f 8932 10004 10002
f 8896 12796 10000
f 6866 12827 10057
f 8972 10058 10057
f 11108 6896 10074
f 6896 7851 10073
f 7851 6902 10095
f 10093 11133 6912
f 8975 10093 10092
f 10092 6912 6915
f 9014 10112 10111
f 10110 6920 6924
f 10149 9052 9051
f 11268 10199 11271
f 10126 10148 9096
f 10146 6964 6968
f 10114 7022 9005
f 10135 10137 9086
f 9951 7162 7165
f 9952 9950 9962
f 9944 9946 10960
f 9941 7169 7174
f 9937 9927 8829
f 9813 7253 7256
f 9811 9801 7252
f 8486 10641 9566
f 8402 8403 9490
f 10334 9436 9434
f 7492 9434 11447
f 8432 8437 9466
f 7502 12125 9358
f 8333 8301 9422
f 9643 9644 8554
f 6641 9709 9724
f 11637 9817 6696
f 9899 9897 6760
f 8067 9932 9930
f 12471 9960 8837
f 10027 8942 8940
f 9848 8775 9221
f 9809 9811 7252
f 9804 7256 7259
f 9717 7300 7304
f 9704 9685 7782
f 9685 9687 7782
f 9373 9372 7879
f 8586 8283 9692
f 10188 8236 10185
f 8216 10118 10116
f 8990 9241 10096
f 8206 9988 10204
f 8142 9756 9757
f 8609 9706 9702
f 10060 10061 8965
f 9006 8230 11924
f 8235 10181 10184
f 8206 10204 9986
f 9989 9985 10205
f 8192 9753 9756
f 8620 8180 9701
f 9539 9540 8465
f 9757 9761 7807
f 8657 9759 9753
f 9330 9331 9165
f 9336 9330 9164
f 9329 10424 9338
f 9326 9389 9378
f 9311 9310 9312
f 9294 9295 9693
f 9295 9296 9286
f 10197 10198 10196
f 9263 9265 9266
f 9262 9266 9177
f 9261 9177 9182
f 9260 9182 9269
f 9180 9254 9255
f 9178 9247 9248
f 9175 9240 10081
f 9176 9239 9240
f 9235 9173 9174
f 9236 9174 9237
f 9238 9231 10028
f 9215 9977 9974
f 9205 9206 9168
f 9204 9205 9169
f 9203 9204 9170
f 9640 9634 9633
f 9538 9195 9526
f 9543 9193 9167
f 9164 9165 9334
f 9336 9164 9335
f 9301 9300 11537
f 9285 9297 9284
f 11132 11128 10093
f 9264 10130 9265
f 9177 9267 9268
f 9182 9268 9269
f 9257 9180 9181
f 9258 9253 9180
f 9259 9252 9253
f 9250 9178 9179
f 9242 9175 10081
f 9243 9176 9175
f 9173 9234 9233
f 9174 9233 9232
f 9168 9742 9207
f 9169 9168 9208
f 9170 9169 9209
f 9203 9170 9210
f 9201 9669 9670
f 9543 9167 9192
f 9367 9165 9331
f 9423 9418 9336
f 9650 9651 9658
f 10050 9173 9235
f 10040 10039 9237
f 10020 10019 10017
f 9737 10207 9742
f 9473 9467 8448
f 9367 9369 9334
f 9582 9584 9314
f 9649 9650 9658
f 9654 9653 9652
f 9955 9957 9956
f 10080 10053 10056
f 10108 10130 9264
f 10191 9249 9179
f 10050 9234 9173
f 10038 10040 9237
f 10207 9736 9207
f 9726 9734 10208
f 9493 9185 9186
f 9497 9498 9341
f 9343 9342 9469
f 9445 9443 9342
f 10212 9454 9455
f 7321 9670 9669
f 9742 9741 9737
f 9256 10193 10194
f 9993 9984 9276
f 9973 12780 9275
f 9405 9404 9399
f 10203 9171 9216
f 10205 9217 9172
f 10203 10204 9215
f 10203 9172 9214
f 8139 10206 10207
f 8138 8176 10207
f 8187 10208 10206
f 8138 10206 10208
f 8140 8178 10209
f 8137 10211 10210
f 8186 8140 8137
f 9184 9457 10212
f 9457 10214 10213
f 8624 8640 8186
f 7624 7623 7632
f 8251 8937 8239
f 9323 9321 9320
f 10438 9187 10214
f 7336 9648 10728
f 10432 10431 7727
f 10430 6408 6411
f 10463 10461 7917
f 10460 6456 6459
f 10498 11502 6476
f 10493 6476 6482
f 10516 10514 7928
f 10508 7925 7922
f 10504 7922 7936
f 10618 10617 9593
f 9821 10820 10828
f 8736 7993 10837
f 6710 10858 10857
f 12420 6758 10927
f 8055 10929 10925
f 7863 11148 11149
f 7869 11169 11168
f 11065 7119 7122
f 11055 7122 7127
f 11054 11053 8099
f 11051 11049 7835
f 11050 11047 7133
f 10818 10819 7243
f 7333 7336 10743
f 8510 7947 10651
f 7380 10653 10639
f 10639 10638 7385
f 10638 10631 7390
f 11272 10868 7611
f 7707 10342 10343
f 10783 8590 8586
f 11000 10999 8848
f 10995 11003 11784
f 11001 11027 6801
f 11027 11020 6806
f 11023 8862 8860
f 11021 8860 8858
f 9056 9114 11231
f 10199 11269 11264
f 9102 9098 11250
f 9098 9097 11246
f 6971 6976 11216
f 10643 7394 7399
f 10643 10642 8484
f 10449 10411 7481
f 10412 8421 8419
f 10411 10372 9411
f 10450 6463 6468
f 8746 10857 10856
f 8743 8741 10849
f 8763 10856 10884
f 8759 8755 10871
f 8753 9844 10900
f 8056 10923 10928
f 10933 6758 6763
f 10931 10939 8813
f 11146 11147 9019
f 9131 11218 11214
f 7871 11166 11215
f 11071 7105 7110
f 8922 11067 11061
f 11045 11040 7138
f 11040 11038 7138
f 10903 7217 7221
f 10889 7221 7226
f 7774 10780 10754
f 12266 8521 8519
f 10669 8523 8517
f 7373 10667 10649
f 7377 10649 10652
f 10629 8490 8480
f 7394 10643 8481
f 10447 8408 8423
f 10446 10449 7479
f 8252 11059 11056
f 11100 11098 8956
f 8486 10642 10641
f 10556 6496 6499
f 10523 10521 9476
f 10531 9505 9504
f 10532 10528 6502
f 10553 6499 6506
f 10646 10647 6556
f 10646 10655 9609
f 10655 12698 12693
f 11571 10665 6574
f 10681 6579 6581
f 10597 7414 7416
f 10583 7416 7423
f 10582 10579 9536
f 10571 10570 7430
f 10570 10534 7430
f 10540 7448 7453
f 10420 7545 7549
f 10414 10418 9428
f 10380 10426 9451
f 10339 10341 7895
f 10338 10336 9383
f 10335 7894 10390
f 10390 10407 9390
f 10355 9397 9396
f 9381 10352 6414
f 10524 7936 7934
f 10721 6599 6604
f 9658 9657 10737
f 10915 10904 9855
f 10907 7212 7217
f 10845 8010 8007
f 10843 8007 8006
f 10842 10840 9827
f 10841 7991 7989
f 10830 10810 7240
f 7313 10772 10773
f 9677 10775 10777
f 10379 10376 9373
f 10404 10403 9395
f 10351 9391 9395
f 10350 10328 6418
f 8345 8344 10402
f 10399 10397 9393
f 8337 8338 10361
f 10365 6429 8351
f 10590 6514 6516
f 10612 10611 9565
f 10608 10607 6539
f 10688 9628 9626
f 10697 9638 9637
f 10698 10696 8543
f 10746 9663 9662
f 10747 8572 8573
f 10749 10767 9664
f 9860 10279 10921
f 10158 11224 11189
f 6968 6971 11220
f 6996 9046 11164
f 10988 10983 8850
f 10622 10621 7401
f 10621 10592 7401
f 10636 9202 9569
f 10585 7436 7440
f 10584 9540 10573
f 10542 10490 9490
f 10369 10334 7486
f 8341 10416 9421
f 10417 7539 7545
f 10386 9449 6402
f 10385 10387 9388
f 10352 10350 6414
f 10331 9401 10356
f 10357 8350 8349
f 9844 12702 10893
f 9851 9853 10913
f 9850 10317 10908
f 9849 10908 6742
f 10922 8803 8801
f 10812 10803 9810
f 10802 9814 9812
f 10625 8482 8485
f 10576 7746 7462
f 9227 10952 10951
f 9226 10950 10949
f 9186 10483 10484
f 9226 10947 10950
f 9185 10480 10483
f 10344 10307 10308
f 10302 10301 10300
f 10300 10299 10304
f 10271 11083 10270
f 10220 10252 10953
f 10219 10251 10252
f 10241 10242 10240
f 10237 10218 10236
f 10223 10217 10216
f 10980 10282 10283
f 10275 10997 10996
f 10253 10220 10953
f 10254 10219 10220
f 10218 10245 10246
f 10236 10246 10235
f 10217 10227 10228
f 10375 10308 10384
f 11273 10331 10363
f 10392 10312 10320
f 10434 10313 10321
f 10503 10304 10299
f 10454 10453 10315
f 10701 10703 10293
f 10284 10965 10964
f 11104 11105 11088
f 10221 11275 11121
f 10323 10318 11184
f 10323 11224 11223
f 11044 11042 11053
f 10953 10960 10961
f 10962 10251 10219
f 10541 10222 10216
f 10348 10347 10307
f 10378 8336 10384
f 10501 10513 10298
f 10753 10751 10322
f 10872 10850 10849
f 10834 10822 10824
f 10938 10937 10939
f 10937 10936 10934
f 11019 11028 10276
f 11104 11089 11087
f 10221 11120 11275
f 11175 11187 11183
f 10261 11248 11210
f 10262 11266 11267
f 11014 11015 11016
f 10814 10813 10812
f 10794 10792 10788
f 10235 10782 10781
f 10443 10441 10227
f 10541 10216 10228
f 12249 7432 10229
f 10955 10954 10949
f 11855 11119 11120
f 11117 11123 12870
f 11122 11858 11118
f 11083 11082 10215
f 10215 11085 11081
f 10273 11096 11090
f 10618 10619 10616
f 10511 10512 10501
f 11275 11274 8149
f 11275 8243 8148
f 11274 11276 8247
f 11274 8148 8246
f 11878 8118 8115
f 12879 11871 8122
f 11826 11824 7084
f 11825 8112 8110
f 11824 11822 7086
f 11822 11815 7091
f 11686 11687 10819
f 7613 11682 11678
f 11675 7674 7673
f 11729 8024 8023
f 7640 11827 11821
f 8120 7638 11820
f 11683 11681 10813
f 11732 11735 8024
f 8023 12718 11729
f 6798 11788 11780
f 8859 11769 12772
f 6910 11953 12587
f 9013 9011 11944
f 11228 9111 12004
f 6930 12003 12002
f 9111 9139 12001
f 6934 12002 12000
f 11499 11478 8418
f 11413 11368 11440
f 8728 11349 11664
f 7998 7997 11663
f 8724 11661 11690
f 6708 6711 11705
f 8737 11691 11702
f 8031 11725 11733
f 8027 11727 11737
f 11765 8806 8811
f 11764 11763 6752
f 11154 11901 11899
f 11465 11464 8298
f 8268 8143 11724
f 7795 11604 11606
f 9605 9609 11563
f 9609 12693 12694
f 11577 11582 6584
f 11402 11403 9366
f 11404 11406 7513
f 11431 7726 7528
f 11409 9432 9430
f 11554 7941 7938
f 9589 11554 11562
f 9586 11562 11560
f 10043 10041 11813
f 11814 11811 7094
f 10041 10028 11809
f 11811 11808 7099
f 11751 11743 11744
f 9558 9556 11531
f 9556 10609 11530
f 9720 9719 11603
f 8638 11605 11615
f 8637 11615 11613
f 9731 9730 11611
f 8653 11613 11610
f 6656 6658 11618
f 6658 6663 11617
f 6678 11624 11623
f 6924 6928 11928
f 9138 11997 11996
f 10152 10178 11992
f 10179 11993 11991
f 9047 9110 11986
f 12030 12026 11263
f 11491 9492 9500
f 11493 11499 8420
f 11472 11474 8416
f 11471 11470 9408
f 11470 11451 9433
f 11452 8441 8439
f 11459 9444 9438
f 11458 11418 7500
f 11419 9465 9462
f 11417 9462 9470
f 9798 11628 11644
f 6687 11630 11643
f 9798 9806 11638
f 8708 8705 11640
f 8705 8704 11652
f 11881 8125 8119
f 10028 10023 11807
f 11808 11806 7099
f 11806 11805 7103
f 10022 10017 11795
f 11487 11495 9485
f 11492 7473 7476
f 9332 11403 11401
f 9328 11388 11389
f 11610 11607 9751
f 9439 11445 11446
f 9328 11386 11388
f 9439 11442 11445
f 9439 11448 11442
f 11446 11450 9439
f 11720 6730 9843
f 9524 11522 12034
f 11545 11544 9309
f 8963 8961 11862
f 8961 12871 11860
f 6907 11955 11953
f 12626 12011 12009
f 12010 11236 11234
f 12008 11232 11230
f 6927 12009 12005
f 6930 12005 12003
f 9106 9104 11976
f 11964 11975 11265
f 11970 11969 6961
f 11966 11245 11244
f 11965 12027 6961
f 12027 12029 6967
f 8391 11485 11484
f 11667 8725 8739
f 11666 11698 10833
f 11708 10854 10847
f 10851 8013 11718
f 11718 11717 10885
f 11722 10901 10899
f 8982 11841 11845
f 10664 10661 11565
f 11566 11565 6566
f 10658 11572 11574
f 11565 11573 6570
f 11569 9613 9617
f 11582 11584 6584
f 10690 10689 11583
f 11584 11583 8530
f 11677 11679 7987
f 9523 11518 11528
f 10602 11534 12254
f 11583 11586 8528
f 11119 11855 11853
f 11852 11116 11114
f 8969 11853 11851
f 10075 10074 11829
f 11906 11905 11143
f 10074 10073 11910
f 11905 11910 11139
f 10077 10095 11907
f 11958 11130 12560
f 9008 9006 11914
f 10491 11510 11505
f 11506 7469 7473
f 8985 11839 11841
f 10078 10076 11832
f 10192 12012 12013
f 10884 10278 11715
f 11597 10218 10237
f 11570 11568 10295
f 10288 11696 11694
f 10261 11963 11329
f 11597 10245 10218
f 11018 11776 11774
f 11784 11782 11004
f 11485 11365 11469
f 11365 11366 11467
f 12767 12768 11767
f 11964 11326 11329
f 11330 11325 11326
f 11317 11286 11322
f 11286 11285 11323
f 11285 11314 11324
f 11306 11307 11282
f 11294 11278 11298
f 11293 11281 11292
f 11288 11280 11287
f 11364 11484 11363
f 11344 11667 11698
f 11334 11335 11336
f 11317 11316 11286
f 11316 11315 11285
f 11283 11282 11308
f 11305 11745 11302
f 11278 11297 11298
f 11281 11299 11300
f 11280 11289 11290
f 11935 12037 11943
f 11520 12035 12034
f 11359 11579 11580
f 11760 11759 11761
f 11381 11984 11983
f 11325 11330 11980
f 11802 11801 11794
f 11687 11306 11283
f 11384 11383 11279
f 11293 11456 11457
f 11399 11400 11280
f 11421 11422 11431
f 11935 11942 12037
f 11551 11537 11541
f 12032 12035 11520
f 11847 11848 11378
f 10221 11849 11846
f 11260 12019 12018
f 11330 11979 11980
f 11800 11802 11794
f 11687 11283 11309
f 11281 11457 11455
f 11476 11292 11300
f 11489 11488 11379
f 11400 11398 11289
f 11425 11287 11290
f 11422 11420 11431
f 11461 11432 11435
f 11394 11393 11389
f 11387 9349 11392
f 11601 11301 11600
f 11303 11302 11741
f 11676 11678 11682
f 12018 10195 12023
f 11761 8807 11758
f 11710 8754 11712
f 11551 12255 11537
f 12037 12036 8150
f 12037 8309 8151
f 12036 12038 8314
f 12036 8151 8313
f 12369 12368 7808
f 12367 7279 7282
f 8070 12502 12503
f 12522 8935 12823
f 6841 12522 12516
f 6845 12516 12514
f 6845 12514 12512
f 6845 12512 12510
f 9083 12582 12580
f 9037 12577 12579
f 12275 12268 7357
f 6478 12139 12150
f 8395 12158 12156
f 12362 7282 7288
f 12363 12361 8663
f 12358 7288 7291
f 12359 12357 8660
f 12356 7291 7294
f 12323 12324 7780
f 12322 8592 8598
f 12324 12320 7780
f 7779 12318 12316
f 12390 12388 8799
f 12352 12346 12345
f 12352 12343 12346
f 8191 8141 12349
f 12214 12211 8460
f 8460 12218 12215
f 12345 12354 12352
f 12425 12423 7195
f 12423 12421 7827
f 7510 11479 12146
f 11405 12137 12147
f 6762 12451 12448
f 12436 8820 7185
f 12437 12434 9916
f 9784 12378 12377
f 9777 12376 12375
f 12371 7276 7279
f 9775 12373 12370
f 9576 12262 12260
f 10141 10139 12621
f 9092 9090 12607
f 10180 12606 12604
f 9641 9640 12279
f 12288 12278 8545
f 12278 12076 8550
f 12271 9623 8536
f 9870 9280 12410
f 12351 12342 7789
f 12339 12336 8619
f 12602 12597 8215
f 9244 12595 12596
f 12644 12178 9481
f 12593 12591 10134
f 12176 12644 9481
f 12465 12472 9277
f 12292 10727 10726
f 12291 12294 7339
f 10509 10510 12153
f 6484 12156 12154
f 10505 10525 12169
f 6489 12165 12170
f 10981 12497 12496
f 6792 6795 12488
f 12266 8533 8521
f 10981 12496 12487
f 12313 8595 8581
f 10557 10554 12189
f 10522 12194 12192
f 10554 10552 12198
f 10529 12191 12199
f 6506 10591 12204
f 10565 12205 12226
f 10591 10590 12227
f 10525 10519 12167
f 9513 12222 12248
f 12293 10726 10725
f 12286 12283 8558
f 10935 10934 12440
f 12611 11949 11946
f 12611 12610 6918
f 9036 12574 12573
f 9364 12147 12143
f 12258 11551 11552
f 10918 9870 12412
f 12547 11869 11867
f 12548 12545 6858
f 12546 11867 11865
f 12545 12539 6861
f 12123 12122 9357
f 10095 6902 12568
f 12297 10744 10742
f 11897 12551 12550
f 9559 9562 12252
f 10264 12623 12622
f 11377 12524 12528
f 11909 11907 12559
f 11415 12132 12128
f 12126 12130 11414
f 12109 12104 12220
f 12099 12096 12097
f 12094 12518 12093
f 12086 12081 12085
f 12079 12080 12047
f 12068 12046 12067
f 12046 12045 12348
f 12044 12066 12348
f 12074 12064 12065
f 12043 12055 12056
f 12042 12213 12055
f 12040 12054 12213
f 12041 12053 12172
f 12051 12050 12134
f 12101 12095 12100
f 12048 12047 12087
f 12069 12070 12068
f 12070 12071 12046
f 12071 12072 12045
f 12073 12044 12045
f 12057 12043 12056
f 12214 12042 12043
f 12058 12040 12042
f 12059 12041 12172
f 12112 12110 12555
f 12110 12113 12555
f 12108 12186 12183
f 12419 12398 12399
f 12116 12386 12383
f 12391 12392 12386
f 12479 12100 12468
f 12504 12475 12476
f 12543 12541 12091
f 12118 12508 12519
f 12508 12118 12509
f 12085 12081 12577
f 12616 12612 12079
f 12090 12635 12634
f 12066 12044 12336
f 12646 12236 12228
f 12050 12129 12640
f 12115 12261 12253
f 12115 12263 12264
f 12419 12397 12398
f 12390 12391 12116
f 12098 12097 12484
f 12099 12492 12493
f 12090 12633 12635
f 12075 12062 12295
f 12235 12646 12228
f 12161 7452 12039
f 12197 12219 12216
f 12215 12218 12196
f 12280 8550 12076
f 12636 12629 12637
f 12602 12601 12591
f 12090 12631 12633
f 12628 7013 12637
f 12482 6795 12484
f 12098 12484 12766
f 12479 12477 12467
f 12392 12389 12386
f 12385 12388 12390
f 12536 12110 12112
f 12534 12113 12110
f 12533 12569 12566
f 12640 11295 11279
f 12640 12639 11278
f 12639 11279 11296
f 12639 12641 11297
f 12039 12642 12644
f 12059 12644 12642
f 12052 12643 12642
f 12053 12041 12642
f 9194 9166 12645
f 9167 9193 12647
f 9166 9191 12646
f 9192 9167 12645
f 7664 7567 12745
f 7567 7661 12743
f 12780 9973 6818
f 12781 12790 8882
f 12793 8895 8893
f 12807 12805 8937
f 12828 9995 6859
f 12828 12829 8964
f 12888 8968 8986
f 12888 12887 6877
f 12890 12889 7069
f 12755 12754 8818
f 12726 8143 8268
f 12754 12752 8818
f 8987 12889 12890
f 12801 8888 8903
f 12849 12848 10052
f 9594 12683 12682
f 9311 12682 12680
f 12803 12800 11097
f 12672 12696 6560
f 10662 12700 12649
f 11728 12719 12904
f 12721 12722 11734
f 12775 6802 6807
f 12773 6807 6809
f 12772 12777 8855
f 12885 11843 11835
f 11341 12713 12712
f 11727 12714 12716
f 11342 11284 12712
f 11377 11380 12865
f 12832 8931 8960
f 12833 12831 12513
f 12830 8960 8958
f 12831 12529 12511
f 12409 12408 12748
f 12404 12401 12740
f 12742 12405 12399
f 11102 12854 12857
f 12669 12648 12671
f 12730 12720 12714
f 12659 12660 12650
f 12658 12659 12651
f 12648 12670 12671
f 12667 12697 12672
f 12651 12650 12663
f 12658 12651 12664
f 12815 12675 12828
f 12669 12689 12690
f 12821 12653 12798
f 12824 12822 12657
f 12844 12843 12826
f 12652 12878 12877
f 12670 12648 12690
f 12842 12844 12826
f 12880 11877 12875
f 12843 12845 12826
f 12759 8810 12756
f 12753 8810 12749
f 12755 12757 12758
f 12717 12666 12665
f 12705 12710 12723
f 12666 12725 12716
f 9603 12671 12678
f 12669 12671 9603
f 12670 12679 12671
f 12904 12665 12716
f 12734 12742 12744
f 44 92 45
f 45 92 58
f 58 92 59
f 59 92 60
f 60 93 61
f 61 93 62
f 62 93 63
f 63 93 64
f 64 93 65
f 65 93 66
f 66 93 67
f 67 98 68
f 68 98 69
f 69 98 70
f 70 98 71
f 71 94 72
f 72 94 73
f 73 94 74
f 74 94 75
f 75 94 76
f 76 94 77
f 77 94 78
f 78 94 79
f 79 94 80
f 80 94 81
f 81 94 82
f 82 95 83
f 83 95 84
f 84 95 85
f 85 95 86
f 86 95 87
f 87 95 88
f 88 95 89
f 89 95 90
f 90 95 91
f 91 100 57
f 57 100 9
f 9 100 10
f 10 100 11
f 11 100 12
f 12 100 13
f 13 96 14
f 14 96 15
f 15 96 16
f 16 96 17
f 17 96 18
f 18 96 19
f 19 96 20
f 20 101 21
f 21 101 22
f 22 101 23
f 23 101 24
f 24 101 25
f 25 101 26
f 26 97 27
f 27 97 28
f 28 97 29
f 29 97 30
f 30 97 31
f 31 97 32
f 32 102 33
f 33 102 34
f 34 102 35
f 35 102 36
f 36 102 37
f 37 102 38
f 38 102 39
f 39 102 40
f 40 102 41
f 41 102 42
f 42 92 43
f 43 92 44
f 94 99 95
f 97 101 102
f 48 103 49
f 49 104 53
f 53 104 50
f 50 105 3
f 3 106 4
f 4 106 5
f 5 138 6
f 6 138 7
f 7 138 8
f 1 108 2
f 2 108 46
f 46 109 51
f 51 110 54
f 54 110 56
f 56 110 55
f 55 110 52
f 52 103 47
f 47 103 48
f 103 112 104
f 104 113 105
f 106 145 138
f 107 115 108
f 108 116 109
f 109 117 110
f 103 117 111
f 112 111 117
f 135 126 127
f 136 127 131
f 136 131 128
f 137 128 119
f 138 119 120
f 138 120 121
f 138 121 122
f 138 122 123
f 138 123 8
f 139 1 118
f 139 118 124
f 140 124 129
f 141 129 132
f 141 132 134
f 141 134 133
f 141 133 130
f 135 130 125
f 135 125 126
f 143 135 136
f 144 136 137
f 145 137 138
f 146 107 139
f 147 139 140
f 148 140 141
f 148 135 142
f 142 143 148
f 158 151 150
f 157 152 151
f 153 158 150
f 157 154 152
f 155 158 153
f 157 156 154
f 159 158 155
f 157 160 156
f 163 158 159
f 161 164 160
f 165 162 163
f 161 166 164
f 167 162 165
f 161 168 166
f 169 162 167
f 168 162 169
f 173 170 206
f 172 174 171
f 176 172 173
f 196 173 206
f 179 177 180
f 178 181 177
f 183 178 179
f 184 179 180
f 182 185 181
f 185 182 183
f 185 183 184
f 186 191 187
f 188 191 192
f 189 192 193
f 190 194 191
f 192 194 193
f 203 170 171
f 195 171 174
f 195 174 175
f 176 195 175
f 205 180 177
f 197 177 181
f 180 199 184
f 197 181 185
f 184 199 185
f 188 158 187
f 187 209 186
f 189 208 188
f 186 202 190
f 193 208 189
f 194 201 193
f 212 211 210
f 218 213 211
f 214 212 210
f 218 215 213
f 216 212 214
f 218 217 215
f 219 218 212
f 220 212 216
f 218 221 217
f 224 219 220
f 222 225 221
f 229 222 269
f 229 269 223
f 226 223 224
f 228 227 225
f 230 229 226
f 228 231 227
f 232 229 230
f 231 229 232
f 236 233 237
f 235 238 234
f 240 235 236
f 241 236 237
f 243 246 242
f 248 243 244
f 249 244 245
f 250 247 248
f 250 248 249
f 254 252 253
f 251 256 252
f 253 256 257
f 254 257 258
f 260 237 233
f 259 233 234
f 262 234 238
f 237 261 241
f 262 238 239
f 241 261 240
f 240 262 239
f 263 244 242
f 244 264 245
f 265 242 246
f 245 266 249
f 265 246 247
f 250 265 247
f 254 267 252
f 252 268 251
f 251 269 255
f 258 267 254
f 257 270 258
f 255 270 257
f 273 272 271
f 279 274 272
f 275 273 271
f 279 276 274
f 277 273 275
f 279 278 276
f 280 279 273
f 282 273 277
f 279 283 278
f 285 280 281
f 286 281 282
f 284 287 283
f 288 285 286
f 284 289 287
f 290 285 288
f 284 291 289
f 292 285 290
f 291 285 292
f 296 293 297
f 295 298 294
f 300 295 296
f 301 296 297
f 305 302 303
f 306 303 320
f 307 304 305
f 307 305 306
f 311 309 310
f 308 313 309
f 310 313 314
f 311 314 325
f 314 312 325
f 315 293 294
f 317 294 298
f 297 318 301
f 318 298 299
f 301 318 300
f 300 318 299
f 319 303 302
f 321 302 304
f 320 322 306
f 321 304 307
f 306 322 307
f 311 323 309
f 309 280 308
f 308 324 312
f 325 323 311
f 312 322 325
f 334 327 326
f 333 328 327
f 329 334 326
f 333 330 328
f 331 334 329
f 333 332 330
f 335 334 331
f 333 336 332
f 339 334 335
f 337 340 336
f 341 338 339
f 337 342 340
f 343 338 341
f 337 344 342
f 345 338 343
f 344 338 345
f 349 346 347
f 371 347 369
f 352 350 353
f 351 354 350
f 356 351 352
f 357 352 353
f 355 358 354
f 358 355 356
f 358 356 357
f 360 365 361
f 362 365 366
f 363 366 367
f 333 347 346
f 370 346 348
f 372 353 350
f 374 350 354
f 353 375 357
f 374 354 358
f 357 375 358
f 362 376 359
f 359 377 360
f 363 378 362
f 360 379 364
f 367 378 363
f 366 380 367
f 364 380 366
f 384 382 381
f 389 383 382
f 385 384 381
f 389 386 383
f 387 384 385
f 389 388 386
f 390 389 384
f 391 384 387
f 389 392 388
f 395 390 391
f 393 396 392
f 399 393 435
f 399 435 394
f 397 394 395
f 393 398 396
f 400 399 397
f 393 401 398
f 402 399 400
f 401 399 402
f 405 403 406
f 404 407 403
f 409 404 405
f 410 405 406
f 411 413 429
f 414 411 412
f 415 413 414
f 416 418 419
f 416 419 420
f 417 422 418
f 419 422 423
f 420 423 424
f 425 406 403
f 428 403 407
f 406 427 410
f 428 407 408
f 410 427 409
f 409 428 408
f 429 412 411
f 431 429 413
f 412 432 414
f 414 432 415
f 415 431 413
f 416 433 417
f 420 434 416
f 417 435 421
f 424 434 420
f 421 435 422
f 423 436 424
f 422 436 423
f 441 438 437
f 439 440 438
f 442 441 437
f 439 443 440
f 444 441 442
f 439 445 443
f 447 439 441
f 448 441 444
f 446 449 445
f 453 447 448
f 450 454 449
f 457 451 500
f 457 500 452
f 455 452 453
f 450 456 454
f 458 457 455
f 450 459 456
f 460 457 458
f 459 457 460
f 462 465 461
f 467 462 463
f 468 463 464
f 466 469 465
f 470 466 467
f 470 467 468
f 474 471 475
f 473 476 472
f 478 473 474
f 479 474 475
f 480 477 478
f 480 478 479
f 481 486 482
f 483 486 487
f 484 487 488
f 489 463 461
f 463 490 464
f 491 461 465
f 464 492 468
f 493 465 469
f 468 492 470
f 470 493 469
f 494 471 472
f 496 472 476
f 475 497 479
f 496 476 477
f 479 497 480
f 480 496 477
f 483 499 482
f 482 498 481
f 484 499 483
f 481 500 485
f 488 499 484
f 487 501 488
f 485 501 487
f 510 503 502
f 509 504 503
f 505 510 502
f 509 506 504
f 507 510 505
f 509 508 506
f 551 509 510
f 511 510 507
f 509 512 508
f 553 551 510
f 514 510 511
f 513 515 512
f 518 513 553
f 516 518 514
f 513 517 515
f 519 518 516
f 513 520 517
f 521 518 519
f 520 518 521
f 523 526 522
f 528 523 524
f 529 524 525
f 530 527 528
f 530 528 529
f 534 531 532
f 538 536 537
f 535 540 536
f 537 540 541
f 538 541 542
f 543 524 522
f 524 544 525
f 546 522 526
f 525 545 529
f 529 545 530
f 546 526 530
f 547 532 531
f 549 531 533
f 532 550 534
f 534 549 533
f 538 552 535
f 535 553 539
f 542 552 538
f 541 554 542
f 539 554 541
f 558 556 555
f 557 559 556
f 560 558 555
f 557 561 559
f 562 558 560
f 557 563 561
f 610 557 558
f 566 558 562
f 564 567 563
f 569 610 565
f 570 565 566
f 568 571 567
f 572 569 570
f 568 573 571
f 574 569 572
f 568 575 573
f 576 569 574
f 575 569 576
f 580 577 581
f 579 582 578
f 584 579 580
f 585 580 581
f 590 586 587
f 591 587 588
f 592 589 590
f 592 590 591
f 596 594 595
f 593 598 594
f 595 598 599
f 596 599 600
f 597 601 598
f 602 577 578
f 604 578 582
f 581 605 585
f 604 582 583
f 585 605 584
f 584 604 583
f 606 587 586
f 587 607 588
f 608 586 589
f 588 609 591
f 608 589 592
f 591 609 592
f 596 611 594
f 594 610 593
f 593 612 597
f 600 611 596
f 599 613 600
f 601 613 599
f 616 615 614
f 622 617 615
f 618 616 614
f 622 619 617
f 620 616 618
f 622 621 619
f 664 622 616
f 624 616 620
f 622 625 621
f 627 664 623
f 628 623 624
f 626 629 625
f 630 627 628
f 626 631 629
f 632 627 630
f 626 633 631
f 634 627 632
f 633 627 634
f 636 639 635
f 641 636 637
f 642 637 638
f 643 640 641
f 643 641 642
f 647 644 645
f 648 645 646
f 649 654 650
f 651 654 655
f 652 655 667
f 655 653 667
f 656 637 635
f 637 657 638
f 658 635 639
f 638 659 642
f 642 659 643
f 643 658 639
f 660 645 644
f 645 661 646
f 662 644 647
f 646 663 648
f 648 663 647
f 651 665 650
f 650 664 649
f 652 665 651
f 649 666 653
f 667 665 652
f 653 668 667
f 678 670 669
f 676 671 670
f 672 678 669
f 676 673 671
f 674 678 672
f 676 675 673
f 679 678 674
f 676 680 675
f 677 681 676
f 684 678 679
f 681 685 680
f 689 682 683
f 686 683 684
f 688 687 685
f 690 689 686
f 688 691 687
f 692 689 690
f 691 689 692
f 694 697 693
f 699 694 695
f 700 695 696
f 698 701 697
f 702 698 699
f 702 699 700
f 704 707 703
f 709 704 705
f 710 705 706
f 708 711 707
f 712 708 709
f 712 709 710
f 713 715 716
f 713 716 717
f 714 719 715
f 716 719 720
f 717 720 721
f 720 718 721
f 723 695 693
f 695 723 696
f 724 693 697
f 696 725 700
f 726 697 701
f 700 725 702
f 702 726 701
f 727 705 703
f 705 728 706
f 729 703 707
f 706 730 710
f 729 707 711
f 710 730 712
f 712 731 711
f 713 678 715
f 715 733 714
f 717 734 713
f 714 735 718
f 721 734 717
f 718 737 721
f 740 739 738
f 746 741 739
f 742 740 738
f 746 743 741
f 744 740 742
f 746 745 743
f 789 746 740
f 748 740 744
f 746 749 745
f 756 789 747
f 752 747 748
f 750 753 749
f 754 751 752
f 750 755 753
f 757 756 754
f 750 758 755
f 759 756 757
f 758 756 759
f 762 765 761
f 767 762 763
f 768 763 764
f 769 766 767
f 769 767 768
f 773 770 771
f 775 777 778
f 776 778 779
f 778 777 779
f 763 781 764
f 782 761 765
f 764 783 768
f 769 765 766
f 768 783 769
f 784 771 770
f 786 770 772
f 771 787 773
f 775 790 774
f 776 790 775
f 774 791 777
f 779 790 776
f 777 793 779
f 804 795 794
f 796 797 795
f 798 804 794
f 796 799 797
f 800 804 798
f 796 801 799
f 805 804 800
f 802 806 801
f 803 807 802
f 810 804 805
f 807 811 806
f 808 814 807
f 815 808 809
f 812 809 810
f 814 813 811
f 816 815 812
f 814 817 813
f 818 815 816
f 817 815 818
f 821 819 841
f 820 823 819
f 825 820 821
f 825 821 822
f 824 827 823
f 826 824 825
f 829 830 828
f 847 829 845
f 832 834 835
f 833 837 834
f 835 837 838
f 836 839 837
f 840 841 819
f 842 819 823
f 822 843 826
f 842 823 827
f 826 843 827
f 844 829 828
f 846 828 830
f 846 830 831
f 832 848 834
f 834 848 833
f 835 849 832
f 833 850 836
f 838 849 835
f 839 851 838
f 854 853 852
f 861 855 853
f 856 854 852
f 861 857 855
f 858 854 856
f 861 859 857
f 862 861 854
f 863 854 858
f 860 864 859
f 861 865 860
f 868 862 863
f 865 869 864
f 866 872 865
f 873 866 907
f 873 907 867
f 870 867 868
f 872 871 869
f 874 873 870
f 872 875 871
f 876 873 874
f 875 873 876
f 878 880 877
f 882 878 879
f 883 879 897
f 884 881 882
f 884 882 883
f 889 885 886
f 890 886 887
f 890 888 889
f 891 892 893
f 893 894 895
f 896 879 877
f 898 877 880
f 897 899 883
f 898 880 881
f 883 899 884
f 898 881 884
f 901 886 885
f 886 902 887
f 903 885 888
f 887 904 890
f 890 903 888
f 891 906 892
f 893 905 891
f 892 907 894
f 895 905 893
f 894 908 895
f 917 910 909
f 916 911 910
f 912 917 909
f 916 913 911
f 914 917 912
f 916 915 913
f 918 917 914
f 916 919 915
f 922 917 918
f 920 923 919
f 926 920 921
f 924 921 922
f 920 925 923
f 927 926 924
f 920 928 925
f 929 926 927
f 928 926 929
f 931 933 930
f 935 931 932
f 935 932 953
f 934 936 933
f 936 934 935
f 938 941 937
f 943 938 939
f 944 939 940
f 942 945 941
f 945 942 943
f 945 943 944
f 947 949 950
f 948 950 951
f 950 949 951
f 952 932 930
f 954 930 933
f 953 955 935
f 935 955 936
f 956 939 937
f 939 957 940
f 958 937 941
f 940 959 944
f 958 941 945
f 944 959 945
f 947 961 946
f 948 963 947
f 946 964 949
f 951 963 948
f 949 966 951
f 970 968 967
f 975 969 968
f 971 970 967
f 975 972 969
f 973 970 971
f 975 974 972
f 977 970 973
f 975 978 974
f 985 970 976
f 981 976 977
f 979 982 978
f 983 980 981
f 979 984 982
f 986 985 983
f 979 987 984
f 988 985 986
f 987 985 988
f 990 993 989
f 995 990 991
f 995 991 992
f 996 994 995
f 998 1001 997
f 1003 998 999
f 1003 999 1000
f 1002 1004 1001
f 1004 1002 1003
f 1004 1003 1017
f 1005 1006 1007
f 1007 1008 1009
f 1010 991 989
f 991 1011 992
f 1012 989 993
f 992 1013 996
f 1013 993 994
f 996 1013 994
f 1014 999 997
f 999 1015 1000
f 1016 997 1001
f 1016 1001 1004
f 1005 1019 1006
f 1007 1018 1005
f 1006 1020 1008
f 1009 1018 1007
f 1008 1021 1009
f 1030 1023 1022
f 1029 1024 1023
f 1025 1030 1022
f 1029 1026 1024
f 1027 1030 1025
f 1029 1028 1026
f 1031 1030 1027
f 1029 1032 1028
f 1035 1030 1031
f 1033 1036 1032
f 1037 1034 1035
f 1033 1038 1036
f 1039 1034 1037
f 1033 1040 1038
f 1041 1034 1039
f 1040 1034 1041
f 1044 1042 1045
f 1043 1046 1042
f 1047 1043 1044
f 1048 1044 1045
f 1051 1049 1065
f 1050 1052 1049
f 1054 1050 1051
f 1067 1051 1065
f 1055 1056 1057
f 1057 1058 1059
f 1061 1045 1042
f 1062 1042 1046
f 1045 1063 1048
f 1048 1063 1047
f 1047 1063 1046
f 1064 1065 1049
f 1066 1049 1052
f 1066 1052 1053
f 1057 1069 1055
f 1056 1070 1058
f 1059 1069 1057
f 1058 1071 1059
f 1074 1073 1072
f 1080 1075 1073
f 1076 1074 1072
f 1080 1077 1075
f 1078 1074 1076
f 1080 1079 1077
f 1127 1080 1074
f 1082 1074 1078
f 1080 1083 1079
f 1129 1127 1081
f 1086 1081 1082
f 1084 1087 1083
f 1085 1084 1129
f 1088 1085 1086
f 1084 1089 1087
f 1090 1085 1088
f 1084 1091 1089
f 1092 1085 1090
f 1091 1085 1092
f 1096 1093 1120
f 1095 1097 1094
f 1099 1095 1096
f 1122 1096 1120
f 1103 1100 1104
f 1102 1105 1101
f 1107 1102 1103
f 1108 1103 1104
f 1109 1111 1112
f 1110 1114 1111
f 1112 1115 1116
f 1113 1116 1117
f 1114 1118 1115
f 1119 1093 1094
f 1121 1094 1097
f 1121 1097 1098
f 1123 1100 1101
f 1125 1101 1105
f 1104 1126 1108
f 1125 1105 1106
f 1108 1126 1107
f 1107 1125 1106
f 1109 1127 1111
f 1111 1127 1110
f 1113 1128 1112
f 1110 1129 1114
f 1117 1128 1113
f 1116 1130 1117
f 1118 1130 1116
f 1133 1132 1131
f 1140 1134 1132
f 1135 1133 1131
f 1140 1136 1134
f 1137 1133 1135
f 1140 1138 1136
f 1192 1140 1133
f 1142 1133 1137
f 1139 1143 1138
f 1140 1144 1139
f 1146 1192 1141
f 1148 1141 1142
f 1144 1149 1143
f 1152 1145 1146
f 1152 1146 1147
f 1150 1147 1148
f 1145 1151 1149
f 1153 1152 1150
f 1145 1154 1151
f 1156 1152 1153
f 1154 1152 1156
f 1160 1158 1157
f 1159 1162 1158
f 1164 1159 1160
f 1164 1160 1161
f 1163 1165 1162
f 1186 1163 1164
f 1169 1166 1170
f 1168 1171 1167
f 1173 1168 1169
f 1174 1169 1170
f 1175 1172 1173
f 1175 1173 1174
f 1177 1180 1181
f 1178 1181 1182
f 1183 1157 1158
f 1157 1184 1161
f 1185 1158 1162
f 1187 1170 1166
f 1187 1166 1167
f 1189 1167 1171
f 1170 1190 1174
f 1174 1190 1175
f 1175 1189 1171
f 1177 1193 1176
f 1178 1193 1177
f 1176 1194 1179
f 1182 1193 1178
f 1181 1195 1182
f 1179 1196 1181
f 1205 1198 1197
f 1204 1199 1198
f 1200 1205 1197
f 1204 1201 1199
f 1202 1205 1200
f 1204 1203 1201
f 1206 1205 1202
f 1204 1207 1203
f 1211 1205 1206
f 1208 1212 1207
f 1215 1209 1254
f 1215 1254 1210
f 1213 1210 1211
f 1208 1214 1212
f 1216 1215 1213
f 1208 1217 1214
f 1218 1215 1216
f 1217 1215 1218
f 1220 1223 1219
f 1224 1220 1221
f 1225 1221 1222
f 1230 1228 1227
f 1229 1232 1228
f 1234 1229 1230
f 1235 1230 1231
f 1239 1237 1238
f 1236 1241 1237
f 1238 1241 1242
f 1239 1242 1243
f 1240 1244 1241
f 1242 1244 1243
f 1245 1221 1219
f 1221 1246 1222
f 1209 1219 1223
f 1222 1247 1225
f 1225 1247 1224
f 1248 1227 1228
f 1227 1249 1231
f 1250 1228 1232
f 1231 1251 1235
f 1250 1232 1233
f 1235 1251 1234
f 1234 1250 1233
f 1239 1253 1237
f 1237 1252 1236
f 1236 1254 1240
f 1243 1253 1239
f 1244 1255 1243
f 1259 1257 1256
f 1264 1258 1257
f 1260 1259 1256
f 1264 1261 1258
f 1262 1259 1260
f 1264 1263 1261
f 1266 1259 1262
f 1264 1267 1263
f 1314 1259 1265
f 1270 1265 1266
f 1268 1271 1267
f 1269 1268 1314
f 1272 1269 1270
f 1268 1273 1271
f 1274 1269 1272
f 1268 1275 1273
f 1276 1269 1274
f 1275 1269 1276
f 1278 1281 1277
f 1283 1278 1279
f 1283 1279 1280
f 1284 1282 1283
f 1286 1289 1285
f 1291 1286 1287
f 1292 1287 1288
f 1293 1290 1291
f 1293 1291 1292
f 1294 1296 1297
f 1294 1297 1298
f 1295 1300 1296
f 1297 1300 1301
f 1298 1301 1302
f 1299 1303 1300
f 1304 1279 1277
f 1279 1305 1280
f 1306 1277 1281
f 1280 1307 1284
f 1307 1281 1282
f 1284 1307 1282
f 1308 1287 1285
f 1287 1309 1288
f 1310 1285 1289
f 1288 1311 1292
f 1292 1312 1293
f 1293 1310 1289
f 1296 1259 1295
f 1298 1313 1294
f 1295 1314 1299
f 1302 1313 1298
f 1301 1315 1302
f 1324 1317 1316
f 1323 1318 1317
f 1319 1324 1316
f 1323 1320 1318
f 1321 1324 1319
f 1323 1322 1320
f 1325 1324 1321
f 1323 1326 1322
f 1329 1324 1325
f 1327 1330 1326
f 1331 1328 1329
f 1327 1332 1330
f 1333 1328 1331
f 1327 1334 1332
f 1335 1328 1333
f 1334 1328 1335
f 1340 1336 1337
f 1341 1337 1338
f 1344 1342 1343
f 1345 1343 1361
f 1346 1348 1349
f 1346 1349 1350
f 1347 1352 1348
f 1349 1352 1353
f 1350 1353 1354
f 1351 1355 1352
f 1356 1337 1336
f 1337 1357 1338
f 1358 1336 1339
f 1338 1359 1341
f 1341 1359 1340
f 1340 1358 1339
f 1360 1343 1342
f 1362 1342 1344
f 1361 1363 1345
f 1362 1344 1345
f 1346 1324 1348
f 1348 1364 1347
f 1350 1365 1346
f 1347 1366 1351
f 1354 1365 1350
f 1353 1367 1354
f 1355 1367 1353
f 1372 1369 1368
f 1370 1371 1369
f 1373 1372 1368
f 1370 1374 1371
f 1375 1372 1373
f 1370 1376 1374
f 1420 1370 1372
f 1379 1372 1375
f 1377 1380 1376
f 1387 1420 1378
f 1383 1378 1379
f 1381 1384 1380
f 1385 1382 1383
f 1381 1386 1384
f 1388 1387 1385
f 1381 1389 1386
f 1390 1387 1388
f 1389 1387 1390
f 1394 1391 1413
f 1393 1395 1392
f 1397 1393 1394
f 1415 1394 1413
f 1401 1398 1402
f 1400 1403 1399
f 1405 1400 1401
f 1406 1401 1402
f 1406 1404 1405
f 1407 1408 1409
f 1409 1410 1411
f 1377 1413 1391
f 1412 1391 1392
f 1414 1392 1395
f 1414 1395 1396
f 1397 1414 1396
f 1416 1398 1399
f 1418 1399 1403
f 1402 1419 1406
f 1406 1418 1403
f 1407 1420 1408
f 1409 1421 1407
f 1408 1422 1410
f 1411 1421 1409
f 1410 1423 1411
f 1427 1425 1424
f 1426 1428 1425
f 1429 1427 1424
f 1426 1430 1428
f 1431 1427 1429
f 1426 1432 1430
f 1476 1426 1427
f 1435 1427 1431
f 1433 1436 1432
f 1478 1476 1434
f 1439 1434 1435
f 1437 1440 1436
f 1438 1437 1478
f 1441 1438 1439
f 1437 1442 1440
f 1443 1438 1441
f 1437 1444 1442
f 1445 1438 1443
f 1444 1438 1445
f 1447 1450 1446
f 1451 1447 1448
f 1452 1448 1449
f 1456 1453 1454
f 1457 1455 1456
f 1461 1459 1460
f 1458 1463 1459
f 1460 1463 1464
f 1461 1464 1465
f 1462 1466 1463
f 1468 1448 1446
f 1448 1469 1449
f 1470 1446 1450
f 1449 1471 1452
f 1452 1471 1451
f 1451 1471 1450
f 1453 1473 1454
f 1474 1453 1455
f 1454 1475 1456
f 1457 1474 1455
f 1461 1476 1459
f 1459 1476 1458
f 1458 1478 1462
f 1465 1477 1461
f 1464 1479 1465
f 1466 1479 1464
f 1488 1481 1480
f 1487 1482 1481
f 1483 1488 1480
f 1487 1484 1482
f 1485 1488 1483
f 1487 1486 1484
f 1489 1488 1485
f 1487 1490 1486
f 1492 1488 1489
f 1491 1493 1490
f 1494 1496 1492
f 1491 1495 1493
f 1497 1496 1494
f 1491 1498 1495
f 1499 1496 1497
f 1498 1496 1499
f 1501 1504 1500
f 1506 1501 1502
f 1507 1502 1503
f 1507 1505 1506
f 1508 1527 1509
f 1508 1529 1527
f 1511 1508 1509
f 1510 1512 1529
f 1512 1510 1511
f 1513 1515 1516
f 1513 1516 1517
f 1514 1519 1515
f 1516 1519 1520
f 1517 1520 1521
f 1518 1522 1519
f 1523 1502 1500
f 1502 1524 1503
f 1525 1500 1504
f 1503 1526 1507
f 1507 1525 1504
f 1509 1530 1511
f 1511 1530 1512
f 1515 1531 1514
f 1517 1532 1513
f 1514 1533 1518
f 1521 1532 1517
f 1520 1534 1521
f 1522 1534 1520
f 1537 1536 1535
f 1543 1538 1536
f 1539 1537 1535
f 1543 1540 1538
f 1541 1537 1539
f 1543 1542 1540
f 1545 1537 1541
f 1543 1546 1542
f 1587 1537 1544
f 1549 1544 1545
f 1547 1550 1546
f 1548 1547 1587
f 1551 1548 1549
f 1547 1552 1550
f 1553 1548 1551
f 1547 1554 1552
f 1555 1548 1553
f 1554 1548 1555
f 1557 1559 1556
f 1561 1557 1558
f 1580 1558 1578
f 1563 1562 1564
f 1566 1562 1563
f 1567 1563 1564
f 1568 1565 1566
f 1568 1566 1567
f 1586 1570 1571
f 1586 1571 1572
f 1569 1574 1570
f 1571 1574 1575
f 1572 1575 1588
f 1573 1576 1574
f 1543 1558 1557
f 1543 1557 1556
f 1579 1556 1559
f 1579 1559 1560
f 1561 1579 1560
f 1581 1564 1562
f 1583 1562 1565
f 1564 1584 1567
f 1583 1565 1568
f 1567 1584 1568
f 1586 1585 1570
f 1570 1537 1569
f 1569 1587 1573
f 1588 1586 1572
f 1591 1590 1589
f 1597 1592 1590
f 1593 1591 1589
f 1597 1594 1592
f 1595 1591 1593
f 1597 1596 1594
f 1598 1597 1591
f 1600 1591 1595
f 1597 1601 1596
f 1607 1598 1599
f 1603 1599 1600
f 1602 1604 1601
f 1605 1607 1603
f 1602 1606 1604
f 1608 1607 1605
f 1602 1609 1606
f 1610 1607 1608
f 1609 1607 1610
f 1614 1611 1612
f 1615 1613 1614
f 1617 1616 1618
f 1620 1616 1617
f 1621 1617 1618
f 1622 1619 1620
f 1622 1620 1621
f 1624 1626 1627
f 1625 1627 1628
f 1627 1626 1628
f 1611 1630 1612
f 1631 1611 1613
f 1612 1632 1614
f 1614 1632 1615
f 1633 1618 1616
f 1635 1616 1619
f 1618 1636 1621
f 1635 1619 1622
f 1621 1636 1622
f 1624 1638 1623
f 1625 1639 1624
f 1623 1640 1626
f 1628 1639 1625
f 1626 1642 1628
f 1647 1644 1643
f 1645 1646 1644
f 1648 1647 1643
f 1645 1649 1646
f 1650 1647 1648
f 1645 1651 1649
f 1654 1645 1647
f 1655 1647 1650
f 1652 1656 1651
f 1653 1657 1652
f 1660 1654 1655
f 1657 1661 1656
f 1658 1664 1657
f 1665 1658 1697
f 1665 1697 1659
f 1662 1659 1660
f 1664 1663 1661
f 1666 1665 1662
f 1664 1667 1663
f 1668 1665 1666
f 1667 1665 1668
f 1670 1671 1669
f 1672 1670 1688
f 1674 1676 1673
f 1677 1674 1675
f 1681 1679 1680
f 1678 1683 1679
f 1680 1683 1684
f 1681 1684 1685
f 1682 1686 1683
f 1684 1686 1685
f 1687 1670 1669
f 1689 1669 1671
f 1688 1690 1672
f 1672 1690 1671
f 1691 1675 1674
f 1691 1674 1673
f 1693 1673 1676
f 1675 1694 1677
f 1693 1676 1677
f 1681 1695 1679
f 1679 1695 1678
f 1678 1697 1682
f 1685 1696 1681
f 1686 1698 1685
f 1702 1700 1699
f 1707 1701 1700
f 1703 1702 1699
f 1707 1704 1701
f 1705 1702 1703
f 1707 1706 1704
f 1709 1702 1705
f 1707 1710 1706
f 1754 1702 1708
f 1713 1708 1709
f 1711 1714 1710
f 1712 1711 1754
f 1715 1712 1713
f 1711 1716 1714
f 1717 1712 1715
f 1711 1718 1716
f 1719 1712 1717
f 1718 1712 1719
f 1721 1723 1720
f 1725 1721 1722
f 1747 1722 1745
f 1724 1726 1723
f 1728 1731 1727
f 1732 1728 1729
f 1733 1729 1730
f 1734 1736 1737
f 1734 1737 1738
f 1735 1740 1736
f 1737 1740 1741
f 1738 1741 1742
f 1739 1743 1740
f 1744 1722 1720
f 1746 1720 1723
f 1746 1723 1726
f 1748 1729 1727
f 1729 1749 1730
f 1750 1727 1731
f 1730 1751 1733
f 1733 1752 1732
f 1732 1750 1731
f 1734 1702 1736
f 1736 1702 1735
f 1738 1753 1734
f 1735 1754 1739
f 1742 1753 1738
f 1741 1755 1742
f 1758 1757 1756
f 1764 1759 1757
f 1760 1758 1756
f 1764 1761 1759
f 1762 1758 1760
f 1764 1763 1761
f 1800 1764 1758
f 1766 1758 1762
f 1764 1767 1763
f 1769 1800 1765
f 1770 1765 1766
f 1768 1771 1767
f 1772 1769 1770
f 1768 1773 1771
f 1774 1769 1772
f 1768 1775 1773
f 1776 1769 1774
f 1775 1769 1776
f 1780 1777 1778
f 1782 1784 1781
f 1785 1782 1783
f 1787 1790 1791
f 1788 1791 1792
f 1777 1794 1778
f 1778 1795 1780
f 1780 1768 1779
f 1796 1783 1782
f 1796 1782 1781
f 1798 1781 1784
f 1783 1799 1785
f 1798 1784 1785
f 1787 1801 1786
f 1788 1801 1787
f 1786 1802 1789
f 1792 1801 1788
f 1791 1803 1792
f 1789 1803 1791
f 1812 1805 1804
f 1811 1806 1805
f 1807 1812 1804
f 1811 1808 1806
f 1809 1812 1807
f 1811 1810 1808
f 1813 1812 1809
f 1811 1814 1810
f 1817 1812 1813
f 1815 1818 1814
f 1819 1816 1817
f 1815 1820 1818
f 1821 1816 1819
f 1815 1822 1820
f 1823 1816 1821
f 1822 1816 1823
f 1828 1824 1825
f 1827 1830 1826
f 1832 1827 1828
f 1833 1828 1829
f 1838 1834 1835
f 1839 1835 1836
f 1839 1837 1838
f 1841 1843 1844
f 1841 1844 1845
f 1842 1847 1843
f 1844 1847 1848
f 1845 1848 1849
f 1846 1850 1847
f 1851 1825 1824
f 1851 1824 1826
f 1825 1852 1829
f 1853 1826 1830
f 1829 1854 1833
f 1853 1830 1831
f 1833 1854 1832
f 1832 1853 1831
f 1856 1835 1834
f 1835 1857 1836
f 1858 1834 1837
f 1836 1859 1839
f 1841 1812 1843
f 1843 1860 1842
f 1845 1861 1841
f 1842 1862 1846
f 1849 1861 1845
f 1848 1863 1849
f 1850 1863 1848
f 1872 1865 1864
f 1871 1866 1865
f 1867 1872 1864
f 1871 1868 1866
f 1869 1872 1867
f 1871 1870 1868
f 1873 1872 1869
f 1871 1874 1870
f 1877 1872 1873
f 1875 1878 1874
f 1879 1876 1877
f 1875 1880 1878
f 1881 1876 1879
f 1875 1882 1880
f 1883 1876 1881
f 1882 1876 1883
f 1887 1884 1888
f 1886 1889 1885
f 1891 1886 1887
f 1892 1887 1888
f 1892 1890 1891
f 1896 1893 1897
f 1895 1898 1894
f 1900 1895 1896
f 1901 1896 1897
f 1902 1899 1900
f 1902 1900 1901
f 1904 1906 1907
f 1905 1907 1908
f 1907 1906 1908
f 1909 1884 1885
f 1911 1885 1889
f 1888 1912 1892
f 1911 1889 1890
f 1892 1912 1890
f 1913 1893 1894
f 1915 1894 1898
f 1897 1916 1901
f 1901 1917 1902
f 1902 1915 1898
f 1904 1872 1903
f 1905 1918 1904
f 1903 1920 1906
f 1908 1919 1905
f 1906 1922 1908
f 1926 1924 1923
f 1931 1925 1924
f 1927 1926 1923
f 1931 1928 1925
f 1929 1926 1927
f 1931 1930 1928
f 1932 1931 1926
f 1934 1926 1929
f 1931 1935 1930
f 1941 1932 1933
f 1937 1933 1934
f 1936 1938 1935
f 1939 1941 1937
f 1936 1940 1938
f 1942 1941 1939
f 1936 1943 1940
f 1944 1941 1942
f 1943 1941 1944
f 1946 1945 1964
f 1948 1945 1946
f 1966 1946 1964
f 1953 1949 1950
f 1954 1950 1951
f 1954 1952 1953
f 1956 1961 1957
f 1958 1961 1962
f 1959 1962 1973
f 1962 1960 1973
f 1965 1945 1947
f 1948 1965 1947
f 1967 1950 1949
f 1950 1968 1951
f 1969 1949 1952
f 1951 1970 1954
f 1958 1971 1957
f 1957 1932 1956
f 1959 1971 1958
f 1956 1972 1960
f 1973 1971 1959
f 1960 1970 1973
f 1977 1975 1974
f 1982 1976 1975
f 1978 1977 1974
f 1982 1979 1976
f 1980 1977 1978
f 1982 1981 1979
f 1983 1982 1977
f 1984 1977 1980
f 1982 1985 1981
f 1988 1983 1984
f 1986 1989 1985
f 1990 1987 1988
f 1986 1991 1989
f 1992 1987 1990
f 1986 1993 1991
f 1994 1987 1992
f 1993 1987 1994
f 1998 1995 1999
f 1997 2000 1996
f 2002 1997 1998
f 2003 1998 1999
f 2006 2004 2005
f 2007 2005 2023
f 2008 2010 2011
f 2008 2011 2012
f 2009 2014 2010
f 2011 2014 2015
f 2012 2015 2016
f 2013 2017 2014
f 2018 1995 1996
f 2020 1996 2000
f 1999 2021 2003
f 2020 2000 2001
f 2003 2021 2002
f 2002 2020 2001
f 2022 2005 2004
f 2025 2004 2006
f 2023 2024 2007
f 2025 2006 2007
f 2008 1983 2010
f 2010 2026 2009
f 2012 2027 2008
f 2009 2028 2013
f 2016 2027 2012
f 2015 2029 2016
f 2017 2029 2015
f 2032 2031 2030
f 2038 2033 2031
f 2034 2032 2030
f 2038 2035 2033
f 2036 2032 2034
f 2038 2037 2035
f 2081 2038 2032
f 2040 2032 2036
f 2038 2041 2037
f 2043 2081 2039
f 2044 2039 2040
f 2042 2045 2041
f 2046 2043 2044
f 2042 2047 2045
f 2048 2043 2046
f 2042 2049 2047
f 2050 2043 2048
f 2049 2043 2050
f 2054 2051 2055
f 2053 2056 2052
f 2058 2053 2054
f 2059 2054 2055
f 2063 2060 2061
f 2063 2061 2078
f 2064 2066 2067
f 2064 2067 2068
f 2065 2070 2066
f 2067 2070 2071
f 2068 2071 2084
f 2069 2072 2070
f 2073 2051 2052
f 2075 2052 2056
f 2055 2076 2059
f 2075 2056 2057
f 2059 2076 2058
f 2058 2076 2057
f 2077 2061 2060
f 2079 2060 2062
f 2078 2080 2063
f 2063 2079 2062
f 2066 2081 2065
f 2068 2082 2064
f 2065 2083 2069
f 2084 2082 2068
f 2072 2085 2071
f 2095 2087 2086
f 2093 2088 2087
f 2089 2095 2086
f 2093 2090 2088
f 2091 2095 2089
f 2093 2092 2090
f 2094 2093 2095
f 2096 2095 2091
f 2093 2097 2092
f 2142 2094 2095
f 2100 2095 2096
f 2098 2101 2097
f 2099 2098 2142
f 2102 2099 2100
f 2098 2103 2101
f 2104 2099 2102
f 2098 2105 2103
f 2106 2099 2104
f 2105 2099 2106
f 2110 2107 2108
f 2111 2108 2109
f 2112 2110 2111
f 2114 2117 2113
f 2119 2114 2115
f 2120 2115 2116
f 2121 2118 2119
f 2121 2119 2120
f 2122 2124 2125
f 2122 2125 2126
f 2123 2128 2124
f 2125 2128 2129
f 2126 2129 2130
f 2127 2131 2128
f 2108 2133 2109
f 2134 2107 2110
f 2109 2135 2111
f 2111 2135 2112
f 2136 2115 2113
f 2115 2137 2116
f 2138 2113 2117
f 2116 2139 2120
f 2120 2139 2121
f 2121 2138 2117
f 2122 2094 2124
f 2124 2094 2123
f 2126 2141 2122
f 2123 2142 2127
f 2130 2141 2126
f 2129 2143 2130
f 2152 2145 2144
f 2151 2146 2145
f 2147 2152 2144
f 2151 2148 2146
f 2149 2152 2147
f 2151 2150 2148
f 2153 2152 2149
f 2151 2154 2150
f 2158 2152 2153
f 2155 2159 2154
f 2162 2156 2196
f 2162 2196 2157
f 2160 2157 2158
f 2155 2161 2159
f 2163 2162 2160
f 2155 2164 2161
f 2165 2162 2163
f 2164 2162 2165
f 2167 2169 2166
f 2171 2167 2168
f 2188 2170 2171
f 2175 2172 2173
f 2176 2174 2175
f 2178 2183 2179
f 2180 2183 2184
f 2181 2184 2185
f 2186 2168 2166
f 2156 2166 2169
f 2168 2188 2171
f 2172 2190 2173
f 2191 2172 2174
f 2173 2192 2175
f 2176 2191 2174
f 2180 2193 2177
f 2177 2194 2178
f 2181 2195 2180
f 2178 2196 2182
f 2185 2195 2181
f 2184 2197 2185
f 2182 2197 2184
f 2206 2199 2198
f 2205 2200 2199
f 2201 2206 2198
f 2205 2202 2200
f 2203 2206 2201
f 2205 2204 2202
f 2207 2206 2203
f 2205 2208 2204
f 2210 2206 2207
f 2209 2211 2208
f 2212 2214 2210
f 2209 2213 2211
f 2215 2214 2212
f 2209 2216 2213
f 2217 2214 2215
f 2216 2214 2217
f 2221 2218 2222
f 2220 2223 2219
f 2225 2220 2221
f 2226 2221 2222
f 2231 2227 2228
f 2232 2228 2229
f 2232 2230 2231
f 2250 2234 2235
f 2250 2235 2236
f 2233 2238 2234
f 2235 2238 2239
f 2236 2239 2252
f 2239 2237 2252
f 2240 2218 2219
f 2243 2219 2223
f 2222 2242 2226
f 2243 2223 2224
f 2226 2242 2225
f 2225 2243 2224
f 2244 2228 2227
f 2228 2245 2229
f 2246 2227 2230
f 2229 2247 2232
f 2232 2246 2230
f 2250 2248 2234
f 2234 2249 2233
f 2233 2251 2237
f 2252 2250 2236
f 2237 2247 2252
f 2256 2254 2253
f 2261 2255 2254
f 2257 2256 2253
f 2261 2258 2255
f 2259 2256 2257
f 2261 2260 2258
f 2263 2256 2259
f 2261 2264 2260
f 2271 2256 2262
f 2267 2262 2263
f 2265 2268 2264
f 2269 2266 2267
f 2265 2270 2268
f 2272 2271 2269
f 2265 2273 2270
f 2274 2271 2272
f 2273 2271 2274
f 2277 2275 2303
f 2276 2279 2275
f 2281 2276 2277
f 2282 2277 2278
f 2280 2283 2279
f 2285 2288 2284
f 2290 2285 2286
f 2291 2286 2287
f 2289 2292 2288
f 2293 2289 2290
f 2293 2290 2291
f 2294 2299 2295
f 2296 2299 2300
f 2297 2300 2301
f 2300 2298 2301
f 2304 2275 2279
f 2278 2305 2282
f 2282 2305 2281
f 2281 2265 2283
f 2306 2286 2284
f 2286 2307 2287
f 2308 2284 2288
f 2287 2309 2291
f 2308 2288 2292
f 2291 2309 2293
f 2293 2308 2292
f 2296 2310 2295
f 2295 2256 2294
f 2297 2310 2296
f 2294 2311 2298
f 2301 2310 2297
f 2298 2312 2301
f 2316 2314 2313
f 2321 2315 2314
f 2317 2316 2313
f 2321 2318 2315
f 2319 2316 2317
f 2321 2320 2318
f 2323 2316 2319
f 2321 2324 2320
f 2331 2316 2322
f 2327 2322 2323
f 2325 2328 2324
f 2329 2326 2327
f 2325 2330 2328
f 2332 2331 2329
f 2325 2333 2330
f 2334 2331 2332
f 2333 2331 2334
f 2338 2335 2339
f 2337 2340 2336
f 2342 2337 2338
f 2343 2338 2339
f 2347 2344 2345
f 2348 2346 2347
f 2352 2350 2351
f 2349 2354 2350
f 2351 2354 2355
f 2352 2355 2356
f 2353 2357 2354
f 2358 2335 2336
f 2360 2336 2340
f 2339 2361 2343
f 2325 2340 2341
f 2343 2361 2342
f 2342 2325 2341
f 2344 2363 2345
f 2364 2344 2346
f 2345 2365 2347
f 2348 2364 2346
f 2352 2316 2350
f 2350 2316 2349
f 2349 2367 2353
f 2356 2366 2352
f 2355 2368 2356
f 2357 2368 2355
f 2401 2452 2402
f 2402 2452 2404
f 2404 2452 2405
f 2405 2434 2406
f 2406 2434 2407
f 2407 2420 2408
f 2408 2420 2409
f 2409 2453 2415
f 2415 2453 2416
f 2416 2453 2417
f 2417 2421 2410
f 2410 2421 2411
f 2411 2421 2412
f 2412 2422 2418
f 2418 2423 2369
f 2369 2423 2370
f 2370 2437 2371
f 2371 2424 2383
f 2383 2438 2384
f 2384 2439 2385
f 2385 2439 2386
f 2386 2425 2393
f 2393 2426 2394
f 2394 2426 2387
f 2387 2427 2388
f 2388 2428 2372
f 2372 2428 2373
f 2373 2441 2374
f 2374 2441 2375
f 2375 2442 2419
f 2419 2442 2376
f 2376 2442 2377
f 2377 2443 2378
f 2378 2443 2379
f 2379 2444 2389
f 2389 2444 2390
f 2390 2445 2395
f 2395 2429 2396
f 2396 2429 2397
f 2397 2447 2399
f 2399 2448 2398
f 2398 2430 2391
f 2391 2430 2392
f 2392 2431 2380
f 2380 2431 2381
f 2381 2432 2382
f 2382 2433 2413
f 2413 2433 2414
f 2414 2433 2403
f 2403 2452 2400
f 2400 2452 2401
f 2420 2434 2453
f 2421 2435 2422
f 2422 2436 2423
f 2439 2446 2425
f 2425 2440 2426
f 2427 2443 2428
f 2445 2446 2429
f 2448 2449 2430
f 2430 2449 2431
f 2431 2450 2432
f 2432 2451 2433
f 2482 2564 2466
f 2483 2564 2482
f 2484 2564 2483
f 2485 2564 2484
f 2486 2565 2485
f 2487 2565 2486
f 2488 2566 2487
f 2489 2566 2488
f 2490 2566 2489
f 2491 2567 2490
f 2492 2567 2491
f 2493 2567 2492
f 2494 2568 2493
f 2495 2568 2494
f 2496 2568 2495
f 2497 2568 2496
f 2498 2569 2497
f 2499 2569 2498
f 2500 2569 2499
f 2557 2569 2500
f 2558 2569 2557
f 2501 2569 2558
f 2502 2569 2501
f 2503 2569 2502
f 2504 2569 2503
f 2505 2569 2504
f 2506 2570 2505
f 2467 2570 2506
f 2468 2570 2467
f 2469 2570 2468
f 2470 2570 2469
f 2457 2571 2470
f 2458 2571 2457
f 2459 2571 2458
f 2553 2572 2459
f 2554 2572 2553
f 2547 2572 2554
f 2548 2572 2547
f 2563 2572 2548
f 2562 2573 2563
f 2540 2573 2562
f 2541 2573 2540
f 2542 2574 2541
f 2534 2574 2542
f 2535 2574 2534
f 2536 2574 2535
f 2528 2575 2536
f 2529 2576 2528
f 2530 2598 2529
f 2537 2599 2530
f 2560 2599 2537
f 2561 2577 2560
f 2543 2577 2561
f 2544 2578 2543
f 2545 2578 2544
f 2549 2578 2545
f 2550 2578 2549
f 2551 2579 2550
f 2460 2579 2551
f 2461 2579 2460
f 2462 2579 2461
f 2463 2600 2462
f 2471 2600 2463
f 2472 2600 2471
f 2473 2600 2472
f 2474 2580 2473
f 2507 2580 2474
f 2508 2580 2507
f 2509 2580 2508
f 2510 2581 2509
f 2511 2581 2510
f 2524 2581 2511
f 2525 2581 2524
f 2512 2582 2525
f 2513 2582 2512
f 2514 2582 2513
f 2526 2582 2514
f 2527 2582 2526
f 2515 2582 2527
f 2516 2582 2515
f 2517 2582 2516
f 2518 2583 2517
f 2519 2583 2518
f 2520 2584 2519
f 2521 2584 2520
f 2522 2584 2521
f 2523 2585 2522
f 2475 2585 2523
f 2476 2585 2475
f 2477 2585 2476
f 2478 2585 2477
f 2479 2586 2478
f 2480 2587 2479
f 2481 2587 2480
f 2559 2588 2481
f 2556 2588 2559
f 2464 2588 2556
f 2465 2603 2464
f 2466 2589 2465
f 2567 2591 2566
f 2568 2592 2567
f 2569 2592 2568
f 2570 2594 2569
f 2573 2596 2572
f 2574 2596 2573
f 2578 2596 2577
f 2579 2596 2578
f 2580 2594 2600
f 2584 2601 2583
f 2585 2602 2584
f 2603 2587 2588
f 2455 2608 2456
f 2546 2604 2455
f 2539 2605 2546
f 2533 2605 2539
f 2532 2606 2533
f 2531 2606 2532
f 2538 2606 2531
f 2454 2607 2538
f 2552 2608 2454
f 2555 2608 2552
f 2456 2608 2555
f 2604 2610 2608
f 2605 2609 2604
f 2606 6311 2605
f 2607 6311 2606
f 2608 2610 2607
f 2703 2704 2700
f 2696 2709 2695
f 2652 2717 2653
f 2650 2689 2652
f 2644 2690 2650
f 2643 2716 2644
f 2642 2716 2643
f 2641 2715 2642
f 2636 2691 2641
f 2635 2691 2636
f 2634 2691 2635
f 2633 2691 2634
f 2629 2692 2633
f 2628 2692 2629
f 2627 2692 2628
f 2626 2692 2627
f 2622 2693 2626
f 2621 2693 2622
f 2620 2693 2621
f 2619 2693 2620
f 2618 2711 2619
f 2614 2694 2618
f 2613 2685 2614
f 2612 2685 2613
f 2611 2685 2612
f 2680 2695 2611
f 2681 2696 2680
f 2679 2696 2681
f 2674 2696 2679
f 2673 2697 2674
f 2671 2698 2673
f 2670 2699 2671
f 2667 2686 2670
f 2665 2686 2667
f 2664 2687 2665
f 2663 2702 2664
f 2660 2701 2663
f 2659 2701 2660
f 2658 2701 2659
f 2662 2702 2658
f 2661 2702 2662
f 2666 2703 2661
f 2669 2688 2666
f 2668 2688 2669
f 2672 2688 2668
f 2678 2705 2672
f 2684 2706 2678
f 2677 2706 2684
f 2676 2707 2677
f 2675 2707 2676
f 2683 2707 2675
f 2682 2708 2683
f 2617 2708 2682
f 2616 2709 2617
f 2615 2710 2616
f 2625 2711 2615
f 2624 2711 2625
f 2623 2712 2624
f 2632 2712 2623
f 2631 2712 2632
f 2630 2713 2631
f 2640 2713 2630
f 2639 2713 2640
f 2638 2714 2639
f 2637 2714 2638
f 2649 2714 2637
f 2648 2714 2649
f 2647 2715 2648
f 2646 2715 2647
f 2645 2716 2646
f 2651 2716 2645
f 2654 2690 2651
f 2657 2689 2654
f 2656 2689 2657
f 2655 2717 2656
f 2653 2717 2655
f 2695 2711 2685
f 2687 2700 2686
f 2702 2703 2687
f 2705 2704 2688
f 2927 2920 2967
f 2950 2940 2941
f 2756 2897 2757
f 2757 2897 2891
f 2891 2898 2892
f 2892 2895 2893
f 2893 2896 2894
f 2894 2897 2755
f 2755 2897 2756
f 2895 2898 2896
f 2858 2901 2859
f 2859 2901 2889
f 2889 2899 2890
f 2890 2899 2856
f 2856 2900 2857
f 2857 2901 2858
f 2899 2901 2900
f 2747 2915 2746
f 2746 2915 2745
f 2745 2902 2744
f 2744 2902 2743
f 2743 2902 2775
f 2775 2974 2774
f 2774 2903 2773
f 2773 2903 2772
f 2772 2903 2771
f 2771 2903 2770
f 2770 2916 2769
f 2769 2916 2768
f 2768 2916 2767
f 2767 2916 2766
f 2766 2904 2765
f 2765 2904 2764
f 2764 2904 2794
f 2794 2904 2793
f 2793 2904 2792
f 2792 2904 2791
f 2791 2905 2790
f 2790 2905 2789
f 2789 2905 2788
f 2788 2905 2787
f 2787 2905 2786
f 2786 2917 2802
f 2802 2918 2801
f 2801 2918 2800
f 2800 2919 2799
f 2799 2919 2784
f 2784 2906 2753
f 2753 2906 2754
f 2754 2921 2888
f 2888 2921 2887
f 2887 2921 2855
f 2855 2922 2854
f 2854 2923 2853
f 2853 2923 2852
f 2852 2923 2886
f 2886 2907 2885
f 2885 2907 2884
f 2884 2907 2883
f 2883 2908 2882
f 2882 2908 2881
f 2881 2908 2880
f 2880 2909 2879
f 2879 2909 2878
f 2878 2909 2877
f 2877 2910 2876
f 2876 2910 2851
f 2851 2910 2850
f 2850 2910 2849
f 2849 2911 2848
f 2848 2911 2847
f 2847 2911 2846
f 2846 2924 2875
f 2875 2924 2874
f 2874 2912 2873
f 2873 2912 2872
f 2872 2912 2871
f 2871 2912 2870
f 2870 2925 2869
f 2869 2925 2868
f 2868 2926 2867
f 2867 2926 2866
f 2866 2926 2865
f 2863 2927 2752
f 2752 2967 2751
f 2751 2913 2783
f 2783 2913 2798
f 2796 2913 2795
f 2795 2913 2782
f 2782 2913 2781
f 2781 2913 2780
f 2780 2928 2779
f 2779 2928 2778
f 2778 2928 2777
f 2777 2914 2776
f 2776 2914 2750
f 2750 2914 2749
f 2749 2914 2748
f 2748 2914 2747
f 2915 2974 2902
f 2919 2920 2906
f 2906 2920 2921
f 2909 2924 2910
f 2721 2957 2720
f 2722 2929 2721
f 2723 2939 2722
f 2836 2939 2723
f 2822 2940 2836
f 2808 2941 2822
f 2809 2941 2808
f 2803 2942 2809
f 2804 2942 2803
f 2805 2943 2804
f 2806 2930 2805
f 2807 2944 2806
f 2810 2944 2807
f 2811 2944 2810
f 2812 2944 2811
f 2813 2944 2812
f 2814 2945 2813
f 2815 2945 2814
f 2823 2945 2815
f 2824 2945 2823
f 2825 2945 2824
f 2826 2931 2825
f 2827 2931 2826
f 2828 2931 2827
f 2837 2931 2828
f 2838 2931 2837
f 2839 2932 2838
f 2840 2932 2839
f 2841 2946 2840
f 2842 2946 2841
f 2843 2947 2842
f 2844 2933 2843
f 2829 2933 2844
f 2830 2933 2829
f 2831 2933 2830
f 2832 2933 2831
f 2833 2934 2832
f 2834 2934 2833
f 2816 2934 2834
f 2817 2934 2816
f 2821 2949 2820
f 2835 2949 2821
f 2845 2950 2835
f 2860 2935 2845
f 2861 2951 2860
f 2724 2951 2861
f 2728 2951 2727
f 2729 2972 2728
f 2973 2972 2729
f 2862 2972 2973
f 2730 2936 2862
f 2731 2936 2730
f 2732 2955 2731
f 2733 2955 2732
f 2734 2955 2733
f 2735 2956 2734
f 2736 2956 2735
f 2737 2937 2736
f 2738 2937 2737
f 2739 2937 2738
f 2740 2937 2739
f 2741 2938 2740
f 2742 2938 2741
f 2719 2938 2742
f 2718 2938 2719
f 2763 2957 2718
f 2720 2957 2763
f 2932 2947 2931
f 2934 2945 2933
f 2972 2964 2951
f 2936 2952 2972
f 2955 2954 2936
f 2759 2959 2760
f 2760 2958 2761
f 2761 2958 2762
f 2762 2959 2785
f 2785 2959 2758
f 2758 2959 2759
f 2934 2960 2818
f 2949 2818 2961
f 2949 2819 2962
f 2951 2963 2726
f 2951 2965 2727
f 2951 2966 2725
f 2913 2797 2968
f 2913 2969 2797
f 2927 2970 2864
f 2926 2971 2865
f 2994 3016 2991
f 2991 3016 2984
f 2984 3017 2975
f 2975 3012 2976
f 2976 3013 2977
f 2977 3020 3008
f 3008 3020 3009
f 3009 3020 3010
f 3010 3021 3011
f 3011 3021 3003
f 3003 3021 3004
f 3004 3022 3005
f 3005 3022 3006
f 3006 3022 2998
f 2998 3022 2999
f 2999 3022 3000
f 3000 3023 3001
f 3001 3023 2995
f 2995 3023 2996
f 2996 3023 2997
f 2997 3023 3002
f 3002 3024 3007
f 3007 3014 2978
f 2978 3015 2979
f 2979 3027 2980
f 2980 3027 2981
f 2981 3027 2982
f 2982 3027 2983
f 2983 3027 2985
f 2985 3027 2986
f 2986 3028 2987
f 2987 3028 2988
f 2988 3028 2992
f 2992 3016 2993
f 2993 3016 2990
f 2990 3016 2989
f 2989 3016 2994
f 3017 3018 3012
f 3012 3019 3013
f 3024 3025 3014
f 3014 3026 3015
f 3087 3098 3093
f 3091 3097 3075
f 3095 3090 3074
f 3088 3093 3094
f 3032 3087 3033
f 3033 3088 3067
f 3067 3088 3068
f 3068 3088 3069
f 3069 3088 3070
f 3070 3088 3071
f 3071 3089 3072
f 3072 3074 3073
f 3073 3090 3034
f 3034 3091 3035
f 3035 3091 3036
f 3036 3091 3037
f 3037 3091 3038
f 3038 3091 3039
f 3039 3091 3040
f 3040 3075 3045
f 3045 3075 3050
f 3050 3092 3051
f 3051 3092 3052
f 3052 3092 3048
f 3048 3092 3049
f 3049 3076 3044
f 3044 3076 3032
f 3066 3077 3030
f 3064 3078 3066
f 3062 3078 3064
f 3060 3078 3062
f 3059 3079 3060
f 3058 3079 3059
f 3061 3079 3058
f 3063 3080 3061
f 3065 3081 3063
f 3029 3082 3065
f 3042 3082 3029
f 3041 3083 3042
f 3046 3084 3041
f 3054 3084 3046
f 3056 3085 3054
f 3057 3085 3056
f 3055 3085 3057
f 3053 3085 3055
f 3047 3086 3053
f 3043 3086 3047
f 3031 3086 3043
f 3030 3077 3031
f 3075 3098 3092
f 3078 3093 3077
f 3079 3094 3078
f 3082 3095 3081
f 3083 3096 3082
f 3084 3096 3083
f 3085 3097 3084
f 3086 6317 3085
f 3077 3098 3086
f 3151 3157 3150
f 3150 3158 3149
f 3153 3155 3140
f 3140 3155 3152
f 3152 3156 3151
f 3117 3147 3116
f 3113 3147 3117
f 3111 3148 3113
f 3109 3148 3111
f 3107 3149 3109
f 3105 3137 3107
f 3103 3137 3105
f 3100 3138 3103
f 3099 3138 3100
f 3133 3139 3099
f 3134 3139 3133
f 3131 3139 3134
f 3129 3139 3131
f 3127 3140 3129
f 3122 3141 3127
f 3123 3141 3122
f 3124 3141 3123
f 3119 3142 3124
f 3120 3143 3119
f 3121 3143 3120
f 3125 3143 3121
f 3126 3154 3125
f 3128 3154 3126
f 3130 3144 3128
f 3132 3144 3130
f 3135 3145 3132
f 3136 3145 3135
f 3102 3145 3136
f 3101 3146 3102
f 3104 3146 3101
f 3106 3146 3104
f 3108 3157 3106
f 3110 3158 3108
f 3112 3158 3110
f 3114 3159 3112
f 3115 3159 3114
f 3118 3160 3115
f 3116 3160 3118
f 3138 3150 3137
f 3139 3151 3138
f 3140 3152 3139
f 3142 3154 3141
f 3145 3155 3144
f 3146 3155 3145
f 3148 3159 3160
f 3355 3351 3350
f 3328 3360 3329
f 3331 3337 3336
f 3330 3338 3337
f 3279 3313 3280
f 3280 3313 3284
f 3284 3313 3281
f 3281 3331 3275
f 3275 3332 3261
f 3261 3332 3262
f 3262 3332 3263
f 3263 3333 3264
f 3264 3333 3265
f 3265 3333 3266
f 3266 3333 3249
f 3249 3333 3250
f 3250 3333 3251
f 3251 3333 3252
f 3252 3333 3253
f 3253 3333 3254
f 3254 3333 3255
f 3255 3334 3256
f 3256 3334 3257
f 3257 3314 3258
f 3258 3314 3259
f 3259 3314 3260
f 3260 3314 3267
f 3267 3314 3268
f 3268 3314 3269
f 3269 3314 3270
f 3270 3314 3271
f 3271 3314 3272
f 3272 3314 3273
f 3273 3335 3274
f 3274 3336 3276
f 3276 3337 3282
f 3282 3338 3285
f 3285 3338 3288
f 3288 3338 3289
f 3289 3338 3290
f 3290 3339 3291
f 3291 3339 3292
f 3292 3339 3301
f 3301 3339 3302
f 3302 3339 3303
f 3303 3340 3304
f 3304 3340 3305
f 3305 3340 3161
f 3161 3340 3162
f 3162 3315 3163
f 3163 3315 3181
f 3181 3315 3182
f 3182 3342 3183
f 3183 3342 3184
f 3184 3342 3185
f 3185 3316 3186
f 3186 3316 3187
f 3187 3316 3195
f 3195 3316 3196
f 3196 3343 3197
f 3197 3343 3198
f 3198 3343 3199
f 3199 3343 3200
f 3200 3343 3201
f 3201 3344 3202
f 3202 3344 3203
f 3203 3344 3207
f 3207 3344 3208
f 3208 3365 3209
f 3209 3365 3210
f 3210 3365 3211
f 3211 3365 3212
f 3212 3365 3213
f 3213 3365 3221
f 3221 3317 3222
f 3222 3318 3245
f 3245 3318 3246
f 3246 3318 3247
f 3247 3345 3223
f 3223 3345 3224
f 3224 3345 3225
f 3225 3346 3226
f 3226 3346 3227
f 3227 3346 3228
f 3228 3346 3229
f 3229 3346 3230
f 3230 3346 3214
f 3214 3346 3215
f 3215 3346 3216
f 3216 3346 3217
f 3217 3346 3231
f 3231 3346 3232
f 3232 3365 3233
f 3233 3365 3234
f 3234 3365 3235
f 3235 3319 3236
f 3236 3319 3237
f 3237 3319 3238
f 3238 3319 3239
f 3239 3319 3218
f 3218 3347 3204
f 3204 3320 3188
f 3188 3320 3189
f 3189 3349 3192
f 3192 3350 3193
f 3193 3350 3205
f 3205 3351 3219
f 3219 3352 3240
f 3240 3352 3241
f 3241 3353 3248
f 3248 6309 3242
f 3242 6309 3243
f 3243 3354 3244
f 3244 3354 3220
f 3220 3355 3206
f 3206 3355 3194
f 3194 3356 3178
f 3178 3356 3179
f 3179 3356 3180
f 3180 3321 3299
f 3299 3321 3300
f 3300 3322 3286
f 3286 3323 3287
f 3287 3324 3277
f 3277 3324 3278
f 3278 3312 3279
f 3297 3325 3298
f 3298 3361 3175
f 3175 3326 3176
f 3176 3326 3177
f 3177 3348 3190
f 3190 3362 3191
f 3191 3362 3164
f 3164 3362 3165
f 3165 3362 3166
f 3166 3362 3167
f 3167 3362 3168
f 3168 3362 3169
f 3169 3362 3170
f 3170 3362 3171
f 3171 3363 3172
f 3172 3363 3173
f 3173 3363 3174
f 3174 3363 3306
f 3306 3327 3307
f 3307 3327 3308
f 3308 3327 3309
f 3309 3327 3310
f 3310 3327 3311
f 3311 3327 3293
f 3293 3327 3294
f 3294 3327 3295
f 3295 3327 3296
f 3296 3364 3283
f 3283 3325 3297
f 3312 3329 3313
f 3331 3335 3332
f 3340 3341 3315
f 3342 3341 3316
f 3347 3348 3320
f 3356 3357 3321
f 3321 3358 3322
f 3322 3359 3323
f 3323 3360 3324
f 3324 3328 3312
f 3362 3340 3363
f 3350 3356 3355
f 3419 3413 3410
f 3412 3411 3413
f 3424 3422 3425
f 3418 3414 3419
f 3379 3400 3378
f 3378 3401 3376
f 3376 3401 3372
f 3372 3412 3373
f 3373 3402 3374
f 3374 3402 3367
f 3367 3403 3366
f 3366 3403 3398
f 3398 3404 3394
f 3394 3405 3390
f 3390 3405 3391
f 3391 3416 3384
f 3384 3406 3385
f 3385 3406 3386
f 3386 3407 3392
f 3392 3407 3395
f 3395 3408 3396
f 3396 3408 3397
f 3397 3409 3399
f 3399 3409 3368
f 3368 3410 3369
f 3369 3410 3371
f 3371 3410 3370
f 3370 3400 3375
f 3375 3400 3377
f 3377 3400 3379
f 3412 3413 3402
f 3402 3414 3403
f 3403 3414 3404
f 3404 3415 3405
f 3407 3418 3408
f 3408 3419 3409
f 3410 3411 3400
f 3381 3421 3382
f 3382 3425 3383
f 3383 3422 3388
f 3388 3422 3389
f 3389 3423 3393
f 3393 3423 3387
f 3387 3420 3380
f 3380 3420 3381
f 3490 3492 3476
f 3448 3468 3445
f 3445 3469 3439
f 3439 3469 3432
f 3432 3469 3431
f 3431 3470 3430
f 3430 3470 3465
f 3465 3471 3460
f 3460 3471 3459
f 3459 3472 3457
f 3457 3473 3455
f 3455 3473 3454
f 3454 3473 3453
f 3453 3474 3456
f 3456 3475 3458
f 3458 3475 3464
f 3464 3475 3463
f 3463 3475 3428
f 3428 3476 3429
f 3429 3476 3438
f 3438 3476 3437
f 3437 3491 3444
f 3444 3477 3443
f 3443 3477 3447
f 3447 3477 3442
f 3442 3478 3441
f 3441 3478 3436
f 3436 3478 3427
f 3427 3479 3426
f 3426 3480 3467
f 3467 3480 3461
f 3461 3481 3462
f 3462 3481 3466
f 3466 3482 3435
f 3435 3482 3434
f 3434 3482 3433
f 3433 3482 3440
f 3440 3483 3446
f 3446 3483 3452
f 3452 3499 3451
f 3451 3484 3450
f 3450 3500 3449
f 3449 3468 3448
f 3468 3485 3469
f 3486 3471 3470
f 3471 3487 3472
f 3472 3488 3473
f 3473 3488 3474
f 3474 3489 3475
f 3477 3492 3478
f 3479 3493 3480
f 3480 3495 3481
f 3481 3496 3482
f 3482 3498 3483
f 3484 3499 3498
f 3479 3490 3493
f 3495 3486 3496
f 3489 3487 3486
f 3570 3564 3563
f 3571 3580 3579
f 3523 3547 3515
f 3515 3548 3508
f 3508 3549 3503
f 3503 3549 3504
f 3504 3549 3505
f 3505 3550 3509
f 3509 3565 3516
f 3516 3565 3524
f 3524 3551 3517
f 3517 3551 3518
f 3518 3551 3519
f 3519 3552 3525
f 3525 3552 3527
f 3527 3552 3526
f 3526 3566 3520
f 3520 3566 3510
f 3510 3567 3511
f 3511 3553 3512
f 3512 3553 3521
f 3521 3569 3522
f 3522 3569 3513
f 3513 3570 3506
f 3506 3571 6308
f 6308 3554 3545
f 3545 3554 3546
f 3546 3554 3538
f 3538 3573 3539
f 3539 3555 3540
f 3540 3555 3541
f 3541 3574 3542
f 3542 3574 3535
f 3535 3556 3531
f 3531 3556 3528
f 3528 3556 3529
f 3529 3556 3530
f 3530 3557 3532
f 3532 3558 3533
f 3533 3559 3534
f 3534 3559 3536
f 3536 3559 3537
f 3537 3560 3543
f 3543 3560 3544
f 3544 3561 3501
f 3501 3561 3502
f 3502 3547 3507
f 3507 3547 3514
f 3514 3547 3523
f 3562 3548 3547
f 3548 3563 3549
f 3549 3564 3550
f 3567 3568 3553
f 3574 3575 3556
f 3557 3577 3558
f 3558 3578 3559
f 3559 3579 3560
f 3560 3580 3561
f 3561 3580 3547
f 3566 3552 3551
f 3576 3556 3575
f 3573 3576 3555
f 3572 3577 3573
f 3655 3654 3653
f 3673 3674 3675
f 6310 3670 3669
f 3657 3653 3652
f 3592 3638 3593
f 3593 3639 3632
f 3632 3639 3633
f 3633 3639 3634
f 3634 3640 3594
f 3594 3640 3586
f 3586 3640 3585
f 3585 3641 3597
f 3597 3641 3601
f 3601 3654 3598
f 3598 3642 3587
f 3587 3642 3588
f 3588 3656 3589
f 3589 3643 3590
f 3590 3657 3627
f 3627 3658 3628
f 3628 3658 3629
f 3629 3658 3623
f 3623 3659 3621
f 3621 3644 3618
f 3618 3644 3619
f 3619 3644 3614
f 3614 3660 3615
f 3615 3645 3611
f 3611 3645 3612
f 3612 3645 3613
f 3613 3661 3616
f 3616 3661 3617
f 3617 3646 3620
f 3620 3646 3622
f 3622 3647 3624
f 3624 3648 3625
f 3625 3648 3626
f 3626 3663 3630
f 3630 3649 3631
f 3631 3650 3635
f 3635 3651 3636
f 3636 3637 3591
f 3591 3637 3592
f 3638 3652 3639
f 3639 3653 3640
f 3640 3654 3641
f 3654 3655 3642
f 3659 3661 3644
f 3647 3662 3648
f 3651 3664 3637
f 3603 3665 3604
f 3604 3665 3606
f 3606 3669 3608
f 3608 3666 3610
f 3610 3667 3609
f 3609 3667 3607
f 3607 3668 3605
f 3605 3665 3602
f 3602 3665 3603
f 3666 3670 3667
f 3667 3670 3668
f 3668 6310 3665
f 3583 3671 3584
f 3584 3671 3596
f 3596 3674 3599
f 3599 3672 3600
f 3600 3673 3595
f 3595 3673 3581
f 3581 3675 3582
f 3582 3671 3583
f 3725 3718 3726
f 3695 3708 3690
f 3690 3709 3676
f 3676 3717 3677
f 3677 3718 3678
f 3678 3718 3679
f 3679 3719 3696
f 3696 3719 3697
f 3697 3720 3698
f 3698 3721 3705
f 3705 3721 3680
f 3680 3722 3681
f 3681 3722 3682
f 3682 3723 3699
f 3699 3723 3700
f 3700 3724 3701
f 3701 3724 3706
f 3706 3724 3702
f 3702 3710 3703
f 3703 3710 3704
f 3704 3711 3683
f 3683 3711 3684
f 3684 3711 3685
f 3685 3727 3707
f 3707 3727 3686
f 3686 3728 3687
f 3687 3712 3691
f 3691 3713 3692
f 3692 3714 3689
f 3689 3714 3688
f 3688 3715 3693
f 3693 3716 3694
f 3694 3708 3695
f 3724 3725 3710
f 3710 3726 3711
f 3728 3729 3712
f 3712 3730 3713
f 3713 3731 3714
f 3708 3734 3709
f 3718 3725 3719
f 3716 3733 3708
f 3721 3723 3722
f 3745 3753 3746
f 3746 3754 3748
f 3748 3754 3750
f 3750 3755 3751
f 3751 3756 3752
f 3752 3756 3749
f 3749 3756 3747
f 3747 3753 3744
f 3744 3753 3745
f 3753 3758 3754
f 3754 3759 3755
f 3755 3760 3756
f 3736 3761 3737
f 3737 3762 3739
f 3739 3762 3740
f 3740 3762 3742
f 3742 3763 3743
f 3743 3763 3741
f 3741 3767 3738
f 3738 3764 3735
f 3735 3764 3736
f 3761 3765 3762
f 3762 3766 3763
f 3765 3767 3766
f 3756 3757 3753
f 3757 3760 3758
f 3954 3968 3967
f 3842 3944 3843
f 3843 3978 3853
f 3853 3945 3854
f 3854 3945 3862
f 3862 3946 3863
f 3863 3946 3855
f 3855 3930 3844
f 3844 3930 3820
f 3820 3948 3821
f 3821 3948 3822
f 3822 3931 3823
f 3823 3931 3824
f 3824 3931 3825
f 3825 3949 3826
f 3826 3949 3827
f 3827 3949 3828
f 3828 3950 3829
f 3829 3950 3785
f 3785 3950 3786
f 3786 3950 3787
f 3787 3950 3788
f 3788 3951 3830
f 3830 3951 3789
f 3789 3951 3790
f 3790 3932 3768
f 3768 3932 3769
f 3769 3953 3770
f 3770 3954 3771
f 3771 3954 3920
f 3920 3954 3918
f 3918 3955 3903
f 3903 3955 3904
f 3904 3955 3905
f 3905 3955 3906
f 3906 3956 3907
f 3907 3956 3908
f 3908 3956 3909
f 3909 3956 3910
f 3910 3957 3911
f 3911 3957 3912
f 3912 3957 3913
f 3913 3957 3914
f 3914 3958 3887
f 3887 3959 3888
f 3888 3960 3889
f 3889 3960 3890
f 3890 3961 3891
f 3891 3961 3892
f 3892 3961 3893
f 3893 3961 3894
f 3894 3961 3895
f 3895 3961 3884
f 3884 3961 3885
f 3885 3961 3886
f 3886 3962 3896
f 3896 3963 3897
f 3897 3964 3898
f 3898 3964 3899
f 3899 3965 3915
f 3915 3966 3916
f 3916 3933 3900
f 3900 3933 3901
f 3901 3933 3902
f 3902 3933 3917
f 3917 3934 3919
f 3919 3934 3921
f 3921 3934 3922
f 3922 3934 3923
f 3923 3934 3924
f 3924 3934 3925
f 3925 3934 3926
f 3926 3935 3927
f 3927 3935 3928
f 3928 3935 3929
f 3929 3935 3772
f 3772 3935 3773
f 3773 3935 3774
f 3774 3935 3775
f 3775 3952 3776
f 3776 3952 3777
f 3777 3952 3778
f 3778 3952 3779
f 3779 3969 3780
f 3780 3969 3781
f 3781 3969 3782
f 3782 3936 3783
f 3783 3936 3784
f 3784 3936 3791
f 3791 3936 3792
f 3792 3970 3793
f 3793 3970 3794
f 3794 3970 3795
f 3795 3970 3796
f 3796 3970 3797
f 3797 3971 3798
f 3798 3971 3799
f 3799 3971 3800
f 3800 3972 3801
f 3801 3972 3802
f 3802 3972 3803
f 3803 3972 3804
f 3804 3972 3805
f 3805 3972 3806
f 3806 3972 3807
f 3807 3972 3808
f 3808 3972 3809
f 3809 3972 3810
f 3810 3972 3811
f 3811 3972 3812
f 3812 3972 3813
f 3813 3937 3814
f 3814 3937 3815
f 3815 3937 3816
f 3816 3937 3817
f 3817 3937 3818
f 3818 3937 3819
f 3819 3937 3831
f 3831 3973 3832
f 3832 3973 3833
f 3833 3973 3834
f 3834 3973 3835
f 3835 3938 3836
f 3836 3938 3837
f 3837 3938 3838
f 3838 3939 3839
f 3839 3939 3840
f 3840 3974 3845
f 3845 3974 3846
f 3846 3940 3847
f 3847 3940 3848
f 3848 3940 3849
f 3849 3940 3850
f 3850 3940 3856
f 3856 3975 3857
f 3857 3976 3858
f 3858 3976 3859
f 3859 3976 3860
f 3860 3976 3864
f 3864 3976 3865
f 3865 3979 3866
f 3866 3979 3867
f 3867 3979 3868
f 3868 3979 3869
f 3869 3979 3870
f 3870 3979 3871
f 3871 3979 3872
f 3872 3977 3873
f 3873 3977 3874
f 3874 3977 3875
f 3875 3977 3876
f 3876 3977 3877
f 3877 3977 3878
f 3878 3941 3879
f 3879 3941 3880
f 3880 3941 3881
f 3881 3942 3882
f 3882 3942 3883
f 3883 3978 3861
f 3861 3978 3851
f 3851 3943 3852
f 3852 3944 3841
f 3841 3944 3842
f 3946 3947 3930
f 3951 3969 3932
f 3953 3968 3954
f 3966 3967 3933
f 3933 3968 3934
f 3938 3974 3939
f 3941 3945 3942
f 4076 4090 3982
f 3982 4091 3983
f 3983 4079 3997
f 3997 4079 4011
f 4011 4080 4012
f 4012 4080 4014
f 4014 4080 4016
f 4016 4093 4035
f 4035 4093 4036
f 4036 4093 4037
f 4037 4093 4038
f 4038 4093 4039
f 4039 4081 4041
f 4041 4081 4043
f 4043 4081 4045
f 4045 4081 4061
f 4061 4082 4062
f 4062 4082 4063
f 4063 4082 4064
f 4064 4082 4065
f 4065 4083 4066
f 4066 4083 4051
f 4051 4083 4052
f 4052 4083 4054
f 4054 4084 4056
f 4056 4084 4057
f 4057 4084 4058
f 4058 4095 4059
f 4059 4095 4060
f 4060 4095 4028
f 4028 4095 4029
f 4029 4096 4031
f 4031 4096 4033
f 4033 4096 4034
f 4034 4096 4001
f 4001 4096 4002
f 4002 4096 4004
f 4004 4097 4006
f 4006 4097 4008
f 4008 4097 3984
f 3984 4097 3985
f 3985 4085 3988
f 3988 4085 3990
f 3990 4085 3992
f 3992 4085 4077
f 4077 4098 4078
f 4078 4086 3994
f 3994 4086 3995
f 3995 4099 3993
f 3993 4099 3991
f 3991 4099 3989
f 3989 4100 3987
f 3987 4100 3986
f 3986 4100 4009
f 4009 4100 4007
f 4007 4100 4005
f 4005 4100 4003
f 4003 4087 4000
f 4000 4087 3999
f 3999 4087 3998
f 3998 4087 4032
f 4032 4087 4030
f 4030 4087 4027
f 4027 4102 4026
f 4026 4102 4025
f 4025 4102 4024
f 4024 4088 4023
f 4023 4088 4022
f 4022 4088 4055
f 4055 4088 4053
f 4053 4088 4050
f 4050 4104 4049
f 4049 4104 4048
f 4048 4104 4047
f 4047 4104 4046
f 4046 4104 4044
f 4044 4089 4042
f 4042 4089 4040
f 4040 4089 4021
f 4021 4089 4020
f 4020 4089 4019
f 4019 4089 4018
f 4018 4105 4017
f 4017 4105 4015
f 4015 4105 4013
f 4013 4106 4010
f 4010 4106 3996
f 3996 4106 3981
f 3981 4090 3980
f 3980 4090 4076
f 4079 4092 4080
f 4082 4094 4083
f 4098 4099 4086
f 4088 4103 4104
f 4068 4107 4069
f 4069 4108 4071
f 4071 4108 4072
f 4072 4109 4074
f 4074 4109 4075
f 4075 4109 4073
f 4073 4110 4070
f 4070 4107 4067
f 4067 4107 4068
f 4107 4111 4108
f 4108 4111 4109
f 4148 4147 4149
f 4128 4136 4122
f 4122 4145 4116
f 4116 4145 4117
f 4117 4137 4118
f 4118 4138 4119
f 4119 4138 4135
f 4135 4138 4134
f 4134 4139 4132
f 4132 4139 4131
f 4131 4139 4130
f 4130 4140 4133
f 4133 4141 4112
f 4112 4141 4113
f 4113 4142 4114
f 4114 4143 4115
f 4115 4144 4120
f 4120 4144 4121
f 4121 4136 4128
f 4145 4146 4137
f 4137 4147 4138
f 4138 4148 4139
f 4139 4149 4140
f 4140 4150 4141
f 4141 4151 4142
f 4142 4152 4143
f 4143 4153 4144
f 4129 4158 4123
f 4127 4154 4129
f 4126 4154 4127
f 4125 4155 4126
f 4124 4156 4125
f 4123 4157 4124
f 4156 4159 4155
f 4157 4160 4156
f 4287 4274 4288
f 4166 4273 4167
f 4167 4273 4168
f 4168 4273 4180
f 4180 4255 4181
f 4181 4255 4182
f 4182 4255 4190
f 4190 4256 4191
f 4191 4256 4192
f 4192 4256 4193
f 4193 4256 4194
f 4194 4256 4195
f 4195 4256 4183
f 4183 4274 4184
f 4184 4274 4163
f 4163 4275 4164
f 4164 4257 4241
f 4241 4257 4242
f 4242 4257 4231
f 4231 4258 4213
f 4213 4259 4214
f 4214 4259 4215
f 4215 4259 4216
f 4216 4259 4217
f 4217 4259 4218
f 4218 4278 4219
f 4219 4278 4232
f 4232 4278 4233
f 4233 4260 4234
f 4234 4260 4235
f 4235 4260 4243
f 4243 4260 4244
f 4244 4261 4245
f 4245 4261 4246
f 4246 4261 4250
f 4250 4272 4251
f 4251 4272 4165
f 4165 4272 4166
f 4172 4279 4173
f 4173 4279 4252
f 4252 4279 4253
f 4253 4280 4254
f 4254 4280 4247
f 4247 4281 4248
f 4248 4281 4249
f 4249 4281 4236
f 4236 4281 4237
f 4237 4281 4238
f 4238 4282 4220
f 4220 4282 4221
f 4221 4262 4222
f 4222 4262 4210
f 4210 4262 4211
f 4211 4283 4208
f 4208 4263 4205
f 4205 4263 4206
f 4206 4263 4207
f 4207 4284 4209
f 4209 4285 4212
f 4212 4286 4223
f 4223 4286 4224
f 4224 4286 4225
f 4225 4286 4226
f 4226 4286 4227
f 4227 4264 4228
f 4228 4264 4229
f 4229 4264 4230
f 4230 4287 4239
f 4239 4265 4240
f 4240 4265 4161
f 4161 4265 4162
f 4162 4288 4174
f 4174 4288 4175
f 4175 4266 4185
f 4185 4266 4196
f 4196 4266 4197
f 4197 4267 4201
f 4201 4267 4204
f 4204 4267 4202
f 4202 4268 4203
f 4203 4268 4198
f 4198 4269 4199
f 4199 4270 4200
f 4200 4270 4186
f 4186 4270 4187
f 4187 4270 4188
f 4188 4292 4189
f 4189 4292 4176
f 4176 4292 4177
f 4177 4292 4178
f 4178 4271 4179
f 4179 4271 4169
f 4169 4271 4170
f 4170 4271 4171
f 4171 4279 4172
f 4255 4292 4256
f 4275 4276 4257
f 4257 4277 4258
f 4258 4277 4259
f 4260 4280 4261
f 4288 4289 4266
f 4290 4268 4267
f 4292 4273 4271
f 4289 4267 4266
f 4387 4388 4364
f 4374 4384 4375
f 4375 4384 4376
f 4379 4381 4380
f 4367 4394 4368
f 4325 4353 4326
f 4326 4354 4328
f 4328 4354 4330
f 4330 4354 4331
f 4331 4369 4334
f 4334 4370 4344
f 4344 4370 4350
f 4350 4370 4345
f 4345 4371 4335
f 4335 4355 4336
f 4336 4355 4337
f 4337 4372 4346
f 4346 4372 4351
f 4351 4372 4300
f 4300 4373 4301
f 4301 4356 4302
f 4302 4356 4303
f 4303 4375 4305
f 4305 4375 4308
f 4308 4375 4309
f 4309 4376 4313
f 4313 4376 4318
f 4318 4377 4319
f 4319 4378 4323
f 4323 4378 4320
f 4320 4379 4314
f 4314 4379 4315
f 4315 4380 4311
f 4311 4380 4310
f 4310 4381 4316
f 4316 4357 4321
f 4321 4358 4322
f 4322 4358 4317
f 4317 4358 4312
f 4312 4384 4306
f 4306 4384 4307
f 4307 4384 4304
f 4304 4359 4293
f 4293 4360 4294
f 4294 4360 4295
f 4295 4361 4347
f 4347 4362 4348
f 4348 4363 4296
f 4296 4363 4297
f 4297 4364 4298
f 4298 4388 4299
f 4299 4365 4338
f 4338 4390 4339
f 4339 4366 4340
f 4340 4366 4341
f 4341 4391 4349
f 4349 4391 4342
f 4342 4392 4343
f 4343 4392 4332
f 4332 4393 4333
f 4333 4393 4329
f 4329 4394 4327
f 4327 4352 4324
f 4324 4352 4325
f 4352 4367 4353
f 4353 4368 4354
f 4373 4374 4356
f 4381 4382 4357
f 4357 4383 4358
f 4359 4374 4360
f 4360 4385 4361
f 4361 4386 4362
f 4362 4387 4363
f 4388 4389 4365
f 4394 4367 4352
f 4411 4558 4395
f 4410 4558 4411
f 4409 4558 4410
f 4408 4583 4409
f 4407 4583 4408
f 4441 4583 4407
f 4440 4583 4441
f 4439 4583 4440
f 4438 4583 4439
f 4437 4559 4438
f 4436 4559 4437
f 4435 4559 4436
f 4434 4559 4435
f 4433 4560 4434
f 4432 4560 4433
f 4464 4560 4432
f 4463 4560 4464
f 4462 4561 4463
f 4461 4561 4462
f 4481 4586 4461
f 4480 4586 4481
f 4479 4586 4480
f 4478 4587 4479
f 4477 4562 4478
f 4476 4562 4477
f 4475 4562 4476
f 4474 4562 4475
f 4473 4562 4474
f 4472 4608 4473
f 4484 4608 4472
f 4483 4563 4484
f 4482 4563 4483
f 4471 4563 4482
f 4460 4563 4471
f 4459 4588 4460
f 4458 4588 4459
f 4457 4564 4458
f 4431 4564 4457
f 4406 4564 4431
f 4405 4565 4406
f 4554 4565 4405
f 4553 4592 4554
f 4552 4592 4553
f 4551 4592 4552
f 4550 4592 4551
f 4549 4566 4550
f 4548 4566 4549
f 4547 4566 4548
f 4546 4567 4547
f 4545 4567 4546
f 4529 4567 4545
f 4528 4567 4529
f 4527 4567 4528
f 4526 4594 4527
f 4525 4594 4526
f 4524 4594 4525
f 4523 4568 4524
f 4522 4568 4523
f 4521 4569 4522
f 4520 4569 4521
f 4517 4569 4520
f 4516 4569 4517
f 4515 4569 4516
f 4514 4570 4515
f 4513 4570 4514
f 4512 4570 4513
f 4511 4571 4512
f 4510 4571 4511
f 4509 4571 4510
f 4519 4571 4509
f 4508 4571 4519
f 4507 4571 4508
f 4506 4572 4507
f 4505 4572 4506
f 4504 4572 4505
f 4503 4572 4504
f 4502 4573 4503
f 4494 4573 4502
f 4493 4573 4494
f 4492 4573 4493
f 4491 4573 4492
f 4490 4596 4491
f 4489 4596 4490
f 4488 4574 4489
f 4487 4574 4488
f 4486 4574 4487
f 4485 4574 4486
f 4501 4574 4485
f 4500 4574 4501
f 4499 4597 4500
f 4498 4597 4499
f 4497 4597 4498
f 4496 4597 4497
f 4495 4597 4496
f 4518 4598 4495
f 4544 4599 4518
f 4543 4599 4544
f 4542 4599 4543
f 4541 4599 4542
f 4540 4599 4541
f 4539 4575 4540
f 4538 4575 4539
f 4537 4575 4538
f 4536 4575 4537
f 4535 4575 4536
f 4534 4575 4535
f 4533 4575 4534
f 4532 4576 4533
f 4531 4576 4532
f 4530 4576 4531
f 4557 4576 4530
f 4556 4576 4557
f 4555 4600 4556
f 4404 4577 4555
f 4403 4577 4404
f 4402 4577 4403
f 4401 4577 4402
f 4400 4601 4401
f 4430 4601 4400
f 4429 4601 4430
f 4428 4602 4429
f 4427 4602 4428
f 4426 4602 4427
f 4425 4602 4426
f 4424 4602 4425
f 4423 4602 4424
f 4422 4578 4423
f 4456 4578 4422
f 4455 4578 4456
f 4454 4578 4455
f 4453 4578 4454
f 4452 4578 4453
f 4451 4578 4452
f 4450 4578 4451
f 4449 4603 4450
f 4448 4603 4449
f 4447 4603 4448
f 4442 4618 4465
f 4421 4618 4442
f 4420 4579 4421
f 4419 4579 4420
f 4418 4579 4419
f 4417 4579 4418
f 4416 4580 4417
f 4415 4580 4416
f 4414 4580 4415
f 4413 4580 4414
f 4412 4581 4413
f 4399 4581 4412
f 4398 4581 4399
f 4397 4582 4398
f 4396 4582 4397
f 4395 4558 4396
f 4561 4585 4560
f 4608 4587 4562
f 4588 4608 4563
f 4565 4590 4564
f 4592 4591 4565
f 4567 4593 4566
f 4569 4595 4568
f 4570 4595 4569
f 4577 4591 4600
f 4601 4591 4577
f 4579 4605 4618
f 4580 4606 4579
f 4581 4607 4580
f 4603 4602 4578
f 4443 4613 4444
f 4465 4618 4466
f 4604 4609 4446
f 4604 4610 4445
f 4613 4611 4444
f 4470 4613 4612
f 4469 4618 4614
f 4613 4614 4618
f 4613 4618 4589
f 4468 4618 4615
f 4618 4616 4467
f 4617 4618 4467
f 4718 4717 4723
f 4710 4700 4701
f 4709 4718 4700
f 4625 4689 4626
f 4626 4689 4686
f 4686 4690 4681
f 4681 4690 4676
f 4676 4691 4677
f 4677 4691 4665
f 4665 4692 4666
f 4666 4692 4667
f 4667 4693 4678
f 4678 4693 4682
f 4682 4693 4687
f 4687 4694 4627
f 4627 4694 4628
f 4628 4694 4629
f 4629 4695 4633
f 4633 4695 4647
f 4647 4695 4648
f 4648 4712 4649
f 4649 4696 4650
f 4650 4696 4651
f 4651 4696 4655
f 4655 4696 4656
f 4656 4713 4657
f 4657 4713 4658
f 4658 4713 4659
f 4659 4713 4660
f 4660 4713 4661
f 4661 4713 4662
f 4662 4713 4663
f 4663 4714 4653
f 4653 4714 4652
f 4652 4697 4664
f 4664 4697 4654
f 4654 4698 4634
f 4634 4698 4635
f 4635 4717 4646
f 4646 4717 4632
f 4632 4689 4624
f 4624 4689 4625
f 4688 4699 4623
f 4685 4699 4688
f 4680 4699 4685
f 4675 4700 4680
f 4674 4701 4675
f 4673 4702 4674
f 4672 4703 4673
f 4671 4703 4672
f 4670 4703 4671
f 4669 4703 4670
f 4668 4703 4669
f 4679 4703 4668
f 4684 4704 4679
f 4683 4704 4684
f 4621 4704 4683
f 4620 4705 4621
f 4619 4705 4620
f 4630 4705 4619
f 4643 4706 4630
f 4642 4707 4643
f 4641 4707 4642
f 4640 4707 4641
f 4639 4707 4640
f 4638 4707 4639
f 4637 4708 4638
f 4636 4708 4637
f 4645 4708 4636
f 4644 4708 4645
f 4631 4708 4644
f 4622 4708 4631
f 4623 4699 4622
f 4689 4709 4690
f 4690 4710 4691
f 4691 4711 4692
f 4692 6313 4693
f 4693 4721 4694
f 4696 4712 4713
f 4714 4715 4697
f 4697 4716 4698
f 4717 4709 4689
f 4700 4718 4699
f 4704 4719 4703
f 4705 4720 4704
f 4706 4721 4705
f 4708 4722 4707
f 4699 4723 4708
f 4702 4710 4701
f 4710 4702 4711
f 4719 6313 4711
f 4762 4774 4773
f 4770 4781 4780
f 4742 4754 4737
f 4737 4755 4738
f 4738 4756 4729
f 4729 4756 4730
f 4730 4756 4731
f 4731 4756 4750
f 4750 4757 4751
f 4751 4758 4752
f 4752 4759 4732
f 4732 4760 4733
f 4733 4760 4739
f 4739 4775 4740
f 4740 4776 4741
f 4741 4776 4734
f 4734 4761 4735
f 4735 4761 4725
f 4725 4762 4724
f 4724 4762 4753
f 4753 4763 4748
f 4748 4764 4746
f 4746 4765 4743
f 4743 4765 4744
f 4744 4765 4745
f 4745 4765 4747
f 4747 4766 4749
f 4749 4766 4726
f 4726 4767 4727
f 4727 4767 4728
f 4728 4754 4736
f 4736 4754 4742
f 4754 4769 4755
f 4755 4770 4756
f 4756 4771 4757
f 4757 4772 4758
f 4758 4773 4759
f 4759 4774 4760
f 4762 4777 4763
f 4763 4778 4764
f 4764 4779 4765
f 4765 4780 4766
f 4766 4781 4767
f 4781 4754 4767
f 4780 4771 4770
f 4777 4771 4778
f 4774 4776 4775
f 4868 4851 4867
f 4870 4850 4869
f 4869 4839 4868
f 4826 4871 4821
f 4825 4849 4826
f 4829 4849 4825
f 4831 4850 4829
f 4782 4839 4831
f 4783 4839 4782
f 4792 4851 4783
f 4791 4851 4792
f 4790 4852 4791
f 4803 4853 4790
f 4802 4853 4803
f 4815 4853 4802
f 4814 4854 4815
f 4820 4855 4814
f 4812 4856 4820
f 4813 4856 4812
f 4811 4857 4813
f 4810 4857 4811
f 4809 4840 4810
f 4808 4841 4809
f 4801 4842 4808
f 4800 4842 4801
f 4799 4843 4800
f 4798 4844 4799
f 4797 4845 4798
f 4807 4845 4797
f 4806 4846 4807
f 4819 4846 4806
f 4818 4860 4819
f 4817 4861 4818
f 4816 4861 4817
f 4805 4854 4816
f 4804 4854 4805
f 4796 4853 4804
f 4795 4875 4796
f 4794 4875 4795
f 4793 4862 4794
f 4789 4863 4793
f 4788 4863 4789
f 4838 4865 4788
f 4876 4865 4838
f 4837 4872 4876
f 4835 4872 4837
f 4834 4847 4835
f 4833 4847 4834
f 4836 4847 4833
f 4787 4864 4836
f 4786 4865 4787
f 4785 4866 4786
f 4874 4867 4785
f 4873 4867 4874
f 4784 4867 4873
f 4832 4868 4784
f 4830 4869 4832
f 4828 4869 4830
f 4827 4870 4828
f 4824 4870 4827
f 4823 4848 4824
f 4822 4848 4823
f 4821 4871 4822
f 4843 4858 4842
f 4846 4859 4845
f 4860 4857 4846
f 4953 4942 4952
f 4968 4970 4939
f 4970 4969 4951
f 4963 4946 4960
f 4958 4954 4955
f 4963 4964 4946
f 4901 4970 4905
f 4894 4939 4901
f 4893 4939 4894
f 4883 4952 4893
f 4882 4952 4883
f 4938 4953 4882
f 4937 4953 4938
f 4936 4940 4937
f 4935 4954 4936
f 4931 4954 4935
f 4930 4955 4931
f 4923 4955 4930
f 4922 4955 4923
f 4913 4956 4922
f 4912 4941 4913
f 4911 4941 4912
f 4921 4941 4911
f 4920 4957 4921
f 4919 4957 4920
f 4929 4957 4919
f 4928 4958 4929
f 4934 4958 4928
f 4880 4942 4934
f 4881 4942 4880
f 4892 4943 4881
f 4891 4943 4892
f 4900 4944 4891
f 4890 4944 4900
f 4889 4944 4890
f 4945 4879 4946
f 4933 4946 4879
f 4927 4946 4933
f 4926 4960 4927
f 4918 4960 4926
f 4917 4960 4918
f 4910 4962 4917
f 4909 4947 4910
f 4908 4947 4909
f 4916 4947 4908
f 4915 4961 4916
f 4914 4962 4915
f 4925 4962 4914
f 4924 4960 4925
f 4932 4963 4924
f 4877 4963 4932
f 4878 4964 4877
f 4888 4965 4878
f 4887 4965 4888
f 4899 4948 4887
f 4898 4948 4899
f 4904 4948 4898
f 4897 4966 4904
f 4896 4966 4897
f 4886 4966 4896
f 4885 4967 4886
f 4884 4949 4885
f 4895 4949 4884
f 4903 4950 4895
f 4902 4950 4903
f 4907 4950 4902
f 4906 4951 4907
f 4905 4970 4906
f 4944 4952 4943
f 4945 4959 4944
f 4964 4945 4946
f 4950 4968 4949
f 4951 4969 4950
f 5051 5038 5039
f 5052 5037 5038
f 5052 5036 5037
f 5047 5041 5042
f 5048 5040 5041
f 4987 5034 4990
f 4988 5035 4987
f 4984 5035 4988
f 4982 5018 4984
f 4980 5018 4982
f 4978 5037 4980
f 4976 5019 4978
f 4972 5020 4976
f 4971 5021 4972
f 5013 5021 4971
f 5014 5022 5013
f 5011 5022 5014
f 5009 5022 5011
f 5007 5023 5009
f 5005 5023 5007
f 4992 5042 5005
f 4993 5024 4992
f 4994 5024 4993
f 4995 5025 4994
f 4996 5025 4995
f 4997 5025 4996
f 4998 5025 4997
f 4999 5026 4998
f 5000 5026 4999
f 5001 5026 5000
f 5002 5026 5001
f 5003 5027 5002
f 5004 5027 5003
f 5006 5028 5004
f 5008 5029 5006
f 5010 5047 5008
f 5012 5047 5010
f 5015 5048 5012
f 5016 5048 5015
f 5017 5049 5016
f 4973 5049 5017
f 4974 5030 4973
f 4975 5030 4974
f 4977 5031 4975
f 4979 5031 4977
f 4981 5032 4979
f 4983 5032 4981
f 4985 5033 4983
f 4986 5033 4985
f 4989 5033 4986
f 4991 5034 4989
f 4990 5034 4991
f 5037 5036 5018
f 5020 5038 5019
f 5021 5039 5020
f 5022 5040 5021
f 5023 5040 5022
f 5042 5041 5023
f 5027 5044 5026
f 5028 5045 5027
f 5029 5046 5028
f 5031 5050 5030
f 5032 5051 5031
f 5033 5052 5032
f 5034 5053 5033
f 5137 5191 5138
f 5138 5192 5084
f 5084 5192 5085
f 5085 5192 5086
f 5086 5192 5087
f 5087 5192 5088
f 5088 5192 5089
f 5089 5192 5090
f 5090 5193 5091
f 5091 5193 5092
f 5092 5181 5093
f 5093 5181 5094
f 5094 5181 5095
f 5095 5181 5096
f 5096 5193 5097
f 5097 5218 5098
f 5098 5182 5099
f 5099 5182 5100
f 5100 5182 5101
f 5101 5194 5102
f 5102 5194 5103
f 5103 5195 5104
f 5104 5195 5105
f 5105 5196 5106
f 5106 5196 5107
f 5107 5196 5108
f 5108 5197 5109
f 5109 5197 5110
f 5110 5197 5139
f 5139 5197 5140
f 5140 5198 5141
f 5111 5222 5112
f 5112 5200 5113
f 5113 5200 5114
f 5114 5200 5072
f 5072 5200 5073
f 5073 5201 5074
f 5074 5201 5065
f 5065 5201 5066
f 5066 5201 5067
f 5067 5201 5058
f 5058 5183 5059
f 5059 5183 5060
f 5060 5210 5061
f 5061 5210 5178
f 5178 5202 5179
f 5179 5202 5180
f 5180 5202 6315
f 6315 5202 5172
f 5172 5202 5173
f 5173 5208 5174
f 5174 5208 5165
f 5165 5203 5166
f 5166 5203 5167
f 5167 5184 5158
f 5158 5184 5159
f 5159 5204 5160
f 5160 6314 5154
f 5154 6314 5151
f 5151 5205 5148
f 5148 5205 5149
f 5149 5205 5150
f 5150 5206 5152
f 5152 5207 5153
f 5153 5207 5155
f 5155 5185 5156
f 5156 5185 5157
f 5157 5185 5161
f 5161 5203 5162
f 5162 5208 5163
f 5163 5208 5164
f 5164 5208 5168
f 5168 5208 5169
f 5169 5209 5170
f 5170 5209 5171
f 5171 5209 5175
f 5175 5209 5176
f 5176 5210 5177
f 5177 5210 5054
f 5054 5210 5055
f 5055 5211 5056
f 5056 5211 5057
f 5057 5211 5062
f 5062 5212 5063
f 5063 5212 5064
f 5064 5212 5068
f 5068 5212 5069
f 5069 5186 5070
f 5070 5186 5071
f 5071 5186 5075
f 5075 5186 5076
f 5076 5213 5077
f 5077 5213 5078
f 5078 5213 5115
f 5115 5213 5116
f 5116 5187 5117
f 5117 5187 5118
f 5118 5187 5119
f 5119 5187 5120
f 5120 5188 5145
f 5145 5189 5146
f 5146 5189 5147
f 5147 5189 5121
f 5121 5189 5122
f 5122 5189 5123
f 5123 5190 5124
f 5124 5190 5125
f 5125 5217 5126
f 5126 5217 5127
f 5127 5217 5128
f 5128 5217 5129
f 5129 5196 5130
f 5130 5196 5131
f 5131 5195 5132
f 5132 5195 5133
f 5133 5195 5134
f 5134 5194 5135
f 5135 5194 5079
f 5079 5194 5080
f 5080 5218 5081
f 5081 5218 5082
f 5082 5218 5083
f 5083 5218 5136
f 5136 5191 5137
f 5218 5194 5182
f 5203 5204 5184
f 5207 5204 5185
f 5212 5200 5186
f 5189 5216 5190
f 5190 5198 5217
f 5218 5192 5191
f 5141 5198 5219
f 5142 5199 5220
f 5143 5199 5221
f 5199 5223 5144
f 5291 5320 5319
f 5306 5314 5307
f 5312 5309 5308
f 5300 5299 5301
f 5301 5299 5302
f 5249 6316 5244
f 5244 6316 5245
f 5245 6316 5235
f 5235 5291 5230
f 5230 5297 5231
f 5231 5298 5286
f 5286 5298 5278
f 5278 5298 5274
f 5274 5299 5272
f 5272 5299 5270
f 5270 5292 5268
f 5268 5292 5266
f 5266 5293 5263
f 5263 5293 5264
f 5264 5293 5265
f 5265 5293 5267
f 5267 5301 5269
f 5269 5302 5271
f 5271 5302 5273
f 5273 5294 5275
f 5275 5294 5276
f 5276 5303 5277
f 5277 5303 5279
f 5279 5304 5280
f 5280 5304 5287
f 5287 5304 5224
f 5224 5304 5225
f 5225 5305 5232
f 5236 5306 5237
f 5237 5306 5238
f 5238 5307 5246
f 5246 5308 5250
f 5250 5309 5254
f 5254 5309 5257
f 5257 5309 5258
f 5258 5310 5261
f 5261 5311 5262
f 5262 5311 5259
f 5259 5311 5260
f 5260 5311 5255
f 5255 5312 5256
f 5256 5313 5251
f 5251 5313 5252
f 5252 5313 5253
f 5253 5314 5247
f 5247 5315 5239
f 5239 5315 5240
f 5240 5295 5241
f 5233 5316 5226
f 5226 5317 5227
f 5227 5317 5288
f 5288 5296 5289
f 5289 5296 5281
f 5281 5296 5282
f 5282 5318 5283
f 5283 5318 5284
f 5284 5318 5285
f 5285 5318 5290
f 5290 5319 5229
f 5229 5319 5228
f 5228 5320 5234
f 5234 5320 5242
f 5242 5320 5243
f 5243 5321 5248
f 5248 6316 5249
f 5300 5293 5292
f 5233 5295 5316
f 5316 5295 5315
f 5377 5378 5325
f 5376 5378 5377
f 5324 5379 5376
f 5323 5379 5324
f 5322 5380 5323
f 5325 5380 5322
f 5375 5382 5371
f 5374 5383 5375
f 5373 5383 5374
f 5372 5381 5373
f 5371 5382 5372
f 5352 5388 5351
f 5351 5388 5350
f 5350 5389 5357
f 5357 5390 5356
f 5356 5390 5360
f 5360 5391 5359
f 5359 5391 5364
f 5364 5391 5363
f 5363 5384 5367
f 5367 5384 5366
f 5366 5393 5370
f 5370 5385 5369
f 5369 5392 5368
f 5368 5392 5365
f 5365 5386 5362
f 5362 5386 5361
f 5361 5394 5358
f 5358 5394 5354
f 5354 5394 5355
f 5355 5387 5353
f 5353 5387 5352
f 5391 5392 5384
f 5326 5395 5327
f 5327 5404 5328
f 5328 5396 5329
f 5329 5396 5330
f 5330 5397 5332
f 5332 5397 5333
f 5333 5398 5336
f 5336 5398 5337
f 5337 5398 5340
f 5340 5405 5341
f 5341 5405 5342
f 5342 5406 5344
f 5344 5407 5345
f 5345 5407 5349
f 5349 5407 5346
f 5346 5399 5347
f 5347 5400 5348
f 5348 5400 5343
f 5343 5401 5338
f 5338 5401 5339
f 5339 5402 5334
f 5334 5402 5335
f 5335 5402 5331
f 5331 5403 5326
f 5399 5406 5400
f 5400 5405 5401
f 5401 5408 5402
f 5435 5489 5436
f 5436 5490 5437
f 5437 5477 5438
f 5438 5477 5434
f 5434 5478 5432
f 5432 5478 5426
f 5426 5491 5427
f 5427 5491 5428
f 5428 5491 5419
f 5419 5501 5420
f 5420 5501 5421
f 5421 5492 5409
f 5409 5492 5410
f 5410 5479 5411
f 5411 5479 5412
f 5412 5479 5471
f 5471 5479 5472
f 5472 5480 5463
f 5463 5480 5464
f 5464 5493 5465
f 5465 5493 5466
f 5466 5493 5456
f 5456 5493 5457
f 5457 5481 5458
f 5458 5481 5447
f 5447 5481 5448
f 5448 5481 5449
f 5449 5482 5450
f 5450 5482 5451
f 5451 5482 5442
f 5442 5494 5443
f 5443 5495 5439
f 5439 5495 5440
f 5440 5495 5441
f 5441 5496 5444
f 5444 5483 5445
f 5445 5483 5446
f 5446 5483 5452
f 5452 5483 5453
f 5453 5497 5454
f 5454 5497 5455
f 5455 5497 5459
f 5459 5484 5460
f 5460 5484 5461
f 5461 5484 5462
f 5462 5484 5467
f 5467 5484 5468
f 5468 5498 5469
f 5469 5499 5470
f 5470 5499 5473
f 5473 5500 5474
f 5474 5485 5475
f 5475 5485 5413
f 5413 5485 5414
f 5414 5485 5415
f 5415 5485 5416
f 5416 5486 5417
f 5417 5486 5418
f 5418 5486 5422
f 5422 5486 5423
f 5423 5501 5424
f 5424 5487 5425
f 5425 5487 5429
f 5429 5487 5430
f 5430 5476 5431
f 5431 5476 5433
f 5433 5476 5435
f 5477 5502 5478
f 5479 5498 5480
f 5493 5497 5481
f 5481 5496 5482
f 5485 5492 5486
f 5501 5491 5487
f 5487 5502 5476
f 5557 5550 5558
f 5523 5544 5518
f 5518 5544 5519
f 5519 5544 5520
f 5520 5551 5507
f 5507 5551 5508
f 5508 5551 5509
f 5509 5545 5510
f 5510 5545 5511
f 5511 5545 5539
f 5539 5552 5540
f 5540 5552 5541
f 5541 5552 5529
f 5529 5552 5530
f 5530 5553 5531
f 5531 5553 5532
f 5532 5562 5533
f 5533 5562 5524
f 5524 5554 5525
f 5525 5554 5526
f 5526 5546 5527
f 5527 5546 5528
f 5528 5546 5534
f 5534 5547 5535
f 5535 5547 5536
f 5536 5547 5537
f 5537 5547 5542
f 5542 5548 5543
f 5543 5548 5512
f 5512 5549 5513
f 5513 5549 5514
f 5514 5549 5515
f 5515 5549 5521
f 5521 5557 5517
f 5517 5557 5516
f 5516 5558 5522
f 5522 5550 5523
f 5551 5555 5545
f 5547 5555 5548
f 5548 5556 5549
f 5504 5559 5505
f 5505 5560 5538
f 5538 5561 5506
f 5506 5561 5503
f 5503 5559 5504
f 5603 5602 5595
f 5588 5592 5589
f 5589 5594 5591
f 5591 5593 5590
f 5590 5593 5587
f 5587 5592 5588
f 5566 5606 5568
f 5565 5602 5566
f 5583 5602 5565
f 5581 5595 5583
f 5580 5595 5581
f 5575 5596 5580
f 5574 5596 5575
f 5573 5597 5574
f 5579 5598 5573
f 5582 5598 5579
f 5563 5598 5582
f 5564 5599 5563
f 5567 5604 5564
f 5569 5600 5567
f 5571 5600 5569
f 5572 5601 5571
f 5570 5605 5572
f 5568 5606 5570
f 5596 5610 5595
f 5597 5610 5596
f 5599 5603 5598
f 5577 5607 5578
f 5578 5609 5586
f 5586 5609 5584
f 5584 5608 5585
f 5585 5607 5576
f 5576 5607 5577
f 5717 5719 5718
f 5645 5738 5635
f 5635 5711 5636
f 5636 5712 5623
f 5623 5712 5624
f 5624 5713 5625
f 5625 5714 5688
f 5688 5715 5689
f 5689 5715 5690
f 5690 5715 5691
f 5691 5715 5692
f 5692 5715 5693
f 5693 5715 5673
f 5673 5716 5668
f 5668 5716 5666
f 5666 5717 5662
f 5662 5717 5663
f 5663 5718 5664
f 5664 5718 5665
f 5665 5719 5667
f 5667 5719 5669
f 5669 5704 5670
f 5670 5705 5671
f 5671 5705 5672
f 5672 5721 5674
f 5674 5722 5675
f 5675 5722 5676
f 5676 5722 5694
f 5694 5722 5695
f 5695 5722 5696
f 5696 5722 5697
f 5697 5723 5698
f 5698 5723 5611
f 5611 5723 5612
f 5612 5724 5613
f 5613 5724 5614
f 5614 5724 5615
f 5615 5724 5626
f 5626 5724 5627
f 5627 5725 5628
f 5628 5725 5629
f 5629 5725 5637
f 5637 5726 5638
f 5638 5726 5639
f 5639 5726 5640
f 5640 5726 5646
f 5646 5726 5647
f 5647 5727 5648
f 5648 5727 5649
f 5649 5727 5655
f 5655 5728 5656
f 5656 5728 5657
f 5657 5728 5661
f 5661 5728 5658
f 5658 5729 5659
f 5659 5706 5660
f 5660 5706 5650
f 5650 5706 5651
f 5651 5707 5652
f 5652 5707 5653
f 5653 5707 5654
f 5654 5707 5641
f 5641 5730 5642
f 5642 5730 5643
f 5643 5731 5644
f 5644 5731 5630
f 5630 5732 5631
f 5631 5732 5632
f 5632 5732 5616
f 5616 5732 5617
f 5617 5708 5618
f 5618 5708 5619
f 5619 5708 5620
f 5620 5708 5699
f 5699 5733 5700
f 5700 5733 5701
f 5701 5734 5702
f 5702 5734 5703
f 5703 5734 5677
f 5681 5710 5682
f 5682 5710 5683
f 5683 5710 5684
f 5684 5710 5685
f 5685 5710 5686
f 5686 5710 5687
f 5687 5736 5622
f 5622 5737 5621
f 5621 5737 5633
f 5633 5738 5634
f 5634 5738 5645
f 5719 5715 5704
f 5706 5730 5707
f 5709 5735 5710
f 5734 5679 5739
f 5734 5678 5740
f 5741 5709 5680
f 5709 5681 5742
f 5872 5890 5889
f 5755 5846 5756
f 5756 5846 5757
f 5757 5846 5766
f 5766 5846 5767
f 5767 5846 5768
f 5768 5847 5769
f 5769 5847 5770
f 5770 5847 5771
f 5771 5847 5781
f 5781 5847 5782
f 5782 5847 5783
f 5783 5848 5784
f 5784 5871 5785
f 5785 5871 5772
f 5772 5849 5759
f 5759 5849 5758
f 5758 5850 5830
f 5830 5873 5831
f 5829 5874 5843
f 5843 5875 5844
f 5844 5875 5845
f 5845 5875 5753
f 5753 5875 5754
f 5754 5893 5755
f 5751 5876 5752
f 5752 5876 5841
f 5841 5876 5842
f 5842 5851 5824
f 5824 5851 5825
f 5825 5851 5826
f 5826 5852 5812
f 5812 5852 5802
f 5802 5853 5801
f 5801 5854 5813
f 5813 5855 5832
f 5832 5855 5833
f 5833 5855 5834
f 5834 5880 5835
f 5835 5856 5836
f 5836 5856 5814
f 5814 5856 5815
f 5815 5856 5816
f 5816 5881 5817
f 5817 5882 5818
f 5818 5882 5803
f 5803 5882 5804
f 5804 5882 5805
f 5805 5857 5806
f 5806 5857 5807
f 5807 5857 5794
f 5794 5857 5795
f 5795 5857 5796
f 5796 5858 5797
f 5797 5858 5790
f 5790 5859 5791
f 5791 5860 5792
f 5792 5860 5793
f 5793 5861 5798
f 5798 5861 5799
f 5799 5861 5800
f 5800 5862 5808
f 5808 5862 5809
f 5809 5863 5810
f 5810 5863 5811
f 5811 5863 5819
f 5819 5863 5820
f 5820 5863 5821
f 5821 5887 5822
f 5822 5887 5823
f 5823 5888 5837
f 5837 5888 5838
f 5838 5864 5839
f 5839 5864 5840
f 5840 5864 5743
f 5743 5889 5744
f 5744 5889 5745
f 5745 5889 5746
f 5746 5889 5747
f 5747 5890 5760
f 5760 5890 5773
f 5773 5865 5774
f 5774 5865 5786
f 5786 5866 5787
f 5787 5891 5788
f 5788 5867 5789
f 5789 5868 5775
f 5775 5868 5776
f 5776 5868 5777
f 5777 5868 5778
f 5778 5868 5779
f 5779 5869 5780
f 5780 5869 5761
f 5761 5869 5762
f 5762 5869 5763
f 5763 5893 5764
f 5764 5893 5765
f 5765 5893 5748
f 5748 5893 5749
f 5749 5876 5750
f 5750 5876 5751
f 5846 5870 5847
f 5871 5872 5849
f 5849 5872 5850
f 5851 5877 5852
f 5852 5878 5853
f 5853 5879 5854
f 5880 5888 5856
f 5857 5883 5858
f 5858 5884 5859
f 5859 5894 5860
f 5860 5885 5861
f 5861 5885 5862
f 5862 5886 5863
f 5864 5880 5889
f 5867 5892 5868
f 5868 5870 5869
f 5828 5874 5896
f 5827 5873 5898
f 5873 5897 5898
f 5895 5873 5899
f 5899 5873 5827
f 5980 5979 5974
f 5974 5978 5975
f 5967 5972 5971
f 5938 5964 5932
f 5932 5983 5931
f 5931 5959 5930
f 5930 5959 5924
f 5924 5959 5923
f 5923 5982 5922
f 5922 5982 5914
f 5914 5982 5913
f 5913 5981 5912
f 5912 5981 5903
f 5903 5981 5902
f 5902 5965 5901
f 5901 5965 5900
f 5900 5965 5958
f 5958 5966 5957
f 5957 5966 5955
f 5955 5960 5954
f 5954 5960 5952
f 5952 5967 5950
f 5950 5968 5946
f 5946 5968 5945
f 5945 5968 5944
f 5944 5969 5949
f 5949 5970 5948
f 5948 5970 5947
f 5947 5971 5951
f 5951 5972 5953
f 5953 5972 5956
f 5956 5961 5910
f 5910 5961 5911
f 5911 5961 5921
f 5921 5974 5929
f 5929 5975 5937
f 5937 5975 5943
f 5943 5976 5942
f 5942 5977 5941
f 5941 5978 5940
f 5940 5978 5936
f 5936 5979 5928
f 5928 5980 5920
f 5920 5973 5909
f 5909 5973 5908
f 5908 5965 5907
f 5907 5965 5906
f 5906 5962 5905
f 5905 5962 5904
f 5904 5962 5919
f 5919 5962 5918
f 5918 5963 5917
f 5917 5963 5916
f 5916 5963 5915
f 5915 5963 5927
f 5927 5983 5926
f 5926 5983 5925
f 5925 5983 5935
f 5935 5983 5934
f 5934 5984 5933
f 5933 5984 5939
f 5939 5964 5938
f 5967 5970 5968
f 5972 5973 5961
f 5965 5981 5962
f 5962 5982 5963
f 6043 6049 6045
f 6049 6042 6050
f 5995 6028 5996
f 5996 6028 6003
f 6003 6040 6007
f 6007 6029 6008
f 6008 6030 6009
f 6009 6031 6004
f 6004 6032 5997
f 5997 6032 5998
f 5998 6043 5999
f 5999 6043 5989
f 5989 6043 5990
f 5990 6044 6022
f 6022 6044 6023
f 6023 6033 6024
f 6024 6033 6014
f 6014 6034 6015
f 6015 6034 6011
f 6011 6047 6012
f 6012 6048 6013
f 6013 6048 6016
f 6016 6035 6017
f 6017 6035 6018
f 6018 6036 6025
f 6025 6036 6027
f 6027 6036 5991
f 5991 6037 5992
f 5992 6037 6000
f 6000 6037 6001
f 6001 6038 6005
f 6005 6038 6010
f 6010 6038 6006
f 6006 6039 6002
f 6002 6028 5994
f 5994 6028 5995
f 6040 6041 6029
f 6029 6042 6030
f 6030 6042 6031
f 6044 6045 6033
f 6033 6046 6034
f 6048 6046 6035
f 6036 6049 6037
f 6037 6050 6038
f 5993 6051 5987
f 5987 6052 5988
f 5988 6052 6019
f 6019 6052 6020
f 6020 6052 6021
f 6021 6053 6026
f 6026 6053 5985
f 5985 6051 5986
f 5986 6051 5993
f 6051 6054 6052
f 6046 6045 6035
f 6177 6198 6206
f 6176 6199 6198
f 6175 6201 6200
f 6080 6172 6077
f 6077 6173 6078
f 6078 6174 6079
f 6079 6174 6074
f 6074 6174 6070
f 6070 6154 6071
f 6071 6154 6072
f 6072 6154 6064
f 6064 6154 6065
f 6065 6154 6066
f 6066 6154 6067
f 6067 6154 6060
f 6060 6155 6057
f 6057 6156 6058
f 6058 6156 6144
f 6144 6157 6132
f 6132 6158 6119
f 6119 6158 6120
f 6120 6159 6121
f 6121 6180 6107
f 6107 6181 6097
f 6097 6181 6085
f 6085 6182 6086
f 6086 6182 6087
f 6087 6160 6098
f 6098 6160 6108
f 6108 6160 6122
f 6122 6184 6133
f 6133 6185 6134
f 6134 6185 6145
f 6148 6186 6149
f 6149 6186 6135
f 6135 6186 6136
f 6136 6187 6137
f 6137 6187 6138
f 6138 6188 6139
f 6139 6188 6123
f 6123 6188 6124
f 6124 6188 6125
f 6125 6161 6126
f 6126 6161 6109
f 6109 6161 6110
f 6110 6189 6111
f 6111 6162 6112
f 6112 6162 6099
f 6099 6162 6100
f 6100 6162 6101
f 6101 6163 6102
f 6102 6163 6088
f 6088 6163 6089
f 6089 6163 6090
f 6090 6163 6081
f 6081 6190 6082
f 6082 6191 6083
f 6083 6192 6084
f 6084 6164 6091
f 6091 6164 6092
f 6092 6164 6093
f 6093 6164 6094
f 6094 6165 6095
f 6095 6165 6096
f 6096 6193 6103
f 6103 6194 6104
f 6104 6166 6105
f 6105 6166 6106
f 6106 6167 6113
f 6113 6167 6114
f 6114 6167 6115
f 6115 6167 6116
f 6116 6167 6117
f 6117 6167 6118
f 6118 6196 6127
f 6127 6196 6128
f 6128 6196 6129
f 6129 6168 6130
f 6130 6168 6131
f 6131 6196 6140
f 6140 6197 6141
f 6141 6197 6142
f 6142 6197 6143
f 6143 6197 6150
f 6150 6205 6151
f 6153 6205 6055
f 6055 6169 6056
f 6056 6170 6059
f 6059 6170 6061
f 6061 6171 6062
f 6062 6200 6063
f 6063 6200 6068
f 6068 6200 6069
f 6069 6201 6073
f 6073 6201 6075
f 6075 6172 6076
f 6076 6172 6080
f 6174 6175 6154
f 6154 6176 6155
f 6155 6177 6156
f 6156 6178 6157
f 6157 6179 6158
f 6158 6180 6159
f 6182 6183 6160
f 6161 6188 6189
f 6162 6193 6163
f 6164 6193 6165
f 6194 6189 6166
f 6166 6195 6167
f 6167 6195 6196
f 6197 6206 6205
f 6205 6198 6169
f 6169 6199 6170
f 6170 6199 6171
f 6145 6185 6146
f 6185 6202 6146
f 6147 6185 6186
f 6203 6186 6148
f 6205 6204 6151
f 6205 6207 6152
f 6287 6300 6288
f 6282 6306 6292
f 6291 6307 6306
f 6286 6299 6287
f 6212 6282 6213
f 6213 6283 6260
f 6260 6264 6253
f 6253 6264 6254
f 6254 6264 6247
f 6247 6285 6246
f 6246 6265 6245
f 6245 6265 6255
f 6255 6265 6261
f 6261 6266 6215
f 6215 6288 6214
f 6214 6289 6221
f 6221 6289 6228
f 6228 6290 6227
f 6227 6290 6233
f 6233 6290 6226
f 6226 6267 6220
f 6220 6267 6212
f 6259 6268 6210
f 6251 6268 6259
f 6252 6269 6251
f 6256 6269 6252
f 6262 6293 6256
f 6263 6293 6262
f 6257 6294 6263
f 6248 6270 6257
f 6249 6270 6248
f 6243 6271 6249
f 6239 6271 6243
f 6240 6296 6239
f 6235 6297 6240
f 6236 6297 6235
f 6237 6272 6236
f 6238 6273 6237
f 6241 6273 6238
f 6242 6274 6241
f 6244 6275 6242
f 6250 6275 6244
f 6258 6276 6250
f 6208 6276 6258
f 6209 6277 6208
f 6216 6277 6209
f 6217 6278 6216
f 6218 6301 6217
f 6222 6301 6218
f 6223 6302 6222
f 6224 6279 6223
f 6229 6279 6224
f 6230 6304 6229
f 6231 6305 6230
f 6234 6280 6231
f 6232 6280 6234
f 6225 6280 6232
f 6219 6280 6225
f 6211 6281 6219
f 6210 6281 6211
f 6283 6284 6264
f 6285 6286 6265
f 6265 6287 6266
f 6290 6291 6267
f 6269 6292 6268
f 6293 6284 6269
f 6296 6295 6271
f 6274 6297 6273
f 6276 6298 6275
f 6277 6299 6276
f 6278 6300 6277
f 6301 6300 6278
f 6304 6303 6279
f 6281 6307 6280
f 6268 6306 6281
f 6285 6298 6286
f 6296 6284 6295
f 5209 5208 5202
f 6341 6381 6342
f 6336 6371 6337
f 6371 6333 6382
f 6332 6382 6333
f 6382 6327 6383
f 6326 6383 6327
f 6383 6326 6323
f 6322 6383 6323
f 6319 6384 6322
f 6318 6385 6319
f 6368 6385 6318
f 6367 6386 6368
f 6364 6386 6367
f 6397 6386 6364
f 6363 6387 6397
f 6359 6387 6360
f 6356 6388 6359
f 6355 6388 6356
f 6354 6388 6355
f 6352 6372 6354
f 6351 6372 6352
f 6350 6372 6351
f 6348 6389 6350
f 6347 6373 6348
f 6346 6373 6347
f 6349 6390 6346
f 6353 6390 6349
f 6358 6374 6353
f 6357 6374 6358
f 6375 6357 6362
f 6361 6375 6362
f 6361 6376 6375
f 6365 6376 6366
f 6370 6377 6365
f 6369 6377 6370
f 6321 6391 6369
f 6320 6391 6321
f 6324 6392 6325
f 6331 6392 6324
f 6330 6393 6331
f 6329 6393 6330
f 6328 6378 6329
f 6335 6378 6328
f 6340 6379 6334
f 6339 6379 6340
f 6338 6379 6339
f 6343 6379 6338
f 6345 6395 6343
f 6344 6380 6345
f 6342 6381 6344
f 6389 6390 6372
f 6375 6388 6374
f 6379 6396 6378
f 6395 6394 6379
f 6381 6395 6380
f 6402 6398 6401
f 6398 6399 6401
f 7558 6400 6399
f 6399 6403 6405
f 6408 6401 6406
f 6401 6405 6406
f 6405 6407 6409
f 6411 6406 6412
f 6406 6409 6412
f 6409 6410 6413
f 7896 6412 6415
f 6412 6413 6415
f 6413 6414 6416
f 6419 6415 6417
f 6415 6416 6417
f 6419 6417 6420
f 6417 6421 6420
f 6416 6418 6421
f 6425 6420 6426
f 6420 6423 6426
f 6423 6428 6427
f 6429 6426 6430
f 6426 6427 6430
f 6436 6430 6434
f 6430 6432 6434
f 6427 6433 6432
f 6436 6434 6437
f 6434 6435 6437
f 6435 10333 6438
f 6440 6437 6439
f 6437 6438 6439
f 6440 6439 6442
f 6439 6441 6442
f 6438 9355 6441
f 6441 6443 6444
f 6446 6442 6447
f 6442 6448 6447
f 6444 6445 6448
f 6451 6447 6452
f 6447 6449 6452
f 6448 6450 6449
f 6449 6453 6455
f 6456 6452 6457
f 6452 6455 6457
f 6459 6457 6460
f 6457 6461 6460
f 6455 6458 6461
f 6463 6460 6464
f 6460 6465 6464
f 6468 6464 6469
f 6464 6466 6469
f 6465 6467 6466
f 11502 6469 6472
f 6469 6471 6472
f 6466 6473 6471
f 6476 6472 6475
f 6472 6474 6475
f 6471 6473 6474
f 6476 6475 6479
f 6475 6477 6479
f 6474 6478 6477
f 6477 6478 6480
f 6482 6479 6483
f 6479 6480 6483
f 6480 6486 6485
f 6487 6483 6488
f 6483 6485 6488
f 6485 6489 6490
f 6488 6490 6492
f 6490 6491 6493
f 6496 6492 6494
f 6492 6493 6494
f 6499 6494 6498
f 6494 6497 6498
f 6493 6495 6497
f 6499 6498 6500
f 6498 6501 6500
f 6497 6502 6501
f 6506 6500 6503
f 6500 6504 6503
f 6501 6502 6504
f 10591 6503 6509
f 6503 6507 6509
f 6507 11504 6510
f 6514 6509 6515
f 6509 6512 6515
f 6510 6513 6512
f 6512 10569 6517
f 6515 6517 6518
f 6517 6519 6520
f 6521 6518 6522
f 6518 6523 6522
f 6520 6524 6523
f 6528 6522 6527
f 6522 6525 6527
f 6528 6527 6530
f 6527 6529 6530
f 6525 6531 6529
f 6529 6531 6532
f 6534 6530 6535
f 6530 6532 6535
f 6535 6537 6536
f 6532 6533 6537
f 6540 6536 6541
f 6536 6542 6541
f 6537 6539 6542
f 6543 6541 6544
f 6541 6545 6544
f 6544 6547 6549
f 6545 6548 6547
f 6550 6549 6553
f 6549 6551 6553
f 6547 6552 6551
f 6551 6552 6554
f 6556 6553 6557
f 6553 6558 6557
f 6554 12686 6558
f 6557 6559 6561
f 6562 6561 6563
f 6561 6564 6563
f 6559 6565 6564
f 6568 6563 6567
f 6563 6569 6567
f 6564 6566 6569
f 6572 6567 6573
f 6567 6571 6573
f 6569 6570 6571
f 6573 6576 6575
f 6571 6574 6576
f 6579 6575 6580
f 6575 6577 6580
f 6581 6580 6582
f 6580 6583 6582
f 6577 6584 6583
f 6587 6582 6585
f 6582 6586 6585
f 6583 8530 6586
f 6591 6585 6590
f 6585 6588 6590
f 6591 6590 6593
f 6590 6592 6593
f 6588 11589 6592
f 6593 6595 6597
f 6599 6597 6600
f 6597 6598 6600
f 6598 6601 6602
f 6604 6600 6605
f 6600 6602 6605
f 6606 6605 6607
f 6605 6608 6607
f 6602 6603 6608
f 6608 6610 6611
f 6614 6607 6612
f 6607 6611 6612
f 6614 6612 6615
f 6612 6616 6615
f 6611 6613 6616
f 6619 6615 6620
f 6615 6618 6620
f 6616 6621 6618
f 6618 6621 6622
f 6625 6620 6623
f 6620 6622 6623
f 6622 6624 6626
f 6628 6623 6629
f 6623 6630 6629
f 6626 6627 6630
f 6635 6629 6632
f 6629 6630 6632
f 6630 6634 6633
f 6633 6637 6636
f 6638 6632 6639
f 6632 6636 6639
f 6636 6641 6640
f 6639 6640 6642
f 6647 6642 6644
f 6642 6645 6644
f 6651 6644 6649
f 6644 6648 6649
f 6645 6650 6648
f 6648 6655 6652
f 6653 6649 6654
f 6649 6652 6654
f 6658 6654 6659
f 6654 6657 6659
f 6652 6660 6657
f 6663 6659 6664
f 6659 6661 6664
f 6657 6662 6661
f 6661 6662 6666
f 6669 6664 6667
f 6664 6666 6667
f 6666 6668 6670
f 6673 6667 6674
f 6667 6670 6674
f 6670 6672 6671
f 6671 11627 6676
f 6679 6674 6677
f 6674 6676 6677
f 7972 6677 6681
f 6677 6680 6681
f 6676 6678 6680
f 6685 6681 6684
f 6681 6683 6684
f 6680 11633 6683
f 6683 6687 6686
f 6685 6684 6688
f 6688 6686 6689
f 6686 6687 6689
f 6691 6688 6692
f 6692 6689 6693
f 6689 6690 6693
f 6697 6692 6694
f 6694 6693 6695
f 6693 6696 6695
f 6697 6694 6700
f 6700 6695 6698
f 6695 6699 6698
f 6701 6700 6702
f 6702 6698 6704
f 6698 6703 6704
f 6708 6702 6706
f 6706 6704 6705
f 6704 10839 6705
f 6706 6705 6709
f 6711 6706 6714
f 6714 6709 6712
f 6709 6710 6712
f 6714 6712 6715
f 6712 6713 6715
f 6717 6714 6718
f 6718 6715 6720
f 6715 6719 6720
f 6722 6720 6724
f 6720 6723 6724
f 6728 6722 6726
f 6726 6724 6729
f 6724 6727 6729
f 6731 6729 6733
f 6729 6732 6733
f 6734 6731 6735
f 6735 6733 6736
f 6733 6737 6736
f 6739 6735 6740
f 6740 6736 6738
f 6740 6738 6744
f 6738 6741 6744
f 6746 6740 6743
f 8043 6743 6747
f 6747 6744 6749
f 6744 6748 6749
f 8043 6747 6750
f 6750 6749 6751
f 6749 6752 6751
f 12736 6750 6753
f 6753 6751 6754
f 6755 6754 6756
f 6758 6755 6761
f 6761 6756 6759
f 6756 6760 6759
f 6761 6759 6764
f 6763 6761 6765
f 6765 6764 6766
f 6764 6767 6766
f 6770 6765 6768
f 6768 6766 6771
f 6766 6769 6771
f 6772 6771 6773
f 6771 7832 6773
f 8826 6772 6775
f 6775 6773 6774
f 6775 6774 6776
f 6777 6776 6779
f 6776 6778 6779
f 12455 6777 6780
f 6780 6779 6781
f 6779 9961 6781
f 6784 6780 6782
f 6782 6781 6783
f 6787 6782 6786
f 6786 6783 6788
f 6783 6785 6788
f 6789 6786 6790
f 6790 6788 6791
f 6795 6790 6796
f 6796 6791 6793
f 6791 6794 6793
f 6796 6793 6797
f 6793 6798 6797
f 6799 6797 6800
f 6797 6798 6800
f 6802 6799 6803
f 6803 6800 6804
f 6800 6801 6804
f 6807 6803 6805
f 6805 6804 6808
f 6804 6806 6808
f 6809 6805 6811
f 6811 6808 6810
f 6808 11035 6810
f 6811 6810 6814
f 6810 6812 6814
f 11773 6811 6815
f 6815 6814 6817
f 6814 6816 6817
f 6818 6815 6819
f 6819 6817 6821
f 6817 6820 6821
f 6823 6819 6824
f 6824 6821 6825
f 6824 6825 6827
f 6825 6826 6827
f 6828 6824 6829
f 6829 6827 6830
f 6827 6831 6830
f 11031 6829 6832
f 6832 6830 6833
f 6830 6834 6833
f 6832 6833 6835
f 6837 6832 6839
f 6839 6835 6836
f 6839 6836 6840
f 6843 6839 6842
f 6842 6840 6844
f 6840 6841 6844
f 6848 6842 6846
f 6846 6844 6847
f 6844 6845 6847
f 6849 6847 6850
f 11084 6849 6851
f 6851 6850 6854
f 6853 6854 6856
f 6854 6858 6856
f 6859 6855 6857
f 6857 6856 6860
f 6856 6858 6860
f 6865 6857 6862
f 6862 6860 6863
f 6866 6862 6867
f 6867 6863 6868
f 6863 6869 6868
f 12827 6867 6870
f 6870 6868 6871
f 6868 6869 6871
f 6876 6870 6874
f 6874 6871 6875
f 6871 6873 6875
f 6874 6875 6879
f 6875 6877 6879
f 6880 6878 6882
f 6882 6879 6883
f 6879 6881 6883
f 6884 6882 6885
f 6885 6883 6886
f 6890 6885 6887
f 6887 6886 6888
f 6886 6889 6888
f 6887 6888 6891
f 6892 6891 6894
f 6891 6893 6894
f 6896 6892 6897
f 6897 6894 6898
f 6894 6895 6898
f 6899 6898 6900
f 6899 6900 6901
f 6903 6901 6904
f 6905 6904 6906
f 6904 6907 6906
f 6908 6906 6909
f 6906 6907 6909
f 6912 6908 6911
f 6911 6909 6913
f 6909 6910 6913
f 6915 6911 6917
f 6917 6913 6916
f 6913 6914 6916
f 6917 6916 6919
f 6920 6917 6921
f 6921 6919 6922
f 6924 6921 6923
f 6923 6922 6925
f 6922 6927 6925
f 6924 6923 6926
f 6926 6925 6929
f 6925 6930 6929
f 6931 6929 6932
f 6929 6930 6932
f 10107 6931 6933
f 6933 6932 6935
f 6932 6934 6935
f 6936 6935 6939
f 6935 6937 6939
f 6941 6939 6942
f 6939 6940 6942
f 6947 6941 6948
f 6948 6942 6945
f 6948 6945 6950
f 6945 10200 6950
f 11182 6948 6949
f 6951 6949 6952
f 6952 6950 6953
f 6954 6952 6955
f 6955 6953 6956
f 6953 6957 6956
f 6959 6955 6958
f 6958 6956 6960
f 6956 6957 6960
f 6962 6960 6963
f 6960 6961 6963
f 6964 6962 6965
f 6965 6963 6966
f 6963 6967 6966
f 6968 6965 6969
f 6969 6966 6970
f 6966 6967 6970
f 6971 6969 6972
f 6972 6970 6973
f 6976 6972 6977
f 6977 6973 6974
f 6973 6975 6974
f 6978 8129 6977
f 6979 6977 6974
f 6982 6980 6978
f 6983 6978 6979
f 6985 6984 6982
f 6986 6982 6983
f 6981 6986 6983
f 6991 6990 6988
f 6992 6988 6986
f 6989 6992 6986
f 6995 6991 6992
f 6994 6993 6991
f 6998 6996 6994
f 6999 6994 6995
f 6997 6999 6995
f 7002 9046 6998
f 7001 6998 6999
f 7000 7001 6999
f 7004 7002 7001
f 7008 7006 7002
f 7007 7002 7004
f 7005 7007 7004
f 7009 7008 7007
f 7010 7009 7007
f 7012 7011 7009
f 7010 7012 7009
f 7015 7014 7011
f 7016 7015 7012
f 7020 7017 7015
f 7018 7015 7016
f 7019 7018 7016
f 7021 7020 7018
f 7019 7021 7018
f 7027 7023 7021
f 7024 7027 7021
f 7028 7026 7023
f 7030 7028 7027
f 7031 7029 7028
f 7036 7033 7031
f 7034 7031 7030
f 7032 7034 7030
f 7038 7036 7034
f 7035 7038 7034
f 7041 7040 7036
f 7042 7041 7038
f 7044 7041 7042
f 9066 7044 7042
f 7043 11127 7041
f 7046 7045 7043
f 7047 7043 7044
f 7051 7050 7046
f 7049 7046 7047
f 7053 7051 7049
f 7052 7053 7049
f 7058 7055 7051
f 7056 7051 7053
f 7054 7056 7053
f 7061 7057 7058
f 7060 7058 7056
f 7059 7060 7056
f 7066 7063 7061
f 7064 7061 7060
f 7062 7064 7060
f 7067 7066 7064
f 7065 7067 7064
f 7072 7068 7066
f 7070 7066 7067
f 7073 7072 7070
f 7076 7074 7072
f 7078 7076 7073
f 7075 7078 7073
f 7082 7077 7078
f 7079 7082 7078
f 7087 7085 7081
f 7083 7081 7082
f 7084 7083 7082
f 7088 7087 7083
f 7086 7088 7083
f 7093 7089 7090
f 7092 7090 7088
f 7091 7092 7088
f 7097 7095 7093
f 7096 7093 7092
f 7094 7096 7092
f 7098 7097 7096
f 7099 7098 7096
f 7101 7100 7097
f 7102 7101 7098
f 7099 7102 7098
f 7107 7105 7104
f 7106 7104 7102
f 7108 7107 7106
f 7111 7110 7107
f 7112 7107 7108
f 7115 7111 7112
f 7113 7115 7112
f 7117 7114 7111
f 7120 7119 7117
f 7121 7117 7115
f 7124 7122 7120
f 7123 7120 7121
f 8911 7123 7121
f 7125 7124 7123
f 7126 7125 7123
f 7130 7128 7125
f 7129 7130 7125
f 7132 7131 7128
f 7135 7134 7132
f 7136 7132 7130
f 7133 7136 7130
f 7140 7139 7135
f 7137 7135 7136
f 7138 7137 7136
f 7141 7140 7137
f 7143 7142 7141
f 7146 7145 7142
f 7147 7146 7143
f 7144 7147 7143
f 7150 7149 7146
f 7151 7146 7147
f 7148 7151 7147
f 7152 7150 7151
f 7153 7152 7151
f 7156 7154 7152
f 7159 7155 7156
f 11005 7159 7156
f 7160 7158 7159
f 8851 7160 7159
f 7163 7162 7158
f 7166 7165 7163
f 7164 7163 7160
f 7170 7169 7166
f 7167 7166 7164
f 7168 7167 7164
f 7172 7170 7167
f 7171 7172 7167
f 7175 7174 7170
f 7177 7175 7172
f 7178 7176 7175
f 7180 7178 7177
f 7181 7178 7180
f 7830 7181 7180
f 7183 8820 7178
f 7184 7183 7181
f 7182 7184 7181
f 7187 7185 7183
f 7189 7187 7184
f 7186 7189 7184
f 7191 7188 7187
f 7192 7191 7189
f 7190 7192 7189
f 7194 7193 7191
f 7197 7196 7194
f 7198 7194 7192
f 7195 7198 7192
f 7200 11752 7197
f 7199 7197 7198
f 12416 7199 7198
f 7203 7202 7200
f 7204 7200 7199
f 7207 7205 7203
f 7206 7203 7204
f 7209 7208 7207
f 7211 7207 7206
f 7210 7211 7206
f 7214 7213 7211
f 8791 7214 7211
f 7215 7217 7213
f 7218 7215 7214
f 7216 7218 7214
f 7220 7221 7215
f 7224 7221 7220
f 7222 7220 7218
f 7223 7222 7218
f 7225 7224 7222
f 7223 7225 7222
f 7228 7226 7224
f 7229 7224 7225
f 7227 7229 7225
f 7233 7231 7228
f 7232 7228 7229
f 7230 7232 7229
f 7236 7233 7232
f 7234 7236 7232
f 7241 10819 7238
f 7239 7238 7236
f 7240 7239 7236
f 7242 7241 7239
f 7244 7243 7241
f 7245 7244 7242
f 7248 7246 7245
f 7247 7248 7245
f 7251 7250 7248
f 7252 7251 7248
f 7255 7253 7250
f 7257 7255 7251
f 7254 7257 7251
f 7260 7259 7255
f 7257 7260 7255
f 7258 7261 7257
f 7261 7262 7260
f 7263 7264 7261
f 7264 7265 7262
f 7263 7266 7264
f 7271 7267 7265
f 7266 7271 7265
f 10787 7268 7266
f 7269 7272 7268
f 7275 7274 7271
f 7272 7275 7271
f 7273 7277 7272
f 7278 7279 7275
f 7277 7278 7275
f 7280 7281 7277
f 7284 7282 7278
f 7281 7284 7278
f 7283 7285 7281
f 7289 7288 7284
f 7285 7289 7284
f 7292 7291 7289
f 7290 7292 7289
f 9725 7293 7290
f 7298 7294 7292
f 7293 7298 7292
f 7296 7295 7293
f 7296 7299 7295
f 7301 7300 7298
f 7299 7301 7298
f 7302 7303 7299
f 7305 7304 7301
f 7303 7305 7301
f 7306 7308 7303
f 7309 7307 7305
f 7308 7309 7305
f 7310 7312 7308
f 7316 7314 7309
f 7312 7316 7309
f 7313 7315 7312
f 7319 7318 7316
f 7315 7319 7316
f 7317 7320 7315
f 7326 7322 7319
f 7320 7326 7319
f 7321 7323 7320
f 7324 7328 7323
f 7330 7327 7326
f 7328 7330 7326
f 7329 7331 7328
f 7334 7333 7330
f 7331 7334 7330
f 7337 7336 7334
f 7335 7337 7334
f 7338 7340 7337
f 7344 7343 7340
f 7341 7344 7340
f 7342 7345 7341
f 7347 7346 7344
f 7345 7347 7344
f 7348 7349 7345
f 7351 7350 7347
f 7349 7351 7347
f 7348 7353 7349
f 7353 7355 7351
f 7359 7358 7355
f 7356 7359 7355
f 7363 7362 7359
f 7360 7363 7359
f 7361 7364 7360
f 7366 7365 7363
f 7364 7366 7363
f 12269 7367 7364
f 7368 7370 7366
f 7367 7368 7366
f 7369 7371 7367
f 7372 7370 7368
f 7371 7372 7368
f 7369 7375 7371
f 7376 7374 7372
f 7375 7376 7372
f 7377 7379 7375
f 7381 7378 7376
f 7379 7381 7376
f 7380 7382 7379
f 7384 7383 7381
f 7382 7384 7381
f 7385 7386 7382
f 7388 7387 7384
f 7386 7388 7384
f 7390 7389 7386
f 7392 7391 7388
f 7389 7392 7388
f 7393 7395 7389
f 7396 7394 7392
f 7395 7396 7392
f 7398 7399 7396
f 7397 7398 7396
f 9567 7400 7397
f 7402 7399 7398
f 7400 7402 7398
f 7401 7404 7400
f 7405 7406 7402
f 7404 7405 7402
f 7409 7406 7405
f 7407 7409 7405
f 7411 9596 7409
f 7410 7411 7409
f 7412 7413 7410
f 7417 7414 7411
f 7413 7417 7411
f 7415 7418 7413
f 7420 7416 7417
f 7418 7420 7417
f 7419 7421 7418
f 7424 7423 7420
f 7421 7424 7420
f 7422 7427 7421
f 7429 7426 7424
f 7427 7429 7424
f 7428 7431 7427
f 7431 7433 7429
f 7430 7434 7431
f 7437 7436 7433
f 7435 7437 7433
f 7438 7441 7437
f 7439 7442 7438
f 7442 7444 7441
f 7443 7445 7442
f 7446 7448 7444
f 7445 7446 7444
f 7450 7448 7446
f 7449 7450 7446
f 7447 7451 7449
f 7454 7453 7450
f 7451 7454 7450
f 7456 7457 7454
f 7458 7460 7457
f 7464 7463 7460
f 7461 7464 7460
f 10409 7465 7461
f 7465 7466 7464
f 7468 7467 7465
f 7471 7473 7466
f 7467 7471 7466
f 7470 7472 7467
f 7474 7473 7471
f 7472 7474 7471
f 7722 7475 7472
f 7475 7477 7474
f 7479 7478 7475
f 7478 7480 7477
f 7479 7482 7478
f 7482 7484 7480
f 7487 7489 7484
f 7485 7487 7484
f 7486 7488 7485
f 7490 7489 7487
f 7488 7490 7487
f 10334 7491 7488
f 7494 7493 7490
f 7491 7494 7490
f 7492 7495 7491
f 7495 7498 7494
f 7503 7497 7498
f 7501 7503 7498
f 7502 7505 7501
f 7505 7507 7503
f 7509 7508 7505
f 7508 7511 7507
f 7509 7512 7508
f 7512 7515 7511
f 7513 7514 7512
f 7518 7521 7515
f 7520 7522 7519
f 7525 7524 7521
f 7522 7525 7521
f 7523 7526 7522
f 7529 7726 7525
f 7526 7529 7525
f 7530 7531 7526
f 7533 7532 7529
f 7531 7533 7529
f 7534 7536 7533
f 7534 7540 7536
f 7537 7538 7534
f 7543 7539 7540
f 7541 7543 7540
f 7542 7544 7541
f 7547 7545 7543
f 7544 7547 7543
f 7550 7549 7547
f 7546 7550 7547
f 7548 7551 7546
f 7552 7553 7551
f 7554 7556 7550
f 7553 7554 7550
f 7557 6398 7554
f 7559 7558 7557
f 6443 7902 6445
f 7719 7913 6467
f 6470 7909 6473
f 6487 7923 7924
f 6487 7935 7937
f 10619 6546 7747
f 7775 9656 6606
f 7970 6685 7969
f 7969 6685 7981
f 7981 6691 7978
f 7978 6691 7977
f 7977 6697 8720
f 7667 6701 7996
f 7996 6701 7995
f 7995 6708 11692
f 8001 10839 6703
f 8034 6732 6727
f 8032 8030 6732
f 7852 7854 6880
f 7862 6889 11148
f 7868 7867 7048
f 7063 8119 8125
f 7074 8117 8118
f 7075 8120 7079
f 7100 8104 8947
f 7113 8919 7116
f 8911 8100 7126
f 7139 8096 8873
f 7149 8085 8087
f 7830 8058 7182
f 7185 8051 9908
f 12416 9873 7201
f 11739 8041 7210
f 7210 8039 8791
f 7235 7988 7990
f 7243 7975 10817
f 7258 7968 7263
f 7269 7814 7273
f 7783 7310 7306
f 7773 7324 7321
f 7771 7329 7324
f 7768 7332 7329
f 7766 11595 7332
f 7958 7370 7953
f 7952 7378 7950
f 7691 7560 7562
f 7687 7564 7686
f 7686 7688 7941
f 7680 7565 7679
f 7679 7566 7678
f 7654 7656 7655
f 7653 8064 7656
f 7865 9022 9018
f 7646 8125 11883
f 7574 7642 7641
f 7575 8943 7642
f 7573 7630 7629
f 7572 7631 7630
f 7570 7620 7634
f 7595 7815 7594
f 7563 7585 7584
f 7561 7582 7581
f 7873 7861 7872
f 7700 7702 7703
f 7699 7703 7704
f 7698 7704 7705
f 7562 7693 7694
f 7690 7696 7697
f 7683 7684 7685
f 7680 7681 7565
f 7565 7682 7566
f 7566 7775 7967
f 7794 8626 7677
f 8045 8028 7666
f 7658 7569 8071
f 7657 7660 7569
f 11113 7649 10053
f 7637 7574 7640
f 7636 7575 7574
f 7635 8943 7575
f 8944 7643 8943
f 7628 7572 7573
f 7627 7631 7572
f 7623 7571 7632
f 7621 7620 7570
f 7597 7803 7805
f 7583 7585 7563
f 7580 7579 7561
f 7692 7720 7560
f 8088 7654 7655
f 7563 7915 7737
f 7742 7561 7581
f 7560 7720 7693
f 7755 7685 7684
f 6682 7970 7972
f 7740 7561 7741
f 7582 7712 7723
f 7757 7365 7960
f 8030 7668 8029
f 7677 7793 7794
f 7747 7687 10619
f 10615 7747 10614
f 8345 6419 8344
f 8337 6425 8338
f 8338 6429 10368
f 6431 6436 8348
f 8529 6589 8530
f 6594 10706 7758
f 6631 9696 6634
f 6638 8610 8611
f 8611 8613 8614
f 6638 8626 8610
f 6646 8637 6650
f 6651 8648 8650
f 6650 8654 6655
f 6651 6653 8648
f 6655 8671 6660
f 6660 8667 6662
f 6746 8802 8792
f 6828 8892 8894
f 6828 8890 8892
f 6831 8938 6834
f 6837 8889 11058
f 6843 8901 8902
f 6848 8896 8899
f 11146 6893 7875
f 9065 7874 6895
f 9137 6940 6937
f 9160 6944 6940
f 9049 6951 9109
f 9109 6951 9107
f 9107 6954 9105
f 9105 6959 9103
f 9103 6959 9101
f 9151 7005 10191
f 9045 9145 9148
f 9143 12637 7010
f 9043 9142 9144
f 10120 7017 9039
f 9039 7017 9093
f 9005 7026 9003
f 9003 7029 9000
f 9001 7033 9038
f 9082 7032 10159
f 9038 7033 9037
f 9073 7039 7035
f 9072 9033 9071
f 7176 12439 8828
f 7342 8548 7348
f 7358 8532 8534
f 7362 8531 8532
f 7399 7403 10644
f 10409 8415 7468
f 7468 8412 7470
f 7489 8442 8417
f 7493 8438 8440
f 7493 8429 8438
f 7497 8436 8435
f 7497 8433 8436
f 7504 8448 8433
f 8323 8321 9389
f 8347 6436 8346
f 8346 6440 8363
f 8361 6440 8359
f 8362 7886 7888
f 8359 6446 8358
f 8358 6446 8354
f 8357 7901 7903
f 8354 6446 8353
f 8356 7898 7899
f 8353 6451 8374
f 8373 11413 6453
f 8370 7918 8369
f 8390 8386 7910
f 8396 7744 12151
f 8556 8555 7765
f 7795 8616 7796
f 8627 8633 8629
f 7972 8696 8698
f 7971 8709 8696
f 7979 8704 8706
f 7992 8745 8015
f 6716 8762 6719
f 8768 8033 8766
f 8043 8801 8802
f 8801 12735 12741
f 8052 8813 9917
f 8825 8827 7829
f 8824 8823 8066
f 8072 8843 8847
f 8846 8842 7833
f 8981 6881 12897
f 8978 11149 6881
f 11961 7874 9061
f 8995 7062 7059
f 8991 7065 7062
f 7089 7095 8950
f 8949 7100 8947
f 8921 7841 7844
f 8918 7838 8909
f 8919 7118 7116
f 8910 8911 7118
f 8879 7131 8878
f 8036 8772 8789
f 8773 8774 8019
f 8019 10861 8011
f 7226 8749 10863
f 7231 8740 8749
f 7231 7235 8740
f 7800 8643 9741
f 7799 8659 7798
f 7806 8639 8642
f 7803 8623 8639
f 7788 8620 7787
f 7311 8593 8608
f 7314 8599 8593
f 7314 8597 8599
f 7318 8594 8597
f 7322 7325 8582
f 7960 8526 8518
f 7959 8522 8524
f 7955 8516 8522
f 7951 8512 8514
f 7383 8496 8505
f 7948 8498 7946
f 7387 8491 8493
f 7943 8489 7942
f 7391 8479 8488
f 7735 8406 9460
f 7739 8435 8431
f 8732 7670 8731
f 8780 8024 8779
f 7840 8915 8914
f 7631 8916 8917
f 8504 7591 8503
f 8501 7950 8502
f 8731 8016 8730
f 8778 10896 8776
f 8787 8023 8780
f 7840 8914 8912
f 7631 8913 8916
f 10210 7598 8617
f 8618 7597 10209
f 8798 8045 7666
f 7739 8428 7740
f 8425 7738 7742
f 9440 8424 7581
f 8775 9848 9847
f 8020 8775 9847
f 8872 8865 7622
f 8918 8915 7840
f 8863 8870 7633
f 8821 8824 7568
f 8311 11998 11999
f 8307 8308 8150
f 8304 8132 8303
f 11588 8529 11585
f 8286 8287 8136
f 8282 8283 8586
f 8263 8145 8262
f 8262 8144 8261
f 8223 8153 8237
f 8237 8152 8238
f 8204 8146 8147
f 8190 8142 7807
f 8694 9793 9791
f 8184 8185 8182
f 8180 8137 8179
f 8178 8139 8177
f 8134 8165 8170
f 8135 8164 8134
f 8173 8163 8135
f 8315 8150 8314
f 8316 8307 8315
f 8131 8306 8132
f 8294 8350 8348
f 10606 8468 10600
f 8287 11585 8288
f 8136 8288 8289
f 8280 8744 8271
f 8263 8264 8145
f 8145 8265 8144
f 8254 8256 8885
f 8249 8241 8965
f 8905 8937 8251
f 8223 8222 8153
f 8153 8221 8152
f 8147 8198 8199
f 8141 8192 8142
f 8180 10211 8137
f 8140 8187 8139
f 8167 8166 8559
f 12280 8546 8167
f 8172 8134 8171
f 8173 8135 8172
f 9542 8458 8162
f 8325 8131 8304
f 8382 8299 8383
f 8379 8392 8298
f 8552 8286 8136
f 8704 8716 8719
f 8263 6741 8800
f 8317 8833 8836
f 9141 8238 8152
f 8864 8207 9162
f 8943 8200 8946
f 8911 8146 8197
f 8138 8658 8176
f 8157 8318 8133
f 8426 8159 8425
f 8379 8298 8378
f 8552 8289 8551
f 8764 8748 8763
f 8841 8846 8840
f 9162 8207 8863
f 8188 8658 8138
f 8166 7339 8559
f 9542 8467 8466
f 8158 8133 8445
f 8424 8159 8426
f 8342 10384 7554
f 8451 8161 12219
f 7342 7339 8166
f 8911 8197 8909
f 8913 8921 8199
f 8952 7089 8201
f 8920 8912 8204
f 9141 7013 8238
f 8779 8785 8266
f 8784 8777 8268
f 8293 8457 8456
f 8301 8333 8335
f 8334 9418 9423
f 8300 8328 8330
f 7570 9163 7621
f 7622 9161 7571
f 7570 9162 9161
f 7633 9161 9162
f 10533 9518 6508
f 6508 10563 11504
f 9595 12686 6555
f 9614 6572 9613
f 6581 9629 10691
f 9894 7196 9884
f 9884 7196 9880
f 7419 9535 7422
f 7527 11428 7530
f 7532 9431 9414
f 7535 9425 9431
f 8320 9350 7548
f 9345 9429 9350
f 7548 9377 7552
f 7549 9450 10428
f 8324 9387 6403
f 9385 6407 6403
f 9382 6410 6407
f 9601 6550 9606
f 9587 6555 6552
f 6604 9656 9658
f 8052 9918 9900
f 9934 12481 7832
f 6880 10079 10080
f 10091 7055 10090
f 10049 7085 10047
f 10047 8952 10032
f 10046 8111 8113
f 10030 8946 10029
f 11005 9967 8851
f 9915 9914 9924
f 9905 8050 9891
f 9881 11752 9868
f 9865 7208 9859
f 9864 8042 11747
f 9859 10915 9857
f 9856 8037 8040
f 9854 8021 8037
f 9845 8018 9841
f 9842 7223 7219
f 9840 8017 9837
f 9834 7230 7227
f 9828 7237 7234
f 9825 7240 7237
f 9815 7614 9816
f 9774 9766 7811
f 9686 7781 9689
f 9670 7317 9676
f 7523 9413 7527
f 11883 11893 7646
f 7857 11894 10085
f 7596 9764 9762
f 7857 10085 10084
f 9494 7736 7915
f 9766 9764 7596
f 9762 7809 7596
f 7961 9653 7678
f 9649 9656 7682
f 9560 6521 9559
f 9521 8463 8464
f 9559 6521 9561
f 9573 6540 9581
f 6587 9625 9627
f 6591 9637 9638
f 9647 9660 6610
f 8568 9659 9661
f 6610 9660 6613
f 6614 9662 9663
f 6614 9671 9672
f 9665 8569 8571
f 10763 8576 8569
f 6625 9679 9680
f 9674 8588 9684
f 9673 8589 10768
f 6625 6628 9678
f 9678 8604 8587
f 9714 8612 9711
f 9722 8649 9733
f 9732 6656 11608
f 9748 8668 8669
f 9771 6669 9769
f 9770 8680 8681
f 9773 6673 9782
f 9783 8686 8688
f 9780 6675 9778
f 9778 6679 9789
f 9862 6746 9861
f 8900 10005 10007
f 8898 10003 10005
f 8932 10002 8959
f 6866 10057 10058
f 8972 10057 11857
f 11108 10074 10075
f 6896 10073 10074
f 10093 6912 10092
f 10092 6915 10112
f 10112 6915 10111
f 9014 10111 9012
f 10110 6924 10109
f 9007 10107 10105
f 10149 9051 10177
f 10127 6964 10147
f 10126 9096 9100
f 10146 6968 11205
f 10172 9132 10169
f 10162 10187 9153
f 10186 10191 7003
f 10160 10180 7019
f 10114 9005 10136
f 9953 7162 9951
f 9951 7165 9949
f 9952 9962 9963
f 9941 7174 9939
f 9939 7174 9937
f 9920 7179 10975
f 9813 7256 9804
f 9801 7254 7252
f 9648 7343 10724
f 8486 9566 10622
f 8466 9547 9542
f 8404 8403 8402
f 8402 9490 8413
f 10334 9434 7492
f 8432 9466 9437
f 7502 9358 7509
f 8320 9346 9345
f 9379 7883 9386
f 9643 8554 8557
f 7676 9724 8632
f 9787 8699 9800
f 11637 6696 6690
f 9899 6760 6757
f 8067 9930 7832
f 12471 8837 8830
f 10195 10194 6975
f 10124 6990 10142
f 10027 8940 10026
f 9965 7831 9953
f 9809 7252 7247
f 9804 7259 9797
f 9759 8657 9745
f 9717 7304 9716
f 9704 7782 7784
f 9449 9447 8342
f 9373 7879 7880
f 7707 9379 9378
f 8284 9697 9695
f 9981 8885 9979
f 9054 10103 9055
f 8234 9132 10167
f 8235 10184 10183
f 9989 10205 9987
f 8142 9757 7807
f 8193 9755 9754
f 8609 9702 8181
f 9979 8885 8256
f 10060 8965 8241
f 9006 11924 10101
f 8226 10166 10170
f 8217 10117 10119
f 8216 10116 8218
f 8192 9756 8142
f 8193 9754 9752
f 8620 9701 9705
f 9457 8403 8404
f 9539 8465 8467
f 9740 9736 8176
f 9734 9738 8188
f 8657 9753 8192
f 10190 10185 8236
f 8963 10062 8248
f 9399 9404 8306
f 9330 9165 9164
f 10424 9337 9338
f 9329 9338 9339
f 9320 9325 9324
f 9311 9312 9594
f 9310 9313 9312
f 9295 9286 9693
f 9296 9285 9286
f 9281 9282 9277
f 10179 10198 10197
f 9264 9265 9263
f 9263 9266 9262
f 9262 9177 9261
f 9261 9182 9260
f 9260 9269 11268
f 9180 9255 9181
f 9253 9254 9180
f 9178 9248 9179
f 10162 9247 9178
f 10114 9244 10135
f 9176 9240 9175
f 10090 9239 9176
f 9235 9174 9236
f 9231 9230 10028
f 9977 9976 9974
f 9215 9974 9171
f 9206 9742 9168
f 9205 9168 9169
f 9204 9169 9170
f 9634 9196 9633
f 9536 9195 9538
f 9194 9546 9166
f 9164 9334 9335
f 9395 9321 9323
f 9300 9561 11537
f 9297 9283 9284
f 9270 11128 11132
f 9266 9267 9177
f 9177 9268 9182
f 9257 9181 9256
f 9258 9180 9257
f 9259 9253 9258
f 9251 9252 9259
f 9250 9179 9249
f 10162 9178 9250
f 9243 9175 9242
f 10090 9176 9243
f 9173 9233 9174
f 9174 9232 9237
f 9171 9974 9216
f 9168 9207 9208
f 9169 9208 9209
f 9170 9209 9210
f 9166 9546 9191
f 9446 9329 9339
f 9401 9403 9400
f 9389 9372 9378
f 9654 9652 9655
f 10199 11268 9269
f 10193 9181 9255
f 10191 9179 9248
f 10035 9238 10034
f 9172 9992 9214
f 9726 10208 9735
f 9495 9186 9494
f 10201 9341 9498
f 10438 9461 9187
f 9473 8448 9474
f 9442 9439 9440
f 9367 9334 9165
f 9389 10202 9372
f 9592 9313 9585
f 10193 9256 9181
f 10038 9237 9232
f 10033 9238 10035
f 9907 12433 9903
f 9217 9992 9172
f 10207 9207 9742
f 9541 9540 9539
f 9493 9186 9495
f 9343 9469 9468
f 9472 9467 9473
f 9445 9342 9343
f 7506 9467 9472
f 8448 7504 9474
f 9492 9497 9341
f 10201 9496 9341
f 10212 9455 9184
f 9736 9740 9207
f 9988 9991 9215
f 9989 9987 9216
f 10188 10182 9247
f 9249 10191 10186
f 10181 10187 9250
f 9256 10194 10195
f 10199 9269 11269
f 12779 9973 9275
f 9993 9276 9983
f 6491 6489 9453
f 10203 9216 10205
f 10205 9172 10203
f 10203 9215 9171
f 10203 9214 10204
f 8139 10207 8177
f 8138 10207 10206
f 8187 10206 8139
f 8138 10208 8188
f 8140 10209 8137
f 8186 8137 10210
f 10212 9457 10213
f 7652 7568 8064
f 7624 7632 8098
f 7823 7673 7674
f 10213 8154 10212
f 10214 8154 10213
f 9323 9320 9324
f 10438 10214 9457
f 7336 10728 10729
f 6404 6408 10433
f 10433 6408 10430
f 10432 7727 10346
f 10430 6411 10394
f 10429 10393 7727
f 10462 6456 10460
f 10463 7917 7919
f 10460 6459 10458
f 10461 10459 7917
f 10498 6476 10499
f 10499 6476 10496
f 10497 7914 7908
f 10493 6482 10515
f 10515 6482 10511
f 10516 7928 7929
f 10514 7926 7928
f 10502 7925 10508
f 10508 7922 10507
f 10504 7936 10524
f 9821 10828 6703
f 8736 10837 11697
f 12420 10927 10930
f 8055 10925 8053
f 8079 10972 8077
f 10967 6784 10982
f 7863 11149 7864
f 7869 11168 11243
f 11060 7119 11065
f 11064 7839 7840
f 11065 7122 11063
f 11063 7122 11055
f 11055 7127 11053
f 11054 8099 7837
f 11050 7133 7129
f 10818 7243 10817
f 10818 10816 7985
f 10786 10787 7263
f 7333 10743 10744
f 7336 10741 10743
f 8510 10651 10653
f 10230 7752 10631
f 8011 10867 10869
f 10770 8590 10783
f 10783 8586 6631
f 10770 6627 6624
f 11000 8848 8841
f 10995 11784 11004
f 11001 11029 11027
f 11001 6801 6798
f 11027 6806 6801
f 11023 8860 11021
f 11021 8858 11033
f 9056 11231 11233
f 6943 11179 11181
f 6943 6947 11179
f 11178 6947 11182
f 10199 11264 6957
f 9102 11250 11251
f 9098 11246 11248
f 9097 11222 11246
f 6971 11216 11219
f 10188 11157 9150
f 11159 11160 9044
f 10984 7161 10983
f 10643 7399 10645
f 10645 7399 10644
f 10449 7481 7479
f 10411 9411 7481
f 10451 6463 10450
f 10450 6468 10466
f 10466 6468 11483
f 8763 10884 8761
f 8759 10871 10873
f 8753 10900 10874
f 8026 10898 10899
f 10933 6763 10932
f 10932 6763 10939
f 10931 8813 8814
f 9131 11214 9129
f 7871 11215 8129
f 9125 11239 11242
f 8926 11072 8925
f 8925 11069 8923
f 11068 7114 11066
f 8923 11067 8922
f 11066 7114 11060
f 8922 11061 8920
f 10903 7221 10887
f 10888 8765 8774
f 10889 7226 10886
f 10862 8749 10860
f 7774 10754 7772
f 12266 8519 10672
f 12269 10668 7369
f 10669 8517 10671
f 7373 10649 7377
f 10629 8480 10634
f 10633 8482 10625
f 7394 8481 8477
f 11103 8240 11101
f 11100 8956 8249
f 11120 11119 8243
f 10556 6499 10553
f 10523 9476 9478
f 10531 9504 10527
f 10553 6506 10552
f 10646 6556 10655
f 10646 9609 9605
f 10655 12693 9609
f 10656 9610 10663
f 11571 6574 6570
f 10680 6579 10681
f 10681 6581 10691
f 10682 10692 9619
f 9630 9628 10688
f 9597 10627 10637
f 10627 9596 10599
f 10599 7414 10597
f 10595 7416 10583
f 10583 7423 10581
f 10582 9536 9538
f 10571 7430 7428
f 10538 7448 10540
f 10540 7453 10471
f 10420 7549 10419
f 10414 9428 9427
f 10419 7549 10428
f 10418 10427 9428
f 10388 6402 10396
f 10339 7895 10337
f 10335 10390 11277
f 10390 9390 11277
f 10355 9396 10353
f 9381 6414 6410
f 10332 9354 10333
f 10524 7934 10518
f 10665 10666 6574
f 10674 6579 10680
f 10721 6604 10735
f 10735 9645 10736
f 9658 10737 10734
f 10080 11110 11111
f 8081 10990 10991
f 11007 11005 7153
f 10906 7217 10903
f 10865 8010 10845
f 10845 8007 10843
f 10843 8006 10840
f 10842 9827 9830
f 10841 7989 10831
f 9822 9820 10810
f 10810 10811 7240
f 9688 10774 10772
f 7313 10773 7317
f 9677 10777 9669
f 10379 9373 9374
f 10404 9395 9390
f 10351 9395 10329
f 10350 6418 6414
f 8345 10402 10405
f 10327 9392 6424
f 8337 10361 10398
f 10365 8351 10359
f 10590 6516 10589
f 10566 10567 8456
f 10688 9626 10686
f 10697 9637 10694
f 10698 8543 11586
f 10694 9635 10701
f 10746 9662 10750
f 10747 8573 8566
f 10748 8578 10766
f 10749 9664 9666
f 9861 10919 9863
f 10917 10279 9860
f 8795 8803 10922
f 11146 12896 9023
f 10158 11189 10157
f 11271 10176 11268
f 6968 11220 11205
f 6996 11196 11198
f 6996 11164 11196
f 10724 10713 9640
f 7350 10711 10714
f 10622 9566 10621
f 10622 7401 9567
f 10636 9569 10635
f 7432 7436 10586
f 10585 7440 10584
f 8405 10440 10439
f 10542 9490 9456
f 10485 10441 8411
f 10369 9409 10334
f 8341 9421 9422
f 10417 7545 10415
f 10386 6402 10388
f 10385 9388 9372
f 10357 8349 9352
f 6596 6599 10718
f 10717 6599 10721
f 6734 6739 10909
f 9850 10908 9849
f 9849 6742 9852
f 9863 10919 10912
f 11109 11107 10078
f 6884 6890 11107
f 9992 11037 11039
f 9990 11036 8886
f 9968 10989 10985
f 10815 7974 10804
f 10812 9810 11657
f 10802 9812 10805
f 10625 8485 10623
f 7455 7746 10575
f 10576 7462 10539
f 9490 10482 10481
f 9227 10951 10948
f 9490 10481 10479
f 9185 10483 9186
f 10344 10308 10375
f 10302 10300 10303
f 10300 10304 10303
f 10856 10278 10884
f 10269 11114 10267
f 10219 10252 10220
f 10579 10242 10241
f 10223 10216 10222
f 10967 10282 10980
f 10274 10276 10277
f 10254 10220 10253
f 10218 10246 10236
f 10217 10228 10216
f 10312 10362 10320
f 10389 10321 10313
f 10529 10301 10302
f 10618 10616 10617
f 10316 10677 10676
f 10761 10322 10764
f 10762 10768 10760
f 11097 10273 11090
f 11104 11088 11089
f 11083 10215 10270
f 11122 11118 11276
f 10266 11200 11193
f 10323 11184 11185
f 10323 11223 10318
f 11272 10249 10866
f 10799 10247 10800
f 10443 10217 10223
f 10422 10311 10421
f 10455 10451 10457
f 10562 10559 10558
f 10604 10612 10606
f 10288 10852 10853
f 8795 10279 10917
f 11034 10274 10277
f 11122 11276 11117
f 10261 11210 11209
f 11006 11007 11008
f 10962 10219 10254
f 10866 10249 10869
f 10816 10818 10813
f 10775 10778 10779
f 10435 10478 10477
f 10443 10227 10217
f 10480 10486 10223
f 10445 10447 10224
f 10371 10370 10225
f 10446 10445 10224
f 10485 10479 10227
f 10813 10815 10812
f 10952 10957 10252
f 10955 10949 10253
f 11049 11051 10258
f 11050 11049 10258
f 11855 11120 10221
f 11117 12870 11122
f 10215 11081 10270
f 10513 10514 10298
f 10511 10501 10298
f 11275 8149 8242
f 11275 8148 11274
f 11274 8247 8149
f 11274 8246 11276
f 6721 11714 7824
f 11878 8115 12882
f 12879 8122 7856
f 11825 8110 11823
f 11824 7086 7084
f 11822 7091 7086
f 11686 10819 11685
f 11674 7674 11675
f 11675 7673 11673
f 7640 11821 7637
f 11684 11680 7613
f 11588 11589 6589
f 8859 12772 8857
f 9013 11944 11948
f 11228 12004 12006
f 12030 11263 6967
f 11500 7483 11478
f 11499 8418 8420
f 11413 11440 6458
f 11648 11650 8721
f 7998 11663 11647
f 8728 11664 8726
f 7994 11693 11662
f 8724 11690 8738
f 6708 11689 11691
f 6708 11705 11689
f 8737 11702 8744
f 6717 11701 11704
f 6717 11700 11701
f 6721 6725 11714
f 8031 11733 8029
f 8027 11737 8046
f 11765 8811 11763
f 11764 6752 6748
f 11763 11766 6752
f 11154 11899 9027
f 11465 8298 8392
f 8266 11724 8143
f 11761 11759 8261
f 11757 11754 8265
f 9609 12694 11567
f 11577 6584 6578
f 11402 9366 11382
f 11479 7517 12144
f 11431 7528 11427
f 11407 9344 7530
f 11409 9430 11412
f 11554 7938 11561
f 9589 11562 9588
f 7984 11653 11651
f 9818 11653 10808
f 11814 7094 7091
f 10041 11809 11812
f 11811 7099 7094
f 11792 11803 10021
f 11462 7524 11437
f 6526 11532 6531
f 6528 11552 11551
f 9558 11531 11532
f 9556 11530 11531
f 9720 11603 11604
f 8637 11613 8653
f 9731 11611 11612
f 6656 11618 11608
f 6658 11617 11618
f 9751 11616 9749
f 11810 12525 6858
f 6924 11930 11932
f 6924 11928 11930
f 6938 11923 10106
f 9138 11996 9136
f 10152 11992 11994
f 10179 11991 10198
f 9047 11986 11990
f 11471 9408 10370
f 11470 9433 9435
f 11452 8439 11450
f 11451 11449 9433
f 11459 9438 11419
f 11458 7500 7713
f 11419 9462 11417
f 11417 9470 11415
f 9800 11629 11632
f 9798 11643 11630
f 9798 11638 11643
f 8708 11640 11642
f 8705 11652 11640
f 11881 8119 11876
f 10028 11807 11809
f 10023 11805 11807
f 11806 7103 7099
f 11509 7473 11492
f 11487 9485 9487
f 11492 7476 11496
f 11448 9441 11454
f 10104 11918 10102
f 9730 9287 11607
f 9183 11444 11443
f 9183 11443 11441
f 11742 9865 9222
f 9864 11742 9222
f 9524 12034 9308
f 11781 8853 11785
f 11545 9309 11546
f 11696 10854 11708
f 8963 11862 11864
f 8961 11860 11862
f 12626 12009 6927
f 12010 11234 12008
f 12008 11230 12007
f 6927 12005 6930
f 9106 11976 11977
f 11964 11265 11270
f 11970 6961 6957
f 12027 6967 6961
f 8391 11484 8389
f 11667 8739 11698
f 11666 10833 10823
f 11708 10847 11706
f 11718 10885 10856
f 8982 11845 8980
f 12015 12017 6981
f 10882 10879 10883
f 10664 11565 11566
f 11566 6566 6565
f 10658 11574 11565
f 11565 6570 6566
f 11569 9617 11575
f 10690 11583 11584
f 9819 11654 11656
f 11513 11514 10566
f 9523 11528 9520
f 10602 12254 10601
f 11542 11543 10609
f 11583 8528 8529
f 11119 11853 8969
f 8969 11851 8985
f 10075 11829 11830
f 11906 11143 11145
f 10074 11910 11904
f 11905 11139 11143
f 11958 12560 11956
f 9008 11914 11922
f 10491 11505 10489
f 11506 7473 11509
f 8985 11841 8982
f 10078 11832 11842
f 11260 12024 10168
f 10192 12013 10193
f 10884 11715 10881
f 11597 10237 11600
f 10566 11512 11513
f 10261 11329 11248
f 11018 11774 11030
f 10880 10882 11715
f 11365 11467 11469
f 11366 11367 11467
f 11343 11341 11284
f 11340 12768 12767
f 11330 11326 11964
f 11286 11323 11322
f 11285 11324 11323
f 11314 11313 11324
f 11307 11660 11282
f 11306 11282 11283
f 11484 11485 11363
f 11343 11284 11342
f 11669 11667 11344
f 11316 11285 11286
f 11315 11314 11285
f 11282 11660 11308
f 11283 11308 11309
f 11751 11745 11305
f 11281 11300 11292
f 11280 11290 11287
f 11371 11939 12038
f 11361 11540 11539
f 11589 11588 11587
f 11577 11580 11578
f 11260 12020 12019
f 12015 12021 12022
f 11325 11980 11981
f 11799 11803 11798
f 11384 11279 11295
f 11293 11457 11281
f 11399 11280 11288
f 11424 11287 11425
f 11371 12038 11938
f 11361 11539 11538
f 11514 11524 12033
f 11348 11713 11710
f 11760 11761 11758
f 11381 11983 11982
f 11797 11803 11799
f 11383 11296 11279
f 11298 11458 11460
f 11281 11455 11299
f 11476 11300 11475
f 11498 11497 11490
f 7469 11379 11511
f 11400 11289 11280
f 11425 11290 11423
f 11394 11389 11288
f 11387 11392 11289
f 11494 11491 11291
f 11450 11446 11293
f 11444 11449 11299
f 11493 11494 11291
f 11601 11599 11301
f 11593 11595 11594
f 11303 11741 11747
f 11739 11304 11750
f 11303 11746 11302
f 11687 11686 11306
f 11676 11682 11308
f 11981 11990 11325
f 12018 12023 11260
f 11989 11979 11330
f 11856 11847 11378
f 11735 11732 11341
f 11731 11734 11342
f 11710 11712 11348
f 12035 11524 12034
f 12037 8150 8308
f 12037 8151 12036
f 12036 8314 8150
f 12036 8313 12038
f 12366 7279 12367
f 12369 7808 9767
f 12367 7282 12364
f 8070 12503 7569
f 12522 12823 12518
f 6845 12510 11106
f 9083 12580 9081
f 8397 12149 12138
f 12157 7927 12155
f 8395 12156 6481
f 12362 7288 12360
f 12363 8663 8656
f 12360 7288 12358
f 12358 7291 12356
f 12359 8660 8662
f 12356 7294 12354
f 12357 12355 8660
f 12352 8644 12350
f 12330 7307 12329
f 12323 7780 9687
f 12322 8598 12319
f 7779 12316 7777
f 12315 8595 12313
f 12390 8799 8798
f 12216 8161 12217
f 12214 8460 12215
f 8191 12349 12344
f 12331 12327 8181
f 12633 12631 8221
f 12425 7195 7190
f 12423 7827 7195
f 7510 12146 12136
f 11405 12147 9365
f 6762 12448 6767
f 12481 12471 8830
f 12438 8820 12436
f 12436 7185 12435
f 12430 9890 12431
f 12431 9890 12426
f 9784 12377 9777
f 7270 7274 12374
f 9777 12375 9775
f 12371 7279 12366
f 11552 6534 12257
f 9576 12260 9575
f 12508 12509 10014
f 12569 12533 8976
f 10141 12621 12627
f 10160 12616 12606
f 9092 12607 12618
f 10160 12606 10180
f 10180 12604 7024
f 9641 12279 12287
f 12278 8550 8545
f 12271 8536 12274
f 9870 12410 12412
f 12469 12467 9958
f 12468 8078 12478
f 12351 7789 7804
f 12339 8619 8621
f 12334 7307 12330
f 12325 8607 12321
f 12603 10136 12598
f 12123 9356 12124
f 9270 12567 12566
f 9244 12596 10135
f 12593 10134 12594
f 12643 9190 12179
f 12410 9280 12408
f 9270 12564 12567
f 9244 12592 12595
f 12177 9190 12643
f 12465 9277 9282
f 12177 12181 9190
f 12175 12179 9190
f 12235 12233 9192
f 12237 12231 9193
f 12407 12408 9280
f 12292 10726 12293
f 12291 7339 7760
f 10509 12153 12152
f 6484 12154 6486
f 6486 12165 6489
f 10505 12169 12171
f 12304 10758 12299
f 6792 12488 12491
f 6795 12482 12488
f 10981 12487 10977
f 12313 8581 12311
f 12185 12194 10522
f 10557 12189 12193
f 10522 12192 10520
f 10554 12200 12188
f 10554 12198 12200
f 10529 12199 9503
f 10591 12225 12204
f 10565 12226 10564
f 10591 12223 12225
f 10591 12227 12220
f 9515 12222 9513
f 10525 12167 12169
f 9513 12248 9524
f 12293 10725 12285
f 12286 8558 8559
f 12406 12738 12747
f 12441 9933 12442
f 10935 12440 12441
f 9931 12458 9929
f 12485 10997 12489
f 12485 10996 10997
f 12461 12463 10940
f 11738 12383 12386
f 12611 11946 12610
f 12611 6918 6914
f 12578 12574 9036
f 7037 12572 12575
f 9036 12573 9034
f 7045 12082 12551
f 11479 12142 12146
f 9364 12143 9362
f 10918 12412 12413
f 12547 11867 12546
f 12546 11865 12540
f 12545 6861 6858
f 11414 12130 12121
f 12297 10742 12289
f 11897 12550 11901
f 10589 12241 12247
f 9559 12252 12246
f 11373 12585 12587
f 12523 11810 12527
f 11377 12528 11380
f 11461 12140 12145
f 11415 12128 11294
f 12126 11414 11297
f 12104 12201 12220
f 12095 12468 12100
f 12080 12086 12047
f 12079 12047 12048
f 12046 12348 12067
f 12044 12348 12045
f 12063 12064 12074
f 12042 12055 12043
f 12040 12213 12042
f 12195 12054 12040
f 12099 12097 12098
f 12047 12086 12087
f 12048 12087 12088
f 12070 12046 12068
f 12071 12045 12046
f 12073 12045 12072
f 12074 12065 12328
f 12061 12062 12075
f 12214 12043 12057
f 12058 12042 12214
f 12195 12040 12058
f 12391 12386 12116
f 12099 12493 12096
f 12479 12468 12478
f 12504 12476 12506
f 12118 12519 12520
f 12094 12522 12518
f 12083 12553 12552
f 12616 12079 12048
f 12630 12637 12629
f 12327 12333 12326
f 8549 12273 12280
f 12647 12056 12232
f 7452 12052 12039
f 12119 12641 12127
f 12050 12640 12134
f 12105 12182 12184
f 12115 12264 12261
f 7662 12441 12449
f 12101 12481 12095
f 12616 12048 12088
f 12613 12089 12615
f 12628 12637 12630
f 12073 12336 12044
f 12326 12333 12638
f 12231 12056 12647
f 12161 12039 12060
f 12119 12126 12641
f 12134 12640 12128
f 12162 12145 12049
f 12179 12175 12053
f 12197 12216 12054
f 12238 12232 12056
f 12231 12237 12056
f 12215 12196 12058
f 12174 12178 12059
f 12354 12345 12072
f 12592 12603 12080
f 12602 12591 12087
f 12482 12484 12097
f 12098 12766 12483
f 12479 12467 12100
f 12385 12390 12116
f 12536 12112 12535
f 12534 12110 12536
f 12568 6902 12535
f 12533 12566 12534
f 12640 11279 12639
f 12640 11278 11294
f 12639 11296 12641
f 12639 11297 11278
f 12039 12644 12060
f 12059 12642 12041
f 12052 12642 12039
f 12053 12642 12643
f 9194 12645 12647
f 9167 12647 12645
f 9166 12646 12645
f 9192 12645 12646
f 7664 12745 12744
f 7567 12743 12745
f 12782 11773 12779
f 12780 6818 12789
f 12781 8882 9982
f 12784 8895 12793
f 12794 8907 6822
f 12793 8893 12791
f 12807 8937 8904
f 12828 6859 12829
f 12828 8964 8966
f 12888 8986 12887
f 12888 6877 6873
f 8804 12734 12736
f 12758 12757 8819
f 12760 11766 12759
f 12890 7069 8989
f 8149 12872 8242
f 12726 8268 12728
f 8257 12783 12787
f 8247 12872 8149
f 12724 8782 12727
f 12872 8972 8242
f 8971 12872 8247
f 12685 12686 9604
f 12825 7085 10049
f 12801 8903 12821
f 10010 12819 12820
f 10008 12818 12819
f 12673 12795 11084
f 12851 12871 8962
f 12849 6876 12848
f 12849 10052 10057
f 9594 12682 9311
f 12812 9997 12813
f 12845 12843 9234
f 12840 12838 9235
f 12803 11097 8937
f 10662 12701 12700
f 12799 11074 12798
f 10662 12649 12699
f 12395 12396 12738
f 11080 12811 10215
f 12811 11079 10215
f 11728 12904 11730
f 12721 11734 11731
f 12715 12719 11728
f 12775 6807 12773
f 12774 11772 11787
f 12773 6809 12769
f 12774 12770 11770
f 12772 8855 8857
f 12763 6802 12761
f 12761 6802 12775
f 12862 12861 11837
f 11844 12864 12862
f 12862 11837 12884
f 12898 9115 11961
f 12885 11835 12891
f 11341 12712 11284
f 11342 12712 12711
f 11334 12861 11335
f 12882 12877 11316
f 12875 11877 11322
f 12718 12713 11729
f 12711 12715 11728
f 12832 8960 12830
f 12833 12513 12515
f 12830 8958 12855
f 12831 12511 12513
f 12404 12740 12743
f 12742 12399 12744
f 12740 12401 12739
f 12857 11103 10271
f 11102 12857 10271
f 12739 12404 12403
f 12739 12403 12402
f 12739 12401 12404
f 12400 12739 12402
f 12665 12666 12716
f 12660 12661 12650
f 12659 12650 12651
f 12656 12798 12653
f 12859 12652 12860
f 12649 12697 12667
f 12650 12661 12663
f 12651 12663 12664
f 12674 12675 12815
f 12669 12690 12648
f 12770 12655 12768
f 12841 12835 12840
f 12652 12877 12860
f 12670 12690 12688
f 12820 12819 12817
f 12839 12835 12841
f 12652 12876 12878
f 12825 12842 12826
f 12874 12879 12880
f 12759 12756 12659
f 12753 12749 12660
f 12751 12752 12663
f 12755 12758 12664
f 12717 12665 12718
f 12704 12706 12708
f 12707 12706 12704
f 9603 12684 12669
f 12683 12679 12670
f 12719 12715 12711
f 12713 12718 12665
f 12904 12716 12714
f 12743 12740 12662
