# CC0 David Gian-Cursio 2021; original authored material surfaces.
o chevron-v-frame
v 0.073630 2.727855 -0.131383
v 0.155572 2.727855 -0.131383
v 0.140620 2.933919 -0.176876
v 0.269555 2.933919 -0.176876
v 0.164191 2.933919 -0.176876
v 0.099590 2.746593 -0.135519
v 0.106050 2.765322 -0.139655
v 0.112510 2.784060 -0.143790
v 0.118970 2.802789 -0.147926
v 0.125430 2.821518 -0.152062
v 0.131891 2.840256 -0.156198
v 0.138351 2.858985 -0.160333
v 0.144811 2.877723 -0.164470
v 0.151271 2.896452 -0.168605
v 0.157731 2.915181 -0.172741
v 0.079720 2.746593 -0.135519
v 0.165935 2.746593 -0.135519
v 0.085810 2.765322 -0.139655
v 0.176296 2.765322 -0.139655
v 0.091900 2.784060 -0.143790
v 0.186659 2.784060 -0.143790
v 0.097990 2.802789 -0.147926
v 0.197021 2.802789 -0.147926
v 0.104080 2.821518 -0.152062
v 0.207383 2.821518 -0.152062
v 0.110170 2.840256 -0.156198
v 0.217745 2.840256 -0.156198
v 0.116260 2.858985 -0.160333
v 0.228108 2.858985 -0.160333
v 0.238469 2.877723 -0.164470
v 0.122351 2.877723 -0.164470
v 0.128440 2.896452 -0.168605
v 0.248832 2.896452 -0.168605
v 0.134530 2.915181 -0.172741
v 0.259194 2.915181 -0.172741
v -0.134530 2.915181 -0.172741
v -0.140620 2.933919 -0.176876
v -0.157731 2.915181 -0.172741
v -0.164191 2.933919 -0.176876
v -0.259194 2.915181 -0.172741
v -0.269555 2.933919 -0.176876
v -0.128440 2.896452 -0.168605
v -0.122351 2.877723 -0.164470
v -0.116260 2.858985 -0.160333
v -0.138351 2.858985 -0.160333
v -0.151271 2.896452 -0.168605
v -0.144811 2.877723 -0.164470
v -0.238469 2.877723 -0.164470
v -0.228108 2.858985 -0.160333
v -0.248832 2.896452 -0.168605
v -0.104080 2.821518 -0.152062
v -0.110170 2.840256 -0.156198
v -0.131891 2.840256 -0.156198
v -0.125430 2.821518 -0.152062
v -0.207383 2.821518 -0.152062
v -0.217745 2.840256 -0.156198
v -0.097990 2.802789 -0.147926
v -0.091900 2.784060 -0.143790
v -0.085810 2.765322 -0.139655
v -0.106050 2.765322 -0.139655
v -0.118970 2.802789 -0.147926
v -0.112510 2.784060 -0.143790
v -0.176296 2.765322 -0.139655
v -0.197021 2.802789 -0.147926
v -0.186659 2.784060 -0.143790
v 0.093130 2.727855 -0.131383
v -0.079720 2.746593 -0.135519
v -0.099590 2.746593 -0.135519
v -0.073630 2.727855 -0.131383
v -0.093130 2.727855 -0.131383
v -0.165935 2.746593 -0.135519
v -0.155572 2.727855 -0.131383
v 0.058905 2.628612 -0.109472
v -0.058905 2.628612 -0.109472
v -0.170640 2.952621 -0.181005
v -0.136120 2.933919 -0.176876
v -0.274055 2.933919 -0.176876
v -0.075220 2.746593 -0.135519
v -0.170435 2.746593 -0.135519
v -0.099590 2.746593 -0.161518
v -0.099066 2.746593 -0.162065
v -0.099338 2.746593 -0.162018
v -0.099523 2.746593 -0.161832
v -0.099662 2.746593 -0.161854
v -0.099860 2.746593 -0.162103
v -0.100151 2.746593 -0.162240
v 0.170640 2.952621 -0.181005
v 0.136120 2.933919 -0.176876
v 0.274055 2.933919 -0.176876
v 0.075220 2.746593 -0.135519
v 0.170435 2.746593 -0.135519
v 0.099590 2.746593 -0.161518
v 0.099066 2.746593 -0.162065
v 0.099338 2.746593 -0.162018
v 0.099523 2.746593 -0.161832
v 0.099662 2.746593 -0.161854
v 0.099860 2.746593 -0.162103
v 0.100151 2.746593 -0.162240
v 0.081310 2.765322 -0.139655
v 0.087400 2.784060 -0.143790
v 0.093490 2.802789 -0.147926
v 0.099580 2.821518 -0.152062
v 0.105670 2.840256 -0.156198
v 0.111760 2.858985 -0.160333
v 0.117851 2.877723 -0.164470
v 0.123940 2.896452 -0.168605
v 0.130030 2.915181 -0.172741
v 0.180796 2.765322 -0.139655
v 0.191159 2.784060 -0.143790
v 0.201521 2.802789 -0.147926
v 0.211883 2.821518 -0.152062
v 0.222245 2.840256 -0.156198
v 0.232608 2.858985 -0.160333
v 0.242969 2.877723 -0.164470
v 0.253331 2.896452 -0.168605
v 0.263694 2.915181 -0.172741
v -0.130030 2.915181 -0.172741
v -0.263694 2.915181 -0.172741
v -0.123940 2.896452 -0.168605
v -0.117851 2.877723 -0.164470
v -0.111760 2.858985 -0.160333
v -0.242969 2.877723 -0.164470
v -0.232608 2.858985 -0.160333
v -0.253331 2.896452 -0.168605
v -0.105670 2.840256 -0.156198
v -0.099580 2.821518 -0.152062
v -0.211883 2.821518 -0.152062
v -0.222245 2.840256 -0.156198
v -0.093490 2.802789 -0.147926
v -0.087400 2.784060 -0.143790
v -0.081310 2.765322 -0.139655
v -0.201521 2.802789 -0.147926
v -0.191159 2.784060 -0.143790
v -0.180796 2.765322 -0.139655
v 0.160072 2.727855 -0.131383
v 0.069130 2.727855 -0.131383
v -0.069130 2.727855 -0.131383
v -0.160072 2.727855 -0.131383
v -0.145980 2.821680 -0.124197
v -0.151020 2.821680 -0.124197
v -0.151020 2.839860 -0.128210
v -0.145980 2.839860 -0.128210
v 0.145980 2.821680 -0.124197
v 0.145980 2.839860 -0.128210
v 0.151020 2.839860 -0.128210
v 0.151020 2.821680 -0.124197
v 0.151020 2.839860 -0.156110
v 0.151020 2.821680 -0.152097
v 0.145980 2.821680 -0.152097
v 0.145980 2.839860 -0.156110
v -0.151020 2.839860 -0.156110
v -0.145980 2.839860 -0.156110
v -0.145980 2.821680 -0.152097
v -0.151020 2.821680 -0.152097
v 0.007614 2.629260 -0.134608
v 0.063793 2.554506 -0.106620
v -0.063713 2.554362 -0.106588
v 0.000816 2.637360 -0.132820
v -0.000759 2.637441 -0.132805
v 0.000859 2.637765 -0.132895
v -0.000817 2.637819 -0.132884
v 0.000893 2.638188 -0.132917
v -0.000860 2.638233 -0.132908
v 0.000844 2.553255 -0.100649
v -0.000891 2.553255 -0.100688
v 0.000790 2.553435 -0.100953
v -0.000845 2.553435 -0.100998
v 0.000740 2.553696 -0.101202
v -0.000791 2.553696 -0.101244
v 0.000439 2.637720 -0.132751
v 0.000017 2.637864 -0.132726
v -0.000399 2.637765 -0.132743
v 0.000461 2.638143 -0.132823
v 0.000012 2.638278 -0.132798
v -0.000432 2.638170 -0.132818
v -0.000380 2.637405 -0.132626
v 0.000011 2.637504 -0.132608
v 0.000407 2.637378 -0.132631
v 0.000478 2.638584 -0.132843
v 0.000010 2.638719 -0.132817
v -0.000455 2.638602 -0.132838
v -0.000396 2.554029 -0.101210
v -0.000006 2.554029 -0.101145
v 0.000381 2.554029 -0.101200
v 0.000445 2.553255 -0.100437
v -0.000014 2.553255 -0.100374
v -0.000478 2.553255 -0.100458
v 0.000416 2.553435 -0.100758
v -0.000016 2.553435 -0.100701
v -0.000454 2.553435 -0.100781
v 0.000390 2.553696 -0.101020
v -0.000015 2.553696 -0.100967
v -0.000425 2.553696 -0.101043
v -0.008212 2.628162 -0.134562
v -0.006636 2.629116 -0.134381
v -0.008309 2.628585 -0.134633
v -0.006750 2.629485 -0.134462
v 0.008226 2.628162 -0.134562
v 0.006604 2.629161 -0.134373
v 0.008332 2.628585 -0.134633
v 0.006717 2.629530 -0.134454
v 0.008496 2.628999 -0.134657
v 0.006870 2.629890 -0.134488
v -0.008456 2.628999 -0.134657
v -0.006909 2.629836 -0.134498
v 0.008302 2.553255 -0.105997
v 0.006636 2.553255 -0.105389
v 0.008226 2.553435 -0.106246
v 0.006575 2.553435 -0.105644
v -0.008324 2.553255 -0.105997
v -0.006640 2.553255 -0.105393
v -0.008238 2.553435 -0.106246
v -0.006585 2.553435 -0.105652
v -0.008183 2.553696 -0.106468
v -0.006552 2.553696 -0.105885
v 0.008177 2.553696 -0.106468
v 0.006541 2.553696 -0.105877
v -0.007773 2.627856 -0.134434
v -0.007336 2.628063 -0.134393
v -0.006919 2.628387 -0.134333
v -0.007808 2.628234 -0.134547
v -0.007376 2.628441 -0.134509
v -0.006969 2.628738 -0.134451
v 0.007814 2.628234 -0.134546
v 0.007371 2.628450 -0.134506
v 0.006951 2.628765 -0.134446
v 0.007913 2.628657 -0.134618
v 0.007470 2.628864 -0.134581
v 0.007054 2.629161 -0.134523
v 0.008064 2.629062 -0.134644
v 0.007199 2.629539 -0.134554
v -0.008042 2.629062 -0.134644
v -0.007613 2.629242 -0.134610
v -0.007219 2.629512 -0.134560
v -0.007902 2.628657 -0.134619
v -0.007473 2.628846 -0.134582
v -0.007072 2.629134 -0.134528
v -0.007755 2.554029 -0.106592
v -0.007314 2.554029 -0.106467
v -0.006893 2.554029 -0.106284
v 0.007774 2.627856 -0.134434
v 0.007333 2.628072 -0.134393
v 0.006911 2.628396 -0.134330
v 0.007885 2.553255 -0.105950
v 0.007433 2.553255 -0.105820
v 0.006999 2.553255 -0.105627
v 0.007814 2.553435 -0.106199
v 0.007367 2.553435 -0.106070
v 0.006936 2.553435 -0.105879
v -0.007899 2.553255 -0.105950
v -0.007441 2.553255 -0.105821
v -0.007003 2.553255 -0.105628
v -0.007773 2.553696 -0.106423
v -0.007330 2.553696 -0.106298
v -0.006905 2.553696 -0.106113
v -0.007823 2.553435 -0.106199
v -0.007373 2.553435 -0.106072
v -0.006943 2.553435 -0.105883
v 0.007754 2.554029 -0.106592
v 0.007312 2.554029 -0.106466
v 0.006889 2.554029 -0.106281
v 0.007769 2.553696 -0.106422
v 0.007325 2.553696 -0.106295
v 0.006898 2.553696 -0.106107
v 0.059092 2.630241 -0.134928
v 0.057740 2.629044 -0.134649
v 0.059290 2.629989 -0.134953
v 0.057889 2.628603 -0.134629
v -0.059158 2.630430 -0.134974
v -0.057712 2.629044 -0.134649
v -0.059365 2.630205 -0.135004
v -0.057870 2.628603 -0.134629
v 0.059463 2.629764 -0.134934
v 0.058000 2.628162 -0.134561
v -0.059570 2.630070 -0.135007
v -0.057985 2.628162 -0.134561
v 0.046203 2.657187 -0.129153
v 0.045008 2.656341 -0.128968
v 0.046288 2.657025 -0.129474
v 0.045060 2.656170 -0.129287
v -0.046207 2.657196 -0.129155
v -0.045027 2.656341 -0.128968
v -0.046309 2.657088 -0.129488
v -0.045088 2.656170 -0.129287
v 0.046429 2.656836 -0.129730
v 0.045150 2.655918 -0.129528
v -0.046470 2.656962 -0.129758
v -0.045179 2.655918 -0.129528
v 0.063956 2.554173 -0.105998
v 0.062546 2.553255 -0.105798
v 0.064033 2.554515 -0.106387
v 0.062535 2.553435 -0.106150
v -0.063899 2.554074 -0.105976
v -0.062546 2.553255 -0.105798
v -0.063945 2.554353 -0.106352
v -0.062534 2.553435 -0.106150
v 0.064148 2.555019 -0.106734
v 0.062518 2.553696 -0.106443
v -0.064016 2.554785 -0.106682
v -0.062518 2.553696 -0.106443
v -0.045372 2.656476 -0.115623
v -0.045718 2.656656 -0.115663
v -0.045999 2.656926 -0.115724
v 0.045999 2.656926 -0.115724
v 0.045718 2.656656 -0.115663
v 0.045372 2.656476 -0.115623
v 0.058684 2.630088 -0.134771
v 0.058356 2.629737 -0.134690
v 0.057968 2.629503 -0.134635
v 0.058857 2.629773 -0.134819
v 0.058525 2.629395 -0.134731
v 0.058138 2.629134 -0.134671
v -0.058896 2.629890 -0.134847
v -0.058536 2.629449 -0.134744
v -0.058126 2.629152 -0.134674
v -0.059075 2.629584 -0.134858
v -0.058697 2.629071 -0.134739
v -0.058280 2.628729 -0.134658
v 0.059175 2.629143 -0.134789
v 0.058804 2.628630 -0.134671
v 0.058396 2.628288 -0.134590
v 0.059031 2.629449 -0.134827
v 0.058681 2.629008 -0.134724
v 0.058285 2.628711 -0.134654
v -0.059334 2.629062 -0.134749
v -0.058906 2.628387 -0.134593
v -0.058460 2.627937 -0.134488
v -0.059240 2.629332 -0.134834
v -0.058831 2.628720 -0.134691
v -0.058396 2.628315 -0.134596
v -0.045996 2.656917 -0.128718
v -0.045716 2.656656 -0.128660
v -0.045372 2.656476 -0.128620
v 0.045370 2.656476 -0.128621
v 0.045717 2.656656 -0.128660
v 0.045999 2.656926 -0.128721
v 0.046406 2.656242 -0.129798
v 0.046086 2.655909 -0.129725
v 0.045698 2.655684 -0.129676
v -0.058703 2.630151 -0.134785
v -0.058360 2.629773 -0.134696
v -0.057957 2.629512 -0.134636
v 0.046024 2.656854 -0.129081
v 0.045740 2.656593 -0.129022
v 0.045388 2.656413 -0.128983
v -0.046028 2.656863 -0.129082
v -0.045746 2.656593 -0.129023
v -0.045400 2.656413 -0.128983
v -0.046120 2.656728 -0.129410
v -0.045828 2.656440 -0.129346
v -0.045471 2.656242 -0.129303
v 0.045451 2.656242 -0.129301
v 0.045813 2.656422 -0.129342
v 0.046105 2.656692 -0.129401
v 0.046236 2.656476 -0.129651
v 0.045930 2.656188 -0.129587
v 0.045555 2.655990 -0.129544
v -0.046424 2.656287 -0.129810
v -0.046097 2.655936 -0.129730
v -0.045707 2.655693 -0.129677
v -0.046263 2.656557 -0.129668
v -0.045951 2.656224 -0.129596
v -0.045576 2.655999 -0.129546
v 0.063656 2.553687 -0.105530
v 0.063319 2.553426 -0.105474
v 0.062936 2.553246 -0.105437
v 0.059291 2.628936 -0.134720
v 0.058886 2.628333 -0.134579
v 0.058457 2.627928 -0.134484
v -0.063773 2.554830 -0.106815
v -0.063349 2.554416 -0.106722
v -0.062906 2.554128 -0.106659
v 0.063687 2.553813 -0.105919
v 0.063332 2.553525 -0.105855
v 0.062936 2.553327 -0.105813
v 0.063729 2.554092 -0.106294
v 0.063346 2.553750 -0.106219
v 0.062932 2.553516 -0.106168
v -0.063645 2.553669 -0.105526
v -0.063314 2.553417 -0.105472
v -0.062934 2.553246 -0.105436
v -0.063652 2.553750 -0.105906
v -0.063315 2.553489 -0.105848
v -0.062932 2.553318 -0.105811
v 0.063814 2.554911 -0.106831
v 0.063368 2.554452 -0.106730
v 0.062911 2.554137 -0.106662
v 0.063369 2.554083 -0.106528
v 0.062926 2.553804 -0.106466
v -0.063330 2.554020 -0.106512
v -0.062916 2.553786 -0.106461
v -0.063676 2.553993 -0.106273
v -0.063321 2.553705 -0.106209
v -0.062925 2.553507 -0.106166
v -0.142422 2.951721 -0.194530
v -0.142160 2.951739 -0.194183
v -0.141985 2.951748 -0.193792
v -0.170836 2.951730 -0.210380
v -0.170357 2.951721 -0.210317
v -0.169887 2.951721 -0.210190
v -0.283892 2.951838 -0.193785
v -0.283666 2.951811 -0.194101
v -0.283328 2.951775 -0.194334
v -0.142586 2.952072 -0.194556
v -0.142817 2.952351 -0.194482
v -0.143085 2.952549 -0.194322
v -0.142332 2.952081 -0.194222
v -0.142590 2.952360 -0.194183
v -0.142898 2.952549 -0.194077
v -0.142101 2.952090 -0.193466
v -0.142382 2.952369 -0.193509
v -0.142727 2.952549 -0.193526
v -0.142162 2.952090 -0.193845
v -0.142438 2.952360 -0.193848
v -0.142774 2.952549 -0.193804
v -0.142901 2.952063 -0.194804
v -0.143102 2.952351 -0.194707
v -0.143325 2.952549 -0.194512
v -0.170959 2.952081 -0.210389
v -0.171065 2.952360 -0.210262
v -0.171144 2.952549 -0.210020
v -0.170490 2.952072 -0.210328
v -0.170626 2.952360 -0.210205
v -0.170746 2.952549 -0.209968
v -0.169636 2.952063 -0.210031
v -0.169821 2.952351 -0.209926
v -0.170016 2.952549 -0.209715
v -0.170031 2.952072 -0.210205
v -0.170193 2.952351 -0.210090
v -0.170355 2.952549 -0.209864
v -0.283817 2.952558 -0.193518
v -0.284010 2.952387 -0.193511
v -0.284067 2.952144 -0.193477
v -0.283772 2.952558 -0.193727
v -0.283948 2.952387 -0.193802
v -0.283993 2.952144 -0.193824
v -0.283666 2.952558 -0.193884
v -0.283784 2.952378 -0.194044
v -0.283785 2.952126 -0.194121
v -0.283496 2.952549 -0.194012
v -0.283532 2.952369 -0.194229
v -0.283476 2.952099 -0.194343
v -0.283243 2.952549 -0.194095
v -0.283206 2.952360 -0.194333
v -0.283098 2.952090 -0.194461
v -0.171499 2.952549 -0.210009
v -0.171458 2.952360 -0.210250
v -0.171379 2.952081 -0.210378
v 0.142422 2.951721 -0.194530
v 0.142160 2.951739 -0.194183
v 0.141985 2.951748 -0.193792
v 0.170836 2.951730 -0.210380
v 0.170357 2.951721 -0.210317
v 0.169887 2.951721 -0.210190
v 0.283892 2.951838 -0.193785
v 0.283666 2.951811 -0.194101
v 0.283328 2.951775 -0.194334
v 0.142586 2.952072 -0.194556
v 0.142817 2.952351 -0.194482
v 0.143085 2.952549 -0.194322
v 0.142332 2.952081 -0.194222
v 0.142590 2.952360 -0.194183
v 0.142898 2.952549 -0.194077
v 0.142101 2.952090 -0.193466
v 0.142382 2.952369 -0.193509
v 0.142727 2.952549 -0.193526
v 0.142162 2.952090 -0.193845
v 0.142438 2.952360 -0.193848
v 0.142774 2.952549 -0.193804
v 0.142901 2.952063 -0.194804
v 0.143102 2.952351 -0.194707
v 0.143325 2.952549 -0.194512
v 0.170959 2.952081 -0.210389
v 0.171065 2.952360 -0.210262
v 0.171144 2.952549 -0.210020
v 0.170490 2.952072 -0.210328
v 0.170626 2.952360 -0.210205
v 0.170746 2.952549 -0.209968
v 0.169636 2.952063 -0.210031
v 0.169821 2.952351 -0.209926
v 0.170016 2.952549 -0.209715
v 0.170031 2.952072 -0.210205
v 0.170193 2.952351 -0.210090
v 0.170355 2.952549 -0.209864
v 0.283817 2.952558 -0.193518
v 0.284010 2.952387 -0.193511
v 0.284067 2.952144 -0.193477
v 0.283772 2.952558 -0.193727
v 0.283948 2.952387 -0.193802
v 0.283993 2.952144 -0.193824
v 0.283666 2.952558 -0.193884
v 0.283784 2.952378 -0.194044
v 0.283785 2.952126 -0.194121
v 0.283496 2.952549 -0.194012
v 0.283532 2.952369 -0.194229
v 0.283476 2.952099 -0.194343
v 0.283243 2.952549 -0.194095
v 0.283206 2.952360 -0.194333
v 0.283098 2.952090 -0.194461
v 0.171499 2.952549 -0.210009
v 0.171458 2.952360 -0.210250
v 0.171379 2.952081 -0.210378
v 0.263088 2.915181 -0.186260
v 0.263403 2.915181 -0.186016
v 0.263615 2.915181 -0.185693
v 0.262702 2.915181 -0.186391
v 0.263694 2.915181 -0.185324
v 0.274055 2.933919 -0.189460
v 0.273063 2.933919 -0.190522
v 0.273978 2.933919 -0.189828
v 0.273765 2.933919 -0.190151
v 0.273450 2.933919 -0.190393
v 0.283816 2.952558 -0.180992
v 0.284008 2.952387 -0.180954
v 0.284063 2.952135 -0.180899
v 0.282928 2.951757 -0.194457
v 0.283200 2.952621 -0.193767
v 0.283368 2.952621 -0.193712
v 0.283442 2.952621 -0.193655
v 0.283478 2.952621 -0.193603
v 0.283971 2.951838 -0.193417
v 0.283500 2.952621 -0.193495
v 0.283500 2.952621 -0.181005
v 0.283964 2.951829 -0.180832
v 0.258589 2.915181 -0.181764
v 0.258904 2.915181 -0.181518
v 0.259116 2.915181 -0.181193
v 0.258204 2.915181 -0.181896
v 0.259194 2.915181 -0.180824
v 0.269478 2.933919 -0.185329
v 0.269266 2.933919 -0.185652
v 0.268950 2.933919 -0.185897
v 0.268564 2.933919 -0.186026
v 0.269555 2.933919 -0.184960
v 0.157286 2.915181 -0.201629
v 0.157754 2.915181 -0.201751
v 0.158658 2.915181 -0.201792
v 0.158231 2.915181 -0.201809
v 0.156882 2.915181 -0.201453
v 0.163343 2.933919 -0.205842
v 0.164692 2.933919 -0.206202
v 0.165119 2.933919 -0.206186
v 0.164215 2.933919 -0.206141
v 0.163746 2.933919 -0.206018
v 0.142101 2.952090 -0.180890
v 0.142382 2.952369 -0.180950
v 0.142727 2.952549 -0.180990
v 0.170495 2.952621 -0.209549
v 0.170838 2.952621 -0.209641
v 0.171491 2.952621 -0.209675
v 0.171268 2.951739 -0.210368
v 0.171185 2.952621 -0.209685
v 0.170198 2.952621 -0.209418
v 0.169483 2.951721 -0.210012
v 0.143134 2.952621 -0.193716
v 0.143222 2.952621 -0.193910
v 0.143545 2.952621 -0.194235
v 0.142747 2.951721 -0.194786
v 0.143359 2.952621 -0.194090
v 0.143100 2.952621 -0.193512
v 0.143100 2.952621 -0.181005
v 0.156922 2.915181 -0.196887
v 0.157310 2.915181 -0.197087
v 0.157766 2.915181 -0.197230
v 0.158657 2.915181 -0.197287
v 0.158234 2.915181 -0.197301
v 0.164694 2.933919 -0.201694
v 0.164226 2.933919 -0.201622
v 0.163770 2.933919 -0.201478
v 0.163383 2.933919 -0.201277
v 0.165118 2.933919 -0.201682
v 0.130097 2.915181 -0.185767
v 0.130277 2.915181 -0.186161
v 0.130872 2.915181 -0.186766
v 0.130544 2.915181 -0.186509
v 0.130030 2.915181 -0.185372
v 0.136120 2.933919 -0.189482
v 0.136634 2.933919 -0.190621
v 0.136961 2.933919 -0.190878
v 0.136366 2.933919 -0.190272
v 0.136186 2.933919 -0.189878
v 0.141922 2.951757 -0.193398
v 0.141922 2.951757 -0.180816
v 0.135020 2.915181 -0.182049
v 0.134765 2.915181 -0.181680
v 0.134593 2.915181 -0.181273
v 0.135332 2.915181 -0.182332
v 0.134530 2.915181 -0.180872
v 0.141110 2.933919 -0.186160
v 0.140855 2.933919 -0.185792
v 0.140684 2.933919 -0.185383
v 0.141422 2.933919 -0.186443
v 0.140620 2.933919 -0.184982
v -0.130030 2.915181 -0.185372
v -0.130544 2.915181 -0.186509
v -0.130872 2.915181 -0.186766
v -0.130277 2.915181 -0.186161
v -0.130097 2.915181 -0.185767
v -0.136120 2.933919 -0.189482
v -0.136634 2.933919 -0.190621
v -0.136961 2.933919 -0.190878
v -0.136366 2.933919 -0.190272
v -0.136186 2.933919 -0.189878
v -0.141922 2.951757 -0.193398
v -0.141922 2.951757 -0.180816
v -0.140620 2.933919 -0.184982
v -0.141422 2.933919 -0.186443
v -0.140684 2.933919 -0.185383
v -0.140855 2.933919 -0.185792
v -0.141110 2.933919 -0.186160
v -0.134530 2.915181 -0.180872
v -0.135332 2.915181 -0.182332
v -0.134593 2.915181 -0.181273
v -0.134765 2.915181 -0.181680
v -0.135020 2.915181 -0.182049
v -0.156882 2.915181 -0.201453
v -0.158231 2.915181 -0.201809
v -0.158658 2.915181 -0.201792
v -0.157754 2.915181 -0.201751
v -0.157286 2.915181 -0.201629
v -0.163343 2.933919 -0.205842
v -0.164692 2.933919 -0.206202
v -0.165119 2.933919 -0.206186
v -0.164215 2.933919 -0.206141
v -0.163746 2.933919 -0.206018
v -0.142101 2.952090 -0.180890
v -0.142382 2.952369 -0.180950
v -0.142727 2.952549 -0.180990
v -0.170495 2.952621 -0.209549
v -0.170838 2.952621 -0.209641
v -0.171491 2.952621 -0.209675
v -0.171268 2.951739 -0.210368
v -0.171185 2.952621 -0.209685
v -0.170198 2.952621 -0.209418
v -0.169483 2.951721 -0.210012
v -0.143134 2.952621 -0.193716
v -0.143222 2.952621 -0.193910
v -0.143545 2.952621 -0.194235
v -0.142747 2.951721 -0.194786
v -0.143359 2.952621 -0.194090
v -0.143100 2.952621 -0.193512
v -0.143100 2.952621 -0.181005
v -0.165118 2.933919 -0.201682
v -0.163383 2.933919 -0.201277
v -0.163770 2.933919 -0.201478
v -0.164226 2.933919 -0.201622
v -0.164694 2.933919 -0.201694
v -0.158234 2.915181 -0.197301
v -0.158657 2.915181 -0.197287
v -0.157766 2.915181 -0.197230
v -0.157310 2.915181 -0.197087
v -0.156922 2.915181 -0.196887
v -0.263694 2.915181 -0.185324
v -0.262702 2.915181 -0.186391
v -0.263615 2.915181 -0.185693
v -0.263403 2.915181 -0.186016
v -0.263088 2.915181 -0.186260
v -0.274055 2.933919 -0.189460
v -0.273063 2.933919 -0.190522
v -0.273978 2.933919 -0.189828
v -0.273765 2.933919 -0.190151
v -0.273450 2.933919 -0.190393
v -0.283816 2.952558 -0.180992
v -0.284008 2.952387 -0.180954
v -0.284063 2.952135 -0.180899
v -0.282928 2.951757 -0.194457
v -0.283200 2.952621 -0.193767
v -0.283368 2.952621 -0.193712
v -0.283442 2.952621 -0.193655
v -0.283478 2.952621 -0.193603
v -0.283971 2.951838 -0.193417
v -0.283500 2.952621 -0.193495
v -0.283500 2.952621 -0.181005
v -0.283964 2.951829 -0.180832
v -0.269555 2.933919 -0.184960
v -0.268564 2.933919 -0.186026
v -0.268950 2.933919 -0.185897
v -0.269266 2.933919 -0.185652
v -0.269478 2.933919 -0.185329
v -0.259194 2.915181 -0.180824
v -0.258204 2.915181 -0.181896
v -0.259116 2.915181 -0.181193
v -0.258904 2.915181 -0.181518
v -0.258589 2.915181 -0.181764
v 0.252726 2.896452 -0.182127
v 0.253041 2.896452 -0.181882
v 0.253254 2.896452 -0.181558
v 0.252341 2.896452 -0.182259
v 0.253331 2.896452 -0.181189
v 0.248754 2.896452 -0.177058
v 0.248832 2.896452 -0.176689
v 0.242366 2.877723 -0.177994
v 0.232004 2.858985 -0.173860
v 0.242680 2.877723 -0.177747
v 0.232318 2.858985 -0.173613
v 0.242891 2.877723 -0.177422
v 0.232529 2.858985 -0.173287
v 0.241980 2.877723 -0.178127
v 0.231620 2.858985 -0.173995
v 0.242969 2.877723 -0.177052
v 0.232608 2.858985 -0.172917
v 0.248228 2.896452 -0.177631
v 0.248542 2.896452 -0.177384
v 0.247843 2.896452 -0.177765
v 0.237866 2.877723 -0.173498
v 0.238181 2.877723 -0.173249
v 0.238392 2.877723 -0.172922
v 0.237482 2.877723 -0.173634
v 0.238469 2.877723 -0.172552
v 0.227506 2.858985 -0.169366
v 0.227819 2.858985 -0.169115
v 0.228030 2.858985 -0.168787
v 0.227122 2.858985 -0.169504
v 0.228108 2.858985 -0.168417
v 0.150825 2.896452 -0.197239
v 0.144364 2.877723 -0.192849
v 0.151294 2.896452 -0.197360
v 0.144832 2.877723 -0.192969
v 0.152197 2.896452 -0.197398
v 0.151770 2.896452 -0.197416
v 0.145736 2.877723 -0.193003
v 0.145309 2.877723 -0.193024
v 0.150421 2.896452 -0.197065
v 0.143960 2.877723 -0.192676
v 0.150462 2.896452 -0.192497
v 0.150849 2.896452 -0.192697
v 0.151304 2.896452 -0.192839
v 0.152196 2.896452 -0.192892
v 0.151772 2.896452 -0.192907
v 0.144001 2.877723 -0.188107
v 0.144389 2.877723 -0.188307
v 0.144844 2.877723 -0.188446
v 0.145734 2.877723 -0.188496
v 0.145311 2.877723 -0.188514
v 0.137903 2.858985 -0.188460
v 0.138372 2.858985 -0.188578
v 0.139275 2.858985 -0.188609
v 0.138848 2.858985 -0.188631
v 0.137498 2.858985 -0.188287
v 0.124006 2.896452 -0.181656
v 0.117916 2.877723 -0.177546
v 0.111827 2.858985 -0.173434
v 0.124187 2.896452 -0.182050
v 0.118097 2.877723 -0.177939
v 0.112008 2.858985 -0.173828
v 0.124783 2.896452 -0.182653
v 0.124455 2.896452 -0.182397
v 0.118694 2.877723 -0.178541
v 0.118365 2.877723 -0.178286
v 0.112604 2.858985 -0.174428
v 0.112276 2.858985 -0.174173
v 0.123940 2.896452 -0.181261
v 0.117851 2.877723 -0.177151
v 0.111760 2.858985 -0.173040
v 0.128930 2.896452 -0.177938
v 0.128675 2.896452 -0.177569
v 0.128503 2.896452 -0.177161
v 0.129243 2.896452 -0.178220
v 0.128440 2.896452 -0.176761
v 0.122840 2.877723 -0.173827
v 0.122585 2.877723 -0.173459
v 0.122414 2.877723 -0.173051
v 0.123153 2.877723 -0.174109
v 0.122351 2.877723 -0.172651
v 0.116751 2.858985 -0.169716
v 0.116495 2.858985 -0.169348
v 0.116323 2.858985 -0.168940
v 0.117064 2.858985 -0.169997
v 0.116260 2.858985 -0.168540
v 0.137541 2.858985 -0.183718
v 0.137929 2.858985 -0.183917
v 0.138383 2.858985 -0.184054
v 0.139273 2.858985 -0.184101
v 0.138850 2.858985 -0.184120
v -0.111760 2.858985 -0.173040
v -0.117851 2.877723 -0.177151
v -0.123940 2.896452 -0.181261
v -0.112276 2.858985 -0.174173
v -0.112604 2.858985 -0.174428
v -0.118365 2.877723 -0.178286
v -0.118694 2.877723 -0.178541
v -0.124455 2.896452 -0.182397
v -0.124783 2.896452 -0.182653
v -0.112008 2.858985 -0.173828
v -0.118097 2.877723 -0.177939
v -0.124187 2.896452 -0.182050
v -0.111827 2.858985 -0.173434
v -0.117916 2.877723 -0.177546
v -0.124006 2.896452 -0.181656
v -0.137498 2.858985 -0.188287
v -0.138848 2.858985 -0.188631
v -0.139275 2.858985 -0.188609
v -0.138372 2.858985 -0.188578
v -0.137903 2.858985 -0.188460
v -0.138850 2.858985 -0.184120
v -0.139273 2.858985 -0.184101
v -0.138383 2.858985 -0.184054
v -0.137929 2.858985 -0.183917
v -0.137541 2.858985 -0.183718
v -0.116260 2.858985 -0.168540
v -0.117064 2.858985 -0.169997
v -0.116323 2.858985 -0.168940
v -0.116495 2.858985 -0.169348
v -0.116751 2.858985 -0.169716
v -0.122351 2.877723 -0.172651
v -0.123153 2.877723 -0.174109
v -0.122414 2.877723 -0.173051
v -0.122585 2.877723 -0.173459
v -0.122840 2.877723 -0.173827
v -0.128440 2.896452 -0.176761
v -0.129243 2.896452 -0.178220
v -0.128503 2.896452 -0.177161
v -0.128675 2.896452 -0.177569
v -0.128930 2.896452 -0.177938
v -0.143960 2.877723 -0.192676
v -0.150421 2.896452 -0.197065
v -0.145309 2.877723 -0.193024
v -0.145736 2.877723 -0.193003
v -0.151770 2.896452 -0.197416
v -0.152197 2.896452 -0.197398
v -0.144832 2.877723 -0.192969
v -0.151294 2.896452 -0.197360
v -0.144364 2.877723 -0.192849
v -0.150825 2.896452 -0.197239
v -0.145311 2.877723 -0.188514
v -0.145734 2.877723 -0.188496
v -0.144844 2.877723 -0.188446
v -0.144389 2.877723 -0.188307
v -0.144001 2.877723 -0.188107
v -0.151772 2.896452 -0.192907
v -0.152196 2.896452 -0.192892
v -0.151304 2.896452 -0.192839
v -0.150849 2.896452 -0.192697
v -0.150462 2.896452 -0.192497
v -0.232608 2.858985 -0.172917
v -0.242969 2.877723 -0.177052
v -0.231620 2.858985 -0.173995
v -0.241980 2.877723 -0.178127
v -0.232529 2.858985 -0.173287
v -0.242891 2.877723 -0.177422
v -0.232318 2.858985 -0.173613
v -0.242680 2.877723 -0.177747
v -0.232004 2.858985 -0.173860
v -0.242366 2.877723 -0.177994
v -0.228108 2.858985 -0.168417
v -0.227122 2.858985 -0.169504
v -0.228030 2.858985 -0.168787
v -0.227819 2.858985 -0.169115
v -0.227506 2.858985 -0.169366
v -0.238469 2.877723 -0.172552
v -0.237482 2.877723 -0.173634
v -0.238392 2.877723 -0.172922
v -0.238181 2.877723 -0.173249
v -0.237866 2.877723 -0.173498
v -0.247843 2.896452 -0.177765
v -0.248542 2.896452 -0.177384
v -0.248228 2.896452 -0.177631
v -0.253331 2.896452 -0.181189
v -0.252341 2.896452 -0.182259
v -0.253254 2.896452 -0.181558
v -0.253041 2.896452 -0.181882
v -0.252726 2.896452 -0.182127
v -0.248832 2.896452 -0.176689
v -0.248754 2.896452 -0.177058
v 0.221642 2.840256 -0.169727
v 0.221956 2.840256 -0.169478
v 0.222168 2.840256 -0.169151
v 0.221259 2.840256 -0.169863
v 0.222245 2.840256 -0.168782
v 0.217145 2.840256 -0.165233
v 0.217457 2.840256 -0.164981
v 0.217668 2.840256 -0.164652
v 0.216761 2.840256 -0.165373
v 0.217745 2.840256 -0.164282
v 0.211281 2.821518 -0.165594
v 0.211595 2.821518 -0.165344
v 0.211805 2.821518 -0.165016
v 0.210898 2.821518 -0.165731
v 0.211883 2.821518 -0.164646
v 0.206783 2.821518 -0.161100
v 0.207095 2.821518 -0.160846
v 0.207306 2.821518 -0.160517
v 0.206402 2.821518 -0.161242
v 0.207383 2.821518 -0.160146
v 0.131442 2.840256 -0.184070
v 0.124981 2.821518 -0.179680
v 0.131911 2.840256 -0.184187
v 0.125451 2.821518 -0.179796
v 0.132814 2.840256 -0.184215
v 0.132387 2.840256 -0.184238
v 0.126354 2.821518 -0.179821
v 0.125927 2.821518 -0.179845
v 0.131037 2.840256 -0.183899
v 0.124576 2.821518 -0.179510
v 0.110661 2.840256 -0.165605
v 0.110406 2.840256 -0.165236
v 0.110233 2.840256 -0.164830
v 0.110974 2.840256 -0.165885
v 0.110170 2.840256 -0.164429
v 0.131080 2.840256 -0.179329
v 0.131468 2.840256 -0.179527
v 0.131923 2.840256 -0.179663
v 0.132812 2.840256 -0.179706
v 0.132389 2.840256 -0.179727
v 0.124618 2.821518 -0.174938
v 0.125007 2.821518 -0.175136
v 0.125462 2.821518 -0.175271
v 0.126350 2.821518 -0.175311
v 0.125929 2.821518 -0.175334
v 0.105737 2.840256 -0.169324
v 0.099646 2.821518 -0.165213
v 0.105917 2.840256 -0.169717
v 0.099828 2.821518 -0.165605
v 0.106516 2.840256 -0.170316
v 0.106186 2.840256 -0.170062
v 0.100426 2.821518 -0.166204
v 0.100097 2.821518 -0.165950
v 0.105670 2.840256 -0.168929
v 0.099580 2.821518 -0.164819
v 0.104571 2.821518 -0.161493
v 0.104315 2.821518 -0.161126
v 0.104144 2.821518 -0.160718
v 0.104884 2.821518 -0.161774
v 0.104080 2.821518 -0.160319
v -0.099580 2.821518 -0.164819
v -0.105670 2.840256 -0.168929
v -0.100097 2.821518 -0.165950
v -0.100426 2.821518 -0.166204
v -0.106186 2.840256 -0.170062
v -0.106516 2.840256 -0.170316
v -0.099828 2.821518 -0.165605
v -0.105917 2.840256 -0.169717
v -0.099646 2.821518 -0.165213
v -0.105737 2.840256 -0.169324
v -0.104080 2.821518 -0.160319
v -0.104884 2.821518 -0.161774
v -0.104144 2.821518 -0.160718
v -0.104315 2.821518 -0.161126
v -0.104571 2.821518 -0.161493
v -0.124576 2.821518 -0.179510
v -0.131037 2.840256 -0.183899
v -0.125927 2.821518 -0.179845
v -0.126354 2.821518 -0.179821
v -0.132387 2.840256 -0.184238
v -0.132814 2.840256 -0.184215
v -0.125451 2.821518 -0.179796
v -0.131911 2.840256 -0.184187
v -0.124981 2.821518 -0.179680
v -0.131442 2.840256 -0.184070
v -0.125929 2.821518 -0.175334
v -0.126350 2.821518 -0.175311
v -0.125462 2.821518 -0.175271
v -0.125007 2.821518 -0.175136
v -0.124618 2.821518 -0.174938
v -0.132389 2.840256 -0.179727
v -0.132812 2.840256 -0.179706
v -0.131923 2.840256 -0.179663
v -0.131468 2.840256 -0.179527
v -0.131080 2.840256 -0.179329
v -0.110170 2.840256 -0.164429
v -0.110974 2.840256 -0.165885
v -0.110233 2.840256 -0.164830
v -0.110406 2.840256 -0.165236
v -0.110661 2.840256 -0.165605
v -0.211883 2.821518 -0.164646
v -0.210898 2.821518 -0.165731
v -0.211805 2.821518 -0.165016
v -0.211595 2.821518 -0.165344
v -0.211281 2.821518 -0.165594
v -0.207383 2.821518 -0.160146
v -0.206402 2.821518 -0.161242
v -0.207306 2.821518 -0.160517
v -0.207095 2.821518 -0.160846
v -0.206783 2.821518 -0.161100
v -0.222245 2.840256 -0.168782
v -0.221259 2.840256 -0.169863
v -0.222168 2.840256 -0.169151
v -0.221956 2.840256 -0.169478
v -0.221642 2.840256 -0.169727
v -0.217745 2.840256 -0.164282
v -0.216761 2.840256 -0.165373
v -0.217668 2.840256 -0.164652
v -0.217457 2.840256 -0.164981
v -0.217145 2.840256 -0.165233
v 0.200920 2.802789 -0.161460
v 0.190559 2.784060 -0.157327
v 0.180197 2.765322 -0.153194
v 0.201233 2.802789 -0.161209
v 0.190871 2.784060 -0.157074
v 0.180509 2.765322 -0.152940
v 0.201443 2.802789 -0.160880
v 0.191082 2.784060 -0.156745
v 0.180719 2.765322 -0.152609
v 0.200536 2.802789 -0.161600
v 0.190175 2.784060 -0.157468
v 0.179815 2.765322 -0.153337
v 0.201521 2.802789 -0.160510
v 0.191159 2.784060 -0.156374
v 0.180796 2.765322 -0.152239
v 0.196422 2.802789 -0.156967
v 0.196734 2.802789 -0.156712
v 0.196944 2.802789 -0.156381
v 0.196041 2.802789 -0.157111
v 0.197021 2.802789 -0.156010
v 0.186062 2.784060 -0.152834
v 0.186372 2.784060 -0.152578
v 0.186582 2.784060 -0.152246
v 0.185680 2.784060 -0.152981
v 0.186659 2.784060 -0.151874
v 0.118521 2.802789 -0.175290
v 0.112060 2.784060 -0.170901
v 0.118990 2.802789 -0.175405
v 0.112530 2.784060 -0.171013
v 0.119893 2.802789 -0.175426
v 0.119466 2.802789 -0.175453
v 0.113432 2.784060 -0.171032
v 0.113006 2.784060 -0.171060
v 0.106545 2.765322 -0.166667
v 0.106970 2.765322 -0.166638
v 0.118115 2.802789 -0.175121
v 0.111654 2.784060 -0.170733
v 0.118158 2.802789 -0.170549
v 0.118546 2.802789 -0.170745
v 0.119002 2.802789 -0.170880
v 0.119889 2.802789 -0.170915
v 0.119468 2.802789 -0.170941
v 0.111697 2.784060 -0.166160
v 0.112086 2.784060 -0.166355
v 0.112540 2.784060 -0.166488
v 0.113428 2.784060 -0.166520
v 0.113007 2.784060 -0.166547
v 0.106967 2.765322 -0.162125
v 0.106546 2.765322 -0.162154
v 0.105599 2.765322 -0.166511
v 0.106069 2.765322 -0.166622
v 0.105193 2.765322 -0.166344
v 0.093557 2.802789 -0.161103
v 0.087466 2.784060 -0.156992
v 0.081376 2.765322 -0.152881
v 0.093738 2.802789 -0.161494
v 0.087648 2.784060 -0.157383
v 0.081559 2.765322 -0.153272
v 0.094337 2.802789 -0.162091
v 0.094008 2.802789 -0.161838
v 0.088248 2.784060 -0.157979
v 0.087918 2.784060 -0.157727
v 0.081829 2.765322 -0.153615
v 0.082159 2.765322 -0.153866
v 0.093490 2.802789 -0.160708
v 0.087400 2.784060 -0.156597
v 0.081310 2.765322 -0.152487
v 0.098482 2.802789 -0.157382
v 0.098226 2.802789 -0.157015
v 0.098053 2.802789 -0.156608
v 0.098795 2.802789 -0.157663
v 0.097990 2.802789 -0.156208
v 0.092392 2.784060 -0.153271
v 0.092136 2.784060 -0.152904
v 0.091963 2.784060 -0.152498
v 0.092705 2.784060 -0.153551
v 0.091900 2.784060 -0.152097
v 0.105237 2.765322 -0.161770
v 0.105626 2.765322 -0.161965
v 0.106080 2.765322 -0.162096
v -0.081310 2.765322 -0.152487
v -0.087400 2.784060 -0.156597
v -0.093490 2.802789 -0.160708
v -0.082159 2.765322 -0.153866
v -0.081829 2.765322 -0.153615
v -0.087918 2.784060 -0.157727
v -0.088248 2.784060 -0.157979
v -0.094008 2.802789 -0.161838
v -0.094337 2.802789 -0.162091
v -0.081559 2.765322 -0.153272
v -0.087648 2.784060 -0.157383
v -0.093738 2.802789 -0.161494
v -0.081376 2.765322 -0.152881
v -0.087466 2.784060 -0.156992
v -0.093557 2.802789 -0.161103
v -0.105193 2.765322 -0.166344
v -0.106069 2.765322 -0.166622
v -0.105599 2.765322 -0.166511
v -0.106080 2.765322 -0.162096
v -0.105626 2.765322 -0.161965
v -0.105237 2.765322 -0.161770
v -0.091900 2.784060 -0.152097
v -0.092705 2.784060 -0.153551
v -0.091963 2.784060 -0.152498
v -0.092136 2.784060 -0.152904
v -0.092392 2.784060 -0.153271
v -0.097990 2.802789 -0.156208
v -0.098795 2.802789 -0.157663
v -0.098053 2.802789 -0.156608
v -0.098226 2.802789 -0.157015
v -0.098482 2.802789 -0.157382
v -0.111654 2.784060 -0.170733
v -0.118115 2.802789 -0.175121
v -0.106970 2.765322 -0.166638
v -0.106545 2.765322 -0.166667
v -0.113006 2.784060 -0.171060
v -0.113432 2.784060 -0.171032
v -0.119466 2.802789 -0.175453
v -0.119893 2.802789 -0.175426
v -0.112530 2.784060 -0.171013
v -0.118990 2.802789 -0.175405
v -0.112060 2.784060 -0.170901
v -0.118521 2.802789 -0.175290
v -0.106546 2.765322 -0.162154
v -0.106967 2.765322 -0.162125
v -0.113007 2.784060 -0.166547
v -0.113428 2.784060 -0.166520
v -0.112540 2.784060 -0.166488
v -0.112086 2.784060 -0.166355
v -0.111697 2.784060 -0.166160
v -0.119468 2.802789 -0.170941
v -0.119889 2.802789 -0.170915
v -0.119002 2.802789 -0.170880
v -0.118546 2.802789 -0.170745
v -0.118158 2.802789 -0.170549
v -0.180796 2.765322 -0.152239
v -0.191159 2.784060 -0.156374
v -0.201521 2.802789 -0.160510
v -0.179815 2.765322 -0.153337
v -0.190175 2.784060 -0.157468
v -0.200536 2.802789 -0.161600
v -0.180719 2.765322 -0.152609
v -0.191082 2.784060 -0.156745
v -0.201443 2.802789 -0.160880
v -0.180509 2.765322 -0.152940
v -0.190871 2.784060 -0.157074
v -0.201233 2.802789 -0.161209
v -0.180197 2.765322 -0.153194
v -0.190559 2.784060 -0.157327
v -0.200920 2.802789 -0.161460
v -0.186659 2.784060 -0.151874
v -0.185680 2.784060 -0.152981
v -0.186582 2.784060 -0.152246
v -0.186372 2.784060 -0.152578
v -0.186062 2.784060 -0.152834
v -0.197021 2.802789 -0.156010
v -0.196041 2.802789 -0.157111
v -0.196944 2.802789 -0.156381
v -0.196734 2.802789 -0.156712
v -0.196422 2.802789 -0.156967
v 0.092336 2.727855 -0.157602
v 0.094013 2.727855 -0.157854
v 0.093607 2.727855 -0.157887
v 0.093156 2.727855 -0.157852
v 0.092714 2.727855 -0.157754
v 0.099139 2.746593 -0.162122
v 0.099608 2.746593 -0.162231
v 0.100084 2.746593 -0.162274
v 0.098732 2.746593 -0.161955
v 0.100509 2.746593 -0.162243
v 0.099590 2.746593 -0.157696
v 0.100505 2.746593 -0.157730
v 0.100084 2.746593 -0.157760
v 0.098776 2.746593 -0.157380
v 0.099165 2.746593 -0.157575
v 0.092704 2.727855 -0.153184
v 0.093159 2.727855 -0.153313
v 0.093624 2.727855 -0.153367
v 0.092316 2.727855 -0.152990
v 0.094044 2.727855 -0.153334
v -0.092336 2.727855 -0.157602
v -0.094013 2.727855 -0.157854
v -0.092714 2.727855 -0.157754
v -0.093156 2.727855 -0.157852
v -0.093607 2.727855 -0.157887
v -0.099139 2.746593 -0.162122
v -0.099608 2.746593 -0.162231
v -0.100084 2.746593 -0.162274
v -0.098732 2.746593 -0.161955
v -0.100509 2.746593 -0.162243
v -0.099590 2.746593 -0.157696
v -0.094044 2.727855 -0.153334
v -0.092316 2.727855 -0.152990
v -0.093624 2.727855 -0.153367
v -0.093159 2.727855 -0.153313
v -0.092704 2.727855 -0.153184
v -0.099165 2.746593 -0.157575
v -0.098776 2.746593 -0.157380
v -0.100084 2.746593 -0.157760
v -0.100505 2.746593 -0.157730
v 0.175700 2.765322 -0.148702
v 0.176010 2.765322 -0.148443
v 0.176220 2.765322 -0.148110
v 0.175320 2.765322 -0.148850
v 0.176296 2.765322 -0.147739
v 0.086302 2.765322 -0.149160
v 0.086046 2.765322 -0.148793
v 0.085873 2.765322 -0.148387
v 0.086616 2.765322 -0.149440
v 0.085810 2.765322 -0.147987
v -0.085810 2.765322 -0.147987
v -0.086616 2.765322 -0.149440
v -0.085873 2.765322 -0.148387
v -0.086046 2.765322 -0.148793
v -0.086302 2.765322 -0.149160
v -0.176296 2.765322 -0.147739
v -0.175320 2.765322 -0.148850
v -0.176220 2.765322 -0.148110
v -0.176010 2.765322 -0.148443
v -0.175700 2.765322 -0.148702
v 0.160072 2.727855 -0.143984
v 0.159189 2.727855 -0.145057
v 0.160003 2.727855 -0.144347
v 0.159814 2.727855 -0.144670
v 0.159533 2.727855 -0.144919
v 0.169835 2.746593 -0.149061
v 0.170148 2.746593 -0.148805
v 0.170357 2.746593 -0.148474
v 0.169454 2.746593 -0.149205
v 0.170435 2.746593 -0.148102
v 0.165339 2.746593 -0.144570
v 0.165649 2.746593 -0.144310
v 0.165857 2.746593 -0.143975
v 0.164959 2.746593 -0.144719
v 0.165935 2.746593 -0.143602
v 0.154978 2.727855 -0.140437
v 0.155287 2.727855 -0.140175
v 0.155496 2.727855 -0.139839
v 0.154599 2.727855 -0.140588
v 0.155572 2.727855 -0.139467
v 0.075286 2.746593 -0.148770
v 0.075469 2.746593 -0.149161
v 0.075739 2.746593 -0.149504
v 0.075220 2.746593 -0.148376
v 0.076070 2.746593 -0.149754
v 0.080212 2.746593 -0.145048
v 0.079956 2.746593 -0.144682
v 0.079783 2.746593 -0.144276
v 0.080526 2.746593 -0.145328
v 0.079720 2.746593 -0.143876
v 0.073693 2.727855 -0.140165
v 0.073866 2.727855 -0.140572
v 0.074123 2.727855 -0.140937
v 0.074437 2.727855 -0.141216
v 0.073630 2.727855 -0.139766
v 0.069130 2.727855 -0.144285
v 0.069923 2.727855 -0.145609
v 0.069614 2.727855 -0.145373
v 0.069362 2.727855 -0.145046
v 0.069192 2.727855 -0.144669
v -0.069130 2.727855 -0.144285
v -0.069923 2.727855 -0.145609
v -0.069192 2.727855 -0.144669
v -0.069362 2.727855 -0.145046
v -0.069614 2.727855 -0.145373
v -0.075286 2.746593 -0.148770
v -0.075469 2.746593 -0.149161
v -0.075739 2.746593 -0.149504
v -0.075220 2.746593 -0.148376
v -0.076070 2.746593 -0.149754
v -0.073630 2.727855 -0.139766
v -0.074437 2.727855 -0.141216
v -0.074123 2.727855 -0.140937
v -0.073866 2.727855 -0.140572
v -0.073693 2.727855 -0.140165
v -0.079720 2.746593 -0.143876
v -0.080526 2.746593 -0.145328
v -0.079783 2.746593 -0.144276
v -0.079956 2.746593 -0.144682
v -0.080212 2.746593 -0.145048
v -0.160072 2.727855 -0.143984
v -0.159189 2.727855 -0.145057
v -0.159533 2.727855 -0.144919
v -0.159814 2.727855 -0.144670
v -0.160003 2.727855 -0.144347
v -0.169835 2.746593 -0.149061
v -0.170148 2.746593 -0.148805
v -0.170357 2.746593 -0.148474
v -0.169454 2.746593 -0.149205
v -0.170435 2.746593 -0.148102
v -0.155572 2.727855 -0.139467
v -0.154599 2.727855 -0.140588
v -0.155496 2.727855 -0.139839
v -0.155287 2.727855 -0.140175
v -0.154978 2.727855 -0.140437
v -0.165935 2.746593 -0.143602
v -0.164959 2.746593 -0.144719
v -0.165857 2.746593 -0.143975
v -0.165649 2.746593 -0.144310
v -0.165339 2.746593 -0.144570
v 0.046058 2.655918 -0.115501
v 0.045746 2.656170 -0.115556
v 0.045380 2.656341 -0.115594
v 0.046099 2.656863 -0.115709
v 0.046091 2.656422 -0.115611
v 0.046150 2.655990 -0.115515
v 0.045286 2.655603 -0.129659
v 0.046617 2.656647 -0.129888
v 0.044997 2.656404 -0.128606
v 0.046178 2.657259 -0.128794
v 0.046178 2.657259 -0.115797
v 0.046274 2.655603 -0.115431
v 0.045000 2.656404 -0.115608
v -0.045380 2.656341 -0.115594
v -0.045746 2.656170 -0.115556
v -0.046058 2.655918 -0.115501
v -0.046150 2.655990 -0.115515
v -0.046091 2.656422 -0.115611
v -0.046099 2.656863 -0.115709
v -0.045296 2.655603 -0.129659
v -0.046644 2.656728 -0.129906
v -0.045000 2.656404 -0.128606
v -0.046173 2.657250 -0.128790
v -0.046274 2.655603 -0.115431
v -0.046178 2.657259 -0.115797
v -0.045000 2.656404 -0.115608
v 0.058054 2.627775 -0.134449
v 0.059621 2.629674 -0.134893
v 0.057562 2.629422 -0.134615
v 0.058907 2.630520 -0.134871
v 0.007371 2.629854 -0.134532
v 0.007776 2.629593 -0.134582
v 0.008218 2.629413 -0.134616
v 0.008648 2.629341 -0.134628
v 0.006560 2.628792 -0.134256
v 0.008181 2.627775 -0.134448
v 0.000475 2.638998 -0.132800
v 0.000893 2.638620 -0.132872
v 0.000758 2.637036 -0.132695
v 0.007057 2.630178 -0.134470
v -0.008218 2.629413 -0.134616
v -0.007776 2.629593 -0.134582
v -0.007371 2.629854 -0.134532
v -0.007057 2.630178 -0.134470
v -0.008648 2.629341 -0.134628
v -0.006574 2.628774 -0.134259
v -0.008179 2.627775 -0.134448
v -0.000475 2.638998 -0.132800
v -0.000000 2.639124 -0.132777
v -0.000893 2.638620 -0.132872
v -0.000719 2.637090 -0.132684
v -0.058049 2.627775 -0.134449
v -0.059691 2.629872 -0.134941
v -0.057539 2.629422 -0.134615
v -0.058941 2.630619 -0.134894
v 0.063645 2.553669 -0.092925
v 0.063314 2.553417 -0.092870
v 0.062896 2.553255 -0.092834
v 0.063171 2.553444 -0.092876
v 0.063347 2.553723 -0.092938
v 0.063452 2.553786 -0.092951
v 0.063562 2.553669 -0.092927
v 0.063712 2.553732 -0.092940
v 0.062498 2.554029 -0.106636
v 0.064193 2.555469 -0.106955
v 0.062550 2.553183 -0.105425
v 0.063903 2.554002 -0.105601
v 0.062550 2.553183 -0.092819
v 0.063397 2.554065 -0.093012
v 0.063886 2.553975 -0.092992
v 0.007079 2.553183 -0.105379
v 0.007517 2.553183 -0.105574
v 0.006715 2.553183 -0.105140
v 0.008402 2.553183 -0.105750
v 0.006536 2.554029 -0.106054
v 0.008161 2.554029 -0.106636
v 0.000474 2.553183 -0.100092
v 0.000891 2.553183 -0.100320
v 0.007977 2.553183 -0.105704
v 0.000719 2.554029 -0.101379
v -0.007079 2.553183 -0.105379
v -0.007517 2.553183 -0.105574
v -0.006715 2.553183 -0.105140
v -0.008402 2.553183 -0.105750
v -0.006542 2.554029 -0.106059
v -0.008162 2.554029 -0.106636
v -0.000000 2.553183 -0.100015
v -0.000474 2.553183 -0.100092
v -0.000740 2.554029 -0.101396
v -0.000891 2.553183 -0.100320
v -0.007977 2.553183 -0.105704
v -0.063314 2.553417 -0.092870
v -0.063645 2.553669 -0.092925
v -0.062935 2.553246 -0.092832
v -0.063347 2.553723 -0.092938
v -0.063171 2.553444 -0.092876
v -0.063712 2.553732 -0.092940
v -0.063562 2.553669 -0.092927
v -0.063452 2.553786 -0.092951
v -0.062498 2.554029 -0.106636
v -0.064128 2.555352 -0.106929
v -0.062550 2.553183 -0.105425
v -0.063886 2.553975 -0.105593
v -0.062550 2.553183 -0.092819
v -0.063886 2.553975 -0.092992
v -0.063397 2.554065 -0.093012
vt 0.5173750 0.5257831
vt 0.4826250 0.5257831
vt 0.4826250 0.5292847
vt 0.4976661 0.5293750
vt 0.4977842 0.5293622
vt 0.4979119 0.5293261
vt 0.4980336 0.5292719
vt 0.4981347 0.5292056
vt 0.4997525 0.5278667
vt 0.4998683 0.5278033
vt 0.5000000 0.5277819
vt 0.5002475 0.5278667
vt 0.5018653 0.5292056
vt 0.5019664 0.5292719
vt 0.5020881 0.5293261
vt 0.5022158 0.5293622
vt 0.5023339 0.5293750
vt 0.5173750 0.5292847
vt 0.5001317 0.5278033
vt 0.4871728 1.2381275
vt 0.4807972 1.2577375
vt 0.4741306 1.2577375
vt 0.4836375 1.2301700
vt 0.4871461 1.2376675
vt 0.4871806 1.2377750
vt 0.4871969 1.2378950
vt 0.4871947 1.2380175
vt 0.5163625 1.2301700
vt 0.5258694 1.2577375
vt 0.5192028 1.2577375
vt 0.5128272 1.2381275
vt 0.5128053 1.2380175
vt 0.5128031 1.2378950
vt 0.5128194 1.2377750
vt 0.5128539 1.2376675
vt 0.5177461 1.2094375
vt 0.5444644 1.2577375
vt 0.5176103 1.2094625
vt 0.5176256 1.2093850
vt 0.5176561 1.2093525
vt 0.5176978 1.2093700
vt 0.4555356 1.2577375
vt 0.4822539 1.2094375
vt 0.4823022 1.2093700
vt 0.4823439 1.2093525
vt 0.4823744 1.2093850
vt 0.4823897 1.2094625
vt 0.4824036 1.2093675
vt 0.4824525 1.2092900
vt 0.4825181 1.2092350
vt 0.4826250 1.2092175
vt 0.5173750 1.2092175
vt 0.5174711 1.2092375
vt 0.5175475 1.2092900
vt 0.5175964 1.2093675
vt 0.5127939 1.2377550
vt 0.5127072 1.2378250
vt 0.5126056 1.2378725
vt 0.5125000 1.2378900
vt 0.4875000 1.2378900
vt 0.4873944 1.2378725
vt 0.4872928 1.2378250
vt 0.4872061 1.2377550
vt 0.4741306 0.4635047
vt 0.4567856 0.4612592
vt 0.4567856 0.4635047
vt 0.4568067 0.4611558
vt 0.4568647 0.4610625
vt 0.4569506 0.4609897
vt 0.4570558 0.4609478
vt 0.4738767 0.4574072
vt 0.4739933 0.4573981
vt 0.4741225 0.4574131
vt 0.4742489 0.4574489
vt 0.4743567 0.4575028
vt 0.4793231 0.4607733
vt 0.4794103 0.4608508
vt 0.4794817 0.4609522
vt 0.4795297 0.4610653
vt 0.4795472 0.4611761
vt 0.4795472 0.4635047
vt 0.4526000 0.4497208
vt 0.4212500 0.4462514
vt 0.4212500 0.4497208
vt 0.4212561 0.4462214
vt 0.4212661 0.4462069
vt 0.4212867 0.4461911
vt 0.4213333 0.4461758
vt 0.4523636 0.4417569
vt 0.4524486 0.4417542
vt 0.4525450 0.4417664
vt 0.4526403 0.4417919
vt 0.4527228 0.4418283
vt 0.4601264 0.4460458
vt 0.4601781 0.4460861
vt 0.4602161 0.4461361
vt 0.4602406 0.4461900
vt 0.4602500 0.4462467
vt 0.4602500 0.4497208
vt 0.4526000 1.3201725
vt 0.4543914 1.3149775
vt 0.4621889 1.3149775
vt 0.4605772 1.3199325
vt 0.4605275 1.3200250
vt 0.4604494 1.3201025
vt 0.4603536 1.3201525
vt 0.4602500 1.3201725
vt 0.4212500 1.3201725
vt 0.4211622 1.3201550
vt 0.4211089 1.3201075
vt 0.4210936 1.3200375
vt 0.4211211 1.3199525
vt 0.4238736 1.3149775
vt 0.4543914 0.5491322
vt 0.4251236 0.5491322
vt 0.4251236 0.5513778
vt 0.4251450 0.5514803
vt 0.4252039 0.5515700
vt 0.4252917 0.5516381
vt 0.4253989 0.5516739
vt 0.4541339 0.5560228
vt 0.4542517 0.5560261
vt 0.4543817 0.5560061
vt 0.4545083 0.5559661
vt 0.4546158 0.5559103
vt 0.4607161 0.5517897
vt 0.4608028 0.5517111
vt 0.4608736 0.5516089
vt 0.4609211 0.5514953
vt 0.4609389 0.5513839
vt 0.4609389 0.5491322
vt 0.4724614 0.5450339
vt 0.4725744 0.5449875
vt 0.4724817 0.5450181
vt 0.4723547 0.5449533
vt 0.4723361 0.5448661
vt 0.4723161 0.5449594
vt 0.4721803 0.5450667
vt 0.4720808 0.5450675
vt 0.4721989 0.5450761
vt 0.4723311 0.5450642
vt 0.4724061 0.5450050
vt 0.4722611 0.5450286
vt 0.4791056 0.5412156
vt 0.4791056 0.5376442
vt 0.4778556 0.5376442
vt 0.4778556 0.5399656
vt 0.4778381 0.5400767
vt 0.4777900 0.5401894
vt 0.4777189 0.5402911
vt 0.4776317 0.5403689
vt 0.4725622 0.5437167
vt 0.4724542 0.5437708
vt 0.4723361 0.5438044
vt 0.4788694 0.5415983
vt 0.4789614 0.5415289
vt 0.4790364 0.5414336
vt 0.4790872 0.5413250
vt 0.4539069 0.5376442
vt 0.4526569 0.5376442
vt 0.4526569 0.5411394
vt 0.4526786 0.5412428
vt 0.4527367 0.5413347
vt 0.4528236 0.5414058
vt 0.4529294 0.5414458
vt 0.4721989 0.5438222
vt 0.4720819 0.5438139
vt 0.4541781 0.5401997
vt 0.4539069 0.5398894
vt 0.4540725 0.5401583
vt 0.4539864 0.5400861
vt 0.4539286 0.5399931
vt 0.4773956 0.4575331
vt 0.4774139 0.4612069
vt 0.4774139 0.4576425
vt 0.4761639 0.4612069
vt 0.4761639 0.4588925
vt 0.4761464 0.4587814
vt 0.4760983 0.4586686
vt 0.4760272 0.4585667
vt 0.4759400 0.4584889
vt 0.4707675 0.4550639
vt 0.4706594 0.4550097
vt 0.4510289 0.4589614
vt 0.4497789 0.4612069
vt 0.4510289 0.4612069
vt 0.4497789 0.4577114
vt 0.4498003 0.4576086
vt 0.4498586 0.4575167
vt 0.4499453 0.4574461
vt 0.4500514 0.4574064
vt 0.4704042 0.4537036
vt 0.4702861 0.4537117
vt 0.4705364 0.4537161
vt 0.4706669 0.4537469
vt 0.4707797 0.4537933
vt 0.4772697 0.4573292
vt 0.4771781 0.4572594
vt 0.4773447 0.4574244
vt 0.4705333 0.4549733
vt 0.4704039 0.4549572
vt 0.4702869 0.4549653
vt 0.4513000 0.4586528
vt 0.4510500 0.4588583
vt 0.4511944 0.4586939
vt 0.4511083 0.4587658
vt 0.4757222 0.5434992
vt 0.4757222 0.5399417
vt 0.4744722 0.5399417
vt 0.4744722 0.5422492
vt 0.4744547 0.5423606
vt 0.4744067 0.5424733
vt 0.4743356 0.5425753
vt 0.4742486 0.5426531
vt 0.4689731 0.5461556
vt 0.4688650 0.5462097
vt 0.4481503 0.5421872
vt 0.4481503 0.5399417
vt 0.4469003 0.5399417
vt 0.4469003 0.5434372
vt 0.4469217 0.5435403
vt 0.4469803 0.5436317
vt 0.4470669 0.5437019
vt 0.4471736 0.5437411
vt 0.4684911 0.5475089
vt 0.4686094 0.5475167
vt 0.4687417 0.5475036
vt 0.4688722 0.5474725
vt 0.4689850 0.5474258
vt 0.4754867 0.5438831
vt 0.4755783 0.5438131
vt 0.4756533 0.5437175
vt 0.4757039 0.5436089
vt 0.4687389 0.5462467
vt 0.4686092 0.5462631
vt 0.4684922 0.5462556
vt 0.4484222 0.5424947
vt 0.4481717 0.5422906
vt 0.4483161 0.5424539
vt 0.4482300 0.5423828
vt 0.4740119 0.4552492
vt 0.4740306 0.4589094
vt 0.4740306 0.4553589
vt 0.4727806 0.4589094
vt 0.4727806 0.4566089
vt 0.4727631 0.4564978
vt 0.4727150 0.4563847
vt 0.4726439 0.4562828
vt 0.4725569 0.4562047
vt 0.4671783 0.4526253
vt 0.4670706 0.4525708
vt 0.4452719 0.4566639
vt 0.4440219 0.4589094
vt 0.4452719 0.4589094
vt 0.4440219 0.4554139
vt 0.4440436 0.4553111
vt 0.4441019 0.4552197
vt 0.4441889 0.4551500
vt 0.4442956 0.4551111
vt 0.4668150 0.4512631
vt 0.4666964 0.4512706
vt 0.4669472 0.4512764
vt 0.4670775 0.4513083
vt 0.4671903 0.4513553
vt 0.4738867 0.4550450
vt 0.4737953 0.4549747
vt 0.4739617 0.4551406
vt 0.4669439 0.4525333
vt 0.4668144 0.4525164
vt 0.4666975 0.4525236
vt 0.4455442 0.4563581
vt 0.4452933 0.4565608
vt 0.4454383 0.4563981
vt 0.4453517 0.4564689
vt 0.4723389 0.5457831
vt 0.4723389 0.5422394
vt 0.4710889 0.5422394
vt 0.4710889 0.5445331
vt 0.4710711 0.5446439
vt 0.4710236 0.5447572
vt 0.4709525 0.5448592
vt 0.4708656 0.5449372
vt 0.4653839 0.5485939
vt 0.4652758 0.5486489
vt 0.4423936 0.5444850
vt 0.4423936 0.5422394
vt 0.4411436 0.5422394
vt 0.4411436 0.5457350
vt 0.4411653 0.5458378
vt 0.4412236 0.5459289
vt 0.4413108 0.5459983
vt 0.4414172 0.5460364
vt 0.4649017 0.5499503
vt 0.4650203 0.5499569
vt 0.4651525 0.5499433
vt 0.4652831 0.5499111
vt 0.4653956 0.5498639
vt 0.4721039 0.5461678
vt 0.4721953 0.5460972
vt 0.4722700 0.5460014
vt 0.4723206 0.5458925
vt 0.4651494 0.5486864
vt 0.4650197 0.5487039
vt 0.4649028 0.5486975
vt 0.4426661 0.5447894
vt 0.4424150 0.5445881
vt 0.4425603 0.5447500
vt 0.4424736 0.5446794
vt 0.4706286 0.4529656
vt 0.4706472 0.4566117
vt 0.4706472 0.4530753
vt 0.4693972 0.4566117
vt 0.4693972 0.4543253
vt 0.4693797 0.4542139
vt 0.4693317 0.4541011
vt 0.4692608 0.4539986
vt 0.4691739 0.4539208
vt 0.4635889 0.4501864
vt 0.4634811 0.4501314
vt 0.4395153 0.4543661
vt 0.4382653 0.4566117
vt 0.4395153 0.4566117
vt 0.4382653 0.4531161
vt 0.4382867 0.4530136
vt 0.4383456 0.4529228
vt 0.4384328 0.4528536
vt 0.4385392 0.4528158
vt 0.4632258 0.4488228
vt 0.4631072 0.4488292
vt 0.4633581 0.4488369
vt 0.4634883 0.4488694
vt 0.4636008 0.4489169
vt 0.4705039 0.4527606
vt 0.4704122 0.4526900
vt 0.4705786 0.4528564
vt 0.4633547 0.4500936
vt 0.4632253 0.4500758
vt 0.4631078 0.4500817
vt 0.4397886 0.4540631
vt 0.4395367 0.4542633
vt 0.4396819 0.4541019
vt 0.4395953 0.4541719
vt 0.4689556 0.5480667
vt 0.4689556 0.5445369
vt 0.4677056 0.5445369
vt 0.4677056 0.5468167
vt 0.4676881 0.5469278
vt 0.4676403 0.5470411
vt 0.4675692 0.5471433
vt 0.4674822 0.5472214
vt 0.4617942 0.5510328
vt 0.4616864 0.5510881
vt 0.4366367 0.5467825
vt 0.4366367 0.5445369
vt 0.4353867 0.5445369
vt 0.4353867 0.5480325
vt 0.4354086 0.5481353
vt 0.4354672 0.5482258
vt 0.4355544 0.5482944
vt 0.4356611 0.5483319
vt 0.4613125 0.5523914
vt 0.4614311 0.5523975
vt 0.4615633 0.5523828
vt 0.4616936 0.5523500
vt 0.4618061 0.5523019
vt 0.4687211 0.5484522
vt 0.4688122 0.5483814
vt 0.4688867 0.5482856
vt 0.4689369 0.5481761
vt 0.4615603 0.5511261
vt 0.4614306 0.5511444
vt 0.4613131 0.5511392
vt 0.4369106 0.5470844
vt 0.4366583 0.5468853
vt 0.4368039 0.5470461
vt 0.4367169 0.5469764
vt 0.4672456 0.4506817
vt 0.4672636 0.4543139
vt 0.4672636 0.4507914
vt 0.4660136 0.4543139
vt 0.4660136 0.4520414
vt 0.4659961 0.4519303
vt 0.4659486 0.4518169
vt 0.4658778 0.4517147
vt 0.4657908 0.4516364
vt 0.4599997 0.4477481
vt 0.4598919 0.4476925
vt 0.4337586 0.4520689
vt 0.4325086 0.4543139
vt 0.4337586 0.4543139
vt 0.4325086 0.4508189
vt 0.4325303 0.4507161
vt 0.4325889 0.4506258
vt 0.4326761 0.4505572
vt 0.4327833 0.4505203
vt 0.4596364 0.4463822
vt 0.4595178 0.4463881
vt 0.4597689 0.4463975
vt 0.4598989 0.4464308
vt 0.4600111 0.4464789
vt 0.4671208 0.4504761
vt 0.4670294 0.4504053
vt 0.4671953 0.4505725
vt 0.4597656 0.4476539
vt 0.4596358 0.4476350
vt 0.4595183 0.4476400
vt 0.4340328 0.4517683
vt 0.4337800 0.4519661
vt 0.4339261 0.4518061
vt 0.4338386 0.4518753
vt 0.4655722 0.5503503
vt 0.4655722 0.5468347
vt 0.4643222 0.5468347
vt 0.4643222 0.5491003
vt 0.4643047 0.5492114
vt 0.4642569 0.5493247
vt 0.4641861 0.5494272
vt 0.4640992 0.5495056
vt 0.4582050 0.5534714
vt 0.4580975 0.5535269
vt 0.4308800 0.5490803
vt 0.4308800 0.5468347
vt 0.4296303 0.5468347
vt 0.4296303 0.5503303
vt 0.4296517 0.5504328
vt 0.4297108 0.5505228
vt 0.4297983 0.5505908
vt 0.4299053 0.5506275
vt 0.4577231 0.5548328
vt 0.4578417 0.5548378
vt 0.4579739 0.5548222
vt 0.4581042 0.5547886
vt 0.4582164 0.5547403
vt 0.4653381 0.5507369
vt 0.4654292 0.5506658
vt 0.4655036 0.5505694
vt 0.4655539 0.5504600
vt 0.4579711 0.5535664
vt 0.4578411 0.5535853
vt 0.4577233 0.5535811
vt 0.4311547 0.5493792
vt 0.4309017 0.5491828
vt 0.4310478 0.5493419
vt 0.4309606 0.5492733
vt 0.4638619 0.4483981
vt 0.4638806 0.4520164
vt 0.4638806 0.4485078
vt 0.4626306 0.4520164
vt 0.4626306 0.4497578
vt 0.4626131 0.4496464
vt 0.4625653 0.4495333
vt 0.4624944 0.4494308
vt 0.4624078 0.4493522
vt 0.4564106 0.4453092
vt 0.4563028 0.4452536
vt 0.4280017 0.4497711
vt 0.4267517 0.4520164
vt 0.4280017 0.4520164
vt 0.4267517 0.4485211
vt 0.4267736 0.4484186
vt 0.4268325 0.4483289
vt 0.4269200 0.4482611
vt 0.4270272 0.4482247
vt 0.4560469 0.4439419
vt 0.4559283 0.4439467
vt 0.4561794 0.4439581
vt 0.4563094 0.4439919
vt 0.4564217 0.4440408
vt 0.4637378 0.4481919
vt 0.4636467 0.4481206
vt 0.4638119 0.4482886
vt 0.4561761 0.4452139
vt 0.4560461 0.4451942
vt 0.4559286 0.4451981
vt 0.4282767 0.4494733
vt 0.4280233 0.4496686
vt 0.4281697 0.4495100
vt 0.4280822 0.4495783
vt 0.5432144 0.5387408
vt 0.5432144 0.5364953
vt 0.5258694 0.5364953
vt 0.5204528 0.5364953
vt 0.5204528 0.5388239
vt 0.5204703 0.5389347
vt 0.5205183 0.5390478
vt 0.5205897 0.5391492
vt 0.5206769 0.5392267
vt 0.5256433 0.5424972
vt 0.5257511 0.5425511
vt 0.5258775 0.5425869
vt 0.5260067 0.5426019
vt 0.5261233 0.5425928
vt 0.5429442 0.5390522
vt 0.5430494 0.5390103
vt 0.5431353 0.5389375
vt 0.5431933 0.5388442
vt 0.5394228 1.3199325
vt 0.5378111 1.3149775
vt 0.5456086 1.3149775
vt 0.5474000 1.3201725
vt 0.5397500 1.3201725
vt 0.5396464 1.3201525
vt 0.5395506 1.3201025
vt 0.5394725 1.3200250
vt 0.5788378 1.3201550
vt 0.5787500 1.3201725
vt 0.5761264 1.3149775
vt 0.5788789 1.3199525
vt 0.5789064 1.3200375
vt 0.5788911 1.3201075
vt 0.5748550 0.5514803
vt 0.5748764 0.5513778
vt 0.5748764 0.5491322
vt 0.5456086 0.5491322
vt 0.5390611 0.5491322
vt 0.5390611 0.5513839
vt 0.5390789 0.5514953
vt 0.5391264 0.5516089
vt 0.5391972 0.5517111
vt 0.5392839 0.5517897
vt 0.5453842 0.5559103
vt 0.5454917 0.5559661
vt 0.5456183 0.5560061
vt 0.5457483 0.5560261
vt 0.5458661 0.5560228
vt 0.5746011 0.5516739
vt 0.5747083 0.5516381
vt 0.5747961 0.5515700
vt 0.5275183 0.5450181
vt 0.5274256 0.5449875
vt 0.5275386 0.5450339
vt 0.5276839 0.5449594
vt 0.5276639 0.5448661
vt 0.5276453 0.5449533
vt 0.5278011 0.5450761
vt 0.5279192 0.5450675
vt 0.5278197 0.5450667
vt 0.5277389 0.5450286
vt 0.5275939 0.5450050
vt 0.5276689 0.5450642
vt 0.5221444 0.5399656
vt 0.5221444 0.5376442
vt 0.5208944 0.5376442
vt 0.5208944 0.5412156
vt 0.5209128 0.5413250
vt 0.5209636 0.5414336
vt 0.5210386 0.5415289
vt 0.5211306 0.5415983
vt 0.5276639 0.5438044
vt 0.5275458 0.5437708
vt 0.5274378 0.5437167
vt 0.5223683 0.5403689
vt 0.5221619 0.5400767
vt 0.5222811 0.5402911
vt 0.5222100 0.5401894
vt 0.5473214 0.5412428
vt 0.5473431 0.5411394
vt 0.5473431 0.5376442
vt 0.5460931 0.5376442
vt 0.5460931 0.5398894
vt 0.5460714 0.5399931
vt 0.5460136 0.5400861
vt 0.5459275 0.5401583
vt 0.5458219 0.5401997
vt 0.5279181 0.5438139
vt 0.5278011 0.5438222
vt 0.5470706 0.5414458
vt 0.5471764 0.5414058
vt 0.5472633 0.5413347
vt 0.5238361 0.4612069
vt 0.5225861 0.4576425
vt 0.5225861 0.4612069
vt 0.5226044 0.4575331
vt 0.5226553 0.4574244
vt 0.5227303 0.4573292
vt 0.5228219 0.4572594
vt 0.5293331 0.4537469
vt 0.5292203 0.4537933
vt 0.5294636 0.4537161
vt 0.5295958 0.4537036
vt 0.5297139 0.4537117
vt 0.5500547 0.4574461
vt 0.5499486 0.4574064
vt 0.5501414 0.4575167
vt 0.5501997 0.4576086
vt 0.5502211 0.4577114
vt 0.5489711 0.4612069
vt 0.5502211 0.4612069
vt 0.5489711 0.4589614
vt 0.5489500 0.4588583
vt 0.5488917 0.4587658
vt 0.5488056 0.4586939
vt 0.5487000 0.4586528
vt 0.5297131 0.4549653
vt 0.5238361 0.4588925
vt 0.5295961 0.4549572
vt 0.5294667 0.4549733
vt 0.5293406 0.4550097
vt 0.5292325 0.4550639
vt 0.5240600 0.4584889
vt 0.5238536 0.4587814
vt 0.5239728 0.4585667
vt 0.5239017 0.4586686
vt 0.5255278 0.5422492
vt 0.5255278 0.5399417
vt 0.5242778 0.5399417
vt 0.5242778 0.5434992
vt 0.5242961 0.5436089
vt 0.5243467 0.5437175
vt 0.5244217 0.5438131
vt 0.5245133 0.5438831
vt 0.5310150 0.5474258
vt 0.5311278 0.5474725
vt 0.5312583 0.5475036
vt 0.5313906 0.5475167
vt 0.5315089 0.5475089
vt 0.5528264 0.5437411
vt 0.5529331 0.5437019
vt 0.5530197 0.5436317
vt 0.5530783 0.5435403
vt 0.5530997 0.5434372
vt 0.5530997 0.5399417
vt 0.5518497 0.5399417
vt 0.5518497 0.5421872
vt 0.5518283 0.5422906
vt 0.5517700 0.5423828
vt 0.5516839 0.5424539
vt 0.5515778 0.5424947
vt 0.5315078 0.5462556
vt 0.5255453 0.5423606
vt 0.5313908 0.5462631
vt 0.5312611 0.5462467
vt 0.5311350 0.5462097
vt 0.5310269 0.5461556
vt 0.5257514 0.5426531
vt 0.5255933 0.5424733
vt 0.5256644 0.5425753
vt 0.5272194 0.4589094
vt 0.5259694 0.4553589
vt 0.5259694 0.4589094
vt 0.5259881 0.4552492
vt 0.5260383 0.4551406
vt 0.5261133 0.4550450
vt 0.5262047 0.4549747
vt 0.5329225 0.4513083
vt 0.5328097 0.4513553
vt 0.5330528 0.4512764
vt 0.5331850 0.4512631
vt 0.5333036 0.4512706
vt 0.5558111 0.4551500
vt 0.5557044 0.4551111
vt 0.5558981 0.4552197
vt 0.5559564 0.4553111
vt 0.5559781 0.4554139
vt 0.5547281 0.4589094
vt 0.5559781 0.4589094
vt 0.5547281 0.4566639
vt 0.5547067 0.4565608
vt 0.5546483 0.4564689
vt 0.5545617 0.4563981
vt 0.5544558 0.4563581
vt 0.5333025 0.4525236
vt 0.5272194 0.4566089
vt 0.5331856 0.4525164
vt 0.5330561 0.4525333
vt 0.5329294 0.4525708
vt 0.5328217 0.4526253
vt 0.5274431 0.4562047
vt 0.5272369 0.4564978
vt 0.5273561 0.4562828
vt 0.5272850 0.4563847
vt 0.5289111 0.5445331
vt 0.5289111 0.5422394
vt 0.5276611 0.5422394
vt 0.5276611 0.5457831
vt 0.5276794 0.5458925
vt 0.5277300 0.5460014
vt 0.5278047 0.5460972
vt 0.5278961 0.5461678
vt 0.5346044 0.5498639
vt 0.5347169 0.5499111
vt 0.5348475 0.5499433
vt 0.5349797 0.5499569
vt 0.5350983 0.5499503
vt 0.5585828 0.5460364
vt 0.5586892 0.5459983
vt 0.5587764 0.5459289
vt 0.5588347 0.5458378
vt 0.5588564 0.5457350
vt 0.5588564 0.5422394
vt 0.5576064 0.5422394
vt 0.5576064 0.5444850
vt 0.5575850 0.5445881
vt 0.5575264 0.5446794
vt 0.5574397 0.5447500
vt 0.5573339 0.5447894
vt 0.5350972 0.5486975
vt 0.5289289 0.5446439
vt 0.5349803 0.5487039
vt 0.5348506 0.5486864
vt 0.5347242 0.5486489
vt 0.5346161 0.5485939
vt 0.5291344 0.5449372
vt 0.5289764 0.5447572
vt 0.5290475 0.5448592
vt 0.5306028 0.4566117
vt 0.5293528 0.4530753
vt 0.5293528 0.4566117
vt 0.5293714 0.4529656
vt 0.5294214 0.4528564
vt 0.5294961 0.4527606
vt 0.5295878 0.4526900
vt 0.5365117 0.4488694
vt 0.5363992 0.4489169
vt 0.5366419 0.4488369
vt 0.5367742 0.4488228
vt 0.5368928 0.4488292
vt 0.5615672 0.4528536
vt 0.5614608 0.4528158
vt 0.5616544 0.4529228
vt 0.5617133 0.4530136
vt 0.5617347 0.4531161
vt 0.5604847 0.4566117
vt 0.5617347 0.4566117
vt 0.5604847 0.4543661
vt 0.5604633 0.4542633
vt 0.5604047 0.4541719
vt 0.5603181 0.4541019
vt 0.5602114 0.4540631
vt 0.5368922 0.4500817
vt 0.5306028 0.4543253
vt 0.5367747 0.4500758
vt 0.5366453 0.4500936
vt 0.5365189 0.4501314
vt 0.5364111 0.4501864
vt 0.5308261 0.4539208
vt 0.5306203 0.4542139
vt 0.5307392 0.4539986
vt 0.5306683 0.4541011
vt 0.5322944 0.5468167
vt 0.5322944 0.5445369
vt 0.5310444 0.5445369
vt 0.5310444 0.5480667
vt 0.5310631 0.5481761
vt 0.5311133 0.5482856
vt 0.5311878 0.5483814
vt 0.5312789 0.5484522
vt 0.5381939 0.5523019
vt 0.5383064 0.5523500
vt 0.5384367 0.5523828
vt 0.5385689 0.5523975
vt 0.5386875 0.5523914
vt 0.5643389 0.5483319
vt 0.5644456 0.5482944
vt 0.5645328 0.5482258
vt 0.5645914 0.5481353
vt 0.5646133 0.5480325
vt 0.5646133 0.5445369
vt 0.5633633 0.5445369
vt 0.5633633 0.5467825
vt 0.5633417 0.5468853
vt 0.5632831 0.5469764
vt 0.5631961 0.5470461
vt 0.5630894 0.5470844
vt 0.5386869 0.5511392
vt 0.5323119 0.5469278
vt 0.5385694 0.5511444
vt 0.5384397 0.5511261
vt 0.5383136 0.5510881
vt 0.5382058 0.5510328
vt 0.5325178 0.5472214
vt 0.5323597 0.5470411
vt 0.5324308 0.5471433
vt 0.5339864 0.4543139
vt 0.5327364 0.4507914
vt 0.5327364 0.4543139
vt 0.5327544 0.4506817
vt 0.5328047 0.4505725
vt 0.5328792 0.4504761
vt 0.5329706 0.4504053
vt 0.5401011 0.4464308
vt 0.5399889 0.4464789
vt 0.5402311 0.4463975
vt 0.5403636 0.4463822
vt 0.5404822 0.4463881
vt 0.5673239 0.4505572
vt 0.5672167 0.4505203
vt 0.5674111 0.4506258
vt 0.5674697 0.4507161
vt 0.5674914 0.4508189
vt 0.5662414 0.4543139
vt 0.5674914 0.4543139
vt 0.5662414 0.4520689
vt 0.5662200 0.4519661
vt 0.5661614 0.4518753
vt 0.5660739 0.4518061
vt 0.5659672 0.4517683
vt 0.5404817 0.4476400
vt 0.5339864 0.4520414
vt 0.5403642 0.4476350
vt 0.5402344 0.4476539
vt 0.5401081 0.4476925
vt 0.5400003 0.4477481
vt 0.5342092 0.4516364
vt 0.5340039 0.4519303
vt 0.5341222 0.4517147
vt 0.5340514 0.4518169
vt 0.5356778 0.5491003
vt 0.5356778 0.5468347
vt 0.5344278 0.5468347
vt 0.5344278 0.5503503
vt 0.5344461 0.5504600
vt 0.5344964 0.5505694
vt 0.5345708 0.5506658
vt 0.5346619 0.5507369
vt 0.5417836 0.5547403
vt 0.5418958 0.5547886
vt 0.5420261 0.5548222
vt 0.5421583 0.5548378
vt 0.5422769 0.5548328
vt 0.5700947 0.5506275
vt 0.5702017 0.5505908
vt 0.5702892 0.5505228
vt 0.5703483 0.5504328
vt 0.5703697 0.5503303
vt 0.5703697 0.5468347
vt 0.5691200 0.5468347
vt 0.5691200 0.5490803
vt 0.5690983 0.5491828
vt 0.5690394 0.5492733
vt 0.5689522 0.5493419
vt 0.5688453 0.5493792
vt 0.5422767 0.5535811
vt 0.5356953 0.5492114
vt 0.5421589 0.5535853
vt 0.5420289 0.5535664
vt 0.5419025 0.5535269
vt 0.5417950 0.5534714
vt 0.5359008 0.5495056
vt 0.5357431 0.5493247
vt 0.5358139 0.5494272
vt 0.5373694 0.4520164
vt 0.5361194 0.4485078
vt 0.5361194 0.4520164
vt 0.5361381 0.4483981
vt 0.5361881 0.4482886
vt 0.5362622 0.4481919
vt 0.5363533 0.4481206
vt 0.5436906 0.4439919
vt 0.5435783 0.4440408
vt 0.5438206 0.4439581
vt 0.5439531 0.4439419
vt 0.5440717 0.4439467
vt 0.5730800 0.4482611
vt 0.5729728 0.4482247
vt 0.5731675 0.4483289
vt 0.5732264 0.4484186
vt 0.5732483 0.4485211
vt 0.5719983 0.4520164
vt 0.5732483 0.4520164
vt 0.5719983 0.4497711
vt 0.5719767 0.4496686
vt 0.5719178 0.4495783
vt 0.5718303 0.4495100
vt 0.5717233 0.4494733
vt 0.5440714 0.4451981
vt 0.5373694 0.4497578
vt 0.5439539 0.4451942
vt 0.5438239 0.4452139
vt 0.5436972 0.4452536
vt 0.5435894 0.4453092
vt 0.5375922 0.4493522
vt 0.5373869 0.4496464
vt 0.5375056 0.4494308
vt 0.5374347 0.4495333
vt 0.5787439 0.4462214
vt 0.5787500 0.4497208
vt 0.5787500 0.4462514
vt 0.5474000 0.4497208
vt 0.5397500 0.4497208
vt 0.5397500 0.4462467
vt 0.5397594 0.4461900
vt 0.5397839 0.4461361
vt 0.5398219 0.4460861
vt 0.5398736 0.4460458
vt 0.5472772 0.4418283
vt 0.5473597 0.4417919
vt 0.5474550 0.4417664
vt 0.5475514 0.4417542
vt 0.5476364 0.4417569
vt 0.5786667 0.4461758
vt 0.5787133 0.4461911
vt 0.5787339 0.4462069
vt 0.4975978 1.2303725
vt 0.4874206 1.2376675
vt 0.4840106 1.2303950
vt 0.5159831 1.2303950
vt 0.5125822 1.2376675
vt 0.5022828 1.2303925
vt 0.5024022 1.2303725
vt 0.5021600 1.2304425
vt 0.5020475 1.2305150
vt 0.5019603 1.2306050
vt 0.5002481 1.2329500
vt 0.5001319 1.2330550
vt 0.5000000 1.2330900
vt 0.4997519 1.2329500
vt 0.4979525 1.2305150
vt 0.4980397 1.2306050
vt 0.4978400 1.2304425
vt 0.4977172 1.2303925
vt 0.4998681 1.2330550
vt 0.4651583 1.2837550
vt 0.4633636 1.2889600
vt 0.4594500 1.2888500
vt 0.4594500 1.2838000
vt 0.4580500 1.2838000
vt 0.4580500 1.2888500
vt 0.4382653 1.2889600
vt 0.4411436 1.2837550
vt 0.5617347 1.2889600
vt 0.5366364 1.2889600
vt 0.5405500 1.2888500
vt 0.5419500 1.2888500
vt 0.5419500 1.2838000
vt 0.5405500 1.2838000
vt 0.5348417 1.2837550
vt 0.5588564 1.2837550
vt 0.5175872 1.2092825
vt 0.4823208 1.2093525
vt 0.4822539 1.2094375
vt 0.4823022 1.2093700
vt 0.5176978 1.2093700
vt 0.5177461 1.2094375
vt 0.5176792 1.2093525
vt 0.4824128 1.2092825
vt 0.4873967 1.2379100
vt 0.4872225 1.2380350
vt 0.4873006 1.2379600
vt 0.5127775 1.2380350
vt 0.5126033 1.2379100
vt 0.5126994 1.2379600
vt 0.4981778 1.2302200
vt 0.4981844 1.2094525
vt 0.4998003 1.2094525
vt 0.5002056 1.2094525
vt 0.5018172 1.2094525
vt 0.5018261 1.2302150
vt 0.5321658 1.2381275
vt 0.5364953 1.2577375
vt 0.5400792 1.2577375
vt 0.4642250 1.2381250
vt 0.4599208 1.2577375
vt 0.4635047 1.2577375
vt 0.5124992 0.4642761
vt 0.4875000 0.4642761
vt 0.4875000 0.4678867
vt 0.4836369 1.2307000
vt 0.4870508 1.2379575
vt 0.4805769 1.2577375
vt 0.5256489 1.2577375
vt 0.5194231 1.2577375
vt 0.5129567 1.2379800
vt 0.4706664 1.2094450
vt 0.4600044 1.2577375
vt 0.4635047 1.2577375
vt 0.5258311 1.2094375
vt 0.5364953 1.2577375
vt 0.5399956 1.2577375
vt 0.4821686 1.2098525
vt 0.4834386 1.2304650
vt 0.4738853 1.2577375
vt 0.5442192 1.2577375
vt 0.5261147 1.2577375
vt 0.5165808 1.2305200
vt 0.5161247 1.2299375
vt 0.5022719 1.2299375
vt 0.5022672 1.2094525
vt 0.4977275 1.2299375
vt 0.4838739 1.2299375
vt 0.4826394 1.2094525
vt 0.4807972 0.4635047
vt 0.4807972 0.4599208
vt 0.4807800 0.4598142
vt 0.4807328 0.4597094
vt 0.4806628 0.4596186
vt 0.4805769 0.4595531
vt 0.4743511 0.4562217
vt 0.4742461 0.4561794
vt 0.4741233 0.4561522
vt 0.4739981 0.4561425
vt 0.4557808 0.4597064
vt 0.4556853 0.4597447
vt 0.4556072 0.4598139
vt 0.4555547 0.4599036
vt 0.4555356 0.4600044
vt 0.4555356 0.4635047
vt 0.4462783 1.3199325
vt 0.4497733 1.3199325
vt 0.4508678 1.3149775
vt 0.5396519 1.3199225
vt 0.5380447 1.3149775
vt 0.5453731 1.3149775
vt 0.5526278 1.3149775
vt 0.5491322 1.3149775
vt 0.5502311 1.3199525
vt 0.5475744 1.3199275
vt 0.5458664 1.3149775
vt 0.5758508 1.3149775
vt 0.4621889 0.5526339
vt 0.4621889 0.5491322
vt 0.4238736 0.5491322
vt 0.4541336 0.5572739
vt 0.4619553 0.5530217
vt 0.4620461 0.5529503
vt 0.4621206 0.5528533
vt 0.4621706 0.5527439
vt 0.4546269 0.5571783
vt 0.4542522 0.5572783
vt 0.4543847 0.5572614
vt 0.4545150 0.5572272
vt 0.4240417 0.5528869
vt 0.4239542 0.5528197
vt 0.4238950 0.5527300
vt 0.4238736 0.5526278
vt 0.4723361 1.2629425
vt 0.4791056 1.2629425
vt 0.4774139 1.2681450
vt 0.4526569 1.2629425
vt 0.4705417 1.2681450
vt 0.4469003 1.2733500
vt 0.4687472 1.2733500
vt 0.4669528 1.2785525
vt 0.4353867 1.2941625
vt 0.4615692 1.2941625
vt 0.4597747 1.2993675
vt 0.4296303 1.3045700
vt 0.4579803 1.3045700
vt 0.4561858 1.3097725
vt 0.4587844 1.2629425
vt 0.4576425 1.2681450
vt 0.4612069 1.2681450
vt 0.4565008 1.2733500
vt 0.4553589 1.2785525
vt 0.4589094 1.2785525
vt 0.4542169 1.2837550
vt 0.4530753 1.2889600
vt 0.4566117 1.2889600
vt 0.4519333 1.2941625
vt 0.4507914 1.2993675
vt 0.4543139 1.2993675
vt 0.4496497 1.3045700
vt 0.4485078 1.3097725
vt 0.4520164 1.3097725
vt 0.5211306 1.2629425
vt 0.5274256 1.2629425
vt 0.5292203 1.2681450
vt 0.5245133 1.2733500
vt 0.5310150 1.2733500
vt 0.5328097 1.2785525
vt 0.5278961 1.2837550
vt 0.5346044 1.2837550
vt 0.5363992 1.2889600
vt 0.5312789 1.2941625
vt 0.5381939 1.2941625
vt 0.5399889 1.2993675
vt 0.5346619 1.3045700
vt 0.5417836 1.3045700
vt 0.5435783 1.3097725
vt 0.5376442 1.2629425
vt 0.5387931 1.2681450
vt 0.5422886 1.2681450
vt 0.5399417 1.2733500
vt 0.5410906 1.2785525
vt 0.5445861 1.2785525
vt 0.5422394 1.2837550
vt 0.5433883 1.2889600
vt 0.5468839 1.2889600
vt 0.5445369 1.2941625
vt 0.5456861 1.2993675
vt 0.5491811 1.2993675
vt 0.5468347 1.3045700
vt 0.5479836 1.3097725
vt 0.5514789 1.3097725
vt 0.5279192 1.2629425
vt 0.5470706 1.2629425
vt 0.5499486 1.2681450
vt 0.5315089 1.2733500
vt 0.5528264 1.2733500
vt 0.5557044 1.2785525
vt 0.5350983 1.2837550
vt 0.5585828 1.2837550
vt 0.5614608 1.2889600
vt 0.5386875 1.2941625
vt 0.5643389 1.2941625
vt 0.5672167 1.2993675
vt 0.5422769 1.3045700
vt 0.5700947 1.3045700
vt 0.5729728 1.3097725
vt 0.4757222 1.2733500
vt 0.4740306 1.2785525
vt 0.4723389 1.2837550
vt 0.4706472 1.2889600
vt 0.4689556 1.2941625
vt 0.4672636 1.2993675
vt 0.4655722 1.3045700
vt 0.4638806 1.3097725
vt 0.5204528 0.4635047
vt 0.5204528 0.4611761
vt 0.5192028 0.4599208
vt 0.5204703 0.4610653
vt 0.5192200 0.4598142
vt 0.5205183 0.4609522
vt 0.5192672 0.4597094
vt 0.5205897 0.4608508
vt 0.5193372 0.4596186
vt 0.5206769 0.4607733
vt 0.5194231 0.4595531
vt 0.5256433 0.4575028
vt 0.5256489 0.4562217
vt 0.5257511 0.4574489
vt 0.5257539 0.4561794
vt 0.5258767 0.4561522
vt 0.5258775 0.4574131
vt 0.5260067 0.4573981
vt 0.5260019 0.4561425
vt 0.5261147 0.4561517
vt 0.5261233 0.4574072
vt 0.5429442 0.4609478
vt 0.5430494 0.4609897
vt 0.5443147 0.4597447
vt 0.5431353 0.4610625
vt 0.5443928 0.4598139
vt 0.5431933 0.4611558
vt 0.5444453 0.4599036
vt 0.5432144 0.4612592
vt 0.5444644 0.4600044
vt 0.5432144 0.4635047
vt 0.5444644 0.4635047
vt 0.5526339 1.3149775
vt 0.5491322 1.3149775
vt 0.5502267 1.3199325
vt 0.4529214 1.3199225
vt 0.4546269 1.3149775
vt 0.4619553 1.3149775
vt 0.4462731 1.3199550
vt 0.4497689 1.3199525
vt 0.4508678 1.3149775
vt 0.4214089 1.3199325
vt 0.4241492 1.3149775
vt 0.4541336 1.3149775
vt 0.5378111 0.5491322
vt 0.5378111 0.5526339
vt 0.5761264 0.5526278
vt 0.5761264 0.5491322
vt 0.5758508 0.5529228
vt 0.5379539 0.5529503
vt 0.5378294 0.5527439
vt 0.5378794 0.5528533
vt 0.5380447 0.5530217
vt 0.5453731 0.5571783
vt 0.5457478 0.5572783
vt 0.5458664 0.5572739
vt 0.5456153 0.5572614
vt 0.5454850 0.5572272
vt 0.5759583 0.5528869
vt 0.5760458 0.5528197
vt 0.5761050 0.5527300
vt 0.5294583 1.2681450
vt 0.5225861 1.2681450
vt 0.5208944 1.2629425
vt 0.5502211 1.2681450
vt 0.5276639 1.2629425
vt 0.5559781 1.2785525
vt 0.5330472 1.2785525
vt 0.5312528 1.2733500
vt 0.5674914 1.2993675
vt 0.5402253 1.2993675
vt 0.5384308 1.2941625
vt 0.5732483 1.3097725
vt 0.5438142 1.3097725
vt 0.5420197 1.3045700
vt 0.5376442 1.2629425
vt 0.5387931 1.2681450
vt 0.5423575 1.2681450
vt 0.5399417 1.2733500
vt 0.5410906 1.2785525
vt 0.5446411 1.2785525
vt 0.5422394 1.2837550
vt 0.5433883 1.2889600
vt 0.5469247 1.2889600
vt 0.5445369 1.2941625
vt 0.5456861 1.2993675
vt 0.5492086 1.2993675
vt 0.5468347 1.3045700
vt 0.5479836 1.3097725
vt 0.5514922 1.3097725
vt 0.4771781 1.2681450
vt 0.4707797 1.2681450
vt 0.4725744 1.2629425
vt 0.4737953 1.2785525
vt 0.4671903 1.2785525
vt 0.4689850 1.2733500
vt 0.4704122 1.2889600
vt 0.4636008 1.2889600
vt 0.4653956 1.2837550
vt 0.4670294 1.2993675
vt 0.4600111 1.2993675
vt 0.4618061 1.2941625
vt 0.4636467 1.3097725
vt 0.4564217 1.3097725
vt 0.4582164 1.3045700
vt 0.4588606 1.2629425
vt 0.4577114 1.2681450
vt 0.4612069 1.2681450
vt 0.4565628 1.2733500
vt 0.4554139 1.2785525
vt 0.4589094 1.2785525
vt 0.4542650 1.2837550
vt 0.4531161 1.2889600
vt 0.4566117 1.2889600
vt 0.4519675 1.2941625
vt 0.4508189 1.2993675
vt 0.4543139 1.2993675
vt 0.4496697 1.3045700
vt 0.4485211 1.3097725
vt 0.4520164 1.3097725
vt 0.4702861 1.2681450
vt 0.4500514 1.2681450
vt 0.4529294 1.2629425
vt 0.4666964 1.2785525
vt 0.4442956 1.2785525
vt 0.4471736 1.2733500
vt 0.4631072 1.2889600
vt 0.4385392 1.2889600
vt 0.4414172 1.2837550
vt 0.4595178 1.2993675
vt 0.4327833 1.2993675
vt 0.4356611 1.2941625
vt 0.4559283 1.3097725
vt 0.4270272 1.3097725
vt 0.4299053 1.3045700
vt 0.5259694 1.2785525
vt 0.5242778 1.2733500
vt 0.5293528 1.2889600
vt 0.5276611 1.2837550
vt 0.5327364 1.2993675
vt 0.5310444 1.2941625
vt 0.5361194 1.3097725
vt 0.5344278 1.3045700
vt 0.4577508 1.2838000
vt 0.4566361 1.2888500
vt 0.4643861 1.2888500
vt 0.4580500 0.5344992
vt 0.4580500 0.5422492
vt 0.4594500 0.5422492
vt 0.5356139 1.2888500
vt 0.5433639 1.2888500
vt 0.5422492 1.2838000
vt 0.4594500 0.4566361
vt 0.4580500 0.4566361
vt 0.4580500 0.4643861
vt 0.5405500 0.5422492
vt 0.5419500 0.5422492
vt 0.5419500 0.5344992
vt 0.5356139 1.2888500
vt 0.5433639 1.2888500
vt 0.5422492 1.2838000
vt 0.5419500 0.4643861
vt 0.5419500 0.4566361
vt 0.5405500 0.4566361
vt 0.4577508 1.2838000
vt 0.4566361 1.2888500
vt 0.4643861 1.2888500
vt 0.4594500 1.2888500
vt 0.4580500 1.2888500
vt 0.4580500 1.2838000
vt 0.5419500 1.2838000
vt 0.5419500 1.2888500
vt 0.5405500 1.2888500
vt 0.4823208 1.2093525
vt 0.4997894 1.2325100
vt 0.4998869 1.2326050
vt 0.4998781 1.2327000
vt 0.4999969 1.2326400
vt 0.4999953 1.2327400
vt 0.4997733 1.2326000
vt 0.4998719 1.2328175
vt 0.4999967 1.2328550
vt 0.5002108 1.2326225
vt 0.5001108 1.2327125
vt 0.5001056 1.2326125
vt 0.5002269 1.2327275
vt 0.5001200 1.2328250
vt 0.4997519 1.2328300
vt 0.4998672 1.2329400
vt 0.4999972 1.2329775
vt 0.4997614 1.2327125
vt 0.5001264 1.2329450
vt 0.5002389 1.2328425
vt 0.4998942 1.2094525
vt 0.5000017 1.2094525
vt 0.5001997 1.2325250
vt 0.5001100 1.2094525
vt 0.5001236 0.5278992
vt 0.4999961 0.5278817
vt 0.5002344 0.5279581
vt 0.5001156 0.5279883
vt 0.4999956 0.5279725
vt 0.4997525 0.5279689
vt 0.4998672 0.5279050
vt 0.4997653 0.5280550
vt 0.4998739 0.5279947
vt 0.4997944 1.2093600
vt 0.4998917 1.2093600
vt 0.5000042 1.2093600
vt 0.5002194 0.5280425
vt 0.5001083 0.5280611
vt 0.4999958 0.5280464
vt 0.5001181 1.2093600
vt 0.4997803 0.5281233
vt 0.4998819 0.5280675
vt 0.4981656 1.2303225
vt 0.4981342 1.2304250
vt 0.5018433 1.2303100
vt 0.5018750 1.2304125
vt 0.4980917 1.2305250
vt 0.5019192 1.2305100
vt 0.5018433 0.5292747
vt 0.5018264 0.5293456
vt 0.4981556 0.5292758
vt 0.4981708 0.5293478
vt 0.4981831 1.2093600
vt 0.4981736 1.2092875
vt 0.4997806 1.2092875
vt 0.5002197 1.2093600
vt 0.5018200 1.2093600
vt 0.5022811 1.2300450
vt 0.5021689 1.2300650
vt 0.5021592 1.2299600
vt 0.5020489 1.2301225
vt 0.5020378 1.2300175
vt 0.5023081 1.2301625
vt 0.5021950 1.2301825
vt 0.5020758 1.2302350
vt 0.4978406 1.2299600
vt 0.4978294 1.2300650
vt 0.4979631 1.2300200
vt 0.4979525 1.2301250
vt 0.4977150 1.2300450
vt 0.4978019 1.2301825
vt 0.4979250 1.2302400
vt 0.4976400 1.2302775
vt 0.4977600 1.2302950
vt 0.4978850 1.2303500
vt 0.4976856 1.2301625
vt 0.5022339 1.2302950
vt 0.5021147 1.2303450
vt 0.5023489 1.2302775
vt 0.5021542 1.2094525
vt 0.5020317 1.2094525
vt 0.4977331 1.2094525
vt 0.4978461 1.2094525
vt 0.4979689 1.2094525
vt 0.5021903 0.5294306
vt 0.5020647 0.5293944
vt 0.5023061 0.5294436
vt 0.5021706 0.5294997
vt 0.5020464 0.5294639
vt 0.4976878 0.5294436
vt 0.4978058 0.5294306
vt 0.4979331 0.5293947
vt 0.4977117 0.5295128
vt 0.4978269 0.5294997
vt 0.4979519 0.5294644
vt 0.5021592 1.2093600
vt 0.5020361 1.2093600
vt 0.5022731 1.2093600
vt 0.5021731 1.2092875
vt 0.5020481 1.2092875
vt 0.4977286 1.2093600
vt 0.4978419 1.2093600
vt 0.4979653 1.2093600
vt 0.4977150 1.2092875
vt 0.4978294 1.2092875
vt 0.4979536 1.2092875
vt 0.4980692 1.2302125
vt 0.4980803 1.2301100
vt 0.4980406 1.2303225
vt 0.5019219 1.2301075
vt 0.5019358 1.2302050
vt 0.5019644 1.2303150
vt 0.4980003 1.2304275
vt 0.5020053 1.2304200
vt 0.4980864 1.2094525
vt 0.5019147 1.2094525
vt 0.5019442 0.5293408
vt 0.5019267 0.5294108
vt 0.4980547 0.5293411
vt 0.4980714 0.5294119
vt 0.4980839 1.2093600
vt 0.4980733 1.2092875
vt 0.5019181 1.2093600
vt 0.5018292 1.2092875
vt 0.5019286 1.2092875
vt 0.4743511 1.2577375
vt 0.4742461 1.2577375
vt 0.4835856 1.2306225
vt 0.4741233 1.2577375
vt 0.4835306 1.2305525
vt 0.5163725 1.2307275
vt 0.5164328 1.2306750
vt 0.5257539 1.2577375
vt 0.5164903 1.2306125
vt 0.5258767 1.2577375
vt 0.4834825 1.2304900
vt 0.4739981 1.2577375
vt 0.5260019 1.2577375
vt 0.5165472 1.2305750
vt 0.5401858 1.2577375
vt 0.5358758 1.2381075
vt 0.5402906 1.2577375
vt 0.5359650 1.2380625
vt 0.4641236 1.2381100
vt 0.4598142 1.2577375
vt 0.4640311 1.2380800
vt 0.4597094 1.2577375
vt 0.5125022 0.4641756
vt 0.4874925 0.4641756
vt 0.5125167 0.4640869
vt 0.4871031 1.2380100
vt 0.4806628 1.2577375
vt 0.5360361 1.2380100
vt 0.5193372 1.2577375
vt 0.5129083 1.2380450
vt 0.4596186 1.2577375
vt 0.5125497 1.2377550
vt 0.4874583 1.2377550
vt 0.5125244 1.2378250
vt 0.4874833 1.2378250
vt 0.4705561 1.2094925
vt 0.4599036 1.2577375
vt 0.4704481 1.2095875
vt 0.4598139 1.2577375
vt 0.5400964 1.2577375
vt 0.5294378 1.2094650
vt 0.5401861 1.2577375
vt 0.5295422 1.2095425
vt 0.4557808 1.2577375
vt 0.4556853 1.2577375
vt 0.4821811 1.2097275
vt 0.4556072 1.2577375
vt 0.4822131 1.2095875
vt 0.5178133 1.2098200
vt 0.5177822 1.2096625
vt 0.5443147 1.2577375
vt 0.5296339 1.2096625
vt 0.5161069 1.2300450
vt 0.5160750 1.2301675
vt 0.4838889 1.2300450
vt 0.4839197 1.2301675
vt 0.4839611 1.2302900
vt 0.5160311 1.2302900
vt 0.5173739 0.5293883
vt 0.5022850 0.5295128
vt 0.5173708 0.5294861
vt 0.4826261 0.5293883
vt 0.4826294 0.5294861
vt 0.5173661 1.2093600
vt 0.5022883 1.2092875
vt 0.5173706 1.2092875
vt 0.4826339 1.2093600
vt 0.5173661 0.5295675
vt 0.4836508 1.2304925
vt 0.4836989 1.2305800
vt 0.4837431 1.2303875
vt 0.4837900 1.2304825
vt 0.4836025 1.2304025
vt 0.4836997 1.2302800
vt 0.5163064 1.2305975
vt 0.5163600 1.2305250
vt 0.5162111 1.2304925
vt 0.5162600 1.2304025
vt 0.5164097 1.2304400
vt 0.5163047 1.2302975
vt 0.4835303 1.2302600
vt 0.4835625 1.2303175
vt 0.4836428 1.2300925
vt 0.4836656 1.2301750
vt 0.5164556 1.2303700
vt 0.5164817 1.2302950
vt 0.5163419 1.2302000
vt 0.5163628 1.2301075
vt 0.5357761 1.2381275
vt 0.5357558 1.2380350
vt 0.5321456 1.2380350
vt 0.5127775 0.4642442
vt 0.5126992 0.4642611
vt 0.5126994 0.4678714
vt 0.4678342 1.2381275
vt 0.4678544 1.2380350
vt 0.4642450 1.2380325
vt 0.4872225 0.4678544
vt 0.4873006 0.4678714
vt 0.4873011 0.4642611
vt 0.5125000 0.4678867
vt 0.5126033 0.4678825
vt 0.5126028 0.4642719
vt 0.4873967 0.4642722
vt 0.4873967 0.4678825
vt 0.4871094 1.2378450
vt 0.4871983 1.2377525
vt 0.5128956 1.2378575
vt 0.5128047 1.2377600
vt 0.5358558 1.2380150
vt 0.5127844 0.4641442
vt 0.5127056 0.4641606
vt 0.5359447 1.2379700
vt 0.5359283 1.2378950
vt 0.5358394 1.2379425
vt 0.4641439 1.2380175
vt 0.4872233 0.4642450
vt 0.4872928 0.4641603
vt 0.4640528 1.2379800
vt 0.4641603 1.2379425
vt 0.4640706 1.2379000
vt 0.5126078 0.4641714
vt 0.5126253 0.4640831
vt 0.5127258 0.4640717
vt 0.4873889 0.4641714
vt 0.4874756 0.4640869
vt 0.4873692 0.4640825
vt 0.4872700 0.4640706
vt 0.4871567 1.2379100
vt 0.4872417 1.2378300
vt 0.5360142 1.2379100
vt 0.4872742 1.2378950
vt 0.5128508 1.2379325
vt 0.5127642 1.2378400
vt 0.4639811 1.2379325
vt 0.5128111 1.2379800
vt 0.5127300 1.2379000
vt 0.4873458 1.2377750
vt 0.4873061 1.2376900
vt 0.4873747 1.2378450
vt 0.5126964 1.2376925
vt 0.5126600 1.2377775
vt 0.5126308 1.2378450
vt 0.4741689 1.2094375
vt 0.4741875 1.2093525
vt 0.4706861 1.2093575
vt 0.5176792 0.5258125
vt 0.5175872 0.5257972
vt 0.5175886 0.5292983
vt 0.5293314 1.2094375
vt 0.5293128 1.2093525
vt 0.5258125 1.2093525
vt 0.4823208 0.5293128
vt 0.4824128 0.5292978
vt 0.4824128 0.5257972
vt 0.4822739 1.2096975
vt 0.4823978 1.2095700
vt 0.5177147 1.2096750
vt 0.5175969 1.2095600
vt 0.4705781 1.2093925
vt 0.5176822 0.5293139
vt 0.5175922 0.5294042
vt 0.4704739 1.2094700
vt 0.5176908 0.5294219
vt 0.5175961 0.5295053
vt 0.5294183 1.2093750
vt 0.4823189 0.5294183
vt 0.4824125 0.5294022
vt 0.5295203 1.2094425
vt 0.4823122 0.5295203
vt 0.4824108 0.5295025
vt 0.4822797 1.2095850
vt 0.4823975 1.2094675
vt 0.4703833 1.2095850
vt 0.4822975 1.2094700
vt 0.4824039 1.2093750
vt 0.5176981 1.2095450
vt 0.5175917 1.2094500
vt 0.5296078 1.2095450
vt 0.5175892 1.2093625
vt 0.5162389 1.2299825
vt 0.5162211 1.2300875
vt 0.5161889 1.2302025
vt 0.4837789 1.2300800
vt 0.4837619 1.2299800
vt 0.4838097 1.2301975
vt 0.4838978 1.2304175
vt 0.4838506 1.2303150
vt 0.5161461 1.2303200
vt 0.5160992 1.2304200
vt 0.5173606 1.2094525
vt 0.5174739 1.2094800
vt 0.4825247 1.2094825
vt 0.5174822 0.5293925
vt 0.5174822 0.5292881
vt 0.5174811 0.5294911
vt 0.4825183 0.5292878
vt 0.4825189 0.5293919
vt 0.4825208 0.5294906
vt 0.5174767 1.2093850
vt 0.4825233 0.5295725
vt 0.5174792 1.2093075
vt 0.4825206 1.2093900
vt 0.5174794 0.5295739
vt 0.5174711 0.5257872
vt 0.4825181 0.5257867
vt 0.4462594 1.3200250
vt 0.4497528 1.3200250
vt 0.4605275 0.4462594
vt 0.4604494 0.4462475
vt 0.4604494 0.4497361
vt 0.5396947 1.3200175
vt 0.5396072 1.3200200
vt 0.5397506 1.3200975
vt 0.5396714 1.3200975
vt 0.4459639 1.3199225
vt 0.4459567 1.3200200
vt 0.4460494 1.3200225
vt 0.4603928 0.4459567
vt 0.4603286 0.4459772
vt 0.4603917 0.4460603
vt 0.4461689 1.3199300
vt 0.4461542 1.3200250
vt 0.4605106 0.4461542
vt 0.4604339 0.4461533
vt 0.4460603 1.3199275
vt 0.4460603 1.3201000
vt 0.4461533 1.3201000
vt 0.5470786 1.3199225
vt 0.5471211 1.3200175
vt 0.5471725 1.3200975
vt 0.5476053 1.3200225
vt 0.5474886 1.3200225
vt 0.5476272 1.3201000
vt 0.5475181 1.3201000
vt 0.5474544 1.3199250
vt 0.5473583 1.3200200
vt 0.5473961 1.3201000
vt 0.5471908 1.3199225
vt 0.5472308 1.3200200
vt 0.5472758 1.3200975
vt 0.5473214 1.3199225
vt 0.4211619 0.4462450
vt 0.4211622 0.4497244
vt 0.4211083 0.4462469
vt 0.4211089 0.4497350
vt 0.4211744 0.4461869
vt 0.4211256 0.4461661
vt 0.4213214 0.4460847
vt 0.4212511 0.4461078
vt 0.4523614 0.4416642
vt 0.4523728 0.4415972
vt 0.4213317 0.4460186
vt 0.4524600 0.4416611
vt 0.4524819 0.4415939
vt 0.4525706 0.4416756
vt 0.4526039 0.4416097
vt 0.4526792 0.4417044
vt 0.4527242 0.4416417
vt 0.4527733 0.4417458
vt 0.4528275 0.4416872
vt 0.4601875 0.4459689
vt 0.4602494 0.4459147
vt 0.4602542 0.4460217
vt 0.4603061 0.4460897
vt 0.4603406 0.4461656
vt 0.4603536 0.4462428
vt 0.4603536 0.4497250
vt 0.5502497 1.3200375
vt 0.5537436 1.3200400
vt 0.5502650 1.3201075
vt 0.5537531 1.3201075
vt 0.5785911 1.3199325
vt 0.5786383 1.3200250
vt 0.5786683 1.3201000
vt 0.5537269 1.3199550
vt 0.5538400 1.3200400
vt 0.5538339 1.3201075
vt 0.5538292 1.3199550
vt 0.5539225 1.3200350
vt 0.5539011 1.3201050
vt 0.5787022 1.3199375
vt 0.5787433 1.3200275
vt 0.5787961 1.3199475
vt 0.5788292 1.3200350
vt 0.5788289 1.3201050
vt 0.5787589 1.3201025
vt 0.5395617 1.3199225
vt 0.4471467 1.3149775
vt 0.4470497 1.3149775
vt 0.4473661 1.3149775
vt 0.4472561 1.3149775
vt 0.5457478 1.3149775
vt 0.5456153 1.3149775
vt 0.5454850 1.3149775
vt 0.5527300 1.3149775
vt 0.5539169 1.3199475
vt 0.5528197 1.3149775
vt 0.5759583 1.3149775
vt 0.5760458 1.3149775
vt 0.5228219 1.2681450
vt 0.5227303 1.2681450
vt 0.5262047 1.2785525
vt 0.5261133 1.2785525
vt 0.5295878 1.2889600
vt 0.5294961 1.2889600
vt 0.5329706 1.2993675
vt 0.5328792 1.2993675
vt 0.5363533 1.3097725
vt 0.5362622 1.3097725
vt 0.4585664 1.2629425
vt 0.4584711 1.2629425
vt 0.4573292 1.2681450
vt 0.4562825 1.2733500
vt 0.4561869 1.2733500
vt 0.4550450 1.2785525
vt 0.4539986 1.2837550
vt 0.4539028 1.2837550
vt 0.4527606 1.2889600
vt 0.4517144 1.2941625
vt 0.4516186 1.2941625
vt 0.4504761 1.2993675
vt 0.4494306 1.3045700
vt 0.4493342 1.3045700
vt 0.4481919 1.3097725
vt 0.4586750 1.2629425
vt 0.4575331 1.2681450
vt 0.4563911 1.2733500
vt 0.4552492 1.2785525
vt 0.4541075 1.2837550
vt 0.4529656 1.2889600
vt 0.4518239 1.2941625
vt 0.4506817 1.2993675
vt 0.4495400 1.3045700
vt 0.4483981 1.3097725
vt 0.4574244 1.2681450
vt 0.4551406 1.2785525
vt 0.4528564 1.2889600
vt 0.4505725 1.2993675
vt 0.4482886 1.3097725
vt 0.5278011 1.2629425
vt 0.5297139 1.2681450
vt 0.5313906 1.2733500
vt 0.5333036 1.2785525
vt 0.5349797 1.2837550
vt 0.5368928 1.2889600
vt 0.5385689 1.2941625
vt 0.5404822 1.2993675
vt 0.5421583 1.3045700
vt 0.5440717 1.3097725
vt 0.5276689 1.2629425
vt 0.5295958 1.2681450
vt 0.5312583 1.2733500
vt 0.5331850 1.2785525
vt 0.5348475 1.2837550
vt 0.5367742 1.2889600
vt 0.5384367 1.2941625
vt 0.5403636 1.2993675
vt 0.5420261 1.3045700
vt 0.5439531 1.3097725
vt 0.5293331 1.2681450
vt 0.5311278 1.2733500
vt 0.5329225 1.2785525
vt 0.5347169 1.2837550
vt 0.5365117 1.2889600
vt 0.5383064 1.2941625
vt 0.5401011 1.2993675
vt 0.5418958 1.3045700
vt 0.5436906 1.3097725
vt 0.5294636 1.2681450
vt 0.5275386 1.2629425
vt 0.5330528 1.2785525
vt 0.5366419 1.2889600
vt 0.5402311 1.2993675
vt 0.5438206 1.3097725
vt 0.5411394 1.2629425
vt 0.5423914 1.2681450
vt 0.5434372 1.2733500
vt 0.5446889 1.2785525
vt 0.5457350 1.2837550
vt 0.5469864 1.2889600
vt 0.5480325 1.2941625
vt 0.5492839 1.2993675
vt 0.5503303 1.3045700
vt 0.5515814 1.3097725
vt 0.5412428 1.2629425
vt 0.5424833 1.2681450
vt 0.5435403 1.2733500
vt 0.5447803 1.2785525
vt 0.5458378 1.2837550
vt 0.5470772 1.2889600
vt 0.5481353 1.2941625
vt 0.5493742 1.2993675
vt 0.5504328 1.3045700
vt 0.5516711 1.3097725
vt 0.5471764 1.2629425
vt 0.5500547 1.2681450
vt 0.5529331 1.2733500
vt 0.5558111 1.2785525
vt 0.5586892 1.2837550
vt 0.5615672 1.2889600
vt 0.5644456 1.2941625
vt 0.5673239 1.2993675
vt 0.5702017 1.3045700
vt 0.5730800 1.3097725
vt 0.5472633 1.2629425
vt 0.5501414 1.2681450
vt 0.5530197 1.2733500
vt 0.5558981 1.2785525
vt 0.5587764 1.2837550
vt 0.5616544 1.2889600
vt 0.5645328 1.2941625
vt 0.5674111 1.2993675
vt 0.5702892 1.3045700
vt 0.5731675 1.3097725
vt 0.5502472 1.3200250
vt 0.5537406 1.3200250
vt 0.5394725 0.4497528
vt 0.5395506 0.4497361
vt 0.5395506 0.4462475
vt 0.4604383 1.3199225
vt 0.4603928 1.3200200
vt 0.4603053 1.3200175
vt 0.4603286 1.3200975
vt 0.4602494 1.3200975
vt 0.5539397 1.3199275
vt 0.5539506 1.3200225
vt 0.5540433 1.3200200
vt 0.5395367 0.4460494
vt 0.5396083 0.4460603
vt 0.5396714 0.4459772
vt 0.5537217 1.3199325
vt 0.5538458 1.3200250
vt 0.5537525 1.3201025
vt 0.5538467 1.3201000
vt 0.5538311 1.3199300
vt 0.5394894 0.4461542
vt 0.5395661 0.4461533
vt 0.4603481 1.3199225
vt 0.4528789 1.3200175
vt 0.4528275 1.3200975
vt 0.4525456 1.3199250
vt 0.4525114 1.3200225
vt 0.4523947 1.3200225
vt 0.4524819 1.3201000
vt 0.4523728 1.3201000
vt 0.4526786 1.3199225
vt 0.4526417 1.3200200
vt 0.4526039 1.3201000
vt 0.4527692 1.3200200
vt 0.4527242 1.3200975
vt 0.4528092 1.3199225
vt 0.5788378 0.4497244
vt 0.5788381 0.4462450
vt 0.5788911 0.4497350
vt 0.5788917 0.4462469
vt 0.5788256 0.4461869
vt 0.5788744 0.4461661
vt 0.5787489 0.4461078
vt 0.5786786 0.4460847
vt 0.5476386 0.4416642
vt 0.5786683 0.4460186
vt 0.5476272 0.4415972
vt 0.5475400 0.4416611
vt 0.5475181 0.4415939
vt 0.5474294 0.4416756
vt 0.5473961 0.4416097
vt 0.5473208 0.4417044
vt 0.5472758 0.4416417
vt 0.5472267 0.4417458
vt 0.5471725 0.4416872
vt 0.5398125 0.4459689
vt 0.5397506 0.4459147
vt 0.5397458 0.4460217
vt 0.5396939 0.4460897
vt 0.5396594 0.4461656
vt 0.5396464 0.4462428
vt 0.5396464 0.4497250
vt 0.4462564 1.3200400
vt 0.4497503 1.3200375
vt 0.4462469 1.3201075
vt 0.4497350 1.3201075
vt 0.4524256 1.3199275
vt 0.4213617 1.3200250
vt 0.4213317 1.3201000
vt 0.4461708 1.3199550
vt 0.4461600 1.3200400
vt 0.4461661 1.3201075
vt 0.4460831 1.3199475
vt 0.4460775 1.3200350
vt 0.4460989 1.3201050
vt 0.4212567 1.3200275
vt 0.4212978 1.3199375
vt 0.4211708 1.3200350
vt 0.4212411 1.3201025
vt 0.4211711 1.3201050
vt 0.4620461 1.3149775
vt 0.5540361 1.3199225
vt 0.5529503 1.3149775
vt 0.5527439 1.3149775
vt 0.5528533 1.3149775
vt 0.4542522 1.3149775
vt 0.4543847 1.3149775
vt 0.4545150 1.3149775
vt 0.4473722 1.3149775
vt 0.4472700 1.3149775
vt 0.4471803 1.3149775
vt 0.4240417 1.3149775
vt 0.4212039 1.3199475
vt 0.4239542 1.3149775
vt 0.4789614 1.2629425
vt 0.4772697 1.2681450
vt 0.4755783 1.2733500
vt 0.4738867 1.2785525
vt 0.4721953 1.2837550
vt 0.4705039 1.2889600
vt 0.4688122 1.2941625
vt 0.4671208 1.2993675
vt 0.4654292 1.3045700
vt 0.4637378 1.3097725
vt 0.5425756 1.2681450
vt 0.5426708 1.2681450
vt 0.5415289 1.2629425
vt 0.5448594 1.2785525
vt 0.5449550 1.2785525
vt 0.5438131 1.2733500
vt 0.5471436 1.2889600
vt 0.5472394 1.2889600
vt 0.5460972 1.2837550
vt 0.5494275 1.2993675
vt 0.5495239 1.2993675
vt 0.5483814 1.2941625
vt 0.5517114 1.3097725
vt 0.5518081 1.3097725
vt 0.5506658 1.3045700
vt 0.5424669 1.2681450
vt 0.5413250 1.2629425
vt 0.5447508 1.2785525
vt 0.5436089 1.2733500
vt 0.5470344 1.2889600
vt 0.5458925 1.2837550
vt 0.5493183 1.2993675
vt 0.5481761 1.2941625
vt 0.5516019 1.3097725
vt 0.5504600 1.3045700
vt 0.5414336 1.2629425
vt 0.5437175 1.2733500
vt 0.5460014 1.2837550
vt 0.5482856 1.2941625
vt 0.5505694 1.3045700
vt 0.4704042 1.2681450
vt 0.4720808 1.2629425
vt 0.4668150 1.2785525
vt 0.4684911 1.2733500
vt 0.4632258 1.2889600
vt 0.4649017 1.2837550
vt 0.4596364 1.2993675
vt 0.4613125 1.2941625
vt 0.4560469 1.3097725
vt 0.4577231 1.3045700
vt 0.4705364 1.2681450
vt 0.4721989 1.2629425
vt 0.4669472 1.2785525
vt 0.4686094 1.2733500
vt 0.4633581 1.2889600
vt 0.4650203 1.2837550
vt 0.4597689 1.2993675
vt 0.4614311 1.2941625
vt 0.4561794 1.3097725
vt 0.4578417 1.3045700
vt 0.4724614 1.2629425
vt 0.4670775 1.2785525
vt 0.4634883 1.2889600
vt 0.4598989 1.2993675
vt 0.4563094 1.3097725
vt 0.4723311 1.2629425
vt 0.4706669 1.2681450
vt 0.4688722 1.2733500
vt 0.4652831 1.2837550
vt 0.4616936 1.2941625
vt 0.4581042 1.3045700
vt 0.4587572 1.2629425
vt 0.4576086 1.2681450
vt 0.4564597 1.2733500
vt 0.4553111 1.2785525
vt 0.4541622 1.2837550
vt 0.4530136 1.2889600
vt 0.4518647 1.2941625
vt 0.4507161 1.2993675
vt 0.4495672 1.3045700
vt 0.4484186 1.3097725
vt 0.4586653 1.2629425
vt 0.4575167 1.2681450
vt 0.4563683 1.2733500
vt 0.4552197 1.2785525
vt 0.4540711 1.2837550
vt 0.4529228 1.2889600
vt 0.4517742 1.2941625
vt 0.4506258 1.2993675
vt 0.4494772 1.3045700
vt 0.4483289 1.3097725
vt 0.4499453 1.2681450
vt 0.4528236 1.2629425
vt 0.4441889 1.2785525
vt 0.4470669 1.2733500
vt 0.4384328 1.2889600
vt 0.4413108 1.2837550
vt 0.4326761 1.2993675
vt 0.4355544 1.2941625
vt 0.4269200 1.3097725
vt 0.4297983 1.3045700
vt 0.4498586 1.2681450
vt 0.4527367 1.2629425
vt 0.4441019 1.2785525
vt 0.4469803 1.2733500
vt 0.4383456 1.2889600
vt 0.4412236 1.2837550
vt 0.4325889 1.2993675
vt 0.4354672 1.2941625
vt 0.4268325 1.3097725
vt 0.4297108 1.3045700
vt 0.4212039 0.4461433
vt 0.4211711 0.4460989
vt 0.4212411 0.4460475
vt 0.5787961 0.4461433
vt 0.5788289 0.4460989
vt 0.5787589 0.4460475
vt 0.4738853 0.4561517
vt 0.4241492 0.5529228
vt 0.4497789 1.2681450
vt 0.4440219 1.2785525
vt 0.4325086 1.2993675
vt 0.4267517 1.3097725
vt 0.4623558 1.2629425
vt 0.4600583 1.2733500
vt 0.4577606 1.2837550
vt 0.4554631 1.2941625
vt 0.4531653 1.3045700
vt 0.5192028 0.4635047
vt 0.5442192 0.4597064
vt 0.5473431 1.2629425
vt 0.5530997 1.2733500
vt 0.5646133 1.2941625
vt 0.5703697 1.3045700
vt 0.5412156 1.2629425
vt 0.5434992 1.2733500
vt 0.5457831 1.2837550
vt 0.5480667 1.2941625
vt 0.5503503 1.3045700
vt 0.4788694 1.2629425
vt 0.4754867 1.2733500
vt 0.4721039 1.2837550
vt 0.4687211 1.2941625
vt 0.4653381 1.3045700
vt 0.4623558 1.2629425
vt 0.4600583 1.2733500
vt 0.4577606 1.2837550
vt 0.4554631 1.2941625
vt 0.4531653 1.3045700
vt 0.4655008 1.2838000
vt 0.4594500 0.5344992
vt 0.5344992 1.2838000
vt 0.4594500 0.4643861
vt 0.5405500 0.5344992
vt 0.5344992 1.2838000
vt 0.5405500 0.4643861
vt 0.4655008 1.2838000
vt 0.4594500 1.2838000
vt 0.5405500 1.2838000
vt 0.5176792 1.2093525
vt 0.5002056 0.5281117
vt 0.5018169 0.5294103
vt 0.5403814 1.2577375
vt 0.4639561 1.2380450
vt 0.4597447 1.2577375
vt 0.4703517 1.2097275
vt 0.5443928 1.2577375
vt 0.4977269 0.5295744
vt 0.4826339 0.5295675
vt 0.5127775 0.4678544
vt 0.5357389 1.2379600
vt 0.4871931 1.2379700
vt 0.4823208 0.5258125
vt 0.5177025 0.5295261
vt 0.5176878 1.2094425
vt 0.5177625 1.2095425
vt 0.4824083 0.5295867
vt 0.4605275 0.4497528
vt 0.4604633 0.4460494
vt 0.4462475 1.3201025
vt 0.5379539 1.3149775
vt 0.5210386 1.2629425
vt 0.5244217 1.2733500
vt 0.5278047 1.2837550
vt 0.5311878 1.2941625
vt 0.5345708 1.3045700
vt 0.5413347 1.2629425
vt 0.5436317 1.2733500
vt 0.5459289 1.2837550
vt 0.5482258 1.2941625
vt 0.5505228 1.3045700
vt 0.5394725 0.4462594
vt 0.5396072 0.4459567
vt 0.5539397 1.3201000
vt 0.4687417 1.2733500
vt 0.4651525 1.2837550
vt 0.4615633 1.2941625
vt 0.4579739 1.3045700
f 1352/1 1388/2 1386/3
f 1386/3 1368/4 1375/5
f 1386/3 1375/5 1366/6
f 1386/3 1366/6 1365/7
f 1386/3 1365/7 1367/8
f 1386/3 1367/8 1374/9
f 1386/3 1374/9 1372/10
f 1386/3 1372/10 1371/11
f 1362/12 1357/13 1355/14
f 1362/12 1355/14 1356/15
f 1362/12 1356/15 1363/16
f 1362/12 1363/16 1358/17
f 1362/12 1358/17 1350/18
f 1362/12 1350/18 1352/1
f 1352/1 1386/3 1371/11
f 1352/1 1371/11 1361/19
f 1352/1 1361/19 1362/12
f 1309/20 137/21 70/22
f 1309/20 70/22 74/23
f 1309/20 74/23 1308/24
f 1309/20 1308/24 1301/25
f 1309/20 1301/25 1302/26
f 1309/20 1302/26 1303/27
f 73/28 66/29 136/30
f 73/28 136/30 1295/31
f 73/28 1295/31 1288/32
f 73/28 1288/32 1289/33
f 73/28 1289/33 1290/34
f 73/28 1290/34 1296/35
f 1354/36 135/37 66/29
f 1354/36 66/29 73/28
f 1354/36 73/28 1353/38
f 1354/36 1353/38 1345/39
f 1354/36 1345/39 1346/40
f 1354/36 1346/40 1347/41
f 70/22 138/42 1389/43
f 70/22 1389/43 1381/44
f 70/22 1381/44 1382/45
f 70/22 1382/45 1383/46
f 70/22 1383/46 1390/47
f 70/22 1390/47 74/23
f 73/28 74/23 1390/47
f 73/28 1390/47 1379/48
f 73/28 1379/48 1380/49
f 73/28 1380/49 1378/50
f 73/28 1378/50 1388/51
f 73/28 1388/51 1352/52
f 73/28 1352/52 1342/53
f 73/28 1342/53 1343/54
f 73/28 1343/54 1344/55
f 73/28 1344/55 1353/38
f 1308/24 74/23 73/28
f 1308/24 73/28 1296/35
f 1308/24 1296/35 1285/56
f 1308/24 1285/56 1286/57
f 1308/24 1286/57 1287/58
f 1308/24 1287/58 1297/59
f 1308/24 1297/59 1310/60
f 1308/24 1310/60 1298/61
f 1308/24 1298/61 1299/62
f 1308/24 1299/62 1300/63
f 70/64 1275/65 72/66
f 70/64 1277/67 1275/65
f 70/64 1278/68 1277/67
f 70/64 1279/69 1278/68
f 70/64 1276/70 1279/69
f 70/64 1176/71 1276/70
f 70/64 1178/72 1176/71
f 70/64 1179/73 1178/72
f 70/64 1180/74 1179/73
f 70/64 1177/75 1180/74
f 70/64 1256/76 1177/75
f 70/64 1257/77 1256/76
f 70/64 1258/78 1257/77
f 70/64 1259/79 1258/78
f 70/64 1255/80 1259/79
f 70/64 69/81 1255/80
f 75/82 672/83 673/84
f 75/82 670/85 672/83
f 75/82 669/86 670/85
f 75/82 668/87 669/86
f 75/82 667/88 668/87
f 75/82 631/89 667/88
f 75/82 633/90 631/89
f 75/82 630/91 633/90
f 75/82 629/92 630/91
f 75/82 634/93 629/92
f 75/82 638/94 634/93
f 75/82 640/95 638/94
f 75/82 637/96 640/95
f 75/82 636/97 637/96
f 75/82 641/98 636/97
f 75/82 642/99 641/98
f 75/100 39/101 76/102
f 75/100 76/102 605/103
f 75/100 605/103 626/104
f 75/100 626/104 627/105
f 75/100 627/105 628/106
f 75/100 628/106 642/107
f 39/101 75/100 673/108
f 39/101 673/108 663/109
f 39/101 663/109 664/110
f 39/101 664/110 665/111
f 39/101 665/111 674/112
f 39/101 674/112 77/113
f 39/114 41/115 675/116
f 39/114 675/116 679/117
f 39/114 679/117 678/118
f 39/114 678/118 677/119
f 39/114 677/119 676/120
f 39/114 676/120 643/121
f 39/114 643/121 647/122
f 39/114 647/122 646/123
f 39/114 646/123 645/124
f 39/114 645/124 644/125
f 39/114 644/125 607/126
f 39/114 607/126 610/127
f 39/114 610/127 609/128
f 39/114 609/128 608/129
f 39/114 608/129 606/130
f 39/114 606/130 37/131
f 1170/132 1173/133 81/134
f 83/135 80/136 84/137
f 86/138 1174/139 1172/140
f 1171/141 82/142 85/143
f 1253/144 78/145 67/146
f 1253/144 67/146 1260/147
f 1253/144 1260/147 1262/148
f 1253/144 1262/148 1263/149
f 1253/144 1263/149 1264/150
f 1253/144 1264/150 1261/151
f 1253/144 1261/151 1182/152
f 1253/144 1182/152 1181/153
f 1181/153 1175/154 80/136
f 1181/153 80/136 83/135
f 1181/153 83/135 82/142
f 1181/153 82/142 81/134
f 1181/153 81/134 1173/133
f 1181/153 1173/133 1254/155
f 1181/153 1254/155 1252/156
f 1181/153 1252/156 1251/157
f 1181/153 1251/157 1250/158
f 1181/153 1250/158 1253/144
f 71/159 79/160 1274/161
f 71/159 1274/161 1272/162
f 71/159 1272/162 1271/163
f 71/159 1271/163 1270/164
f 71/159 1270/164 1273/165
f 1273/165 1174/139 86/138
f 1273/165 86/138 85/143
f 1273/165 85/143 84/137
f 1273/165 84/137 80/136
f 80/136 1175/154 1183/166
f 80/136 1183/166 1184/167
f 80/136 1184/167 1281/168
f 1280/169 71/159 1273/165
f 1273/165 80/136 1281/168
f 1273/165 1281/168 1284/170
f 1273/165 1284/170 1283/171
f 1273/165 1283/171 1282/172
f 1273/165 1282/172 1280/169
f 1077/173 131/174 1065/175
f 1077/173 59/176 131/174
f 1077/173 1195/177 59/176
f 1077/173 1197/178 1195/177
f 1077/173 1198/179 1197/178
f 1077/173 1199/180 1198/179
f 1077/173 1196/181 1199/180
f 1077/173 1085/182 1196/181
f 1077/173 1084/183 1085/182
f 1200/184 134/185 63/186
f 1200/184 1120/187 134/185
f 1200/184 1126/188 1120/187
f 1200/184 1129/189 1126/188
f 1200/184 1132/190 1129/189
f 1200/184 1123/191 1132/190
f 1123/191 1099/192 1098/193
f 1123/191 1081/194 1099/192
f 1123/191 1082/195 1081/194
f 1123/191 1080/196 1082/195
f 1080/196 1069/197 1068/198
f 1080/196 1074/199 1069/197
f 1080/196 1077/173 1074/199
f 1080/196 1084/183 1077/173
f 1080/196 1083/200 1084/183
f 1080/196 1108/201 1083/200
f 1080/196 1109/202 1108/201
f 1080/196 1201/203 1109/202
f 1202/204 1123/191 1200/184
f 1123/191 1201/203 1080/196
f 1123/191 1204/205 1201/203
f 1123/191 1203/206 1204/205
f 1123/191 1202/204 1203/206
f 1066/207 130/208 58/209
f 1066/207 58/209 1086/210
f 1066/207 1086/210 1088/211
f 1066/207 1088/211 1089/212
f 1066/207 1089/212 1090/213
f 1066/207 1090/213 1087/214
f 1066/207 1087/214 1114/215
f 1066/207 1114/215 1113/216
f 1135/217 65/218 133/219
f 1135/217 133/219 1121/220
f 1135/217 1121/220 1127/221
f 1135/217 1127/221 1130/222
f 1135/217 1130/222 1133/223
f 1135/217 1133/223 1124/224
f 1124/224 1101/225 1100/226
f 1124/224 1100/226 1104/227
f 1124/224 1104/227 1106/228
f 1124/224 1106/228 1096/229
f 1096/229 1071/230 1070/231
f 1096/229 1070/231 1075/232
f 1096/229 1075/232 1078/233
f 1096/229 1078/233 1066/207
f 1096/229 1066/207 1113/216
f 1096/229 1113/216 1112/234
f 1096/229 1112/234 1110/235
f 1096/229 1110/235 1111/236
f 1096/229 1111/236 1136/237
f 1137/238 1135/217 1124/224
f 1124/224 1096/229 1136/237
f 1124/224 1136/237 1139/239
f 1124/224 1139/239 1138/240
f 1124/224 1138/240 1137/238
f 1079/241 129/242 1067/243
f 1079/241 57/244 129/242
f 1079/241 1091/245 57/244
f 1079/241 1093/246 1091/245
f 1079/241 1094/247 1093/246
f 1079/241 1095/248 1094/247
f 1079/241 1092/249 1095/248
f 1079/241 1119/250 1092/249
f 1079/241 1118/251 1119/250
f 1140/252 132/253 64/254
f 1140/252 1122/255 132/253
f 1140/252 1128/256 1122/255
f 1140/252 1131/257 1128/256
f 1140/252 1134/258 1131/257
f 1140/252 1125/259 1134/258
f 1125/259 1102/260 1103/261
f 1125/259 1105/262 1102/260
f 1125/259 1107/263 1105/262
f 1125/259 1097/264 1107/263
f 1097/264 1072/265 1073/266
f 1097/264 1076/267 1072/265
f 1097/264 1079/241 1076/267
f 1097/264 1118/251 1079/241
f 1097/264 1117/268 1118/251
f 1097/264 1115/269 1117/268
f 1097/264 1116/270 1115/269
f 1097/264 1141/271 1116/270
f 1142/272 1125/259 1140/252
f 1125/259 1141/271 1097/264
f 1125/259 1144/273 1141/271
f 1125/259 1143/274 1144/273
f 1125/259 1142/272 1143/274
f 925/275 126/276 51/277
f 925/275 51/277 935/278
f 925/275 935/278 937/279
f 925/275 937/279 938/280
f 925/275 938/280 939/281
f 925/275 939/281 936/282
f 925/275 936/282 954/283
f 925/275 954/283 953/284
f 970/285 55/286 127/287
f 970/285 127/287 965/288
f 970/285 965/288 967/289
f 970/285 967/289 968/290
f 970/285 968/290 969/291
f 970/285 969/291 966/292
f 966/292 943/293 942/294
f 966/292 942/294 946/295
f 966/292 946/295 948/296
f 966/292 948/296 940/297
f 940/297 928/298 927/299
f 940/297 927/299 931/300
f 940/297 931/300 933/301
f 940/297 933/301 925/275
f 940/297 925/275 953/284
f 940/297 953/284 952/302
f 940/297 952/302 950/303
f 940/297 950/303 951/304
f 940/297 951/304 971/305
f 972/306 970/285 966/292
f 966/292 940/297 971/305
f 966/292 971/305 974/307
f 966/292 974/307 973/308
f 966/292 973/308 972/306
f 934/309 125/310 926/311
f 934/309 52/312 125/310
f 934/309 960/313 52/312
f 934/309 962/314 960/313
f 934/309 963/315 962/314
f 934/309 964/316 963/315
f 934/309 961/317 964/316
f 934/309 959/318 961/317
f 934/309 958/319 959/318
f 980/320 128/321 56/322
f 980/320 975/323 128/321
f 980/320 977/324 975/323
f 980/320 978/325 977/324
f 980/320 979/326 978/325
f 980/320 976/327 979/326
f 976/327 944/328 945/329
f 976/327 947/330 944/328
f 976/327 949/331 947/330
f 976/327 941/332 949/331
f 941/332 929/333 930/334
f 941/332 932/335 929/333
f 941/332 934/309 932/335
f 941/332 958/319 934/309
f 941/332 957/336 958/319
f 941/332 955/337 957/336
f 941/332 956/338 955/337
f 941/332 981/339 956/338
f 982/340 976/327 980/320
f 976/327 981/339 941/332
f 976/327 984/341 981/339
f 976/327 983/342 984/341
f 976/327 982/340 983/342
f 775/343 121/344 44/345
f 775/343 44/345 800/346
f 775/343 800/346 802/347
f 775/343 802/347 803/348
f 775/343 803/348 804/349
f 775/343 804/349 801/350
f 775/343 801/350 799/351
f 775/343 799/351 798/352
f 845/353 49/354 123/355
f 845/353 123/355 835/356
f 845/353 835/356 839/357
f 845/353 839/357 841/358
f 845/353 841/358 843/359
f 845/353 843/359 837/360
f 837/360 792/361 791/362
f 837/360 791/362 793/363
f 837/360 793/363 794/364
f 837/360 794/364 790/365
f 790/365 779/366 778/367
f 790/365 778/367 784/368
f 790/365 784/368 787/369
f 790/365 787/369 775/343
f 790/365 775/343 798/352
f 790/365 798/352 797/370
f 790/365 797/370 795/371
f 790/365 795/371 796/372
f 790/365 796/372 846/373
f 847/374 845/353 837/360
f 837/360 790/365 846/373
f 837/360 846/373 849/375
f 837/360 849/375 848/376
f 837/360 848/376 847/374
f 788/377 120/378 776/379
f 788/377 43/380 120/378
f 788/377 805/381 43/380
f 788/377 807/382 805/381
f 788/377 808/383 807/382
f 788/377 809/384 808/383
f 788/377 806/385 809/384
f 788/377 829/386 806/385
f 788/377 828/387 829/386
f 850/388 122/389 48/390
f 850/388 836/391 122/389
f 850/388 840/392 836/391
f 850/388 842/393 840/392
f 850/388 844/394 842/393
f 850/388 838/395 844/394
f 838/395 817/396 818/397
f 838/395 821/398 817/396
f 838/395 823/399 821/398
f 838/395 815/400 823/399
f 815/400 780/401 781/402
f 815/400 785/403 780/401
f 815/400 788/377 785/403
f 815/400 828/387 788/377
f 815/400 827/404 828/387
f 815/400 825/405 827/404
f 815/400 826/406 825/405
f 815/400 851/407 826/406
f 852/408 838/395 850/388
f 838/395 851/407 815/400
f 838/395 854/409 851/407
f 838/395 853/410 854/409
f 838/395 852/408 853/410
f 777/411 119/412 42/413
f 777/411 42/413 810/414
f 777/411 810/414 812/415
f 777/411 812/415 813/416
f 777/411 813/416 814/417
f 777/411 814/417 811/418
f 777/411 811/418 834/419
f 777/411 834/419 833/420
f 863/421 50/422 124/423
f 863/421 124/423 858/424
f 863/421 858/424 860/425
f 863/421 860/425 861/426
f 863/421 861/426 862/427
f 863/421 862/427 859/428
f 859/428 820/429 819/430
f 859/428 819/430 822/431
f 859/428 822/431 824/432
f 859/428 824/432 816/433
f 816/433 783/434 782/435
f 816/433 782/435 786/436
f 816/433 786/436 789/437
f 816/433 789/437 777/411
f 816/433 777/411 833/420
f 816/433 833/420 832/438
f 816/433 832/438 830/439
f 816/433 830/439 831/440
f 816/433 831/440 855/441
f 864/442 863/421 859/428
f 859/428 816/433 855/441
f 859/428 855/441 857/443
f 859/428 857/443 856/444
f 859/428 856/444 864/442
f 598/445 117/446 594/447
f 598/445 36/448 117/446
f 598/445 611/449 36/448
f 598/445 613/450 611/449
f 598/445 614/451 613/450
f 598/445 615/452 614/451
f 598/445 612/453 615/452
f 598/445 652/454 612/453
f 598/445 651/455 652/454
f 680/456 118/457 40/458
f 680/456 653/459 118/457
f 680/456 655/460 653/459
f 680/456 656/461 655/460
f 680/456 657/462 656/461
f 680/456 654/463 657/462
f 654/463 617/464 618/465
f 654/463 619/466 617/464
f 654/463 620/467 619/466
f 654/463 616/468 620/467
f 616/468 595/469 596/470
f 616/468 597/471 595/469
f 616/468 598/445 597/471
f 616/468 651/455 598/445
f 616/468 650/472 651/455
f 616/468 648/473 650/472
f 616/468 649/474 648/473
f 616/468 681/475 649/474
f 682/476 654/463 680/456
f 654/463 681/475 616/468
f 654/463 684/477 681/475
f 654/463 683/478 684/477
f 654/463 682/476 683/478
f 1224/479 2/480 66/481
f 1224/479 66/481 1/482
f 1224/479 1/482 1239/483
f 1224/479 1239/483 1235/484
f 1224/479 1235/484 1236/485
f 1224/479 1236/485 1237/486
f 1224/479 1237/486 1238/487
f 1224/479 1238/487 1163/488
f 1224/479 1163/488 1160/489
f 1224/479 1160/489 1161/490
f 1224/479 1161/490 1162/491
f 1224/479 1162/491 1164/492
f 1224/479 1164/492 1223/493
f 1224/479 1223/493 1220/494
f 1224/479 1220/494 1221/495
f 1224/479 1221/495 1222/496
f 583/497 88/498 5/499
f 583/497 5/499 87/500
f 583/497 87/500 561/501
f 583/497 561/501 547/502
f 583/497 547/502 546/503
f 583/497 546/503 545/504
f 513/505 523/506 87/500
f 513/505 87/500 5/499
f 513/505 5/499 89/507
f 513/505 89/507 524/508
f 513/505 524/508 515/509
f 513/505 515/509 514/510
f 530/511 534/512 4/513
f 530/511 4/513 5/514
f 530/511 5/514 3/515
f 530/511 3/515 593/516
f 530/511 593/516 591/517
f 530/511 591/517 590/518
f 530/511 590/518 589/519
f 530/511 589/519 592/520
f 530/511 592/520 570/521
f 530/511 570/521 569/522
f 530/511 569/522 568/523
f 530/511 568/523 567/524
f 530/511 567/524 571/525
f 530/511 571/525 533/526
f 530/511 533/526 532/527
f 530/511 532/527 531/528
f 93/529 1153/530 1150/531
f 96/532 92/533 95/534
f 1152/535 1154/536 98/537
f 97/538 94/539 1151/540
f 1234/541 16/542 90/543
f 1234/541 90/543 1228/544
f 1234/541 1228/544 1225/545
f 1234/541 1225/545 1226/546
f 1234/541 1226/546 1227/547
f 1234/541 1227/547 1229/548
f 1229/548 1153/530 93/529
f 1229/548 93/529 94/539
f 1229/548 94/539 95/534
f 1229/548 95/534 92/533
f 92/533 1155/549 1159/550
f 92/533 1159/550 1158/551
f 92/533 1158/551 1233/552
f 1232/553 1234/541 1229/548
f 1229/548 92/533 1233/552
f 1229/548 1233/552 1230/554
f 1229/548 1230/554 1231/555
f 1229/548 1231/555 1232/553
f 1212/556 1214/557 91/558
f 1212/556 91/558 17/559
f 1212/556 17/559 1219/560
f 1212/556 1219/560 1217/561
f 1212/556 1217/561 1216/562
f 1212/556 1216/562 1215/563
f 1212/556 1215/563 1218/564
f 1212/556 1218/564 1156/565
f 1157/566 1155/549 92/533
f 1157/566 92/533 96/532
f 1157/566 96/532 97/538
f 1157/566 97/538 98/537
f 1157/566 98/537 1154/536
f 1154/536 1213/567 1210/568
f 1154/536 1210/568 1211/569
f 1154/536 1211/569 1212/556
f 1154/536 1212/556 1156/565
f 1154/536 1156/565 1157/566
f 18/570 1051/571 99/572
f 18/570 1039/573 1051/571
f 18/570 1042/574 1039/573
f 18/570 1047/575 1042/574
f 18/570 1048/576 1047/575
f 1048/576 1034/577 1036/578
f 1048/576 1035/579 1034/577
f 1048/576 1018/580 1035/579
f 1048/576 1019/581 1018/580
f 1019/581 987/582 996/583
f 1019/581 990/584 987/582
f 1019/581 993/585 990/584
f 1019/581 999/586 993/585
f 999/586 19/587 108/588
f 999/586 1189/589 19/587
f 999/586 1187/590 1189/589
f 999/586 1186/591 1187/590
f 999/586 1185/592 1186/591
f 999/586 1188/593 1185/592
f 999/586 1032/594 1188/593
f 1194/595 1048/576 18/570
f 1019/581 1032/594 999/586
f 1019/581 1033/596 1032/594
f 1019/581 1064/597 1033/596
f 1019/581 1063/598 1064/597
f 1019/581 1062/599 1063/598
f 1019/581 1193/600 1062/599
f 1192/601 1048/576 1194/595
f 1048/576 1193/600 1019/581
f 1048/576 1190/602 1193/600
f 1048/576 1191/603 1190/602
f 1048/576 1192/601 1191/603
f 1061/604 20/605 100/606
f 1061/604 100/606 1050/607
f 1061/604 1050/607 1038/608
f 1061/604 1038/608 1041/609
f 1061/604 1041/609 1046/610
f 1061/604 1046/610 1045/611
f 1045/611 1021/612 1011/613
f 1045/611 1011/613 1013/614
f 1045/611 1013/614 1017/615
f 1045/611 1017/615 1016/616
f 1016/616 995/617 986/618
f 1016/616 986/618 989/619
f 1016/616 989/619 992/620
f 1016/616 992/620 998/621
f 998/621 109/622 21/623
f 998/621 21/623 1009/624
f 998/621 1009/624 1007/625
f 998/621 1007/625 1006/626
f 998/621 1006/626 1005/627
f 998/621 1005/627 1008/628
f 998/621 1008/628 1030/629
f 1059/630 1061/604 1045/611
f 1016/616 998/621 1030/629
f 1016/616 1030/629 1031/631
f 1016/616 1031/631 1029/632
f 1016/616 1029/632 1028/633
f 1016/616 1028/633 1027/634
f 1016/616 1027/634 1060/635
f 1058/636 1059/630 1045/611
f 1045/611 1016/616 1060/635
f 1045/611 1060/635 1057/637
f 1045/611 1057/637 1058/636
f 22/638 1049/639 101/640
f 22/638 1037/641 1049/639
f 22/638 1040/642 1037/641
f 22/638 1044/643 1040/642
f 22/638 1043/644 1044/643
f 1043/644 1010/645 1020/646
f 1043/644 1012/647 1010/645
f 1043/644 1015/648 1012/647
f 1043/644 1014/649 1015/648
f 1014/649 985/650 994/651
f 1014/649 988/652 985/650
f 1014/649 991/653 988/652
f 1014/649 997/654 991/653
f 997/654 23/655 110/656
f 997/654 1004/657 23/655
f 997/654 1002/658 1004/657
f 997/654 1001/659 1002/658
f 997/654 1000/660 1001/659
f 997/654 1003/661 1000/660
f 997/654 1025/662 1003/661
f 1056/663 1043/644 22/638
f 1014/649 1025/662 997/654
f 1014/649 1026/664 1025/662
f 1014/649 1024/665 1026/664
f 1014/649 1023/666 1024/665
f 1014/649 1022/667 1023/666
f 1014/649 1055/668 1022/667
f 1054/669 1043/644 1056/663
f 1043/644 1055/668 1014/649
f 1043/644 1052/670 1055/668
f 1043/644 1053/671 1052/670
f 1043/644 1054/669 1053/671
f 924/672 24/673 102/674
f 924/672 102/674 919/675
f 924/672 919/675 911/676
f 924/672 911/676 913/677
f 924/672 913/677 917/678
f 924/672 917/678 916/679
f 916/679 894/680 886/681
f 916/679 886/681 888/682
f 916/679 888/682 892/683
f 916/679 892/683 891/684
f 891/684 878/685 875/686
f 891/684 875/686 876/687
f 891/684 876/687 877/688
f 891/684 877/688 879/689
f 879/689 111/690 25/691
f 879/689 25/691 884/692
f 879/689 884/692 882/693
f 879/689 882/693 881/694
f 879/689 881/694 880/695
f 879/689 880/695 883/696
f 879/689 883/696 908/697
f 922/698 924/672 916/679
f 891/684 879/689 908/697
f 891/684 908/697 909/699
f 891/684 909/699 907/700
f 891/684 907/700 906/701
f 891/684 906/701 905/702
f 891/684 905/702 923/703
f 921/704 922/698 916/679
f 916/679 891/684 923/703
f 916/679 923/703 920/705
f 916/679 920/705 921/704
f 26/706 918/707 103/708
f 26/706 910/709 918/707
f 26/706 912/710 910/709
f 26/706 915/711 912/710
f 26/706 914/712 915/711
f 914/712 885/713 893/714
f 914/712 887/715 885/713
f 914/712 890/716 887/715
f 914/712 889/717 890/716
f 889/717 865/718 868/719
f 889/717 866/720 865/718
f 889/717 867/721 866/720
f 889/717 869/722 867/721
f 869/722 27/723 112/724
f 869/722 874/725 27/723
f 869/722 872/726 874/725
f 869/722 871/727 872/726
f 869/722 870/728 871/727
f 869/722 873/729 870/728
f 869/722 903/730 873/729
f 899/731 914/712 26/706
f 889/717 903/730 869/722
f 889/717 904/732 903/730
f 889/717 902/733 904/732
f 889/717 901/734 902/733
f 889/717 900/735 901/734
f 889/717 898/736 900/735
f 897/737 914/712 899/731
f 914/712 898/736 889/717
f 914/712 895/738 898/736
f 914/712 896/739 895/738
f 914/712 897/737 896/739
f 769/740 28/741 104/742
f 769/740 104/742 754/743
f 769/740 754/743 742/744
f 769/740 742/744 745/745
f 769/740 745/745 751/746
f 769/740 751/746 750/747
f 750/747 739/748 735/749
f 750/747 735/749 736/750
f 750/747 736/750 738/751
f 750/747 738/751 737/752
f 737/752 699/753 693/754
f 737/752 693/754 695/755
f 737/752 695/755 697/756
f 737/752 697/756 701/757
f 701/757 113/758 29/759
f 701/757 29/759 714/760
f 701/757 714/760 712/761
f 701/757 712/761 711/762
f 701/757 711/762 710/763
f 701/757 710/763 713/764
f 701/757 713/764 773/765
f 767/766 769/740 750/747
f 737/752 701/757 773/765
f 737/752 773/765 774/767
f 737/752 774/767 772/768
f 737/752 772/768 771/769
f 737/752 771/769 770/770
f 737/752 770/770 768/771
f 766/772 767/766 750/747
f 750/747 737/752 768/771
f 750/747 768/771 765/773
f 750/747 765/773 766/772
f 31/774 753/775 105/776
f 31/774 741/777 753/775
f 31/774 744/778 741/777
f 31/774 749/779 744/778
f 31/774 748/780 749/779
f 748/780 716/781 724/782
f 748/780 718/783 716/781
f 748/780 722/784 718/783
f 748/780 721/785 722/784
f 721/785 692/786 698/787
f 721/785 694/788 692/786
f 721/785 696/789 694/788
f 721/785 700/790 696/789
f 700/790 30/791 114/792
f 700/790 709/793 30/791
f 700/790 707/794 709/793
f 700/790 706/795 707/794
f 700/790 705/796 706/795
f 700/790 708/797 705/796
f 700/790 733/798 708/797
f 764/799 748/780 31/774
f 721/785 733/798 700/790
f 721/785 734/800 733/798
f 721/785 732/801 734/800
f 721/785 731/802 732/801
f 721/785 730/803 731/802
f 721/785 763/804 730/803
f 762/805 748/780 764/799
f 748/780 763/804 721/785
f 748/780 760/806 763/804
f 748/780 761/807 760/806
f 748/780 762/805 761/807
f 759/808 32/809 106/810
f 759/808 106/810 752/811
f 759/808 752/811 740/812
f 759/808 740/812 743/813
f 759/808 743/813 747/814
f 759/808 747/814 746/815
f 746/815 723/816 715/817
f 746/815 715/817 717/818
f 746/815 717/818 720/819
f 746/815 720/819 719/820
f 719/820 688/821 685/822
f 719/820 685/822 686/823
f 719/820 686/823 687/824
f 719/820 687/824 689/825
f 689/825 115/826 33/827
f 689/825 33/827 691/828
f 689/825 691/828 690/829
f 689/825 690/829 703/830
f 689/825 703/830 702/831
f 689/825 702/831 704/832
f 689/825 704/832 728/833
f 757/834 759/808 746/815
f 719/820 689/825 728/833
f 719/820 728/833 729/835
f 719/820 729/835 727/836
f 719/820 727/836 726/837
f 719/820 726/837 725/838
f 719/820 725/838 758/839
f 756/840 757/834 746/815
f 746/815 719/820 758/839
f 746/815 758/839 755/841
f 746/815 755/841 756/840
f 34/842 576/843 107/844
f 34/842 572/845 576/843
f 34/842 573/846 572/845
f 34/842 575/847 573/846
f 34/842 574/848 575/847
f 574/848 535/849 539/850
f 574/848 536/851 535/849
f 574/848 538/852 536/851
f 574/848 537/853 538/852
f 537/853 503/854 506/855
f 537/853 504/856 503/854
f 537/853 505/857 504/856
f 537/853 507/858 505/857
f 507/858 35/859 116/860
f 507/858 529/861 35/859
f 507/858 527/862 529/861
f 507/858 526/863 527/862
f 507/858 525/864 526/863
f 507/858 528/865 525/864
f 507/858 565/866 528/865
f 588/867 574/848 34/842
f 537/853 565/866 507/858
f 537/853 566/868 565/866
f 537/853 564/869 566/868
f 537/853 563/870 564/869
f 537/853 562/871 563/870
f 537/853 587/872 562/871
f 586/873 574/848 588/867
f 574/848 587/872 537/853
f 574/848 584/874 587/872
f 574/848 585/875 584/874
f 574/848 586/873 585/875
f 520/876 523/877 522/878
f 520/876 87/879 523/877
f 520/876 561/880 87/879
f 520/876 560/881 561/880
f 520/876 555/882 560/881
f 520/876 556/883 555/882
f 520/876 559/884 556/883
f 520/876 557/885 559/884
f 520/876 553/886 557/885
f 520/876 548/887 553/886
f 520/876 549/888 548/887
f 520/876 552/889 549/888
f 520/876 550/890 552/889
f 520/876 517/891 550/890
f 520/876 518/892 517/891
f 520/876 519/893 518/892
f 1318/894 1291/895 1313/896
f 1291/895 1338/897 1304/898
f 1338/897 1325/899 1329/900
f 1338/897 1326/901 1325/899
f 1338/897 1327/902 1326/901
f 1338/897 1328/903 1327/902
f 1338/897 1334/904 1328/903
f 1338/897 1332/905 1334/904
f 1338/897 1333/906 1332/905
f 1322/907 1315/908 1324/909
f 1322/907 1316/910 1315/908
f 1322/907 1317/911 1316/910
f 1322/907 1318/894 1317/911
f 1322/907 1291/895 1318/894
f 1291/895 1333/906 1338/897
f 1291/895 1321/912 1333/906
f 1291/895 1322/907 1321/912
f 54/913 53/914 152/915
f 54/913 152/915 153/916
f 54/913 153/916 154/917
f 151/918 152/915 53/914
f 151/918 53/914 128/919
f 151/918 128/919 127/920
f 127/920 54/913 154/917
f 127/920 154/917 151/918
f 112/921 11/922 150/923
f 112/921 150/923 147/924
f 112/921 147/924 148/925
f 149/926 150/923 11/922
f 149/926 11/922 10/927
f 149/926 10/927 111/928
f 111/928 112/921 148/925
f 111/928 148/925 149/926
f 1345/39 1353/38 1344/55
f 1342/53 1341/929 1343/54
f 1340/930 1354/931 1347/932
f 1346/40 1343/54 1341/929
f 1381/933 1389/934 1377/935
f 1378/50 1380/49 1376/936
f 1379/48 1390/47 1383/46
f 1382/45 1376/936 1380/49
f 1301/25 1308/24 1300/63
f 1298/61 1310/60 301/937
f 303/938 1309/20 1303/27
f 1302/26 1299/62 302/939
f 1288/32 1295/31 304/940
f 306/941 1297/59 1287/58
f 1285/56 1296/35 1290/34
f 1289/33 305/942 1286/57
f 1319/943 1359/944 1364/945
f 1373/946 1369/947 1330/948
f 1295/949 136/950 1240/951
f 1307/952 1245/953 137/954
f 1293/955 1306/956 1310/957
f 1314/958 1292/959 1241/960
f 1165/961 1246/962 1305/963
f 1351/964 1205/965 135/966
f 1389/967 138/968 1265/969
f 1349/970 1312/971 1146/972
f 1266/973 1166/974 1337/975
f 1336/976 1331/977 1370/978
f 1320/979 1311/980 1348/981
f 137/982 1245/983 1255/80
f 1245/983 1247/984 1259/79
f 1247/984 1248/985 1258/78
f 1248/985 1249/986 1257/77
f 1249/986 1246/987 1256/76
f 1246/987 1165/988 1177/75
f 1165/988 1167/989 1180/74
f 1179/73 1180/74 1167/989
f 1168/990 1169/991 1178/72
f 1176/71 1178/72 1169/991
f 1266/992 1276/70 1176/71
f 1266/992 1267/993 1279/69
f 1267/993 1268/994 1278/68
f 1278/68 1268/994 1269/995
f 1269/995 1265/996 1275/65
f 1265/996 138/997 72/66
f 604/998 605/999 76/1000
f 639/1001 601/1002 621/1003
f 658/1004 77/1005 674/1006
f 632/1007 623/1008 659/1009
f 606/130 599/1010 76/1011
f 675/116 41/115 77/1012
f 623/1013 643/121 676/120
f 601/1014 600/1015 610/127
f 602/1016 609/128 610/127
f 608/129 609/128 602/1016
f 606/130 608/129 603/1017
f 607/126 644/125 621/1018
f 647/122 643/121 623/1013
f 647/122 622/1019 624/1020
f 625/1021 645/124 646/123
f 621/1018 644/125 645/124
f 676/120 677/119 662/1022
f 678/118 661/1023 662/1022
f 678/118 679/117 660/1024
f 679/117 675/116 658/1025
f 81/134 82/142 1171/141
f 84/137 85/143 82/142
f 1172/140 1171/141 85/143
f 68/1026 78/1027 131/1028
f 79/1029 68/1026 60/1030
f 133/1031 62/1032 61/1033
f 123/1034 45/1035 47/1036
f 124/1037 46/1038 38/1039
f 1253/1040 1065/1041 131/1042
f 1066/1043 1067/1044 129/1045
f 925/1046 926/1047 125/1048
f 775/1049 776/1050 120/1051
f 777/1052 594/1053 117/1054
f 1254/1055 1173/1056 1080/1057
f 1071/1058 1096/1059 1097/1060
f 928/1061 940/1062 941/1063
f 779/1064 790/1065 815/1066
f 783/1067 816/1068 616/1069
f 79/1070 134/1071 1120/1072
f 133/1073 132/1074 1122/1075
f 127/1076 128/1077 975/1078
f 123/1079 122/1080 836/1081
f 124/1082 118/1083 653/1084
f 1174/1085 1273/1086 1123/1087
f 1101/1088 1124/1089 1125/1090
f 943/1091 966/1092 976/1093
f 792/1094 837/1095 838/1096
f 820/1097 859/1098 654/1099
f 62/1032 130/1100 129/1101
f 54/913 126/1102 125/1103
f 45/1035 121/1104 120/1105
f 46/1038 119/1106 117/1107
f 1/1108 1239/1109 1240/1110
f 1239/1109 1235/1111 1244/1112
f 1235/1111 1236/1113 1243/1114
f 1236/1113 1237/1115 1242/1116
f 1237/1115 1238/1117 1241/1118
f 1238/1117 1163/1119 1145/1120
f 1163/1119 1160/1121 1149/1122
f 1148/1123 1149/1122 1160/1121
f 1161/1124 1162/1125 1147/1126
f 1146/1127 1147/1126 1162/1125
f 1146/1127 1164/1128 1223/1129
f 1223/1129 1220/1130 1209/1131
f 1220/1130 1221/1132 1208/1133
f 1222/1134 1207/1135 1208/1133
f 1222/1134 1224/1136 1205/1137
f 1224/1136 2/1138 135/1139
f 577/1140 88/1141 583/1142
f 554/1143 540/1144 579/1145
f 521/1146 524/1147 89/1148
f 516/1149 509/1150 542/1151
f 3/515 88/1152 577/1153
f 508/1154 89/1155 4/513
f 509/1156 533/526 571/525
f 592/520 589/519 578/1157
f 578/1157 589/519 590/518
f 581/1158 580/1159 590/518
f 577/1153 581/1158 591/517
f 579/1160 540/1161 570/521
f 541/1162 542/1163 571/525
f 568/523 543/1164 541/1162
f 543/1164 568/523 569/522
f 544/1165 569/522 570/521
f 509/1156 512/1166 532/527
f 532/527 512/1166 511/1167
f 511/1167 510/1168 530/511
f 510/1168 508/1154 534/512
f 1150/531 1151/540 94/539
f 95/534 94/539 97/538
f 98/537 97/538 1151/540
f 7/1169 99/1170 90/1171
f 108/1172 7/1169 6/1173
f 110/1174 9/1175 8/1176
f 114/1177 13/1178 12/1179
f 116/1180 15/1181 14/1182
f 90/1183 99/1184 1051/1185
f 100/1186 101/1187 1049/1188
f 102/1189 103/1190 918/1191
f 104/1192 105/1193 753/1194
f 106/1195 107/1196 576/1197
f 1048/1198 1036/1199 1153/1200
f 1043/1201 1020/1202 1021/1203
f 914/1204 893/1205 894/1206
f 748/1207 724/1208 739/1209
f 574/1210 539/1211 723/1212
f 1214/1213 999/1214 108/1215
f 998/1216 997/1217 110/1218
f 879/1219 869/1220 112/1221
f 701/1222 700/1223 114/1224
f 689/1225 507/1226 116/1227
f 1019/1228 996/1229 1213/1230
f 1014/1231 994/1232 995/1233
f 889/1234 868/1235 878/1236
f 721/1237 698/1238 699/1239
f 537/1240 506/1241 688/1242
f 9/1175 101/1243 100/1244
f 11/922 103/1245 102/1246
f 13/1178 105/1247 104/1248
f 15/1181 107/1249 106/1250
f 153/1251 152/1252 142/1253
f 140/1254 154/1255 153/1256
f 141/1257 151/1258 154/1259
f 152/1260 151/1261 141/1262
f 149/1263 148/1264 146/1265
f 144/1266 150/1267 149/1268
f 145/1269 147/1270 150/1271
f 148/1272 147/1273 145/1274
f 142/1275 141/1276 140/1277
f 146/1278 145/1279 144/1280
f 152/915 151/918 154/917
f 148/925 147/924 150/923
f 1344/55 1343/54 1346/40
f 1347/41 1346/40 1341/929
f 1377/1281 1376/936 1382/45
f 1383/46 1382/45 1380/49
f 1323/1282 178/1283 170/1284
f 178/1283 177/1285 171/1286
f 158/1287 170/1284 173/1288
f 170/1284 171/1286 174/1289
f 159/1290 172/1291 176/1292
f 172/1291 171/1286 177/1285
f 161/1293 175/1294 172/1291
f 175/1294 174/1289 171/1286
f 162/1295 179/1296 1321/912
f 179/1296 180/1297 1333/906
f 160/1298 173/1288 179/1296
f 173/1288 174/1289 180/1297
f 1334/904 1332/905 181/1299
f 1332/905 1333/906 180/1297
f 163/1300 181/1299 175/1294
f 181/1299 180/1297 174/1289
f 1364/945 184/1301 178/1283
f 184/1301 183/1302 177/1285
f 1335/1303 176/1292 182/1304
f 176/1292 177/1285 183/1302
f 1362/12 1361/19 185/1305
f 1361/19 1371/11 186/1306
f 164/1307 185/1305 188/1308
f 185/1305 186/1306 189/1309
f 165/1310 187/1311 1372/10
f 187/1311 186/1306 1371/11
f 167/1312 190/1313 187/1311
f 190/1313 189/1309 186/1306
f 168/1314 191/1315 184/1301
f 191/1315 192/1316 183/1302
f 166/1317 188/1308 191/1318
f 188/1308 189/1309 192/1319
f 1373/946 182/1304 193/1320
f 182/1304 183/1302 192/1316
f 169/1321 193/1322 190/1313
f 193/1322 192/1319 189/1309
f 1323/1282 158/1287 199/1323
f 158/1287 160/1298 201/1324
f 1330/948 195/1325 159/1290
f 195/1325 197/1326 161/1293
f 1324/909 203/1327 162/1295
f 203/1327 201/1324 160/1298
f 1334/904 163/1300 205/1328
f 163/1300 161/1293 197/1326
f 1362/12 164/1307 207/1329
f 164/1307 166/1317 209/1330
f 1367/8 211/1331 165/1310
f 211/1331 213/1332 167/1312
f 1359/944 217/1333 168/1314
f 217/1333 209/1334 166/1335
f 1373/946 169/1336 215/1337
f 169/1321 167/1312 213/1332
f 194/1338 221/1339 218/1340
f 221/1339 222/1341 219/1342
f 196/1343 235/1344 221/1339
f 235/1344 236/1345 222/1341
f 1320/979 241/1346 224/1347
f 241/1346 242/1348 225/1349
f 198/1350 224/1347 227/1351
f 224/1347 225/1349 228/1352
f 202/1353 230/1354 1317/911
f 230/1354 155/1355 1316/910
f 200/1356 227/1351 230/1354
f 227/1351 228/1352 155/1355
f 1329/900 1325/899 232/1357
f 1325/899 1326/901 233/1358
f 204/1359 232/1357 235/1344
f 232/1357 233/1358 236/1345
f 1331/977 218/1340 238/1360
f 218/1340 219/1342 239/1361
f 1360/1362 259/1363 241/1346
f 259/1363 260/1364 242/1348
f 1358/17 1363/16 244/1365
f 1363/16 1356/15 245/1366
f 206/1367 244/1365 247/1368
f 244/1365 245/1366 248/1369
f 210/1370 250/1371 1375/5
f 250/1371 251/1372 1366/6
f 212/1373 256/1374 250/1371
f 256/1374 257/1375 251/1372
f 1370/978 238/1360 253/1376
f 238/1360 239/1361 254/1377
f 214/1378 253/1376 256/1379
f 253/1376 254/1377 257/1380
f 216/1381 262/1382 259/1363
f 262/1382 263/1383 260/1364
f 208/1384 247/1385 262/1382
f 247/1385 248/1386 263/1383
f 199/1323 226/1387 243/1388
f 226/1387 225/1349 242/1348
f 201/1324 229/1389 226/1387
f 229/1389 228/1352 225/1349
f 1330/948 220/1390 223/1391
f 220/1390 219/1342 222/1341
f 195/1325 223/1391 237/1392
f 223/1391 222/1341 236/1345
f 1324/909 1315/908 231/1393
f 1315/908 1316/910 155/1355
f 203/1327 231/1393 229/1389
f 231/1393 155/1355 228/1352
f 205/1328 234/1394 1327/902
f 234/1394 233/1358 1326/901
f 197/1326 237/1392 234/1394
f 237/1392 236/1345 233/1358
f 1319/943 243/1388 261/1395
f 243/1388 242/1348 260/1364
f 1369/947 240/1396 220/1390
f 240/1396 239/1361 219/1342
f 207/1329 246/1397 1355/14
f 246/1397 245/1366 1356/15
f 209/1330 249/1398 246/1397
f 249/1398 248/1369 245/1366
f 1367/8 1365/7 252/1399
f 1365/7 1366/6 251/1372
f 211/1331 252/1399 258/1400
f 252/1399 251/1372 257/1375
f 1359/944 261/1395 264/1401
f 261/1395 260/1364 263/1383
f 217/1333 264/1401 249/1402
f 264/1401 263/1383 248/1386
f 215/1337 255/1403 240/1396
f 255/1403 254/1377 239/1361
f 213/1404 258/1405 255/1403
f 258/1405 257/1380 254/1377
f 1145/1406 1149/1407 265/1408
f 1149/1407 1148/1409 267/1410
f 1339/1411 269/1412 1167/1413
f 269/1412 271/1414 1168/1415
f 1312/971 273/1416 1147/1417
f 273/1416 267/1410 1148/1409
f 1166/974 1169/1418 275/1419
f 1169/1418 1168/1415 271/1414
f 1240/951 1244/1420 277/1421
f 1244/1420 1243/1422 279/1423
f 1307/952 281/1424 1247/1425
f 281/1424 283/1426 1248/1427
f 1306/956 1293/955 278/1428
f 282/1429 278/1428 280/1430
f 1292/959 285/1431 1242/1432
f 285/1433 279/1423 1243/1422
f 1246/962 1249/1434 287/1435
f 1249/1436 1248/1427 283/1426
f 288/1437 286/1438 1291/895
f 284/1439 280/1440 286/1438
f 1351/964 289/1441 1207/1442
f 289/1441 291/1443 1208/1444
f 1265/969 1269/1445 293/1446
f 1269/1445 1268/1447 295/1448
f 1206/1449 1209/1450 297/1451
f 1209/1450 1208/1452 291/1453
f 1385/1454 299/1455 1267/1456
f 299/1457 295/1448 1268/1447
f 1336/976 276/1458 194/1338
f 276/1458 272/1459 196/1343
f 1320/979 198/1350 274/1460
f 198/1350 200/1356 268/1461
f 1313/896 266/1462 202/1353
f 266/1462 268/1461 200/1356
f 1329/900 204/1359 270/1463
f 204/1359 196/1343 272/1459
f 1358/17 206/1367 290/1464
f 206/1367 208/1465 292/1466
f 1386/3 294/1467 210/1370
f 294/1467 296/1468 212/1373
f 1370/978 214/1378 300/1469
f 214/1378 212/1470 296/1471
f 1348/981 298/1472 216/1381
f 298/1473 292/1466 208/1465
f 265/1408 310/1474 307/1475
f 310/1474 311/1476 308/1477
f 267/1410 322/1478 310/1474
f 322/1478 323/1479 311/1476
f 1339/1411 340/1480 313/1481
f 340/1480 341/1482 314/1483
f 269/1412 313/1481 316/1484
f 313/1481 314/1483 317/1485
f 1312/971 367/1486 319/1487
f 367/1486 368/1488 320/1489
f 273/1416 319/1487 322/1478
f 319/1487 320/1489 323/1479
f 275/1419 328/1490 325/1491
f 328/1490 329/1492 326/1493
f 271/1414 316/1484 328/1490
f 316/1484 317/1485 329/1492
f 1294/1494 336/1495 304/1496
f 336/1497 335/1498 305/1499
f 1309/1500 303/1501 331/1502
f 303/1503 302/1504 332/1505
f 1297/1506 306/1507 334/1508
f 306/1507 305/1499 335/1498
f 1306/956 333/1509 301/1510
f 333/1509 332/1505 302/1504
f 1314/958 307/1475 337/1511
f 307/1475 308/1477 338/1512
f 1305/963 358/1513 340/1480
f 358/1513 359/1514 341/1482
f 277/1421 343/1515 336/1495
f 343/1516 344/1517 335/1498
f 279/1423 354/1518 343/1515
f 354/1518 353/1519 344/1520
f 1307/952 331/1502 346/1521
f 331/1522 332/1505 347/1523
f 281/1424 346/1521 349/1524
f 346/1521 347/1525 350/1526
f 1293/955 334/1508 345/1527
f 334/1508 335/1498 344/1517
f 278/1428 345/1527 352/1528
f 345/1527 344/1517 353/1529
f 282/1429 348/1530 333/1509
f 348/1530 347/1523 332/1505
f 284/1531 351/1532 348/1530
f 351/1532 350/1533 347/1523
f 1292/959 337/1511 355/1534
f 337/1511 338/1512 356/1535
f 285/1433 355/1536 354/1518
f 355/1534 356/1535 353/1537
f 287/1435 361/1538 358/1513
f 361/1538 362/1539 359/1514
f 283/1426 349/1524 361/1540
f 349/1541 350/1542 362/1539
f 286/1438 357/1543 339/1544
f 357/1543 356/1535 338/1512
f 280/1440 352/1545 357/1543
f 352/1545 353/1537 356/1535
f 1304/898 360/1546 363/1547
f 360/1546 359/1514 362/1539
f 288/1437 363/1547 351/1548
f 363/1547 362/1539 350/1542
f 1354/1549 1340/1550 364/1551
f 1340/1552 1341/1553 365/1554
f 1387/1555 379/1556 1377/1557
f 379/1558 380/1559 1376/1560
f 1349/970 385/1561 367/1486
f 385/1561 386/1562 368/1488
f 1337/975 325/1491 370/1563
f 325/1491 326/1493 371/1564
f 1351/964 364/1551 373/1565
f 364/1566 365/1554 374/1567
f 289/1441 373/1565 376/1568
f 373/1569 374/1567 377/1570
f 293/1446 382/1571 379/1556
f 382/1572 383/1573 380/1559
f 295/1448 392/1574 382/1571
f 392/1575 393/1576 383/1573
f 297/1451 156/1577 385/1561
f 156/1577 388/1578 386/1562
f 291/1443 376/1568 156/1579
f 376/1580 377/1581 388/1578
f 1385/1454 370/1563 157/1582
f 370/1563 371/1564 390/1583
f 299/1457 157/1584 392/1574
f 157/1582 390/1583 393/1585
f 1336/976 327/1586 330/1587
f 327/1586 326/1493 329/1492
f 276/1458 330/1587 318/1588
f 330/1587 329/1492 317/1485
f 274/1460 321/1589 369/1590
f 321/1589 320/1489 368/1488
f 268/1461 324/1591 321/1589
f 324/1591 323/1479 320/1489
f 1313/896 309/1592 312/1593
f 309/1592 308/1477 311/1476
f 266/1462 312/1593 324/1591
f 312/1593 311/1476 323/1479
f 270/1463 315/1594 342/1595
f 315/1594 314/1483 341/1482
f 272/1459 318/1588 315/1594
f 318/1588 317/1485 314/1483
f 1384/1596 372/1597 327/1586
f 372/1597 371/1564 326/1493
f 1311/980 369/1590 387/1598
f 369/1590 368/1488 386/1562
f 290/1464 375/1599 366/1600
f 375/1599 374/1567 365/1554
f 292/1466 378/1601 375/1599
f 378/1601 377/1570 374/1567
f 1386/3 381/1602 384/1603
f 381/1602 380/1559 383/1573
f 294/1467 384/1603 394/1604
f 384/1603 383/1573 393/1576
f 300/1469 391/1605 372/1597
f 391/1605 390/1583 371/1564
f 296/1468 394/1604 391/1606
f 394/1607 393/1585 390/1583
f 1348/981 387/1598 389/1608
f 387/1598 386/1562 388/1578
f 298/1473 389/1609 378/1601
f 389/1608 388/1578 377/1581
f 1291/895 339/1544 309/1592
f 339/1544 338/1512 308/1477
f 1338/897 342/1595 360/1546
f 342/1595 341/1482 359/1514
f 1350/18 366/1600 1342/1610
f 366/1600 365/1554 1341/1553
f 1388/2 1378/1611 381/1602
f 1378/1611 1376/1560 380/1559
f 1300/63 1299/62 1302/26
f 301/937 302/939 1299/62
f 1303/27 1302/26 302/939
f 304/940 305/942 1289/33
f 1287/58 1286/57 305/942
f 1290/34 1289/33 1286/57
f 604/998 410/1612 626/1613
f 410/1614 411/1615 627/1616
f 639/1001 416/1617 404/1618
f 416/1617 417/1619 405/1620
f 395/1621 404/1622 407/1623
f 404/1624 405/1625 408/1626
f 397/1627 413/1628 410/1612
f 413/1629 414/1630 411/1615
f 396/1631 407/1623 413/1628
f 407/1623 408/1632 414/1633
f 635/1634 425/1635 416/1617
f 425/1635 426/1636 417/1619
f 632/1007 448/1637 419/1638
f 448/1637 447/1639 420/1640
f 398/1641 419/1638 422/1642
f 419/1638 420/1640 423/1643
f 400/1644 428/1645 425/1635
f 428/1645 429/1646 426/1636
f 399/1647 422/1642 428/1645
f 422/1642 423/1643 429/1646
f 672/83 431/1648 663/1649
f 431/1648 432/1650 664/1651
f 670/85 434/1652 431/1648
f 434/1652 435/1653 432/1650
f 667/88 443/1654 440/1655
f 631/89 446/1656 443/1654
f 446/1656 447/1657 444/1658
f 633/90 421/1659 446/1656
f 421/1659 420/1660 447/1657
f 630/91 424/1661 421/1659
f 424/1661 423/1662 420/1660
f 629/92 430/1663 424/1661
f 430/1663 429/1664 423/1662
f 634/93 427/1665 430/1663
f 427/1665 426/1666 429/1664
f 638/94 418/1667 427/1665
f 418/1667 417/1668 426/1666
f 640/95 406/1669 418/1667
f 406/1669 405/1625 417/1668
f 637/96 409/1670 406/1669
f 409/1670 408/1626 405/1625
f 636/97 415/1671 409/1670
f 415/1671 414/1630 408/1626
f 641/98 412/1672 415/1671
f 412/1672 411/1615 414/1630
f 642/99 628/1673 412/1672
f 628/1673 627/1616 411/1615
f 674/1006 665/1674 433/1675
f 665/1674 664/1676 432/1677
f 666/1678 445/1679 448/1637
f 445/1679 444/1680 447/1639
f 671/1681 433/1675 436/1682
f 433/1675 432/1677 435/1683
f 401/1684 436/1682 439/1685
f 436/1682 435/1683 438/1686
f 403/1687 442/1688 445/1679
f 402/1689 439/1690 442/1688
f 439/1690 438/1691 441/1692
f 601/1002 639/1001 395/1693
f 602/1694 600/1695 395/1621
f 599/1696 603/1697 397/1627
f 603/1697 602/1694 396/1631
f 398/1641 622/1698 623/1008
f 399/1647 624/1699 622/1698
f 400/1644 635/1634 621/1003
f 399/1647 400/1644 625/1700
f 671/1681 401/1684 660/1701
f 401/1684 402/1702 661/1703
f 666/1678 659/1009 662/1704
f 403/1687 662/1704 661/1705
f 1254/1055 1068/1706 1069/1707
f 1071/1058 1073/1708 1072/1709
f 928/1061 930/1710 929/1711
f 779/1064 781/1712 780/1713
f 783/1067 596/1714 595/1715
f 1251/1716 1252/1717 1069/1718
f 1075/1719 1070/1720 1072/1721
f 931/1722 927/1723 929/1724
f 784/1725 778/1726 780/1727
f 786/1728 782/1729 595/1730
f 1253/1040 1250/1731 1077/1732
f 1066/1043 1078/1733 1079/1734
f 925/1046 933/1735 934/1736
f 775/1049 787/1737 788/1738
f 777/1052 789/1739 598/1740
f 1250/1731 1251/1716 1074/1741
f 1078/1733 1075/1719 1076/1742
f 933/1735 931/1722 932/1743
f 787/1737 784/1725 785/1744
f 789/1739 786/1728 597/1745
f 1172/1746 1174/1085 1098/1747
f 1100/1748 1101/1088 1103/1749
f 942/1750 943/1091 945/1751
f 791/1752 792/1094 818/1753
f 819/1754 820/1097 618/1755
f 1171/1756 1172/1746 1099/1757
f 1104/1758 1100/1748 1102/1759
f 946/1760 942/1750 944/1761
f 793/1762 791/1752 817/1763
f 822/1764 819/1754 617/1765
f 1082/1766 1080/1057 1173/1056
f 1106/1767 1107/1768 1097/1060
f 948/1769 949/1770 941/1063
f 794/1771 823/1772 815/1066
f 824/1773 620/1774 616/1069
f 1081/1775 1082/1766 1170/1776
f 1104/1758 1105/1777 1107/1768
f 946/1760 947/1778 949/1770
f 793/1762 821/1779 823/1772
f 822/1764 619/1780 620/1774
f 1274/1781 1120/1072 1126/1782
f 1121/1783 1122/1075 1128/1784
f 965/1785 975/1078 977/1786
f 835/1787 836/1081 840/1788
f 858/1789 653/1084 655/1790
f 1272/1791 1126/1782 1129/1792
f 1127/1793 1128/1784 1131/1794
f 967/1795 977/1786 978/1796
f 839/1797 840/1788 842/1798
f 860/1799 655/1790 656/1800
f 1273/1086 1270/1801 1132/1802
f 1124/1089 1133/1803 1134/1804
f 966/1092 969/1805 979/1806
f 837/1095 843/1807 844/1808
f 859/1098 862/1809 657/1810
f 1270/1801 1271/1811 1129/1812
f 1133/1803 1130/1813 1131/1814
f 969/1805 968/1815 978/1816
f 843/1807 841/1817 842/1818
f 862/1809 861/1819 656/1820
f 583/1142 545/1821 464/1822
f 545/1823 546/1824 465/1825
f 449/1826 458/1827 470/1828
f 458/1827 459/1829 471/1830
f 450/1831 461/1832 458/1833
f 461/1834 462/1835 459/1836
f 582/1837 464/1822 467/1838
f 464/1822 465/1839 468/1840
f 451/1841 467/1838 461/1832
f 467/1842 468/1843 462/1835
f 558/1844 470/1828 479/1845
f 470/1828 471/1830 480/1846
f 452/1847 473/1848 502/1849
f 473/1848 474/1850 501/1851
f 453/1852 476/1853 473/1848
f 476/1853 477/1854 474/1850
f 554/1143 479/1845 482/1855
f 479/1845 480/1846 483/1856
f 454/1857 482/1855 476/1853
f 482/1855 483/1856 477/1854
f 523/877 513/1858 485/1859
f 513/1858 514/1860 486/1861
f 522/878 485/1859 488/1862
f 485/1859 486/1861 489/1863
f 518/892 494/1864 497/1865
f 517/891 497/1865 500/1866
f 497/1865 498/1867 501/1868
f 550/890 500/1866 475/1869
f 500/1866 501/1868 474/1870
f 552/889 475/1869 478/1871
f 475/1869 474/1870 477/1872
f 549/888 478/1871 484/1873
f 478/1871 477/1872 483/1874
f 548/887 484/1873 481/1875
f 484/1873 483/1874 480/1876
f 553/886 481/1875 472/1877
f 481/1875 480/1876 471/1878
f 557/885 472/1877 460/1879
f 472/1877 471/1878 459/1836
f 559/884 460/1879 463/1880
f 460/1879 459/1836 462/1835
f 556/883 463/1880 469/1881
f 463/1880 462/1835 468/1843
f 555/882 469/1881 466/1882
f 469/1881 468/1843 465/1825
f 560/881 466/1882 547/1883
f 466/1882 465/1825 546/1824
f 521/1146 487/1884 515/1885
f 487/1884 486/1886 514/1887
f 551/1888 502/1849 499/1889
f 502/1849 501/1851 498/1890
f 455/1891 490/1892 487/1884
f 490/1892 489/1893 486/1886
f 456/1894 493/1895 490/1892
f 493/1895 492/1896 489/1893
f 516/1149 499/1889 496/1897
f 457/1898 496/1897 493/1899
f 496/1897 495/1900 492/1901
f 578/1902 449/1826 558/1844
f 450/1831 449/1903 578/1904
f 582/1837 451/1841 581/1905
f 451/1841 450/1831 580/1906
f 551/1888 542/1151 541/1907
f 452/1847 541/1907 543/1908
f 544/1909 540/1144 554/1143
f 543/1908 544/1909 454/1857
f 508/1910 510/1911 455/1891
f 510/1911 511/1912 456/1894
f 457/1898 512/1913 509/1150
f 456/1914 511/1915 512/1913
f 1227/1916 1047/1917 1048/1198
f 1046/1918 1044/1919 1043/1201
f 917/1920 915/1921 914/1204
f 751/1922 749/1923 748/1207
f 747/1924 575/1925 574/1210
f 1042/1926 1047/1927 1227/1928
f 1040/1929 1044/1930 1046/1931
f 912/1932 915/1933 917/1934
f 744/1935 749/1936 751/1937
f 573/1938 575/1939 747/1940
f 1051/1185 1039/1941 1225/1942
f 1049/1188 1037/1943 1038/1944
f 918/1191 910/1945 911/1946
f 753/1194 741/1947 742/1948
f 576/1197 572/1949 740/1950
f 1039/1941 1042/1926 1226/1951
f 1037/1943 1040/1929 1041/1952
f 910/1945 912/1932 913/1953
f 741/1947 744/1935 745/1954
f 572/1949 573/1938 743/1955
f 1018/1956 1019/1228 1154/1957
f 1015/1958 1014/1231 1016/1959
f 890/1960 889/1234 891/1961
f 722/1962 721/1237 737/1963
f 538/1964 537/1240 719/1965
f 1035/1966 1018/1956 1152/1967
f 1012/1968 1015/1958 1017/1969
f 887/1970 890/1960 892/1971
f 718/1972 722/1962 738/1973
f 536/1974 538/1964 720/1975
f 1150/1976 1153/1200 1036/1199
f 1021/1203 1020/1202 1010/1977
f 894/1206 893/1205 885/1978
f 739/1209 724/1208 716/1979
f 723/1212 539/1211 535/1980
f 1151/1981 1150/1976 1034/1982
f 1011/1983 1010/1977 1012/1968
f 886/1984 885/1978 887/1970
f 735/1985 716/1979 718/1972
f 715/1986 535/1980 536/1974
f 1212/1987 993/1988 999/1214
f 992/1989 991/1990 997/1217
f 877/1991 867/1992 869/1220
f 697/1993 696/1994 700/1223
f 687/1995 505/1996 507/1226
f 1211/1997 990/1998 993/1988
f 989/1999 988/2000 991/1990
f 876/2001 866/2002 867/1992
f 695/2003 694/2004 696/1994
f 686/2005 504/2006 505/1996
f 996/1229 987/2007 1210/2008
f 994/1232 985/2009 986/2010
f 868/1235 865/2011 875/2012
f 698/1238 692/2013 693/2014
f 506/1241 503/2015 685/2016
f 987/2007 990/2017 1211/2018
f 985/2009 988/2019 989/2020
f 865/2011 866/2021 876/2022
f 692/2013 694/2023 695/2024
f 503/2015 504/2025 686/2026
f 669/86 437/2027 434/1652
f 437/2027 438/2028 435/1653
f 668/87 440/1655 437/2027
f 440/1655 441/2029 438/2028
f 443/1654 444/1658 441/2029
f 442/1688 441/1692 444/1680
f 520/876 488/1862 491/2030
f 488/1862 489/1863 492/2031
f 519/893 491/2030 494/1864
f 491/2030 492/2031 495/2032
f 494/1864 495/2032 498/1867
f 499/1889 498/1890 495/1900
f 1319/943 1364/945 1323/1282
f 1373/946 1330/948 1335/1303
f 1295/949 1240/951 1294/1494
f 1307/952 137/954 1309/1500
f 1293/955 1310/957 1297/1506
f 1314/958 1241/960 1145/1406
f 1165/961 1305/963 1339/1411
f 1351/964 135/966 1354/1549
f 1389/967 1265/969 1387/1555
f 1349/970 1146/972 1206/1449
f 1266/973 1337/975 1385/1454
f 1336/976 1370/978 1384/1596
f 1320/979 1348/981 1360/1362
f 137/982 1255/80 69/81
f 1245/983 1259/79 1255/80
f 1247/984 1258/78 1259/79
f 1248/985 1257/77 1258/78
f 1249/986 1256/76 1257/77
f 1246/987 1177/75 1256/76
f 1165/988 1180/74 1177/75
f 1179/73 1167/989 1168/990
f 1168/990 1178/72 1179/73
f 1176/71 1169/991 1166/2033
f 1266/992 1176/71 1166/2033
f 1266/992 1279/69 1276/70
f 1267/993 1278/68 1279/69
f 1278/68 1269/995 1277/67
f 1269/995 1275/65 1277/67
f 1265/996 72/66 1275/65
f 604/998 76/1000 599/1696
f 639/1001 621/1003 635/1634
f 658/1004 674/1006 671/1681
f 632/1007 659/1009 666/1678
f 606/130 76/1011 37/131
f 675/116 77/1012 658/1025
f 623/1013 676/120 659/2034
f 601/1014 610/127 607/126
f 602/1016 610/127 600/1015
f 608/129 602/1016 603/1017
f 606/130 603/1017 599/1010
f 607/126 621/1018 601/1014
f 647/122 623/1013 622/1019
f 647/122 624/1020 646/123
f 625/1021 646/123 624/1020
f 621/1018 645/124 625/1021
f 676/120 662/1022 659/2034
f 678/118 662/1022 677/119
f 678/118 660/1024 661/1023
f 679/117 658/1025 660/1024
f 81/134 1171/141 1170/132
f 84/137 82/142 83/135
f 1172/140 85/143 86/138
f 68/1026 131/1028 60/1030
f 79/1029 60/1030 134/2035
f 133/1031 61/1033 132/2036
f 123/1034 47/1036 122/2037
f 124/1037 38/1039 118/2038
f 1253/1040 131/1042 78/2039
f 1066/1043 129/1045 130/2040
f 925/1046 125/1048 126/2041
f 775/1049 120/1051 121/2042
f 777/1052 117/1054 119/2043
f 1254/1055 1080/1057 1068/1706
f 1071/1058 1097/1060 1073/1708
f 928/1061 941/1063 930/1710
f 779/1064 815/1066 781/1712
f 783/1067 616/1069 596/1714
f 79/1070 1120/1072 1274/1781
f 133/1073 1122/1075 1121/1783
f 127/1076 975/1078 965/1785
f 123/1079 836/1081 835/1787
f 124/1082 653/1084 858/1789
f 1174/1085 1123/1087 1098/1747
f 1101/1088 1125/1090 1103/1749
f 943/1091 976/1093 945/1751
f 792/1094 838/1096 818/1753
f 820/1097 654/1099 618/1755
f 62/1032 129/1101 61/1033
f 54/913 125/1103 53/914
f 45/1035 120/1105 47/1036
f 46/1038 117/1107 38/1039
f 1/1108 1240/1110 136/2044
f 1239/1109 1244/1112 1240/1110
f 1235/1111 1243/1114 1244/1112
f 1236/1113 1242/1116 1243/1114
f 1237/1115 1241/1118 1242/1116
f 1238/1117 1145/1120 1241/1118
f 1163/1119 1149/1122 1145/1120
f 1148/1123 1160/1121 1161/1124
f 1161/1124 1147/1126 1148/1123
f 1146/1127 1162/1125 1164/1128
f 1146/1127 1223/1129 1206/2045
f 1223/1129 1209/1131 1206/2045
f 1220/1130 1208/1133 1209/1131
f 1222/1134 1208/1133 1221/1132
f 1222/1134 1205/1137 1207/1135
f 1224/1136 135/1139 1205/1137
f 577/1140 583/1142 582/1837
f 554/1143 579/1145 558/1844
f 521/1146 89/1148 508/1910
f 516/1149 542/1151 551/1888
f 3/515 577/1153 593/516
f 508/1154 4/513 534/512
f 509/1156 571/525 542/1163
f 592/520 578/1157 579/1160
f 578/1157 590/518 580/1159
f 581/1158 590/518 591/517
f 577/1153 591/517 593/516
f 579/1160 570/521 592/520
f 541/1162 571/525 567/524
f 568/523 541/1162 567/524
f 543/1164 569/522 544/1165
f 544/1165 570/521 540/1161
f 509/1156 532/527 533/526
f 532/527 511/1167 531/528
f 511/1167 530/511 531/528
f 510/1168 534/512 530/511
f 1150/531 94/539 93/529
f 95/534 97/538 96/532
f 98/537 1151/540 1152/535
f 7/1169 90/1171 6/1173
f 108/1172 6/1173 91/2046
f 110/1174 8/1176 109/2047
f 114/1177 12/1179 113/2048
f 116/1180 14/1182 115/2049
f 90/1183 1051/1185 1228/2050
f 100/1186 1049/1188 1050/2051
f 102/1189 918/1191 919/2052
f 104/1192 753/1194 754/2053
f 106/1195 576/1197 752/2054
f 1048/1198 1153/1200 1229/2055
f 1043/1201 1021/1203 1045/2056
f 914/1204 894/1206 916/2057
f 748/1207 739/1209 750/2058
f 574/1210 723/1212 746/2059
f 1214/1213 108/1215 91/2060
f 998/1216 110/1218 109/2061
f 879/1219 112/1221 111/2062
f 701/1222 114/1224 113/2063
f 689/1225 116/1227 115/2064
f 1019/1228 1213/1230 1154/1957
f 1014/1231 995/1233 1016/1959
f 889/1234 878/1236 891/1961
f 721/1237 699/1239 737/1963
f 537/1240 688/1242 719/1965
f 9/1175 100/1244 8/1176
f 11/922 102/1246 10/927
f 13/1178 104/1248 12/1179
f 15/1181 106/1250 14/1182
f 153/1251 142/1253 139/2065
f 140/1254 153/1256 139/2066
f 141/1257 154/1259 140/2067
f 152/1260 141/1262 142/2068
f 149/1263 146/1265 143/2069
f 144/1266 149/1268 143/2070
f 145/1269 150/1271 144/2071
f 148/1272 145/1274 146/2072
f 142/1275 140/1277 139/2073
f 146/1278 144/1280 143/2074
f 152/915 154/917 153/916
f 148/925 150/923 149/926
f 1344/55 1346/40 1345/39
f 1347/41 1341/929 1340/2075
f 1377/1281 1382/45 1381/44
f 1383/46 1380/49 1379/48
f 1323/1282 170/1284 158/1287
f 178/1283 171/1286 170/1284
f 158/1287 173/1288 160/1298
f 170/1284 174/1289 173/1288
f 159/1290 176/1292 1335/1303
f 172/1291 177/1285 176/1292
f 161/1293 172/1291 159/1290
f 175/1294 171/1286 172/1291
f 162/1295 1321/912 1322/907
f 179/1296 1333/906 1321/912
f 160/1298 179/1296 162/1295
f 173/1288 180/1297 179/1296
f 1334/904 181/1299 163/1300
f 1332/905 180/1297 181/1299
f 163/1300 175/1294 161/1293
f 181/1299 174/1289 175/1294
f 1364/945 178/1283 1323/1282
f 184/1301 177/1285 178/1283
f 1335/1303 182/1304 1373/946
f 176/1292 183/1302 182/1304
f 1362/12 185/1305 164/1307
f 1361/19 186/1306 185/1305
f 164/1307 188/1308 166/1317
f 185/1305 189/1309 188/1308
f 165/1310 1372/10 1374/9
f 187/1311 1371/11 1372/10
f 167/1312 187/1311 165/1310
f 190/1313 186/1306 187/1311
f 168/1314 184/1301 1364/945
f 191/1315 183/1302 184/1301
f 166/1317 191/1318 168/2076
f 188/1308 192/1319 191/1318
f 1373/946 193/1320 169/1336
f 182/1304 192/1316 193/1320
f 169/1321 190/1313 167/1312
f 193/1322 189/1309 190/1313
f 1323/1282 199/1323 1319/943
f 158/1287 201/1324 199/1323
f 1330/948 159/1290 1335/1303
f 195/1325 161/1293 159/1290
f 1324/909 162/1295 1322/907
f 203/1327 160/1298 162/1295
f 1334/904 205/1328 1328/903
f 163/1300 197/1326 205/1328
f 1362/12 207/1329 1357/13
f 164/1307 209/1330 207/1329
f 1367/8 165/1310 1374/9
f 211/1331 167/1312 165/1310
f 1359/944 168/1314 1364/945
f 217/2077 166/1317 168/2076
f 1373/946 215/1337 1369/947
f 169/1336 213/1404 215/1337
f 194/1338 218/1340 1331/977
f 221/1339 219/1342 218/1340
f 196/1343 221/1339 194/1338
f 235/1344 222/1341 221/1339
f 1320/979 224/1347 198/1350
f 241/1346 225/1349 224/1347
f 198/1350 227/1351 200/1356
f 224/1347 228/1352 227/1351
f 202/1353 1317/911 1318/894
f 230/1354 1316/910 1317/911
f 200/1356 230/1354 202/1353
f 227/1351 155/1355 230/1354
f 1329/900 232/1357 204/1359
f 1325/899 233/1358 232/1357
f 204/1359 235/1344 196/1343
f 232/1357 236/1345 235/1344
f 1331/977 238/1360 1370/978
f 218/1340 239/1361 238/1360
f 1360/1362 241/1346 1320/979
f 259/1363 242/1348 241/1346
f 1358/17 244/1365 206/1367
f 1363/16 245/1366 244/1365
f 206/1367 247/1368 208/1465
f 244/1365 248/1369 247/1368
f 210/1370 1375/5 1368/4
f 250/1371 1366/6 1375/5
f 212/1373 250/1371 210/1370
f 256/1374 251/1372 250/1371
f 1370/978 253/1376 214/1378
f 238/1360 254/1377 253/1376
f 214/1378 256/1379 212/1470
f 253/1376 257/1380 256/1379
f 216/1381 259/1363 1360/1362
f 262/1382 260/1364 259/1363
f 208/1384 262/1382 216/1381
f 247/1385 263/1383 262/1382
f 199/1323 243/1388 1319/943
f 226/1387 242/1348 243/1388
f 201/1324 226/1387 199/1323
f 229/1389 225/1349 226/1387
f 1330/948 223/1391 195/1325
f 220/1390 222/1341 223/1391
f 195/1325 237/1392 197/1326
f 223/1391 236/1345 237/1392
f 1324/909 231/1393 203/1327
f 1315/908 155/1355 231/1393
f 203/1327 229/1389 201/1324
f 231/1393 228/1352 229/1389
f 205/1328 1327/902 1328/903
f 234/1394 1326/901 1327/902
f 197/1326 234/1394 205/1328
f 237/1392 233/1358 234/1394
f 1319/943 261/1395 1359/944
f 243/1388 260/1364 261/1395
f 1369/947 220/1390 1330/948
f 240/1396 219/1342 220/1390
f 207/1329 1355/14 1357/13
f 246/1397 1356/15 1355/14
f 209/1330 246/1397 207/1329
f 249/1398 245/1366 246/1397
f 1367/8 252/1399 211/1331
f 1365/7 251/1372 252/1399
f 211/1331 258/1400 213/1332
f 252/1399 257/1375 258/1400
f 1359/944 264/1401 217/1333
f 261/1395 263/1383 264/1401
f 217/1333 249/1402 209/1334
f 264/1401 248/1386 249/1402
f 215/1337 240/1396 1369/947
f 255/1403 239/1361 240/1396
f 213/1404 255/1403 215/1337
f 258/1405 254/1377 255/1403
f 1145/1406 265/1408 1314/958
f 1149/1407 267/1410 265/1408
f 1339/1411 1167/1413 1165/961
f 269/1412 1168/1415 1167/1413
f 1312/971 1147/1417 1146/972
f 273/1416 1148/1409 1147/1417
f 1166/974 275/1419 1337/975
f 1169/1418 271/1414 275/1419
f 1240/951 277/1421 1294/1494
f 1244/1420 279/1423 277/1421
f 1307/952 1247/1425 1245/953
f 281/1424 1248/1427 1247/1425
f 1306/956 278/1428 282/1429
f 282/1429 280/1430 284/1531
f 1292/959 1242/1432 1241/960
f 285/1433 1243/1422 1242/2078
f 1246/962 287/1435 1305/963
f 1249/1436 283/1426 287/2079
f 288/1437 1291/895 1304/898
f 284/1439 286/1438 288/1437
f 1351/964 1207/1442 1205/965
f 289/1441 1208/1444 1207/1442
f 1265/969 293/1446 1387/1555
f 1269/1445 295/1448 293/1446
f 1206/1449 297/1451 1349/970
f 1209/2080 291/1443 297/2081
f 1385/1454 1267/1456 1266/973
f 299/1455 1268/2082 1267/1456
f 1336/976 194/1338 1331/977
f 276/1458 196/1343 194/1338
f 1320/979 274/1460 1311/980
f 198/1350 268/1461 274/1460
f 1313/896 202/1353 1318/894
f 266/1462 200/1356 202/1353
f 1329/900 270/1463 1338/897
f 204/1359 272/1459 270/1463
f 1358/17 290/1464 1350/18
f 206/1367 292/1466 290/1464
f 1386/3 210/1370 1368/4
f 294/1467 212/1373 210/1370
f 1370/978 300/1469 1384/1596
f 214/2083 296/1468 300/2084
f 1348/981 216/1381 1360/1362
f 298/1472 208/1384 216/1381
f 265/1408 307/1475 1314/958
f 310/1474 308/1477 307/1475
f 267/1410 310/1474 265/1408
f 322/1478 311/1476 310/1474
f 1339/1411 313/1481 269/1412
f 340/1480 314/1483 313/1481
f 269/1412 316/1484 271/1414
f 313/1481 317/1485 316/1484
f 1312/971 319/1487 273/1416
f 367/1486 320/1489 319/1487
f 273/1416 322/1478 267/1410
f 319/1487 323/1479 322/1478
f 275/1419 325/1491 1337/975
f 328/1490 326/1493 325/1491
f 271/1414 328/1490 275/1419
f 316/1484 329/1492 328/1490
f 1294/1494 304/1496 1295/949
f 336/1497 305/1499 304/2085
f 1309/1500 331/1502 1307/952
f 303/1503 332/1505 331/1522
f 1297/1506 334/1508 1293/955
f 306/1507 335/1498 334/1508
f 1306/956 301/1510 1310/957
f 333/1509 302/1504 301/1510
f 1314/958 337/1511 1292/959
f 307/1475 338/1512 337/1511
f 1305/963 340/1480 1339/1411
f 358/1513 341/1482 340/1480
f 277/1421 336/1495 1294/1494
f 343/1515 335/2086 336/1495
f 279/1423 343/1515 277/1421
f 354/1518 344/1520 343/1515
f 1307/952 346/1521 281/1424
f 331/1502 347/1525 346/1521
f 281/1424 349/1524 283/1426
f 346/1521 350/1526 349/1524
f 1293/955 345/1527 278/1428
f 334/1508 344/1517 345/1527
f 278/1428 352/1528 280/1430
f 345/1527 353/1529 352/1528
f 282/1429 333/1509 1306/956
f 348/1530 332/1505 333/1509
f 284/1531 348/1530 282/1429
f 351/1532 347/1523 348/1530
f 1292/959 355/1534 285/1431
f 337/1511 356/1535 355/1534
f 285/1433 354/1518 279/1423
f 355/1534 353/1537 354/2087
f 287/1435 358/1513 1305/963
f 361/1538 359/1514 358/1513
f 283/1426 361/1540 287/2079
f 349/1541 362/1539 361/1538
f 286/1438 339/1544 1291/895
f 357/1543 338/1512 339/1544
f 280/1440 357/1543 286/1438
f 352/1545 356/1535 357/1543
f 1304/898 363/1547 288/1437
f 360/1546 362/1539 363/1547
f 288/1437 351/1548 284/1439
f 363/1547 350/1542 351/1548
f 1354/1549 364/1551 1351/964
f 1340/1552 365/1554 364/1566
f 1387/1555 1377/1557 1389/967
f 379/1558 1376/1560 1377/2088
f 1349/970 367/1486 1312/971
f 385/1561 368/1488 367/1486
f 1337/975 370/1563 1385/1454
f 325/1491 371/1564 370/1563
f 1351/964 373/1565 289/1441
f 364/1566 374/1567 373/1569
f 289/1441 376/1568 291/1443
f 373/1569 377/1570 376/2089
f 293/1446 379/1556 1387/1555
f 382/1572 380/1559 379/1558
f 295/1448 382/1571 293/1446
f 392/1575 383/1573 382/1572
f 297/1451 385/1561 1349/970
f 156/1577 386/1562 385/1561
f 291/1443 156/1579 297/2081
f 376/1580 388/1578 156/1577
f 1385/1454 157/1582 299/1455
f 370/1563 390/1583 157/1582
f 299/1455 392/2090 295/2091
f 157/1582 393/1585 392/2090
f 1336/976 330/1587 276/1458
f 327/1586 329/1492 330/1587
f 276/1458 318/1588 272/1459
f 330/1587 317/1485 318/1588
f 274/1460 369/1590 1311/980
f 321/1589 368/1488 369/1590
f 268/1461 321/1589 274/1460
f 324/1591 320/1489 321/1589
f 1313/896 312/1593 266/1462
f 309/1592 311/1476 312/1593
f 266/1462 324/1591 268/1461
f 312/1593 323/1479 324/1591
f 270/1463 342/1595 1338/897
f 315/1594 341/1482 342/1595
f 272/1459 315/1594 270/1463
f 318/1588 314/1483 315/1594
f 1384/1596 327/1586 1336/976
f 372/1597 326/1493 327/1586
f 1311/980 387/1598 1348/981
f 369/1590 386/1562 387/1598
f 290/1464 366/1600 1350/18
f 375/1599 365/1554 366/1600
f 292/1466 375/1599 290/1464
f 378/1601 374/1567 375/1599
f 1386/3 384/1603 294/1467
f 381/1602 383/1573 384/1603
f 294/1467 394/1604 296/1468
f 384/1603 393/1576 394/1604
f 300/1469 372/1597 1384/1596
f 391/1605 371/1564 372/1597
f 296/1468 391/1606 300/2084
f 394/1604 390/2092 391/1606
f 1348/981 389/1608 298/1472
f 387/1598 388/1578 389/1608
f 298/1473 378/1601 292/1466
f 389/1609 377/1570 378/1601
f 1291/895 309/1592 1313/896
f 339/1544 308/1477 309/1592
f 1338/897 360/1546 1304/898
f 342/1595 359/1514 360/1546
f 1350/18 1342/1610 1352/1
f 366/1600 1341/1553 1342/1610
f 1388/2 381/1602 1386/3
f 1378/1611 380/1559 381/1602
f 1300/63 1302/26 1301/25
f 301/937 1299/62 1298/61
f 1303/27 302/939 303/938
f 304/940 1289/33 1288/32
f 1287/58 305/942 306/941
f 1290/34 1286/57 1285/56
f 604/998 626/1613 605/999
f 410/1614 627/1616 626/2093
f 639/1001 404/1618 395/1693
f 416/1617 405/1620 404/1618
f 395/1621 407/1623 396/1631
f 404/1624 408/1626 407/2094
f 397/1627 410/1612 604/998
f 413/1628 411/2095 410/1612
f 396/1631 413/1628 397/1627
f 407/2094 414/1630 413/1629
f 635/1634 416/1617 639/1001
f 425/1635 417/1619 416/1617
f 632/1007 419/1638 398/1641
f 448/1637 420/1640 419/1638
f 398/1641 422/1642 399/1647
f 419/1638 423/1643 422/1642
f 400/1644 425/1635 635/1634
f 428/1645 426/1636 425/1635
f 399/1647 428/1645 400/1644
f 422/1642 429/1646 428/1645
f 672/83 663/1649 673/84
f 431/1648 664/1651 663/1649
f 670/85 431/1648 672/83
f 434/1652 432/1650 431/1648
f 667/88 440/1655 668/87
f 631/89 443/1654 667/88
f 446/1656 444/1658 443/1654
f 633/90 446/1656 631/89
f 421/1659 447/1657 446/1656
f 630/91 421/1659 633/90
f 424/1661 420/1660 421/1659
f 629/92 424/1661 630/91
f 430/1663 423/1662 424/1661
f 634/93 430/1663 629/92
f 427/1665 429/1664 430/1663
f 638/94 427/1665 634/93
f 418/1667 426/1666 427/1665
f 640/95 418/1667 638/94
f 406/1669 417/1668 418/1667
f 637/96 406/1669 640/95
f 409/1670 405/1625 406/1669
f 636/97 409/1670 637/96
f 415/1671 408/1626 409/1670
f 641/98 415/1671 636/97
f 412/1672 414/1630 415/1671
f 642/99 412/1672 641/98
f 628/1673 411/1615 412/1672
f 674/1006 433/1675 671/1681
f 665/1674 432/1677 433/1675
f 666/1678 448/1637 632/1007
f 445/1679 447/1639 448/1637
f 671/1681 436/1682 401/1684
f 433/1675 435/1683 436/1682
f 401/1684 439/1685 402/1702
f 436/1682 438/1686 439/1685
f 403/1687 445/1679 666/1678
f 402/1689 442/1688 403/1687
f 439/1690 441/1692 442/1688
f 601/1002 395/1693 600/2096
f 602/1694 395/1621 396/1631
f 599/1696 397/1627 604/998
f 603/1697 396/1631 397/1627
f 398/1641 623/1008 632/1007
f 399/1647 622/1698 398/1641
f 400/1644 621/1003 625/1700
f 399/1647 625/1700 624/1699
f 671/1681 660/1701 658/1004
f 401/1684 661/1703 660/1701
f 666/1678 662/1704 403/1687
f 403/1687 661/1705 402/1689
f 1254/1055 1069/1707 1252/2097
f 1071/1058 1072/1709 1070/2098
f 928/1061 929/1711 927/2099
f 779/1064 780/1713 778/2100
f 783/1067 595/1715 782/2101
f 1251/1716 1069/1718 1074/1741
f 1075/1719 1072/1721 1076/1742
f 931/1722 929/1724 932/1743
f 784/1725 780/1727 785/1744
f 786/1728 595/1730 597/1745
f 1253/1040 1077/1732 1065/1041
f 1066/1043 1079/1734 1067/1044
f 925/1046 934/1736 926/1047
f 775/1049 788/1738 776/1050
f 777/1052 598/1740 594/1053
f 1250/1731 1074/1741 1077/1732
f 1078/1733 1076/1742 1079/1734
f 933/1735 932/1743 934/1736
f 787/1737 785/1744 788/1738
f 789/1739 597/1745 598/1740
f 1172/1746 1098/1747 1099/1757
f 1100/1748 1103/1749 1102/1759
f 942/1750 945/1751 944/1761
f 791/1752 818/1753 817/1763
f 819/1754 618/1755 617/1765
f 1171/1756 1099/1757 1081/1775
f 1104/1758 1102/1759 1105/1777
f 946/1760 944/1761 947/1778
f 793/1762 817/1763 821/1779
f 822/1764 617/1765 619/1780
f 1082/1766 1173/1056 1170/1776
f 1106/1767 1097/1060 1096/1059
f 948/1769 941/1063 940/1062
f 794/1771 815/1066 790/1065
f 824/1773 616/1069 816/1068
f 1081/1775 1170/1776 1171/1756
f 1104/1758 1107/1768 1106/1767
f 946/1760 949/1770 948/1769
f 793/1762 823/1772 794/1771
f 822/1764 620/1774 824/1773
f 1274/1781 1126/1782 1272/1791
f 1121/1783 1128/1784 1127/1793
f 965/1785 977/1786 967/1795
f 835/1787 840/1788 839/1797
f 858/1789 655/1790 860/1799
f 1272/1791 1129/1792 1271/2102
f 1127/1793 1131/1794 1130/2103
f 967/1795 978/1796 968/2104
f 839/1797 842/1798 841/2105
f 860/1799 656/1800 861/2106
f 1273/1086 1132/1802 1123/1087
f 1124/1089 1134/1804 1125/1090
f 966/1092 979/1806 976/1093
f 837/1095 844/1808 838/1096
f 859/1098 657/1810 654/1099
f 1270/1801 1129/1812 1132/1802
f 1133/1803 1131/1814 1134/1804
f 969/1805 978/1816 979/1806
f 843/1807 842/1818 844/1808
f 862/1809 656/1820 657/1810
f 583/1142 464/1822 582/1837
f 545/1823 465/1825 464/2107
f 449/1826 470/1828 558/1844
f 458/1827 471/1830 470/1828
f 450/1831 458/1833 449/1903
f 461/1834 459/1836 458/2108
f 582/1837 467/1838 451/1841
f 464/2107 468/1843 467/1842
f 451/1841 461/1832 450/1831
f 467/1838 462/2109 461/1832
f 558/1844 479/1845 554/1143
f 470/1828 480/1846 479/1845
f 452/1847 502/1849 551/1888
f 473/1848 501/1851 502/1849
f 453/1852 473/1848 452/1847
f 476/1853 474/1850 473/1848
f 554/1143 482/1855 454/1857
f 479/1845 483/1856 482/1855
f 454/1857 476/1853 453/1852
f 482/1855 477/1854 476/1853
f 523/877 485/1859 522/878
f 513/1858 486/1861 485/1859
f 522/878 488/1862 520/876
f 485/1859 489/1863 488/1862
f 518/892 497/1865 517/891
f 517/891 500/1866 550/890
f 497/1865 501/1868 500/1866
f 550/890 475/1869 552/889
f 500/1866 474/1870 475/1869
f 552/889 478/1871 549/888
f 475/1869 477/1872 478/1871
f 549/888 484/1873 548/887
f 478/1871 483/1874 484/1873
f 548/887 481/1875 553/886
f 484/1873 480/1876 481/1875
f 553/886 472/1877 557/885
f 481/1875 471/1878 472/1877
f 557/885 460/1879 559/884
f 472/1877 459/1836 460/1879
f 559/884 463/1880 556/883
f 460/1879 462/1835 463/1880
f 556/883 469/1881 555/882
f 463/1880 468/1843 469/1881
f 555/882 466/1882 560/881
f 469/1881 465/1825 466/1882
f 560/881 547/1883 561/880
f 466/1882 546/1824 547/1883
f 521/1146 515/1885 524/1147
f 487/1884 514/1887 515/1885
f 551/1888 499/1889 516/1149
f 502/1849 498/1890 499/1889
f 455/1891 487/1884 521/1146
f 490/1892 486/1886 487/1884
f 456/1894 490/1892 455/1891
f 493/1895 489/1893 490/1892
f 516/1149 496/1897 457/1898
f 457/1898 493/1899 456/1914
f 496/1897 492/1901 493/1899
f 578/1902 558/1844 579/1145
f 450/1831 578/1904 580/1906
f 582/1837 581/1905 577/1140
f 451/1841 580/1906 581/1905
f 551/1888 541/1907 452/1847
f 452/1847 543/1908 453/1852
f 544/1909 554/1143 454/1857
f 543/1908 454/1857 453/1852
f 508/1910 455/1891 521/1146
f 510/1911 456/1894 455/1891
f 457/1898 509/1150 516/1149
f 456/1914 512/1913 457/1898
f 1227/1916 1048/1198 1229/2055
f 1046/1918 1043/1201 1045/2056
f 917/1920 914/1204 916/2057
f 751/1922 748/1207 750/2058
f 747/1924 574/1210 746/2059
f 1042/1926 1227/1928 1226/1951
f 1040/1929 1046/1931 1041/1952
f 912/1932 917/1934 913/1953
f 744/1935 751/1937 745/1954
f 573/1938 747/1940 743/1955
f 1051/1185 1225/1942 1228/2050
f 1049/1188 1038/1944 1050/2051
f 918/1191 911/1946 919/2052
f 753/1194 742/1948 754/2053
f 576/1197 740/1950 752/2054
f 1039/1941 1226/1951 1225/1942
f 1037/1943 1041/1952 1038/1944
f 910/1945 913/1953 911/1946
f 741/1947 745/1954 742/1948
f 572/1949 743/1955 740/1950
f 1018/1956 1154/1957 1152/1967
f 1015/1958 1016/1959 1017/1969
f 890/1960 891/1961 892/1971
f 722/1962 737/1963 738/1973
f 538/1964 719/1965 720/1975
f 1035/1966 1152/1967 1151/1981
f 1012/1968 1017/1969 1013/2110
f 887/1970 892/1971 888/2111
f 718/1972 738/1973 736/2112
f 536/1974 720/1975 717/2113
f 1150/1976 1036/1199 1034/1982
f 1021/1203 1010/1977 1011/1983
f 894/1206 885/1978 886/1984
f 739/1209 716/1979 735/1985
f 723/1212 535/1980 715/1986
f 1151/1981 1034/1982 1035/1966
f 1011/1983 1012/1968 1013/2110
f 886/1984 887/1970 888/2111
f 735/1985 718/1972 736/2112
f 715/1986 536/1974 717/2113
f 1212/1987 999/1214 1214/1213
f 992/1989 997/1217 998/1216
f 877/1991 869/1220 879/1219
f 697/1993 700/1223 701/1222
f 687/1995 507/1226 689/1225
f 1211/1997 993/1988 1212/1987
f 989/1999 991/1990 992/1989
f 876/2001 867/1992 877/1991
f 695/2003 696/1994 697/1993
f 686/2005 505/1996 687/1995
f 996/1229 1210/2008 1213/1230
f 994/1232 986/2010 995/1233
f 868/1235 875/2012 878/1236
f 698/1238 693/2014 699/1239
f 506/1241 685/2016 688/1242
f 987/2007 1211/2018 1210/2008
f 985/2009 989/2020 986/2010
f 865/2011 876/2022 875/2012
f 692/2013 695/2024 693/2014
f 503/2015 686/2026 685/2016
f 669/86 434/1652 670/85
f 437/2027 435/1653 434/1652
f 668/87 437/2027 669/86
f 440/1655 438/2028 437/2027
f 443/1654 441/2029 440/1655
f 442/1688 444/1680 445/1679
f 520/876 491/2030 519/893
f 488/1862 492/2031 491/2030
f 519/893 494/1864 518/892
f 491/2030 495/2032 494/1864
f 494/1864 498/1867 497/1865
f 499/1889 495/1900 496/1897
