# Derived from blenderjunky Stargate DHD (BlendSwap 75540 / 13419).
# Source notice: supplied-dhd-LICENSE.html; Fan Art, noncommercial use only.
o supplied-dhd-body
v 0.429135 0.050788 -0.001163
v 0.435735 0.013904 0.001412
v 0.427877 0.049226 0.006085
v 0.433664 0.013779 0.011079
v 0.027471 0.069864 -0.312296
v 0.027911 0.039360 -0.319558
v 0.033827 0.106853 -0.312062
v 0.035622 0.039112 -0.328724
v 0.378871 0.081837 -0.109189
v 0.386489 0.014773 -0.106012
v 0.222531 0.073357 -0.315612
v 0.218422 0.090233 -0.322370
v 0.250586 0.064206 -0.136021
v 0.255904 0.019990 -0.133555
v 0.323071 0.044541 0.128408
v 0.321829 0.010984 0.136200
v 0.336188 0.011248 0.125845
v 0.312665 0.045213 0.135283
v 0.330700 0.062659 0.119429
v 0.087238 0.094597 -0.359512
v 0.086832 0.037697 -0.364682
v 0.076771 0.095402 -0.354614
v 0.073797 0.039360 -0.358748
v 0.216062 0.043276 -0.192373
v 0.217893 0.049502 -0.199179
v 0.217763 0.079574 -0.200281
v 0.423898 0.015455 -0.067638
v 0.419649 0.015870 -0.075128
v 0.414371 0.073728 -0.072980
v 0.216633 0.066033 -0.172471
v 0.218602 0.029390 -0.170051
v 0.218891 0.087299 -0.166828
v 0.234474 0.049543 -0.250232
v 0.235058 0.095229 -0.255456
v 0.234098 0.094538 -0.247082
v 0.173510 0.050587 0.196172
v 0.176633 0.000290 0.203203
v 0.141602 0.053156 0.204293
v 0.148566 0.035366 -0.370690
v 0.346405 0.049413 -0.113685
v 0.335512 0.049657 -0.112893
v 0.020657 0.072240 -0.300857
v 0.015683 0.039593 -0.300561
v 0.014978 0.072298 -0.289410
v 0.022487 0.105120 -0.294311
v 0.021262 0.039677 -0.310125
v 0.430383 0.052153 -0.014862
v 0.437192 0.014405 -0.016912
v 0.430357 0.052244 -0.024531
v 0.436857 0.014185 -0.007535
v 0.376859 0.015205 -0.109458
v 0.288476 0.056412 -0.112206
v 0.292436 0.018367 -0.110799
v 0.206689 0.091563 -0.337637
v 0.206390 0.000298 -0.340929
v 0.212118 0.100929 -0.331025
v 0.353817 0.043399 0.104139
v 0.361276 0.010429 0.105233
v 0.367880 0.042956 0.090666
v 0.420426 0.013669 0.040782
v 0.421344 0.034710 0.031102
v 0.413714 0.067117 0.032416
v 0.061734 0.043743 -0.350881
v 0.062512 0.103307 -0.344398
v 0.071593 0.116438 -0.349263
v 0.406260 0.052800 -0.088291
v 0.414909 0.014877 -0.082277
v 0.409229 0.014932 -0.088978
v 0.234734 0.050311 -0.272945
v 0.234730 0.097183 -0.274859
v 0.233576 0.097262 -0.283285
v 0.235305 0.096370 -0.266534
v 0.228751 0.032308 -0.155433
v 0.226835 0.071461 -0.156324
v 0.218134 0.048841 0.181645
v 0.218586 0.015533 0.186897
v 0.246162 0.045967 0.170743
v 0.247570 0.014107 0.175537
v 0.127412 0.111710 -0.366448
v 0.126668 0.036078 -0.372416
v 0.137388 0.036106 -0.372085
v 0.214960 0.040355 -0.179509
v 0.213907 0.089320 -0.180324
v 0.436453 0.014601 -0.028862
v 0.434029 0.015532 -0.040895
v 0.427574 0.059095 -0.039106
v 0.429946 0.049707 -0.033242
v 0.225962 0.090111 -0.218434
v 0.010769 0.073009 -0.277094
v 0.010330 0.041084 -0.288111
v 0.013925 0.104581 -0.272650
v 0.017429 0.105107 -0.283026
v 0.033130 0.065405 0.219093
v 0.025123 0.028136 0.226009
v 0.053110 0.027382 0.223622
v 0.015723 0.077699 0.218141
v 0.194368 0.037810 -0.350644
v 0.189694 0.064688 -0.352713
v 0.185689 0.100682 -0.353510
v 0.304186 0.016236 -0.108614
v 0.296679 0.087777 -0.111444
v 0.389606 0.042895 0.068284
v 0.392001 0.010755 0.074309
v 0.044689 0.042172 -0.337326
v 0.050984 0.109431 -0.332763
v 0.050639 0.037641 -0.343147
v 0.049686 0.131908 -0.326935
v 0.422956 0.048254 0.021602
v 0.430750 0.013585 0.020432
v 0.426057 0.048960 0.012818
v 0.426128 0.013070 0.031416
v 0.391443 0.070347 -0.101316
v 0.402956 0.014970 -0.095001
v 0.400335 0.052143 -0.094718
v 0.396246 0.015123 -0.100199
v 0.242596 0.062197 -0.141760
v 0.234648 0.062947 -0.148487
v 0.245543 0.021135 -0.140668
v 0.230676 0.051910 -0.295242
v 0.227065 0.054236 -0.305961
v 0.231075 0.098797 -0.294119
v 0.227484 0.099818 -0.304616
v 0.271972 0.045590 0.158642
v 0.273734 0.012687 0.163589
v 0.289986 0.043478 0.149314
v 0.299090 0.011654 0.150166
v 0.107499 0.112202 -0.363927
v 0.112320 0.036550 -0.371322
v 0.098322 0.094278 -0.363312
v 0.115924 0.112132 -0.365421
v 0.098022 0.037227 -0.368306
v 0.409642 0.037146 0.047766
v 0.413332 0.012585 0.050870
v 0.408958 0.056719 0.042870
v 0.396582 0.054532 0.057912
v 0.431692 0.014760 -0.049731
v 0.423057 0.050494 -0.058944
v 0.428376 0.014968 -0.058234
v 0.425746 0.053715 -0.049780
v 0.229883 0.048645 -0.228017
v 0.232716 0.049149 -0.239043
v 0.229624 0.092345 -0.228143
v 0.232616 0.093606 -0.238970
v 0.108086 0.055624 0.211235
v 0.092609 0.027374 0.218419
v 0.083131 0.057533 0.215132
v 0.125552 0.023417 0.212634
v 0.169477 0.033546 -0.364827
v 0.176293 0.104220 -0.357960
v 0.180996 0.032078 -0.359482
v 0.317231 0.058354 -0.110485
v 0.325404 0.000296 -0.107845
v 0.339682 0.000295 -0.109922
v 0.105449 0.137193 0.200284
v 0.120282 0.120818 0.199649
v 0.088140 0.131204 0.203815
v 0.173232 0.168243 -0.355556
v 0.316215 0.113013 -0.113560
v 0.311896 0.148215 -0.114570
v 0.048865 0.199398 -0.301231
v 0.046990 0.170802 -0.311534
v 0.053900 0.226637 -0.294307
v 0.037573 0.167281 -0.296816
v 0.420634 0.113359 -0.005909
v 0.422459 0.096070 -0.004658
v 0.418887 0.130451 -0.004372
v 0.418724 0.112772 0.003511
v 0.421889 0.088046 0.003416
v 0.374044 0.114491 -0.112019
v 0.372395 0.089659 -0.112066
v 0.221088 0.143700 -0.317817
v 0.223266 0.119438 -0.313866
v 0.247220 0.128317 -0.138829
v 0.252334 0.149198 -0.136837
v 0.251973 0.100825 -0.135027
v 0.318488 0.114685 0.120366
v 0.313898 0.083639 0.127941
v 0.328344 0.098865 0.115116
v 0.308896 0.116138 0.126847
v 0.327434 0.130610 0.111942
v 0.091403 0.181850 -0.350601
v 0.088981 0.146565 -0.354606
v 0.082012 0.183994 -0.345311
v 0.093952 0.208243 -0.347078
v 0.079900 0.157604 -0.348556
v 0.085007 0.210510 -0.341617
v 0.216171 0.137665 -0.194524
v 0.218508 0.140183 -0.201028
v 0.217196 0.157196 -0.195017
v 0.216011 0.114241 -0.195552
v 0.219773 0.163370 -0.201303
v 0.408285 0.125656 -0.078539
v 0.412319 0.099582 -0.072893
v 0.411733 0.135179 -0.070988
v 0.216388 0.134409 -0.174085
v 0.217410 0.157658 -0.175001
v 0.218835 0.133619 -0.168379
v 0.219363 0.154815 -0.169948
v 0.218646 0.114248 -0.167628
v 0.236277 0.136473 -0.255084
v 0.237554 0.166457 -0.248765
v 0.235072 0.137687 -0.244680
v 0.238397 0.168147 -0.259218
v 0.168291 0.136690 0.186246
v 0.165701 0.094288 0.192266
v 0.182194 0.114625 0.184742
v 0.152040 0.117805 0.192778
v 0.334625 0.127499 -0.117429
v 0.345016 0.133219 -0.118210
v 0.155150 0.153202 -0.361183
v 0.145723 0.170265 -0.360879
v 0.153553 0.207306 -0.356425
v 0.162408 0.148700 -0.359974
v 0.164743 0.206769 -0.354660
v 0.034710 0.192247 -0.275884
v 0.030306 0.165498 -0.283316
v 0.039728 0.218350 -0.266909
v 0.043294 0.196799 -0.291488
v 0.421967 0.114878 -0.024088
v 0.423799 0.097415 -0.022885
v 0.420661 0.132232 -0.025226
v 0.421678 0.114175 -0.014778
v 0.423507 0.096793 -0.013551
v 0.420368 0.131461 -0.015942
v 0.355889 0.164128 -0.119113
v 0.362346 0.092602 -0.114921
v 0.351454 0.155580 -0.119123
v 0.211849 0.180999 -0.329647
v 0.207833 0.178339 -0.333913
v 0.217611 0.188147 -0.322683
v 0.283644 0.127209 -0.114863
v 0.283916 0.144870 -0.115615
v 0.348287 0.106619 0.097173
v 0.357120 0.116205 0.087267
v 0.346868 0.083186 0.102305
v 0.339652 0.122149 0.102867
v 0.406760 0.111056 0.031655
v 0.408063 0.093476 0.033784
v 0.408455 0.127912 0.025353
v 0.412451 0.093874 0.026197
v 0.402866 0.126720 0.035232
v 0.073626 0.186270 -0.339021
v 0.071118 0.159891 -0.342427
v 0.066166 0.188582 -0.331662
v 0.077046 0.212928 -0.335126
v 0.063277 0.162137 -0.335298
v 0.070037 0.215436 -0.327555
v 0.402335 0.108342 -0.088641
v 0.396823 0.110374 -0.095142
v 0.400527 0.143815 -0.090588
v 0.394518 0.142652 -0.097672
v 0.235697 0.138640 -0.276592
v 0.238096 0.169775 -0.269774
v 0.236530 0.137278 -0.265819
v 0.237195 0.179837 -0.279870
v 0.223069 0.132923 -0.161818
v 0.223829 0.152296 -0.162585
v 0.229411 0.132067 -0.154309
v 0.222969 0.113425 -0.161038
v 0.230111 0.151077 -0.155080
v 0.217531 0.122305 0.171936
v 0.217089 0.089874 0.176177
v 0.244476 0.119770 0.161277
v 0.131080 0.161576 -0.362133
v 0.134208 0.210638 -0.356627
v 0.136391 0.134237 -0.364603
v 0.125811 0.212538 -0.355672
v 0.142376 0.208999 -0.356985
v 0.214067 0.129659 -0.181547
v 0.215180 0.154743 -0.182307
v 0.420064 0.117342 -0.042884
v 0.423327 0.089920 -0.039016
v 0.418920 0.133384 -0.044248
v 0.421459 0.115635 -0.033495
v 0.423282 0.098037 -0.032541
v 0.420998 0.099117 -0.046212
v 0.420146 0.133764 -0.034211
v 0.029877 0.193074 -0.261453
v 0.023197 0.164977 -0.264232
v 0.036487 0.220970 -0.253530
v 0.026515 0.164963 -0.274531
v 0.225440 0.139150 -0.215080
v 0.226289 0.119460 -0.218164
v 0.228595 0.161347 -0.218966
v 0.029644 0.131820 0.208783
v 0.055538 0.109514 0.210512
v 0.194649 0.167382 -0.345153
v 0.190247 0.168542 -0.347864
v 0.198385 0.149904 -0.343164
v 0.301797 0.098254 -0.111454
v 0.294116 0.123609 -0.113007
v 0.383618 0.107618 0.061197
v 0.377827 0.090560 0.070286
v 0.375651 0.123930 0.067349
v 0.059943 0.191558 -0.323363
v 0.056984 0.165016 -0.327706
v 0.053691 0.192243 -0.313726
v 0.064183 0.218281 -0.318995
v 0.051532 0.168174 -0.319464
v 0.056595 0.211593 -0.309601
v 0.416171 0.111850 0.012159
v 0.417161 0.086618 0.018554
v 0.412508 0.128509 0.017091
v 0.411852 0.111102 0.022641
v 0.416253 0.129420 0.006553
v 0.390479 0.108163 -0.101258
v 0.384099 0.132249 -0.106469
v 0.388791 0.143771 -0.103157
v 0.384773 0.101468 -0.105736
v 0.231614 0.161115 -0.296740
v 0.232998 0.148302 -0.290952
v 0.228407 0.131373 -0.303199
v 0.236798 0.138519 -0.147538
v 0.236823 0.101919 -0.146177
v 0.244888 0.101179 -0.139774
v 0.269431 0.118359 0.149627
v 0.269729 0.085146 0.153747
v 0.287480 0.116585 0.140025
v 0.293356 0.083225 0.141059
v 0.398984 0.090992 0.047038
v 0.399834 0.116520 0.041105
v 0.394637 0.116675 0.047545
v 0.111528 0.166611 -0.359234
v 0.101526 0.179654 -0.354838
v 0.115183 0.214623 -0.353464
v 0.104939 0.216700 -0.350137
v 0.417783 0.114960 -0.055017
v 0.418651 0.097606 -0.056257
v 0.413597 0.117236 -0.067840
v 0.415133 0.142369 -0.060920
v 0.415889 0.099272 -0.064488
v 0.417259 0.134073 -0.053466
v 0.232914 0.143870 -0.233576
v 0.230409 0.122809 -0.228577
v 0.233012 0.171142 -0.227950
v 0.229321 0.141896 -0.223391
v 0.233431 0.124086 -0.239222
v 0.235581 0.165235 -0.238223
v 0.282948 0.168970 0.138200
v 0.286317 0.219712 0.133832
v 0.259459 0.169219 0.150160
v 0.398268 0.192570 0.037116
v 0.398811 0.164458 0.037560
v 0.391528 0.152886 0.047129
v 0.122138 0.297216 -0.340136
v 0.121319 0.259869 -0.347387
v 0.130339 0.338820 -0.333092
v 0.131367 0.294710 -0.343239
v 0.111929 0.262296 -0.343961
v 0.139047 0.336233 -0.336382
v 0.416112 0.210182 -0.061389
v 0.415398 0.172628 -0.059791
v 0.413627 0.212037 -0.069580
v 0.240099 0.231722 -0.229583
v 0.237091 0.198683 -0.232408
v 0.236239 0.228926 -0.220229
v 0.233941 0.203846 -0.222023
v 0.244800 0.264727 -0.230862
v 0.109230 0.174928 0.195674
v 0.123925 0.165024 0.193869
v 0.090990 0.162577 0.199610
v 0.181670 0.254127 -0.345297
v 0.180426 0.306287 -0.340350
v 0.184450 0.226351 -0.346771
v 0.176076 0.215738 -0.350902
v 0.314408 0.193981 -0.116264
v 0.318370 0.233797 -0.117334
v 0.327487 0.190005 -0.118835
v 0.070711 0.280083 -0.295587
v 0.067471 0.294177 -0.270417
v 0.086660 0.354367 -0.268987
v 0.079053 0.313473 -0.289520
v 0.086356 0.343193 -0.282245
v 0.418232 0.208210 -0.011170
v 0.418370 0.169068 -0.011719
v 0.416370 0.206660 -0.002179
v 0.415572 0.167851 0.001929
v 0.371804 0.190809 -0.116020
v 0.373711 0.229578 -0.117925
v 0.368547 0.178760 -0.116760
v 0.231620 0.247359 -0.301734
v 0.238762 0.314257 -0.291851
v 0.233680 0.319300 -0.299912
v 0.256729 0.214259 -0.139007
v 0.320038 0.193214 0.113689
v 0.318368 0.147355 0.117329
v 0.328049 0.168852 0.108736
v 0.310489 0.193406 0.120270
v 0.308727 0.147244 0.124014
v 0.330853 0.220975 0.104846
v 0.105550 0.302029 -0.330771
v 0.103162 0.264711 -0.339477
v 0.114572 0.343619 -0.323308
v 0.113506 0.299623 -0.335982
v 0.095134 0.267154 -0.333942
v 0.122119 0.341183 -0.328738
v 0.222481 0.222780 -0.193966
v 0.225048 0.225936 -0.199796
v 0.225383 0.250833 -0.192128
v 0.219486 0.188962 -0.195054
v 0.222703 0.200908 -0.200743
v 0.228212 0.255066 -0.197927
v 0.407859 0.198614 -0.081596
v 0.409240 0.177622 -0.077106
v 0.411742 0.234045 -0.077447
v 0.223446 0.223935 -0.173100
v 0.242762 0.222404 -0.250168
v 0.248159 0.275284 -0.243985
v 0.244340 0.249562 -0.238059
v 0.239268 0.197558 -0.242093
v 0.171944 0.186012 0.180803
v 0.184958 0.164332 0.178763
v 0.155289 0.168352 0.186549
v 0.335399 0.195858 -0.120109
v 0.332986 0.228364 -0.120344
v 0.161657 0.286662 -0.346228
v 0.162895 0.249902 -0.350558
v 0.168032 0.327076 -0.340012
v 0.171639 0.302185 -0.342902
v 0.152296 0.251776 -0.351420
v 0.068064 0.302685 -0.261390
v 0.061809 0.286877 -0.258598
v 0.083227 0.356711 -0.244699
v 0.081132 0.345423 -0.255466
v 0.419340 0.194833 -0.021245
v 0.419291 0.170084 -0.022775
v 0.419150 0.175479 -0.032808
v 0.420044 0.218034 -0.032387
v 0.419560 0.220297 -0.020138
v 0.357703 0.228615 -0.121518
v 0.363732 0.225972 -0.120587
v 0.220096 0.260933 -0.317570
v 0.227643 0.324013 -0.307548
v 0.222368 0.327004 -0.313035
v 0.288734 0.221789 -0.118339
v 0.348822 0.160091 0.091252
v 0.361973 0.182623 0.076972
v 0.356605 0.208867 0.082009
v 0.347506 0.191992 0.091115
v 0.403598 0.194466 0.029252
v 0.405628 0.164531 0.026659
v 0.409076 0.186933 0.018702
v 0.407230 0.238883 0.022630
v 0.092065 0.307040 -0.317143
v 0.087951 0.269634 -0.327360
v 0.101813 0.348165 -0.309370
v 0.098381 0.304574 -0.324479
v 0.080751 0.260860 -0.323205
v 0.107746 0.346214 -0.316738
v 0.397492 0.198792 -0.096775
v 0.399932 0.174705 -0.092275
v 0.402738 0.196076 -0.089726
v 0.394585 0.175934 -0.098707
v 0.245785 0.257471 -0.261386
v 0.240680 0.203388 -0.267160
v 0.243307 0.245075 -0.270344
v 0.227100 0.198446 -0.163603
v 0.237809 0.274018 -0.158003
v 0.233543 0.201098 -0.156420
v 0.229247 0.198881 0.161162
v 0.240961 0.183108 0.157389
v 0.212807 0.156844 0.170231
v 0.214453 0.233923 0.164343
v 0.141007 0.292026 -0.345280
v 0.141578 0.254585 -0.351116
v 0.148288 0.333505 -0.338611
v 0.151062 0.288923 -0.346336
v 0.131196 0.257387 -0.349757
v 0.157814 0.330310 -0.339833
v 0.220314 0.219470 -0.182087
v 0.223165 0.246896 -0.180650
v 0.418524 0.173714 -0.042131
v 0.418089 0.210928 -0.052475
v 0.419561 0.220146 -0.044018
v 0.417370 0.172009 -0.050817
v 0.055536 0.279043 -0.246897
v 0.076013 0.340682 -0.234302
v 0.232102 0.225708 -0.212775
v 0.236925 0.257632 -0.212755
v 0.033143 0.165778 0.204044
v 0.054878 0.158200 0.203645
v 0.207867 0.298899 -0.326906
v 0.199235 0.203632 -0.339951
v 0.192723 0.217266 -0.343245
v 0.209571 0.356323 -0.321919
v 0.296660 0.188418 -0.115663
v 0.306989 0.234423 -0.116368
v 0.388911 0.185023 0.048494
v 0.377214 0.161870 0.062180
v 0.390395 0.215780 0.046355
v 0.082274 0.310858 -0.299622
v 0.074244 0.275486 -0.306634
v 0.092534 0.351445 -0.291324
v 0.086734 0.308870 -0.309031
v 0.078969 0.273340 -0.315614
v 0.096777 0.350004 -0.300872
v 0.414054 0.206003 0.005599
v 0.412031 0.166988 0.012333
v 0.388181 0.176252 -0.104763
v 0.387541 0.226212 -0.109132
v 0.380971 0.169037 -0.109936
v 0.393811 0.225218 -0.103412
v 0.243309 0.277322 -0.278332
v 0.237110 0.211846 -0.286788
v 0.235410 0.236045 -0.293767
v 0.240680 0.201585 -0.149718
v 0.251727 0.270001 -0.145582
v 0.248485 0.201772 -0.143579
v 0.244409 0.271996 -0.151508
v 0.386545 0.276919 0.051169
v 0.389917 0.356557 0.056421
v 0.139667 0.506375 -0.259605
v 0.123466 0.448919 -0.276926
v 0.157979 0.560564 -0.253052
v 0.141991 0.504425 -0.266559
v 0.119607 0.449133 -0.266894
v 0.153647 0.559712 -0.243617
v 0.419638 0.324546 0.004210
v 0.422655 0.325083 -0.004793
v 0.425605 0.368036 0.005698
v 0.398559 0.334883 -0.113723
v 0.394386 0.293567 -0.112369
v 0.404210 0.333345 -0.108218
v 0.399088 0.278899 -0.106215
v 0.420525 0.411580 -0.109760
v 0.260687 0.430457 -0.255659
v 0.253525 0.369322 -0.264578
v 0.258303 0.435640 -0.263885
v 0.270709 0.489331 -0.247918
v 0.250905 0.375882 -0.272804
v 0.260501 0.355515 -0.140101
v 0.253205 0.357837 -0.145073
v 0.270390 0.400666 -0.136762
v 0.255742 0.308997 -0.143538
v 0.248336 0.310223 -0.149101
v 0.263244 0.404776 -0.141300
v 0.284779 0.304964 0.132182
v 0.291802 0.268131 0.129164
v 0.306925 0.304977 0.120374
v 0.292089 0.343162 0.130034
v 0.269009 0.268393 0.140620
v 0.315658 0.343347 0.117709
v 0.400295 0.319321 0.037098
v 0.399275 0.280878 0.036020
v 0.411071 0.361541 0.031734
v 0.403154 0.283249 0.030617
v 0.162421 0.439824 -0.316366
v 0.191957 0.558095 -0.289245
v 0.199478 0.556128 -0.293160
v 0.423227 0.327046 -0.070646
v 0.418901 0.281977 -0.070189
v 0.431033 0.369696 -0.072103
v 0.424827 0.326355 -0.061464
v 0.422176 0.290164 -0.057664
v 0.432521 0.369108 -0.063268
v 0.257523 0.397571 -0.208431
v 0.249526 0.320649 -0.219144
v 0.266395 0.450630 -0.196103
v 0.253273 0.391571 -0.200659
v 0.241113 0.262589 -0.220244
v 0.270444 0.457893 -0.203296
v 0.127369 0.296157 0.182016
v 0.150032 0.307660 0.177277
v 0.142623 0.343287 0.177283
v 0.110880 0.297266 0.184289
v 0.138821 0.274282 0.181776
v 0.119039 0.343115 0.180506
v 0.235624 0.526851 -0.295331
v 0.198609 0.355753 -0.328237
v 0.223316 0.501389 -0.303426
v 0.235928 0.511686 -0.296040
v 0.199026 0.405173 -0.323146
v 0.335090 0.341006 -0.120187
v 0.324968 0.342560 -0.117571
v 0.344956 0.381769 -0.120345
v 0.331896 0.291492 -0.120039
v 0.320781 0.299857 -0.117432
v 0.335846 0.388189 -0.117324
v 0.133480 0.505604 -0.238354
v 0.116919 0.449700 -0.256312
v 0.149886 0.561431 -0.228313
v 0.136141 0.506100 -0.249301
v 0.159163 0.601845 -0.207803
v 0.151300 0.561532 -0.233944
v 0.425099 0.325882 -0.014456
v 0.421847 0.286224 -0.016281
v 0.430121 0.368774 -0.008764
v 0.419310 0.281934 -0.005487
v 0.432755 0.368463 -0.022656
v 0.388815 0.336779 -0.120477
v 0.381455 0.297559 -0.120643
v 0.381678 0.338778 -0.123563
v 0.395976 0.386088 -0.123113
v 0.388238 0.296774 -0.117063
v 0.255320 0.440403 -0.271558
v 0.247469 0.382621 -0.280733
v 0.251853 0.445570 -0.278556
v 0.266669 0.501042 -0.260396
v 0.243007 0.387766 -0.288540
v 0.276481 0.352315 -0.131883
v 0.267841 0.354569 -0.136022
v 0.288977 0.390073 -0.128127
v 0.263281 0.298780 -0.138766
v 0.278512 0.403154 -0.132889
v 0.327986 0.305294 0.107230
v 0.325637 0.260384 0.108206
v 0.344836 0.307609 0.094872
v 0.335076 0.345073 0.105643
v 0.312339 0.262078 0.117184
v 0.340590 0.269767 0.097100
v 0.347736 0.347831 0.096434
v 0.159581 0.503107 -0.290460
v 0.147114 0.444021 -0.307458
v 0.184050 0.560289 -0.283511
v 0.140035 0.445920 -0.301278
v 0.174429 0.560577 -0.275657
v 0.238164 0.374805 -0.178825
v 0.240866 0.378877 -0.183667
v 0.249034 0.428106 -0.173316
v 0.230636 0.296413 -0.187882
v 0.232224 0.299100 -0.191167
v 0.417574 0.328412 -0.087207
v 0.428131 0.370949 -0.082636
v 0.420798 0.327740 -0.079206
v 0.416724 0.284338 -0.078211
v 0.424076 0.372946 -0.092348
v 0.237415 0.364950 -0.163129
v 0.247776 0.416015 -0.158169
v 0.239747 0.363269 -0.158602
v 0.232997 0.318620 -0.168097
v 0.249983 0.413247 -0.153931
v 0.235266 0.316114 -0.163283
v 0.262356 0.408457 -0.222456
v 0.256693 0.356142 -0.232629
v 0.263241 0.412898 -0.229441
v 0.273464 0.463529 -0.212530
v 0.260799 0.403802 -0.216795
v 0.254420 0.346373 -0.224322
v 0.274231 0.468487 -0.220617
v 0.180820 0.306601 0.170135
v 0.190906 0.269454 0.169475
v 0.202427 0.305577 0.164058
v 0.202613 0.342149 0.163594
v 0.161210 0.273325 0.177028
v 0.173591 0.342636 0.171026
v 0.359513 0.343348 -0.125191
v 0.367016 0.386288 -0.125465
v 0.345584 0.295579 -0.122952
v 0.356226 0.384559 -0.123521
v 0.353910 0.296799 -0.123826
v 0.208297 0.493056 -0.308562
v 0.195359 0.430027 -0.320787
v 0.226331 0.545107 -0.297441
v 0.187116 0.432596 -0.321306
v 0.219724 0.551060 -0.297716
v 0.131409 0.507390 -0.216318
v 0.152373 0.581480 -0.205968
v 0.132057 0.506109 -0.227643
v 0.153546 0.589317 -0.199257
v 0.427299 0.326787 -0.035502
v 0.423293 0.286526 -0.028331
v 0.433956 0.368872 -0.033077
v 0.426565 0.326594 -0.023927
v 0.423631 0.286757 -0.037200
v 0.366545 0.327576 -0.125143
v 0.370459 0.311715 -0.124226
v 0.384769 0.385516 -0.125952
v 0.374393 0.299061 -0.122981
v 0.376160 0.385665 -0.126244
v 0.247905 0.451542 -0.284887
v 0.234765 0.394923 -0.299313
v 0.245277 0.459460 -0.288506
v 0.258287 0.514774 -0.275649
v 0.240286 0.398018 -0.292691
v 0.261763 0.507833 -0.269985
v 0.302185 0.344129 -0.117723
v 0.317943 0.413261 -0.115938
v 0.359240 0.310118 0.082141
v 0.354818 0.271191 0.084675
v 0.374856 0.313014 0.066103
v 0.372660 0.352517 0.073985
v 0.416105 0.324873 0.012593
v 0.418005 0.364052 0.021320
v 0.408711 0.321416 0.025818
v 0.409422 0.284093 0.020453
v 0.152279 0.505976 -0.281408
v 0.133626 0.446941 -0.294266
v 0.146666 0.506588 -0.273309
v 0.167691 0.561344 -0.267685
v 0.128011 0.448126 -0.285903
v 0.162959 0.561081 -0.261387
v 0.409338 0.331668 -0.101846
v 0.419307 0.374071 -0.100550
v 0.413511 0.330181 -0.095246
v 0.407186 0.255183 -0.091964
v 0.415636 0.376448 -0.106144
v 0.263316 0.419142 -0.238262
v 0.256655 0.359786 -0.247182
v 0.262400 0.424795 -0.246956
v 0.273992 0.475602 -0.229693
v 0.255808 0.366765 -0.255373
v 0.272798 0.480994 -0.237957
v 0.246647 0.360207 -0.150616
v 0.242630 0.361952 -0.154842
v 0.256866 0.408752 -0.146390
v 0.241847 0.311903 -0.155053
v 0.234616 0.282900 -0.162472
v 0.253023 0.412218 -0.150343
v 0.250620 0.304778 0.147243
v 0.245180 0.268128 0.150901
v 0.242977 0.342482 0.150558
v 0.221700 0.305238 0.157940
v 0.216608 0.271671 0.161198
v 0.271904 0.342125 0.139047
v 0.190667 0.492953 -0.308530
v 0.178435 0.435382 -0.320648
v 0.209109 0.555449 -0.296320
v 0.199056 0.490725 -0.309635
v 0.170452 0.437646 -0.319073
v 0.214603 0.553554 -0.297366
v 0.235675 0.368316 -0.168999
v 0.246320 0.421381 -0.163638
v 0.231253 0.320782 -0.173962
v 0.426794 0.327413 -0.048954
v 0.423287 0.287118 -0.046739
v 0.433346 0.369295 -0.054990
v 0.434114 0.369036 -0.044595
v 0.128836 0.504518 -0.190751
v 0.110175 0.446580 -0.204756
v 0.143051 0.564242 -0.174979
v 0.129537 0.504668 -0.202004
v 0.145164 0.565399 -0.188427
v 0.249007 0.386329 -0.194757
v 0.233992 0.295778 -0.195936
v 0.253094 0.436547 -0.178023
v 0.261702 0.444034 -0.189505
v 0.038623 0.313885 0.187731
v 0.062784 0.276944 0.190465
v 0.086386 0.309684 0.185767
v 0.070570 0.346857 0.183828
v -0.000384 0.278428 0.193078
v 0.235005 0.467901 -0.298419
v 0.219804 0.375411 -0.313612
v 0.249732 0.530158 -0.285395
v 0.240862 0.462007 -0.293288
v 0.254488 0.523067 -0.280640
v 0.316076 0.341670 -0.116742
v 0.305476 0.304996 -0.117402
v 0.326785 0.386354 -0.116235
v 0.312208 0.302273 -0.116888
v 0.469133 0.496493 -0.049355
v 0.455160 0.454687 -0.053615
v 0.485475 0.541381 -0.048561
v 0.176051 0.703662 -0.154554
v 0.166532 0.659073 -0.164268
v 0.171725 0.690340 -0.145600
v 0.177721 0.721147 -0.136156
v 0.304294 0.587058 -0.170585
v 0.287640 0.544008 -0.175712
v 0.320664 0.625314 -0.167391
v 0.312472 0.617731 -0.162366
v 0.280841 0.537468 -0.168897
v 0.095684 0.454830 0.182233
v 0.095928 0.493467 0.185376
v 0.033211 0.458621 0.184219
v 0.030978 0.422070 0.182829
v 0.109062 0.416395 0.180350
v 0.035259 0.496552 0.187478
v 0.286939 0.642314 -0.255964
v 0.273824 0.614161 -0.265743
v 0.279994 0.643413 -0.262603
v 0.291439 0.667020 -0.255069
v 0.269294 0.617021 -0.270021
v 0.367135 0.527446 -0.112579
v 0.345946 0.488168 -0.113094
v 0.382648 0.577636 -0.110200
v 0.354765 0.482677 -0.114437
v 0.430583 0.484317 0.050433
v 0.420712 0.442854 0.045339
v 0.400434 0.441659 0.068738
v 0.455714 0.557465 0.053147
v 0.434724 0.537207 0.066986
v 0.193115 0.664142 -0.224995
v 0.177058 0.619910 -0.234219
v 0.188779 0.665623 -0.218395
v 0.196476 0.683771 -0.215389
v 0.178439 0.617236 -0.238817
v 0.174342 0.619102 -0.230010
v 0.202961 0.679882 -0.224840
v 0.461724 0.492086 -0.000077
v 0.449918 0.453114 -0.005265
v 0.476529 0.540745 0.011090
v 0.446111 0.511787 -0.109353
v 0.424351 0.448164 -0.114407
v 0.456797 0.553629 -0.110348
v 0.435569 0.467427 -0.108377
v 0.462601 0.551726 -0.104703
v 0.314250 0.629757 -0.222199
v 0.297988 0.586242 -0.226749
v 0.308440 0.631447 -0.229800
v 0.332081 0.663962 -0.216861
v 0.293881 0.591568 -0.235181
v 0.326447 0.663964 -0.222164
v 0.316039 0.572755 -0.126262
v 0.309947 0.577343 -0.130120
v 0.294518 0.504086 -0.130506
v 0.287527 0.507386 -0.134561
v 0.314004 0.426516 0.128013
v 0.345440 0.468746 0.118873
v 0.339998 0.528464 0.134359
v 0.330895 0.435792 0.120356
v 0.355622 0.506573 0.121352
v 0.442774 0.488405 0.037896
v 0.430293 0.445976 0.034915
v 0.449389 0.491309 0.029962
v 0.461230 0.547382 0.042706
v 0.436236 0.448489 0.027295
v 0.466802 0.547394 0.035562
v 0.244241 0.666181 -0.261993
v 0.232291 0.633243 -0.274516
v 0.231382 0.654409 -0.261678
v 0.253642 0.671978 -0.262833
v 0.244160 0.654008 -0.268614
v 0.224509 0.632360 -0.270533
v 0.466820 0.500958 -0.071349
v 0.453399 0.457267 -0.070869
v 0.482494 0.542785 -0.066637
v 0.468867 0.499008 -0.059899
v 0.454817 0.456177 -0.062068
v 0.484466 0.541709 -0.057029
v 0.313776 0.597786 -0.179131
v 0.296094 0.555062 -0.184466
v 0.319385 0.606357 -0.185677
v 0.333758 0.638775 -0.178591
v 0.301234 0.563821 -0.191075
v 0.327654 0.631804 -0.172630
v 0.170897 0.452059 0.176139
v 0.161415 0.414943 0.175071
v 0.179311 0.490675 0.178762
v 0.144145 0.452706 0.179382
v 0.135639 0.415583 0.178321
v 0.151839 0.493331 0.182276
v 0.278069 0.651936 -0.264275
v 0.264231 0.619286 -0.273693
v 0.272838 0.649761 -0.267321
v 0.248868 0.596014 -0.283546
v 0.374752 0.527620 -0.114646
v 0.387930 0.570891 -0.112570
v 0.388496 0.524844 -0.119850
v 0.362361 0.482339 -0.116486
v 0.401596 0.567051 -0.117842
v 0.376115 0.481211 -0.121392
v 0.185867 0.693893 -0.193462
v 0.167732 0.620222 -0.214245
v 0.183955 0.695586 -0.188542
v 0.183759 0.669599 -0.207860
v 0.169315 0.618272 -0.220113
v 0.166821 0.624088 -0.207807
v 0.190668 0.687943 -0.205218
v 0.465806 0.496475 -0.008961
v 0.453283 0.453425 -0.020400
v 0.481124 0.539784 -0.003006
v 0.483393 0.539244 -0.014544
v 0.437282 0.528837 -0.118726
v 0.407549 0.421571 -0.121766
v 0.436642 0.542213 -0.120365
v 0.451114 0.556860 -0.115017
v 0.304240 0.633152 -0.234788
v 0.287897 0.601301 -0.246357
v 0.298271 0.635633 -0.241984
v 0.314035 0.665623 -0.233068
v 0.322273 0.665314 -0.226205
v 0.323720 0.571596 -0.122860
v 0.338539 0.569657 -0.117665
v 0.302334 0.503802 -0.127145
v 0.364367 0.465813 0.107050
v 0.352789 0.429934 0.106546
v 0.383473 0.474723 0.095450
v 0.381909 0.538339 0.113073
v 0.371726 0.433631 0.093915
v 0.399859 0.557236 0.105696
v 0.210338 0.642086 -0.255844
v 0.225462 0.670958 -0.247987
v 0.217785 0.632207 -0.267022
v 0.307162 0.610895 -0.159768
v 0.275288 0.530531 -0.162753
v 0.277429 0.533620 -0.165316
v 0.463557 0.502962 -0.081590
v 0.448418 0.460530 -0.087233
v 0.460239 0.505057 -0.089249
v 0.476460 0.545916 -0.083596
v 0.451257 0.458923 -0.079389
v 0.479830 0.544110 -0.075325
v 0.295218 0.581675 -0.144054
v 0.272941 0.518768 -0.149991
v 0.274950 0.515494 -0.145963
v 0.330926 0.632983 -0.193949
v 0.307080 0.577256 -0.199127
v 0.327149 0.628669 -0.198663
v 0.350453 0.670920 -0.192743
v 0.346222 0.662648 -0.189211
v 0.324505 0.617183 -0.190923
v 0.305179 0.575312 -0.204402
v 0.346065 0.666726 -0.197698
v 0.356043 0.677465 -0.190043
v 0.340649 0.650738 -0.186967
v 0.230774 0.454660 0.163385
v 0.214029 0.416382 0.163863
v 0.239898 0.491724 0.165689
v 0.202233 0.453161 0.170230
v 0.192703 0.415359 0.168987
v 0.235622 0.416684 0.157831
v 0.210841 0.491851 0.172816
v 0.396929 0.524057 -0.122137
v 0.410164 0.565949 -0.120157
v 0.406309 0.522272 -0.123686
v 0.384221 0.479918 -0.123608
v 0.419878 0.564255 -0.121693
v 0.393724 0.478688 -0.125104
v 0.279444 0.680772 -0.260994
v 0.253752 0.630382 -0.277016
v 0.268063 0.648669 -0.269571
v 0.276591 0.680534 -0.261571
v 0.282484 0.681125 -0.260149
v 0.180203 0.699790 -0.175885
v 0.167640 0.651075 -0.181045
v 0.178040 0.702832 -0.165207
v 0.168286 0.640751 -0.195277
v 0.469726 0.498615 -0.036462
v 0.455435 0.455222 -0.038062
v 0.484471 0.539426 -0.023247
v 0.467633 0.495794 -0.020558
v 0.485500 0.540430 -0.038850
v 0.415581 0.521187 -0.124060
v 0.403080 0.477700 -0.125490
v 0.429202 0.562515 -0.122067
v 0.426707 0.537279 -0.122791
v 0.413141 0.482785 -0.124374
v 0.294553 0.635436 -0.246074
v 0.279178 0.610715 -0.259503
v 0.301551 0.666576 -0.244961
v 0.308339 0.664185 -0.237937
v 0.338174 0.495728 -0.112749
v 0.361074 0.575199 -0.108788
v 0.397699 0.472356 0.082286
v 0.387220 0.434734 0.080289
v 0.413415 0.493602 0.073183
v 0.425058 0.563379 0.086260
v 0.431322 0.563210 0.080105
v 0.417811 0.562650 0.092842
v 0.453799 0.493085 0.023089
v 0.440397 0.449964 0.020268
v 0.458789 0.498356 0.015867
v 0.472582 0.547851 0.026289
v 0.443360 0.450355 0.013263
v 0.473967 0.544099 0.020513
v 0.470055 0.546503 0.029898
v 0.205871 0.653351 -0.245070
v 0.196902 0.633773 -0.249424
v 0.199359 0.660270 -0.234491
v 0.210265 0.676124 -0.233933
v 0.187461 0.627818 -0.243167
v 0.217941 0.673060 -0.241802
v 0.456085 0.507263 -0.096642
v 0.440718 0.465155 -0.101630
v 0.451198 0.509108 -0.103409
v 0.467634 0.549745 -0.098525
v 0.444845 0.463204 -0.094996
v 0.472429 0.547757 -0.091250
v 0.319611 0.626699 -0.212607
v 0.303352 0.577531 -0.210940
v 0.342048 0.664479 -0.203836
v 0.323697 0.626529 -0.204382
v 0.300864 0.582318 -0.219576
v 0.337030 0.663749 -0.211261
v 0.302396 0.576226 -0.135139
v 0.296872 0.576869 -0.140183
v 0.279792 0.511842 -0.140481
v 0.272501 0.454803 0.150215
v 0.262327 0.418099 0.149073
v 0.302811 0.474407 0.140876
v 0.286783 0.417850 0.139435
v 0.238697 0.630847 -0.277530
v 0.264471 0.666805 -0.266528
v 0.245023 0.629086 -0.278480
v 0.255241 0.663902 -0.267029
v 0.288775 0.573307 -0.151608
v 0.301950 0.610159 -0.149418
v 0.521811 0.660428 -0.085777
v 0.503936 0.626084 -0.088982
v 0.515536 0.660711 -0.092877
v 0.540180 0.694684 -0.082417
v 0.498065 0.626685 -0.095925
v 0.532821 0.692949 -0.089696
v 0.300183 0.633775 0.171843
v 0.328172 0.638050 0.161621
v 0.307312 0.678834 0.179392
v 0.280602 0.585436 0.169050
v 0.322191 0.592625 0.154863
v 0.573496 0.718028 -0.029160
v 0.526848 0.632032 -0.039997
v 0.576094 0.724092 -0.033341
v 0.546105 0.666937 -0.028071
v 0.566712 0.704649 -0.024209
v 0.348780 0.690087 -0.163078
v 0.357510 0.711478 -0.160582
v 0.129001 0.620593 0.203842
v 0.126302 0.578559 0.196220
v 0.109972 0.662131 0.213597
v 0.038887 0.622114 0.207871
v 0.038069 0.578922 0.199530
v 0.039632 0.664326 0.217270
v 0.477715 0.651673 0.068143
v 0.468339 0.608757 0.060453
v 0.489776 0.655380 0.058932
v 0.508428 0.697605 0.061130
v 0.454940 0.605510 0.071947
v 0.527773 0.658778 0.017395
v 0.506116 0.615239 0.017438
v 0.543615 0.699911 0.026461
v 0.521867 0.658835 0.025839
v 0.511201 0.616678 0.009183
v 0.560831 0.727955 0.024994
v 0.494150 0.632882 -0.101762
v 0.486995 0.633164 -0.107214
v 0.525233 0.691538 -0.095974
v 0.517436 0.691022 -0.101486
v 0.357836 0.642244 0.149257
v 0.350933 0.592067 0.142052
v 0.382223 0.645312 0.137673
v 0.378576 0.688215 0.150520
v 0.345351 0.683832 0.165114
v 0.498600 0.657194 0.051671
v 0.486608 0.612996 0.043951
v 0.505719 0.658985 0.045464
v 0.520382 0.700995 0.052219
v 0.478851 0.610020 0.050746
v 0.520319 0.627557 -0.060151
v 0.559220 0.702479 -0.055662
v 0.566671 0.710064 -0.043448
v 0.523141 0.627820 -0.050378
v 0.354717 0.686066 -0.172239
v 0.365933 0.703139 -0.177448
v 0.364815 0.708190 -0.171483
v 0.348258 0.664884 -0.178759
v 0.362963 0.709273 -0.168023
v 0.193592 0.617506 0.196798
v 0.182498 0.574379 0.190509
v 0.189483 0.660304 0.206401
v 0.165770 0.616903 0.200306
v 0.162666 0.573847 0.192819
v 0.204643 0.575853 0.187068
v 0.207117 0.662221 0.203634
v 0.162112 0.658906 0.209563
v 0.537397 0.659096 -0.000410
v 0.516084 0.619100 0.000540
v 0.568909 0.724538 0.010335
v 0.532832 0.658274 0.008450
v 0.519733 0.620868 -0.008552
v 0.509192 0.691208 -0.106181
v 0.478867 0.632426 -0.111857
v 0.502187 0.689863 -0.108939
v 0.463737 0.612298 -0.115970
v 0.403185 0.649818 0.126758
v 0.396426 0.602364 0.119106
v 0.419621 0.651786 0.116515
v 0.424269 0.697342 0.127537
v 0.415207 0.607213 0.107685
v 0.403770 0.692246 0.138364
v 0.514984 0.627612 -0.072890
v 0.528077 0.661773 -0.078086
v 0.552922 0.699352 -0.066360
v 0.509014 0.625237 -0.081434
v 0.546875 0.696817 -0.074624
v 0.359066 0.686535 -0.180716
v 0.367126 0.702414 -0.181713
v 0.257663 0.625394 0.183669
v 0.236843 0.578213 0.180268
v 0.242854 0.666988 0.196584
v 0.227408 0.622637 0.190817
v 0.259946 0.580539 0.174458
v 0.279390 0.672901 0.187751
v 0.544505 0.664472 -0.018574
v 0.522250 0.622732 -0.017561
v 0.563351 0.699312 -0.015186
v 0.549051 0.675570 -0.008678
v 0.524462 0.625988 -0.026603
v 0.472943 0.666027 -0.114691
v 0.453665 0.625434 -0.118075
v 0.486963 0.692765 -0.111925
v 0.489405 0.683531 -0.112082
v 0.449165 0.657062 0.095598
v 0.438646 0.608468 0.088243
v 0.462701 0.699395 0.101222
v 0.438314 0.654791 0.103687
v 0.427618 0.609747 0.098349
v 0.447268 0.699509 0.112883
v 0.512611 0.660274 0.038218
v 0.498869 0.617218 0.030068
v 0.517527 0.661650 0.033184
v 0.528223 0.698601 0.043025
v 0.492764 0.614856 0.037438
v 0.536294 0.700493 0.035466
v 0.515527 0.811111 0.119106
v 0.492821 0.773759 0.113909
v 0.543706 0.836950 0.117170
v 0.496356 0.803045 0.126522
v 0.474497 0.760661 0.119787
v 0.502935 0.772359 0.104950
v 0.559253 0.860883 0.123071
v 0.574789 0.777929 0.050165
v 0.557316 0.757259 0.050731
v 0.587934 0.795052 0.053644
v 0.567938 0.781727 0.059674
v 0.340698 0.783991 0.198074
v 0.318272 0.749973 0.195257
v 0.346913 0.814094 0.207494
v 0.308731 0.780502 0.209471
v 0.349524 0.753102 0.183444
v 0.315505 0.810494 0.218554
v 0.592124 0.754650 -0.016691
v 0.592782 0.757076 -0.025627
v 0.113708 0.773877 0.245484
v 0.041895 0.739695 0.238110
v 0.147395 0.803921 0.254330
v 0.043341 0.775289 0.249759
v 0.142433 0.738132 0.232188
v 0.044806 0.807003 0.261427
v 0.526073 0.805148 0.107834
v 0.524328 0.765847 0.083231
v 0.560847 0.817758 0.091870
v 0.585668 0.770458 0.030816
v 0.576742 0.751901 0.024541
v 0.595191 0.783627 0.033482
v 0.580609 0.774433 0.040863
v 0.568310 0.754748 0.037207
v 0.592658 0.790330 0.044072
v 0.395433 0.789413 0.175783
v 0.393704 0.757902 0.164702
v 0.417225 0.791811 0.165975
v 0.405444 0.818777 0.183660
v 0.372446 0.787304 0.185646
v 0.371691 0.756055 0.174506
v 0.427103 0.820700 0.173908
v 0.381724 0.817188 0.193861
v 0.556264 0.785823 0.071753
v 0.546319 0.760343 0.062267
v 0.581560 0.802205 0.065642
v 0.203591 0.771834 0.236586
v 0.197655 0.737084 0.225974
v 0.221194 0.772675 0.233632
v 0.209547 0.804053 0.247761
v 0.182508 0.771535 0.239352
v 0.176869 0.736899 0.228739
v 0.215277 0.737980 0.222996
v 0.227325 0.804810 0.244703
v 0.188116 0.803651 0.250509
v 0.590794 0.765900 0.017484
v 0.582564 0.751341 0.014824
v 0.592624 0.761672 0.006894
v 0.598466 0.777325 0.019525
v 0.581854 0.743296 0.005985
v 0.445719 0.795089 0.152079
v 0.448889 0.762850 0.136427
v 0.475467 0.796848 0.136008
v 0.458892 0.821891 0.157821
v 0.422779 0.760980 0.150648
v 0.490745 0.823589 0.141087
v 0.272531 0.777173 0.221297
v 0.263132 0.743149 0.212567
v 0.280924 0.807533 0.230075
v 0.247212 0.773674 0.227842
v 0.238778 0.739250 0.218043
v 0.283034 0.746708 0.207269
v 0.251251 0.806054 0.239116
v 0.593768 0.759229 -0.003409
v 0.587066 0.746823 -0.004487
v 0.592022 0.754792 -0.010838
v 0.598887 0.769792 0.004086
v 0.500489 0.877307 0.167780
v 0.503043 0.862589 0.156970
v 0.473984 0.885040 0.186608
v 0.465474 0.867414 0.179594
v 0.479132 0.900892 0.194987
v 0.296624 0.887250 0.262243
v 0.276679 0.862119 0.255982
v 0.285197 0.909067 0.278805
v 0.264449 0.886412 0.272513
v 0.317630 0.862962 0.241920
v 0.320901 0.908602 0.266075
v 0.552573 0.867133 0.131600
v 0.521530 0.875302 0.155048
v 0.372252 0.888614 0.234411
v 0.366105 0.866063 0.224265
v 0.357335 0.908840 0.252771
v 0.334139 0.887353 0.248567
v 0.397692 0.910060 0.237878
v 0.125484 0.887481 0.295172
v 0.120708 0.862113 0.281742
v 0.126243 0.912042 0.309898
v -0.001122 0.866817 0.291245
v 0.000112 0.916419 0.319530
v 0.442243 0.895779 0.209151
v 0.431482 0.871621 0.199049
v 0.436002 0.917599 0.226936
v 0.408143 0.892530 0.222153
v 0.405185 0.868336 0.209026
v 0.221426 0.886378 0.284070
v 0.218370 0.861126 0.271654
v 0.240152 0.886186 0.279468
v 0.224872 0.910119 0.296716
v 0.198845 0.886548 0.288033
v 0.196173 0.860866 0.274886
v 0.239596 0.862437 0.267522
v 0.248217 0.909802 0.290742
v 0.201932 0.910865 0.301550
v 0.247326 0.983516 0.344284
v 0.236823 0.955805 0.324810
v 0.269135 0.974440 0.331988
v 0.223777 0.985730 0.350110
v 0.213314 0.957748 0.330541
v 0.260384 0.953748 0.317660
v 0.278262 0.994094 0.346413
v 0.305856 0.966945 0.314994
v 0.297806 0.949115 0.302809
v 0.338965 0.959951 0.298133
v 0.314122 0.984058 0.327588
v 0.332885 0.944678 0.287410
v 0.346026 0.973980 0.308431
v 0.380595 0.950299 0.274920
v 0.378868 0.939732 0.266732
v 0.376749 0.962140 0.287011
v 0.107253 0.998682 0.371365
v 0.075124 0.965507 0.349001
v 0.151423 0.994514 0.364887
v 0.056335 0.992845 0.369812
v 0.145000 0.962170 0.341842
v 0.433769 0.943484 0.247661
v 0.439834 0.939861 0.241817
v 0.418629 0.944756 0.255329
v 0.413808 0.935697 0.249896
v 0.336828 0.688419 -0.152839
v 0.340698 0.703692 -0.147861
v 0.331116 0.669002 -0.156306
v 0.344856 0.702384 -0.153450
v 0.398748 0.682831 -0.102461
v 0.411750 0.712123 -0.100071
v 0.386224 0.650606 -0.104605
v 0.333329 0.677651 -0.131003
v 0.348243 0.709015 -0.125561
v 0.337386 0.672834 -0.126632
v 0.343251 0.708931 -0.130298
v 0.352474 0.651681 -0.117120
v 0.371397 0.712191 -0.113904
v 0.331752 0.688432 -0.138476
v 0.345314 0.721176 -0.134382
v 0.333614 0.688387 -0.134456
v 0.322584 0.663391 -0.140548
v 0.346897 0.722681 -0.131532
v 0.324404 0.662941 -0.136661
v 0.410123 0.680459 -0.102774
v 0.425397 0.706126 -0.100811
v 0.420248 0.678828 -0.103959
v 0.399369 0.644904 -0.105390
v 0.330198 0.687289 -0.143622
v 0.337745 0.705187 -0.141364
v 0.321823 0.665253 -0.145711
v 0.343132 0.668492 -0.122396
v 0.363061 0.711056 -0.117065
v 0.349148 0.663666 -0.119054
v 0.355547 0.711112 -0.120944
v 0.428499 0.677424 -0.106045
v 0.445867 0.676711 -0.110951
v 0.411526 0.646915 -0.107110
v 0.436112 0.703362 -0.102632
v 0.429119 0.641235 -0.113410
v 0.455662 0.676597 -0.112799
v 0.467879 0.678061 -0.113653
v 0.438079 0.639491 -0.115649
v 0.215289 0.035239 -0.178573
v 0.214354 0.134971 -0.180873
v 0.215269 0.154399 -0.181452
v 0.214017 0.115661 -0.180226
v 0.221945 0.235157 -0.180639
v 0.217568 0.186831 -0.181955
v 0.235760 0.368038 -0.168312
v 0.246308 0.420475 -0.163047
v 0.231236 0.319301 -0.173360
v 0.283404 0.557322 -0.152010
v 0.296968 0.596021 -0.149679
v 0.271429 0.522095 -0.154526
v 0.329845 0.686540 -0.143130
v 0.343691 0.719127 -0.138515
v 0.320053 0.660498 -0.145531
v 0.215049 0.049490 -0.186574
v 0.215769 0.024162 -0.185503
v 0.214864 0.136143 -0.188037
v 0.215908 0.155835 -0.189057
v 0.214419 0.116182 -0.187275
v 0.221102 0.220987 -0.188308
v 0.223938 0.248834 -0.186396
v 0.218139 0.187079 -0.189263
v 0.236532 0.371266 -0.173841
v 0.247241 0.423955 -0.169209
v 0.232163 0.323874 -0.179472
v 0.301936 0.604134 -0.156130
v 0.271964 0.524421 -0.154987
v 0.273799 0.527926 -0.160535
v 0.332181 0.686998 -0.147548
v 0.324929 0.664901 -0.151540
v 0.006003 0.053545 -0.126488
v 0.013353 0.122048 -0.125704
v 0.005003 0.038991 -0.271891
v 0.029238 0.203870 -0.124172
v 0.047697 0.267036 -0.122692
v 0.064470 0.316338 -0.213510
v 0.079378 0.359854 -0.203320
v 0.124019 0.496436 -0.117354
v 0.098883 0.417212 -0.118906
v 0.140069 0.575219 -0.116413
v 0.127085 0.500533 -0.153267
v 0.143524 0.578729 -0.140008
v 0.173029 0.702209 -0.113720
v 0.167698 0.678845 -0.119487
v 0.162459 0.724723 -0.116234
v 0.177455 0.724317 -0.107518
v 0.084822 0.720921 -0.116233
v 0.118090 0.720680 -0.116234
v 0.007685 0.069145 -0.267537
v 0.011324 0.103316 -0.262708
v 0.026898 0.192766 -0.245731
v 0.020689 0.164588 -0.251461
v 0.034282 0.220873 -0.239215
v 0.027480 0.192869 -0.251332
v 0.021276 0.164586 -0.256478
v 0.034836 0.220951 -0.245552
v 0.052717 0.281163 -0.223630
v 0.064018 0.313666 -0.223412
v 0.053663 0.281784 -0.233895
v 0.126643 0.497643 -0.160970
v 0.109720 0.445761 -0.169798
v 0.143822 0.576126 -0.148979
v 0.128161 0.502950 -0.180279
v 0.106944 0.438087 -0.195169
v 0.173458 0.703497 -0.125676
v 0.165727 0.665265 -0.146163
v 0.177387 0.722674 -0.126127
v 0.020125 0.163131 -0.124979
v -0.000342 0.490066 -0.117730
v 0.012769 0.568487 -0.116619
v 0.289039 0.058397 -0.111942
v 0.293142 0.018883 -0.110474
v 0.284251 0.131021 -0.114731
v 0.285759 0.099511 -0.113403
v 0.289433 0.221270 -0.118012
v 0.286298 0.179430 -0.116772
v 0.303087 0.345201 -0.117469
v 0.312463 0.386266 -0.116470
v 0.298450 0.299217 -0.118189
v 0.348884 0.530879 -0.110917
v 0.336614 0.486581 -0.113012
v 0.399777 0.683287 -0.102266
v 0.411876 0.710470 -0.100049
v 0.387259 0.651190 -0.104400
v 0.280751 0.017985 -0.118671
v 0.281701 0.061438 -0.116664
v 0.267361 0.127206 -0.126099
v 0.268824 0.148119 -0.126368
v 0.268354 0.106181 -0.124957
v 0.281767 0.268236 -0.127084
v 0.293736 0.347987 -0.122852
v 0.285325 0.350383 -0.127557
v 0.299019 0.311469 -0.118281
v 0.282797 0.307060 -0.128212
v 0.347883 0.572835 -0.114229
v 0.321437 0.492732 -0.119920
v 0.371955 0.664066 -0.111296
v 0.391113 0.713547 -0.107882
v 0.232151 0.000297 -0.231996
v 0.228229 0.000297 -0.219067
v 0.235552 0.000297 -0.254981
v 0.234390 0.000297 -0.243371
v 0.234597 0.000297 -0.278367
v 0.235623 0.000297 -0.266674
v 0.231749 0.000297 -0.293222
v 0.222146 0.000297 -0.318166
v 0.188906 0.000296 -0.355950
v 0.198955 0.000298 -0.348205
v 0.169999 0.000296 -0.366207
v 0.179836 0.000297 -0.361505
v 0.149281 0.000297 -0.372549
v 0.160200 0.000297 -0.369781
v 0.126675 0.000297 -0.374711
v 0.138086 0.000297 -0.374197
v 0.103727 0.000297 -0.372302
v 0.115198 0.000297 -0.374080
v 0.081275 0.000296 -0.365346
v 0.092362 0.000297 -0.369384
v 0.068620 0.000297 -0.359142
v 0.049573 0.000296 -0.346461
v 0.029187 0.000296 -0.327781
v 0.015981 0.000296 -0.309578
v 0.009978 0.000296 -0.298010
v 0.002681 0.000299 -0.277437
v 0.216766 0.000297 -0.178129
v 0.227351 0.000297 -0.158654
v 0.242874 0.000297 -0.143735
v 0.254562 0.000297 -0.135208
v 0.275694 0.000297 -0.122808
v 0.348794 0.000296 -0.110760
v 0.216968 0.000297 -0.188559
v 0.416373 0.000298 0.053389
v 0.409742 0.000299 0.060718
v 0.219532 0.000297 -0.198633
v 0.426916 0.000298 0.038508
v 0.421879 0.000296 0.046331
v 0.433969 0.000297 0.023633
v 0.431244 0.000296 0.030163
v 0.439579 0.000298 0.002911
v 0.438131 0.000297 0.010036
v 0.441136 0.000297 -0.015959
v 0.440760 0.000297 -0.006359
v 0.439350 0.000296 -0.034845
v 0.440674 0.000296 -0.025416
v 0.434205 0.000296 -0.053015
v 0.437191 0.000296 -0.044050
v 0.426069 0.000297 -0.069998
v 0.430930 0.000295 -0.060552
v 0.416113 0.000297 -0.084402
v 0.421553 0.000296 -0.077271
v 0.403598 0.000297 -0.096476
v 0.410150 0.000297 -0.090777
v 0.388770 0.000297 -0.105576
v 0.396454 0.000297 -0.101471
v 0.370108 0.000299 -0.110249
v 0.380827 0.000297 -0.108423
v 0.043899 0.000410 0.228148
v 0.021767 0.000463 0.229846
v 0.111555 0.000321 0.218602
v 0.076752 0.000353 0.224349
v 0.237229 0.000292 0.182899
v 0.213161 0.000297 0.191756
v 0.295614 0.000297 0.155633
v 0.277775 0.000288 0.164933
v 0.339891 0.000297 0.127461
v 0.329764 0.000297 0.134722
v 0.318996 0.000297 0.141850
v 0.369260 0.000296 0.102384
v 0.358146 0.000297 0.112625
v 0.388806 0.000297 0.082726
v 0.218441 0.111783 -0.201974
v 0.064471 0.134293 -0.341517
v 0.056928 0.136523 -0.334130
v 0.043031 0.138934 -0.316266
v 0.028109 0.137209 -0.292897
v 0.018118 0.135529 -0.268863
v 0.022535 0.135989 -0.281704
v 0.214053 0.088164 -0.179435
v 0.222918 0.088896 -0.160771
v 0.268846 0.081620 -0.124609
v 0.214396 0.088108 -0.186973
v 0.398884 0.074064 0.050744
v 0.215465 0.086971 -0.193283
v 0.407867 0.075071 0.039022
v 0.424890 0.077782 -0.003283
v 0.426262 0.078886 -0.021599
v 0.425957 0.078385 -0.012244
v 0.425766 0.079266 -0.031346
v 0.420781 0.079818 -0.054896
v 0.405199 0.081183 -0.086755
v 0.398199 0.081315 -0.094993
v 0.356800 0.081723 0.093318
v 0.378507 0.073543 0.072971
v 0.429857 0.051867 -0.007749
v 0.028671 0.107202 -0.304224
v 0.368313 0.089564 -0.113438
v 0.215314 0.101174 -0.326759
v 0.271814 0.023362 -0.124015
v 0.301620 0.044193 0.142397
v 0.345632 0.011179 0.118494
v 0.339769 0.063256 0.112183
v 0.411185 0.054420 -0.081588
v 0.215413 0.000296 -0.178513
v 0.222528 0.032263 -0.163085
v 0.235151 0.049887 -0.261567
v 0.196033 0.049786 0.189244
v 0.159406 0.033884 -0.368235
v 0.144902 0.134101 -0.364099
v 0.353564 0.089902 -0.115711
v 0.292831 0.018268 -0.106501
v 0.289140 0.053342 -0.107798
v 0.416884 0.067740 0.026347
v 0.056092 0.106002 -0.338448
v 0.233227 0.051045 -0.284260
v 0.226368 0.046123 -0.218058
v 0.069726 0.028196 0.221578
v 0.310562 0.059261 -0.109850
v 0.221993 0.179908 -0.203191
v 0.239795 0.189165 -0.252705
v 0.098015 0.234786 -0.343626
v 0.081975 0.239685 -0.331593
v 0.067633 0.246563 -0.310920
v 0.072576 0.243884 -0.319877
v 0.055471 0.237843 -0.289310
v 0.057407 0.261146 -0.273615
v 0.044754 0.246281 -0.251905
v 0.043277 0.249490 -0.239394
v 0.341805 0.168401 -0.119715
v 0.404541 0.145086 0.030170
v 0.411392 0.146317 0.016474
v 0.416052 0.147713 0.003117
v 0.419751 0.150003 -0.021667
v 0.409333 0.153664 -0.076169
v 0.231837 0.149643 0.163665
v 0.282013 0.141332 0.140721
v 0.258086 0.142836 0.152783
v 0.354352 0.140325 0.087247
v 0.339141 0.140179 0.101518
v 0.375918 0.141628 0.065136
v 0.071829 0.123666 0.206857
v 0.183967 0.172327 -0.351013
v 0.378927 0.126539 -0.109795
v 0.227384 0.161438 -0.306760
v 0.337163 0.099525 0.107956
v 0.404868 0.125502 -0.084339
v 0.213122 0.129378 -0.181116
v 0.220500 0.153228 -0.167683
v 0.234300 0.139373 -0.284583
v 0.121901 0.167167 -0.360830
v 0.177538 0.374101 -0.331989
v 0.186250 0.370014 -0.331165
v 0.159232 0.380666 -0.330467
v 0.168091 0.377698 -0.331687
v 0.148509 0.384158 -0.327513
v 0.130791 0.389483 -0.317834
v 0.117477 0.393695 -0.304718
v 0.107431 0.396321 -0.287606
v 0.101057 0.398540 -0.266807
v 0.096996 0.398930 -0.241357
v 0.103825 0.422245 -0.229285
v 0.259323 0.269968 -0.140510
v 0.294722 0.265600 -0.118378
v 0.227920 0.282168 -0.183874
v 0.396958 0.244301 0.038414
v 0.413735 0.247937 0.008352
v 0.417466 0.249195 -0.003625
v 0.421072 0.251606 -0.028867
v 0.410791 0.251195 -0.084394
v 0.415192 0.253508 -0.074381
v 0.403453 0.265934 -0.099265
v 0.351265 0.237936 0.087312
v 0.299149 0.168812 0.128740
v 0.302237 0.219571 0.124549
v 0.073866 0.162877 0.201597
v 0.188616 0.221037 -0.345238
v 0.171921 0.262343 -0.347433
v 0.309968 0.218808 -0.116111
v 0.305474 0.157190 -0.114171
v 0.367202 0.221427 -0.119533
v 0.227175 0.258511 -0.308765
v 0.266423 0.207140 -0.132504
v 0.336555 0.169290 0.101773
v 0.339197 0.220920 0.098072
v 0.222228 0.247001 -0.180253
v 0.218174 0.207043 -0.182133
v 0.246332 0.257640 -0.253938
v 0.075985 0.338072 -0.239397
v 0.214774 0.289039 -0.321726
v 0.287888 0.207472 -0.113642
v 0.290492 0.234469 -0.114140
v 0.391764 0.205013 -0.103157
v 0.242728 0.250745 -0.274640
v 0.265569 0.487580 -0.173101
v 0.279770 0.505010 -0.189566
v 0.288546 0.522356 -0.204950
v 0.286268 0.530203 -0.224089
v 0.288389 0.525060 -0.212424
v 0.284373 0.534849 -0.231763
v 0.280833 0.543569 -0.242837
v 0.269369 0.567913 -0.266004
v 0.274827 0.558240 -0.256815
v 0.260931 0.578918 -0.276056
v 0.265421 0.573660 -0.271292
v 0.255737 0.583052 -0.280294
v 0.237054 0.597336 -0.286815
v 0.241744 0.594706 -0.286278
v 0.226927 0.602044 -0.285723
v 0.232020 0.599698 -0.286775
v 0.219831 0.602275 -0.283544
v 0.200455 0.602488 -0.273091
v 0.185425 0.604637 -0.258660
v 0.157839 0.624342 -0.169839
v 0.156865 0.629064 -0.152696
v 0.258104 0.473032 -0.158265
v 0.265731 0.463474 -0.145008
v 0.278377 0.456554 -0.135471
v 0.288016 0.453673 -0.130553
v 0.324596 0.437582 -0.114933
v 0.377913 0.432380 -0.125419
v 0.366705 0.433373 -0.123038
v 0.418447 0.404165 0.034362
v 0.428728 0.407940 0.019137
v 0.432746 0.409461 0.010106
v 0.440712 0.411946 -0.015425
v 0.442956 0.412009 -0.030633
v 0.443809 0.413092 -0.042071
v 0.441168 0.413684 -0.072163
v 0.442604 0.411560 -0.060785
v 0.436175 0.416598 -0.088529
v 0.438999 0.415000 -0.080669
v 0.427803 0.420525 -0.103723
v 0.432729 0.418393 -0.095839
v 0.395463 0.430653 -0.126077
v 0.079289 0.382009 0.181792
v 0.151933 0.378950 0.175400
v 0.126986 0.379456 0.178695
v 0.204473 0.379172 0.163885
v 0.182842 0.378772 0.169232
v 0.265168 0.380528 0.144134
v 0.245873 0.380032 0.151232
v 0.313426 0.383394 0.122780
v 0.295504 0.381663 0.131294
v 0.334120 0.386578 0.111078
v 0.383268 0.395177 0.072812
v 0.367083 0.392457 0.087799
v 0.394678 0.398558 0.061346
v 0.394038 0.335965 -0.117221
v 0.267452 0.304655 0.140212
v 0.203703 0.556927 -0.294436
v 0.153920 0.440992 -0.312464
v 0.099637 0.344201 0.182277
v 0.089379 0.272834 0.188984
v 0.239598 0.510678 -0.293612
v 0.205011 0.356945 -0.324696
v 0.345458 0.340675 -0.123056
v 0.389956 0.383635 -0.124883
v 0.245147 0.420085 -0.163433
v 0.234700 0.368065 -0.168674
v 0.226830 0.285525 -0.177176
v 0.223658 0.342017 0.157168
v 0.302725 0.345310 -0.113309
v 0.319763 0.419249 -0.111351
v 0.330639 0.649478 -0.164062
v 0.343807 0.659852 -0.174053
v 0.356367 0.678291 -0.186215
v 0.352631 0.671146 -0.183408
v 0.311123 0.634428 -0.147326
v 0.317888 0.628501 -0.133724
v 0.325258 0.625487 -0.127639
v 0.363400 0.580279 -0.108381
v 0.402021 0.611232 -0.110313
v 0.423923 0.603584 -0.117960
v 0.320148 0.641732 -0.157658
v 0.493130 0.579252 0.010821
v 0.497254 0.598814 0.019632
v 0.498401 0.580105 -0.002255
v 0.502425 0.581413 -0.020269
v 0.504858 0.586511 -0.042813
v 0.499809 0.584217 -0.063446
v 0.502614 0.585018 -0.053970
v 0.496998 0.585169 -0.072052
v 0.486513 0.588412 -0.091972
v 0.475654 0.591908 -0.104855
v 0.463193 0.596852 -0.114515
v 0.036320 0.536040 0.192554
v 0.176782 0.526460 0.183766
v 0.158158 0.531256 0.186599
v 0.250390 0.519522 0.166743
v 0.305866 0.573029 0.157667
v 0.277052 0.543044 0.162669
v 0.450436 0.572090 0.064329
v 0.291985 0.550086 -0.179225
v 0.308688 0.590767 -0.175023
v 0.122030 0.452757 0.180995
v 0.361454 0.575171 -0.104349
v 0.348785 0.531928 -0.106567
v 0.336470 0.487556 -0.108690
v 0.438643 0.510427 -0.115098
v 0.317091 0.627558 -0.217234
v 0.337340 0.644118 -0.183980
v 0.464137 0.629216 -0.116716
v 0.410212 0.563052 0.099519
v 0.272592 0.529420 -0.154259
v 0.251359 0.455751 0.157423
v 0.531351 0.732615 0.058244
v 0.543706 0.731276 0.046267
v 0.554873 0.730097 0.033618
v 0.040334 0.702702 0.227299
v 0.210368 0.701001 0.212951
v 0.192704 0.699874 0.215896
v 0.171974 0.699587 0.218593
v 0.268264 0.709035 0.200706
v 0.233685 0.703766 0.208388
v 0.314191 0.715252 0.186363
v 0.384476 0.724605 0.158137
v 0.364304 0.721859 0.167004
v 0.434868 0.731232 0.132437
v 0.411321 0.728148 0.145181
v 0.459905 0.734959 0.117757
v 0.505550 0.735121 0.080886
v 0.279973 0.629269 0.177784
v 0.399319 0.683197 -0.097975
v 0.385480 0.647579 -0.100318
v 0.564668 0.726605 0.018764
v 0.544122 0.668207 -0.005521
v 0.429198 0.653322 0.110176
v 0.182259 0.697170 -0.183564
v 0.123223 0.834247 0.268334
v 0.046030 0.836337 0.273635
v 0.214735 0.833804 0.259462
v 0.192927 0.833397 0.262344
v 0.273091 0.835359 0.244592
v 0.337130 0.839399 0.222755
v 0.422467 0.846809 0.189302
v 0.383106 0.843716 0.205687
v 0.486718 0.844852 0.155196
v 0.456037 0.845554 0.171802
v 0.527507 0.853959 0.137357
v 0.522863 0.838054 0.130049
v 0.156264 0.771708 0.241871
v 0.139869 0.937096 0.325009
v 0.079175 0.939330 0.330583
v 0.229681 0.933113 0.310161
v 0.206425 0.934315 0.315362
v 0.290572 0.929945 0.290779
v 0.335875 0.927308 0.273221
v 0.426825 0.926190 0.237190
v 0.168280 0.860842 0.277705
v 0.170521 0.886724 0.291300
v 0.173166 0.911546 0.305660
v 0.192990 0.989103 0.356738
v 0.183410 0.959874 0.336221
v 0.178976 0.718906 -0.148633
v 0.605370 0.788478 0.024285
v 0.588268 0.768062 0.024547
v 0.353146 0.691308 -0.166961
v 0.222694 0.687863 -0.234567
v 0.218652 0.689506 -0.230512
v 0.214756 0.691259 -0.226258
v 0.585209 0.746679 0.002284
v 0.183225 0.713331 -0.170541
v 0.180654 0.716596 -0.158907
v 0.192486 0.704830 -0.194255
v 0.187362 0.709097 -0.183163
v 0.249705 0.681822 -0.254442
v 0.207270 0.695119 -0.217137
v 0.203678 0.697211 -0.212284
v 0.200228 0.699374 -0.207259
v 0.493269 0.683443 -0.111310
v 0.240453 0.682719 -0.248696
v 0.235900 0.683668 -0.245525
v 0.231353 0.684914 -0.242089
v 0.186158 0.667570 -0.213210
v 0.171522 0.617909 -0.225412
v 0.261758 0.680613 -0.260798
v 0.517748 0.627230 -0.066523
v 0.454873 0.725597 -0.102307
v 0.477438 0.721496 -0.107947
v 0.336743 0.705247 -0.141078
v 0.324734 0.676154 -0.144543
v 0.376882 0.974802 0.298990
v 0.399585 0.962543 0.279266
v 0.074140 1.036247 0.402147
v 0.119621 1.038120 0.400976
v 0.167096 1.035708 0.395629
v 0.599089 0.816124 0.063579
v 0.600757 0.812817 0.059068
v 0.602192 0.809434 0.054405
v 0.270368 0.680279 -0.261828
v 0.266173 0.680296 -0.261503
v 0.316370 1.003663 0.344502
v 0.331829 0.997078 0.334106
v 0.347082 0.990087 0.323062
v 0.604981 0.784576 0.018448
v 0.604363 0.780964 0.012980
v 0.297472 0.684226 -0.251818
v 0.352288 0.695884 -0.210928
v 0.343604 0.694350 -0.217174
v 0.493085 0.911042 0.195488
v 0.504492 0.903985 0.184692
v 0.515713 0.896439 0.173346
v 0.366248 0.707108 -0.174899
v 0.454393 0.932023 0.228774
v 0.470770 0.923646 0.215189
v 0.564786 0.855584 0.115952
v 0.537889 0.720489 -0.094088
v 0.533612 0.719442 -0.096910
v 0.576687 0.740226 -0.054904
v 0.347458 0.715002 -0.148452
v 0.348726 0.714333 -0.150392
v 0.405211 0.733569 -0.103995
v 0.425716 0.948180 0.255460
v 0.604345 0.802474 0.044666
v 0.605052 0.798918 0.039612
v 0.605384 0.795371 0.034452
v 0.354060 0.726477 -0.124278
v 0.350258 0.724862 -0.127425
v 0.312386 0.688669 -0.238647
v 0.363978 0.699242 -0.198923
v 0.358224 0.697249 -0.205784
v 0.589660 0.829297 0.081098
v 0.592625 0.825718 0.076396
v 0.595089 0.822472 0.072103
v 0.242364 1.026032 0.380058
v 0.266416 1.020929 0.371927
v 0.284984 1.015579 0.363422
v 0.393292 0.733457 -0.107800
v 0.388148 0.733147 -0.109268
v 0.383126 0.732698 -0.110717
v 0.292305 0.682897 -0.255480
v 0.286622 0.681744 -0.258556
v 0.506640 0.717346 -0.108101
v 0.501777 0.717825 -0.108736
v 0.496750 0.718477 -0.109044
v 0.367916 0.701447 -0.191737
v 0.367019 0.700737 -0.194014
v 0.367924 0.705038 -0.181178
v 0.368284 0.703834 -0.184769
v 0.579531 0.840513 0.095852
v 0.552356 0.725472 -0.082707
v 0.601775 0.772372 -0.000447
v 0.599652 0.767672 -0.008012
v 0.326257 0.691607 -0.228332
v 0.536444 0.880979 0.150995
v 0.545173 0.873734 0.140753
v 0.345072 0.716997 -0.143317
v 0.373616 0.731424 -0.113893
v 0.369185 0.730621 -0.115702
v 0.364992 0.729716 -0.117653
v 0.524914 0.717879 -0.101862
v 0.520482 0.717385 -0.103941
v 0.515972 0.717114 -0.105702
v 0.567853 0.733871 -0.066560
v 0.222411 0.000297 -0.165320
v 0.229031 0.278442 -0.171480
v 0.231356 0.277471 -0.166555
v 0.261817 0.466457 -0.149557
v 0.313933 0.630943 -0.138871
v 0.258091 0.473703 -0.158856
v 0.310950 0.633998 -0.147944
v 0.343675 0.718856 -0.139073
v 0.177334 0.724003 -0.114166
v 0.177299 0.723481 -0.119774
v 0.145817 0.723467 -0.116234
v 0.002196 0.000297 -0.126685
v 0.127040 0.499864 -0.155993
v 0.311358 0.000297 -0.107475
v 0.344889 0.434144 -0.116160
v 0.433451 0.730166 -0.098324
v 0.443788 0.727871 -0.099520
v 0.226953 0.000297 -0.307606
v 0.214236 0.000297 -0.331282
v 0.036796 0.000295 -0.335675
v 0.022170 0.000296 -0.318984
v 0.237068 0.000296 -0.148584
v 0.295509 0.000297 -0.105932
v 0.318497 0.000298 -0.107301
v 0.361065 0.000298 -0.110879
v 0.436301 0.000294 0.016895
v 0.147013 0.000305 0.211018
v 0.196513 0.000285 0.197165
v 0.256566 0.000297 0.174815
v 0.307593 0.000297 0.148827
v 0.349362 0.000297 0.120089
v 0.203631 0.176165 -0.337903
v 0.099663 0.145102 -0.358644
v 0.077893 0.131131 -0.351079
v 0.034194 0.138136 -0.303239
v 0.212961 0.090702 -0.179938
v 0.229447 0.102772 -0.153209
v 0.285483 0.097849 -0.109429
v 0.327188 0.125050 -0.116366
v 0.420283 0.087147 0.009799
v 0.423450 0.079829 -0.045054
v 0.418137 0.073263 -0.064756
v 0.408907 0.091136 -0.080153
v 0.384668 0.067130 -0.106105
v 0.136379 0.118895 0.196411
v 0.197052 0.112935 0.180190
v 0.244543 0.086744 0.165445
v 0.230605 0.191894 -0.217588
v 0.240904 0.200949 -0.259610
v 0.089542 0.237168 -0.338136
v 0.058887 0.230049 -0.303388
v 0.059121 0.260288 -0.279381
v 0.214844 0.164470 -0.182144
v 0.245144 0.149482 -0.141736
v 0.285620 0.173904 -0.112551
v 0.328885 0.157753 -0.118201
v 0.399087 0.144220 0.038761
v 0.418834 0.148983 -0.010544
v 0.419663 0.150755 -0.030918
v 0.418142 0.152180 -0.046684
v 0.412565 0.165587 -0.068489
v 0.404953 0.167681 -0.084612
v 0.139113 0.168204 0.190377
v 0.198996 0.157515 0.174935
v 0.299015 0.124719 0.132196
v 0.256792 0.356140 -0.240751
v 0.242761 0.307566 -0.283585
v 0.225386 0.373848 -0.308876
v 0.138427 0.387105 -0.322833
v 0.123718 0.391838 -0.311702
v 0.111988 0.395168 -0.296607
v 0.103714 0.397350 -0.277526
v 0.101311 0.407432 -0.252656
v 0.089127 0.385315 -0.212032
v 0.273802 0.270834 -0.132204
v 0.296283 0.281898 -0.114397
v 0.386213 0.241795 0.050941
v 0.402197 0.245523 0.031099
v 0.410447 0.240928 0.016144
v 0.380757 0.228190 -0.114127
v 0.263252 0.220371 0.145514
v 0.364983 0.256377 0.073930
v 0.274229 0.497318 -0.182493
v 0.284185 0.512566 -0.196684
v 0.208369 0.602259 -0.277999
v 0.192419 0.602736 -0.266761
v 0.178852 0.604162 -0.250678
v 0.257075 0.473282 -0.158578
v 0.271583 0.460017 -0.140011
v 0.303615 0.444954 -0.124453
v 0.387177 0.431297 -0.126314
v 0.261337 0.481458 -0.167944
v 0.424586 0.406474 0.026243
v 0.436848 0.411218 -0.000689
v 0.414622 0.421823 -0.117241
v 0.403908 0.433043 -0.124432
v 0.106741 0.380028 0.180390
v 0.225542 0.379614 0.157931
v 0.337348 0.654320 -0.168570
v 0.307176 0.626854 -0.148122
v 0.334407 0.624570 -0.122415
v 0.414811 0.603832 -0.115751
v 0.444203 0.628319 -0.117726
v 0.488353 0.583706 0.023813
v 0.495944 0.579428 0.003973
v 0.500885 0.580681 -0.011377
v 0.503275 0.582335 -0.028807
v 0.492095 0.586582 -0.082812
v 0.481142 0.589435 -0.098752
v 0.469253 0.593197 -0.110177
v 0.129877 0.531234 0.188651
v 0.322710 0.518411 0.140480
v 0.370884 0.588403 0.131146
v 0.226917 0.686331 -0.238425
v 0.210974 0.693127 -0.221800
v 0.244907 0.682147 -0.251566
v 0.578856 0.728514 -0.016309
v 0.136988 0.701357 0.222056
v 0.289631 0.712138 0.194554
v 0.341478 0.719021 0.176324
v 0.476959 0.737587 0.106740
v 0.165507 0.833366 0.264959
v 0.237098 0.834750 0.255254
v 0.301491 0.836779 0.235291
v 0.506522 0.837077 0.139577
v 0.177150 0.935797 0.320565
v 0.253381 0.932072 0.303673
v 0.396464 0.924774 0.248674
v 0.196953 0.701579 -0.202078
v 0.259152 0.681130 -0.259547
v 0.466798 0.723344 -0.105766
v 0.319268 0.690283 -0.233281
v 0.367293 0.706042 -0.178156
v 0.605484 0.791792 0.029196
v 0.378269 0.732119 -0.112230
v 0.421402 0.732877 -0.093593
v 0.360716 0.710313 -0.164600
v 0.273417 0.680350 -0.261835
v 0.306201 0.686880 -0.244187
v 0.488796 0.719664 -0.109005
v 0.603619 0.777979 0.008385
v 0.570548 0.849839 0.108172
v 0.482149 0.917482 0.205430
v 0.529284 0.718573 -0.099504
v 0.416411 0.953396 0.264097
v 0.210149 1.030966 0.387961
v 0.446795 0.935980 0.235332
v 0.368207 0.702032 -0.189983
v 0.511364 0.717092 -0.107102
v 0.597196 0.819345 0.067927
v 0.586038 0.833417 0.086499
v 0.300743 1.009861 0.354346
v 0.597171 0.763283 -0.015210
v 0.338765 0.693602 -0.220300
v 0.398518 0.733617 -0.106226
v 0.346326 0.715790 -0.146323
v 0.603391 0.805983 0.049601
v 0.359142 0.728191 -0.120848
v 0.559512 0.728932 -0.075833
v 0.263100 0.680433 -0.261019
v 0.362092 0.982657 0.311349
v 0.588756 0.751362 -0.035070
v 0.350718 0.713527 -0.152961
v 0.544241 0.722362 -0.089489
v 0.342712 0.718993 -0.138771
v 0.526557 0.888690 0.162082
v 0.219166 0.000297 -0.171637
v 0.215947 0.106207 -0.173389
v 0.227134 0.279349 -0.177304
v 0.259625 0.469599 -0.153744
v 0.311681 0.631240 -0.143081
v 0.216587 0.000297 -0.178994
v 0.217467 0.186848 -0.182774
v 0.227091 0.280044 -0.178018
v 0.258966 0.476338 -0.162434
v 0.314499 0.638280 -0.152199
v 0.344115 0.718139 -0.140557
v 0.015562 0.135150 -0.258049
v 0.042895 0.250037 -0.231890
v 0.093016 0.398848 -0.187655
v 0.157167 0.636042 -0.131288
v 0.177397 0.724265 -0.109716
v 0.295898 0.000297 -0.109884
v 0.302853 0.255766 -0.117017
v 0.333955 0.439629 -0.114831
v 0.366438 0.560086 -0.109800
v 0.421788 0.732831 -0.097858
v 0.295113 0.000296 -0.110248
v 0.284975 0.100166 -0.113744
v 0.285330 0.175094 -0.116915
v 0.294413 0.269188 -0.118644
v 0.312943 0.435097 -0.119968
v 0.374640 0.616636 -0.106521
v 0.420960 0.732933 -0.098025
v 0.385157 0.200112 -0.108433
v 0.365893 0.349681 0.080220
v 0.061575 0.419947 0.182014
v 0.292171 0.497443 0.149270
v 0.283922 0.130198 -0.110563
v 0.029046 0.386557 0.183240
v 0.412563 0.284028 0.014446
v 0.128842 0.491536 0.183829
v 0.421103 0.249293 -0.037733
v 0.346261 0.168440 -0.119770
v 0.193086 0.526493 0.181200
v 0.222790 0.525077 0.174673
v 0.341501 0.414370 0.110630
v 0.420749 0.254709 -0.022141
v 0.353150 0.378417 0.096214
v 0.300614 0.161319 -0.114264
v 0.317561 0.463020 0.131952
v 0.415567 0.282393 0.006933
v 0.398653 0.218960 -0.097169
v 0.400676 0.298689 0.035094
v 0.408528 0.229458 -0.083717
v 0.360091 0.169946 -0.118697
v 0.419690 0.255028 -0.013503
v 0.261822 0.507123 0.161450
v 0.236610 0.525302 0.171361
v 0.357783 0.359891 0.089329
v 0.418891 0.244888 -0.056129
v 0.374779 0.331433 0.068182
v 0.338203 0.426273 0.114622
v 0.364507 0.178135 -0.118052
v 0.420087 0.246995 -0.049390
v 0.274512 0.503201 0.156655
v 0.336891 0.159309 -0.119086
v 0.414150 0.240192 -0.072628
v 0.403815 0.223136 -0.090793
v 0.389573 0.315221 0.049400
v 0.207926 0.527261 0.178351
v 0.406467 0.291684 0.026174
v 0.351066 0.388168 0.099275
v 0.417470 0.243530 -0.062339
v 0.417789 0.281949 0.000112
v 0.377711 0.193734 -0.113070
v 0.009983 0.055328 -0.129196
v 0.027074 0.178940 -0.126980
v 0.056968 0.284064 -0.124007
v 0.111143 0.442864 -0.119195
v 0.128939 0.500462 -0.117943
v 0.005939 0.000297 -0.129552
v 0.017673 0.125800 -0.128143
v 0.040204 0.229812 -0.125645
v 0.146434 0.585421 -0.116766
v 0.004864 0.038717 -0.131173
v 0.010196 0.095534 -0.130373
v 0.020410 0.164330 -0.128891
v 0.026565 0.192507 -0.128136
v 0.033838 0.220420 -0.127311
v 0.047956 0.267782 -0.125788
v 0.073565 0.344586 -0.123097
v 0.105029 0.434636 -0.120143
v 0.125178 0.500338 -0.118418
v 0.141368 0.580373 -0.117121
v 0.163646 0.673009 -0.116388
v 0.170074 0.694851 -0.116230
v 0.172537 0.712398 -0.116058
v 0.002126 0.000297 -0.131447
v 0.015304 0.134888 -0.129587
v 0.154738 0.638278 -0.116642
v 0.174637 0.724361 -0.116092
v -0.429114 0.050916 -0.001166
v -0.436175 0.013988 -0.001085
v -0.427286 0.049449 0.008318
v -0.433050 0.013813 0.013436
v -0.032949 0.094637 -0.314000
v -0.032133 0.037086 -0.325215
v -0.049321 0.129758 -0.326912
v -0.024271 0.040159 -0.314462
v -0.028990 0.105552 -0.305196
v -0.382687 0.054915 -0.107444
v -0.384716 0.014801 -0.106759
v -0.373106 0.083553 -0.111716
v -0.392290 0.015007 -0.102765
v -0.222531 0.072870 -0.315619
v -0.218421 0.088909 -0.322404
v -0.255551 0.058113 -0.132990
v -0.253577 0.020919 -0.135058
v -0.323160 0.044579 0.128338
v -0.321536 0.010909 0.136423
v -0.336235 0.011275 0.125801
v -0.312752 0.044641 0.135330
v -0.330846 0.062720 0.119309
v -0.076953 0.095703 -0.354661
v -0.086887 0.038174 -0.364667
v -0.075943 0.039158 -0.359798
v -0.087269 0.117121 -0.357274
v -0.215913 0.045168 -0.191991
v -0.217924 0.046710 -0.198986
v -0.217721 0.078581 -0.200123
v -0.418474 0.050937 -0.069651
v -0.425381 0.014287 -0.065192
v -0.413989 0.052424 -0.077556
v -0.420016 0.014947 -0.074842
v -0.216978 0.059409 -0.171993
v -0.220639 0.032305 -0.166038
v -0.217911 0.026828 -0.172003
v -0.214462 0.064966 -0.179008
v -0.218908 0.087113 -0.166798
v -0.234945 0.050915 -0.255913
v -0.235065 0.095206 -0.255602
v -0.233702 0.049009 -0.244350
v -0.234116 0.093943 -0.247285
v -0.165665 0.065498 0.196139
v -0.160187 0.000303 0.207743
v -0.188878 0.049918 0.191593
v -0.141529 0.053058 0.204326
v -0.181625 0.000291 0.201729
v -0.148371 0.036227 -0.370674
v -0.159412 0.035266 -0.368149
v -0.342586 0.042628 -0.113093
v -0.352521 0.048265 -0.113651
v -0.018069 0.072469 -0.295949
v -0.018299 0.039770 -0.305278
v -0.023890 0.105424 -0.296737
v -0.023205 0.072052 -0.305194
v -0.013258 0.039670 -0.295543
v -0.018190 0.104707 -0.285262
v -0.430385 0.052149 -0.014886
v -0.437227 0.014368 -0.014633
v -0.430389 0.052061 -0.024545
v -0.376335 0.015300 -0.109588
v -0.288523 0.055903 -0.112185
v -0.292439 0.018340 -0.110793
v -0.210557 0.099900 -0.333033
v -0.206999 0.000297 -0.340251
v -0.204768 0.069976 -0.340288
v -0.362854 0.031706 0.098384
v -0.361150 0.010414 0.105361
v -0.350635 0.043140 0.107016
v -0.416866 0.047283 0.034079
v -0.420468 0.012774 0.041216
v -0.411832 0.048558 0.041334
v -0.425167 0.013108 0.033158
v -0.065940 0.101041 -0.347292
v -0.066061 0.041419 -0.353999
v -0.409020 0.052400 -0.084867
v -0.413593 0.014879 -0.084026
v -0.403303 0.053192 -0.091605
v -0.234115 0.051477 -0.278623
v -0.234715 0.096875 -0.274960
v -0.235093 0.049975 -0.267057
v -0.233581 0.096933 -0.283239
v -0.235301 0.096124 -0.266539
v -0.223657 0.067980 -0.160225
v -0.230990 0.053264 -0.152267
v -0.225996 0.027949 -0.158796
v -0.218303 0.048186 0.181682
v -0.218157 0.014544 0.187236
v -0.246196 0.046162 0.170693
v -0.246684 0.013623 0.176006
v -0.134737 0.036801 -0.372271
v -0.124584 0.115773 -0.365928
v -0.138832 0.112698 -0.366244
v -0.120726 0.037175 -0.372083
v -0.214949 0.040471 -0.179508
v -0.213936 0.088276 -0.180307
v -0.435301 0.014668 -0.035949
v -0.428303 0.051856 -0.040902
v -0.436667 0.014567 -0.026520
v -0.429975 0.049530 -0.033238
v -0.226042 0.090552 -0.218620
v -0.013162 0.072302 -0.284694
v -0.009440 0.039467 -0.285922
v -0.013961 0.104454 -0.272847
v -0.024565 0.068334 0.219229
v -0.044150 0.026414 0.224709
v -0.050168 0.061901 0.218324
v -0.019589 0.030650 0.225941
v -0.192166 0.050273 -0.351676
v -0.188160 0.060671 -0.353868
v -0.196601 0.045774 -0.348505
v -0.296115 0.088357 -0.111525
v -0.312623 0.000298 -0.107403
v -0.307842 0.000298 -0.107826
v -0.387686 0.032054 0.073144
v -0.390127 0.010811 0.076223
v -0.381349 0.053964 0.074346
v -0.043679 0.043403 -0.336250
v -0.055141 0.044536 -0.345926
v -0.052883 0.104679 -0.335508
v -0.424594 0.048741 0.017207
v -0.429091 0.013415 0.024739
v -0.421099 0.047995 0.025862
v -0.397091 0.053854 -0.097564
v -0.399553 0.014929 -0.097797
v -0.390099 0.054569 -0.102908
v -0.406206 0.014975 -0.092034
v -0.238586 0.063162 -0.144991
v -0.245255 0.021490 -0.140866
v -0.236126 0.028900 -0.148203
v -0.230677 0.052021 -0.295236
v -0.227104 0.054492 -0.305853
v -0.231073 0.098600 -0.294129
v -0.227495 0.099025 -0.304582
v -0.272226 0.044919 0.158625
v -0.273357 0.012381 0.163847
v -0.290287 0.043933 0.149064
v -0.298516 0.011501 0.150527
v -0.107731 0.114047 -0.363813
v -0.098411 0.093975 -0.363354
v -0.109424 0.036108 -0.370853
v -0.097854 0.038023 -0.368191
v -0.116194 0.114020 -0.365288
v -0.409287 0.036657 0.048366
v -0.413444 0.012302 0.050863
v -0.402706 0.054355 0.051098
v -0.430208 0.015066 -0.053672
v -0.422408 0.052084 -0.060134
v -0.433102 0.014730 -0.045199
v -0.425997 0.052038 -0.049765
v -0.231431 0.050397 -0.233573
v -0.229647 0.091780 -0.228250
v -0.228934 0.047901 -0.225128
v -0.232582 0.080772 -0.239030
v -0.108100 0.055451 0.211259
v -0.092943 0.027113 0.218394
v -0.083147 0.057141 0.215195
v -0.124496 0.025048 0.212615
v -0.169585 0.035463 -0.364681
v -0.181197 0.035016 -0.359217
v -0.317123 0.056271 -0.110346
v -0.332486 0.054236 -0.112757
v -0.325593 0.000295 -0.107881
v -0.339674 0.000295 -0.109920
v -0.105886 0.137531 0.200169
v -0.120172 0.120917 0.199662
v -0.088307 0.130799 0.203847
v -0.175944 0.155899 -0.355283
v -0.170454 0.158238 -0.357044
v -0.180435 0.202680 -0.350413
v -0.311528 0.148304 -0.114521
v -0.327299 0.114199 -0.115728
v -0.311979 0.113621 -0.112845
v -0.044936 0.168435 -0.309174
v -0.043508 0.195393 -0.292619
v -0.054013 0.195333 -0.312822
v -0.039933 0.169760 -0.299820
v -0.052490 0.227492 -0.290078
v -0.047600 0.196040 -0.300631
v -0.420634 0.113392 -0.005927
v -0.422452 0.096110 -0.004651
v -0.418896 0.130393 -0.004402
v -0.418760 0.112602 0.003443
v -0.420033 0.095391 0.006929
v -0.374950 0.127019 -0.112023
v -0.376330 0.092599 -0.110518
v -0.369724 0.126764 -0.114300
v -0.381231 0.094046 -0.107947
v -0.220975 0.143065 -0.317994
v -0.223259 0.120449 -0.313898
v -0.252213 0.136446 -0.135995
v -0.252642 0.099341 -0.134579
v -0.318407 0.114319 0.120465
v -0.319420 0.082099 0.124305
v -0.328800 0.099364 0.114694
v -0.308738 0.115866 0.126981
v -0.303969 0.083033 0.134584
v -0.331633 0.122192 0.109603
v -0.091283 0.181579 -0.350594
v -0.089273 0.156220 -0.353441
v -0.082167 0.184233 -0.345334
v -0.094096 0.207127 -0.347374
v -0.079710 0.158570 -0.348288
v -0.085441 0.210029 -0.341988
v -0.216179 0.137621 -0.194564
v -0.218462 0.139757 -0.200922
v -0.217171 0.156986 -0.194978
v -0.216039 0.114724 -0.195656
v -0.219524 0.158986 -0.201263
v -0.411488 0.108413 -0.073435
v -0.407240 0.108915 -0.081309
v -0.409545 0.142629 -0.075613
v -0.405300 0.141995 -0.083544
v -0.216380 0.134370 -0.174103
v -0.217405 0.157294 -0.174946
v -0.218824 0.133708 -0.168412
v -0.215967 0.116374 -0.173828
v -0.219586 0.154174 -0.169402
v -0.218608 0.114604 -0.167718
v -0.235334 0.125401 -0.249808
v -0.238719 0.175927 -0.253645
v -0.235933 0.154630 -0.243930
v -0.236401 0.138474 -0.255424
v -0.168305 0.136721 0.186239
v -0.182126 0.114923 0.184728
v -0.151915 0.117743 0.192818
v -0.334594 0.130594 -0.117599
v -0.344755 0.133868 -0.118235
v -0.154595 0.149178 -0.361596
v -0.142303 0.158954 -0.362216
v -0.156417 0.207084 -0.356061
v -0.162885 0.178725 -0.357539
v -0.161661 0.136145 -0.361020
v -0.147726 0.135825 -0.363614
v -0.148170 0.208969 -0.356736
v -0.036952 0.194290 -0.279586
v -0.033368 0.166613 -0.289058
v -0.040480 0.218642 -0.268731
v -0.027292 0.164632 -0.276922
v -0.421965 0.114895 -0.024100
v -0.423798 0.097427 -0.022883
v -0.420660 0.132231 -0.025257
v -0.421680 0.114160 -0.014781
v -0.423505 0.096801 -0.013535
v -0.420373 0.131431 -0.015967
v -0.355677 0.163240 -0.119102
v -0.358035 0.090142 -0.115396
v -0.351670 0.159036 -0.119263
v -0.363497 0.095978 -0.114811
v -0.212003 0.182844 -0.329424
v -0.207842 0.180135 -0.333834
v -0.217755 0.190445 -0.322459
v -0.283645 0.126935 -0.114851
v -0.283914 0.144837 -0.115615
v -0.284409 0.110326 -0.114139
v -0.347525 0.115850 0.096501
v -0.357643 0.090605 0.090948
v -0.361095 0.115440 0.083375
v -0.346814 0.083276 0.102340
v -0.408759 0.110570 0.028449
v -0.408089 0.093447 0.033751
v -0.409001 0.128964 0.024229
v -0.073473 0.185877 -0.338995
v -0.070630 0.160348 -0.341997
v -0.064810 0.189708 -0.329926
v -0.077126 0.211667 -0.335557
v -0.061559 0.164058 -0.333187
v -0.072946 0.224828 -0.327620
v -0.401575 0.118553 -0.089383
v -0.396048 0.119135 -0.095885
v -0.400601 0.144248 -0.090501
v -0.404379 0.089605 -0.087045
v -0.394701 0.141585 -0.097452
v -0.235700 0.137289 -0.276144
v -0.237222 0.167488 -0.275472
v -0.237639 0.157970 -0.264993
v -0.236153 0.127191 -0.266033
v -0.225519 0.138402 -0.159051
v -0.222098 0.140953 -0.163761
v -0.226007 0.102831 -0.156980
v -0.221777 0.104015 -0.162404
v -0.230094 0.151027 -0.155092
v -0.231176 0.120883 0.166767
v -0.231019 0.088338 0.170941
v -0.203487 0.123465 0.176866
v -0.134462 0.172647 -0.361027
v -0.131582 0.131656 -0.364897
v -0.122710 0.164202 -0.361248
v -0.136847 0.210317 -0.356817
v -0.126039 0.213396 -0.355583
v -0.214113 0.131461 -0.181601
v -0.215182 0.154750 -0.182308
v -0.421246 0.116167 -0.035551
v -0.421945 0.099536 -0.041273
v -0.419213 0.116305 -0.047983
v -0.418386 0.133465 -0.047802
v -0.423282 0.098038 -0.032536
v -0.420161 0.132994 -0.034617
v -0.029315 0.193158 -0.259215
v -0.023161 0.165090 -0.264017
v -0.036578 0.220991 -0.253880
v -0.032553 0.192738 -0.269858
v -0.225002 0.133020 -0.214746
v -0.226668 0.159922 -0.215233
v -0.218442 0.111691 -0.201978
v -0.030391 0.129043 0.209153
v -0.054230 0.129627 0.207583
v -0.196364 0.153204 -0.344618
v -0.190281 0.169134 -0.347811
v -0.195045 0.205712 -0.342714
v -0.202529 0.197564 -0.337756
v -0.301670 0.099733 -0.111520
v -0.294239 0.123881 -0.113007
v -0.383655 0.107774 0.061133
v -0.384608 0.090938 0.063027
v -0.383168 0.124407 0.059308
v -0.058181 0.191247 -0.320958
v -0.053044 0.169975 -0.321159
v -0.062842 0.217357 -0.317308
v -0.063216 0.229137 -0.312459
v -0.067137 0.215377 -0.324116
v -0.416181 0.111880 0.012124
v -0.417173 0.086621 0.018527
v -0.413292 0.128629 0.015095
v -0.412735 0.111230 0.020671
v -0.416265 0.129423 0.006517
v -0.389300 0.129975 -0.102390
v -0.382668 0.126547 -0.107404
v -0.393853 0.092033 -0.098596
v -0.231789 0.149046 -0.294903
v -0.229342 0.147686 -0.301538
v -0.234801 0.160781 -0.286229
v -0.233361 0.129792 -0.287682
v -0.242345 0.130619 -0.142526
v -0.232920 0.131752 -0.150755
v -0.237313 0.149807 -0.148045
v -0.238830 0.101609 -0.144503
v -0.233088 0.102357 -0.149575
v -0.244862 0.100990 -0.139791
v -0.281219 0.117141 0.143530
v -0.281748 0.084479 0.147488
v -0.257079 0.119328 0.155581
v -0.395772 0.117329 0.046085
v -0.399805 0.092051 0.045757
v -0.401722 0.108358 0.039955
v -0.401544 0.125341 0.037493
v -0.111391 0.166012 -0.359275
v -0.101683 0.179636 -0.354876
v -0.115093 0.214774 -0.353437
v -0.105194 0.217684 -0.350053
v -0.417143 0.116263 -0.057076
v -0.419508 0.096824 -0.053435
v -0.413804 0.125190 -0.066207
v -0.416173 0.134224 -0.057929
v -0.415888 0.099606 -0.064428
v -0.233477 0.153517 -0.233632
v -0.232061 0.124019 -0.233832
v -0.229266 0.141435 -0.223281
v -0.228361 0.121826 -0.222970
v -0.230472 0.161375 -0.223214
v -0.276493 0.155925 0.142416
v -0.295317 0.192573 0.129877
v -0.275073 0.220611 0.139722
v -0.259401 0.168951 0.150207
v -0.287689 0.148448 0.136875
v -0.394921 0.192788 0.041320
v -0.397438 0.164294 0.039331
v -0.401274 0.172069 0.033511
v -0.391478 0.152770 0.047196
v -0.401810 0.240822 0.031633
v -0.120511 0.298524 -0.339315
v -0.120832 0.260506 -0.347159
v -0.134709 0.336468 -0.335163
v -0.131255 0.294053 -0.343324
v -0.111778 0.263597 -0.343619
v -0.126638 0.339790 -0.331311
v -0.416097 0.210157 -0.061434
v -0.414029 0.172716 -0.064546
v -0.413399 0.212395 -0.070289
v -0.416470 0.172164 -0.055353
v -0.240179 0.232427 -0.229549
v -0.243166 0.262712 -0.225956
v -0.236742 0.214990 -0.225939
v -0.237496 0.197412 -0.234460
v -0.240263 0.259947 -0.219215
v -0.109014 0.174502 0.195752
v -0.124000 0.165016 0.193856
v -0.090314 0.163965 0.199541
v -0.182630 0.258055 -0.344566
v -0.180362 0.288812 -0.342226
v -0.186223 0.253771 -0.343479
v -0.173836 0.216411 -0.351503
v -0.314335 0.193335 -0.116236
v -0.319358 0.232600 -0.117504
v -0.077897 0.313069 -0.286542
v -0.087744 0.358164 -0.268342
v -0.070398 0.278126 -0.296225
v -0.089310 0.352077 -0.281915
v -0.418235 0.208244 -0.011184
v -0.417982 0.168949 -0.009449
v -0.416059 0.172803 -0.000592
v -0.416282 0.218711 -0.001202
v -0.374060 0.192186 -0.115033
v -0.373628 0.229004 -0.117916
v -0.368921 0.190041 -0.117165
v -0.230443 0.249160 -0.303693
v -0.229113 0.270562 -0.305859
v -0.237956 0.319690 -0.293364
v -0.233698 0.243792 -0.297795
v -0.252515 0.199724 -0.140627
v -0.259397 0.240537 -0.138933
v -0.320041 0.193099 0.113692
v -0.318410 0.147517 0.117289
v -0.329057 0.192860 0.106948
v -0.310553 0.192972 0.120249
v -0.308738 0.147456 0.123994
v -0.327585 0.147782 0.110383
v -0.109213 0.300252 -0.333547
v -0.102606 0.265067 -0.339115
v -0.102060 0.303845 -0.327693
v -0.118306 0.341194 -0.326592
v -0.095040 0.268640 -0.333431
v -0.111491 0.344664 -0.320586
v -0.222486 0.222747 -0.193995
v -0.224931 0.225246 -0.199699
v -0.225361 0.250677 -0.192128
v -0.219486 0.188869 -0.195091
v -0.222755 0.201103 -0.200801
v -0.227852 0.253574 -0.197603
v -0.409606 0.197328 -0.078047
v -0.407043 0.173516 -0.081289
v -0.405419 0.197237 -0.085684
v -0.411024 0.173214 -0.072886
v -0.223486 0.230923 -0.174625
v -0.224815 0.228450 -0.171067
v -0.242757 0.222323 -0.250202
v -0.248009 0.273957 -0.244089
v -0.241858 0.221421 -0.242901
v -0.246707 0.269710 -0.237082
v -0.172133 0.185964 0.180754
v -0.184889 0.164283 0.178788
v -0.155019 0.168503 0.186601
v -0.335470 0.194875 -0.120089
v -0.333102 0.230934 -0.120374
v -0.159655 0.271034 -0.348497
v -0.167962 0.326904 -0.340043
v -0.171868 0.282940 -0.345158
v -0.167029 0.235561 -0.351375
v -0.180257 0.343088 -0.336053
v -0.075927 0.336088 -0.242856
v -0.065850 0.292437 -0.265960
v -0.062275 0.290311 -0.255807
v -0.071669 0.316393 -0.256631
v -0.419338 0.171259 -0.026980
v -0.420062 0.218918 -0.032922
v -0.419501 0.209761 -0.021949
v -0.357731 0.228920 -0.121530
v -0.363638 0.225530 -0.120583
v -0.221635 0.280918 -0.315165
v -0.216478 0.284563 -0.320299
v -0.223078 0.256443 -0.314169
v -0.288822 0.222658 -0.118364
v -0.354055 0.182428 0.085057
v -0.349092 0.208350 0.089388
v -0.344489 0.169252 0.094705
v -0.361328 0.208595 0.077125
v -0.406294 0.171186 0.024802
v -0.404336 0.195757 0.027883
v -0.094849 0.305299 -0.320898
v -0.087460 0.270003 -0.326803
v -0.088041 0.308688 -0.311157
v -0.104597 0.345942 -0.313719
v -0.080171 0.273891 -0.317095
v -0.098128 0.349008 -0.303789
v -0.398872 0.196878 -0.095069
v -0.397021 0.174690 -0.095928
v -0.402510 0.174504 -0.088696
v -0.244859 0.260289 -0.268344
v -0.246172 0.261278 -0.261051
v -0.240964 0.202246 -0.262122
v -0.241072 0.216297 -0.271318
v -0.230020 0.196392 -0.159821
v -0.226136 0.199665 -0.165096
v -0.234649 0.274507 -0.161675
v -0.220385 0.174078 0.166245
v -0.239705 0.156954 0.159735
v -0.141084 0.292300 -0.345244
v -0.143583 0.255259 -0.351143
v -0.155259 0.330992 -0.339695
v -0.150931 0.288575 -0.346376
v -0.131080 0.258539 -0.349549
v -0.144052 0.334419 -0.337795
v -0.220308 0.219410 -0.182088
v -0.223164 0.246951 -0.180645
v -0.419289 0.210425 -0.043272
v -0.418286 0.170426 -0.044642
v -0.418079 0.210953 -0.052540
v -0.053245 0.278547 -0.238176
v -0.063818 0.311694 -0.227554
v -0.073467 0.331125 -0.239194
v -0.087818 0.381467 -0.212770
v -0.234009 0.227597 -0.215837
v -0.231689 0.203242 -0.217226
v -0.032027 0.165545 0.204120
v -0.054845 0.165561 0.202837
v -0.207472 0.296052 -0.327385
v -0.205200 0.332216 -0.326392
v -0.299129 0.221652 -0.116529
v -0.295982 0.176963 -0.115237
v -0.382867 0.186348 0.055013
v -0.377487 0.162492 0.061843
v -0.385269 0.212509 0.051884
v -0.082450 0.311450 -0.299590
v -0.074304 0.277132 -0.305795
v -0.092687 0.351046 -0.292046
v -0.412946 0.203975 0.008855
v -0.412564 0.166768 0.011173
v -0.409189 0.195605 0.018271
v -0.384522 0.173522 -0.107562
v -0.387548 0.226177 -0.109121
v -0.391153 0.172478 -0.101935
v -0.393755 0.224873 -0.103420
v -0.240812 0.271341 -0.284326
v -0.235521 0.214045 -0.291613
v -0.243774 0.268362 -0.275176
v -0.238520 0.211464 -0.281923
v -0.244508 0.199199 -0.146375
v -0.246750 0.272942 -0.149611
v -0.389102 0.315542 0.049973
v -0.386115 0.277255 0.051671
v -0.391732 0.357051 0.054386
v -0.141474 0.505761 -0.264412
v -0.121373 0.449096 -0.271848
v -0.137211 0.504928 -0.254340
v -0.158116 0.561202 -0.252760
v -0.154800 0.561656 -0.244640
v -0.421957 0.325166 -0.002258
v -0.427506 0.367396 -0.000229
v -0.417929 0.324393 0.008463
v -0.424717 0.367711 0.007706
v -0.402964 0.333543 -0.109598
v -0.394341 0.293183 -0.112358
v -0.395493 0.335745 -0.116212
v -0.399207 0.278735 -0.106077
v -0.412440 0.374608 -0.109266
v -0.251967 0.370715 -0.269227
v -0.270140 0.488216 -0.248996
v -0.262305 0.427019 -0.248645
v -0.254667 0.365472 -0.259710
v -0.254134 0.358163 -0.144325
v -0.266835 0.407907 -0.139216
v -0.264596 0.354463 -0.137680
v -0.250212 0.314655 -0.147560
v -0.275950 0.402359 -0.133960
v -0.260393 0.309456 -0.140512
v -0.284651 0.304747 0.132241
v -0.280228 0.268593 0.135186
v -0.301498 0.304912 0.123386
v -0.305052 0.342667 0.123460
v -0.295597 0.262565 0.127105
v -0.278743 0.342329 0.136193
v -0.404303 0.320182 0.032036
v -0.401193 0.281504 0.033542
v -0.411149 0.361689 0.031658
v -0.175919 0.497621 -0.302854
v -0.156897 0.442494 -0.313444
v -0.199624 0.556946 -0.293032
v -0.185894 0.503031 -0.304781
v -0.191140 0.558563 -0.288602
v -0.423935 0.326355 -0.066900
v -0.418914 0.281806 -0.070079
v -0.422015 0.327182 -0.075227
v -0.431355 0.368907 -0.070096
v -0.422143 0.290326 -0.057902
v -0.257427 0.396810 -0.208705
v -0.266344 0.450157 -0.196308
v -0.253183 0.391600 -0.200425
v -0.270520 0.457218 -0.204247
v -0.127138 0.295549 0.182098
v -0.149921 0.307630 0.177305
v -0.127637 0.342426 0.179565
v -0.110766 0.295832 0.184421
v -0.138954 0.273880 0.181782
v -0.157904 0.342496 0.174445
v -0.229448 0.511844 -0.299704
v -0.201136 0.361721 -0.326423
v -0.233638 0.504267 -0.297856
v -0.195481 0.377002 -0.327459
v -0.325837 0.340048 -0.117748
v -0.353450 0.387640 -0.122550
v -0.324535 0.299957 -0.118151
v -0.335655 0.385329 -0.117437
v -0.340616 0.310090 -0.122050
v -0.134423 0.505145 -0.243801
v -0.115911 0.451541 -0.247989
v -0.131583 0.503825 -0.230325
v -0.151876 0.572512 -0.219916
v -0.118414 0.450430 -0.261260
v -0.152322 0.561487 -0.237802
v -0.424712 0.325495 -0.012850
v -0.426112 0.325961 -0.020723
v -0.430760 0.368823 -0.011615
v -0.388825 0.336814 -0.120472
v -0.381444 0.297945 -0.120678
v -0.381692 0.338538 -0.123542
v -0.396088 0.386917 -0.123148
v -0.388318 0.296238 -0.116961
v -0.407071 0.406001 -0.119867
v -0.254058 0.444604 -0.274636
v -0.248500 0.387725 -0.279192
v -0.267253 0.498273 -0.258524
v -0.257497 0.439308 -0.266686
v -0.243010 0.377383 -0.287845
v -0.263371 0.505266 -0.267027
v -0.271387 0.353410 -0.134283
v -0.290147 0.389975 -0.127590
v -0.267143 0.308168 -0.136723
v -0.336824 0.306147 0.101022
v -0.322203 0.268902 0.110691
v -0.344266 0.346221 0.099070
v -0.316934 0.305468 0.114409
v -0.334334 0.260890 0.101789
v -0.325042 0.344906 0.112214
v -0.161355 0.502641 -0.292054
v -0.146805 0.444190 -0.307198
v -0.179736 0.560092 -0.280448
v -0.187104 0.560239 -0.285517
v -0.140175 0.446986 -0.300880
v -0.238176 0.374792 -0.178879
v -0.251013 0.432044 -0.176261
v -0.230660 0.296234 -0.188060
v -0.247816 0.425144 -0.171125
v -0.418412 0.328425 -0.085531
v -0.425689 0.371879 -0.088700
v -0.413813 0.253153 -0.077778
v -0.428701 0.370495 -0.080670
v -0.237363 0.365188 -0.163304
v -0.247819 0.416710 -0.158319
v -0.239767 0.363412 -0.158562
v -0.233088 0.319391 -0.167991
v -0.250057 0.413868 -0.153942
v -0.235393 0.316508 -0.163089
v -0.262704 0.409344 -0.224914
v -0.256832 0.357452 -0.232412
v -0.273429 0.463331 -0.212911
v -0.260744 0.403735 -0.216478
v -0.254655 0.348682 -0.224005
v -0.274242 0.468851 -0.221171
v -0.180729 0.306423 0.170167
v -0.190741 0.269878 0.169492
v -0.202426 0.305577 0.164059
v -0.188179 0.341869 0.167476
v -0.161212 0.273757 0.176998
v -0.216973 0.342195 0.159348
v -0.354271 0.337662 -0.124586
v -0.345700 0.343974 -0.123018
v -0.361081 0.384448 -0.124570
v -0.370899 0.384826 -0.125925
v -0.209391 0.498482 -0.307519
v -0.223098 0.549860 -0.297442
v -0.194627 0.424364 -0.321775
v -0.187025 0.431369 -0.321536
v -0.228351 0.544828 -0.296851
v -0.130178 0.504600 -0.212452
v -0.106985 0.432760 -0.224465
v -0.096481 0.396618 -0.243794
v -0.152750 0.586346 -0.199730
v -0.150855 0.575998 -0.206896
v -0.427015 0.326579 -0.029228
v -0.422963 0.286091 -0.024264
v -0.427202 0.326313 -0.038563
v -0.434008 0.368630 -0.035863
v -0.423628 0.286697 -0.037327
v -0.433146 0.368605 -0.025030
v -0.366852 0.344181 -0.125527
v -0.368731 0.310544 -0.124387
v -0.374740 0.301931 -0.123072
v -0.380126 0.383046 -0.126226
v -0.388474 0.384844 -0.125347
v -0.247973 0.450420 -0.284717
v -0.238791 0.396391 -0.294580
v -0.244549 0.464432 -0.289546
v -0.259207 0.507161 -0.273684
v -0.230882 0.381717 -0.303352
v -0.255963 0.518213 -0.278774
v -0.302173 0.344048 -0.117709
v -0.318477 0.415508 -0.115869
v -0.298789 0.309295 -0.118328
v -0.363284 0.310841 0.078096
v -0.363154 0.271415 0.076465
v -0.375898 0.315139 0.065080
v -0.352822 0.308435 0.088090
v -0.348131 0.270575 0.090778
v -0.379471 0.353592 0.067139
v -0.414737 0.324144 0.015190
v -0.418024 0.364205 0.021345
v -0.409247 0.321430 0.024821
v -0.149538 0.507290 -0.277052
v -0.133442 0.446831 -0.294122
v -0.166029 0.561307 -0.265646
v -0.154776 0.504207 -0.285222
v -0.127006 0.449426 -0.283430
v -0.172825 0.561001 -0.273743
v -0.409253 0.331756 -0.101971
v -0.417472 0.374335 -0.103221
v -0.413205 0.329946 -0.095689
v -0.407266 0.255350 -0.091871
v -0.422577 0.374083 -0.095415
v -0.263484 0.417827 -0.235886
v -0.257296 0.371323 -0.249550
v -0.273749 0.475192 -0.230430
v -0.256968 0.358317 -0.242362
v -0.272695 0.481792 -0.238773
v -0.246711 0.360284 -0.150565
v -0.242630 0.361952 -0.154841
v -0.254091 0.413013 -0.149352
v -0.242225 0.312537 -0.154696
v -0.238422 0.316090 -0.158978
v -0.260013 0.407636 -0.143786
v -0.250778 0.305076 0.147175
v -0.237339 0.263403 0.154115
v -0.243098 0.341992 0.150496
v -0.221761 0.304921 0.157937
v -0.216801 0.265581 0.161451
v -0.248625 0.260158 0.149816
v -0.190364 0.491784 -0.308772
v -0.178334 0.435723 -0.320571
v -0.213079 0.555370 -0.296898
v -0.199528 0.491296 -0.309527
v -0.168582 0.439328 -0.318292
v -0.205214 0.555839 -0.295300
v -0.235670 0.368286 -0.169001
v -0.246325 0.421544 -0.163635
v -0.231193 0.320198 -0.174021
v -0.426786 0.326614 -0.047771
v -0.423256 0.286899 -0.046959
v -0.425371 0.326764 -0.058397
v -0.432617 0.367259 -0.058666
v -0.434035 0.368634 -0.044806
v -0.128127 0.502679 -0.188065
v -0.110512 0.447682 -0.203551
v -0.140464 0.553958 -0.175352
v -0.128677 0.501904 -0.202759
v -0.144343 0.563847 -0.185447
v -0.249250 0.386913 -0.194933
v -0.240916 0.379301 -0.183485
v -0.261297 0.442544 -0.189471
v -0.038603 0.313687 0.187752
v -0.047113 0.278696 0.191019
v -0.072162 0.300153 0.187425
v -0.070570 0.346857 0.183828
v -0.026680 0.350003 0.185202
v -0.220469 0.376736 -0.312996
v -0.230174 0.455929 -0.302450
v -0.248501 0.527018 -0.286433
v -0.241715 0.482125 -0.292461
v -0.314389 0.327398 -0.116913
v -0.304899 0.311275 -0.117462
v -0.325645 0.389559 -0.116048
v -0.469200 0.496565 -0.047102
v -0.454788 0.453540 -0.053810
v -0.469318 0.498592 -0.055655
v -0.485641 0.541755 -0.048515
v -0.176311 0.705353 -0.153536
v -0.165971 0.661153 -0.157562
v -0.171604 0.691021 -0.142860
v -0.177716 0.721160 -0.136076
v -0.315333 0.612390 -0.168942
v -0.284167 0.542729 -0.170766
v -0.290914 0.548723 -0.178044
v -0.324089 0.627162 -0.170663
v -0.309327 0.602902 -0.167180
v -0.095702 0.454838 0.182233
v -0.095928 0.493467 0.185376
v -0.033210 0.458621 0.184219
v -0.030977 0.422070 0.182829
v -0.109237 0.417516 0.180376
v -0.035258 0.496552 0.187478
v -0.285645 0.645774 -0.257781
v -0.270520 0.617087 -0.269065
v -0.291467 0.667068 -0.255049
v -0.277095 0.612973 -0.262209
v -0.367461 0.529036 -0.112474
v -0.345394 0.487570 -0.113107
v -0.381974 0.577510 -0.110075
v -0.354901 0.484299 -0.114312
v -0.435299 0.483963 0.044957
v -0.423426 0.443276 0.042321
v -0.436085 0.525087 0.060830
v -0.417948 0.481854 0.063700
v -0.405994 0.440951 0.061948
v -0.453383 0.556705 0.055223
v -0.189821 0.668154 -0.218070
v -0.178746 0.624452 -0.233179
v -0.195695 0.685731 -0.213063
v -0.195974 0.659369 -0.231616
v -0.179075 0.618596 -0.238650
v -0.177963 0.629215 -0.228023
v -0.202954 0.680216 -0.224617
v -0.462721 0.494793 -0.000098
v -0.449139 0.453240 -0.002455
v -0.475223 0.540165 0.013732
v -0.478410 0.536864 0.001845
v -0.446116 0.511856 -0.109367
v -0.432817 0.468252 -0.111328
v -0.456869 0.553883 -0.110350
v -0.424046 0.456888 -0.116366
v -0.462622 0.552119 -0.104799
v -0.312596 0.629557 -0.224185
v -0.295654 0.590619 -0.232296
v -0.309045 0.636008 -0.230318
v -0.329896 0.663820 -0.218957
v -0.316023 0.629666 -0.219854
v -0.299723 0.583958 -0.222673
v -0.326637 0.668559 -0.223328
v -0.335588 0.665914 -0.214101
v -0.313599 0.576879 -0.127947
v -0.320451 0.574569 -0.124388
v -0.290939 0.505943 -0.132468
v -0.299930 0.501045 -0.127881
v -0.333791 0.467169 0.124651
v -0.317297 0.423115 0.125861
v -0.298184 0.420320 0.134728
v -0.330743 0.436208 0.120499
v -0.355539 0.508576 0.121833
v -0.327171 0.518306 0.138406
v -0.443892 0.488596 0.036479
v -0.431225 0.446970 0.034041
v -0.449453 0.491078 0.029755
v -0.462871 0.542643 0.038392
v -0.436260 0.448750 0.027399
v -0.454575 0.537009 0.045750
v -0.239935 0.656866 -0.265278
v -0.232273 0.633215 -0.274521
v -0.246552 0.669214 -0.261266
v -0.254849 0.671821 -0.263386
v -0.244813 0.651608 -0.270070
v -0.224509 0.632360 -0.270532
v -0.468416 0.500461 -0.064547
v -0.452862 0.457218 -0.073023
v -0.465947 0.500495 -0.073440
v -0.482539 0.542910 -0.066628
v -0.454755 0.456069 -0.062249
v -0.484538 0.542174 -0.057508
v -0.312809 0.595643 -0.179249
v -0.298836 0.559647 -0.187629
v -0.319579 0.606631 -0.185914
v -0.329446 0.632203 -0.176009
v -0.294770 0.553608 -0.182451
v -0.334246 0.638739 -0.180919
v -0.162776 0.452626 0.177285
v -0.153800 0.415543 0.176165
v -0.184480 0.453262 0.173907
v -0.179386 0.490905 0.178777
v -0.144144 0.452706 0.179382
v -0.135638 0.415583 0.178322
v -0.175526 0.416041 0.172633
v -0.151837 0.493019 0.182247
v -0.271369 0.643680 -0.268487
v -0.264349 0.619653 -0.273602
v -0.292035 0.682842 -0.255571
v -0.277638 0.644190 -0.264491
v -0.374612 0.527674 -0.114596
v -0.390433 0.579633 -0.112032
v -0.388899 0.525548 -0.119877
v -0.361876 0.481893 -0.116390
v -0.401832 0.567215 -0.117890
v -0.376751 0.482176 -0.121470
v -0.182580 0.667132 -0.207695
v -0.174585 0.638794 -0.213807
v -0.178127 0.663641 -0.201339
v -0.185377 0.694654 -0.191883
v -0.190674 0.688231 -0.205064
v -0.465717 0.496125 -0.009115
v -0.451894 0.454248 -0.011752
v -0.467331 0.495118 -0.020160
v -0.481149 0.538254 -0.005607
v -0.453577 0.453971 -0.021701
v -0.483260 0.538699 -0.015046
v -0.437256 0.528772 -0.118730
v -0.407350 0.435186 -0.123312
v -0.437070 0.543585 -0.120310
v -0.451126 0.557089 -0.115044
v -0.304506 0.635333 -0.235123
v -0.288213 0.600847 -0.245797
v -0.299110 0.641064 -0.242099
v -0.319882 0.669946 -0.229145
v -0.292684 0.593498 -0.237483
v -0.312921 0.669148 -0.234738
v -0.326995 0.572031 -0.121732
v -0.340007 0.572867 -0.117305
v -0.374547 0.474315 0.102130
v -0.364521 0.432047 0.099029
v -0.376070 0.519840 0.112370
v -0.356113 0.470519 0.113203
v -0.399431 0.555761 0.105613
v -0.214196 0.628696 -0.266910
v -0.222729 0.672397 -0.245438
v -0.225221 0.649055 -0.261312
v -0.211592 0.650890 -0.251153
v -0.309415 0.618451 -0.158214
v -0.277641 0.534064 -0.165546
v -0.303034 0.607370 -0.155506
v -0.463621 0.503205 -0.081622
v -0.449620 0.459636 -0.084063
v -0.459102 0.505247 -0.091313
v -0.476595 0.546034 -0.083431
v -0.446469 0.461609 -0.091518
v -0.479877 0.544256 -0.075335
v -0.291224 0.572816 -0.146246
v -0.295923 0.578794 -0.141916
v -0.272962 0.519094 -0.150088
v -0.274919 0.515538 -0.146017
v -0.330927 0.632983 -0.193948
v -0.307660 0.579111 -0.199647
v -0.327150 0.628669 -0.198662
v -0.350454 0.670920 -0.192741
v -0.346223 0.662648 -0.189209
v -0.324506 0.617183 -0.190922
v -0.304340 0.570461 -0.194526
v -0.305250 0.575798 -0.204594
v -0.344072 0.664291 -0.199492
v -0.356043 0.677465 -0.190042
v -0.340649 0.650738 -0.186965
v -0.216145 0.453644 0.167052
v -0.206951 0.415844 0.165663
v -0.244276 0.455923 0.159683
v -0.239983 0.491442 0.165626
v -0.228185 0.416902 0.160011
v -0.211155 0.492281 0.172801
v -0.397021 0.524055 -0.122155
v -0.410399 0.566250 -0.120163
v -0.406533 0.522666 -0.123677
v -0.384329 0.480073 -0.123618
v -0.420077 0.564457 -0.121693
v -0.393772 0.478689 -0.125107
v -0.279380 0.680768 -0.261022
v -0.251377 0.628123 -0.277936
v -0.276537 0.680539 -0.261619
v -0.264329 0.641931 -0.271870
v -0.282485 0.681125 -0.260148
v -0.178052 0.702669 -0.165523
v -0.169151 0.648171 -0.190225
v -0.180492 0.700017 -0.176323
v -0.167680 0.654402 -0.176966
v -0.470028 0.499575 -0.035284
v -0.455334 0.454898 -0.037414
v -0.484342 0.539046 -0.023547
v -0.485490 0.540421 -0.038572
v -0.415554 0.521117 -0.124061
v -0.403009 0.477546 -0.125493
v -0.429365 0.562782 -0.122046
v -0.426408 0.536490 -0.122836
v -0.413226 0.483137 -0.124364
v -0.294634 0.638825 -0.246710
v -0.284345 0.606529 -0.252194
v -0.338264 0.496062 -0.112745
v -0.406925 0.490211 0.079023
v -0.394889 0.437091 0.073307
v -0.424089 0.559921 0.085988
v -0.390595 0.475274 0.089689
v -0.379146 0.433163 0.087392
v -0.433457 0.559965 0.076824
v -0.416830 0.559591 0.092774
v -0.453487 0.492227 0.023106
v -0.440337 0.450204 0.020548
v -0.457402 0.492626 0.014240
v -0.467400 0.534841 0.026724
v -0.443409 0.450528 0.013276
v -0.472103 0.537175 0.018764
v -0.202425 0.659807 -0.237799
v -0.198171 0.635893 -0.249174
v -0.211877 0.675871 -0.235414
v -0.208515 0.656111 -0.245475
v -0.190693 0.636802 -0.240626
v -0.452442 0.508262 -0.101746
v -0.442579 0.463758 -0.098619
v -0.467690 0.549938 -0.098528
v -0.437566 0.465658 -0.105646
v -0.472419 0.547937 -0.091348
v -0.319716 0.626903 -0.212551
v -0.303465 0.579626 -0.212321
v -0.340037 0.665050 -0.207777
v -0.323480 0.626248 -0.204565
v -0.299644 0.576897 -0.137544
v -0.305989 0.576284 -0.132542
v -0.278687 0.512798 -0.141633
v -0.284277 0.508936 -0.136813
v -0.272652 0.454895 0.150178
v -0.276243 0.418041 0.143809
v -0.298357 0.459787 0.140563
v -0.248634 0.417602 0.153786
v -0.239242 0.630989 -0.277577
v -0.258039 0.666495 -0.266300
v -0.264152 0.666424 -0.266649
v -0.244871 0.628936 -0.278529
v -0.290360 0.577824 -0.151344
v -0.301138 0.607820 -0.149578
v -0.271860 0.524095 -0.155008
v -0.518637 0.660170 -0.089349
v -0.501046 0.625889 -0.092344
v -0.540199 0.694696 -0.082397
v -0.507738 0.627820 -0.084886
v -0.532854 0.692965 -0.089668
v -0.299411 0.632935 0.171952
v -0.308092 0.582311 0.158576
v -0.334319 0.638515 0.159152
v -0.305860 0.678741 0.179935
v -0.280495 0.585358 0.169072
v -0.339815 0.681999 0.167004
v -0.571025 0.713275 -0.029641
v -0.526420 0.630020 -0.032730
v -0.526302 0.632620 -0.045703
v -0.575281 0.722177 -0.032888
v -0.546699 0.667992 -0.027462
v -0.335242 0.658279 -0.164561
v -0.357495 0.711482 -0.160552
v -0.352079 0.691648 -0.165506
v -0.104508 0.622051 0.205195
v -0.101630 0.576211 0.196798
v -0.108127 0.663391 0.213963
v -0.038886 0.622114 0.207871
v -0.038068 0.578922 0.199530
v -0.039631 0.664326 0.217271
v -0.473685 0.658194 0.074367
v -0.473960 0.612082 0.056425
v -0.472242 0.701489 0.093923
v -0.453990 0.611610 0.075091
v -0.528948 0.660917 0.017327
v -0.507302 0.619815 0.019024
v -0.540652 0.693724 0.025792
v -0.524176 0.661956 0.024910
v -0.514385 0.623994 0.010090
v -0.550790 0.700288 0.017195
v -0.490738 0.632924 -0.104485
v -0.525098 0.691409 -0.096043
v -0.497282 0.631779 -0.098619
v -0.517368 0.690945 -0.101509
v -0.370906 0.643501 0.143141
v -0.357398 0.582850 0.137035
v -0.363353 0.686278 0.157447
v -0.339173 0.594625 0.147943
v -0.392998 0.690209 0.143667
v -0.505406 0.659607 0.046210
v -0.483327 0.615533 0.048552
v -0.510695 0.697186 0.059009
v -0.492899 0.658275 0.057436
v -0.488836 0.616763 0.043204
v -0.521808 0.699192 0.049937
v -0.522066 0.628069 -0.055162
v -0.560776 0.703816 -0.052984
v -0.517570 0.624887 -0.064423
v -0.565809 0.708538 -0.043913
v -0.364899 0.708142 -0.171560
v -0.357569 0.688080 -0.175435
v -0.365732 0.702615 -0.177504
v -0.354675 0.688850 -0.170341
v -0.362961 0.709274 -0.168006
v -0.193501 0.616957 0.196710
v -0.190166 0.573689 0.189328
v -0.189482 0.660304 0.206402
v -0.158430 0.617363 0.201175
v -0.155144 0.573424 0.193497
v -0.207116 0.662221 0.203635
v -0.161963 0.659497 0.209714
v -0.539119 0.662302 -0.000363
v -0.519824 0.623858 -0.003501
v -0.569033 0.722412 0.007690
v -0.536882 0.664465 0.006972
v -0.516513 0.622377 0.003548
v -0.508663 0.690935 -0.106393
v -0.466688 0.614701 -0.115098
v -0.502045 0.689660 -0.108972
v -0.483333 0.633933 -0.109678
v -0.403899 0.649655 0.126273
v -0.395782 0.601197 0.119224
v -0.426364 0.653004 0.112234
v -0.413084 0.693113 0.133177
v -0.410170 0.606487 0.111079
v -0.437805 0.696189 0.118303
v -0.514906 0.627360 -0.072818
v -0.511539 0.629309 -0.080220
v -0.553022 0.699483 -0.066281
v -0.546907 0.696844 -0.074594
v -0.368270 0.704125 -0.183841
v -0.368137 0.704862 -0.181492
v -0.359008 0.686537 -0.180467
v -0.258022 0.625548 0.183595
v -0.252933 0.579989 0.176375
v -0.242623 0.666925 0.196627
v -0.228810 0.621927 0.190350
v -0.222343 0.576522 0.183408
v -0.278349 0.672762 0.188034
v -0.545485 0.666288 -0.018631
v -0.523976 0.625374 -0.022075
v -0.561559 0.697397 -0.010485
v -0.542138 0.663242 -0.007841
v -0.521628 0.623036 -0.012122
v -0.564655 0.700984 -0.019872
v -0.472937 0.665973 -0.114692
v -0.453979 0.626139 -0.118018
v -0.487310 0.693225 -0.111860
v -0.489273 0.683363 -0.112106
v -0.464327 0.629679 -0.116685
v -0.441144 0.654665 0.101407
v -0.439667 0.614285 0.089225
v -0.457766 0.658341 0.088591
v -0.455053 0.695415 0.105605
v -0.422060 0.606374 0.102062
v -0.512124 0.661543 0.039532
v -0.519983 0.662170 0.030567
v -0.526671 0.696359 0.043329
v -0.493170 0.617363 0.038367
v -0.502144 0.618457 0.026090
v -0.536450 0.699148 0.034476
v -0.515526 0.811111 0.119108
v -0.492821 0.773759 0.113911
v -0.524609 0.803793 0.108036
v -0.543302 0.838337 0.118339
v -0.524176 0.833260 0.126337
v -0.496356 0.803045 0.126523
v -0.480752 0.771812 0.121096
v -0.502129 0.772861 0.105937
v -0.501844 0.822919 0.134253
v -0.569417 0.780997 0.057895
v -0.562231 0.756077 0.044873
v -0.577988 0.775776 0.044928
v -0.588366 0.795250 0.053437
v -0.554011 0.758775 0.054750
v -0.350727 0.785221 0.194397
v -0.334145 0.751958 0.189534
v -0.347474 0.814033 0.207233
v -0.301552 0.779543 0.211866
v -0.302652 0.747992 0.200580
v -0.315961 0.810471 0.218376
v -0.595267 0.760468 -0.019882
v -0.592015 0.754461 -0.016689
v -0.592889 0.757259 -0.025341
v -0.114129 0.772866 0.245108
v -0.108559 0.739068 0.234512
v -0.117557 0.804638 0.256462
v -0.043339 0.775289 0.249759
v -0.041846 0.741041 0.238523
v -0.044805 0.807003 0.261427
v -0.533988 0.798544 0.097277
v -0.525631 0.765322 0.081847
v -0.554338 0.824830 0.101320
v -0.567089 0.813740 0.084634
v -0.583107 0.772535 0.036119
v -0.571304 0.753667 0.032881
v -0.587932 0.769282 0.026443
v -0.594071 0.788391 0.040445
v -0.577129 0.751152 0.023190
v -0.597264 0.783072 0.029883
v -0.387997 0.788447 0.178966
v -0.393440 0.758880 0.165173
v -0.417711 0.791883 0.165781
v -0.412820 0.819441 0.180439
v -0.364522 0.755448 0.177630
v -0.382430 0.816367 0.193197
v -0.554245 0.787787 0.074692
v -0.544721 0.760561 0.063709
v -0.581242 0.801946 0.065686
v -0.203590 0.771834 0.236587
v -0.197654 0.737084 0.225975
v -0.221193 0.772675 0.233632
v -0.209546 0.804053 0.247762
v -0.182507 0.771535 0.239352
v -0.176868 0.736899 0.228739
v -0.215276 0.737980 0.222997
v -0.227324 0.804810 0.244704
v -0.188115 0.803651 0.250510
v -0.592140 0.763916 0.011822
v -0.581434 0.749549 0.014879
v -0.598879 0.777460 0.018958
v -0.589908 0.766298 0.019598
v -0.581854 0.743296 0.005987
v -0.599151 0.772136 0.008696
v -0.442677 0.794543 0.153519
v -0.433715 0.763031 0.145318
v -0.477796 0.797674 0.135138
v -0.474670 0.822323 0.149409
v -0.463956 0.767061 0.129262
v -0.444364 0.820253 0.164760
v -0.268893 0.776343 0.222150
v -0.269200 0.743498 0.210870
v -0.279883 0.807818 0.230562
v -0.247142 0.774709 0.228217
v -0.238453 0.739662 0.218265
v -0.250984 0.807709 0.239863
v -0.593909 0.759573 -0.003037
v -0.585875 0.744516 -0.004814
v -0.591959 0.754708 -0.010618
v -0.598316 0.766965 -0.001937
v -0.599313 0.767026 -0.009067
v -0.487363 0.881576 0.177520
v -0.498133 0.862080 0.159304
v -0.518994 0.873083 0.154976
v -0.483468 0.898867 0.191472
v -0.466813 0.866939 0.178621
v -0.295880 0.887135 0.262436
v -0.294366 0.862496 0.250124
v -0.285002 0.909061 0.278867
v -0.264814 0.886347 0.272362
v -0.260519 0.861640 0.260933
v -0.551300 0.858470 0.126285
v -0.512642 0.854789 0.146516
v -0.375048 0.889244 0.233672
v -0.330833 0.865171 0.237970
v -0.379938 0.908635 0.243921
v -0.334337 0.886608 0.248095
v -0.384823 0.868530 0.217846
v -0.334184 0.908363 0.261158
v -0.125597 0.887491 0.295171
v -0.122040 0.861651 0.281439
v -0.125735 0.911769 0.309768
v -0.000221 0.892294 0.305002
v -0.046795 0.863478 0.286565
v -0.447203 0.894089 0.205749
v -0.431897 0.871729 0.198920
v -0.443193 0.916301 0.222713
v -0.407343 0.892224 0.222342
v -0.409280 0.871519 0.209053
v -0.432347 0.927925 0.236072
v -0.411874 0.910969 0.232707
v -0.221425 0.886378 0.284071
v -0.218369 0.861126 0.271654
v -0.240151 0.886186 0.279469
v -0.224871 0.910119 0.296717
v -0.198844 0.886548 0.288034
v -0.196172 0.860866 0.274886
v -0.236738 0.861300 0.267645
v -0.248195 0.909731 0.290706
v -0.201931 0.910865 0.301551
v -0.247308 0.983289 0.344109
v -0.236821 0.955805 0.324811
v -0.269122 0.974470 0.332019
v -0.224000 0.985085 0.349583
v -0.213312 0.957748 0.330542
v -0.256046 0.953975 0.318926
v -0.277702 0.993336 0.345899
v -0.305695 0.967036 0.315122
v -0.314332 0.947090 0.295744
v -0.313626 0.984699 0.328301
v -0.280560 0.951333 0.309932
v -0.344718 0.973954 0.308847
v -0.391223 0.948276 0.269142
v -0.362046 0.941150 0.274154
v -0.347696 0.957442 0.292994
v -0.406656 0.936235 0.253203
v -0.104835 0.997468 0.370601
v -0.080109 0.964567 0.348080
v -0.152959 0.993364 0.363871
v -0.047747 0.993051 0.370366
v -0.144998 0.962170 0.341842
v -0.432652 0.944129 0.248777
v -0.431004 0.936364 0.243131
v -0.425835 0.948117 0.255333
v -0.337442 0.688843 -0.153298
v -0.340613 0.703619 -0.147791
v -0.326214 0.666528 -0.152249
v -0.331530 0.669757 -0.156355
v -0.345375 0.703266 -0.153505
v -0.398745 0.682818 -0.102450
v -0.410968 0.710363 -0.100223
v -0.386274 0.650738 -0.104578
v -0.333460 0.678026 -0.130974
v -0.348374 0.709079 -0.125475
v -0.338095 0.674376 -0.126390
v -0.343187 0.708675 -0.130274
v -0.389717 0.713494 -0.108343
v -0.368538 0.664828 -0.112510
v -0.351300 0.658542 -0.117880
v -0.371549 0.711287 -0.113805
v -0.332093 0.689176 -0.138246
v -0.345301 0.721185 -0.134370
v -0.333960 0.689167 -0.134314
v -0.322991 0.662503 -0.138932
v -0.346898 0.722681 -0.131531
v -0.415243 0.692396 -0.101884
v -0.420037 0.678524 -0.103979
v -0.400318 0.647890 -0.105162
v -0.432346 0.704775 -0.101740
v -0.330162 0.687203 -0.143631
v -0.337750 0.705199 -0.141361
v -0.321898 0.665516 -0.145716
v -0.346399 0.667192 -0.120582
v -0.342060 0.670329 -0.123260
v -0.363522 0.711168 -0.116879
v -0.355481 0.710196 -0.120855
v -0.429113 0.678301 -0.106030
v -0.453275 0.725920 -0.101910
v -0.445238 0.675700 -0.111033
v -0.426967 0.639026 -0.113236
v -0.410703 0.646368 -0.107034
v -0.455795 0.677029 -0.112749
v -0.467525 0.677405 -0.113725
v -0.437636 0.639351 -0.115585
v -0.216693 0.000295 -0.178124
v -0.214360 0.135107 -0.180876
v -0.215261 0.154278 -0.181448
v -0.213944 0.106089 -0.179898
v -0.221851 0.234192 -0.180691
v -0.217568 0.186831 -0.181955
v -0.235750 0.367937 -0.168320
v -0.246443 0.421053 -0.162991
v -0.231251 0.319466 -0.173346
v -0.285254 0.562672 -0.151682
v -0.296686 0.595277 -0.149719
v -0.271479 0.522217 -0.154514
v -0.329700 0.686187 -0.143167
v -0.343691 0.719127 -0.138514
v -0.320341 0.661339 -0.145446
v -0.214722 0.062857 -0.186531
v -0.215767 0.025171 -0.185841
v -0.214912 0.136544 -0.188241
v -0.215870 0.155694 -0.188851
v -0.214395 0.116259 -0.187113
v -0.221093 0.220961 -0.188254
v -0.223991 0.248915 -0.186640
v -0.218122 0.187021 -0.189185
v -0.236520 0.371243 -0.173765
v -0.232095 0.323147 -0.179576
v -0.299027 0.599568 -0.153385
v -0.273766 0.528028 -0.160255
v -0.332284 0.687138 -0.147607
v -0.005953 0.052893 -0.126494
v -0.013227 0.120995 -0.125719
v -0.004941 0.038745 -0.271391
v -0.022925 0.177221 -0.124741
v -0.080195 0.364280 -0.120179
v -0.038940 0.238766 -0.123400
v -0.123609 0.495072 -0.117370
v -0.107420 0.441564 -0.118393
v -0.127187 0.500574 -0.155582
v -0.109202 0.444181 -0.169873
v -0.142041 0.570087 -0.145455
v -0.171795 0.696324 -0.115193
v -0.166147 0.672260 -0.121096
v -0.162459 0.724723 -0.116233
v -0.175506 0.714160 -0.110129
v -0.051557 0.722524 -0.116233
v -0.118090 0.720680 -0.116233
v -0.007706 0.069235 -0.267781
v -0.005016 0.038709 -0.272058
v -0.011283 0.102965 -0.262853
v -0.026922 0.192866 -0.245743
v -0.020701 0.164484 -0.253295
v -0.034279 0.220867 -0.239355
v -0.027457 0.192741 -0.251358
v -0.034765 0.220609 -0.245756
v -0.064384 0.316085 -0.213774
v -0.077793 0.355276 -0.205505
v -0.053281 0.282843 -0.225709
v -0.126854 0.498342 -0.160838
v -0.108089 0.441546 -0.194287
v -0.143319 0.572751 -0.153027
v -0.127016 0.499054 -0.174454
v -0.171053 0.692478 -0.122321
v -0.165880 0.667834 -0.138531
v -0.166352 0.672108 -0.124326
v -0.000000 0.071039 -0.126332
v -0.000000 0.039424 -0.126573
v -0.000000 0.071506 -0.126327
v -0.000000 0.038545 -0.126578
v -0.000000 0.046190 -0.126532
v -0.000000 0.101879 -0.125981
v -0.140091 0.574769 -0.116430
v -0.022869 0.391227 -0.119755
v -0.289034 0.058444 -0.111945
v -0.293139 0.018907 -0.110472
v -0.284252 0.131032 -0.114730
v -0.285740 0.099790 -0.113413
v -0.289445 0.221393 -0.118011
v -0.303077 0.345188 -0.117475
v -0.312818 0.387824 -0.116454
v -0.296238 0.278417 -0.118404
v -0.348924 0.531021 -0.110908
v -0.336641 0.486689 -0.113005
v -0.399810 0.683367 -0.102259
v -0.411861 0.710435 -0.100052
v -0.387208 0.651047 -0.104407
v -0.270272 0.061324 -0.124029
v -0.277366 0.019187 -0.120844
v -0.267173 0.127672 -0.126247
v -0.268469 0.147070 -0.126540
v -0.267767 0.098421 -0.125220
v -0.278132 0.269113 -0.129531
v -0.278130 0.226928 -0.126249
v -0.286557 0.348457 -0.126846
v -0.313940 0.421335 -0.118506
v -0.284030 0.311762 -0.127668
v -0.331801 0.503712 -0.116165
v -0.350219 0.580758 -0.113866
v -0.317817 0.491742 -0.121218
v -0.395334 0.707621 -0.105980
v -0.230497 0.000297 -0.225984
v -0.235065 0.000297 -0.248801
v -0.235051 0.000297 -0.275034
v -0.232513 0.000297 -0.289796
v -0.222142 0.000297 -0.318174
v -0.199191 0.000298 -0.348013
v -0.175158 0.000297 -0.363903
v -0.154442 0.000297 -0.371397
v -0.132077 0.000297 -0.374619
v -0.109164 0.000297 -0.373295
v -0.081016 0.000297 -0.365252
v -0.095144 0.000296 -0.370262
v -0.059593 0.000299 -0.353506
v -0.070654 0.000296 -0.360209
v -0.045439 0.000294 -0.343177
v -0.028986 0.000297 -0.327563
v -0.015941 0.000297 -0.309514
v -0.006875 0.000297 -0.289970
v -0.002736 0.000297 -0.277424
v -0.230571 0.000297 -0.155048
v -0.224337 0.000297 -0.162461
v -0.240731 0.000297 -0.145423
v -0.254513 0.000297 -0.135246
v -0.277403 0.000297 -0.121790
v -0.349759 0.000297 -0.110810
v -0.216978 0.000297 -0.188621
v -0.416421 0.000296 0.053322
v -0.409156 0.000297 0.061308
v -0.219586 0.000296 -0.198783
v -0.424499 0.000296 0.042454
v -0.433130 0.000296 0.025822
v -0.439565 0.000295 0.002945
v -0.438131 0.000297 0.010038
v -0.441137 0.000297 -0.015961
v -0.440760 0.000298 -0.006322
v -0.439349 0.000297 -0.034845
v -0.440673 0.000296 -0.025418
v -0.434215 0.000296 -0.052982
v -0.437191 0.000296 -0.044050
v -0.430939 0.000295 -0.060533
v -0.418882 0.000296 -0.080950
v -0.406965 0.000297 -0.093694
v -0.390685 0.000297 -0.104744
v -0.369943 0.000299 -0.110274
v -0.380772 0.000297 -0.108435
v -0.043655 0.000409 0.228161
v -0.021766 0.000463 0.229847
v -0.094839 0.000335 0.221572
v -0.221960 0.000297 0.188703
v -0.295613 0.000297 0.155634
v -0.277418 0.000297 0.165156
v -0.339891 0.000297 0.127463
v -0.329763 0.000297 0.134723
v -0.318995 0.000297 0.141851
v -0.361608 0.000297 0.109578
v -0.391706 0.000295 0.079691
v -0.068577 0.133360 -0.344862
v -0.055229 0.132630 -0.333134
v -0.036980 0.138877 -0.307384
v -0.045303 0.140043 -0.319112
v -0.025700 0.137125 -0.288189
v -0.030909 0.138113 -0.297654
v -0.018102 0.135630 -0.268745
v -0.021627 0.136144 -0.279155
v -0.398197 0.074214 0.051485
v -0.215464 0.087166 -0.193313
v -0.408602 0.076270 0.037750
v -0.423801 0.077842 0.002321
v -0.426262 0.078884 -0.021604
v -0.425793 0.078284 -0.009951
v -0.424400 0.079940 -0.040421
v -0.425810 0.078959 -0.031307
v -0.419422 0.079239 -0.059461
v -0.422258 0.080554 -0.049413
v -0.416349 0.080575 -0.067348
v -0.358910 0.062792 0.095087
v -0.378767 0.073558 0.072696
v -0.429907 0.051612 -0.007798
v -0.368362 0.089269 -0.113416
v -0.215357 0.100005 -0.326728
v -0.246846 0.061761 -0.138616
v -0.301828 0.044123 0.142277
v -0.345540 0.011143 0.118579
v -0.339914 0.062954 0.112122
v -0.215414 0.000296 -0.178512
v -0.292832 0.018268 -0.106500
v -0.289152 0.053239 -0.107795
v -0.202260 0.149262 -0.340037
v -0.061284 0.122570 -0.340734
v -0.232689 0.052193 -0.286855
v -0.226159 0.047253 -0.217551
v 0.000213 0.035801 0.226082
v -0.070049 0.029110 0.221334
v -0.180821 0.088822 -0.356619
v -0.310108 0.062594 -0.109986
v -0.233983 0.182867 -0.227613
v -0.238989 0.195495 -0.241664
v -0.097819 0.234542 -0.343604
v -0.081737 0.239135 -0.331586
v -0.072268 0.242664 -0.319963
v -0.059298 0.255265 -0.284657
v -0.064973 0.249144 -0.304181
v -0.060294 0.270548 -0.272443
v -0.059161 0.260944 -0.278721
v -0.045487 0.246144 -0.254443
v -0.286301 0.179483 -0.116774
v -0.221018 0.179584 -0.201255
v -0.404539 0.145094 0.030174
v -0.411402 0.147416 0.016264
v -0.418035 0.148559 -0.005653
v -0.419796 0.150564 -0.026313
v -0.419502 0.149589 -0.017064
v -0.418194 0.150732 -0.045928
v -0.419335 0.151574 -0.035347
v -0.416681 0.152543 -0.054374
v -0.219209 0.145639 0.168951
v -0.258080 0.142919 0.152780
v -0.353823 0.148959 0.086983
v -0.339055 0.140156 0.101594
v -0.376140 0.141517 0.064905
v -0.070998 0.114643 0.208311
v -0.183784 0.167641 -0.351366
v -0.227536 0.162999 -0.306495
v -0.298405 0.116170 0.133574
v -0.337291 0.099980 0.107770
v -0.213122 0.129328 -0.181114
v -0.233120 0.113959 -0.239503
v 0.000277 0.114246 0.212715
v -0.232874 0.296160 -0.193745
v -0.230874 0.346717 -0.303679
v -0.177430 0.374139 -0.331985
v -0.159320 0.381084 -0.330399
v -0.168233 0.377660 -0.331696
v -0.150540 0.383061 -0.328269
v -0.130619 0.388980 -0.317930
v -0.114741 0.394286 -0.301080
v -0.122075 0.392476 -0.310050
v -0.105516 0.396917 -0.282801
v -0.109593 0.395505 -0.292403
v -0.102258 0.397694 -0.272486
v -0.081323 0.359658 -0.223836
v -0.099358 0.416789 -0.194231
v -0.227120 0.279169 -0.177324
v -0.251374 0.268818 -0.145822
v -0.259673 0.269697 -0.140261
v -0.227901 0.281977 -0.183904
v -0.396940 0.245187 0.038460
v -0.406555 0.245912 0.023962
v -0.413735 0.247792 0.008334
v -0.417476 0.249185 -0.003661
v -0.421219 0.250894 -0.033288
v -0.420721 0.254023 -0.022120
v -0.418398 0.244038 -0.058476
v -0.410882 0.251035 -0.084151
v -0.403471 0.266299 -0.099279
v -0.318828 0.235509 0.113450
v -0.351356 0.237328 0.087221
v -0.366947 0.237457 0.071542
v -0.243793 0.250901 -0.234603
v -0.073161 0.155470 0.202462
v -0.188518 0.222458 -0.345175
v -0.307898 0.218401 -0.115955
v -0.305547 0.157817 -0.114200
v -0.327345 0.189727 -0.118800
v -0.418976 0.172847 -0.018178
v -0.377372 0.187929 -0.112994
v -0.367237 0.220975 -0.119496
v -0.231879 0.321534 -0.302319
v -0.336585 0.169232 0.101750
v -0.339435 0.221378 0.097864
v -0.222228 0.247001 -0.180252
v -0.218164 0.206952 -0.182133
v -0.246325 0.257574 -0.253941
v -0.357733 0.304413 -0.124234
v -0.419144 0.176633 -0.033100
v -0.212537 0.287405 -0.323767
v -0.287889 0.207472 -0.113641
v -0.290492 0.234469 -0.114139
v -0.393735 0.207286 -0.101386
v -0.237884 0.215520 -0.153396
v -0.000048 0.158535 0.206131
v -0.279609 0.504990 -0.189187
v -0.288277 0.521419 -0.205611
v -0.286120 0.530208 -0.224665
v -0.288157 0.524479 -0.212587
v -0.281808 0.540693 -0.239898
v -0.284512 0.534188 -0.231068
v -0.276314 0.553854 -0.253496
v -0.279699 0.545619 -0.245455
v -0.271129 0.566589 -0.263572
v -0.260602 0.578600 -0.276323
v -0.265253 0.573116 -0.271434
v -0.255059 0.580499 -0.280823
v -0.237055 0.597336 -0.286814
v -0.241776 0.594921 -0.286233
v -0.227370 0.600702 -0.286211
v -0.231973 0.599714 -0.286774
v -0.217731 0.602322 -0.282527
v -0.200513 0.602497 -0.273120
v -0.185350 0.602642 -0.259891
v -0.162710 0.608682 -0.211917
v -0.164121 0.607358 -0.217653
v -0.165739 0.606242 -0.223233
v -0.157221 0.629135 -0.156628
v -0.258135 0.473147 -0.158256
v -0.265699 0.464158 -0.145141
v -0.278256 0.457391 -0.135608
v -0.287254 0.452839 -0.130848
v -0.303066 0.439854 -0.124463
v -0.351112 0.433687 -0.117888
v -0.372722 0.432131 -0.124531
v -0.259792 0.478382 -0.164774
v -0.419838 0.404735 0.032636
v -0.263584 0.485945 -0.170356
v -0.428706 0.408033 0.019235
v -0.436550 0.411297 0.000370
v -0.432603 0.409283 0.010364
v -0.439675 0.410934 -0.011927
v -0.442987 0.411778 -0.031880
v -0.443411 0.412553 -0.049129
v -0.441895 0.413022 -0.067952
v -0.437508 0.415477 -0.084883
v -0.430618 0.419305 -0.099428
v -0.417048 0.409717 -0.112789
v -0.391340 0.430814 -0.126350
v -0.399217 0.430063 -0.125481
v -0.078588 0.382483 0.181799
v -0.152028 0.379354 0.175378
v -0.126985 0.379456 0.178696
v -0.211751 0.379459 0.161956
v -0.182698 0.378608 0.169263
v -0.265313 0.380700 0.144082
v -0.239085 0.379761 0.153597
v -0.313657 0.382982 0.122607
v -0.295499 0.380663 0.131188
v -0.333962 0.386483 0.111169
v -0.384062 0.394716 0.071892
v -0.367323 0.392863 0.087673
v -0.394616 0.398523 0.061398
v -0.161828 0.561609 -0.259132
v -0.144425 0.504345 -0.271167
v -0.259074 0.434222 -0.261695
v -0.267451 0.304655 0.140213
v -0.260708 0.255875 0.144821
v -0.237451 0.258777 -0.213449
v -0.127184 0.499992 -0.177578
v -0.099636 0.344201 0.182277
v -0.092138 0.298847 0.186126
v -0.235432 0.495371 -0.297079
v -0.225429 0.516487 -0.301041
v -0.317408 0.288436 -0.117125
v -0.159023 0.601580 -0.207503
v -0.250603 0.440332 -0.280002
v -0.245147 0.420085 -0.163432
v -0.234701 0.368065 -0.168673
v -0.226831 0.285519 -0.177177
v -0.218078 0.552002 -0.297626
v -0.147557 0.571819 -0.193165
v -0.302726 0.345310 -0.113308
v -0.319806 0.419432 -0.111340
v 0.000000 0.317367 0.189131
v -0.334539 0.652643 -0.166400
v -0.347601 0.664289 -0.177576
v -0.340314 0.656596 -0.170978
v -0.356768 0.679360 -0.185399
v -0.311427 0.635313 -0.147260
v -0.317005 0.628632 -0.134642
v -0.332601 0.624789 -0.123367
v -0.323428 0.625573 -0.128817
v -0.363338 0.580082 -0.108384
v -0.423837 0.603591 -0.117932
v -0.315197 0.637912 -0.153478
v -0.318883 0.639568 -0.157380
v -0.496217 0.610381 0.029608
v -0.481714 0.577064 0.030814
v -0.494794 0.583177 0.010855
v -0.486002 0.571613 0.018581
v -0.498486 0.580768 -0.001654
v -0.502411 0.581460 -0.020023
v -0.505072 0.587006 -0.043082
v -0.499865 0.584201 -0.063270
v -0.502374 0.584658 -0.054368
v -0.493217 0.586252 -0.080551
v -0.496969 0.585097 -0.072047
v -0.483869 0.588892 -0.095479
v -0.488875 0.587432 -0.088242
v -0.472462 0.592366 -0.107617
v -0.478389 0.590535 -0.101927
v -0.466030 0.594616 -0.112557
v -0.036938 0.536490 0.192599
v -0.177013 0.526152 0.183689
v -0.158157 0.531256 0.186600
v -0.250345 0.519306 0.166727
v -0.286890 0.536558 0.158151
v -0.449038 0.570508 0.065072
v -0.281683 0.538872 -0.169283
v -0.308688 0.590767 -0.175022
v 0.000000 0.500455 0.189970
v 0.000000 0.462360 0.186272
v 0.000000 0.425504 0.184442
v -0.122029 0.452757 0.180995
v -0.361455 0.575171 -0.104348
v -0.348785 0.531928 -0.106565
v -0.336470 0.487556 -0.108689
v -0.438565 0.510301 -0.115127
v -0.466592 0.540710 0.031944
v -0.337340 0.644118 -0.183979
v -0.286305 0.569076 -0.151598
v -0.270474 0.522514 -0.154813
v -0.527936 0.732232 0.060848
v -0.543497 0.730641 0.045970
v -0.561636 0.728371 0.024332
v -0.553353 0.730409 0.035571
v -0.567550 0.727812 0.015695
v -0.580391 0.731383 -0.016945
v -0.108827 0.701240 0.223604
v -0.040538 0.704126 0.227679
v -0.210367 0.701001 0.212951
v -0.192703 0.699874 0.215897
v -0.164691 0.700264 0.219626
v -0.268703 0.708018 0.200308
v -0.232939 0.703563 0.208518
v -0.327541 0.717378 0.181670
v -0.296510 0.714022 0.192660
v -0.364216 0.721389 0.166983
v -0.422065 0.730013 0.139652
v -0.477134 0.737742 0.106613
v -0.464013 0.735986 0.115325
v -0.498768 0.735794 0.086975
v -0.324755 0.661831 -0.135785
v -0.279972 0.629269 0.177785
v 0.000000 0.667653 0.221073
v 0.000000 0.625705 0.211410
v 0.000000 0.582718 0.202779
v -0.399319 0.683197 -0.097974
v -0.385473 0.647561 -0.100310
v -0.533143 0.662263 0.011701
v -0.384412 0.638994 0.134872
v -0.182140 0.695538 -0.184724
v -0.171264 0.647516 -0.197729
v -0.121186 0.834185 0.268449
v -0.046029 0.836337 0.273635
v -0.232762 0.834365 0.256097
v -0.214734 0.833804 0.259462
v -0.192926 0.833397 0.262344
v -0.255172 0.835805 0.250514
v -0.336381 0.839614 0.223147
v -0.409253 0.845482 0.194827
v -0.482827 0.843080 0.156320
v 0.000001 0.809532 0.265779
v 0.000001 0.778005 0.254073
v 0.000001 0.743944 0.242727
v -0.151203 0.737171 0.231183
v -0.156263 0.771708 0.241872
v -0.161266 0.803712 0.253080
v -0.414311 0.761114 0.155235
v -0.139868 0.937096 0.325009
v -0.083532 0.939575 0.330508
v -0.229679 0.933113 0.310162
v -0.206424 0.934315 0.315363
v -0.290791 0.929852 0.290642
v -0.336908 0.927368 0.272894
v -0.168279 0.860842 0.277705
v -0.170520 0.886724 0.291301
v -0.173165 0.911546 0.305660
v -0.193551 0.988858 0.356503
v -0.183408 0.959874 0.336221
v -0.001306 1.000069 0.377054
v 0.000001 0.967364 0.353491
v -0.178984 0.718913 -0.148576
v -0.222695 0.687863 -0.234566
v -0.218653 0.689506 -0.230511
v -0.214757 0.691259 -0.226257
v -0.590498 0.756921 0.003809
v -0.183067 0.713547 -0.169759
v -0.180646 0.716602 -0.158887
v -0.192556 0.704783 -0.194300
v -0.187237 0.709206 -0.182880
v -0.245421 0.682097 -0.251907
v -0.207271 0.695119 -0.217136
v -0.203679 0.697211 -0.212283
v -0.200229 0.699374 -0.207258
v -0.493151 0.683266 -0.111332
v -0.240453 0.682719 -0.248695
v -0.235901 0.683668 -0.245524
v -0.231354 0.684914 -0.242088
v -0.185674 0.662519 -0.216020
v -0.260211 0.680944 -0.260095
v -0.261761 0.680606 -0.260775
v -0.558202 0.702957 -0.058530
v -0.477472 0.721489 -0.107939
v -0.332734 0.696108 -0.142386
v -0.317439 0.655219 -0.146249
v -0.376880 0.974802 0.298991
v -0.391370 0.966982 0.286448
v -0.405128 0.959559 0.274262
v -0.074138 1.036247 0.402147
v -0.119619 1.038120 0.400976
v -0.167095 1.035708 0.395630
v -0.599088 0.816124 0.063581
v -0.600756 0.812817 0.059070
v -0.602192 0.809434 0.054407
v -0.270369 0.680279 -0.261827
v -0.266181 0.680292 -0.261490
v -0.316369 1.003663 0.344503
v -0.331827 0.997078 0.334107
v -0.347080 0.990087 0.323063
v -0.605351 0.788190 0.023860
v -0.604980 0.784576 0.018450
v -0.604134 0.779843 0.011273
v -0.302655 0.685795 -0.247348
v -0.297445 0.684218 -0.251838
v -0.351281 0.695660 -0.211805
v -0.343300 0.694303 -0.217370
v -0.493084 0.911042 0.195490
v -0.504491 0.903985 0.184694
v -0.515699 0.896433 0.173436
v -0.366249 0.707108 -0.174897
v -0.454392 0.932023 0.228776
v -0.470772 0.923643 0.215191
v -0.564744 0.855626 0.115990
v -0.539964 0.721040 -0.092658
v -0.533613 0.719442 -0.096908
v -0.580340 0.743312 -0.049334
v -0.347458 0.715002 -0.148451
v -0.348726 0.714333 -0.150391
v -0.405211 0.733568 -0.103997
v -0.440035 0.939768 0.241553
v -0.604345 0.802474 0.044668
v -0.605052 0.798918 0.039614
v -0.605383 0.795371 0.034454
v -0.355737 0.727104 -0.123046
v -0.350275 0.724869 -0.127409
v -0.315945 0.689552 -0.235779
v -0.309680 0.687918 -0.241014
v -0.361476 0.698277 -0.202185
v -0.589659 0.829297 0.081100
v -0.592625 0.825718 0.076398
v -0.595088 0.822472 0.072105
v -0.242362 1.026032 0.380059
v -0.266415 1.020929 0.371928
v -0.284982 1.015579 0.363423
v -0.393292 0.733457 -0.107798
v -0.388148 0.733147 -0.109267
v -0.383127 0.732698 -0.110715
v -0.506641 0.717346 -0.108099
v -0.501777 0.717825 -0.108734
v -0.496751 0.718477 -0.109042
v -0.367331 0.700907 -0.193409
v -0.368308 0.703276 -0.186368
v -0.579487 0.840559 0.095872
v -0.588894 0.751597 -0.034694
v -0.556291 0.727288 -0.079026
v -0.548201 0.723772 -0.086318
v -0.601768 0.772333 -0.000497
v -0.332237 0.692579 -0.224498
v -0.322776 0.690984 -0.230718
v -0.536443 0.880979 0.150996
v -0.545172 0.873734 0.140755
v -0.552322 0.867362 0.131908
v -0.345073 0.716997 -0.143311
v -0.373616 0.731424 -0.113891
v -0.369185 0.730621 -0.115700
v -0.363109 0.729275 -0.118595
v -0.524914 0.717879 -0.101860
v -0.520482 0.717385 -0.103940
v -0.515972 0.717114 -0.105700
v -0.571513 0.736353 -0.061976
v -0.563795 0.731352 -0.071257
v -0.231376 0.276767 -0.166449
v -0.261803 0.466509 -0.149587
v -0.313929 0.630719 -0.138783
v -0.310967 0.634012 -0.147943
v -0.343674 0.718856 -0.139073
v -0.177334 0.724003 -0.114165
v -0.177299 0.723481 -0.119773
v -0.177378 0.722701 -0.125940
v -0.084823 0.720921 -0.116233
v -0.153067 0.632431 -0.116233
v 0.051557 0.722524 -0.116234
v -0.000000 0.726391 -0.116234
v -0.002196 0.000297 -0.126685
v -0.000000 0.086231 -0.126184
v -0.000000 0.132417 -0.125537
v -0.334436 0.436162 -0.115010
v -0.343323 0.434368 -0.115909
v -0.433351 0.730189 -0.098311
v -0.443704 0.727889 -0.099506
v -0.363228 0.582240 -0.108403
v -0.227229 0.000297 -0.216583
v -0.233383 0.000297 -0.237566
v -0.235722 0.000297 -0.260743
v -0.228253 0.000297 -0.304427
v -0.214241 0.000297 -0.331276
v -0.186868 0.000297 -0.357393
v -0.165315 0.000297 -0.368061
v -0.143542 0.000297 -0.373541
v -0.120784 0.000297 -0.374532
v -0.036193 0.000293 -0.335075
v -0.022077 0.000296 -0.318853
v -0.010822 0.000297 -0.299771
v -0.295509 0.000297 -0.105931
v -0.318388 0.000297 -0.107302
v -0.360093 0.000298 -0.110916
v -0.420492 0.000297 0.048194
v -0.429184 0.000296 0.034364
v -0.436301 0.000294 0.016897
v -0.424922 0.000297 -0.072069
v -0.413207 0.000297 -0.087670
v -0.400047 0.000297 -0.099111
v 0.000000 0.000514 0.230271
v -0.068873 0.000361 0.225328
v -0.127235 0.000313 0.215467
v -0.196095 0.000286 0.197306
v -0.250619 0.000297 0.177447
v -0.307593 0.000297 0.148828
v -0.349361 0.000297 0.120090
v -0.375958 0.000296 0.095793
v -0.099648 0.145425 -0.358601
v -0.077992 0.131525 -0.351079
v -0.000000 0.131532 -0.125551
v -0.212961 0.090720 -0.179938
v -0.285487 0.097784 -0.109423
v -0.413342 0.085937 0.026873
v -0.421710 0.076982 0.010622
v -0.411260 0.080940 -0.077647
v -0.399847 0.091168 -0.092593
v -0.387127 0.091047 -0.104124
v -0.136357 0.119026 0.196403
v -0.202813 0.090901 0.181200
v -0.257344 0.086059 0.159707
v -0.229886 0.181406 -0.218086
v -0.089730 0.237865 -0.338077
v -0.043863 0.249514 -0.242973
v -0.214845 0.164479 -0.182143
v -0.245128 0.149439 -0.141743
v -0.285618 0.173854 -0.112547
v -0.325923 0.152554 -0.117493
v -0.399081 0.144239 0.038768
v -0.415381 0.147523 0.005306
v -0.413568 0.152964 -0.065804
v -0.139379 0.168241 0.190312
v -0.198979 0.157570 0.174937
v -0.298483 0.148075 0.130513
v -0.240722 0.310341 -0.288042
v -0.225858 0.376239 -0.308375
v -0.202985 0.344409 -0.326838
v -0.192987 0.390273 -0.326822
v -0.140973 0.387148 -0.324032
v -0.100646 0.402362 -0.258902
v -0.094755 0.396248 -0.228839
v -0.241084 0.273221 -0.154611
v -0.296288 0.281943 -0.114395
v -0.387355 0.242535 0.049646
v -0.410294 0.246986 0.016794
v -0.415814 0.252907 -0.072081
v -0.380787 0.228200 -0.114106
v -0.306101 0.260660 0.121015
v -0.274450 0.497258 -0.182954
v -0.284427 0.513129 -0.196916
v -0.247466 0.589952 -0.284766
v -0.222742 0.600917 -0.285096
v -0.208239 0.602288 -0.277914
v -0.192231 0.603023 -0.266425
v -0.179639 0.607761 -0.248922
v -0.167576 0.605341 -0.228641
v -0.257076 0.473282 -0.158577
v -0.271614 0.460115 -0.139999
v -0.364887 0.433927 -0.122420
v -0.382248 0.431407 -0.125979
v -0.412365 0.402287 0.041265
v -0.424553 0.406478 0.026298
v -0.441740 0.412146 -0.021183
v -0.443574 0.412262 -0.040354
v -0.442981 0.412646 -0.059047
v -0.440150 0.414316 -0.076576
v -0.434146 0.417531 -0.093010
v -0.425951 0.422335 -0.106596
v 0.000000 0.389242 0.184546
v -0.106740 0.380028 0.180390
v -0.350603 0.668081 -0.181243
v -0.414826 0.604379 -0.115669
v -0.444080 0.628186 -0.117733
v -0.495944 0.579428 0.003974
v -0.501240 0.581476 -0.011319
v -0.503399 0.582632 -0.028646
v 0.000000 0.540397 0.195491
v -0.126230 0.533202 0.189153
v -0.365959 0.565055 0.128757
v -0.409730 0.562494 0.099767
v -0.226917 0.686331 -0.238424
v -0.210974 0.693127 -0.221800
v -0.536309 0.732444 0.053770
v 0.000000 0.707222 0.231711
v -0.399784 0.726571 0.150915
v -0.448589 0.733817 0.124760
v 0.000001 0.838674 0.277941
v -0.165506 0.833366 0.264960
v -0.294338 0.836952 0.238031
v -0.374338 0.843245 0.209195
v -0.440939 0.846268 0.179904
v 0.000001 0.941295 0.335645
v -0.177149 0.935797 0.320566
v -0.253421 0.932086 0.303674
v -0.396775 0.924655 0.248459
v 0.000001 1.028614 0.398103
v -0.196954 0.701579 -0.202077
v -0.258482 0.681196 -0.259195
v -0.466833 0.723338 -0.105778
v -0.367294 0.706042 -0.178154
v -0.605484 0.791792 0.029198
v -0.378269 0.732119 -0.112229
v -0.286557 0.681733 -0.258558
v -0.421403 0.732877 -0.093591
v -0.360718 0.710313 -0.164599
v -0.273418 0.680350 -0.261834
v -0.488820 0.719661 -0.109006
v -0.570583 0.849804 0.108146
v -0.482148 0.917482 0.205432
v -0.529284 0.718573 -0.099503
v -0.416380 0.953404 0.264145
v -0.210148 1.030966 0.387962
v -0.446813 0.935981 0.235278
v -0.559368 0.860776 0.122898
v -0.368169 0.701715 -0.190876
v -0.511365 0.717092 -0.107100
v -0.365769 0.700021 -0.196300
v -0.597196 0.819345 0.067929
v -0.586038 0.833417 0.086501
v -0.300741 1.009861 0.354347
v -0.597633 0.764034 -0.013959
v -0.398518 0.733617 -0.106225
v -0.346324 0.715791 -0.146322
v -0.603391 0.805983 0.049603
v -0.263101 0.680433 -0.261018
v -0.356148 0.696723 -0.207729
v -0.362090 0.982657 0.311351
v -0.350716 0.713529 -0.152964
v -0.342713 0.718993 -0.138770
v -0.526522 0.888726 0.162063
v -0.219756 0.000296 -0.170127
v -0.216026 0.096438 -0.173170
v -0.228942 0.278797 -0.171770
v -0.259609 0.469865 -0.153868
v -0.311031 0.629626 -0.143365
v -0.216581 0.000297 -0.178994
v -0.214305 0.095135 -0.186535
v -0.217471 0.186913 -0.182773
v -0.227090 0.280031 -0.178020
v -0.258335 0.474777 -0.158773
v -0.312921 0.637030 -0.149863
v -0.344115 0.718139 -0.140556
v -0.145816 0.723467 -0.116233
v -0.000000 0.000297 -0.126685
v 0.153042 0.632806 -0.116235
v 0.000010 0.000289 -0.276420
v -0.015530 0.134956 -0.258113
v -0.042757 0.249527 -0.233883
v -0.091511 0.394374 -0.182995
v -0.156312 0.632113 -0.133082
v -0.177345 0.724317 -0.108529
v -0.295898 0.000297 -0.109882
v -0.306908 0.271716 -0.116867
v -0.323751 0.434058 -0.115067
v -0.367076 0.562328 -0.109688
v -0.421788 0.732831 -0.097857
v -0.295116 0.000296 -0.110212
v -0.286346 0.081029 -0.113069
v -0.285313 0.174834 -0.116910
v -0.294427 0.269256 -0.118682
v -0.374469 0.650019 -0.109331
v -0.420961 0.732933 -0.098030
v -0.402669 0.223178 -0.092454
v -0.061484 0.420055 0.182021
v -0.292192 0.498113 0.149379
v -0.283923 0.130180 -0.110576
v -0.029042 0.386561 0.183240
v -0.414034 0.283847 0.011088
v -0.000340 0.351246 0.186386
v -0.128837 0.491434 0.183821
v -0.344146 0.169479 -0.119836
v -0.193020 0.526450 0.181206
v -0.223042 0.525322 0.174655
v -0.342828 0.418418 0.110499
v -0.354656 0.384916 0.096070
v -0.300629 0.164099 -0.114384
v -0.317675 0.461648 0.131633
v -0.365738 0.350670 0.080520
v -0.398732 0.219567 -0.097155
v -0.420871 0.249259 -0.041946
v -0.400594 0.298941 0.035213
v -0.388586 0.202317 -0.105812
v -0.360210 0.172519 -0.118764
v -0.419688 0.255008 -0.013514
v -0.263337 0.515519 0.162230
v -0.236606 0.525047 0.171330
v -0.410312 0.283811 0.018909
v -0.357922 0.359477 0.089127
v -0.364523 0.177687 -0.118026
v -0.373848 0.333293 0.069485
v -0.338215 0.426327 0.114623
v -0.420083 0.246915 -0.049377
v -0.274420 0.503723 0.156768
v -0.413717 0.239081 -0.073548
v -0.419844 0.282677 -0.007472
v -0.307511 0.482360 0.140164
v -0.406352 0.226472 -0.087210
v -0.393066 0.306631 0.044845
v -0.208099 0.527525 0.178355
v -0.348390 0.390321 0.101566
v -0.416241 0.242174 -0.066465
v -0.417334 0.282124 0.001714
v -0.335023 0.160152 -0.119010
v -0.410479 0.232448 -0.080139
v -0.405489 0.295863 0.028124
v -0.382541 0.199531 -0.110299
v -0.009816 0.053595 -0.129227
v -0.026875 0.178102 -0.127013
v -0.055196 0.278566 -0.124192
v -0.110422 0.441367 -0.119208
v -0.128940 0.500462 -0.117942
v -0.145126 0.580449 -0.116817
v -0.005940 0.000297 -0.129552
v -0.017558 0.125043 -0.128145
v -0.039454 0.227200 -0.125708
v -0.004864 0.038717 -0.131173
v -0.010221 0.095703 -0.130375
v -0.020411 0.164330 -0.128891
v -0.026565 0.192507 -0.128136
v -0.033839 0.220420 -0.127310
v -0.048351 0.268992 -0.125730
v -0.073488 0.344297 -0.123115
v -0.104889 0.434127 -0.120126
v -0.125179 0.500338 -0.118417
v -0.141368 0.580373 -0.117121
v -0.158900 0.653135 -0.116516
v -0.169207 0.696710 -0.116200
v -0.171199 0.699322 -0.116206
v -0.002126 0.000297 -0.131447
v -0.015304 0.134888 -0.129587
v -0.174635 0.724361 -0.116092
v 0.000001 1.059569 0.418298
v 0.123855 1.054831 0.410413
v 0.242949 1.040800 0.387060
v 0.352707 1.018014 0.349137
v 0.448911 0.987349 0.298102
v 0.527863 0.949984 0.235916
v 0.586530 0.907354 0.164968
v 0.622657 0.861098 0.087985
v 0.634855 0.812993 0.007926
v 0.622656 0.764889 -0.072133
v 0.586529 0.718633 -0.149116
v 0.527862 0.676003 -0.220064
v 0.448910 0.638638 -0.282250
v 0.352706 0.607973 -0.333284
v 0.242948 0.585187 -0.371207
v 0.123853 0.571155 -0.394559
v -0.000001 0.566418 -0.402444
v -0.123855 0.571156 -0.394558
v -0.242949 0.585187 -0.371206
v -0.352707 0.607973 -0.333283
v -0.448911 0.638638 -0.282248
v -0.527863 0.676003 -0.220062
v -0.586530 0.718633 -0.149114
v -0.622657 0.764889 -0.072131
v -0.634855 0.812994 0.007928
v -0.622656 0.861098 0.087988
v -0.586529 0.907354 0.164970
v -0.527862 0.949984 0.235918
v -0.448909 0.987349 0.298104
v -0.352705 1.018014 0.349139
v -0.242947 1.040800 0.387061
v -0.123852 1.054831 0.410413
v 0.000001 1.083359 0.404003
v 0.123855 1.078621 0.396118
v 0.242949 1.064589 0.372766
v 0.352707 1.041803 0.334843
v 0.448911 1.011139 0.283808
v 0.527863 0.973773 0.221622
v 0.586530 0.931144 0.150674
v 0.622656 0.884888 0.073691
v 0.634855 0.836783 -0.006368
v 0.622656 0.788679 -0.086428
v 0.586529 0.742423 -0.163410
v 0.527862 0.699793 -0.234358
v 0.448910 0.662428 -0.296544
v 0.352706 0.631763 -0.347579
v 0.242948 0.608977 -0.385501
v 0.123853 0.594945 -0.408853
v -0.000001 0.590207 -0.416738
v -0.123855 0.594945 -0.408853
v -0.242949 0.608977 -0.385500
v -0.352707 0.631763 -0.347577
v -0.448911 0.662428 -0.296542
v -0.527863 0.699793 -0.234356
v -0.586530 0.742423 -0.163408
v -0.622657 0.788679 -0.086425
v -0.634855 0.836783 -0.006366
v -0.622656 0.884888 0.073693
v -0.586529 0.931144 0.150676
v -0.527862 0.973774 0.221624
v -0.448909 1.011139 0.283810
v -0.352705 1.041804 0.334844
v -0.242947 1.064590 0.372767
v -0.123852 1.078621 0.396119
v 0.000001 1.058843 0.323160
v 0.079068 1.054886 0.316573
v 0.155097 1.043166 0.297068
v 0.225166 1.024134 0.265393
v 0.286582 0.998520 0.222765
v 0.336985 0.967310 0.170823
v 0.374437 0.931703 0.111562
v 0.397500 0.893067 0.047261
v 0.405288 0.852887 -0.019609
v 0.397500 0.812707 -0.086480
v 0.374437 0.774071 -0.150781
v 0.336984 0.738464 -0.210042
v 0.286581 0.707254 -0.261984
v 0.225165 0.681641 -0.304611
v 0.155096 0.662608 -0.336286
v 0.079067 0.650888 -0.355792
v -0.000001 0.646931 -0.362378
v -0.079068 0.650888 -0.355791
v -0.155098 0.662608 -0.336286
v -0.225166 0.681641 -0.304610
v -0.286582 0.707254 -0.261983
v -0.336985 0.738464 -0.210040
v -0.374437 0.774071 -0.150780
v -0.397500 0.812707 -0.086479
v -0.405288 0.852887 -0.019608
v -0.397500 0.893067 0.047263
v -0.374437 0.931703 0.111564
v -0.336984 0.967311 0.170824
v -0.286581 0.998520 0.222766
v -0.225165 1.024134 0.265394
v -0.155096 1.043166 0.297068
v -0.079067 1.054886 0.316574
v -0.226571 1.056351 0.348741
v -0.115504 1.069594 0.370782
v -0.328933 0.647829 -0.331153
v -0.418652 0.676771 -0.282984
v 0.592063 0.841336 -0.009104
v 0.580687 0.795933 -0.084668
v -0.418651 1.005901 0.264779
v -0.328931 1.034844 0.312949
v -0.115507 0.613078 -0.388988
v -0.226573 0.626322 -0.366946
v 0.546995 0.930398 0.139120
v 0.580687 0.886739 0.066460
v -0.546994 0.930398 0.139122
v -0.492282 0.970634 0.206086
v 0.418652 1.005901 0.264778
v 0.492283 0.970634 0.206084
v 0.115505 0.613078 -0.388988
v -0.000001 0.608606 -0.396430
v -0.592063 0.841336 -0.009102
v -0.580686 0.886740 0.066462
v 0.226573 1.056350 0.348740
v 0.328933 1.034844 0.312947
v 0.328932 0.647828 -0.331154
v 0.226572 0.626322 -0.366947
v -0.546995 0.752275 -0.157326
v -0.580687 0.795933 -0.084665
v 0.000001 1.074066 0.378224
v 0.115506 1.069594 0.370782
v 0.492282 0.712038 -0.224291
v 0.418651 0.676771 -0.282985
v -0.492283 0.712039 -0.224289
v 0.546995 0.752274 -0.157327
v 0.000001 1.046809 0.425965
v 0.123855 1.042071 0.418080
v 0.242949 1.028039 0.394727
v 0.352707 1.005253 0.356805
v 0.448911 0.974589 0.305769
v 0.527863 0.937223 0.243583
v 0.586530 0.894594 0.172635
v 0.622657 0.848338 0.095653
v 0.634855 0.800233 0.015593
v 0.622656 0.752129 -0.064466
v 0.586529 0.705873 -0.141449
v 0.527862 0.663243 -0.212396
v 0.448910 0.625878 -0.274582
v 0.352706 0.595213 -0.325617
v 0.242948 0.572427 -0.363539
v 0.123853 0.558395 -0.386892
v -0.000001 0.553657 -0.394777
v -0.123855 0.558395 -0.386891
v -0.242949 0.572427 -0.363539
v -0.352707 0.595213 -0.325616
v -0.448911 0.625878 -0.274581
v -0.527863 0.663243 -0.212395
v -0.586530 0.705873 -0.141447
v -0.622657 0.752129 -0.064464
v -0.634855 0.800233 0.015596
v -0.622656 0.848338 0.095655
v -0.586529 0.894594 0.172638
v -0.527862 0.937224 0.243585
v -0.448909 0.974589 0.305771
v -0.352705 1.005254 0.356806
v -0.242947 1.028040 0.394728
v -0.123852 1.042071 0.418080
v 0.000001 1.044884 0.427122
v 0.123855 1.040146 0.419236
v 0.242949 1.026115 0.395884
v 0.352707 1.003329 0.357961
v 0.448911 0.972664 0.306926
v 0.527863 0.935298 0.244740
v 0.586530 0.892669 0.173792
v 0.622657 0.846413 0.096809
v 0.634855 0.798308 0.016750
v 0.622656 0.750204 -0.063309
v 0.586529 0.703948 -0.140292
v 0.527862 0.661318 -0.211240
v 0.448910 0.623953 -0.273426
v 0.352706 0.593288 -0.324461
v 0.242948 0.570502 -0.362383
v 0.123853 0.556470 -0.385735
v -0.000001 0.551732 -0.393620
v -0.123855 0.556470 -0.385735
v -0.242949 0.570502 -0.362382
v -0.352707 0.593288 -0.324459
v -0.448911 0.623953 -0.273424
v -0.527863 0.661318 -0.211238
v -0.586530 0.703948 -0.140290
v -0.622657 0.750204 -0.063307
v -0.634855 0.798309 0.016752
v -0.622656 0.846413 0.096811
v -0.586529 0.892669 0.173794
v -0.527862 0.935299 0.244742
v -0.448909 0.972664 0.306928
v -0.352705 1.003329 0.357962
v -0.242947 1.026115 0.395885
v -0.123852 1.040146 0.419237
v 0.000000 0.884901 0.160865
v 0.043495 0.883237 0.158096
v 0.085319 0.878310 0.149895
v 0.123864 0.870307 0.136577
v 0.157649 0.859539 0.118655
v 0.185375 0.846417 0.096816
v 0.205978 0.831446 0.071901
v 0.218665 0.815202 0.044866
v 0.222949 0.798308 0.016751
v 0.218665 0.781415 -0.011365
v 0.205978 0.765171 -0.038400
v 0.185375 0.750200 -0.063315
v 0.157649 0.737078 -0.085154
v 0.123864 0.726309 -0.103076
v 0.085319 0.718307 -0.116394
v 0.043495 0.713380 -0.124594
v -0.000000 0.711716 -0.127364
v -0.043495 0.713380 -0.124594
v -0.085319 0.718307 -0.116393
v -0.123864 0.726309 -0.103076
v -0.157649 0.737078 -0.085153
v -0.185375 0.750200 -0.063314
v -0.205978 0.765171 -0.038399
v -0.218665 0.781415 -0.011364
v -0.222949 0.798308 0.016751
v -0.218665 0.815202 0.044867
v -0.205978 0.831446 0.071902
v -0.185375 0.846417 0.096817
v -0.157648 0.859539 0.118655
v -0.123863 0.870308 0.136578
v -0.085318 0.878310 0.149895
v -0.043494 0.883237 0.158096
v -0.318874 1.051165 0.498454
v -0.456496 0.969876 0.379845
v -0.534935 0.902111 0.281254
v -0.586779 0.829652 0.175832
v -0.603465 0.768471 0.086820
v -0.099721 0.491776 -0.315745
v -0.208730 0.501648 -0.301382
v -0.310470 0.520950 -0.273300
v -0.401030 0.548941 -0.232577
v -0.476932 0.584544 -0.180778
v -0.535258 0.626391 -0.119893
v -0.573766 0.672875 -0.052264
v -0.599725 0.721829 0.018960
v -0.318874 1.110546 0.461663
v -0.456496 1.040730 0.335955
v -0.534935 0.982786 0.231287
v -0.586779 0.920827 0.119367
v -0.603465 0.868513 0.024868
v -0.099721 0.631916 -0.402509
v -0.208730 0.640357 -0.387261
v -0.310469 0.656862 -0.357448
v -0.401030 0.680796 -0.314215
v -0.476932 0.711240 -0.259223
v -0.535258 0.747023 -0.194586
v -0.573766 0.786770 -0.122788
v -0.599725 0.828630 -0.047175
v -0.318874 1.063082 0.491075
v -0.456496 0.984048 0.371070
v -0.534935 0.918214 0.271283
v -0.586779 0.847819 0.164583
v -0.603465 0.788381 0.074491
v -0.099721 0.519570 -0.332955
v -0.208730 0.529161 -0.318418
v -0.310470 0.547913 -0.289995
v -0.401030 0.575106 -0.248778
v -0.476932 0.609695 -0.196351
v -0.535258 0.650350 -0.134728
v -0.573766 0.695509 -0.066279
v -0.599725 0.743068 0.005808
v -0.318874 1.098843 0.468909
v -0.456496 1.026721 0.344629
v -0.534935 0.966803 0.241183
v -0.586779 0.902733 0.130571
v -0.603465 0.848636 0.037175
v -0.099721 0.603980 -0.385211
v -0.208730 0.612709 -0.370141
v -0.310469 0.629776 -0.340676
v -0.401030 0.654525 -0.297947
v -0.476932 0.686006 -0.243598
v -0.535258 0.723008 -0.179716
v -0.573766 0.764109 -0.108756
v -0.599725 0.807395 -0.034026
v -0.605590 0.977384 0.297750
v -0.605590 0.963964 0.306064
v -0.498883 1.042441 0.421347
v -0.498883 1.045480 0.419458
v -0.688471 0.731512 -0.129424
v -0.688471 0.691595 -0.104707
v -0.712822 0.750110 -0.013414
v -0.712822 0.787058 -0.036293
v -0.495438 0.585734 -0.373848
v -0.495438 0.538021 -0.344307
v -0.583155 0.583473 -0.273395
v -0.583155 0.628879 -0.301508
v -0.134298 0.507814 -0.504494
v -0.134298 0.455934 -0.472375
v -0.266613 0.473003 -0.445746
v -0.266613 0.524016 -0.477329
v -0.710251 0.838968 0.050745
v -0.710251 0.804796 0.071906
v -0.680368 0.875433 0.182111
v -0.680368 0.906019 0.163168
v -0.357812 1.107494 0.523836
v -0.357812 1.108122 0.523439
v -0.648334 0.678102 -0.218976
v -0.648334 0.635328 -0.192492
v -0.388555 0.550326 -0.433215
v -0.388555 0.500720 -0.402503
v -0.586779 0.884428 0.141908
v -0.586779 0.866124 0.153246
v -0.603465 0.808466 0.062052
v -0.603465 0.828551 0.049614
v -0.310470 0.602488 -0.323782
v -0.310470 0.575201 -0.306889
v -0.208730 0.557010 -0.335659
v -0.208730 0.584859 -0.352900
v -0.534935 0.950606 0.251217
v -0.534935 0.934410 0.261250
v -0.401030 0.628052 -0.281558
v -0.401030 0.601579 -0.265168
v -0.318874 1.075002 0.483686
v -0.318874 1.086923 0.476298
v -0.476932 0.660569 -0.227849
v -0.476932 0.635132 -0.212100
v -0.599725 0.764510 -0.007470
v -0.599725 0.785953 -0.020748
v -0.535258 0.698788 -0.164720
v -0.535258 0.674569 -0.149724
v -0.456496 1.012496 0.353443
v -0.456496 0.998272 0.362256
v -0.099721 0.575843 -0.367792
v -0.099721 0.547707 -0.350374
v -0.573766 0.741243 -0.094597
v -0.573766 0.718376 -0.080438
v -0.678722 0.825400 -0.055555
v -0.712822 0.793357 -0.040193
v -0.688471 0.740782 -0.135163
v -0.655741 0.775808 -0.145194
v -0.648334 0.690227 -0.226483
v -0.617729 0.727953 -0.231691
v -0.583155 0.643635 -0.310644
v -0.555889 0.683770 -0.311551
v -0.495438 0.602797 -0.384412
v -0.472482 0.644960 -0.381705
v -0.388555 0.569283 -0.444951
v -0.370590 0.613030 -0.439429
v -0.266613 0.544379 -0.489936
v -0.254019 0.589243 -0.482443
v -0.134298 0.529044 -0.517637
v -0.127181 0.574560 -0.509008
v -0.676300 0.871669 0.028084
v -0.710251 0.842492 0.048563
v -0.648256 0.931192 0.135696
v -0.680368 0.905958 0.163206
v -0.578595 0.999793 0.259755
v -0.605590 0.979661 0.296340
v -0.480542 1.061798 0.371944
v -0.498883 1.047223 0.418381
v -0.335948 1.122027 0.480981
v -0.357812 1.106084 0.524705
v -0.712822 0.739621 -0.006919
v -0.683383 0.715418 0.011937
v -0.660214 0.656899 -0.073160
v -0.688471 0.678136 -0.096374
v -0.621912 0.600461 -0.155232
v -0.648334 0.619014 -0.182391
v -0.559616 0.548366 -0.230988
v -0.583155 0.564526 -0.261665
v -0.475620 0.502616 -0.297513
v -0.495438 0.516768 -0.331149
v -0.373045 0.464985 -0.352228
v -0.388555 0.477574 -0.388173
v -0.255740 0.436952 -0.392979
v -0.266613 0.448450 -0.430546
v -0.128154 0.419644 -0.418129
v -0.134298 0.430515 -0.456638
v -0.710251 0.797083 0.076683
v -0.680940 0.770033 0.091353
v -0.680368 0.871303 0.184668
v -0.652645 0.840345 0.193583
v -0.605590 0.957496 0.310070
v -0.582285 0.921497 0.311547
v -0.498883 1.036505 0.425021
v -0.483049 0.995042 0.418411
v -0.357812 1.105338 0.525168
v -0.338936 1.065447 0.520663
v -0.389690 0.503380 -0.398865
v -0.389690 0.552393 -0.429210
v -0.646360 0.636377 -0.191368
v -0.646360 0.678639 -0.217535
v -0.359314 1.103510 0.515997
v -0.359314 1.102889 0.516389
v -0.678011 0.903829 0.160036
v -0.678011 0.873608 0.178752
v -0.707536 0.803817 0.069866
v -0.707536 0.837580 0.048958
v -0.269207 0.526397 -0.472796
v -0.269207 0.475995 -0.441591
v -0.138476 0.459131 -0.467901
v -0.138476 0.510389 -0.499636
v -0.581960 0.630005 -0.299079
v -0.581960 0.585143 -0.271303
v -0.495294 0.540235 -0.341366
v -0.495294 0.587377 -0.370553
v -0.710076 0.786291 -0.037038
v -0.710076 0.749785 -0.014433
v -0.686017 0.691970 -0.104633
v -0.686017 0.731411 -0.129054
v -0.498698 1.041618 0.413260
v -0.498698 1.038615 0.415127
v -0.604128 0.961080 0.301223
v -0.604128 0.974339 0.293008
v -0.316390 1.052244 0.500194
v -0.316390 1.111625 0.463403
v -0.316390 1.064160 0.492815
v -0.316390 1.099922 0.470649
v -0.355327 1.108573 0.525576
v -0.355327 1.109201 0.525179
v -0.316390 1.076081 0.485427
v -0.316390 1.088002 0.478038
v -0.333464 1.123106 0.482721
v -0.355327 1.107163 0.526446
v -0.355327 1.106417 0.526908
v -0.336452 1.066526 0.522404
v -0.356830 1.104588 0.517737
v -0.356830 1.103968 0.518130
v 0.325475 1.051166 0.498456
v 0.463098 0.969876 0.379848
v 0.541537 0.902112 0.281257
v 0.593382 0.829653 0.175835
v 0.610069 0.768472 0.086823
v 0.003303 0.491714 -0.315836
v 0.106327 0.491777 -0.315744
v 0.215336 0.501649 -0.301381
v 0.317076 0.520951 -0.273298
v 0.407637 0.548941 -0.232574
v 0.483538 0.584545 -0.180775
v 0.541863 0.626392 -0.119890
v 0.580371 0.672876 -0.052260
v 0.606329 0.721830 0.018963
v 0.325475 1.110547 0.461664
v 0.463098 1.040731 0.335957
v 0.541537 0.982787 0.231289
v 0.593382 0.920828 0.119370
v 0.610069 0.868514 0.024871
v 0.003303 0.631863 -0.402605
v 0.106327 0.631916 -0.402508
v 0.215336 0.640358 -0.387260
v 0.317076 0.656863 -0.357446
v 0.407637 0.680797 -0.314212
v 0.483538 0.711241 -0.259220
v 0.541863 0.747024 -0.194583
v 0.580371 0.786771 -0.122785
v 0.606329 0.828631 -0.047171
v 0.325475 1.063082 0.491077
v 0.463098 0.984048 0.371073
v 0.541537 0.918215 0.271286
v 0.593382 0.847820 0.164586
v 0.610069 0.788382 0.074494
v 0.003303 0.519510 -0.333047
v 0.106327 0.519571 -0.332954
v 0.215336 0.529161 -0.318417
v 0.317076 0.547914 -0.289994
v 0.407637 0.575107 -0.248776
v 0.483538 0.609695 -0.196349
v 0.541863 0.650351 -0.134726
v 0.580371 0.695510 -0.066276
v 0.606329 0.743069 0.005811
v 0.325475 1.098844 0.468911
v 0.463098 1.026722 0.344632
v 0.541537 0.966804 0.241186
v 0.593382 0.902734 0.130574
v 0.610069 0.848637 0.037179
v 0.003303 0.603925 -0.385306
v 0.106327 0.603980 -0.385210
v 0.215336 0.612709 -0.370140
v 0.317076 0.629776 -0.340674
v 0.407637 0.654526 -0.297945
v 0.483538 0.686006 -0.243595
v 0.541863 0.723009 -0.179713
v 0.580371 0.764110 -0.108753
v 0.606329 0.807396 -0.034023
v 0.612193 0.977385 0.297753
v 0.612193 0.963965 0.306068
v 0.505485 1.042442 0.421349
v 0.505485 1.045481 0.419461
v 0.695077 0.731514 -0.129420
v 0.695077 0.691596 -0.104703
v 0.719427 0.750111 -0.013410
v 0.719427 0.787059 -0.036289
v 0.502045 0.585735 -0.373845
v 0.502045 0.538022 -0.344304
v 0.589761 0.583474 -0.273392
v 0.589761 0.628880 -0.301505
v 0.140906 0.507814 -0.504493
v 0.140906 0.455935 -0.472375
v 0.273220 0.473003 -0.445745
v 0.273220 0.524016 -0.477327
v 0.716855 0.838969 0.050748
v 0.716855 0.804797 0.071910
v 0.686972 0.875434 0.182114
v 0.686972 0.906020 0.163172
v 0.364413 1.107495 0.523837
v 0.364413 1.108123 0.523440
v 0.654940 0.678103 -0.218973
v 0.654940 0.635329 -0.192489
v 0.395162 0.550327 -0.433213
v 0.395162 0.500720 -0.402501
v 0.003304 0.502343 -0.513666
v 0.003304 0.450171 -0.481367
v 0.593382 0.884429 0.141911
v 0.593382 0.866125 0.153249
v 0.610069 0.808467 0.062056
v 0.610069 0.828552 0.049617
v 0.317076 0.602489 -0.323780
v 0.317076 0.575201 -0.306887
v 0.215336 0.557011 -0.335658
v 0.215336 0.584860 -0.352899
v 0.541537 0.950607 0.251220
v 0.541537 0.934411 0.261253
v 0.407637 0.628053 -0.281555
v 0.407637 0.601580 -0.265166
v 0.325475 1.075003 0.483688
v 0.325475 1.086923 0.476300
v 0.483538 0.660569 -0.227846
v 0.483538 0.635132 -0.212097
v 0.606329 0.764511 -0.007467
v 0.606329 0.785954 -0.020745
v 0.541863 0.698789 -0.164717
v 0.541863 0.674570 -0.149721
v 0.463098 1.012497 0.353445
v 0.463098 0.998273 0.362259
v 0.106327 0.575844 -0.367791
v 0.106327 0.547707 -0.350373
v 0.003303 0.547648 -0.350466
v 0.003303 0.575786 -0.367886
v 0.580371 0.741244 -0.094594
v 0.580371 0.718377 -0.080435
v 0.685327 0.825401 -0.055551
v 0.719427 0.793358 -0.040190
v 0.695077 0.740783 -0.135160
v 0.662346 0.775809 -0.145191
v 0.654940 0.690228 -0.226480
v 0.624335 0.727954 -0.231687
v 0.589761 0.643636 -0.310641
v 0.562495 0.683771 -0.311548
v 0.502045 0.602798 -0.384409
v 0.479089 0.644961 -0.381703
v 0.395162 0.569283 -0.444949
v 0.377197 0.613031 -0.439427
v 0.273220 0.544379 -0.489935
v 0.260626 0.589243 -0.482442
v 0.140906 0.529044 -0.517637
v 0.133788 0.574561 -0.509007
v 0.003304 0.523865 -0.526991
v 0.003304 0.569665 -0.517886
v 0.682904 0.871670 0.028088
v 0.716855 0.842493 0.048567
v 0.654860 0.931193 0.135699
v 0.686972 0.905959 0.163210
v 0.585198 0.999794 0.259759
v 0.612193 0.979662 0.296344
v 0.487144 1.061799 0.371946
v 0.505485 1.047224 0.418384
v 0.342549 1.122028 0.480983
v 0.364413 1.106085 0.524707
v 0.719427 0.739622 -0.006915
v 0.689987 0.715419 0.011940
v 0.666819 0.656900 -0.073156
v 0.695077 0.678137 -0.096370
v 0.628517 0.600462 -0.155229
v 0.654940 0.619015 -0.182387
v 0.566222 0.548367 -0.230985
v 0.589761 0.564527 -0.261662
v 0.482226 0.502617 -0.297511
v 0.502045 0.516769 -0.331146
v 0.379652 0.464986 -0.352226
v 0.395162 0.477574 -0.388171
v 0.262347 0.436953 -0.392978
v 0.273220 0.448450 -0.430544
v 0.134761 0.419644 -0.418129
v 0.140906 0.430515 -0.456637
v 0.003304 0.413846 -0.426538
v 0.003304 0.424459 -0.465448
v 0.716855 0.797084 0.076686
v 0.687544 0.770034 0.091356
v 0.686972 0.871305 0.184672
v 0.659248 0.840346 0.193586
v 0.612193 0.957497 0.310073
v 0.588887 0.921498 0.311550
v 0.505485 1.036506 0.425024
v 0.489650 0.995042 0.418414
v 0.364413 1.105339 0.525170
v 0.345537 1.065448 0.520665
v 0.003304 0.453437 -0.476785
v 0.003304 0.504984 -0.508698
v 0.396297 0.503381 -0.398863
v 0.396297 0.552393 -0.429208
v 0.652966 0.636378 -0.191364
v 0.652966 0.678641 -0.217531
v 0.365915 1.103510 0.515999
v 0.365915 1.102889 0.516391
v 0.684614 0.903830 0.160040
v 0.684614 0.873610 0.178756
v 0.714140 0.803818 0.069870
v 0.714140 0.837582 0.048962
v 0.275815 0.526398 -0.472794
v 0.275815 0.475995 -0.441590
v 0.145084 0.459131 -0.467901
v 0.145084 0.510390 -0.499635
v 0.588567 0.630006 -0.299076
v 0.588567 0.585143 -0.271299
v 0.501900 0.540236 -0.341363
v 0.501900 0.587378 -0.370550
v 0.716681 0.786292 -0.037034
v 0.716681 0.749787 -0.014429
v 0.692622 0.691972 -0.104630
v 0.692622 0.731412 -0.129051
v 0.505300 1.041619 0.413263
v 0.505300 1.038616 0.415129
v 0.610730 0.961081 0.301226
v 0.610730 0.974340 0.293011
v 0.322991 1.052245 0.500196
v 0.322991 1.111626 0.463405
v 0.322991 1.064161 0.492817
v 0.322991 1.099923 0.470651
v 0.361929 1.108574 0.525578
v 0.361929 1.109202 0.525181
v 0.322991 1.076082 0.485428
v 0.322991 1.088002 0.478040
v 0.340065 1.123106 0.482723
v 0.361929 1.107164 0.526448
v 0.361929 1.106418 0.526910
v 0.343053 1.066527 0.522406
v 0.363431 1.104589 0.517739
v 0.363431 1.103968 0.518132
v -0.602053 0.828535 -0.047422
v -0.576182 0.786447 -0.123448
v -0.605612 0.868606 0.024963
v -0.537689 0.746461 -0.195680
v -0.479259 0.710430 -0.260765
v -0.403136 0.679740 -0.316204
v -0.312242 0.655570 -0.359864
v -0.210064 0.638851 -0.390067
v -0.100530 0.630226 -0.405648
v 0.003303 0.630030 -0.406003
v -0.588591 0.921133 0.119848
v -0.536221 0.983287 0.232126
v -0.457205 1.041351 0.337015
v -0.319377 1.110885 0.462232
v -0.316893 1.111964 0.463972
v 0.608658 0.828536 -0.047418
v 0.582787 0.786448 -0.123445
v 0.612216 0.868607 0.024966
v 0.544294 0.746462 -0.195677
v 0.485865 0.710431 -0.260763
v 0.409743 0.679741 -0.316202
v 0.318848 0.655571 -0.359863
v 0.216671 0.638851 -0.390066
v 0.107137 0.630226 -0.405648
v 0.595194 0.921134 0.119851
v 0.542824 0.983288 0.232129
v 0.463807 1.041352 0.337018
v 0.325979 1.110885 0.462234
v 0.323494 1.111964 0.463974
v -0.605876 0.721357 0.018443
v -0.580123 0.671700 -0.053800
v -0.609162 0.768586 0.087153
v -0.541630 0.624485 -0.122492
v -0.483012 0.581884 -0.184469
v -0.406515 0.545534 -0.237351
v -0.315071 0.516835 -0.279103
v -0.212186 0.496891 -0.308117
v -0.101811 0.486473 -0.323273
v 0.003303 0.485988 -0.323975
v -0.591622 0.830438 0.177137
v -0.538416 0.903537 0.283482
v -0.458448 0.971726 0.382681
v -0.320349 1.052216 0.500087
v -0.317865 1.053294 0.501827
v 0.612480 0.721358 0.018447
v 0.586727 0.671701 -0.053797
v 0.615766 0.768587 0.087156
v 0.548235 0.624486 -0.122489
v 0.489618 0.581884 -0.184467
v 0.413121 0.545535 -0.237349
v 0.321677 0.516836 -0.279102
v 0.218793 0.496892 -0.308116
v 0.108418 0.486473 -0.323273
v 0.598225 0.830439 0.177141
v 0.545019 0.903538 0.283485
v 0.465050 0.971727 0.382684
v 0.326950 1.052216 0.500089
v 0.324466 1.053295 0.501829
v -0.000081 1.060530 0.341173
v -0.000081 1.076825 0.322022
v -0.079839 1.056484 0.334439
v -0.078274 1.072859 0.315420
v -0.156532 1.044502 0.314498
v -0.153462 1.061112 0.295870
v -0.227213 1.025044 0.282114
v -0.222756 1.042036 0.264122
v -0.289165 0.998858 0.238534
v -0.283492 1.016363 0.221397
v -0.340008 0.966950 0.185430
v -0.333338 0.985082 0.169335
v -0.377788 0.930547 0.124845
v -0.370376 0.949393 0.109939
v -0.401053 0.891047 0.059106
v -0.393184 0.910668 0.045490
v -0.408908 0.849968 -0.009260
v -0.400886 0.870396 -0.021534
v -0.401053 0.808890 -0.077626
v -0.393184 0.830123 -0.088558
v -0.377789 0.769390 -0.143365
v -0.370376 0.791399 -0.153007
v -0.340009 0.732987 -0.203950
v -0.333338 0.755710 -0.212404
v -0.289166 0.701079 -0.257054
v -0.283493 0.724428 -0.264465
v -0.227214 0.674893 -0.300635
v -0.222757 0.698756 -0.307191
v -0.156533 0.655435 -0.333018
v -0.153463 0.679680 -0.338939
v -0.079840 0.643453 -0.352960
v -0.078275 0.667933 -0.358489
v -0.000082 0.639407 -0.359694
v -0.000082 0.663966 -0.365091
v 0.079676 0.643453 -0.352960
v 0.078111 0.667933 -0.358490
v 0.156369 0.655435 -0.333019
v 0.153299 0.679680 -0.338939
v 0.227050 0.674893 -0.300635
v 0.222593 0.698756 -0.307191
v 0.289003 0.701079 -0.257055
v 0.283330 0.724428 -0.264466
v 0.339846 0.732987 -0.203951
v 0.333175 0.755710 -0.212405
v 0.377625 0.769390 -0.143366
v 0.370213 0.791399 -0.153008
v 0.400890 0.808890 -0.077627
v 0.393021 0.830124 -0.088560
v 0.408746 0.849968 -0.009261
v 0.400723 0.870396 -0.021535
v 0.400890 0.891047 0.059105
v 0.393021 0.910668 0.045489
v 0.377625 0.930547 0.124844
v 0.370213 0.949393 0.109938
v 0.339846 0.966950 0.185429
v 0.333175 0.985082 0.169335
v 0.289003 0.998858 0.238533
v 0.283330 1.016364 0.221396
v 0.227051 1.025044 0.282114
v 0.222593 1.042036 0.264122
v 0.156370 1.044502 0.314497
v 0.153300 1.061112 0.295870
v 0.079677 1.056484 0.334439
v 0.078112 1.072859 0.315420
v -0.027428 1.026948 0.044791
v -0.053724 1.022840 0.037953
v -0.077959 1.016168 0.026850
v -0.099201 1.007190 0.011907
v -0.129587 0.983768 -0.027073
v -0.137564 0.970224 -0.049613
v -0.140257 0.956140 -0.073054
v -0.137564 0.942055 -0.096495
v -0.129587 0.928511 -0.119035
v -0.116634 0.916030 -0.139809
v -0.077959 0.896111 -0.172959
v -0.053725 0.889439 -0.184063
v -0.027429 0.885331 -0.190900
v -0.000082 0.883944 -0.193209
v 0.027265 0.885331 -0.190900
v 0.053561 0.889439 -0.184063
v 0.077796 0.896111 -0.172959
v 0.116470 0.916030 -0.139809
v 0.129424 0.928511 -0.119036
v 0.137401 0.942055 -0.096496
v 0.140094 0.956140 -0.073055
v 0.137401 0.970224 -0.049614
v 0.129424 0.983768 -0.027074
v 0.099038 1.007190 0.011907
v 0.077796 1.016168 0.026850
v 0.053561 1.022840 0.037953
v 0.027265 1.026948 0.044791
v -0.000081 1.075303 0.322936
v -0.078274 1.071337 0.316335
v -0.153462 1.059590 0.296785
v -0.222756 1.040514 0.265037
v -0.283492 1.014842 0.222311
v -0.333338 0.983560 0.170250
v -0.370376 0.947871 0.110854
v -0.393184 0.909146 0.046405
v -0.400886 0.868874 -0.020619
v -0.393184 0.828602 -0.087644
v -0.370376 0.789877 -0.152093
v -0.333338 0.754188 -0.211489
v -0.283493 0.722906 -0.263551
v -0.222757 0.697234 -0.306276
v -0.153463 0.678158 -0.338025
v -0.078275 0.666411 -0.357575
v -0.000082 0.662444 -0.364177
v 0.078111 0.666411 -0.357575
v 0.153299 0.678158 -0.338025
v 0.222593 0.697234 -0.306277
v 0.283330 0.722906 -0.263552
v 0.333175 0.754188 -0.211490
v 0.370213 0.789877 -0.152094
v 0.393021 0.828602 -0.087645
v 0.400723 0.868874 -0.020621
v 0.393021 0.909147 0.046404
v 0.370213 0.947871 0.110853
v 0.333175 0.983560 0.170249
v 0.283330 1.014842 0.222311
v 0.222593 1.040514 0.265036
v 0.153300 1.059590 0.296784
v 0.078112 1.071337 0.316335
v 0.267025 0.935000 0.001631
v -0.151385 1.024262 0.150189
v -0.053213 0.770065 -0.272866
v 0.151222 1.024262 0.150188
v 0.104138 0.778047 -0.259582
v 0.053049 0.770065 -0.272866
v -0.251690 0.961313 0.045424
v 0.053049 1.045206 0.185045
v 0.192492 0.808453 -0.208978
v -0.267188 0.880271 -0.089452
v 0.267025 0.880271 -0.089453
v -0.104301 1.037224 0.171761
v -0.053212 1.045206 0.185045
v -0.151386 0.791009 -0.238009
v 0.226361 0.985563 0.085782
v -0.272421 0.907635 -0.043910
v 0.251527 0.853958 -0.133245
v -0.226524 0.829708 -0.173603
v -0.000081 1.057844 0.170730
v -0.100095 0.798883 -0.260251
v -0.145277 1.035159 0.132977
v 0.256243 0.949500 -0.009584
v -0.051068 0.791224 -0.272999
v -0.000082 0.788637 -0.277304
v -0.184881 1.018419 0.105117
v -0.217382 0.998022 0.071171
v 0.241370 0.974751 0.032441
v 0.217220 0.998022 0.071170
v -0.241533 0.974751 0.032441
v -0.256406 0.949500 -0.009583
v 0.050904 0.791224 -0.273000
v 0.099931 0.798883 -0.260252
v 0.184718 1.018419 0.105117
v 0.145114 1.035159 0.132976
v -0.261427 0.923240 -0.053286
v -0.256406 0.896981 -0.096990
v 0.145114 0.811322 -0.239550
v 0.184718 0.828062 -0.211691
v 0.099931 1.047598 0.153678
v 0.050904 1.055257 0.166426
v -0.241534 0.871730 -0.139014
v -0.217383 0.848459 -0.177744
v 0.217219 0.848459 -0.177744
v 0.241370 0.871730 -0.139015
v -0.184881 0.828062 -0.211691
v -0.145278 0.811322 -0.239550
v -0.051067 1.055257 0.166426
v -0.100094 1.047597 0.153678
v 0.256243 0.896981 -0.096991
v 0.261264 0.923241 -0.053287
v -0.103363 0.779947 -0.258079
v -0.150022 1.023944 0.148000
v 0.264619 0.935486 0.000781
v -0.000082 0.769367 -0.275688
v -0.224483 0.985594 0.084174
v 0.224321 0.985594 0.084173
v -0.264782 0.935486 0.000781
v 0.103199 0.779947 -0.258079
v 0.149859 1.023944 0.147999
v -0.264782 0.881250 -0.089482
v 0.190757 0.810079 -0.207931
v 0.052571 1.044699 0.182542
v -0.224484 0.831143 -0.172875
v 0.249261 0.855175 -0.132880
v -0.150023 0.792793 -0.236701
v -0.103362 1.036789 0.169377
v 0.269805 0.908368 -0.044351
v -0.000081 1.047370 0.186987
v -0.052734 0.772037 -0.271243
v -0.190920 1.006657 0.119230
v 0.249261 0.961562 0.044178
v -0.249424 0.961562 0.044179
v 0.052570 0.772037 -0.271243
v 0.190757 1.006657 0.119229
v -0.269968 0.908368 -0.044350
v 0.149859 0.792793 -0.236701
v 0.103199 1.036789 0.169377
v -0.249424 0.855175 -0.132879
v 0.224320 0.831143 -0.172875
v -0.190920 0.810079 -0.207931
v -0.052733 1.044699 0.182542
v 0.264619 0.881250 -0.089483
v 0.229420 0.972201 0.028198
v 0.175180 1.013507 0.096941
v 0.206004 0.994162 0.064746
v 0.048272 0.798038 -0.261659
v -0.000082 0.795585 -0.265742
v -0.229071 0.972092 0.028016
v -0.206167 0.994162 0.064747
v 0.228908 0.972092 0.028016
v 0.243013 0.948145 -0.011839
v -0.175342 1.013507 0.096941
v -0.137783 1.029382 0.123363
v -0.048436 0.798038 -0.261659
v -0.094932 0.805302 -0.249569
v 0.247775 0.923241 -0.053287
v 0.243013 0.898336 -0.094735
v -0.094932 1.041179 0.142996
v -0.048436 1.048443 0.155086
v -0.137784 0.817099 -0.229936
v -0.175343 0.832974 -0.203515
v 0.228908 0.874389 -0.134590
v 0.206004 0.852319 -0.171321
v -0.206167 0.852319 -0.171320
v -0.229071 0.874389 -0.134589
v 0.048273 1.048443 0.155086
v 0.094769 1.041179 0.142995
v 0.175179 0.832974 -0.203515
v 0.137620 0.817099 -0.229937
v -0.243176 0.898336 -0.094734
v -0.247938 0.923240 -0.053286
v 0.137620 1.029382 0.123362
v 0.094769 0.805302 -0.249569
v -0.243176 0.948145 -0.011839
v -0.000081 1.050896 0.159168
v 0.117450 0.996227 -0.005524
v -0.078613 1.016313 0.027905
v -0.054175 0.888519 -0.184779
v 0.138556 0.941577 -0.096476
v -0.027658 1.027183 0.045997
v -0.100034 0.904301 -0.158514
v 0.117449 0.915333 -0.140154
v 0.054012 1.023041 0.039102
v 0.078450 0.895247 -0.173582
v -0.141435 0.955780 -0.072838
v 0.099870 1.007259 0.012837
v 0.027495 0.884376 -0.191674
v -0.130675 0.983640 -0.026471
v 0.130512 0.983640 -0.026471
v -0.100033 1.007259 0.012837
v -0.027658 0.884376 -0.191674
v 0.141272 0.955780 -0.072839
v -0.054175 1.023041 0.039102
v -0.078614 0.895247 -0.173582
v 0.130512 0.927920 -0.119206
v -0.138719 0.941577 -0.096476
v 0.108385 0.993467 -0.010931
v 0.120440 0.981851 -0.030263
v -0.108548 0.993467 -0.010931
v -0.092325 1.003649 0.006014
v -0.000082 0.888952 -0.184874
v -0.025532 0.890243 -0.182725
v 0.127864 0.969247 -0.051240
v 0.130370 0.956140 -0.073055
v -0.072557 1.012004 0.019920
v -0.050003 1.018213 0.030253
v -0.050004 0.894066 -0.176362
v -0.072557 0.900275 -0.166029
v 0.127864 0.943032 -0.094870
v 0.120440 0.930428 -0.115846
v -0.025531 1.022036 0.036616
v -0.000081 1.023327 0.038765
v -0.092325 0.908631 -0.152123
v -0.108549 0.918812 -0.135178
v 0.025368 1.022036 0.036616
v 0.108385 0.918812 -0.135178
v 0.092162 0.908631 -0.152123
v -0.120604 0.930428 -0.115846
v -0.128027 0.943032 -0.094869
v 0.049840 1.018213 0.030253
v 0.072394 1.012004 0.019920
v 0.072394 0.900275 -0.166029
v 0.049840 0.894066 -0.176362
v -0.130534 0.956140 -0.073054
v -0.128027 0.969247 -0.051240
v 0.092162 1.003649 0.006013
v 0.025368 0.890243 -0.182725
v -0.120603 0.981851 -0.030263
v 0.072394 1.000760 0.026675
v 0.092162 0.992405 0.012769
v 0.049840 0.882822 -0.169606
v 0.025368 0.878999 -0.175969
v -0.128027 0.958003 -0.044484
v -0.120603 0.970607 -0.023507
v 0.108385 0.982223 -0.004175
v 0.120440 0.970607 -0.023507
v -0.108548 0.982223 -0.004175
v -0.092325 0.992405 0.012770
v -0.000082 0.877708 -0.178118
v -0.025532 0.878999 -0.175969
v 0.127864 0.958003 -0.044484
v 0.130370 0.944896 -0.066299
v -0.072557 1.000760 0.026676
v -0.050003 1.006969 0.037009
v -0.050004 0.882822 -0.169606
v -0.072557 0.889031 -0.159273
v 0.127864 0.931788 -0.088114
v 0.120440 0.919184 -0.109090
v -0.025531 1.010793 0.043372
v -0.000081 1.012084 0.045520
v -0.092325 0.897387 -0.145367
v -0.108549 0.907568 -0.128422
v 0.025368 1.010793 0.043372
v 0.108385 0.907568 -0.128422
v 0.092162 0.897387 -0.145367
v -0.120604 0.919184 -0.109090
v -0.128027 0.931788 -0.088113
v 0.049840 1.006969 0.037009
v 0.072394 0.889031 -0.159273
v -0.130534 0.944896 -0.066298
v -0.107430 0.981838 -0.004816
v -0.119361 0.970342 -0.023948
v -0.119361 0.919449 -0.108649
v -0.091374 0.897877 -0.144551
v 0.049325 0.883462 -0.168541
v 0.107267 0.907953 -0.127782
v 0.119197 0.919449 -0.108649
v 0.129025 0.944896 -0.066299
v 0.126544 0.957868 -0.044709
v 0.119198 0.970342 -0.023949
v 0.107267 0.981838 -0.004816
v 0.091211 0.991915 0.011954
v -0.000081 1.028336 0.047099
v -0.116633 0.996250 -0.006300
v -0.099201 0.905089 -0.158016
v 0.099038 0.905089 -0.158017
v 0.116470 0.996250 -0.006301
v -0.000082 0.882977 -0.194002
v -0.117613 0.996227 -0.005523
v 0.138556 0.969983 -0.049201
v -0.078613 1.015246 0.028547
v 0.138556 0.940510 -0.095835
v -0.100034 0.903234 -0.157873
v 0.117449 0.914266 -0.139512
v -0.130675 0.927919 -0.119206
v -0.141435 0.954713 -0.072197
v -0.000081 1.028582 0.048325
v 0.099870 1.006192 0.013478
v 0.027495 0.883309 -0.191033
v -0.130675 0.982573 -0.025830
v 0.141272 0.954713 -0.072197
v -0.117613 0.915333 -0.140153
v 0.027495 1.027183 0.045997
v 0.099870 0.904301 -0.158514
v -0.138719 0.940510 -0.095835
v 0.078450 1.016313 0.027905
v 0.054012 0.888519 -0.184779
v -0.138719 0.969983 -0.049200
v -0.000081 1.019800 0.052228
v -0.027428 1.018413 0.049919
v -0.053724 1.014304 0.043082
v -0.077959 1.007633 0.031979
v -0.099201 0.998654 0.017036
v -0.116633 0.987714 -0.001172
v -0.129587 0.975232 -0.021945
v -0.137564 0.961689 -0.044485
v -0.140257 0.947604 -0.067926
v -0.137564 0.933519 -0.091367
v -0.129587 0.919976 -0.113907
v -0.116634 0.907494 -0.134680
v -0.099201 0.896554 -0.152888
v -0.077959 0.887575 -0.167830
v -0.053725 0.880904 -0.178934
v -0.027429 0.876795 -0.185771
v -0.000082 0.875408 -0.188080
v 0.027265 0.876795 -0.185771
v 0.053561 0.880904 -0.178934
v 0.077796 0.887575 -0.167831
v 0.099038 0.896554 -0.152888
v 0.116470 0.907494 -0.134680
v 0.129424 0.919976 -0.113907
v 0.137401 0.933519 -0.091367
v 0.140094 0.947604 -0.067926
v 0.137401 0.961689 -0.044485
v 0.129424 0.975232 -0.021945
v 0.116470 0.987714 -0.001172
v 0.099038 0.998654 0.017036
v 0.077796 1.007633 0.031978
v 0.053561 1.014304 0.043082
v 0.027265 1.018413 0.049919
v 0.117450 0.987691 -0.000395
v -0.000082 0.874442 -0.188873
v -0.117613 0.987691 -0.000395
v 0.138556 0.961447 -0.044072
v -0.078613 1.007777 0.033034
v -0.054175 0.879984 -0.179650
v 0.138556 0.933041 -0.091348
v -0.027658 1.018648 0.051126
v -0.100034 0.895765 -0.153385
v 0.117449 0.906797 -0.135025
v -0.130675 0.919384 -0.114077
v 0.054012 1.014505 0.044231
v 0.078450 0.886711 -0.168454
v -0.141435 0.947244 -0.067710
v -0.000081 1.020047 0.053454
v 0.099870 0.998723 0.017966
v 0.027495 0.875841 -0.186545
v -0.130675 0.975105 -0.021342
v 0.130512 0.975105 -0.021343
v -0.100033 0.998723 0.017966
v -0.027658 0.875841 -0.186545
v 0.141272 0.947244 -0.067710
v -0.054175 1.014505 0.044231
v -0.078614 0.886711 -0.168454
v 0.130512 0.919384 -0.114077
v -0.117613 0.906797 -0.135024
v 0.027495 1.018648 0.051126
v 0.099870 0.895765 -0.153385
v -0.138719 0.933041 -0.091347
v 0.078450 1.007777 0.033034
v 0.054012 0.879984 -0.179650
v -0.138719 0.961447 -0.044072
v 0.254328 0.961005 0.046962
v -0.194798 1.007017 0.123539
v -0.053804 0.767629 -0.274870
v 0.152907 1.024655 0.152893
v 0.105298 0.775699 -0.261439
v -0.270162 0.934399 0.002683
v -0.000081 1.048557 0.192673
v 0.228881 0.827935 -0.174503
v -0.254492 0.852455 -0.133694
v 0.275290 0.906730 -0.043367
v -0.105461 1.037761 0.174705
v -0.153070 0.788805 -0.239626
v 0.228881 0.985525 0.087770
v -0.229044 0.985525 0.087770
v -0.000082 0.764903 -0.279406
v 0.105299 1.037761 0.174705
v 0.152906 0.788805 -0.239626
v -0.275453 0.906730 -0.043366
v 0.254328 0.852455 -0.133695
v -0.229045 0.827935 -0.174502
v 0.269999 0.934399 0.002682
v -0.153069 1.024655 0.152893
v -0.105462 0.775699 -0.261438
v 0.194635 1.007017 0.123538
v 0.053640 0.767629 -0.274871
v -0.254491 0.961005 0.046962
v 0.053641 1.045832 0.188137
v 0.194635 0.806444 -0.210272
v -0.270162 0.879061 -0.089415
v 0.269999 0.879061 -0.089416
v -0.053803 1.045832 0.188137
v -0.194799 0.806443 -0.210271
v 0.251528 0.961313 0.045423
v -0.192654 1.006818 0.121157
v -0.104302 0.778047 -0.259582
v 0.192492 1.006818 0.121157
v -0.267188 0.935000 0.001632
v -0.000081 1.047901 0.189530
v 0.226361 0.829708 -0.173604
v -0.251691 0.853958 -0.133244
v 0.272258 0.907636 -0.043911
v -0.192655 0.808453 -0.208978
v -0.226523 0.985563 0.085783
v -0.000082 0.767370 -0.277351
v 0.104138 1.037224 0.171761
v 0.151222 0.791009 -0.238010
v 0.254328 0.957029 0.049351
v -0.194798 1.003041 0.125928
v -0.053804 0.763652 -0.272481
v 0.152907 1.020679 0.155282
v 0.105298 0.771723 -0.259049
v -0.270162 0.930423 0.005072
v -0.000081 1.044581 0.195062
v 0.228881 0.823959 -0.172114
v -0.254492 0.848479 -0.131305
v 0.275290 0.902754 -0.040978
v -0.105461 1.033785 0.177095
v -0.153070 0.784829 -0.237237
v 0.228881 0.981549 0.090159
v -0.229044 0.981549 0.090160
v -0.000082 0.760927 -0.277017
v 0.105299 1.033785 0.177094
v 0.152906 0.784829 -0.237237
v -0.275453 0.902754 -0.040977
v 0.254328 0.848479 -0.131306
v -0.229045 0.823959 -0.172113
v 0.269999 0.930423 0.005072
v -0.153069 1.020678 0.155283
v -0.105462 0.771723 -0.259049
v 0.194635 1.003041 0.125928
v 0.053640 0.763652 -0.272481
v -0.254491 0.957029 0.049351
v 0.053641 1.041856 0.190527
v 0.194635 0.802467 -0.207883
v -0.270162 0.875085 -0.087026
v 0.269999 0.875085 -0.087027
v -0.053803 1.041855 0.190527
v -0.194799 0.802467 -0.207882
v 0.251528 0.937786 0.059559
v 0.267025 0.911474 0.015767
v -0.192654 0.983292 0.135293
v -0.151385 1.000735 0.164325
v -0.053213 0.746539 -0.258729
v -0.104302 0.754521 -0.245445
v 0.151222 1.000736 0.164324
v 0.192492 0.983292 0.135293
v 0.104138 0.754521 -0.245446
v 0.053049 0.746539 -0.258730
v -0.267188 0.911473 0.015768
v -0.251690 0.937786 0.059560
v -0.000081 1.024374 0.203666
v 0.053049 1.021679 0.199181
v 0.226361 0.806182 -0.159467
v 0.192492 0.784926 -0.194842
v -0.251691 0.830432 -0.119108
v -0.267188 0.856745 -0.075316
v 0.272258 0.884109 -0.029775
v 0.267025 0.856745 -0.075317
v -0.104301 1.013697 0.185897
v -0.053212 1.021679 0.199181
v -0.151386 0.767483 -0.223873
v -0.192655 0.784926 -0.194842
v 0.226361 0.962036 0.099918
v -0.226523 0.962036 0.099919
v -0.000082 0.743844 -0.263215
v 0.104138 1.013697 0.185897
v 0.151222 0.767483 -0.223873
v -0.272421 0.884109 -0.029774
v 0.251528 0.830432 -0.119108
v -0.226524 0.806182 -0.159467
v 0.254328 0.937479 0.061098
v -0.194798 0.983490 0.137675
v -0.053804 0.744102 -0.260734
v 0.152907 1.001128 0.167029
v 0.105298 0.752173 -0.247302
v -0.270162 0.910873 0.016819
v -0.000081 1.025030 0.206809
v 0.228881 0.804409 -0.160367
v -0.254492 0.828929 -0.119558
v 0.275290 0.883204 -0.029231
v -0.105461 1.014235 0.188842
v -0.153070 0.765279 -0.225490
v 0.228881 0.961999 0.101906
v -0.229044 0.961998 0.101907
v -0.000082 0.741377 -0.265270
v 0.105299 1.014235 0.188841
v 0.152906 0.765279 -0.225490
v -0.275453 0.883204 -0.029230
v 0.254328 0.828929 -0.119559
v -0.229045 0.804409 -0.160366
v 0.269999 0.910873 0.016818
v -0.153069 1.001128 0.167029
v -0.105462 0.752173 -0.247302
v 0.194636 0.983490 0.137674
v 0.053640 0.744102 -0.260734
v -0.254491 0.937478 0.061098
v 0.053641 1.022305 0.202273
v 0.194635 0.782917 -0.196136
v -0.270162 0.855535 -0.075279
v 0.269999 0.855535 -0.075280
v -0.053803 1.022305 0.202274
v -0.194799 0.782917 -0.196135
vt 0.5033806 0.5273478
vt 0.5007844 0.5077244
vt 0.4993539 0.5282156
vt 0.5061550 0.5076550
vt 0.5016172 0.5001656
vt 0.5071211 0.5272000
vt 0.4958139 0.5078806
vt 0.4956950 0.5288150
vt 0.4964672 0.5001650
vt 0.4981761 0.5432122
vt 0.5018978 0.5489144
vt 0.5054439 0.5484150
vt 0.6816306 0.5732822
vt 0.6775322 0.5218667
vt 0.6734978 0.5388133
vt 0.6826244 0.5217289
vt 0.6821006 0.5001644
vt 0.6772133 0.5001644
vt 0.6722917 0.5220428
vt 0.6690133 0.5595567
vt 0.6733678 0.5593628
vt 0.6757033 0.5771856
vt 0.2862956 0.5372944
vt 0.2852839 0.5082072
vt 0.2895161 0.5454650
vt 0.2798633 0.5084017
vt 0.2797478 0.5001650
vt 0.2931139 0.5498106
vt 0.2906339 0.5084472
vt 0.2953817 0.5497578
vt 0.2884294 0.5001650
vt 0.3246600 0.5407539
vt 0.3291078 0.5001650
vt 0.3232411 0.5001650
vt 0.3209056 0.5501294
vt 0.3256300 0.5663544
vt 0.3307689 0.5554544
vt 0.3300217 0.5301311
vt 0.3578311 0.5111056
vt 0.3506411 0.5453444
vt 0.3489922 0.5129789
vt 0.3468367 0.5001650
vt 0.6787939 0.5061022
vt 0.6772200 0.5001650
vt 0.6832022 0.5001650
vt 0.6737028 0.5251183
vt 0.6661611 0.5064744
vt 0.6708850 0.5001650
vt 0.6867711 0.5062489
vt 0.6794839 0.5247450
vt 0.6888283 0.5001650
vt 0.6920178 0.5062106
vt 0.6837222 0.5348106
vt 0.6743878 0.5464661
vt 0.6887606 0.5351422
vt 0.6675667 0.5245517
vt 0.4453767 0.5523767
vt 0.4517600 0.5209428
vt 0.4515344 0.5525539
vt 0.4455433 0.5206817
vt 0.4486878 0.5001650
vt 0.4590017 0.5218667
vt 0.4573494 0.5530011
vt 0.4548472 0.5001644
vt 0.4505661 0.5814250
vt 0.4446317 0.5806122
vt 0.3931261 0.5240422
vt 0.3896483 0.5001650
vt 0.3893450 0.5275011
vt 0.3926206 0.5483172
vt 0.3961261 0.5489489
vt 0.3963478 0.5274944
vt 0.3969428 0.5134233
vt 0.3952450 0.5001650
vt 0.4676478 0.5083156
vt 0.4663600 0.5001639
vt 0.4624233 0.5085861
vt 0.4611122 0.5001650
vt 0.4582622 0.5088167
vt 0.4594556 0.5409600
vt 0.4546733 0.5302333
vt 0.4554706 0.5506311
vt 0.4640244 0.5407017
vt 0.4672533 0.5280522
vt 0.4041828 0.5366850
vt 0.4073178 0.5484994
vt 0.4055272 0.5163278
vt 0.4093972 0.5179239
vt 0.4081556 0.5001650
vt 0.3671983 0.5273050
vt 0.3647939 0.5001650
vt 0.3609822 0.5275239
vt 0.3583439 0.5001650
vt 0.3546850 0.5277150
vt 0.3580800 0.5529050
vt 0.3672389 0.5520033
vt 0.5963944 0.5281039
vt 0.5816739 0.5001694
vt 0.5981294 0.5001611
vt 0.5786678 0.5295311
vt 0.5697511 0.5130094
vt 0.6089072 0.5276589
vt 0.6012189 0.5636806
vt 0.5920561 0.5523822
vt 0.6094733 0.5627417
vt 0.4114411 0.5188244
vt 0.4170661 0.5001650
vt 0.4174633 0.5196478
vt 0.4232856 0.5001650
vt 0.4236733 0.5200589
vt 0.4194989 0.5745006
vt 0.4097733 0.5826111
vt 0.3075528 0.5274517
vt 0.3062256 0.5001644
vt 0.3136044 0.5275872
vt 0.3035756 0.5499456
vt 0.2994083 0.5001656
vt 0.6719878 0.5001644
vt 0.6669783 0.5219961
vt 0.6671428 0.5401333
vt 0.6607833 0.5401656
vt 0.6655611 0.5001644
vt 0.6600617 0.5228244
vt 0.6635061 0.5584000
vt 0.6565022 0.5755494
vt 0.6627206 0.5762272
vt 0.6572367 0.5583928
vt 0.4911339 0.5001650
vt 0.4906044 0.5080028
vt 0.4917433 0.5289739
vt 0.4863717 0.5290244
vt 0.4858800 0.5001644
vt 0.4839656 0.5081117
vt 0.4880006 0.5438256
vt 0.4931978 0.5435472
vt 0.2986967 0.5514456
vt 0.2943844 0.5001661
vt 0.3397356 0.5313400
vt 0.3440272 0.5099917
vt 0.3434994 0.5341322
vt 0.3375356 0.5102039
vt 0.3360483 0.5001644
vt 0.3416806 0.5556478
vt 0.4376633 0.5313400
vt 0.4392061 0.5543606
vt 0.4401122 0.5296344
vt 0.4384450 0.5102039
vt 0.4408328 0.5101489
vt 0.4387511 0.5001644
vt 0.3160972 0.5560717
vt 0.3105950 0.5001656
vt 0.3124239 0.5508683
vt 0.3184672 0.5562078
vt 0.3159544 0.5001650
vt 0.7007089 0.5057939
vt 0.6989700 0.5001650
vt 0.7051444 0.5001644
vt 0.6965650 0.5241106
vt 0.6940900 0.5001650
vt 0.7043778 0.5238644
vt 0.5568800 0.5001644
vt 0.5412828 0.5059750
vt 0.5584628 0.5057939
vt 0.5503700 0.5238644
vt 0.5405394 0.5408572
vt 0.5518433 0.5454017
vt 0.6927044 0.5462144
vt 0.5226567 0.5075939
vt 0.5257394 0.5001644
vt 0.5213933 0.5001656
vt 0.5174533 0.5072611
vt 0.5172789 0.5192833
vt 0.5180089 0.5372872
vt 0.5238167 0.5315106
vt 0.5265367 0.5206367
vt 0.5216789 0.5417061
vt 0.4618778 0.5001650
vt 0.4657033 0.5243017
vt 0.4602261 0.5646878
vt 0.4724594 0.5001644
vt 0.4718672 0.5209117
vt 0.4688378 0.5588900
vt 0.4641828 0.5746072
vt 0.4652711 0.5573928
vt 0.4567261 0.5728506
vt 0.4542906 0.5082650
vt 0.4509494 0.5293333
vt 0.4570717 0.5001644
vt 0.4505678 0.5082956
vt 0.4473789 0.5289683
vt 0.4531100 0.5001650
vt 0.4472261 0.5451750
vt 0.4518028 0.5451017
vt 0.3518478 0.5001650
vt 0.3483639 0.5279506
vt 0.3453517 0.5001650
vt 0.3420778 0.5283583
vt 0.3473006 0.5539906
vt 0.3519256 0.5535389
vt 0.4136483 0.5179489
vt 0.4118589 0.5001650
vt 0.4131533 0.5397006
vt 0.4148839 0.5570956
vt 0.4175072 0.5349706
vt 0.6214367 0.5086294
vt 0.6184228 0.5001650
vt 0.6317939 0.5001622
vt 0.6211856 0.5271339
vt 0.6091739 0.5001583
vt 0.6367567 0.5255372
vt 0.6375389 0.5078372
vt 0.6358572 0.5481911
vt 0.6206050 0.5499300
vt 0.4296289 0.5200433
vt 0.4292156 0.5620611
vt 0.4296250 0.5001650
vt 0.4376000 0.5203056
vt 0.4355978 0.5622956
vt 0.4360011 0.5001650
vt 0.4242272 0.5745761
vt 0.4002728 0.5224194
vt 0.4005589 0.5001650
vt 0.6194222 0.5224194
vt 0.6183117 0.5503900
vt 0.6196739 0.5001644
vt 0.6203261 0.5001650
vt 0.4815322 0.5276150
vt 0.4806417 0.5001644
vt 0.4772806 0.5086289
vt 0.4782744 0.5328306
vt 0.4723444 0.5298417
vt 0.4749700 0.5443494
vt 0.4825856 0.5440367
vt 0.3788567 0.5256239
vt 0.3887328 0.5442078
vt 0.3786478 0.5500617
vt 0.3877922 0.5621017
vt 0.6539411 0.5405606
vt 0.6510506 0.5216617
vt 0.6486317 0.5384139
vt 0.6541317 0.5001661
vt 0.6514722 0.5581006
vt 0.6459489 0.5573978
vt 0.6493683 0.5752939
vt 0.5139572 0.5156311
vt 0.5120928 0.5002572
vt 0.5243883 0.5002278
vt 0.5087350 0.5431661
vt 0.5001183 0.5198894
vt 0.5000000 0.5002856
vt 0.5295056 0.5152122
vt 0.5184056 0.5363361
vt 0.5426400 0.5001961
vt 0.5387367 0.5156644
vt 0.5308544 0.5608411
vt 0.3920178 0.5210056
vt 0.3894694 0.5001656
vt 0.3950522 0.5001644
vt 0.3946144 0.5359378
vt 0.3994467 0.5178211
vt 0.3968394 0.5559344
vt 0.3897861 0.5832800
vt 0.3868717 0.5978694
vt 0.3310078 0.5090200
vt 0.3356122 0.5001650
vt 0.3371433 0.5104906
vt 0.3351783 0.5487650
vt 0.3323350 0.5545856
vt 0.3270233 0.5001650
vt 0.5321733 0.5302956
vt 0.5379356 0.5238306
vt 0.6880267 0.5588900
vt 0.6874033 0.5234289
vt 0.6848683 0.5607950
vt 0.4751728 0.5234289
vt 0.4795578 0.5001639
vt 0.4802100 0.5217289
vt 0.4716756 0.5607950
vt 0.4683733 0.5758461
vt 0.5113511 0.5075472
vt 0.5167572 0.5001644
vt 0.5131294 0.5001650
vt 0.5120011 0.5268078
vt 0.5093861 0.5001633
vt 0.5103078 0.5481211
vt 0.5146372 0.5376333
vt 0.2775917 0.5289683
vt 0.2761356 0.5083167
vt 0.2825317 0.5390817
vt 0.2726506 0.5082956
vt 0.2721389 0.5001650
vt 0.2757789 0.5001650
vt 0.2787783 0.5451750
vt 0.3652244 0.5345539
vt 0.3682956 0.5001644
vt 0.3696400 0.5349706
vt 0.3635872 0.5117417
vt 0.3650700 0.5001650
vt 0.3684317 0.5566217
vt 0.3639511 0.5562106
vt 0.3607856 0.5356700
vt 0.3585767 0.5001650
vt 0.3370989 0.5001650
vt 0.3359767 0.5288389
vt 0.3366006 0.5548872
vt 0.3426194 0.5540344
vt 0.6510956 0.5253278
vt 0.6520744 0.5070483
vt 0.6425367 0.5001650
vt 0.6543194 0.5001600
vt 0.6611033 0.5241544
vt 0.6629756 0.5462361
vt 0.6498494 0.5473033
vt 0.4402783 0.5623344
vt 0.4423739 0.5001650
vt 0.5282611 0.5069917
vt 0.5337322 0.5001661
vt 0.5296606 0.5001656
vt 0.5281911 0.5411467
vt 0.4723717 0.5082000
vt 0.4755278 0.5001644
vt 0.4705472 0.5001644
vt 0.4695022 0.5443433
vt 0.3782961 0.5001650
vt 0.3733239 0.5270250
vt 0.3711133 0.5001650
vt 0.3732539 0.5513028
vt 0.5514494 0.5152078
vt 0.5619750 0.5001783
vt 0.5461839 0.5319628
vt 0.5600478 0.5309022
vt 0.5757661 0.5660528
vt 0.5668233 0.5671211
vt 0.5399050 0.5687033
vt 0.4058461 0.5186367
vt 0.4000911 0.5001650
vt 0.4055561 0.5001644
vt 0.4110000 0.5001650
vt 0.4037600 0.5934683
vt 0.4020594 0.5579000
vt 0.3237606 0.5324189
vt 0.3230572 0.5001656
vt 0.3274656 0.5329228
vt 0.3182289 0.5694722
vt 0.3192200 0.5001644
vt 0.5585828 0.5762183
vt 0.5489667 0.5728911
vt 0.5688472 0.5916800
vt 0.5505500 0.5903206
vt 0.5410367 0.5904872
vt 0.4084761 0.6148717
vt 0.4021800 0.6198544
vt 0.3975278 0.6257506
vt 0.3977961 0.5957372
vt 0.3243250 0.5627850
vt 0.3267244 0.5823417
vt 0.3302922 0.5873278
vt 0.3140972 0.5708328
vt 0.3172861 0.5876406
vt 0.3128383 0.5885050
vt 0.6720006 0.6175517
vt 0.6730744 0.5948900
vt 0.6673506 0.6107767
vt 0.6742922 0.6068017
vt 0.6774800 0.5934300
vt 0.6648978 0.5929339
vt 0.6619378 0.6093328
vt 0.6684661 0.5767422
vt 0.6635039 0.6259094
vt 0.6685489 0.6278050
vt 0.6642150 0.6556017
vt 0.5019506 0.5626511
vt 0.4974122 0.5533722
vt 0.4967172 0.5629772
vt 0.4924717 0.5537739
vt 0.4917900 0.5634306
vt 0.4975711 0.5724728
vt 0.4911433 0.5730339
vt 0.4941422 0.5827683
vt 0.5017317 0.5820628
vt 0.5036406 0.5719000
vt 0.2952517 0.5993111
vt 0.2921978 0.5636061
vt 0.2901606 0.6076300
vt 0.2894850 0.5702994
vt 0.3295778 0.5896878
vt 0.3234350 0.5798333
vt 0.3207317 0.6045261
vt 0.3284639 0.6436172
vt 0.3323700 0.6374217
vt 0.3626556 0.5712872
vt 0.3506533 0.5822883
vt 0.3514661 0.5706700
vt 0.3600150 0.5560139
vt 0.3509144 0.5589894
vt 0.6716089 0.5645211
vt 0.6873128 0.5552917
vt 0.6824133 0.5549250
vt 0.6819078 0.5725611
vt 0.6768711 0.5818639
vt 0.6769378 0.5637139
vt 0.6715150 0.5818022
vt 0.4435967 0.5998078
vt 0.4492206 0.6010278
vt 0.4556111 0.5875578
vt 0.4544378 0.6022189
vt 0.4478044 0.6156906
vt 0.4527739 0.6169500
vt 0.4455472 0.6304367
vt 0.4417006 0.6203889
vt 0.3919311 0.5764806
vt 0.3913600 0.5634672
vt 0.3883178 0.5778794
vt 0.3916572 0.5873311
vt 0.3881650 0.5907611
vt 0.3916367 0.6049789
vt 0.3949683 0.5865750
vt 0.3955350 0.5756350
vt 0.3948539 0.6039328
vt 0.3959583 0.5645456
vt 0.4623111 0.5651311
vt 0.4595039 0.5553233
vt 0.4563672 0.5698089
vt 0.4641733 0.5551511
vt 0.4531450 0.5697233
vt 0.4529933 0.5931561
vt 0.4605622 0.5750994
vt 0.4576839 0.5853689
vt 0.4032861 0.5746717
vt 0.4036728 0.5590039
vt 0.3995150 0.5749839
vt 0.4027772 0.5875878
vt 0.4055844 0.5860083
vt 0.4064561 0.5742328
vt 0.3640667 0.5764928
vt 0.3582867 0.5758183
vt 0.3670989 0.5689367
vt 0.3627322 0.5525211
vt 0.3523228 0.5762656
vt 0.3559900 0.5934150
vt 0.3596083 0.6050917
vt 0.3617972 0.5924761
vt 0.3655039 0.6097544
vt 0.3676539 0.5917972
vt 0.5844667 0.5654472
vt 0.5934950 0.5759389
vt 0.6027544 0.5912956
vt 0.5862717 0.5935289
vt 0.5772850 0.5934467
vt 0.3083244 0.5740106
vt 0.4138056 0.5851122
vt 0.4190428 0.5945917
vt 0.4146928 0.6151700
vt 0.6532689 0.6068039
vt 0.6573978 0.5919433
vt 0.6525172 0.5916461
vt 0.6607278 0.6321350
vt 0.6482828 0.6213056
vt 0.6520083 0.6450811
vt 0.4872861 0.5541194
vt 0.4866178 0.5638211
vt 0.4819217 0.5544650
vt 0.4813917 0.5642417
vt 0.4859856 0.5734622
vt 0.4809939 0.5743133
vt 0.4828233 0.5837528
vt 0.4879628 0.5833350
vt 0.3022839 0.5911822
vt 0.3047478 0.5864333
vt 0.2999494 0.5944144
vt 0.2974961 0.5989639
vt 0.3168628 0.6005550
vt 0.3144928 0.5990772
vt 0.4357694 0.5804833
vt 0.4374717 0.5966133
vt 0.4385761 0.5723322
vt 0.6934928 0.5592328
vt 0.6982222 0.5454017
vt 0.6984000 0.5645583
vt 0.5390478 0.5503111
vt 0.5374161 0.5688500
vt 0.5484706 0.5779583
vt 0.5484817 0.5645583
vt 0.6886956 0.5678606
vt 0.6884117 0.5778772
vt 0.5228361 0.5647333
vt 0.5187689 0.5519311
vt 0.5175861 0.5616978
vt 0.5261322 0.5505511
vt 0.5145539 0.5521522
vt 0.5125783 0.5617233
vt 0.5140850 0.5710622
vt 0.5094950 0.5713939
vt 0.5091522 0.5812872
vt 0.5195733 0.5704000
vt 0.5167611 0.5806033
vt 0.4604900 0.5888283
vt 0.4590967 0.6034833
vt 0.4648461 0.5900761
vt 0.4632411 0.6047678
vt 0.4571967 0.6182933
vt 0.4610906 0.6196867
vt 0.4544583 0.6331583
vt 0.4502544 0.6317600
vt 0.4507550 0.5601900
vt 0.4471433 0.5613189
vt 0.4496733 0.5798972
vt 0.3463378 0.5770222
vt 0.3418983 0.5774294
vt 0.3445167 0.5999094
vt 0.3515778 0.6129933
vt 0.3501256 0.5943194
vt 0.3557722 0.6116383
vt 0.4101011 0.5738461
vt 0.4068733 0.5634711
vt 0.4105344 0.5630139
vt 0.4096750 0.5846089
vt 0.4138444 0.5839317
vt 0.4142728 0.5733706
vt 0.4106828 0.5493867
vt 0.6208506 0.5679472
vt 0.6358200 0.5665389
vt 0.6287983 0.5831350
vt 0.6105533 0.5875083
vt 0.4271778 0.5897644
vt 0.4322772 0.5928706
vt 0.4254400 0.6170211
vt 0.4209022 0.6161106
vt 0.3991406 0.5720328
vt 0.3998200 0.5496222
vt 0.3987183 0.5859683
vt 0.6189261 0.5720328
vt 0.6193578 0.5913722
vt 0.6184011 0.5718767
vt 0.6188372 0.5496222
vt 0.4783244 0.5499556
vt 0.4761756 0.5651900
vt 0.4743267 0.5550650
vt 0.4694350 0.5638667
vt 0.4754178 0.5741022
vt 0.4702967 0.5744850
vt 0.4740644 0.5845444
vt 0.6467956 0.5916539
vt 0.6452517 0.6072633
vt 0.6424878 0.5914367
vt 0.6396289 0.6071494
vt 0.6433606 0.5750833
vt 0.6408500 0.6227611
vt 0.6364178 0.6227506
vt 0.6399472 0.6368228
vt 0.3787978 0.5663667
vt 0.3805111 0.5773056
vt 0.3758939 0.5788311
vt 0.3783522 0.5896372
vt 0.3871161 0.5999489
vt 0.5001539 0.5634700
vt 0.5164689 0.5732333
vt 0.5304878 0.5878889
vt 0.5184128 0.5920989
vt 0.4999733 0.5880750
vt 0.3918617 0.5929900
vt 0.3943072 0.5936344
vt 0.3893139 0.6131289
vt 0.3929317 0.6207033
vt 0.3366022 0.5686717
vt 0.3412450 0.5552839
vt 0.3420828 0.5727894
vt 0.4653672 0.6352944
vt 0.4708472 0.6171822
vt 0.4658950 0.6167678
vt 0.3351889 0.6046767
vt 0.5339983 0.5597878
vt 0.5264139 0.5648194
vt 0.5361867 0.5786822
vt 0.6842567 0.6047678
vt 0.6820589 0.5916756
vt 0.6796461 0.6064211
vt 0.6862767 0.5900761
vt 0.6856278 0.5758461
vt 0.6772194 0.6212672
vt 0.6727333 0.6369794
vt 0.6819750 0.6196867
vt 0.6777094 0.6354911
vt 0.5067550 0.5621389
vt 0.2795428 0.5613189
vt 0.2830672 0.5600906
vt 0.2862372 0.5563711
vt 0.2866117 0.5734717
vt 0.2840050 0.5798728
vt 0.2808233 0.5792511
vt 0.3383600 0.5823900
vt 0.3351444 0.5895083
vt 0.3315561 0.5729850
vt 0.3367961 0.6311361
vt 0.3406733 0.6176922
vt 0.3684456 0.5769550
vt 0.3725294 0.5570956
vt 0.3725494 0.5733706
vt 0.3638089 0.5830456
vt 0.6496839 0.5657550
vt 0.6597111 0.5647694
vt 0.6661194 0.5692883
vt 0.6566739 0.5785178
vt 0.6433811 0.5793533
vt 0.5215339 0.5801222
vt 0.5261828 0.5849367
vt 0.4380400 0.5925617
vt 0.4360094 0.6192350
vt 0.4301050 0.6180767
vt 0.4687461 0.5542256
vt 0.4661556 0.5790939
vt 0.4619506 0.5919928
vt 0.3730128 0.5682272
vt 0.3702356 0.5799278
vt 0.3733611 0.5950789
vt 0.3791178 0.6066078
vt 0.6441439 0.5940106
vt 0.6571933 0.5938722
vt 0.6661939 0.5937844
vt 0.6590650 0.6220622
vt 0.6462511 0.6224283
vt 0.5269411 0.6027906
vt 0.5208667 0.5913656
vt 0.5206200 0.6069833
vt 0.5162511 0.6080367
vt 0.5172772 0.6364017
vt 0.5257528 0.6198778
vt 0.5213411 0.6357228
vt 0.4270183 0.6637278
vt 0.4326006 0.6443717
vt 0.4321456 0.6651200
vt 0.4271133 0.6429928
vt 0.4378172 0.6457200
vt 0.4369411 0.6664572
vt 0.4275894 0.6882333
vt 0.4321561 0.6895461
vt 0.4230961 0.7150583
vt 0.4227517 0.6867961
vt 0.4174950 0.7134211
vt 0.4667828 0.5959044
vt 0.4717683 0.5955606
vt 0.4613444 0.6177983
vt 0.4596511 0.6334400
vt 0.3776506 0.6271811
vt 0.3708844 0.6103794
vt 0.3724539 0.6287344
vt 0.3766539 0.6132478
vt 0.3677450 0.6386456
vt 0.3717433 0.6470706
vt 0.3782533 0.6781383
vt 0.3776422 0.6458828
vt 0.5606833 0.5971822
vt 0.5707606 0.6645317
vt 0.5771228 0.6523789
vt 0.5616000 0.6651478
vt 0.5496550 0.6515744
vt 0.3990722 0.6411817
vt 0.3997633 0.6701594
vt 0.4044883 0.6457461
vt 0.3896617 0.6976406
vt 0.3861050 0.6983028
vt 0.3952133 0.6227983
vt 0.3253289 0.6077672
vt 0.3277956 0.6215600
vt 0.3231278 0.6298872
vt 0.3180628 0.6055583
vt 0.3156133 0.6619400
vt 0.3150078 0.6268689
vt 0.6608444 0.6741517
vt 0.6568028 0.6906628
vt 0.6552117 0.6446044
vt 0.6502317 0.6634317
vt 0.6494372 0.6968706
vt 0.6419256 0.6919017
vt 0.6403644 0.7263511
vt 0.6482261 0.7214111
vt 0.4987894 0.6148111
vt 0.4934894 0.5939267
vt 0.4937944 0.6156722
vt 0.5010717 0.5932506
vt 0.4881972 0.6082406
vt 0.4888122 0.6223872
vt 0.4924983 0.6416822
vt 0.4979861 0.6384417
vt 0.2934422 0.6060050
vt 0.2959989 0.6230150
vt 0.2923828 0.6275433
vt 0.2884683 0.6267722
vt 0.3378606 0.6745872
vt 0.3424528 0.6708700
vt 0.3573728 0.6190328
vt 0.3619528 0.6120956
vt 0.3478878 0.6504633
vt 0.3519872 0.6150778
vt 0.3598144 0.5828878
vt 0.6724939 0.6074478
vt 0.6777989 0.6073411
vt 0.6822494 0.5938067
vt 0.6869750 0.5940500
vt 0.6838072 0.6227639
vt 0.6809094 0.6446578
vt 0.6679094 0.6219839
vt 0.6735217 0.6455989
vt 0.4426878 0.6470617
vt 0.4413611 0.6677939
vt 0.4471478 0.6484189
vt 0.4453439 0.6692078
vt 0.4363489 0.6908994
vt 0.4401411 0.6923411
vt 0.4312678 0.7176878
vt 0.4273383 0.7163794
vt 0.3922411 0.6237667
vt 0.3884761 0.6116156
vt 0.3890022 0.6255200
vt 0.3932622 0.6393517
vt 0.3900406 0.6417033
vt 0.3956211 0.6646739
vt 0.3964467 0.6382411
vt 0.3953844 0.6227706
vt 0.3978478 0.6567600
vt 0.4571633 0.5986789
vt 0.4546689 0.6103411
vt 0.4501522 0.6089311
vt 0.4534906 0.6274767
vt 0.4489089 0.6417683
vt 0.4531144 0.6395528
vt 0.4569739 0.6300250
vt 0.4586772 0.6408378
vt 0.4038333 0.6244083
vt 0.3989139 0.6037950
vt 0.3996450 0.6306428
vt 0.4047333 0.6546900
vt 0.4074694 0.6541506
vt 0.3610178 0.6235578
vt 0.3589233 0.6431333
vt 0.3644528 0.6529356
vt 0.3753767 0.6924294
vt 0.5955244 0.6033400
vt 0.6191406 0.6299572
vt 0.6060589 0.6496967
vt 0.3136672 0.6088100
vt 0.3033833 0.6648883
vt 0.3076328 0.5935778
vt 0.3101083 0.5935561
vt 0.4046450 0.6678806
vt 0.4095028 0.6388344
vt 0.4101906 0.6592567
vt 0.4153911 0.6398756
vt 0.4160767 0.6605128
vt 0.4066489 0.6817089
vt 0.4123256 0.6835056
vt 0.4013678 0.7078339
vt 0.3965278 0.7055633
vt 0.6452167 0.6681583
vt 0.6436656 0.6593761
vt 0.6359439 0.6981728
vt 0.6329983 0.6878178
vt 0.6340872 0.7216278
vt 0.4873472 0.5944911
vt 0.4817733 0.5974883
vt 0.4820072 0.6211300
vt 0.4876994 0.6415050
vt 0.2979267 0.6255400
vt 0.3012761 0.6270083
vt 0.4909550 0.6590133
vt 0.4969517 0.6566300
vt 0.3235722 0.6449628
vt 0.3212633 0.6605772
vt 0.3806811 0.6605772
vt 0.3735317 0.6800072
vt 0.3777244 0.6449628
vt 0.3333822 0.6773889
vt 0.3395922 0.6232161
vt 0.3414833 0.5972744
vt 0.4342561 0.6232161
vt 0.4365889 0.6302606
vt 0.4368656 0.6152622
vt 0.4364461 0.6566100
vt 0.4350472 0.5972744
vt 0.6937900 0.5889394
vt 0.6930589 0.6066622
vt 0.5506194 0.6066622
vt 0.5506956 0.5889394
vt 0.5427622 0.6014572
vt 0.5345444 0.5899278
vt 0.7010961 0.6014572
vt 0.6981139 0.6160372
vt 0.6884428 0.6227333
vt 0.6951472 0.6321867
vt 0.5148106 0.5914061
vt 0.5103900 0.6038517
vt 0.5125722 0.6327128
vt 0.6802661 0.6692078
vt 0.6818667 0.6497967
vt 0.6761906 0.6705778
vt 0.4511383 0.6497967
vt 0.6753411 0.6518556
vt 0.6716839 0.6715944
vt 0.6795583 0.6449222
vt 0.6718722 0.6934250
vt 0.6671511 0.6944467
vt 0.6647817 0.7195378
vt 0.6759656 0.6923411
vt 0.6692878 0.7187194
vt 0.4487361 0.5970583
vt 0.4462361 0.6104400
vt 0.4451628 0.5977411
vt 0.4426906 0.6138961
vt 0.4457378 0.5792511
vt 0.4425489 0.6251211
vt 0.4448528 0.6477411
vt 0.4460172 0.6216444
vt 0.4495594 0.6239644
vt 0.3547856 0.6430394
vt 0.3498089 0.6361528
vt 0.3474222 0.6393028
vt 0.3626767 0.6998811
vt 0.3662494 0.6978556
vt 0.4091094 0.6102478
vt 0.4068428 0.5851267
vt 0.4097378 0.6571667
vt 0.4122206 0.6522322
vt 0.4131000 0.6117211
vt 0.6182261 0.5871356
vt 0.6273594 0.6104894
vt 0.6338672 0.6017267
vt 0.4213456 0.6414361
vt 0.4216628 0.6622367
vt 0.4176178 0.6852806
vt 0.4115378 0.7114811
vt 0.4066161 0.7098322
vt 0.4011011 0.6555800
vt 0.3996389 0.6371644
vt 0.6223967 0.6219278
vt 0.6234600 0.6372228
vt 0.6212078 0.6150239
vt 0.6239806 0.6371644
vt 0.6260167 0.6586250
vt 0.6208150 0.6038044
vt 0.4765939 0.5965078
vt 0.4755456 0.6223033
vt 0.6371650 0.6550239
vt 0.6301678 0.6892678
vt 0.6299417 0.6565467
vt 0.6177956 0.7140639
vt 0.6241178 0.6742589
vt 0.6273806 0.7345806
vt 0.3817917 0.6253933
vt 0.3818028 0.6431289
vt 0.3911467 0.6643211
vt 0.5348800 0.6538578
vt 0.3845183 0.6660550
vt 0.3835717 0.6979572
vt 0.3778867 0.7085617
vt 0.3747856 0.7076933
vt 0.3409456 0.5996833
vt 0.3392039 0.6229278
vt 0.3317483 0.6420922
vt 0.3329922 0.5896217
vt 0.3294506 0.6302350
vt 0.5410722 0.6424317
vt 0.5455606 0.6160372
vt 0.6703522 0.6530478
vt 0.6664567 0.6726989
vt 0.6618467 0.6952472
vt 0.6541811 0.7207500
vt 0.6597811 0.7201783
vt 0.5068517 0.5927711
vt 0.5031106 0.6144461
vt 0.5089689 0.6338489
vt 0.5046400 0.6377428
vt 0.2823533 0.6138961
vt 0.2843439 0.5979178
vt 0.2860239 0.6111733
vt 0.2807861 0.5977411
vt 0.2883494 0.5939094
vt 0.2808967 0.6630928
vt 0.2846994 0.6256733
vt 0.2782844 0.6549439
vt 0.2812161 0.6251211
vt 0.3453711 0.6540678
vt 0.3662889 0.6119917
vt 0.3721606 0.5839317
vt 0.3702539 0.6117211
vt 0.3642172 0.6511089
vt 0.3601517 0.6500006
vt 0.5283006 0.6343306
vt 0.5284272 0.6538439
vt 0.5206100 0.6774006
vt 0.5313450 0.6980872
vt 0.5274444 0.6751228
vt 0.5176300 0.7008561
vt 0.5190900 0.7245361
vt 0.6480883 0.7802361
vt 0.6538478 0.7493994
vt 0.6442250 0.7813194
vt 0.6518383 0.7814378
vt 0.6588350 0.7489589
vt 0.6482744 0.7495183
vt 0.6385006 0.7811667
vt 0.6353428 0.8109511
vt 0.6301217 0.8443944
vt 0.6405844 0.8114244
vt 0.6452150 0.8117117
vt 0.6392656 0.8356456
vt 0.5023389 0.6803033
vt 0.5000622 0.6566383
vt 0.4973372 0.6806017
vt 0.5031656 0.7044644
vt 0.4951311 0.7048744
vt 0.4996172 0.7284544
vt 0.5069961 0.6804850
vt 0.2754389 0.6851917
vt 0.2785783 0.6860461
vt 0.2843122 0.6648744
vt 0.2810900 0.6866472
vt 0.2696544 0.7343461
vt 0.2663750 0.7286556
vt 0.3628022 0.7359972
vt 0.3530122 0.7051789
vt 0.3579672 0.7391428
vt 0.3581261 0.7037583
vt 0.3484422 0.7088233
vt 0.3533972 0.7420222
vt 0.3622678 0.7718506
vt 0.3553356 0.7783567
vt 0.3650906 0.8019828
vt 0.3678017 0.7672189
vt 0.3712428 0.7971383
vt 0.3552772 0.6975083
vt 0.3620356 0.6723461
vt 0.3593306 0.6987983
vt 0.3579211 0.6716650
vt 0.3497833 0.7225922
vt 0.3537533 0.7248756
vt 0.3453461 0.7536411
vt 0.3452711 0.7239744
vt 0.3511994 0.6969828
vt 0.3399911 0.7520406
vt 0.3537328 0.6659889
vt 0.6494494 0.6491072
vt 0.6621122 0.6489617
vt 0.6485844 0.6692528
vt 0.6582106 0.6694244
vt 0.6705139 0.6694317
vt 0.6622717 0.6906456
vt 0.6753656 0.6907483
vt 0.6741256 0.7129967
vt 0.6510578 0.6900694
vt 0.6641689 0.7120350
vt 0.5194967 0.6659383
vt 0.5200111 0.6560433
vt 0.5143433 0.6785644
vt 0.5170094 0.6573606
vt 0.5118444 0.7022511
vt 0.5145794 0.7258189
vt 0.3868317 0.8094039
vt 0.4097661 0.7443467
vt 0.3891789 0.8089600
vt 0.4053044 0.7431367
vt 0.4144889 0.7449956
vt 0.3933572 0.8100528
vt 0.3842394 0.8345883
vt 0.3778717 0.8345972
vt 0.4658533 0.6813083
vt 0.4610061 0.6566539
vt 0.4607522 0.6816922
vt 0.4679644 0.6612022
vt 0.4565494 0.6579656
vt 0.4559967 0.6820778
vt 0.4599428 0.7053867
vt 0.4540911 0.7060828
vt 0.4599094 0.7298244
vt 0.4648511 0.7050600
vt 0.4662306 0.7286444
vt 0.3885228 0.7175394
vt 0.3842050 0.7208728
vt 0.3795583 0.7243344
vt 0.3870578 0.7543850
vt 0.3946856 0.7805611
vt 0.3910539 0.7503500
vt 0.3986150 0.7762878
vt 0.3947194 0.7466856
vt 0.5833511 0.6709222
vt 0.5895611 0.6518472
vt 0.5792350 0.6907150
vt 0.5964394 0.6903533
vt 0.5844072 0.7105278
vt 0.5661328 0.6906194
vt 0.5553539 0.6912228
vt 0.5479922 0.6720467
vt 0.5705478 0.7108089
vt 0.5593006 0.7111267
vt 0.3689289 0.7842700
vt 0.3690978 0.7926950
vt 0.3668900 0.7837100
vt 0.3894300 0.7250961
vt 0.3759356 0.7785494
vt 0.3579239 0.8239178
vt 0.3194622 0.6903111
vt 0.3138389 0.6894478
vt 0.3134189 0.7156606
vt 0.3083578 0.7120939
vt 0.3083950 0.7411911
vt 0.2962750 0.7407628
vt 0.3080789 0.6892639
vt 0.3020967 0.7136439
vt 0.6423956 0.7498333
vt 0.6324189 0.7808911
vt 0.6264683 0.7811717
vt 0.6154461 0.8343583
vt 0.6190250 0.8445678
vt 0.6268406 0.8119061
vt 0.6299689 0.8119622
vt 0.6222850 0.8434844
vt 0.6252289 0.8432828
vt 0.4919689 0.6810456
vt 0.4867072 0.6814411
vt 0.4874133 0.7047017
vt 0.4914306 0.7288589
vt 0.2880806 0.6653106
vt 0.2839917 0.6870994
vt 0.2879567 0.6882100
vt 0.2920039 0.6661450
vt 0.2800133 0.7144933
vt 0.2756067 0.7405794
vt 0.2735839 0.7342061
vt 0.2833578 0.7131306
vt 0.3440372 0.7125672
vt 0.3491344 0.7446683
vt 0.3397000 0.7154256
vt 0.3452467 0.7475389
vt 0.3500083 0.7821294
vt 0.3573250 0.8101333
vt 0.3463994 0.6957306
vt 0.3394572 0.7167072
vt 0.3414861 0.6946572
vt 0.3428906 0.6705889
vt 0.6822144 0.6696078
vt 0.6892167 0.6498706
vt 0.6915756 0.6708939
vt 0.6861533 0.6917072
vt 0.6961944 0.7102317
vt 0.7039350 0.7180317
vt 0.6950367 0.7156489
vt 0.6856222 0.7147656
vt 0.3977500 0.8112717
vt 0.4182700 0.7466783
vt 0.4113439 0.7795039
vt 0.4222028 0.7477333
vt 0.4030950 0.8114317
vt 0.3931006 0.8348533
vt 0.3886361 0.8347156
vt 0.4006528 0.7082250
vt 0.3937961 0.6661667
vt 0.3979628 0.7104872
vt 0.4037133 0.7378367
vt 0.4010983 0.7425261
vt 0.4066978 0.7674767
vt 0.4059950 0.7355306
vt 0.4034217 0.7062589
vt 0.4515517 0.6824511
vt 0.4470856 0.6834339
vt 0.4486956 0.7071922
vt 0.4508172 0.7314433
vt 0.4094183 0.7335972
vt 0.4145867 0.7608883
vt 0.4121283 0.7311194
vt 0.4093728 0.7027500
vt 0.4144828 0.7295817
vt 0.4118878 0.7018161
vt 0.4169128 0.7591428
vt 0.4066128 0.6770111
vt 0.4092872 0.6756189
vt 0.3707617 0.6978567
vt 0.3764133 0.7269206
vt 0.3725328 0.7293878
vt 0.3819278 0.7575161
vt 0.3774350 0.7602706
vt 0.3861389 0.7901978
vt 0.3907311 0.7847589
vt 0.6004556 0.6703339
vt 0.6124594 0.6697650
vt 0.6203378 0.6509283
vt 0.6231667 0.6695767
vt 0.6125628 0.6900828
vt 0.6242544 0.6900094
vt 0.6253011 0.7108967
vt 0.6015789 0.7104289
vt 0.3080089 0.6642106
vt 0.3002706 0.6907489
vt 0.2961022 0.7146044
vt 0.2900483 0.7402111
vt 0.2910222 0.7142583
vt 0.2963639 0.6819867
vt 0.3914672 0.7389039
vt 0.3842794 0.7739200
vt 0.3960467 0.7403311
vt 0.3894133 0.7726250
vt 0.3779311 0.8061444
vt 0.3656978 0.8303922
vt 0.3742606 0.8028372
vt 0.3617400 0.8311189
vt 0.6201767 0.7818833
vt 0.6122244 0.7803711
vt 0.6106983 0.8273983
vt 0.6144267 0.8230444
vt 0.4842606 0.6591811
vt 0.4802767 0.6815483
vt 0.4839628 0.6397811
vt 0.4752250 0.7050200
vt 0.4766272 0.7294956
vt 0.4816239 0.7049289
vt 0.4829817 0.7288939
vt 0.2941894 0.6731750
vt 0.2862394 0.7141756
vt 0.2849017 0.7396094
vt 0.2802983 0.7392517
vt 0.3373939 0.7211211
vt 0.3291400 0.6800072
vt 0.3337150 0.7194017
vt 0.3417294 0.7508567
vt 0.3397189 0.7552556
vt 0.3284022 0.7076933
vt 0.3370622 0.7566706
vt 0.3468617 0.7859856
vt 0.3440889 0.7905928
vt 0.3522200 0.8155072
vt 0.4355900 0.7295894
vt 0.4370506 0.6918389
vt 0.4345983 0.6911828
vt 0.4342883 0.6730383
vt 0.4340867 0.6495489
vt 0.6971211 0.6506617
vt 0.6995778 0.6722878
vt 0.5456339 0.6722878
vt 0.5367239 0.6738967
vt 0.5378789 0.6841294
vt 0.5411028 0.6958428
vt 0.5445667 0.6942672
vt 0.5404511 0.7195428
vt 0.5487772 0.7180317
vt 0.6987683 0.6999394
vt 0.7032739 0.6942672
vt 0.5113628 0.6578294
vt 0.5080256 0.6577933
vt 0.5106317 0.7266333
vt 0.6613667 0.7795039
vt 0.6634811 0.7483006
vt 0.6563378 0.7810978
vt 0.6673767 0.7477333
vt 0.6487139 0.8118578
vt 0.6437000 0.8359094
vt 0.6531428 0.8114317
vt 0.4434189 0.6842600
vt 0.4409917 0.6549439
vt 0.4398789 0.6851917
vt 0.4410311 0.7091378
vt 0.4423761 0.7336250
vt 0.4441389 0.7078172
vt 0.4467561 0.7324406
vt 0.3676322 0.7328567
vt 0.3723928 0.7642233
vt 0.3755061 0.7945572
vt 0.3819867 0.7917000
vt 0.4163244 0.7001150
vt 0.4139767 0.7010844
vt 0.3652056 0.7010844
vt 0.3572967 0.7270844
vt 0.3629739 0.7001150
vt 0.3594317 0.7290100
vt 0.3523717 0.7574856
vt 0.4164761 0.7290100
vt 0.4194400 0.7574856
vt 0.3491206 0.7555650
vt 0.3656406 0.6732794
vt 0.3678839 0.6522322
vt 0.6362111 0.6489600
vt 0.6392333 0.6693211
vt 0.6473156 0.7114044
vt 0.6349872 0.6902678
vt 0.4008694 0.7418789
vt 0.3940739 0.7738628
vt 0.3838283 0.8085828
vt 0.3739294 0.8344689
vt 0.3807761 0.8075300
vt 0.3711000 0.8331656
vt 0.4061117 0.7046200
vt 0.4033544 0.6782122
vt 0.4090900 0.7341006
vt 0.6309306 0.7046200
vt 0.6361928 0.7333806
vt 0.6303889 0.7044806
vt 0.6368444 0.7341006
vt 0.6428194 0.7629344
vt 0.6284739 0.6782122
vt 0.6261617 0.6555800
vt 0.4740339 0.6595100
vt 0.4728033 0.6818961
vt 0.4790372 0.6384961
vt 0.4725611 0.6372194
vt 0.4694500 0.7051639
vt 0.6137533 0.7481000
vt 0.6059728 0.7802878
vt 0.6084272 0.7433817
vt 0.6001550 0.7794167
vt 0.5972106 0.8134678
vt 0.5848311 0.8494800
vt 0.5943550 0.8468567
vt 0.6046817 0.8141106
vt 0.3918017 0.7146272
vt 0.5214572 0.6743806
vt 0.4997867 0.6546822
vt 0.5392056 0.6926983
vt 0.5440494 0.7122272
vt 0.3661878 0.7566706
vt 0.3694417 0.7599450
vt 0.3612600 0.7945322
vt 0.3550383 0.8216211
vt 0.3586178 0.7905928
vt 0.3525439 0.8187000
vt 0.3302911 0.6694422
vt 0.3341944 0.6662317
vt 0.3316183 0.6917783
vt 0.3265511 0.6679294
vt 0.3244022 0.6898167
vt 0.3264094 0.7145922
vt 0.3184528 0.7146411
vt 0.3217883 0.6665872
vt 0.4702139 0.7526039
vt 0.4797433 0.7770083
vt 0.4788544 0.7529011
vt 0.4725806 0.7758294
vt 0.4667228 0.7772267
vt 0.4655178 0.7534317
vt 0.4683172 0.8009494
vt 0.4730217 0.8007672
vt 0.4700167 0.8250100
vt 0.4762150 0.8258394
vt 0.4784167 0.8002389
vt 0.5917817 0.8904622
vt 0.5912600 0.8661517
vt 0.5858633 0.8909233
vt 0.6005806 0.8617083
vt 0.5812017 0.8695917
vt 0.5808889 0.8835222
vt 0.5756422 0.9006372
vt 0.5825739 0.8993922
vt 0.5882817 0.8981089
vt 0.4097967 0.8431839
vt 0.4023822 0.8022267
vt 0.4052306 0.8261433
vt 0.4061683 0.7985933
vt 0.4004306 0.8056033
vt 0.4027650 0.8282039
vt 0.4070050 0.8473967
vt 0.4040944 0.8510022
vt 0.4063500 0.8635111
vt 0.4088544 0.8608211
vt 0.5342083 0.7333039
vt 0.5605900 0.7313306
vt 0.5531578 0.7526833
vt 0.5677944 0.7515317
vt 0.5715789 0.7730756
vt 0.5184506 0.7547894
vt 0.5000000 0.7363911
vt 0.5172100 0.7344833
vt 0.5161367 0.7147539
vt 0.5000000 0.7162456
vt 0.4998111 0.6951367
vt 0.5532933 0.7741483
vt 0.5843550 0.7740728
vt 0.5721539 0.7951300
vt 0.5195883 0.7758622
vt 0.5000000 0.7568667
vt 0.5201778 0.7978000
vt 0.5000000 0.7780306
vt 0.3577978 0.8568411
vt 0.3558317 0.8392861
vt 0.3523650 0.8412006
vt 0.3492822 0.8187000
vt 0.3478756 0.8412006
vt 0.3444478 0.8574517
vt 0.3405894 0.8568411
vt 0.3503922 0.8427894
vt 0.3380894 0.8705667
vt 0.3347378 0.8801256
vt 0.3298883 0.8816000
vt 0.3324717 0.8703200
vt 0.2781283 0.8582800
vt 0.2874178 0.8209089
vt 0.2964233 0.8111589
vt 0.3029083 0.7681539
vt 0.3078078 0.7712044
vt 0.3144694 0.7442383
vt 0.5381878 0.7453661
vt 0.5340811 0.7214211
vt 0.5251883 0.7460300
vt 0.5406572 0.7742233
vt 0.5280183 0.7690650
vt 0.5193972 0.7477644
vt 0.5210533 0.7713361
vt 0.5295261 0.8097028
vt 0.5372144 0.7984483
vt 0.6302728 0.8668167
vt 0.6326761 0.8429089
vt 0.6249972 0.8689678
vt 0.6277833 0.8439456
vt 0.6213306 0.8697906
vt 0.6184500 0.8708722
vt 0.6196606 0.8798728
vt 0.6140100 0.8821906
vt 0.6151439 0.8885411
vt 0.6249111 0.8777122
vt 0.3908467 0.8798728
vt 0.3848500 0.8861772
vt 0.3872439 0.8777122
vt 0.5088150 0.7768644
vt 0.4970750 0.7517300
vt 0.4999572 0.7733811
vt 0.5073683 0.7501972
vt 0.4983300 0.7998800
vt 0.5060117 0.8218067
vt 0.5061611 0.8004139
vt 0.5132294 0.8242811
vt 0.5113961 0.8022772
vt 0.4425506 0.7828378
vt 0.4397906 0.7596817
vt 0.4392483 0.7843261
vt 0.2521606 0.7843261
vt 0.2642494 0.7489800
vt 0.2563094 0.7835706
vt 0.2462239 0.8075717
vt 0.2393039 0.8295539
vt 0.2357478 0.8288378
vt 0.2493811 0.8093667
vt 0.4418317 0.8065144
vt 0.2429994 0.8065144
vt 0.3793144 0.8486433
vt 0.3740283 0.8256900
vt 0.3765561 0.8498650
vt 0.3780133 0.8235100
vt 0.3693439 0.8286489
vt 0.3723333 0.8508039
vt 0.3254167 0.8498650
vt 0.3186406 0.8688689
vt 0.3155106 0.8688678
vt 0.3091089 0.8857500
vt 0.3042844 0.8866022
vt 0.3286444 0.8508039
vt 0.3209594 0.8696189
vt 0.3117972 0.8853344
vt 0.3795217 0.8688678
vt 0.3828178 0.8866022
vt 0.3826328 0.8687494
vt 0.3244228 0.8181972
vt 0.3402628 0.7818811
vt 0.3278072 0.8207461
vt 0.3363789 0.7800478
vt 0.3142183 0.8469833
vt 0.3201556 0.8175533
vt 0.3320367 0.7798900
vt 0.6682283 0.7635594
vt 0.6744467 0.7369533
vt 0.6764228 0.7572333
vt 0.6593239 0.7321389
vt 0.6838306 0.7421067
vt 0.6919111 0.7604144
vt 0.6888878 0.7935911
vt 0.6792833 0.7880061
vt 0.5151639 0.7491606
vt 0.5166456 0.7729494
vt 0.5237256 0.8041011
vt 0.3643556 0.8633378
vt 0.3709494 0.8518017
vt 0.3643106 0.8701006
vt 0.3714544 0.8635606
vt 0.3752728 0.8513111
vt 0.3790083 0.8512261
vt 0.3639406 0.8789706
vt 0.3612750 0.8787900
vt 0.3560267 0.8784056
vt 0.3545789 0.8781183
vt 0.3590878 0.8733211
vt 0.3581994 0.8688344
vt 0.4606283 0.7540372
vt 0.4603617 0.7783100
vt 0.4551839 0.7305556
vt 0.4558950 0.7549572
vt 0.4629794 0.8015472
vt 0.4599711 0.8250939
vt 0.4647522 0.8245650
vt 0.3975189 0.8083678
vt 0.4004828 0.8321033
vt 0.3938472 0.8132339
vt 0.3968461 0.8368650
vt 0.4007828 0.8548750
vt 0.3977889 0.8578433
vt 0.4006894 0.8693800
vt 0.4033039 0.8665844
vt 0.5800806 0.7515033
vt 0.5896750 0.7305239
vt 0.5949428 0.7511439
vt 0.5753550 0.7308794
vt 0.6070572 0.7307550
vt 0.6123517 0.7517561
vt 0.5996172 0.7725972
vt 0.5982122 0.7924778
vt 0.5878656 0.7951422
vt 0.3455172 0.8621867
vt 0.3532050 0.8440478
vt 0.3484233 0.8609783
vt 0.3510761 0.8603717
vt 0.3407656 0.8787467
vt 0.3376083 0.8793872
vt 0.2986883 0.7679661
vt 0.2960361 0.7930256
vt 0.2918044 0.7931222
vt 0.2844833 0.8171617
vt 0.2766550 0.8395733
vt 0.2841689 0.7915800
vt 0.2768911 0.8150283
vt 0.2910472 0.7673394
vt 0.6154778 0.8719994
vt 0.6074789 0.8854961
vt 0.6154483 0.8467156
vt 0.6047456 0.8864367
vt 0.6084872 0.8559728
vt 0.6019800 0.8873167
vt 0.6079194 0.8915722
vt 0.6017572 0.8939428
vt 0.4886667 0.7519028
vt 0.4950217 0.7758194
vt 0.4885789 0.7754411
vt 0.4919200 0.7995800
vt 0.4987472 0.8222806
vt 0.2570656 0.7937983
vt 0.2574211 0.8012294
vt 0.2704772 0.7682139
vt 0.2423683 0.8401656
vt 0.2426706 0.8315844
vt 0.2421461 0.8495644
vt 0.3631350 0.8340561
vt 0.3695622 0.8517511
vt 0.3655644 0.8531294
vt 0.3342939 0.8531294
vt 0.3287006 0.8689917
vt 0.3255361 0.8697906
vt 0.3226289 0.8834906
vt 0.3187461 0.8842261
vt 0.3743306 0.8696189
vt 0.3041811 0.8620450
vt 0.3119228 0.8164761
vt 0.3214239 0.7737400
vt 0.6959939 0.7388522
vt 0.7024261 0.7587850
vt 0.7065144 0.7409061
vt 0.7130406 0.7637350
vt 0.7121717 0.7990772
vt 0.6975678 0.7814294
vt 0.7060467 0.8268906
vt 0.3747433 0.8727544
vt 0.3714706 0.8805078
vt 0.3689444 0.8798156
vt 0.3789217 0.8739222
vt 0.3664150 0.8792883
vt 0.4095817 0.7947394
vt 0.4081578 0.7964556
vt 0.4038328 0.7708778
vt 0.4112400 0.8393861
vt 0.4124122 0.8565178
vt 0.4132611 0.8356300
vt 0.4154450 0.8546000
vt 0.4108139 0.7932922
vt 0.4515372 0.7558500
vt 0.4546722 0.7794233
vt 0.4504172 0.7805872
vt 0.4472244 0.7573356
vt 0.4535578 0.8032867
vt 0.4581528 0.8022833
vt 0.4539933 0.8258789
vt 0.4199700 0.8231528
vt 0.4166717 0.7882044
vt 0.4155500 0.8096233
vt 0.4168450 0.8311228
vt 0.4205106 0.8506889
vt 0.4228494 0.8505239
vt 0.4221206 0.8204828
vt 0.4189094 0.7863856
vt 0.3939317 0.8428794
vt 0.3893739 0.8206978
vt 0.3922506 0.8516572
vt 0.3896317 0.8492606
vt 0.3864433 0.8196178
vt 0.3864544 0.8480717
vt 0.3901678 0.8704033
vt 0.3929206 0.8727333
vt 0.3922144 0.8892983
vt 0.3934794 0.8896928
vt 0.3948828 0.8681378
vt 0.3944206 0.8763694
vt 0.3965472 0.8768283
vt 0.3944539 0.8900178
vt 0.3990483 0.8902300
vt 0.3961294 0.8615211
vt 0.3981067 0.8728589
vt 0.6189050 0.7313233
vt 0.6282078 0.7525889
vt 0.6135961 0.7106511
vt 0.6309011 0.7314911
vt 0.6396439 0.7531950
vt 0.6332767 0.7731800
vt 0.6525067 0.7795561
vt 0.6539178 0.8016911
vt 0.6454567 0.7817350
vt 0.6171339 0.7732506
vt 0.2865439 0.7666211
vt 0.2794839 0.7911428
vt 0.2721311 0.8144161
vt 0.2695494 0.8354622
vt 0.2644872 0.8353244
vt 0.2742728 0.7901511
vt 0.2667344 0.8134750
vt 0.2812644 0.7659378
vt 0.3590267 0.8502122
vt 0.3683033 0.8318533
vt 0.3638761 0.8494922
vt 0.3530717 0.8704472
vt 0.3463383 0.8780744
vt 0.5977139 0.8887722
vt 0.5947450 0.8962950
vt 0.4887394 0.8230072
vt 0.4870850 0.7996811
vt 0.4936794 0.8226006
vt 0.2691217 0.7895483
vt 0.2760667 0.7653889
vt 0.2615544 0.8125083
vt 0.2532206 0.8490661
vt 0.2479639 0.8474633
vt 0.2629406 0.7984883
vt 0.3632922 0.8530200
vt 0.3264522 0.8825939
vt 0.3678128 0.8689917
vt 0.4395622 0.8195550
vt 0.4407961 0.7955156
vt 0.4373617 0.7754044
vt 0.4408217 0.8425756
vt 0.4420283 0.8195394
vt 0.4381383 0.7329161
vt 0.7151222 0.7415189
vt 0.7209439 0.7624200
vt 0.5457144 0.7624200
vt 0.5446050 0.7415189
vt 0.5479222 0.8129883
vt 0.7278956 0.8128067
vt 0.5112600 0.7499800
vt 0.5128272 0.7739361
vt 0.5056144 0.7274783
vt 0.5146050 0.8043617
vt 0.5197567 0.8041078
vt 0.3831456 0.8567144
vt 0.3906100 0.8520961
vt 0.3856272 0.8629728
vt 0.3969861 0.8359094
vt 0.3958550 0.8487878
vt 0.3892450 0.8668167
vt 0.6385689 0.8520961
vt 0.6350928 0.8487878
vt 0.3831861 0.8756244
vt 0.3806911 0.8840328
vt 0.3762811 0.8821461
vt 0.4435389 0.7584194
vt 0.4463100 0.7818128
vt 0.4390222 0.7286556
vt 0.4452639 0.8054139
vt 0.4451378 0.8274639
vt 0.4489044 0.8268956
vt 0.4493056 0.8043094
vt 0.3828111 0.8208506
vt 0.3818850 0.8481661
vt 0.3867578 0.8691550
vt 0.3856756 0.8873606
vt 0.3894872 0.8884678
vt 0.3320022 0.8201256
vt 0.3445600 0.7843567
vt 0.3350711 0.8204828
vt 0.3545461 0.7591428
vt 0.3472500 0.7863856
vt 0.3233956 0.8491672
vt 0.3193011 0.8474928
vt 0.6457372 0.7322772
vt 0.6513894 0.7526683
vt 0.6365961 0.7111289
vt 0.6623172 0.7763572
vt 0.6699256 0.8183494
vt 0.3673906 0.8504706
vt 0.3538333 0.8780183
vt 0.3521261 0.8779422
vt 0.6604306 0.8185039
vt 0.6706533 0.8482522
vt 0.6514400 0.7941222
vt 0.6510911 0.7913450
vt 0.6433839 0.7631683
vt 0.4523461 0.8669044
vt 0.4547589 0.8473539
vt 0.4505656 0.8478244
vt 0.4484017 0.8670617
vt 0.4467083 0.8481583
vt 0.4501689 0.8849717
vt 0.4542128 0.8859356
vt 0.2039883 0.8849717
vt 0.1976439 0.9013122
vt 0.1931356 0.9030400
vt 0.4566189 0.8676517
vt 0.4578706 0.9049622
vt 0.4585422 0.8871206
vt 0.6555406 0.8495939
vt 0.6558900 0.8252422
vt 0.6667683 0.8520972
vt 0.6789950 0.8292361
vt 0.6823178 0.8544722
vt 0.6707289 0.8771300
vt 0.6918617 0.8799067
vt 0.6745506 0.8973622
vt 0.6552167 0.8738339
vt 0.6609061 0.8956322
vt 0.4844050 0.8705206
vt 0.4777794 0.8511289
vt 0.4838000 0.8989044
vt 0.4852206 0.8477711
vt 0.4720122 0.8487889
vt 0.4758622 0.8944800
vt 0.4814772 0.9022733
vt 0.4805167 0.9174233
vt 0.4857628 0.9205978
vt 0.4865506 0.8914717
vt 0.6839533 0.8716678
vt 0.6836883 0.8608211
vt 0.6937667 0.8833817
vt 0.4094011 0.8833817
vt 0.4072439 0.8840600
vt 0.4107878 0.8952656
vt 0.6915867 0.8902133
vt 0.6871267 0.8824550
vt 0.6986167 0.8952656
vt 0.6948433 0.8964039
vt 0.5716672 0.8447739
vt 0.5211494 0.8216233
vt 0.5701678 0.8214217
vt 0.5216039 0.8456189
vt 0.5000000 0.8237322
vt 0.5000000 0.8002206
vt 0.5610956 0.8678506
vt 0.5761044 0.8896428
vt 0.5224078 0.8903900
vt 0.5900622 0.8660589
vt 0.5220178 0.8690700
vt 0.5000000 0.8476139
vt 0.5000000 0.8709183
vt 0.7527444 0.8363944
vt 0.7502422 0.8178278
vt 0.7601883 0.8381983
vt 0.7653972 0.8620406
vt 0.7720978 0.8641000
vt 0.7531744 0.8097028
vt 0.7660283 0.8389000
vt 0.7824600 0.8875583
vt 0.7808611 0.9084006
vt 0.7570561 0.8885528
vt 0.5143550 0.8660194
vt 0.5096878 0.8417994
vt 0.5096639 0.8659878
vt 0.5051017 0.8425989
vt 0.5046944 0.8657078
vt 0.5138856 0.9044194
vt 0.5147006 0.8888394
vt 0.5186767 0.9056094
vt 0.5197033 0.8891628
vt 0.2254722 0.8516011
vt 0.2326989 0.8274639
vt 0.2294472 0.8517578
vt 0.2125356 0.8839011
vt 0.2082039 0.8841878
vt 0.2035489 0.8996900
vt 0.2011728 0.9002717
vt 0.2059533 0.8992072
vt 0.2135911 0.8670617
vt 0.6949628 0.8289261
vt 0.6987978 0.8568022
vt 0.7123461 0.8585067
vt 0.7103200 0.8823417
vt 0.7243167 0.8845811
vt 0.7135978 0.9025583
vt 0.7023911 0.9010328
vt 0.5281922 0.8389000
vt 0.5244172 0.8405533
vt 0.7770000 0.8651078
vt 0.7703378 0.8405533
vt 0.7809550 0.8661028
vt 0.5207989 0.8415867
vt 0.5252578 0.8661028
vt 0.5290106 0.8894417
vt 0.5287061 0.8651078
vt 0.7891011 0.8894417
vt 0.7951950 0.9070083
vt 0.4665828 0.8486428
vt 0.4630428 0.8484611
vt 0.4690767 0.8902661
vt 0.4694978 0.9112367
vt 0.4043117 0.8811478
vt 0.4014178 0.8906328
vt 0.3996022 0.8814083
vt 0.4047317 0.8934389
vt 0.4010244 0.8922456
vt 0.4028339 0.8928378
vt 0.4085556 0.8946183
vt 0.5920944 0.8427239
vt 0.6013878 0.8190994
vt 0.6075511 0.8430589
vt 0.5903700 0.8188039
vt 0.6136906 0.8199183
vt 0.6263378 0.8459094
vt 0.6072700 0.7924961
vt 0.6150650 0.8679006
vt 0.6070578 0.8888189
vt 0.6052683 0.8668356
vt 0.6349189 0.8705489
vt 0.6168711 0.8894450
vt 0.5955411 0.8886594
vt 0.5003000 0.8439444
vt 0.4997722 0.8661644
vt 0.4952489 0.8449267
vt 0.4969328 0.8712261
vt 0.5033250 0.9129422
vt 0.5057417 0.9025211
vt 0.2171156 0.8840044
vt 0.2339628 0.8513478
vt 0.2210072 0.8832572
vt 0.2259617 0.8796906
vt 0.2133489 0.8983967
vt 0.2108433 0.8985472
vt 0.2159089 0.8983844
vt 0.2083811 0.8988217
vt 0.7202367 0.8346467
vt 0.7239917 0.8610100
vt 0.7306706 0.8373406
vt 0.7331228 0.8621033
vt 0.7384433 0.8629567
vt 0.7221439 0.8095756
vt 0.7357050 0.8874122
vt 0.7484822 0.8886161
vt 0.7415933 0.9062400
vt 0.7285117 0.9045267
vt 0.4595056 0.8486733
vt 0.4631333 0.8885289
vt 0.4630222 0.9077061
vt 0.3973506 0.8910189
vt 0.3993456 0.8916878
vt 0.6315794 0.8212294
vt 0.6431461 0.8474411
vt 0.6237722 0.7917094
vt 0.6391056 0.7886233
vt 0.6444144 0.8225217
vt 0.6490356 0.8939083
vt 0.4951789 0.8753167
vt 0.4902439 0.8459622
vt 0.4896811 0.8691511
vt 0.4839961 0.8235194
vt 0.4915633 0.8885067
vt 0.4909394 0.9047300
vt 0.4975072 0.9149017
vt 0.5012689 0.9148217
vt 0.2372539 0.8700150
vt 0.2281083 0.8797394
vt 0.2400672 0.8767006
vt 0.2294650 0.8848694
vt 0.2240278 0.8991539
vt 0.2212350 0.8987917
vt 0.2284467 0.8998133
vt 0.2185333 0.8985256
vt 0.7435078 0.8637728
vt 0.7436922 0.8380378
vt 0.7495361 0.8650344
vt 0.7375656 0.8387483
vt 0.7361433 0.8129883
vt 0.7321172 0.8125833
vt 0.7555028 0.9083106
vt 0.5167044 0.8428989
vt 0.5212322 0.8668189
vt 0.5184356 0.8675833
vt 0.5109067 0.8326744
vt 0.5239028 0.8881117
vt 0.5257039 0.9062644
vt 0.7934572 0.8881117
vt 0.8020589 0.9062644
vt 0.7757533 0.9461361
vt 0.7737894 0.9298661
vt 0.7864039 0.9506172
vt 0.7636094 0.9225894
vt 0.7649772 0.9097706
vt 0.7641483 0.9426933
vt 0.7922628 0.9473044
vt 0.7794083 0.9290883
vt 0.8020589 0.9649722
vt 0.8169711 0.9721328
vt 0.8137700 0.9753244
vt 0.7904794 0.9655856
vt 0.8106961 0.9782683
vt 0.7930594 0.9744217
vt 0.7814011 0.9650428
vt 0.7726361 0.9575494
vt 0.8155211 0.9342928
vt 0.8096200 0.9206994
vt 0.8193272 0.9321828
vt 0.5281839 0.9206994
vt 0.5227017 0.9302406
vt 0.5278694 0.9321828
vt 0.5206706 0.9193044
vt 0.8266300 0.9416956
vt 0.8345511 0.9496856
vt 0.8337539 0.9515650
vt 0.5244844 0.9390722
vt 0.5298022 0.9416956
vt 0.8266300 0.4701978
vt 0.8352172 0.4724439
vt 0.8345511 0.4697750
vt 0.8230889 0.9456694
vt 0.6715172 0.9336122
vt 0.6768178 0.9166517
vt 0.6892767 0.9355506
vt 0.6572411 0.9148378
vt 0.6941800 0.9183900
vt 0.7069144 0.9373911
vt 0.6897100 0.8994561
vt 0.6927294 0.9522744
vt 0.7120689 0.9539933
vt 0.7128367 0.9687311
vt 0.6752806 0.9502744
vt 0.6872944 0.9663328
vt 0.5240783 0.9307161
vt 0.5232750 0.9109417
vt 0.5631711 0.9299317
vt 0.5000006 0.9133022
vt 0.5000000 0.8929011
vt 0.5791294 0.9100733
vt 0.5868133 0.9287267
vt 0.5818861 0.9466228
vt 0.5248922 0.9483350
vt 0.5000006 0.9322250
vt 0.5255722 0.9646317
vt 0.5000006 0.9497400
vt 0.7912933 0.9254706
vt 0.8090356 0.9365683
vt 0.8115817 0.9543100
vt 0.8255767 0.9630094
vt 0.8219617 0.9669517
vt 0.5171200 0.9280322
vt 0.5136339 0.9177228
vt 0.5136372 0.9267011
vt 0.5186011 0.9353483
vt 0.5191400 0.9418728
vt 0.5220067 0.9438433
vt 0.5134917 0.9380433
vt 0.5162200 0.9398844
vt 0.7187244 0.9210567
vt 0.7196850 0.9385628
vt 0.7064950 0.9200306
vt 0.7317917 0.9398950
vt 0.7348772 0.9227667
vt 0.7252467 0.9548761
vt 0.7372794 0.9559444
vt 0.7347039 0.9704494
vt 0.8035106 0.9224128
vt 0.8306050 0.9569289
vt 0.8292361 0.9587322
vt 0.8317756 0.9551917
vt 0.6013933 0.9286306
vt 0.6098083 0.9094911
vt 0.6131061 0.9287967
vt 0.5982606 0.9093883
vt 0.6195983 0.9099889
vt 0.6228856 0.9292639
vt 0.6326544 0.9106944
vt 0.6373400 0.9298189
vt 0.6298250 0.8909811
vt 0.6164150 0.9466961
vt 0.6262917 0.9471167
vt 0.6192972 0.9632244
vt 0.6395839 0.9478078
vt 0.6317211 0.9637500
vt 0.6045089 0.9464728
vt 0.6071817 0.9629983
vt 0.5919483 0.9629811
vt 0.5097133 0.9255000
vt 0.5082356 0.9174117
vt 0.5038300 0.9231511
vt 0.5046583 0.9322106
vt 0.5108472 0.9318472
vt 0.5072111 0.9338689
vt 0.5102489 0.9358756
vt 0.5022700 0.9276622
vt 0.7493828 0.9238056
vt 0.7476217 0.9417161
vt 0.7549400 0.9566061
vt 0.7703989 0.9693622
vt 0.7533539 0.9697522
vt 0.6461844 0.9128606
vt 0.6514061 0.9317628
vt 0.6560689 0.9486294
vt 0.6674950 0.9648772
vt 0.6517172 0.9640883
vt 0.4981061 0.9217939
vt 0.4939789 0.9193289
vt 0.4907272 0.9192500
vt 0.4915500 0.9240461
vt 0.4955489 0.9264844
vt 0.4997517 0.9290956
vt 0.7633244 0.9916889
vt 0.7794683 0.9792161
vt 0.7780494 0.9873928
vt 0.7585967 0.9818967
vt 0.7897389 0.9862789
vt 0.7865072 0.9980217
vt 0.7802733 1.0022139
vt 0.7661844 1.0004956
vt 0.6469161 0.9924511
vt 0.6537106 0.9789550
vt 0.6647911 0.9929167
vt 0.6331089 0.9791317
vt 0.6764611 0.9794233
vt 0.6856328 0.9929739
vt 0.6782783 1.0047789
vt 0.6614289 1.0166361
vt 0.6584428 1.0050372
vt 0.6407672 1.0178178
vt 0.6378983 1.0054456
vt 0.8069850 0.9817406
vt 0.7980244 0.9894328
vt 0.7033917 0.9811461
vt 0.7068067 0.9936744
vt 0.7251028 0.9824089
vt 0.7267461 0.9958500
vt 0.7209400 1.0055889
vt 0.7202578 1.0137633
vt 0.6985194 1.0049111
vt 0.6865972 1.0151711
vt 0.5697133 0.9930450
vt 0.4993767 0.9815650
vt 0.5670600 0.9789517
vt 0.5684572 0.9634706
vt 0.5000006 0.9659300
vt 0.5934889 0.9782456
vt 0.5947339 0.9926244
vt 0.5701350 1.0066900
vt 0.5962033 1.0064144
vt 0.5777050 1.0206089
vt 0.4998772 0.9957189
vt 0.5439861 1.0218500
vt 0.5000622 1.0091217
vt 0.7397122 0.9842339
vt 0.7456906 0.9976550
vt 0.7678606 1.0097122
vt 0.7615389 1.0131367
vt 0.7422233 1.0097772
vt 0.7371250 1.0145500
vt 0.6104694 0.9925267
vt 0.6213167 0.9784033
vt 0.6230144 0.9924322
vt 0.6089850 0.9782589
vt 0.6334178 0.9923256
vt 0.6249289 1.0056217
vt 0.6276006 1.0183961
vt 0.6121844 1.0060361
vt 0.6146806 1.0190639
vt 0.5984167 1.0198872
vt 0.6243206 1.0476278
vt 0.6315683 1.0310028
vt 0.6374033 1.0463978
vt 0.6185078 1.0320822
vt 0.6072167 1.0495017
vt 0.6018944 1.0332633
vt 0.6446578 1.0298600
vt 0.6495194 1.0413556
vt 0.6583244 1.0642106
vt 0.6480089 1.0671828
vt 0.6545900 1.0522744
vt 0.6670794 1.0610339
vt 0.6346467 1.0700178
vt 0.6167494 1.0727589
vt 0.6654478 1.0272861
vt 0.6699200 1.0371917
vt 0.6883139 1.0333061
vt 0.6849361 1.0248211
vt 0.6922367 1.0411000
vt 0.6745122 1.0466989
vt 0.6928233 1.0500483
vt 0.6843494 1.0539322
vt 0.7011622 1.0459206
vt 0.6757611 1.0575906
vt 0.7114417 1.0279439
vt 0.7104822 1.0220733
vt 0.7325717 1.0248644
vt 0.7298933 1.0198317
vt 0.7313394 1.0296644
vt 0.7093050 1.0345222
vt 0.7093789 1.0415567
vt 0.5312972 1.0515806
vt 0.5417356 1.0363928
vt 0.5595850 1.0548233
vt 0.4992744 1.0555939
vt 0.5000006 1.0229417
vt 0.5805556 1.0345389
vt 0.5841239 1.0525078
vt 0.5664561 1.0767333
vt 0.5928311 1.0753933
vt 0.5411889 1.0756928
vt 0.5000006 1.0714522
vt 0.7409828 1.0241578
vt 0.7443522 1.0221450
vt 0.7365089 1.0267667
vt 0.4158111 0.8693894
vt 0.4131633 0.8716678
vt 0.4178550 0.8909400
vt 0.4164489 0.8968517
vt 0.4175267 0.8972233
vt 0.4150894 0.8824550
vt 0.4180289 0.8816656
vt 0.4444050 0.8956239
vt 0.4455694 0.8795539
vt 0.4430772 0.8793506
vt 0.4455417 0.9071850
vt 0.4480039 0.9071539
vt 0.4442678 0.8597661
vt 0.4418861 0.8614478
vt 0.4257089 0.8491672
vt 0.4240772 0.8683006
vt 0.4272206 0.8764728
vt 0.3148172 0.8764728
vt 0.3093050 0.8938506
vt 0.3065317 0.8938972
vt 0.3054122 0.9027011
vt 0.3033000 0.9035983
vt 0.3125633 0.8737967
vt 0.3004767 0.9045506
vt 0.3024739 0.8950622
vt 0.2827150 0.8964150
vt 0.2871522 0.9070544
vt 0.2843622 0.9073039
vt 0.2936683 0.8956617
vt 0.2898506 0.9067328
vt 0.2933583 0.8689256
vt 0.4219178 0.8685506
vt 0.4191494 0.8669433
vt 0.4253433 0.9006533
vt 0.4253022 0.8824372
vt 0.4230689 0.8824622
vt 0.2779017 0.8796039
vt 0.2721539 0.8780328
vt 0.2848561 0.8617722
vt 0.2711800 0.8947056
vt 0.2636683 0.8922922
vt 0.2656733 0.9071283
vt 0.2591939 0.9056478
vt 0.2665289 0.8771267
vt 0.2534511 0.9043728
vt 0.2577156 0.8907567
vt 0.2713744 0.8593972
vt 0.4202100 0.8818272
vt 0.4190494 0.8695850
vt 0.4214644 0.8917706
vt 0.4219128 0.8989661
vt 0.4227372 0.8993644
vt 0.6834433 0.8818272
vt 0.6870794 0.8918039
vt 0.6804078 0.8756411
vt 0.6876361 0.8917706
vt 0.6903956 0.8994406
vt 0.6787906 0.8695850
vt 0.6727500 0.8522211
vt 0.3093711 0.8713844
vt 0.2982994 0.8950311
vt 0.2972267 0.9053978
vt 0.2948972 0.9059006
vt 0.3060289 0.8687033
vt 0.2924356 0.9063467
vt 0.2619450 0.8763467
vt 0.2522961 0.8759506
vt 0.2472928 0.9031094
vt 0.2616006 0.8562417
vt 0.2566228 0.8552728
vt 0.2468544 0.8758872
vt 0.2406678 0.9018578
vt 0.2347567 0.9008311
vt 0.3803261 0.5001644
vt 0.3810817 0.5489800
vt 0.3803950 0.5195772
vt 0.4003139 0.5489800
vt 0.4010394 0.5001650
vt 0.4007928 0.5195772
vt 0.3811017 0.5642561
vt 0.3816883 0.5503900
vt 0.3815989 0.5718767
vt 0.3804061 0.5857772
vt 0.3809144 0.5749839
vt 0.3806422 0.5913722
vt 0.3791289 0.6037950
vt 0.3998744 0.5642561
vt 0.3787922 0.6150239
vt 0.3766972 0.6306428
vt 0.3739833 0.6586250
vt 0.3738144 0.6551939
vt 0.3690222 0.7044656
vt 0.3696111 0.7044806
vt 0.3638072 0.7333806
vt 0.3631622 0.7335972
vt 0.3571806 0.7629344
vt 0.3566089 0.7627956
vt 0.4064933 0.7044656
vt 0.4036889 0.6773894
vt 0.4014978 0.6551939
vt 0.3492061 0.7900528
vt 0.3485600 0.7941222
vt 0.3425533 0.8096233
vt 0.3293467 0.8482522
vt 0.3350178 0.8311228
vt 0.3271539 0.8524600
vt 0.4120750 0.7627956
vt 0.4141522 0.7900528
vt 0.3221928 0.8669433
vt 0.3195922 0.8756411
vt 0.3167528 0.8814111
vt 0.3129206 0.8918039
vt 0.3090606 0.8995150
vt 0.4230472 0.8995150
vt 0.4204833 0.8814111
vt 0.3984589 0.6038044
vt 0.3988406 0.6219278
vt 0.4097589 0.7646322
vt 0.4002933 0.6799300
vt 0.4138961 0.7913450
vt 0.4169900 0.8389772
vt 0.4157733 0.8185039
vt 0.4187094 0.8976611
vt 0.4203794 0.8983317
vt 0.5728739 0.5215094
vt 0.5724294 0.5530744
vt 0.5730261 0.5001650
vt 0.6365172 0.6070922
vt 0.5716061 0.5912944
vt 0.5711867 0.6069483
vt 0.6397006 0.5914378
vt 0.5719928 0.5749378
vt 0.6328972 0.6227072
vt 0.5707283 0.6224556
vt 0.6288278 0.6389094
vt 0.6186167 0.6757433
vt 0.5698822 0.6487678
vt 0.5683872 0.6914367
vt 0.6129556 0.6999189
vt 0.6042528 0.7215822
vt 0.5851483 0.7780739
vt 0.5667461 0.7414644
vt 0.5657878 0.7779656
vt 0.5866628 0.7777022
vt 0.5943322 0.7476450
vt 0.5777822 0.8215161
vt 0.5827661 0.8200700
vt 0.5650672 0.8224294
vt 0.5729378 0.8533567
vt 0.5645722 0.8860283
vt 0.5663817 0.8771361
vt 0.5646600 0.8738939
vt 0.5648011 0.8545989
vt 0.4149767 0.8515589
vt 0.4189906 0.9019261
vt 0.4055144 0.8860283
vt 0.4097450 0.9026239
vt 0.4029794 0.9024228
vt 0.4355233 0.8957767
vt 0.4368222 0.8901161
vt 0.4354278 0.8860283
vt 0.4355044 0.9024228
vt 0.4402678 0.9023983
vt 0.5597322 0.9023983
vt 0.5609533 0.9023694
vt 0.5698200 0.8908317
vt 0.4528767 0.9005117
vt 0.4713572 0.9014022
vt 0.4972206 0.5216617
vt 0.4985106 0.5001661
vt 0.4999944 0.5001606
vt 0.6329967 0.6386056
vt 0.6242389 0.6562017
vt 0.5894278 0.7764683
vt 0.5631778 0.8901161
vt 0.4966650 0.5297472
vt 0.5000000 0.5219022
vt 0.5000000 0.5394661
vt 0.5000000 0.5397256
vt 0.4925817 0.5678044
vt 0.4888194 0.5906283
vt 0.5127361 0.5984561
vt 0.4837567 0.6132611
vt 0.5000000 0.5730733
vt 0.5216333 0.6326478
vt 0.5127050 0.7173483
vt 0.4735017 0.6483533
vt 0.4929061 0.8158261
vt 0.4311006 0.7757978
vt 0.5001900 0.7722589
vt 0.4221839 0.8195661
vt 0.5613744 0.5104906
vt 0.5598878 0.5296344
vt 0.5621900 0.5324428
vt 0.5610467 0.5001650
vt 0.5591672 0.5101489
vt 0.5607939 0.5543606
vt 0.5630017 0.5552839
vt 0.5637394 0.5727894
vt 0.5625283 0.5966133
vt 0.5648733 0.5996833
vt 0.5631344 0.6152622
vt 0.5655622 0.6229278
vt 0.5634111 0.6302606
vt 0.5657656 0.6475556
vt 0.3362656 0.6475556
vt 0.5652606 0.6917783
vt 0.5635539 0.6566100
vt 0.5629494 0.6918389
vt 0.5647056 0.7145922
vt 0.5618617 0.7329161
vt 0.5638517 0.7431011
vt 0.5616206 0.7949328
vt 0.5603833 0.7708644
vt 0.5592039 0.7955156
vt 0.5627844 0.7703228
vt 0.5602117 0.8223772
vt 0.2981111 0.8223772
vt 0.3061756 0.7949328
vt 0.3129922 0.7703228
vt 0.3196689 0.7431011
vt 0.5568144 0.8796039
vt 0.5557322 0.8597661
vt 0.5544306 0.8795539
vt 0.5555828 0.8947056
vt 0.5519961 0.9071539
vt 0.5543656 0.9071283
vt 0.3424200 0.5706717
vt 0.3422689 0.5804833
vt 0.3434628 0.6490200
vt 0.3364372 0.6495489
vt 0.3368133 0.6933261
vt 0.3338783 0.6730383
vt 0.3261428 0.7417206
vt 0.3233650 0.7295894
vt 0.3321194 0.6911828
vt 0.3067317 0.8182417
vt 0.2918667 0.8425756
vt 0.2994033 0.8195550
vt 0.3121256 0.7754044
vt 0.2786011 0.9075650
vt 0.2748828 0.9075383
vt 0.2784733 0.8793506
vt 0.2712500 0.8956239
vt 0.5145411 0.6620467
vt 0.6878906 0.7368183
vt 0.5038517 0.6568850
vt 0.4688172 0.6360489
vt 0.4793333 0.6593094
vt 0.6897228 0.7302056
vt 0.6931867 0.6932394
vt 0.4368089 0.5556478
vt 0.4361872 0.5706717
vt 0.5000000 0.5214139
vt 0.5000000 0.5001650
vt 0.5614239 0.5723322
vt 0.4967006 0.5001650
vt 0.4987800 0.5001650
vt 0.4944539 0.5307378
vt 0.4849589 0.5994111
vt 0.4901817 0.5698889
vt 0.4776644 0.6276733
vt 0.4450650 0.7317844
vt 0.4683511 0.6578133
vt 0.4382539 0.7460356
vt 0.4283672 0.7780344
vt 0.4186478 0.8252339
vt 0.5027022 0.5215094
vt 0.5032994 0.5001650
vt 0.5055461 0.5307378
vt 0.5098183 0.5698889
vt 0.5085022 0.5749378
vt 0.5056644 0.5530744
vt 0.5113389 0.5912944
vt 0.5150411 0.5994111
vt 0.5187989 0.6224556
vt 0.5147583 0.6069483
vt 0.5223356 0.6276733
vt 0.5266422 0.6487678
vt 0.5316489 0.6578133
vt 0.5617461 0.7460356
vt 0.5583494 0.7414644
vt 0.5408694 0.6914367
vt 0.5695433 0.7779656
vt 0.5716328 0.7780344
vt 0.5785378 0.8224294
vt 0.5813522 0.8252339
vt 0.5859656 0.8545989
vt 0.5909144 0.8738939
vt 0.5944856 0.8860283
vt 0.5006028 0.5077711
vt 0.4953789 0.5274717
vt 0.5006478 0.5282867
vt 0.4983639 0.5001639
vt 0.4925356 0.5076739
vt 0.5035122 0.5001656
vt 0.5055283 0.5434911
vt 0.5043322 0.5286733
vt 0.4940989 0.5427678
vt 0.4987106 0.5432456
vt 0.3193250 0.5206033
vt 0.3183822 0.5720878
vt 0.3255556 0.5525761
vt 0.3252989 0.5223106
vt 0.3228594 0.5001644
vt 0.3180206 0.5001650
vt 0.3292311 0.5771539
vt 0.3304467 0.5586400
vt 0.3304478 0.5400289
vt 0.3227156 0.5778017
vt 0.7170472 0.5001650
vt 0.7179389 0.5083372
vt 0.7137311 0.5082228
vt 0.7167217 0.5303161
vt 0.7126039 0.5305083
vt 0.7072811 0.5464183
vt 0.7090750 0.5085000
vt 0.7115400 0.5001650
vt 0.7090722 0.5514439
vt 0.7117950 0.5522478
vt 0.7150706 0.5505817
vt 0.6753439 0.5404833
vt 0.6691261 0.5001650
vt 0.6699183 0.5302733
vt 0.6791133 0.5493939
vt 0.6767633 0.5001650
vt 0.6743878 0.5669161
vt 0.6692122 0.5550139
vt 0.6419728 0.5322850
vt 0.6408761 0.5116217
vt 0.6540922 0.5106594
vt 0.6403567 0.5551894
vt 0.6371367 0.5343117
vt 0.6487594 0.5546783
vt 0.6501511 0.5340689
vt 0.3204667 0.5247661
vt 0.3213689 0.5060606
vt 0.3262489 0.5248006
vt 0.3341578 0.5063894
vt 0.3323178 0.5245128
vt 0.3291150 0.5001650
vt 0.3132028 0.5062639
vt 0.3167983 0.5001650
vt 0.3080333 0.5061906
vt 0.3111717 0.5001650
vt 0.3161967 0.5348444
vt 0.3111589 0.5349744
vt 0.3225444 0.5456106
vt 0.3311283 0.5461294
vt 0.5528578 0.5001644
vt 0.5543633 0.5211239
vt 0.5482706 0.5212078
vt 0.5484828 0.5650672
vt 0.5421906 0.5217544
vt 0.5392522 0.5001644
vt 0.5450089 0.5001650
vt 0.5546728 0.5522083
vt 0.6066617 0.5250933
vt 0.6104350 0.5001644
vt 0.6047894 0.5001650
vt 0.6073961 0.5484256
vt 0.6105478 0.5259500
vt 0.6036283 0.5349206
vt 0.6032450 0.5139839
vt 0.5362178 0.5079372
vt 0.5334078 0.5289356
vt 0.5386950 0.5282983
vt 0.5415789 0.5083039
vt 0.5431372 0.5449667
vt 0.5430867 0.5291244
vt 0.5374156 0.5447639
vt 0.5962056 0.5535767
vt 0.5994489 0.5360922
vt 0.5955517 0.5330050
vt 0.5926656 0.5483961
vt 0.5955572 0.5149044
vt 0.5922433 0.5179472
vt 0.5945150 0.5001644
vt 0.6382228 0.5001650
vt 0.6357500 0.5272272
vt 0.6421739 0.5282861
vt 0.6448572 0.5001650
vt 0.6420011 0.5528922
vt 0.6483650 0.5277639
vt 0.6373806 0.5521906
vt 0.6327944 0.5448733
vt 0.4079639 0.5363878
vt 0.4110072 0.5001683
vt 0.4213728 0.5294767
vt 0.4293139 0.5001739
vt 0.4308356 0.5139156
vt 0.3950678 0.5277322
vt 0.3988189 0.5638461
vt 0.5858011 0.5001650
vt 0.5885622 0.5195922
vt 0.5824283 0.5201261
vt 0.5797456 0.5001650
vt 0.5820700 0.5754583
vt 0.5771289 0.5626100
vt 0.5898117 0.5756361
vt 0.5858861 0.5828767
vt 0.6903256 0.5236822
vt 0.6887078 0.5001639
vt 0.6943106 0.5001650
vt 0.6858856 0.5725522
vt 0.6847144 0.5301311
vt 0.7000517 0.5001656
vt 0.3304011 0.5220944
vt 0.3355839 0.5402606
vt 0.3280478 0.5001650
vt 0.3358094 0.5220389
vt 0.3334606 0.5001650
vt 0.3351461 0.5585689
vt 0.3398950 0.5761806
vt 0.3415211 0.5581706
vt 0.3418367 0.5401678
vt 0.3346367 0.5767294
vt 0.5081294 0.5079822
vt 0.5082700 0.5289717
vt 0.5136361 0.5289228
vt 0.5147333 0.5080928
vt 0.5141211 0.5001644
vt 0.5088672 0.5001650
vt 0.5120022 0.5438244
vt 0.6989083 0.5500789
vt 0.6958450 0.5268139
vt 0.7055239 0.5001661
vt 0.7019428 0.5533211
vt 0.7046456 0.5495939
vt 0.6602906 0.5310572
vt 0.6624661 0.5101889
vt 0.5623250 0.5310572
vt 0.5607906 0.5543244
vt 0.5628161 0.5450161
vt 0.5615517 0.5101889
vt 0.5598861 0.5295772
vt 0.5612289 0.5001644
vt 0.5591667 0.5101489
vt 0.6840422 0.5001650
vt 0.6815156 0.5555583
vt 0.6850183 0.5555000
vt 0.6890489 0.5388756
vt 0.6890283 0.5001650
vt 0.6106617 0.5001656
vt 0.6149994 0.5001650
vt 0.6137600 0.5388756
vt 0.2984144 0.5176144
vt 0.2993611 0.5057856
vt 0.3052028 0.5239667
vt 0.3059106 0.5001650
vt 0.4593644 0.5178078
vt 0.4414661 0.5057856
vt 0.4453422 0.5176144
vt 0.2832628 0.5060061
vt 0.2911344 0.5001644
vt 0.4586967 0.5299800
vt 0.4471739 0.5348844
vt 0.4596133 0.5408656
vt 0.3006056 0.5348844
vt 0.3073256 0.5462644
vt 0.4771022 0.5070967
vt 0.4770367 0.5269767
vt 0.4810672 0.5262683
vt 0.4731300 0.5203650
vt 0.4732256 0.5001650
vt 0.4717428 0.5068344
vt 0.4815789 0.5072822
vt 0.4764144 0.5001644
vt 0.4850706 0.5477428
vt 0.4856322 0.5266639
vt 0.5367006 0.5230106
vt 0.5366333 0.5561339
vt 0.5306339 0.5247422
vt 0.5252439 0.5001633
vt 0.5331072 0.5001661
vt 0.5380983 0.5740889
vt 0.5340467 0.5680944
vt 0.5427517 0.5531683
vt 0.5433289 0.5730694
vt 0.5466811 0.5082661
vt 0.5471483 0.5291111
vt 0.5449722 0.5001644
vt 0.5508917 0.5295511
vt 0.5511300 0.5083194
vt 0.5487056 0.5001650
vt 0.5483583 0.5497806
vt 0.6527967 0.5001650
vt 0.6547906 0.5285983
vt 0.6609978 0.5001650
vt 0.6573550 0.5538517
vt 0.6593639 0.5289961
vt 0.6480772 0.5534022
vt 0.6527556 0.5538194
vt 0.5890139 0.5377667
vt 0.5882200 0.5155272
vt 0.5902561 0.5001650
vt 0.5861378 0.5001650
vt 0.5902244 0.5577861
vt 0.5845928 0.5295911
vt 0.5830972 0.5568650
vt 0.5872111 0.5571283
vt 0.5823350 0.5160556
vt 0.3787206 0.5267700
vt 0.3910583 0.5001589
vt 0.3632244 0.5256456
vt 0.3788017 0.5080800
vt 0.3629533 0.5075683
vt 0.3766889 0.5001650
vt 0.3716561 0.5490767
vt 0.3873261 0.5505006
vt 0.5748539 0.5204450
vt 0.5731011 0.5731422
vt 0.5670700 0.5206528
vt 0.5671022 0.5001650
vt 0.5733761 0.5001650
vt 0.3805839 0.5224839
vt 0.3816883 0.5504000
vt 0.3811467 0.5490422
vt 0.5193583 0.5001650
vt 0.5199717 0.5081489
vt 0.5184656 0.5275167
vt 0.5227233 0.5288089
vt 0.5251106 0.5081833
vt 0.5244722 0.5001644
vt 0.5224561 0.5444111
vt 0.5276472 0.5289100
vt 0.5173928 0.5438661
vt 0.6208617 0.5262517
vt 0.6203239 0.5001650
vt 0.6122100 0.5620506
vt 0.6214556 0.5503067
vt 0.6111794 0.5436561
vt 0.3389056 0.5001650
vt 0.3411544 0.5219261
vt 0.3488567 0.5215050
vt 0.3458756 0.5001650
vt 0.3484183 0.5580300
vt 0.3512328 0.5384639
vt 0.3506972 0.5753500
vt 0.3539706 0.5572028
vt 0.4754722 0.5146744
vt 0.4879078 0.5002572
vt 0.4891172 0.5170278
vt 0.4721289 0.5343894
vt 0.4863528 0.5379633
vt 0.4610839 0.5161722
vt 0.4617372 0.5002006
vt 0.4757472 0.5002272
vt 0.6067589 0.5279294
vt 0.6092228 0.5254300
vt 0.6045333 0.5337061
vt 0.6038156 0.5001650
vt 0.6006650 0.5194533
vt 0.6090911 0.5851133
vt 0.6123667 0.5829233
vt 0.6645083 0.5490872
vt 0.6628550 0.5105039
vt 0.6710233 0.5001656
vt 0.6736794 0.5001656
vt 0.6722822 0.5347744
vt 0.6675944 0.5554072
vt 0.4716122 0.5301972
vt 0.5242661 0.5241128
vt 0.5293794 0.5581550
vt 0.3149256 0.5736833
vt 0.3131944 0.5241128
vt 0.5201072 0.5001628
vt 0.4862561 0.5074528
vt 0.4904406 0.5270783
vt 0.4809089 0.5001644
vt 0.4856544 0.5001644
vt 0.4897072 0.5481228
vt 0.7260917 0.5001650
vt 0.7256700 0.5083194
vt 0.7219739 0.5082939
vt 0.7240572 0.5295511
vt 0.7206061 0.5299189
vt 0.7222483 0.5001650
vt 0.7188072 0.5511294
vt 0.5542022 0.5299189
vt 0.5514406 0.5506489
vt 0.5547756 0.5511294
vt 0.6325478 0.5350900
vt 0.6311811 0.5160556
vt 0.6362528 0.5119389
vt 0.6294933 0.5568650
vt 0.6283278 0.5295911
vt 0.6360344 0.5561056
vt 0.6326833 0.5564494
vt 0.6413961 0.5001650
vt 0.6640200 0.5289006
vt 0.6634050 0.5547778
vt 0.3487633 0.5249550
vt 0.3481350 0.5068783
vt 0.3607672 0.5001650
vt 0.3387294 0.5244072
vt 0.3458789 0.5001650
vt 0.3434733 0.5469328
vt 0.3570311 0.5478106
vt 0.5606467 0.5001650
vt 0.5607911 0.5200600
vt 0.5598506 0.5633594
vt 0.4576539 0.5060061
vt 0.4659400 0.5001650
vt 0.4790278 0.5423722
vt 0.5294344 0.5001644
vt 0.5298178 0.5083700
vt 0.5336294 0.5001639
vt 0.5274517 0.5447522
vt 0.5330339 0.5440217
vt 0.6255467 0.5001650
vt 0.6250711 0.5266117
vt 0.6297628 0.5279983
vt 0.6319811 0.5001650
vt 0.6268056 0.5509889
vt 0.4399444 0.5308061
vt 0.4483650 0.5150628
vt 0.4538072 0.5317450
vt 0.4473117 0.5001861
vt 0.4242461 0.5661256
vt 0.5942139 0.5197017
vt 0.5973100 0.5001650
vt 0.5918417 0.5001650
vt 0.5946967 0.5879100
vt 0.6004561 0.5493456
vt 0.5977467 0.5866106
vt 0.6761794 0.5312617
vt 0.6768822 0.5001650
vt 0.6808850 0.5001639
vt 0.6818328 0.5634439
vt 0.6733217 0.5631228
vt 0.4411744 0.5764061
vt 0.4605567 0.5636906
vt 0.4509406 0.5726661
vt 0.4332378 0.5671761
vt 0.4311111 0.5916756
vt 0.4593550 0.5863722
vt 0.4498256 0.5910917
vt 0.6002417 0.6126000
vt 0.5965756 0.6202283
vt 0.5904917 0.5992917
vt 0.6730711 0.5823911
vt 0.6697483 0.5876761
vt 0.3282367 0.5935750
vt 0.3262100 0.6085183
vt 0.3329828 0.6089111
vt 0.3215783 0.5944306
vt 0.3334333 0.5943111
vt 0.3310106 0.6384133
vt 0.3374339 0.6085517
vt 0.3264117 0.6272983
vt 0.5025839 0.5533944
vt 0.4980872 0.5625567
vt 0.5032928 0.5629956
vt 0.4961506 0.5529950
vt 0.5075194 0.5537783
vt 0.5024456 0.5724406
vt 0.5082117 0.5634222
vt 0.5031406 0.5825328
vt 0.5088706 0.5730172
vt 0.4963794 0.5719017
vt 0.4970522 0.5819572
vt 0.7125933 0.5703039
vt 0.7083056 0.5705661
vt 0.7054022 0.5704244
vt 0.6702750 0.5905550
vt 0.6766633 0.5794806
vt 0.6687183 0.6384222
vt 0.6699217 0.6503122
vt 0.6791439 0.6058028
vt 0.6654417 0.6354400
vt 0.6401183 0.5758033
vt 0.6484294 0.5709289
vt 0.3231072 0.5635106
vt 0.3284789 0.5643700
vt 0.3342194 0.5645389
vt 0.3173333 0.5552022
vt 0.3126161 0.5555444
vt 0.3231056 0.5819539
vt 0.3157594 0.5678844
vt 0.3284789 0.5819200
vt 0.3341761 0.5822639
vt 0.5495961 0.5867889
vt 0.5564906 0.5997978
vt 0.5507128 0.6008772
vt 0.5553600 0.5807917
vt 0.5442833 0.5880944
vt 0.5522756 0.6150706
vt 0.5456483 0.6023517
vt 0.5543439 0.6303011
vt 0.5474672 0.6166828
vt 0.5584411 0.6209356
vt 0.6116233 0.5776428
vt 0.6086978 0.5637356
vt 0.6083211 0.5872144
vt 0.6080911 0.5764561
vt 0.6083839 0.6049272
vt 0.6118128 0.5883256
vt 0.6049172 0.5864967
vt 0.6051028 0.6039006
vt 0.6045783 0.5758578
vt 0.6039517 0.5645883
vt 0.5357933 0.5553367
vt 0.5407972 0.5602294
vt 0.5420072 0.5792383
vt 0.5451717 0.5605083
vt 0.5367817 0.5695500
vt 0.5971922 0.5873856
vt 0.6004867 0.5750594
vt 0.5967239 0.5746500
vt 0.5941122 0.5856522
vt 0.5965711 0.5646522
vt 0.5935622 0.5742822
vt 0.5931767 0.5636689
vt 0.6387822 0.5696672
vt 0.6355167 0.5859056
vt 0.6419022 0.5769300
vt 0.6330572 0.5633106
vt 0.6409139 0.5977372
vt 0.6472183 0.5877611
vt 0.4156028 0.5654128
vt 0.4064972 0.5759561
vt 0.3972839 0.5912683
vt 0.3869517 0.5685917
vt 0.4225672 0.5934672
vt 0.4138783 0.5936128
vt 0.6915306 0.5743711
vt 0.5868983 0.6150467
vt 0.5790572 0.5883078
vt 0.3446744 0.6079389
vt 0.3394122 0.5925628
vt 0.3500789 0.6070767
vt 0.3461544 0.5914622
vt 0.3507050 0.6214678
vt 0.3388456 0.6263844
vt 0.3451550 0.6449689
vt 0.3486428 0.6503044
vt 0.5127128 0.5541261
vt 0.5133889 0.5638306
vt 0.5180756 0.5544656
vt 0.5140317 0.5734617
vt 0.5197506 0.5645372
vt 0.5146183 0.5836467
vt 0.5192317 0.5738856
vt 0.5094800 0.5831050
vt 0.6975983 0.5906889
vt 0.6953722 0.5883533
vt 0.7025128 0.5987150
vt 0.7001167 0.5958439
vt 0.6830133 0.6015800
vt 0.6154678 0.6000750
vt 0.5642306 0.5804650
vt 0.5625261 0.5965856
vt 0.5649500 0.5971300
vt 0.5634106 0.5612922
vt 0.3069306 0.5643611
vt 0.4494733 0.5503361
vt 0.3034317 0.5827550
vt 0.2993917 0.5641333
vt 0.3116361 0.5778644
vt 0.4812494 0.5519150
vt 0.4778028 0.5601989
vt 0.4841950 0.5614278
vt 0.4745794 0.5511394
vt 0.4865394 0.5716467
vt 0.4885161 0.5617944
vt 0.4791706 0.5696339
vt 0.4784622 0.5801328
vt 0.4832367 0.5806078
vt 0.5392389 0.5890822
vt 0.5408183 0.6032650
vt 0.5341994 0.5911433
vt 0.5306828 0.5736833
vt 0.5428478 0.6175928
vt 0.5360056 0.6053933
vt 0.5454094 0.6328528
vt 0.5405256 0.6249044
vt 0.5498500 0.6321472
vt 0.5496572 0.5658628
vt 0.5532694 0.5661861
vt 0.5502783 0.5801378
vt 0.5464133 0.5788861
vt 0.6477961 0.5706617
vt 0.6534133 0.5762717
vt 0.6530400 0.5930489
vt 0.6598233 0.5721067
vt 0.6507322 0.6201650
vt 0.6590161 0.5893228
vt 0.5883617 0.5768900
vt 0.5909783 0.5783072
vt 0.5837528 0.5731956
vt 0.3715689 0.5671572
vt 0.3571783 0.5662933
vt 0.3668306 0.5871967
vt 0.3894561 0.5875389
vt 0.3782172 0.5809106
vt 0.5747011 0.5959150
vt 0.5681722 0.5912233
vt 0.5645522 0.5633444
vt 0.5692133 0.5643183
vt 0.5760261 0.6168428
vt 0.5823167 0.6160939
vt 0.6008894 0.5730339
vt 0.6036306 0.5528528
vt 0.6001706 0.5490422
vt 0.3810483 0.5730339
vt 0.3806417 0.5913772
vt 0.3804544 0.5859722
vt 0.3791828 0.6038406
vt 0.3815989 0.5718489
vt 0.5229294 0.5552978
vt 0.5266572 0.5646139
vt 0.5296861 0.5537911
vt 0.5265567 0.5741472
vt 0.5196372 0.5842078
vt 0.5255156 0.5837400
vt 0.3533239 0.5917167
vt 0.3559917 0.6073100
vt 0.3592806 0.5913800
vt 0.3566039 0.5749756
vt 0.3589556 0.6227728
vt 0.3603567 0.6070783
vt 0.3650150 0.6386189
vt 0.3634689 0.6225606
vt 0.6193033 0.5739000
vt 0.6195739 0.5888456
vt 0.6240450 0.5785750
vt 0.6211589 0.6007811
vt 0.6240078 0.5896528
vt 0.6118083 0.5997689
vt 0.4831161 0.5716906
vt 0.4698722 0.5720150
vt 0.4822072 0.5919694
vt 0.4695306 0.5919783
vt 0.6057117 0.5939633
vt 0.6083583 0.6142844
vt 0.6021022 0.5931339
vt 0.6125161 0.6097578
vt 0.6634661 0.5688228
vt 0.6587444 0.5554389
vt 0.5291889 0.6171961
vt 0.5324867 0.6355767
vt 0.5341300 0.6167539
vt 0.6644344 0.5983128
vt 0.6579178 0.5727956
vt 0.6670161 0.5911661
vt 0.4649850 0.5505211
vt 0.4536806 0.5641333
vt 0.4660372 0.5598744
vt 0.4713972 0.5412300
vt 0.4670511 0.5691150
vt 0.3167078 0.6053933
vt 0.3216900 0.6062483
vt 0.3148961 0.5911433
vt 0.3237178 0.6207539
vt 0.3199356 0.6196539
vt 0.3222428 0.6348133
vt 0.4932644 0.5621556
vt 0.4909644 0.5818978
vt 0.4916139 0.5714606
vt 0.7200267 0.5661861
vt 0.7162778 0.5722083
vt 0.7192783 0.5786583
vt 0.7173072 0.5958211
vt 0.6638350 0.5828033
vt 0.6620072 0.6189139
vt 0.6675211 0.5820478
vt 0.6566239 0.6174800
vt 0.6346361 0.5725661
vt 0.6318406 0.5832261
vt 0.6294000 0.5731956
vt 0.6361822 0.5830217
vt 0.3437672 0.5650783
vt 0.3401728 0.5824711
vt 0.3566222 0.5793994
vt 0.3463928 0.5866250
vt 0.4743972 0.5651828
vt 0.4737800 0.5848722
vt 0.5618839 0.5922289
vt 0.5639406 0.6193189
vt 0.5700217 0.6185533
vt 0.5317089 0.5645906
vt 0.5321828 0.5745689
vt 0.5365578 0.5849800
vt 0.5302078 0.5847461
vt 0.6299067 0.5688994
vt 0.6297956 0.5852872
vt 0.6238722 0.5676811
vt 0.6302556 0.6096733
vt 0.6264517 0.6015928
vt 0.3359350 0.6069850
vt 0.3471817 0.6225617
vt 0.3558883 0.5938617
vt 0.3551622 0.6421528
vt 0.4781494 0.5912744
vt 0.4694372 0.6035267
vt 0.4770444 0.6071044
vt 0.4786333 0.6362150
vt 0.4824261 0.6337900
vt 0.4724189 0.6347417
vt 0.5671289 0.6447256
vt 0.5729194 0.6633628
vt 0.5669506 0.6658467
vt 0.5728222 0.6436328
vt 0.5620989 0.6464428
vt 0.5783183 0.7150822
vt 0.5703544 0.6887722
vt 0.5748383 0.6869267
vt 0.5800289 0.6857883
vt 0.5836333 0.7128117
vt 0.5307517 0.5956467
vt 0.5358589 0.5959533
vt 0.5390494 0.6179972
vt 0.5404922 0.5962300
vt 0.5369250 0.6345411
vt 0.5400450 0.6405039
vt 0.5408600 0.6328228
vt 0.6206811 0.6129122
vt 0.6255217 0.6194389
vt 0.6275272 0.6291261
vt 0.6342578 0.6086083
vt 0.6255311 0.6459511
vt 0.6303350 0.6393894
vt 0.6217861 0.6444150
vt 0.6185828 0.6437650
vt 0.4394367 0.5969456
vt 0.4293678 0.6641939
vt 0.4228033 0.6521556
vt 0.4488122 0.6660261
vt 0.4384633 0.6643511
vt 0.6034572 0.6409839
vt 0.6014611 0.6433639
vt 0.6047322 0.6235878
vt 0.6002011 0.6604511
vt 0.5927939 0.6308672
vt 0.6086006 0.7094456
vt 0.6001428 0.6906044
vt 0.6127694 0.6913383
vt 0.6117422 0.7009561
vt 0.6746306 0.6074083
vt 0.6774211 0.6292222
vt 0.6763378 0.6602422
vt 0.6710544 0.6213339
vt 0.6818583 0.6054039
vt 0.3354306 0.6545144
vt 0.3418572 0.6418139
vt 0.3408100 0.6739272
vt 0.3509211 0.6989800
vt 0.3522444 0.6624650
vt 0.3433806 0.6955983
vt 0.3486189 0.7209411
vt 0.3561656 0.7235344
vt 0.5052494 0.5938606
vt 0.5003289 0.5960017
vt 0.5062133 0.6156911
vt 0.5100989 0.5960261
vt 0.5075078 0.6416711
vt 0.5121939 0.6165339
vt 0.5020339 0.6384361
vt 0.7096511 0.6044050
vt 0.7078111 0.6067700
vt 0.7075711 0.6272244
vt 0.7049561 0.6055783
vt 0.7040206 0.6227639
vt 0.7115483 0.6267778
vt 0.6629800 0.6776056
vt 0.6599139 0.7096572
vt 0.6679550 0.6786300
vt 0.6600233 0.6724117
vt 0.6402861 0.6109578
vt 0.6545178 0.6495072
vt 0.6441094 0.6336317
vt 0.6442628 0.6498317
vt 0.3274706 0.6072067
vt 0.3221994 0.6072772
vt 0.3180083 0.5821011
vt 0.3171906 0.6071444
vt 0.3130083 0.5940178
vt 0.3228733 0.6308383
vt 0.3142589 0.6449389
vt 0.3114250 0.6229878
vt 0.3299439 0.6448111
vt 0.5570033 0.6472594
vt 0.5606739 0.6668067
vt 0.5528000 0.6492444
vt 0.5657256 0.6895522
vt 0.5567000 0.6688028
vt 0.5725661 0.7161000
vt 0.5619394 0.6914800
vt 0.6077750 0.6237483
vt 0.6115561 0.6117239
vt 0.6067378 0.6392650
vt 0.6109439 0.6251367
vt 0.6044778 0.6645744
vt 0.6097794 0.6408744
vt 0.6036889 0.6382861
vt 0.6021689 0.6566539
vt 0.6045856 0.6227561
vt 0.5451606 0.5963978
vt 0.5433594 0.6096267
vt 0.5476022 0.6095761
vt 0.5492756 0.5969467
vt 0.5445217 0.6291378
vt 0.5432100 0.6406406
vt 0.5970139 0.6282906
vt 0.6010861 0.6037950
vt 0.5924717 0.6537594
vt 0.5954278 0.6548872
vt 0.5950372 0.6269167
vt 0.6349450 0.6230117
vt 0.6390011 0.6235128
vt 0.6456233 0.6123589
vt 0.6356050 0.6521983
vt 0.6410783 0.6430967
vt 0.6317122 0.6498389
vt 0.4043706 0.6033133
vt 0.3940328 0.6499322
vt 0.3795550 0.6475450
vt 0.6863722 0.6082639
vt 0.6810683 0.5847522
vt 0.6861239 0.5889733
vt 0.6850567 0.6282967
vt 0.5886972 0.6505744
vt 0.5933122 0.6816133
vt 0.5838506 0.6603194
vt 0.5985722 0.7078550
vt 0.5862550 0.6838844
vt 0.3574272 0.6757739
vt 0.3578850 0.6612839
vt 0.3586428 0.6367467
vt 0.3645589 0.7203433
vt 0.5149889 0.5951439
vt 0.5182900 0.6216211
vt 0.5183889 0.5981294
vt 0.5122889 0.6411239
vt 0.5184933 0.6393856
vt 0.7020211 0.6252944
vt 0.6987394 0.6271778
vt 0.6911922 0.5941550
vt 0.6987406 0.6691183
vt 0.6745383 0.6424683
vt 0.6750917 0.6560656
vt 0.6854633 0.6000750
vt 0.6202656 0.6580906
vt 0.6687106 0.6926206
vt 0.6779439 0.6580906
vt 0.6282678 0.7120650
vt 0.6180761 0.6596694
vt 0.6604567 0.6236989
vt 0.6491494 0.5817056
vt 0.6585072 0.5971300
vt 0.6635706 0.6495867
vt 0.6545167 0.6260711
vt 0.5657578 0.6236989
vt 0.5635528 0.6566350
vt 0.5659344 0.6495867
vt 0.5631339 0.6152622
vt 0.3086172 0.5940289
vt 0.3033028 0.6013489
vt 0.4527461 0.6013489
vt 0.4656428 0.5902733
vt 0.4516761 0.5827550
vt 0.4515439 0.6318489
vt 0.4571528 0.6158861
vt 0.4503400 0.6157500
vt 0.3060600 0.6157500
vt 0.3048022 0.6318489
vt 0.4813828 0.5955939
vt 0.4862211 0.5951033
vt 0.4866878 0.6366178
vt 0.4898494 0.6086694
vt 0.4845094 0.6087539
vt 0.5485889 0.6500017
vt 0.5526939 0.6696106
vt 0.3217233 0.6696106
vt 0.3238361 0.6521617
vt 0.3184428 0.6500017
vt 0.3179889 0.6249044
vt 0.3157856 0.6328528
vt 0.3257117 0.6921900
vt 0.3271350 0.6714933
vt 0.3327333 0.7190478
vt 0.3312283 0.6938933
vt 0.5581094 0.6921900
vt 0.3277500 0.7180422
vt 0.5532933 0.5970500
vt 0.5528161 0.6093767
vt 0.5566306 0.5958211
vt 0.5541400 0.5786583
vt 0.5539750 0.6219817
vt 0.5574556 0.6249294
vt 0.5563256 0.6151589
vt 0.5551550 0.6479439
vt 0.5510394 0.6418611
vt 0.5513633 0.6239878
vt 0.5484500 0.6258178
vt 0.6450283 0.6451544
vt 0.6490800 0.6446050
vt 0.5887894 0.6091067
vt 0.5917200 0.6109250
vt 0.5898194 0.6525039
vt 0.5858950 0.6517894
vt 0.5852200 0.6197333
vt 0.5861622 0.5839039
vt 0.3775639 0.5967100
vt 0.3681450 0.6463350
vt 0.3618750 0.6445322
vt 0.5797683 0.6418106
vt 0.5783800 0.6623889
vt 0.5885111 0.7117133
vt 0.5934628 0.7098111
vt 0.3776067 0.6218944
vt 0.3765400 0.6372228
vt 0.3760200 0.6371950
vt 0.3739828 0.6586217
vt 0.3738389 0.6555728
vt 0.3787978 0.6149733
vt 0.5248011 0.5946811
vt 0.5240400 0.6169028
vt 0.3676800 0.6547483
vt 0.3756467 0.6998100
vt 0.3735811 0.6731633
vt 0.3671144 0.6839583
vt 0.3728672 0.7201378
vt 0.6199094 0.6264428
vt 0.4738261 0.6548311
vt 0.4599100 0.6667517
vt 0.6152622 0.6644733
vt 0.6140000 0.6845644
vt 0.6224828 0.7092978
vt 0.6254767 0.7090217
vt 0.6661828 0.6231400
vt 0.6590561 0.5997128
vt 0.6705044 0.6509533
vt 0.4639417 0.5786206
vt 0.4711756 0.6180606
vt 0.4602544 0.6319206
vt 0.3301139 0.6539622
vt 0.3335611 0.6730278
vt 0.3377522 0.6950256
vt 0.3428883 0.7205094
vt 0.3375539 0.7197250
vt 0.4937928 0.5926489
vt 0.4950806 0.6133194
vt 0.4953700 0.6376622
vt 0.5006678 0.6215061
vt 0.4906700 0.6372144
vt 0.7136233 0.5964011
vt 0.7187417 0.6151589
vt 0.7158811 0.6123983
vt 0.7153044 0.6256539
vt 0.7125228 0.6108506
vt 0.7190783 0.6628794
vt 0.5467506 0.6394639
vt 0.7217817 0.6548528
vt 0.6528756 0.6490900
vt 0.6579589 0.6507450
vt 0.6495706 0.7059528
vt 0.6321578 0.6197333
vt 0.6278300 0.5839039
vt 0.6396522 0.6493433
vt 0.6358378 0.6106661
vt 0.4575194 0.6507861
vt 0.4712939 0.6540306
vt 0.4770750 0.7234928
vt 0.4824122 0.7009383
vt 0.4697856 0.6983617
vt 0.4658900 0.7214017
vt 0.3425389 0.7496811
vt 0.3489733 0.7494978
vt 0.3493517 0.7801917
vt 0.3531044 0.7809783
vt 0.3587000 0.7805156
vt 0.3548556 0.7502389
vt 0.3595778 0.8117789
vt 0.3704561 0.8469178
vt 0.3640889 0.8120311
vt 0.3733206 0.8495639
vt 0.3678878 0.8119372
vt 0.3560378 0.8120050
vt 0.3674167 0.8436644
vt 0.3617100 0.8376450
vt 0.4990478 0.6567356
vt 0.4952983 0.6802183
vt 0.5012544 0.6806478
vt 0.3182383 0.7879478
vt 0.3145606 0.7595383
vt 0.3235139 0.7564711
vt 0.4894950 0.6576728
vt 0.4938400 0.6576928
vt 0.4997944 0.7284983
vt 0.5064528 0.7049017
vt 0.5001272 0.7041089
vt 0.4957189 0.7042839
vt 0.4942422 0.7273794
vt 0.7197183 0.6865250
vt 0.7157322 0.6645767
vt 0.7316933 0.7276206
vt 0.7238689 0.6853017
vt 0.5608878 0.6853017
vt 0.5607033 0.7081156
vt 0.5626606 0.7276206
vt 0.5592200 0.7346306
vt 0.6381361 0.7372328
vt 0.6453861 0.7412344
vt 0.6383311 0.7712311
vt 0.6481589 0.7440600
vt 0.6332767 0.8003850
vt 0.6436244 0.7768183
vt 0.6326517 0.7676622
vt 0.6283711 0.7967711
vt 0.6390067 0.6748083
vt 0.6370833 0.6516344
vt 0.6339356 0.6517894
vt 0.6545867 0.7541061
vt 0.6444517 0.7264644
vt 0.6482417 0.7266150
vt 0.6411856 0.6989794
vt 0.6533056 0.7235328
vt 0.6595856 0.7515772
vt 0.6469978 0.6969239
vt 0.6446628 0.6719200
vt 0.3443178 0.6492183
vt 0.3514161 0.6692528
vt 0.3418606 0.6693039
vt 0.3357794 0.6458694
vt 0.3325011 0.6693956
vt 0.3305267 0.6903706
vt 0.3239256 0.6697044
vt 0.3257461 0.7127678
vt 0.3194211 0.6916144
vt 0.3451428 0.6901828
vt 0.3358339 0.7114794
vt 0.4822022 0.6778789
vt 0.4750861 0.6703506
vt 0.4722372 0.6753011
vt 0.4813656 0.6563911
vt 0.4862106 0.6785722
vt 0.4843756 0.6643683
vt 0.4853900 0.7258211
vt 0.4881417 0.7023361
vt 0.4818689 0.7248528
vt 0.5871650 0.7458300
vt 0.6032744 0.7794617
vt 0.5977328 0.7764561
vt 0.5936567 0.7440711
vt 0.6109022 0.8094144
vt 0.6156883 0.8346044
vt 0.6061889 0.8103128
vt 0.6039467 0.8112439
vt 0.6140078 0.8087994
vt 0.6209617 0.8346233
vt 0.5321678 0.6612922
vt 0.5389328 0.6565589
vt 0.5324428 0.6815356
vt 0.5371667 0.6813083
vt 0.5417928 0.6817678
vt 0.5389422 0.7049483
vt 0.5425422 0.7301756
vt 0.5448167 0.7058306
vt 0.5325922 0.7040328
vt 0.5328039 0.7292478
vt 0.5377511 0.7294567
vt 0.6159472 0.7204500
vt 0.6051039 0.7805500
vt 0.6134706 0.7540100
vt 0.6090600 0.7500872
vt 0.6202656 0.7242972
vt 0.6113472 0.7175556
vt 0.6052617 0.7458578
vt 0.6016411 0.7762544
vt 0.4167106 0.6709056
vt 0.4104378 0.6520872
vt 0.4290906 0.6902367
vt 0.4155400 0.7107522
vt 0.4122756 0.6902756
vt 0.4446467 0.6912228
vt 0.4294528 0.7108089
vt 0.4407000 0.7111267
vt 0.6297989 0.7801483
vt 0.6274711 0.7843578
vt 0.6307956 0.7752061
vt 0.6072150 0.7168183
vt 0.6374811 0.8277511
vt 0.6252383 0.7869372
vt 0.6802972 0.6666428
vt 0.6963611 0.7153556
vt 0.6950622 0.7409372
vt 0.6864750 0.7140717
vt 0.6920556 0.6910967
vt 0.6810206 0.6889156
vt 0.6892311 0.6722722
vt 0.3622283 0.7508561
vt 0.3645550 0.7806361
vt 0.3778244 0.8180622
vt 0.3720417 0.7799028
vt 0.3822683 0.8381567
vt 0.3847206 0.8342111
vt 0.3759817 0.8368011
vt 0.3790817 0.8374211
vt 0.3729772 0.8363006
vt 0.5041511 0.6570428
vt 0.5071389 0.6808306
vt 0.5134800 0.6589394
vt 0.5115128 0.6810894
vt 0.5066261 0.7282967
vt 0.5139056 0.7047806
vt 0.7119133 0.6655250
vt 0.7160139 0.6871189
vt 0.7120511 0.6880767
vt 0.7081889 0.6677394
vt 0.7200489 0.7149539
vt 0.7217872 0.7389239
vt 0.7158189 0.7138022
vt 0.7261506 0.7255561
vt 0.7263056 0.7417700
vt 0.6551067 0.7154028
vt 0.6525756 0.7470022
vt 0.6555567 0.7446289
vt 0.6408311 0.8076967
vt 0.6483483 0.7807033
vt 0.6363639 0.8031217
vt 0.6507706 0.6963389
vt 0.6484128 0.6712044
vt 0.6683700 0.7443633
vt 0.6611928 0.7166528
vt 0.6591983 0.6935872
vt 0.6577944 0.6732011
vt 0.3209983 0.6493900
vt 0.3128756 0.6700817
vt 0.3065939 0.6503194
vt 0.3087411 0.6923450
vt 0.3039878 0.6713528
vt 0.3029689 0.7138422
vt 0.2959317 0.7182572
vt 0.3011544 0.6997094
vt 0.3144656 0.7147128
vt 0.3064500 0.7168450
vt 0.5815583 0.7467722
vt 0.5896417 0.7792450
vt 0.5778750 0.7483256
vt 0.5678194 0.7180422
vt 0.5960139 0.8116672
vt 0.5859867 0.7801150
vt 0.5998533 0.8111622
vt 0.6067950 0.8350128
vt 0.6113961 0.8347206
vt 0.5993772 0.7082178
vt 0.6076361 0.6645333
vt 0.5979228 0.7400244
vt 0.6019361 0.7107228
vt 0.5950694 0.7361911
vt 0.5915411 0.7657678
vt 0.5946422 0.7699694
vt 0.5965361 0.7062461
vt 0.5475172 0.6824583
vt 0.5492778 0.7065994
vt 0.5531606 0.6833033
vt 0.5516722 0.7319617
vt 0.5530083 0.7078239
vt 0.5471572 0.7308206
vt 0.5854822 0.7610361
vt 0.5905506 0.7339183
vt 0.5879550 0.7315056
vt 0.5907244 0.7028822
vt 0.5855233 0.7299267
vt 0.5831039 0.7591717
vt 0.5933283 0.6774394
vt 0.5880900 0.7018956
vt 0.5906050 0.6758378
vt 0.6291178 0.6985844
vt 0.6249522 0.7274133
vt 0.6244472 0.6937122
vt 0.6346456 0.6990650
vt 0.6142283 0.7896772
vt 0.6228728 0.7604728
vt 0.6182839 0.7574061
vt 0.6310478 0.7321261
vt 0.6093978 0.7850717
vt 0.3995950 0.6702350
vt 0.3875411 0.6697650
vt 0.3954561 0.6899272
vt 0.3823606 0.7108106
vt 0.3794594 0.6901083
vt 0.3767994 0.6694006
vt 0.3985011 0.7103378
vt 0.6968172 0.6875900
vt 0.7006006 0.7135822
vt 0.7027150 0.7410706
vt 0.7038067 0.6912117
vt 0.7060550 0.7137922
vt 0.7070678 0.7400728
vt 0.6081261 0.7357578
vt 0.6163283 0.7769344
vt 0.6039028 0.7396494
vt 0.6239433 0.8054778
vt 0.6108489 0.7729422
vt 0.6316972 0.8318533
vt 0.6211544 0.8066678
vt 0.6268617 0.8026822
vt 0.6343200 0.8305117
vt 0.3752972 0.7404222
vt 0.3819711 0.7803333
vt 0.3890389 0.8257478
vt 0.3873561 0.7788356
vt 0.4016856 0.8635567
vt 0.3926861 0.8176772
vt 0.3850578 0.8199989
vt 0.5162378 0.6814328
vt 0.5207372 0.6592761
vt 0.5199239 0.7047944
vt 0.5214239 0.6812850
vt 0.5224189 0.7290344
vt 0.5248922 0.7047967
vt 0.5117683 0.7289700
vt 0.5177111 0.7287656
vt 0.7048506 0.6725244
vt 0.7111811 0.7128033
vt 0.7123600 0.7396706
vt 0.7174111 0.7393411
vt 0.6636556 0.7202172
vt 0.6581761 0.7502333
vt 0.6685289 0.7120650
vt 0.6358606 0.7580178
vt 0.6520467 0.7817561
vt 0.6608589 0.7580178
vt 0.6464289 0.8147717
vt 0.6548744 0.7878961
vt 0.5629489 0.6918389
vt 0.5643717 0.7308378
vt 0.5653939 0.6911378
vt 0.5657378 0.6718306
vt 0.2982478 0.6507861
vt 0.2981756 0.6726894
vt 0.4600600 0.7192867
vt 0.4627006 0.6964400
vt 0.4552667 0.6948167
vt 0.4566133 0.6726894
vt 0.4613972 0.6851628
vt 0.4638444 0.6750772
vt 0.2968122 0.6948167
vt 0.4658422 0.7333639
vt 0.4827906 0.7344833
vt 0.4815500 0.7547894
vt 0.4915611 0.6800800
vt 0.4893139 0.7266850
vt 0.3365989 0.7482394
vt 0.3415433 0.7801150
vt 0.3460822 0.7818278
vt 0.3328444 0.7483256
vt 0.3524189 0.8118372
vt 0.3479206 0.8116672
vt 0.3556161 0.8348011
vt 0.5566506 0.6843089
vt 0.5589317 0.6548528
vt 0.5573450 0.7079639
vt 0.5552378 0.7329472
vt 0.6386389 0.7062906
vt 0.6442833 0.7030400
vt 0.6280167 0.7639956
vt 0.6248139 0.7945600
vt 0.6181039 0.7913772
vt 0.5836472 0.7001578
vt 0.5883211 0.6756056
vt 0.5859422 0.6736317
vt 0.5860228 0.7010844
vt 0.6411617 0.7294517
vt 0.6347944 0.7010844
vt 0.6370617 0.7001578
vt 0.5829733 0.7294517
vt 0.5806339 0.7578656
vt 0.6508967 0.7556194
vt 0.6476106 0.7578656
vt 0.6345694 0.6736317
vt 0.3606789 0.6694867
vt 0.3526039 0.7115000
vt 0.3649456 0.6899956
vt 0.3671750 0.7109783
vt 0.5990744 0.7420683
vt 0.6057578 0.7732133
vt 0.6183772 0.8085389
vt 0.6237456 0.8338428
vt 0.5909083 0.7341911
vt 0.5938894 0.7046033
vt 0.3690722 0.7046033
vt 0.3638072 0.7333806
vt 0.3631528 0.7341911
vt 0.3571800 0.7629344
vt 0.3564806 0.7637650
vt 0.3715594 0.6778878
vt 0.3696106 0.7044806
vt 0.5260883 0.6593883
vt 0.5265394 0.6814522
vt 0.5233033 0.6384772
vt 0.5274317 0.6371750
vt 0.5272939 0.7291961
vt 0.3869161 0.7487122
vt 0.3955194 0.7792661
vt 0.3817944 0.7119261
vt 0.3920628 0.7453033
vt 0.3920939 0.7315494
vt 0.4025822 0.8077544
vt 0.4013456 0.7777733
vt 0.4129844 0.8495194
vt 0.3969739 0.8132483
vt 0.6082961 0.7149517
vt 0.4785539 0.6742706
vt 0.5000000 0.6763150
vt 0.4607944 0.6926983
vt 0.4563400 0.7124906
vt 0.6342861 0.7678472
vt 0.6278744 0.7532939
vt 0.6380561 0.7927878
vt 0.6447789 0.8214444
vt 0.6591294 0.7927878
vt 0.6507967 0.8183978
vt 0.6535128 0.8214444
vt 0.6746606 0.6818878
vt 0.6809139 0.7164217
vt 0.6693883 0.6729306
vt 0.6907350 0.7413156
vt 0.5298944 0.7519667
vt 0.5196022 0.7775417
vt 0.5261678 0.7758694
vt 0.5207856 0.7527211
vt 0.5309194 0.7769956
vt 0.5269528 0.8009750
vt 0.5302044 0.8248100
vt 0.5319489 0.8012078
vt 0.5214289 0.8002339
vt 0.5159144 0.8236844
vt 0.5239344 0.8261144
vt 0.4124656 0.8673072
vt 0.4080428 0.8903717
vt 0.4147022 0.8918628
vt 0.4174578 0.8993961
vt 0.4244022 0.9006444
vt 0.4117294 0.8981122
vt 0.5940461 0.7993733
vt 0.5948700 0.8015161
vt 0.5919700 0.7967022
vt 0.5928778 0.8349456
vt 0.5989133 0.8048461
vt 0.5924444 0.8625794
vt 0.5948128 0.8484233
vt 0.5938567 0.8402167
vt 0.5972344 0.8282039
vt 0.5878967 0.8435839
vt 0.3248150 0.8402167
vt 0.3137544 0.8657106
vt 0.3141450 0.8625794
vt 0.5874333 0.8553156
vt 0.5914228 0.8657106
vt 0.4468322 0.7526878
vt 0.4284239 0.7730189
vt 0.4322061 0.7515317
vt 0.4838656 0.7147561
vt 0.4393128 0.7319533
vt 0.4467067 0.7741483
vt 0.4156461 0.7738994
vt 0.4298722 0.7962233
vt 0.4121350 0.7951422
vt 0.4804122 0.7758622
vt 0.4794789 0.7980500
vt 0.6539417 0.8405406
vt 0.6502889 0.8428261
vt 0.6542433 0.8578833
vt 0.6586917 0.8587633
vt 0.6416994 0.8224994
vt 0.6619261 0.8705933
vt 0.7039311 0.8124044
vt 0.6971672 0.7690550
vt 0.7041450 0.7939089
vt 0.6918856 0.7708722
vt 0.4764883 0.7462644
vt 0.4646111 0.7676967
vt 0.4750239 0.7688683
vt 0.4655844 0.7449728
vt 0.4638489 0.8169489
vt 0.4693206 0.8092806
vt 0.4662056 0.7917150
vt 0.4573200 0.8110917
vt 0.3713244 0.8663161
vt 0.3788500 0.8711967
vt 0.3799889 0.8680661
vt 0.3816317 0.8809617
vt 0.3848567 0.8885411
vt 0.3860756 0.8823506
vt 0.3752128 0.8778978
vt 0.6087194 0.8809617
vt 0.6151506 0.8861772
vt 0.6131550 0.8873394
vt 0.6127522 0.8778978
vt 0.6172078 0.8850706
vt 0.5013639 0.7518000
vt 0.4920889 0.7736811
vt 0.5000544 0.7748850
vt 0.4926244 0.7502933
vt 0.4939694 0.8239872
vt 0.4989750 0.7982578
vt 0.4923711 0.8000917
vt 0.4895756 0.7984306
vt 0.4896772 0.8175628
vt 0.5618489 0.7601400
vt 0.5565256 0.7823678
vt 0.5607594 0.7843644
vt 0.5586922 0.7586989
vt 0.7478422 0.7843644
vt 0.7355811 0.7538267
vt 0.7404539 0.7601400
vt 0.7538161 0.8077128
vt 0.7436472 0.7835006
vt 0.7589056 0.8303422
vt 0.7506256 0.8094939
vt 0.7570122 0.8067328
vt 0.7624789 0.8290922
vt 0.6290533 0.8281217
vt 0.6221411 0.8498144
vt 0.6245472 0.8497539
vt 0.6237072 0.8244211
vt 0.6279544 0.8533378
vt 0.6319350 0.8297211
vt 0.6240711 0.8714217
vt 0.6832756 0.8687889
vt 0.6907222 0.8857239
vt 0.6814650 0.8714217
vt 0.6216428 0.8687889
vt 0.6189450 0.8699522
vt 0.6176694 0.8864778
vt 0.6742217 0.8204883
vt 0.6579317 0.7827422
vt 0.6616328 0.7810794
vt 0.6796822 0.8475406
vt 0.6699939 0.8201578
vt 0.6780283 0.8192050
vt 0.6847783 0.8471050
vt 0.6666278 0.7783583
vt 0.3343422 0.7335111
vt 0.3237239 0.7350639
vt 0.3342461 0.7554372
vt 0.3014456 0.8238056
vt 0.3024783 0.7825422
vt 0.3021594 0.7613994
vt 0.3291606 0.7679778
vt 0.4810883 0.7483167
vt 0.4797339 0.7714422
vt 0.4847783 0.7493056
vt 0.4786711 0.8014683
vt 0.4834694 0.7728211
vt 0.4759978 0.8426461
vt 0.4822533 0.8003944
vt 0.4745833 0.7983383
vt 0.6290406 0.8517861
vt 0.6360072 0.8620044
vt 0.6332972 0.8649256
vt 0.6251228 0.8605861
vt 0.6247272 0.8513111
vt 0.6189978 0.8492756
vt 0.6369733 0.8717856
vt 0.6415828 0.8732339
vt 0.6454228 0.8781144
vt 0.5345828 0.7533717
vt 0.5405683 0.7540100
vt 0.5358594 0.7780339
vt 0.5370156 0.8016167
vt 0.5408000 0.7780528
vt 0.5400261 0.8250539
vt 0.5418528 0.8023644
vt 0.5351500 0.8245561
vt 0.6013617 0.8075600
vt 0.6042383 0.8109150
vt 0.5995828 0.8309128
vt 0.6032856 0.8370172
vt 0.6080700 0.8169228
vt 0.5977828 0.8512239
vt 0.5986533 0.8690494
vt 0.6005106 0.8548550
vt 0.6022106 0.8578433
vt 0.5949878 0.8647756
vt 0.4145556 0.7308572
vt 0.4199200 0.7515033
vt 0.4095689 0.7514589
vt 0.4246456 0.7308794
vt 0.4024856 0.7311339
vt 0.4003411 0.7727250
vt 0.3975111 0.7518122
vt 0.6507606 0.8576000
vt 0.6468606 0.8442517
vt 0.6591983 0.8787406
vt 0.6468494 0.8566283
vt 0.6622417 0.8793567
vt 0.7010422 0.7677183
vt 0.7081178 0.7931522
vt 0.7122078 0.8208389
vt 0.7160550 0.7919711
vt 0.7169072 0.8220183
vt 0.7093061 0.7678756
vt 0.3812183 0.8548856
vt 0.3846139 0.8706289
vt 0.3881450 0.8686894
vt 0.3933983 0.8859189
vt 0.3973756 0.8864100
vt 0.3984000 0.8940033
vt 0.3877350 0.8897661
vt 0.3920556 0.8915461
vt 0.5065289 0.7523600
vt 0.5050639 0.7756250
vt 0.5120561 0.7522061
vt 0.5031150 0.7990300
vt 0.5112000 0.7750656
vt 0.5009189 0.8226489
vt 0.5083589 0.7992772
vt 0.4977922 0.8219044
vt 0.7429200 0.7937622
vt 0.7295700 0.7684094
vt 0.7428167 0.8019917
vt 0.7592711 0.8415006
vt 0.7579594 0.8498217
vt 0.6365539 0.8338039
vt 0.6306239 0.8529628
vt 0.6344994 0.8561467
vt 0.6401078 0.8369606
vt 0.6304100 0.8717489
vt 0.6777122 0.8721922
vt 0.6793200 0.8838800
vt 0.6738450 0.8717489
vt 0.6273028 0.8721922
vt 0.6845761 0.8847661
vt 0.6816639 0.8177950
vt 0.6951667 0.8658567
vt 0.6888928 0.8182594
vt 0.6765650 0.7731900
vt 0.2974883 0.7400261
vt 0.2919183 0.7635083
vt 0.2893633 0.7406461
vt 0.2780939 0.8087561
vt 0.2830028 0.7640411
vt 0.2910722 0.7888000
vt 0.6237383 0.8735539
vt 0.6175511 0.8616056
vt 0.6335850 0.8792883
vt 0.5863922 0.8374278
vt 0.5852656 0.8543956
vt 0.5890306 0.7933489
vt 0.5852139 0.8330933
vt 0.5467017 0.7553533
vt 0.5453456 0.7795583
vt 0.5508433 0.7564494
vt 0.5463506 0.8033522
vt 0.5507294 0.7806928
vt 0.5490233 0.8263511
vt 0.5507489 0.8044094
vt 0.5447506 0.8256956
vt 0.5796472 0.8497922
vt 0.5831772 0.8307094
vt 0.5812478 0.8182311
vt 0.5771017 0.8503994
vt 0.5833822 0.7883856
vt 0.5788422 0.8215522
vt 0.5811206 0.7864100
vt 0.6109150 0.8217283
vt 0.6060678 0.8428794
vt 0.6077489 0.8516572
vt 0.6103678 0.8492606
vt 0.6136472 0.8479156
vt 0.6136633 0.8198878
vt 0.6108289 0.8690506
vt 0.6070783 0.8727333
vt 0.6074494 0.8893928
vt 0.6051161 0.8681378
vt 0.6029994 0.8774222
vt 0.6055789 0.8763694
vt 0.6060422 0.8898417
vt 0.6021339 0.8911806
vt 0.6038694 0.8615211
vt 0.6006906 0.8711561
vt 0.3850272 0.7310244
vt 0.3799194 0.7520244
vt 0.3732306 0.7316122
vt 0.3642911 0.7532906
vt 0.3618700 0.7320011
vt 0.3666761 0.7730233
vt 0.3475444 0.7798461
vt 0.3537017 0.7863994
vt 0.3406167 0.7980878
vt 0.3826917 0.7734894
vt 0.3843894 0.7930694
vt 0.3760878 0.7918456
vt 0.7135161 0.7667072
vt 0.7205672 0.7911417
vt 0.7232400 0.8151194
vt 0.7279994 0.8145833
vt 0.7304589 0.8357661
vt 0.7258517 0.7903700
vt 0.7333761 0.8135872
vt 0.7354650 0.8353283
vt 0.7187622 0.7659383
vt 0.6396539 0.8489572
vt 0.6536317 0.8780772
vt 0.6552111 0.8782044
vt 0.6467511 0.8702356
vt 0.6360394 0.8494089
vt 0.6518989 0.8779722
vt 0.3943194 0.8600950
vt 0.4020428 0.8888983
vt 0.3901506 0.8597311
vt 0.4056894 0.8964150
vt 0.5111239 0.8230333
vt 0.5130817 0.7994700
vt 0.5062883 0.8230422
vt 0.7308633 0.7895094
vt 0.7368933 0.7980500
vt 0.7238939 0.7653033
vt 0.7385361 0.8126567
vt 0.7467111 0.8489922
vt 0.7522106 0.8478550
vt 0.6370611 0.8549028
vt 0.6456717 0.8405406
vt 0.6374156 0.8809972
vt 0.6432117 0.8587633
vt 0.6338967 0.8821767
vt 0.6755250 0.8830844
vt 0.6720444 0.8821767
vt 0.6879244 0.7755900
vt 0.6744111 0.7340750
vt 0.6769317 0.7308378
vt 0.7017933 0.8234667
vt 0.6843339 0.7798400
vt 0.7080383 0.8611217
vt 0.6945661 0.8226433
vt 0.5592028 0.7955156
vt 0.5602239 0.8234667
vt 0.5626361 0.7755900
vt 0.5603828 0.7708644
vt 0.5618556 0.7330178
vt 0.2806172 0.7428283
vt 0.2739306 0.7723394
vt 0.2866322 0.7192867
vt 0.4560983 0.7723394
vt 0.4592739 0.7428283
vt 0.2684278 0.8108839
vt 0.2643950 0.8110672
vt 0.4885844 0.7501133
vt 0.4871633 0.7734594
vt 0.4851533 0.7971339
vt 0.4828811 0.8205911
vt 0.6100950 0.8532739
vt 0.6158417 0.8645061
vt 0.6124583 0.8665594
vt 0.3678894 0.8665594
vt 0.3663189 0.8537789
vt 0.3615700 0.8532739
vt 0.3692144 0.8754839
vt 0.6193094 0.8840328
vt 0.6177094 0.8754839
vt 0.6237194 0.8821461
vt 0.6214739 0.8830589
vt 0.6260650 0.8812950
vt 0.5547883 0.7576433
vt 0.5547378 0.8055211
vt 0.5566261 0.8280750
vt 0.5582217 0.8067328
vt 0.5530439 0.8271622
vt 0.6180839 0.8482794
vt 0.6179561 0.8220144
vt 0.6154317 0.8694722
vt 0.6154050 0.8870683
vt 0.6123250 0.8879317
vt 0.6664689 0.8204983
vt 0.6527328 0.7864100
vt 0.6548261 0.7848878
vt 0.5786850 0.7848878
vt 0.5748011 0.8492400
vt 0.5764133 0.8204983
vt 0.6761139 0.8492400
vt 0.3465317 0.7322450
vt 0.3485267 0.7527194
vt 0.3288378 0.8235061
vt 0.3376711 0.7767294
vt 0.6329122 0.8505494
vt 0.6288739 0.8331744
vt 0.6433550 0.8702750
vt 0.6461672 0.8780183
vt 0.6478783 0.8779400
vt 0.3386889 0.8210133
vt 0.3409417 0.8161533
vt 0.3327011 0.8376778
vt 0.3236450 0.8640106
vt 0.3272406 0.8522289
vt 0.3489667 0.7911639
vt 0.3497367 0.7902856
vt 0.5513022 0.8477161
vt 0.5471589 0.8487889
vt 0.5547883 0.8509883
vt 0.5496383 0.8667611
vt 0.5457761 0.8859422
vt 0.5479544 0.9020956
vt 0.5498156 0.8849806
vt 0.5445667 0.8496161
vt 0.5414411 0.8871356
vt 0.5439033 0.9040489
vt 0.3441694 0.8251989
vt 0.3444600 0.8495939
vt 0.3336606 0.8516306
vt 0.3142672 0.8547306
vt 0.3115706 0.8303472
vt 0.3300778 0.8770783
vt 0.3180328 0.8985433
vt 0.3112139 0.8788883
vt 0.3453617 0.8737567
vt 0.3352722 0.8966789
vt 0.5181833 0.8500111
vt 0.5152567 0.8711067
vt 0.5164672 0.8962639
vt 0.5253906 0.8514556
vt 0.5182711 0.9012094
vt 0.5192744 0.9175539
vt 0.5243961 0.8936322
vt 0.5140783 0.9206994
vt 0.5110400 0.8894356
vt 0.5094139 0.9063239
vt 0.3125322 0.8826906
vt 0.3044006 0.8842489
vt 0.5919478 0.8842489
vt 0.3081250 0.8907033
vt 0.3013917 0.8952678
vt 0.4419400 0.8455839
vt 0.4788511 0.8216233
vt 0.4783967 0.8456189
vt 0.4435389 0.8201172
vt 0.4138089 0.8185689
vt 0.4399294 0.8685506
vt 0.4119833 0.8429794
vt 0.4395406 0.8895778
vt 0.4100206 0.8663872
vt 0.4779828 0.8690700
vt 0.4774789 0.8911811
vt 0.2505344 0.8169489
vt 0.2477833 0.8397833
vt 0.2366889 0.8400456
vt 0.2456856 0.8657450
vt 0.2368417 0.8656633
vt 0.4686528 0.8400456
vt 0.2376433 0.8897161
vt 0.2261672 0.8657083
vt 0.2229067 0.9087744
vt 0.2162806 0.8873256
vt 0.4894311 0.8443417
vt 0.4861611 0.8677533
vt 0.4903739 0.8671761
vt 0.4830183 0.8678722
vt 0.4855056 0.8435872
vt 0.4943944 0.8466633
vt 0.4864822 0.9046506
vt 0.4904472 0.8890489
vt 0.4856711 0.8854022
vt 0.4934994 0.8679239
vt 0.4808467 0.8884156
vt 0.4802383 0.9057828
vt 0.7726322 0.8516244
vt 0.7657717 0.8280750
vt 0.7762678 0.8509883
vt 0.7685183 0.8521850
vt 0.7917211 0.8841161
vt 0.7964517 0.8996900
vt 0.7874267 0.8838583
vt 0.7960300 0.8849806
vt 0.7999800 0.9005778
vt 0.2939411 0.8575006
vt 0.2976578 0.9007717
vt 0.2816678 0.8834494
vt 0.2981372 0.8812656
vt 0.2864378 0.8549967
vt 0.2314850 0.8419628
vt 0.2192189 0.8664483
vt 0.2474583 0.7983383
vt 0.4743278 0.8664483
vt 0.4730267 0.8419628
vt 0.4786850 0.8429794
vt 0.2067022 0.9067956
vt 0.2101067 0.8884400
vt 0.5306456 0.8489272
vt 0.5357906 0.8471594
vt 0.5294356 0.8910089
vt 0.5325167 0.8905317
vt 0.5274078 0.9129511
vt 0.5974639 0.8822667
vt 0.5946339 0.8826944
vt 0.5953111 0.8934122
vt 0.5986133 0.8903417
vt 0.6002594 0.8814094
vt 0.5971650 0.8928378
vt 0.5914439 0.8946183
vt 0.5933367 0.8940411
vt 0.3943522 0.8187161
vt 0.3924994 0.8427539
vt 0.4016594 0.7923067
vt 0.3764761 0.8202900
vt 0.3927667 0.7924722
vt 0.3929428 0.8888189
vt 0.3849356 0.8679006
vt 0.3947322 0.8668356
vt 0.3728833 0.8455150
vt 0.3831294 0.8894450
vt 0.3652094 0.8705139
vt 0.4085050 0.8890356
vt 0.5019450 0.8465878
vt 0.4961267 0.8691472
vt 0.5002017 0.8679456
vt 0.4980289 0.8457650
vt 0.5067344 0.8461311
vt 0.4966739 0.9129422
vt 0.5043561 0.8684678
vt 0.4957278 0.9013400
vt 0.7789139 0.8831444
vt 0.7825906 0.8838528
vt 0.7739728 0.8795922
vt 0.7866511 0.8983967
vt 0.7840917 0.8983844
vt 0.7916189 0.8988217
vt 0.2801211 0.8339983
vt 0.2756117 0.8609194
vt 0.2721278 0.8369372
vt 0.2631311 0.8627800
vt 0.2655222 0.8368744
vt 0.2723722 0.8124967
vt 0.2705089 0.8850628
vt 0.2655194 0.9055628
vt 0.2567750 0.8867717
vt 0.2778978 0.9036506
vt 0.5404544 0.8485333
vt 0.5368228 0.8886017
vt 0.5395872 0.9063067
vt 0.5344311 0.9090850
vt 0.6008289 0.8915900
vt 0.3594817 0.8222161
vt 0.3566544 0.8475267
vt 0.3685522 0.7916928
vt 0.3609194 0.7885033
vt 0.3507206 0.8933433
vt 0.3705894 0.8908683
vt 0.5122639 0.8474300
vt 0.5103506 0.8701600
vt 0.5026744 0.9136200
vt 0.5058250 0.8874428
vt 0.4978839 0.9205117
vt 0.7627428 0.8699850
vt 0.7718183 0.8796461
vt 0.7597361 0.8763361
vt 0.7707278 0.8851250
vt 0.7715667 0.8998117
vt 0.7787650 0.8987917
vt 0.7814672 0.8985256
vt 0.2557406 0.8412694
vt 0.2549200 0.8637028
vt 0.2591906 0.8110917
vt 0.2471928 0.8863417
vt 0.2349256 0.9098567
vt 0.2422150 0.9088811
vt 0.2507839 0.9076761
vt 0.4835511 0.8391006
vt 0.4780378 0.8675239
vt 0.4759283 0.8868661
vt 0.4744611 0.9059117
vt 0.4722572 0.8884400
vt 0.2074050 0.8868661
vt 0.2020506 0.9069133
vt 0.1980572 0.9059117
vt 0.2262106 0.9298661
vt 0.2242467 0.9461361
vt 0.2135967 0.9506172
vt 0.2329156 0.9287844
vt 0.2345578 0.9431522
vt 0.2422467 0.9261450
vt 0.2085506 0.9465517
vt 0.2210394 0.9293672
vt 0.1981656 0.9657428
vt 0.2087911 0.9629222
vt 0.2151989 0.9748828
vt 0.1937222 0.9769278
vt 0.1862533 0.9753478
vt 0.2211978 0.9571772
vt 0.1922161 0.9215417
vt 0.1876494 0.9200428
vt 0.4750706 0.9200428
vt 0.1836572 0.9338872
vt 0.1731300 0.9418056
vt 0.1788956 0.9309867
vt 0.1731300 0.4703128
vt 0.1647828 0.4724428
vt 0.1699606 0.4775306
vt 0.1770878 0.9455256
vt 0.1662467 0.9515650
vt 0.3143639 0.9177544
vt 0.3324711 0.9330794
vt 0.3051517 0.9362339
vt 0.3318600 0.9155511
vt 0.2974878 0.9196933
vt 0.2920344 0.9684694
vt 0.2875389 0.9535372
vt 0.3069589 0.9522406
vt 0.3244661 0.9502617
vt 0.3364789 0.9649733
vt 0.3131217 0.9664522
vt 0.5092717 0.9191450
vt 0.4396894 0.9105933
vt 0.4759228 0.9307161
vt 0.4365950 0.9293700
vt 0.4767522 0.9116894
vt 0.4159983 0.9095394
vt 0.4346906 0.9470211
vt 0.4131872 0.9287267
vt 0.4326744 0.9634361
vt 0.4104078 0.9465067
vt 0.4751083 0.9483350
vt 0.4744283 0.9646317
vt 0.2079828 0.9251789
vt 0.2033400 0.9436356
vt 0.1920861 0.9376594
vt 0.1973772 0.9225339
vt 0.1849506 0.9520778
vt 0.1920344 0.9582389
vt 0.1780628 0.9669772
vt 0.1830094 0.9721133
vt 0.4799339 0.9291861
vt 0.4750400 0.9309867
vt 0.4817328 0.9187039
vt 0.4853094 0.9273789
vt 0.4871167 0.9173067
vt 0.4912806 0.9043400
vt 0.4833983 0.9350400
vt 0.4775306 0.9379950
vt 0.4808589 0.9418728
vt 0.2814222 0.9216000
vt 0.2844461 0.9380261
vt 0.2679383 0.9399350
vt 0.2698272 0.9228411
vt 0.2706556 0.9552450
vt 0.2550339 0.9701489
vt 0.2531311 0.9556961
vt 0.2726372 0.9697122
vt 0.1707639 0.9587322
vt 0.3901922 0.9094911
vt 0.3986072 0.9286306
vt 0.3868944 0.9287967
vt 0.4017400 0.9093883
vt 0.3804022 0.9099889
vt 0.3771150 0.9292639
vt 0.3675261 0.9109233
vt 0.3835856 0.9466961
vt 0.3807033 0.9632244
vt 0.3737089 0.9471167
vt 0.3626989 0.9303939
vt 0.3706878 0.9635361
vt 0.3605644 0.9487272
vt 0.3954917 0.9464728
vt 0.3928189 0.9629983
vt 0.4080522 0.9629811
vt 0.4934322 0.9243978
vt 0.4917339 0.9164161
vt 0.4891122 0.9257211
vt 0.4894678 0.9319222
vt 0.4937372 0.9332461
vt 0.4951689 0.9289644
vt 0.4867444 0.9378833
vt 0.2590472 0.9239061
vt 0.2540683 0.9414128
vt 0.2362944 0.9568461
vt 0.2317628 0.9683778
vt 0.3504444 0.9130544
vt 0.3506150 0.9313017
vt 0.3445094 0.9487878
vt 0.3582378 0.9643361
vt 0.5058989 0.9192822
vt 0.5016872 0.9219850
vt 0.5050372 0.9261256
vt 0.5077550 0.9244633
vt 0.5010761 0.9260917
vt 0.5002761 0.9290739
vt 0.2406594 0.9816328
vt 0.2232594 0.9789333
vt 0.2292428 0.9897644
vt 0.2515539 0.9967161
vt 0.2116700 0.9850461
vt 0.2074878 0.9937367
vt 0.2314067 0.9993706
vt 0.2135006 0.9980183
vt 0.3364633 0.9791644
vt 0.3528811 0.9924150
vt 0.3356222 0.9928528
vt 0.3552672 0.9786889
vt 0.3162039 0.9806506
vt 0.3384494 1.0165844
vt 0.3143422 1.0046461
vt 0.3416656 1.0050339
vt 0.3142572 0.9925600
vt 0.3621139 1.0054061
vt 0.3592106 1.0178256
vt 0.2019761 0.9894328
vt 0.1971267 0.9854078
vt 0.2916400 0.9940244
vt 0.2862094 0.9825167
vt 0.2889233 1.0047972
vt 0.2736983 0.9956800
vt 0.2795694 1.0136972
vt 0.2711811 1.0060939
vt 0.3128289 1.0152044
vt 0.4302239 0.9930506
vt 0.4740028 0.9797100
vt 0.4322000 0.9786950
vt 0.4065117 0.9782456
vt 0.4301472 1.0065383
vt 0.4052667 0.9926244
vt 0.4222956 1.0206089
vt 0.4037972 1.0064144
vt 0.2600572 0.9842939
vt 0.2726222 0.9841772
vt 0.2537817 1.0090561
vt 0.2384600 1.0131350
vt 0.2598072 1.0155139
vt 0.2517706 1.0199894
vt 0.2475600 1.0177906
vt 0.3786839 0.9784033
vt 0.3895311 0.9925267
vt 0.3769861 0.9924322
vt 0.3910156 0.9782589
vt 0.3684789 0.9785000
vt 0.3665828 0.9923256
vt 0.3750717 1.0056217
vt 0.3724006 1.0183961
vt 0.3878161 1.0060361
vt 0.3853200 1.0190639
vt 0.4015839 1.0198872
vt 0.3684328 1.0310028
vt 0.3755556 1.0472694
vt 0.3626067 1.0462717
vt 0.3814933 1.0320822
vt 0.3924717 1.0493656
vt 0.3981067 1.0332633
vt 0.3577522 1.0299861
vt 0.3504878 1.0413722
vt 0.3441333 1.0285183
vt 0.3416767 1.0642106
vt 0.3457211 1.0518533
vt 0.3653544 1.0700178
vt 0.3519917 1.0671828
vt 0.3832511 1.0727589
vt 0.3253711 1.0261611
vt 0.3301694 1.0372422
vt 0.3068356 1.0319122
vt 0.3084900 1.0410856
vt 0.3257633 1.0470550
vt 0.3071778 1.0500483
vt 0.3242394 1.0575906
vt 0.2826539 1.0268200
vt 0.2988633 1.0228611
vt 0.2634250 1.0267317
vt 0.2740800 1.0201306
vt 0.2749289 0.3476322
vt 0.2686778 0.3532528
vt 0.2634250 0.3581483
vt 0.2749289 1.0330883
vt 0.2906222 1.0415567
vt 0.2825722 1.0372122
vt 0.4554950 1.0358706
vt 0.4734739 1.0516950
vt 0.4417583 1.0541489
vt 0.5000006 1.0374244
vt 0.4194456 1.0345389
vt 0.4150228 1.0518689
vt 0.4535933 1.0219861
vt 0.4335450 1.0767333
vt 0.4071694 1.0753933
vt 0.4588122 1.0756928
vt 0.2596378 1.0245161
vt 0.2605533 1.0202022
vt 0.2555361 1.0220933
vt 0.5851656 0.8826906
vt 0.5868639 0.8720872
vt 0.5845828 0.8702933
vt 0.5821061 0.8908994
vt 0.5835506 0.8968517
vt 0.5852806 0.8907033
vt 0.5820039 0.8817433
vt 0.7283156 0.8946461
vt 0.7338672 0.9071850
vt 0.7196300 0.8931228
vt 0.5544300 0.8795539
vt 0.5556794 0.8946461
vt 0.5569167 0.8793433
vt 0.5519950 0.9071539
vt 0.5544611 0.9071850
vt 0.5557278 0.8597561
vt 0.5754361 0.8676839
vt 0.5727633 0.8766811
vt 0.6935411 0.8939328
vt 0.6945972 0.9027050
vt 0.6906594 0.8937083
vt 0.5723744 0.8937083
vt 0.5746189 0.8828706
vt 0.6878306 0.8746533
vt 0.6852556 0.8766811
vt 0.6974894 0.8945533
vt 0.6976317 0.9039467
vt 0.7165094 0.8963856
vt 0.7128483 0.9070544
vt 0.7064161 0.8951594
vt 0.7047433 0.8693489
vt 0.5746500 0.9006583
vt 0.5768033 0.8828756
vt 0.5771844 0.8680572
vt 0.7221167 0.8796483
vt 0.7223989 0.8599389
vt 0.7306906 0.8846644
vt 0.7151156 0.8616928
vt 0.7288117 0.8946861
vt 0.7343267 0.9071283
vt 0.7401922 0.8915417
vt 0.7407506 0.9056606
vt 0.7333539 0.8769578
vt 0.7281683 0.8590933
vt 0.5809533 0.8697311
vt 0.5832572 0.8539056
vt 0.5821906 0.8522289
vt 0.5785339 0.8917772
vt 0.5797950 0.8817794
vt 0.3165767 0.8817794
vt 0.3151478 0.8867267
vt 0.3123611 0.8917772
vt 0.3096039 0.8994406
vt 0.3090700 0.8993644
vt 0.3211678 0.8697311
vt 0.6900333 0.8724050
vt 0.6924439 0.8706622
vt 0.7019567 0.8950933
vt 0.7017272 0.9051528
vt 0.7075644 0.9063467
vt 0.7383961 0.8768339
vt 0.7372039 0.8550144
vt 0.7518194 0.9032889
vt 0.7465022 0.9043828
vt 0.7473544 0.8753889
vt 0.7431311 0.8551950
vt 0.7532194 0.8761272
vt 0.7593517 0.9018544
vt 0.7652622 0.9008272
vt 0.6191456 0.5360922
vt 0.6196744 0.5001644
vt 0.6203850 0.5001639
vt 0.6188578 0.5589383
vt 0.6183117 0.5504000
vt 0.5999433 0.5589383
vt 0.5989578 0.5001639
vt 0.6190889 0.5750594
vt 0.6184011 0.5718489
vt 0.6195894 0.5857100
vt 0.6208711 0.6037950
vt 0.6193583 0.5913772
vt 0.6212022 0.6149733
vt 0.6232506 0.6301067
vt 0.6234600 0.6372228
vt 0.6260172 0.6586217
vt 0.6003839 0.6301067
vt 0.5985133 0.6550939
vt 0.6309722 0.7044094
vt 0.6284728 0.6774811
vt 0.6261778 0.6550939
vt 0.6361928 0.7333806
vt 0.6303894 0.7044806
vt 0.6369128 0.7339183
vt 0.6428200 0.7629344
vt 0.5879200 0.7628594
vt 0.5963033 0.6774811
vt 0.5935111 0.7044094
vt 0.6590583 0.8161533
vt 0.6508217 0.7901206
vt 0.6584744 0.8125956
vt 0.6502633 0.7902856
vt 0.6434083 0.7628594
vt 0.6648256 0.8307094
vt 0.6763550 0.8640106
vt 0.5818111 0.8529517
vt 0.5858411 0.7901206
vt 0.5842678 0.8125956
vt 0.6848522 0.8867267
vt 0.6779672 0.8674106
vt 0.6831667 0.8812150
vt 0.6730150 0.8529517
vt 0.6909394 0.8995150
vt 0.6903961 0.8994406
vt 0.5769522 0.8995150
vt 0.5795372 0.8812150
vt 0.5808033 0.8674106
vt 0.5997267 0.5224839
vt 0.6012822 0.5859722
vt 0.6015406 0.6038406
vt 0.6003583 0.6371950
vt 0.5989000 0.6555728
vt 0.6011600 0.6218944
vt 0.5882072 0.7637650
vt 0.5966783 0.6778878
vt 0.5997644 0.6795261
vt 0.5840800 0.8210133
vt 0.5830989 0.8376778
vt 0.5861156 0.7911639
vt 0.5780867 0.8989661
vt 0.4271261 0.5215094
vt 0.4275694 0.5531683
vt 0.4269739 0.5001650
vt 0.3492272 0.5215250
vt 0.3464333 0.5001606
vt 0.4280072 0.5749378
vt 0.4283939 0.5912944
vt 0.3634761 0.6071478
vt 0.4288133 0.6069483
vt 0.3670250 0.6227039
vt 0.4292722 0.6224556
vt 0.3700650 0.6386261
vt 0.4301500 0.6494400
vt 0.3812367 0.6756028
vt 0.4316028 0.6912761
vt 0.5445528 0.7023778
vt 0.3983361 0.7190967
vt 0.4332633 0.7411817
vt 0.4135656 0.7780967
vt 0.4342128 0.7779656
vt 0.4191917 0.8167150
vt 0.4349328 0.8224294
vt 0.4260656 0.8511739
vt 0.4352689 0.8628528
vt 0.5940039 0.8870611
vt 0.5923039 0.8734778
vt 0.5954417 0.8868467
vt 0.4327244 0.8734778
vt 0.4320439 0.8847100
vt 0.4360039 0.8868467
vt 0.4309300 0.8733933
vt 0.5902550 0.9026239
vt 0.5850372 0.8513506
vt 0.5951106 0.8885122
vt 0.5611828 0.8967556
vt 0.5644956 0.9024228
vt 0.5645589 0.8885122
vt 0.5286428 0.9014022
vt 0.5656056 0.9003778
vt 0.5471239 0.9005117
vt 0.3746061 0.6571350
vt 0.3858306 0.6973756
vt 0.4030811 0.7772522
vt 0.4106456 0.7768567
vt 0.4056261 0.7467672
vt 0.4149850 0.8181950
vt 0.4230383 0.8710189
vt 0.4206333 0.8839006
vt 0.4334594 0.9019339
vt 0.4388172 0.8967556
vt 0.4300333 0.9015006
vt 0.5033072 0.5293850
vt 0.5701844 0.5394661
vt 0.5702956 0.5256611
vt 0.5703183 0.5219022
vt 0.5073483 0.5672194
vt 0.5000000 0.5735650
vt 0.5000000 0.5565994
vt 0.4300106 0.5565994
vt 0.4302494 0.5730733
vt 0.4298978 0.5479061
vt 0.4872639 0.5984561
vt 0.5000000 0.5730733
vt 0.5000000 0.5735650
vt 0.5596778 0.7453133
vt 0.5686717 0.7750400
vt 0.5778283 0.8193161
vt 0.4401139 0.5295772
vt 0.4386267 0.5105039
vt 0.4378083 0.5324689
vt 0.4408333 0.5101489
vt 0.4389544 0.5001650
vt 0.4392094 0.5543244
vt 0.4362611 0.5727956
vt 0.4374739 0.5965856
vt 0.4385689 0.5723222
vt 0.4368661 0.6152622
vt 0.4351256 0.5997128
vt 0.4344383 0.6229961
vt 0.4365894 0.6302606
vt 0.4342200 0.6546761
vt 0.6608028 0.6229961
vt 0.6645767 0.6546761
vt 0.4347361 0.6917711
vt 0.4364472 0.6566350
vt 0.4353033 0.7154578
vt 0.4370511 0.6918389
vt 0.4360739 0.7411433
vt 0.4381444 0.7330178
vt 0.6683761 0.6917711
vt 0.4383844 0.7950117
vt 0.4396172 0.7708644
vt 0.4372194 0.7703828
vt 0.4397867 0.8222678
vt 0.4407972 0.7955156
vt 0.7018544 0.8222678
vt 0.6938467 0.7950117
vt 0.6870228 0.7703828
vt 0.6798617 0.7411433
vt 0.4431894 0.8796483
vt 0.4442722 0.8597561
vt 0.4419961 0.8616928
vt 0.4444156 0.8946861
vt 0.4455700 0.8795539
vt 0.4456350 0.9071283
vt 0.4480050 0.9071539
vt 0.6590811 0.5450161
vt 0.6575806 0.5705194
vt 0.6577300 0.5804650
vt 0.6678739 0.6911378
vt 0.6659939 0.6718306
vt 0.7251172 0.9075378
vt 0.7145967 0.8615211
vt 0.7215250 0.8793433
vt 0.4851778 0.6944461
vt 0.3162539 0.7423378
vt 0.3121028 0.7368483
vt 0.7187528 0.6249294
vt 0.3095400 0.7324544
vt 0.4804372 0.6660783
vt 0.5638061 0.5705194
vt 0.5614311 0.5723222
vt 0.4296817 0.5219022
vt 0.4296194 0.5001650
vt 0.4296789 0.5214139
vt 0.4297044 0.5256611
vt 0.5033000 0.5001650
vt 0.5054533 0.5297750
vt 0.5097544 0.5694683
vt 0.5149306 0.5989456
vt 0.5219189 0.6262222
vt 0.5306644 0.6547589
vt 0.5613456 0.7452039
vt 0.5716333 0.7780344
vt 0.5806256 0.8224717
vt 0.4967000 0.5001650
vt 0.4972978 0.5215094
vt 0.4945467 0.5297750
vt 0.4943217 0.5531683
vt 0.4902456 0.5694683
vt 0.4886606 0.5912944
vt 0.4850694 0.5989456
vt 0.4812006 0.6224556
vt 0.4780811 0.6262222
vt 0.4731383 0.6494400
vt 0.4693356 0.6547589
vt 0.4591733 0.6912761
vt 0.4386544 0.7452039
vt 0.4304561 0.7779656
vt 0.4283667 0.7780344
vt 0.4214622 0.8224294
vt 0.4193744 0.8224717
vt 0.4117222 0.8628528
vt 0.4048894 0.8885122
vt 0.5055756 0.5001650
vt 0.6864861 0.5001639
vt 0.2840167 0.5001650
vt 0.4046461 0.5001650
vt 0.3112878 0.5001639
vt 0.4411489 0.5001650
vt 0.3851728 0.5508683
vt 0.3853389 0.5001656
vt 0.5459589 0.5001650
vt 0.4495683 0.5001650
vt 0.4174533 0.5001644
vt 0.3729161 0.5179489
vt 0.3394228 0.5324428
vt 0.6642300 0.5001650
vt 0.3991933 0.5857772
vt 0.3845372 0.5990772
vt 0.6968622 0.5779583
vt 0.6842183 0.6331583
vt 0.6195444 0.5859683
vt 0.3559317 0.6499822
vt 0.3260917 0.6816689
vt 0.7027683 0.6424317
vt 0.4551383 0.6449222
vt 0.4347350 0.7187194
vt 0.3313250 0.7471967
vt 0.3695750 0.7194017
vt 0.3764622 0.6816689
vt 0.5470417 0.6506617
vt 0.5485067 0.6321867
vt 0.7070333 0.6958428
vt 0.7129267 0.7195428
vt 0.4138594 0.6732794
vt 0.4117467 0.7631683
vt 0.3414472 0.7945322
vt 0.3466356 0.8216211
vt 0.6735956 0.8431839
vt 0.6778600 0.8565178
vt 0.5357383 0.8178278
vt 0.3887622 0.8885411
vt 0.3868456 0.8873394
vt 0.6122656 0.8897661
vt 0.3827922 0.8850706
vt 0.5022072 0.8219044
vt 0.2580172 0.7596817
vt 0.3765756 0.8688689
vt 0.3009867 0.8873606
vt 0.3127611 0.8687494
vt 0.3705178 0.8697906
vt 0.3309778 0.8517511
vt 0.3739350 0.8812950
vt 0.6155144 0.7929228
vt 0.3447533 0.8782067
vt 0.3481017 0.8779722
vt 0.3430644 0.8784028
vt 0.3639106 0.8703200
vt 0.3363594 0.8530200
vt 0.4396167 0.7708644
vt 0.7296750 0.7742233
vt 0.7396233 0.8128944
vt 0.5445028 0.8128944
vt 0.7415133 0.7984483
vt 0.5166100 0.8036128
vt 0.6361500 0.8629728
vt 0.3785267 0.8830589
vt 0.4219550 0.7843567
vt 0.3497956 0.8779328
vt 0.4178089 0.8522211
vt 0.6677500 0.8389772
vt 0.4540517 0.9030400
vt 0.5335850 0.8381983
vt 0.5104244 0.9036694
vt 0.2232972 0.8481583
vt 0.4066539 0.8940406
vt 0.6314500 0.7918344
vt 0.8292544 0.4755156
vt 0.8328272 0.9534022
vt 0.8361400 0.4779933
vt 0.8357472 0.4751856
vt 0.8275889 0.9607206
vt 0.7925317 0.9937167
vt 0.7739361 1.0061344
vt 0.8069850 0.4268889
vt 0.8028739 0.4218039
vt 0.7980244 0.4161139
vt 0.7482194 1.0199889
vt 0.7524406 1.0177906
vt 0.7093050 0.3405494
vt 0.7313394 0.3532794
vt 0.7219917 0.3448522
vt 0.7219917 1.0347461
vt 0.4147500 0.8902133
vt 0.4150217 0.8964039
vt 0.4276122 0.8938506
vt 0.2815044 0.9074761
vt 0.4269267 0.9014894
vt 0.4292083 0.9027011
vt 0.6909306 0.8993644
vt 0.3795744 0.5001650
vt 0.3765400 0.6372228
vt 0.3715356 0.6773894
vt 0.4181522 0.8524600
vt 0.3096044 0.8994406
vt 0.6535667 0.5001606
vt 0.4038728 0.8901161
vt 0.4068344 0.8771361
vt 0.4343944 0.9003778
vt 0.5634256 0.9022239
vt 0.5665411 0.9019339
vt 0.5700706 0.9014856
vt 0.5111806 0.5906283
vt 0.5588511 0.5001650
vt 0.5656606 0.6662317
vt 0.5579717 0.8195394
vt 0.5580000 0.8617722
vt 0.2661333 0.9071850
vt 0.2854311 0.8614478
vt 0.7082106 0.6841294
vt 0.5011811 0.5001650
vt 0.5970206 0.9024228
vt 0.5958539 0.8957767
vt 0.4944233 0.5001650
vt 0.4906128 0.5001633
vt 0.3138472 0.5001628
vt 0.6541128 0.5001650
vt 0.3227806 0.5001650
vt 0.5400383 0.5001650
vt 0.3990972 0.5001617
vt 0.3449139 0.5756356
vt 0.6639533 0.5001644
vt 0.5588506 0.5001650
vt 0.2991067 0.5001650
vt 0.6280950 0.5001650
vt 0.6337394 0.5001650
vt 0.3803256 0.5001644
vt 0.3796772 0.5001650
vt 0.6643878 0.5001650
vt 0.6605744 0.5324689
vt 0.4557272 0.5001639
vt 0.4467817 0.5001644
vt 0.3136067 0.5581550
vt 0.7295594 0.5001650
vt 0.7221372 0.5506489
vt 0.3357706 0.5001650
vt 0.4703767 0.5001644
vt 0.6008044 0.5857100
vt 0.3013094 0.5503361
vt 0.5954822 0.6571889
vt 0.3650800 0.6867156
vt 0.5634106 0.6302606
vt 0.6029722 0.8348011
vt 0.6263167 0.8337233
vt 0.6422017 0.7878961
vt 0.6473628 0.8183978
vt 0.6624783 0.7678472
vt 0.6857978 0.7423122
vt 0.6681417 0.8809972
vt 0.6652472 0.8801211
vt 0.6112383 0.8885411
vt 0.6736644 0.8497539
vt 0.6951561 0.8864778
vt 0.6755683 0.8498144
vt 0.6864378 0.8699522
vt 0.6978600 0.8870683
vt 0.2966894 0.8139194
vt 0.6436011 0.8784422
vt 0.6363450 0.8789428
vt 0.6445617 0.8783022
vt 0.6691700 0.8529628
vt 0.6716917 0.8533378
vt 0.6310561 0.8798156
vt 0.6285300 0.8805078
vt 0.6090556 0.8889006
vt 0.6569361 0.8784028
vt 0.6636856 0.8549028
vt 0.6661722 0.8561467
vt 0.5579711 0.8195394
vt 0.6088744 0.8663161
vt 0.6502050 0.8779328
vt 0.3158167 0.8720872
vt 0.3228428 0.8553156
vt 0.5891956 0.8952678
vt 0.3051578 0.8964050
vt 0.4582828 0.8397833
vt 0.7940467 0.8992072
vt 0.8045561 0.9020956
vt 0.5989744 0.8922456
vt 0.7891567 0.8985472
vt 0.2954056 0.6021339
vt 0.2953844 0.6035378
vt 0.2954617 0.6060422
vt 0.7759728 0.8991539
vt 0.4701278 0.9069133
vt 0.1892400 0.9782089
vt 0.4678361 0.9338872
vt 0.1654489 0.9496856
vt 0.4703128 0.9418056
vt 0.1654489 0.4697739
vt 0.1671733 0.9534022
vt 0.1682244 0.9551917
vt 0.5110456 0.9224822
vt 0.1744233 0.9630094
vt 0.4779922 0.9438433
vt 0.4837789 0.9398844
vt 0.4751844 0.9458189
vt 0.1642528 0.4751844
vt 0.1693956 0.9569289
vt 0.1724117 0.9607206
vt 0.4897500 0.9358756
vt 0.2197272 1.0022139
vt 0.2260644 1.0061344
vt 0.2321400 1.0097122
vt 0.1931544 0.9818678
vt 0.3329217 1.0610339
vt 0.3156517 1.0539322
vt 0.2988389 1.0459206
vt 0.5824728 0.8972233
vt 0.5849800 0.8964050
vt 0.5812900 0.8976617
vt 0.5580989 0.8615211
vt 0.7156378 0.9073039
vt 0.7101494 0.9067328
vt 0.7184956 0.9074761
vt 0.7213989 0.9075650
vt 0.5730728 0.9014894
vt 0.5707828 0.9027050
vt 0.5772628 0.8993644
vt 0.7051028 0.9059006
vt 0.5994411 0.5001650
vt 0.5796172 0.8983317
vt 0.4354444 0.8870611
vt 0.5970194 0.9024228
vt 0.5639961 0.8868467
vt 0.5602939 0.9023983
vt 0.5000000 0.9035506
vt 0.5810089 0.9019261
vt 0.5027867 0.5215050
vt 0.5015200 0.5001650
vt 0.4365750 0.9022239
vt 0.4397061 0.9023983
vt 0.4298156 0.5394661
vt 0.4298183 0.5397256
vt 0.5701817 0.5397256
vt 0.5699894 0.5565994
vt 0.5701022 0.5479061
vt 0.5697428 0.5735650
vt 0.5697506 0.5730733
vt 0.4411494 0.5001650
vt 0.4369928 0.5554389
vt 0.6737878 0.7154578
vt 0.4420289 0.8195394
vt 0.6580050 0.5612922
vt 0.5012200 0.5001650
vt 0.4988189 0.5001650
vt 0.4914978 0.5749378
vt 0.4852417 0.6069483
vt 0.4417283 0.7411817
vt 0.4059961 0.8870611
vt 0.5488806 0.9783878
vt 0.5916489 1.0040856
vt 0.5959083 0.9969967
vt 0.5531406 0.9712989
vt 0.6349717 0.8251039
vt 0.5688083 0.8173089
vt 0.5688083 0.8102194
vt 0.6349717 0.8180150
vt 0.3040528 1.0655633
vt 0.2506061 1.0485272
vt 0.2506061 1.0414383
vt 0.3040528 1.0584744
vt 0.4599261 0.9249383
vt 0.5044033 0.9516628
vt 0.5086628 0.9445739
vt 0.4641856 0.9178494
vt 0.7493950 0.8547989
vt 0.6959483 0.8377628
vt 0.6959483 0.8306739
vt 0.7493950 0.8477100
vt 0.4311933 1.0860172
vt 0.3650294 1.0782222
vt 0.3650294 1.0711333
vt 0.4311933 1.0789283
vt 0.3777422 0.8755572
vt 0.4171578 0.8992406
vt 0.4214172 0.8921517
vt 0.3820022 0.8684683
vt 0.5828411 0.8992406
vt 0.6222567 0.8755572
vt 0.6179972 0.8684683
vt 0.5785817 0.8921517
vt 0.3040522 0.8377628
vt 0.2506056 0.8547989
vt 0.2506056 0.8477100
vt 0.3040522 0.8306739
vt 0.6349717 1.0782222
vt 0.5688083 1.0860172
vt 0.5688083 1.0789283
vt 0.6349717 1.0711328
vt 0.4955956 0.9516633
vt 0.5400728 0.9249383
vt 0.5358133 0.9178494
vt 0.4913356 0.9445739
vt 0.4311928 0.8173083
vt 0.3650289 0.8251039
vt 0.3650289 0.8180150
vt 0.4311928 0.8102194
vt 0.7493950 1.0485272
vt 0.6959483 1.0655633
vt 0.6959483 1.0584739
vt 0.7493950 1.0414383
vt 0.4083500 1.0040856
vt 0.4511178 0.9783878
vt 0.4468583 0.9712989
vt 0.4040900 0.9969967
vt 0.6310644 1.0277689
vt 0.6353239 1.0206794
vt 0.5000006 0.8146767
vt 0.5000006 0.8075872
vt 0.3343867 1.0485272
vt 0.3689344 1.0277689
vt 0.3646750 1.0206800
vt 0.3301272 1.0414383
vt 0.6568044 0.8547989
vt 0.6525450 0.8477100
vt 0.5000006 1.0886494
vt 0.5000006 1.0815606
vt 0.3431944 0.8547989
vt 0.3474544 0.8477100
vt 0.6656122 1.0485272
vt 0.6698717 1.0414383
vt 0.3741272 0.6937450
vt 0.4358311 0.7059900
vt 0.4560739 0.6758744
vt 0.4138356 0.6650378
vt 0.3172594 0.3160261
vt 0.2674156 0.3427867
vt 0.3407878 0.3544539
vt 0.3749078 0.3307722
vt 0.8289239 0.4949422
vt 0.8226039 0.4529622
vt 0.7208333 0.4519556
vt 0.7251600 0.4891061
vt 0.2674161 0.6470994
vt 0.3172606 0.6738606
vt 0.3749083 0.6474411
vt 0.3407883 0.6237589
vt 0.4358294 0.2838956
vt 0.3741261 0.2961411
vt 0.4138344 0.3131744
vt 0.5641706 0.8405989
vt 0.5861656 0.8681156
vt 0.5439267 0.8616044
vt 0.8038861 0.5772889
vt 0.8226039 0.5369222
vt 0.7208333 0.5262561
vt 0.7080206 0.5619789
vt 0.1961144 0.5772900
vt 0.2265100 0.6144922
vt 0.3127867 0.5949022
vt 0.2919794 0.5619800
vt 0.7325844 0.6470989
vt 0.7734906 0.6144911
vt 0.6872139 0.5949017
vt 0.6592122 0.6237583
vt 0.4358306 0.8405989
vt 0.5000006 0.8381144
vt 0.5000006 0.8594061
vt 0.4560739 0.8616044
vt 0.1710761 0.4949433
vt 0.1773967 0.5369233
vt 0.2791667 0.5262572
vt 0.2748400 0.4891067
vt 0.6258739 0.6937444
vt 0.6827406 0.6738594
vt 0.6250922 0.6474406
vt 0.5861650 0.6650378
vt 0.6827400 0.3160256
vt 0.6258733 0.2961406
vt 0.5861644 0.3131744
vt 0.6250917 0.3307717
vt 0.1961139 0.4125967
vt 0.1773961 0.4529639
vt 0.2791667 0.4519561
vt 0.2919794 0.4162333
vt 0.5000006 0.7101244
vt 0.5641700 0.7059900
vt 0.5439267 0.6758739
vt 0.5000006 0.6795333
vt 0.7734900 0.3753939
vt 0.7325839 0.3427861
vt 0.6592117 0.3544533
vt 0.6872133 0.3833100
vt 0.2265094 0.3753950
vt 0.3127861 0.3833111
vt 0.8038861 0.4125961
vt 0.7080206 0.4162328
vt 0.3741267 0.8479567
vt 0.5439261 0.3023378
vt 0.4999994 0.2986789
vt 0.4560733 0.3023383
vt 0.4311933 1.0992339
vt 0.3650294 1.0914389
vt 0.7493950 0.8680156
vt 0.6959483 0.8509794
vt 0.4519844 0.9381550
vt 0.4964622 0.9648794
vt 0.3040528 1.0787800
vt 0.2506061 1.0617439
vt 0.6349717 0.8383206
vt 0.5688083 0.8305250
vt 0.5409394 0.9916044
vt 0.5837078 1.0173022
vt 0.3768756 1.0409856
vt 0.4162911 1.0173022
vt 0.6231233 1.0409850
vt 0.6576711 1.0617439
vt 0.5000006 0.8278928
vt 0.4311928 0.8305250
vt 0.4590594 0.9916044
vt 0.5035367 0.9648794
vt 0.6959483 1.0787794
vt 0.6349717 1.0914383
vt 0.3650289 0.8383206
vt 0.3040522 0.8509794
vt 0.5480139 0.9381550
vt 0.5907822 0.9124572
vt 0.5688083 1.0992339
vt 0.5000006 1.1018661
vt 0.3352533 0.8680156
vt 0.3698011 0.8887739
vt 0.6301978 0.8887739
vt 0.6647456 0.8680156
vt 0.4092167 0.9124572
vt 0.3423278 1.0617439
vt 0.7493950 1.0617439
vt 0.2506056 0.8680156
vt 0.3650294 0.7070928
vt 0.4311933 0.7200661
vt 0.3040517 0.3069017
vt 0.2506050 0.3352544
vt 0.8526972 0.4964622
vt 0.8459200 0.4519844
vt 0.2506061 0.6576722
vt 0.3040528 0.6860244
vt 0.4311917 0.2728594
vt 0.3650283 0.2858333
vt 0.8258500 0.5837078
vt 0.8459200 0.5409394
vt 0.1741506 0.5837089
vt 0.2067433 0.6231244
vt 0.7493950 0.6576711
vt 0.7932572 0.6231233
vt 0.5688072 0.2728594
vt 0.4999994 0.2684789
vt 0.4999994 0.2797611
vt 0.5641694 0.2838956
vt 0.1473028 0.4964633
vt 0.1540800 0.5409406
vt 0.6349717 0.7070922
vt 0.6959483 0.6860239
vt 0.6959478 0.3069006
vt 0.6349711 0.2858328
vt 0.1741500 0.4092178
vt 0.1540794 0.4519861
vt 0.5000006 0.7244461
vt 0.5688083 0.7200656
vt 0.7932567 0.3698011
vt 0.7493944 0.3352533
vt 0.2067428 0.3698022
vt 0.8258494 0.4092167
vt 0.5093056 0.9435044
vt 0.4648283 0.9167800
vt 0.6959483 0.8296044
vt 0.7493950 0.8466406
vt 0.3650294 1.0700639
vt 0.4311933 1.0778589
vt 0.4220600 0.8910822
vt 0.3826444 0.8673989
vt 0.6173544 0.8673989
vt 0.5779389 0.8910822
vt 0.2506056 0.8466406
vt 0.3040522 0.8296044
vt 0.5688083 1.0778589
vt 0.6349717 1.0700639
vt 0.5351706 0.9167800
vt 0.4906933 0.9435050
vt 0.3650289 0.8169456
vt 0.4311928 0.8091500
vt 0.6959483 1.0574050
vt 0.7493950 1.0403689
vt 0.4462161 0.9702294
vt 0.4034478 0.9959272
vt 0.6359667 1.0196100
vt 0.5965511 0.9959272
vt 0.5000006 0.8065178
vt 0.5688083 0.8091500
vt 0.3640322 1.0196106
vt 0.3294844 1.0403689
vt 0.5537828 0.9702294
vt 0.6349717 0.8169456
vt 0.3040528 1.0574050
vt 0.6519022 0.8466406
vt 0.5000006 1.0804911
vt 0.3480967 0.8466406
vt 0.6705144 1.0403689
vt 0.2506061 1.0403689
vt 0.3650294 0.2800639
vt 0.4526011 0.4167250
vt 0.4758367 0.4121689
vt 0.4311933 0.2670906
vt 0.3040517 0.6802550
vt 0.4311867 0.5572644
vt 0.4124172 0.5473072
vt 0.2506050 0.6519022
vt 0.8526972 0.4906944
vt 0.6238606 0.4906939
vt 0.6214806 0.5063139
vt 0.8459200 0.5351717
vt 0.2506061 0.3294844
vt 0.4124178 0.4340806
vt 0.4311872 0.4241233
vt 0.3040528 0.3011322
vt 0.4311917 0.7142972
vt 0.4758361 0.5692189
vt 0.4526006 0.5646628
vt 0.3650283 0.7013233
vt 0.8258500 0.4034489
vt 0.6144322 0.4600550
vt 0.6214806 0.4750744
vt 0.8459206 0.4462172
vt 0.1741506 0.4034478
vt 0.3855678 0.4600544
vt 0.3970139 0.4462128
vt 0.2067433 0.3640322
vt 0.7493950 0.3294856
vt 0.5875828 0.4340806
vt 0.6029861 0.4462133
vt 0.7932572 0.3640333
vt 0.5688072 0.7142972
vt 0.5241639 0.5692189
vt 0.5000000 0.5707578
vt 0.4999994 0.7186778
vt 0.1473028 0.4906933
vt 0.3761394 0.4906939
vt 0.3785194 0.4750739
vt 0.1540800 0.4462161
vt 0.6349717 0.2800644
vt 0.5473994 0.4167250
vt 0.5688133 0.4241239
vt 0.6959483 0.3011328
vt 0.6959478 0.6802561
vt 0.5688133 0.5572644
vt 0.5473994 0.5646633
vt 0.6349711 0.7013239
vt 0.1741500 0.5779389
vt 0.3855678 0.5213328
vt 0.3785194 0.5063133
vt 0.1540794 0.5351706
vt 0.5000006 0.2627100
vt 0.5000000 0.4106306
vt 0.5241639 0.4121689
vt 0.5688083 0.2670911
vt 0.7932567 0.6173556
vt 0.6029861 0.5351750
vt 0.5875828 0.5473078
vt 0.7493944 0.6519033
vt 0.3970139 0.5351744
vt 0.2067428 0.6173544
vt 0.6144322 0.5213333
vt 0.8258494 0.5779400
vt 0.6013283 0.8438967
vt 0.5535411 0.8767422
vt 0.5581706 0.8842194
vt 0.6069400 0.8529600
vt 0.6453694 0.8136256
vt 0.6518861 0.8241517
vt 0.6839717 0.7870933
vt 0.6912817 0.7989006
vt 0.7158639 0.7653189
vt 0.7752433 0.7870933
vt 0.7752433 0.7989006
vt 0.7158639 0.7781778
vt 0.6481183 0.7491389
vt 0.6481183 0.7627794
vt 0.5746100 0.7391750
vt 0.5746100 0.7532967
vt 0.4981644 0.7358106
vt 0.4981644 0.7500950
vt 0.5038439 0.9109006
vt 0.4573983 0.9428239
vt 0.4600522 0.9471089
vt 0.5074522 0.9167278
vt 0.1634022 0.4897539
vt 0.1668194 0.4894667
vt 0.1647417 0.4517667
vt 0.1615767 0.4515817
vt 0.3974067 0.9840572
vt 0.3988272 0.9863517
vt 0.3277389 1.0319422
vt 0.3299644 1.0355356
vt 0.2638772 1.0758361
vt 0.2659183 1.0791339
vt 0.2082400 1.1140767
vt 0.2089800 1.1152744
vt 0.6216533 0.8767233
vt 0.5719022 0.9063956
vt 0.5750906 0.9115456
vt 0.6258239 0.8834594
vt 0.6675044 0.8493772
vt 0.6725800 0.8575750
vt 0.2760356 0.3243311
vt 0.2772056 0.3254361
vt 0.3275172 0.3014178
vt 0.3265322 0.3000756
vt 0.7158639 0.8057367
vt 0.7752433 0.8254078
vt 0.7752433 0.8348872
vt 0.7158639 0.8162683
vt 0.6481183 0.7911200
vt 0.6481183 0.8024328
vt 0.5746100 0.7821189
vt 0.5746100 0.7939133
vt 0.4981644 0.7790794
vt 0.4981644 0.7910361
vt 0.5201628 0.9372544
vt 0.4718083 0.9660933
vt 0.4730206 0.9680511
vt 0.5223294 0.9407539
vt 0.1655261 0.4736544
vt 0.1635489 0.5138683
vt 0.1647417 0.5138156
vt 0.1668194 0.4737917
vt 0.4093511 1.0033439
vt 0.5906489 1.0033439
vt 0.5906700 1.0033100
vt 0.5269794 0.9680511
vt 0.6654167 1.0429911
vt 0.3345833 1.0429911
vt 0.3353667 1.0442561
vt 0.4093300 1.0033100
vt 0.2669678 1.0808222
vt 0.2675661 1.0817906
vt 0.2092006 1.1156233
vt 0.7907994 1.1156233
vt 0.7915028 1.1144911
vt 0.7324339 1.0817906
vt 0.2459972 0.6872306
vt 0.3225683 0.7567956
vt 0.3228478 0.7564794
vt 0.2463911 0.6866417
vt 0.1812411 0.4317844
vt 0.1798989 0.4314178
vt 0.5482333 0.9269283
vt 0.5105333 0.9010161
vt 0.5032267 0.9128156
vt 0.5413839 0.9379894
vt 0.2337450 0.3551306
vt 0.2350378 0.3559872
vt 0.3275172 0.8649233
vt 0.2772056 0.8782200
vt 0.2772056 0.8636250
vt 0.3275172 0.8498756
vt 0.5663150 1.0115706
vt 0.6284928 1.0459922
vt 0.6339906 1.0371128
vt 0.5725394 1.0015183
vt 0.4441500 0.2746400
vt 0.4445994 0.2763839
vt 0.5018350 0.2763306
vt 0.5018350 0.2744428
vt 0.1730050 0.5665822
vt 0.2020994 0.6289589
vt 0.2028139 0.6284928
vt 0.1740117 0.5663150
vt 0.2012839 0.3912889
vt 0.2026344 0.3918967
vt 0.3840389 0.8557539
vt 0.3840389 0.8403939
vt 0.2772056 0.8049672
vt 0.3275167 0.7894167
vt 0.3275167 0.8043961
vt 0.2772056 0.8195033
vt 0.3840389 0.2848550
vt 0.3832978 0.2832961
vt 0.5138156 0.9825072
vt 0.5206528 0.9714644
vt 0.3840389 0.7786933
vt 0.3840389 0.7939783
vt 0.6562522 1.0011728
vt 0.5976844 0.9609178
vt 0.5914350 0.9710106
vt 0.6507128 1.0101189
vt 0.4317844 0.9370944
vt 0.4737917 0.9603500
vt 0.4810967 0.9485528
vt 0.4395800 0.9245050
vt 0.7076933 0.8254078
vt 0.7135622 0.8348872
vt 0.4445994 0.8510644
vt 0.4445994 0.8355444
vt 0.3918967 0.9150128
vt 0.4001578 0.9016711
vt 0.5788378 0.9913489
vt 0.5275633 0.9603061
vt 0.3275167 0.8347156
vt 0.3840389 0.8249217
vt 0.6395650 1.0281144
vt 0.2772056 0.8489178
vt 0.2350378 0.8669828
vt 0.2350378 0.8811144
vt 0.4884733 0.9366406
vt 0.4084889 0.8882156
vt 0.3734172 0.8669828
vt 0.3646678 0.8811144
vt 0.6963572 1.0624978
vt 0.6914606 1.0704006
vt 0.4445994 0.8199128
vt 0.5018350 0.8198811
vt 0.5018350 0.8355139
vt 0.7646100 1.1038461
vt 0.7605050 1.1104683
vt 0.4474461 0.9118017
vt 0.2350378 0.8247467
vt 0.2350378 0.8387194
vt 0.4333928 0.8479950
vt 0.3995678 0.8247467
vt 0.3909161 0.8387194
vt 0.4251511 0.8613056
vt 0.2350378 0.8951333
vt 0.7110250 1.0388200
vt 0.7061500 1.0466933
vt 0.3559872 0.8951333
vt 0.7769189 1.0839806
vt 0.7728194 1.0906011
vt 0.4445994 0.7732089
vt 0.5018350 0.7731744
vt 0.5018350 0.7886167
vt 0.4445994 0.7886500
vt 0.4709644 0.8738194
vt 0.4631783 0.8863939
vt 0.6866417 1.0781833
vt 0.5018350 0.8510350
vt 0.7564794 1.1169700
vt 0.2453067 0.2873994
vt 0.2463911 0.2889750
vt 0.3228478 0.2230811
vt 0.3220283 0.2221739
vt 0.2228428 0.7340817
vt 0.3012156 0.7910200
vt 0.3003811 0.7868828
vt 0.2229456 0.7306261
vt 0.1777094 0.5298889
vt 0.1990944 0.5680511
vt 0.2026344 0.5666072
vt 0.1812411 0.5290356
vt 0.1398144 0.6216533
vt 0.1760250 0.6675044
vt 0.1766889 0.6661550
vt 0.1409111 0.6208528
vt 0.2741583 0.6318617
vt 0.3249606 0.6550572
vt 0.3275167 0.6518333
vt 0.2772056 0.6292094
vt 0.1398144 0.3930600
vt 0.1175161 0.4418294
vt 0.1188794 0.4418706
vt 0.1409111 0.3936844
vt 0.4434383 0.6795961
vt 0.5018350 0.6799861
vt 0.5018350 0.6754644
vt 0.4445994 0.6754139
vt 0.2228428 0.2669678
vt 0.1635611 0.3345833
vt 0.1643733 0.3372178
vt 0.2229456 0.2704111
vt 0.1713211 0.4015906
vt 0.1740117 0.4023156
vt 0.2028139 0.3437478
vt 0.2008800 0.3425100
vt 0.2841361 0.7406750
vt 0.3518817 0.7651828
vt 0.3504406 0.7626644
vt 0.2835056 0.7384500
vt 0.1039878 0.5201628
vt 0.1175161 0.5719022
vt 0.1188794 0.5716967
vt 0.1055133 0.5205767
vt 0.2316600 0.6024828
vt 0.2350378 0.6004322
vt 0.2841361 0.2763872
vt 0.2247567 0.3087183
vt 0.2248367 0.3103522
vt 0.2835056 0.2784083
vt 0.3821189 0.6711761
vt 0.3840389 0.6674344
vt 0.1054161 0.4718083
vt 0.1069244 0.4728011
vt 0.2247567 0.7076933
vt 0.2248367 0.7058628
vt 0.5018356 0.2325739
vt 0.4253900 0.2375694
vt 0.4230689 0.2400550
vt 0.5018356 0.2351194
vt 0.4253900 0.7802744
vt 0.4230689 0.7775756
vt 0.1220178 0.6011728
vt 0.1635611 0.6700356
vt 0.1643733 0.6673461
vt 0.1233272 0.5993067
vt 0.5344733 0.9491478
vt 0.5851367 0.9811800
vt 0.3840389 0.8094500
vt 0.3275167 0.8195561
vt 0.6451389 1.0191167
vt 0.2772056 0.8342106
vt 0.2350378 0.8528511
vt 0.4958500 0.9247278
vt 0.3821667 0.8528511
vt 0.4168200 0.8747606
vt 0.7012533 1.0545956
vt 0.5018350 0.8042489
vt 0.4445994 0.8042817
vt 0.7687144 1.0972233
vt 0.4553122 0.8990978
vt 0.5308639 0.9585556
vt 0.5806633 0.9310044
vt 0.6287172 0.9044183
vt 0.8239750 0.8575750
vt 0.8601856 0.8834594
vt 0.8431828 0.9044183
vt 0.8088272 0.8798722
vt 0.7624900 0.8583111
vt 0.7058833 0.8405722
vt 0.6411217 0.8273572
vt 0.5706561 0.8192000
vt 0.4981644 0.8164806
vt 0.4843978 0.9842606
vt 0.4246133 1.0173289
vt 0.1785583 0.6443083
vt 0.1398578 0.5753867
vt 0.1220178 0.5906700
vt 0.1635611 0.6646333
vt 0.2330322 0.7066356
vt 0.2228428 0.7324339
vt 0.3133622 0.7672117
vt 0.3012156 0.7915028
vt 0.5406444 0.8649439
vt 0.4933683 0.8974544
vt 0.1544933 0.5862400
vt 0.1332144 0.5406444
vt 0.1175161 0.5535411
vt 0.1398144 0.6013283
vt 0.1891022 0.6283267
vt 0.1760250 0.6453694
vt 0.2357667 0.6652850
vt 0.2247567 0.6839717
vt 0.2927528 0.6956822
vt 0.2841361 0.7156517
vt 0.3579222 0.7183217
vt 0.3518817 0.7391922
vt 0.4288033 0.7322939
vt 0.4253900 0.7536878
vt 0.5018356 0.7369656
vt 0.5018356 0.7585822
vt 0.4492483 0.9277961
vt 0.3924539 0.9668583
vt 0.1635611 1.0319422
vt 0.1220178 0.9840572
vt 0.1374194 0.9668583
vt 0.1765083 1.0119428
vt 0.2228428 1.0758361
vt 0.2316394 1.0528011
vt 0.3012156 1.1140767
vt 0.3117022 1.0919150
vt 0.1760250 0.3481139
vt 0.1766889 0.3492761
vt 0.3518817 0.2523633
vt 0.3504406 0.2546717
vt 0.1039878 0.4925478
vt 0.1054161 0.5399478
vt 0.1069244 0.5388144
vt 0.1055133 0.4919817
vt 0.1220178 0.4093511
vt 0.1233272 0.4110911
vt 0.3012156 0.2092006
vt 0.3003811 0.2133350
vt 0.5018356 0.7853700
vt 0.5018356 0.7826100
vt 0.5080183 0.9165472
vt 0.4611856 0.9465650
vt 0.4728011 0.9653222
vt 0.5205767 0.9368283
vt 0.4006933 0.9853378
vt 0.3326539 1.0339333
vt 0.3372178 1.0412994
vt 0.4110911 1.0021272
vt 0.6507239 0.8250794
vt 0.6063156 0.8535428
vt 0.6208528 0.8770217
vt 0.6661550 0.8500028
vt 0.5581294 0.8844278
vt 0.5716967 0.9063394
vt 0.6495594 0.7644417
vt 0.7164944 0.7796556
vt 0.7164944 0.8068850
vt 0.6495594 0.7924428
vt 0.5769311 0.7550728
vt 0.5769311 0.7835494
vt 0.7751633 0.8001306
vt 0.7751633 0.8263206
vt 0.2693739 1.0770083
vt 0.2704111 1.0786767
vt 0.2131172 1.1127161
vt 0.2133350 1.1130611
vt 0.4981644 0.7519094
vt 0.4981644 0.7805467
vt 0.6896478 0.8001306
vt 0.7058628 0.8263206
vt 0.3003811 1.1130611
vt 0.3003811 1.1127161
vt 0.3017611 1.1133156
vt 0.3017611 1.1136600
vt 0.2262139 1.0912000
vt 0.2303183 1.0978228
vt 0.2344233 1.1044456
vt 0.7655767 1.1044456
vt 0.7614717 1.1110678
vt 0.7574461 1.1175694
vt 0.7577622 1.1177578
vt 0.7681783 1.1239478
vt 0.7924700 1.1150906
vt 0.7787928 1.0851633
vt 0.7778856 1.0845800
vt 0.7737861 1.0912000
vt 0.7927267 1.1146761
vt 0.7902244 1.0925144
vt 0.7878500 1.1133156
vt 0.7919867 1.1158739
vt 0.7876317 1.1136600
vt 0.3017611 0.2123683
vt 0.3239483 0.2422378
vt 0.3025961 0.2075300
vt 0.2075300 1.1150906
vt 0.2082339 1.1162228
vt 0.2123683 1.1136600
vt 0.3012156 1.1152744
vt 0.3025961 1.1146761
vt 0.3025961 1.1158739
vt 0.3242278 0.2221144
vt 0.3234083 0.2212072
vt 0.3130822 1.0925144
vt 0.6987844 1.1144911
vt 0.6987844 1.1156233
vt 0.6974039 1.1162228
vt 0.6974039 1.1150906
vt 0.3147422 0.7681783
vt 0.3239483 0.7577622
vt 0.3025961 0.7924700
vt 0.6771522 1.0972233
vt 0.6771522 1.1038461
vt 0.6757722 1.1044456
vt 0.6757722 1.0978228
vt 0.6771522 1.0906011
vt 0.6757722 1.0912000
vt 0.3025961 0.7919867
vt 0.3017611 0.7878500
vt 0.3025961 0.2082339
vt 0.6771522 1.1104683
vt 0.6771522 1.1169700
vt 0.6757722 1.1175694
vt 0.6757722 1.1110678
vt 0.6771522 1.0839806
vt 0.6757722 1.0845800
vt 0.3986739 0.8438972
vt 0.3930617 0.8529606
vt 0.4418317 0.8842200
vt 0.4464611 0.8767428
vt 0.3546322 0.8136261
vt 0.3481156 0.8241522
vt 0.3160300 0.7870939
vt 0.3087200 0.7989011
vt 0.2804656 0.7653189
vt 0.2804656 0.7781778
vt 0.2210861 0.7989011
vt 0.2210861 0.7870939
vt 0.3482111 0.7491389
vt 0.3482111 0.7627794
vt 0.4217189 0.7391750
vt 0.4217189 0.7532972
vt 0.4961583 0.9109011
vt 0.4925500 0.9167283
vt 0.5399500 0.9471094
vt 0.5426033 0.9428244
vt 0.8402667 0.4897517
vt 0.8420922 0.4515800
vt 0.8389272 0.4517650
vt 0.8368494 0.4894650
vt 0.6011744 0.9863522
vt 0.6025956 0.9840583
vt 0.6700378 1.0355361
vt 0.6722628 1.0319428
vt 0.7340828 1.0791344
vt 0.7361244 1.0758367
vt 0.7910206 1.1152750
vt 0.7917611 1.1140772
vt 0.3783483 0.8767239
vt 0.3741778 0.8834600
vt 0.4249111 0.9115461
vt 0.4281000 0.9063967
vt 0.3324972 0.8493778
vt 0.3274217 0.8575756
vt 0.7276350 0.3243322
vt 0.6771378 0.3000761
vt 0.6761533 0.3014189
vt 0.7264650 0.3254378
vt 0.2804656 0.8057372
vt 0.2804656 0.8162683
vt 0.2210861 0.8348878
vt 0.2210861 0.8254083
vt 0.3482111 0.7911200
vt 0.3482111 0.8024328
vt 0.4217189 0.7821189
vt 0.4217189 0.7939133
vt 0.4798394 0.9372550
vt 0.4776722 0.9407544
vt 0.5269817 0.9680517
vt 0.5281933 0.9660939
vt 0.8381433 0.4736567
vt 0.8368494 0.4737939
vt 0.8389272 0.5138172
vt 0.8401200 0.5138700
vt 0.5906511 1.0033444
vt 0.4730183 0.9680517
vt 0.4093278 1.0033106
vt 0.4093489 1.0033444
vt 0.3345817 1.0429917
vt 0.5906722 1.0033106
vt 0.6646356 1.0442567
vt 0.6654183 1.0429917
vt 0.7324356 1.0817911
vt 0.7330339 1.0808228
vt 0.7908000 1.1156239
vt 0.2675644 1.0817911
vt 0.2084961 1.1144917
vt 0.2092000 1.1156239
vt 0.7576706 0.6872322
vt 0.7572767 0.6866428
vt 0.6808194 0.7564800
vt 0.6810994 0.7567967
vt 0.8237706 0.4314194
vt 0.8224283 0.4317861
vt 0.4517650 0.9269289
vt 0.4586144 0.9379900
vt 0.4967717 0.9128161
vt 0.4894650 0.9010167
vt 0.7699250 0.3551317
vt 0.7686322 0.3559889
vt 0.6761533 0.8649239
vt 0.6761533 0.8498756
vt 0.7264650 0.8636256
vt 0.7264650 0.8782206
vt 0.4336833 1.0115711
vt 0.4274589 1.0015189
vt 0.3660078 1.0371133
vt 0.3715061 1.0459928
vt 0.5595206 0.2746400
vt 0.5590706 0.2763844
vt 0.8306633 0.5665839
vt 0.8296567 0.5663167
vt 0.8008539 0.6284939
vt 0.8015689 0.6289606
vt 0.8023856 0.3912906
vt 0.8010350 0.3918983
vt 0.6196311 0.8557544
vt 0.6196311 0.8403939
vt 0.7264650 0.8049672
vt 0.7264650 0.8195039
vt 0.6761533 0.8043967
vt 0.6761533 0.7894172
vt 0.6203728 0.2832967
vt 0.6196311 0.2848556
vt 0.4861828 0.9825078
vt 0.4793450 0.9714650
vt 0.6196311 0.7939783
vt 0.6196311 0.7786939
vt 0.3437461 1.0011733
vt 0.3492856 1.0101194
vt 0.4085633 0.9710111
vt 0.4023139 0.9609183
vt 0.5682139 0.9370950
vt 0.5604183 0.9245056
vt 0.5189017 0.9485533
vt 0.5262061 0.9603506
vt 0.2923083 0.8254083
vt 0.2864394 0.8348878
vt 0.5590706 0.8510644
vt 0.5590706 0.8355444
vt 0.6081017 0.9150133
vt 0.5998406 0.9016717
vt 0.4211606 0.9913494
vt 0.4724350 0.9603067
vt 0.6761533 0.8347161
vt 0.6196311 0.8249222
vt 0.3604333 1.0281150
vt 0.7264650 0.8489183
vt 0.7686322 0.8669828
vt 0.7686322 0.8811144
vt 0.5115250 0.9366411
vt 0.5915094 0.8882161
vt 0.6353306 0.8811144
vt 0.6265811 0.8669828
vt 0.3036417 1.0624983
vt 0.3085378 1.0704011
vt 0.5590706 0.8199133
vt 0.2353889 1.1038461
vt 0.2394939 1.1104689
vt 0.5525522 0.9118022
vt 0.7686322 0.8247472
vt 0.7686322 0.8387194
vt 0.5666056 0.8479956
vt 0.5748478 0.8613061
vt 0.6090828 0.8387194
vt 0.6004306 0.8247472
vt 0.7686322 0.8951339
vt 0.2889733 1.0388200
vt 0.2938483 1.0466933
vt 0.6440111 0.8951339
vt 0.2230800 1.0839811
vt 0.2271794 1.0906011
vt 0.5590706 0.7732094
vt 0.5590706 0.7886506
vt 0.5290333 0.8738200
vt 0.5368200 0.8863944
vt 0.3133572 1.0781839
vt 0.2435200 1.1169706
vt 0.7583611 0.2873978
vt 0.6816389 0.2221728
vt 0.6808194 0.2230800
vt 0.7572767 0.2889733
vt 0.7808250 0.7340828
vt 0.7807222 0.7306272
vt 0.7032861 0.7868839
vt 0.7024517 0.7910206
vt 0.8259594 0.5298872
vt 0.8224283 0.5290333
vt 0.8010350 0.5666056
vt 0.8045750 0.5680494
vt 0.8638556 0.6216517
vt 0.8627589 0.6208506
vt 0.8269817 0.6661533
vt 0.8276450 0.6675028
vt 0.7295117 0.6318606
vt 0.7264650 0.6292078
vt 0.6761533 0.6518322
vt 0.6787094 0.6550567
vt 0.8638556 0.3930617
vt 0.8627589 0.3936867
vt 0.8847900 0.4418722
vt 0.8861539 0.4418317
vt 0.5602322 0.6795961
vt 0.5590706 0.6754133
vt 0.7808250 0.2669661
vt 0.7807222 0.2704094
vt 0.8392944 0.3372161
vt 0.8401072 0.3345817
vt 0.8323472 0.4015883
vt 0.8027883 0.3425083
vt 0.8008539 0.3437461
vt 0.8296567 0.4023139
vt 0.7195344 0.7406739
vt 0.7201650 0.7384489
vt 0.6532306 0.7626633
vt 0.6517889 0.7651817
vt 0.8996817 0.5201606
vt 0.8981561 0.5205744
vt 0.8847900 0.5716950
vt 0.8861539 0.5719000
vt 0.7686322 0.6004306
vt 0.7720100 0.6024817
vt 0.7195344 0.2763883
vt 0.7201650 0.2784094
vt 0.7788333 0.3103539
vt 0.7789139 0.3087200
vt 0.6196311 0.6674339
vt 0.6215517 0.6711756
vt 0.8982528 0.4718067
vt 0.8967444 0.4727989
vt 0.7788333 0.7058611
vt 0.7789139 0.7076917
vt 0.5806022 0.2400550
vt 0.5782811 0.2375694
vt 0.5806022 0.7775750
vt 0.5782811 0.7802739
vt 0.8816511 0.6011744
vt 0.8803411 0.5993089
vt 0.8392944 0.6673478
vt 0.8401072 0.6700378
vt 0.4148617 0.9811806
vt 0.4655244 0.9491483
vt 0.6761533 0.8195561
vt 0.6196311 0.8094506
vt 0.3548594 1.0191172
vt 0.7264650 0.8342111
vt 0.7686322 0.8528511
vt 0.5041483 0.9247283
vt 0.5831783 0.8747611
vt 0.6178317 0.8528511
vt 0.2987450 1.0545961
vt 0.5590706 0.8042817
vt 0.2312844 1.0972239
vt 0.5446861 0.8990983
vt 0.4193383 0.9310050
vt 0.4691383 0.9585561
vt 0.3712850 0.9044189
vt 0.1723550 0.8575756
vt 0.1875028 0.8798728
vt 0.1531472 0.9044189
vt 0.1361444 0.8834600
vt 0.2338394 0.8583117
vt 0.2904461 0.8405728
vt 0.3552078 0.8273572
vt 0.4256733 0.8192006
vt 0.5156044 0.9842611
vt 0.5753883 1.0173294
vt 0.8251100 0.6443106
vt 0.8401072 0.6646356
vt 0.8816511 0.5906722
vt 0.8638111 0.5753883
vt 0.7706356 0.7066367
vt 0.7808250 0.7324356
vt 0.6903050 0.7672128
vt 0.7024517 0.7915039
vt 0.4593578 0.8649444
vt 0.5066333 0.8974550
vt 0.8491761 0.5862383
vt 0.8638556 0.6013261
vt 0.8861539 0.5535389
vt 0.8704550 0.5406422
vt 0.8145678 0.6283250
vt 0.8276450 0.6453678
vt 0.7679033 0.6652839
vt 0.7789139 0.6839700
vt 0.7109178 0.6956811
vt 0.7195344 0.7156506
vt 0.6457483 0.7183211
vt 0.6517889 0.7391911
vt 0.5748672 0.7322939
vt 0.5782811 0.7536872
vt 0.5507533 0.9277967
vt 0.6075478 0.9668589
vt 0.8401072 1.0319428
vt 0.8271594 1.0119433
vt 0.8662489 0.9668589
vt 0.8816511 0.9840583
vt 0.7808250 1.0758367
vt 0.7720278 1.0528011
vt 0.7024517 1.1140772
vt 0.6919650 1.0919156
vt 0.8276450 0.3481156
vt 0.8269817 0.3492783
vt 0.6517889 0.2523639
vt 0.6532306 0.2546722
vt 0.8996817 0.4925500
vt 0.8981561 0.4919839
vt 0.8967444 0.5388167
vt 0.8982528 0.5399500
vt 0.8816511 0.4093489
vt 0.8803411 0.4110889
vt 0.7024517 0.2092000
vt 0.7032861 0.2133339
vt 0.4919839 0.9165483
vt 0.4794256 0.9368289
vt 0.5272011 0.9653233
vt 0.5388167 0.9465656
vt 0.5993089 0.9853389
vt 0.5889111 1.0021278
vt 0.6627839 1.0413000
vt 0.6673478 1.0339339
vt 0.3492783 0.8250794
vt 0.3338467 0.8500033
vt 0.3791494 0.8770228
vt 0.3936867 0.8535433
vt 0.4283050 0.9063400
vt 0.4418722 0.8844289
vt 0.3467694 0.7644417
vt 0.3467694 0.7924433
vt 0.2798350 0.8068850
vt 0.2798350 0.7796561
vt 0.4193978 0.7550728
vt 0.4193978 0.7835500
vt 0.2211667 0.8263211
vt 0.2211667 0.8001311
vt 0.7295906 1.0786772
vt 0.7306272 1.0770089
vt 0.7866661 1.1130611
vt 0.7868839 1.1127161
vt 0.3103539 0.8001311
vt 0.2941389 0.8263211
vt 0.7032861 1.1130611
vt 0.7019061 1.1136606
vt 0.7019061 1.1133156
vt 0.7032861 1.1127161
vt 0.2262128 1.0912006
vt 0.2221133 1.0845806
vt 0.2212061 1.0851639
vt 0.2097744 1.0925150
vt 0.2072722 1.1146767
vt 0.2075289 1.1150911
vt 0.2318206 1.1239478
vt 0.2422367 1.1177578
vt 0.2425528 1.1175700
vt 0.2385272 1.1110683
vt 0.2344222 1.1044456
vt 0.2080122 1.1158744
vt 0.2121489 1.1133156
vt 0.6794394 0.7737872
vt 0.7010717 0.7927278
vt 0.7019061 0.7878511
vt 0.2123672 1.1136606
vt 0.7010717 0.2075289
vt 0.6797189 0.2422367
vt 0.7019061 0.2123672
vt 0.7876328 1.1136606
vt 0.7917672 1.1162233
vt 0.7924711 1.1150911
vt 0.7024517 1.1152750
vt 0.7010717 1.1158744
vt 0.7010717 1.1146767
vt 0.6802589 0.2212061
vt 0.6794394 0.2221133
vt 0.6905850 1.0925150
vt 0.2975483 1.1144917
vt 0.2989283 1.1150911
vt 0.2989283 1.1162233
vt 0.2975483 1.1156239
vt 0.6797189 0.7577633
vt 0.6889250 0.7681794
vt 0.7010717 0.7924711
vt 0.3191806 1.0972239
vt 0.3205606 1.0978233
vt 0.3205606 1.1044456
vt 0.3191806 1.1038461
vt 0.3191806 1.0906011
vt 0.3205606 1.0912006
vt 0.7010717 0.7919878
vt 0.7010717 0.2082328
vt 0.3191806 1.1104689
vt 0.3205606 1.1110683
vt 0.3205606 1.1175700
vt 0.3191806 1.1169706
vt 0.3191806 1.0839811
vt 0.3205606 1.0845806
vt 0.2375100 0.2879417
vt 0.2941167 0.2558728
vt 0.1229322 0.4691361
vt 0.1242778 0.5156022
vt 0.1356994 0.4193367
vt 0.1911728 0.3269161
vt 0.4293439 0.2172178
vt 0.5018356 0.2122856
vt 0.1568172 0.3712828
vt 0.3588783 0.2319761
vt 0.3242278 0.7574461
vt 0.7661606 0.2879428
vt 0.7095539 0.2558739
vt 0.8807372 0.4691383
vt 0.8793911 0.5156044
vt 0.8679700 0.4193383
vt 0.8124972 0.3269178
vt 0.5743267 0.2172183
vt 0.8468528 0.3712850
vt 0.6447922 0.2319767
vt 0.6794394 0.7574472
vt 0.1203428 0.4933683
vt 0.1217000 0.4492483
vt 0.2316394 0.2675494
vt 0.3117022 0.2107428
vt 0.1374194 0.3924539
vt 0.1765083 0.3269183
vt 0.3130822 0.2097756
vt 0.8833261 0.4933667
vt 0.8819689 0.4492467
vt 0.7720278 0.2675478
vt 0.6919650 0.2107417
vt 0.8662489 0.3924522
vt 0.8271594 0.3269167
vt 0.6905850 0.2097744
vt 0.4999550 1.0982361
vt 0.4565144 1.0951872
vt 0.4999550 1.0973906
vt 0.4565144 1.0960328
vt 0.4147433 1.0886611
vt 0.4147433 1.0895067
vt 0.3762467 1.0780633
vt 0.3762467 1.0789089
vt 0.3425044 1.0638011
vt 0.3770017 1.0646461
vt 0.4054167 1.0464222
vt 0.3764939 1.0638011
vt 0.4059250 1.0472678
vt 0.4384144 1.0265950
vt 0.4389228 1.0274406
vt 0.4742194 1.0050811
vt 0.4747278 1.0059267
vt 0.5114550 0.9827078
vt 0.5119633 0.9835533
vt 0.5486911 0.9603344
vt 0.5491989 0.9611794
vt 0.5844961 0.9388206
vt 0.5850039 0.9396661
vt 0.6174939 0.9189933
vt 0.6180022 0.9198389
vt 0.6464172 0.9016144
vt 0.6574961 0.9024600
vt 0.6237539 0.8873522
vt 0.6574961 0.9016144
vt 0.6237539 0.8881978
vt 0.5852572 0.8767544
vt 0.5852572 0.8776000
vt 0.5434861 0.8702283
vt 0.5434861 0.8710739
vt 0.5000456 0.8680244
vt 0.5000456 0.8688700
vt 0.4566050 0.8702283
vt 0.4566050 0.8710739
vt 0.4148339 0.8767544
vt 0.4148339 0.8776000
vt 0.3763372 0.8873522
vt 0.3763372 0.8881978
vt 0.3425944 0.9016144
vt 0.3530744 0.9024600
vt 0.3825056 0.9189933
vt 0.3535822 0.9016144
vt 0.3819972 0.9198389
vt 0.4155033 0.9388206
vt 0.4149956 0.9396661
vt 0.4513083 0.9603344
vt 0.4508000 0.9611800
vt 0.4885439 0.9827078
vt 0.4880361 0.9835533
vt 0.5257800 1.0050817
vt 0.5252717 1.0059267
vt 0.5615850 1.0265950
vt 0.5610767 1.0274406
vt 0.5945828 1.0464222
vt 0.5940750 1.0472678
vt 0.6235061 1.0638011
vt 0.6574056 1.0646467
vt 0.6236628 1.0780633
vt 0.6574056 1.0638011
vt 0.6236628 1.0789089
vt 0.5851667 1.0886611
vt 0.6397378 0.5252350
vt 0.6470106 0.5004339
vt 0.6384783 0.5245433
vt 0.5433956 1.0960328
vt 0.5433956 1.0951872
vt 0.5851667 1.0895067
vt 0.4158972 0.5834383
vt 0.3939333 0.5662389
vt 0.3929700 0.5673094
vt 0.5579456 0.9322483
vt 0.5292967 0.9289094
vt 0.5295628 0.9278139
vt 0.6069400 0.5673094
vt 0.5832550 0.5822217
vt 0.5840122 0.5834378
vt 0.4705283 0.9278139
vt 0.4426672 0.9333039
vt 0.4421456 0.9322483
vt 0.3601722 0.5252356
vt 0.3528989 0.5004339
vt 0.3515622 0.5009067
vt 0.5294717 0.6028028
vt 0.4999550 0.6038817
vt 0.4999550 0.6052944
vt 0.6069400 0.3839011
vt 0.6246222 0.4039583
vt 0.6257561 0.4035533
vt 0.3515622 0.4503044
vt 0.3614311 0.4261783
vt 0.3601717 0.4259756
vt 0.6483472 0.4503039
vt 0.6498917 0.4753606
vt 0.6512544 0.4756050
vt 0.4420550 0.5954228
vt 0.4707039 0.6014122
vt 0.4425767 0.5940983
vt 0.5841033 0.9394494
vt 0.6060667 0.9500439
vt 0.5833461 0.9404406
vt 0.6257561 0.5476567
vt 0.6246228 0.5467628
vt 0.3752872 0.5467633
vt 0.3741539 0.5476572
vt 0.5000456 0.9274261
vt 0.5000456 0.9263167
vt 0.5573328 0.5940983
vt 0.5578544 0.5954228
vt 0.4167450 0.9404406
vt 0.4159878 0.9394494
vt 0.4704378 0.6028028
vt 0.3486550 0.4756056
vt 0.3500178 0.4753611
vt 0.6397372 0.4259750
vt 0.6384783 0.4261778
vt 0.3752867 0.4039583
vt 0.3741533 0.4035539
vt 0.6483472 0.5009061
vt 0.4166544 0.5822222
vt 0.5574239 0.9333039
vt 0.6059761 0.5662383
vt 0.4707944 0.9289094
vt 0.3614311 0.5245439
vt 0.5292061 0.6014122
vt 0.3940239 0.9500439
vt 0.3930600 0.9491406
vt 0.3528989 0.4502878
vt 0.6470106 0.4502872
vt 0.3939333 0.3844828
vt 0.3929694 0.3839011
vt 0.6350072 0.4934228
vt 0.6271711 0.5155644
vt 0.6274556 0.5156656
vt 0.5764556 0.5685344
vt 0.5526494 0.5794417
vt 0.5806189 0.5738756
vt 0.5300972 1.0683561
vt 0.5436739 1.0640256
vt 0.5436739 1.0646183
vt 0.5535978 1.0230983
vt 0.5401094 1.0303961
vt 0.5404661 1.0309889
vt 0.4595344 1.0309889
vt 0.4467583 1.0225056
vt 0.4464022 1.0230983
vt 0.5880633 1.0023894
vt 0.5775067 1.0079256
vt 0.5778633 1.0085183
vt 0.4999550 0.6794089
vt 0.4556450 0.6857994
vt 0.4999550 0.6895406
vt 0.4565144 0.6757417
vt 0.4130378 0.6747211
vt 0.4147433 0.6648806
vt 0.3737706 0.6567300
vt 0.3762467 0.6472428
vt 0.3393528 0.6325189
vt 0.3969833 1.0371944
vt 0.3674811 1.0549211
vt 0.4306417 1.0169706
vt 0.4671633 0.9950261
vt 0.5051444 0.9722044
vt 0.5431256 0.9493833
vt 0.5796472 0.9274389
vt 0.6133056 0.9072150
vt 0.6428078 0.8894883
vt 0.6262300 0.8749406
vt 0.6606478 0.8894883
vt 0.5869628 0.8641306
vt 0.5443556 0.8574739
vt 0.5000456 0.8552261
vt 0.4557356 0.8574739
vt 0.4131283 0.8641306
vt 0.3738611 0.8749406
vt 0.3394428 0.8894883
vt 0.3866939 0.9072150
vt 0.3571917 0.8894883
vt 0.4203522 0.9274389
vt 0.4568739 0.9493833
vt 0.4948550 0.9722044
vt 0.5328361 0.9950261
vt 0.5693578 1.0169706
vt 0.6030161 1.0371944
vt 0.6325183 1.0549211
vt 0.6574056 0.6235061
vt 0.6261394 0.6567300
vt 0.6605572 0.6325183
vt 0.6236628 0.6472422
vt 0.5868722 0.6747206
vt 0.5433956 0.6757417
vt 0.5442650 0.6857994
vt 0.5851667 0.6648800
vt 0.5000450 1.0825317
vt 0.5298906 1.0788083
vt 0.5298906 1.0810178
vt 0.4414100 0.9309439
vt 0.4701089 0.9242511
vt 0.4701089 0.9264606
vt 0.4512389 1.0475139
vt 0.4300400 1.0572450
vt 0.4313678 1.0594539
vt 0.5496756 0.9883672
vt 0.5227656 1.0015300
vt 0.5240928 1.0037389
vt 0.4030544 0.9599639
vt 0.3845100 0.9458150
vt 0.3831828 0.9480239
vt 0.5584989 0.9309439
vt 0.5849478 0.9360161
vt 0.5849478 0.9382250
vt 0.5850383 1.0692528
vt 0.6082211 1.0572450
vt 0.6082211 1.0594539
vt 0.4149611 0.9382250
vt 0.4414100 0.9287350
vt 0.4503250 0.9883672
vt 0.4270528 0.9713772
vt 0.4257256 0.9735861
vt 0.5742750 0.9735861
vt 0.5483483 0.9861583
vt 0.4150517 1.0692528
vt 0.4415006 1.0743250
vt 0.4415006 1.0765339
vt 0.4985100 1.0191106
vt 0.4725828 1.0316828
vt 0.4739100 1.0338917
vt 0.5585894 1.0765339
vt 0.5850383 1.0670433
vt 0.6168178 0.9480244
vt 0.5956189 0.9577550
vt 0.5969461 0.9599639
vt 0.4759078 1.0037389
vt 0.4516522 0.9861583
vt 0.4999544 0.9227372
vt 0.4999544 0.9249461
vt 0.4971822 1.0169017
vt 0.5283711 0.9395689
vt 0.4192906 0.5738761
vt 0.3972883 0.5583983
vt 0.5245433 1.0342011
vt 0.4946756 1.0275000
vt 0.5180228 1.0415283
vt 0.4754561 1.0342011
vt 0.4604606 1.0544567
vt 0.4819772 1.0415283
vt 0.5000456 0.9381317
vt 0.4717200 0.9395689
vt 0.5467628 1.0475522
vt 0.5583983 1.0657883
vt 0.5662383 1.0592539
vt 0.4995661 1.0197144
vt 0.5296033 1.0129111
vt 0.5246389 1.0046489
vt 0.4193811 0.9507344
vt 0.5555172 0.5853767
vt 0.5497122 0.9895833
vt 0.5772300 0.9842944
vt 0.5738217 0.9750972
vt 0.3793228 0.9713661
vt 0.3753778 0.9617461
vt 0.4999550 0.5948500
vt 0.6247133 0.9617461
vt 0.6027117 0.9600344
vt 0.4716294 0.5924589
vt 0.4261778 0.9750972
vt 0.4461161 0.9983228
vt 0.4502872 0.9895833
vt 0.5807100 0.9507344
vt 0.5556083 0.9438239
vt 0.4753606 1.0046489
vt 0.5004339 1.0197144
vt 0.4337611 1.0592539
vt 0.4532367 1.0475522
vt 0.5395389 1.0544567
vt 0.5053239 1.0275000
vt 0.4444828 0.9438239
vt 0.5538833 0.9983228
vt 0.3973789 0.9600344
vt 0.5282800 0.5924589
vt 0.5987467 0.9713661
vt 0.5960417 0.9617461
vt 0.4012533 0.9713661
vt 0.4227694 0.9842944
vt 0.4443922 0.5853767
vt 0.4703961 1.0129117
vt 0.6340944 0.5180228
vt 0.4025878 0.5538561
vt 0.4716289 0.3483339
vt 0.4472600 0.3613506
vt 0.4730911 0.3546339
vt 0.6451467 0.4703961
vt 0.6350072 0.4473694
vt 0.6376528 0.4703961
vt 0.4472600 0.5794422
vt 0.3972883 0.3823939
vt 0.4234533 0.3722578
vt 0.4192900 0.3669167
vt 0.6206772 0.4012533
vt 0.6271711 0.4252278
vt 0.6340944 0.4227694
vt 0.3658144 0.4227700
vt 0.3854628 0.4048222
vt 0.3792317 0.4012533
vt 0.5268183 0.5861589
vt 0.5806189 0.3669167
vt 0.5973217 0.3869361
vt 0.6026211 0.3823939
vt 0.3547628 0.4703967
vt 0.3649022 0.4473700
vt 0.3575522 0.4461167
vt 0.5973222 0.5538561
vt 0.5555172 0.3554156
vt 0.5268178 0.3546339
vt 0.5526494 0.3613506
vt 0.3658150 0.5180228
vt 0.3649022 0.4934228
vt 0.3575522 0.4946761
vt 0.6144467 0.5359700
vt 0.6206778 0.5395389
vt 0.3854628 0.5359706
vt 0.3792322 0.5395394
vt 0.4999544 0.3459422
vt 0.4999544 0.3523656
vt 0.6423572 0.4946756
vt 0.4234539 0.5685350
vt 0.4443917 0.3554161
vt 0.6423572 0.4461161
vt 0.4999550 0.5884267
vt 0.4730911 0.5861589
vt 0.4025872 0.3869361
vt 0.6144467 0.4048217
vt 0.3727383 0.4252283
vt 0.5764556 0.3722572
vt 0.3622567 0.4703967
vt 0.6026211 0.5583983
vt 0.5282800 0.3483333
vt 0.3727383 0.5155644
vt 0.5554833 0.5071317
vt 0.5000456 0.9419917
vt 0.4847250 0.9913200
vt 0.4731822 0.9433544
vt 0.4274028 0.4852939
vt 0.5769756 0.4726661
vt 0.5725067 0.4852939
vt 0.4444261 0.5071317
vt 0.5527400 0.9473900
vt 0.5153656 0.9913200
vt 0.5269089 0.9433544
vt 0.5784844 0.4595339
vt 0.4699028 0.5217233
vt 0.5974128 0.9627633
vt 0.5436744 0.9973594
vt 0.5765467 0.9539439
vt 0.5652494 0.4221367
vt 0.5725067 0.4337744
vt 0.4346594 0.4221372
vt 0.5152750 0.5255539
vt 0.4235444 0.9539439
vt 0.4445167 1.0023894
vt 0.4026783 0.9627633
vt 0.4229339 0.4464022
vt 0.5435833 0.5155028
vt 0.4473506 0.9473900
vt 0.4699933 0.9936217
vt 0.4229339 0.4726667
vt 0.5652500 0.4969311
vt 0.4346594 0.4969317
vt 0.5000456 0.9905428
vt 0.4563261 0.5155028
vt 0.5300972 0.9936217
vt 0.5769756 0.4464022
vt 0.4846344 0.5255539
vt 0.4444256 0.4119367
vt 0.4999550 0.5268472
vt 0.5554833 0.4119367
vt 0.4274028 0.4337744
vt 0.5300067 0.5217233
vt 0.4564167 0.9973594
vt 0.4214250 0.4595344
vt 0.5719022 0.4849589
vt 0.5602139 0.4939272
vt 0.5647056 0.4964994
vt 0.4448883 0.5066150
vt 0.4396956 0.4939272
vt 0.4352039 0.4965000
vt 0.4847617 0.3939444
vt 0.4999544 0.3972922
vt 0.4999544 0.3926617
vt 0.5763339 0.4724367
vt 0.5724278 0.4594139
vt 0.5710356 0.4715333
vt 0.4701533 0.5210850
vt 0.4596906 0.5110667
vt 0.4566894 0.5149167
vt 0.4566894 0.4039117
vt 0.4722200 0.4020211
vt 0.4701528 0.3977428
vt 0.5719022 0.4338689
vt 0.5710356 0.4472944
vt 0.5763339 0.4463911
vt 0.4847622 0.5248839
vt 0.4999550 0.5215361
vt 0.4858161 0.5203422
vt 0.4448883 0.4122133
vt 0.4396950 0.4249011
vt 0.4487083 0.4154872
vt 0.4999550 0.5261661
vt 0.5140933 0.5203422
vt 0.5550211 0.4122128
vt 0.5602139 0.4249011
vt 0.5647056 0.4223283
vt 0.4280072 0.4338694
vt 0.4288739 0.4472950
vt 0.4329978 0.4356411
vt 0.5297561 0.5210850
vt 0.5402189 0.5110667
vt 0.5276889 0.5168072
vt 0.5297561 0.3977428
vt 0.5402189 0.4077617
vt 0.5432200 0.4039117
vt 0.4235756 0.4724372
vt 0.4274811 0.4594144
vt 0.4220794 0.4594144
vt 0.5550211 0.5066150
vt 0.5512011 0.5033406
vt 0.5140933 0.3984861
vt 0.5151472 0.3939444
vt 0.4329983 0.4831872
vt 0.4280072 0.4849594
vt 0.5669111 0.4831872
vt 0.4487083 0.5033411
vt 0.4858156 0.3984861
vt 0.5778300 0.4594139
vt 0.4722206 0.5168072
vt 0.4596906 0.4077617
vt 0.5669111 0.4356411
vt 0.4352033 0.4223283
vt 0.5151472 0.5248839
vt 0.5512011 0.4154872
vt 0.4235756 0.4463917
vt 0.5432200 0.5149167
vt 0.5276889 0.4020211
vt 0.4288739 0.4715333
vt 0.4487989 1.0575828
vt 0.4597811 1.0559778
vt 0.4597811 1.0622244
vt 0.5140933 0.9945794
vt 0.5276889 0.9904567
vt 0.5276889 0.9967033
vt 0.4715333 1.0384706
vt 0.4869406 1.0392261
vt 0.4752867 1.0322239
vt 0.5168128 1.0454728
vt 0.5023194 1.0456794
vt 0.5060728 1.0519261
vt 0.5033411 1.0575828
vt 0.4976806 1.0456794
vt 0.4939272 1.0519261
vt 0.4858156 0.9945794
vt 0.4999544 0.9876156
vt 0.4999544 0.9938622
vt 0.5405861 1.0311889
vt 0.5247133 1.0322239
vt 0.5284667 1.0384706
vt 0.5277794 1.0656739
vt 0.5403094 1.0559778
vt 0.5403094 1.0622244
vt 0.4596906 1.0001528
vt 0.4722200 0.9904567
vt 0.4722200 0.9967033
vt 0.5643589 1.0169044
vt 0.5489522 1.0176600
vt 0.5527056 1.0239067
vt 0.5000450 1.0685150
vt 0.5141839 1.0615517
vt 0.5141839 1.0677978
vt 0.4249011 1.0104511
vt 0.4192406 0.9985483
vt 0.4154872 1.0047950
vt 0.4859067 1.0677978
vt 0.5000450 1.0622689
vt 0.5845128 1.0047950
vt 0.5713456 1.0042044
vt 0.5750989 1.0104511
vt 0.4472950 1.0239067
vt 0.4393944 1.0106578
vt 0.4356411 1.0169044
vt 0.4723111 1.0656739
vt 0.4723111 1.0594272
vt 0.5402189 0.9939061
vt 0.5402189 1.0001528
vt 0.4631678 1.0249422
vt 0.4594144 1.0311889
vt 0.4929061 1.0513361
vt 0.4966594 1.0575828
vt 0.5140933 0.9883328
vt 0.4831872 1.0454728
vt 0.5130594 1.0392261
vt 0.5512917 1.0513361
vt 0.5512917 1.0575828
vt 0.4858156 0.9883328
vt 0.5368328 1.0249422
vt 0.5277794 1.0594272
vt 0.4487083 1.0047950
vt 0.4596906 0.9939061
vt 0.5606056 1.0106578
vt 0.4286544 1.0042044
vt 0.4859067 1.0615517
vt 0.5512011 0.9985483
vt 0.5512011 1.0047950
vt 0.4510483 1.0176600
vt 0.5274028 0.4063661
vt 0.4336883 0.4396394
vt 0.4722206 0.5205606
vt 0.5140933 0.4022394
vt 0.5276889 0.4057744
vt 0.5669111 0.4869406
vt 0.5595928 0.4973244
vt 0.5602139 0.4976806
vt 0.4487083 0.5070944
vt 0.4403167 0.4973244
vt 0.4396956 0.4976806
vt 0.5724278 0.4631672
vt 0.5703022 0.4751617
vt 0.5710356 0.4752867
vt 0.4396950 0.4286544
vt 0.4492367 0.4196939
vt 0.4487083 0.4192406
vt 0.5512011 0.4192406
vt 0.5595928 0.4290100
vt 0.5602139 0.4286544
vt 0.4329978 0.4393944
vt 0.4288739 0.4510483
vt 0.5512011 0.5070939
vt 0.5506728 0.5066411
vt 0.4336883 0.4866956
vt 0.4329983 0.4869406
vt 0.5662211 0.4866950
vt 0.5710356 0.4510478
vt 0.5716806 0.4631672
vt 0.5662206 0.4396394
vt 0.5669111 0.4393944
vt 0.5030689 1.0534594
vt 0.4900189 1.0548461
vt 0.4925122 1.0589956
vt 0.5066150 1.0595500
vt 0.4993489 1.0487300
vt 0.4964994 1.0534722
vt 0.5433106 0.9978394
vt 0.5551117 0.9980856
vt 0.5551117 1.0028272
vt 0.4563256 0.9973594
vt 0.4699028 0.9888800
vt 0.4699028 0.9936217
vt 0.5153656 1.0706572
vt 0.5300972 1.0636139
vt 0.4449789 1.0028272
vt 0.4567800 0.9930972
vt 0.4567800 0.9978394
vt 0.4564167 1.0646183
vt 0.4699933 1.0636139
vt 0.4699933 1.0683561
vt 0.4445167 1.0589956
vt 0.4564167 1.0598761
vt 0.5035000 1.0534722
vt 0.4905356 1.0548078
vt 0.4933850 1.0595500
vt 0.4878083 1.0417956
vt 0.4849589 1.0465378
vt 0.5877867 1.0028272
vt 0.5748222 1.0041633
vt 0.5776717 1.0089056
vt 0.5436739 1.0598761
vt 0.5532417 1.0225056
vt 0.5376167 1.0262467
vt 0.4702439 0.9893911
vt 0.4702439 0.9941328
vt 0.4366239 1.0107689
vt 0.4337744 1.0155106
vt 0.4448883 1.0595500
vt 0.4566894 1.0597961
vt 0.4566894 1.0645378
vt 0.4598906 1.0303961
vt 0.4492517 1.0183561
vt 0.4724367 1.0390133
vt 0.4752861 1.0342717
vt 0.5632817 1.0110978
vt 0.5661306 1.0158394
vt 0.5244844 1.0341372
vt 0.5273339 1.0388794
vt 0.4846344 0.9865783
vt 0.4846344 0.9913200
vt 0.4848528 0.9871083
vt 0.4848528 0.9918506
vt 0.5750139 1.0037761
vt 0.5435833 0.9973594
vt 0.5554833 0.9976472
vt 0.5554833 1.0023894
vt 0.4701533 1.0635022
vt 0.4701533 1.0682444
vt 0.4622633 1.0264467
vt 0.4594139 1.0311889
vt 0.4999544 0.9858011
vt 0.4999544 0.9905428
vt 0.5507594 1.0186217
vt 0.5536083 1.0233639
vt 0.5555739 1.0548461
vt 0.5555739 1.0595883
vt 0.4999550 1.0712978
vt 0.5151472 1.0657850
vt 0.5151472 1.0705267
vt 0.5000456 0.9863378
vt 0.5000456 0.9910800
vt 0.4847250 1.0706572
vt 0.5000450 1.0666928
vt 0.5000450 1.0714344
vt 0.4928683 1.0595883
vt 0.5662256 1.0155111
vt 0.5152750 0.9907272
vt 0.5152750 0.9913200
vt 0.4726667 1.0388794
vt 0.4852939 1.0464667
vt 0.4969317 1.0534594
vt 0.4856500 1.0458739
vt 0.4221372 1.0085183
vt 0.4122928 1.0017967
vt 0.4119367 1.0023894
vt 0.5652500 0.4997806
vt 0.5550211 0.5094644
vt 0.5554833 0.5099811
vt 0.5000456 0.9858011
vt 0.4847250 0.9865783
vt 0.4346594 0.4997806
vt 0.4280072 0.4878083
vt 0.4274028 0.4881433
vt 0.5725067 0.4881428
vt 0.5763339 0.4752861
vt 0.5719022 0.4878083
vt 0.4563261 0.5183522
vt 0.4448883 0.5094644
vt 0.4444261 0.5099811
vt 0.5300972 0.9888800
vt 0.5152383 0.9871083
vt 0.5153656 0.9865783
vt 0.5769756 0.4492511
vt 0.5778300 0.4622633
vt 0.5784844 0.4623833
vt 0.4846344 0.5284033
vt 0.4701533 0.5239344
vt 0.4699028 0.5245728
vt 0.5555744 0.9976472
vt 0.5433106 0.9930972
vt 0.5436744 0.9926172
vt 0.5725067 0.4366239
vt 0.5647056 0.4251778
vt 0.5719022 0.4367183
vt 0.4346594 0.4249867
vt 0.4280072 0.4367183
vt 0.4352033 0.4251778
vt 0.5300067 0.5245728
vt 0.5151472 0.5277328
vt 0.5152750 0.5284033
vt 0.4445167 0.9976472
vt 0.4449789 0.9980856
vt 0.4229339 0.4492517
vt 0.4220794 0.4622633
vt 0.4235756 0.4492406
vt 0.5432200 0.5177656
vt 0.5435833 0.5183522
vt 0.4699933 0.9888800
vt 0.4235756 0.4752861
vt 0.4229339 0.4755156
vt 0.5647056 0.4993489
vt 0.4352039 0.4993489
vt 0.5769756 0.4755156
vt 0.4566894 0.5177661
vt 0.5298472 0.9893911
vt 0.5763339 0.4492406
vt 0.4999550 0.5296967
vt 0.4847622 0.5277328
vt 0.4444256 0.4147861
vt 0.4448883 0.4150622
vt 0.4999550 0.5290156
vt 0.5554833 0.4147861
vt 0.5652494 0.4249861
vt 0.4274028 0.4366239
vt 0.5297561 0.5239344
vt 0.4564167 0.9926172
vt 0.4214250 0.4623833
vt 0.5150406 1.0465378
vt 0.5006511 1.0487300
vt 0.5300067 0.9888800
vt 0.5300067 0.9936217
vt 0.5435833 0.9926172
vt 0.4223283 1.0089056
vt 0.4150622 0.9980856
vt 0.4122128 1.0028272
vt 0.4444256 1.0017967
vt 0.4563256 0.9926172
vt 0.5507489 1.0183561
vt 0.5298472 0.9941328
vt 0.5432200 1.0645378
vt 0.5550211 1.0548078
vt 0.5550211 1.0595500
vt 0.5152750 0.9865783
vt 0.4755156 1.0341372
vt 0.5275628 1.0390133
vt 0.5121917 1.0417956
vt 0.4623833 1.0262467
vt 0.4338689 1.0158394
vt 0.4251778 1.0041633
vt 0.5633761 1.0107689
vt 0.5153656 1.0659156
vt 0.5152383 0.9918506
vt 0.5297561 1.0682444
vt 0.5432200 1.0597961
vt 0.4997806 1.0487172
vt 0.4881433 1.0417250
vt 0.5405856 1.0311889
vt 0.5247139 1.0342717
vt 0.5147061 1.0464667
vt 0.5002194 1.0487172
vt 0.4463911 1.0233639
vt 0.4367183 1.0110978
vt 0.4847622 1.0705267
vt 0.4999550 1.0665556
vt 0.4249867 1.0037761
vt 0.4147861 0.9976472
vt 0.5297561 1.0635022
vt 0.5118572 1.0417250
vt 0.5377367 1.0264467
vt 0.5071317 1.0595883
vt 0.4492406 1.0186217
vt 0.4847622 1.0657850
vt 0.4847250 1.0659156
vt 0.7183450 0.5252717
vt 0.6412933 0.5260900
vt 0.7056739 0.5610767
vt 0.3762467 0.6467344
vt 0.3917789 0.5686328
vt 0.3425044 0.6229983
vt 0.5298911 0.9264606
vt 0.6574056 0.6229978
vt 0.5849483 0.5849406
vt 0.6236628 0.6467344
vt 0.4415011 0.9309439
vt 0.2942356 0.5610772
vt 0.3499100 0.5014906
vt 0.2815644 0.5252722
vt 0.5433956 0.6752333
vt 0.4999550 0.6070406
vt 0.4999550 0.6789011
vt 0.6574056 0.3530744
vt 0.6271561 0.4030539
vt 0.6850972 0.3819972
vt 0.2815644 0.4508011
vt 0.3586156 0.4257256
vt 0.2942356 0.4149961
vt 0.7183450 0.4508000
vt 0.6529389 0.4759072
vt 0.7226239 0.4880361
vt 0.4565144 0.6752333
vt 0.4414106 0.5970583
vt 0.4147433 0.6643722
vt 0.5850389 0.9382250
vt 0.6271561 0.5487611
vt 0.6850972 0.5940750
vt 0.3727533 0.5487611
vt 0.3148122 0.5940750
vt 0.5000456 0.9249461
vt 0.5851667 0.6643722
vt 0.5584994 0.5970583
vt 0.4150522 0.9382250
vt 0.4701094 0.6045206
vt 0.3469706 0.4759078
vt 0.2772856 0.4880367
vt 0.6412933 0.4257250
vt 0.7056739 0.4149956
vt 0.3727528 0.4030544
vt 0.3148122 0.3819978
vt 0.6499994 0.5014900
vt 0.4149617 0.5849406
vt 0.5585900 0.9309439
vt 0.6081306 0.5686322
vt 0.4702000 0.9264606
vt 0.3586161 0.5260900
vt 0.5298006 0.6045206
vt 0.3918694 0.9480244
vt 0.3425944 0.9024600
vt 0.3499100 0.4503250
vt 0.6499994 0.4503244
vt 0.3917783 0.3831828
vt 0.3425039 0.3530750
vt 0.5009061 1.0194444
vt 0.5330883 1.0209922
vt 0.5087594 1.0063744
vt 0.4158972 1.0690344
vt 0.4420550 1.0631650
vt 0.4420550 1.0762356
vt 0.5000450 1.0803228
vt 0.5298906 1.0679472
vt 0.4035533 0.9609489
vt 0.3917544 0.9360700
vt 0.3839011 0.9491406
vt 0.4701089 0.9133900
vt 0.5496956 0.9890394
vt 0.5165411 0.9911717
vt 0.5243944 1.0042417
vt 0.5295628 0.9147439
vt 0.4499117 1.0453050
vt 0.4235144 1.0463833
vt 0.5162394 0.9906689
vt 0.4834583 0.9911717
vt 0.4756050 1.0042422
vt 0.4043817 0.9577550
vt 0.3910361 0.9349539
vt 0.4999550 1.0821672
vt 0.5294717 1.0675994
vt 0.5294717 1.0806700
vt 0.5584989 0.9287350
vt 0.5849478 0.9251550
vt 0.6082211 1.0463833
vt 0.4159878 0.9263794
vt 0.4523428 1.0475350
vt 0.4248372 1.0462733
vt 0.4326906 1.0593433
vt 0.4149611 0.9360161
vt 0.4414100 0.9178739
vt 0.4335789 0.9605161
vt 0.5964461 0.9609489
vt 0.5661711 0.9613511
vt 0.5740244 0.9744211
vt 0.5729478 0.9713772
vt 0.5418222 0.9752972
vt 0.4150517 1.0670439
vt 0.4415006 1.0634639
vt 0.4990933 1.0194444
vt 0.4669111 1.0209922
vt 0.4747644 1.0340628
vt 0.4660567 1.0208217
vt 0.5578544 1.0631650
vt 0.5578544 1.0762356
vt 0.5476567 1.0475350
vt 0.5252350 1.0340628
vt 0.5585894 1.0743250
vt 0.5850383 1.0561822
vt 0.6154906 0.9458150
vt 0.5890928 0.9468939
vt 0.4259750 0.9744211
vt 0.4114072 0.9478789
vt 0.4772350 1.0015300
vt 0.4581783 0.9752972
vt 0.4999544 0.9118761
vt 0.4705283 0.9147439
vt 0.4444894 1.0344644
vt 0.5298000 0.9242511
vt 0.5298000 0.9264606
vt 0.3918694 1.0594539
vt 0.5014906 1.0191106
vt 0.3917783 0.9480239
vt 0.5487611 1.0475139
vt 0.5274172 1.0316828
vt 0.5260900 1.0338917
vt 0.4701994 1.0788089
vt 0.4701994 1.0810178
vt 0.5028178 1.0169017
vt 0.5686328 1.0594539
vt 0.5500889 1.0453050
vt 0.6081306 0.9458150
vt 0.6081306 0.9480244
vt 0.6412933 0.5339433
vt 0.6483472 0.5087594
vt 0.6397378 0.5330883
vt 0.4149617 0.5927939
vt 0.3929700 0.5751628
vt 0.3917789 0.5764861
vt 0.5585900 0.9178739
vt 0.5298911 0.9133900
vt 0.6081311 0.5764856
vt 0.5840122 0.5912911
vt 0.5849483 0.5927939
vt 0.4702000 0.9133900
vt 0.4421456 0.9191783
vt 0.4415011 0.9178739
vt 0.3586161 0.5339433
vt 0.3515622 0.5087600
vt 0.3499100 0.5093439
vt 0.5298006 0.6123739
vt 0.4999550 0.6131478
vt 0.4999550 0.6148939
vt 0.6081306 0.3910356
vt 0.6257561 0.4114072
vt 0.6271561 0.4109072
vt 0.3499100 0.4581783
vt 0.3601717 0.4338289
vt 0.3586156 0.4335789
vt 0.6499994 0.4581778
vt 0.6512544 0.4834583
vt 0.6529389 0.4837606
vt 0.4701094 0.6123744
vt 0.4420550 0.6032761
vt 0.4414106 0.6049122
vt 0.6082217 0.9349539
vt 0.5841033 0.9263794
vt 0.5850389 0.9251550
vt 0.6257561 0.5555100
vt 0.6271561 0.5566144
vt 0.3727533 0.5566150
vt 0.3741539 0.5555106
vt 0.5000456 0.9132467
vt 0.5000456 0.9118761
vt 0.5578544 0.6032761
vt 0.5584994 0.6049117
vt 0.4150522 0.9251550
vt 0.4704378 0.6106561
vt 0.3486550 0.4834589
vt 0.3469706 0.4837611
vt 0.6412933 0.4335783
vt 0.6397378 0.4338289
vt 0.3741533 0.4114072
vt 0.3727528 0.4109078
vt 0.6499994 0.5093433
vt 0.4158972 0.5912917
vt 0.5579456 0.9191783
vt 0.6069400 0.5751628
vt 0.3601722 0.5330889
vt 0.5294717 0.6106561
vt 0.3930600 0.9360700
vt 0.3918694 0.9349539
vt 0.3515622 0.4581578
vt 0.6483472 0.4581572
vt 0.3929694 0.3917544
vt 0.3917783 0.3910361
vt 0.5585894 1.0634639
vt 0.5298000 0.9133900
vt 0.5840122 1.0559644
vt 0.5840122 1.0690344
vt 0.4503039 0.9890394
vt 0.4338289 0.9613511
vt 0.3918694 1.0572450
vt 0.4150517 1.0561822
vt 0.5418422 0.9759694
vt 0.4837611 0.9906689
vt 0.3929700 1.0593433
vt 0.4158972 1.0559639
vt 0.3917783 0.9458150
vt 0.4149611 0.9251550
vt 0.5339433 1.0208211
vt 0.6160989 0.9491406
vt 0.5885928 0.9478789
vt 0.5584989 0.9178739
vt 0.4581572 0.9759694
vt 0.5664217 0.9605161
vt 0.5673094 1.0593433
vt 0.5555100 1.0344644
vt 0.4433856 1.0344439
vt 0.4701994 1.0679472
vt 0.4704378 1.0806700
vt 0.4999550 1.0690967
vt 0.5093439 1.0060406
vt 0.4109078 0.9468939
vt 0.4704378 1.0675994
vt 0.5699600 1.0572450
vt 0.5566150 1.0344433
vt 0.6069400 1.0462733
vt 0.6069400 1.0593433
vt 0.6081306 0.9349539
vt 0.4912400 1.0063739
vt 0.5000450 1.0694611
vt 0.4906567 1.0060406
vt 0.6070306 0.9360700
vt 0.6070306 0.9491406
vt 0.3425044 1.0646461
vt 0.6469250 0.9024600
vt 0.6229978 1.0646467
vt 0.6059761 0.3844828
vt 0.4445167 1.0595883
vt 0.5402189 0.5148194
vt 0.3425044 0.6235061
vt 0.6207683 0.9713661
vt 0.4416017 1.0657883
vt 0.4039583 0.9617461
vt 0.5555744 1.0023894
vt 0.4487989 1.0513361
vt 0.5070944 1.0513361
vt 0.5807594 0.9985483
vt 0.4487083 0.9985483
vt 0.4858161 0.5240956
vt 0.4999550 0.5252889
vt 0.5140933 0.5240956
vt 0.5276889 0.5205606
vt 0.5402189 0.4115150
vt 0.4999544 0.4010456
vt 0.4858156 0.4022394
vt 0.4722200 0.4057744
vt 0.4596906 0.4115150
vt 0.4274811 0.4631678
vt 0.4288739 0.4752867
vt 0.4596906 0.5148200
vt 0.5094644 1.0548078
vt 0.4445167 1.0548461
vt 0.5849378 0.9980856
vt 0.4448883 1.0548078
vt 0.5852139 0.9976472
vt 0.4444256 1.0023894
vt 0.5550211 0.4150622
vt 0.4444256 0.9976472
vt 0.5099811 1.0548461
vt 0.6081306 0.3831822
vt 0.6082217 0.9480239
vt 0.6089644 0.9349539
vt 0.6069400 0.3917544
vt 0.3918689 1.0463833
vt 0.3929700 1.0462733
vt 0.3917783 0.9349539
vt 0.6082456 0.9360700
vt 0.5751628 1.0462733
vt 0.5764861 1.0463833
f 3/1 2/2 1/3
f 4/4 1419/5 2/2
f 110/6 4/4 3/1
f 1/3 50/7 1474/8
f 2/2 1422/9 50/7
f 1474/8 1465/10 1/3
f 1/3 168/11 3/1
f 3/1 1873/12 110/6
f 107/13 6/14 5/15
f 8/16 1401/17 6/14
f 6/14 1854/18 46/19
f 5/15 1475/20 7/21
f 5/15 7/21 107/13
f 7/21 1454/22 107/13
f 1877/23 10/24 9/25
f 115/26 1434/27 10/24
f 9/25 10/24 170/28
f 170/28 51/29 1476/30
f 10/24 1436/31 51/29
f 11/32 1851/33 1386/34
f 1386/34 12/35 11/32
f 12/35 172/36 11/32
f 11/32 122/37 120/38
f 14/39 1460/40 1478/41
f 1478/41 1409/42 14/39
f 16/43 1447/44 1446/45
f 18/46 126/47 16/43
f 16/43 1863/48 1447/44
f 16/43 17/49 15/50
f 1446/45 17/49 16/43
f 1445/51 1480/52 17/49
f 15/50 19/53 177/54
f 17/49 1481/55 19/53
f 177/54 18/46 15/50
f 177/54 1479/56 18/46
f 129/57 21/58 20/59
f 131/60 1398/61 21/58
f 20/59 23/62 22/63
f 21/58 1397/64 23/62
f 22/63 182/65 20/59
f 20/59 1866/66 129/57
f 24/67 1414/68 25/69
f 25/69 1463/70 24/67
f 24/67 1461/71 1295/72
f 1296/73 1411/74 24/67
f 138/75 1428/76 27/77
f 27/77 1427/78 28/79
f 28/79 29/80 27/77
f 1482/81 1876/82 29/80
f 27/77 1875/83 137/84
f 30/85 32/86 31/87
f 31/87 32/86 1484/88
f 1484/88 1834/89 31/87
f 141/90 1382/91 33/92
f 33/92 1381/93 1485/94
f 1485/94 34/95 33/92
f 33/92 143/96 141/90
f 36/97 1860/98 37/99
f 38/100 147/101 1860/98
f 37/99 1486/102 36/97
f 36/97 206/103 205/104
f 36/97 1879/105 206/103
f 205/104 38/100 36/97
f 1487/106 1391/107 39/108
f 39/108 1394/109 81/110
f 81/110 1488/111 39/108
f 39/108 213/112 1487/106
f 40/113 1410/114 41/115
f 40/113 1489/116 1858/117
f 46/19 1402/118 43/119
f 5/15 46/19 42/120
f 42/120 43/119 44/121
f 43/119 1403/122 90/123
f 45/124 1457/125 1455/126
f 44/121 92/127 45/124
f 45/124 5/15 42/120
f 1455/126 1475/20 45/124
f 50/7 1421/128 48/129
f 1474/8 50/7 47/130
f 47/130 48/129 49/131
f 48/129 1424/132 84/133
f 49/131 1466/134 47/130
f 47/130 1467/135 1474/8
f 1476/30 51/29 226/136
f 1858/117 1489/116 1435/137
f 52/138 1365/139 1366/140
f 53/141 2021/142 1365/139
f 1366/140 2022/143 52/138
f 52/144 1871/145 1491/146
f 1491/146 53/147 52/144
f 1490/148 2021/149 53/147
f 56/150 55/151 54/152
f 1477/153 1852/154 56/150
f 58/155 1449/156 1448/157
f 57/158 1480/52 58/155
f 58/155 1864/159 1449/156
f 58/155 59/160 57/158
f 1448/161 103/162 58/163
f 59/164 1473/165 1472/166
f 235/167 1481/55 57/158
f 60/168 1416/169 1415/170
f 60/168 111/171 61/172
f 1415/170 111/171 60/168
f 61/172 62/173 60/168
f 60/168 134/174 132/175
f 62/173 1464/176 134/174
f 23/62 1399/177 63/178
f 22/63 23/62 65/179
f 63/178 1400/180 106/181
f 1493/182 1452/183 64/184
f 65/179 1867/185 22/63
f 1482/81 67/186 66/187
f 28/79 67/186 1482/81
f 28/79 1430/188 67/186
f 66/187 68/189 114/190
f 67/186 1429/191 68/189
f 114/190 1471/192 66/187
f 66/187 1470/193 1482/81
f 1485/94 1384/194 69/195
f 69/195 1383/196 1494/197
f 1494/197 70/198 69/195
f 69/195 72/199 1485/94
f 73/200 1406/201 1484/88
f 1484/88 74/202 73/200
f 74/202 1870/203 117/204
f 76/205 1442/206 1441/207
f 75/208 1861/209 76/205
f 76/205 1861/209 1442/206
f 76/205 77/210 75/208
f 1441/207 78/211 76/205
f 75/208 1880/212 262/213
f 262/213 1486/102 75/208
f 81/110 80/214 79/215
f 81/110 1393/216 80/214
f 79/215 128/217 130/218
f 80/214 1396/219 128/217
f 79/215 266/220 81/110
f 82/221 2005/222 1296/73
f 82/223 1869/224 1483/225
f 82/223 1483/225 2005/226
f 49/131 84/133 87/227
f 84/133 1423/228 85/229
f 85/229 86/230 87/227
f 139/231 1874/232 86/230
f 86/230 1468/233 87/227
f 87/227 1468/233 49/131
f 25/69 1414/68 1495/234
f 1495/234 26/235 25/69
f 88/236 1451/237 26/235
f 44/121 90/123 89/238
f 89/238 1313/239 1329/240
f 90/123 1404/241 1313/239
f 1329/240 91/242 89/238
f 1330/243 1456/244 91/242
f 89/238 92/127 44/121
f 1456/244 92/127 91/242
f 94/245 1438/246 1437/247
f 96/248 3583/249 94/245
f 94/245 4002/250 1438/246
f 94/245 95/251 93/252
f 1437/247 95/251 94/245
f 95/251 1440/253 1496/254
f 1496/254 286/255 95/251
f 97/256 1388/257 1387/258
f 1387/258 98/259 97/256
f 1387/258 150/260 98/259
f 150/260 99/261 98/259
f 289/262 1865/263 1388/257
f 100/264 2016/265 1352/266
f 1352/266 101/267 100/264
f 100/264 290/268 1847/269
f 135/270 1473/165 102/271
f 1473/165 59/164 102/271
f 1493/272 104/273 105/274
f 106/181 1400/180 104/275
f 105/274 8/16 107/13
f 104/275 1853/276 8/277
f 105/278 1453/279 1493/182
f 109/280 1418/281 1417/282
f 61/172 111/171 108/283
f 108/283 109/280 110/6
f 1859/284 4/4 109/280
f 110/6 302/285 108/283
f 108/283 1492/286 61/172
f 114/287 113/288 112/289
f 68/290 1432/291 113/288
f 112/289 115/26 1877/23
f 113/288 1431/292 115/26
f 112/289 1471/293 114/287
f 116/294 1855/295 117/296
f 118/297 1407/298 1855/295
f 117/296 314/299 116/294
f 116/294 315/300 13/301
f 13/301 118/297 116/294
f 14/39 1408/302 118/297
f 1494/197 1385/303 119/304
f 1385/303 120/38 119/304
f 120/38 121/305 119/304
f 119/304 71/306 1494/197
f 123/307 78/211 124/308
f 124/308 1862/309 1444/310
f 124/308 125/311 123/307
f 126/47 1479/56 125/311
f 1444/310 126/47 124/308
f 123/307 319/312 317/313
f 317/313 77/210 123/307
f 130/218 128/217 127/314
f 127/314 131/60 129/57
f 128/217 1395/315 131/60
f 133/316 1413/317 1412/318
f 132/175 103/162 133/316
f 132/175 135/270 102/271
f 134/174 1462/319 135/270
f 85/229 136/320 139/231
f 85/229 1426/321 136/320
f 139/231 138/75 137/84
f 136/320 1425/322 138/75
f 137/84 1469/323 139/231
f 1495/234 1380/324 140/325
f 140/325 1379/326 141/90
f 141/90 142/327 140/325
f 140/325 88/236 1495/234
f 145/328 1440/253 1439/329
f 146/330 1496/254 145/328
f 147/101 38/100 144/331
f 1439/329 147/101 145/328
f 144/331 1878/332 155/333
f 146/330 1520/334 1496/254
f 148/335 1390/336 1389/337
f 148/335 1392/338 1487/106
f 1487/106 157/339 148/335
f 149/340 99/261 150/260
f 151/341 1857/342 1497/343
f 151/341 1872/344 41/115
f 41/115 152/345 151/341
f 146/330 144/331 154/346
f 1520/334 146/330 156/347
f 1878/332 360/348 155/333
f 154/346 361/349 156/347
f 156/347 1554/350 1520/334
f 214/351 365/352 157/339
f 365/352 364/353 1521/354
f 158/355 151/341 159/356
f 159/356 1497/343 1558/357
f 208/358 1889/359 2060/360
f 158/355 159/356 1872/344
f 300/361 161/362 160/363
f 297/364 161/362 300/361
f 299/365 1454/22 161/362
f 160/363 163/366 218/367
f 1868/368 163/366 161/362
f 218/367 162/369 160/363
f 160/363 1884/370 300/361
f 162/369 369/371 1884/370
f 167/372 165/373 164/374
f 168/11 1465/10 165/373
f 164/374 223/375 222/376
f 165/373 1467/135 223/375
f 222/376 166/377 164/374
f 224/378 1891/379 166/377
f 164/374 166/377 167/372
f 166/377 1511/380 305/381
f 1476/30 380/382 170/28
f 169/383 2069/384 1522/385
f 1523/386 172/36 171/387
f 171/387 1477/153 230/388
f 172/36 12/35 171/387
f 1560/389 381/390 171/387
f 230/388 1560/389 171/387
f 171/387 381/390 1523/386
f 173/391 1368/392 1367/393
f 1367/393 175/394 173/391
f 1369/395 1460/40 175/394
f 179/396 319/312 177/54
f 19/53 1524/397 178/398
f 180/399 386/400 176/401
f 1524/397 180/399 178/398
f 176/401 389/402 179/396
f 324/403 182/65 181/404
f 181/404 185/405 183/406
f 182/65 1867/185 185/405
f 183/406 184/407 181/404
f 186/408 1500/409 184/407
f 181/404 326/410 324/403
f 187/411 190/412 188/413
f 188/413 189/414 187/411
f 191/415 400/416 189/414
f 187/411 1298/417 1297/418
f 189/414 1302/419 1298/417
f 1297/418 190/412 187/411
f 1299/420 1463/70 190/412
f 329/421 193/422 192/423
f 331/424 29/80 193/422
f 192/423 1876/82 1525/425
f 1525/425 1895/426 192/423
f 192/423 194/427 329/421
f 192/423 1513/428 194/427
f 195/429 2001/430 1281/431
f 1281/431 196/432 195/429
f 195/429 198/433 197/434
f 197/434 2001/430 195/429
f 202/435 34/95 200/436
f 337/437 35/438 202/435
f 200/436 72/199 254/439
f 203/440 1499/441 201/442
f 254/439 203/440 200/436
f 200/436 201/442 202/435
f 201/442 410/443 338/444
f 207/445 205/104 204/446
f 205/104 206/103 204/446
f 1879/105 412/447 206/103
f 204/446 413/448 207/445
f 207/445 1896/449 1878/332
f 1872/344 1889/359 208/358
f 209/450 40/113 208/358
f 210/451 1488/111 211/452
f 211/452 212/453 210/451
f 210/451 214/351 213/112
f 215/454 163/366 216/455
f 163/366 1868/368 1455/126
f 1457/125 281/456 216/455
f 215/454 1504/457 218/367
f 217/458 1505/459 1504/457
f 222/376 220/460 219/461
f 223/375 1466/134 220/460
f 219/461 275/462 274/463
f 220/460 1468/233 275/462
f 274/463 221/464 219/461
f 277/465 1892/466 221/464
f 219/461 224/378 222/376
f 221/464 1512/467 224/378
f 225/468 1489/116 227/469
f 225/468 2049/470 226/136
f 226/136 2057/471 1476/30
f 56/150 54/152 228/472
f 228/472 54/152 229/473
f 232/474 1888/475 2032/476
f 1524/397 235/167 233/477
f 233/477 1472/478 234/479
f 1472/166 1473/165 293/480
f 294/481 1517/482 234/483
f 233/477 236/484 1524/397
f 234/479 1518/485 236/484
f 321/486 238/487 237/488
f 320/489 1464/176 238/487
f 237/488 240/490 304/491
f 238/487 62/173 240/490
f 304/491 239/492 237/488
f 303/493 1510/494 239/492
f 237/488 241/495 321/486
f 239/492 1509/496 241/495
f 183/406 243/497 242/498
f 185/405 65/179 243/497
f 242/498 246/499 244/500
f 243/497 1452/183 246/499
f 244/500 245/501 242/498
f 247/502 1501/503 245/501
f 242/498 186/408 183/406
f 245/501 1883/504 186/408
f 1876/82 1470/193 248/505
f 248/505 1471/192 249/506
f 249/506 250/507 248/505
f 250/507 1895/426 1525/425
f 254/439 70/198 252/508
f 252/508 71/306 1528/509
f 255/510 455/511 253/512
f 1528/509 255/510 252/508
f 252/508 253/512 254/439
f 253/512 1882/513 203/440
f 256/514 199/515 197/434
f 259/516 32/86 199/515
f 197/434 257/517 256/514
f 256/514 260/518 258/519
f 258/519 259/516 256/514
f 1870/203 1459/520 259/516
f 261/521 1879/105 262/213
f 262/213 263/522 261/521
f 263/522 1514/523 261/521
f 261/521 1897/524 1879/105
f 266/220 79/215 264/525
f 211/452 266/220 264/525
f 264/525 130/218 1529/526
f 1529/526 265/527 264/525
f 264/525 268/528 211/452
f 269/529 1299/420 1297/418
f 269/529 83/530 1299/420
f 1297/418 270/531 269/529
f 269/532 1886/533 1526/534
f 1526/534 83/535 269/532
f 274/463 272/536 271/537
f 271/537 276/538 327/539
f 272/536 1874/232 276/538
f 327/539 273/540 271/537
f 332/541 1893/542 273/540
f 271/537 277/465 274/463
f 273/540 1893/542 277/465
f 281/456 1456/244 279/543
f 215/454 281/456 278/544
f 278/544 1335/545 1334/546
f 279/543 2011/547 1335/545
f 1334/546 280/548 278/544
f 1336/549 1506/550 280/548
f 278/544 217/458 215/454
f 280/548 1506/550 217/458
f 188/413 283/551 282/552
f 282/552 283/551 336/553
f 284/554 1498/555 191/415
f 336/553 284/554 282/552
f 282/552 191/415 188/413
f 3619/556 96/248 285/557
f 481/558 480/559 285/557
f 1520/334 481/558 286/255
f 480/559 3672/560 285/557
f 289/262 98/259 287/561
f 287/561 99/261 288/562
f 288/562 99/261 1521/354
f 288/562 483/563 287/561
f 1521/354 484/564 288/562
f 287/561 483/563 289/262
f 291/565 1354/566 1353/567
f 2067/568 473/569 351/570
f 1353/567 486/571 291/565
f 290/268 101/267 291/565
f 234/483 293/480 292/572
f 293/480 1462/319 320/489
f 322/573 1519/574 294/481
f 292/572 294/481 234/483
f 244/575 296/576 295/577
f 246/578 1453/579 296/576
f 295/577 299/365 297/364
f 296/576 107/13 299/365
f 297/364 298/580 295/577
f 300/361 1502/581 298/580
f 295/577 247/582 244/575
f 298/580 1503/583 247/582
f 304/491 302/285 301/584
f 301/584 1873/12 167/372
f 305/381 1510/494 303/493
f 167/372 305/381 301/584
f 301/584 303/493 304/491
f 249/585 1471/293 306/586
f 306/586 309/587 307/588
f 307/588 309/587 1522/385
f 306/586 112/289 309/587
f 307/588 308/589 306/586
f 306/586 251/590 249/585
f 1528/509 121/305 311/591
f 310/592 312/593 1523/386
f 311/591 122/37 312/593
f 1523/386 505/594 310/592
f 311/591 255/510 1528/509
f 310/592 504/595 311/591
f 313/596 1870/597 258/598
f 313/596 1887/599 173/391
f 173/391 314/299 313/596
f 316/600 1880/212 317/313
f 317/313 318/601 316/600
f 319/312 1898/602 318/601
f 318/601 1515/603 316/600
f 1898/602 1515/603 318/601
f 316/600 1516/604 263/522
f 292/572 320/489 322/573
f 322/573 320/489 321/486
f 241/495 1890/605 321/486
f 321/486 344/606 322/573
f 1529/526 130/218 323/607
f 323/607 1866/66 324/403
f 324/403 325/608 323/607
f 323/607 267/609 1529/526
f 276/538 1469/323 328/610
f 327/539 331/424 329/421
f 328/610 1875/83 331/424
f 329/421 330/611 327/539
f 194/427 1894/612 330/611
f 336/553 334/613 333/614
f 283/551 142/327 334/613
f 333/614 337/437 202/435
f 334/613 143/96 337/437
f 202/435 338/444 333/614
f 333/614 335/615 336/553
f 335/615 1881/616 284/554
f 341/617 1515/603 339/618
f 339/618 1898/602 1552/619
f 1552/619 340/620 339/618
f 339/618 1914/621 341/617
f 488/622 343/623 342/624
f 344/606 1890/605 343/623
f 342/624 343/623 440/625
f 440/625 1911/626 342/624
f 342/624 490/627 488/622
f 342/624 1544/628 490/627
f 348/629 346/630 345/631
f 468/632 325/608 346/630
f 345/631 349/633 394/634
f 346/630 326/410 349/633
f 394/634 347/635 345/631
f 396/636 1902/637 347/635
f 345/631 350/638 348/629
f 347/635 1534/639 350/638
f 473/569 352/640 351/570
f 475/641 330/611 352/640
f 351/570 1894/612 353/642
f 351/570 2061/643 2067/568
f 356/644 355/645 354/646
f 357/647 335/615 355/645
f 354/646 410/443 409/648
f 358/649 557/650 560/651
f 409/648 358/649 354/646
f 354/646 560/651 356/644
f 361/349 154/346 359/652
f 360/348 562/653 359/652
f 1896/449 566/654 360/348
f 359/652 565/655 361/349
f 361/349 1632/656 1554/350
f 364/353 365/352 362/657
f 362/657 365/352 363/658
f 365/352 214/351 1556/659
f 363/658 569/660 362/657
f 362/657 569/660 364/353
f 364/353 1634/661 1555/662
f 366/663 1558/357 1557/664
f 366/663 1557/664 367/665
f 367/665 368/666 366/663
f 576/667 415/668 367/665
f 368/666 159/356 366/663
f 372/669 369/371 373/670
f 373/670 1885/671 370/672
f 369/371 1504/457 1885/671
f 370/672 371/673 373/670
f 424/674 1906/675 371/673
f 371/673 1538/676 373/670
f 376/677 375/678 374/679
f 377/680 1891/379 375/678
f 374/679 375/678 425/681
f 429/682 2050/683 374/679
f 374/679 1546/684 376/677
f 2069/384 169/383 378/685
f 1559/686 379/687 378/685
f 378/685 1913/688 2069/384
f 1560/389 382/689 381/390
f 381/390 1900/690 505/594
f 384/691 1887/599 508/692
f 384/691 1908/693 1561/694
f 1561/694 174/695 384/691
f 388/696 386/400 385/697
f 1552/619 389/402 388/696
f 386/400 180/399 387/698
f 387/698 1518/485 1562/699
f 390/700 606/701 385/697
f 1562/699 390/700 387/698
f 388/696 1553/702 1552/619
f 385/697 609/703 388/696
f 394/634 392/704 391/705
f 349/633 1500/409 392/704
f 391/705 395/706 447/707
f 392/704 1883/504 395/706
f 447/707 393/708 391/705
f 449/709 1903/710 393/708
f 391/705 396/636 394/634
f 393/708 1535/711 396/636
f 397/712 401/713 398/714
f 400/416 191/415 401/713
f 398/714 399/715 397/712
f 402/716 620/717 399/715
f 397/712 1301/718 1300/719
f 399/715 1543/720 1301/718
f 1300/719 400/416 397/712
f 1894/612 1513/428 404/721
f 403/722 1895/426 452/723
f 2048/724 695/725 1548/726
f 452/723 2048/724 403/722
f 403/722 405/727 404/721
f 404/721 405/727 353/642
f 1548/726 405/727 2048/724
f 1549/728 2061/643 405/727
f 406/729 1285/730 1284/731
f 1284/731 1835/732 406/729
f 406/729 1836/733 198/433
f 410/443 1499/441 407/734
f 407/734 1882/513 1566/735
f 1566/735 408/736 407/734
f 409/648 638/737 358/649
f 413/448 204/446 411/738
f 463/739 641/740 412/447
f 414/741 1889/359 368/666
f 650/742 2037/743 1508/744
f 419/745 417/746 416/747
f 1556/659 417/746 419/745
f 1556/659 214/351 417/746
f 416/747 420/748 467/749
f 417/746 212/453 420/748
f 467/749 418/750 416/747
f 469/751 1530/752 418/750
f 419/745 363/658 1556/659
f 418/750 1531/753 419/745
f 419/745 1531/753 363/658
f 370/672 1505/459 421/754
f 422/755 423/756 421/754
f 1567/757 423/756 422/755
f 1567/757 1539/758 423/756
f 421/754 424/674 370/672
f 423/756 1539/758 424/674
f 375/678 1512/467 426/759
f 426/759 1892/466 427/760
f 427/760 428/761 425/681
f 428/761 2041/762 429/682
f 431/763 225/468 430/764
f 1559/686 2049/470 431/763
f 586/765 588/766 2050/683
f 227/469 2037/743 430/764
f 1560/389 230/388 432/767
f 432/767 229/473 1568/768
f 1568/769 433/770 432/771
f 432/767 383/772 1560/389
f 435/773 2023/774 1368/392
f 435/775 1570/776 1569/777
f 435/775 1909/778 1570/776
f 1569/777 2023/779 435/775
f 1562/699 436/780 439/781
f 1562/699 1518/485 436/780
f 439/782 436/783 437/784
f 436/783 1519/574 489/785
f 437/786 438/787 439/781
f 439/781 1563/788 1562/699
f 438/787 1551/789 439/781
f 343/623 1509/496 441/790
f 440/625 441/790 442/791
f 442/791 443/792 440/625
f 447/793 445/794 444/795
f 395/706 1501/503 445/796
f 444/795 495/797 494/798
f 448/799 1503/583 495/797
f 494/798 446/800 444/795
f 496/801 1904/802 446/800
f 444/795 449/803 447/793
f 446/800 1536/804 449/803
f 452/723 451/805 450/806
f 1895/426 250/507 451/805
f 450/806 453/807 1571/808
f 451/805 251/809 453/807
f 502/810 1550/811 2046/812
f 2062/813 2046/812 695/725
f 1566/735 455/511 454/814
f 455/511 255/510 456/815
f 456/815 255/510 1572/816
f 456/815 698/817 454/814
f 454/814 1899/818 1566/735
f 457/819 1527/820 198/433
f 198/433 707/821 457/819
f 457/819 458/822 459/823
f 459/823 257/517 457/819
f 462/824 1514/523 460/825
f 461/826 1516/604 341/617
f 460/825 463/739 462/824
f 462/824 463/739 1897/524
f 467/749 465/827 464/828
f 420/748 268/528 465/827
f 464/828 468/632 348/629
f 465/827 267/609 468/632
f 348/629 466/829 464/828
f 350/638 1532/830 466/829
f 464/828 469/751 467/749
f 466/829 1533/831 469/751
f 1301/718 2007/832 471/833
f 470/834 1564/835 1565/836
f 471/837 1639/838 1564/835
f 1565/836 2006/839 470/834
f 427/760 1893/542 472/840
f 472/840 475/641 473/569
f 472/840 1893/542 475/641
f 473/569 474/841 472/840
f 472/840 428/761 427/760
f 1567/757 476/842 477/843
f 422/755 1506/550 476/842
f 476/842 1506/550 1339/844
f 1339/844 1907/845 477/843
f 1338/846 1907/845 1339/844
f 1907/845 1540/847 477/843
f 477/843 1540/847 1567/757
f 398/714 1881/616 478/848
f 401/713 1498/555 1881/616
f 478/848 357/647 356/644
f 479/849 734/850 402/716
f 356/644 479/849 478/848
f 478/848 402/716 398/714
f 481/558 738/851 480/559
f 1632/656 738/851 481/558
f 1568/769 483/563 482/852
f 485/853 743/854 482/852
f 1555/662 485/853 484/564
f 482/852 1901/855 1568/769
f 486/571 1356/856 1355/857
f 1355/857 2017/858 486/571
f 1557/664 2043/859 487/860
f 437/784 489/785 488/622
f 488/622 490/627 437/784
f 490/627 1915/861 438/862
f 494/798 492/863 491/864
f 495/797 1502/581 492/863
f 491/864 369/371 372/669
f 492/863 1884/370 369/371
f 372/669 493/865 491/864
f 373/670 1905/866 493/865
f 491/864 496/801 494/798
f 493/865 1537/867 496/801
f 442/791 498/868 497/869
f 441/790 1510/494 498/868
f 497/869 377/680 376/677
f 498/868 1511/380 377/680
f 376/677 1546/684 497/869
f 497/869 1912/870 442/791
f 497/869 1545/871 1912/870
f 1571/872 499/873 2028/874
f 453/875 308/589 499/873
f 1913/688 2028/874 2069/384
f 499/873 307/588 501/876
f 501/876 2069/384 2028/874
f 1913/688 522/877 500/878
f 500/878 524/879 502/880
f 1572/816 504/595 503/881
f 506/882 260/883 459/884
f 459/884 509/885 506/882
f 506/882 507/886 508/692
f 508/692 313/596 506/882
f 1915/861 1910/887 510/888
f 543/889 511/890 2063/891
f 545/892 1601/893 511/890
f 515/894 513/895 512/896
f 688/897 513/895 515/894
f 690/898 1537/867 513/895
f 512/896 516/899 582/900
f 513/895 1905/866 516/899
f 517/901 784/902 514/903
f 582/900 517/901 512/896
f 512/896 514/903 515/894
f 515/894 691/904 688/897
f 514/903 1920/905 691/904
f 518/906 2068/907 519/908
f 519/908 520/909 518/906
f 587/910 1927/911 520/909
f 518/906 520/909 682/912
f 523/913 522/877 521/914
f 521/914 594/915 1627/916
f 522/877 1913/688 594/915
f 1627/916 1928/917 521/914
f 521/914 525/918 523/913
f 699/919 527/920 526/921
f 701/922 503/881 527/920
f 526/921 530/923 528/924
f 527/920 1900/690 530/923
f 528/924 529/925 526/921
f 598/926 1579/927 529/925
f 526/921 702/928 699/919
f 529/925 1578/929 702/928
f 531/930 535/931 532/932
f 534/933 509/885 535/931
f 532/932 533/934 531/930
f 536/935 1596/936 533/934
f 531/930 604/937 601/938
f 533/934 1597/939 604/937
f 601/938 534/933 531/930
f 603/940 507/886 534/933
f 541/941 340/620 538/942
f 1628/943 541/941 537/944
f 537/944 538/942 539/945
f 538/942 1553/702 609/703
f 539/945 540/946 537/944
f 542/947 1621/948 540/946
f 537/944 714/949 1628/943
f 540/946 1622/950 714/949
f 543/889 2063/891 2047/951
f 510/888 1544/628 544/952
f 2047/951 684/953 543/889
f 544/952 1911/626 546/954
f 684/953 545/892 543/889
f 683/955 1926/956 545/892
f 1629/957 547/958 549/959
f 719/960 1534/639 547/958
f 547/958 1902/637 1630/961
f 548/962 1918/963 1589/964
f 1589/964 549/959 548/962
f 1589/964 1629/957 549/959
f 553/965 551/966 550/967
f 554/968 2067/568 551/966
f 550/967 625/969 624/970
f 551/966 1549/728 625/969
f 624/970 552/971 550/967
f 623/972 1607/973 552/971
f 550/967 555/974 553/965
f 552/971 1608/975 555/974
f 559/976 557/650 556/977
f 556/977 638/737 637/978
f 561/979 1574/980 558/981
f 637/978 561/979 556/977
f 556/977 558/981 559/976
f 558/981 1916/982 736/983
f 562/653 566/654 563/984
f 566/654 1896/449 644/985
f 563/984 564/986 562/653
f 645/987 1615/988 564/986
f 562/653 567/989 565/655
f 565/655 1631/990 739/991
f 564/986 1616/992 567/989
f 567/989 1930/993 1631/990
f 571/994 569/660 568/995
f 1633/996 569/660 571/994
f 568/995 572/997 570/998
f 568/995 1584/999 571/994
f 571/994 1584/999 1633/996
f 576/667 574/1000 573/1001
f 573/1001 578/1002 575/1003
f 575/1003 1848/1004 1600/1005
f 575/1003 1635/1006 573/1001
f 1600/1005 649/1007 575/1003
f 573/1001 1635/1006 576/667
f 582/900 580/1008 579/1009
f 516/899 1538/676 580/1008
f 579/1009 1906/675 658/1010
f 583/1011 854/1012 581/1013
f 658/1010 583/1011 579/1009
f 579/1009 584/1014 582/900
f 581/1013 857/1015 584/1014
f 584/1014 1754/1016 517/901
f 519/908 588/766 585/1017
f 1546/684 588/766 2068/907
f 585/1017 586/765 663/1018
f 589/1019 1604/1020 587/910
f 663/1018 589/1019 585/1017
f 585/1017 587/910 519/908
f 594/915 379/687 591/1021
f 1627/916 594/915 590/1022
f 590/1022 591/1021 592/1023
f 591/1021 1559/686 668/1024
f 593/1025 1929/1026 865/1027
f 592/1023 1636/1028 593/1025
f 865/1027 1928/917 1627/916
f 528/924 596/1029 595/1030
f 530/923 382/689 596/1029
f 595/1030 599/1031 597/1032
f 596/1029 383/772 599/1031
f 597/1032 598/926 595/1030
f 675/1033 1581/1034 598/926
f 595/1030 598/926 528/924
f 600/1035 603/940 601/938
f 601/938 602/1036 600/1035
f 604/937 1597/939 602/1036
f 600/1035 602/1036 1372/1037
f 1372/1037 603/940 600/1035
f 1374/1038 1908/693 603/940
f 539/945 609/703 605/1039
f 605/1039 610/1040 607/1041
f 606/701 390/700 610/1040
f 607/1041 608/1042 605/1039
f 2042/1043 1625/1044 2066/1045
f 605/1039 542/947 539/945
f 608/1042 1623/1046 542/947
f 614/1047 613/1048 612/1049
f 1630/961 613/1048 614/1047
f 1630/961 1535/711 613/1048
f 613/1048 1903/710 615/1050
f 612/1049 616/1051 614/1047
f 614/1047 1919/1052 1590/1053
f 1590/1053 548/962 614/1047
f 617/1054 621/1055 618/1056
f 618/1056 619/1057 617/1054
f 735/1058 1925/1059 619/1057
f 617/1054 1304/1060 1303/1061
f 619/1057 1925/1059 1304/1060
f 1303/1061 620/717 617/1054
f 624/970 1548/726 622/1062
f 622/1062 695/725 694/1063
f 626/1064 1609/1065 623/972
f 694/1063 626/1064 622/1062
f 622/1062 623/972 624/970
f 1287/1066 2003/1067 628/1068
f 627/1069 631/1070 629/1071
f 628/1068 1837/1072 631/1070
f 629/1071 630/1073 627/1069
f 632/1074 1835/732 630/1073
f 637/978 634/1075 633/1076
f 638/737 408/736 634/1075
f 633/1076 634/1075 635/1077
f 635/1077 636/1078 633/1076
f 639/1079 1575/1080 636/1078
f 633/1076 636/1078 637/978
f 636/1078 1917/1081 561/979
f 644/985 411/738 641/740
f 563/984 644/985 640/1082
f 640/1082 641/740 642/1083
f 642/1083 713/1084 712/1085
f 641/740 463/739 713/1084
f 642/1083 643/1086 640/1082
f 712/1085 643/1086 642/1083
f 1640/1087 1931/1088 643/1086
f 640/1082 645/987 563/984
f 643/1086 1618/1089 645/987
f 648/1090 1635/1006 646/1091
f 415/668 1635/1006 648/1090
f 646/1091 649/1007 647/1092
f 647/1092 1600/1005 1599/1093
f 1599/1093 669/1094 647/1092
f 646/1091 650/742 648/1090
f 648/1090 650/742 414/741
f 646/1091 665/1095 650/742
f 572/997 1531/753 652/1096
f 651/1097 654/1098 718/1099
f 652/1096 1530/752 654/1098
f 655/1100 1586/1101 653/1102
f 718/1099 655/1100 651/1097
f 651/1097 653/1102 652/1096
f 653/1102 846/1103 570/998
f 658/1010 1540/847 656/1104
f 656/1104 1540/847 731/1105
f 731/1105 659/1106 656/1104
f 656/1104 657/1107 658/1010
f 663/1018 661/1108 660/1109
f 661/1108 2041/762 1547/1110
f 727/1111 1606/1112 662/1113
f 660/1109 662/1113 663/1018
f 662/1113 1605/1114 589/1019
f 666/1115 431/763 430/764
f 592/1023 668/1024 666/1115
f 430/764 665/1095 666/1115
f 665/1095 669/1094 667/1116
f 667/1116 1924/1117 1613/1118
f 667/1116 666/1115 665/1095
f 667/1116 592/1023 666/1115
f 1613/1118 1636/1028 667/1116
f 674/1119 433/1120 671/1121
f 597/1032 674/1119 670/1122
f 599/1031 433/1120 674/1119
f 670/1122 671/1121 672/1123
f 672/1123 1901/1124 745/1125
f 672/1123 673/1126 670/1122
f 745/1125 673/1126 672/1123
f 746/1127 1580/1128 673/1126
f 670/1122 675/1033 597/1032
f 673/1126 1581/1034 675/1033
f 677/1129 1641/1130 676/1131
f 676/1131 1909/778 1373/1132
f 1909/778 2024/1133 1373/1132
f 607/1041 679/1134 678/1135
f 610/1040 1551/789 679/1134
f 678/1136 1915/861 680/1137
f 2055/1138 511/890 681/1139
f 678/1136 2055/1138 2029/1140
f 511/890 1624/1141 681/1139
f 2029/1140 681/1139 1625/1142
f 1625/1044 2053/1143 2029/1144
f 546/954 443/792 685/1145
f 685/1145 1912/870 2034/1146
f 520/909 1602/1147 683/955
f 682/912 683/955 684/953
f 612/1148 687/1149 686/1150
f 615/1151 1536/804 687/1149
f 686/1150 690/898 688/897
f 687/1149 1904/802 690/898
f 688/897 689/1152 686/1150
f 689/1152 1920/905 1591/1153
f 616/1154 612/1148 686/1150
f 1591/1153 616/1154 689/1152
f 694/1063 1550/811 692/1155
f 692/1155 524/1156 523/1157
f 696/1158 1611/1159 693/1160
f 523/1157 696/1158 692/1155
f 692/1155 693/1160 694/1063
f 693/1160 1612/1161 626/1064
f 635/1077 698/817 697/1162
f 697/1162 701/922 699/919
f 698/817 456/815 701/922
f 699/919 700/1163 697/1162
f 702/928 1576/1164 700/1163
f 697/1162 639/1079 635/1077
f 700/1163 1577/1165 639/1079
f 703/1166 707/821 704/1167
f 704/1167 632/1074 629/1071
f 707/821 1836/733 632/1074
f 704/1168 705/1169 703/1170
f 708/1171 1595/1172 705/1169
f 629/1071 708/1173 704/1167
f 631/1070 1595/1174 708/1173
f 703/1170 536/935 532/932
f 705/1169 1922/1175 536/935
f 532/932 706/1176 703/1170
f 535/931 458/1177 706/1176
f 712/1085 710/1178 709/1179
f 713/1084 460/825 710/1178
f 709/1179 541/941 1628/943
f 710/1178 1914/621 541/941
f 714/949 1619/1180 711/1181
f 1628/943 714/949 709/1179
f 709/1179 711/1181 712/1085
f 711/1181 1931/1088 1640/1087
f 718/1099 716/1182 715/1183
f 654/1098 1533/831 716/1182
f 715/1183 719/960 1629/957
f 716/1182 1532/830 719/960
f 1629/957 717/1184 715/1183
f 717/1184 1589/964 1587/1185
f 715/1183 720/1186 718/1099
f 1587/1185 720/1186 717/1184
f 720/1186 1588/1187 655/1100
f 721/1188 723/1189 1303/1061
f 1303/1061 722/1190 721/1188
f 721/1191 1637/1192 1638/1193
f 722/1194 1921/1195 1637/1192
f 1638/1193 723/1196 721/1191
f 1639/838 2007/1197 723/1196
f 660/1109 725/1198 724/1199
f 2036/1200 428/761 474/841
f 724/1199 554/968 553/965
f 725/1198 2058/1201 554/968
f 553/965 726/1202 724/1199
f 555/974 1608/975 726/1202
f 724/1199 727/1111 660/1109
f 726/1202 1606/1112 727/1111
f 731/1105 729/1203 728/1204
f 728/1204 1344/1205 1343/1206
f 729/1203 1907/845 1344/1205
f 1343/1206 730/1207 728/1204
f 1593/1208 1592/1209 730/1207
f 728/1204 732/1210 731/1105
f 730/1207 1592/1209 732/1210
f 618/1056 734/850 733/1211
f 733/1211 479/849 559/976
f 736/983 1916/982 735/1058
f 559/976 736/983 733/1211
f 733/1211 735/1058 618/1056
f 737/1212 741/1213 738/851
f 737/1212 738/851 739/991
f 739/991 740/1214 737/1212
f 1631/990 1614/1215 740/1214
f 745/1216 743/854 742/1217
f 742/1217 1634/661 1633/996
f 1633/996 744/1218 742/1217
f 1633/996 1582/1219 744/1218
f 742/1217 746/1220 745/1216
f 744/1218 1583/1221 746/1220
f 748/1222 1359/1223 1357/1224
f 750/1225 2017/858 748/1222
f 748/1222 2017/858 1359/1223
f 747/1226 1358/1227 749/1228
f 749/1228 574/1000 747/1226
f 1848/1004 578/1002 749/1228
f 750/1225 487/860 2017/858
f 747/1226 577/1229 750/1225
f 750/1225 577/1229 487/860
f 752/1230 1606/1112 1608/975
f 929/1231 930/1232 751/1233
f 752/1230 828/1234 751/1233
f 752/1230 1608/975 829/1235
f 751/1233 830/1236 753/1237
f 753/1237 1660/1238 1658/1239
f 751/1233 933/1240 929/1231
f 753/1237 1658/1239 933/1240
f 927/1241 755/1242 754/1243
f 926/1244 1592/1209 755/1242
f 754/1243 1346/1245 756/1246
f 755/1242 1592/1209 1346/1245
f 757/1247 1733/1248 754/1243
f 754/1243 1742/1249 927/1241
f 761/1250 759/1251 758/1252
f 762/1253 1916/982 759/1251
f 758/1252 1672/1254 1673/1255
f 759/1251 1916/982 1672/1254
f 1673/1255 760/1256 758/1252
f 836/1257 1932/1258 760/1256
f 760/1256 1643/1259 761/1250
f 2030/1260 1614/1215 767/1261
f 763/1262 1674/1263 2035/1264
f 765/1265 3791/1266 766/1267
f 2033/1268 4070/1269 4170/1270
f 2030/1260 766/1267 2033/1268
f 764/1271 763/1262 2035/1264
f 763/1262 767/1261 1674/1263
f 842/1272 1944/1273 2035/1264
f 764/1271 765/1265 763/1262
f 768/1274 3790/1275 765/1265
f 1665/1276 768/1274 764/1271
f 1665/1276 3789/1277 768/1274
f 769/1278 940/1279 770/1280
f 940/1279 1583/1281 770/1280
f 770/1282 771/1283 769/1284
f 770/1282 1582/1219 773/1285
f 772/1286 1776/1287 1972/1288
f 1972/1288 941/1289 772/1286
f 1264/1290 776/1291 2019/1292
f 2019/1292 777/1293 775/1294
f 775/1294 1848/1004 2018/1295
f 780/1296 1626/1297 779/1298
f 947/1299 780/1296 779/1298
f 778/1300 814/1301 813/1302
f 779/1298 1601/893 814/1301
f 813/1302 781/1303 778/1300
f 778/1300 782/1304 779/1298
f 779/1298 782/1304 947/1299
f 960/1305 787/1306 783/1307
f 783/1307 788/1308 785/1309
f 785/1309 1754/1016 1753/1310
f 785/1309 786/1311 783/1307
f 1753/1310 786/1311 785/1309
f 859/1312 1748/1313 786/1311
f 783/1307 789/1314 960/1305
f 786/1315 1746/1316 789/1317
f 953/1318 791/1319 790/1320
f 955/1321 1927/911 791/1319
f 862/1322 1654/1323 792/1324
f 790/1320 792/1324 953/1318
f 792/1324 1937/1325 956/1326
f 966/1327 796/1328 793/1329
f 793/1330 794/1331 1678/1332
f 794/1331 1928/917 1678/1332
f 1678/1332 795/1333 793/1330
f 795/1333 1943/1334 1663/1335
f 1678/1332 867/1336 795/1333
f 793/1329 797/1337 966/1327
f 1663/1335 797/1338 795/1333
f 1679/1339 799/1340 798/1341
f 974/1342 1578/929 799/1340
f 798/1341 802/1343 800/1344
f 799/1340 1579/927 802/1343
f 798/1345 803/1346 801/1347
f 801/1347 1778/1348 1777/1349
f 800/1350 872/1351 803/1346
f 803/1346 1987/1352 1778/1348
f 801/1353 1679/1339 798/1341
f 1777/1354 975/1355 801/1353
f 804/1356 807/1357 805/1358
f 806/1359 1596/936 807/1357
f 805/1358 1934/1360 804/1356
f 1934/1360 873/1361 804/1356
f 873/1361 806/1359 804/1356
f 875/1362 1597/939 806/1359
f 981/1363 808/1364 2044/1365
f 982/1366 1622/950 808/1364
f 808/1364 1621/948 811/1367
f 809/1368 810/1369 2044/1365
f 1945/1370 981/1363 2044/1365
f 813/1302 817/1371 815/1372
f 814/1301 1926/956 817/1371
f 815/1372 816/1373 813/1302
f 823/1374 820/1375 819/1376
f 820/1375 821/1377 819/1376
f 1589/964 824/1378 820/1375
f 1918/963 884/1379 824/1378
f 819/1376 1949/1380 1745/1381
f 1963/1382 1755/1383 822/1384
f 1745/1381 1963/1382 819/1376
f 819/1376 822/1384 823/1374
f 1755/1383 986/1385 822/1384
f 828/1234 826/1386 825/1387
f 829/1235 1607/973 826/1386
f 826/1386 1610/1388 892/1389
f 827/1390 1661/1391 1659/1392
f 827/1390 828/1234 825/1387
f 1659/1392 830/1236 827/1390
f 1673/1255 832/1393 831/1394
f 1672/1254 1574/980 832/1393
f 831/1394 835/1395 833/1396
f 832/1393 1917/1081 835/1395
f 833/1396 834/1397 831/1394
f 1680/1398 1045/1399 834/1397
f 831/1394 836/1257 1673/1255
f 834/1397 1644/1400 836/1257
f 840/1401 838/1402 837/1403
f 841/1404 1615/988 838/1402
f 1674/1263 841/1404 840/1401
f 767/1261 1616/992 841/1404
f 837/1403 911/1405 910/1406
f 838/1402 1618/1089 911/1405
f 910/1406 839/1407 837/1403
f 837/1403 842/1272 840/1401
f 1666/1408 1667/1409 842/1272
f 843/1410 773/1285 844/1411
f 773/1285 1584/999 844/1411
f 844/1411 845/1412 843/1410
f 846/1103 922/1413 845/1412
f 843/1410 1811/1414 1810/1415
f 1810/1415 772/1286 843/1410
f 850/1416 774/1417 847/1418
f 1848/1004 777/1293 850/1416
f 847/1418 776/1291 848/1419
f 848/1419 776/1291 1651/1420
f 848/1419 849/1421 847/1418
f 1651/1420 851/1422 848/1419
f 847/1418 852/1423 850/1416
f 856/1424 854/1012 853/1425
f 1753/1310 857/1015 856/1424
f 853/1425 858/1426 855/1427
f 855/1427 928/1428 1707/1429
f 858/1426 583/1011 928/1428
f 855/1427 1743/1430 853/1425
f 1707/1429 1744/1431 855/1427
f 853/1425 859/1312 856/1424
f 856/1424 859/1312 1753/1310
f 853/1425 1743/1430 859/1312
f 791/1319 1604/1020 861/1432
f 790/1320 791/1319 860/1433
f 860/1433 861/1432 932/1434
f 932/1434 862/1322 860/1433
f 863/1435 1656/1436 862/1322
f 860/1433 862/1322 790/1320
f 1678/1332 865/1027 864/1437
f 864/1437 1929/1026 866/1438
f 1929/1026 938/1439 866/1438
f 864/1437 1063/1440 1664/1441
f 866/1438 1681/1442 1063/1440
f 867/1336 1678/1332 864/1437
f 1664/1441 867/1336 864/1437
f 802/1343 1581/1034 869/1443
f 800/1344 802/1343 868/1444
f 868/1444 869/1443 870/1445
f 870/1446 942/1447 871/1448
f 871/1448 1965/1449 1823/1450
f 872/1451 800/1344 868/1444
f 1823/1450 872/1351 871/1448
f 873/1361 1934/1360 1253/1452
f 1253/1452 874/1453 873/1361
f 874/1453 875/1362 873/1361
f 1376/1454 1597/939 875/1362
f 809/1368 877/1455 876/1456
f 876/1456 880/1457 878/1458
f 878/1458 879/1459 876/1456
f 876/1456 812/1460 809/1368
f 879/1459 1946/1461 812/1460
f 884/1379 1918/963 1590/1053
f 883/1462 1752/1463 1751/1464
f 963/1465 1752/1463 883/1462
f 883/1462 821/1377 884/1379
f 1750/1466 819/1376 883/1462
f 886/1467 1925/1059 887/1468
f 887/1468 1573/1469 762/1253
f 762/1253 885/1470 887/1468
f 761/1250 1653/1471 885/1470
f 887/1468 1306/1472 886/1467
f 885/1470 2009/1473 1306/1472
f 1308/1474 1925/1059 886/1467
f 892/1389 1609/1065 889/1475
f 825/1387 892/1389 888/1476
f 888/1476 889/1475 890/1477
f 889/1475 1612/1161 968/1478
f 890/1477 891/1479 888/1476
f 888/1476 893/1480 825/1387
f 1941/1481 893/1480 891/1479
f 894/1482 895/1483 1289/1484
f 1290/1485 2004/1486 894/1482
f 894/1482 1838/1487 977/1488
f 896/1489 2003/1067 895/1483
f 977/1488 896/1489 894/1482
f 902/1490 898/1491 897/1492
f 833/1396 898/1491 902/1490
f 835/1395 1575/1080 898/1491
f 898/1491 899/1493 897/1492
f 903/1494 973/1495 899/1493
f 898/1491 1577/1165 903/1494
f 897/1492 904/1496 900/1497
f 900/1497 1816/1498 1815/1499
f 900/1497 901/1500 897/1492
f 905/1501 1645/1502 901/1500
f 1815/1499 905/1501 900/1497
f 1981/1503 1076/1504 905/1501
f 897/1492 906/1505 902/1490
f 902/1490 1680/1398 833/1396
f 901/1500 1646/1506 906/1505
f 906/1505 1646/1506 1680/1398
f 910/1406 908/1507 907/1508
f 911/1405 1617/1509 908/1507
f 907/1508 912/1510 1684/1511
f 908/1507 1931/1088 912/1510
f 1684/1511 909/1512 907/1508
f 2059/1513 1670/1514 2051/1515
f 907/1508 913/1516 910/1406
f 917/1517 849/1421 914/1518
f 1600/1005 852/1423 917/1517
f 914/1518 851/1422 915/1519
f 915/1519 1935/1520 1652/1521
f 915/1519 916/1522 914/1518
f 1652/1521 918/1523 915/1519
f 914/1518 919/1524 917/1517
f 919/1524 1924/1117 1599/1093
f 922/1413 846/1103 921/1525
f 846/1103 1586/1101 921/1525
f 1585/1526 985/1527 921/1525
f 921/1525 984/1528 923/1529
f 928/1428 659/1106 926/1244
f 1707/1429 928/1428 925/1530
f 925/1530 926/1244 927/1241
f 927/1241 1741/1531 925/1530
f 925/1530 1744/1431 1707/1429
f 929/1231 861/1432 930/1232
f 861/1432 1605/1114 930/1232
f 933/1240 1657/1532 931/1533
f 931/1533 932/1434 929/1231
f 931/1533 1939/1534 863/1435
f 934/1535 938/1439 935/1536
f 938/1439 1929/1026 1613/1118
f 935/1536 916/1522 934/1535
f 1924/1117 919/1524 935/1536
f 934/1535 918/1523 936/1537
f 936/1537 1936/1538 1089/1539
f 936/1537 937/1540 934/1535
f 1089/1539 937/1540 936/1537
f 869/1443 1580/1128 940/1279
f 870/1445 869/1443 939/1541
f 939/1541 940/1279 769/1278
f 941/1289 1972/1288 1798/1542
f 942/1543 870/1445 939/1541
f 1798/1542 942/1447 941/1289
f 944/1544 1676/1545 943/1546
f 2026/1547 1675/1548 944/1544
f 943/1546 1642/1549 677/1129
f 878/1458 946/1550 945/1551
f 880/1457 1625/1044 946/1550
f 945/1552 780/1296 947/1299
f 946/1553 1624/1141 780/1296
f 947/1299 948/1554 945/1552
f 945/1551 1682/1555 878/1458
f 815/1372 952/1556 951/1557
f 817/1371 1602/1147 952/1556
f 951/1557 955/1321 953/1318
f 952/1556 1603/1558 955/1321
f 953/1318 954/1559 951/1557
f 951/1557 818/1560 815/1372
f 882/1561 959/1562 958/1563
f 959/1562 1919/1052 1591/1564
f 958/1563 962/1565 960/1566
f 959/1567 1920/905 962/1568
f 960/1566 961/1569 958/1563
f 789/1317 1739/1570 961/1569
f 958/1563 963/1465 882/1561
f 961/1569 1737/1571 963/1465
f 968/1478 1611/1159 965/1572
f 890/1477 968/1478 964/1573
f 964/1573 965/1572 966/1327
f 965/1572 525/1574 796/1328
f 966/1327 967/1575 964/1573
f 967/1575 1942/1576 1662/1577
f 964/1573 969/1578 890/1477
f 1662/1577 969/1578 967/1575
f 973/1495 903/1494 971/1579
f 903/1494 1577/1165 971/1579
f 970/1580 974/1342 1679/1339
f 971/1579 1576/1164 974/1342
f 970/1580 975/1355 972/1581
f 972/1581 1800/1582 1799/1583
f 972/1581 973/1495 970/1580
f 1799/1583 904/1496 972/1581
f 976/1584 978/1585 977/1586
f 978/1585 1837/1587 896/1588
f 977/1586 1648/1589 976/1584
f 976/1584 1649/1590 805/1358
f 805/1358 978/1585 976/1584
f 807/1357 1922/1175 978/1585
f 1684/1511 980/1591 979/1592
f 912/1510 1620/1593 980/1591
f 979/1592 982/1366 981/1363
f 980/1591 1619/1180 982/1366
f 2031/1594 1670/1514 2059/1513
f 1945/1370 1669/1595 2031/1594
f 979/1592 2051/1515 1684/1511
f 986/1385 985/1527 983/1596
f 983/1596 1588/1187 1587/1185
f 1587/1185 820/1375 983/1596
f 986/1385 1993/1597 1770/1598
f 1770/1598 984/1528 986/1385
f 987/1599 1933/1600 1683/1601
f 1683/1601 1307/1602 987/1599
f 1683/1601 1839/1603 1307/1602
f 989/1604 1073/1605 990/1606
f 990/1606 1941/1481 1662/1577
f 990/1606 991/1607 989/1604
f 1662/1577 993/1608 990/1606
f 989/1604 994/1609 992/1610
f 994/1611 1997/1612 1820/1613
f 992/1610 1071/1614 989/1604
f 1992/1615 1074/1616 992/1610
f 1701/1617 998/1618 995/1619
f 995/1619 999/1620 996/1621
f 996/1621 997/1622 995/1619
f 1032/1623 1694/1624 997/1622
f 995/1619 1082/1625 1701/1617
f 997/1622 1952/1626 1082/1625
f 1003/1627 1001/1628 1000/1629
f 1087/1630 1658/1239 1001/1628
f 1658/1239 1041/1631 1001/1628
f 1001/1628 1040/1632 1002/1633
f 1995/1634 1122/1635 1002/1633
f 1000/1629 1004/1636 1003/1627
f 1244/1637 1643/1638 1005/1639
f 1005/1640 1932/1258 1736/1641
f 1736/1641 1006/1642 1005/1640
f 1005/1639 1245/1643 1242/1644
f 1006/1645 1996/1646 1245/1643
f 1007/1647 1011/1648 1008/1649
f 1010/1650 3825/1651 1011/1648
f 1011/1648 4078/1652 1665/1276
f 1009/1653 1951/1654 1688/1655
f 1054/1656 1951/1654 1009/1653
f 1009/1653 1010/1650 1007/1647
f 1012/1657 3824/1658 1010/1650
f 1688/1655 1012/1657 1009/1653
f 1688/1655 3823/1659 1012/1657
f 1017/1660 1671/1661 1014/1662
f 1013/1663 1014/1662 1015/1664
f 1014/1662 781/1665 1037/1666
f 1015/1664 1016/1667 1013/1663
f 1016/1667 1700/1668 1094/1669
f 1021/1670 1019/1671 1018/1672
f 1018/1672 1022/1673 1058/1674
f 1019/1671 1654/1323 1022/1673
f 1058/1674 1023/1675 1018/1672
f 1018/1672 1020/1676 1021/1670
f 1020/1676 1687/1677 1103/1678
f 1024/1679 1942/1680 1663/1335
f 1663/1335 1025/1681 1024/1679
f 1024/1679 1027/1682 1026/1683
f 1026/1683 1787/1684 1786/1685
f 1027/1682 1977/1686 1787/1684
f 1026/1683 991/1687 1024/1679
f 1997/1612 994/1611 1026/1683
f 996/1621 1029/1688 1028/1689
f 999/1620 1945/1370 1029/1688
f 1028/1689 1946/1461 1030/1690
f 1030/1690 1031/1691 1028/1689
f 1069/1692 1695/1693 1031/1691
f 1028/1689 1032/1623 996/1621
f 1031/1691 1696/1694 1032/1623
f 1037/1695 816/1373 1034/1696
f 1015/1664 1037/1666 1033/1697
f 1033/1697 1034/1698 1035/1699
f 1034/1696 818/1560 1102/1700
f 1035/1701 1036/1702 1033/1703
f 1033/1697 1016/1667 1015/1664
f 1036/1704 1685/1705 1016/1667
f 1038/1706 1660/1238 1659/1392
f 1659/1392 1756/1707 1038/1706
f 1039/1708 1788/1709 1995/1634
f 1039/1708 1040/1632 1038/1706
f 1995/1634 1040/1632 1039/1708
f 1736/1641 1644/1400 1042/1710
f 1042/1710 1045/1399 1043/1711
f 1045/1399 1646/1506 1075/1712
f 1043/1711 1044/1713 1042/1710
f 1043/1711 1966/1714 1782/1715
f 1042/1710 1970/1716 1736/1641
f 1050/1717 1048/1718 1047/1719
f 1051/1720 1666/1408 1048/1718
f 1007/1647 1051/1720 1050/1717
f 1008/1649 1667/1409 1051/1720
f 1047/1719 1052/1721 1080/1722
f 1048/1718 2038/1723 1052/1721
f 1053/1724 1690/1725 1049/1726
f 1080/1722 1053/1724 1047/1719
f 1079/1727 1689/1728 1053/1724
f 1047/1719 1054/1656 1050/1717
f 1050/1717 1054/1656 1007/1647
f 1049/1726 1691/1729 1054/1656
f 1058/1674 1056/1730 1055/1731
f 1022/1673 1656/1436 1056/1730
f 1055/1731 1059/1732 1705/1733
f 1056/1730 1939/1534 1059/1732
f 1705/1733 1162/1734 1055/1731
f 1055/1731 1057/1735 1058/1674
f 1060/1736 1025/1681 1061/1737
f 1061/1737 1943/1334 1664/1441
f 1061/1737 1062/1738 1060/1736
f 1063/1440 1749/1739 1062/1738
f 1664/1441 1063/1440 1061/1737
f 1060/1736 1832/1740 1831/1741
f 1062/1738 1982/1742 1832/1740
f 1830/1743 1027/1682 1060/1736
f 1030/1690 1065/1744 1064/1745
f 1946/1461 879/1459 1065/1744
f 1064/1745 1068/1746 1066/1747
f 1066/1747 1068/1746 1706/1748
f 1065/1744 881/1749 1068/1746
f 1066/1747 1067/1750 1064/1745
f 1706/1748 1067/1750 1066/1747
f 1097/1751 1697/1752 1067/1750
f 1064/1745 1069/1692 1030/1690
f 1067/1750 1698/1753 1069/1692
f 1070/1754 1661/1391 1941/1481
f 1941/1481 1073/1605 1070/1754
f 1070/1754 1074/1616 1072/1755
f 1074/1616 1992/1615 1833/1756
f 1072/1755 1756/1707 1070/1754
f 1788/1709 1039/1708 1072/1755
f 1075/1712 1645/1502 1076/1504
f 1043/1711 1075/1712 1076/1504
f 1076/1504 1981/1503 1818/1757
f 1817/1758 1043/1711 1076/1504
f 1080/1722 1078/1759 1077/1760
f 1052/1721 2039/1761 1078/1759
f 1077/1760 998/1618 1701/1617
f 1078/1759 1668/1762 1081/1763
f 1081/1763 1670/1514 998/1618
f 1082/1625 1692/1764 1079/1727
f 1701/1617 1082/1625 1077/1760
f 1077/1760 1079/1727 1080/1722
f 1086/1765 1084/1766 1083/1767
f 1705/1733 1084/1766 1086/1765
f 1059/1732 1657/1532 1084/1766
f 1083/1767 1087/1630 1003/1627
f 1084/1766 1940/1768 1087/1630
f 1003/1627 1085/1769 1083/1767
f 1004/1636 1950/1770 1085/1769
f 1085/1769 1177/1771 1086/1765
f 1086/1765 1740/1772 1705/1733
f 1088/1773 1681/1442 1089/1539
f 1091/1774 1749/1739 1681/1442
f 1089/1539 1278/1775 1088/1773
f 1090/1776 1814/1777 1813/1778
f 1088/1773 1278/1775 1090/1776
f 1090/1776 1973/1779 1814/1777
f 1090/1776 1091/1774 1088/1773
f 1813/1778 1091/1774 1090/1776
f 1812/1780 1749/1739 1091/1774
f 1095/1781 1093/1782 1092/1783
f 1096/1784 948/1785 1093/1782
f 1706/1748 1096/1784 1095/1781
f 1068/1746 950/1786 1096/1784
f 1092/1783 1017/1660 1013/1663
f 1093/1782 1671/1661 1017/1660
f 1013/1663 1094/1669 1092/1783
f 1092/1783 1097/1751 1095/1781
f 1095/1781 1097/1751 1706/1748
f 1094/1669 1699/1787 1097/1751
f 1102/1700 954/1559 1099/1788
f 1035/1701 1102/1700 1098/1789
f 1098/1789 1099/1788 1100/1790
f 1100/1790 1655/1791 1021/1670
f 1099/1788 1937/1325 1655/1791
f 1100/1790 1101/1792 1098/1789
f 1103/1678 1686/1793 1101/1792
f 1021/1670 1103/1678 1100/1790
f 1098/1789 1036/1702 1035/1701
f 1101/1794 1686/1795 1036/1704
f 1107/1796 1105/1797 1104/1798
f 1108/1799 1954/1800 1105/1797
f 1165/1801 1108/1799 1107/1796
f 1105/1797 1129/1802 1104/1798
f 1105/1797 1954/1800 1109/1803
f 1106/1804 1975/1805 1785/1806
f 1106/1804 1719/1807 1104/1798
f 1110/1808 1718/1809 1719/1807
f 1785/1806 1110/1808 1106/1804
f 1104/1798 1958/1810 1107/1796
f 1107/1796 1168/1811 1165/1801
f 1114/1812 1112/1813 1111/1814
f 1112/1815 1135/1816 1111/1817
f 1112/1815 1687/1677 1136/1818
f 1113/1819 1768/1820 1767/1821
f 1111/1817 1137/1822 1113/1823
f 1113/1824 1990/1825 1768/1826
f 1113/1819 1114/1812 1111/1814
f 1767/1821 1148/1827 1113/1819
f 1118/1828 1116/1829 1115/1830
f 1174/1831 1694/1624 1116/1829
f 1115/1830 1119/1832 1142/1833
f 1116/1829 1953/1834 1119/1832
f 1142/1833 1117/1835 1115/1830
f 1145/1836 1715/1837 1117/1835
f 1115/1830 1120/1838 1118/1828
f 1117/1835 1713/1839 1120/1838
f 1126/1840 1124/1841 1123/1842
f 1126/1840 3843/1843 1124/1841
f 1124/1841 4085/1844 1688/1655
f 1123/1842 1127/1845 1720/1846
f 1124/1841 1951/1654 1127/1845
f 1720/1846 1125/1847 1123/1842
f 1123/1842 1128/1848 1126/1840
f 1128/1848 3842/1849 1126/1840
f 1125/1847 1709/1850 1128/1848
f 1709/1850 3841/1851 1128/1848
f 1109/1803 1700/1668 1130/1852
f 1129/1802 1130/1852 1146/1853
f 1131/1854 1984/1855 1819/1856
f 1975/1805 1106/1804 1131/1854
f 1132/1857 1136/1818 1133/1858
f 1136/1818 1023/1675 1133/1858
f 1133/1858 1735/1859 1132/1857
f 1134/1860 1795/1861 1794/1862
f 1132/1857 1734/1863 1134/1860
f 1134/1860 1967/1864 1795/1861
f 1134/1860 1135/1816 1132/1857
f 1794/1862 1137/1822 1134/1860
f 1142/1833 1139/1865 1138/1866
f 1143/1867 1695/1693 1139/1865
f 1119/1832 1696/1694 1143/1867
f 1138/1866 1139/1865 1140/1868
f 1139/1865 1698/1753 1167/1869
f 1140/1868 1141/1870 1138/1866
f 1144/1871 1714/1872 1141/1870
f 1138/1866 1145/1836 1142/1833
f 1141/1870 1715/1837 1145/1836
f 1130/1852 1685/1705 1147/1873
f 1146/1853 1147/1873 1114/1812
f 1147/1873 1686/1795 1112/1813
f 1148/1827 1803/1874 1802/1875
f 1148/1827 1983/1876 1803/1874
f 1802/1875 1131/1854 1148/1827
f 1153/1877 1150/1878 1149/1879
f 1154/1880 1690/1725 1150/1878
f 1720/1846 1154/1880 1153/1877
f 1127/1845 1691/1729 1154/1880
f 1149/1879 1155/1881 1151/1882
f 1151/1882 1173/1883 1172/1884
f 1150/1878 1689/1728 1155/1881
f 1155/1881 1693/1885 1173/1883
f 1151/1882 1152/1886 1149/1879
f 1156/1887 1710/1888 1152/1886
f 1172/1884 1156/1887 1151/1882
f 1175/1889 1956/1890 1156/1887
f 1149/1879 1157/1891 1153/1877
f 1153/1877 1125/1847 1720/1846
f 1152/1886 1711/1892 1157/1891
f 1157/1891 1955/1893 1125/1847
f 1158/1894 1133/1858 1159/1895
f 1133/1858 1057/1735 1159/1895
f 1159/1895 1160/1896 1158/1894
f 1057/1735 1162/1734 1159/1895
f 1158/1894 1974/1897 1161/1898
f 1161/1898 1775/1899 1774/1900
f 1160/1896 1179/1901 1974/1897
f 1161/1898 1735/1859 1158/1894
f 1167/1869 1697/1752 1164/1902
f 1140/1868 1167/1869 1163/1903
f 1163/1903 1164/1902 1165/1801
f 1164/1902 1699/1787 1108/1799
f 1165/1801 1166/1904 1163/1903
f 1168/1811 1716/1905 1166/1904
f 1163/1903 1144/1871 1140/1868
f 1166/1904 1717/1906 1144/1871
f 1172/1884 1170/1907 1169/1908
f 1173/1883 1692/1764 1170/1907
f 1169/1908 1174/1831 1118/1828
f 1170/1907 1692/1764 1174/1831
f 1118/1828 1171/1909 1169/1908
f 1120/1838 1957/1910 1171/1909
f 1169/1908 1175/1889 1172/1884
f 1171/1909 1712/1911 1175/1889
f 1176/1912 1740/1772 1177/1771
f 1177/1771 1178/1913 1176/1912
f 1178/1913 1950/1770 1121/1914
f 1178/1913 1986/1915 1822/1916
f 1179/1901 1160/1896 1176/1912
f 1821/1917 1179/1901 1822/1916
f 1182/1918 1181/1919 1180/1920
f 1183/1921 1716/1905 1181/1919
f 1181/1919 1192/1922 1180/1920
f 1180/1920 1192/1922 1781/1923
f 1781/1923 1182/1918 1180/1920
f 1780/1924 1184/1925 1781/1923
f 1188/1926 1186/1927 1185/1928
f 1214/1929 1712/1911 1186/1927
f 1185/1928 1189/1930 1196/1931
f 1186/1927 1957/1910 1189/1930
f 1190/1932 1725/1933 1187/1934
f 1196/1931 1190/1932 1185/1928
f 1185/1928 1187/1934 1188/1926
f 1187/1934 1960/1935 1215/1936
f 1192/1922 1718/1809 1110/1808
f 1192/1922 1181/1919 1718/1809
f 1181/1919 1719/1807 1718/1809
f 1191/1937 1824/1938 1192/1922
f 1196/1931 1194/1939 1193/1940
f 1189/1930 1713/1839 1194/1939
f 1193/1940 1207/1941 1206/1942
f 1194/1939 1715/1837 1207/1941
f 1197/1943 1961/1944 1195/1945
f 1206/1942 1197/1943 1193/1940
f 1193/1940 1195/1945 1196/1931
f 1195/1945 1726/1946 1190/1932
f 1198/1947 1201/1948 1199/1949
f 1199/1949 1709/1850 1708/1950
f 1201/1948 4088/1951 1709/1850
f 1198/1947 1728/1952 1729/1953
f 1199/1949 1955/1893 1728/1952
f 1729/1953 1200/1954 1198/1947
f 1730/1955 1721/1956 1200/1954
f 1200/1954 3312/1957 1198/1947
f 1200/1954 1722/1958 1202/1959
f 1206/1942 1204/1960 1203/1961
f 1207/1941 1714/1872 1204/1960
f 1204/1960 1182/1918 1203/1961
f 1204/1960 1717/1906 1183/1921
f 1184/1925 1976/1962 1784/1963
f 1203/1961 1205/1964 1206/1942
f 1727/1965 1197/1943 1205/1964
f 1212/1966 1209/1967 1208/1968
f 1213/1969 1710/1888 1209/1967
f 1729/1953 1213/1969 1212/1966
f 1728/1952 1711/1892 1213/1969
f 1208/1968 1214/1929 1210/1970
f 1210/1970 1214/1929 1188/1926
f 1209/1967 1956/1890 1214/1929
f 1210/1970 1211/1971 1208/1968
f 1215/1936 1723/1972 1211/1971
f 1188/1926 1215/1936 1210/1970
f 1208/1968 1216/1973 1212/1966
f 1212/1966 1730/1955 1729/1953
f 1211/1971 1724/1974 1216/1973
f 1216/1973 1959/1975 1730/1955
f 1220/1976 1218/1977 1217/1978
f 1221/1979 1723/1972 1218/1977
f 1731/1980 1221/1979 1220/1976
f 1732/1981 1724/1974 1221/1979
f 1217/1978 1222/1982 1219/1983
f 1218/1977 1960/1935 1222/1982
f 1217/1978 1806/1984 1805/1985
f 1223/1986 1985/1987 1806/1984
f 1217/1978 1804/1988 1220/1976
f 1220/1976 1979/1989 1731/1980
f 1219/1983 1225/1990 1224/1991
f 1222/1982 1725/1933 1225/1990
f 1225/1990 1226/1992 1224/1991
f 1225/1990 1726/1946 1228/1993
f 1224/1991 1229/1994 1227/1995
f 1227/1995 1773/1996 1772/1997
f 1229/1994 1994/1998 1773/1996
f 1227/1995 1219/1983 1224/1991
f 1771/1999 1223/1986 1227/1995
f 1230/2000 1228/1993 1231/2001
f 1228/1993 1726/1946 1231/2001
f 1231/2001 1240/2002 1230/2000
f 1961/1944 1241/2003 1231/2001
f 1230/2000 1978/2004 1232/2005
f 1232/2005 1226/1992 1230/2000
f 1761/2006 1229/1994 1232/2005
f 1236/2007 1234/2008 1233/2009
f 3859/2010 1234/2008 1236/2007
f 1234/2008 4093/2011 1722/1958
f 1233/2009 1237/2012 1235/2013
f 1235/2013 1732/1981 1731/1980
f 1234/2008 1721/1956 1237/2012
f 1237/2012 1959/1975 1732/1981
f 1235/2013 1764/2014 1233/2009
f 1731/1980 1765/2015 1235/2013
f 1233/2009 1763/2016 1236/2007
f 1236/2007 4097/2017 3859/2010
f 1238/2018 1241/2003 1239/2019
f 1241/2003 1961/1944 1727/1965
f 1238/2018 1792/2020 1240/2002
f 1792/2020 1978/2004 1240/2002
f 1310/2021 1653/1471 1244/2022
f 1243/2023 1790/2024 1789/2025
f 1242/2026 1243/2023 1309/2027
f 1309/2027 1310/2021 1242/2026
f 1247/2028 1702/2029 1246/2030
f 2027/2031 1969/2032 1247/2028
f 1246/2030 1703/2033 1248/2034
f 1248/2034 1703/2033 2026/1547
f 1648/2035 1260/2036 1249/2037
f 1249/2038 1252/2039 1250/2040
f 1250/2040 1797/2041 1796/2042
f 1250/2040 1251/2043 1249/2038
f 1991/2044 1271/2045 1250/2040
f 1251/2043 1649/1590 1648/1589
f 1378/2046 1809/2047 1808/2048
f 1254/2049 1968/2050 1809/2047
f 1254/2049 1377/2051 1253/1452
f 1258/2052 2004/1486 1294/2053
f 1256/2054 1257/2055 1255/2056
f 1255/2056 1260/2036 1258/2052
f 1260/2036 2004/1486 1258/2052
f 1264/1290 1362/2057 1261/2058
f 2019/1292 1364/2059 1264/1290
f 1261/2058 1363/2060 1262/2061
f 1262/2061 2020/2062 1849/2063
f 1262/2061 1263/2064 1261/2058
f 1850/2065 1275/2066 1262/2061
f 1263/2064 1274/2067 1264/1290
f 1265/2068 1267/2069 1309/2027
f 1309/2027 1266/2070 1265/2068
f 1266/2070 2010/2071 1841/2072
f 1265/2073 1759/2074 1760/2075
f 1266/2076 1998/2077 1759/2074
f 1760/2075 1267/2078 1265/2073
f 1760/2075 1840/2079 1267/2078
f 1649/1590 1251/2043 1268/2080
f 1268/2080 1271/2045 1269/2081
f 1269/2081 1829/2082 1828/2083
f 1271/2045 1991/2044 1829/2082
f 1269/2081 1270/2084 1268/2080
f 1827/2085 1254/2049 1269/2081
f 1274/2067 1263/2064 1272/2086
f 1272/2086 1275/2066 1273/2087
f 1275/2066 1850/2065 1757/2088
f 1272/2086 1276/2089 1274/2067
f 1274/2067 1935/1520 1651/1420
f 1279/2090 1273/2087 1277/2091
f 1652/1521 1276/2089 1279/2090
f 1277/2091 1964/2092 1758/2093
f 1758/2093 1278/1775 1277/2091
f 1277/2091 1936/1538 1279/2090
f 1279/2090 1936/1538 1652/1521
f 1483/2094 1458/2095 1280/2096
f 1458/2097 2001/430 30/85
f 31/87 1405/2098 1280/2099
f 1283/2100 1869/2101 1526/2102
f 1526/2102 1282/2103 1281/2104
f 1886/2105 1285/2106 1282/2103
f 2001/430 1458/2097 1283/2107
f 1285/2106 1565/2108 1284/2109
f 1285/2106 1886/2105 1565/2108
f 1284/2109 1639/2110 2002/2111
f 1286/2112 1639/2110 1638/2113
f 1286/2112 1637/2114 1287/2115
f 1287/2115 1921/2116 1594/2117
f 1286/2118 1287/1066 627/1069
f 627/1069 1288/2119 1286/2118
f 630/1073 2002/2120 1288/2119
f 1291/2121 1683/2122 1289/2123
f 1594/2117 1683/2122 1291/2121
f 1289/2123 1933/2124 1290/2125
f 1290/2125 1933/2124 1647/2126
f 895/1483 1594/2127 1291/2128
f 1294/2129 1760/2130 1292/2131
f 1647/2126 1760/2130 1294/2129
f 1292/2131 1759/2132 1293/2133
f 1293/2134 1255/2056 1292/2135
f 1295/72 83/530 82/221
f 82/221 1296/73 1295/72
f 1298/417 2006/2136 270/531
f 1300/719 1301/718 470/2137
f 470/2137 1302/419 1300/719
f 1304/1060 2008/2138 722/1190
f 723/1189 1543/720 1305/2139
f 1307/2140 2008/2138 1308/1474
f 886/1467 1306/1472 1308/1474
f 1308/1474 988/2141 987/2142
f 1306/1472 2009/1473 988/2141
f 987/2142 1307/2140 1308/1474
f 1243/2023 1989/2143 1826/2144
f 2010/2071 1266/2070 1243/2023
f 1267/2069 2009/1473 1310/2021
f 1329/240 2079/2145 2080/2146
f 1313/239 2092/2147 2079/2145
f 2080/2146 1330/243 1329/240
f 2080/2146 2011/547 1330/243
f 1331/2148 2081/2149 2082/2150
f 1332/2151 2093/2152 2081/2149
f 2082/2150 1333/2153 1331/2148
f 2083/2154 2012/2155 1333/2153
f 1316/2156 2084/2157 2085/2158
f 2085/2158 1317/2159 1316/2156
f 2085/2158 2013/2160 1317/2159
f 1321/2161 2086/2162 2087/2163
f 1846/2164 1341/2165 1321/2161
f 2087/2163 1322/2166 1321/2161
f 1321/2161 1342/2167 1846/2164
f 2088/2168 2014/2169 1322/2166
f 1322/2166 2014/2169 1342/2167
f 2090/2170 1324/2171 2089/2172
f 1324/2171 2094/2173 2089/2172
f 4146/2174 1844/2175 2090/2176
f 2090/2176 1325/2177 2095/2178
f 2091/2179 1323/2180 2090/2181
f 2095/2182 1326/2183 2091/2179
f 1326/2184 2015/2185 1345/2186
f 1327/2187 4146/2174 3971/2188
f 1313/2189 1404/2190 4147/2191
f 1334/546 1332/2151 1331/2148
f 1335/545 2011/547 1332/2151
f 1331/2148 1336/549 1334/546
f 1333/2153 1507/2192 1336/549
f 1338/846 1337/2193 1316/2156
f 1339/844 2012/2155 1337/2193
f 1316/2156 1317/2159 1338/846
f 1343/1206 1341/2165 1340/2194
f 1344/1205 2013/2160 1341/2165
f 1340/2194 1341/2165 1846/2164
f 1846/2164 1342/2167 1340/2194
f 1340/2194 1342/2167 1343/1206
f 756/1246 1346/1245 1345/2186
f 1345/2186 1324/2171 1323/2195
f 1346/1245 2014/2169 1324/2171
f 1345/2186 757/1247 756/1246
f 1311/2196 3458/2197 3457/2198
f 3459/2199 1312/2200 3457/2198
f 1312/2200 1311/2196 3457/2198
f 1348/2201 3425/2202 1314/2203
f 1348/2201 4012/2204 3425/2202
f 3427/2205 3464/2206 1315/2207
f 1350/2208 1318/2209 1349/2210
f 4146/2174 1320/2211 1350/2208
f 1352/2212 1491/2213 1351/2214
f 2016/2215 1490/2216 1352/2212
f 1351/2214 1871/2217 1354/2218
f 1353/2219 1888/2220 1356/2221
f 1356/2221 1569/2222 1355/2223
f 1570/2224 1542/2225 1355/2223
f 1355/857 1542/2226 2017/858
f 1357/2227 1909/2228 1641/2229
f 1641/2229 1358/2230 1357/2227
f 1642/2231 1598/2232 1358/2230
f 1360/2233 1677/2234 1676/2235
f 1361/2236 1642/2231 1677/2234
f 1676/2235 1650/2237 1360/2233
f 1650/2238 2019/1292 1360/2239
f 1364/2059 2019/1292 1650/2238
f 2019/1292 1361/2240 1360/2239
f 775/1294 1598/2241 1361/2240
f 1362/2242 1703/2243 1702/2244
f 1702/2244 1363/2245 1362/2242
f 1969/2246 2020/2247 1363/2245
f 1366/140 1365/139 1478/41
f 1365/139 1409/42 1478/41
f 1478/41 1460/40 1366/140
f 1367/393 1368/392 231/2248
f 1368/392 2023/774 232/2249
f 231/2248 1369/395 1367/393
f 2022/143 1460/40 1369/395
f 1370/2250 2024/2251 435/773
f 435/773 1368/392 1370/2250
f 1371/2252 1374/1038 1372/1037
f 1373/2253 1370/2250 1374/1038
f 1372/1037 2025/2254 1371/2252
f 1371/2252 677/2255 676/2256
f 676/2256 1373/2253 1371/2252
f 1375/2257 1376/1454 874/1453
f 2026/2258 944/2259 1375/2257
f 943/2260 1376/1454 1375/2257
f 943/2260 2025/2254 1376/1454
f 1378/2046 1988/2261 1791/2262
f 1378/2046 1246/2263 1377/2051
f 1791/2262 1247/2264 1378/2046
f 2065/2265 546/954 685/1145
f 2056/2266 811/1367 1623/1046
f 1912/870 2045/2267 2034/1146
f 473/569 2054/2268 2058/1201
f 913/1516 2038/1723 839/1407
f 2047/951 510/888 544/952
f 1547/1110 664/2269 661/1108
f 2040/2270 2056/2266 1623/1046
f 682/912 2065/2265 685/1145
f 1614/1215 2030/1260 2033/1268
f 511/890 2055/1138 2063/891
f 450/806 1571/808 2046/812
f 680/1137 510/888 2063/891
f 380/382 2057/471 1559/686
f 611/2271 2053/1143 2042/1043
f 500/878 1571/872 2028/874
f 2030/1260 767/1261 763/1262
f 1545/871 2068/907 2045/2267
f 877/1455 2040/2270 2066/1045
f 808/1364 811/1367 2044/1365
f 544/952 546/954 2047/951
f 2046/812 452/723 450/806
f 2032/476 2022/2272 231/2273
f 3460/2274 1311/2196 4145/2275
f 1353/2219 1871/2217 2032/2276
f 1311/2196 2075/2277 1845/2278
f 1312/2200 2070/2279 1311/2196
f 1314/2203 2071/2280 1348/2201
f 1348/2201 2076/2281 1312/2200
f 1315/2207 2077/2282 1314/2203
f 1319/2283 2072/2284 1315/2207
f 1318/2209 2073/2285 1319/2283
f 1320/2211 2074/2286 1318/2209
f 4146/2174 2078/2287 1320/2211
f 2090/2176 2078/2287 4146/2174
f 2079/2288 2075/2289 2070/2290
f 2076/2291 2093/2292 2080/2293
f 2081/2294 2076/2291 2071/2295
f 2071/2295 2083/2296 2082/2297
f 2077/2298 2084/2299 2083/2296
f 2084/2299 2077/2298 2072/2300
f 2073/2301 2086/2302 2085/2303
f 2087/2304 2073/2301 2074/2305
f 2074/2305 2088/2306 2087/2304
f 2078/2307 2094/2308 2088/2306
f 2089/2309 2078/2307 2090/2310
f 2097/2311 2098/2312 2096/2313
f 3523/2314 2099/2315 2097/2311
f 2097/2311 3526/2316 3523/2314
f 3561/2317 3569/2318 2096/2313
f 2098/2312 4016/2319 3559/2320
f 2101/2321 2102/2322 2100/2323
f 2100/2323 2103/2324 2101/2321
f 2101/2321 3991/2325 3507/2326
f 2100/2323 3550/2327 2104/2328
f 2100/2323 2104/2328 2150/2329
f 2100/2323 3551/2330 3550/2327
f 3534/2331 2108/2332 2106/2333
f 2108/2332 2221/2334 2105/2335
f 2107/2336 2156/2337 2106/2333
f 2106/2333 3536/2338 3534/2331
f 2281/2339 2107/2336 2105/2335
f 2105/2335 2283/2340 2281/2339
f 2105/2335 4019/2341 2283/2340
f 2109/2342 3984/2343 2227/2344
f 2110/2345 3496/2346 2109/2342
f 2285/2347 2110/2345 2109/2342
f 2109/2342 2229/2348 2285/2347
f 2111/2349 2112/2350 3479/2351
f 2287/2352 3572/2353 2111/2349
f 2111/2349 3482/2354 2287/2352
f 3479/2351 3478/2355 2111/2349
f 2113/2356 2114/2357 2116/2358
f 2116/2358 2233/2359 3573/2360
f 2114/2357 4007/2361 2233/2359
f 2115/2362 2114/2357 2113/2356
f 2115/2362 3544/2363 2114/2357
f 3574/2364 3543/2365 2115/2362
f 2113/2356 2117/2366 2115/2362
f 2115/2362 3575/2367 3574/2364
f 2116/2358 2289/2368 2113/2356
f 3573/2360 2292/2369 2116/2358
f 3503/2370 2237/2371 2119/2372
f 2121/2373 2120/2374 2119/2372
f 2120/2374 3505/2375 3502/2376
f 2119/2372 2235/2377 2121/2373
f 2122/2378 3520/2379 3517/2380
f 3557/2381 2123/2382 2122/2378
f 2122/2378 3409/2383 3557/2381
f 3517/2380 3410/2384 2122/2378
f 2126/2385 2243/2386 2125/2387
f 2125/2387 2128/2388 2126/2385
f 4017/2389 2127/2390 2125/2387
f 2125/2387 3566/2391 4017/2389
f 4133/2392 2132/2393 2129/2394
f 2129/2394 2133/2395 4133/2392
f 2131/2396 2130/2397 2129/2394
f 4132/2398 2130/2397 2131/2396
f 3493/2399 2136/2400 2134/2401
f 2134/2401 3983/2402 3493/2399
f 2135/2403 2176/2404 2134/2401
f 2134/2401 2137/2405 2135/2403
f 2136/2400 2249/2406 2137/2405
f 2138/2407 2139/2408 2141/2409
f 2139/2408 4004/2410 2253/2411
f 2140/2412 2139/2408 2138/2407
f 2138/2407 2320/2413 2140/2412
f 3499/2414 2144/2415 2143/2416
f 2143/2416 3988/2417 3499/2414
f 2329/2418 2188/2419 2143/2416
f 2143/2416 2328/2420 2324/2421
f 2145/2422 2259/2423 3516/2424
f 2322/2425 2257/2426 2145/2422
f 3516/2424 3995/2427 2145/2422
f 2148/2428 2150/2329 2147/2429
f 3508/2430 2103/2324 2148/2428
f 2147/2429 2151/2431 2148/2428
f 2148/2428 3992/2432 3508/2430
f 2149/2433 3552/2434 2152/2435
f 2147/2429 2152/2435 2197/2436
f 2150/2329 2149/2433 2147/2429
f 2104/2328 3553/2437 2149/2433
f 2154/2438 3569/2318 2153/2439
f 3526/2316 2097/2311 2154/2438
f 2155/2440 2194/2441 2154/2438
f 2154/2438 3528/2442 3525/2443
f 3560/2444 2155/2440 2153/2439
f 2153/2439 3561/2317 3560/2444
f 2342/2445 2146/2446 3535/2447
f 3535/2447 2344/2448 2342/2445
f 2156/2337 3570/2449 2344/2448
f 2157/2450 3479/2351 2158/2451
f 2157/2452 4014/2453 4159/2454
f 2158/2455 3578/2456 2157/2452
f 4158/2457 3577/2458 2158/2455
f 3985/2459 3571/2460 2159/2461
f 2159/2461 2161/2462 2160/2463
f 3497/2464 2160/2465 2161/2466
f 2162/2467 2163/2468 2164/2469
f 2163/2468 4008/2470 3574/2364
f 2210/2471 2163/2472 2162/2473
f 2211/2474 4009/2475 2163/2468
f 2162/2473 2212/2476 2210/2471
f 3567/2477 3568/2478 2212/2476
f 2164/2469 3567/2479 2162/2467
f 3575/2367 2354/2480 2164/2469
f 2166/2481 2167/2482 2165/2483
f 2166/2481 2239/2484 2167/2482
f 2166/2481 3996/2485 2240/2486
f 2165/2483 2168/2487 2166/2481
f 2168/2487 3521/2488 2166/2481
f 4015/2489 2218/2490 2165/2483
f 3505/2375 2120/2374 2170/2491
f 2169/2492 2214/2493 2170/2491
f 2214/2493 3506/2494 3504/2495
f 3548/2496 3580/2497 2169/2492
f 2170/2491 2118/2498 2169/2492
f 2169/2492 4011/2499 3548/2496
f 2172/2500 2127/2390 2171/2501
f 3532/2502 2128/2388 2172/2500
f 2173/2503 2222/2504 2172/2500
f 2172/2500 4000/2505 3532/2502
f 2367/2506 2173/2503 2171/2501
f 2171/2501 4017/2389 2367/2506
f 3494/2507 2176/2404 2174/2508
f 2174/2508 3495/2509 3494/2507
f 2177/2510 3581/2511 2174/2508
f 2174/2508 2178/2512 2175/2513
f 2179/2514 2130/2397 2181/2515
f 2181/2515 3512/2516 3511/2517
f 2376/2518 2133/2395 2179/2514
f 2181/2515 2180/2519 2179/2514
f 2180/2519 2433/2520 2375/2521
f 3511/2517 2180/2519 2181/2515
f 3511/2517 2225/2522 2180/2519
f 2182/2523 4005/2524 2140/2412
f 2184/2525 2183/2526 2182/2523
f 2185/2527 3540/2528 2183/2526
f 2182/2523 2379/2529 2184/2525
f 2140/2412 4021/2530 2182/2523
f 2186/2531 2188/2419 2382/2532
f 2382/2532 2189/2533 2186/2531
f 2186/2531 3989/2534 3500/2535
f 2190/2536 4013/2537 2191/2538
f 3527/2539 2194/2441 2192/2540
f 2194/2441 2155/2440 2195/2541
f 2193/2542 2244/2543 2192/2540
f 2192/2540 3530/2544 3527/2539
f 3562/2545 2245/2546 2193/2542
f 2193/2542 3563/2547 3562/2545
f 3520/2379 2123/2382 3582/2548
f 3582/2548 3981/2549 3520/2379
f 2400/2550 2196/2551 2124/2552
f 3509/2553 2151/2431 2198/2554
f 2197/2436 3440/2555 2198/2554
f 2198/2554 3510/2556 3509/2553
f 2199/2557 3439/2558 2197/2436
f 3554/2559 3441/2560 2199/2557
f 2197/2436 2152/2435 2199/2557
f 2152/2435 3554/2559 2199/2557
f 2201/2561 3538/2562 2203/2563
f 2203/2563 4002/250 3583/249
f 2202/2564 2201/2561 2200/2565
f 2202/2564 3584/2566 2201/2561
f 2201/2561 4003/2567 3537/2568
f 2204/2569 3497/2464 2206/2570
f 2205/2571 3986/2572 2204/2569
f 2255/2573 3986/2572 2205/2571
f 2403/2574 2205/2571 2204/2569
f 2206/2570 3579/2575 2403/2574
f 2207/2576 3466/2577 2209/2578
f 2209/2578 2208/2579 2207/2576
f 2208/2579 3586/2580 2407/2581
f 3568/2478 2241/2582 2212/2476
f 2213/2583 3580/2497 2215/2584
f 3506/2494 2214/2493 2213/2583
f 3549/2585 2101/2321 2213/2586
f 2213/2583 3990/2587 3506/2494
f 2217/2588 2218/2490 2216/2589
f 2217/2588 3997/2590 2168/2487
f 2216/2589 2099/2315 2217/2588
f 2099/2315 3522/2591 2217/2588
f 4016/2319 2098/2312 2216/2589
f 2218/2490 4015/2489 2418/2592
f 3533/2593 2222/2594 2220/2595
f 2222/2594 2173/2596 2219/2597
f 2221/2334 2108/2332 2220/2595
f 2220/2595 4001/2598 3533/2593
f 2424/2599 2221/2334 2219/2597
f 2219/2600 4018/2601 2424/2602
f 2223/2603 2225/2604 2224/2605
f 2433/2606 2180/2607 2223/2603
f 2223/2603 2434/2608 2432/2609
f 2224/2605 3572/2353 2223/2603
f 3514/2610 2112/2350 2224/2605
f 3495/2509 3581/2511 2226/2611
f 2227/2344 3984/2343 2226/2611
f 2228/2612 2227/2344 2226/2611
f 2226/2611 2177/2510 2228/2612
f 2230/2613 2185/2527 2184/2525
f 2231/2614 4006/2615 2185/2527
f 2232/2616 2231/2614 2230/2613
f 3573/2360 2233/2359 2232/2616
f 2233/2359 3542/2617 2231/2614
f 2230/2613 2436/2618 2232/2616
f 2232/2616 2292/2369 3573/2360
f 2184/2525 4022/2619 2230/2613
f 3501/2620 2189/2533 2236/2621
f 2234/2622 2237/2371 2236/2621
f 2236/2621 3503/2370 3501/2620
f 2239/2484 2211/2623 2210/2471
f 2240/2486 3519/2624 2211/2623
f 3558/2625 2167/2482 2241/2582
f 3529/2626 2244/2543 2242/2627
f 2244/2543 2193/2542 2245/2546
f 2243/2386 2126/2385 2242/2627
f 2242/2627 3531/2628 3529/2626
f 2243/2386 3565/2629 3564/2630
f 3492/2631 2248/2632 2246/2633
f 3492/2631 3582/2548 2248/2632
f 2246/2633 3982/2634 3492/2631
f 2249/2406 2136/2400 2246/2633
f 2248/2632 2196/2551 2247/2635
f 2250/2636 2251/2637 2252/2638
f 2251/2637 4003/2567 3584/2566
f 2141/2409 2253/2411 2250/2636
f 2253/2411 3539/2639 2251/2637
f 2250/2636 4020/2640 2141/2409
f 2254/2641 3498/2642 2255/2573
f 2254/2641 3987/2643 3498/2642
f 2264/2644 2328/2420 2254/2641
f 2254/2641 3585/2645 2263/2646
f 2256/2647 3994/2648 2258/2649
f 2256/2647 2267/2650 2268/2651
f 2258/2649 2257/2426 2256/2647
f 2250/2636 2252/2638 2260/2652
f 2252/2638 3612/2653 2262/2654
f 2260/2652 2261/2655 2250/2636
f 2482/2656 4020/2640 2261/2655
f 2262/2654 3651/2657 2483/2658
f 2265/2659 2264/2644 2263/2646
f 2487/2660 2327/2661 2264/2644
f 2268/2651 3586/2580 2256/2647
f 2266/2662 3654/2663 2268/2651
f 2268/2651 2267/2650 2266/2662
f 2269/2664 2271/2665 2274/2666
f 3551/2330 2413/2667 2269/2664
f 2274/2666 2272/2668 2269/2664
f 2272/2668 3550/2327 2269/2664
f 3593/2669 2270/2670 2274/2666
f 2271/2665 2415/2671 2274/2666
f 2276/2672 2278/2673 2275/2674
f 3559/2320 2279/2675 2276/2672
f 2275/2674 2339/2676 2276/2672
f 2276/2672 3561/2317 3559/2320
f 2277/2677 2338/2678 2275/2674
f 3601/2679 2340/2680 2277/2677
f 2278/2673 2421/2681 2277/2677
f 2277/2677 4031/2682 3601/2679
f 2283/2340 2423/2683 2280/2684
f 2280/2684 2107/2336 2281/2339
f 2282/2685 3570/2449 2107/2336
f 2285/2347 3614/2686 2284/2687
f 2284/2687 3571/2460 2110/2345
f 2501/2688 2502/2689 2284/2687
f 2502/2689 2347/2690 2284/2687
f 2284/2687 2504/2691 2501/2688
f 2286/2692 2434/2608 2287/2352
f 2287/2352 3480/2693 2286/2692
f 2288/2694 2292/2369 2291/2695
f 2291/2695 2292/2369 3615/2696
f 2288/2694 2290/2697 2289/2368
f 3616/2698 2117/2366 2290/2697
f 2508/2699 2293/2700 2288/2694
f 2293/2700 3616/2698 2290/2697
f 2288/2694 2511/2701 2508/2699
f 2291/2695 4035/2702 2511/2701
f 2295/2703 2443/2704 2294/2705
f 2121/2373 4010/2706 2295/2703
f 2294/2705 2298/2707 2295/2703
f 2295/2703 4011/2499 2121/2373
f 2297/2708 2296/2709 2294/2705
f 3589/2710 2299/2711 2297/2708
f 2294/2705 2445/2712 2297/2708
f 2297/2708 2445/2712 3589/2710
f 2301/2713 2400/2550 2303/2714
f 2302/2715 2301/2713 2300/2716
f 2522/2717 2304/2718 2302/2715
f 2300/2716 3412/2719 2302/2715
f 2302/2715 3416/2720 2522/2717
f 2303/2714 3411/2721 2300/2716
f 3557/2381 3413/2722 2303/2714
f 3566/2391 2450/2723 2305/2724
f 2307/2725 2306/2726 2305/2724
f 2305/2724 2448/2727 2307/2725
f 2310/2728 3395/2729 2309/2730
f 2309/2730 2313/2731 2310/2728
f 2312/2732 2311/2733 2309/2730
f 4133/2392 2314/2734 2312/2732
f 2315/2735 2317/2736 2318/2737
f 2137/2405 3618/2738 2315/2735
f 2318/2737 2178/2512 2135/2403
f 2316/2739 2371/2740 2318/2737
f 2318/2737 2317/2736 2316/2739
f 2138/2407 2321/2741 2319/2742
f 2320/2413 2138/2407 2319/2742
f 2536/2743 2380/2744 2320/2413
f 2321/2741 4033/2745 2537/2746
f 2145/2422 2323/2747 2322/2425
f 2326/2748 2325/2749 2324/2421
f 2324/2421 2327/2661 2326/2748
f 2331/2750 2332/2751 2270/2670
f 2332/2751 3553/2437 2272/2668
f 2397/2752 2334/2753 2331/2750
f 2334/2753 3552/2434 2332/2751
f 2333/2754 2397/2752 2331/2750
f 2331/2750 2273/2755 2333/2754
f 2333/2754 3595/2756 3594/2757
f 2336/2758 2338/2678 2335/2759
f 3560/2444 2339/2676 2336/2758
f 2335/2759 2392/2760 2336/2758
f 2336/2758 3563/2547 3560/2444
f 2337/2761 2388/2762 2335/2759
f 3602/2763 2393/2764 2337/2761
f 2335/2759 2340/2680 2337/2761
f 2337/2761 3603/2765 3602/2763
f 2342/2445 2344/2448 2341/2766
f 2343/2767 2323/2747 2342/2445
f 2344/2448 4190/2768 4184/2769
f 2345/2770 2161/2462 2159/2461
f 2346/2771 3579/2575 2161/2466
f 2349/2772 4028/2773 4160/2774
f 4159/2454 4014/2453 2350/2775
f 2354/2480 3616/2698 2351/2776
f 2354/2480 3575/2367 3616/2698
f 2352/2777 3568/2478 3567/2477
f 3609/2778 2353/2779 2351/2776
f 2351/2776 3610/2780 3609/2778
f 2356/2781 2440/2782 2355/2783
f 3558/2625 2439/2784 2356/2781
f 2355/2783 4015/2489 2356/2781
f 2356/2781 4015/2489 3558/2625
f 2357/2785 2420/2786 2355/2783
f 2355/2783 2441/2787 2357/2785
f 2441/2787 4030/2788 3599/2789
f 2359/2790 2296/2709 2358/2791
f 3548/2496 2298/2707 2359/2790
f 2358/2791 2362/2792 2359/2790
f 2359/2790 3580/2497 3548/2496
f 2362/2792 3549/2793 3580/2497
f 2361/2794 2360/2795 2358/2791
f 3590/2796 2363/2797 2361/2794
f 2358/2791 2299/2711 2361/2794
f 2361/2794 4024/2798 3590/2796
f 2367/2506 2306/2726 2364/2799
f 2365/2800 2424/2602 4018/2601
f 2366/2801 2365/2800 2364/2799
f 2364/2799 2308/2802 2366/2801
f 2175/2513 2372/2803 2369/2804
f 2370/2805 2428/2806 2369/2804
f 2369/2804 2177/2510 2175/2513
f 2576/2807 2427/2808 2370/2805
f 2369/2804 2371/2740 2370/2805
f 2373/2809 2376/2518 2375/2521
f 2374/2810 2314/2734 2376/2518
f 2375/2521 2430/2811 2373/2809
f 2378/2812 4021/2530 2380/2744
f 2437/2813 2379/2529 2378/2812
f 2581/2814 2437/2813 2378/2812
f 2380/2744 4034/2815 3607/2816
f 2381/2817 2383/2818 2382/2532
f 2383/2818 2238/2819 2187/2820
f 2384/2821 2383/2818 2381/2817
f 2381/2817 2330/2822 2384/2821
f 2386/2823 4138/2824 2191/2825
f 2386/2826 4026/2827 2387/2828
f 2387/2828 4026/2827 4139/2829
f 2191/2538 3617/2830 2386/2826
f 3562/2545 2392/2760 2389/2831
f 2390/2832 2447/2833 2389/2831
f 2389/2831 3565/2629 3562/2545
f 2391/2834 2390/2832 2388/2762
f 2388/2762 2393/2764 2391/2834
f 2391/2834 3605/2835 3604/2836
f 2395/2837 2397/2752 2394/2838
f 3554/2559 2334/2753 2395/2837
f 2394/2838 3443/2839 2395/2837
f 2395/2837 4148/2840 3554/2559
f 2396/2841 3445/2842 2394/2838
f 4025/2843 3446/2844 2396/2841
f 2394/2838 2333/2754 2396/2841
f 2398/2845 2196/2551 2400/2550
f 2399/2846 2453/2847 2398/2845
f 4023/2848 2455/2849 2399/2846
f 2398/2845 2304/2718 2399/2846
f 2399/2846 3598/2850 4023/2848
f 2200/2565 3619/556 2401/2851
f 2401/2851 2202/2564 2200/2565
f 2402/2852 3612/2653 2202/2564
f 2599/2853 2402/2852 2401/2851
f 2600/2854 3651/2657 2402/2852
f 3672/560 2599/2853 2401/2851
f 2404/2855 3585/2645 2205/2571
f 2405/2856 2404/2855 2403/2574
f 2405/2856 3613/2857 2404/2855
f 2403/2574 2406/2858 2405/2856
f 2408/2859 3468/2860 2207/2576
f 2592/2861 3644/2862 2472/2863
f 2604/2864 3467/2865 2408/2859
f 2408/2859 4177/2866 2604/2864
f 2207/2576 2407/2581 2408/2859
f 2410/2867 2353/2868 2409/2869
f 3568/2478 2352/2777 2410/2867
f 2410/2867 3556/2870 3568/2478
f 2409/2869 2353/2868 2411/2871
f 2413/2667 2360/2872 2412/2873
f 2102/2322 2362/2874 2413/2667
f 2413/2667 3551/2330 2102/2322
f 2414/2875 2271/2665 2412/2873
f 2412/2873 2416/2876 2414/2875
f 2414/2875 3591/2877 2415/2671
f 2418/2592 2420/2786 2417/2878
f 2417/2878 2279/2675 2418/2592
f 3600/2879 2421/2681 2419/2880
f 2421/2681 2278/2673 2417/2878
f 2420/2786 2357/2785 2419/2880
f 2424/2599 2365/2881 2422/2882
f 2423/2683 2283/2340 4019/2341
f 2422/2882 2368/2883 2616/2884
f 2228/2612 2428/2806 2425/2885
f 2425/2885 2229/2348 2228/2612
f 2619/2886 2426/2887 2425/2885
f 2619/2886 3614/2686 2426/2887
f 2425/2885 2621/2888 2619/2886
f 2429/2889 2433/2606 2432/2609
f 2431/2890 2430/2891 2429/2889
f 2429/2889 4027/2892 2431/2890
f 2435/2893 4022/2619 2437/2813
f 3615/2696 2436/2618 2435/2893
f 2460/2894 3615/2696 2435/2893
f 2435/2893 3608/2895 2456/2896
f 2439/2784 2409/2869 2438/2897
f 3556/2870 2410/2867 2439/2784
f 2439/2784 3558/2625 3556/2870
f 4030/2788 2441/2787 2438/2897
f 2438/2897 2464/2898 4030/2788
f 2238/2819 2383/2818 2442/2899
f 2442/2899 4010/2706 2234/2622
f 2444/2900 2443/2704 2442/2899
f 2442/2899 2385/2901 2444/2900
f 2447/2833 2390/2832 2446/2902
f 2446/2902 2450/2723 2447/2833
f 2450/2723 3566/2391 3564/2630
f 2449/2903 2448/2727 2446/2902
f 4032/2904 2448/2727 2449/2903
f 2446/2902 2391/2834 2449/2903
f 2449/2903 3606/2905 4032/2904
f 2452/2906 2453/2847 2451/2907
f 2247/2635 2454/2908 2452/2906
f 2451/2907 3618/2738 2452/2906
f 2452/2906 3618/2738 2247/2635
f 2479/2909 2317/2736 2451/2907
f 2455/2849 4023/2848 3587/2910
f 2457/2911 4035/2702 2460/2894
f 2458/2912 2457/2911 2456/2896
f 2459/2913 3735/2914 2458/2912
f 4030/2788 2464/2898 2462/2915
f 2464/2898 2605/2916 2461/2917
f 3638/2918 2465/2919 2461/2917
f 2461/2917 4045/2920 3638/2918
f 2467/2921 2469/2922 2466/2923
f 2444/2900 2586/2924 2467/2921
f 2466/2923 2470/2925 2467/2921
f 2467/2921 2445/2712 2444/2900
f 4040/2926 2471/2927 2468/2928
f 2469/2922 2587/2929 2468/2928
f 2468/2928 3625/2930 4040/2926
f 4032/2904 2475/2931 2473/2932
f 2475/2931 2592/2861 2472/2863
f 2474/2933 2528/2934 2473/2932
f 4202/2935 4047/2936 4195/2937
f 2472/2863 4202/2935 2474/2933
f 3587/2910 2598/2938 2478/2939
f 2476/2940 2479/2909 2478/2939
f 2476/2940 3588/2941 2479/2909
f 2478/2939 2479/2909 3587/2910
f 2477/2942 3650/2943 2476/2940
f 2476/2940 2480/2944 2477/2942
f 2478/2939 3736/2945 2480/2944
f 2260/2652 2483/2658 2481/2946
f 2481/2946 2482/2656 2260/2652
f 2674/2947 2482/2656 2481/2946
f 2678/2948 4033/2745 2482/2656
f 2481/2946 2483/2658 2674/2947
f 2483/2658 3739/2949 2677/2950
f 2265/2659 2486/2951 2484/2952
f 2265/2659 3652/2953 2486/2951
f 2485/2954 2543/2955 2487/2660
f 2484/2952 2487/2660 2265/2659
f 2683/2956 2544/2957 2485/2954
f 2486/2951 4038/2958 2681/2959
f 2488/2960 3654/2663 2266/2662
f 2489/2961 3742/2962 3653/2963
f 3655/2964 2489/2961 2488/2960
f 2266/2662 3655/2964 2488/2960
f 2273/2755 2492/2965 3592/2966
f 2490/2967 3595/2756 3592/2966
f 2491/2968 2546/2969 2490/2967
f 2490/2967 2493/2970 2491/2968
f 2491/2968 3631/2971 4041/2972
f 2495/2973 2496/2974 2494/2975
f 3601/2679 2496/2974 2495/2973
f 2494/2975 3656/2976 2495/2973
f 2495/2973 3603/2765 3601/2679
f 4185/2977 2551/2978 2494/2975
f 2494/2975 3641/2979 4185/2977
f 2280/2684 3657/2980 2498/2981
f 2498/2981 2282/2685 2280/2684
f 2499/2982 2500/2983 2498/2981
f 2499/2982 3658/2984 2500/2983
f 2498/2981 4048/2985 2499/2982
f 2503/2986 2502/2689 2501/2688
f 2708/2987 3659/2988 2502/2689
f 2501/2688 4036/2989 2503/2986
f 2505/2990 4027/2892 2286/2692
f 2505/2990 3483/2991 2506/2992
f 2506/2992 3483/2991 3636/2993
f 2508/2699 2510/2994 2507/2995
f 2511/2701 2457/2911 2510/2994
f 2507/2995 2512/2996 2508/2699
f 2509/2997 3660/2998 2512/2996
f 3647/2999 2509/2997 2507/2995
f 2717/3000 3661/3001 2509/2997
f 2510/2994 4049/3002 3647/2999
f 2514/3003 2466/2923 2513/3004
f 3589/2710 2470/2925 2514/3003
f 2513/3004 2517/3005 2514/3003
f 2514/3003 4024/2798 3589/2710
f 2516/3006 2515/3007 2513/3004
f 3626/3008 2518/3009 2516/3006
f 2513/3004 2471/2927 2516/3006
f 2516/3006 4040/2926 3626/3008
f 2519/3010 2523/3011 2522/2717
f 2521/3012 2520/3013 2519/3010
f 2726/3014 2524/3015 2521/3012
f 2519/3010 3415/3016 2521/3012
f 2521/3012 3637/3017 2726/3014
f 2522/2717 3414/3018 2519/3010
f 2307/2725 2528/2934 2526/3019
f 2528/2934 2474/2933 2525/3020
f 2527/3021 2572/3022 2526/3019
f 2526/3019 2308/2802 2307/2725
f 4205/3023 2527/3021 2525/3020
f 2525/3020 2474/2933 4205/3023
f 4195/2937 2730/3024 4205/3023
f 2529/3025 3399/3026 2310/2728
f 2529/3025 3961/3027 4134/3028
f 2310/2728 2530/3029 2529/3025
f 2316/2739 2533/3030 2531/3031
f 2531/3031 2575/3032 2316/2739
f 2532/3033 3664/3034 2531/3031
f 2531/3031 2534/3035 2532/3033
f 2533/3030 3650/2943 2534/3035
f 2319/2742 2537/2746 2535/3036
f 2535/3036 2536/2743 2319/2742
f 2745/3037 2819/3038 2536/2743
f 2538/3039 4029/3040 4204/3041
f 2538/3039 2539/3042 3655/2964
f 2326/2748 2543/2955 2540/3043
f 2540/3043 2330/2822 2326/2748
f 2541/3044 2585/3045 2540/3043
f 3622/3046 2584/3047 2541/3044
f 2540/3043 2544/2957 2541/3044
f 2541/3044 2544/2957 3622/3046
f 2548/3048 2547/3049 2546/2969
f 2547/3049 3596/3050 3594/2757
f 2546/2969 2491/2968 2548/3048
f 2548/3048 4041/2972 2761/3051
f 3602/2763 3656/2976 2549/3052
f 2549/3052 3605/2835 3602/2763
f 2550/3053 3666/3054 2551/2978
f 2550/3053 3643/3055 3642/3056
f 2341/2766 2553/3057 2552/3058
f 4184/2769 3658/2984 2553/3057
f 4172/3059 2343/2767 2552/3058
f 2552/3058 3665/3060 4172/3059
f 2345/2770 2556/3061 2554/3062
f 2554/3062 2346/3063 2345/2770
f 2555/3064 2406/2858 2346/2771
f 3621/3065 2555/3066 2554/3062
f 2779/3067 3667/3068 2555/3064
f 2556/3061 3659/2988 2554/3062
f 2554/3062 3659/2988 3621/3065
f 2557/3069 3481/3070 4160/3071
f 4161/3072 3484/3073 2557/3069
f 2557/3074 4044/3075 4161/3076
f 4160/2774 3668/3077 2557/3074
f 3609/2778 2560/3078 2558/3079
f 3610/2780 3660/2998 2560/3078
f 2558/3080 2606/3081 3609/3082
f 3648/3083 2561/3084 2559/3085
f 2561/3084 2605/2916 2558/3080
f 2560/3078 3661/3001 2559/3086
f 2559/3086 3661/3001 3648/3087
f 3599/2789 2463/3088 2562/3089
f 2562/3089 3600/2879 3599/2789
f 3639/3090 2613/3091 2563/3092
f 2563/3092 2465/2919 3639/3090
f 2565/3093 2515/3007 2564/3094
f 3590/2796 2517/3005 2565/3093
f 2564/3095 2568/3096 2565/3097
f 2565/3097 2363/3098 3590/3099
f 2568/3096 3591/2877 2363/3098
f 2567/3100 2566/3101 2564/3095
f 3627/3102 2569/3103 2567/3100
f 2564/3094 2518/3009 2567/3104
f 2567/3100 3628/3105 3627/3102
f 2366/2801 2572/3022 2571/3106
f 2572/3022 2527/3021 2570/3107
f 2570/3107 2616/3108 2571/3106
f 2571/3106 2368/3109 2366/2801
f 4180/3110 2617/3111 3670/3112
f 3646/3113 2617/3111 4180/3110
f 2802/3114 4180/3110 4164/3115
f 4198/3116 2802/3114 4164/3115
f 2370/2805 2575/3032 2576/2807
f 2575/3032 3664/3034 2574/3117
f 2573/3118 2621/2888 2576/2807
f 2574/3117 2573/3118 2576/2807
f 2577/3119 2374/2810 2373/2809
f 2578/3120 2313/2731 2374/2810
f 2579/3121 2578/3120 2577/3119
f 2579/3121 2313/2731 2578/3120
f 2577/3119 4043/3122 2579/3121
f 2577/3119 3671/3123 4043/3122
f 2377/3124 3671/3123 2577/3119
f 3607/2816 4034/2815 2580/3125
f 2580/3125 2581/2814 3607/2816
f 2816/3126 2581/2814 2580/3125
f 2820/3127 2459/2913 2581/2814
f 2583/3128 2585/3045 2582/3129
f 2582/3129 2586/2924 2583/3128
f 2583/3128 2385/2901 2384/2821
f 3623/3130 2587/2929 2584/3047
f 2587/2929 2469/2922 2582/3129
f 2584/3047 3624/3131 3623/3130
f 2588/3132 3662/3133 2589/3134
f 2589/3134 3747/3135 4140/3136
f 4139/2829 3663/3137 2588/3132
f 2591/3138 3666/3054 2590/3139
f 3605/2835 3666/3054 2591/3138
f 2592/2861 2475/2931 2591/3138
f 2591/3138 3606/2905 3604/2836
f 3596/3050 2547/3049 2593/3140
f 2593/3140 4025/2843 3596/3050
f 3632/3141 2594/3142 2595/3143
f 2595/3143 4042/3144 3632/3141
f 2598/2938 2520/3013 2597/3145
f 4023/2848 2523/3011 2598/2938
f 2597/3145 2524/3015 3736/2945
f 2844/3146 2600/2854 2599/2853
f 2845/3147 3739/2949 2600/2854
f 741/1213 2844/3146 2599/2853
f 2406/2858 3667/3068 2601/3148
f 2602/3149 3652/2953 2405/2856
f 2848/3150 2602/3149 2601/3148
f 2601/3148 4037/3151 2848/3150
f 2603/3152 3597/3153 2604/2864
f 3653/2963 4154/3154 2603/3152
f 2604/2864 3653/2963 2603/3152
f 2605/2916 2464/2898 2606/3081
f 2606/3081 2464/2898 3611/3155
f 4045/2920 2461/2917 2607/3156
f 2605/2916 2561/3084 2607/3156
f 2607/3156 3649/3157 4045/2920
f 2609/3158 2566/3101 2608/3159
f 2415/2671 2568/3096 2609/3158
f 2608/3159 2492/2965 2609/3158
f 2609/3158 3593/2669 2415/2671
f 2610/3160 2490/2967 2608/3159
f 3629/3161 2493/2970 2610/3160
f 2608/3159 2569/3103 2610/3160
f 2610/3160 3630/3162 3629/3161
f 2612/3163 2613/3091 2611/3164
f 2611/3164 2496/2974 2612/3163
f 2612/3163 4031/2682 3600/2879
f 3640/3165 2497/3166 2611/3164
f 2497/3166 2496/2974 2611/3164
f 2611/3164 4046/3167 3640/3165
f 2422/2882 2616/2884 2614/3168
f 2616/2884 3670/3169 4183/3170
f 4183/3170 2615/3171 4207/3172
f 2637/3173 4048/2985 2615/3171
f 4205/3023 3645/3174 4198/3116
f 2615/3171 2639/3175 2637/3173
f 2619/2886 2620/3176 2618/3177
f 2618/3177 2504/2691 2619/2886
f 2641/3178 4036/2989 2618/3177
f 2618/3177 2620/3176 2641/3178
f 3671/3179 2377/3180 2431/2890
f 3635/3181 3671/3179 2622/3182
f 2622/3182 3636/2993 3635/3181
f 4027/2892 2505/2990 2622/3182
f 3649/3157 2785/3183 2625/3184
f 4062/3185 2659/3186 2626/3187
f 2626/3187 3730/3188 4062/3185
f 3629/3161 2797/3189 2628/3190
f 2797/3189 3732/3191 2627/3192
f 2629/3193 2693/3194 2628/3190
f 2628/3190 3631/2971 3629/3161
f 2630/3195 2629/3193 2627/3192
f 2889/3196 2631/3197 2630/3195
f 2893/3198 2694/3199 2631/3197
f 2627/3192 3731/3200 2630/3195
f 2630/3195 2892/3201 2889/3196
f 2630/3195 4056/3202 2892/3201
f 4203/3203 2634/3204 2632/3205
f 2921/3206 2916/3207 4178/3208
f 4046/3167 4188/3209 4169/3210
f 3707/3211 2697/3212 2633/3213
f 2632/3205 2635/3214 2633/3213
f 2633/3213 3708/3215 3707/3211
f 2638/3216 2702/3217 2637/3173
f 3715/3218 2638/3216 2636/3219
f 2636/3220 2640/3221 3715/3222
f 2640/3221 4069/3223 3715/3222
f 2641/3178 2643/3224 3733/3225
f 2642/3226 2707/3227 3733/3225
f 3677/3228 2706/3229 2642/3226
f 3733/3225 2808/3230 2642/3226
f 2642/3226 3678/3231 3677/3228
f 2648/3232 2623/3233 3635/3181
f 2648/3232 4043/3234 2623/3233
f 3698/3235 2814/3236 2646/3237
f 2645/3238 2649/3239 2646/3237
f 2646/3237 3699/3240 3698/3235
f 2648/3232 2647/3241 2645/3238
f 3635/3181 2650/3242 2648/3232
f 2652/3243 3734/3244 2651/3245
f 2458/2912 3735/2914 2652/3243
f 2651/3245 2655/3246 2652/3243
f 2653/3247 4049/3002 2655/3246
f 2652/3243 2655/3246 2458/2912
f 2654/3248 2653/3247 2651/3245
f 2654/3248 2716/3249 2653/3247
f 3725/3250 2718/3251 2654/3248
f 2651/3245 2656/3252 2654/3248
f 2654/3248 3726/3253 3725/3250
f 2657/3254 4199/3255 2624/3256
f 3638/2918 2625/3184 2658/3257
f 2792/3258 4206/3259 2657/3254
f 2658/3257 2465/2919 3638/2918
f 2659/3186 2792/3258 2657/3254
f 4063/3260 2791/3261 2659/3186
f 2659/3186 4062/3185 3704/3262
f 2661/3263 2663/3264 2660/3265
f 4040/2926 2825/3266 2661/3263
f 2662/3267 4054/3268 2664/3269
f 2660/3265 2664/3269 2722/3270
f 2663/3264 2826/3271 2662/3267
f 2826/3271 3689/3272 2662/3267
f 3644/2862 2669/3273 2666/3274
f 2669/3273 2832/3275 2665/3276
f 2667/3277 2730/3024 2666/3274
f 2666/3274 4047/2936 3644/2862
f 2668/3278 2667/3277 2665/3276
f 4067/3279 2731/3280 2668/3278
f 2665/3276 2833/3281 2668/3278
f 2668/3278 4066/3282 3712/3283
f 2477/2942 2480/2944 2670/3284
f 2670/3284 3650/2943 2477/2942
f 3673/3285 2673/3286 2671/3287
f 2673/3286 2741/3288 2670/3284
f 2672/3289 2842/3290 2671/3287
f 2671/3287 4050/3291 3673/3285
f 2675/3292 2748/3293 2678/2948
f 2676/3294 2675/3292 2674/2947
f 3719/3295 2679/3296 2676/3294
f 2677/2950 3738/3297 2676/3294
f 2676/3294 3720/3298 3719/3295
f 2676/3294 4071/3299 3720/3298
f 2681/2959 2682/3300 2680/3301
f 2681/2959 3740/3302 2682/3300
f 2680/3301 2683/2956 2681/2959
f 2680/3301 4039/3303 2683/2956
f 2681/2959 2683/2956 2484/2952
f 4052/3304 3741/3305 2680/3301
f 3742/2962 2489/2961 2686/3306
f 2685/3307 3701/3308 2687/3309
f 2751/3310 2685/3307 2684/3311
f 2684/3311 2688/3312 2751/3310
f 2686/3306 2489/2961 2688/3312
f 4041/2972 2693/3194 2690/3313
f 2693/3194 2629/3193 2689/3314
f 2692/3315 2691/3316 2689/3314
f 3692/3317 3743/3318 2692/3315
f 2689/3314 2694/3199 2692/3315
f 2692/3315 3694/3319 3693/3320
f 2694/3199 4057/3321 3694/3319
f 4196/3322 2632/3205 2695/3323
f 4196/3322 3641/2979 4203/3203
f 2695/3323 2765/3324 4196/3322
f 2765/3324 4185/2977 4196/3322
f 2697/3212 2696/3325 2695/3323
f 3709/3326 2769/3327 2697/3212
f 2499/2982 2702/3217 2699/3328
f 2702/3217 2638/3216 2698/3329
f 2700/3330 2772/3331 2699/3328
f 2699/3328 3658/2984 2499/2982
f 2698/3329 2701/3332 2700/3330
f 2701/3332 3717/3333 2774/3334
f 2698/3329 2703/3335 2701/3332
f 2701/3332 2703/3335 2976/3336
f 2705/3337 2707/3227 2704/3338
f 4036/2989 3733/3225 2705/3337
f 2704/3338 2708/2987 2705/3337
f 2704/3338 3744/3339 2708/2987
f 2705/3337 2708/2987 2503/2986
f 3679/3340 2709/3341 2706/3229
f 2709/3341 3744/3339 2704/3338
f 2706/3229 3680/3342 3679/3340
f 2710/3343 2650/3242 2712/3344
f 3700/3345 2649/3239 2711/3346
f 2649/3239 2647/3241 2710/3343
f 2712/3344 3485/3347 2710/3343
f 3636/2993 3487/3348 2712/3344
f 2714/3349 2716/3249 2713/3350
f 3647/2999 4049/3002 2714/3349
f 2713/3350 2717/3000 2714/3349
f 2713/3350 2788/3351 2717/3000
f 2714/3349 2717/3000 3647/2999
f 2715/3352 2787/3353 2713/3350
f 4176/3354 3729/3355 4189/3356
f 2713/3350 2718/3251 2715/3352
f 2715/3352 3727/3357 4201/3358
f 2720/3359 2722/3270 2719/3360
f 3626/3008 2661/3263 2720/3359
f 2719/3360 2723/3361 2720/3359
f 2720/3359 3628/3362 3626/3008
f 2719/3360 2798/3363 2796/3364
f 2721/3365 4055/3366 2798/3363
f 2722/3270 2721/3365 2719/3360
f 2722/3270 3690/3367 2721/3365
f 2664/3269 3690/3367 2722/3270
f 2724/3368 3620/3369 2726/3014
f 2725/3370 2841/3371 2724/3368
f 2724/3368 2727/3372 2725/3370
f 2725/3370 3703/3373 3705/3374
f 2726/3014 3417/3375 2724/3368
f 2730/3024 2667/3277 2728/3376
f 2728/3376 2802/3114 3645/3174
f 2729/3377 2801/3378 2728/3376
f 4068/3379 2803/3380 2729/3377
f 2728/3376 2731/3280 2729/3377
f 2731/3280 4067/3279 3713/3381
f 4135/3382 3401/3383 2733/3384
f 2732/3385 2736/3386 2733/3384
f 2733/3384 3962/3387 4135/3382
f 2735/3388 2734/3389 2732/3385
f 4134/3028 2737/3390 2735/3388
f 2739/3391 2741/3288 2738/3392
f 2532/3033 2742/3393 2739/3391
f 2738/3392 2807/3394 2739/3391
f 2739/3391 2807/3394 2532/3033
f 3674/3395 2743/3396 2740/3397
f 2743/3396 2804/3398 2738/3392
f 2741/3288 2673/3286 2740/3397
f 2740/3397 4051/3399 3674/3395
f 2535/3036 2748/3293 2745/3037
f 2748/3293 2675/3292 2744/3400
f 2746/3401 2819/3038 2745/3037
f 2747/3402 2746/3401 2744/3400
f 3721/3403 2749/3404 2747/3402
f 2749/3404 2818/3405 2746/3401
f 2744/3400 2679/3296 2747/3402
f 2747/3402 3722/3406 3721/3403
f 2688/3312 2539/3042 2750/3407
f 2750/3407 2752/3408 2751/3310
f 2752/3408 4060/3409 2685/3307
f 2770/3410 2753/3411 2750/3407
f 2753/3411 3702/3412 2752/3408
f 2750/3407 3665/3060 2770/3410
f 2544/2957 4039/3303 2756/3413
f 2754/3414 2757/3415 2756/3413
f 2757/3415 3624/3131 3622/3046
f 2755/3416 2824/3417 2754/3414
f 3685/3418 3748/3419 2755/3416
f 2754/3414 2758/3420 2755/3416
f 2756/3413 3741/3305 2758/3420
f 2758/3420 4052/3304 3686/3421
f 2760/3422 2691/3316 2759/3423
f 2760/3422 4042/3144 2761/3051
f 2762/3424 2838/3425 2759/3423
f 3040/3426 3749/3427 2762/3424
f 2691/3316 3743/3318 2763/3428
f 2765/3324 2696/3325 2764/3429
f 2764/3429 2768/3430 2765/3324
f 2767/3431 2766/3432 2764/3429
f 4065/3433 2834/3434 2767/3431
f 2764/3429 2769/3327 2767/3431
f 2769/3327 4064/3435 3710/3436
f 2771/3437 2553/3057 2772/3331
f 2772/3331 2700/3330 2771/3437
f 2770/3410 2771/3437 2773/3438
f 3665/3060 2552/3058 2771/3437
f 2773/3438 4061/3439 2753/3411
f 2700/3330 2774/3334 2771/3437
f 2774/3334 3716/3440 2773/3438
f 2776/3441 3744/3339 2775/3442
f 3621/3065 3744/3339 2776/3441
f 2775/3442 2779/3443 2776/3441
f 2777/3444 4037/3151 2779/3067
f 2776/3441 2779/3443 3621/3065
f 2778/3445 2777/3446 2775/3442
f 3681/3447 2780/3448 2778/3445
f 2775/3442 2709/3341 2778/3445
f 3750/3449 2782/3450 2781/3451
f 2781/3451 4044/3075 3750/3449
f 4161/3076 4044/3075 2783/3452
f 2785/3453 2787/3353 2784/3454
f 3648/3087 2788/3351 2785/3453
f 2785/3183 3649/3157 3648/3083
f 3728/3455 2789/3456 4179/3457
f 2784/3458 4191/3459 2786/3460
f 4189/3356 3729/3355 4179/3461
f 4165/3462 2871/3463 2870/3464
f 3639/3090 2658/3257 4188/3209
f 4188/3209 4046/3167 3639/3090
f 2634/3204 4188/3209 2790/3465
f 3706/3466 2635/3214 2791/3261
f 2635/3214 2634/3204 2790/3465
f 2791/3261 4063/3260 3706/3466
f 2794/3467 2796/3468 2793/3469
f 3628/3105 2723/3470 2794/3467
f 2793/3469 2797/3189 2794/3467
f 2797/3189 3630/3162 3627/3102
f 2795/3471 3732/3191 2793/3469
f 2795/3471 4056/3202 3731/3200
f 2796/3468 2795/3471 2793/3469
f 2798/3472 3691/3473 2795/3471
f 3646/3113 2801/3378 2799/3474
f 2799/3474 2639/3475 3646/3113
f 2800/3476 2636/3220 2799/3474
f 4069/3223 2640/3221 2800/3476
f 2799/3474 2803/3380 2800/3476
f 2803/3380 4068/3379 3714/3477
f 2574/3117 2807/3394 2805/3478
f 2643/3224 2644/3479 2805/3478
f 2805/3478 2573/3118 2574/3117
f 2805/3478 2644/3479 2573/3118
f 2806/3480 2643/3224 2804/3398
f 3675/3481 2808/3230 2806/3480
f 2804/3398 2743/3396 2806/3480
f 2806/3480 3676/3482 3675/3481
f 2809/3483 2813/3484 2812/3485
f 2810/3486 2737/3390 2813/3484
f 2813/3484 3961/3027 2579/3121
f 2811/3487 2810/3488 2809/3489
f 2811/3490 2734/3389 2810/3486
f 3697/3491 2736/3386 2811/3490
f 2809/3489 2814/3236 2811/3487
f 2811/3487 4059/3492 3697/3493
f 2812/3494 2645/3238 2809/3489
f 4043/3234 2648/3232 2812/3494
f 2816/3126 2818/3405 2815/3495
f 2815/3495 2820/3127 2816/3126
f 2815/3495 3735/2914 2820/3127
f 3723/3496 2656/3252 2817/3497
f 2656/3252 3734/3244 2815/3495
f 2818/3405 2749/3404 2817/3497
f 2817/3497 3724/3498 3723/3496
f 2822/3499 2824/3417 2821/3500
f 3624/3131 2757/3415 2822/3499
f 2821/3500 2825/3266 2822/3499
f 2825/3266 3625/2930 3623/3130
f 2823/3501 4053/3502 2826/3271
f 2826/3271 2663/3264 2821/3500
f 2824/3417 3748/3419 2823/3501
f 2828/3503 3417/3375 2827/3504
f 2827/3505 3745/3506 2828/3507
f 2828/3507 4058/3508 4141/3509
f 2829/3510 3746/3511 2827/3505
f 4140/3136 3747/3135 2829/3510
f 2831/3512 2766/3432 2830/3513
f 2550/3053 4181/3514 2590/3139
f 2830/3513 2669/3273 2831/3512
f 2669/3273 3644/2862 4193/3515
f 2833/3281 2832/3275 2830/3513
f 2830/3513 2834/3434 2833/3281
f 2834/3434 4065/3433 3711/3516
f 2836/3517 2838/3425 2835/3518
f 2596/3519 2760/3422 2836/3517
f 2835/3518 3451/3520 2836/3517
f 3451/3520 3633/3521 2596/3519
f 2837/3522 3737/3523 2835/3518
f 3695/3524 3737/3523 2837/3522
f 2835/3518 2839/3525 2837/3522
f 2838/3425 3749/3427 2839/3525
f 2837/3522 3749/3427 3695/3524
f 2841/3371 3736/2945 3620/3369
f 2842/3290 2672/3289 2840/3526
f 2840/3526 2725/3370 2842/3290
f 2842/3290 3705/3374 4050/3291
f 2843/3527 741/1213 3752/3528
f 2843/3527 2845/3147 2844/3146
f 2846/3529 2845/3147 2843/3527
f 2846/3529 3739/2949 2845/3147
f 3718/3530 3738/3297 2846/3529
f 2848/3150 2777/3444 2851/3531
f 2851/3531 2849/3532 2848/3150
f 2849/3532 4038/2958 2602/3149
f 2850/3533 2849/3532 2851/3531
f 2850/3533 3740/3302 2849/3532
f 3682/3534 3740/3302 2850/3533
f 2850/3535 3683/3536 3682/3537
f 2852/3538 2854/3539 2853/3540
f 2684/3311 2854/3539 2852/3538
f 2687/3309 3977/3541 2854/3539
f 2852/3538 3742/2962 2684/3311
f 2856/3542 3041/3543 2855/3544
f 3711/3516 3042/3545 2856/3542
f 2857/3546 2856/3542 2855/3544
f 2855/3544 2858/3547 2857/3546
f 2858/3547 3773/3548 2939/3549
f 2855/3544 3044/3550 2858/3547
f 3044/3550 4077/3551 3771/3552
f 2860/3553 3037/3554 2859/3555
f 3749/3427 3040/3426 2860/3553
f 3861/3556 2862/3557 2859/3555
f 2859/3555 3867/3558 3861/3556
f 4050/3291 3787/3559 2864/3560
f 3705/3374 2997/3561 3787/3559
f 2867/3562 2865/3563 2864/3560
f 3753/3564 2866/3565 2863/3566
f 2866/3565 3788/3567 2863/3566
f 2864/3560 2996/3568 2867/3562
f 2863/3569 3111/3570 3753/3571
f 2867/3562 3764/3572 3111/3573
f 2868/3574 4171/3575 3792/3576
f 2870/3464 3791/1266 3790/1275
f 4168/3577 4170/1270 4070/1269
f 4165/3462 4168/3577 2871/3463
f 2872/3578 4071/3299 3718/3530
f 2869/3579 4171/3575 2868/3574
f 2953/3580 4079/3581 3783/3582
f 2870/3464 2869/3579 2868/3574
f 3790/1275 2873/3583 2870/3464
f 2873/3583 4079/3581 2869/3579
f 3789/1277 3781/3584 2873/3583
f 3682/3534 2877/3585 2875/3586
f 2957/3587 2875/3586 2874/3588
f 2875/3586 3684/3589 3682/3534
f 2874/3588 2876/3590 2957/3587
f 4156/3591 2881/3592 2878/3593
f 2879/3594 3977/3541 2881/3592
f 2883/3595 2885/3596 2882/3597
f 4062/3185 2886/3598 2883/3595
f 3786/3599 2887/3600 2884/3601
f 2885/3596 3058/3602 2884/3601
f 2884/3601 3058/3602 3786/3599
f 2889/3196 2891/3603 2888/3604
f 2888/3604 2893/3198 2889/3196
f 2888/3604 3878/3605 2893/3198
f 2890/3606 3878/3605 2888/3604
f 3873/3607 2968/3608 2890/3606
f 2888/3604 2894/3609 2890/3606
f 2890/3610 3871/3611 3872/3612
f 2894/3613 4083/3614 3871/3611
f 2896/3615 3062/3616 2895/3617
f 3707/3211 3064/3618 2896/3615
f 2896/3615 3709/3326 3707/3211
f 3767/3619 2898/3620 2897/3621
f 3062/3616 3065/3622 2897/3621
f 2897/3621 3768/3623 3767/3619
f 2900/3624 3071/3625 2899/3626
f 3715/3222 3074/3627 2900/3624
f 2899/3628 2902/3629 2900/3630
f 2900/3630 2902/3629 3715/3218
f 2901/3631 3796/3632 2899/3628
f 2901/3631 3780/3633 2978/3634
f 2899/3628 2903/3635 2901/3631
f 2903/3635 3778/3636 2901/3631
f 2905/3637 2908/3638 2904/3639
f 3677/3228 2909/3640 2905/3637
f 2906/3641 2983/3642 2905/3637
f 2905/3637 3680/3342 3677/3228
f 2904/3639 2910/3643 2906/3641
f 2907/3644 3905/3645 2910/3646
f 2908/3638 2907/3647 2904/3639
f 2911/3648 3904/3649 2907/3647
f 2912/3650 3083/3651 2914/3652
f 2914/3652 4059/3492 3698/3235
f 3760/3653 3081/3654 2912/3650
f 2913/3655 3759/3656 2912/3650
f 2914/3652 2913/3655 2912/3650
f 3698/3235 2915/3657 2914/3652
f 3725/3250 2918/3658 2917/3659
f 2918/3658 3086/3660 4178/3208
f 3135/3661 2920/3662 2916/3207
f 2920/3662 2990/3663 2916/3207
f 4197/3664 2921/3206 4178/3208
f 2916/3207 2921/3206 3135/3661
f 2923/3665 2882/3597 2922/3666
f 3704/3262 2883/3595 2923/3665
f 2922/3666 2926/3667 2923/3665
f 2923/3665 4063/3260 3704/3262
f 2925/3668 2924/3669 2922/3666
f 3143/3670 3797/3671 2925/3668
f 2922/3666 2927/3672 2925/3668
f 2929/3673 2932/3674 2928/3675
f 2994/3676 2933/3677 2928/3675
f 2933/3677 3689/3272 2929/3673
f 2992/3678 4054/3268 2933/3677
f 2928/3675 2930/3679 2994/3676
f 2931/3680 2930/3679 2928/3675
f 3880/3681 2930/3679 2931/3680
f 3712/3283 2938/3682 2935/3683
f 2938/3682 2857/3546 2934/3684
f 2935/3683 4067/3279 3712/3283
f 2937/3685 2936/3686 2934/3684
f 2937/3685 3775/3687 3004/3688
f 2857/3546 2939/3549 2934/3684
f 2939/3549 3772/3689 2937/3685
f 3673/3285 2944/3690 2941/3691
f 2944/3690 3788/3567 2940/3692
f 3673/3285 2865/3563 2944/3690
f 2942/3693 3015/3694 2941/3691
f 2941/3691 4051/3399 3673/3285
f 2943/3695 2942/3693 2940/3692
f 3754/3696 2945/3697 2943/3695
f 3754/3696 3798/3698 2945/3697
f 2940/3692 2866/3565 2943/3695
f 2943/3695 3755/3699 3754/3696
f 2947/3700 2950/3701 2946/3702
f 3719/3295 2951/3703 2947/3700
f 2951/3703 3792/3576 2950/3701
f 3720/3298 2872/3578 2951/3703
f 2946/3702 2952/3704 2947/3700
f 2952/3704 3722/3406 3719/3295
f 2949/3705 2948/3706 2946/3702
f 2946/3702 2953/3580 2949/3705
f 2954/3707 2955/3708 2957/3587
f 3684/3589 2875/3586 2955/3708
f 2955/3708 4052/3304 2680/3301
f 2954/3707 4104/3709 3035/3710
f 2957/3587 2956/3711 2954/3707
f 2878/3593 2961/3712 2958/3713
f 2881/3592 3701/3308 2961/3712
f 2958/3713 2880/3714 2878/3593
f 2960/3715 2959/3716 2958/3713
f 2958/3713 2963/3717 2960/3715
f 2961/3712 4060/3409 2963/3717
f 2965/3718 3878/3605 2964/3719
f 3694/3319 3878/3605 2965/3718
f 2964/3719 2966/3720 2965/3718
f 2965/3718 3692/3317 3693/3320
f 2966/3720 3743/3318 3692/3317
f 2967/3721 2966/3720 2964/3719
f 2967/3721 3830/3722 2966/3720
f 3869/3723 3830/3722 2967/3721
f 2964/3719 2968/3608 2967/3721
f 2968/3608 4098/3724 3868/3725
f 2970/3726 2895/3617 2969/3727
f 3709/3326 2896/3615 2970/3726
f 2969/3727 2973/3728 2970/3726
f 2970/3726 4064/3435 3709/3326
f 2972/3729 2971/3730 2969/3727
f 3769/3731 2974/3732 2972/3729
f 2969/3727 2898/3620 2972/3729
f 2972/3729 4075/3733 3769/3731
f 2703/3335 3796/3632 2975/3734
f 3049/3735 2976/3336 2977/3736
f 2975/3734 3167/3737 2977/3736
f 2977/3736 3199/3738 3049/3735
f 3796/3632 2978/3634 2975/3734
f 2978/3634 3167/3737 2975/3734
f 3679/3340 2983/3642 2980/3739
f 2983/3642 2906/3641 2979/3740
f 2981/3741 3051/3742 2980/3739
f 2980/3739 3681/3447 3679/3340
f 2979/3740 2984/3743 2981/3741
f 2982/3744 3948/3745 2984/3746
f 2906/3641 2982/3747 2979/3740
f 2910/3646 3947/3748 2982/3744
f 2915/3657 3699/3240 3700/3345
f 2985/3749 3368/3750 2913/3655
f 2915/3657 2986/3751 2985/3749
f 3700/3345 3490/3752 2915/3657
f 2988/3753 2990/3663 2987/3754
f 2987/3754 3057/3755 2988/3753
f 2988/3753 3729/3355 4176/3354
f 2991/3756 3056/3757 2987/3754
f 2990/3663 2920/3662 2989/3758
f 2993/3759 2992/3678 2994/3676
f 2995/3760 3690/3367 2992/3678
f 2993/3759 2995/3760 2992/3678
f 2930/3679 3875/3761 2993/3759
f 2997/3561 2998/3762 2996/3568
f 2996/3568 3763/3763 3764/3572
f 3705/3374 3420/3764 2997/3561
f 3420/3764 3419/3765 2997/3561
f 3000/3766 2936/3686 2999/3767
f 3713/3381 2935/3683 3000/3766
f 2999/3767 3003/3768 3000/3766
f 3000/3766 4068/3379 3713/3381
f 3002/3769 3001/3770 2999/3767
f 3002/3769 3777/3771 3075/3772
f 2999/3767 3004/3688 3002/3769
f 3004/3688 3774/3773 3002/3769
f 4136/3774 3404/3775 3005/3776
f 3005/3776 3963/3777 4136/3774
f 3007/3778 3006/3779 3005/3776
f 4135/3382 3008/3780 3007/3778
f 3010/3781 3014/3782 3009/3783
f 3674/3395 3015/3694 3010/3781
f 3015/3694 2942/3693 3014/3782
f 3011/3784 3010/3781 3009/3783
f 3079/3785 3016/3786 3011/3784
f 3010/3781 3676/3482 3674/3395
f 3009/3783 3017/3787 3011/3784
f 3012/3788 3940/3789 3017/3787
f 3011/3784 3017/3787 3079/3785
f 3013/3790 3012/3788 3009/3783
f 3756/3791 3018/3792 3013/3790
f 3018/3792 4116/3793 3012/3788
f 3180/3794 4116/3793 3018/3792
f 3009/3783 3019/3795 3013/3790
f 3014/3782 3798/3698 3019/3795
f 3019/3795 4072/3796 3756/3791
f 3021/3797 2948/3706 3020/3798
f 3722/3406 2952/3704 3021/3797
f 3020/3798 3024/3799 3021/3797
f 3022/3800 3087/3801 3024/3799
f 3024/3799 3724/3498 3721/3403
f 3023/3802 3022/3800 3020/3798
f 4194/3803 4186/3804 3785/3805
f 3020/3798 3025/3806 3023/3802
f 3025/3806 4200/3807 4174/3808
f 2960/3715 3029/3809 3026/3810
f 2963/3717 3702/3412 3029/3809
f 3026/3810 2962/3811 2960/3715
f 3027/3812 4073/3813 2962/3811
f 3028/3814 3027/3812 3026/3810
f 3030/3815 3762/3816 3027/3812
f 3026/3810 3031/3817 3028/3814
f 3029/3809 4061/3439 3031/3817
f 3686/3421 3035/3710 3033/3818
f 3034/3819 3033/3818 3032/3820
f 3090/3821 3033/3818 3034/3819
f 3033/3818 3685/3418 3686/3421
f 3091/3822 3685/3418 3033/3818
f 3034/3819 4107/3823 3090/3821
f 3038/3824 3039/3825 3037/3554
f 3038/3824 3830/3722 3039/3825
f 2763/3428 3831/3826 3038/3824
f 3037/3554 3040/3426 3038/3824
f 3038/3824 3040/3426 2762/3424
f 3866/3827 3037/3554 3039/3825
f 3039/3825 3869/3723 3866/3827
f 3041/3543 2973/3728 2971/3730
f 3710/3436 2973/3728 3042/3545
f 3042/3545 4065/3433 3710/3436
f 3770/3828 3044/3550 3043/3829
f 2971/3730 3043/3829 3041/3543
f 2971/3730 2974/3732 3043/3829
f 3043/3829 4076/3830 3770/3828
f 3045/3831 3049/3735 3048/3832
f 3046/3833 3717/3333 3049/3735
f 3028/3814 3046/3833 3045/3831
f 3031/3817 3716/3440 3046/3833
f 3045/3831 3030/3815 3028/3814
f 3047/3834 4074/3835 3030/3815
f 3048/3832 3047/3834 3045/3831
f 3048/3832 3196/3836 3047/3834
f 3051/3742 2981/3741 3050/3837
f 3050/3837 2877/3838 3051/3742
f 2877/3838 3683/3536 3681/3447
f 3050/3837 3902/3839 2874/3840
f 2981/3741 3926/3841 3050/3837
f 2984/3746 3925/3842 3926/3843
f 3052/3844 3486/3845 2782/3846
f 3980/3847 3488/3848 3052/3844
f 3980/3847 4162/3849 3489/3850
f 3794/3851 3980/3852 3052/3853
f 3052/3853 3795/3854 3794/3851
f 3052/3853 3751/3855 3795/3854
f 3054/3856 3056/3757 3053/3857
f 3728/3858 3057/3755 3054/3856
f 3053/3859 2886/3598 3054/3860
f 3054/3860 3730/3188 3728/3455
f 3058/3602 2885/3596 3053/3859
f 3053/3857 3059/3861 3055/3862
f 3061/3863 2924/3669 3060/3864
f 3706/3466 2926/3667 3061/3863
f 3060/3864 3064/3618 3061/3863
f 3061/3863 3708/3215 3706/3466
f 3063/3865 3062/3616 3060/3864
f 3766/3866 3065/3622 3063/3865
f 3060/3864 3797/3671 3063/3865
f 3063/3865 3797/3671 3766/3866
f 3067/3867 3069/3868 3066/3869
f 3067/3867 2995/3760 3069/3868
f 3067/3867 4055/3366 2995/3760
f 3066/3870 3070/3871 3067/3872
f 3067/3872 4056/3202 3691/3473
f 3068/3873 2891/3603 3066/3870
f 3864/3874 2894/3613 3068/3875
f 3069/3868 2993/3759 3068/3875
f 3068/3875 3862/3876 3863/3877
f 3068/3875 4082/3878 3862/3876
f 3072/3879 3001/3770 3071/3625
f 3714/3477 3003/3768 3072/3879
f 3071/3625 3074/3627 3072/3879
f 3072/3879 4069/3223 3714/3477
f 3073/3880 3779/3881 2903/3882
f 3071/3625 3075/3772 3073/3880
f 3075/3772 3776/3883 3073/3880
f 3076/3884 3077/3885 3079/3785
f 3676/3482 3016/3786 3077/3885
f 3076/3884 2909/3640 3077/3885
f 2909/3640 3678/3231 3675/3481
f 3076/3884 2911/3648 2908/3638
f 3078/3886 4127/3887 2911/3648
f 3079/3785 3078/3886 3076/3884
f 3017/3787 3927/3888 3078/3886
f 3080/3889 3008/3890 3082/3891
f 3082/3892 3962/3387 3697/3491
f 3758/3893 3006/3779 3080/3894
f 3080/3889 3760/3653 3758/3895
f 3082/3891 3081/3654 3080/3889
f 3697/3493 3083/3651 3082/3891
f 3723/3496 3087/3801 3085/3896
f 3087/3801 3022/3800 3084/3897
f 3086/3660 2918/3658 3085/3896
f 3085/3896 3726/3253 3723/3496
f 3101/3898 4197/3664 4166/3899
f 3084/3897 4186/3804 4194/3803
f 3088/3900 3091/3822 3090/3821
f 3088/3900 3688/3901 3091/3822
f 2929/3673 4053/3502 3088/3900
f 3088/3900 3089/3902 2932/3674
f 3089/3902 4126/3903 2931/3680
f 3090/3821 3089/3902 3088/3900
f 3090/3821 3895/3904 3089/3902
f 3092/3905 3799/3906 3093/3907
f 3093/3907 3884/3908 3964/3909
f 3094/3910 3799/3906 3092/3905
f 4141/3509 3800/3911 3094/3910
f 3096/3912 3777/3771 3098/3913
f 3132/3914 3096/3912 3095/3915
f 3132/3914 3776/3883 3096/3912
f 3097/3916 3945/3917 3099/3918
f 3095/3915 3099/3918 3132/3914
f 3098/3913 3097/3916 3095/3915
f 3177/3919 3097/3916 3098/3913
f 3179/3920 3944/3921 3097/3916
f 3785/3805 3104/3922 3101/3898
f 3104/3922 3822/3923 3100/3924
f 3102/3925 3137/3926 3101/3898
f 3103/3927 3102/3925 3100/3924
f 3814/3928 3105/3929 3103/3927
f 3100/3924 3188/3930 3103/3927
f 3103/3927 3815/3931 3814/3928
f 3107/3932 3110/3933 3106/3934
f 3108/3935 3107/3932 3106/3934
f 3108/3935 3771/3552 3107/3932
f 3106/3934 3109/3936 3108/3935
f 3109/3936 3943/3937 3148/3938
f 3233/3939 3943/3937 3109/3936
f 3110/3933 3194/3940 3106/3934
f 3106/3934 3806/3941 3109/3936
f 3111/3570 3354/3942 3113/3943
f 3113/3944 3755/3699 3753/3564
f 3113/3943 3358/3945 3112/3946
f 3114/3947 3118/3948 3117/3949
f 3115/3950 3781/3584 3118/3948
f 3117/3949 3825/1651 3824/1658
f 3118/3948 4078/1652 3825/1651
f 3114/3947 3158/3951 3115/3950
f 3116/3952 3157/3953 3114/3947
f 3807/3954 3160/3955 3116/3952
f 3117/3949 3116/3952 3114/3947
f 3824/1658 3119/3956 3117/3949
f 3119/3956 3807/3954 3116/3952
f 3823/1659 3808/3957 3119/3956
f 3786/3958 3123/3959 3121/3960
f 3123/3959 3202/3961 3120/3962
f 3121/3963 2887/3600 3786/3599
f 3121/3963 2927/3672 2887/3600
f 3122/3964 3142/3965 3120/3962
f 3820/3966 3141/3967 3122/3964
f 3125/3968 3127/3969 3124/3970
f 3125/3968 3206/3971 3127/3969
f 3768/3623 3209/3972 3125/3968
f 3124/3970 3128/3973 3125/3968
f 3128/3973 4075/3733 3767/3619
f 3803/3974 3129/3975 3126/3976
f 3129/3975 3828/3977 3124/3970
f 3127/3969 3210/3978 3126/3976
f 3126/3976 3804/3979 3803/3974
f 3130/3980 3779/3981 3132/3982
f 3169/3983 3778/3636 3130/3980
f 3131/3984 3914/3985 3133/3986
f 3130/3980 3133/3986 3169/3983
f 3132/3982 3131/3984 3130/3980
f 3099/3987 3913/3988 3131/3984
f 3135/3661 3102/3925 3134/3989
f 3816/3990 3138/3991 3136/3992
f 3138/3991 3829/3993 3134/3989
f 3102/3925 3105/3929 3136/3992
f 3140/3994 3142/3965 3139/3995
f 2927/3996 3121/3960 3140/3994
f 3139/3997 3143/3670 3140/3998
f 3139/3997 3208/3999 3143/3670
f 3140/3998 3143/3670 2925/3668
f 3801/4000 3144/4001 3141/3967
f 3145/4002 3773/3548 3108/3935
f 3147/4003 3772/3689 3145/4002
f 3145/4002 3146/4004 3881/4005
f 3146/4004 3915/4006 3881/4005
f 3108/3935 3148/3938 3145/4002
f 3148/3938 3915/4006 3146/4004
f 3150/4007 3152/4008 3149/4009
f 3754/3696 3152/4008 3150/4007
f 3755/3699 3113/3944 3152/4008
f 3151/4010 3182/4011 3150/4007
f 3150/4007 4072/3796 3754/3696
f 3149/4009 3909/4012 3151/4010
f 3152/4008 4106/4013 3153/4014
f 3155/4015 3157/3953 3154/4016
f 3782/4017 3158/3951 3155/4015
f 3154/4016 3187/4018 3155/4015
f 3155/4015 4173/4019 3782/4017
f 3155/4015 4200/3807 4173/4019
f 3810/4020 3159/4021 3156/4022
f 3159/4021 3186/4023 3154/4016
f 3809/4024 3185/4025 3159/4021
f 3154/4016 3160/3955 3156/4022
f 3156/4022 3811/4026 3810/4020
f 3162/4027 3164/4028 3161/4029
f 3769/3731 3165/4030 3162/4027
f 3165/4030 3828/3977 3164/4028
f 3769/3731 3128/3973 3165/4030
f 3161/4029 3193/4031 3162/4027
f 3162/4027 4076/3830 3769/3731
f 3272/4032 3192/4033 3161/4029
f 3161/4029 3164/4028 3163/4034
f 3167/3737 3780/3633 3169/3983
f 3168/4035 3167/3737 3166/4036
f 3874/4037 3167/3737 3168/4035
f 3166/4036 3958/4038 3168/4035
f 3168/4035 4117/4039 3874/4037
f 3133/3986 3956/4040 3166/4036
f 3171/4041 3829/3993 3170/4042
f 2989/3758 3829/3993 3171/4041
f 3170/4042 3174/4043 3171/4041
f 3172/4044 3204/4045 3174/4043
f 3171/4041 2991/3756 2989/3758
f 3174/4043 4081/4046 2991/3756
f 3173/4047 3172/4044 3170/4042
f 3817/4048 3175/4049 3173/4047
f 3170/4042 3138/3991 3173/4047
f 3173/4047 4086/4050 3817/4048
f 3176/4051 3147/4003 3881/4005
f 3176/4051 3775/3687 3147/4003
f 3177/3919 3774/3773 3176/4051
f 3098/3913 3774/3773 3177/3919
f 3176/4051 3179/3920 3177/3919
f 3178/4052 3960/4053 3179/3920
f 3881/4005 3178/4052 3176/4051
f 3881/4005 3959/4054 3178/4052
f 3756/3791 3182/4011 3180/3794
f 3182/4011 3151/4010 3181/4055
f 3184/4056 3186/4023 3183/4057
f 4187/4058 3187/4018 3184/4056
f 3183/4057 3104/3922 3184/4056
f 3184/4056 3784/4059 4187/4058
f 3184/4056 4186/3804 3784/4059
f 3812/4060 3188/3930 3185/4025
f 3188/3930 3822/3923 3183/4057
f 3185/4025 3813/4061 3812/4060
f 3190/4062 3192/4033 3189/4063
f 3770/3828 3193/4031 3190/4062
f 3189/4063 3107/3932 3190/4062
f 3190/4062 4077/3551 3770/3828
f 3287/4064 3194/3940 3191/4065
f 3194/3940 3110/3933 3189/4063
f 3191/4065 3865/4066 3287/4064
f 3195/4067 3199/3738 3198/4068
f 3392/4069 3196/3836 3195/4067
f 3197/4070 4108/4071 3392/4069
f 3198/4068 3197/4070 3195/4067
f 3198/4068 3938/4072 3197/4070
f 3874/4037 3937/4073 3198/4068
f 3055/3862 3204/4045 3201/4074
f 3204/4045 3172/4044 3200/4075
f 3202/3961 3123/3959 3201/4074
f 3201/4074 3058/4076 3055/3862
f 3203/4077 3202/3961 3200/4075
f 3818/4078 3122/3964 3203/4077
f 3200/4075 3175/4049 3203/4077
f 3203/4077 3819/4079 3818/4078
f 3203/4077 4087/4080 3819/4079
f 3766/3866 3208/3999 3765/4081
f 3208/3999 3139/3997 3205/4082
f 3205/4082 3209/3972 3765/4081
f 3209/3972 3768/3623 3765/4081
f 3207/4083 3206/3971 3205/4082
f 3802/4084 3210/3978 3207/4083
f 3205/4082 3144/4085 3207/4083
f 3207/4086 4084/4087 3802/4088
f 3212/4089 3216/4090 3211/4091
f 3818/4078 3217/4092 3212/4089
f 3217/4092 3276/4093 3216/4090
f 3819/4079 3278/4094 3217/4092
f 3213/4095 3212/4089 3211/4091
f 3218/4096 3820/3966 3818/4078
f 3211/4091 3214/4097 3213/4095
f 3215/4098 3214/4097 3211/4091
f 3302/4099 3301/4100 3215/4098
f 3301/4100 3912/4101 3214/4097
f 3211/4091 3219/4102 3215/4098
f 3802/4088 3224/4103 3221/4104
f 3221/4105 3804/3979 3802/4084
f 3220/4106 3223/4107 3222/4108
f 3223/4109 4125/4110 3247/4111
f 3258/4112 3892/4113 3223/4107
f 3226/4114 3228/4115 3225/4116
f 3814/3928 3229/4117 3226/4114
f 3225/4116 3254/4118 3226/4114
f 3226/4114 3816/3990 3814/3928
f 4091/4119 3255/4120 3227/4121
f 3225/4116 3230/4122 3227/4121
f 3230/4122 4090/4123 3838/4124
f 3232/4125 3233/3939 3109/3936
f 3235/4126 3237/4127 3234/4128
f 3235/4126 3808/3957 3238/4129
f 3237/4127 3843/1843 3842/1849
f 3238/4129 4085/1844 3843/1843
f 3234/4128 3844/4130 3235/4126
f 3235/4126 3811/4026 3807/3954
f 3236/4131 3845/4132 3234/4128
f 3832/4133 3846/4134 3236/4131
f 3234/4128 3239/4135 3236/4131
f 3842/1849 3239/4135 3237/4127
f 3236/4131 3833/4136 3832/4133
f 3841/1851 3833/4136 3239/4135
f 3820/3966 3218/4096 3241/4137
f 3218/4096 3213/4095 3240/4138
f 3256/4139 3257/4140 3241/4137
f 3241/4137 3801/4000 3820/3966
f 3240/4138 3243/4141 3256/4139
f 3242/4142 3942/4143 3243/4141
f 3213/4095 3242/4142 3240/4138
f 3214/4097 4109/4144 3242/4142
f 3244/4145 3221/4105 3222/4146
f 3804/3979 3221/4105 3245/4147
f 3246/4148 3245/4147 3244/4145
f 3248/4149 3805/4150 3803/3974
f 3244/4145 3249/4151 3246/4148
f 3247/4152 3922/4153 3249/4151
f 3222/4146 3247/4152 3244/4145
f 3816/3990 3254/4118 3251/4154
f 3254/4118 3225/4116 3250/4155
f 3252/4156 3847/4157 3251/4154
f 3251/4154 4086/4050 3816/3990
f 3253/4158 3252/4156 3250/4155
f 4092/4159 3279/4160 3253/4158
f 3250/4155 3255/4120 3253/4158
f 3255/4120 4091/4119 3839/4161
f 3220/4106 3224/4103 3257/4140
f 3257/4140 4084/4087 3801/4000
f 3256/4139 3258/4112 3220/4106
f 3243/4141 3929/4162 3258/4112
f 3260/4163 3263/4164 3259/4165
f 3810/4020 3264/4166 3260/4163
f 3264/4166 3845/4132 3263/4164
f 3811/4026 3844/4130 3264/4166
f 3259/4165 3265/4167 3260/4163
f 3261/4168 3284/4169 3265/4167
f 3260/4163 3809/4024 3810/4020
f 3265/4167 3813/4061 3809/4024
f 3262/4170 3261/4168 3259/4165
f 3835/4171 3266/4172 3262/4170
f 3266/4172 3283/4173 3261/4168
f 3834/4174 3285/4175 3266/4172
f 3259/4165 3267/4176 3262/4170
f 3263/4164 3846/4134 3267/4176
f 3262/4170 3836/4177 3835/4171
f 3267/4176 4089/4178 3836/4177
f 3268/4179 3269/4180 3271/4181
f 3271/4181 3248/4149 3246/4148
f 3805/4150 3248/4149 3269/4180
f 3865/4066 3272/4032 3268/4179
f 3272/4032 3163/4034 3269/4180
f 3270/4182 3901/4183 3273/4184
f 3268/4179 3273/4184 3865/4066
f 3271/4181 3270/4182 3268/4179
f 3246/4148 3270/4182 3271/4181
f 3249/4151 3899/4185 3270/4182
f 3275/4186 3252/4156 3274/4187
f 3817/4048 3847/4157 3275/4186
f 3274/4187 3278/4094 3275/4186
f 3275/4186 4087/4080 3817/4048
f 3277/4188 3276/4093 3274/4187
f 3840/4189 3219/4102 3277/4188
f 3274/4187 3279/4160 3277/4188
f 3279/4160 4092/4159 3840/4189
f 3281/4190 3283/4173 3280/4191
f 3812/4060 3284/4169 3281/4190
f 3228/4115 3229/4117 3281/4190
f 3281/4190 3815/3931 3812/4060
f 3282/4192 3228/4115 3280/4191
f 4090/4123 3230/4122 3282/4192
f 3280/4191 3285/4175 3282/4192
f 3282/4192 3837/4193 4090/4123
f 3288/4194 3287/4064 3286/4195
f 3286/4195 3290/4196 3288/4194
f 3288/4194 4122/4197 3232/4125
f 3865/4066 3289/4198 3286/4195
f 3273/4184 3946/4199 3289/4198
f 3840/4189 3295/4200 3292/4201
f 3291/4202 3295/4200 3314/4203
f 3293/4204 3292/4201 3291/4202
f 3292/4201 3302/4099 3840/4189
f 3291/4202 4131/4205 3293/4204
f 3294/4206 3908/4207 4131/4205
f 3314/4203 3294/4206 3291/4202
f 3297/4208 3299/4209 3296/4210
f 4090/4123 3300/4211 3297/4208
f 3296/4210 3304/4212 3297/4208
f 3852/4213 3308/4214 3298/4215
f 3308/4214 3306/4216 3296/4210
f 3299/4209 3328/4217 3298/4215
f 3298/4215 4095/4218 3852/4213
f 3301/4100 3949/4219 3950/4220
f 4131/4205 3949/4219 3301/4100
f 3304/4212 3306/4216 3303/4221
f 3303/4221 3307/4222 3304/4212
f 3304/4212 4091/4119 3838/4124
f 3305/4223 3317/4224 3303/4221
f 4096/4225 3320/4226 3305/4223
f 3303/4221 3308/4214 3305/4223
f 3305/4223 3853/4227 4096/4225
f 3309/4228 3313/4229 3312/1957
f 3310/4230 3833/4136 3313/4229
f 3313/4229 4088/1951 1201/1948
f 3309/4228 3854/4231 3310/4230
f 3310/4230 4089/4178 3832/4133
f 3311/4232 3855/4233 3309/4228
f 3848/4234 3856/4235 3311/4232
f 3312/1957 3311/4232 3309/4228
f 3315/4236 3317/4224 3314/4203
f 3839/4161 3318/4237 3315/4236
f 3839/4161 3307/4222 3318/4237
f 3315/4236 4092/4159 3839/4161
f 3316/4238 3911/4239 3294/4206
f 3319/4240 3911/4239 3316/4238
f 3319/4240 4114/4241 3910/4242
f 3314/4203 3320/4226 3316/4238
f 3320/4226 3319/4240 3316/4238
f 3322/4243 3325/4244 3321/4245
f 3835/4171 3326/4246 3322/4243
f 3326/4246 3855/4233 3325/4244
f 3836/4177 3854/4231 3326/4246
f 3321/4245 3327/4247 3322/4243
f 3323/4248 3300/4211 3327/4247
f 3322/4243 3834/4174 3835/4171
f 3327/4247 3837/4193 3834/4174
f 3324/4249 3323/4248 3321/4245
f 3850/4250 3328/4217 3324/4249
f 3328/4217 3299/4209 3323/4248
f 3321/4245 3329/4251 3324/4249
f 3325/4244 3856/4235 3329/4251
f 3324/4249 3851/4252 3850/4250
f 3329/4251 4094/4253 3851/4252
f 3331/4254 3333/4255 3330/4256
f 3850/4250 3334/4257 3331/4254
f 3334/4257 3857/4258 3333/4255
f 3851/4252 3858/4259 3334/4257
f 3330/4256 3335/4260 3331/4254
f 3332/4261 3340/4262 3335/4260
f 3331/4254 4095/4218 3850/4250
f 3330/4256 3933/4263 3336/4264
f 3330/4256 3931/4265 3932/4266
f 3333/4255 4113/4267 3931/4265
f 3852/4213 3340/4262 3338/4268
f 3340/4262 3332/4261 3337/4269
f 3344/4270 3338/4268 3337/4269
f 3338/4268 3853/4227 3852/4213
f 3337/4269 3341/4271 3344/4270
f 3339/4272 3898/4273 3341/4271
f 3332/4261 3339/4272 3337/4269
f 3336/4264 3896/4274 3339/4272
f 3342/4275 3343/4276 3344/4270
f 3353/4277 3345/4278 3342/4275
f 3887/4279 4112/4280 3353/4281
f 3344/4270 3887/4282 3342/4275
f 3341/4271 3885/4283 3886/4284
f 3347/4285 3349/4286 3346/4287
f 3347/4285 3859/2010 3349/4286
f 3347/4285 4093/2011 3860/4288
f 3346/4287 3350/4289 3347/4285
f 3348/4290 3858/4259 3350/4289
f 3347/4285 3848/4234 3849/4291
f 3350/4289 4094/4253 3848/4234
f 3889/4292 3348/4290 3346/4287
f 3890/4293 3857/4258 3348/4290
f 3346/4287 3888/4294 3889/4292
f 3349/4286 4097/2017 3888/4294
f 3351/4295 3345/4278 3353/4277
f 3352/4296 4096/4225 3345/4278
f 3919/4297 3319/4240 3352/4296
f 3354/4298 3357/4299 3356/4300
f 3355/4301 3917/4302 3358/4303
f 3356/4300 3421/4304 3354/4298
f 3360/4305 4163/4306 3491/4307
f 3826/4308 3360/4309 3359/4310
f 4105/4311 4163/4312 3360/4309
f 3359/4310 3827/4313 3826/4308
f 3821/4314 3758/3893 3362/4315
f 3363/4316 3924/4317 3365/4318
f 3362/4315 3365/4319 3372/4320
f 3364/4321 3363/4316 3362/4322
f 3385/4323 3923/4324 3363/4316
f 3362/4322 3760/3653 3364/4321
f 3366/4325 3936/4326 3369/4327
f 3367/4328 3366/4325 3369/4327
f 3368/3750 2985/3749 3367/4328
f 3372/4320 3371/4329 3370/4330
f 3370/4330 3373/4331 3372/4320
f 3963/3777 3821/4314 3373/4331
f 3475/4332 3377/4333 3375/4334
f 3477/4335 4156/3591 3377/4333
f 3375/4334 3476/4336 3475/4332
f 3375/4334 4157/4337 3476/4336
f 3378/4338 3978/4339 3375/4334
f 3375/4334 3377/4333 3376/4340
f 3377/4333 2880/3714 3390/4341
f 3381/4342 4142/4343 3964/4344
f 3380/4345 3421/4304 3379/4346
f 3379/4347 3883/4348 3380/4349
f 3380/4349 4130/4350 3965/4351
f 3381/4352 3883/4348 3379/4347
f 3964/3909 3884/3908 3381/4352
f 3383/4353 3759/3656 3382/4354
f 3364/4321 3760/3653 3383/4353
f 3382/4354 3385/4323 3383/4353
f 3384/4355 3955/4356 3385/4323
f 3383/4353 3385/4323 3364/4321
f 3368/3750 3384/4355 3382/4354
f 3369/4327 3953/4357 3384/4355
f 3376/4340 3390/4341 3386/4358
f 3390/4341 2959/3716 3389/4359
f 3386/4358 3378/4338 3376/4340
f 3387/4360 3979/4361 3378/4338
f 3388/4362 3387/4360 3386/4358
f 3386/4358 3389/4359 3388/4362
f 3388/4362 3393/4363 3391/4364
f 3389/4359 3762/3816 3393/4363
f 3391/4364 4100/4365 3388/4362
f 3392/4069 3882/4366 3391/4364
f 3391/4364 4074/3835 3392/4069
f 2132/4367 3576/4368 3394/4369
f 3397/4370 4013/4371 2132/4367
f 2132/2393 4133/2392 3397/4372
f 3394/4373 2129/2394 2132/2393
f 3395/4374 3617/4375 3397/4370
f 3396/4376 3617/4375 3395/4374
f 3399/4377 4026/4378 3396/4376
f 3663/4379 3399/4377 3398/4380
f 3398/4380 3662/4381 3663/4379
f 3398/4380 3747/4382 3662/4381
f 3398/4383 4134/3028 3634/4384
f 3400/4385 3747/4382 3402/4386
f 3402/4386 3747/4382 3634/4387
f 3400/4385 3745/4388 3746/4389
f 3401/4390 4058/4391 3745/4388
f 3401/3383 4135/3382 3696/4392
f 3402/4393 2732/3385 3400/4394
f 3634/4384 2735/3388 3402/4393
f 3799/4395 3405/4396 3403/4397
f 3800/4398 3696/4399 3405/4396
f 3404/4400 3884/4401 3799/4395
f 3404/3775 4136/3774 3757/4402
f 3405/4403 3005/3776 3403/4404
f 3696/4392 3007/3778 3405/4403
f 3883/4405 3408/4406 3406/4407
f 3884/4401 3757/4408 3408/4406
f 3407/4409 4130/4410 3883/4405
f 3370/4330 3407/4411 3406/4412
f 3406/4412 3408/4413 3370/4330
f 3410/2384 2190/4414 3409/2383
f 3517/2380 2190/4414 3410/2384
f 3411/2721 2387/4415 3412/2719
f 3412/2719 4139/4416 3416/2720
f 3413/2722 2386/2823 3411/2721
f 3414/3018 2589/4417 3415/3016
f 3415/3016 4140/4418 3637/3017
f 3416/2720 2588/4419 3414/3018
f 3703/3373 2727/3372 2828/3503
f 2828/3503 4141/4420 3703/3373
f 3637/3017 2829/4421 3418/4422
f 4142/4343 2998/3762 3419/3765
f 3092/4423 3093/4424 3419/3765
f 3703/3373 3094/4425 3420/3764
f 3421/4304 3356/4300 3381/4342
f 3381/4342 3763/3763 4142/4343
f 3421/4304 3380/4345 3355/4301
f 3380/4345 4143/4426 3355/4301
f 4217/4427 3439/2558 4218/4428
f 4230/4429 3424/4430 4217/4427
f 3424/4430 4147/4431 3440/2555
f 4218/4428 4148/2840 4231/4432
f 4219/4433 3442/4434 4220/4435
f 4231/4432 3443/2839 4219/4433
f 4220/4435 3444/4436 4221/4437
f 4221/4437 4149/4438 4222/4439
f 4222/4439 3447/4440 4223/4441
f 3426/4442 3464/2206 3427/2205
f 4223/4441 4150/4443 4224/4444
f 4224/4444 3430/4445 4225/4446
f 4225/4446 3432/4447 4226/4448
f 4226/4448 4151/4449 4227/4450
f 4228/4451 3434/4452 3433/4453
f 3434/4454 3454/4455 3433/4456
f 4151/4449 3456/4457 3434/4454
f 3435/4458 3970/4459 4229/4460
f 3433/4453 4229/4460 4228/4451
f 3436/4461 4232/4462 4229/4463
f 4146/2174 3970/4459 3435/4458
f 3437/4464 3971/2188 4146/2174
f 3438/4465 3969/4466 4146/2174
f 3443/2839 3445/2842 3442/4434
f 3442/4434 3446/2844 3444/4436
f 3446/2844 4025/2843 4149/4438
f 4149/4438 2593/3140 3449/4467
f 3449/4467 2596/3519 3448/4468
f 3451/3520 3453/4469 3450/4470
f 3451/3520 3737/3523 3453/4469
f 3450/4470 3431/4471 3451/3520
f 3451/3520 4150/4443 3633/3521
f 4151/4449 3432/4447 3452/4472
f 3432/4447 3430/4445 3450/4470
f 3450/4470 3453/4469 3452/4472
f 3452/4472 3695/3524 4151/4449
f 3455/4473 2861/4474 3454/4455
f 3695/3524 2860/3553 3455/4473
f 3454/4455 3456/4457 3455/4473
f 3967/4475 3436/4476 3968/4477
f 2861/4474 2862/3557 3968/4477
f 3458/2197 3422/4478 3457/2198
f 3457/4479 3461/4480 3458/4481
f 3423/4482 3459/2199 3457/2198
f 3423/4482 3975/4483 3462/4484
f 3462/4485 4012/4486 3974/4487
f 3422/4478 3423/4482 3457/2198
f 3425/4488 4012/4489 3975/4490
f 1349/2210 3429/4491 3428/4492
f 3463/4493 4146/2174 1350/2208
f 3428/4492 3463/4493 1349/2210
f 3578/4494 3466/4495 3465/4496
f 3577/4497 4153/4498 3466/4495
f 3465/4496 4014/4499 3578/4494
f 3467/4500 4028/4501 4167/4502
f 3668/4503 3597/4504 3469/4505
f 3469/4505 3669/4506 3668/4503
f 3472/4507 3669/4506 3469/4505
f 3469/4508 4154/3154 3472/4509
f 3470/4510 4044/4511 3472/4507
f 3471/4512 3750/4513 3470/4510
f 4155/4514 3751/4515 3471/4512
f 3472/4509 2853/3540 3470/4516
f 3473/4517 3795/4518 3474/4519
f 3474/4519 3751/4515 4155/4514
f 3761/4520 3794/4521 3473/4517
f 4156/3591 3761/4522 3473/4523
f 3474/4524 4156/3591 3473/4523
f 4155/4525 2879/3594 3474/4524
f 3475/4526 3827/4527 3477/4528
f 3477/4528 3827/4527 3761/4520
f 3476/4529 3826/4530 3475/4526
f 4157/4531 4105/4532 3476/4529
f 3478/2355 4159/4533 3482/2354
f 3479/2351 2157/2450 4159/4533
f 2348/4534 2349/4535 3481/3070
f 3482/2354 2348/4534 3480/2693
f 3483/2991 3481/3070 3484/3073
f 3484/3073 4161/3072 3483/2991
f 3481/3070 2557/3069 3484/3073
f 3487/3348 2781/4536 3485/3347
f 3483/2991 2783/4537 3487/3348
f 3488/3848 3700/3345 3486/3845
f 3488/3848 3489/3850 2986/3751
f 3367/4328 3489/3850 4162/3849
f 3491/4307 3366/4325 4162/3849
f 3491/4307 3918/4538 3366/4325
f 4162/3849 3366/4325 3367/4328
f 3491/4307 3361/4539 3359/4540
f 2847/4541 4170/1270 4168/3577
f 4185/2977 3641/2979 4196/3322
f 4188/3209 2658/3257 4206/3259
f 3727/3357 2919/4542 4192/4543
f 3670/3169 2617/4544 4183/3170
f 4173/4019 3025/3806 2949/3705
f 4201/3358 3727/3357 4175/4545
f 2787/3353 4179/3461 2784/3454
f 4182/4546 2625/3184 4199/3255
f 2768/3430 3642/3056 2765/3324
f 3727/3357 4192/4543 4175/4545
f 2790/3465 4188/3209 2792/3258
f 3718/3530 4168/3577 4165/3462
f 3785/3805 3101/3898 4166/3899
f 4199/3255 2625/3184 2624/3256
f 4191/3459 2626/3187 2624/3256
f 4179/3457 2789/3456 4191/3459
f 4203/3203 3640/3165 4169/3210
f 2590/3139 4193/3515 2592/2861
f 3084/3897 4166/3899 3086/3660
f 2949/3705 2953/3580 3782/4017
f 4165/3462 2868/3574 2872/3578
f 2919/4542 2917/3659 4178/3208
f 4206/3259 2658/3257 4182/4546
f 2348/4547 4167/4548 2349/2772
f 2350/2775 4167/4548 2348/4547
f 2990/3663 2919/4542 2916/3207
f 3458/4549 4145/4550 3460/4551
f 3460/2274 4145/2275 3422/4478
f 3458/4549 3461/4552 4145/4550
f 4014/4499 3467/4500 4167/4502
f 3422/4478 4214/4553 4208/4554
f 4208/4554 3423/4482 3422/4478
f 3425/2202 4215/4555 4209/4556
f 4209/4556 3427/2205 3425/2202
f 3427/2205 4216/4557 4210/4558
f 3428/4492 4211/4559 4212/4560
f 4212/4560 3463/4493 3428/4492
f 4213/4561 3970/4459 3463/4493
f 4214/4562 4217/4563 4208/4564
f 4208/4564 4218/4565 4215/4566
f 4215/4566 4219/4567 4209/4568
f 4209/4568 4221/4569 4216/4570
f 4216/4570 4222/4571 4210/4572
f 4210/4572 4223/4573 4211/4574
f 4211/4574 4225/4575 4212/4576
f 4212/4576 4226/4577 4213/4578
f 4213/4578 4227/4579 4229/4580
f 3/1 4/4 2/2
f 4/4 1420/4581 1419/5
f 4/4 1859/284 1420/4581
f 1/3 2/2 50/7
f 2/2 1419/5 1422/9
f 1474/8 1467/135 1465/10
f 1/3 1465/10 168/11
f 3/1 168/11 1873/12
f 107/13 8/16 6/14
f 8/16 1853/4582 1401/17
f 5/15 6/14 46/19
f 6/14 1401/17 1854/18
f 7/21 1475/20 1868/368
f 7/21 1868/368 1454/22
f 10/24 1434/27 1433/4583
f 1877/23 115/26 10/24
f 170/28 10/24 51/29
f 10/24 1433/4583 1436/31
f 11/32 120/38 1851/33
f 12/35 1852/154 1477/153
f 1386/34 1852/154 12/35
f 11/32 172/36 122/37
f 13/301 315/300 175/394
f 14/39 13/301 1460/40
f 13/301 175/394 1460/40
f 14/39 1409/42 1408/302
f 15/50 18/46 16/43
f 18/46 1479/56 126/47
f 16/43 126/47 1863/48
f 1446/45 1445/51 17/49
f 1445/51 1864/159 1480/52
f 15/50 17/49 19/53
f 17/49 1480/52 1481/55
f 177/54 319/312 1479/56
f 21/58 1398/61 1397/64
f 129/57 131/60 21/58
f 20/59 21/58 23/62
f 23/62 1397/64 1399/177
f 22/63 1867/185 182/65
f 20/59 182/65 1866/66
f 24/67 1411/74 1414/68
f 25/69 26/235 1463/70
f 26/235 190/412 1463/70
f 26/235 1451/237 190/412
f 24/67 1463/70 1461/71
f 1295/72 1296/73 24/67
f 27/77 1428/76 1427/78
f 137/84 138/75 27/77
f 28/79 1427/78 1430/188
f 28/79 1482/81 29/80
f 27/77 29/80 1875/83
f 30/85 2001/430 32/86
f 31/87 1834/89 2000/4584
f 33/92 1382/91 1381/93
f 1485/94 1381/93 1384/194
f 1485/94 72/199 34/95
f 33/92 34/95 35/438
f 33/92 35/438 143/96
f 36/97 38/100 1860/98
f 37/99 1861/209 1486/102
f 36/97 1486/102 1879/105
f 205/104 207/445 38/100
f 207/445 1878/332 38/100
f 1487/106 1392/338 1391/107
f 39/108 1391/107 1394/109
f 39/108 1488/111 210/451
f 39/108 210/451 213/112
f 41/115 1410/114 153/4585
f 41/115 208/358 40/113
f 41/115 1872/344 208/358
f 40/113 1858/117 1410/114
f 42/120 46/19 43/119
f 46/19 1854/18 1402/118
f 44/121 43/119 90/123
f 43/119 1402/118 1403/122
f 42/120 44/121 45/124
f 45/124 92/127 1457/125
f 45/124 1475/20 5/15
f 1455/126 1868/368 1475/20
f 47/130 50/7 48/129
f 50/7 1422/9 1421/128
f 49/131 48/129 84/133
f 48/129 1421/128 1424/132
f 49/131 1468/233 1466/134
f 47/130 1466/134 1467/135
f 226/136 51/29 1435/137
f 51/29 1436/31 1435/137
f 1435/137 1489/116 226/136
f 52/138 53/141 1365/139
f 52/144 2022/2272 1871/145
f 1491/146 1490/148 53/147
f 1490/148 1856/4586 2021/149
f 56/150 1852/154 55/151
f 54/4587 55/4588 1388/257
f 1388/257 1865/263 54/4587
f 58/155 1480/52 1864/159
f 58/163 103/162 59/164
f 1448/161 1450/4589 103/162
f 57/158 59/160 1472/478
f 57/158 1481/55 1480/52
f 1472/478 235/167 57/158
f 132/175 133/316 60/168
f 60/168 133/316 1416/169
f 1415/170 1418/281 111/171
f 61/172 1492/286 62/173
f 60/168 62/173 134/174
f 65/179 23/62 63/178
f 64/184 63/178 106/181
f 63/178 1399/177 1400/180
f 106/181 1493/182 64/184
f 1493/182 1453/279 1452/183
f 63/178 64/184 65/179
f 64/184 1452/183 65/179
f 67/186 1430/188 1429/191
f 66/187 67/186 68/189
f 68/189 1429/191 1432/4590
f 66/187 1471/192 1470/193
f 1482/81 1470/193 1876/82
f 69/195 1384/194 1383/196
f 1494/197 1383/196 1385/303
f 1494/197 71/306 70/198
f 69/195 70/198 72/199
f 1484/88 1406/201 1834/89
f 1484/88 1459/520 74/202
f 1484/88 32/86 1459/520
f 73/200 74/202 117/204
f 74/202 1459/520 1870/203
f 73/200 1855/4591 1406/201
f 117/296 1855/295 73/4592
f 75/208 1486/102 1861/209
f 76/205 78/211 77/210
f 1441/207 1862/309 78/211
f 75/208 77/210 1880/212
f 262/213 1879/105 1486/102
f 81/110 1394/109 1393/216
f 79/215 80/214 128/217
f 80/214 1393/216 1396/219
f 81/110 266/220 1488/111
f 82/223 83/535 1869/224
f 84/133 1424/132 1423/228
f 87/227 84/133 85/229
f 85/229 1423/228 1426/321
f 86/230 1874/232 272/536
f 85/229 139/231 86/230
f 86/230 272/536 1468/233
f 1495/234 1414/68 1380/324
f 1495/234 88/236 26/235
f 90/123 1403/122 1404/241
f 89/238 90/123 1313/239
f 1329/240 1330/243 91/242
f 1330/243 2011/547 1456/244
f 89/238 91/242 92/127
f 1456/244 1457/125 92/127
f 93/252 96/248 94/245
f 94/245 3583/249 4002/250
f 95/251 1437/247 1440/253
f 95/251 286/255 93/252
f 1496/254 1520/334 286/255
f 96/248 3619/556 3583/249
f 1387/258 1390/336 150/260
f 97/256 98/259 289/262
f 97/256 289/262 1388/257
f 100/264 1847/269 2016/265
f 1352/266 1351/4593 101/267
f 1351/4593 1354/566 101/267
f 100/264 101/267 290/268
f 1847/269 290/268 1497/343
f 1497/343 1857/342 1847/269
f 102/271 59/164 103/162
f 1450/4589 1413/317 103/162
f 135/270 1462/319 1473/165
f 1493/182 106/181 104/275
f 105/274 104/273 8/16
f 104/275 1400/180 1853/276
f 105/274 107/13 1453/579
f 108/283 111/171 109/280
f 109/280 111/171 1418/281
f 110/6 109/280 4/4
f 1417/282 1859/284 109/280
f 110/6 1873/12 302/285
f 108/283 302/285 1492/286
f 113/288 1432/291 1431/292
f 114/287 68/290 113/288
f 112/289 113/288 115/26
f 115/26 1431/292 1434/27
f 116/294 118/297 1855/295
f 117/296 1870/597 314/299
f 116/294 314/299 315/300
f 118/297 1408/302 1407/298
f 13/301 14/39 118/297
f 1385/303 1851/33 120/38
f 120/38 122/37 121/305
f 119/304 121/305 71/306
f 123/307 77/210 78/211
f 124/308 78/211 1862/309
f 124/308 126/47 125/311
f 1444/310 1443/4594 126/47
f 1443/4594 1863/48 126/47
f 123/307 125/311 319/312
f 125/311 1479/56 319/312
f 317/313 1880/212 77/210
f 128/217 1396/219 1395/315
f 127/314 128/217 131/60
f 131/60 1395/315 1398/61
f 129/57 1866/66 127/314
f 132/175 102/271 103/162
f 133/316 103/162 1413/317
f 1412/318 1416/169 133/316
f 134/174 1464/176 1462/319
f 132/175 134/174 135/270
f 136/320 1426/321 1425/322
f 139/231 136/320 138/75
f 138/75 1425/322 1428/76
f 137/84 1875/83 1469/323
f 139/231 1469/323 1874/232
f 140/325 1380/324 1379/326
f 141/90 1379/326 1382/91
f 141/90 143/96 142/327
f 140/325 142/327 88/236
f 144/331 146/330 145/328
f 145/328 1496/254 1440/253
f 145/328 147/101 144/331
f 1439/329 1860/98 147/101
f 144/331 38/100 1878/332
f 149/340 150/260 148/335
f 148/335 150/260 1390/336
f 148/335 1389/337 1392/338
f 148/335 157/339 149/340
f 1487/106 213/112 157/339
f 151/341 152/345 1857/342
f 151/341 158/355 1872/344
f 41/115 153/4585 152/345
f 156/347 146/330 154/346
f 154/346 144/331 155/333
f 155/333 360/348 154/346
f 1878/332 1896/449 360/348
f 156/347 361/349 1554/350
f 1521/354 149/340 157/339
f 1521/354 99/261 149/340
f 213/112 214/351 157/339
f 157/339 365/352 1521/354
f 1521/354 364/353 1555/662
f 159/356 151/341 1497/343
f 159/356 1889/359 1872/344
f 161/362 1454/22 1868/368
f 297/364 299/365 161/362
f 160/363 161/362 163/366
f 218/367 1504/457 162/369
f 160/363 162/369 1884/370
f 162/369 1504/457 369/371
f 167/372 168/11 165/373
f 167/372 1873/12 168/11
f 164/374 165/373 223/375
f 165/373 1465/10 1467/135
f 222/376 224/378 166/377
f 167/372 166/377 305/381
f 166/377 1891/379 1511/380
f 1522/385 9/25 169/383
f 1522/385 309/587 9/25
f 309/587 1877/23 9/25
f 169/383 9/25 170/28
f 170/28 380/382 169/383
f 1476/30 2057/471 380/382
f 1522/385 2069/384 501/876
f 1523/386 312/593 172/36
f 312/593 122/37 172/36
f 171/387 12/35 1477/153
f 1523/386 381/390 505/594
f 173/391 175/394 315/300
f 173/391 1887/599 174/695
f 173/391 174/695 1368/392
f 1367/393 1369/395 175/394
f 176/401 179/396 177/54
f 179/396 1898/602 319/312
f 176/401 177/54 178/398
f 177/54 19/53 178/398
f 19/53 1481/55 1524/397
f 178/398 180/399 176/401
f 1524/397 236/484 180/399
f 236/484 1518/485 180/399
f 176/401 386/400 389/402
f 179/396 389/402 1898/602
f 324/403 1866/66 182/65
f 181/404 182/65 185/405
f 183/406 186/408 184/407
f 186/408 1883/504 1500/409
f 181/404 184/407 326/410
f 184/407 1500/409 326/410
f 188/413 190/412 1451/237
f 188/413 191/415 189/414
f 187/411 189/414 1298/417
f 189/414 400/416 1302/419
f 1297/418 1299/420 190/412
f 1299/420 1461/71 1463/70
f 329/421 331/424 193/422
f 331/424 1875/83 29/80
f 192/423 193/422 1876/82
f 193/422 29/80 1876/82
f 192/423 1895/426 1513/428
f 194/427 1513/428 1894/612
f 1281/431 1282/4595 196/432
f 1282/4595 1285/730 196/432
f 195/429 196/432 198/433
f 197/434 198/433 1527/820
f 197/434 199/515 2001/430
f 199/515 32/86 2001/430
f 202/435 35/438 34/95
f 337/437 143/96 35/438
f 200/436 34/95 72/199
f 200/436 203/440 201/442
f 203/440 1882/513 1499/441
f 202/435 201/442 338/444
f 201/442 1499/441 410/443
f 206/103 412/447 204/446
f 1879/105 1897/524 412/447
f 207/445 413/448 1896/449
f 209/450 1508/744 2037/743
f 209/450 1489/116 40/113
f 211/452 268/528 212/453
f 210/451 212/453 214/351
f 215/454 218/367 163/366
f 216/455 163/366 1455/126
f 216/455 281/456 215/454
f 1455/126 1457/125 216/455
f 217/458 1506/550 1505/459
f 215/454 217/458 1504/457
f 1504/457 1505/459 1885/671
f 222/376 223/375 220/460
f 223/375 1467/135 1466/134
f 219/461 220/460 275/462
f 220/460 1466/134 1468/233
f 221/464 1892/466 1512/467
f 274/463 277/465 221/464
f 219/461 221/464 224/378
f 224/378 1512/467 1891/379
f 225/468 226/136 1489/116
f 227/469 1489/116 209/450
f 209/450 2037/743 227/469
f 226/136 2049/470 2057/471
f 230/388 56/150 228/472
f 230/388 1477/153 56/150
f 229/4596 54/4587 1865/263
f 232/474 2023/779 1888/475
f 233/477 235/167 1472/478
f 235/167 1524/397 1481/55
f 234/483 1472/166 293/480
f 294/481 1519/574 1517/482
f 233/477 234/479 236/484
f 234/479 1517/4597 1518/485
f 238/487 1464/176 62/173
f 321/486 320/489 238/487
f 237/488 238/487 240/490
f 240/490 62/173 1492/286
f 239/492 1510/494 1509/496
f 304/491 303/493 239/492
f 237/488 239/492 241/495
f 241/495 1509/496 1890/605
f 243/497 65/179 1452/183
f 183/406 185/405 243/497
f 185/405 1867/185 65/179
f 242/498 243/497 246/499
f 246/499 1452/183 1453/279
f 244/500 247/502 245/501
f 247/582 448/799 1501/4598
f 247/582 1503/583 448/799
f 242/498 245/501 186/408
f 245/501 1501/503 1883/504
f 1525/425 1876/82 248/505
f 248/505 1470/193 1471/192
f 249/506 251/809 250/507
f 248/505 250/507 1525/425
f 254/439 72/199 70/198
f 252/508 70/198 71/306
f 252/508 255/510 253/512
f 254/439 253/512 203/440
f 253/512 455/511 1882/513
f 256/514 259/516 199/515
f 259/516 1459/520 32/86
f 197/434 1527/820 257/517
f 256/514 257/517 260/518
f 258/519 1870/203 259/516
f 262/213 1880/212 263/522
f 263/522 1516/604 1514/523
f 261/521 1514/523 462/824
f 261/521 462/824 1897/524
f 211/452 1488/111 266/220
f 264/525 79/215 130/218
f 1529/526 267/609 265/527
f 264/525 265/527 268/528
f 269/532 270/4599 1886/533
f 270/4599 2006/839 1886/533
f 1526/534 1869/224 83/535
f 274/463 275/462 272/536
f 275/462 1468/233 272/536
f 271/537 272/536 276/538
f 327/539 332/541 273/540
f 271/537 273/540 277/465
f 277/465 1893/542 1892/466
f 278/544 281/456 279/543
f 281/456 1457/125 1456/244
f 278/544 279/543 1335/545
f 279/543 1456/244 2011/547
f 1334/546 1336/549 280/548
f 1336/549 1507/2192 1506/550
f 278/544 280/548 217/458
f 188/413 1451/237 283/551
f 283/551 1451/237 88/236
f 282/552 284/554 191/415
f 284/554 1881/616 1498/555
f 285/557 96/248 93/252
f 285/557 93/252 286/255
f 286/255 481/558 285/557
f 1520/334 1554/350 481/558
f 285/557 3672/560 3619/556
f 287/561 98/259 99/261
f 288/562 484/564 483/563
f 1521/354 1555/662 484/564
f 289/262 483/563 1865/263
f 291/565 101/267 1354/566
f 2067/568 2054/2268 473/569
f 1353/567 1356/856 486/571
f 291/565 486/571 2043/859
f 1558/357 1497/343 290/268
f 292/572 293/480 320/489
f 293/480 1473/165 1462/319
f 292/572 322/573 294/481
f 322/573 344/606 1519/574
f 296/576 1453/579 107/13
f 244/575 246/578 296/576
f 295/577 296/576 299/365
f 299/365 107/13 1454/22
f 297/364 300/361 298/580
f 300/361 1884/370 1502/581
f 295/577 298/580 247/582
f 298/580 1502/581 1503/583
f 304/491 240/490 302/285
f 240/490 1492/286 302/285
f 301/584 302/285 1873/12
f 301/584 305/381 303/493
f 305/381 1511/380 1510/494
f 306/586 1471/293 112/289
f 309/587 112/289 1877/23
f 1522/385 501/876 307/588
f 306/586 308/589 251/590
f 1528/509 71/306 121/305
f 310/592 311/591 312/593
f 311/591 121/305 122/37
f 310/592 505/594 504/595
f 311/591 504/595 255/510
f 313/596 314/299 1870/597
f 258/598 260/883 313/596
f 173/391 315/300 314/299
f 316/600 263/522 1880/212
f 317/313 319/312 318/601
f 316/600 1515/603 1516/604
f 320/489 1462/319 1464/176
f 321/486 1890/605 344/606
f 323/607 130/218 127/314
f 323/607 127/314 1866/66
f 324/403 326/410 325/608
f 323/607 325/608 267/609
f 327/539 276/538 328/610
f 276/538 1874/232 1469/323
f 327/539 328/610 331/424
f 328/610 1469/323 1875/83
f 329/421 194/427 330/611
f 327/539 330/611 332/541
f 332/541 330/611 1893/542
f 336/553 283/551 334/613
f 283/551 88/236 142/327
f 333/614 334/613 337/437
f 334/613 142/327 143/96
f 333/614 338/444 335/615
f 338/444 355/645 335/615
f 338/444 410/443 355/645
f 336/553 335/615 284/554
f 341/617 1516/604 1515/603
f 339/618 1515/603 1898/602
f 1552/619 1553/702 340/620
f 339/618 340/620 1914/621
f 488/622 344/606 343/623
f 342/624 1911/626 1544/628
f 490/627 1544/628 1910/887
f 348/629 468/632 346/630
f 468/632 267/609 325/608
f 345/631 346/630 349/633
f 346/630 325/608 326/410
f 347/635 1902/637 1534/639
f 394/634 396/636 347/635
f 345/631 347/635 350/638
f 473/569 475/641 352/640
f 475/641 1893/542 330/611
f 351/570 352/640 1894/612
f 352/640 330/611 1894/612
f 351/570 353/642 2061/643
f 356/644 357/647 355/645
f 357/647 1881/616 335/615
f 354/646 355/645 410/443
f 354/646 358/649 560/651
f 358/649 638/737 557/650
f 356/644 560/651 479/849
f 359/652 154/346 360/348
f 360/348 566/654 562/653
f 359/652 562/653 565/655
f 361/349 565/655 1632/656
f 363/658 365/352 1556/659
f 363/658 572/997 569/660
f 363/658 1531/753 572/997
f 364/353 569/660 1634/661
f 366/663 159/356 1558/357
f 367/665 1557/664 577/1229
f 367/665 415/668 368/666
f 577/1229 576/667 367/665
f 368/666 1889/359 159/356
f 373/670 369/371 1885/671
f 371/673 1906/675 1538/676
f 370/672 424/674 371/673
f 373/670 1538/676 1905/866
f 376/677 377/680 375/678
f 377/680 1511/380 1891/379
f 425/681 429/682 374/679
f 429/682 2041/762 2050/683
f 374/679 2050/683 1546/684
f 378/685 169/383 380/382
f 378/685 379/687 1913/688
f 1560/389 383/772 382/689
f 381/390 382/689 1900/690
f 384/691 174/695 1887/599
f 384/691 1541/4600 1908/693
f 508/692 1541/4600 384/691
f 1561/694 1368/392 174/695
f 388/696 389/402 386/400
f 1552/619 1898/602 389/402
f 385/697 386/400 387/698
f 387/698 180/399 1518/485
f 387/698 390/700 385/697
f 1562/699 1563/788 390/700
f 385/697 606/701 609/703
f 388/696 609/703 1553/702
f 394/634 349/633 392/704
f 349/633 326/410 1500/409
f 391/705 392/704 395/706
f 392/704 1500/409 1883/504
f 393/708 1903/710 1535/711
f 447/707 449/709 393/708
f 391/705 393/708 396/636
f 396/636 1535/711 1902/637
f 397/712 400/416 401/713
f 401/713 191/415 1498/555
f 398/714 402/716 399/715
f 402/716 621/1055 620/717
f 402/716 734/850 621/1055
f 397/712 399/715 1301/718
f 399/715 620/717 1543/720
f 1300/719 1302/419 400/416
f 353/642 1894/612 404/721
f 403/722 404/721 1895/426
f 404/721 1513/428 1895/426
f 2048/724 2062/813 695/725
f 452/723 2062/813 2048/724
f 403/722 2048/724 405/727
f 1548/726 1549/728 405/727
f 406/729 196/432 1285/730
f 1284/731 2002/2120 1835/732
f 406/729 1835/732 1836/733
f 406/729 198/433 196/432
f 409/648 410/443 407/734
f 407/734 1499/441 1882/513
f 1566/735 1899/818 408/736
f 407/734 408/736 409/648
f 411/738 204/446 412/447
f 412/447 641/740 411/738
f 1897/524 463/739 412/447
f 2060/360 1889/359 414/741
f 414/741 368/666 415/668
f 414/741 650/742 1508/744
f 417/746 214/351 212/453
f 416/747 417/746 420/748
f 420/748 212/453 268/528
f 467/749 469/751 418/750
f 469/751 1533/831 1530/752
f 416/747 418/750 419/745
f 418/750 1530/752 1531/753
f 370/672 1885/671 1505/459
f 421/754 1505/459 422/755
f 422/755 1505/459 1506/550
f 1567/757 1540/847 1539/758
f 421/754 423/756 424/674
f 424/674 1539/758 1906/675
f 425/681 375/678 426/759
f 375/678 1891/379 1512/467
f 425/681 426/759 427/760
f 426/759 1512/467 1892/466
f 428/761 2036/1200 1547/1110
f 725/1198 664/2269 2036/1200
f 425/681 428/761 429/682
f 428/761 1547/1110 2041/762
f 431/763 2049/470 225/468
f 1559/686 2057/471 2049/470
f 225/468 227/469 430/764
f 880/1457 877/1455 2066/1045
f 1558/357 290/268 2043/859
f 432/767 230/388 228/472
f 432/767 228/472 229/473
f 1568/769 229/4596 1865/263
f 1568/768 434/4601 433/1120
f 1568/768 1901/1124 434/4601
f 432/767 433/1120 383/772
f 435/775 2024/1133 1909/778
f 1569/777 1888/475 2023/779
f 436/780 1518/485 1517/4597
f 437/784 436/783 489/785
f 436/783 1517/482 1519/574
f 438/787 1915/4602 1551/789
f 439/781 1551/789 1563/788
f 440/625 343/623 441/790
f 343/623 1890/605 1509/496
f 441/790 1509/496 1510/494
f 442/791 1912/870 443/792
f 440/625 443/792 1911/626
f 447/707 395/706 445/796
f 395/706 1883/504 1501/503
f 444/795 445/794 448/799
f 444/795 448/799 495/797
f 445/796 1501/503 448/4603
f 446/800 1904/802 1536/804
f 494/798 496/801 446/800
f 444/795 446/800 449/803
f 449/709 1536/4604 1903/710
f 452/723 1895/426 451/805
f 450/806 451/805 453/807
f 451/805 250/507 251/809
f 2058/1201 2036/1200 474/841
f 2046/812 1571/808 502/810
f 502/810 524/1156 1550/811
f 2046/812 1550/811 695/725
f 1566/735 1882/513 455/511
f 454/814 455/511 456/815
f 454/814 698/817 1899/818
f 457/819 257/517 1527/820
f 457/819 707/821 458/822
f 198/433 1836/733 707/821
f 459/884 458/1177 509/885
f 459/823 260/518 257/517
f 460/825 1514/523 461/826
f 461/826 1514/523 1516/604
f 341/617 1914/621 461/826
f 465/827 268/528 265/527
f 467/749 420/748 465/827
f 464/828 465/827 468/632
f 465/827 265/527 267/609
f 348/629 350/638 466/829
f 350/638 1534/639 1532/830
f 464/828 466/829 469/751
f 466/829 1532/830 1533/831
f 470/2137 1301/718 471/833
f 470/834 471/837 1564/835
f 471/837 2007/1197 1639/838
f 1565/836 1886/533 2006/839
f 427/760 1892/466 1893/542
f 472/840 474/841 428/761
f 1567/757 422/755 476/842
f 477/843 476/842 1339/844
f 1339/844 1506/550 1507/2192
f 398/714 401/713 1881/616
f 478/848 1881/616 357/647
f 478/848 479/849 402/716
f 1554/350 1632/656 481/558
f 480/559 741/1213 3672/560
f 738/851 741/1213 480/559
f 1568/769 1865/263 483/563
f 482/852 483/563 484/564
f 484/564 485/853 482/852
f 1555/662 1634/661 485/853
f 482/852 743/854 1901/855
f 486/571 2017/858 487/860
f 487/860 577/1229 1557/664
f 487/860 2043/859 486/571
f 1557/664 1558/357 2043/859
f 488/622 489/785 344/606
f 489/785 1519/574 344/606
f 437/784 490/627 438/862
f 490/627 1910/887 1915/861
f 494/798 495/797 492/863
f 495/797 1503/583 1502/581
f 491/864 492/863 369/371
f 492/863 1502/581 1884/370
f 493/865 1905/866 1537/867
f 372/669 373/670 493/865
f 491/864 493/865 496/801
f 496/801 1537/867 1904/802
f 442/791 441/790 498/868
f 497/869 498/868 377/680
f 498/868 1510/494 1511/380
f 497/869 1546/684 1545/871
f 1571/872 453/875 499/873
f 453/875 251/590 308/589
f 500/878 2028/874 1913/688
f 499/873 308/589 307/588
f 500/878 522/877 524/879
f 1572/816 255/510 504/595
f 503/881 504/595 505/594
f 505/594 1900/690 503/881
f 506/882 313/596 260/883
f 506/882 509/885 507/886
f 508/692 507/886 1541/4600
f 508/692 1887/599 313/596
f 680/1137 1915/861 510/888
f 511/890 1601/893 1626/1297
f 543/889 545/892 511/890
f 688/897 690/898 513/895
f 690/898 1904/802 1537/867
f 512/896 513/895 516/899
f 513/895 1537/867 1905/866
f 512/896 517/901 514/903
f 517/901 788/1308 784/902
f 517/901 1754/1016 788/1308
f 515/894 514/903 691/904
f 514/903 784/902 787/1306
f 514/903 787/1306 1920/905
f 2044/1365 810/1369 1945/1370
f 518/906 2045/2267 2068/907
f 519/908 2068/907 588/766
f 519/908 587/910 520/909
f 520/909 1927/911 1603/1558
f 523/913 524/879 522/877
f 521/914 522/877 594/915
f 521/914 1928/917 794/1331
f 521/914 794/1331 525/918
f 523/1157 525/1574 696/1158
f 699/919 701/922 527/920
f 701/922 1572/816 503/881
f 526/921 527/920 530/923
f 527/920 503/881 1900/690
f 528/924 598/926 529/925
f 526/921 529/925 702/928
f 529/925 1579/927 1578/929
f 531/930 534/933 535/931
f 534/933 507/886 509/885
f 532/932 536/935 533/934
f 536/935 1922/1175 1596/936
f 531/930 533/934 604/937
f 533/934 1596/936 1597/939
f 601/938 603/940 534/933
f 603/940 1541/4600 507/886
f 537/944 541/941 538/942
f 541/941 1914/621 340/620
f 539/945 538/942 609/703
f 538/942 340/620 1553/702
f 539/945 542/947 540/946
f 542/947 1623/1046 1621/948
f 537/944 540/946 714/949
f 540/946 1621/948 1622/950
f 510/888 1910/887 1544/628
f 2047/951 546/954 684/953
f 546/954 2065/2265 684/953
f 544/952 1544/628 1911/626
f 545/892 1926/956 1601/893
f 684/953 683/955 545/892
f 1629/957 719/960 547/958
f 549/959 547/958 1630/961
f 547/958 1534/639 1902/637
f 549/959 1630/961 548/962
f 553/965 554/968 551/966
f 554/968 2054/2268 2067/568
f 550/967 551/966 625/969
f 551/966 2067/568 1549/728
f 624/970 623/972 552/971
f 623/972 1610/1388 1607/973
f 550/967 552/971 555/974
f 552/971 1607/973 1608/975
f 559/976 560/651 557/650
f 559/976 479/849 560/651
f 556/977 557/650 638/737
f 556/977 561/979 558/981
f 561/979 1917/1081 1574/980
f 559/976 558/981 736/983
f 558/981 1574/980 1916/982
f 739/991 1632/656 565/655
f 563/984 566/654 644/985
f 563/984 645/987 564/986
f 645/987 1618/1089 1615/988
f 562/653 564/986 567/989
f 565/655 567/989 1631/990
f 564/986 1615/988 1616/992
f 567/989 1616/992 1930/993
f 1633/996 1634/661 569/660
f 568/995 569/660 572/997
f 570/998 846/1103 568/995
f 576/667 577/1229 574/1000
f 573/1001 574/1000 578/1002
f 575/1003 578/1002 1848/1004
f 575/1003 649/1007 1635/1006
f 576/667 1635/1006 415/668
f 582/900 516/899 580/1008
f 516/899 1905/866 1538/676
f 579/1009 580/1008 1906/675
f 580/1008 1538/676 1906/675
f 579/1009 583/1011 581/1013
f 583/1011 858/1426 854/1012
f 579/1009 581/1013 584/1014
f 582/900 584/1014 517/901
f 581/1013 854/1012 857/1015
f 584/1014 857/1015 1754/1016
f 585/1017 588/766 586/765
f 1668/1762 2051/1515 1670/1514
f 2050/683 2041/762 586/765
f 585/1017 589/1019 587/910
f 589/1019 1605/1114 1604/1020
f 587/910 1604/1020 1927/911
f 590/1022 594/915 591/1021
f 594/915 1913/688 379/687
f 592/1023 591/1021 668/1024
f 591/1021 379/687 1559/686
f 590/1022 592/1023 593/1025
f 593/1025 1636/1028 1929/1026
f 590/1022 593/1025 865/1027
f 590/1022 865/1027 1627/916
f 528/924 530/923 596/1029
f 530/923 1900/690 382/689
f 595/1030 596/1029 599/1031
f 596/1029 382/689 383/772
f 597/1032 675/1033 598/926
f 598/926 1581/1034 1579/927
f 603/940 1908/693 1541/4600
f 601/938 604/937 602/1036
f 602/1036 1597/939 1923/4605
f 1372/1037 1374/1038 603/940
f 605/1039 609/703 606/701
f 605/1039 606/701 610/1040
f 610/1040 390/700 1563/788
f 607/1041 611/2271 608/1042
f 291/565 2043/859 290/268
f 607/1041 2053/1143 611/2271
f 2042/1043 2053/1143 1625/1044
f 605/1039 608/1042 542/947
f 608/1042 2066/1045 1623/1046
f 1630/961 1902/637 1535/711
f 612/1049 613/1048 615/1050
f 613/1048 1535/711 1903/710
f 614/1047 616/1051 1919/1052
f 614/1047 548/962 1630/961
f 1590/1053 1918/963 548/962
f 617/1054 620/717 621/1055
f 618/1056 621/1055 734/850
f 618/1056 735/1058 619/1057
f 735/1058 1573/1469 1925/1059
f 617/1054 619/1057 1304/1060
f 1303/1061 1305/2139 620/717
f 1305/2139 1543/720 620/717
f 624/970 625/969 1548/726
f 625/969 1549/728 1548/726
f 622/1062 1548/726 695/725
f 622/1062 626/1064 623/972
f 626/1064 1612/1161 1609/1065
f 623/972 1609/1065 1610/1388
f 630/1073 1835/732 2002/2120
f 627/1069 1287/1066 628/1068
f 627/1069 628/1068 631/1070
f 628/1068 2003/1067 1837/1072
f 629/1071 632/1074 630/1073
f 632/1074 1836/733 1835/732
f 637/978 638/737 634/1075
f 638/737 409/648 408/736
f 635/1077 634/1075 1899/818
f 634/1075 408/736 1899/818
f 635/1077 639/1079 636/1078
f 639/1079 1577/1165 1575/1080
f 637/978 636/1078 561/979
f 636/1078 1575/1080 1917/1081
f 640/1082 644/985 641/740
f 644/985 413/448 411/738
f 644/985 1896/449 413/448
f 642/1083 641/740 713/1084
f 643/1086 1931/1088 1617/1509
f 712/1085 1640/1087 643/1086
f 640/1082 643/1086 645/987
f 643/1086 1617/1509 1618/1089
f 414/741 415/668 648/1090
f 646/1091 1635/1006 649/1007
f 647/1092 649/1007 1600/1005
f 647/1092 669/1094 646/1091
f 1599/1093 1924/1117 669/1094
f 650/742 665/1095 2037/743
f 652/1096 1531/753 1530/752
f 570/998 572/997 652/1096
f 651/1097 652/1096 654/1098
f 654/1098 1530/752 1533/831
f 651/1097 655/1100 653/1102
f 655/1100 1585/1526 1586/1101
f 655/1100 1588/1187 1585/1526
f 652/1096 653/1102 570/998
f 653/1102 1586/1101 846/1103
f 658/1010 1539/758 1540/847
f 658/1010 1906/675 1539/758
f 656/1104 659/1106 657/1107
f 731/1105 732/1210 659/1106
f 732/1210 1592/1209 659/1106
f 658/1010 657/1107 583/1011
f 657/1107 659/1106 928/1428
f 657/1107 928/1428 583/1011
f 661/1108 586/765 2041/762
f 663/1018 586/765 661/1108
f 660/1109 661/1108 664/2269
f 662/1113 1606/1112 1605/1114
f 660/1109 727/1111 662/1113
f 663/1018 662/1113 589/1019
f 666/1115 668/1024 431/763
f 668/1024 1559/686 431/763
f 430/764 2037/743 665/1095
f 667/1116 669/1094 1924/1117
f 665/1095 646/1091 669/1094
f 667/1116 1636/1028 592/1023
f 1613/1118 1929/1026 1636/1028
f 670/1122 674/1119 671/1121
f 597/1032 599/1031 674/1119
f 599/1031 383/772 433/1120
f 672/1123 671/1121 1901/1124
f 671/1121 433/1120 434/4601
f 671/4606 434/4607 1901/855
f 745/1125 746/1127 673/1126
f 746/1127 1583/1281 1580/1128
f 670/1122 673/1126 675/1033
f 673/1126 1580/1128 1581/1034
f 677/1129 1642/1549 1641/1130
f 676/1131 1641/1130 1909/778
f 607/1041 610/1040 679/1134
f 610/1040 1563/788 1551/789
f 678/1135 679/1134 1915/4602
f 679/4608 1551/4609 1915/861
f 678/1136 680/1137 2055/1138
f 511/890 1626/1297 1624/1141
f 681/4610 1624/4611 1625/1044
f 2030/1260 763/1262 765/1265
f 765/1265 766/1267 2030/1260
f 546/954 1911/626 443/792
f 685/1145 443/792 1912/870
f 682/912 520/909 683/955
f 520/909 1603/1558 1602/1147
f 683/955 1602/1147 1926/956
f 612/1148 615/1151 687/1149
f 615/1050 1903/710 1536/4604
f 686/1150 687/1149 690/898
f 687/1149 1536/804 1904/802
f 688/897 691/904 689/1152
f 689/1152 691/904 1920/905
f 689/1152 616/1154 686/1150
f 1591/1564 1919/1052 616/1051
f 694/1063 695/725 1550/811
f 692/1155 1550/811 524/1156
f 692/1155 696/1158 693/1160
f 696/1158 525/1574 1611/1159
f 694/1063 693/1160 626/1064
f 693/1160 1611/1159 1612/1161
f 635/1077 1899/818 698/817
f 697/1162 698/817 701/922
f 701/922 456/815 1572/816
f 699/919 702/928 700/1163
f 702/928 1578/929 1576/1164
f 697/1162 700/1163 639/1079
f 700/1163 1576/1164 1577/1165
f 703/1166 706/4612 707/821
f 704/1167 707/821 632/1074
f 706/4612 458/822 707/821
f 704/1168 708/1171 705/1169
f 629/1071 631/1070 708/1173
f 631/1070 1837/1072 1595/1174
f 703/1170 705/1169 536/935
f 705/1169 1595/1172 1922/1175
f 532/932 535/931 706/1176
f 535/931 509/885 458/1177
f 712/1085 713/1084 710/1178
f 713/1084 463/739 460/825
f 709/1179 710/1178 541/941
f 710/1178 460/825 461/826
f 710/1178 461/826 1914/621
f 709/1179 714/949 711/1181
f 714/949 1622/950 1619/1180
f 712/1085 711/1181 1640/1087
f 711/1181 1619/1180 1620/1593
f 711/1181 1620/1593 1931/1088
f 716/1182 1533/831 1532/830
f 718/1099 654/1098 716/1182
f 715/1183 716/1182 719/960
f 719/960 1532/830 1534/639
f 717/1184 1629/957 1589/964
f 715/1183 717/1184 720/1186
f 718/1099 720/1186 655/1100
f 1587/1185 1588/1187 720/1186
f 722/1190 2008/2138 1839/4613
f 721/1191 722/1194 1637/1192
f 722/1194 1839/1603 1921/1195
f 1638/1193 1639/838 723/1196
f 725/1198 2036/1200 2058/1201
f 660/1109 664/2269 725/1198
f 724/1199 725/1198 554/968
f 554/968 2058/1201 2054/2268
f 553/965 555/974 726/1202
f 724/1199 726/1202 727/1111
f 726/1202 1608/975 1606/1112
f 729/1203 1540/847 1907/845
f 731/1105 1540/847 729/1203
f 728/1204 729/1203 1344/1205
f 1343/1206 1593/1208 730/1207
f 728/1204 730/1207 732/1210
f 733/1211 734/850 479/849
f 733/1211 736/983 735/1058
f 735/1058 1916/982 1573/1469
f 737/1212 3752/3528 741/1213
f 739/991 738/851 1632/656
f 739/991 1631/990 740/1214
f 1631/990 1930/993 1614/1215
f 740/1214 4170/1270 737/1212
f 2033/1268 766/1267 4070/1269
f 766/1267 3791/1266 4070/1269
f 2045/2267 518/906 682/912
f 682/912 2034/1146 2045/2267
f 745/1216 1901/855 743/854
f 742/1217 743/854 485/853
f 742/1217 485/853 1634/661
f 1633/996 1584/999 1582/1219
f 742/1217 744/1218 746/1220
f 744/4614 1582/4615 1583/1281
f 747/1226 750/1225 748/1222
f 747/1226 748/1222 1358/1227
f 749/1228 1358/1227 2018/1295
f 748/1222 1357/1224 1358/1227
f 749/1228 578/1002 574/1000
f 2018/1295 1848/1004 749/1228
f 747/1226 574/1000 577/1229
f 751/1233 930/1232 752/1230
f 752/1230 930/1232 1606/1112
f 752/1230 829/1235 828/1234
f 751/1233 828/1234 830/1236
f 753/1237 830/1236 1660/1238
f 751/1233 753/1237 933/1240
f 933/1240 1658/1239 1940/1768
f 927/1241 926/1244 755/1242
f 754/1243 755/1242 1346/1245
f 1346/1245 1592/1209 1593/1208
f 756/1246 757/1247 754/1243
f 754/1243 1733/1248 1742/1249
f 761/1250 762/1253 759/1251
f 762/1253 1573/1469 1916/982
f 758/1252 759/1251 1672/1254
f 760/1256 1932/1258 1643/1259
f 1673/1255 836/1257 760/1256
f 758/1252 760/1256 761/1250
f 761/4616 1643/1638 1653/4617
f 765/1265 3790/1275 3791/1266
f 767/1261 1614/1215 1930/993
f 764/1271 1944/1273 1665/1276
f 842/1272 1667/1409 1944/1273
f 764/1271 768/1274 765/1265
f 768/1274 3789/1277 3790/1275
f 1665/1276 4078/1652 3789/1277
f 770/1282 1583/1221 1582/1219
f 770/1282 773/1285 771/1283
f 773/1285 1582/1219 1584/999
f 769/1284 771/1283 772/1286
f 772/1286 941/1289 769/1284
f 2019/1292 776/1291 774/1417
f 2019/1292 774/1417 777/1293
f 775/1294 777/1293 1848/1004
f 778/1300 779/1298 814/1301
f 779/1298 1626/1297 1601/893
f 778/1300 781/1303 1671/4618
f 778/1300 1671/4618 782/1304
f 783/1307 787/1306 784/902
f 960/1305 962/1568 787/1306
f 962/1568 1920/905 787/1306
f 783/1307 784/902 788/1308
f 785/1309 788/1308 1754/1016
f 786/1315 1748/4619 1747/4620
f 1753/1310 859/1312 786/1311
f 859/1312 1962/4621 1748/1313
f 783/1307 786/1311 789/1314
f 786/1315 1747/4620 1746/1316
f 789/1317 1746/1316 1948/4622
f 953/1318 955/1321 791/1319
f 955/1321 1603/1558 1927/911
f 790/1320 862/1322 792/1324
f 862/1322 1938/4623 1654/1323
f 953/1318 792/1324 956/1326
f 792/1324 1654/1323 1655/1791
f 792/1324 1655/1791 1937/1325
f 793/1330 796/4624 794/1331
f 796/4624 525/918 794/1331
f 795/1333 867/1336 1943/1334
f 793/1330 795/1333 797/1338
f 1663/1335 1942/1680 797/1338
f 799/1340 1578/929 1579/927
f 1679/1339 974/1342 799/1340
f 798/1341 799/1340 802/1343
f 798/1341 800/1344 803/4625
f 801/1347 803/1346 1778/1348
f 803/1346 872/1351 1987/1352
f 801/1353 975/1355 1679/1339
f 1777/1349 1800/4626 975/4627
f 804/1356 806/1359 807/1357
f 807/1357 1596/936 1922/1175
f 805/1358 1649/1590 1934/1360
f 806/1359 1597/939 1596/936
f 873/1361 875/1362 806/1359
f 2044/1365 811/1367 809/1368
f 808/1364 1622/950 1621/948
f 981/1363 982/1366 808/1364
f 809/1368 812/1460 810/1369
f 812/1460 1946/1461 810/1369
f 813/1302 814/1301 817/1371
f 814/1301 1601/893 1926/956
f 815/1372 818/1560 816/1373
f 813/1302 816/1373 781/1303
f 820/1375 824/1378 821/1377
f 824/1378 884/1379 821/1377
f 1589/964 1918/963 824/1378
f 819/1376 1963/1382 822/1384
f 823/1374 822/1384 986/1385
f 1755/1383 1993/1597 986/1385
f 828/1234 829/1235 826/1386
f 829/1235 1608/975 1607/973
f 825/1387 826/1386 892/1389
f 826/1386 1607/973 1610/1388
f 825/1387 893/1480 827/1390
f 827/1390 893/1480 1661/1391
f 827/1390 830/1236 828/1234
f 1659/1392 1660/1238 830/1236
f 1673/1255 1672/1254 832/1393
f 1672/1254 1916/982 1574/980
f 831/1394 832/1393 835/1395
f 832/1393 1574/980 1917/1081
f 834/1397 1045/1399 1644/1400
f 833/1396 1680/1398 834/1397
f 1680/1398 1646/1506 1045/1399
f 831/1394 834/1397 836/1257
f 836/1257 1644/1400 1932/1258
f 840/1401 841/1404 838/1402
f 841/1404 1616/992 1615/988
f 1674/1263 767/1261 841/1404
f 767/1261 1930/993 1616/992
f 837/1403 838/1402 911/1405
f 838/1402 1615/988 1618/1089
f 910/1406 913/1516 839/1407
f 839/1407 2038/1723 1666/1408
f 837/1403 839/1407 842/1272
f 1944/1273 764/1271 2035/1264
f 1674/1263 840/1401 2035/1264
f 840/1401 842/1272 2035/1264
f 844/1411 1584/999 568/995
f 843/1410 771/1283 773/1285
f 844/1411 846/1103 845/1412
f 844/1411 568/995 846/1103
f 843/1410 845/1412 1811/1414
f 845/1412 922/1413 1811/1414
f 843/1410 772/1286 771/1283
f 1810/1415 1776/1287 772/1286
f 850/1416 777/1293 774/1417
f 1600/1005 1848/1004 850/1416
f 847/1418 774/1417 776/1291
f 848/1419 851/1422 849/1421
f 1651/1420 1935/1520 851/1422
f 847/1418 849/1421 852/1423
f 850/1416 852/1423 1600/1005
f 856/1424 857/1015 854/1012
f 1753/1310 1754/1016 857/1015
f 853/1425 854/1012 858/1426
f 855/1427 858/1426 928/1428
f 855/1427 1744/1431 1743/1430
f 859/1312 1743/1430 1962/4621
f 860/1433 791/1319 861/1432
f 791/1319 1927/911 1604/1020
f 861/1432 1604/1020 1605/1114
f 932/1434 863/1435 862/1322
f 863/1435 1939/1534 1656/1436
f 862/1322 1656/1436 1938/4623
f 1678/1332 1928/917 865/1027
f 864/1437 865/1027 1929/1026
f 864/1437 866/1438 1063/1440
f 866/1438 938/1439 1681/1442
f 1664/1441 1943/1334 867/1336
f 868/1444 802/1343 869/1443
f 802/1343 1579/927 1581/1034
f 868/1444 870/1445 871/4628
f 871/1448 942/1447 1965/1449
f 871/1448 872/1351 868/4629
f 1823/1450 1987/1352 872/1351
f 1253/1452 1377/2051 874/1453
f 874/1453 1376/1454 875/1362
f 1376/1454 1923/4605 1597/939
f 2040/2270 877/1455 2056/2266
f 809/1368 2056/2266 877/1455
f 2067/568 2061/643 1549/728
f 876/1456 877/1455 880/1457
f 880/1457 2066/1045 1625/1044
f 878/1458 881/1749 879/1459
f 878/1458 1682/1555 881/1749
f 876/1456 879/1459 812/1460
f 882/1561 884/1379 1590/1053
f 1590/1053 1919/1052 882/1561
f 884/1379 882/1561 883/1462
f 882/1561 963/1465 883/1462
f 963/1465 1947/4630 1752/1463
f 883/1462 819/1376 821/1377
f 1751/1464 1750/1466 883/1462
f 1750/1466 1949/1380 819/1376
f 887/1468 1925/1059 1573/1469
f 762/1253 761/1250 885/1470
f 887/1468 885/1470 1306/1472
f 885/1470 1653/1471 2009/1473
f 888/1476 892/1389 889/1475
f 892/1389 1610/1388 1609/1065
f 890/1477 889/1475 968/1478
f 889/1475 1609/1065 1612/1161
f 890/1477 969/1578 891/1479
f 891/1479 969/1578 1941/1481
f 888/1476 891/1479 893/1480
f 1941/1481 1661/1391 893/1480
f 1289/1484 1290/1485 894/1482
f 894/1482 2004/1486 1838/1487
f 894/1482 896/1489 895/1483
f 896/1489 1837/1072 2003/1067
f 833/1396 835/1395 898/1491
f 835/1395 1917/1081 1575/1080
f 898/1491 903/1494 899/1493
f 898/1491 1575/1080 1577/1165
f 897/1492 899/1493 904/1496
f 900/1497 904/1496 1816/1498
f 899/1493 973/1495 904/1496
f 900/1497 905/1501 901/1500
f 905/1501 1076/1504 1645/1502
f 1815/1499 1981/1503 905/1501
f 897/1492 901/1500 906/1505
f 902/1490 906/1505 1680/1398
f 901/1500 1645/1502 1646/1506
f 910/1406 911/1405 908/1507
f 911/1405 1618/1089 1617/1509
f 907/1508 908/1507 912/1510
f 908/1507 1617/1509 1931/1088
f 1684/1511 2051/1515 909/1512
f 907/1508 909/1512 913/1516
f 913/1516 2039/1761 2064/4631
f 917/1517 852/1423 849/1421
f 1599/1093 1600/1005 917/1517
f 914/1518 849/1421 851/1422
f 915/1519 851/1422 1935/1520
f 915/1519 918/1523 916/1522
f 1652/1521 1936/1538 918/1523
f 914/1518 916/1522 919/1524
f 917/1517 919/1524 1599/1093
f 920/4632 922/1413 921/1525
f 921/1525 985/1527 984/1528
f 921/1525 1586/1101 1585/1526
f 1585/1526 1588/1187 985/1527
f 920/4632 921/1525 923/1529
f 923/1529 984/1528 1971/4633
f 920/4632 924/4634 922/1413
f 924/4634 1811/1414 922/1413
f 925/1530 928/1428 926/1244
f 926/1244 659/1106 1592/1209
f 927/1241 1742/1249 1741/1531
f 925/1530 1741/1531 1744/1431
f 929/1231 932/1434 861/1432
f 930/1232 1605/1114 1606/1112
f 929/1231 933/1240 931/1533
f 933/1240 1940/1768 1657/1532
f 932/1434 931/1533 863/1435
f 931/1533 1657/1532 1939/1534
f 934/1535 937/1540 938/1439
f 935/1536 938/1439 1613/1118
f 935/1536 919/1524 916/1522
f 1613/1118 1924/1117 935/1536
f 934/1535 916/1522 918/1523
f 936/1537 918/1523 1936/1538
f 937/1540 1681/1442 938/1439
f 1089/1539 1681/1442 937/1540
f 939/1541 869/1443 940/1279
f 869/1443 1581/1034 1580/1128
f 940/1279 1580/1128 1583/1281
f 939/1541 769/1278 941/4635
f 941/1289 942/1447 939/4636
f 1798/1542 1965/1449 942/1447
f 943/2260 677/2255 2025/2254
f 944/1544 1675/1548 1676/1545
f 2026/1547 1703/2033 1675/1548
f 943/1546 1676/1545 1677/4637
f 943/1546 1677/4637 1642/1549
f 946/1550 1625/1044 1624/4611
f 878/1458 880/1457 946/1550
f 945/1552 946/1553 780/1296
f 780/1296 1624/1141 1626/1297
f 947/4638 949/4639 948/1785
f 947/1299 782/1304 949/4640
f 782/4641 1671/1661 949/4639
f 945/1551 948/1785 950/1786
f 945/1551 950/1786 1682/1555
f 815/1372 817/1371 952/1556
f 817/1371 1926/956 1602/1147
f 951/1557 952/1556 955/1321
f 952/1556 1602/1147 1603/1558
f 953/1318 956/1326 954/1559
f 956/1326 1937/1325 954/1559
f 951/1557 954/1559 957/4642
f 951/1557 957/4642 818/1560
f 959/1562 882/1561 1919/1052
f 958/4643 959/1567 962/1568
f 959/1567 1591/1153 1920/905
f 961/1569 1739/1570 1738/4644
f 960/1566 789/1317 961/1569
f 789/1317 1948/4622 1739/1570
f 958/1563 961/1569 963/1465
f 961/1569 1738/4644 1737/1571
f 963/1465 1737/1571 1947/4630
f 964/1573 968/1478 965/1572
f 968/1478 1612/1161 1611/1159
f 966/1327 965/1572 796/1328
f 965/1572 1611/1159 525/1574
f 966/1327 797/1337 967/1575
f 967/1575 797/1337 1942/1576
f 964/1573 967/1575 969/1578
f 1662/1577 1941/1481 969/1578
f 970/1580 973/1495 971/1579
f 971/1579 1577/1165 1576/1164
f 970/1580 971/1579 974/1342
f 974/1342 1576/1164 1578/929
f 972/1581 975/1355 1800/1582
f 970/1580 1679/1339 975/1355
f 972/1581 904/1496 973/1495
f 1799/1583 1816/1498 904/1496
f 977/1586 978/1585 896/1588
f 978/4645 1595/1174 1837/1072
f 977/1488 1838/1487 1648/2035
f 976/1584 1648/1589 1649/1590
f 978/1585 1922/1175 1595/1172
f 805/1358 807/1357 978/1585
f 980/1591 1620/1593 1619/1180
f 1684/1511 912/1510 980/1591
f 912/1510 1931/1088 1620/1593
f 979/1592 980/1591 982/1366
f 982/1366 1619/1180 1622/950
f 2031/1594 1669/1595 1670/1514
f 979/1592 2031/1594 2059/1513
f 2031/1594 981/1363 1945/1370
f 979/1592 2059/1513 2051/1515
f 909/1512 2051/1515 1668/1762
f 986/1385 984/1528 985/1527
f 983/1596 985/1527 1588/1187
f 983/1596 820/1375 823/1374
f 1587/1185 1589/964 820/1375
f 983/1596 823/1374 986/1385
f 1770/1598 1769/4646 984/1528
f 1769/4646 1971/4633 984/1528
f 1307/2140 1839/4613 2008/2138
f 988/2141 2009/1473 1840/4647
f 987/1599 988/4648 1933/1600
f 988/4648 1840/2079 1933/1600
f 1683/1601 1921/1195 1839/1603
f 989/1604 1071/1614 1073/1605
f 990/1606 1073/1605 1941/1481
f 990/1606 993/1608 991/1607
f 1662/1577 1942/1576 993/1608
f 989/1604 991/1607 994/1609
f 992/1610 994/1609 1820/4649
f 992/1610 1074/1616 1071/1614
f 1820/4649 1992/1615 992/1610
f 995/1619 998/1618 1669/1595
f 998/1618 1670/1514 1669/1595
f 995/1619 1669/1595 999/1620
f 999/1620 1669/1595 1945/1370
f 996/1621 1032/1623 997/1622
f 1032/1623 1953/1834 1694/1624
f 995/1619 997/1622 1082/1625
f 997/1622 1694/1624 1952/1626
f 1003/1627 1087/1630 1001/1628
f 1087/1630 1940/1768 1658/1239
f 1001/1628 1041/1631 1040/1632
f 1658/1239 1660/1238 1041/1631
f 1000/1629 1001/1628 1002/1633
f 1002/1633 1040/1632 1995/1634
f 1002/1633 1122/1635 1000/1629
f 1004/1636 1000/1629 1950/1770
f 1242/1644 1244/1637 1005/1639
f 1244/1637 1653/4617 1643/1638
f 1005/1640 1643/1259 1932/1258
f 1736/1641 1970/1716 1006/1642
f 1005/1639 1006/1645 1245/1643
f 1007/1647 1010/1650 1011/1648
f 1008/1649 1011/1648 1665/1276
f 1010/1650 3824/1658 3825/1651
f 1011/1648 3825/1651 4078/1652
f 1008/1649 1665/1276 1944/1273
f 1007/1647 1054/1656 1009/1653
f 1009/1653 1012/1657 1010/1650
f 1012/1657 3823/1659 3824/1658
f 1688/1655 4085/1844 3823/1659
f 1013/1663 1017/1660 1014/1662
f 1015/1664 1014/1662 1037/1666
f 1014/4650 1671/4618 781/1303
f 1016/1667 1685/1705 1700/1668
f 1013/1663 1016/1667 1094/1669
f 1094/1669 1700/1668 1954/1800
f 1019/1671 1655/1791 1654/1323
f 1021/1670 1655/1791 1019/1671
f 1018/1672 1019/1671 1022/1673
f 1022/1673 1654/1323 1938/4623
f 1018/1672 1023/1675 1020/1676
f 1058/1674 1704/4651 1023/1675
f 1021/1670 1020/1676 1103/1678
f 1020/1676 1023/1675 1687/1677
f 1024/1679 991/1687 993/4652
f 1024/1679 993/4652 1942/1680
f 1663/1335 1943/1334 1025/1681
f 1024/1679 1025/1681 1027/1682
f 1026/1683 1027/1682 1787/1684
f 1026/1683 994/1611 991/1687
f 1786/1685 1997/1612 1026/1683
f 1029/1688 1945/1370 810/1369
f 996/1621 999/1620 1029/1688
f 1028/1689 1029/1688 1946/1461
f 1029/1688 810/1369 1946/1461
f 1030/1690 1069/1692 1031/1691
f 1069/1692 1698/1753 1695/1693
f 1028/1689 1031/1691 1032/1623
f 1031/1691 1695/1693 1696/1694
f 1032/1623 1696/1694 1953/1834
f 1033/1703 1037/1695 1034/1696
f 1037/1695 781/1303 816/1373
f 1035/1701 1034/1696 1102/1700
f 1034/1696 816/1373 818/1560
f 1036/1704 1686/1795 1685/1705
f 1033/1697 1036/1704 1016/1667
f 1038/1706 1040/1632 1041/1631
f 1038/1706 1041/1631 1660/1238
f 1659/1392 1661/1391 1756/1707
f 1038/1706 1756/1707 1039/1708
f 1736/1641 1932/1258 1644/1400
f 1043/1711 1045/1399 1075/1712
f 1042/1710 1644/1400 1045/1399
f 1044/1713 1043/1711 1782/1715
f 1042/1710 1044/1713 1046/4653
f 1042/1710 1046/4653 1970/1716
f 1050/1717 1051/1720 1048/1718
f 1051/1720 1667/1409 1666/1408
f 1007/1647 1008/1649 1051/1720
f 1008/1649 1944/1273 1667/1409
f 1047/1719 1048/1718 1052/1721
f 1048/1718 1666/1408 2038/1723
f 1052/1721 2038/1723 2064/4631
f 1047/1719 1053/1724 1049/1726
f 1053/1724 1689/1728 1690/1725
f 1080/1722 1079/1727 1053/1724
f 1079/1727 1693/1885 1689/1728
f 1047/1719 1049/1726 1054/1656
f 1049/1726 1690/1725 1691/1729
f 1054/1656 1691/1729 1951/1654
f 1058/1674 1022/1673 1056/1730
f 1022/1673 1938/4623 1656/1436
f 1055/1731 1056/1730 1059/1732
f 1056/1730 1656/1436 1939/1534
f 1055/1731 1162/1734 1057/1735
f 1705/1733 1740/1772 1162/1734
f 1058/1674 1057/1735 1704/4651
f 1061/1737 1025/1681 1943/1334
f 1061/1737 1063/1440 1062/1738
f 1063/1440 1681/1442 1749/1739
f 1060/1736 1062/1738 1832/1740
f 1062/1738 1749/1739 1982/1742
f 1060/1736 1027/1682 1025/1681
f 1831/1741 1830/1743 1060/1736
f 1830/1743 1977/1686 1027/1682
f 1030/1690 1946/1461 1065/1744
f 1064/1745 1065/1744 1068/1746
f 1065/1744 879/1459 881/1749
f 1068/1746 881/1749 1682/1555
f 1706/1748 1097/1751 1067/1750
f 1097/1751 1699/1787 1697/1752
f 1064/1745 1067/1750 1069/1692
f 1067/1750 1697/1752 1698/1753
f 1070/1754 1756/1707 1661/1391
f 1070/1754 1073/1605 1071/1614
f 1070/1754 1071/1614 1074/1616
f 1072/1755 1074/1616 1833/1756
f 1072/1755 1039/1708 1756/1707
f 1833/1756 1788/1709 1072/1755
f 1075/1712 1646/1506 1645/1502
f 1818/1757 1817/1758 1076/1504
f 1817/1758 1966/1714 1043/1711
f 1078/1759 2039/1761 2052/4654
f 1080/1722 1052/1721 1078/1759
f 1052/1721 2064/4631 2039/1761
f 1077/1760 1078/1759 1081/1763
f 1077/1760 1081/1763 998/1618
f 1078/1759 2052/4654 1668/1762
f 1081/1763 1668/1762 1670/1514
f 1077/1760 1082/1625 1079/1727
f 1082/1625 1952/1626 1692/1764
f 1079/1727 1692/1764 1693/1885
f 1705/1733 1059/1732 1084/1766
f 1059/1732 1939/1534 1657/1532
f 1083/1767 1084/1766 1087/1630
f 1084/1766 1657/1532 1940/1768
f 1085/1769 1950/1770 1177/1771
f 1003/1627 1004/1636 1085/1769
f 1083/1767 1085/1769 1086/1765
f 1086/1765 1177/1771 1740/1772
f 1088/1773 1091/1774 1681/1442
f 1089/1539 1936/1538 1278/1775
f 1090/1776 1278/1775 1973/1779
f 1813/1778 1812/1780 1091/1774
f 1812/1780 1982/1742 1749/1739
f 1095/1781 1096/1784 1093/1782
f 1096/1784 950/1786 948/1785
f 1706/1748 1068/1746 1096/1784
f 1068/1746 1682/1555 950/1786
f 1092/1783 1093/1782 1017/1660
f 1093/1782 948/1785 949/4639
f 1093/1782 949/4639 1671/1661
f 1092/1783 1094/1669 1097/1751
f 1094/1669 1954/1800 1699/1787
f 1098/1789 1102/1700 1099/1788
f 1102/1700 957/4642 954/1559
f 1102/1700 818/1560 957/4642
f 1100/1790 1099/1788 1655/1791
f 1099/1788 954/1559 1937/1325
f 1100/1790 1103/1678 1101/1792
f 1103/1678 1687/1677 1686/1793
f 1098/1789 1101/1792 1036/1702
f 1107/1796 1108/1799 1105/1797
f 1108/1799 1699/1787 1954/1800
f 1105/1797 1109/1803 1129/1802
f 1104/1798 1129/1802 1106/1804
f 1106/1804 1110/1808 1719/1807
f 1104/1798 1719/1807 1958/1810
f 1107/1796 1958/1810 1168/1811
f 1112/1815 1136/1818 1135/1816
f 1112/1815 1686/1793 1687/1677
f 1111/1817 1135/1816 1137/1822
f 1113/1824 1137/4655 1990/1825
f 1113/1819 1148/1827 1114/1812
f 1767/1821 1766/4656 1148/1827
f 1766/4656 1983/1876 1148/1827
f 1118/1828 1174/1831 1116/1829
f 1174/1831 1952/1626 1694/1624
f 1115/1830 1116/1829 1119/1832
f 1116/1829 1694/1624 1953/1834
f 1117/1835 1715/1837 1713/1839
f 1142/1833 1145/1836 1117/1835
f 1115/1830 1117/1835 1120/1838
f 1120/1838 1713/1839 1957/1910
f 1121/1914 1950/1770 1000/1629
f 1121/1914 1000/1629 1122/1635
f 1122/1635 1986/1915 1121/1914
f 1126/1840 3842/1849 3843/1843
f 1124/1841 3843/1843 4085/1844
f 1123/1842 1124/1841 1127/1845
f 1124/1841 1688/1655 1951/1654
f 1125/1847 1955/1893 1708/1950
f 1123/1842 1125/1847 1128/1848
f 1128/1848 3841/1851 3842/1849
f 1125/1847 1708/1950 1709/1850
f 1709/1850 4088/1951 3841/1851
f 1129/1802 1109/1803 1130/1852
f 1109/1803 1954/1800 1700/1668
f 1130/1852 1700/1668 1685/1705
f 1129/1802 1146/1853 1131/1854
f 1131/1854 1106/1804 1129/1802
f 1819/1856 1975/1805 1131/1854
f 1132/1857 1135/1816 1136/1818
f 1136/1818 1687/1677 1023/1675
f 1133/1858 1023/1675 1704/4651
f 1132/1857 1735/1859 1734/1863
f 1134/1860 1734/1863 1967/1864
f 1134/1860 1137/1822 1135/1816
f 1794/4657 1793/4658 1137/4655
f 1793/4658 1990/1825 1137/4655
f 1142/1833 1143/1867 1139/1865
f 1143/1867 1696/1694 1695/1693
f 1142/1833 1119/1832 1143/1867
f 1119/1832 1953/1834 1696/1694
f 1140/1868 1139/1865 1167/1869
f 1139/1865 1695/1693 1698/1753
f 1140/1868 1144/1871 1141/1870
f 1144/1871 1717/1906 1714/1872
f 1138/1866 1141/1870 1145/1836
f 1141/1870 1714/1872 1715/1837
f 1146/1853 1130/1852 1147/1873
f 1114/1812 1147/1873 1112/1813
f 1147/1873 1685/1705 1686/1795
f 1146/1853 1114/1812 1148/1827
f 1148/1827 1131/1854 1146/1853
f 1802/1875 1801/4659 1131/1854
f 1801/4659 1984/1855 1131/1854
f 1153/1877 1154/1880 1150/1878
f 1154/1880 1691/1729 1690/1725
f 1720/1846 1127/1845 1154/1880
f 1127/1845 1951/1654 1691/1729
f 1149/1879 1150/1878 1155/1881
f 1151/1882 1155/1881 1173/1883
f 1150/1878 1690/1725 1689/1728
f 1155/1881 1689/1728 1693/1885
f 1151/1882 1156/1887 1152/1886
f 1156/1887 1956/1890 1710/1888
f 1172/1884 1175/1889 1156/1887
f 1149/1879 1152/1886 1157/1891
f 1153/1877 1157/1891 1125/1847
f 1152/1886 1710/1888 1711/1892
f 1157/1891 1711/1892 1955/1893
f 1158/1894 1735/1859 1133/1858
f 1133/1858 1704/4651 1057/1735
f 1159/1895 1162/1734 1160/1896
f 1162/1734 1740/1772 1160/1896
f 1158/1894 1160/1896 1974/1897
f 1161/1898 1974/1897 1775/1899
f 1161/1898 1734/1863 1735/1859
f 1774/1900 1734/1863 1161/1898
f 1163/1903 1167/1869 1164/1902
f 1167/1869 1698/1753 1697/1752
f 1165/1801 1164/1902 1108/1799
f 1164/1902 1697/1752 1699/1787
f 1165/1801 1168/1811 1166/1904
f 1168/1811 1958/1810 1716/1905
f 1163/1903 1166/1904 1144/1871
f 1166/1904 1716/1905 1717/1906
f 1172/1884 1173/1883 1170/1907
f 1173/1883 1693/1885 1692/1764
f 1169/1908 1170/1907 1174/1831
f 1174/1831 1692/1764 1952/1626
f 1171/1909 1957/1910 1712/1911
f 1118/1828 1120/1838 1171/1909
f 1169/1908 1171/1909 1175/1889
f 1175/1889 1712/1911 1956/1890
f 1176/1912 1160/1896 1740/1772
f 1177/1771 1950/1770 1178/1913
f 1176/1912 1178/1913 1822/1916
f 1178/1913 1121/1914 1986/1915
f 1822/1916 1179/1901 1176/1912
f 1821/1917 1974/1897 1179/1901
f 1182/1918 1183/1921 1181/1919
f 1183/1921 1717/1906 1716/1905
f 1181/1919 1716/1905 1958/1810
f 1781/1923 1192/1922 1999/4660
f 1781/1923 1184/1925 1182/1918
f 1780/1924 1779/4661 1184/1925
f 1779/4661 1976/1962 1184/1925
f 1188/1926 1214/1929 1186/1927
f 1214/1929 1956/1890 1712/1911
f 1185/1928 1186/1927 1189/1930
f 1186/1927 1712/1911 1957/1910
f 1185/1928 1190/1932 1187/1934
f 1190/1932 1726/1946 1725/1933
f 1188/1926 1187/1934 1215/1936
f 1187/1934 1725/1933 1960/1935
f 1181/1919 1958/1810 1719/1807
f 1192/1922 1110/1808 1191/1937
f 1191/4662 1825/4663 1824/4664
f 1824/1938 1999/4660 1192/1922
f 1196/1931 1189/1930 1194/1939
f 1189/1930 1957/1910 1713/1839
f 1193/1940 1194/1939 1207/1941
f 1194/1939 1713/1839 1715/1837
f 1193/1940 1197/1943 1195/1945
f 1196/1931 1195/1945 1190/1932
f 1195/1945 1961/1944 1726/1946
f 1198/1947 3312/1957 1201/1948
f 1199/1949 1201/1948 1709/1850
f 1198/1947 1199/1949 1728/1952
f 1199/1949 1708/1950 1955/1893
f 1200/1954 1721/1956 1722/1958
f 1729/1953 1730/1955 1200/1954
f 1730/1955 1959/1975 1721/1956
f 1200/1954 1202/1959 3312/1957
f 1722/1958 4093/2011 1202/1959
f 1206/1942 1207/1941 1204/1960
f 1207/1941 1715/1837 1714/1872
f 1204/1960 1183/1921 1182/1918
f 1204/1960 1714/1872 1717/1906
f 1203/1961 1184/1925 1205/1964
f 1205/1964 1184/1925 1784/1963
f 1203/1961 1182/1918 1184/1925
f 1205/1964 1980/4665 1727/1965
f 1784/1963 1783/4666 1205/1964
f 1205/1964 1783/4666 1980/4665
f 1206/1942 1205/1964 1197/1943
f 1727/1965 1961/1944 1197/1943
f 1212/1966 1213/1969 1209/1967
f 1213/1969 1711/1892 1710/1888
f 1729/1953 1728/1952 1213/1969
f 1728/1952 1955/1893 1711/1892
f 1208/1968 1209/1967 1214/1929
f 1209/1967 1710/1888 1956/1890
f 1210/1970 1215/1936 1211/1971
f 1215/1936 1960/1935 1723/1972
f 1208/1968 1211/1971 1216/1973
f 1212/1966 1216/1973 1730/1955
f 1211/1971 1723/1972 1724/1974
f 1216/1973 1724/1974 1959/1975
f 1220/1976 1221/1979 1218/1977
f 1221/1979 1724/1974 1723/1972
f 1731/1980 1732/1981 1221/1979
f 1732/1981 1959/1975 1724/1974
f 1217/1978 1218/1977 1222/1982
f 1218/1977 1723/1972 1960/1935
f 1219/1983 1223/1986 1217/1978
f 1217/1978 1223/1986 1806/1984
f 1217/1978 1805/1985 1804/1988
f 1220/1976 1804/1988 1979/1989
f 1219/1983 1222/1982 1225/1990
f 1222/1982 1960/1935 1725/1933
f 1225/1990 1228/1993 1226/1992
f 1225/1990 1725/1933 1726/1946
f 1224/1991 1226/1992 1229/1994
f 1227/1995 1229/1994 1773/1996
f 1227/1995 1223/1986 1219/1983
f 1772/1997 1771/1999 1227/1995
f 1771/1999 1985/1987 1223/1986
f 1231/2001 1726/1946 1961/1944
f 1230/2000 1226/1992 1228/1993
f 1231/2001 1241/2003 1240/2002
f 1232/4667 1978/4668 1762/4669
f 1230/2000 1240/2002 1978/2004
f 1232/2005 1229/1994 1226/1992
f 1762/4670 1761/2006 1232/2005
f 1761/2006 1994/1998 1229/1994
f 3859/2010 3860/4288 1234/2008
f 1234/2008 3860/4288 4093/2011
f 1233/2009 1234/2008 1237/2012
f 1235/2013 1237/2012 1732/1981
f 1234/2008 1722/1958 1721/1956
f 1237/2012 1721/1956 1959/1975
f 1235/2013 1765/2015 1764/2014
f 1731/1980 1979/1989 1765/2015
f 1233/2009 1764/2014 1763/2016
f 1236/2007 1763/2016 4097/2017
f 1238/2018 1240/2002 1241/2003
f 1239/2019 1241/2003 1727/1965
f 1727/1965 1980/4665 1239/2019
f 1242/2026 1310/2021 1244/2022
f 1242/2026 1245/4671 1243/2023
f 1243/2023 1245/4671 1790/2024
f 1245/4671 1996/4672 1790/2024
f 1789/2025 1989/2143 1243/2023
f 1310/2021 2009/1473 1653/1471
f 1247/2028 1969/2032 1702/2029
f 1246/2030 1702/2029 1703/2033
f 1249/2037 1260/2036 1257/2055
f 1648/2035 1838/1487 1260/2036
f 1250/2040 1252/2039 1797/2041
f 1249/2037 1257/2055 1252/4673
f 1250/2040 1271/2045 1251/2043
f 1796/2042 1991/2044 1250/2040
f 1249/2038 1251/2043 1648/1589
f 1253/1452 1934/1360 1270/2084
f 1378/2046 1254/2049 1809/2047
f 1253/1452 1270/2084 1254/2049
f 1808/2048 1807/4674 1378/2046
f 1807/4674 1988/2261 1378/2046
f 1254/2049 1378/2046 1377/2051
f 1258/2052 1294/2053 1255/2056
f 1256/2054 1259/4675 1257/2055
f 1259/4675 1252/4673 1257/2055
f 1259/4675 1797/4676 1252/4673
f 1255/2056 1257/2055 1260/2036
f 1260/2036 1838/1487 2004/1486
f 1264/1290 1364/2059 1362/2057
f 1261/2058 1362/2057 1363/2060
f 1262/2061 1363/2060 2020/2062
f 1262/2061 1275/2066 1263/2064
f 1849/2063 1850/2065 1262/2061
f 1261/2058 1263/2064 1264/1290
f 1264/1290 1274/2067 776/1291
f 1267/2069 1840/4647 2009/1473
f 1265/2073 1266/2076 1759/2074
f 1266/2076 1841/4677 1998/2077
f 1760/2075 1933/1600 1840/2079
f 1934/1360 1649/1590 1268/2080
f 1269/2081 1271/2045 1829/2082
f 1268/2080 1251/2043 1271/2045
f 1269/2081 1254/2049 1270/2084
f 1828/2083 1827/2085 1269/2081
f 1827/2085 1968/2050 1254/2049
f 1268/2080 1270/2084 1934/1360
f 1651/1420 776/1291 1274/2067
f 1273/2087 1275/2066 1757/2088
f 1272/2086 1263/2064 1275/2066
f 1757/2088 1964/2092 1273/2087
f 1272/2086 1273/2087 1276/2089
f 1274/2067 1276/2089 1935/1520
f 1279/2090 1276/2089 1273/2087
f 1652/1521 1935/1520 1276/2089
f 1277/2091 1273/2087 1964/2092
f 1758/2093 1973/1779 1278/1775
f 1277/2091 1278/1775 1936/1538
f 1280/2096 1405/4678 1483/2094
f 1483/2094 1869/2101 1458/2095
f 1280/2099 1458/2097 30/85
f 30/85 31/87 1280/2099
f 31/87 2000/4584 1405/2098
f 1281/2104 1283/2100 1526/2102
f 1283/2100 1458/2095 1869/2101
f 1526/2102 1886/2105 1282/2103
f 1281/431 2001/430 1283/2107
f 1284/2109 1565/2108 1564/4679
f 1284/2109 1564/4679 1639/2110
f 1286/2112 1288/4680 1639/2110
f 1288/4680 2002/2111 1639/2110
f 1286/2112 1638/2113 1637/2114
f 1287/2115 1637/2114 1921/2116
f 1287/1066 1594/2127 2003/1067
f 627/1069 630/1073 1288/2119
f 1594/2117 1921/2116 1683/2122
f 1289/2123 1683/2122 1933/2124
f 1290/1485 1647/4681 2004/1486
f 1289/1484 895/1483 1291/2128
f 895/1483 2003/1067 1594/2127
f 1647/2126 1933/2124 1760/2130
f 1292/2131 1760/2130 1759/2132
f 1293/2133 1759/2132 1998/4682
f 1293/2134 1256/2054 1255/2056
f 1292/2135 1255/2056 1294/2053
f 1294/2053 2004/1486 1647/4681
f 1295/72 1461/71 83/530
f 1296/73 2005/222 1411/74
f 1297/418 1298/417 270/531
f 1298/417 1302/419 2006/2136
f 1299/420 83/530 1461/71
f 1301/718 1543/720 2007/832
f 470/2137 2006/2136 1302/419
f 1304/1060 1925/1059 2008/2138
f 1303/1061 1304/1060 722/1190
f 1303/1061 723/1189 1305/2139
f 723/1189 2007/832 1543/720
f 1308/1474 2008/2138 1925/1059
f 1308/1474 1306/1472 988/2141
f 1309/2027 1243/2023 1266/2070
f 1826/2144 2010/2071 1243/2023
f 1309/2027 1267/2069 1310/2021
f 1329/240 1313/239 2079/2145
f 1313/239 4147/4683 2092/2147
f 2080/2146 2093/2152 2011/547
f 1331/2148 1332/2151 2081/2149
f 1332/2151 2011/547 2093/2152
f 2082/2150 2083/2154 1333/2153
f 2083/2154 2084/2157 2012/2155
f 1316/2156 1337/2193 2084/2157
f 1337/2193 2012/2155 2084/2157
f 2085/2158 2086/2162 2013/2160
f 1321/2161 1341/2165 2086/2162
f 1341/2165 2013/2160 2086/2162
f 2087/2163 2088/2168 1322/2166
f 1321/2161 1322/2166 1342/2167
f 2088/2168 2094/2173 2014/2169
f 2090/2176 1323/4684 1324/4685
f 1324/2171 2014/2169 2094/2173
f 2090/2176 1844/2175 1325/2177
f 2091/2179 1326/2183 1323/2180
f 1323/2195 1326/2184 1345/2186
f 1327/2187 1328/4686 4146/2174
f 1328/4686 1844/2175 4146/2174
f 1334/546 1335/545 1332/2151
f 1331/2148 1333/2153 1336/549
f 1333/2153 2012/2155 1507/2192
f 1338/846 1339/844 1337/2193
f 1339/844 1507/2192 2012/2155
f 1338/846 1317/2159 1907/845
f 1343/1206 1344/1205 1341/2165
f 1344/1205 1317/2159 2013/2160
f 1344/1205 1907/845 1317/2159
f 1343/1206 1342/2167 1593/1208
f 1342/2167 2014/2169 1593/1208
f 1346/1245 1593/1208 2014/2169
f 1345/2186 1346/1245 1324/2171
f 1345/2186 1842/4687 1843/4688
f 1345/2186 2015/2185 1842/4687
f 1345/2186 1347/4689 757/1247
f 1345/2186 1843/4688 1347/4689
f 1311/2196 3460/2274 3458/2197
f 3459/2199 3462/4484 1312/2200
f 1312/2200 3462/4484 3975/4483
f 1312/2200 3975/4483 1348/2201
f 1348/4690 3975/4490 4012/4489
f 1314/2203 3425/2202 3427/2205
f 3427/2205 1315/2207 1314/2203
f 1319/2283 1315/2207 3464/2206
f 1349/2210 1318/2209 1319/2283
f 1319/2283 3464/2206 1349/2210
f 1350/2208 1320/2211 1318/2209
f 1352/2212 1490/2216 1491/2213
f 2016/2215 1856/4691 1490/2216
f 1351/2214 1491/2213 1871/2217
f 4170/1270 740/1214 2033/1268
f 740/1214 1614/1215 2033/1268
f 1353/2219 2032/2276 1888/2220
f 1356/2221 1888/2220 1569/2222
f 1355/2223 1569/2222 1570/2224
f 1570/2224 1909/2228 1542/2225
f 1357/2227 1359/4692 1909/2228
f 1359/4692 1542/2225 1909/2228
f 1641/2229 1642/2231 1358/2230
f 1358/1227 1598/2241 2018/1295
f 1359/1223 2017/858 1542/2226
f 1360/2233 1361/2236 1677/2234
f 1361/2236 1598/2232 1642/2231
f 1676/2235 1675/4693 1650/2237
f 1675/4693 1703/2243 1650/2237
f 2019/1292 775/1294 1361/2240
f 775/1294 2018/1295 1598/2241
f 1362/2242 1364/4694 1703/2243
f 1364/4694 1650/2237 1703/2243
f 1702/2244 1969/2246 1363/2245
f 1365/139 2021/142 1409/42
f 1366/140 1460/40 2022/143
f 231/2248 1368/392 232/2249
f 231/2248 2022/143 1369/395
f 1370/2250 1368/392 1561/694
f 1561/694 1908/693 1370/2250
f 1371/2252 1373/2253 1374/1038
f 1374/1038 1370/2250 1908/693
f 1372/1037 602/1036 2025/2254
f 602/1036 1923/4605 2025/2254
f 1371/2252 2025/2254 677/2255
f 1373/2253 2024/2251 1370/2250
f 1376/1454 2025/2254 1923/4605
f 1375/2257 874/1453 1377/2051
f 1375/2257 944/2259 943/2260
f 2026/2258 1375/2257 1377/2051
f 1378/2046 1247/2264 1246/2263
f 1791/2262 2027/4695 1247/2264
f 1377/2051 1246/2263 1248/4696
f 1377/2051 1248/4696 2026/2258
f 913/1516 909/1512 2039/1761
f 909/1512 2052/4654 2039/1761
f 2050/683 588/766 1546/684
f 811/1367 1621/948 1623/1046
f 1912/870 1545/871 2045/2267
f 2066/1045 608/1042 2042/1043
f 608/1042 611/2271 2042/1043
f 913/1516 2064/4631 2038/1723
f 353/642 405/727 2061/643
f 2066/1045 2040/2270 1623/1046
f 2063/891 2055/1138 680/1137
f 3752/3528 737/1212 4170/1270
f 2047/951 2063/891 510/888
f 1547/1110 2036/1200 664/2269
f 682/912 684/953 2065/2265
f 2028/874 499/873 501/876
f 2060/360 414/741 1508/744
f 1559/686 378/685 380/382
f 2029/1144 2055/4697 681/4610
f 500/878 502/880 1571/872
f 909/1512 1668/1762 2052/4654
f 474/841 473/569 2058/1201
f 979/1592 981/1363 2031/1594
f 839/1407 1666/1408 842/1272
f 607/1041 678/1135 2053/1143
f 678/1135 2029/1144 2053/1143
f 1545/871 1546/684 2068/907
f 685/1145 2034/1146 682/912
f 209/450 208/358 1508/744
f 208/358 2060/360 1508/744
f 2046/812 2062/813 452/723
f 231/2273 232/474 2032/476
f 2032/476 1871/145 2022/2272
f 811/1367 2056/2266 809/1368
f 1845/2278 4145/2275 1311/2196
f 1353/2219 1354/2218 1871/2217
f 1311/2196 2070/2279 2075/2277
f 1312/2200 2076/2281 2070/2279
f 1348/2201 2071/2280 2076/2281
f 1314/2203 2077/2282 2071/2280
f 1315/2207 2072/2284 2077/2282
f 1319/2283 2073/2285 2072/2284
f 1318/2209 2074/2286 2073/2285
f 1320/2211 2078/2287 2074/2286
f 2080/2293 2079/2288 2070/2290
f 2079/2288 2092/4698 2075/2289
f 2070/2290 2076/2291 2080/2293
f 2082/2297 2081/2294 2071/2295
f 2081/2294 2093/2292 2076/2291
f 2071/2295 2077/2298 2083/2296
f 2085/2303 2084/2299 2072/2300
f 2072/2300 2073/2301 2085/2303
f 2087/2304 2086/2302 2073/2301
f 2074/2305 2078/2307 2088/2306
f 2089/2309 2094/2308 2078/2307
f 2090/2310 2095/4699 2091/4700
f 2097/2311 2099/2315 2098/2312
f 3523/2314 3524/4701 2099/2315
f 3524/4701 3998/4702 2099/2315
f 2096/2313 3569/2318 2097/2311
f 3559/2320 3561/2317 2096/2313
f 2096/2313 2098/2312 3559/2320
f 3507/2326 3990/4703 2101/2321
f 2100/2323 2150/2329 2103/2324
f 2101/2321 2103/2324 3991/2325
f 2104/2328 3550/2327 3553/2437
f 2100/2323 2102/2322 3551/2330
f 2106/2333 2108/2332 2105/2335
f 3534/2331 4001/2598 2108/2332
f 2105/2335 2107/2336 2106/2333
f 2107/2336 3570/2449 2156/2337
f 2106/2333 2156/2337 3536/2338
f 2105/2335 2221/2334 4019/2341
f 2109/2342 3496/2346 3984/2343
f 3571/2460 3985/2459 2110/2345
f 2110/2345 3985/2459 3496/2346
f 2109/2342 2227/2344 2229/2348
f 2111/2349 3572/2353 2112/2350
f 3479/2351 2112/2350 3514/2610
f 2287/2352 2434/2608 3572/2353
f 2111/2349 3478/2355 3482/2354
f 3514/2610 3515/4704 3479/2351
f 2114/2357 3544/2363 3545/4705
f 2116/2358 2114/2357 2233/2359
f 2114/2357 3545/4705 4007/2361
f 2115/2362 3543/2365 3544/2363
f 3574/2364 4008/2470 3543/2365
f 2113/2356 2289/2368 2117/2366
f 2115/2362 2117/2366 3575/2367
f 2116/2358 2292/2369 2289/2368
f 3502/2376 3503/2370 2119/2372
f 2119/2372 2237/2371 2235/2377
f 2121/2373 2118/2498 2120/2374
f 2119/2372 2120/2374 3502/2376
f 2121/2373 4011/2499 2118/2498
f 2121/2373 2235/2377 4010/2706
f 2122/2378 2123/2382 3520/2379
f 3557/2381 2124/2552 2123/2382
f 3557/2381 2303/2714 2124/2552
f 2303/2714 2400/2550 2124/2552
f 3557/2381 3409/2383 4138/2824
f 3999/4706 3531/2628 2126/2385
f 2125/2387 2127/2390 2128/2388
f 2126/2385 2128/2388 3999/4706
f 2125/2387 2243/2386 3566/2391
f 2129/2394 2130/2397 2133/2395
f 4132/2398 3512/2516 2130/2397
f 3493/2399 3982/2634 2136/2400
f 2134/2401 2176/2404 3983/2402
f 2135/2403 2178/2512 2176/2404
f 2134/2401 2136/2400 2137/2405
f 2137/2405 2249/2406 3618/2738
f 2141/2409 2139/2408 2253/2411
f 2140/2412 2142/4707 2139/2408
f 2140/2412 4005/2524 2142/4707
f 2140/2412 2320/2413 4021/2530
f 2141/2409 2321/2741 2138/2407
f 2141/2409 4020/2640 2321/2741
f 3499/2414 3987/2643 2144/2415
f 2143/2416 2188/2419 2186/2531
f 2143/2416 2186/2531 3988/2417
f 2324/2421 2329/2418 2143/2416
f 2143/2416 2144/2415 2328/2420
f 2145/2422 2257/2426 2259/2423
f 2322/2425 2267/2650 2257/2426
f 2145/2422 2146/2446 2323/2747
f 2145/2422 3995/2427 2146/2446
f 2148/2428 2103/2324 2150/2329
f 3508/2430 3991/2325 2103/2324
f 2147/2429 2197/2436 2151/2431
f 2148/2428 2151/2431 3992/2432
f 2147/2429 2149/2433 2152/2435
f 2152/2435 3552/2434 3555/4708
f 2150/2329 2104/2328 2149/2433
f 2149/2433 3553/2437 3552/2434
f 3525/2443 3526/2316 2154/2438
f 2154/2438 2097/2311 3569/2318
f 2153/2439 2155/2440 2154/2438
f 2154/2438 2194/2441 3528/2442
f 3560/2444 3563/2547 2155/2440
f 2153/2439 3569/2318 3561/2317
f 3535/2447 3536/2338 2156/2337
f 3535/2447 2146/2446 3995/2427
f 3535/2447 2156/2337 2344/2448
f 2158/2451 3479/2351 4158/4709
f 2157/2452 3578/2456 4014/2453
f 2158/2455 3577/2458 3578/2456
f 4158/2457 3993/4710 3577/2458
f 2160/2463 3985/2459 2159/2461
f 2161/2466 3579/2575 3497/2464
f 2164/2469 2163/2468 3574/2364
f 2163/2468 3546/4711 4008/2470
f 2210/2471 2211/2623 2163/2472
f 2163/2468 4009/2475 3546/4711
f 2162/2473 3567/2477 2212/2476
f 3574/2364 3575/2367 2164/2469
f 2164/2469 2354/2480 3567/2479
f 2166/2481 2240/2486 2239/2484
f 2166/2481 3521/2488 3996/2485
f 2165/2483 2218/2490 2168/2487
f 2168/2487 3997/2590 3521/2488
f 3558/2625 4015/2489 2165/2483
f 2165/2483 2167/2482 3558/2625
f 3504/2495 3505/2375 2170/2491
f 2170/2491 2120/2374 2118/2498
f 2169/2492 3580/2497 2214/2493
f 2170/2491 2214/2493 3504/2495
f 2169/2492 2118/2498 4011/2499
f 2172/2500 2128/2388 2127/2390
f 3532/2502 3999/4706 2128/2388
f 2171/2501 2173/2503 2172/2500
f 2172/2500 2222/2504 4000/2505
f 2367/2506 4018/2601 2173/2503
f 2171/2501 2127/2390 4017/2389
f 3494/2507 3983/2402 2176/2404
f 2174/2508 3581/2511 3495/2509
f 2175/2513 2177/2510 2174/2508
f 2174/2508 2176/2404 2178/2512
f 2181/2515 2130/2397 3512/2516
f 2375/2521 2376/2518 2179/2514
f 2179/2514 2133/2395 2130/2397
f 2179/2514 2180/2519 2375/2521
f 3511/4712 3513/4713 2225/2604
f 2182/2523 2183/2526 4005/2524
f 2183/2526 3540/2528 4005/2524
f 2184/2525 2185/2527 2183/2526
f 2185/2527 4006/2615 3540/2528
f 2184/2525 2379/2529 4022/2619
f 2182/2523 4021/2530 2379/2529
f 3500/2535 3988/2417 2186/2531
f 2382/2532 2187/2820 2189/2533
f 2187/2820 2238/2819 2189/2533
f 2186/2531 2189/2533 3989/2534
f 2191/2825 3409/2383 2190/4414
f 2191/2825 4138/2824 3409/2383
f 2190/2536 3576/4714 4013/2537
f 2190/2536 4137/4715 3576/4714
f 2192/2540 2194/2441 2195/2541
f 3527/2539 3528/2442 2194/2441
f 2195/2541 2193/2542 2192/2540
f 2192/2540 2244/2543 3530/2544
f 3562/2545 3565/2629 2245/2546
f 2193/2542 2195/2541 3563/2547
f 2195/2541 2155/2440 3563/2547
f 2124/2552 2196/2551 3582/2548
f 3582/2548 2123/2382 2124/2552
f 2198/2554 2151/2431 2197/2436
f 3509/2553 3992/2432 2151/2431
f 2197/2436 3439/2558 3440/2555
f 2198/2554 3440/2555 3510/2556
f 2199/2557 3441/2560 3439/2558
f 3554/2559 4148/2840 3441/2560
f 2152/2435 3555/4708 3554/2559
f 2200/2565 2201/2561 2203/2563
f 2201/2561 3537/2568 3538/2562
f 2200/2565 2203/2563 3583/249
f 2203/2563 3538/2562 4002/250
f 2201/2561 3584/2566 4003/2567
f 2202/2564 3612/2653 3584/2566
f 3583/249 3619/556 2200/2565
f 2204/2569 3986/2572 3497/2464
f 2205/2571 3585/2645 2255/2573
f 2206/2570 3497/2464 3579/2575
f 2204/2569 2206/2570 2403/2574
f 2209/2578 3466/2577 4153/4716
f 2207/2576 3465/4717 3466/2577
f 2207/2576 3468/2860 3465/4717
f 2207/2576 2208/2579 2407/2581
f 2208/2579 3994/2648 3586/2580
f 2211/2623 3547/4718 4009/4719
f 2211/2623 3519/2624 3547/4718
f 2210/2471 2212/2476 2241/2582
f 3568/2478 3556/2870 2241/2582
f 2213/2583 2214/2493 3580/2497
f 2215/4720 3549/2585 2213/2586
f 3549/2585 2102/2322 2101/2321
f 2213/2586 2101/2321 3990/4703
f 2215/2584 3580/2497 3549/2793
f 2217/2588 2168/2487 2218/2490
f 2217/2588 3522/2591 3997/2590
f 2216/2589 2098/2312 2099/2315
f 2099/2315 3998/4702 3522/2591
f 2418/2592 4016/2319 2216/2589
f 2216/2589 2218/2490 2418/2592
f 2220/2595 2222/2594 2219/2597
f 3533/2593 4000/4721 2222/2594
f 2219/2597 2221/2334 2220/2595
f 2220/2595 2108/2332 4001/2598
f 2424/2599 4019/2341 2221/2334
f 2219/2597 2173/2596 4018/4722
f 2224/2605 2225/2604 3513/4713
f 2432/2609 2433/2606 2223/2603
f 2223/2603 2180/2607 2225/2604
f 2223/2603 3572/2353 2434/2608
f 3513/4713 3514/2610 2224/2605
f 2224/2605 2112/2350 3572/2353
f 3984/2343 3495/2509 2226/2611
f 2228/2612 2229/2348 2227/2344
f 2226/2611 3581/2511 2177/2510
f 2230/2613 2231/2614 2185/2527
f 2231/2614 3542/2617 4006/2615
f 2232/2616 2233/2359 2231/2614
f 2233/2359 3541/4723 3542/2617
f 2233/2359 4007/2361 3541/4723
f 2232/2616 2436/2618 2292/2369
f 2230/2613 4022/2619 2436/2618
f 2236/2621 2189/2533 2238/2819
f 3501/2620 3989/2534 2189/2533
f 2234/2622 2235/2377 2237/2371
f 2236/2621 2237/2371 3503/2370
f 2234/2622 4010/2706 2235/2377
f 2234/2622 2236/2621 2238/2819
f 2240/2486 3518/4724 3519/2624
f 2239/2484 2240/2486 2211/2623
f 2240/2486 3996/2485 3518/4724
f 3556/2870 3558/2625 2241/2582
f 2241/2582 2167/2482 2239/2484
f 2239/2484 2210/2471 2241/2582
f 2242/2627 2244/2543 2245/2546
f 3529/2626 3530/2544 2244/2543
f 2245/2546 2243/2386 2242/2627
f 2242/2627 2126/2385 3531/2628
f 3564/2630 3566/2391 2243/2386
f 2243/2386 2245/2546 3565/2629
f 3492/2631 3981/2549 3582/2548
f 2246/2633 2136/2400 3982/2634
f 2247/2635 2249/2406 2246/2633
f 2247/2635 3618/2738 2249/2406
f 2246/2633 2248/2632 2247/2635
f 2248/2632 3582/2548 2196/2551
f 2252/2638 2251/2637 3584/2566
f 2251/2637 3539/2639 4003/2567
f 2250/2636 2253/2411 2251/2637
f 2253/2411 4004/2410 3539/2639
f 2250/2636 2261/2655 4020/2640
f 2252/2638 3584/2566 3612/2653
f 2254/2641 2255/2573 3585/2645
f 2255/2573 3498/2642 3986/2572
f 2254/2641 2144/2415 3987/2643
f 2263/2646 2264/2644 2254/2641
f 2254/2641 2328/2420 2144/2415
f 2263/2646 3585/2645 3613/2857
f 2256/2647 3586/2580 3994/2648
f 2256/2647 2257/2426 2267/2650
f 2258/2649 2259/2423 2257/2426
f 2260/2652 2252/2638 2262/2654
f 2260/2652 2482/2656 2261/2655
f 2482/2656 4033/2745 4020/2640
f 2262/2654 3612/2653 3651/2657
f 2260/2652 2262/2654 2483/2658
f 2264/2644 2327/2661 2328/2420
f 2265/2659 2487/2660 2264/2644
f 2487/2660 2543/2955 2327/2661
f 2263/2646 3613/2857 2265/2659
f 2265/2659 3613/2857 3652/2953
f 2268/2651 3654/2663 3586/2580
f 2266/2662 2267/2650 4029/3040
f 3550/2327 3551/2330 2269/2664
f 2269/2664 2413/2667 2271/2665
f 2274/2666 2270/2670 2272/2668
f 2272/2668 3553/2437 3550/2327
f 3593/2669 2273/2755 2270/2670
f 3592/2966 3595/2756 2273/2755
f 2274/2666 2415/2671 3593/2669
f 2276/2672 2279/2675 2278/2673
f 3559/2320 4016/2319 2279/2675
f 2275/2674 2338/2678 2339/2676
f 2276/2672 2339/2676 3561/2317
f 2277/2677 2340/2680 2338/2678
f 3601/2679 3603/2765 2340/2680
f 2275/2674 2278/2673 2277/2677
f 2277/2677 2421/2681 4031/2682
f 2281/2339 2283/2340 2280/2684
f 2280/2684 2282/2685 2107/2336
f 2282/2685 4190/2768 3570/2449
f 2280/2684 2423/2683 3657/2980
f 2285/2347 2426/2887 3614/2686
f 2285/2347 2229/2348 2426/2887
f 2284/2687 2347/2690 3571/2460
f 2285/2347 2284/2687 2110/2345
f 2284/2687 3614/2686 2504/2691
f 2286/2692 2429/2889 2434/2608
f 2286/2692 4027/2892 2429/2889
f 2286/2692 3480/2693 3481/3070
f 2287/2352 3482/2354 3480/2693
f 2288/2694 2289/2368 2292/2369
f 2290/2697 2117/2366 2289/2368
f 3616/2698 3575/2367 2117/2366
f 2288/2694 2293/2700 2290/2697
f 2508/2699 2512/2996 2293/2700
f 2512/2996 3610/2780 2293/2700
f 2288/2694 2291/2695 2511/2701
f 2291/2695 3615/2696 4035/2702
f 2295/2703 4010/2706 2443/2704
f 2294/2705 2296/2709 2298/2707
f 2295/2703 2298/2707 4011/2499
f 2297/2708 2299/2711 2296/2709
f 3589/2710 4024/2798 2299/2711
f 2294/2705 2443/2704 2445/2712
f 2300/2716 2301/2713 2303/2714
f 2302/2715 2304/2718 2301/2713
f 2522/2717 3598/2850 2304/2718
f 2300/2716 3411/2721 3412/2719
f 2302/2715 3412/2719 3416/2720
f 2303/2714 3413/2722 3411/2721
f 3557/2381 4138/2824 3413/2722
f 4017/2389 3566/2391 2305/2724
f 2305/2724 2450/2723 2448/2727
f 2305/2724 2306/2726 4017/2389
f 2307/2725 2308/2802 2306/2726
f 2307/2725 2448/2727 4032/2904
f 2309/2730 3395/2729 2312/2732
f 2310/2728 3396/4725 3395/2729
f 2310/2728 3399/3026 3396/4725
f 2309/2730 2311/2733 2313/2731
f 2312/2732 2314/2734 2311/2733
f 4133/2392 2133/2395 2314/2734
f 2135/2403 2137/2405 2315/2735
f 2315/2735 3618/2738 2317/2736
f 2318/2737 2371/2740 2372/2803
f 2315/2735 2318/2737 2135/2403
f 2318/2737 2372/2803 2178/2512
f 2316/2739 2575/3032 2371/2740
f 2316/2739 2317/2736 3588/2941
f 2380/2744 4021/2530 2320/2413
f 2319/2742 2536/2743 2320/2413
f 2536/2743 4034/2815 2380/2744
f 2319/2742 2321/2741 2537/2746
f 2321/2741 4020/2640 4033/2745
f 2322/2425 4029/3040 2267/2650
f 2324/2421 2328/2420 2327/2661
f 2324/2421 2325/2749 2329/2418
f 2329/2418 2325/2749 2188/2419
f 2326/2748 2330/2822 2325/2749
f 2326/2748 2327/2661 2543/2955
f 2332/2751 3552/2434 3553/2437
f 2270/2670 2332/2751 2272/2668
f 2331/2750 2334/2753 2332/2751
f 2334/2753 3555/4708 3552/2434
f 3594/2757 3596/3050 2333/2754
f 2331/2750 2270/2670 2273/2755
f 2333/2754 2273/2755 3595/2756
f 2336/2758 2339/2676 2338/2678
f 3560/2444 3561/2317 2339/2676
f 2335/2759 2388/2762 2392/2760
f 2336/2758 2392/2760 3563/2547
f 2337/2761 2393/2764 2388/2762
f 3602/2763 3605/2835 2393/2764
f 2335/2759 2338/2678 2340/2680
f 2337/2761 2340/2680 3603/2765
f 2341/2766 2343/2767 2342/2445
f 2342/2445 2323/2747 2146/2446
f 2343/2767 4172/3059 2323/2747
f 2344/2448 3570/2449 4190/2768
f 2341/2766 2344/2448 4184/2769
f 2345/2770 2159/2461 2347/2690
f 2159/2461 3571/2460 2347/2690
f 2345/2770 2346/3063 2161/2462
f 2346/2771 2406/2858 3579/2575
f 2349/2772 4167/4548 4028/2773
f 2352/4726 2354/2480 2351/2776
f 2352/4726 3567/2479 2354/2480
f 2351/2776 2353/2779 2352/4726
f 3609/3082 3611/3155 2353/2868
f 2351/2776 3616/2698 2293/2700
f 2351/2776 2293/2700 3610/2780
f 2356/2781 2439/2784 2440/2782
f 2355/2783 2420/2786 4015/2489
f 3599/2789 3600/2879 2357/2785
f 2355/2783 2440/2782 2441/2787
f 2357/2785 2441/2787 3599/2789
f 2359/2790 2298/2707 2296/2709
f 3548/2496 4011/2499 2298/2707
f 2358/2791 2360/2795 2362/2792
f 2359/2790 2362/2792 3580/2497
f 2361/2794 2363/2797 2360/2795
f 2363/3098 2416/2876 2360/2872
f 2363/3098 3591/2877 2416/2876
f 2358/2791 2296/2709 2299/2711
f 2361/2794 2299/2711 4024/2798
f 4018/2601 2367/2506 2364/2799
f 2367/2506 4017/2389 2306/2726
f 2364/2799 2365/2800 4018/2601
f 2366/2801 2368/3109 2365/2800
f 2364/2799 2306/2726 2308/2802
f 2369/2804 2372/2803 2371/2740
f 2175/2513 2178/2512 2372/2803
f 2370/2805 2427/2808 2428/2806
f 2369/2804 2428/2806 2177/2510
f 2576/2807 2621/2888 2427/2808
f 2370/2805 2371/2740 2575/3032
f 2373/2809 2374/2810 2376/2518
f 2374/2810 2311/2733 2314/2734
f 2376/2518 2314/2734 2133/2395
f 2374/2810 2313/2731 2311/2733
f 2373/2809 2430/2811 2377/3124
f 2375/2521 2433/2520 2430/2811
f 2378/2812 2379/2529 4021/2530
f 2437/2813 4022/2619 2379/2529
f 3607/2816 2581/2814 2378/2812
f 2581/2814 3608/2895 2437/2813
f 2378/2812 2380/2744 3607/2816
f 2382/2532 2325/2749 2381/2817
f 2382/2532 2188/2419 2325/2749
f 2382/2532 2383/2818 2187/2820
f 2384/2821 2385/2901 2383/2818
f 2381/2817 2325/2749 2330/2822
f 2386/2823 3413/2722 4138/2824
f 2386/2826 3617/2830 4026/2827
f 2191/2538 4013/2537 3617/2830
f 2389/2831 2392/2760 2388/2762
f 3562/2545 3563/2547 2392/2760
f 2388/2762 2390/2832 2389/2831
f 2389/2831 2447/2833 3565/2629
f 3604/2836 3606/2905 2391/2834
f 2391/2834 2393/2764 3605/2835
f 2395/2837 2334/2753 2397/2752
f 3554/2559 3555/4708 2334/2753
f 2394/2838 3445/2842 3443/2839
f 2395/2837 3443/2839 4148/2840
f 3596/3050 4025/2843 2396/2841
f 2396/2841 3446/2844 3445/2842
f 2394/2838 2397/2752 2333/2754
f 2396/2841 2333/2754 3596/3050
f 2398/2845 2400/2550 2301/2713
f 2398/2845 2453/2847 2454/2908
f 2398/2845 2454/2908 2196/2551
f 2399/2846 2455/2849 2453/2847
f 2398/2845 2301/2713 2304/2718
f 2399/2846 2304/2718 3598/2850
f 2401/2851 2402/2852 2202/2564
f 2599/2853 2600/2854 2402/2852
f 2402/2852 3651/2657 3612/2653
f 3619/556 3672/560 2401/2851
f 2403/2574 2404/2855 2205/2571
f 2404/2855 3613/2857 3585/2645
f 2405/2856 3652/2953 3613/2857
f 2403/2574 3579/2575 2406/2858
f 2408/2859 3467/2865 3468/2860
f 2604/2864 3597/3153 3467/2865
f 2407/2581 3586/2580 3654/2663
f 2410/2867 2352/2777 2353/2868
f 3611/3155 2464/2898 2411/2871
f 2411/2871 2353/2868 3611/3155
f 2413/2667 2362/2874 2360/2872
f 2102/2322 3549/2585 2362/2874
f 2412/2873 2271/2665 2413/2667
f 2414/2875 2415/2671 2271/2665
f 2412/2873 2360/2872 2416/2876
f 2414/2875 2416/2876 3591/2877
f 2418/2592 4015/2489 2420/2786
f 2417/2878 2278/2673 2279/2675
f 2418/2592 2279/2675 4016/2319
f 2419/2880 2421/2681 2417/2878
f 3600/2879 4031/2682 2421/2681
f 2417/2878 2420/2786 2419/2880
f 2419/2880 2357/2785 3600/2879
f 4019/2341 2424/2599 2422/2882
f 2422/2882 2423/2683 4019/2341
f 2422/2882 2614/3168 2423/2683
f 2614/3168 3657/2980 2423/2683
f 2422/2882 2365/2881 2368/2883
f 2425/2885 2428/2806 2427/2808
f 2228/2612 2177/2510 2428/2806
f 2425/2885 2426/2887 2229/2348
f 2619/2886 2504/2691 3614/2686
f 2425/2885 2427/2808 2621/2888
f 2429/2889 2430/2891 2433/2606
f 2431/2890 2377/3180 2430/2891
f 2432/2609 2434/2608 2429/2889
f 2435/2893 2436/2618 4022/2619
f 3615/2696 2292/2369 2436/2618
f 2456/2896 2460/2894 2435/2893
f 2460/2894 4035/2702 3615/2696
f 2435/2893 2437/2813 3608/2895
f 2439/2784 2410/2867 2409/2869
f 2438/2897 2440/2782 2439/2784
f 2438/2897 2441/2787 2440/2782
f 2438/2897 2409/2869 2411/2871
f 2438/2897 2411/2871 2464/2898
f 2234/2622 2238/2819 2442/2899
f 2442/2899 2443/2704 4010/2706
f 2444/2900 2445/2712 2443/2704
f 2442/2899 2383/2818 2385/2901
f 3564/2630 3565/2629 2447/2833
f 2446/2902 2448/2727 2450/2723
f 2447/2833 2450/2723 3564/2630
f 2446/2902 2390/2832 2391/2834
f 2449/2903 2391/2834 3606/2905
f 2452/2906 2454/2908 2453/2847
f 2247/2635 2196/2551 2454/2908
f 2451/2907 2317/2736 3618/2738
f 3587/2910 2479/2909 2451/2907
f 2479/2909 3588/2941 2317/2736
f 2451/2907 2453/2847 2455/2849
f 2451/2907 2455/2849 3587/2910
f 2456/2896 3608/2895 2459/2913
f 2456/2896 2457/2911 2460/2894
f 2458/2912 2655/3246 2457/2911
f 2655/3246 4049/3002 2457/2911
f 2456/2896 2459/2913 2458/2912
f 2462/2915 2464/2898 2461/2917
f 2461/2917 2463/3088 2462/2915
f 2462/2915 2463/3088 4030/2788
f 2461/2917 2465/2919 2463/3088
f 2467/2921 2586/2924 2469/2922
f 2444/2900 2385/2901 2586/2924
f 2467/2921 2470/2925 2445/2712
f 2468/2928 2471/2927 2466/2923
f 2466/2923 2469/2922 2468/2928
f 2468/2928 2587/2929 3625/2930
f 2473/2932 2475/2931 2472/2863
f 4032/2904 3606/2905 2475/2931
f 2472/2863 2474/2933 2473/2932
f 2473/2932 2528/2934 4032/2904
f 2478/2939 2598/2938 2597/3145
f 3587/2910 4023/2848 2598/2938
f 2476/2940 3650/2943 3588/2941
f 2476/2940 2478/2939 2480/2944
f 2478/2939 2597/3145 3736/2945
f 2674/2947 2678/2948 2482/2656
f 2483/2658 3651/2657 3739/2949
f 2674/2947 2483/2658 2677/2950
f 2484/2952 2485/2954 2487/2660
f 2485/2954 2542/4727 2543/2955
f 2484/2952 2683/2956 2485/2954
f 2485/2954 2544/2957 2542/4727
f 2683/2956 4039/3303 2544/2957
f 2486/2951 3652/2953 4038/2958
f 2484/2952 2486/2951 2681/2959
f 2488/2960 3653/2963 3654/2663
f 2488/2960 2489/2961 3653/2963
f 3655/2964 2539/3042 2489/2961
f 2266/2662 4029/3040 3655/2964
f 3592/2966 2492/2965 2490/2967
f 2273/2755 3593/2669 2492/2965
f 2490/2967 2546/2969 3595/2756
f 2491/2968 2493/2970 3631/2971
f 3601/2679 4031/2682 2496/2974
f 2495/2973 3656/2976 3603/2765
f 2494/2975 2551/2978 3656/2976
f 4185/2977 3643/3055 2551/2978
f 2494/2975 2496/2974 2497/3166
f 2494/2975 2497/3166 3641/2979
f 2498/2981 3657/2980 4207/3172
f 2498/2981 2500/2983 2282/2685
f 2498/2981 4207/3172 4048/2985
f 2502/2689 2556/3061 2347/2690
f 2503/2986 2708/2987 2502/2689
f 2502/2689 3659/2988 2556/3061
f 2501/2688 2504/2691 4036/2989
f 2506/2992 3636/2993 2505/2990
f 2286/2692 3481/3070 2505/2990
f 2505/2990 3481/3070 3483/2991
f 2508/2699 2511/2701 2510/2994
f 2511/2701 4035/2702 2457/2911
f 2507/2995 2509/2997 2512/2996
f 2512/2996 3660/2998 3610/2780
f 3647/2999 2717/3000 2509/2997
f 2509/2997 3661/3001 3660/2998
f 2507/2995 2510/2994 3647/2999
f 2510/2994 2457/2911 4049/3002
f 2514/3003 2470/2925 2466/2923
f 3589/2710 2445/2712 2470/2925
f 2513/3004 2515/3007 2517/3005
f 2514/3003 2517/3005 4024/2798
f 2516/3006 2518/3009 2515/3007
f 3626/3008 3628/3362 2518/3009
f 2513/3004 2466/2923 2471/2927
f 2516/3006 2471/2927 4040/2926
f 2519/3010 2520/3013 2523/3011
f 2522/2717 2523/3011 3598/2850
f 2521/3012 2524/3015 2520/3013
f 2726/3014 3620/3369 2524/3015
f 2519/3010 3414/3018 3415/3016
f 2521/3012 3415/3016 3637/3017
f 2522/2717 3416/2720 3414/3018
f 2526/3019 2528/2934 2525/3020
f 2307/2725 4032/2904 2528/2934
f 2525/3020 2527/3021 2526/3019
f 2526/3019 2572/3022 2308/2802
f 4205/3023 4198/3116 2527/3021
f 4198/3116 3645/3174 2802/3114
f 4205/3023 2730/3024 3645/3174
f 4195/2937 4047/2936 2730/3024
f 2529/3025 3398/4383 3399/3026
f 2530/3029 2313/2731 3961/3027
f 2529/3025 2530/3029 3961/3027
f 2310/2728 2313/2731 2530/3029
f 2316/2739 3588/2941 2533/3030
f 2533/3030 3588/2941 3650/2943
f 2531/3031 3664/3034 2575/3032
f 2532/3033 2807/3394 3664/3034
f 2531/3031 2533/3030 2534/3035
f 2535/3036 2745/3037 2536/2743
f 2536/2743 2819/3038 4034/2815
f 2538/3039 3655/2964 4029/3040
f 4172/3059 3665/3060 2538/3039
f 2540/3043 2543/2955 2542/4727
f 2540/3043 2585/3045 2583/3128
f 2540/3043 2583/3128 2330/2822
f 2541/3044 2584/3047 2585/3045
f 3622/3046 3624/3131 2584/3047
f 2540/3043 2542/4727 2544/2957
f 3594/2757 3595/2756 2546/2969
f 2548/3048 2545/4728 2547/3049
f 2545/4728 2595/3143 2547/3049
f 2546/2969 2547/3049 3594/2757
f 2761/3051 4042/3144 2545/4728
f 2545/4728 2548/3048 2761/3051
f 2548/3048 2491/2968 4041/2972
f 2549/3052 3656/2976 2551/2978
f 3602/2763 3603/2765 3656/2976
f 2551/2978 3666/3054 2549/3052
f 2549/3052 3666/3054 3605/2835
f 2768/3430 2831/3512 3642/3056
f 2831/3512 4181/3514 3642/3056
f 2550/3053 2551/2978 3643/3055
f 2341/2766 4184/2769 2553/3057
f 4184/2769 4190/2768 3658/2984
f 2552/3058 2343/2767 2341/2766
f 4201/3358 2988/3753 4176/3354
f 4177/2866 2407/2581 3654/2663
f 2345/2770 2347/2690 2556/3061
f 2554/3062 2555/3066 2346/3063
f 2555/3064 3667/3068 2406/2858
f 3621/3065 2779/3443 2555/3066
f 2779/3067 4037/3151 3667/3068
f 2557/3074 3668/3077 3669/4729
f 2557/3074 3669/4729 4044/3075
f 4160/2774 4028/2773 3668/3077
f 3609/2778 3610/2780 2560/3078
f 2558/3080 2605/2916 2606/3081
f 3609/3082 2606/3081 3611/3155
f 2559/3085 2561/3084 2558/3080
f 3648/3083 3649/3157 2561/3084
f 2558/3079 2560/3078 2559/3086
f 2560/3078 3660/2998 3661/3001
f 2562/3089 2463/3088 2563/3092
f 3599/2789 4030/2788 2463/3088
f 2562/3089 2613/3091 2612/3163
f 2562/3089 2612/3163 3600/2879
f 2563/3092 2613/3091 2562/3089
f 3639/3090 4046/3167 2613/3091
f 2563/3092 2463/3088 2465/2919
f 2565/3093 2517/3005 2515/3007
f 3590/2796 4024/2798 2517/3005
f 2564/3095 2566/3101 2568/3096
f 2565/3097 2568/3096 2363/3098
f 2567/3100 2569/3103 2566/3101
f 3627/3102 3630/3162 2569/3103
f 2564/3094 2515/3007 2518/3009
f 2567/3104 2518/3009 3628/3362
f 2571/3106 2572/3022 2570/3107
f 2366/2801 2308/2802 2572/3022
f 2570/3107 3670/3112 2616/3108
f 2571/3106 2616/3108 2368/3109
f 2590/3139 4181/3514 4193/3515
f 3646/3113 2639/3475 2617/3111
f 3646/3113 4180/3110 2802/3114
f 2576/2807 2575/3032 2574/3117
f 2573/3118 2620/3176 2621/2888
f 2573/3118 2644/3479 2620/3176
f 2574/3117 3664/3034 2807/3394
f 2577/3119 2578/3120 2374/2810
f 2579/3121 3961/3027 2313/2731
f 2373/2809 2377/3124 2577/3119
f 2581/2814 2459/2913 3608/2895
f 2816/3126 2820/3127 2581/2814
f 2820/3127 3735/2914 2459/2913
f 2580/3125 4034/2815 2819/3038
f 2816/3126 2580/3125 2819/3038
f 2384/2821 2330/2822 2583/3128
f 2582/3129 2469/2922 2586/2924
f 2583/3128 2586/2924 2385/2901
f 2584/3047 2587/2929 2582/3129
f 3623/3130 3625/2930 2587/2929
f 2582/3129 2585/3045 2584/3047
f 2588/3132 3663/3137 3662/3133
f 2589/3134 3662/3133 3747/3135
f 4139/2829 4026/2827 3663/3137
f 3604/2836 3605/2835 2591/3138
f 2590/3139 2592/2861 2591/3138
f 2591/3138 2475/2931 3606/2905
f 2590/3139 3666/3054 2550/3053
f 2593/3140 2547/3049 2595/3143
f 2595/3143 2594/3142 2593/3140
f 3632/3141 2596/3519 2594/3142
f 2595/3143 2545/4728 4042/3144
f 2598/2938 2523/3011 2520/3013
f 4023/2848 3598/2850 2523/3011
f 2597/3145 2520/3013 2524/3015
f 3736/2945 2524/3015 3620/3369
f 2844/3146 2845/3147 2600/2854
f 2600/2854 3739/2949 3651/2657
f 3672/560 741/1213 2599/2853
f 2405/2856 2406/2858 2601/3148
f 2601/3148 2602/3149 2405/2856
f 2602/3149 4038/2958 3652/2953
f 2601/3148 3667/3068 4037/3151
f 2603/3152 3469/4508 3597/3153
f 3653/2963 3742/2962 4154/3154
f 2604/2864 4177/2866 3653/2963
f 4177/2866 3654/2663 3653/2963
f 2607/3156 2461/2917 2605/2916
f 2607/3156 2561/3084 3649/3157
f 2609/3158 2568/3096 2566/3101
f 2415/2671 3591/2877 2568/3096
f 2608/3159 2490/2967 2492/2965
f 2609/3158 2492/2965 3593/2669
f 2610/3160 2493/2970 2490/2967
f 3629/3161 3631/2971 2493/2970
f 2608/3159 2566/3101 2569/3103
f 2610/3160 2569/3103 3630/3162
f 2612/3163 2496/2974 4031/2682
f 3640/3165 3641/2979 2497/3166
f 2611/3164 2613/3091 4046/3167
f 2614/3168 2616/2884 4183/3170
f 4207/3172 2615/3171 4048/2985
f 4207/3172 3657/2980 2614/3168
f 2474/2933 4195/2937 4205/3023
f 2615/3171 2617/4544 2639/3175
f 2619/2886 2621/2888 2620/3176
f 2618/3177 4036/2989 2504/2691
f 2622/3182 3671/3179 2431/2890
f 3635/3181 2623/3233 3671/3179
f 2623/3233 4043/3234 3671/3179
f 2622/3182 2505/2990 3636/2993
f 2431/2890 4027/2892 2622/3182
f 4045/2920 3649/3157 2625/3184
f 2625/3184 2785/3183 2786/3460
f 2626/3187 2659/3186 2624/3256
f 2626/3187 2789/3456 3730/3188
f 2628/3190 2797/3189 2627/3192
f 3629/3161 3630/3162 2797/3189
f 2627/3192 2629/3193 2628/3190
f 2628/3190 2693/3194 3631/2971
f 2630/3195 2631/3197 2629/3193
f 2889/3196 2893/3198 2631/3197
f 2631/3197 2694/3199 2629/3193
f 2893/3198 4057/3321 2694/3199
f 2627/3192 3732/3191 3731/3200
f 2630/3195 3731/3200 4056/3202
f 4203/3203 4169/3210 2634/3204
f 2633/3213 2697/3212 2632/3205
f 3707/3211 3709/3326 2697/3212
f 2632/3205 2634/3204 2635/3214
f 2633/3213 2635/3214 3708/3215
f 2637/3173 2639/3175 2636/3219
f 2636/3219 2638/3216 2637/3173
f 2637/3173 2702/3217 4048/2985
f 3715/3218 2902/3629 2638/3216
f 2902/3629 2703/3335 2638/3216
f 2641/3178 2644/3479 2643/3224
f 2641/3178 2620/3176 2644/3479
f 2641/3178 3733/3225 4036/2989
f 2642/3226 2706/3229 2707/3227
f 3677/3228 3680/3342 2706/3229
f 3733/3225 2643/3224 2808/3230
f 2642/3226 2808/3230 3678/3231
f 2646/3237 2814/3236 2645/3238
f 3698/3235 4059/3492 2814/3236
f 2645/3238 2647/3241 2649/3239
f 2646/3237 2649/3239 3699/3240
f 2648/3232 2650/3242 2647/3241
f 3635/3181 3636/2993 2650/3242
f 2652/3243 3735/2914 3734/3244
f 2651/3245 2653/3247 2655/3246
f 2653/3247 2716/3249 4049/3002
f 2654/3248 2718/3251 2716/3249
f 3725/3250 3727/3357 2718/3251
f 2651/3245 3734/3244 2656/3252
f 2654/3248 2656/3252 3726/3253
f 2657/3254 4182/4546 4199/3255
f 3638/2918 4045/2920 2625/3184
f 2657/3254 4206/3259 4182/4546
f 3704/3262 4063/3260 2659/3186
f 2659/3186 2791/3261 2792/3258
f 2657/3254 2624/3256 2659/3186
f 2661/3263 2825/3266 2663/3264
f 4040/2926 3625/2930 2825/3266
f 2660/3265 2722/3270 2661/3263
f 2660/3265 2662/3267 2664/3269
f 2662/3267 3689/3272 4054/3268
f 2660/3265 2663/3264 2662/3267
f 2826/3271 4053/3502 3689/3272
f 2666/3274 2669/3273 2665/3276
f 2665/3276 2667/3277 2666/3274
f 2666/3274 2730/3024 4047/2936
f 3712/3283 4067/3279 2668/3278
f 2668/3278 2731/3280 2667/3277
f 2665/3276 2832/3275 2833/3281
f 2668/3278 2833/3281 4066/3282
f 2670/3284 2480/2944 2672/3289
f 2480/2944 3736/2945 2672/3289
f 2670/3284 2741/3288 2742/3393
f 2670/3284 2742/3393 3650/2943
f 2671/3287 2673/3286 2670/3284
f 3673/3285 4051/3399 2673/3286
f 2670/3284 2672/3289 2671/3287
f 2671/3287 2842/3290 4050/3291
f 2674/2947 2675/3292 2678/2948
f 2678/2948 2748/3293 4033/2745
f 2676/3294 2679/3296 2675/3292
f 3719/3295 3722/3406 2679/3296
f 2674/2947 2677/2950 2676/3294
f 2677/2950 3739/2949 3738/3297
f 2676/3294 3738/3297 4071/3299
f 2681/2959 4038/2958 3740/3302
f 2680/3301 3741/3305 4039/3303
f 2680/3301 2682/3300 3684/3589
f 2682/3300 3740/3302 3684/3589
f 2684/3311 3742/2962 2686/3306
f 2684/3311 2685/3307 2687/3309
f 2687/3309 3701/3308 3977/3541
f 2685/3307 4060/3409 3701/3308
f 2684/3311 2686/3306 2688/3312
f 2688/3312 2489/2961 2539/3042
f 2690/3313 2693/3194 2689/3314
f 4041/2972 3631/2971 2693/3194
f 2689/3314 2691/3316 2690/3313
f 3693/3320 3692/3317 2692/3315
f 2692/3315 3743/3318 2691/3316
f 2689/3314 2629/3193 2694/3199
f 2692/3315 2694/3199 3694/3319
f 4196/3322 4203/3203 2632/3205
f 2695/3323 2696/3325 2765/3324
f 2765/3324 3643/3055 4185/2977
f 2697/3212 2769/3327 2696/3325
f 3709/3326 4064/3435 2769/3327
f 2695/3323 2632/3205 2697/3212
f 2699/3328 2702/3217 2698/3329
f 2499/2982 4048/2985 2702/3217
f 2698/3329 2700/3330 2699/3328
f 2699/3328 2772/3331 3658/2984
f 2700/3330 2701/3332 2774/3334
f 2701/3332 2976/3336 3717/3333
f 2698/3329 2638/3216 2703/3335
f 2503/2986 4036/2989 2705/3337
f 2705/3337 3733/3225 2707/3227
f 2708/2987 3744/3339 3659/2988
f 2706/3229 2709/3341 2704/3338
f 3679/3340 3681/3447 2709/3341
f 2704/3338 2707/3227 2706/3229
f 2710/3343 2647/3241 2650/3242
f 2712/3344 2650/3242 3636/2993
f 2711/3346 2649/3239 2710/3343
f 3700/3345 3699/3240 2649/3239
f 2710/3343 3485/3347 2711/3346
f 2712/3344 3487/3348 3485/3347
f 3636/2993 3483/2991 3487/3348
f 2714/3349 4049/3002 2716/3249
f 2713/3350 2787/3353 2788/3351
f 2717/3000 2788/3351 3661/3001
f 2407/2581 4177/2866 2408/2859
f 2715/3352 4189/3356 2787/3353
f 2713/3350 2716/3249 2718/3251
f 2715/3352 2718/3251 3727/3357
f 2720/3359 2661/3263 2722/3270
f 3626/3008 4040/2926 2661/3263
f 2719/3360 2796/3364 2723/3361
f 2720/3359 2723/3361 3628/3362
f 2721/3365 3690/3367 4055/3366
f 2719/3360 2721/3365 2798/3363
f 2664/3269 4054/3268 3690/3367
f 2724/3368 2841/3371 3620/3369
f 2724/3368 3417/3375 2727/3372
f 2725/3370 2727/3372 3703/3373
f 2726/3014 3418/4422 3417/3375
f 2726/3014 3637/3017 3418/4422
f 3645/3174 2730/3024 2728/3376
f 2728/3376 2801/3378 2802/3114
f 3713/3381 4068/3379 2729/3377
f 2729/3377 2803/3380 2801/3378
f 2728/3376 2667/3277 2731/3280
f 2729/3377 2731/3280 3713/3381
f 2733/3384 3401/3383 2732/3385
f 2732/3385 2734/3389 2736/3386
f 2733/3384 2736/3386 3962/3387
f 2735/3388 2737/3390 2734/3389
f 4134/3028 3961/3027 2737/3390
f 2739/3391 2742/3393 2741/3288
f 2532/3033 2534/3035 2742/3393
f 2534/3035 3650/2943 2742/3393
f 2738/3392 2804/3398 2807/3394
f 2740/3397 2743/3396 2738/3392
f 3674/3395 3676/3482 2743/3396
f 2738/3392 2741/3288 2740/3397
f 2740/3397 2673/3286 4051/3399
f 2745/3037 2748/3293 2744/3400
f 2535/3036 2537/2746 2748/3293
f 2537/2746 4033/2745 2748/3293
f 2744/3400 2746/3401 2745/3037
f 2746/3401 2818/3405 2819/3038
f 2747/3402 2749/3404 2746/3401
f 3721/3403 3724/3498 2749/3404
f 2744/3400 2675/3292 2679/3296
f 2747/3402 2679/3296 3722/3406
f 2751/3310 2688/3312 2750/3407
f 2750/3407 2539/3042 2538/3039
f 2751/3310 2752/3408 2685/3307
f 2752/3408 3702/3412 4060/3409
f 2750/3407 2753/3411 2752/3408
f 2753/3411 4061/3439 3702/3412
f 2750/3407 2538/3039 3665/3060
f 3622/3046 2544/2957 2756/3413
f 2756/3413 4039/3303 3741/3305
f 2754/3414 2824/3417 2757/3415
f 2756/3413 2757/3415 3622/3046
f 3686/3421 3685/3418 2755/3416
f 2755/3416 3748/3419 2824/3417
f 3685/3418 3688/3901 3748/3419
f 2754/3414 2756/3413 2758/3420
f 2755/3416 2758/3420 3686/3421
f 2758/3420 3741/3305 4052/3304
f 2760/3422 2761/3051 2691/3316
f 2761/3051 2690/3313 2691/3316
f 2761/3051 4041/2972 2690/3313
f 2759/3423 2838/3425 2760/3422
f 2763/3428 2762/3424 2759/3423
f 2762/3424 3749/3427 2838/3425
f 2759/3423 2691/3316 2763/3428
f 2765/3324 3642/3056 3643/3055
f 2764/3429 2766/3432 2768/3430
f 3710/3436 4065/3433 2767/3431
f 2767/3431 2834/3434 2766/3432
f 2764/3429 2696/3325 2769/3327
f 2767/3431 2769/3327 3710/3436
f 2771/3437 2552/3058 2553/3057
f 2553/3057 3658/2984 2772/3331
f 2770/3410 3665/3060 2771/3437
f 2770/3410 2773/3438 2753/3411
f 2773/3438 3716/3440 4061/3439
f 2771/3437 2774/3334 2773/3438
f 2774/3334 3717/3333 3716/3440
f 3621/3065 3659/2988 3744/3339
f 2775/3442 2777/3446 2779/3443
f 2778/3445 2780/3448 2777/3446
f 3681/3447 3683/3536 2780/3448
f 2775/3442 3744/3339 2709/3341
f 2778/3445 2709/3341 3681/3447
f 2782/3846 3486/3845 2781/4536
f 3750/3449 3751/3855 2782/3450
f 2781/3451 2783/3452 4044/3075
f 2785/3453 2788/3351 2787/3353
f 3648/3087 3661/3001 2788/3351
f 2784/3458 2786/3460 2785/3183
f 2784/3458 4179/3457 4191/3459
f 3728/3455 3730/3188 2789/3456
f 3728/3858 4179/3461 3729/3355
f 2870/3464 2868/3574 4165/3462
f 2792/3258 4188/3209 4206/3259
f 3639/3090 2465/2919 2658/3257
f 2634/3204 4169/3210 4188/3209
f 2791/3261 2635/3214 2790/3465
f 3706/3466 3708/3215 2635/3214
f 2790/3465 2792/3258 2791/3261
f 3627/3102 3628/3105 2794/3467
f 2794/3467 2723/3470 2796/3468
f 2793/3469 3732/3191 2797/3189
f 2794/3467 2797/3189 3627/3102
f 2795/3471 3691/3473 4056/3202
f 2795/3471 3731/3200 3732/3191
f 2796/3468 2798/3472 2795/3471
f 2798/3363 4055/3366 3691/4730
f 3646/3113 2802/3114 2801/3378
f 2799/3474 2636/3220 2639/3475
f 3714/3477 4069/3223 2800/3476
f 2800/3476 2640/3221 2636/3220
f 2799/3474 2801/3378 2803/3380
f 2800/3476 2803/3380 3714/3477
f 2805/3478 2807/3394 2804/3398
f 2804/3398 2643/3224 2805/3478
f 2806/3480 2808/3230 2643/3224
f 3675/3481 3678/3231 2808/3230
f 2806/3480 2743/3396 3676/3482
f 2809/3483 2810/3486 2813/3484
f 2810/3486 2734/3389 2737/3390
f 2812/3485 2813/3484 2579/3121
f 2813/3484 2737/3390 3961/3027
f 2811/3490 2736/3386 2734/3389
f 3697/3491 3962/3387 2736/3386
f 2809/3489 2645/3238 2814/3236
f 2811/3487 2814/3236 4059/3492
f 2579/3121 4043/3122 2812/3485
f 2812/3494 2648/3232 2645/3238
f 2816/3126 2819/3038 2818/3405
f 2815/3495 3734/3244 3735/2914
f 2817/3497 2656/3252 2815/3495
f 3723/3496 3726/3253 2656/3252
f 2815/3495 2818/3405 2817/3497
f 2817/3497 2749/3404 3724/3498
f 3623/3130 3624/3131 2822/3499
f 2822/3499 2757/3415 2824/3417
f 2821/3500 2663/3264 2825/3266
f 2822/3499 2825/3266 3623/3130
f 2823/3501 2826/3271 2821/3500
f 2823/3501 3687/4731 4053/3502
f 2821/3500 2824/3417 2823/3501
f 2823/3501 3688/3901 3687/4731
f 2823/3501 3748/3419 3688/3901
f 2827/3504 3417/3375 2829/4421
f 2827/3505 3746/3511 3745/3506
f 2828/3507 3745/3506 4058/3508
f 2829/3510 3747/3135 3746/3511
f 4193/3515 4181/3514 2831/3512
f 2831/3512 2768/3430 2766/3432
f 2550/3053 3642/3056 4181/3514
f 2830/3513 2832/3275 2669/3273
f 2831/3512 2669/3273 4193/3515
f 3711/3516 4066/3282 2833/3281
f 2830/3513 2766/3432 2834/3434
f 2833/3281 2834/3434 3711/3516
f 2836/3517 2760/3422 2838/3425
f 2596/3519 3632/3141 2760/3422
f 3632/3141 4042/3144 2760/3422
f 2835/3518 3737/3523 3451/3520
f 2836/3517 3451/3520 2596/3519
f 2835/3518 2838/3425 2839/3525
f 2837/3522 2839/3525 3749/3427
f 2840/3526 2672/3289 3736/2945
f 2841/3371 2840/3526 3736/2945
f 2840/3526 2841/3371 2725/3370
f 2842/3290 2725/3370 3705/3374
f 2843/3527 2844/3146 741/1213
f 2846/3529 3738/3297 3739/2949
f 3718/3530 4071/3299 3738/3297
f 2843/3527 2847/4541 2846/3529
f 3791/1266 2871/3463 4070/1269
f 2871/3463 4168/3577 4070/1269
f 2848/3150 4037/3151 2777/3444
f 2848/3150 2849/3532 2602/3149
f 2849/3532 3740/3302 4038/2958
f 3682/3534 3684/3589 3740/3302
f 2851/3531 2777/3444 2780/4732
f 2850/3533 2851/3531 3683/4733
f 2851/4734 2780/3448 3683/3536
f 2852/3538 2853/3540 4154/3154
f 2854/3539 3976/4735 4155/4525
f 2684/3311 2687/3309 2854/3539
f 2854/3539 3977/3541 3976/4735
f 2852/3538 4154/3154 3742/2962
f 2856/3542 3042/3545 3041/3543
f 3711/3516 4065/3433 3042/3545
f 2857/3546 2938/3682 2856/3542
f 2856/3542 4066/3282 3711/3516
f 2856/3542 2938/3682 4066/3282
f 2857/3546 2858/3547 2939/3549
f 2858/3547 3771/3552 3773/3548
f 2855/3544 3041/3543 3044/3550
f 2858/3547 3044/3550 3771/3552
f 3695/3524 3749/3427 2860/3553
f 2860/3553 3040/3426 3037/3554
f 2859/3555 2861/4474 2860/3553
f 2859/3555 2862/3557 2861/4474
f 2859/3555 3037/3554 3867/3558
f 4050/3291 3705/3374 3787/3559
f 2867/3562 2863/3566 2865/3563
f 2863/3566 3788/3567 2865/3563
f 2864/3560 2865/3563 4050/3291
f 3753/3564 3755/3699 2866/3565
f 2864/3560 3787/3559 2996/3568
f 2863/3566 2867/3562 3111/3573
f 2867/3562 2996/3568 3764/3572
f 2872/3578 3718/3530 4165/3462
f 2870/3464 2871/3463 3791/1266
f 3792/3576 2872/3578 2868/3574
f 2953/3580 4171/3575 4079/3581
f 2870/3464 2873/3583 2869/3579
f 3790/1275 3789/1277 2873/3583
f 2873/3583 3781/3584 4079/3581
f 3789/1277 4078/1652 3781/3584
f 2874/3588 2875/3586 2877/3585
f 3682/3534 3683/4733 2877/3585
f 2876/3590 3902/4736 3903/4737
f 2874/3588 3902/4736 2876/3590
f 2879/3594 4155/4525 3976/4735
f 2878/3593 2880/3714 4156/3591
f 4156/3591 2879/3594 2881/3592
f 2879/3594 3976/4735 3977/3541
f 2883/3595 2886/3598 2885/3596
f 4062/3185 3730/3188 2886/3598
f 2884/3601 2887/3600 2882/3597
f 2887/3600 2927/3672 2882/3597
f 2882/3597 2885/3596 2884/3601
f 2889/3196 2892/3201 2891/3603
f 2892/3201 3070/3871 2891/3603
f 2892/3201 4056/3202 3070/3871
f 2893/3198 3878/3605 4057/3321
f 3872/3612 3873/4738 2890/3610
f 2890/3606 2968/3608 3878/3605
f 3873/3607 4098/3724 2968/3608
f 2888/3604 2891/3603 2894/3609
f 2890/3610 2894/3613 3871/3611
f 2896/3615 3064/3618 3062/3616
f 3707/3211 3708/3215 3064/3618
f 2897/3621 2898/3620 2895/3617
f 3767/3619 4075/3733 2898/3620
f 2895/3617 3062/3616 2897/3621
f 2897/3621 3065/3622 3768/3623
f 2900/3624 3074/3627 3071/3625
f 3715/3222 4069/3223 3074/3627
f 2899/3628 3796/3632 2902/3629
f 2902/3629 3796/3632 2703/3335
f 3796/3632 2901/3631 2978/3634
f 2901/3631 3778/3636 3780/3633
f 2899/3626 3071/3625 2903/3882
f 2903/3635 3779/3981 3778/3636
f 2905/3637 2909/3640 2908/3638
f 3677/3228 3678/3231 2909/3640
f 2904/3639 2906/3641 2905/3637
f 2905/3637 2983/3642 3680/3342
f 2904/4739 2907/3644 2910/3646
f 2907/3644 3904/4740 3905/3645
f 2908/4741 2911/4742 2907/3644
f 2911/4742 4127/4743 3904/4740
f 2912/3650 3081/3654 3083/3651
f 2914/3652 3083/3651 4059/3492
f 3759/3656 3760/3653 2912/3650
f 2913/3655 3368/3750 3759/3656
f 2914/3652 2915/3657 2913/3655
f 3698/3235 3699/3240 2915/3657
f 2916/3207 2919/4542 4178/3208
f 3725/3250 3726/3253 2918/3658
f 2917/3659 2919/4542 3725/3250
f 3135/3661 4080/4744 2920/3662
f 2923/3665 2883/3595 2882/3597
f 3704/3262 4062/3185 2883/3595
f 2922/3666 2924/3669 2926/3667
f 2923/3665 2926/3667 4063/3260
f 2925/3668 3797/3671 2924/3669
f 2922/3666 2882/3597 2927/3672
f 3689/3272 4053/3502 2929/3673
f 2928/3675 2933/3677 2929/3673
f 2994/3676 2992/3678 2933/3677
f 2933/3677 4054/3268 3689/3272
f 2930/3679 4099/4745 3870/4746
f 3880/3681 3879/4747 2930/3679
f 2930/3679 3879/4747 4099/4745
f 2928/3675 2932/3674 2931/3680
f 2931/3680 4126/3903 3880/3681
f 2935/3683 2938/3682 2934/3684
f 3712/3283 4066/3282 2938/3682
f 2934/3684 2936/3686 2935/3683
f 2937/3685 3004/3688 2936/3686
f 2937/3685 3772/3689 3775/3687
f 2934/3684 2939/3549 2937/3685
f 2939/3549 3773/3548 3772/3689
f 2941/3691 2944/3690 2940/3692
f 2944/3690 2865/3563 3788/3567
f 3673/3285 4050/3291 2865/3563
f 2940/3692 2942/3693 2941/3691
f 2941/3691 3015/3694 4051/3399
f 2943/3695 2945/3697 2942/3693
f 2945/3697 3798/3698 2942/3693
f 3754/3696 4072/3796 3798/3698
f 2940/3692 3788/3567 2866/3565
f 2943/3695 2866/3565 3755/3699
f 2947/3700 2951/3703 2950/3701
f 3719/3295 3720/3298 2951/3703
f 2951/3703 2872/3578 3792/3576
f 3720/3298 4071/3299 2872/3578
f 2946/3702 2948/3706 2952/3704
f 2947/3700 2952/3704 3719/3295
f 2949/3705 3025/3806 2948/3706
f 3782/4017 4173/4019 2949/3705
f 2946/3702 2950/3701 2953/3580
f 2869/3579 4079/3581 4171/3575
f 3782/4017 2953/3580 3783/3582
f 2953/3580 2950/3701 4171/3575
f 2950/3701 3792/3576 4171/3575
f 2680/3301 3684/3589 2955/3708
f 2957/3587 2955/3708 2875/3586
f 2955/3708 2954/3707 4052/3304
f 2954/3707 3035/3710 4052/3304
f 2954/3707 2956/3711 4104/3709
f 2957/3587 2876/3590 2956/3711
f 2876/3590 3903/4737 2956/3711
f 2878/3593 2881/3592 2961/3712
f 2881/3592 3977/3541 3701/3308
f 2958/3713 2959/3716 2880/3714
f 2960/3715 2962/3811 2959/3716
f 2962/3811 4073/3813 2959/3716
f 2958/3713 2961/3712 2963/3717
f 2961/3712 3701/3308 4060/3409
f 3693/3320 3694/3319 2965/3718
f 3694/3319 4057/3321 3878/3605
f 2966/3720 3830/3722 3831/3826
f 2965/3718 2966/3720 3692/3317
f 2966/3720 3831/3826 3743/3318
f 3868/3725 3869/3723 2967/3721
f 2964/3719 3878/3605 2968/3608
f 2967/3721 2968/3608 3868/3725
f 2970/3726 2896/3615 2895/3617
f 2969/3727 2971/3730 2973/3728
f 2970/3726 2973/3728 4064/3435
f 2972/3729 2974/3732 2971/3730
f 3769/3731 4076/3830 2974/3732
f 2969/3727 2895/3617 2898/3620
f 2972/3729 2898/3620 4075/3733
f 2976/3336 2703/3335 2975/3734
f 2975/3734 2977/3736 2976/3336
f 3049/3735 3717/3333 2976/3336
f 2977/3736 3167/3737 3199/3738
f 2978/3634 3780/3633 3167/3737
f 2980/3739 2983/3642 2979/3740
f 3679/3340 3680/3342 2983/3642
f 2979/3740 2981/3741 2980/3739
f 2980/3739 3051/3742 3681/3447
f 2979/4748 2982/3744 2984/3746
f 2982/3744 3947/3748 3948/3745
f 2906/4749 2910/3646 2982/3744
f 2910/3646 3905/3645 3947/3748
f 2985/3749 2913/3655 2915/3657
f 2915/3657 3490/3752 2986/3751
f 2988/3753 4175/4545 2990/3663
f 4175/4545 4192/4543 2990/3663
f 4202/2935 3644/2862 4047/2936
f 2987/3754 3056/3757 3057/3755
f 2988/3753 3057/3755 3729/3355
f 2989/3758 2991/3756 2987/3754
f 2991/3756 4081/4046 3056/3757
f 2987/3754 2990/3663 2989/3758
f 2989/3758 2920/3662 4080/4744
f 2992/3678 3690/3367 4054/3268
f 2995/3760 4055/3366 3690/3367
f 2993/3759 3876/4750 3877/4751
f 3877/4751 4082/3878 2993/3759
f 2994/3676 2930/3679 2993/3759
f 2993/3759 3875/3761 3876/4750
f 2930/3679 3870/4746 3875/3761
f 2996/3568 3787/3559 2997/3561
f 2997/3561 3419/3765 2998/3762
f 2996/3568 2998/3762 3763/3763
f 3705/3374 3703/3373 3420/3764
f 3000/3766 2935/3683 2936/3686
f 3713/3381 4067/3279 2935/3683
f 2999/3767 3001/3770 3003/3768
f 3000/3766 3003/3768 4068/3379
f 3002/3769 3075/3772 3001/3770
f 3002/3769 3774/3773 3777/3771
f 2999/3767 2936/3686 3004/3688
f 3004/3688 3775/3687 3774/3773
f 3005/3776 3006/3779 3963/3777
f 3007/3778 3008/3780 3006/3779
f 4135/3382 3962/3387 3008/3780
f 3010/3781 3015/3694 3014/3782
f 3674/3395 4051/3399 3015/3694
f 3011/3784 3016/3786 3010/3781
f 3010/3781 3016/3786 3676/3482
f 3009/3783 3012/3788 3017/3787
f 3012/3788 4116/3793 3940/3789
f 3017/3787 3940/3789 4118/4752
f 3013/3790 3018/3792 3012/3788
f 3756/3791 3180/3794 3018/3792
f 3009/3783 3014/3782 3019/3795
f 3014/3782 2942/3693 3798/3698
f 3013/3790 3019/3795 3756/3791
f 3019/3795 3798/3698 4072/3796
f 3721/3403 3722/3406 3021/3797
f 3021/3797 2952/3704 2948/3706
f 3020/3798 3022/3800 3024/3799
f 3021/3797 3024/3799 3721/3403
f 3024/3799 3087/3801 3724/3498
f 3023/3802 4186/3804 3022/3800
f 3020/3798 2948/3706 3025/3806
f 2960/3715 2963/3717 3029/3809
f 2963/3717 4060/3409 3702/3412
f 3026/3810 3027/3812 2962/3811
f 3027/3812 3762/3816 4073/3813
f 3028/3814 3030/3815 3027/3812
f 3030/3815 4074/3835 3762/3816
f 3026/3810 3029/3809 3031/3817
f 3029/3809 3702/3412 4061/3439
f 3032/3820 3033/3818 3035/3710
f 3686/3421 4052/3304 3035/3710
f 3090/3821 3091/3822 3033/3818
f 3091/3822 3688/3901 3685/3418
f 3035/3710 3036/4753 3032/3820
f 3035/3710 4104/3709 3036/4753
f 2762/3424 2763/3428 3038/3824
f 3038/3824 3831/3826 3830/3722
f 2763/3428 3743/3318 3831/3826
f 3866/3827 3867/3558 3037/3554
f 3039/3825 3830/3722 3869/3723
f 3041/3543 3042/3545 2973/3728
f 3710/3436 4064/3435 2973/3728
f 3043/3829 3044/3550 3041/3543
f 3770/3828 4077/3551 3044/3550
f 3043/3829 2974/3732 4076/3830
f 3045/3831 3046/3833 3049/3735
f 3046/3833 3716/3440 3717/3333
f 3028/3814 3031/3817 3046/3833
f 3031/3817 4061/3439 3716/3440
f 3045/3831 3047/3834 3030/3815
f 3047/3834 3196/3836 4074/3835
f 3049/3735 3199/3738 3048/3832
f 3048/3832 3199/3738 3196/3836
f 3050/3837 2874/3840 2877/3838
f 3051/3742 2877/3838 3681/3447
f 3050/4754 3926/3843 3902/4736
f 2981/4755 2984/3746 3926/3843
f 2984/3746 3948/3745 3925/3842
f 3052/3844 3488/3848 3486/3845
f 3980/3847 3489/3850 3488/3848
f 3794/3851 3793/4756 3980/3852
f 3793/4756 3827/4313 3980/3852
f 3052/3853 2782/3450 3751/3855
f 3054/3856 3057/3755 3056/3757
f 3728/3858 3729/3355 3057/3755
f 3053/3859 2885/3596 2886/3598
f 3054/3860 2886/3598 3730/3188
f 3055/3862 3058/4076 3053/3857
f 3053/3857 3056/3757 3059/3861
f 3059/3861 3056/3757 4081/4046
f 3061/3863 2926/3667 2924/3669
f 3706/3466 4063/3260 2926/3667
f 3060/3864 3062/3616 3064/3618
f 3061/3863 3064/3618 3708/3215
f 3063/3865 3065/3622 3062/3616
f 3766/3866 3765/4081 3065/3622
f 3765/4081 3768/3623 3065/3622
f 3060/3864 2924/3669 3797/3671
f 3067/3867 3691/4730 4055/3366
f 3066/3870 2891/3603 3070/3871
f 3067/3872 3070/3871 4056/3202
f 3863/3877 3864/3874 3068/3875
f 3068/3875 2894/3613 2891/4757
f 3864/3874 4083/3614 2894/3613
f 3066/3869 3069/3868 3068/3875
f 3069/3868 2995/3760 2993/3759
f 3068/3875 2993/3759 4082/3878
f 3072/3879 3003/3768 3001/3770
f 3714/3477 4068/3379 3003/3768
f 3072/3879 3074/3627 4069/3223
f 3073/3880 2903/3882 3071/3625
f 3073/3880 3776/3883 3779/3881
f 3071/3625 3001/3770 3075/3772
f 3075/3772 3777/3771 3776/3883
f 3675/3481 3676/3482 3077/3885
f 3079/3785 3077/3885 3016/3786
f 3076/3884 2908/3638 2909/3640
f 3077/3885 2909/3640 3675/3481
f 3076/3884 3078/3886 2911/3648
f 3078/3886 3927/3888 4127/3887
f 3079/3785 3017/3787 3078/3886
f 3017/3787 4118/4752 3927/3888
f 3080/3894 3006/3779 3008/3780
f 3082/3892 3008/3780 3962/3387
f 3758/3893 3963/3777 3006/3779
f 3080/3889 3081/3654 3760/3653
f 3082/3891 3083/3651 3081/3654
f 3697/3493 4059/3492 3083/3651
f 3085/3896 3087/3801 3084/3897
f 3723/3496 3724/3498 3087/3801
f 3084/3897 3086/3660 3085/3896
f 3085/3896 2918/3658 3726/3253
f 4166/3899 4194/3803 3785/3805
f 4166/3899 3084/3897 4194/3803
f 3084/3897 3022/3800 4186/3804
f 4186/3804 3023/3802 3784/4059
f 3088/3900 3687/4731 3688/3901
f 2932/3674 2929/3673 3088/3900
f 3088/3900 4053/3502 3687/4731
f 2932/3674 3089/3902 2931/3680
f 3089/3902 3895/3904 4126/3903
f 3090/3821 3894/4758 3895/3904
f 3090/3821 4107/3823 3894/4758
f 3964/4344 4142/4343 3093/4424
f 3093/3907 3799/3906 3884/3908
f 3094/3910 3800/3911 3799/3906
f 4141/3509 4058/3508 3800/3911
f 3095/3915 3096/3912 3098/3913
f 3096/3912 3776/3883 3777/3771
f 3132/3914 3779/3881 3776/3883
f 3095/3915 3097/3916 3099/3918
f 3097/3916 3944/3921 3945/3917
f 3177/3919 3179/3920 3097/3916
f 3179/3920 3960/4053 3944/3921
f 3101/3898 3104/3922 3100/3924
f 3785/3805 4186/3804 3104/3922
f 3100/3924 3102/3925 3101/3898
f 3101/3898 3137/3926 4197/3664
f 3103/3927 3105/3929 3102/3925
f 3814/3928 3816/3990 3105/3929
f 3100/3924 3822/3923 3188/3930
f 3103/3927 3188/3930 3815/3931
f 3771/3552 4077/3551 3107/3932
f 3108/3935 3773/3548 3771/3552
f 3108/3935 3109/3936 3148/3938
f 3106/3934 3194/3940 3806/3941
f 3111/3570 3357/4759 3354/3942
f 3111/3570 3764/4760 3357/4759
f 3111/3570 3113/3943 3753/3571
f 3112/4761 4106/4013 3113/3944
f 3113/3943 3354/3942 3358/3945
f 3112/3946 3358/3945 4129/4762
f 3114/3947 3115/3950 3118/3948
f 3115/3950 4079/3581 3781/3584
f 3117/3949 3118/3948 3825/1651
f 3118/3948 3781/3584 4078/1652
f 3114/3947 3157/3953 3158/3951
f 3115/3950 3158/3951 4079/3581
f 3116/3952 3160/3955 3157/3953
f 3807/3954 3811/4026 3160/3955
f 3117/3949 3119/3956 3116/3952
f 3824/1658 3823/1659 3119/3956
f 3119/3956 3808/3957 3807/3954
f 3823/1659 4085/1844 3808/3957
f 3121/3960 3123/3959 3120/3962
f 3786/3599 3058/3602 3123/4763
f 3120/3962 3142/3965 3121/3960
f 3122/3964 3141/3967 3142/3965
f 3820/3966 3801/4000 3141/3967
f 3120/3962 3202/3961 3122/3964
f 3767/3619 3768/3623 3125/3968
f 3125/3968 3209/3972 3206/3971
f 3124/3970 3828/3977 3128/3973
f 3125/3968 3128/3973 3767/3619
f 3126/3976 3129/3975 3124/3970
f 3803/3974 3805/4150 3129/3975
f 3124/3970 3127/3969 3126/3976
f 3127/3969 3206/3971 3210/3978
f 3126/3976 3210/3978 3804/3979
f 3130/3980 3778/3636 3779/3981
f 3169/3983 3780/3633 3778/3636
f 3130/3980 3131/3984 3133/3986
f 3131/3984 3913/3988 3914/3985
f 3133/3986 3914/3985 4111/4764
f 3132/3982 3099/3987 3131/3984
f 3099/3987 3945/4765 3913/3988
f 3135/3661 3137/3926 3102/3925
f 3135/3661 2921/3206 3137/3926
f 2921/3206 4197/3664 3137/3926
f 3135/3661 3134/3989 4080/4744
f 3134/3989 3829/3993 4080/4744
f 3136/3992 3138/3991 3134/3989
f 3816/3990 4086/4050 3138/3991
f 3134/3989 3102/3925 3136/3992
f 3136/3992 3105/3929 3816/3990
f 2925/3668 2927/3672 3140/3998
f 3140/3994 3121/3960 3142/3965
f 3143/3670 3208/3999 3797/3671
f 3141/3967 3144/4001 3139/3995
f 3801/4000 4084/4087 3144/4001
f 3139/3995 3142/3965 3141/3967
f 3145/4002 3772/3689 3773/3548
f 3881/4005 3147/4003 3145/4002
f 3147/4003 3775/3687 3772/3689
f 3145/4002 3148/3938 3146/4004
f 3148/3938 3943/3937 3915/4006
f 3754/3696 3755/3699 3152/4008
f 3149/4009 3151/4010 3150/4007
f 3150/4007 3182/4011 4072/3796
f 3151/4010 3909/4012 4101/4766
f 3149/4009 3152/4008 3153/4014
f 3152/4008 3113/3944 4106/4013
f 3155/4015 3158/3951 3157/3953
f 3782/4017 3783/3582 3158/3951
f 3783/3582 4079/3581 3158/3951
f 3154/4016 3186/4023 3187/4018
f 3155/4015 3187/4018 4200/3807
f 3156/4022 3159/4021 3154/4016
f 3810/4020 3809/4024 3159/4021
f 3159/4021 3185/4025 3186/4023
f 3809/4024 3813/4061 3185/4025
f 3154/4016 3157/3953 3160/3955
f 3156/4022 3160/3955 3811/4026
f 3162/4027 3165/4030 3164/4028
f 3165/4030 3128/3973 3828/3977
f 3769/3731 4075/3733 3128/3973
f 3161/4029 3192/4033 3193/4031
f 3162/4027 3193/4031 4076/3830
f 3163/4034 3272/4032 3161/4029
f 3272/4032 3865/4066 3192/4033
f 3164/4028 3828/3977 3129/3975
f 3163/4034 3164/4028 3805/4150
f 3164/4028 3129/3975 3805/4150
f 3166/4036 3167/3737 3169/3983
f 3874/4037 3199/3738 3167/3737
f 3166/4036 3957/4767 3958/4038
f 3168/4035 3958/4038 4117/4039
f 3169/3983 3133/3986 3166/4036
f 3166/4036 3956/4040 3957/4767
f 3133/3986 4111/4764 3956/4040
f 2989/3758 4080/4744 3829/3993
f 3170/4042 3172/4044 3174/4043
f 3171/4041 3174/4043 2991/3756
f 3174/4043 3204/4045 4081/4046
f 3173/4047 3175/4049 3172/4044
f 3817/4048 4087/4080 3175/4049
f 3170/4042 3829/3993 3138/3991
f 3173/4047 3138/3991 4086/4050
f 3176/4051 3774/3773 3775/3687
f 3098/3913 3777/3771 3774/3773
f 3176/4051 3178/4052 3179/3920
f 3178/4052 3959/4054 3960/4053
f 3881/4005 3915/4006 3959/4054
f 3180/3794 3182/4011 3181/4055
f 3756/3791 4072/3796 3182/4011
f 3180/4768 3941/4769 4116/4770
f 3151/4010 4101/4766 3181/4055
f 3184/4056 3187/4018 3186/4023
f 4187/4058 4174/3808 3187/4018
f 4174/3808 4200/3807 3187/4018
f 3183/4057 3822/3923 3104/3922
f 3184/4056 3104/3922 4186/3804
f 3185/4025 3188/3930 3183/4057
f 3812/4060 3815/3931 3188/3930
f 3183/4057 3186/4023 3185/4025
f 3190/4062 3193/4031 3192/4033
f 3770/3828 4076/3830 3193/4031
f 3189/4063 3110/3933 3107/3932
f 3190/4062 3107/3932 4077/3551
f 3191/4065 3194/3940 3189/4063
f 3287/4064 3806/3941 3194/3940
f 3189/4063 3192/4033 3191/4065
f 3191/4065 3192/4033 3865/4066
f 3195/4067 3196/3836 3199/3738
f 3198/4068 3199/3738 3874/4037
f 3392/4069 4074/3835 3196/3836
f 3197/4070 3938/4072 3939/4771
f 3195/4067 3197/4070 3392/4069
f 3197/4070 3939/4771 4108/4071
f 3198/4068 3937/4073 3938/4072
f 3874/4037 4117/4039 3937/4073
f 3201/4074 3204/4045 3200/4075
f 3055/3862 3059/3861 3204/4045
f 3059/3861 4081/4046 3204/4045
f 3200/4075 3202/3961 3201/4074
f 3201/4074 3123/3959 3058/4076
f 3203/4077 3122/3964 3202/3961
f 3818/4078 3820/3966 3122/3964
f 3200/4075 3172/4044 3175/4049
f 3203/4077 3175/4049 4087/4080
f 3765/4081 3208/3999 3205/4082
f 3766/3866 3797/3671 3208/3999
f 3205/4082 3206/3971 3209/3972
f 3207/4083 3210/3978 3206/3971
f 3802/4084 3804/3979 3210/3978
f 3205/4082 3139/3997 3144/4085
f 3207/4083 3144/4085 4084/4772
f 3212/4089 3217/4092 3216/4090
f 3818/4078 3819/4079 3217/4092
f 3217/4092 3278/4094 3276/4093
f 3819/4079 4087/4080 3278/4094
f 3213/4095 3218/4096 3212/4089
f 3212/4089 3218/4096 3818/4078
f 3214/4097 3912/4101 4109/4144
f 3215/4098 3301/4100 3214/4097
f 3301/4100 4115/4773 3912/4101
f 3211/4091 3216/4090 3219/4102
f 3216/4090 3276/4093 3219/4102
f 3215/4098 3219/4102 3302/4099
f 3221/4104 3224/4103 3220/4106
f 3802/4088 4084/4087 3224/4103
f 3220/4774 3222/4146 3221/4105
f 3223/4107 3892/4113 3893/4775
f 3222/4146 3223/4776 3247/4152
f 3223/4109 3893/4777 4125/4110
f 3220/4106 3258/4112 3223/4107
f 3258/4112 3891/4778 3892/4113
f 3258/4112 4119/4779 3891/4778
f 3226/4114 3229/4117 3228/4115
f 3814/3928 3815/3931 3229/4117
f 3226/4114 3254/4118 3816/3990
f 3838/4124 4091/4119 3227/4121
f 3227/4121 3255/4120 3225/4116
f 3225/4116 3228/4115 3230/4122
f 3227/4121 3230/4122 3838/4124
f 3109/3936 3806/3941 3232/4125
f 3232/4125 3231/4780 3233/3939
f 3232/4125 4122/4197 3231/4780
f 3235/4126 3238/4129 3237/4127
f 3235/4126 3807/3954 3808/3957
f 3237/4127 3238/4129 3843/1843
f 3238/4129 3808/3957 4085/1844
f 3234/4128 3845/4132 3844/4130
f 3235/4126 3844/4130 3811/4026
f 3236/4131 3846/4134 3845/4132
f 3832/4133 4089/4178 3846/4134
f 3234/4128 3237/4127 3239/4135
f 3842/1849 3841/1851 3239/4135
f 3236/4131 3239/4135 3833/4136
f 3841/1851 4088/1951 3833/4136
f 3241/4137 3218/4096 3240/4138
f 3240/4138 3256/4139 3241/4137
f 3241/4137 3257/4140 3801/4000
f 3240/4138 3242/4142 3243/4141
f 3243/4141 3942/4143 4120/4781
f 3213/4095 3214/4097 3242/4142
f 3242/4142 4109/4144 3942/4143
f 3803/3974 3804/3979 3245/4147
f 3244/4145 3245/4147 3221/4105
f 3246/4148 3248/4149 3245/4147
f 3245/4147 3248/4149 3803/3974
f 3244/4145 3247/4152 3249/4151
f 3247/4152 3921/4782 3922/4153
f 3249/4151 3922/4153 4102/4783
f 3247/4152 3920/4784 3921/4782
f 3247/4111 4125/4110 3920/4785
f 3251/4154 3254/4118 3250/4155
f 3250/4155 3252/4156 3251/4154
f 3251/4154 3847/4157 4086/4050
f 3839/4161 4092/4159 3253/4158
f 3253/4158 3279/4160 3252/4156
f 3250/4155 3225/4116 3255/4120
f 3253/4158 3255/4120 3839/4161
f 3256/4139 3220/4106 3257/4140
f 3257/4140 3224/4103 4084/4087
f 3258/4112 3929/4162 3930/4786
f 3258/4112 3930/4786 4119/4779
f 3256/4139 3243/4141 3258/4112
f 3243/4141 3928/4787 3929/4162
f 3243/4141 4120/4781 3928/4787
f 3260/4163 3264/4166 3263/4164
f 3810/4020 3811/4026 3264/4166
f 3264/4166 3844/4130 3845/4132
f 3259/4165 3261/4168 3265/4167
f 3261/4168 3283/4173 3284/4169
f 3260/4163 3265/4167 3809/4024
f 3265/4167 3284/4169 3813/4061
f 3262/4170 3266/4172 3261/4168
f 3835/4171 3834/4174 3266/4172
f 3266/4172 3285/4175 3283/4173
f 3834/4174 3837/4193 3285/4175
f 3259/4165 3263/4164 3267/4176
f 3263/4164 3845/4132 3846/4134
f 3262/4170 3267/4176 3836/4177
f 3267/4176 3846/4134 4089/4178
f 3163/4034 3805/4150 3269/4180
f 3271/4181 3269/4180 3248/4149
f 3268/4179 3272/4032 3269/4180
f 3268/4179 3270/4182 3273/4184
f 3270/4182 3900/4788 3901/4183
f 3246/4148 3249/4151 3270/4182
f 3270/4182 3899/4185 3900/4788
f 3249/4151 4102/4783 3899/4185
f 3275/4186 3847/4157 3252/4156
f 3817/4048 4086/4050 3847/4157
f 3274/4187 3276/4093 3278/4094
f 3275/4186 3278/4094 4087/4080
f 3277/4188 3219/4102 3276/4093
f 3840/4189 3302/4099 3219/4102
f 3274/4187 3252/4156 3279/4160
f 3277/4188 3279/4160 3840/4189
f 3281/4190 3284/4169 3283/4173
f 3812/4060 3813/4061 3284/4169
f 3280/4191 3228/4115 3281/4190
f 3281/4190 3229/4117 3815/3931
f 3282/4192 3230/4122 3228/4115
f 3280/4191 3283/4173 3285/4175
f 3282/4192 3285/4175 3837/4193
f 3286/4195 3287/4064 3865/4066
f 3288/4194 3806/3941 3287/4064
f 3288/4194 3232/4125 3806/3941
f 3286/4195 3289/4198 3290/4196
f 3289/4198 3946/4199 3290/4196
f 3288/4194 3290/4196 4122/4197
f 3865/4066 3273/4184 3289/4198
f 3273/4184 3901/4183 3946/4199
f 3292/4201 3295/4200 3291/4202
f 3840/4189 4092/4159 3295/4200
f 3293/4204 3302/4099 3292/4201
f 3291/4202 3294/4206 4131/4205
f 3294/4206 3907/4789 3908/4207
f 3294/4206 3906/4790 3907/4789
f 3294/4206 4110/4791 3906/4790
f 3297/4208 3300/4211 3299/4209
f 4090/4123 3837/4193 3300/4211
f 3296/4210 3306/4216 3304/4212
f 3297/4208 3304/4212 4090/4123
f 3298/4215 3308/4214 3296/4210
f 3852/4213 3853/4227 3308/4214
f 3296/4210 3299/4209 3298/4215
f 3298/4215 3328/4217 4095/4218
f 3293/4204 3301/4100 3302/4099
f 3950/4220 3951/4792 3301/4100
f 3951/4792 4115/4773 3301/4100
f 3293/4204 4131/4205 3301/4100
f 3838/4124 4090/4123 3304/4212
f 3303/4221 3317/4224 3307/4222
f 3304/4212 3307/4222 4091/4119
f 3305/4223 3320/4226 3317/4224
f 3303/4221 3306/4216 3308/4214
f 3305/4223 3308/4214 3853/4227
f 3309/4228 3310/4230 3313/4229
f 3310/4230 3832/4133 3833/4136
f 3312/1957 3313/4229 1201/1948
f 3313/4229 3833/4136 4088/1951
f 3309/4228 3855/4233 3854/4231
f 3310/4230 3854/4231 4089/4178
f 3849/4291 3848/4234 3311/4232
f 3311/4232 3856/4235 3855/4233
f 3848/4234 4094/4253 3856/4235
f 3312/1957 1202/1959 3311/4232
f 3311/4232 1202/1959 3849/4291
f 1202/1959 4093/2011 3849/4291
f 3315/4236 3318/4237 3317/4224
f 3318/4237 3307/4222 3317/4224
f 3839/4161 4091/4119 3307/4222
f 3314/4203 3295/4200 3315/4236
f 3315/4236 3295/4200 4092/4159
f 3316/4238 3294/4206 3314/4203
f 3294/4206 3911/4239 4110/4791
f 3319/4240 3910/4242 3911/4239
f 3314/4203 3317/4224 3320/4226
f 3320/4226 4096/4225 3319/4240
f 3322/4243 3326/4246 3325/4244
f 3835/4171 3836/4177 3326/4246
f 3326/4246 3854/4231 3855/4233
f 3836/4177 4089/4178 3854/4231
f 3321/4245 3323/4248 3327/4247
f 3323/4248 3299/4209 3300/4211
f 3322/4243 3327/4247 3834/4174
f 3327/4247 3300/4211 3837/4193
f 3324/4249 3328/4217 3323/4248
f 3850/4250 4095/4218 3328/4217
f 3321/4245 3325/4244 3329/4251
f 3325/4244 3855/4233 3856/4235
f 3324/4249 3329/4251 3851/4252
f 3329/4251 3856/4235 4094/4253
f 3331/4254 3334/4257 3333/4255
f 3850/4250 3851/4252 3334/4257
f 3334/4257 3858/4259 3857/4258
f 3851/4252 4094/4253 3858/4259
f 3330/4256 3332/4261 3335/4260
f 3331/4254 3335/4260 4095/4218
f 3335/4260 3340/4262 4095/4218
f 3330/4256 3336/4264 3332/4261
f 3330/4256 3932/4266 3933/4263
f 3336/4264 3933/4263 4121/4793
f 3330/4256 3333/4255 3931/4265
f 3333/4255 3857/4258 4113/4267
f 3338/4268 3340/4262 3337/4269
f 3852/4213 4095/4218 3340/4262
f 3344/4270 3343/4276 3338/4268
f 3338/4268 3343/4276 3853/4227
f 3337/4269 3339/4272 3341/4271
f 3339/4272 3897/4794 3898/4273
f 3341/4271 3898/4273 4128/4795
f 3332/4261 3336/4264 3339/4272
f 3339/4272 3896/4274 3897/4794
f 3336/4264 4121/4793 3896/4274
f 4096/4225 3853/4227 3343/4276
f 3342/4275 3345/4278 3343/4276
f 3343/4276 3345/4278 4096/4225
f 3342/4275 3887/4282 3353/4277
f 3344/4270 3886/4284 3887/4282
f 3344/4270 3341/4271 3886/4284
f 3341/4271 4128/4795 3885/4283
f 3347/4285 3860/4288 3859/2010
f 3347/4285 3849/4291 4093/2011
f 3346/4287 3348/4290 3350/4289
f 3348/4290 3857/4258 3858/4259
f 3347/4285 3350/4289 3848/4234
f 3350/4289 3858/4259 4094/4253
f 3889/4292 3890/4293 3348/4290
f 3890/4293 4113/4267 3857/4258
f 3346/4287 3349/4286 3888/4294
f 3349/4286 3859/2010 4097/2017
f 3351/4295 3352/4296 3345/4278
f 3352/4296 3319/4240 4096/4225
f 3351/4295 3919/4297 3352/4296
f 3919/4297 4114/4241 3319/4240
f 3356/4300 3357/4299 3764/3572
f 3355/4301 3358/4303 3354/4298
f 3355/4301 3916/4796 3917/4302
f 3917/4302 4129/4797 3358/4303
f 3354/4298 3421/4304 3355/4301
f 3355/4301 4124/4798 3916/4796
f 3764/3572 3763/3763 3356/4300
f 3361/4539 4162/3849 3980/3847
f 3359/4540 3360/4305 3491/4307
f 3826/4308 4105/4311 3360/4309
f 3359/4310 3361/4799 3827/4313
f 3361/4799 3980/3852 3827/4313
f 3372/4320 3821/4314 3362/4315
f 3821/4314 3963/3777 3758/3893
f 3362/4322 3363/4316 3365/4318
f 3363/4316 3923/4324 3924/4317
f 3364/4321 3385/4323 3363/4316
f 3385/4323 3955/4356 3923/4324
f 3362/4322 3758/3895 3760/3653
f 3366/4325 3935/4800 3936/4326
f 3369/4327 3936/4326 4103/4801
f 3366/4325 3934/4802 3935/4800
f 3366/4325 4123/4803 3934/4802
f 3369/4327 3368/3750 3367/4328
f 3367/4328 2985/3749 2986/3751
f 3370/4330 3408/4413 3373/4331
f 3373/4331 3408/4413 4136/3774
f 3372/4320 3374/4804 3371/4329
f 3372/4320 3365/4319 3374/4804
f 3365/4319 3924/4805 3374/4804
f 4136/3774 3963/3777 3373/4331
f 3372/4320 3373/4331 3821/4314
f 3475/4332 3477/4335 3377/4333
f 3375/4334 3978/4339 4157/4337
f 3376/4340 3378/4338 3375/4334
f 3378/4338 3979/4361 3978/4339
f 3377/4333 4156/3591 2880/3714
f 3376/4340 3377/4333 3390/4341
f 3379/4346 3421/4304 3381/4342
f 3380/4345 3965/4806 4143/4426
f 3380/4349 3883/4348 4130/4350
f 3381/4352 3884/3908 3883/4348
f 3383/4353 3760/3653 3759/3656
f 3382/4354 3384/4355 3385/4323
f 3384/4355 3954/4807 3955/4356
f 3368/3750 3369/4327 3384/4355
f 3384/4355 3953/4357 3954/4807
f 3369/4327 4103/4801 3953/4357
f 3382/4354 3759/3656 3368/3750
f 3386/4358 3390/4341 3389/4359
f 3390/4341 2880/3714 2959/3716
f 3386/4358 3387/4360 3378/4338
f 3388/4362 4100/4365 3387/4360
f 3389/4359 2959/3716 4073/3813
f 3388/4362 3389/4359 3393/4363
f 3389/4359 4073/3813 3762/3816
f 3391/4364 3882/4366 4100/4365
f 3392/4069 4108/4071 3882/4366
f 3391/4364 3393/4363 4074/3835
f 3393/4363 3762/3816 4074/3835
f 2132/4367 4013/4371 3576/4368
f 3394/4373 2131/2396 2129/2394
f 3394/4373 4132/2398 2131/2396
f 3397/4370 3617/4375 4013/4371
f 3396/4376 4026/4378 3617/4375
f 3397/4372 2312/2732 3395/2729
f 3397/4372 4133/2392 2312/2732
f 3399/4377 3663/4379 4026/4378
f 3398/4380 3634/4387 3747/4382
f 3398/4383 2529/3025 4134/3028
f 3400/4385 3746/4389 3747/4382
f 3400/4385 3401/4390 3745/4388
f 3401/4390 3696/4399 4058/4391
f 3400/4394 2732/3385 3401/3383
f 3402/4393 2735/3388 2732/3385
f 3634/4384 4134/3028 2735/3388
f 3799/4395 3800/4398 3405/4396
f 3800/4398 4058/4391 3696/4399
f 3403/4397 3404/4400 3799/4395
f 3404/4400 3757/4408 3884/4401
f 3403/4404 3005/3776 3404/3775
f 3405/4403 3007/3778 3005/3776
f 3696/4392 4135/3382 3007/3778
f 3883/4405 3884/4401 3408/4406
f 3406/4407 3407/4409 3883/4405
f 3370/4330 3371/4329 3407/4411
f 3757/4402 4136/3774 3408/4413
f 3409/2383 2122/2378 3410/2384
f 3517/2380 4137/4808 2190/4414
f 3411/2721 2386/2823 2387/4415
f 3412/2719 2387/4415 4139/4416
f 3414/3018 2588/4419 2589/4417
f 3415/3016 2589/4417 4140/4418
f 3416/2720 4139/4416 2588/4419
f 2828/3503 2727/3372 3417/3375
f 3418/4422 2829/4421 3417/3375
f 3637/3017 4140/4418 2829/4421
f 3092/4423 3419/3765 3420/3764
f 4142/4343 3763/3763 2998/3762
f 3419/3765 3093/4424 4142/4343
f 3420/3764 3094/4425 3092/4423
f 3703/3373 4141/4420 3094/4425
f 3381/4342 3356/4300 3763/3763
f 3355/4301 3952/4809 4124/4798
f 3355/4301 4143/4426 3952/4809
f 4217/4427 3424/4430 3439/2558
f 4230/4429 4147/4431 3424/4430
f 3424/4430 3440/2555 3439/2558
f 4218/4428 3439/2558 3441/2560
f 4218/4428 3441/2560 4148/2840
f 4219/4433 3443/2839 3442/4434
f 4231/4432 4148/2840 3443/2839
f 4220/4435 3442/4434 3444/4436
f 4221/4437 3444/4436 4149/4438
f 4222/4439 3449/4467 3447/4440
f 4222/4439 4149/4438 3449/4467
f 4223/4441 3447/4440 3448/4468
f 4223/4441 3448/4468 4150/4443
f 4224/4444 3431/4471 3430/4445
f 4224/4444 4150/4443 3431/4471
f 4225/4446 3430/4445 3432/4447
f 4226/4448 3432/4447 4151/4449
f 4228/4810 4227/4450 3434/4454
f 4227/4450 4151/4449 3434/4454
f 3434/4454 3456/4457 3454/4455
f 4229/4460 4232/4811 3435/4458
f 3433/4812 3436/4461 4229/4463
f 3433/4456 3454/4455 3436/4476
f 3436/4461 4152/4813 4232/4462
f 3437/4464 3972/4814 3971/2188
f 4146/2174 3969/4466 3437/4464
f 3435/4458 3438/4465 4146/2174
f 3435/4458 4144/4815 3438/4465
f 3440/4816 4147/2191 3510/4817
f 3442/4434 3445/2842 3446/2844
f 3444/4436 3446/2844 4149/4438
f 3449/4467 2593/3140 2594/3142
f 4149/4438 4025/2843 2593/3140
f 3633/3521 4150/4443 3448/4468
f 3447/4440 3449/4467 3448/4468
f 3449/4467 2594/3142 2596/3519
f 3448/4468 2596/3519 3633/3521
f 3450/4470 3430/4445 3431/4471
f 3451/3520 3431/4471 4150/4443
f 3452/4472 3432/4447 3450/4470
f 3452/4472 3453/4469 3695/3524
f 3453/4469 3737/3523 3695/3524
f 4151/4449 3695/3524 3455/4473
f 3455/4473 2860/3553 2861/4474
f 3455/4473 3456/4457 4151/4449
f 3968/4477 3436/4476 3454/4455
f 3967/4475 3966/4818 3436/4476
f 3966/4818 4152/4819 3436/4476
f 3454/4455 2861/4474 3968/4477
f 3458/2197 3460/2274 3422/4478
f 3457/4820 3459/4821 3461/4552
f 3459/4821 3974/4487 3461/4552
f 3423/4482 3462/4484 3459/2199
f 3459/4822 3462/4823 3974/4824
f 3462/4823 3975/4825 4012/4826
f 3425/2202 3975/4483 3423/4482
f 3429/4491 3464/2206 3426/4442
f 1349/2210 3464/2206 3429/4491
f 1349/2210 3463/4493 1350/2208
f 3463/4493 3970/4459 4146/2174
f 3578/4494 3577/4497 3466/4495
f 3577/4497 3993/4827 4153/4498
f 3465/4496 3468/4828 4014/4499
f 3718/3530 2846/3529 4168/3577
f 2846/3529 2847/4541 4168/3577
f 3467/4500 3597/4504 4028/4501
f 3668/4503 4028/4501 3597/4504
f 3472/4507 4044/4511 3669/4506
f 3469/4508 2603/3152 4154/3154
f 3470/4510 3750/4513 4044/4511
f 3471/4512 3751/4515 3750/4513
f 3470/4516 2853/3540 3471/4829
f 2853/3540 2854/3539 3471/4829
f 3471/4829 2854/3539 4155/4525
f 3472/4509 4154/3154 2853/3540
f 3473/4517 3794/4521 3795/4518
f 3474/4519 3795/4518 3751/4515
f 3761/4520 3793/4830 3794/4521
f 3761/4520 3827/4527 3793/4830
f 3474/4524 2879/3594 4156/3591
f 3475/4526 3826/4530 3827/4527
f 3476/4529 4105/4532 3826/4530
f 3477/4335 3761/4522 4156/3591
f 4159/4533 3478/2355 3479/2351
f 3515/4704 4158/4709 3479/2351
f 3480/2693 2348/4534 3481/3070
f 3481/3070 2349/4535 4160/3071
f 3482/2354 2350/4831 2348/4534
f 3482/2354 4159/4533 2350/4831
f 3486/3845 2711/3346 3485/3347
f 3486/3845 3700/3345 2711/3346
f 3485/3347 2781/4536 3486/3845
f 3487/3348 2783/4537 2781/4536
f 3483/2991 4161/3072 2783/4537
f 3488/3848 2986/3751 3490/3752
f 3488/3848 3490/3752 3700/3345
f 3367/4328 2986/3751 3489/3850
f 3366/4325 3918/4538 4123/4803
f 3491/4307 4163/4306 3918/4538
f 3491/4307 4162/3849 3361/4539
f 4187/4058 3023/3802 4174/3808
f 3023/3802 3025/3806 4174/3808
f 4178/3208 2917/3659 2918/3658
f 3725/3250 2919/4542 3727/3357
f 4169/3210 3640/3165 4046/3167
f 2715/3352 4201/3358 4176/3354
f 4164/3115 2570/3107 4198/3116
f 2570/3107 2527/3021 4198/3116
f 2592/2861 4193/3515 3644/2862
f 4173/4019 4200/3807 3025/3806
f 2474/2933 4202/2935 4195/2937
f 2786/3460 4191/3459 2624/3256
f 2847/4541 2843/3527 3752/3528
f 3752/3528 4170/1270 2847/4541
f 2472/2863 3644/2862 4202/2935
f 4182/4546 2658/3257 2625/3184
f 3086/3660 4197/3664 4178/3208
f 3086/3660 4166/3899 4197/3664
f 4183/3170 4207/3172 2614/3168
f 2322/2425 4204/3041 4029/3040
f 4191/3459 2789/3456 2626/3187
f 4172/3059 2538/3039 4204/3041
f 2570/3107 4180/3110 3670/3112
f 2624/3256 2625/3184 2786/3460
f 3658/2984 4190/2768 2500/2983
f 2715/3352 4176/3354 4189/3356
f 4183/3170 2617/4544 2615/3171
f 4187/4058 3784/4059 3023/3802
f 4179/3461 2787/3353 4189/3356
f 2282/2685 2500/2983 4190/2768
f 4203/3203 3641/2979 3640/3165
f 2988/3753 4201/3358 4175/4545
f 4204/3041 2322/2425 4172/3059
f 2322/2425 2323/2747 4172/3059
f 2570/3107 4164/3115 4180/3110
f 2350/2775 4014/2453 4167/4548
f 2990/3663 4192/4543 2919/4542
f 3422/4478 4145/2275 3973/4832
f 4014/4499 3468/4828 3467/4500
f 3422/4478 3973/4832 4214/4553
f 4208/4554 4215/4555 3423/4482
f 3425/2202 3423/4482 4215/4555
f 4209/4556 4216/4557 3427/2205
f 3426/4442 3427/2205 4210/4558
f 4210/4558 4211/4559 3426/4442
f 3428/4492 3429/4491 4211/4559
f 3429/4491 3426/4442 4211/4559
f 4212/4560 4213/4561 3463/4493
f 4213/4561 4229/4460 3970/4459
f 4208/4564 4217/4563 4218/4565
f 4214/4562 4230/4833 4217/4563
f 4215/4566 4218/4565 4231/4834
f 4209/4568 4219/4567 4220/4835
f 4215/4566 4231/4834 4219/4567
f 4209/4568 4220/4835 4221/4569
f 4216/4570 4221/4569 4222/4571
f 4210/4572 4222/4571 4223/4573
f 4211/4574 4223/4573 4224/4836
f 4211/4574 4224/4836 4225/4575
f 4212/4576 4225/4575 4226/4577
f 4213/4578 4226/4577 4227/4579
f 4229/4580 4227/4579 4228/4837
f 4240/4838 4239/4839 4367/4840
f 4240/4838 4367/4840 4368/4841
f 4251/4842 4250/4843 4378/4844
f 4251/4842 4378/4844 4379/4845
f 4262/4846 4261/4847 4389/4848
f 4262/4846 4389/4848 4390/4849
f 4242/4850 4241/4851 4369/4852
f 4242/4850 4369/4852 4370/4853
f 4253/4854 4252/4855 4380/4856
f 4253/4854 4380/4856 4381/4857
f 4264/4858 4263/4859 4391/4860
f 4264/4858 4391/4860 4392/4861
f 4244/4862 4243/4863 4371/4864
f 4244/4862 4371/4864 4372/4865
f 4255/4866 4254/4867 4382/4868
f 4255/4866 4382/4868 4383/4869
f 4246/4870 4245/4871 4373/4872
f 4246/4870 4373/4872 4374/4873
f 4235/4874 4234/4875 4362/4876
f 4235/4874 4362/4876 4363/4877
f 4257/4878 4256/4879 4384/4880
f 4257/4878 4384/4880 4385/4881
f 4248/4882 4247/4883 4375/4884
f 4248/4882 4375/4884 4376/4885
f 4237/4886 4236/4887 4364/4888
f 4237/4886 4364/4888 4365/4889
f 4259/4890 4258/4891 4386/4892
f 4259/4890 4386/4892 4387/4893
f 4239/4839 4238/4894 4366/4895
f 4239/4839 4366/4895 4367/4840
f 4250/4843 4249/4896 4377/4897
f 4250/4843 4377/4897 4378/4844
f 4261/4898 4260/4899 4388/4900
f 4261/4898 4388/4900 4389/4901
f 4241/4851 4240/4838 4368/4841
f 4241/4851 4368/4841 4369/4852
f 4252/4855 4251/4842 4379/4845
f 4252/4855 4379/4845 4380/4856
f 4263/4859 4262/4846 4390/4849
f 4263/4859 4390/4849 4391/4860
f 4243/4863 4242/4850 4370/4853
f 4243/4863 4370/4853 4371/4864
f 4254/4867 4253/4902 4381/4903
f 4254/4867 4381/4903 4382/4868
f 4233/4904 4264/4858 4392/4861
f 4233/4904 4392/4861 4361/4905
f 4245/4906 4244/4862 4372/4865
f 4245/4906 4372/4865 4373/4907
f 4234/4875 4233/4904 4361/4905
f 4234/4875 4361/4905 4362/4876
f 4256/4879 4255/4866 4383/4869
f 4256/4879 4383/4869 4384/4880
f 4247/4883 4246/4870 4374/4873
f 4247/4883 4374/4873 4375/4884
f 4236/4887 4235/4874 4363/4877
f 4236/4887 4363/4877 4364/4888
f 4258/4891 4257/4878 4385/4881
f 4258/4891 4385/4881 4386/4892
f 4249/4896 4248/4882 4376/4885
f 4249/4896 4376/4885 4377/4897
f 4238/4894 4237/4908 4365/4909
f 4238/4894 4365/4909 4366/4895
f 4260/4899 4259/4890 4387/4893
f 4260/4899 4387/4893 4388/4900
f 4329/4910 4330/4911 4328/4912
f 4329/4910 4328/4912 4327/4913
f 4331/4914 4332/4915 4317/4916
f 4331/4914 4317/4916 4316/4917
f 4333/4918 4334/4919 4306/4920
f 4333/4918 4306/4920 4305/4921
f 4335/4922 4336/4923 4326/4924
f 4335/4922 4326/4924 4325/4925
f 4337/4926 4338/4927 4315/4928
f 4337/4929 4315/4930 4314/4931
f 4339/4932 4340/4933 4304/4934
f 4339/4932 4304/4934 4303/4935
f 4341/4936 4342/4937 4324/4938
f 4341/4936 4324/4938 4323/4939
f 4343/4940 4344/4941 4302/4942
f 4343/4940 4302/4942 4301/4943
f 4345/4944 4346/4945 4313/4946
f 4345/4944 4313/4946 4312/4947
f 4347/4948 4348/4949 4322/4950
f 4347/4948 4322/4950 4321/4951
f 4349/4952 4350/4953 4300/4954
f 4349/4952 4300/4954 4299/4955
f 4351/4956 4352/4957 4311/4958
f 4351/4956 4311/4958 4310/4959
f 4353/4960 4354/4961 4320/4962
f 4353/4960 4320/4962 4319/4963
f 4355/4964 4356/4965 4298/4966
f 4355/4964 4298/4966 4297/4967
f 4357/4968 4358/4969 4309/4970
f 4357/4968 4309/4970 4308/4971
f 4330/4911 4355/4964 4297/4967
f 4330/4911 4297/4967 4328/4912
f 4332/4915 4359/4972 4318/4973
f 4332/4915 4318/4973 4317/4916
f 4334/4919 4360/4974 4307/4975
f 4334/4919 4307/4975 4306/4920
f 4336/4923 4329/4910 4327/4913
f 4336/4923 4327/4913 4326/4924
f 4338/4927 4331/4914 4316/4917
f 4338/4927 4316/4917 4315/4928
f 4340/4933 4333/4918 4305/4921
f 4340/4933 4305/4921 4304/4934
f 4342/4937 4335/4922 4325/4925
f 4342/4937 4325/4925 4324/4938
f 4346/4945 4337/4929 4314/4931
f 4346/4945 4314/4931 4313/4946
f 4344/4941 4339/4932 4303/4935
f 4344/4941 4303/4935 4302/4942
f 4348/4949 4341/4936 4323/4939
f 4348/4949 4323/4939 4322/4950
f 4350/4953 4343/4940 4301/4943
f 4350/4953 4301/4943 4300/4954
f 4352/4976 4345/4944 4312/4947
f 4352/4957 4312/4977 4311/4958
f 4354/4961 4347/4948 4321/4951
f 4354/4961 4321/4951 4320/4962
f 4356/4965 4349/4952 4299/4955
f 4356/4965 4299/4955 4298/4966
f 4358/4969 4351/4956 4310/4959
f 4358/4969 4310/4959 4309/4970
f 4359/4972 4353/4960 4319/4963
f 4359/4972 4319/4963 4318/4973
f 4360/4974 4357/4968 4308/4971
f 4360/4974 4308/4971 4307/4975
f 4297/4967 4298/4966 4299/4955
f 4299/4955 4300/4954 4301/4943
f 4301/4943 4302/4942 4303/4935
f 4303/4935 4304/4934 4305/4921
f 4305/4921 4306/4920 4307/4975
f 4307/4975 4308/4971 4309/4970
f 4309/4970 4310/4959 4311/4958
f 4311/4958 4312/4977 4313/4978
f 4313/4978 4314/4979 4315/4928
f 4315/4928 4316/4917 4317/4916
f 4317/4916 4318/4973 4319/4963
f 4319/4963 4320/4962 4321/4951
f 4321/4951 4322/4950 4323/4939
f 4323/4939 4324/4938 4325/4925
f 4325/4925 4326/4924 4327/4913
f 4327/4913 4328/4912 4297/4967
f 4297/4967 4299/4955 4301/4943
f 4301/4943 4303/4935 4305/4921
f 4305/4921 4307/4975 4309/4970
f 4309/4970 4311/4958 4313/4978
f 4313/4978 4315/4928 4317/4916
f 4317/4916 4319/4963 4321/4951
f 4321/4951 4323/4939 4325/4925
f 4325/4925 4327/4913 4297/4967
f 4297/4967 4301/4943 4305/4921
f 4305/4921 4309/4970 4313/4978
f 4313/4978 4317/4916 4321/4951
f 4321/4951 4325/4925 4297/4967
f 4297/4967 4305/4921 4313/4978
f 4313/4978 4321/4951 4297/4967
f 4263/4859 4264/4858 4296/4980
f 4263/4859 4296/4980 4295/4981
f 4252/4855 4253/4854 4285/4982
f 4252/4855 4285/4982 4284/4983
f 4241/4851 4242/4850 4274/4984
f 4241/4851 4274/4984 4273/4985
f 4261/4847 4262/4846 4294/4986
f 4261/4847 4294/4986 4293/4987
f 4250/4843 4251/4842 4283/4988
f 4250/4843 4283/4988 4282/4989
f 4239/4839 4240/4838 4272/4990
f 4239/4839 4272/4990 4271/4991
f 4259/4890 4260/4899 4292/4992
f 4259/4890 4292/4992 4291/4993
f 4237/4908 4238/4894 4270/4994
f 4237/4908 4270/4994 4269/4995
f 4248/4882 4249/4896 4281/4996
f 4248/4882 4281/4996 4280/4997
f 4257/4878 4258/4891 4290/4998
f 4257/4878 4290/4998 4289/4999
f 4235/4874 4236/4887 4268/5000
f 4235/4874 4268/5000 4267/5001
f 4246/4870 4247/4883 4279/5002
f 4246/4870 4279/5002 4278/5003
f 4255/4866 4256/4879 4288/5004
f 4255/4866 4288/5004 4287/5005
f 4233/4904 4234/4875 4266/5006
f 4233/4904 4266/5006 4265/5007
f 4244/4862 4245/4906 4277/5008
f 4244/4862 4277/5008 4276/5009
f 4264/4858 4233/4904 4265/5007
f 4264/4858 4265/5007 4296/4980
f 4253/4902 4254/4867 4286/5010
f 4253/4902 4286/5010 4285/5011
f 4242/4850 4243/4863 4275/5012
f 4242/4850 4275/5012 4274/4984
f 4262/4846 4263/4859 4295/4981
f 4262/4846 4295/4981 4294/4986
f 4251/4842 4252/4855 4284/4983
f 4251/4842 4284/4983 4283/4988
f 4240/4838 4241/4851 4273/4985
f 4240/4838 4273/4985 4272/4990
f 4260/4899 4261/4898 4293/5013
f 4260/4899 4293/5013 4292/4992
f 4249/4896 4250/4843 4282/4989
f 4249/4896 4282/4989 4281/4996
f 4238/4894 4239/4839 4271/4991
f 4238/4894 4271/4991 4270/4994
f 4258/4891 4259/4890 4291/4993
f 4258/4891 4291/4993 4290/4998
f 4236/4887 4237/4886 4269/5014
f 4236/4887 4269/5014 4268/5000
f 4247/4883 4248/4882 4280/4997
f 4247/4883 4280/4997 4279/5002
f 4256/4879 4257/4878 4289/4999
f 4256/4879 4289/4999 4288/5004
f 4234/4875 4235/4874 4267/5001
f 4234/4875 4267/5001 4266/5006
f 4245/4871 4246/4870 4278/5003
f 4245/4871 4278/5003 4277/5015
f 4254/4867 4255/4866 4287/5005
f 4254/4867 4287/5005 4286/5010
f 4243/4863 4244/4862 4276/5009
f 4243/4863 4276/5009 4275/5012
f 4295/5016 4296/5017 4330/4911
f 4295/5016 4330/4911 4329/4910
f 4284/5018 4285/5019 4332/4915
f 4284/5018 4332/4915 4331/4914
f 4273/5020 4274/5021 4334/4919
f 4273/5020 4334/4919 4333/4918
f 4293/5022 4294/5023 4336/4923
f 4293/5022 4336/4923 4335/4922
f 4282/5024 4283/5025 4338/4927
f 4282/5024 4338/4927 4337/4926
f 4271/5026 4272/5027 4340/4933
f 4271/5026 4340/4933 4339/4932
f 4291/5028 4292/5029 4342/4937
f 4291/5028 4342/4937 4341/4936
f 4269/5030 4270/5031 4344/4941
f 4269/5030 4344/4941 4343/4940
f 4280/5032 4281/5033 4346/5034
f 4280/5032 4346/5034 4345/5035
f 4289/5036 4290/5037 4348/4949
f 4289/5036 4348/4949 4347/4948
f 4267/5038 4268/5039 4350/4953
f 4267/5038 4350/4953 4349/4952
f 4278/5040 4279/5041 4352/4957
f 4278/5040 4352/4957 4351/4956
f 4287/5042 4288/5043 4354/4961
f 4287/5042 4354/4961 4353/4960
f 4265/5044 4266/5045 4356/4965
f 4265/5044 4356/4965 4355/4964
f 4276/5046 4277/5047 4358/4969
f 4276/5046 4358/4969 4357/4968
f 4296/5017 4265/5044 4355/4964
f 4296/5017 4355/4964 4330/4911
f 4285/5019 4286/5048 4359/4972
f 4285/5019 4359/4972 4332/4915
f 4274/5021 4275/5049 4360/4974
f 4274/5021 4360/4974 4334/4919
f 4294/5023 4295/5016 4329/4910
f 4294/5023 4329/4910 4336/4923
f 4283/5025 4284/5018 4331/4914
f 4283/5025 4331/4914 4338/4927
f 4272/5027 4273/5020 4333/4918
f 4272/5027 4333/4918 4340/4933
f 4292/5029 4293/5022 4335/4922
f 4292/5029 4335/4922 4342/4937
f 4281/5033 4282/5024 4337/4926
f 4281/5033 4337/4926 4346/5034
f 4270/5031 4271/5026 4339/4932
f 4270/5031 4339/4932 4344/4941
f 4290/5037 4291/5028 4341/4936
f 4290/5037 4341/4936 4348/4949
f 4268/5039 4269/5030 4343/4940
f 4268/5039 4343/4940 4350/4953
f 4279/5041 4280/5032 4345/5035
f 4279/5041 4345/5035 4352/4957
f 4288/5043 4289/5036 4347/4948
f 4288/5043 4347/4948 4354/4961
f 4266/5045 4267/5038 4349/4952
f 4266/5045 4349/4952 4356/4965
f 4277/5047 4278/5040 4351/4956
f 4277/5047 4351/4956 4358/4969
f 4286/5048 4287/5042 4353/4960
f 4286/5048 4353/4960 4359/4972
f 4275/5049 4276/5046 4357/4968
f 4275/5049 4357/4968 4360/4974
f 4370/4853 4369/4852 4401/5050
f 4370/4853 4401/5050 4402/5051
f 4381/4857 4380/4856 4412/5052
f 4381/4857 4412/5052 4413/5053
f 4392/4861 4391/4860 4423/5054
f 4392/4861 4423/5054 4424/5055
f 4372/4865 4371/4864 4403/5056
f 4372/4865 4403/5056 4404/5057
f 4383/4869 4382/4868 4414/5058
f 4383/4869 4414/5058 4415/5059
f 4374/4873 4373/4872 4405/5060
f 4374/4873 4405/5060 4406/5061
f 4363/4877 4362/4876 4394/5062
f 4363/4877 4394/5062 4395/5063
f 4385/4881 4384/4880 4416/5064
f 4385/4881 4416/5064 4417/5065
f 4376/4885 4375/4884 4407/5066
f 4376/4885 4407/5066 4408/5067
f 4365/4889 4364/4888 4396/5068
f 4365/4889 4396/5068 4397/5069
f 4387/4893 4386/4892 4418/5070
f 4387/4893 4418/5070 4419/5071
f 4367/4840 4366/4895 4398/5072
f 4367/4840 4398/5072 4399/5073
f 4378/4844 4377/4897 4409/5074
f 4378/4844 4409/5074 4410/5075
f 4389/4901 4388/4900 4420/5076
f 4389/4901 4420/5076 4421/5077
f 4369/4852 4368/4841 4400/5078
f 4369/4852 4400/5078 4401/5050
f 4380/4856 4379/4845 4411/5079
f 4380/4856 4411/5079 4412/5052
f 4391/4860 4390/4849 4422/5080
f 4391/4860 4422/5080 4423/5054
f 4371/4864 4370/4853 4402/5051
f 4371/4864 4402/5051 4403/5056
f 4382/4868 4381/4903 4413/5081
f 4382/4868 4413/5081 4414/5058
f 4361/4905 4392/4861 4424/5055
f 4361/4905 4424/5055 4393/5082
f 4373/4907 4372/4865 4404/5057
f 4373/4907 4404/5057 4405/5083
f 4362/4876 4361/4905 4393/5082
f 4362/4876 4393/5082 4394/5062
f 4384/4880 4383/4869 4415/5059
f 4384/4880 4415/5059 4416/5064
f 4375/4884 4374/4873 4406/5061
f 4375/4884 4406/5061 4407/5066
f 4364/4888 4363/4877 4395/5063
f 4364/4888 4395/5063 4396/5068
f 4386/4892 4385/4881 4417/5065
f 4386/4892 4417/5065 4418/5070
f 4377/4897 4376/4885 4408/5067
f 4377/4897 4408/5067 4409/5074
f 4366/4895 4365/4909 4397/5084
f 4366/4895 4397/5084 4398/5072
f 4388/4900 4387/4893 4419/5071
f 4388/4900 4419/5071 4420/5076
f 4368/4841 4367/4840 4399/5073
f 4368/4841 4399/5073 4400/5078
f 4379/4845 4378/4844 4410/5075
f 4379/4845 4410/5075 4411/5079
f 4390/4849 4389/4848 4421/5085
f 4390/4849 4421/5085 4422/5080
f 4423/5086 4455/5087 4456/5088
f 4423/5086 4456/5088 4424/5089
f 4412/5090 4444/5091 4445/5092
f 4412/5090 4445/5092 4413/5093
f 4401/5094 4433/5095 4434/5096
f 4401/5094 4434/5096 4402/5097
f 4421/5098 4453/5099 4454/5100
f 4421/5098 4454/5100 4422/5101
f 4410/5102 4442/5103 4443/5104
f 4410/5102 4443/5104 4411/5105
f 4399/5106 4431/5107 4432/5108
f 4399/5106 4432/5108 4400/5109
f 4419/5110 4451/5111 4452/5112
f 4419/5110 4452/5112 4420/5113
f 4397/5114 4429/5115 4430/5116
f 4397/5114 4430/5116 4398/5117
f 4408/5118 4440/5119 4441/5120
f 4408/5118 4441/5120 4409/5121
f 4417/5122 4449/5123 4450/5124
f 4417/5122 4450/5124 4418/5125
f 4395/5126 4427/5127 4428/5128
f 4395/5126 4428/5128 4396/5129
f 4406/5130 4438/5131 4439/5132
f 4406/5130 4439/5132 4407/5133
f 4415/5134 4447/5135 4448/5136
f 4415/5134 4448/5136 4416/5137
f 4393/5138 4425/5139 4426/5140
f 4393/5138 4426/5140 4394/5141
f 4404/5142 4436/5143 4437/5144
f 4404/5142 4437/5144 4405/5145
f 4424/5089 4456/5088 4425/5139
f 4424/5089 4425/5139 4393/5138
f 4413/5093 4445/5092 4446/5146
f 4413/5093 4446/5146 4414/5147
f 4402/5097 4434/5096 4435/5148
f 4402/5097 4435/5148 4403/5149
f 4422/5101 4454/5100 4455/5087
f 4422/5101 4455/5087 4423/5086
f 4411/5105 4443/5104 4444/5091
f 4411/5105 4444/5091 4412/5090
f 4400/5109 4432/5108 4433/5095
f 4400/5109 4433/5095 4401/5094
f 4420/5113 4452/5112 4453/5099
f 4420/5113 4453/5099 4421/5098
f 4409/5121 4441/5120 4442/5103
f 4409/5121 4442/5103 4410/5102
f 4398/5117 4430/5116 4431/5107
f 4398/5117 4431/5107 4399/5106
f 4418/5125 4450/5124 4451/5111
f 4418/5125 4451/5111 4419/5110
f 4396/5129 4428/5128 4429/5115
f 4396/5129 4429/5115 4397/5114
f 4407/5133 4439/5132 4440/5119
f 4407/5133 4440/5119 4408/5118
f 4416/5137 4448/5136 4449/5123
f 4416/5137 4449/5123 4417/5122
f 4394/5141 4426/5140 4427/5127
f 4394/5141 4427/5127 4395/5126
f 4405/5145 4437/5144 4438/5131
f 4405/5145 4438/5131 4406/5130
f 4414/5147 4446/5146 4447/5135
f 4414/5147 4447/5135 4415/5134
f 4403/5149 4435/5148 4436/5143
f 4403/5149 4436/5143 4404/5142
f 4427/5127 4426/5140 4425/5139
f 4425/5139 4456/5088 4455/5087
f 4455/5087 4454/5100 4453/5099
f 4453/5099 4452/5112 4451/5111
f 4451/5111 4450/5124 4449/5123
f 4449/5123 4448/5136 4447/5135
f 4447/5135 4446/5146 4445/5092
f 4445/5092 4444/5091 4443/5104
f 4443/5104 4442/5103 4441/5120
f 4441/5120 4440/5119 4439/5132
f 4439/5132 4438/5131 4437/5144
f 4437/5144 4436/5143 4435/5148
f 4435/5148 4434/5096 4433/5095
f 4433/5095 4432/5108 4431/5107
f 4431/5107 4430/5116 4429/5115
f 4429/5115 4428/5128 4427/5127
f 4427/5127 4425/5139 4455/5087
f 4455/5087 4453/5099 4451/5111
f 4451/5111 4449/5123 4447/5135
f 4447/5135 4445/5092 4443/5104
f 4443/5104 4441/5120 4439/5132
f 4439/5132 4437/5144 4435/5148
f 4435/5148 4433/5095 4431/5107
f 4431/5107 4429/5115 4427/5127
f 4427/5127 4455/5087 4451/5111
f 4451/5111 4447/5135 4443/5104
f 4443/5104 4439/5132 4435/5148
f 4435/5148 4431/5107 4427/5127
f 4427/5127 4451/5111 4443/5104
f 4443/5104 4435/5148 4427/5127
f 4592/5150 4590/5151 4514/5152
f 4592/5150 4514/5152 4532/5153
f 4594/5154 4592/5150 4532/5153
f 4594/5154 4532/5153 4519/5155
f 4596/5156 4594/5154 4519/5155
f 4596/5156 4519/5155 4518/5157
f 4598/5158 4596/5159 4518/5160
f 4598/5158 4518/5160 4534/5161
f 4600/5162 4598/5158 4534/5161
f 4600/5162 4534/5161 4523/5163
f 4602/5164 4600/5162 4523/5163
f 4602/5164 4523/5163 4522/5165
f 4810/5166 4602/5164 4522/5165
f 4810/5166 4522/5165 4736/5167
f 4587/5168 4603/5169 4526/5170
f 4587/5168 4526/5170 4515/5171
f 4892/5172 4469/5173 4461/5174
f 4892/5172 4461/5174 4894/5175
f 4603/5169 4605/5176 4527/5177
f 4603/5169 4527/5177 4526/5170
f 4605/5176 4607/5178 4510/5179
f 4605/5176 4510/5179 4527/5177
f 4607/5178 4609/5180 4511/5181
f 4607/5178 4511/5181 4510/5179
f 4609/5180 4611/5182 4529/5183
f 4609/5180 4529/5183 4511/5181
f 4531/5184 4513/5185 4563/5186
f 4531/5184 4563/5186 4565/5187
f 4520/5188 4531/5184 4565/5187
f 4520/5188 4565/5187 4567/5189
f 4868/5190 4478/5191 4477/5192
f 4868/5190 4477/5192 4869/5193
f 4533/5194 4517/5195 4569/5196
f 4533/5194 4569/5196 4571/5197
f 4524/5198 4533/5194 4571/5197
f 4524/5198 4571/5197 4573/5199
f 4521/5200 4524/5198 4573/5199
f 4521/5200 4573/5199 4575/5201
f 4735/5202 4521/5200 4575/5201
f 4735/5202 4575/5201 4781/5203
f 4516/5204 4525/5205 4578/5206
f 4516/5204 4578/5206 4562/5207
f 4863/5208 4865/5209 4474/5210
f 4863/5208 4474/5210 4482/5211
f 4525/5205 4528/5212 4578/5206
f 4528/5213 4580/5214 4578/5215
f 4528/5213 4509/5216 4580/5214
f 4509/5217 4582/5218 4580/5219
f 4509/5217 4512/5220 4584/5221
f 4509/5217 4584/5221 4582/5218
f 4512/5220 4530/5222 4584/5221
f 4530/5223 4586/5224 4584/5225
f 4875/5226 4876/5227 4470/5228
f 4875/5226 4470/5228 4471/5229
f 4863/5208 4482/5211 4481/5230
f 4863/5208 4481/5230 4864/5231
f 4461/5232 4469/5233 4495/5234
f 4461/5232 4495/5234 4487/5235
f 4867/5236 4479/5237 4478/5191
f 4867/5236 4478/5191 4868/5190
f 4477/5238 4478/5239 4504/5240
f 4477/5238 4504/5240 4503/5241
f 4473/5242 4472/5243 4498/5244
f 4473/5242 4498/5244 4499/5245
f 4871/5246 4475/5247 4672/5248
f 4871/5246 4672/5248 4872/5249
f 4873/5250 4874/5251 4472/5252
f 4873/5250 4472/5252 4473/5253
f 4866/5254 4480/5255 4479/5237
f 4866/5254 4479/5237 4867/5236
f 4476/5256 4477/5238 4503/5241
f 4476/5256 4503/5241 4502/5257
f 4465/5258 4464/5259 4490/5260
f 4465/5258 4490/5260 4491/5261
f 4869/5193 4477/5192 4476/5262
f 4869/5193 4476/5262 4870/5263
f 4474/5264 4473/5242 4499/5245
f 4474/5264 4499/5245 4500/5265
f 4464/5259 4463/5266 4489/5267
f 4464/5259 4489/5267 4490/5260
f 4865/5209 4873/5250 4473/5253
f 4865/5209 4473/5253 4474/5210
f 4874/5251 4875/5226 4471/5229
f 4874/5251 4471/5229 4472/5252
f 4459/5268 4460/5269 4486/5270
f 4459/5268 4486/5270 4485/5271
f 4481/5272 4482/5273 4508/5274
f 4481/5272 4508/5274 4507/5275
f 4517/5276 4520/5188 4567/5189
f 4517/5276 4567/5189 4569/5277
f 4460/5269 4461/5232 4487/5235
f 4460/5269 4487/5235 4486/5270
f 4475/5278 4476/5256 4502/5257
f 4475/5278 4502/5257 4501/5279
f 4480/5280 4481/5272 4507/5275
f 4480/5280 4507/5275 4506/5281
f 4870/5263 4476/5262 4475/5247
f 4870/5263 4475/5247 4871/5246
f 4864/5231 4481/5230 4480/5255
f 4864/5231 4480/5255 4866/5254
f 4535/5282 4538/5283 4500/5265
f 4535/5282 4500/5265 4499/5245
f 4539/5284 4542/5285 4502/5257
f 4539/5284 4502/5257 4503/5241
f 4543/5286 4535/5282 4499/5245
f 4543/5286 4499/5245 4498/5244
f 4545/5287 4539/5284 4503/5241
f 4545/5287 4503/5241 4504/5240
f 4549/5288 4545/5287 4504/5240
f 4549/5288 4504/5240 4505/5289
f 4538/5283 4552/5290 4508/5274
f 4538/5283 4508/5274 4500/5265
f 4553/5291 4549/5292 4505/5293
f 4553/5291 4505/5293 4506/5281
f 4555/5294 4543/5286 4498/5244
f 4555/5294 4498/5244 4497/5295
f 4557/5296 4762/5297 4700/5298
f 4557/5296 4700/5298 4501/5279
f 4548/5299 4555/5294 4497/5295
f 4548/5299 4497/5295 4496/5300
f 4559/5301 4553/5291 4506/5281
f 4559/5301 4506/5281 4507/5275
f 4542/5285 4557/5296 4501/5279
f 4542/5285 4501/5279 4502/5257
f 4552/5290 4559/5301 4507/5275
f 4552/5290 4507/5275 4508/5274
f 4466/5302 4465/5258 4491/5261
f 4466/5302 4491/5261 4492/5303
f 4467/5304 4466/5305 4492/5306
f 4467/5304 4492/5306 4493/5307
f 4478/5239 4479/5308 4505/5289
f 4478/5239 4505/5289 4504/5240
f 4482/5273 4474/5264 4500/5265
f 4482/5273 4500/5265 4508/5274
f 4458/5309 4459/5268 4485/5271
f 4458/5309 4485/5271 4484/5310
f 4479/5311 4480/5280 4506/5281
f 4479/5311 4506/5281 4505/5293
f 4457/5312 4458/5309 4484/5310
f 4457/5312 4484/5310 4483/5313
f 4462/5314 4658/5315 4686/5316
f 4462/5314 4686/5316 4488/5317
f 4463/5266 4462/5314 4488/5317
f 4463/5266 4488/5317 4489/5267
f 4468/5318 4467/5304 4493/5307
f 4468/5318 4493/5307 4494/5319
f 4472/5243 4471/5320 4497/5295
f 4472/5243 4497/5295 4498/5244
f 4672/5321 4475/5278 4501/5279
f 4672/5321 4501/5279 4700/5298
f 4469/5233 4468/5318 4494/5319
f 4469/5233 4494/5319 4495/5234
f 4471/5320 4470/5322 4496/5300
f 4471/5320 4496/5300 4497/5295
f 4904/5323 4458/5324 4457/5325
f 4904/5323 4457/5325 4905/5326
f 4511/5327 4529/5328 4618/5329
f 4511/5327 4618/5329 4636/5330
f 4893/5331 4895/5332 4467/5333
f 4893/5331 4467/5333 4468/5334
f 4531/5335 4520/5336 4627/5337
f 4531/5335 4627/5337 4616/5338
f 4897/5339 4898/5340 4464/5341
f 4897/5339 4464/5341 4465/5342
f 4532/5343 4514/5344 4633/5345
f 4532/5343 4633/5345 4615/5346
f 4900/5347 4901/5348 4658/5349
f 4900/5347 4658/5349 4462/5350
f 4512/5351 4509/5352 4638/5353
f 4512/5351 4638/5353 4635/5354
f 4902/5355 4460/5356 4459/5357
f 4902/5355 4459/5357 4903/5358
f 4533/5359 4524/5360 4623/5361
f 4533/5359 4623/5361 4614/5362
f 4516/5363 4513/5364 4634/5365
f 4516/5363 4634/5365 4631/5366
f 4895/5332 4896/5367 4466/5368
f 4895/5332 4466/5368 4467/5333
f 4534/5369 4518/5370 4629/5371
f 4534/5369 4629/5371 4613/5372
f 4898/5340 4899/5373 4463/5374
f 4898/5340 4463/5374 4464/5341
f 4525/5375 4516/5363 4631/5366
f 4525/5375 4631/5366 4622/5376
f 4894/5175 4461/5174 4460/5356
f 4894/5175 4460/5356 4902/5355
f 4520/5336 4517/5377 4630/5378
f 4520/5336 4630/5378 4627/5337
f 4903/5358 4459/5357 4458/5324
f 4903/5358 4458/5324 4904/5323
f 4736/5379 4522/5380 4625/5381
f 4736/5379 4625/5381 4821/5382
f 4896/5367 4897/5339 4465/5342
f 4896/5367 4465/5342 4466/5368
f 4524/5360 4521/5383 4626/5384
f 4524/5360 4626/5384 4623/5361
f 4899/5373 4900/5347 4462/5350
f 4899/5373 4462/5350 4463/5374
f 4590/5151 4587/5168 4515/5171
f 4590/5151 4515/5171 4514/5152
f 4527/5385 4510/5386 4637/5387
f 4527/5385 4637/5387 4620/5388
f 4486/5270 4487/5235 4537/5389
f 4486/5270 4537/5389 4536/5390
f 4536/5390 4537/5389 4538/5283
f 4536/5390 4538/5283 4535/5282
f 4490/5260 4489/5267 4541/5391
f 4490/5260 4541/5391 4540/5392
f 4540/5392 4541/5391 4542/5285
f 4540/5392 4542/5285 4539/5284
f 4485/5271 4486/5270 4536/5390
f 4485/5271 4536/5390 4544/5393
f 4544/5393 4536/5390 4535/5282
f 4544/5393 4535/5282 4543/5286
f 4491/5261 4490/5260 4540/5392
f 4491/5261 4540/5392 4546/5394
f 4546/5394 4540/5392 4539/5284
f 4546/5394 4539/5284 4545/5287
f 4492/5303 4491/5261 4546/5394
f 4492/5303 4546/5394 4550/5395
f 4550/5395 4546/5394 4545/5287
f 4550/5395 4545/5287 4549/5288
f 4487/5235 4495/5234 4551/5396
f 4487/5235 4551/5396 4537/5389
f 4537/5389 4551/5396 4552/5290
f 4537/5389 4552/5290 4538/5283
f 4493/5307 4492/5306 4550/5397
f 4493/5307 4550/5397 4554/5398
f 4554/5398 4550/5397 4549/5292
f 4554/5398 4549/5292 4553/5291
f 4484/5310 4485/5271 4544/5393
f 4484/5310 4544/5393 4556/5399
f 4556/5399 4544/5393 4543/5286
f 4556/5399 4543/5286 4555/5294
f 4488/5317 4686/5316 4761/5400
f 4488/5317 4761/5400 4558/5401
f 4558/5401 4761/5400 4762/5297
f 4558/5401 4762/5297 4557/5296
f 4483/5313 4484/5310 4556/5399
f 4483/5313 4556/5399 4547/5402
f 4547/5402 4556/5399 4555/5294
f 4547/5402 4555/5294 4548/5299
f 4494/5319 4493/5307 4554/5398
f 4494/5319 4554/5398 4560/5403
f 4560/5403 4554/5398 4553/5291
f 4560/5403 4553/5291 4559/5301
f 4489/5267 4488/5317 4558/5401
f 4489/5267 4558/5401 4541/5391
f 4541/5391 4558/5401 4557/5296
f 4541/5391 4557/5296 4542/5285
f 4495/5234 4494/5319 4560/5403
f 4495/5234 4560/5403 4551/5396
f 4551/5396 4560/5403 4559/5301
f 4551/5396 4559/5301 4552/5290
f 4563/5186 4562/5207 4561/5404
f 4563/5186 4561/5404 4564/5405
f 4565/5187 4563/5186 4564/5405
f 4565/5187 4564/5405 4566/5406
f 4567/5407 4565/5408 4566/5409
f 4567/5407 4566/5409 4568/5410
f 4569/5196 4567/5407 4568/5410
f 4569/5196 4568/5410 4570/5411
f 4571/5197 4569/5196 4570/5411
f 4571/5197 4570/5411 4572/5412
f 4573/5199 4571/5197 4572/5412
f 4573/5199 4572/5412 4574/5413
f 4575/5201 4573/5199 4574/5413
f 4575/5201 4574/5413 4576/5414
f 4781/5203 4575/5201 4576/5414
f 4781/5203 4576/5414 4782/5415
f 4577/5416 4561/5404 4562/5207
f 4577/5416 4562/5207 4578/5206
f 4579/5417 4577/5416 4578/5206
f 4579/5417 4578/5206 4580/5219
f 4581/5418 4579/5419 4580/5420
f 4581/5418 4580/5420 4582/5421
f 4583/5422 4581/5418 4582/5421
f 4583/5422 4582/5421 4584/5423
f 4585/5424 4583/5422 4584/5423
f 4585/5424 4584/5423 4586/5425
f 4513/5185 4516/5204 4562/5207
f 4513/5185 4562/5207 4563/5186
f 4589/5426 4588/5427 4587/5168
f 4589/5426 4587/5168 4590/5151
f 4591/5428 4589/5429 4590/5430
f 4591/5428 4590/5430 4592/5431
f 4593/5432 4591/5428 4592/5431
f 4593/5432 4592/5431 4594/5433
f 4595/5434 4593/5432 4594/5433
f 4595/5434 4594/5433 4596/5435
f 4597/5436 4595/5434 4596/5435
f 4597/5436 4596/5435 4598/5437
f 4599/5438 4597/5436 4598/5437
f 4599/5438 4598/5437 4600/5439
f 4601/5440 4599/5438 4600/5439
f 4601/5440 4600/5439 4602/5441
f 4809/5442 4601/5440 4602/5441
f 4809/5442 4602/5441 4810/5443
f 4603/5169 4587/5168 4588/5427
f 4603/5169 4588/5427 4604/5444
f 4605/5176 4603/5169 4604/5444
f 4605/5176 4604/5444 4606/5445
f 4607/5446 4605/5447 4606/5448
f 4607/5446 4606/5448 4608/5449
f 4609/5450 4607/5446 4608/5449
f 4609/5450 4608/5449 4610/5451
f 4611/5452 4609/5450 4610/5451
f 4611/5452 4610/5451 4612/5453
f 4892/5172 4893/5331 4468/5334
f 4892/5172 4468/5334 4469/5173
f 4519/5454 4532/5343 4615/5346
f 4519/5454 4615/5346 4628/5455
f 4523/5456 4534/5369 4613/5372
f 4523/5456 4613/5372 4624/5457
f 4515/5458 4526/5459 4621/5460
f 4515/5458 4621/5460 4632/5461
f 4517/5377 4533/5359 4614/5362
f 4517/5377 4614/5362 4630/5378
f 4528/5462 4525/5375 4622/5376
f 4528/5462 4622/5376 4619/5463
f 4510/5386 4511/5327 4636/5330
f 4510/5386 4636/5330 4637/5387
f 4514/5344 4515/5458 4632/5461
f 4514/5344 4632/5461 4633/5345
f 4513/5364 4531/5335 4616/5338
f 4513/5364 4616/5338 4634/5365
f 4518/5370 4519/5454 4628/5455
f 4518/5370 4628/5455 4629/5371
f 4530/5464 4512/5351 4635/5354
f 4530/5464 4635/5354 4617/5465
f 4521/5383 4735/5466 4822/5467
f 4521/5383 4822/5467 4626/5384
f 4522/5380 4523/5456 4624/5457
f 4522/5380 4624/5457 4625/5381
f 4632/5468 4621/5469 4622/5470
f 4632/5468 4622/5470 4631/5471
f 4620/5472 4637/5473 4638/5474
f 4620/5472 4638/5474 4619/5475
f 4509/5352 4528/5462 4619/5463
f 4509/5352 4619/5463 4638/5353
f 4628/5476 4615/5477 4616/5478
f 4628/5476 4616/5478 4627/5479
f 4621/5469 4620/5472 4619/5475
f 4621/5469 4619/5475 4622/5470
f 4615/5477 4633/5480 4634/5481
f 4615/5477 4634/5481 4616/5478
f 4624/5482 4613/5483 4614/5484
f 4624/5482 4614/5484 4623/5485
f 4625/5486 4624/5482 4623/5485
f 4625/5486 4623/5485 4626/5487
f 4613/5483 4629/5488 4630/5489
f 4613/5483 4630/5489 4614/5484
f 4637/5473 4636/5490 4635/5491
f 4637/5473 4635/5491 4638/5474
f 4636/5490 4618/5492 4617/5493
f 4636/5490 4617/5493 4635/5491
f 4633/5480 4632/5468 4631/5471
f 4633/5480 4631/5471 4634/5481
f 4821/5494 4625/5486 4626/5487
f 4821/5494 4626/5487 4822/5495
f 4629/5496 4628/5476 4627/5479
f 4629/5496 4627/5479 4630/5497
f 4526/5459 4527/5385 4620/5388
f 4526/5459 4620/5388 4621/5460
f 4617/5498 4618/5499 4652/5500
f 4617/5498 4652/5500 4651/5501
f 4641/5502 4645/5503 4646/5504
f 4646/5505 4642/5506 4640/5507
f 4877/5508 4647/5509 4648/5510
f 4646/5505 4640/5507 4877/5508
f 4906/5511 4639/5512 4641/5513
f 4641/5513 4646/5505 4877/5508
f 4906/5511 4641/5513 4877/5508
f 4649/5514 4650/5515 4906/5511
f 4652/5516 4643/5517 4649/5514
f 4652/5516 4649/5514 4906/5511
f 4651/5518 4652/5516 4906/5511
f 4651/5518 4906/5511 4877/5508
f 4651/5519 4877/5520 4648/5521
f 4648/5522 4644/5523 4651/5524
f 4529/5525 4611/5452 4649/5526
f 4529/5525 4649/5526 4643/5527
f 4905/5326 4457/5325 4639/5528
f 4905/5326 4639/5528 4906/5529
f 4611/5452 4612/5453 4650/5530
f 4611/5452 4650/5530 4649/5526
f 4586/5531 4530/5532 4644/5533
f 4586/5531 4644/5533 4648/5534
f 4876/5227 4585/5424 4647/5535
f 4876/5227 4647/5535 4877/5536
f 4585/5424 4586/5425 4648/5537
f 4585/5424 4648/5537 4647/5535
f 4547/5538 4548/5539 4646/5540
f 4547/5538 4646/5540 4645/5541
f 4483/5542 4547/5538 4645/5541
f 4483/5542 4645/5541 4641/5543
f 4618/5329 4529/5328 4643/5544
f 4618/5329 4643/5544 4652/5545
f 4530/5464 4617/5465 4651/5519
f 4530/5464 4651/5519 4644/5546
f 4496/5547 4470/5548 4640/5549
f 4496/5547 4640/5549 4642/5550
f 4548/5539 4496/5547 4642/5550
f 4548/5539 4642/5550 4646/5540
f 4457/5551 4483/5542 4641/5543
f 4457/5551 4641/5543 4639/5552
f 4798/5553 4732/5554 4714/5555
f 4798/5553 4714/5555 4796/5556
f 4800/5557 4719/5558 4732/5554
f 4800/5557 4732/5554 4798/5553
f 4802/5559 4718/5560 4719/5558
f 4802/5559 4719/5558 4800/5557
f 4804/5561 4734/5562 4718/5563
f 4804/5561 4718/5563 4802/5564
f 4806/5565 4723/5566 4734/5562
f 4806/5565 4734/5562 4804/5561
f 4808/5567 4722/5568 4723/5566
f 4808/5567 4723/5566 4806/5565
f 4810/5166 4736/5167 4722/5568
f 4810/5166 4722/5568 4808/5567
f 4793/5569 4715/5570 4726/5571
f 4793/5569 4726/5571 4811/5572
f 4907/5573 4909/5574 4657/5575
f 4907/5573 4657/5575 4666/5576
f 4811/5572 4726/5571 4727/5577
f 4811/5572 4727/5577 4813/5578
f 4813/5578 4727/5577 4710/5579
f 4813/5578 4710/5579 4815/5580
f 4815/5580 4710/5579 4711/5581
f 4815/5580 4711/5581 4817/5582
f 4817/5582 4711/5581 4729/5583
f 4817/5582 4729/5583 4819/5584
f 4731/5585 4769/5586 4767/5587
f 4731/5585 4767/5587 4713/5588
f 4720/5589 4771/5590 4769/5586
f 4720/5589 4769/5586 4731/5585
f 4883/5591 4884/5592 4675/5593
f 4883/5591 4675/5593 4676/5594
f 4733/5595 4775/5596 4773/5597
f 4733/5595 4773/5597 4717/5598
f 4724/5599 4777/5600 4775/5596
f 4724/5599 4775/5596 4733/5595
f 4721/5601 4779/5602 4777/5600
f 4721/5601 4777/5600 4724/5599
f 4735/5202 4781/5203 4779/5602
f 4735/5202 4779/5602 4721/5601
f 4716/5603 4766/5604 4784/5605
f 4716/5603 4784/5605 4725/5606
f 4878/5607 4680/5608 4671/5609
f 4878/5607 4671/5609 4880/5610
f 4725/5606 4784/5605 4728/5611
f 4784/5612 4786/5613 4728/5614
f 4728/5614 4786/5613 4709/5615
f 4786/5616 4788/5617 4709/5618
f 4709/5618 4788/5617 4790/5619
f 4709/5618 4790/5619 4712/5620
f 4712/5620 4790/5619 4730/5621
f 4790/5622 4792/5623 4730/5624
f 4889/5625 4668/5626 4667/5627
f 4889/5625 4667/5627 4890/5628
f 4878/5607 4879/5629 4679/5630
f 4878/5607 4679/5630 4680/5608
f 4657/5631 4685/5632 4694/5633
f 4657/5631 4694/5633 4666/5634
f 4882/5635 4883/5591 4676/5594
f 4882/5635 4676/5594 4677/5636
f 4675/5637 4703/5638 4704/5639
f 4675/5637 4704/5639 4676/5640
f 4670/5641 4698/5642 4697/5643
f 4670/5641 4697/5643 4669/5644
f 4886/5645 4872/5249 4672/5248
f 4886/5645 4672/5248 4673/5646
f 4887/5647 4670/5648 4669/5649
f 4887/5647 4669/5649 4888/5650
f 4881/5651 4882/5635 4677/5636
f 4881/5651 4677/5636 4678/5652
f 4674/5653 4702/5654 4703/5638
f 4674/5653 4703/5638 4675/5637
f 4662/5655 4690/5656 4689/5657
f 4662/5655 4689/5657 4661/5658
f 4884/5592 4885/5659 4674/5660
f 4884/5592 4674/5660 4675/5593
f 4671/5661 4699/5662 4698/5642
f 4671/5661 4698/5642 4670/5641
f 4661/5658 4689/5657 4688/5663
f 4661/5658 4688/5663 4660/5664
f 4880/5610 4671/5609 4670/5648
f 4880/5610 4670/5648 4887/5647
f 4888/5650 4669/5649 4668/5626
f 4888/5650 4668/5626 4889/5625
f 4655/5665 4683/5666 4684/5667
f 4655/5665 4684/5667 4656/5668
f 4679/5669 4707/5670 4708/5671
f 4679/5669 4708/5671 4680/5672
f 4717/5673 4773/5674 4771/5590
f 4717/5673 4771/5590 4720/5589
f 4656/5668 4684/5667 4685/5632
f 4656/5668 4685/5632 4657/5631
f 4673/5675 4701/5676 4702/5654
f 4673/5675 4702/5654 4674/5653
f 4678/5677 4706/5678 4707/5670
f 4678/5677 4707/5670 4679/5669
f 4885/5659 4886/5645 4673/5646
f 4885/5659 4673/5646 4674/5660
f 4879/5629 4881/5651 4678/5652
f 4879/5629 4678/5652 4679/5630
f 4737/5679 4698/5642 4699/5662
f 4737/5679 4699/5662 4740/5680
f 4741/5681 4703/5638 4702/5654
f 4741/5681 4702/5654 4744/5682
f 4745/5683 4697/5643 4698/5642
f 4745/5683 4698/5642 4737/5679
f 4747/5684 4704/5639 4703/5638
f 4747/5684 4703/5638 4741/5681
f 4751/5685 4705/5686 4704/5639
f 4751/5685 4704/5639 4747/5684
f 4740/5680 4699/5662 4708/5671
f 4740/5680 4708/5671 4754/5687
f 4755/5688 4706/5678 4705/5689
f 4755/5688 4705/5689 4751/5690
f 4757/5691 4696/5692 4697/5643
f 4757/5691 4697/5643 4745/5683
f 4759/5693 4701/5676 4700/5298
f 4759/5693 4700/5298 4762/5297
f 4750/5694 4695/5695 4696/5692
f 4750/5694 4696/5692 4757/5691
f 4763/5696 4707/5670 4706/5678
f 4763/5696 4706/5678 4755/5688
f 4744/5682 4702/5654 4701/5676
f 4744/5682 4701/5676 4759/5693
f 4754/5687 4708/5671 4707/5670
f 4754/5687 4707/5670 4763/5696
f 4663/5697 4691/5698 4690/5656
f 4663/5697 4690/5656 4662/5655
f 4664/5699 4692/5700 4691/5701
f 4664/5699 4691/5701 4663/5702
f 4676/5640 4704/5639 4705/5686
f 4676/5640 4705/5686 4677/5703
f 4680/5672 4708/5671 4699/5662
f 4680/5672 4699/5662 4671/5661
f 4654/5704 4682/5705 4683/5666
f 4654/5704 4683/5666 4655/5665
f 4677/5706 4705/5689 4706/5678
f 4677/5706 4706/5678 4678/5677
f 4653/5707 4681/5708 4682/5705
f 4653/5707 4682/5705 4654/5704
f 4659/5709 4687/5710 4686/5316
f 4659/5709 4686/5316 4658/5315
f 4660/5664 4688/5663 4687/5710
f 4660/5664 4687/5710 4659/5709
f 4665/5711 4693/5712 4692/5700
f 4665/5711 4692/5700 4664/5699
f 4669/5644 4697/5643 4696/5692
f 4669/5644 4696/5692 4668/5713
f 4672/5321 4700/5298 4701/5676
f 4672/5321 4701/5676 4673/5675
f 4666/5634 4694/5633 4693/5712
f 4666/5634 4693/5712 4665/5711
f 4668/5713 4696/5692 4695/5695
f 4668/5713 4695/5695 4667/5714
f 4918/5715 4919/5716 4653/5717
f 4918/5715 4653/5717 4654/5718
f 4711/5719 4846/5720 4828/5721
f 4711/5719 4828/5721 4729/5722
f 4908/5723 4665/5724 4664/5725
f 4908/5723 4664/5725 4910/5726
f 4731/5727 4826/5728 4837/5729
f 4731/5727 4837/5729 4720/5730
f 4912/5731 4662/5732 4661/5733
f 4912/5731 4661/5733 4913/5734
f 4732/5735 4825/5736 4843/5737
f 4732/5735 4843/5737 4714/5738
f 4915/5739 4659/5740 4658/5349
f 4915/5739 4658/5349 4901/5348
f 4712/5741 4845/5742 4848/5743
f 4712/5741 4848/5743 4709/5744
f 4916/5745 4917/5746 4655/5747
f 4916/5745 4655/5747 4656/5748
f 4733/5749 4824/5750 4833/5751
f 4733/5749 4833/5751 4724/5752
f 4716/5753 4841/5754 4844/5755
f 4716/5753 4844/5755 4713/5756
f 4910/5726 4664/5725 4663/5757
f 4910/5726 4663/5757 4911/5758
f 4734/5759 4823/5760 4839/5761
f 4734/5759 4839/5761 4718/5762
f 4913/5734 4661/5733 4660/5763
f 4913/5734 4660/5763 4914/5764
f 4725/5765 4832/5766 4841/5754
f 4725/5765 4841/5754 4716/5753
f 4909/5574 4916/5745 4656/5748
f 4909/5574 4656/5748 4657/5575
f 4720/5730 4837/5729 4840/5767
f 4720/5730 4840/5767 4717/5768
f 4917/5746 4918/5715 4654/5718
f 4917/5746 4654/5718 4655/5747
f 4736/5379 4821/5382 4835/5769
f 4736/5379 4835/5769 4722/5770
f 4911/5758 4663/5757 4662/5732
f 4911/5758 4662/5732 4912/5731
f 4724/5752 4833/5751 4836/5771
f 4724/5752 4836/5771 4721/5772
f 4914/5764 4660/5763 4659/5740
f 4914/5764 4659/5740 4915/5739
f 4796/5556 4714/5555 4715/5570
f 4796/5556 4715/5570 4793/5569
f 4727/5773 4830/5774 4847/5775
f 4727/5773 4847/5775 4710/5776
f 4684/5667 4738/5777 4739/5778
f 4684/5667 4739/5778 4685/5632
f 4738/5777 4737/5679 4740/5680
f 4738/5777 4740/5680 4739/5778
f 4689/5657 4742/5779 4743/5780
f 4689/5657 4743/5780 4688/5663
f 4742/5779 4741/5681 4744/5682
f 4742/5779 4744/5682 4743/5780
f 4683/5666 4746/5781 4738/5777
f 4683/5666 4738/5777 4684/5667
f 4746/5781 4745/5683 4737/5679
f 4746/5781 4737/5679 4738/5777
f 4690/5656 4748/5782 4742/5779
f 4690/5656 4742/5779 4689/5657
f 4748/5782 4747/5684 4741/5681
f 4748/5782 4741/5681 4742/5779
f 4691/5698 4752/5783 4748/5782
f 4691/5698 4748/5782 4690/5656
f 4752/5783 4751/5685 4747/5684
f 4752/5783 4747/5684 4748/5782
f 4685/5632 4739/5778 4753/5784
f 4685/5632 4753/5784 4694/5633
f 4739/5778 4740/5680 4754/5687
f 4739/5778 4754/5687 4753/5784
f 4692/5700 4756/5785 4752/5786
f 4692/5700 4752/5786 4691/5701
f 4756/5785 4755/5688 4751/5690
f 4756/5785 4751/5690 4752/5786
f 4682/5705 4758/5787 4746/5781
f 4682/5705 4746/5781 4683/5666
f 4758/5787 4757/5691 4745/5683
f 4758/5787 4745/5683 4746/5781
f 4687/5710 4760/5788 4761/5400
f 4687/5710 4761/5400 4686/5316
f 4760/5788 4759/5693 4762/5297
f 4760/5788 4762/5297 4761/5400
f 4681/5708 4749/5789 4758/5787
f 4681/5708 4758/5787 4682/5705
f 4749/5789 4750/5694 4757/5691
f 4749/5789 4757/5691 4758/5787
f 4693/5712 4764/5790 4756/5785
f 4693/5712 4756/5785 4692/5700
f 4764/5790 4763/5696 4755/5688
f 4764/5790 4755/5688 4756/5785
f 4688/5663 4743/5780 4760/5788
f 4688/5663 4760/5788 4687/5710
f 4743/5780 4744/5682 4759/5693
f 4743/5780 4759/5693 4760/5788
f 4694/5633 4753/5784 4764/5790
f 4694/5633 4764/5790 4693/5712
f 4753/5784 4754/5687 4763/5696
f 4753/5784 4763/5696 4764/5790
f 4767/5587 4768/5791 4765/5792
f 4767/5587 4765/5792 4766/5604
f 4769/5586 4770/5793 4768/5791
f 4769/5586 4768/5791 4767/5587
f 4771/5794 4772/5795 4770/5796
f 4771/5794 4770/5796 4769/5797
f 4773/5597 4774/5798 4772/5795
f 4773/5597 4772/5795 4771/5794
f 4775/5596 4776/5799 4774/5798
f 4775/5596 4774/5798 4773/5597
f 4777/5600 4778/5800 4776/5799
f 4777/5600 4776/5799 4775/5596
f 4779/5602 4780/5801 4778/5800
f 4779/5602 4778/5800 4777/5600
f 4781/5203 4782/5415 4780/5801
f 4781/5203 4780/5801 4779/5602
f 4783/5802 4784/5605 4766/5604
f 4783/5802 4766/5604 4765/5792
f 4785/5803 4786/5616 4784/5605
f 4785/5803 4784/5605 4783/5802
f 4787/5804 4788/5805 4786/5806
f 4787/5804 4786/5806 4785/5807
f 4789/5808 4790/5809 4788/5805
f 4789/5808 4788/5805 4787/5804
f 4791/5810 4792/5811 4790/5809
f 4791/5810 4790/5809 4789/5808
f 4713/5588 4767/5587 4766/5604
f 4713/5588 4766/5604 4716/5603
f 4795/5812 4796/5556 4793/5569
f 4795/5812 4793/5569 4794/5813
f 4797/5814 4798/5815 4796/5816
f 4797/5814 4796/5816 4795/5817
f 4799/5818 4800/5819 4798/5815
f 4799/5818 4798/5815 4797/5814
f 4801/5820 4802/5821 4800/5819
f 4801/5820 4800/5819 4799/5818
f 4803/5822 4804/5823 4802/5821
f 4803/5822 4802/5821 4801/5820
f 4805/5824 4806/5825 4804/5823
f 4805/5824 4804/5823 4803/5822
f 4807/5826 4808/5827 4806/5825
f 4807/5826 4806/5825 4805/5824
f 4809/5442 4810/5443 4808/5827
f 4809/5442 4808/5827 4807/5826
f 4811/5572 4812/5828 4794/5813
f 4811/5572 4794/5813 4793/5569
f 4813/5578 4814/5829 4812/5828
f 4813/5578 4812/5828 4811/5572
f 4815/5830 4816/5831 4814/5832
f 4815/5830 4814/5832 4813/5833
f 4817/5834 4818/5835 4816/5831
f 4817/5834 4816/5831 4815/5830
f 4819/5836 4820/5837 4818/5835
f 4819/5836 4818/5835 4817/5834
f 4907/5573 4666/5576 4665/5724
f 4907/5573 4665/5724 4908/5723
f 4719/5838 4838/5839 4825/5736
f 4719/5838 4825/5736 4732/5735
f 4723/5840 4834/5841 4823/5760
f 4723/5840 4823/5760 4734/5759
f 4715/5842 4842/5843 4831/5844
f 4715/5842 4831/5844 4726/5845
f 4717/5768 4840/5767 4824/5750
f 4717/5768 4824/5750 4733/5749
f 4728/5846 4829/5847 4832/5766
f 4728/5846 4832/5766 4725/5765
f 4710/5776 4847/5775 4846/5720
f 4710/5776 4846/5720 4711/5719
f 4714/5738 4843/5737 4842/5843
f 4714/5738 4842/5843 4715/5842
f 4713/5756 4844/5755 4826/5728
f 4713/5756 4826/5728 4731/5727
f 4718/5762 4839/5761 4838/5839
f 4718/5762 4838/5839 4719/5838
f 4730/5848 4827/5849 4845/5742
f 4730/5848 4845/5742 4712/5741
f 4721/5772 4836/5771 4822/5467
f 4721/5772 4822/5467 4735/5466
f 4722/5770 4835/5769 4834/5841
f 4722/5770 4834/5841 4723/5840
f 4842/5850 4841/5851 4832/5852
f 4842/5850 4832/5852 4831/5853
f 4830/5854 4829/5855 4848/5856
f 4830/5854 4848/5856 4847/5857
f 4709/5744 4848/5743 4829/5847
f 4709/5744 4829/5847 4728/5846
f 4838/5858 4837/5859 4826/5860
f 4838/5858 4826/5860 4825/5861
f 4831/5853 4832/5852 4829/5855
f 4831/5853 4829/5855 4830/5854
f 4825/5861 4826/5860 4844/5862
f 4825/5861 4844/5862 4843/5863
f 4834/5864 4833/5865 4824/5866
f 4834/5864 4824/5866 4823/5867
f 4835/5868 4836/5869 4833/5865
f 4835/5868 4833/5865 4834/5864
f 4823/5867 4824/5866 4840/5870
f 4823/5867 4840/5870 4839/5871
f 4847/5857 4848/5856 4845/5872
f 4847/5857 4845/5872 4846/5873
f 4846/5873 4845/5872 4827/5874
f 4846/5873 4827/5874 4828/5875
f 4843/5863 4844/5862 4841/5851
f 4843/5863 4841/5851 4842/5850
f 4821/5494 4822/5495 4836/5869
f 4821/5494 4836/5869 4835/5868
f 4839/5876 4840/5877 4837/5859
f 4839/5876 4837/5859 4838/5858
f 4726/5845 4831/5844 4830/5774
f 4726/5845 4830/5774 4727/5773
f 4827/5878 4861/5879 4862/5880
f 4827/5878 4862/5880 4828/5881
f 4851/5882 4849/5883 4920/5884
f 4920/5884 4860/5885 4859/5886
f 4858/5887 4857/5888 4891/5889
f 4891/5889 4850/5890 4852/5891
f 4891/5889 4852/5891 4856/5892
f 4891/5889 4856/5892 4851/5882
f 4851/5882 4920/5884 4859/5886
f 4859/5886 4853/5893 4862/5894
f 4851/5895 4859/5896 4862/5897
f 4851/5882 4862/5894 4861/5898
f 4891/5889 4851/5882 4861/5898
f 4858/5899 4891/5900 4861/5901
f 4861/5902 4854/5903 4858/5904
f 4729/5905 4853/5906 4859/5907
f 4729/5905 4859/5907 4819/5836
f 4919/5716 4920/5908 4849/5909
f 4919/5716 4849/5909 4653/5717
f 4819/5836 4859/5907 4860/5910
f 4819/5836 4860/5910 4820/5837
f 4792/5911 4858/5912 4854/5913
f 4792/5911 4854/5913 4730/5914
f 4890/5628 4891/5915 4857/5916
f 4890/5628 4857/5916 4791/5810
f 4791/5810 4857/5916 4858/5917
f 4791/5810 4858/5917 4792/5811
f 4749/5918 4855/5919 4856/5920
f 4749/5918 4856/5920 4750/5921
f 4681/5922 4851/5923 4855/5919
f 4681/5922 4855/5919 4749/5918
f 4828/5721 4862/5897 4853/5924
f 4828/5721 4853/5924 4729/5722
f 4730/5848 4854/5925 4861/5901
f 4730/5848 4861/5901 4827/5849
f 4695/5926 4852/5927 4850/5928
f 4695/5926 4850/5928 4667/5929
f 4750/5921 4856/5920 4852/5927
f 4750/5921 4852/5927 4695/5926
f 4653/5930 4849/5931 4851/5923
f 4653/5930 4851/5923 4681/5922
f 4570/5932 4868/5190 4869/5193
f 4570/5932 4869/5193 4572/5933
f 4561/5934 4577/5935 4865/5209
f 4561/5934 4865/5209 4863/5208
f 4583/5422 4585/5424 4876/5227
f 4583/5422 4876/5227 4875/5226
f 4561/5934 4863/5208 4864/5231
f 4561/5934 4864/5231 4564/5936
f 4568/5937 4867/5236 4868/5190
f 4568/5937 4868/5190 4570/5932
f 4576/5938 4871/5246 4872/5249
f 4576/5938 4872/5249 4782/5939
f 4579/5419 4581/5418 4874/5251
f 4579/5419 4874/5251 4873/5250
f 4566/5940 4866/5254 4867/5236
f 4566/5940 4867/5236 4568/5937
f 4572/5933 4869/5193 4870/5263
f 4572/5933 4870/5263 4574/5941
f 4577/5935 4579/5419 4873/5250
f 4577/5935 4873/5250 4865/5209
f 4581/5418 4583/5422 4875/5226
f 4581/5418 4875/5226 4874/5251
f 4574/5941 4870/5263 4871/5246
f 4574/5941 4871/5246 4576/5938
f 4564/5936 4864/5231 4866/5254
f 4564/5936 4866/5254 4566/5940
f 4470/5228 4876/5227 4877/5536
f 4470/5228 4877/5536 4640/5942
f 4774/5943 4776/5944 4884/5592
f 4774/5943 4884/5592 4883/5591
f 4765/5945 4878/5607 4880/5610
f 4765/5945 4880/5610 4783/5946
f 4789/5808 4889/5625 4890/5628
f 4789/5808 4890/5628 4791/5810
f 4765/5945 4768/5947 4879/5629
f 4765/5945 4879/5629 4878/5607
f 4772/5948 4774/5943 4883/5591
f 4772/5948 4883/5591 4882/5635
f 4780/5949 4782/5939 4872/5249
f 4780/5949 4872/5249 4886/5645
f 4785/5807 4887/5647 4888/5650
f 4785/5807 4888/5650 4787/5804
f 4770/5950 4772/5948 4882/5635
f 4770/5950 4882/5635 4881/5651
f 4776/5944 4778/5951 4885/5659
f 4776/5944 4885/5659 4884/5592
f 4783/5946 4880/5610 4887/5647
f 4783/5946 4887/5647 4785/5807
f 4787/5804 4888/5650 4889/5625
f 4787/5804 4889/5625 4789/5808
f 4778/5951 4780/5949 4886/5645
f 4778/5951 4886/5645 4885/5659
f 4768/5947 4770/5950 4881/5651
f 4768/5947 4881/5651 4879/5629
f 4667/5627 4850/5952 4891/5915
f 4667/5627 4891/5915 4890/5628
f 4588/5953 4892/5172 4894/5175
f 4588/5953 4894/5175 4604/5954
f 4610/5955 4904/5323 4905/5326
f 4610/5955 4905/5326 4612/5956
f 4589/5429 4591/5428 4895/5332
f 4589/5429 4895/5332 4893/5331
f 4595/5434 4597/5436 4898/5340
f 4595/5434 4898/5340 4897/5339
f 4601/5440 4809/5442 4901/5348
f 4601/5440 4901/5348 4900/5347
f 4606/5957 4902/5355 4903/5358
f 4606/5957 4903/5358 4608/5958
f 4591/5428 4593/5432 4896/5367
f 4591/5428 4896/5367 4895/5332
f 4597/5436 4599/5438 4899/5373
f 4597/5436 4899/5373 4898/5340
f 4604/5954 4894/5175 4902/5355
f 4604/5954 4902/5355 4606/5957
f 4608/5958 4903/5358 4904/5323
f 4608/5958 4904/5323 4610/5955
f 4593/5432 4595/5434 4897/5339
f 4593/5432 4897/5339 4896/5367
f 4599/5438 4601/5440 4900/5347
f 4599/5438 4900/5347 4899/5373
f 4588/5953 4589/5429 4893/5331
f 4588/5953 4893/5331 4892/5172
f 4612/5956 4905/5326 4906/5529
f 4612/5956 4906/5529 4650/5959
f 4794/5960 4812/5961 4909/5574
f 4794/5960 4909/5574 4907/5573
f 4818/5962 4820/5963 4919/5716
f 4818/5962 4919/5716 4918/5715
f 4795/5817 4908/5723 4910/5726
f 4795/5817 4910/5726 4797/5814
f 4801/5820 4912/5731 4913/5734
f 4801/5820 4913/5734 4803/5822
f 4807/5826 4915/5739 4901/5348
f 4807/5826 4901/5348 4809/5442
f 4814/5964 4816/5965 4917/5746
f 4814/5964 4917/5746 4916/5745
f 4797/5814 4910/5726 4911/5758
f 4797/5814 4911/5758 4799/5818
f 4803/5822 4913/5734 4914/5764
f 4803/5822 4914/5764 4805/5824
f 4812/5961 4814/5964 4916/5745
f 4812/5961 4916/5745 4909/5574
f 4816/5965 4818/5962 4918/5715
f 4816/5965 4918/5715 4917/5746
f 4799/5818 4911/5758 4912/5731
f 4799/5818 4912/5731 4801/5820
f 4805/5824 4914/5764 4915/5739
f 4805/5824 4915/5739 4807/5826
f 4794/5960 4907/5573 4908/5723
f 4794/5960 4908/5723 4795/5817
f 4820/5963 4860/5966 4920/5908
f 4820/5963 4920/5908 4919/5716
f 4922/5967 5013/5968 5012/5969
f 4924/5970 5014/5971 5013/5968
f 4926/5972 5015/5973 5014/5971
f 4928/5974 5016/5975 5015/5973
f 4930/5976 5017/5977 5016/5978
f 4932/5979 5018/5980 5017/5977
f 4934/5981 5019/5982 5018/5980
f 4936/5983 5020/5984 5019/5982
f 4938/5985 5021/5986 5020/5984
f 4940/5987 5022/5988 5021/5986
f 4942/5989 5023/5990 5022/5988
f 4944/5991 5024/5992 5023/5990
f 4946/5993 5025/5994 5024/5995
f 4948/5996 5026/5997 5025/5994
f 4950/5998 5027/5999 5026/5997
f 4952/6000 5028/6001 5027/5999
f 4954/6002 5029/6003 5028/6001
f 4956/6004 5030/6005 5029/6003
f 4958/6006 5031/6007 5030/6005
f 4960/6008 5032/6009 5031/6007
f 4962/6010 5033/6011 5032/6012
f 4964/6013 5034/6014 5033/6011
f 4966/6015 5035/6016 5034/6014
f 4968/6017 5036/6018 5035/6016
f 4970/6019 5037/6020 5036/6018
f 4972/6021 5038/6022 5037/6020
f 4974/6023 5039/6024 5038/6022
f 4976/6025 5040/6026 5039/6024
f 4978/6027 5041/6028 5040/6029
f 4980/6030 5042/6031 5041/6028
f 5378/6032 5096/6033 5114/6034
f 4984/6035 5012/5969 5043/6036
f 4982/6037 5043/6036 5042/6031
f 5045/6038 5113/6039 5379/6040
f 5380/6041 5112/6042 5046/6043
f 5381/6044 5102/6045 5047/6046
f 5049/6047 5101/6048 5048/6049
f 5050/6050 5100/6051 5382/6052
f 5051/6053 5111/6054 5383/6055
f 5052/6056 5122/6057 5384/6058
f 5053/6059 5121/6060 5385/6061
f 5054/6062 5110/6063 5386/6064
f 5055/6065 5124/6066 5109/6067
f 5057/6068 5123/6069 5108/6070
f 5058/6071 5114/6034 5099/6072
f 5379/6040 5098/6073 5388/6074
f 5046/6043 5097/6075 5389/6076
f 5047/6046 5120/6077 5390/6078
f 5048/6049 5119/6079 5391/6080
f 5056/6081 5111/6054 5124/6066
f 5059/6082 5100/6051 5118/6083
f 5060/6084 5122/6057 5107/6085
f 5385/6061 5106/6086 5061/6087
f 5386/6064 5096/6033 5044/6088
f 5055/6065 5095/6089 5045/6038
f 5057/6068 5094/6090 5380/6041
f 5058/6071 5117/6091 5381/6044
f 5049/6047 5097/6075 5116/6092
f 5050/6050 5098/6073 5115/6093
f 5051/6053 5120/6077 5105/6094
f 5391/6080 5104/6095 5052/6096
f 5059/6082 5103/6097 5053/6059
f 5060/6084 5125/6098 5054/6062
f 5061/6087 5123/6099 5387/6100
f 5134/6101 5133/6102 5126/6103
f 5155/6104 5150/6105 5077/6106
f 5176/6107 5264/6108 5160/6109
f 5162/6110 5274/6111 5175/6112
f 5168/6113 5278/6114 5179/6115
f 5277/6116 5267/6117 5165/6118
f 5012/6119 4923/6120 4921/6121
f 5013/6122 4925/6123 4923/6120
f 5014/6124 4927/6125 4925/6123
f 5015/6126 4929/6127 4927/6125
f 5016/5978 4931/6128 4929/6129
f 5017/5977 4933/6130 4931/6128
f 5018/5980 4935/6131 4933/6130
f 4935/6131 5020/5984 4937/6132
f 5020/5984 4939/6133 4937/6132
f 5021/5986 4941/6134 4939/6133
f 5022/5988 4943/6135 4941/6134
f 5023/5990 4945/6136 4943/6135
f 5024/5995 4947/6137 4945/6138
f 5025/5994 4949/6139 4947/6137
f 5026/5997 4951/6140 4949/6139
f 5027/5999 4953/6141 4951/6140
f 4953/6141 5029/6003 4955/6142
f 5029/6003 4957/6143 4955/6142
f 5030/6005 4959/6144 4957/6143
f 5031/6007 4961/6145 4959/6144
f 5032/6012 4963/6146 4961/6147
f 5033/6011 4965/6148 4963/6146
f 5034/6014 4967/6149 4965/6148
f 5035/6016 4969/6150 4967/6149
f 4969/6150 5037/6020 4971/6151
f 5037/6020 4973/6152 4971/6151
f 5038/6022 4975/6153 4973/6152
f 5039/6024 4977/6154 4975/6153
f 5040/6155 4979/6156 4977/6157
f 5041/6158 4981/6159 4979/6156
f 5043/6160 4921/6121 4983/6161
f 5042/6162 4983/6161 4981/6159
f 5352/6163 5422/6164 5376/6165
f 5368/6166 5394/6167 5348/6168
f 5358/6169 5415/6170 5369/6171
f 5375/6172 5401/6173 5355/6174
f 5365/6175 5423/6176 5377/6177
f 5350/6178 5408/6179 5362/6180
f 5367/6181 5393/6182 5347/6183
f 5357/6184 5414/6185 5368/6166
f 5374/6186 5400/6187 5354/6188
f 5364/6189 5421/6190 5375/6172
f 5349/6191 5407/6192 5361/6193
f 5366/6194 5392/6195 5346/6196
f 5356/6197 5413/6198 5367/6181
f 5373/6199 5399/6200 5353/6201
f 5363/6202 5420/6203 5374/6186
f 5348/6168 5406/6204 5360/6205
f 5355/6174 5412/6206 5366/6194
f 5094/6090 5066/6207 5112/6042
f 5113/6039 5064/6208 5068/6209
f 5114/6210 5065/6211 5070/6212
f 5115/6213 5069/6214 5072/6215
f 5116/6092 5067/6216 5074/6217
f 5099/6218 5076/6219 5117/6220
f 5100/6221 5078/6222 5118/6223
f 5101/6048 5080/6224 5119/6079
f 5102/6045 5082/6225 5120/6077
f 5103/6226 5084/6227 5121/6228
f 5104/6095 5086/6229 5122/6230
f 5105/6094 5062/6231 5111/6054
f 5106/6232 5088/6233 5123/6069
f 5111/6054 5090/6234 5124/6066
f 5107/6235 5092/6236 5125/6237
f 5094/6090 5089/6238 5063/6239
f 5109/6067 5064/6208 5095/6089
f 5110/6240 5065/6211 5096/6241
f 5112/6042 5067/6216 5097/6075
f 5113/6242 5069/6214 5098/6243
f 5114/6210 5071/6244 5099/6218
f 5115/6213 5073/6245 5100/6221
f 5101/6048 5074/6217 5075/6246
f 5117/6091 5077/6106 5102/6045
f 5118/6223 5079/6247 5103/6226
f 5119/6079 5081/6248 5104/6095
f 5120/6077 5083/6249 5105/6094
f 5121/6228 5085/6250 5106/6251
f 5107/6235 5086/6252 5087/6253
f 5123/6069 5089/6238 5108/6070
f 5109/6067 5090/6234 5091/6254
f 5125/6237 5093/6255 5110/6240
f 5070/6256 5134/6101 5126/6103
f 5064/6208 5135/6257 5068/6209
f 5066/6258 5138/6259 5137/6260
f 5093/6261 5140/6262 5139/6263
f 5090/6234 5141/6264 5091/6254
f 5088/6265 5143/6266 5089/6267
f 5086/6268 5145/6269 5087/6270
f 5084/6271 5147/6272 5085/6273
f 5083/6249 5077/6106 5149/6274
f 5080/6275 5151/6276 5081/6277
f 5078/6278 5153/6279 5079/6280
f 5077/6106 5127/6281 5155/6104
f 5075/6282 5129/6283 5156/6284
f 5072/6285 5157/6286 5073/6287
f 5070/6256 5128/6288 5071/6289
f 5068/6209 5132/6290 5069/6291
f 5067/6292 5137/6260 5130/6293
f 5065/6294 5139/6263 5134/6101
f 5091/6254 5136/6295 5064/6208
f 5063/6296 5143/6266 5138/6259
f 5092/6297 5145/6269 5140/6262
f 5090/6234 5158/6298 5142/6299
f 5088/6265 5147/6272 5144/6300
f 5083/6249 5158/6298 5062/6231
f 5086/6268 5151/6276 5146/6301
f 5079/6280 5148/6302 5084/6271
f 5075/6282 5152/6303 5080/6275
f 5073/6287 5154/6304 5078/6278
f 5076/6305 5128/6288 5127/6281
f 5067/6292 5129/6283 5074/6306
f 5072/6285 5132/6290 5131/6307
f 5128/6288 5169/6308 5127/6281
f 5130/6309 5170/6310 5129/6311
f 5132/6290 5171/6312 5131/6307
f 5133/6102 5263/6313 5172/6314
f 5136/6295 5173/6315 5135/6257
f 5138/6316 5174/6317 5137/6318
f 5140/6262 5175/6319 5139/6263
f 5142/6299 5176/6320 5141/6264
f 5144/6321 5177/6322 5143/6323
f 5145/6269 5165/6324 5178/6325
f 5148/6302 5275/6326 5147/6272
f 5150/6105 5276/6327 5149/6274
f 5152/6328 5277/6329 5151/6330
f 5154/6304 5179/6331 5153/6279
f 5127/6281 5279/6332 5155/6104
f 5156/6333 5170/6310 5280/6334
f 5131/6307 5281/6335 5157/6286
f 5133/6102 5159/6336 5128/6288
f 5135/6257 5262/6337 5132/6290
f 5137/6318 5261/6338 5130/6309
f 5139/6263 5263/6313 5134/6101
f 5141/6264 5160/6339 5136/6295
f 5143/6323 5161/6340 5138/6316
f 5145/6269 5162/6341 5140/6262
f 5158/6298 5163/6342 5142/6299
f 5147/6272 5164/6343 5144/6300
f 5149/6274 5270/6344 5158/6298
f 5146/6301 5277/6345 5165/6324
f 5148/6302 5179/6331 5268/6346
f 5155/6104 5166/6347 5150/6105
f 5156/6333 5167/6348 5152/6328
f 5157/6286 5168/6349 5154/6304
f 5007/6350 5180/6351 5260/6352
f 4988/6353 5182/6354 5257/6355
f 4997/6356 5184/6357 4998/6358
f 5006/6359 5187/6360 5186/6361
f 4986/6362 5188/6363 4987/6364
f 4995/6365 5190/6366 4996/6367
f 5003/6368 5192/6369 5004/6370
f 4985/6371 5195/6372 5194/6373
f 5258/6374 5197/6375 5196/6376
f 5256/6377 5198/6378 5195/6372
f 5259/6379 5199/6380 5002/6381
f 4993/6382 5202/6383 5201/6384
f 5010/6385 5204/6386 5203/6387
f 5000/6388 5205/6389 5001/6390
f 4990/6391 5207/6392 4991/6393
f 5008/6394 5180/6351 5209/6395
f 4998/6358 5210/6396 4999/6397
f 5257/6355 5211/6398 4989/6399
f 5007/6350 5186/6361 5181/6400
f 4987/6364 5183/6401 4988/6353
f 4997/6356 5190/6366 5185/6402
f 5005/6403 5192/6369 5187/6360
f 4985/6371 5189/6404 4986/6362
f 4995/6365 5196/6376 5191/6405
f 5002/6381 5193/6406 5003/6368
f 4993/6382 5197/6375 4994/6407
f 5010/6385 5198/6378 5011/6408
f 5001/6390 5200/6409 5259/6379
f 4991/6393 5202/6383 4992/6410
f 5008/6394 5204/6386 5009/6411
f 4999/6397 5206/6412 5000/6388
f 4989/6399 5208/6413 4990/6391
f 5209/6414 5212/6415 5204/6416
f 5210/6417 5214/6418 5206/6419
f 5208/6420 5217/6421 5216/6422
f 5181/6423 5218/6424 5180/6425
f 5183/6426 5220/6427 5182/6428
f 5185/6429 5222/6430 5184/6431
f 5187/6432 5224/6433 5186/6434
f 5189/6435 5226/6436 5188/6437
f 5191/6438 5228/6439 5190/6440
f 5193/6441 5230/6442 5192/6443
f 5195/6444 5232/6445 5194/6446
f 5197/6447 5234/6448 5196/6449
f 5198/6450 5233/6451 5195/6444
f 5200/6452 5237/6453 5199/6454
f 5202/6455 5239/6456 5201/6457
f 5203/6458 5212/6415 5241/6459
f 5206/6419 5242/6460 5205/6461
f 5208/6420 5243/6462 5207/6463
f 5180/6425 5213/6464 5209/6465
f 5184/6431 5215/6466 5210/6417
f 5182/6428 5217/6421 5211/6467
f 5186/6434 5219/6468 5181/6423
f 5188/6437 5221/6469 5183/6470
f 5190/6440 5223/6471 5185/6429
f 5192/6443 5225/6472 5187/6432
f 5194/6446 5227/6473 5189/6435
f 5196/6474 5229/6475 5191/6438
f 5199/6454 5231/6476 5193/6441
f 5201/6457 5235/6477 5197/6447
f 5203/6458 5236/6478 5198/6450
f 5205/6461 5238/6479 5200/6480
f 5207/6463 5240/6481 5202/6455
f 5248/6482 5246/6483 5227/6484
f 5215/6485 5248/6482 5214/6486
f 5219/6487 5254/6488 5218/6489
f 5221/6490 5244/6491 5220/6492
f 5225/6493 5252/6494 5224/6495
f 5235/6496 5247/6497 5234/6498
f 5238/6499 5249/6500 5237/6501
f 5239/6502 5240/6503 5246/6483
f 5213/6504 5254/6488 5255/6505
f 5220/6492 5245/6506 5217/6507
f 5219/6487 5252/6494 5253/6508
f 5225/6493 5230/6509 5251/6510
f 5237/6501 5250/6511 5231/6512
f 5159/6513 5329/6514 5271/6515
f 5008/6516 5309/6517 5260/6518
f 4995/6519 5294/6520 5258/6521
f 5177/6522 5319/6523 5161/6524
f 5163/6525 5336/6526 5176/6107
f 5259/6527 5301/6528 5001/6529
f 5279/6530 5325/6531 5166/6532
f 5271/6533 5343/6534 5279/6530
f 5257/6535 5286/6536 4988/6537
f 5260/6518 5308/6538 5007/6539
f 5258/6540 5293/6541 4994/6542
f 5176/6107 5318/6543 5264/6108
f 5265/6544 5335/6545 5274/6111
f 5001/6529 5300/6546 5000/6547
f 5278/6114 5324/6548 5268/6549
f 4988/6550 5285/6551 4987/6552
f 5269/6553 5342/6554 5278/6114
f 5006/6555 5308/6538 5307/6556
f 4994/6542 5292/6557 4993/6558
f 5274/6111 5317/6559 5263/6560
f 5161/6524 5334/6561 5174/6562
f 5000/6547 5299/6563 4999/6564
f 5277/6116 5323/6565 5267/6117
f 5167/6566 5341/6567 5277/6568
f 4987/6552 5284/6569 4986/6570
f 5006/6555 5306/6571 5005/6572
f 5174/6562 5315/6573 5261/6574
f 4993/6558 5291/6575 4992/6576
f 5264/6108 5333/6577 5173/6578
f 5256/6579 5313/6580 5011/6581
f 4999/6564 5298/6582 4998/6583
f 5276/6584 5328/6585 5270/6586
f 5159/6513 5271/6515 5169/6587
f 5178/6588 5265/6544 5162/6110
f 5261/6574 5272/6589 5170/6590
f 5281/6591 5269/6553 5168/6113
f 5171/6592 5262/6593 5273/6594
f 5275/6595 5266/6596 5164/6597
f 5314/6598 5310/6599 5329/6600
f 5315/6601 5299/6563 5330/6602
f 5316/6603 5288/6604 5331/6605
f 5332/6606 5307/6607 5308/6608
f 5318/6609 5286/6610 5333/6611
f 5319/6612 5297/6613 5334/6614
f 5320/6615 5306/6616 5335/6617
f 5321/6618 5284/6619 5336/6620
f 5322/6621 5295/6622 5337/6623
f 5338/6624 5303/6625 5304/6626
f 5339/6627 5292/6628 5293/6629
f 5325/6630 5313/6631 5340/6632
f 5341/6633 5301/6528 5302/6634
f 5342/6635 5290/6636 5291/6637
f 5329/6600 5311/6638 5343/6639
f 5344/6640 5299/6563 5300/6546
f 5331/6605 5289/6641 5345/6642
f 5332/6606 5309/6643 5314/6598
f 5333/6611 5287/6644 5316/6603
f 5334/6614 5298/6582 5315/6601
f 5335/6617 5307/6607 5317/6645
f 5318/6609 5284/6619 5285/6646
f 5337/6623 5296/6647 5319/6612
f 5338/6624 5305/6648 5320/6615
f 5328/6649 5283/6650 5321/6618
f 5322/6651 5293/6629 5294/6652
f 5328/6649 5313/6631 5282/6653
f 5341/6654 5303/6625 5323/6655
f 5342/6635 5292/6628 5324/6656
f 5343/6639 5312/6657 5325/6630
f 5326/6658 5300/6546 5301/6528
f 5345/6642 5290/6636 5327/6659
f 4989/6660 5287/6661 5257/6535
f 5272/6589 5344/6662 5280/6663
f 5280/6663 5326/6664 5167/6566
f 5002/6665 5302/6666 5259/6667
f 5266/6668 5337/6669 5177/6522
f 5178/6588 5320/6670 5265/6544
f 4996/6671 5295/6622 4995/6519
f 5009/6672 5310/6673 5008/6674
f 5261/6574 5330/6675 5272/6589
f 5273/6594 5345/6676 5281/6591
f 4990/6677 5288/6678 4989/6660
f 5281/6591 5327/6679 5269/6553
f 5003/6680 5303/6681 5002/6665
f 5267/6117 5338/6682 5178/6588
f 5270/6586 5321/6683 5163/6525
f 4997/6684 5296/6647 4996/6671
f 5010/6685 5311/6686 5009/6672
f 5273/6594 5316/6687 5331/6688
f 4991/6689 5289/6690 4990/6677
f 5172/6691 5314/6692 5159/6513
f 5004/6693 5304/6694 5003/6680
f 4985/6695 5282/6696 5256/6579
f 5268/6549 5339/6697 5275/6595
f 5275/6595 5322/6698 5266/6596
f 4998/6583 5297/6613 4997/6684
f 5011/6581 5312/6699 5010/6685
f 5263/6560 5332/6700 5172/6691
f 4992/6576 5290/6701 4991/6689
f 5173/6702 5316/6687 5262/6593
f 5005/6572 5305/6703 5004/6693
f 4986/6570 5283/6704 4985/6695
f 5166/6532 5340/6705 5276/6584
f 4972/6706 5346/6707 4974/6708
f 4928/6709 5347/6710 4930/6711
f 4950/5998 5348/6712 4952/6000
f 4978/6713 5349/6714 4980/6715
f 4956/6004 5350/6716 4958/6006
f 4934/6717 5351/6718 4936/6719
f 4984/6720 5352/6721 4922/6722
f 4962/6723 5353/6724 4964/6725
f 4940/6726 5354/6727 4942/6728
f 4968/6729 5355/6730 4970/6731
f 4924/6732 5356/6733 4926/6734
f 4946/5993 5357/6735 4948/5996
f 4974/6708 5358/6736 4976/6737
f 4930/6711 5359/6738 4932/6739
f 4952/6000 5360/6740 4954/6002
f 4982/6741 5349/6714 5361/6742
f 4958/6006 5362/6743 4960/6008
f 4922/6722 5376/6744 4924/6732
f 4936/6719 5363/6745 4938/6746
f 4964/6725 5364/6747 4966/6748
f 4942/6728 5365/6749 4944/6750
f 4970/6731 5366/6751 4972/6706
f 4926/6734 5367/6752 4928/6709
f 4948/5996 5368/6753 4950/5998
f 4976/6737 5369/6754 4978/6713
f 4954/6002 5370/6755 4956/6004
f 4932/6739 5371/6756 4934/6717
f 4982/6741 5372/6757 4984/6720
f 4960/6008 5373/6758 4962/6759
f 4938/6746 5374/6760 4940/6726
f 4966/6748 5375/6761 4968/6729
f 4944/6750 5377/6762 4946/6763
f 5044/6764 5424/6765 5425/6766
f 5045/6767 5444/6768 5055/6769
f 5398/6770 5486/6771 5422/6164
f 5384/6772 5439/6773 5052/6774
f 5414/6185 5458/6775 5394/6167
f 5053/6776 5453/6777 5059/6778
f 5389/6076 5428/6779 5046/6043
f 5404/6780 5479/6781 5415/6170
f 5421/6190 5465/6782 5401/6173
f 5044/6764 5442/6783 5386/6784
f 5411/6785 5487/6786 5423/6176
f 5383/6787 5437/6788 5051/6789
f 5396/6790 5472/6791 5408/6179
f 5413/6198 5457/6792 5393/6182
f 5052/6096 5452/6793 5391/6080
f 5388/6794 5426/6795 5379/6796
f 5403/6797 5478/6798 5414/6185
f 5420/6203 5464/6799 5400/6187
f 5061/6800 5440/6801 5385/6802
f 5410/6803 5485/6804 5421/6190
f 5395/6805 5471/6806 5407/6192
f 5382/6807 5435/6808 5050/6809
f 5412/6206 5456/6810 5392/6195
f 5051/6789 5451/6811 5390/6812
f 5058/6813 5424/6765 5378/6814
f 5402/6815 5477/6816 5413/6198
f 5419/6817 5463/6818 5399/6200
f 5060/6819 5438/6820 5384/6772
f 5409/6821 5484/6822 5420/6203
f 5394/6167 5470/6823 5406/6204
f 5048/6049 5433/6824 5049/6047
f 5050/6809 5449/6825 5388/6794
f 5376/6165 5402/6815 5356/6197
f 5360/6205 5416/6826 5370/6827
f 5369/6828 5395/6805 5349/6191
f 5351/6829 5409/6821 5363/6202
f 5377/6830 5403/6797 5357/6184
f 5359/6831 5417/6832 5371/6833
f 5370/6827 5396/6790 5350/6178
f 5353/6201 5410/6803 5364/6189
f 5346/6196 5404/6780 5358/6169
f 5361/6193 5418/6834 5372/6835
f 5351/6829 5417/6832 5397/6836
f 5354/6188 5411/6785 5365/6175
f 5347/6837 5405/6838 5359/6831
f 5362/6180 5419/6839 5373/6840
f 5372/6835 5398/6770 5352/6163
f 5456/6841 5425/6842 5424/6843
f 5477/6844 5426/6845 5457/6846
f 5478/6847 5428/6779 5458/6848
f 5479/6849 5430/6850 5459/6851
f 5480/6852 5432/6853 5460/6854
f 5481/6855 5434/6856 5461/6857
f 5482/6858 5436/6859 5462/6860
f 5483/6861 5438/6862 5463/6863
f 5484/6864 5440/6865 5464/6866
f 5485/6867 5442/6868 5465/6869
f 5486/6870 5444/6871 5466/6872
f 5487/6873 5446/6874 5467/6875
f 5456/6841 5448/6876 5468/6877
f 5469/6878 5426/6845 5449/6879
f 5458/6848 5450/6880 5470/6881
f 5459/6851 5451/6882 5471/6883
f 5460/6854 5452/6793 5472/6884
f 5486/6870 5436/6859 5445/6885
f 5461/6857 5453/6886 5473/6887
f 5474/6888 5438/6862 5454/6889
f 5464/6866 5455/6890 5475/6891
f 5465/6869 5425/6842 5476/6892
f 5466/6872 5427/6893 5477/6844
f 5467/6875 5429/6894 5478/6847
f 5468/6877 5431/6895 5479/6849
f 5470/6881 5433/6824 5480/6852
f 5481/6855 5449/6879 5435/6896
f 5471/6883 5437/6897 5482/6858
f 5472/6884 5439/6898 5483/6899
f 5473/6887 5441/6900 5484/6864
f 5474/6888 5443/6901 5485/6867
f 5475/6891 5447/6902 5487/6903
f 5422/6164 5466/6904 5402/6815
f 5406/6204 5480/6905 5416/6826
f 5390/6812 5430/6906 5047/6907
f 5054/6908 5454/6909 5060/6819
f 5415/6910 5459/6911 5395/6805
f 5385/6802 5441/6912 5053/6776
f 5397/6836 5473/6913 5409/6821
f 5380/6041 5446/6874 5057/6068
f 5379/6914 5427/6915 5045/6767
f 5423/6916 5467/6917 5403/6797
f 5405/6838 5481/6918 5417/6832
f 5391/6080 5432/6853 5048/6049
f 5387/6919 5455/6920 5061/6800
f 5416/6826 5460/6921 5396/6790
f 5386/6784 5443/6922 5054/6908
f 5399/6200 5474/6923 5410/6803
f 5381/6924 5448/6925 5058/6813
f 5046/6043 5429/6894 5380/6041
f 5392/6195 5468/6926 5404/6780
f 5407/6192 5482/6927 5418/6834
f 5056/6928 5436/6929 5383/6787
f 5397/6836 5481/6918 5461/6930
f 5400/6187 5475/6931 5411/6785
f 5055/6769 5445/6932 5056/6928
f 5049/6047 5450/6880 5389/6076
f 5393/6933 5469/6934 5405/6838
f 5047/6907 5431/6935 5381/6936
f 5408/6179 5483/6937 5419/6839
f 5059/6778 5434/6938 5382/6807
f 5418/6834 5462/6939 5398/6770
f 5401/6173 5476/6940 5412/6206
f 5057/6068 5447/6941 5387/6942
f 4922/5967 4924/5970 5013/5968
f 4924/5970 4926/5972 5014/5971
f 4926/5972 4928/5974 5015/5973
f 4928/5974 4930/6943 5016/5975
f 4930/5976 4932/5979 5017/5977
f 4932/5979 4934/5981 5018/5980
f 4934/5981 4936/5983 5019/5982
f 4936/5983 4938/5985 5020/5984
f 4938/5985 4940/5987 5021/5986
f 4940/5987 4942/5989 5022/5988
f 4942/5989 4944/5991 5023/5990
f 4944/5991 4946/6944 5024/5992
f 4946/5993 4948/5996 5025/5994
f 4948/5996 4950/5998 5026/5997
f 4950/5998 4952/6000 5027/5999
f 4952/6000 4954/6002 5028/6001
f 4954/6002 4956/6004 5029/6003
f 4956/6004 4958/6006 5030/6005
f 4958/6006 4960/6008 5031/6007
f 4960/6008 4962/6759 5032/6009
f 4962/6010 4964/6013 5033/6011
f 4964/6013 4966/6015 5034/6014
f 4966/6015 4968/6017 5035/6016
f 4968/6017 4970/6019 5036/6018
f 4970/6019 4972/6021 5037/6020
f 4972/6021 4974/6023 5038/6022
f 4974/6023 4976/6025 5039/6024
f 4976/6025 4978/6945 5040/6026
f 4978/6027 4980/6030 5041/6028
f 4980/6030 4982/6037 5042/6031
f 5378/6032 5044/6088 5096/6033
f 4984/6035 4922/5967 5012/5969
f 4982/6037 4984/6035 5043/6036
f 5045/6038 5095/6089 5113/6039
f 5380/6041 5094/6090 5112/6042
f 5381/6044 5117/6091 5102/6045
f 5049/6047 5116/6092 5101/6048
f 5050/6050 5115/6093 5100/6051
f 5051/6053 5105/6094 5111/6054
f 5052/6056 5104/6946 5122/6057
f 5053/6059 5103/6097 5121/6060
f 5054/6062 5125/6098 5110/6063
f 5055/6065 5056/6081 5124/6066
f 5057/6068 5387/6942 5123/6069
f 5058/6071 5378/6032 5114/6034
f 5379/6040 5113/6039 5098/6073
f 5046/6043 5112/6042 5097/6075
f 5047/6046 5102/6045 5120/6077
f 5048/6049 5101/6048 5119/6079
f 5056/6081 5383/6055 5111/6054
f 5059/6082 5382/6052 5100/6051
f 5060/6084 5384/6058 5122/6057
f 5385/6061 5121/6060 5106/6086
f 5386/6064 5110/6063 5096/6033
f 5055/6065 5109/6067 5095/6089
f 5057/6068 5108/6070 5094/6090
f 5058/6071 5099/6072 5117/6091
f 5049/6047 5389/6076 5097/6075
f 5050/6050 5388/6074 5098/6073
f 5051/6053 5390/6078 5120/6077
f 5391/6080 5119/6079 5104/6095
f 5059/6082 5118/6083 5103/6097
f 5060/6084 5107/6085 5125/6098
f 5061/6087 5106/6086 5123/6099
f 5077/6106 5150/6105 5149/6274
f 5128/6288 5126/6103 5133/6102
f 5169/6947 5271/6533 5279/6530
f 5162/6110 5265/6544 5274/6111
f 5179/6115 5278/6114 5268/6549
f 5168/6113 5269/6553 5278/6114
f 5175/6112 5274/6111 5263/6560
f 5160/6109 5264/6108 5173/6578
f 5212/6948 5213/6504 5255/6505
f 5012/6119 5013/6122 4923/6120
f 5013/6122 5014/6124 4925/6123
f 5014/6124 5015/6126 4927/6125
f 5015/6126 5016/6949 4929/6127
f 5016/5978 5017/5977 4931/6128
f 5017/5977 5018/5980 4933/6130
f 5018/5980 5019/5982 4935/6131
f 4935/6131 5019/5982 5020/5984
f 5020/5984 5021/5986 4939/6133
f 5021/5986 5022/5988 4941/6134
f 5022/5988 5023/5990 4943/6135
f 5023/5990 5024/5992 4945/6136
f 5024/5995 5025/5994 4947/6137
f 5025/5994 5026/5997 4949/6139
f 5026/5997 5027/5999 4951/6140
f 5027/5999 5028/6001 4953/6141
f 4953/6141 5028/6001 5029/6003
f 5029/6003 5030/6005 4957/6143
f 5030/6005 5031/6007 4959/6144
f 5031/6007 5032/6009 4961/6145
f 5032/6012 5033/6011 4963/6146
f 5033/6011 5034/6014 4965/6148
f 5034/6014 5035/6016 4967/6149
f 5035/6016 5036/6018 4969/6150
f 4969/6150 5036/6018 5037/6020
f 5037/6020 5038/6022 4973/6152
f 5038/6022 5039/6024 4975/6153
f 5039/6024 5040/6026 4977/6154
f 5040/6155 5041/6158 4979/6156
f 5041/6158 5042/6162 4981/6159
f 5043/6160 5012/6119 4921/6121
f 5042/6162 5043/6160 4983/6161
f 5352/6163 5398/6770 5422/6164
f 5368/6166 5414/6185 5394/6167
f 5358/6169 5404/6780 5415/6170
f 5375/6172 5421/6190 5401/6173
f 5365/6175 5411/6785 5423/6176
f 5350/6178 5396/6790 5408/6179
f 5367/6181 5413/6198 5393/6182
f 5357/6184 5403/6797 5414/6185
f 5374/6186 5420/6203 5400/6187
f 5364/6189 5410/6803 5421/6190
f 5349/6191 5395/6805 5407/6192
f 5366/6194 5412/6206 5392/6195
f 5356/6197 5402/6815 5413/6198
f 5373/6199 5419/6817 5399/6200
f 5363/6202 5409/6821 5420/6203
f 5348/6168 5394/6167 5406/6204
f 5355/6174 5401/6173 5412/6206
f 5094/6090 5063/6239 5066/6207
f 5113/6039 5095/6089 5064/6208
f 5114/6210 5096/6241 5065/6211
f 5115/6213 5098/6243 5069/6214
f 5116/6092 5097/6075 5067/6216
f 5099/6218 5071/6244 5076/6219
f 5100/6221 5073/6245 5078/6222
f 5101/6048 5075/6246 5080/6224
f 5102/6045 5077/6106 5082/6225
f 5103/6226 5079/6247 5084/6227
f 5104/6095 5081/6248 5086/6229
f 5105/6094 5083/6249 5062/6231
f 5106/6232 5085/6950 5088/6233
f 5111/6054 5062/6231 5090/6234
f 5107/6235 5087/6253 5092/6236
f 5094/6090 5108/6070 5089/6238
f 5109/6067 5091/6254 5064/6208
f 5110/6240 5093/6255 5065/6211
f 5112/6042 5066/6207 5067/6216
f 5113/6242 5068/6951 5069/6214
f 5114/6210 5070/6212 5071/6244
f 5115/6213 5072/6215 5073/6245
f 5101/6048 5116/6092 5074/6217
f 5117/6091 5076/6305 5077/6106
f 5118/6223 5078/6222 5079/6247
f 5119/6079 5080/6224 5081/6248
f 5120/6077 5082/6225 5083/6249
f 5121/6228 5084/6227 5085/6250
f 5107/6235 5122/6952 5086/6252
f 5123/6069 5088/6233 5089/6238
f 5109/6067 5124/6066 5090/6234
f 5125/6237 5092/6236 5093/6255
f 5070/6256 5065/6294 5134/6101
f 5064/6208 5136/6295 5135/6257
f 5066/6258 5063/6296 5138/6259
f 5093/6261 5092/6297 5140/6262
f 5090/6234 5142/6299 5141/6264
f 5088/6265 5144/6300 5143/6266
f 5086/6268 5146/6301 5145/6269
f 5084/6271 5148/6302 5147/6272
f 5083/6249 5082/6225 5077/6106
f 5080/6275 5152/6303 5151/6276
f 5078/6278 5154/6304 5153/6279
f 5077/6106 5076/6305 5127/6281
f 5075/6282 5074/6306 5129/6283
f 5072/6285 5131/6307 5157/6286
f 5070/6256 5126/6103 5128/6288
f 5068/6209 5135/6257 5132/6290
f 5067/6292 5066/6258 5137/6260
f 5065/6294 5093/6261 5139/6263
f 5091/6254 5141/6264 5136/6295
f 5063/6296 5089/6267 5143/6266
f 5092/6297 5087/6270 5145/6269
f 5090/6234 5062/6231 5158/6298
f 5088/6265 5085/6273 5147/6272
f 5083/6249 5149/6274 5158/6298
f 5086/6268 5081/6277 5151/6276
f 5079/6280 5153/6279 5148/6302
f 5075/6282 5156/6284 5152/6303
f 5073/6287 5157/6286 5154/6304
f 5076/6305 5071/6289 5128/6288
f 5067/6292 5130/6293 5129/6283
f 5072/6285 5069/6291 5132/6290
f 5128/6288 5159/6336 5169/6308
f 5130/6309 5261/6338 5170/6310
f 5132/6290 5262/6337 5171/6312
f 5133/6102 5134/6101 5263/6313
f 5136/6295 5160/6339 5173/6315
f 5138/6316 5161/6340 5174/6317
f 5140/6262 5162/6341 5175/6319
f 5142/6299 5163/6342 5176/6320
f 5144/6321 5164/6953 5177/6322
f 5145/6269 5146/6301 5165/6324
f 5148/6302 5268/6346 5275/6326
f 5150/6105 5166/6347 5276/6327
f 5152/6328 5167/6348 5277/6329
f 5154/6304 5168/6349 5179/6331
f 5127/6281 5169/6308 5279/6332
f 5156/6333 5129/6311 5170/6310
f 5131/6307 5171/6312 5281/6335
f 5133/6102 5172/6314 5159/6336
f 5135/6257 5173/6315 5262/6337
f 5137/6318 5174/6317 5261/6338
f 5139/6263 5175/6319 5263/6313
f 5141/6264 5176/6320 5160/6339
f 5143/6323 5177/6322 5161/6340
f 5145/6269 5178/6325 5162/6341
f 5158/6298 5270/6344 5163/6342
f 5147/6272 5275/6326 5164/6343
f 5149/6274 5276/6327 5270/6344
f 5146/6301 5151/6276 5277/6345
f 5148/6302 5153/6279 5179/6331
f 5155/6104 5279/6332 5166/6347
f 5156/6333 5280/6334 5167/6348
f 5157/6286 5281/6335 5168/6349
f 5007/6350 5181/6400 5180/6351
f 4988/6353 5183/6401 5182/6354
f 4997/6356 5185/6402 5184/6357
f 5006/6359 5005/6403 5187/6360
f 4986/6362 5189/6404 5188/6363
f 4995/6365 5191/6405 5190/6366
f 5003/6368 5193/6406 5192/6369
f 4985/6371 5256/6377 5195/6372
f 5258/6374 4994/6407 5197/6375
f 5256/6377 5011/6408 5198/6378
f 5259/6379 5200/6409 5199/6380
f 4993/6382 4992/6410 5202/6383
f 5010/6385 5009/6411 5204/6386
f 5000/6388 5206/6412 5205/6389
f 4990/6391 5208/6413 5207/6392
f 5008/6394 5260/6352 5180/6351
f 4998/6358 5184/6357 5210/6396
f 5257/6355 5182/6354 5211/6398
f 5007/6350 5006/6359 5186/6361
f 4987/6364 5188/6363 5183/6401
f 4997/6356 4996/6367 5190/6366
f 5005/6403 5004/6370 5192/6369
f 4985/6371 5194/6373 5189/6404
f 4995/6365 5258/6374 5196/6376
f 5002/6381 5199/6380 5193/6406
f 4993/6382 5201/6384 5197/6375
f 5010/6385 5203/6387 5198/6378
f 5001/6390 5205/6389 5200/6409
f 4991/6393 5207/6392 5202/6383
f 5008/6394 5209/6395 5204/6386
f 4999/6397 5210/6396 5206/6412
f 4989/6399 5211/6398 5208/6413
f 5209/6414 5213/6954 5212/6415
f 5210/6417 5215/6466 5214/6418
f 5208/6420 5211/6467 5217/6421
f 5181/6423 5219/6468 5218/6424
f 5183/6426 5221/6955 5220/6427
f 5185/6429 5223/6471 5222/6430
f 5187/6432 5225/6472 5224/6433
f 5189/6435 5227/6473 5226/6436
f 5191/6438 5229/6475 5228/6439
f 5193/6441 5231/6476 5230/6442
f 5195/6444 5233/6451 5232/6445
f 5197/6447 5235/6477 5234/6448
f 5198/6450 5236/6478 5233/6451
f 5200/6452 5238/6956 5237/6453
f 5202/6455 5240/6481 5239/6456
f 5203/6458 5204/6416 5212/6415
f 5206/6419 5214/6418 5242/6460
f 5208/6420 5216/6422 5243/6462
f 5180/6425 5218/6424 5213/6464
f 5184/6431 5222/6430 5215/6466
f 5182/6428 5220/6427 5217/6421
f 5186/6434 5224/6433 5219/6468
f 5188/6437 5226/6436 5221/6469
f 5190/6440 5228/6439 5223/6471
f 5192/6443 5230/6442 5225/6472
f 5194/6446 5232/6445 5227/6473
f 5196/6474 5234/6957 5229/6475
f 5199/6454 5237/6453 5231/6476
f 5201/6457 5239/6456 5235/6477
f 5203/6458 5241/6459 5236/6478
f 5205/6461 5242/6460 5238/6479
f 5207/6463 5243/6462 5240/6481
f 5227/6484 5232/6958 5233/6959
f 5233/6959 5236/6960 5227/6484
f 5236/6960 5241/6961 5227/6484
f 5241/6961 5212/6948 5255/6505
f 5255/6505 5254/6488 5253/6508
f 5253/6508 5252/6494 5251/6510
f 5251/6510 5230/6509 5250/6511
f 5250/6511 5249/6500 5248/6482
f 5249/6500 5242/6962 5248/6482
f 5248/6482 5215/6485 5222/6963
f 5222/6963 5223/6964 5228/6965
f 5228/6965 5229/6966 5246/6483
f 5229/6966 5247/6497 5246/6483
f 5247/6497 5235/6496 5246/6483
f 5246/6483 5240/6503 5243/6967
f 5243/6967 5216/6968 5246/6483
f 5216/6968 5245/6506 5246/6483
f 5245/6506 5244/6491 5221/6490
f 5221/6490 5226/6969 5227/6484
f 5241/6961 5255/6505 5227/6484
f 5255/6505 5253/6508 5227/6484
f 5253/6508 5251/6510 5250/6511
f 5248/6482 5222/6963 5246/6483
f 5222/6963 5228/6965 5246/6483
f 5245/6506 5221/6490 5227/6484
f 5253/6508 5250/6511 5227/6484
f 5250/6511 5248/6482 5227/6484
f 5246/6483 5245/6506 5227/6484
f 5216/6968 5217/6507 5245/6506
f 5219/6487 5253/6508 5254/6488
f 5225/6493 5251/6510 5252/6494
f 5230/6509 5231/6512 5250/6511
f 5238/6499 5242/6962 5249/6500
f 5214/6486 5248/6482 5242/6962
f 5213/6504 5218/6489 5254/6488
f 5220/6492 5244/6491 5245/6506
f 5219/6487 5224/6495 5252/6494
f 5229/6966 5234/6498 5247/6497
f 5237/6501 5249/6500 5250/6511
f 5239/6502 5246/6483 5235/6496
f 5159/6513 5314/6692 5329/6514
f 5008/6516 5310/6970 5309/6517
f 4995/6519 5295/6622 5294/6520
f 5177/6522 5337/6669 5319/6523
f 5163/6525 5321/6683 5336/6526
f 5259/6527 5302/6634 5301/6528
f 5279/6530 5343/6534 5325/6531
f 5271/6533 5329/6971 5343/6534
f 5257/6535 5287/6661 5286/6536
f 5260/6518 5309/6517 5308/6538
f 5258/6540 5294/6972 5293/6541
f 5176/6107 5336/6526 5318/6543
f 5265/6544 5320/6670 5335/6545
f 5001/6529 5301/6528 5300/6546
f 5278/6114 5342/6554 5324/6548
f 4988/6550 5286/6973 5285/6551
f 5269/6553 5327/6679 5342/6554
f 5006/6555 5007/6539 5308/6538
f 4994/6542 5293/6541 5292/6557
f 5274/6111 5335/6545 5317/6559
f 5161/6524 5319/6523 5334/6561
f 5000/6547 5300/6546 5299/6563
f 5277/6116 5341/6974 5323/6565
f 5167/6566 5326/6664 5341/6567
f 4987/6552 5285/6551 5284/6569
f 5006/6555 5307/6556 5306/6571
f 5174/6562 5334/6561 5315/6573
f 4993/6558 5292/6557 5291/6575
f 5264/6108 5318/6543 5333/6577
f 5256/6579 5282/6696 5313/6580
f 4999/6564 5299/6563 5298/6582
f 5276/6584 5340/6705 5328/6585
f 5170/6590 5272/6589 5280/6663
f 5164/6975 5266/6668 5177/6522
f 5171/6592 5273/6594 5281/6591
f 5165/6118 5267/6117 5178/6588
f 5314/6598 5309/6643 5310/6599
f 5315/6601 5298/6582 5299/6563
f 5316/6603 5287/6644 5288/6604
f 5332/6606 5317/6645 5307/6607
f 5318/6609 5285/6646 5286/6610
f 5319/6612 5296/6647 5297/6613
f 5320/6615 5305/6648 5306/6616
f 5321/6618 5283/6650 5284/6619
f 5322/6621 5294/6520 5295/6622
f 5338/6624 5323/6655 5303/6625
f 5339/6627 5324/6656 5292/6628
f 5325/6630 5312/6657 5313/6631
f 5341/6633 5326/6658 5301/6528
f 5342/6635 5327/6659 5290/6636
f 5329/6600 5310/6599 5311/6638
f 5344/6640 5330/6602 5299/6563
f 5331/6605 5288/6604 5289/6641
f 5332/6606 5308/6608 5309/6643
f 5333/6611 5286/6610 5287/6644
f 5334/6614 5297/6613 5298/6582
f 5335/6617 5306/6616 5307/6607
f 5318/6609 5336/6620 5284/6619
f 5337/6623 5295/6622 5296/6647
f 5338/6624 5304/6626 5305/6648
f 5328/6649 5282/6653 5283/6650
f 5322/6651 5339/6627 5293/6629
f 5328/6649 5340/6632 5313/6631
f 5341/6654 5302/6976 5303/6625
f 5342/6635 5291/6637 5292/6628
f 5343/6639 5311/6638 5312/6657
f 5326/6658 5344/6640 5300/6546
f 5345/6642 5289/6641 5290/6636
f 4989/6660 5288/6678 5287/6661
f 5272/6589 5330/6675 5344/6662
f 5280/6663 5344/6662 5326/6664
f 5002/6665 5303/6681 5302/6666
f 5266/6668 5322/6977 5337/6669
f 5178/6588 5338/6682 5320/6670
f 4996/6671 5296/6647 5295/6622
f 5009/6672 5311/6686 5310/6673
f 5261/6574 5315/6573 5330/6675
f 5273/6594 5331/6688 5345/6676
f 4990/6677 5289/6690 5288/6678
f 5281/6591 5345/6676 5327/6679
f 5003/6680 5304/6694 5303/6681
f 5267/6117 5323/6565 5338/6682
f 5270/6586 5328/6585 5321/6683
f 4997/6684 5297/6613 5296/6647
f 5010/6685 5312/6699 5311/6686
f 5273/6594 5262/6593 5316/6687
f 4991/6689 5290/6701 5289/6690
f 5172/6691 5332/6700 5314/6692
f 5004/6693 5305/6703 5304/6694
f 4985/6695 5283/6704 5282/6696
f 5268/6549 5324/6548 5339/6697
f 5275/6595 5339/6697 5322/6698
f 4998/6583 5298/6582 5297/6613
f 5011/6581 5313/6580 5312/6699
f 5263/6560 5317/6559 5332/6700
f 4992/6576 5291/6575 5290/6701
f 5173/6702 5333/6978 5316/6687
f 5005/6572 5306/6571 5305/6703
f 4986/6570 5284/6569 5283/6704
f 5166/6532 5325/6531 5340/6705
f 4972/6706 5366/6751 5346/6707
f 4928/6709 5367/6752 5347/6710
f 4950/5998 5368/6753 5348/6712
f 4978/6713 5369/6754 5349/6714
f 4956/6004 5370/6755 5350/6716
f 4934/6717 5371/6756 5351/6718
f 4984/6720 5372/6757 5352/6721
f 4962/6723 5373/6979 5353/6724
f 4940/6726 5374/6760 5354/6727
f 4968/6729 5375/6761 5355/6730
f 4924/6732 5376/6744 5356/6733
f 4946/5993 5377/6980 5357/6735
f 4974/6708 5346/6707 5358/6736
f 4930/6711 5347/6710 5359/6738
f 4952/6000 5348/6712 5360/6740
f 4982/6741 4980/6715 5349/6714
f 4958/6006 5350/6716 5362/6743
f 4922/6722 5352/6721 5376/6744
f 4936/6719 5351/6718 5363/6745
f 4964/6725 5353/6724 5364/6747
f 4942/6728 5354/6727 5365/6749
f 4970/6731 5355/6730 5366/6751
f 4926/6734 5356/6733 5367/6752
f 4948/5996 5357/6735 5368/6753
f 4976/6737 5358/6736 5369/6754
f 4954/6002 5360/6740 5370/6755
f 4932/6739 5359/6738 5371/6756
f 4982/6741 5361/6742 5372/6757
f 4960/6008 5362/6743 5373/6758
f 4938/6746 5363/6745 5374/6760
f 4966/6748 5364/6747 5375/6761
f 4944/6750 5365/6749 5377/6762
f 5044/6764 5378/6814 5424/6765
f 5045/6767 5427/6915 5444/6768
f 5398/6770 5462/6939 5486/6771
f 5384/6772 5438/6820 5439/6773
f 5414/6185 5478/6798 5458/6775
f 5053/6776 5441/6912 5453/6777
f 5389/6076 5450/6880 5428/6779
f 5404/6780 5468/6926 5479/6781
f 5421/6190 5485/6804 5465/6782
f 5044/6764 5425/6766 5442/6783
f 5411/6785 5475/6931 5487/6786
f 5383/6787 5436/6929 5437/6788
f 5396/6790 5460/6921 5472/6791
f 5413/6198 5477/6816 5457/6792
f 5052/6096 5439/6898 5452/6793
f 5388/6794 5449/6825 5426/6795
f 5403/6797 5467/6917 5478/6798
f 5420/6203 5484/6822 5464/6799
f 5061/6800 5455/6920 5440/6801
f 5410/6803 5474/6923 5485/6804
f 5395/6805 5459/6911 5471/6806
f 5382/6807 5434/6938 5435/6808
f 5412/6206 5476/6940 5456/6810
f 5051/6789 5437/6788 5451/6811
f 5058/6813 5448/6925 5424/6765
f 5402/6815 5466/6904 5477/6816
f 5419/6817 5483/6981 5463/6818
f 5060/6819 5454/6909 5438/6820
f 5409/6821 5473/6913 5484/6822
f 5394/6167 5458/6775 5470/6823
f 5048/6049 5432/6853 5433/6824
f 5050/6809 5435/6808 5449/6825
f 5376/6165 5422/6164 5402/6815
f 5360/6205 5406/6204 5416/6826
f 5369/6828 5415/6910 5395/6805
f 5351/6829 5397/6836 5409/6821
f 5377/6830 5423/6916 5403/6797
f 5359/6831 5405/6838 5417/6832
f 5370/6827 5416/6826 5396/6790
f 5353/6201 5399/6200 5410/6803
f 5346/6196 5392/6195 5404/6780
f 5361/6193 5407/6192 5418/6834
f 5351/6829 5371/6833 5417/6832
f 5354/6188 5400/6187 5411/6785
f 5347/6837 5393/6933 5405/6838
f 5362/6180 5408/6179 5419/6839
f 5372/6835 5418/6834 5398/6770
f 5456/6841 5476/6892 5425/6842
f 5477/6844 5427/6893 5426/6845
f 5478/6847 5429/6894 5428/6779
f 5479/6849 5431/6895 5430/6850
f 5480/6852 5433/6824 5432/6853
f 5481/6855 5435/6896 5434/6856
f 5482/6858 5437/6897 5436/6859
f 5483/6861 5439/6982 5438/6862
f 5484/6864 5441/6900 5440/6865
f 5485/6867 5443/6901 5442/6868
f 5486/6870 5445/6885 5444/6871
f 5487/6873 5447/6941 5446/6874
f 5456/6841 5424/6843 5448/6876
f 5469/6878 5457/6846 5426/6845
f 5458/6848 5428/6779 5450/6880
f 5459/6851 5430/6850 5451/6882
f 5460/6854 5432/6853 5452/6793
f 5486/6870 5462/6860 5436/6859
f 5461/6857 5434/6856 5453/6886
f 5474/6888 5463/6863 5438/6862
f 5464/6866 5440/6865 5455/6890
f 5465/6869 5442/6868 5425/6842
f 5466/6872 5444/6871 5427/6893
f 5467/6875 5446/6874 5429/6894
f 5468/6877 5448/6876 5431/6895
f 5470/6881 5450/6880 5433/6824
f 5481/6855 5469/6878 5449/6879
f 5471/6883 5451/6882 5437/6897
f 5472/6884 5452/6793 5439/6898
f 5473/6887 5453/6886 5441/6900
f 5474/6888 5454/6889 5443/6901
f 5475/6891 5455/6890 5447/6902
f 5422/6164 5486/6771 5466/6904
f 5406/6204 5470/6823 5480/6905
f 5390/6812 5451/6811 5430/6906
f 5054/6908 5443/6922 5454/6909
f 5415/6910 5479/6983 5459/6911
f 5385/6802 5440/6801 5441/6912
f 5397/6836 5461/6930 5473/6913
f 5380/6041 5429/6894 5446/6874
f 5379/6914 5426/6984 5427/6915
f 5423/6916 5487/6985 5467/6917
f 5405/6838 5469/6934 5481/6918
f 5391/6080 5452/6793 5432/6853
f 5387/6919 5447/6986 5455/6920
f 5416/6826 5480/6905 5460/6921
f 5386/6784 5442/6783 5443/6922
f 5399/6200 5463/6818 5474/6923
f 5381/6924 5431/6987 5448/6925
f 5046/6043 5428/6779 5429/6894
f 5392/6195 5456/6810 5468/6926
f 5407/6192 5471/6806 5482/6927
f 5056/6928 5445/6932 5436/6929
f 5397/6836 5417/6832 5481/6918
f 5400/6187 5464/6799 5475/6931
f 5055/6769 5444/6768 5445/6932
f 5049/6047 5433/6824 5450/6880
f 5393/6933 5457/6988 5469/6934
f 5047/6907 5430/6906 5431/6935
f 5408/6179 5472/6791 5483/6937
f 5059/6778 5453/6777 5434/6938
f 5418/6834 5482/6927 5462/6939
f 5401/6173 5465/6782 5476/6940
f 5057/6068 5446/6874 5447/6941
