# Derived from blenderjunky Stargate DHD (BlendSwap 75540 / 13419).
# Source notice: supplied-dhd-LICENSE.html; Fan Art, noncommercial use only.
o supplied-dhd-keys-unlit
v 0.191258 0.919251 -0.107941
v 0.209963 0.911077 -0.108115
v 0.190993 0.918656 -0.109155
v 0.172563 0.927421 -0.107766
v 0.191281 0.919256 -0.107264
v 0.209998 0.911110 -0.107391
v 0.209668 0.910413 -0.109444
v 0.172328 0.926895 -0.108866
v 0.172574 0.927398 -0.107136
v 0.173122 0.894414 -0.149278
v 0.190011 0.883752 -0.153591
v 0.172793 0.893919 -0.149431
v 0.156242 0.905070 -0.144966
v 0.173780 0.895096 -0.148365
v 0.190731 0.884494 -0.152581
v 0.189658 0.883236 -0.153781
v 0.155936 0.904597 -0.145083
v 0.156837 0.905693 -0.144152
v 0.129237 0.922007 -0.138008
v 0.133616 0.919353 -0.139187
v 0.128975 0.921576 -0.138073
v 0.127603 0.922711 -0.137410
v 0.129730 0.922534 -0.137349
v 0.134127 0.919897 -0.138504
v 0.133340 0.918910 -0.139255
v 0.127362 0.922300 -0.137489
v 0.128083 0.923227 -0.136755
v 0.140457 0.935522 -0.115735
v 0.139235 0.933296 -0.119439
v 0.138677 0.936054 -0.115407
v 0.141391 0.937481 -0.112473
v 0.137470 0.933856 -0.119065
v 0.139600 0.937989 -0.112186
v 0.142657 0.940386 -0.107421
v 0.147503 0.938372 -0.107533
v 0.142468 0.939968 -0.108335
v 0.140856 0.940862 -0.107203
v 0.142655 0.940322 -0.106874
v 0.147498 0.938311 -0.106966
v 0.147308 0.937938 -0.108479
v 0.140663 0.940445 -0.108099
v 0.140870 0.940809 -0.106685
v 0.133914 0.926577 -0.130621
v 0.132095 0.924769 -0.133631
v 0.132215 0.927220 -0.130109
v 0.135860 0.928683 -0.127116
v 0.130418 0.925433 -0.133082
v 0.134137 0.929299 -0.126648
v 0.126912 0.921399 -0.136281
v 0.126739 0.921115 -0.136468
v 0.217577 0.862236 -0.159175
v 0.217928 0.863356 -0.159984
v 0.139807 0.938530 -0.104869
v 0.140146 0.939522 -0.106118
v 0.140228 0.939599 -0.105705
v 0.126873 0.920984 -0.136556
v 0.240867 0.894695 -0.105349
v 0.239529 0.896659 -0.106247
v 0.241226 0.895772 -0.106212
v 0.241085 0.894450 -0.105561
v 0.241422 0.895551 -0.106404
v 0.142177 0.938969 -0.105668
v 0.140040 0.938515 -0.104749
v 0.140438 0.939586 -0.105597
v 0.225017 0.874284 -0.147808
v 0.226571 0.873059 -0.147910
v 0.221917 0.871202 -0.152937
v 0.228333 0.877872 -0.141837
v 0.229911 0.876674 -0.141894
v 0.223447 0.869954 -0.153077
v 0.239932 0.897876 -0.108328
v 0.241594 0.896837 -0.108144
v 0.239591 0.897099 -0.109838
v 0.235096 0.900094 -0.108349
v 0.239984 0.897961 -0.107539
v 0.241636 0.896947 -0.107381
v 0.241254 0.896045 -0.109655
v 0.234761 0.899337 -0.109832
v 0.235147 0.900164 -0.107563
v 0.236164 0.889523 -0.122445
v 0.237801 0.888413 -0.122357
v 0.234082 0.885731 -0.128756
v 0.237757 0.892862 -0.116888
v 0.239405 0.891777 -0.116758
v 0.235704 0.884593 -0.128715
v 0.217068 0.866563 -0.160442
v 0.218561 0.865293 -0.160642
v 0.216677 0.866023 -0.160693
v 0.212703 0.869427 -0.159388
v 0.217888 0.867395 -0.159272
v 0.219389 0.866119 -0.159460
v 0.218166 0.864786 -0.160906
v 0.212320 0.868881 -0.159626
v 0.213507 0.870248 -0.158245
v 0.217656 0.863449 -0.160006
v 0.195143 0.952957 -0.051845
v 0.214232 0.948120 -0.046466
v 0.195342 0.952356 -0.053069
v 0.176064 0.957793 -0.057220
v 0.194971 0.952948 -0.051190
v 0.214053 0.948139 -0.045764
v 0.214447 0.947448 -0.047807
v 0.176247 0.957261 -0.058328
v 0.175898 0.957755 -0.056613
v 0.194103 0.926427 -0.095999
v 0.213087 0.918932 -0.095042
v 0.193921 0.925887 -0.096228
v 0.175128 0.933917 -0.096956
v 0.194345 0.927188 -0.094955
v 0.213350 0.919760 -0.093887
v 0.212897 0.918368 -0.095312
v 0.174953 0.933402 -0.097143
v 0.175349 0.934613 -0.096021
v 0.144773 0.945791 -0.098425
v 0.149693 0.943958 -0.098237
v 0.144618 0.945323 -0.098551
v 0.142940 0.946189 -0.098337
v 0.144959 0.946378 -0.097666
v 0.149887 0.944564 -0.097452
v 0.149529 0.943476 -0.098370
v 0.142807 0.945745 -0.098470
v 0.143118 0.946763 -0.097584
v 0.146676 0.960464 -0.074223
v 0.146962 0.958156 -0.078065
v 0.144813 0.960674 -0.074431
v 0.146290 0.962472 -0.070881
v 0.145096 0.958395 -0.078225
v 0.144432 0.962658 -0.071130
v 0.145543 0.965423 -0.065753
v 0.150490 0.964274 -0.064426
v 0.145697 0.965001 -0.066672
v 0.143701 0.965576 -0.066071
v 0.145395 0.965346 -0.065228
v 0.150333 0.964198 -0.063883
v 0.150651 0.963836 -0.065377
v 0.143846 0.965156 -0.066973
v 0.143575 0.965514 -0.065569
v 0.146290 0.950908 -0.090127
v 0.145744 0.948891 -0.093485
v 0.144432 0.951236 -0.090139
v 0.146763 0.953227 -0.086267
v 0.143893 0.949244 -0.093455
v 0.144899 0.953527 -0.086326
v 0.142192 0.944749 -0.097418
v 0.142131 0.944445 -0.097640
v 0.244364 0.902611 -0.091980
v 0.244734 0.903794 -0.092684
v 0.142445 0.963042 -0.064075
v 0.142951 0.964108 -0.065200
v 0.142898 0.964188 -0.064783
v 0.142305 0.944341 -0.097683
v 0.245392 0.937217 -0.034582
v 0.244050 0.938944 -0.035874
v 0.245792 0.938360 -0.035333
v 0.245700 0.937018 -0.034717
v 0.246070 0.938181 -0.035455
v 0.144833 0.963900 -0.064175
v 0.142633 0.963064 -0.063893
v 0.143067 0.964208 -0.064619
v 0.246069 0.915465 -0.079270
v 0.247773 0.914528 -0.078894
v 0.245138 0.912028 -0.084991
v 0.246875 0.919417 -0.072693
v 0.248585 0.918510 -0.072267
v 0.246835 0.911065 -0.084657
v 0.244816 0.940264 -0.037783
v 0.246509 0.939521 -0.037106
v 0.245058 0.939478 -0.039307
v 0.239881 0.941619 -0.039239
v 0.244624 0.940337 -0.037014
v 0.246312 0.939617 -0.036365
v 0.246754 0.938721 -0.038631
v 0.240118 0.940854 -0.040737
v 0.239693 0.941678 -0.038473
v 0.246725 0.931747 -0.052173
v 0.248434 0.930932 -0.051593
v 0.247214 0.927815 -0.058718
v 0.246068 0.935169 -0.046478
v 0.247772 0.934379 -0.045856
v 0.248927 0.926970 -0.058187
v 0.243504 0.906816 -0.093449
v 0.245187 0.905827 -0.093182
v 0.243300 0.906224 -0.093787
v 0.238596 0.908862 -0.093757
v 0.243801 0.907747 -0.092115
v 0.245488 0.906753 -0.091835
v 0.244976 0.905266 -0.093535
v 0.238396 0.908265 -0.094081
v 0.238887 0.909780 -0.092453
v 0.244468 0.903840 -0.092785
v 0.176691 0.985746 0.002725
v 0.193953 0.984154 0.013505
v 0.177336 0.985220 0.001626
v 0.159438 0.987337 -0.008050
v 0.176342 0.985691 0.003302
v 0.193578 0.984124 0.014125
v 0.194659 0.983565 0.012301
v 0.160022 0.986874 -0.009043
v 0.159113 0.987256 -0.007515
v 0.193050 0.960583 -0.039153
v 0.211950 0.956471 -0.032567
v 0.193038 0.960026 -0.039411
v 0.174159 0.964693 -0.045736
v 0.192845 0.961348 -0.038103
v 0.211721 0.957302 -0.031407
v 0.211947 0.955890 -0.032865
v 0.174139 0.964160 -0.045953
v 0.173978 0.965392 -0.044796
v 0.143942 0.971159 -0.056207
v 0.148838 0.970202 -0.054560
v 0.143913 0.970674 -0.056360
v 0.142121 0.971230 -0.056661
v 0.143796 0.971749 -0.055442
v 0.148689 0.970812 -0.053768
v 0.148806 0.969702 -0.054722
v 0.142111 0.970773 -0.056816
v 0.141972 0.971806 -0.055905
v 0.136207 0.985311 -0.032872
v 0.137986 0.983187 -0.036406
v 0.134476 0.985200 -0.033613
v 0.134531 0.987135 -0.029836
v 0.136233 0.983103 -0.037104
v 0.132821 0.987002 -0.030615
v 0.131837 0.989778 -0.025219
v 0.136312 0.989470 -0.022492
v 0.132320 0.989414 -0.026043
v 0.130167 0.989618 -0.026058
v 0.131560 0.989663 -0.024757
v 0.136020 0.989355 -0.022015
v 0.136813 0.989092 -0.023345
v 0.130638 0.989252 -0.026869
v 0.129915 0.989522 -0.025613
v 0.142089 0.976246 -0.047959
v 0.142893 0.974251 -0.051278
v 0.140286 0.976247 -0.048514
v 0.141019 0.978512 -0.044187
v 0.141080 0.974277 -0.051792
v 0.139229 0.978485 -0.044789
v 0.141401 0.969660 -0.055961
v 0.141460 0.969355 -0.056183
v 0.243348 0.945745 -0.020192
v 0.243694 0.946993 -0.020789
v 0.128849 0.986854 -0.024445
v 0.129465 0.988020 -0.025403
v 0.129280 0.988079 -0.025021
v 0.141655 0.969284 -0.056171
v 0.221756 0.978515 0.034151
v 0.220565 0.980017 0.032483
v 0.222152 0.979730 0.033518
v 0.222120 0.978377 0.034116
v 0.222480 0.979605 0.033486
v 0.130977 0.988116 -0.023874
v 0.128969 0.986903 -0.024218
v 0.129389 0.988124 -0.024816
v 0.239058 0.958369 -0.007866
v 0.240716 0.957733 -0.006990
v 0.240427 0.954971 -0.013522
v 0.237234 0.962230 -0.001440
v 0.238879 0.961623 -0.000516
v 0.242096 0.954309 -0.012688
v 0.221609 0.981498 0.030843
v 0.223137 0.981042 0.031998
v 0.222413 0.980805 0.029474
v 0.217147 0.982015 0.027990
v 0.221194 0.981517 0.031521
v 0.222720 0.981084 0.032647
v 0.223947 0.980337 0.030630
v 0.217936 0.981341 0.026644
v 0.216739 0.982020 0.028667
v 0.229035 0.973815 0.017839
v 0.230618 0.973294 0.018908
v 0.232065 0.970197 0.011818
v 0.226180 0.976923 0.023012
v 0.227742 0.976425 0.024119
v 0.233671 0.969648 0.012841
v 0.242232 0.949775 -0.021954
v 0.243912 0.949085 -0.021188
v 0.242241 0.949165 -0.022322
v 0.237345 0.950946 -0.023717
v 0.241966 0.950709 -0.020616
v 0.243646 0.950015 -0.019835
v 0.243913 0.948506 -0.021571
v 0.237354 0.950332 -0.024070
v 0.237084 0.951866 -0.022409
v 0.243465 0.946994 -0.020964
v 0.140415 1.012127 0.046631
v 0.154085 1.013146 0.061756
v 0.141413 1.011740 0.045763
v 0.126751 1.011109 0.031512
v 0.139935 1.012002 0.047091
v 0.153565 1.013041 0.062251
v 0.155181 1.012709 0.060806
v 0.127652 1.010771 0.030727
v 0.126310 1.010963 0.031939
v 0.171514 0.990971 0.011420
v 0.188299 0.989871 0.023020
v 0.171665 0.990425 0.011182
v 0.154738 0.992069 -0.000174
v 0.170907 0.991667 0.012356
v 0.187628 0.990626 0.024054
v 0.188473 0.989304 0.022746
v 0.154865 0.991546 -0.000376
v 0.154194 0.992707 0.000664
v 0.127903 0.993719 -0.018660
v 0.132251 0.993543 -0.015715
v 0.127998 0.993240 -0.018804
v 0.126291 0.993501 -0.019596
v 0.127459 0.994260 -0.017978
v 0.131792 0.994101 -0.015008
v 0.132346 0.993048 -0.015868
v 0.126398 0.993052 -0.019738
v 0.125847 0.994027 -0.018923
v 0.111861 1.005864 0.001335
v 0.114863 1.004144 -0.001528
v 0.110442 1.005487 0.000150
v 0.109142 1.007317 0.003753
v 0.113407 1.003789 -0.002677
v 0.107757 1.006923 0.002539
v 0.104891 1.009374 0.007394
v 0.108436 1.009743 0.011248
v 0.105635 1.009113 0.006742
v 0.103565 1.008961 0.006134
v 0.104521 1.009204 0.007765
v 0.108049 1.009570 0.011630
v 0.109207 1.009472 0.010574
v 0.104293 1.008697 0.005491
v 0.103219 1.008815 0.006496
v 0.123055 0.998240 -0.011354
v 0.125053 0.996482 -0.014279
v 0.121497 0.997958 -0.012381
v 0.120636 1.000212 -0.008072
v 0.123471 0.996222 -0.015270
v 0.119108 0.999905 -0.009140
v 0.125675 0.991817 -0.019084
v 0.125842 0.991532 -0.019275
v 0.216432 0.984171 0.043759
v 0.216718 0.985472 0.043250
v 0.102328 1.005981 0.007388
v 0.102982 1.007255 0.006608
v 0.102694 1.007273 0.006924
v 0.126035 0.991493 -0.019208
v 0.175711 1.011681 0.089347
v 0.174793 1.013004 0.087382
v 0.176060 1.012958 0.088818
v 0.176088 1.011604 0.089416
v 0.176400 1.012889 0.088880
v 0.103981 1.007562 0.008491
v 0.102372 1.006045 0.007639
v 0.102733 1.007331 0.007150
v 0.206917 0.995629 0.054145
v 0.208354 0.995254 0.055456
v 0.210322 0.992634 0.049160
v 0.202796 0.998989 0.059736
v 0.204201 0.998638 0.061088
v 0.211784 0.992236 0.050434
v 0.175986 1.014674 0.086057
v 0.177193 1.014449 0.087596
v 0.177237 1.014155 0.084977
v 0.172454 1.014516 0.082080
v 0.175405 1.014609 0.086595
v 0.176614 1.014407 0.088106
v 0.178451 1.013918 0.086518
v 0.173680 1.014012 0.081018
v 0.171881 1.014438 0.082620
v 0.187846 1.008619 0.075763
v 0.189139 1.008341 0.077236
v 0.192960 1.005688 0.070885
v 0.183213 1.011095 0.079884
v 0.184472 1.010835 0.081387
v 0.194292 1.005388 0.072322
v 0.215194 0.988002 0.041666
v 0.216689 0.987580 0.042878
v 0.215403 0.987410 0.041329
v 0.210853 0.988394 0.038606
v 0.214422 0.988848 0.042858
v 0.215914 0.988421 0.044085
v 0.216890 0.987018 0.042523
v 0.211058 0.987798 0.038283
v 0.210096 0.989228 0.039771
v 0.216548 0.985439 0.043019
v 0.027146 1.041050 0.094766
v 0.029604 1.044932 0.114656
v 0.028513 1.041082 0.094597
v 0.024689 1.037170 0.074886
v 0.026564 1.040736 0.094913
v 0.028967 1.044621 0.114808
v 0.031107 1.044956 0.114473
v 0.025920 1.037211 0.074731
v 0.024163 1.036853 0.075027
v 0.076949 1.034252 0.083452
v 0.084394 1.037453 0.102209
v 0.077366 1.033807 0.083382
v 0.069507 1.031052 0.064705
v 0.075755 1.034629 0.083856
v 0.083080 1.037856 0.102656
v 0.084856 1.036999 0.102122
v 0.069880 1.030618 0.064650
v 0.068434 1.031403 0.065065
v 0.057607 1.025828 0.034777
v 0.059532 1.026764 0.039575
v 0.057910 1.025419 0.034751
v 0.056900 1.025198 0.033156
v 0.056725 1.026133 0.035068
v 0.058620 1.027080 0.039878
v 0.059846 1.026342 0.039543
v 0.057203 1.024822 0.033136
v 0.056029 1.025490 0.033441
v 0.030559 1.030325 0.042044
v 0.034981 1.029922 0.041374
v 0.030186 1.029630 0.040331
v 0.026679 1.030607 0.042514
v 0.034553 1.029233 0.039669
v 0.026354 1.029909 0.040794
v 0.020755 1.030858 0.043149
v 0.021395 1.031970 0.048239
v 0.021768 1.030909 0.043016
v 0.020507 1.030166 0.041424
v 0.020321 1.030545 0.043283
v 0.020944 1.031648 0.048373
v 0.022445 1.032022 0.048103
v 0.021504 1.030207 0.041290
v 0.020090 1.029884 0.041560
v 0.048495 1.027871 0.037960
v 0.052172 1.027120 0.036711
v 0.047900 1.027207 0.036297
v 0.044231 1.028657 0.039268
v 0.051531 1.026465 0.035063
v 0.043689 1.027983 0.037588
v 0.056679 1.023366 0.033421
v 0.057002 1.023167 0.033375
v 0.097412 1.039056 0.135102
v 0.097493 1.040422 0.134702
v 0.019816 1.026843 0.042109
v 0.020339 1.028326 0.041677
v 0.019939 1.028222 0.041789
v 0.057131 1.023186 0.033537
v 0.032535 1.047824 0.149500
v 0.032429 1.048966 0.147232
v 0.032683 1.049190 0.149118
v 0.032820 1.047865 0.149764
v 0.032940 1.049227 0.149356
v 0.020034 1.028757 0.043764
v 0.019698 1.026894 0.042338
v 0.019833 1.028268 0.041995
v 0.080797 1.045877 0.137771
v 0.081356 1.045855 0.139671
v 0.087062 1.044598 0.135642
v 0.073533 1.047215 0.139998
v 0.074037 1.047204 0.141915
v 0.087667 1.044567 0.137526
v 0.033539 1.051045 0.146587
v 0.033749 1.051071 0.148545
v 0.035260 1.051053 0.146385
v 0.032907 1.050147 0.141381
v 0.032818 1.050748 0.146741
v 0.033036 1.050800 0.148674
v 0.035477 1.051070 0.148350
v 0.034593 1.050160 0.141179
v 0.032195 1.049841 0.141541
v 0.050238 1.050058 0.144729
v 0.050567 1.050068 0.146681
v 0.057772 1.049372 0.143588
v 0.043628 1.050538 0.145529
v 0.043907 1.050552 0.147487
v 0.058158 1.049377 0.145531
v 0.096327 1.042474 0.132323
v 0.096998 1.042437 0.134176
v 0.096857 1.042014 0.132205
v 0.094398 1.041754 0.127412
v 0.094820 1.042916 0.132843
v 0.095484 1.042872 0.134706
v 0.097522 1.042004 0.134035
v 0.094920 1.041287 0.127304
v 0.092922 1.042192 0.127917
v 0.097492 1.040359 0.134421
v -0.038110 1.039682 0.092489
v -0.042111 1.043428 0.112153
v -0.036777 1.039952 0.092715
v -0.034111 1.035937 0.072835
v -0.038647 1.039269 0.092472
v -0.042702 1.043009 0.112126
v -0.040645 1.043713 0.112404
v -0.032912 1.036192 0.073035
v -0.034593 1.035532 0.072828
v 0.013252 1.041779 0.095980
v 0.014394 1.045735 0.115993
v 0.013741 1.041415 0.096043
v 0.012110 1.037825 0.075976
v 0.011946 1.041936 0.096018
v 0.012958 1.045896 0.116038
v 0.014931 1.045369 0.116054
v 0.012551 1.037462 0.076042
v 0.010935 1.037978 0.076008
v 0.010288 1.031394 0.044041
v 0.010580 1.032525 0.049164
v 0.010651 1.031044 0.044112
v 0.010191 1.030693 0.042302
v 0.009322 1.031537 0.044061
v 0.009580 1.032673 0.049186
v 0.010957 1.032164 0.049232
v 0.010546 1.030375 0.042378
v 0.009238 1.030825 0.042320
v -0.018063 1.031019 0.043200
v -0.013632 1.031395 0.043826
v -0.017809 1.030314 0.041469
v -0.021904 1.030623 0.042540
v -0.013432 1.030686 0.042087
v -0.021603 1.029922 0.040817
v -0.027717 1.029842 0.041458
v -0.028750 1.030919 0.046490
v -0.026732 1.030068 0.041617
v -0.027342 1.029161 0.039751
v -0.028110 1.029456 0.041470
v -0.029159 1.030521 0.046498
v -0.027730 1.031153 0.046657
v -0.026371 1.029375 0.039906
v -0.027725 1.028808 0.039770
v 0.000438 1.031770 0.044449
v 0.004390 1.031690 0.044316
v 0.000464 1.031055 0.042702
v -0.004090 1.031782 0.044470
v 0.004367 1.030976 0.042571
v -0.004009 1.031068 0.042723
v 0.010220 1.028844 0.042539
v 0.010571 1.028705 0.042592
v 0.017045 1.048716 0.151180
v 0.017002 1.050086 0.150786
v -0.027621 1.025753 0.040294
v -0.027257 1.027314 0.039991
v -0.027649 1.027140 0.039988
v 0.010643 1.028741 0.042783
v -0.049750 1.045906 0.146308
v -0.049400 1.047069 0.144076
v -0.049735 1.047286 0.145950
v -0.049564 1.045989 0.146641
v -0.049567 1.047361 0.146250
v -0.028212 1.027633 0.041895
v -0.027805 1.025777 0.040478
v -0.027816 1.027162 0.040154
v -0.000553 1.052529 0.148842
v -0.000563 1.052556 0.150822
v 0.006180 1.052393 0.148615
v -0.008268 1.052550 0.148877
v -0.008336 1.052577 0.150858
v 0.006221 1.052419 0.150594
v -0.048525 1.049323 0.143722
v -0.048889 1.049336 0.145657
v -0.046846 1.049630 0.144017
v -0.047487 1.048461 0.138575
v -0.049198 1.048904 0.143671
v -0.049551 1.048943 0.145584
v -0.047202 1.049635 0.145961
v -0.045841 1.048767 0.138861
v -0.048152 1.048034 0.138533
v -0.032075 1.051251 0.146714
v -0.032321 1.051268 0.148679
v -0.024526 1.051891 0.147781
v -0.038620 1.050575 0.145589
v -0.038915 1.050587 0.147545
v -0.024715 1.051913 0.149753
v 0.016227 1.051967 0.148123
v 0.016340 1.052000 0.150090
v 0.016840 1.051608 0.148171
v 0.015928 1.051051 0.142885
v 0.014583 1.052132 0.148181
v 0.014686 1.052156 0.150157
v 0.016949 1.051666 0.150115
v 0.016531 1.050683 0.142942
v 0.014317 1.051217 0.142939
v 0.017091 1.050031 0.150517
v -0.100246 1.026776 0.071011
v -0.110398 1.029244 0.088548
v -0.099106 1.027269 0.071608
v -0.090099 1.024309 0.053482
v -0.100674 1.026277 0.070849
v -0.110872 1.028730 0.088361
v -0.109142 1.029776 0.089209
v -0.089075 1.024765 0.054017
v -0.090480 1.023825 0.053346
v -0.053332 1.037746 0.089268
v -0.058786 1.041313 0.108633
v -0.052826 1.037471 0.089480
v -0.047881 1.034181 0.069911
v -0.054598 1.037671 0.088919
v -0.060177 1.041219 0.108253
v -0.058233 1.041045 0.108857
v -0.047421 1.033899 0.070112
v -0.049022 1.034125 0.069595
v -0.039157 1.028373 0.039013
v -0.040574 1.029403 0.043966
v -0.038775 1.028090 0.039196
v -0.038619 1.027712 0.037340
v -0.040097 1.028344 0.038747
v -0.041547 1.029372 0.043692
v -0.040177 1.029111 0.044151
v -0.038252 1.027459 0.037525
v -0.039544 1.027674 0.037076
v -0.065507 1.023060 0.029954
v -0.061589 1.024190 0.031834
v -0.064640 1.022456 0.028391
v -0.068858 1.022014 0.028212
v -0.060770 1.023572 0.030248
v -0.067949 1.021423 0.026671
v -0.073871 1.020256 0.025504
v -0.076499 1.021002 0.029986
v -0.073031 1.020647 0.025937
v -0.072902 1.019696 0.023999
v -0.074178 1.019807 0.025411
v -0.076816 1.020539 0.029885
v -0.075629 1.021407 0.030437
v -0.072071 1.020073 0.024424
v -0.073207 1.019281 0.023915
v -0.048605 1.027006 0.036521
v -0.044835 1.027624 0.037548
v -0.047946 1.026354 0.034878
v -0.052871 1.026225 0.035221
v -0.044224 1.026963 0.035892
v -0.052160 1.025582 0.033593
v -0.038337 1.025891 0.037623
v -0.037997 1.025814 0.037780
v -0.067073 1.043785 0.142973
v -0.067238 1.045136 0.142547
v -0.072725 1.016279 0.024527
v -0.072569 1.017887 0.024302
v -0.072906 1.017647 0.024189
v -0.037992 1.025857 0.037983
v -0.127973 1.029447 0.118915
v -0.127197 1.030711 0.116852
v -0.128096 1.030817 0.118541
v -0.127909 1.029552 0.119286
v -0.128038 1.030912 0.118875
v -0.074078 1.017984 0.025835
v -0.072957 1.016265 0.024648
v -0.073115 1.017635 0.024299
v -0.083608 1.044516 0.135506
v -0.084199 1.044489 0.137396
v -0.077186 1.045568 0.137256
v -0.090877 1.043185 0.133290
v -0.091523 1.043147 0.135164
v -0.077729 1.045548 0.139159
v -0.126665 1.033092 0.116709
v -0.127574 1.032990 0.118453
v -0.125226 1.033681 0.117473
v -0.124038 1.032561 0.112113
v -0.127210 1.032563 0.116475
v -0.128106 1.032490 0.118201
v -0.126129 1.033572 0.119228
v -0.122627 1.033143 0.112858
v -0.124576 1.032026 0.111891
v -0.112406 1.037792 0.124316
v -0.113214 1.037714 0.126122
v -0.105730 1.039717 0.127519
v -0.118115 1.036010 0.121349
v -0.118965 1.035919 0.123133
v -0.106487 1.039654 0.129350
v -0.067520 1.046922 0.139726
v -0.067993 1.046922 0.141639
v -0.066895 1.046674 0.139960
v -0.066114 1.046105 0.134654
v -0.069112 1.046794 0.139298
v -0.069595 1.046784 0.141216
v -0.067369 1.046699 0.141849
v -0.065499 1.045847 0.134894
v -0.067674 1.045986 0.134232
v -0.067066 1.045104 0.142318
v -0.146603 1.006011 0.036452
v -0.161343 1.006424 0.050568
v -0.145760 1.006668 0.037322
v -0.131870 1.005599 0.022343
v -0.146886 1.005453 0.036193
v -0.161661 1.005844 0.050272
v -0.160413 1.007136 0.051529
v -0.131114 1.006201 0.023122
v -0.132118 1.005063 0.022121
v -0.108700 1.023986 0.066366
v -0.119644 1.026198 0.083478
v -0.108232 1.023791 0.066712
v -0.097761 1.021774 0.049263
v -0.109797 1.023715 0.065693
v -0.120849 1.025890 0.082741
v -0.119137 1.026018 0.083848
v -0.097333 1.021566 0.049585
v -0.098751 1.021542 0.048653
v -0.080259 1.018131 0.021969
v -0.083098 1.018810 0.026337
v -0.079899 1.017910 0.022254
v -0.079193 1.017603 0.020516
v -0.081075 1.017957 0.021461
v -0.083944 1.018629 0.025813
v -0.082723 1.018582 0.026628
v -0.078853 1.017408 0.020798
v -0.079994 1.017423 0.020015
v -0.102005 1.008847 0.006299
v -0.098968 1.010551 0.009135
v -0.100665 1.008425 0.005040
v -0.104552 1.007314 0.003747
v -0.097666 1.010108 0.007841
v -0.103181 1.006911 0.002520
v -0.108305 1.004831 -0.000166
v -0.112123 1.005046 0.003430
v -0.107686 1.005343 0.000468
v -0.106891 1.004469 -0.001343
v -0.108499 1.004342 -0.000328
v -0.112322 1.004540 0.003258
v -0.111482 1.005575 0.004088
v -0.106277 1.004965 -0.000719
v -0.107091 1.004012 -0.001497
v -0.088345 1.015317 0.017067
v -0.085139 1.016510 0.019053
v -0.087174 1.014816 0.015675
v -0.091923 1.013888 0.014689
v -0.084008 1.015994 0.017636
v -0.090708 1.013404 0.013326
v -0.078708 1.015845 0.020905
v -0.078415 1.015821 0.021149
v -0.137117 1.026543 0.114278
v -0.137377 1.027859 0.113793
v -0.106315 1.001114 -0.000712
v -0.106365 1.002730 -0.000922
v -0.106616 1.002442 -0.001116
v -0.078471 1.015860 0.021345
v -0.186208 1.003122 0.075102
v -0.185122 1.004540 0.073296
v -0.186445 1.004462 0.074678
v -0.186264 1.003227 0.075474
v -0.186495 1.004558 0.075014
v -0.108224 1.002549 0.000148
v -0.106565 1.001060 -0.000657
v -0.106842 1.002394 -0.001066
v -0.150940 1.024767 0.102638
v -0.152004 1.024603 0.104301
v -0.145478 1.026800 0.106021
v -0.157036 1.022332 0.098585
v -0.158146 1.022149 0.100218
v -0.146501 1.026651 0.107709
v -0.184962 1.006978 0.073248
v -0.186276 1.006692 0.074686
v -0.183894 1.007773 0.074356
v -0.181149 1.006979 0.069536
v -0.185331 1.006373 0.072888
v -0.186633 1.006119 0.074312
v -0.185205 1.007482 0.075806
v -0.180102 1.007763 0.070619
v -0.181514 1.006368 0.069190
v -0.174213 1.013743 0.084291
v -0.175451 1.013496 0.085816
v -0.169040 1.016647 0.089123
v -0.178553 1.011131 0.079944
v -0.179824 1.010864 0.081436
v -0.170239 1.016421 0.090685
v -0.137176 1.029638 0.110961
v -0.138138 1.029519 0.112677
v -0.136606 1.029489 0.111359
v -0.134350 1.029171 0.106471
v -0.138553 1.029265 0.110125
v -0.139525 1.029135 0.111843
v -0.137566 1.029395 0.113051
v -0.133789 1.029010 0.106872
v -0.135699 1.028811 0.105649
v -0.137147 1.027860 0.113619
v -0.177681 0.979274 -0.008046
v -0.195497 0.977040 0.001666
v -0.177213 0.980038 -0.006998
v -0.159874 0.981507 -0.017753
v -0.177793 0.978684 -0.008358
v -0.195629 0.976423 0.001308
v -0.194978 0.977870 0.002823
v -0.159455 0.982205 -0.016814
v -0.159965 0.980944 -0.018021
v -0.152370 1.002388 0.030421
v -0.167651 1.002468 0.043985
v -0.151985 1.002263 0.030883
v -0.137096 1.002307 0.016864
v -0.153193 1.001961 0.029488
v -0.168554 1.001988 0.042963
v -0.167237 1.002363 0.044479
v -0.136741 1.002162 0.017293
v -0.137840 1.001934 0.016020
v -0.112661 1.002074 -0.004755
v -0.116623 1.002199 -0.001307
v -0.112359 1.001906 -0.004381
v -0.111180 1.001753 -0.005863
v -0.113276 1.001783 -0.005457
v -0.117261 1.001898 -0.002032
v -0.116307 1.002028 -0.000923
v -0.110899 1.001609 -0.005498
v -0.111781 1.001459 -0.006555
v -0.127739 0.989796 -0.025407
v -0.125870 0.991899 -0.021908
v -0.126066 0.989619 -0.026259
v -0.129246 0.987933 -0.028508
v -0.124219 0.991696 -0.022802
v -0.127554 0.987779 -0.029321
v -0.131390 0.984971 -0.033219
v -0.136005 0.984500 -0.030763
v -0.131050 0.985561 -0.032456
v -0.129676 0.984863 -0.033973
v -0.131454 0.984461 -0.033416
v -0.136069 0.983973 -0.030972
v -0.135654 0.985110 -0.029972
v -0.129335 0.985437 -0.033220
v -0.129753 0.984384 -0.034164
v -0.118613 0.998118 -0.011556
v -0.116277 0.999762 -0.008821
v -0.117052 0.997839 -0.012579
v -0.121163 0.996191 -0.014764
v -0.114745 0.999462 -0.009877
v -0.119570 0.995935 -0.015747
v -0.110542 1.000086 -0.005322
v -0.110324 1.000103 -0.005009
v -0.192461 0.999376 0.069064
v -0.192790 1.000643 0.068499
v -0.128762 0.981629 -0.033140
v -0.129011 0.983221 -0.033391
v -0.129153 0.982901 -0.033638
v -0.110435 1.000129 -0.004836
v -0.225106 0.969309 0.018829
v -0.223821 0.970920 0.017343
v -0.225433 0.970604 0.018329
v -0.225274 0.969397 0.019170
v -0.225584 0.970683 0.018637
v -0.131034 0.982725 -0.032846
v -0.129006 0.981535 -0.033152
v -0.129373 0.982817 -0.033648
v -0.202257 0.995680 0.054229
v -0.203682 0.995313 0.055554
v -0.198276 0.998480 0.058889
v -0.206601 0.992396 0.048763
v -0.208058 0.992004 0.050048
v -0.199672 0.998134 0.060250
v -0.224043 0.973353 0.017287
v -0.225627 0.972832 0.018333
v -0.223446 0.974284 0.018620
v -0.219435 0.974038 0.014715
v -0.224203 0.972705 0.016856
v -0.225778 0.972217 0.017890
v -0.225029 0.973757 0.019679
v -0.218850 0.974956 0.016019
v -0.219595 0.973386 0.014298
v -0.217806 0.981499 0.030629
v -0.219347 0.981027 0.031778
v -0.214620 0.985082 0.036592
v -0.220373 0.978326 0.025347
v -0.221933 0.977829 0.026456
v -0.216138 0.984636 0.037785
v -0.192133 1.002493 0.065783
v -0.193482 1.002186 0.067186
v -0.191671 1.002427 0.066321
v -0.188184 1.002576 0.062210
v -0.193163 1.001924 0.064621
v -0.194520 1.001604 0.066025
v -0.193017 1.002146 0.067701
v -0.187731 1.002498 0.062748
v -0.189194 1.002024 0.061068
v -0.192525 1.000685 0.068392
v -0.191406 0.947708 -0.060581
v -0.210580 0.942349 -0.056070
v -0.191375 0.948514 -0.059463
v -0.172242 0.953064 -0.065090
v -0.191329 0.947115 -0.060899
v -0.210506 0.941727 -0.056436
v -0.210542 0.943225 -0.054835
v -0.172217 0.953799 -0.064090
v -0.172162 0.952500 -0.065360
v -0.181757 0.973774 -0.017199
v -0.199964 0.971026 -0.008344
v -0.181498 0.973704 -0.016647
v -0.163558 0.976521 -0.026050
v -0.182211 0.973240 -0.018312
v -0.200461 0.970428 -0.009563
v -0.199690 0.970979 -0.007753
v -0.163315 0.976427 -0.025538
v -0.163970 0.976051 -0.027057
v -0.134445 0.980812 -0.040142
v -0.139164 0.980204 -0.037914
v -0.134233 0.980687 -0.039695
v -0.132685 0.980764 -0.040794
v -0.134788 0.980440 -0.040978
v -0.139521 0.979818 -0.038779
v -0.138942 0.980078 -0.037454
v -0.132496 0.980660 -0.040362
v -0.133017 0.980391 -0.041617
v -0.141058 0.966701 -0.063843
v -0.140591 0.969001 -0.060015
v -0.139210 0.966822 -0.064200
v -0.141331 0.964688 -0.067194
v -0.138749 0.969094 -0.060419
v -0.139479 0.964834 -0.067509
v -0.141585 0.961524 -0.072242
v -0.146553 0.960243 -0.071134
v -0.141569 0.962143 -0.071429
v -0.139736 0.961716 -0.072495
v -0.141508 0.961014 -0.072437
v -0.146470 0.959717 -0.071340
v -0.146537 0.960884 -0.070291
v -0.139714 0.962321 -0.071691
v -0.139679 0.961236 -0.072689
v -0.137572 0.976089 -0.048219
v -0.136378 0.978031 -0.044987
v -0.135767 0.976094 -0.048769
v -0.138793 0.973843 -0.051957
v -0.134588 0.978012 -0.045577
v -0.136973 0.973876 -0.052460
v -0.131954 0.979213 -0.040061
v -0.131836 0.979259 -0.039700
v -0.229832 0.963314 0.009048
v -0.230198 0.964523 0.008386
v -0.138567 0.958658 -0.071370
v -0.138996 0.960193 -0.071716
v -0.139010 0.959860 -0.071984
v -0.131993 0.979262 -0.039565
v -0.242066 0.929457 -0.047496
v -0.240706 0.931291 -0.048610
v -0.242451 0.930691 -0.048096
v -0.242333 0.929508 -0.047216
v -0.242692 0.930737 -0.047843
v -0.140980 0.959358 -0.071734
v -0.138779 0.958526 -0.071445
v -0.139202 0.959741 -0.072053
v -0.234445 0.958401 -0.007813
v -0.236098 0.957775 -0.006920
v -0.232410 0.961710 -0.002306
v -0.236524 0.954575 -0.014181
v -0.238193 0.953919 -0.013336
v -0.234048 0.961108 -0.001372
v -0.241301 0.933655 -0.048781
v -0.243003 0.932857 -0.048197
v -0.241253 0.934641 -0.047357
v -0.236344 0.935149 -0.050009
v -0.241229 0.933000 -0.049225
v -0.242923 0.932236 -0.048650
v -0.242958 0.933836 -0.046760
v -0.236297 0.936120 -0.048616
v -0.236273 0.934488 -0.050438
v -0.240384 0.942406 -0.034434
v -0.242082 0.941660 -0.033740
v -0.239588 0.946325 -0.027911
v -0.240848 0.938976 -0.040142
v -0.242549 0.938204 -0.039491
v -0.241280 0.945608 -0.027168
v -0.229136 0.966518 0.005911
v -0.230748 0.965961 0.006898
v -0.228835 0.966517 0.006557
v -0.224430 0.967333 0.003555
v -0.229700 0.965815 0.004525
v -0.231318 0.965244 0.005511
v -0.230442 0.965987 0.007521
v -0.224134 0.967318 0.004199
v -0.224983 0.966649 0.002194
v -0.229925 0.964611 0.008355
v -0.184324 0.914597 -0.115687
v -0.202797 0.905961 -0.116630
v -0.184746 0.915369 -0.114626
v -0.165861 0.923229 -0.114744
v -0.184062 0.914033 -0.115955
v -0.202519 0.905370 -0.116945
v -0.203257 0.906800 -0.115456
v -0.166244 0.923933 -0.113795
v -0.165614 0.922693 -0.114967
v -0.191846 0.940849 -0.071997
v -0.211071 0.934841 -0.068565
v -0.191745 0.940809 -0.071393
v -0.172629 0.946853 -0.075427
v -0.191871 0.940272 -0.073179
v -0.211096 0.934198 -0.069859
v -0.210971 0.934827 -0.067920
v -0.172528 0.946789 -0.074864
v -0.172656 0.946344 -0.076497
v -0.141890 0.956354 -0.080846
v -0.146872 0.954902 -0.080024
v -0.141795 0.956256 -0.080355
v -0.140036 0.956621 -0.080975
v -0.141916 0.955951 -0.081735
v -0.146900 0.954483 -0.080944
v -0.146770 0.954804 -0.079517
v -0.139961 0.956540 -0.080505
v -0.140055 0.956218 -0.081848
v -0.139070 0.941913 -0.105097
v -0.140097 0.944165 -0.101350
v -0.137245 0.942354 -0.104921
v -0.138043 0.939966 -0.108338
v -0.138258 0.944578 -0.101220
v -0.136230 0.940431 -0.108122
v -0.136325 0.936929 -0.113175
v -0.141113 0.934799 -0.113480
v -0.136643 0.937522 -0.112405
v -0.134540 0.937438 -0.112901
v -0.136111 0.936445 -0.113327
v -0.140887 0.934300 -0.113641
v -0.141444 0.935413 -0.112682
v -0.134848 0.938018 -0.112138
v -0.134350 0.936979 -0.113059
v -0.141769 0.951370 -0.089359
v -0.141880 0.953406 -0.085970
v -0.139910 0.951694 -0.089378
v -0.141488 0.949042 -0.093233
v -0.140020 0.953705 -0.086031
v -0.139633 0.949395 -0.093204
v -0.139290 0.955199 -0.080027
v -0.139288 0.955255 -0.079649
v -0.242874 0.921761 -0.060109
v -0.243238 0.922907 -0.060876
v -0.133235 0.934595 -0.111417
v -0.133802 0.936044 -0.111907
v -0.133684 0.935720 -0.112161
v -0.139475 0.955228 -0.079564
v -0.232767 0.887718 -0.116961
v -0.231479 0.889783 -0.117691
v -0.233170 0.888884 -0.117675
v -0.233106 0.887716 -0.116768
v -0.233477 0.888882 -0.117502
v -0.135530 0.934886 -0.112464
v -0.133392 0.934431 -0.111546
v -0.133826 0.935571 -0.112278
v -0.241649 0.916553 -0.077460
v -0.243356 0.915634 -0.077054
v -0.241838 0.920022 -0.071686
v -0.241171 0.912587 -0.084061
v -0.242874 0.911638 -0.083704
v -0.243546 0.919129 -0.071237
v -0.232393 0.892016 -0.118081
v -0.234030 0.890926 -0.117980
v -0.232916 0.892960 -0.116726
v -0.227618 0.894356 -0.117898
v -0.232089 0.891393 -0.118470
v -0.233722 0.890339 -0.118377
v -0.234557 0.891864 -0.116614
v -0.228131 0.895287 -0.116573
v -0.227319 0.893728 -0.118274
v -0.237051 0.900441 -0.104275
v -0.238723 0.899401 -0.104070
v -0.238800 0.904277 -0.097891
v -0.235300 0.897123 -0.109797
v -0.236959 0.896058 -0.109633
v -0.240485 0.903266 -0.097637
v -0.241875 0.925112 -0.063000
v -0.243582 0.924266 -0.062494
v -0.241773 0.925146 -0.062296
v -0.236905 0.926769 -0.063954
v -0.241899 0.924358 -0.064471
v -0.243608 0.923497 -0.063967
v -0.243472 0.924328 -0.061811
v -0.236804 0.926788 -0.063253
v -0.236928 0.926035 -0.065399
v -0.242986 0.923039 -0.060832
v -0.115078 0.862369 -0.202609
v -0.126696 0.848563 -0.212156
v -0.116200 0.862876 -0.201989
v -0.103467 0.876168 -0.193067
v -0.114556 0.861940 -0.202653
v -0.126129 0.848117 -0.212229
v -0.127928 0.849112 -0.211466
v -0.104479 0.876632 -0.192517
v -0.102989 0.875756 -0.193082
v -0.151693 0.881038 -0.171538
v -0.166977 0.869102 -0.177974
v -0.151911 0.880979 -0.170968
v -0.136417 0.892968 -0.165106
v -0.150927 0.880589 -0.172509
v -0.166132 0.868599 -0.179033
v -0.167225 0.869062 -0.177370
v -0.136606 0.892889 -0.164568
v -0.135730 0.892573 -0.165987
v -0.111982 0.911948 -0.154749
v -0.115940 0.908960 -0.156484
v -0.112129 0.911842 -0.154273
v -0.110516 0.912786 -0.153929
v -0.111420 0.911637 -0.155485
v -0.115359 0.908636 -0.157246
v -0.116090 0.908854 -0.155990
v -0.110673 0.912690 -0.153482
v -0.109957 0.912475 -0.154648
v -0.092782 0.901291 -0.172705
v -0.096228 0.902774 -0.170236
v -0.091549 0.902257 -0.171654
v -0.089691 0.900051 -0.174768
v -0.094952 0.903722 -0.169216
v -0.088496 0.901033 -0.173692
v -0.084889 0.898134 -0.177740
v -0.087902 0.894664 -0.180276
v -0.085723 0.898530 -0.177300
v -0.083760 0.899144 -0.176634
v -0.084490 0.897755 -0.177717
v -0.087485 0.894275 -0.180253
v -0.088767 0.895072 -0.179820
v -0.084578 0.899530 -0.176193
v -0.083384 0.898782 -0.176630
v -0.105963 0.908019 -0.161507
v -0.108426 0.909613 -0.158854
v -0.104567 0.908902 -0.160595
v -0.103026 0.906244 -0.164460
v -0.106999 0.910476 -0.157974
v -0.101666 0.907149 -0.163512
v -0.109967 0.911586 -0.152611
v -0.110177 0.911606 -0.152293
v -0.192719 0.846135 -0.185971
v -0.192969 0.847175 -0.186914
v -0.082601 0.896725 -0.174445
v -0.083250 0.897964 -0.175283
v -0.082925 0.897716 -0.175410
v -0.110362 0.911516 -0.152313
v -0.144853 0.822052 -0.226247
v -0.144086 0.824470 -0.226390
v -0.145169 0.823095 -0.227167
v -0.145223 0.821929 -0.226258
v -0.145503 0.822983 -0.227177
v -0.083987 0.896382 -0.176544
v -0.082609 0.896532 -0.174621
v -0.082932 0.897542 -0.175569
v -0.181199 0.843117 -0.199678
v -0.182489 0.841683 -0.200129
v -0.185395 0.845833 -0.195158
v -0.176194 0.840093 -0.204711
v -0.177446 0.838636 -0.205199
v -0.186716 0.844419 -0.195575
v -0.145307 0.826336 -0.227390
v -0.146331 0.824790 -0.228050
v -0.146714 0.826949 -0.226587
v -0.142306 0.830013 -0.224984
v -0.144671 0.825875 -0.227510
v -0.145699 0.824364 -0.228178
v -0.147746 0.825393 -0.227239
v -0.143686 0.830618 -0.224200
v -0.141679 0.829544 -0.225095
v -0.158741 0.831653 -0.218757
v -0.159863 0.830133 -0.219351
v -0.164612 0.834180 -0.214551
v -0.153474 0.829541 -0.222272
v -0.154556 0.828005 -0.222892
v -0.165777 0.832679 -0.215113
v -0.191468 0.849873 -0.188219
v -0.192832 0.848500 -0.188591
v -0.191759 0.849874 -0.187569
v -0.187514 0.853063 -0.186621
v -0.190497 0.849281 -0.189419
v -0.191856 0.847893 -0.189793
v -0.193115 0.848532 -0.187957
v -0.187801 0.853050 -0.185974
v -0.186562 0.852489 -0.187801
v -0.192831 0.847375 -0.186758
v -0.060975 0.847472 -0.227401
v -0.067237 0.832192 -0.239402
v -0.062288 0.847778 -0.227115
v -0.054716 0.862745 -0.215406
v -0.060398 0.847134 -0.227294
v -0.066607 0.831845 -0.239310
v -0.068680 0.832520 -0.239079
v -0.055900 0.863028 -0.215158
v -0.054193 0.862416 -0.215284
v -0.107077 0.859320 -0.207682
v -0.117955 0.845227 -0.217708
v -0.107427 0.859214 -0.207190
v -0.096204 0.873407 -0.197661
v -0.106017 0.859022 -0.208402
v -0.116788 0.844890 -0.218492
v -0.118345 0.845135 -0.217193
v -0.096514 0.873287 -0.197192
v -0.095252 0.873147 -0.198317
v -0.078814 0.895836 -0.181565
v -0.081630 0.892289 -0.184229
v -0.079064 0.895697 -0.181143
v -0.077776 0.896880 -0.180400
v -0.078033 0.895635 -0.182117
v -0.080822 0.892080 -0.184800
v -0.081887 0.892150 -0.183791
v -0.078029 0.896751 -0.180010
v -0.077002 0.896679 -0.180936
v -0.054055 0.888803 -0.193487
v -0.058227 0.889658 -0.192064
v -0.053320 0.889932 -0.192166
v -0.050366 0.888123 -0.194620
v -0.057441 0.890776 -0.190761
v -0.049677 0.889260 -0.193285
v -0.044701 0.887069 -0.196156
v -0.046327 0.883216 -0.199328
v -0.045675 0.887315 -0.195964
v -0.044087 0.888222 -0.194810
v -0.044267 0.886759 -0.196018
v -0.045874 0.882899 -0.199186
v -0.047337 0.883470 -0.199130
v -0.045044 0.888462 -0.194612
v -0.043673 0.887925 -0.194698
v -0.070656 0.893076 -0.186377
v -0.073962 0.894194 -0.184515
v -0.069716 0.894151 -0.185144
v -0.066789 0.891862 -0.188396
v -0.072981 0.895256 -0.183305
v -0.065897 0.892953 -0.187139
v -0.077414 0.895755 -0.178958
v -0.077702 0.895735 -0.178708
v -0.136577 0.818602 -0.231794
v -0.136729 0.819609 -0.232792
v -0.043183 0.885973 -0.192338
v -0.043774 0.887110 -0.193346
v -0.043391 0.886921 -0.193376
v -0.077857 0.895616 -0.178775
v -0.076453 0.803424 -0.257249
v -0.076075 0.805937 -0.257235
v -0.076674 0.804422 -0.258243
v -0.076782 0.803243 -0.257356
v -0.076971 0.804258 -0.258340
v -0.043883 0.885459 -0.194724
v -0.043112 0.885785 -0.192506
v -0.043328 0.886751 -0.193528
v -0.121479 0.817778 -0.241848
v -0.122353 0.816166 -0.242596
v -0.127111 0.819684 -0.238677
v -0.114891 0.815711 -0.245290
v -0.115716 0.814083 -0.246063
v -0.128028 0.818086 -0.239401
v -0.077267 0.807604 -0.258566
v -0.077814 0.805927 -0.259443
v -0.078917 0.807964 -0.258183
v -0.075651 0.811661 -0.255527
v -0.076556 0.807254 -0.258502
v -0.077111 0.805612 -0.259387
v -0.079473 0.806278 -0.259053
v -0.077269 0.812019 -0.255154
v -0.074950 0.811301 -0.255456
v -0.093195 0.810499 -0.253963
v -0.093857 0.808832 -0.254802
v -0.100303 0.811956 -0.251539
v -0.086910 0.809339 -0.255893
v -0.087525 0.807664 -0.256746
v -0.101019 0.810300 -0.252359
v -0.135388 0.822541 -0.233707
v -0.136363 0.820975 -0.234400
v -0.135838 0.822481 -0.233159
v -0.132572 0.826290 -0.231180
v -0.134049 0.822140 -0.234590
v -0.135017 0.820560 -0.235283
v -0.136807 0.820947 -0.233866
v -0.133016 0.826216 -0.230633
v -0.131260 0.825902 -0.232049
v -0.136672 0.819825 -0.232609
v -0.000048 0.842017 -0.236481
v -0.000279 0.826197 -0.249380
v -0.001421 0.842099 -0.236567
v 0.000183 0.857829 -0.223588
v 0.000526 0.841774 -0.236215
v 0.000351 0.825954 -0.249114
v -0.001789 0.826279 -0.249465
v -0.001054 0.857911 -0.223674
v 0.000701 0.857586 -0.223322
v -0.051046 0.845792 -0.230198
v -0.056384 0.830350 -0.242467
v -0.051494 0.845619 -0.229815
v -0.045711 0.861226 -0.217934
v -0.049798 0.845686 -0.230598
v -0.055010 0.830225 -0.242899
v -0.056879 0.830184 -0.242074
v -0.046113 0.861047 -0.217563
v -0.044588 0.861138 -0.218303
v -0.037181 0.885810 -0.198251
v -0.038560 0.881914 -0.201495
v -0.037509 0.885623 -0.197909
v -0.036678 0.886982 -0.196873
v -0.036258 0.885751 -0.198567
v -0.037605 0.881852 -0.201823
v -0.038900 0.881725 -0.201140
v -0.037003 0.886805 -0.196563
v -0.035767 0.886922 -0.197176
v -0.009324 0.883152 -0.202893
v -0.013807 0.883287 -0.202667
v -0.009166 0.884355 -0.201448
v -0.005407 0.883104 -0.202973
v -0.013593 0.884488 -0.201226
v -0.005297 0.884307 -0.201528
v 0.000556 0.883017 -0.202900
v 0.000492 0.879023 -0.206306
v -0.000461 0.883097 -0.202983
v 0.000589 0.884224 -0.201465
v 0.000981 0.882778 -0.202644
v 0.000935 0.878781 -0.206040
v -0.000561 0.879105 -0.206393
v -0.000412 0.884301 -0.201538
v 0.000999 0.883995 -0.201238
v -0.027692 0.884517 -0.200621
v -0.031513 0.885043 -0.199746
v -0.027306 0.885703 -0.199205
v -0.023280 0.883992 -0.201495
v -0.031080 0.886222 -0.198340
v -0.022949 0.885184 -0.200068
v -0.036542 0.885899 -0.195362
v -0.036879 0.885826 -0.195198
v -0.065946 0.801382 -0.260453
v -0.065985 0.802373 -0.261477
v 0.001145 0.882096 -0.198790
v 0.000671 0.883144 -0.199947
v 0.001073 0.883021 -0.199867
v -0.036989 0.885685 -0.195302
v 0.000449 0.796723 -0.268402
v 0.000397 0.799263 -0.268342
v 0.000346 0.797694 -0.269441
v 0.000195 0.796493 -0.268589
v 0.000116 0.797486 -0.269610
v 0.001207 0.881528 -0.201265
v 0.001287 0.881926 -0.198929
v 0.001202 0.882867 -0.199993
v -0.048770 0.803242 -0.266041
v -0.049137 0.801526 -0.266961
v -0.055280 0.804138 -0.264550
v -0.041253 0.802347 -0.267531
v -0.041564 0.800624 -0.268462
v -0.055696 0.802429 -0.265458
v -0.000645 0.800744 -0.269983
v -0.000657 0.799021 -0.270936
v -0.002374 0.800823 -0.270067
v -0.000589 0.804940 -0.266712
v 0.000068 0.800512 -0.269721
v 0.000047 0.798823 -0.270686
v -0.002393 0.799089 -0.271016
v -0.002283 0.805023 -0.266797
v 0.000116 0.804697 -0.266446
v -0.017475 0.800916 -0.269912
v -0.017607 0.799183 -0.270861
v -0.025113 0.801147 -0.269528
v -0.010801 0.800834 -0.270049
v -0.010884 0.799100 -0.270999
v -0.025303 0.799415 -0.270474
v -0.064940 0.805503 -0.262062
v -0.065425 0.803816 -0.262957
v -0.065506 0.805359 -0.261654
v -0.063556 0.809601 -0.258954
v -0.063366 0.805345 -0.262542
v -0.063842 0.803645 -0.263435
v -0.065986 0.803705 -0.262562
v -0.064113 0.809445 -0.258545
v -0.062014 0.809451 -0.259428
v -0.066015 0.802591 -0.261291
v 0.064091 0.847213 -0.227833
v 0.070209 0.831907 -0.239876
v 0.062805 0.847063 -0.228306
v 0.057976 0.862511 -0.215796
v 0.064599 0.847065 -0.227410
v 0.070770 0.831769 -0.239437
v 0.068794 0.831734 -0.240387
v 0.056820 0.862384 -0.216231
v 0.058431 0.862353 -0.215389
v 0.013530 0.842111 -0.236324
v 0.014585 0.826295 -0.249217
v 0.013028 0.841855 -0.236080
v 0.012476 0.857919 -0.223437
v 0.014840 0.842228 -0.236352
v 0.016025 0.826416 -0.249239
v 0.014035 0.826038 -0.248975
v 0.012022 0.857665 -0.223191
v 0.013655 0.858033 -0.223471
v 0.010785 0.883101 -0.202759
v 0.011062 0.879109 -0.206164
v 0.010410 0.882853 -0.202519
v 0.010671 0.884307 -0.201325
v 0.011755 0.883208 -0.202800
v 0.012067 0.879218 -0.206206
v 0.010674 0.878857 -0.205915
v 0.010307 0.884070 -0.201115
v 0.011627 0.884410 -0.201356
v 0.038847 0.885330 -0.199267
v 0.034528 0.884697 -0.200322
v 0.038383 0.886507 -0.197867
v 0.042575 0.885951 -0.198235
v 0.034118 0.885881 -0.198909
v 0.042066 0.887119 -0.196848
v 0.048198 0.886876 -0.196477
v 0.049780 0.883016 -0.199662
v 0.047248 0.886785 -0.196846
v 0.047618 0.888035 -0.195121
v 0.048568 0.886707 -0.196105
v 0.050164 0.882846 -0.199276
v 0.048797 0.882920 -0.200045
v 0.046681 0.887943 -0.195476
v 0.047981 0.887875 -0.194782
v 0.020633 0.883498 -0.202316
v 0.016689 0.883345 -0.202571
v 0.020395 0.884697 -0.200879
v 0.025134 0.883752 -0.201894
v 0.016499 0.884546 -0.201130
v 0.024840 0.884947 -0.200462
v 0.010556 0.883226 -0.199810
v 0.010204 0.883093 -0.199747
v 0.015566 0.796577 -0.268450
v 0.015651 0.797572 -0.269468
v 0.047748 0.885968 -0.192347
v 0.047450 0.886949 -0.193615
v 0.047828 0.886893 -0.193422
v 0.010153 0.882938 -0.199875
v 0.081284 0.803465 -0.257181
v 0.080787 0.805957 -0.257201
v 0.081315 0.804430 -0.258231
v 0.081136 0.803200 -0.257427
v 0.081182 0.804191 -0.258452
v 0.048603 0.885480 -0.194688
v 0.047951 0.885828 -0.192435
v 0.048011 0.886767 -0.193502
v 0.033045 0.801466 -0.268998
v 0.033250 0.799736 -0.269940
v 0.026326 0.801205 -0.269431
v 0.040715 0.801898 -0.268278
v 0.040977 0.800171 -0.269216
v 0.026480 0.799474 -0.270377
v 0.080014 0.807279 -0.259106
v 0.080566 0.805604 -0.259981
v 0.078393 0.807066 -0.259677
v 0.078430 0.811342 -0.256057
v 0.080654 0.807166 -0.258647
v 0.081193 0.805522 -0.259537
v 0.078938 0.805378 -0.260550
v 0.076840 0.811138 -0.256620
v 0.079061 0.811216 -0.255597
v 0.064078 0.804587 -0.263802
v 0.064516 0.802881 -0.264706
v 0.056720 0.803508 -0.265599
v 0.070431 0.805644 -0.262044
v 0.070916 0.803945 -0.262934
v 0.057102 0.801793 -0.266516
v 0.016271 0.800848 -0.269810
v 0.016353 0.799125 -0.270764
v 0.015646 0.800600 -0.269576
v 0.016002 0.805043 -0.266541
v 0.017920 0.800971 -0.269821
v 0.018012 0.799237 -0.270770
v 0.015731 0.798910 -0.270541
v 0.015387 0.804784 -0.266302
v 0.017618 0.805169 -0.266555
v 0.015533 0.797777 -0.269303
v 0.121734 0.863186 -0.201249
v 0.133557 0.849462 -0.210660
v 0.120682 0.862830 -0.202065
v 0.109916 0.876903 -0.191843
v 0.122117 0.863117 -0.200695
v 0.133985 0.849411 -0.210076
v 0.132398 0.849062 -0.211549
v 0.108971 0.876591 -0.192586
v 0.110256 0.876816 -0.191319
v 0.077343 0.849715 -0.223668
v 0.084722 0.834642 -0.235324
v 0.076845 0.849372 -0.223571
v 0.069969 0.864781 -0.212018
v 0.078567 0.850056 -0.223325
v 0.086066 0.835009 -0.234938
v 0.084178 0.834289 -0.235243
v 0.069515 0.864447 -0.211905
v 0.071071 0.865095 -0.211717
v 0.058168 0.888773 -0.193319
v 0.060084 0.884975 -0.196402
v 0.057789 0.888458 -0.193190
v 0.057445 0.889906 -0.192008
v 0.059076 0.889045 -0.193084
v 0.061025 0.885255 -0.196159
v 0.059689 0.884653 -0.196268
v 0.057082 0.889604 -0.191904
v 0.058338 0.890172 -0.191768
v 0.083255 0.895687 -0.182030
v 0.079592 0.894350 -0.184256
v 0.082218 0.896731 -0.180850
v 0.086372 0.896911 -0.179994
v 0.078600 0.895410 -0.183049
v 0.085296 0.897939 -0.178840
v 0.091015 0.898741 -0.176730
v 0.094076 0.895290 -0.179234
v 0.090240 0.898498 -0.177353
v 0.089883 0.899749 -0.175625
v 0.091286 0.898628 -0.176264
v 0.094357 0.895178 -0.178751
v 0.093274 0.895036 -0.179879
v 0.089117 0.899507 -0.176230
v 0.090156 0.899645 -0.175193
v 0.067261 0.890840 -0.190098
v 0.063640 0.890020 -0.191462
v 0.066421 0.891944 -0.188818
v 0.071342 0.891850 -0.188417
v 0.062845 0.891134 -0.190165
v 0.070452 0.892941 -0.187158
v 0.057090 0.888783 -0.190562
v 0.056763 0.888590 -0.190598
v 0.096219 0.806025 -0.252726
v 0.096419 0.807045 -0.253703
v 0.089569 0.897666 -0.172878
v 0.089481 0.898612 -0.174203
v 0.089793 0.898618 -0.173910
v 0.056778 0.888432 -0.190731
v 0.153805 0.823781 -0.223371
v 0.152915 0.826150 -0.223595
v 0.153969 0.824762 -0.224392
v 0.153782 0.823500 -0.223642
v 0.153947 0.824509 -0.224636
v 0.091126 0.897391 -0.174865
v 0.089810 0.897565 -0.172902
v 0.090010 0.898527 -0.173931
v 0.112022 0.813846 -0.248392
v 0.112781 0.812202 -0.249194
v 0.105853 0.812450 -0.250716
v 0.118976 0.815568 -0.245528
v 0.119787 0.813936 -0.246308
v 0.106565 0.810795 -0.251535
v 0.152504 0.827368 -0.225673
v 0.153560 0.825834 -0.226312
v 0.151174 0.826894 -0.226677
v 0.149444 0.831021 -0.223305
v 0.152995 0.827354 -0.225048
v 0.154039 0.825850 -0.225706
v 0.152226 0.825347 -0.227316
v 0.148141 0.830562 -0.224293
v 0.149930 0.830994 -0.222681
v 0.139274 0.822105 -0.234647
v 0.140236 0.820523 -0.235346
v 0.133031 0.819827 -0.238439
v 0.144583 0.824190 -0.231178
v 0.145585 0.822622 -0.231851
v 0.133947 0.818227 -0.239166
v 0.096540 0.810386 -0.253937
v 0.097184 0.808727 -0.254784
v 0.095926 0.810028 -0.253884
v 0.094636 0.814389 -0.250986
v 0.098077 0.810789 -0.253481
v 0.098731 0.809122 -0.254320
v 0.096571 0.808403 -0.254742
v 0.094032 0.814023 -0.250926
v 0.096142 0.814790 -0.250542
v 0.096225 0.807222 -0.253584
v 0.180304 0.798543 -0.223963
v 0.178996 0.800046 -0.223039
v 0.179821 0.798347 -0.224455
v 0.180414 0.800757 -0.221809
v 0.178531 0.799832 -0.223531
v 0.183429 0.794436 -0.227098
v 0.219778 0.823340 -0.184225
v 0.213908 0.819376 -0.190822
v 0.233747 0.830898 -0.170115
v 0.234220 0.831285 -0.169637
v 0.231992 0.832129 -0.169642
v 0.239023 0.828098 -0.171076
v 0.232473 0.832493 -0.169175
v 0.230790 0.831251 -0.171059
v 0.193838 0.807641 -0.210352
v 0.200525 0.811276 -0.204301
v 0.181604 0.802866 -0.227850
v 0.181081 0.802536 -0.228221
v 0.180255 0.804234 -0.226805
v 0.179754 0.803899 -0.227187
v 0.181686 0.804987 -0.225612
v 0.221050 0.827570 -0.188028
v 0.215180 0.823606 -0.194625
v 0.226004 0.831072 -0.182199
v 0.235047 0.835221 -0.174003
v 0.233251 0.836318 -0.173409
v 0.235479 0.835474 -0.173404
v 0.232062 0.835480 -0.174862
v 0.233696 0.836559 -0.172831
v 0.195109 0.811871 -0.214155
v 0.189161 0.808774 -0.219308
v 0.201797 0.815506 -0.208105
v 0.179909 0.804155 -0.226288
v 0.179316 0.803601 -0.226444
v 0.179442 0.803828 -0.226719
v 0.220608 0.827440 -0.187575
v 0.214750 0.823484 -0.194158
v 0.332774 0.770376 -0.202609
v 0.233151 0.836198 -0.172194
v 0.232798 0.836175 -0.172999
v 0.233286 0.836429 -0.172462
v 0.194721 0.811774 -0.213647
v 0.201394 0.815401 -0.207610
v 0.330825 0.771874 -0.201797
v 0.332569 0.770686 -0.202354
v 0.330882 0.772152 -0.202088
v 0.332603 0.770957 -0.202620
v 0.254466 0.722963 -0.281518
v 0.178413 0.800405 -0.223642
v 0.276036 0.731084 -0.259819
v 0.285807 0.736335 -0.251080
v 0.331183 0.766726 -0.200538
v 0.331909 0.767498 -0.200020
v 0.331759 0.767255 -0.199772
v 0.232286 0.833320 -0.169605
v 0.331704 0.767807 -0.199766
v 0.331574 0.767534 -0.199542
v 0.178635 0.800418 -0.224098
v 0.178581 0.800130 -0.223860
v 0.313698 0.753875 -0.221889
v 0.305238 0.748093 -0.231511
v 0.254250 0.720153 -0.278049
v 0.253600 0.720084 -0.278929
v 0.253483 0.719862 -0.278647
v 0.253903 0.720067 -0.277539
v 0.255999 0.721082 -0.275792
v 0.253170 0.719784 -0.278187
v 0.313263 0.753743 -0.221435
v 0.320370 0.758854 -0.212928
v 0.304814 0.747969 -0.231045
v 0.329599 0.768222 -0.198804
v 0.330740 0.766583 -0.200125
v 0.331358 0.767124 -0.199400
v 0.329043 0.765295 -0.202209
v 0.275649 0.730981 -0.259316
v 0.285408 0.736225 -0.250589
v 0.266948 0.726525 -0.266733
v 0.253850 0.725752 -0.280390
v 0.255163 0.724256 -0.281306
v 0.253092 0.725326 -0.280933
v 0.250224 0.729659 -0.277761
v 0.257271 0.725312 -0.279595
v 0.254393 0.723851 -0.281843
v 0.249480 0.729230 -0.278298
v 0.314535 0.757973 -0.225238
v 0.306086 0.752198 -0.234848
v 0.330255 0.772006 -0.203410
v 0.331999 0.770771 -0.203891
v 0.325466 0.775209 -0.201953
v 0.330858 0.772411 -0.202570
v 0.332581 0.771191 -0.203056
v 0.330315 0.769525 -0.206012
v 0.326068 0.775602 -0.201122
v 0.276921 0.735211 -0.263119
v 0.286679 0.740455 -0.254392
v 0.254150 0.723195 -0.281392
v 0.254227 0.723494 -0.281611
v 0.253284 0.720317 -0.278803
v 0.253197 0.720072 -0.278533
v 0.216419 0.759957 -0.250220
v 0.202565 0.774735 -0.240155
v 0.215818 0.759714 -0.250801
v 0.230273 0.745179 -0.260285
v 0.202007 0.774513 -0.240701
v 0.229629 0.744916 -0.260900
v 0.281355 0.799268 -0.184795
v 0.281915 0.799735 -0.184195
v 0.263110 0.811389 -0.179152
v 0.299598 0.787148 -0.190438
v 0.300194 0.787642 -0.189792
v 0.263636 0.811828 -0.178598
v 0.217732 0.764324 -0.254148
v 0.231586 0.749547 -0.264212
v 0.217090 0.763944 -0.254604
v 0.203878 0.779103 -0.244082
v 0.230900 0.749146 -0.264703
v 0.203279 0.778743 -0.244504
v 0.282668 0.803636 -0.188722
v 0.300911 0.791516 -0.194365
v 0.264424 0.815757 -0.183080
v 0.283187 0.803965 -0.187999
v 0.301466 0.791872 -0.193596
v 0.264907 0.816058 -0.182402
v 0.235388 0.834910 -0.172686
v 0.235465 0.835185 -0.172971
v 0.233590 0.836053 -0.172171
v 0.233682 0.836298 -0.172441
v 0.232724 0.833175 -0.169582
v 0.232653 0.832875 -0.169363
v 0.101717 0.773845 -0.265066
v 0.100996 0.775525 -0.263848
v 0.101088 0.773747 -0.265397
v 0.102804 0.775955 -0.263086
v 0.100383 0.775406 -0.264183
v 0.103086 0.769347 -0.268854
v 0.154409 0.790604 -0.238707
v 0.146333 0.787856 -0.243279
v 0.172863 0.795334 -0.229304
v 0.173510 0.795624 -0.228988
v 0.171548 0.796833 -0.228385
v 0.177099 0.791704 -0.231645
v 0.172196 0.797098 -0.228081
v 0.169864 0.796206 -0.229383
v 0.119879 0.780179 -0.256056
v 0.128518 0.782478 -0.252230
v 0.102580 0.777980 -0.269267
v 0.101925 0.777753 -0.269468
v 0.101833 0.779531 -0.267919
v 0.101195 0.779295 -0.268135
v 0.103648 0.780000 -0.267197
v 0.155254 0.794649 -0.242817
v 0.147178 0.791901 -0.247390
v 0.162170 0.797116 -0.238711
v 0.173726 0.799468 -0.233505
v 0.172384 0.800839 -0.232456
v 0.174346 0.799630 -0.233059
v 0.170709 0.800251 -0.233493
v 0.173008 0.800987 -0.232033
v 0.120724 0.784224 -0.260167
v 0.113128 0.782309 -0.263354
v 0.129362 0.786523 -0.256341
v 0.101639 0.779499 -0.267323
v 0.100941 0.779058 -0.267291
v 0.101021 0.779266 -0.267597
v 0.154942 0.794585 -0.242255
v 0.146883 0.791843 -0.246818
v 0.246936 0.719715 -0.286923
v 0.172613 0.800708 -0.231259
v 0.172048 0.800765 -0.231931
v 0.172703 0.800919 -0.231560
v 0.120484 0.784182 -0.259568
v 0.129105 0.786476 -0.255750
v 0.245578 0.721501 -0.285631
v 0.246867 0.720049 -0.286629
v 0.245597 0.721772 -0.285934
v 0.246869 0.720317 -0.286900
v 0.100337 0.775993 -0.264271
v 0.170553 0.692033 -0.324810
v 0.183135 0.695334 -0.319316
v 0.245398 0.716338 -0.284398
v 0.246361 0.716962 -0.284126
v 0.246248 0.716742 -0.283839
v 0.172038 0.797955 -0.228462
v 0.246292 0.717296 -0.283831
v 0.246186 0.717043 -0.283574
v 0.100421 0.775979 -0.264771
v 0.100387 0.775699 -0.264521
v 0.220684 0.707167 -0.299623
v 0.209000 0.703142 -0.306322
v 0.142983 0.685407 -0.335876
v 0.142109 0.685471 -0.336535
v 0.142040 0.685265 -0.336226
v 0.142784 0.685369 -0.335287
v 0.145428 0.685970 -0.334227
v 0.141862 0.685230 -0.335694
v 0.220379 0.707100 -0.299062
v 0.230358 0.710721 -0.293035
v 0.208710 0.703080 -0.305752
v 0.244646 0.718037 -0.282325
v 0.245072 0.716261 -0.283873
v 0.245953 0.716672 -0.283366
v 0.242664 0.715332 -0.285361
v 0.170312 0.691985 -0.324216
v 0.182878 0.695282 -0.318729
v 0.159247 0.689253 -0.328764
v 0.142894 0.691049 -0.338146
v 0.143621 0.689375 -0.339358
v 0.141953 0.690770 -0.338442
v 0.140874 0.695448 -0.334698
v 0.146273 0.690015 -0.338338
v 0.142674 0.689119 -0.339646
v 0.139947 0.695165 -0.334992
v 0.221224 0.711145 -0.303173
v 0.209555 0.707125 -0.309862
v 0.244608 0.721768 -0.287021
v 0.245909 0.720267 -0.287944
v 0.241040 0.725699 -0.284351
v 0.245482 0.722043 -0.286396
v 0.246765 0.720561 -0.287318
v 0.243508 0.719377 -0.289472
v 0.241909 0.725964 -0.283734
v 0.171157 0.696030 -0.328327
v 0.183723 0.699327 -0.322840
v 0.142460 0.688504 -0.339128
v 0.142522 0.688791 -0.339368
v 0.141885 0.685751 -0.336331
v 0.141838 0.685517 -0.336042
v 0.121864 0.730352 -0.299491
v 0.114129 0.747013 -0.286291
v 0.121092 0.730229 -0.299872
v 0.129600 0.713692 -0.312689
v 0.113411 0.746903 -0.286652
v 0.128773 0.713557 -0.313090
v 0.208310 0.756461 -0.256039
v 0.209088 0.756810 -0.255633
v 0.194730 0.771357 -0.245777
v 0.221888 0.741565 -0.266301
v 0.222717 0.741935 -0.265862
v 0.195457 0.771687 -0.245405
v 0.122736 0.734529 -0.303735
v 0.130472 0.717869 -0.316934
v 0.121936 0.734275 -0.303982
v 0.115002 0.751190 -0.290536
v 0.129618 0.717602 -0.317201
v 0.114255 0.750948 -0.290763
v 0.209182 0.760638 -0.260283
v 0.222761 0.745742 -0.270545
v 0.195603 0.775534 -0.250022
v 0.209932 0.760856 -0.259744
v 0.223561 0.745980 -0.269973
v 0.196302 0.775732 -0.249515
v 0.174367 0.799072 -0.232330
v 0.174406 0.799337 -0.232633
v 0.173009 0.800490 -0.231357
v 0.173061 0.800722 -0.231649
v 0.172434 0.797737 -0.228560
v 0.172377 0.797449 -0.228322
v 0.014157 0.763913 -0.281597
v 0.014087 0.765659 -0.280267
v 0.013454 0.763927 -0.281740
v 0.016079 0.765767 -0.280042
v 0.013394 0.765651 -0.280418
v 0.013668 0.759339 -0.285509
v 0.074082 0.771112 -0.271146
v 0.064721 0.769845 -0.273255
v 0.094928 0.772506 -0.267294
v 0.095676 0.772678 -0.267176
v 0.094183 0.774181 -0.266084
v 0.097697 0.768283 -0.270625
v 0.094924 0.774328 -0.265977
v 0.092210 0.773864 -0.266566
v 0.034884 0.766946 -0.278080
v 0.044497 0.767695 -0.276833
v 0.014502 0.767944 -0.285969
v 0.013789 0.767834 -0.285976
v 0.014422 0.769566 -0.284503
v 0.013719 0.769443 -0.284531
v 0.016417 0.769712 -0.284320
v 0.074420 0.775057 -0.275423
v 0.065060 0.773790 -0.277533
v 0.082508 0.776251 -0.273437
v 0.095274 0.776538 -0.271666
v 0.094518 0.778088 -0.270321
v 0.096010 0.776585 -0.271412
v 0.092548 0.777809 -0.270844
v 0.095249 0.778120 -0.270089
v 0.035222 0.770890 -0.282358
v 0.026834 0.770332 -0.283288
v 0.044836 0.771640 -0.281111
v 0.014396 0.769553 -0.283877
v 0.013671 0.769232 -0.283644
v 0.013697 0.769431 -0.283964
v 0.074269 0.775032 -0.274795
v 0.064928 0.773767 -0.276901
v 0.136738 0.687052 -0.341284
v 0.095042 0.777893 -0.269231
v 0.094331 0.778057 -0.269722
v 0.095079 0.778093 -0.269549
v 0.035152 0.770874 -0.281716
v 0.044746 0.771622 -0.280471
v 0.136103 0.689007 -0.339710
v 0.136809 0.687385 -0.340989
v 0.136083 0.689278 -0.340012
v 0.136782 0.687655 -0.341257
v 0.018380 0.674456 -0.362247
v 0.013424 0.766239 -0.280503
v 0.049399 0.673267 -0.356043
v 0.063373 0.674314 -0.354300
v 0.135419 0.683917 -0.338355
v 0.136508 0.684367 -0.338372
v 0.136444 0.684162 -0.338061
v 0.094812 0.775208 -0.266319
v 0.136579 0.684701 -0.338078
v 0.136508 0.684463 -0.337796
v 0.013363 0.766224 -0.281006
v 0.013354 0.765947 -0.280750
v 0.106308 0.679315 -0.345977
v 0.092734 0.677434 -0.349107
v 0.019149 0.671548 -0.358941
v 0.018150 0.671771 -0.359336
v 0.018136 0.671572 -0.359015
v 0.019116 0.671529 -0.358320
v 0.022011 0.671661 -0.358042
v 0.018107 0.671555 -0.358454
v 0.106162 0.679286 -0.345352
v 0.117869 0.681066 -0.342388
v 0.092606 0.677407 -0.348478
v 0.135557 0.685669 -0.336195
v 0.135242 0.683883 -0.337759
v 0.136283 0.684131 -0.337523
v 0.132397 0.683400 -0.338505
v 0.049326 0.673245 -0.355405
v 0.063282 0.674291 -0.353665
v 0.037144 0.672486 -0.356669
v 0.019372 0.677178 -0.361230
v 0.019451 0.675436 -0.362556
v 0.018353 0.677066 -0.361250
v 0.019135 0.681769 -0.357463
v 0.022349 0.675605 -0.362320
v 0.018432 0.675347 -0.362566
v 0.018129 0.681650 -0.357485
v 0.106501 0.683231 -0.349630
v 0.092944 0.681352 -0.352756
v 0.134846 0.689463 -0.340785
v 0.135577 0.687790 -0.341995
v 0.132851 0.693867 -0.337329
v 0.135892 0.689575 -0.340431
v 0.136608 0.687924 -0.341636
v 0.132735 0.687344 -0.342783
v 0.133887 0.693970 -0.336981
v 0.049664 0.677190 -0.359683
v 0.063620 0.678236 -0.357942
v 0.018271 0.674763 -0.361996
v 0.018311 0.675042 -0.362249
v 0.018041 0.672079 -0.359085
v 0.018037 0.671850 -0.358788
v 0.016582 0.718504 -0.319210
v 0.015640 0.735901 -0.304785
v 0.015725 0.718519 -0.319361
v 0.017525 0.701107 -0.333634
v 0.014842 0.735919 -0.304932
v 0.016609 0.701120 -0.333790
v 0.114723 0.728945 -0.301833
v 0.115629 0.729152 -0.301665
v 0.107146 0.745637 -0.288583
v 0.122299 0.712253 -0.315083
v 0.123265 0.712471 -0.314898
v 0.107991 0.745833 -0.288432
v 0.016931 0.722577 -0.323627
v 0.017874 0.705180 -0.338051
v 0.016063 0.722464 -0.323639
v 0.015989 0.739974 -0.309202
v 0.016947 0.705064 -0.338067
v 0.015180 0.739864 -0.309209
v 0.115072 0.733018 -0.306250
v 0.122648 0.716327 -0.319500
v 0.107495 0.749710 -0.293000
v 0.115967 0.733096 -0.305943
v 0.123603 0.716416 -0.319176
v 0.108329 0.749778 -0.292710
v 0.096138 0.776014 -0.270705
v 0.096136 0.776276 -0.271012
v 0.095354 0.777615 -0.269429
v 0.095361 0.777842 -0.269728
v 0.095124 0.774930 -0.266517
v 0.095088 0.774649 -0.266267
v -0.153920 0.787884 -0.241702
v -0.152754 0.789441 -0.240688
v -0.154517 0.788122 -0.241473
v -0.151107 0.788922 -0.241505
v -0.153355 0.789655 -0.240468
v -0.157697 0.784047 -0.244389
v -0.101273 0.775705 -0.263503
v -0.109785 0.777514 -0.260491
v -0.083190 0.770398 -0.270804
v -0.082515 0.770325 -0.271093
v -0.082616 0.772101 -0.269546
v -0.084112 0.765858 -0.274660
v -0.081959 0.772007 -0.269839
v -0.084444 0.772439 -0.268938
v -0.135594 0.784194 -0.249374
v -0.127492 0.781894 -0.253202
v -0.154658 0.791984 -0.245961
v -0.155232 0.792095 -0.245599
v -0.153469 0.793414 -0.244814
v -0.154049 0.793512 -0.244474
v -0.151829 0.792934 -0.245672
v -0.101995 0.779716 -0.267669
v -0.110507 0.781526 -0.264658
v -0.094527 0.778232 -0.270140
v -0.083929 0.774498 -0.275062
v -0.083331 0.776074 -0.273672
v -0.083230 0.774297 -0.275219
v -0.085167 0.776450 -0.273105
v -0.082653 0.775864 -0.273845
v -0.136316 0.788205 -0.253541
v -0.143273 0.790288 -0.250075
v -0.128214 0.785906 -0.257368
v -0.153171 0.793353 -0.244266
v -0.153697 0.793248 -0.243675
v -0.153780 0.793457 -0.243979
v -0.101795 0.779683 -0.267056
v -0.110289 0.781488 -0.264050
v -0.115904 0.683423 -0.347323
v -0.082440 0.775635 -0.272988
v -0.083175 0.776049 -0.273066
v -0.082513 0.775841 -0.273297
v -0.136044 0.788154 -0.252957
v -0.127960 0.785859 -0.256776
v -0.114974 0.685326 -0.345835
v -0.115597 0.683692 -0.347137
v -0.115061 0.685616 -0.346107
v -0.115672 0.683979 -0.347375
v -0.153195 0.790211 -0.240607
v -0.193404 0.698015 -0.314855
v -0.181678 0.694638 -0.320475
v -0.203462 0.701085 -0.309745
v -0.116361 0.680594 -0.343886
v -0.115412 0.680693 -0.344487
v -0.115364 0.680491 -0.344172
v -0.119040 0.681061 -0.343070
v -0.081948 0.772905 -0.270153
v -0.115106 0.680961 -0.344301
v -0.115087 0.680733 -0.344004
v -0.153503 0.790259 -0.241005
v -0.153464 0.789977 -0.240757
v -0.143579 0.685689 -0.335368
v -0.132693 0.683580 -0.338879
v -0.155971 0.688279 -0.331059
v -0.218174 0.705766 -0.301993
v -0.219059 0.706313 -0.301848
v -0.215820 0.704994 -0.303240
v -0.218967 0.706100 -0.301550
v -0.216707 0.707132 -0.300297
v -0.217886 0.705703 -0.301445
v -0.215526 0.704930 -0.302673
v -0.218706 0.706044 -0.301055
v -0.143377 0.685650 -0.334760
v -0.132505 0.683544 -0.338266
v -0.155754 0.688236 -0.330456
v -0.115592 0.682133 -0.341903
v -0.114612 0.682020 -0.342268
v -0.116200 0.680563 -0.343286
v -0.115219 0.680462 -0.343629
v -0.118870 0.681028 -0.342452
v -0.193139 0.697960 -0.314273
v -0.181428 0.694587 -0.319886
v -0.203184 0.701026 -0.309170
v -0.217446 0.711232 -0.304555
v -0.218601 0.709676 -0.305571
v -0.218256 0.711435 -0.304050
v -0.214284 0.715317 -0.301630
v -0.216248 0.708941 -0.306839
v -0.219400 0.709900 -0.305061
v -0.215088 0.715509 -0.301133
v -0.144099 0.689662 -0.338926
v -0.133228 0.687555 -0.342432
v -0.156476 0.692248 -0.334622
v -0.116330 0.686233 -0.346161
v -0.116915 0.684535 -0.347412
v -0.114707 0.690698 -0.342602
v -0.115328 0.685992 -0.346394
v -0.115914 0.684319 -0.347635
v -0.119592 0.685040 -0.346618
v -0.113718 0.690452 -0.342835
v -0.193861 0.701971 -0.318440
v -0.182150 0.698599 -0.324052
v -0.203906 0.705038 -0.313336
v -0.219409 0.709346 -0.304441
v -0.219423 0.709620 -0.304702
v -0.218918 0.706616 -0.301606
v -0.218839 0.706374 -0.301331
v -0.185320 0.747485 -0.270977
v -0.173292 0.762965 -0.259743
v -0.186037 0.747771 -0.270678
v -0.197347 0.732004 -0.282212
v -0.173962 0.763236 -0.259469
v -0.198111 0.732306 -0.281886
v -0.099382 0.726238 -0.306338
v -0.098551 0.726146 -0.306668
v -0.093164 0.743155 -0.292712
v -0.105600 0.709321 -0.319963
v -0.104712 0.709220 -0.320309
v -0.092390 0.743073 -0.293026
v -0.186066 0.751627 -0.275280
v -0.198093 0.736147 -0.286515
v -0.186759 0.751783 -0.274844
v -0.174037 0.767108 -0.264045
v -0.198833 0.736318 -0.286053
v -0.174684 0.767248 -0.263635
v -0.100127 0.730380 -0.310640
v -0.106346 0.713464 -0.324265
v -0.093909 0.747298 -0.297015
v -0.099273 0.730157 -0.310834
v -0.105434 0.713231 -0.324476
v -0.093113 0.747085 -0.297192
v -0.082947 0.773656 -0.274629
v -0.083026 0.773932 -0.274913
v -0.082392 0.775295 -0.273289
v -0.082470 0.775534 -0.273569
v -0.081900 0.772565 -0.270454
v -0.081885 0.772288 -0.270197
v -0.217019 0.818153 -0.191325
v -0.215396 0.819482 -0.190690
v -0.217470 0.818472 -0.190962
v -0.214181 0.818745 -0.191871
v -0.215857 0.819778 -0.190335
v -0.221911 0.815020 -0.192841
v -0.176263 0.798808 -0.225052
v -0.183022 0.801792 -0.220086
v -0.162401 0.791053 -0.236428
v -0.161866 0.790886 -0.236872
v -0.161234 0.792608 -0.235416
v -0.165085 0.786828 -0.239760
v -0.160721 0.792424 -0.235859
v -0.162705 0.793200 -0.234386
v -0.202764 0.811962 -0.203160
v -0.196694 0.808579 -0.208790
v -0.218203 0.822413 -0.195318
v -0.218617 0.822599 -0.194832
v -0.216542 0.823610 -0.194559
v -0.216970 0.823785 -0.194091
v -0.215339 0.822913 -0.195778
v -0.177422 0.802975 -0.228960
v -0.184180 0.805960 -0.223993
v -0.171426 0.800454 -0.233156
v -0.163584 0.795312 -0.240422
v -0.162381 0.796735 -0.239286
v -0.163013 0.795013 -0.240742
v -0.163863 0.797368 -0.238293
v -0.161834 0.796431 -0.239616
v -0.203922 0.816130 -0.207067
v -0.209066 0.819136 -0.202063
v -0.197853 0.812747 -0.212698
v -0.216124 0.823491 -0.194109
v -0.216465 0.823451 -0.193409
v -0.216591 0.823677 -0.193685
v -0.177071 0.802896 -0.228423
v -0.183815 0.805874 -0.223466
v -0.228541 0.712455 -0.299006
v -0.161436 0.796151 -0.238844
v -0.162071 0.796671 -0.238745
v -0.161556 0.796373 -0.239126
v -0.203516 0.816023 -0.206576
v -0.197459 0.812647 -0.212195
v -0.226947 0.714148 -0.297869
v -0.228160 0.712668 -0.298913
v -0.227055 0.714453 -0.298114
v -0.228247 0.712968 -0.299129
v -0.288990 0.737640 -0.248909
v -0.280235 0.732698 -0.257133
v -0.296389 0.742042 -0.241582
v -0.228483 0.709648 -0.295532
v -0.227753 0.709619 -0.296347
v -0.227654 0.709404 -0.296052
v -0.160648 0.793314 -0.236185
v -0.227372 0.709831 -0.296254
v -0.227310 0.709596 -0.295968
v -0.215985 0.820119 -0.190592
v -0.250518 0.718541 -0.280693
v -0.241746 0.714917 -0.286725
v -0.260387 0.722844 -0.273532
v -0.307103 0.748661 -0.230605
v -0.307793 0.749329 -0.230259
v -0.307660 0.749097 -0.229991
v -0.305043 0.749738 -0.229389
v -0.306694 0.748541 -0.230151
v -0.304975 0.747456 -0.231897
v -0.307290 0.748989 -0.229582
v -0.250169 0.718456 -0.280161
v -0.241407 0.714837 -0.286185
v -0.260025 0.722753 -0.273010
v -0.226961 0.710993 -0.293871
v -0.226172 0.710744 -0.294463
v -0.228171 0.709577 -0.294998
v -0.227374 0.709340 -0.295570
v -0.230340 0.710416 -0.293543
v -0.288591 0.737530 -0.248417
v -0.279848 0.732594 -0.256631
v -0.295981 0.741927 -0.241100
v -0.306227 0.753997 -0.233382
v -0.307841 0.752668 -0.234021
v -0.306805 0.754306 -0.232701
v -0.301798 0.757462 -0.231490
v -0.306133 0.751624 -0.235804
v -0.308403 0.752995 -0.233339
v -0.302374 0.757759 -0.230818
v -0.251327 0.722624 -0.284068
v -0.242565 0.719004 -0.290092
v -0.261183 0.726921 -0.276917
v -0.228145 0.715253 -0.297864
v -0.229318 0.713704 -0.298867
v -0.224904 0.719306 -0.294990
v -0.227319 0.714871 -0.298332
v -0.228487 0.713346 -0.299326
v -0.231498 0.714583 -0.297450
v -0.224092 0.718921 -0.295455
v -0.289749 0.741697 -0.252324
v -0.281006 0.736762 -0.260539
v -0.297139 0.746094 -0.245007
v -0.308332 0.752434 -0.232730
v -0.308372 0.752713 -0.232983
v -0.307544 0.749598 -0.230071
v -0.307435 0.749341 -0.229821
v -0.261035 0.783923 -0.210334
v -0.244168 0.797040 -0.203033
v -0.261569 0.784305 -0.209875
v -0.277901 0.770806 -0.217635
v -0.244668 0.797400 -0.202610
v -0.278469 0.771210 -0.217139
v -0.194672 0.750994 -0.265137
v -0.194008 0.750787 -0.265658
v -0.182291 0.766338 -0.254130
v -0.207053 0.735652 -0.276142
v -0.206342 0.735427 -0.276693
v -0.181675 0.766148 -0.254622
v -0.262231 0.788226 -0.214368
v -0.279097 0.775110 -0.221669
v -0.262727 0.788473 -0.213782
v -0.245363 0.801343 -0.207067
v -0.279627 0.775378 -0.221046
v -0.245826 0.801568 -0.206517
v -0.195868 0.755297 -0.269171
v -0.208249 0.739955 -0.280176
v -0.183487 0.770641 -0.258165
v -0.195166 0.754954 -0.269565
v -0.207500 0.739594 -0.280600
v -0.182833 0.770316 -0.258529
v -0.162694 0.794324 -0.240232
v -0.162800 0.794615 -0.240491
v -0.161532 0.795817 -0.239135
v -0.161643 0.796071 -0.239389
v -0.160744 0.792981 -0.236476
v -0.160705 0.792699 -0.236227
v -0.260273 0.858041 -0.124941
v -0.258338 0.859071 -0.124804
v -0.260584 0.858445 -0.124436
v -0.257533 0.858104 -0.126368
v -0.258664 0.859454 -0.124304
v -0.265885 0.855812 -0.124952
v -0.231062 0.830990 -0.171493
v -0.236088 0.835250 -0.164402
v -0.221272 0.820612 -0.187233
v -0.220876 0.820345 -0.187845
v -0.219663 0.821955 -0.186576
v -0.225305 0.816874 -0.189755
v -0.219291 0.821674 -0.187180
v -0.220777 0.822824 -0.185083
v -0.249983 0.849155 -0.141260
v -0.245849 0.844623 -0.148804
v -0.261777 0.862518 -0.128572
v -0.262041 0.862783 -0.127955
v -0.259795 0.863409 -0.128323
v -0.260078 0.863665 -0.127720
v -0.259004 0.862484 -0.129921
v -0.232533 0.835370 -0.175046
v -0.237559 0.839631 -0.167955
v -0.228008 0.831717 -0.181126
v -0.222775 0.825089 -0.190865
v -0.221119 0.826293 -0.190094
v -0.222333 0.824682 -0.191364
v -0.222248 0.827204 -0.188636
v -0.220705 0.825885 -0.190596
v -0.251454 0.853536 -0.144814
v -0.254882 0.857518 -0.138186
v -0.247320 0.849003 -0.152357
v -0.259294 0.863213 -0.128000
v -0.259468 0.863238 -0.127193
v -0.259625 0.863487 -0.127429
v -0.232072 0.835226 -0.174616
v -0.237087 0.839478 -0.167540
v -0.312345 0.754087 -0.229719
v -0.220171 0.825532 -0.189946
v -0.220696 0.826171 -0.189648
v -0.220323 0.825776 -0.190191
v -0.250954 0.853354 -0.144446
v -0.246829 0.848830 -0.151975
v -0.310268 0.755488 -0.229068
v -0.311918 0.754229 -0.229743
v -0.310388 0.755813 -0.229280
v -0.312013 0.754546 -0.229932
v -0.258435 0.859943 -0.124554
v -0.356156 0.790696 -0.160607
v -0.350227 0.784096 -0.171593
v -0.311862 0.751274 -0.226255
v -0.311344 0.751106 -0.227301
v -0.311208 0.750873 -0.227036
v -0.219170 0.822551 -0.187528
v -0.310917 0.751248 -0.227324
v -0.310822 0.751002 -0.227057
v -0.258873 0.860119 -0.124738
v -0.258802 0.859819 -0.124522
v -0.328689 0.764323 -0.204500
v -0.336056 0.770489 -0.194239
v -0.368002 0.805153 -0.136585
v -0.368501 0.805952 -0.136022
v -0.368340 0.805696 -0.135795
v -0.367510 0.804958 -0.136257
v -0.366393 0.803547 -0.138546
v -0.367895 0.805519 -0.135500
v -0.328231 0.764174 -0.204075
v -0.321582 0.758901 -0.212850
v -0.335589 0.770332 -0.193826
v -0.309183 0.751943 -0.225897
v -0.311439 0.751146 -0.225816
v -0.310827 0.750758 -0.226638
v -0.313102 0.752393 -0.223680
v -0.355663 0.790513 -0.160238
v -0.349742 0.783921 -0.171209
v -0.360546 0.796311 -0.150589
v -0.367040 0.810328 -0.139633
v -0.368967 0.809296 -0.139776
v -0.367401 0.810746 -0.138769
v -0.361746 0.812976 -0.139099
v -0.367864 0.807928 -0.142099
v -0.369310 0.809730 -0.138916
v -0.362109 0.813382 -0.138245
v -0.329702 0.768554 -0.207628
v -0.337060 0.774712 -0.197380
v -0.311284 0.756818 -0.228688
v -0.312896 0.755483 -0.229335
v -0.306839 0.760280 -0.226799
v -0.310640 0.756280 -0.229416
v -0.312241 0.754969 -0.230054
v -0.314573 0.756773 -0.227234
v -0.306206 0.759741 -0.227519
v -0.357134 0.794893 -0.163792
v -0.351213 0.788301 -0.174763
v -0.369175 0.809157 -0.138328
v -0.369235 0.809443 -0.138569
v -0.368174 0.806176 -0.135910
v -0.368044 0.805898 -0.135694
v -0.312906 0.831924 -0.130447
v -0.292733 0.841932 -0.128320
v -0.313267 0.832407 -0.129819
v -0.333078 0.821916 -0.132574
v -0.293072 0.842387 -0.127739
v -0.333460 0.822428 -0.131899
v -0.265518 0.786446 -0.206135
v -0.265021 0.786114 -0.206865
v -0.248549 0.799529 -0.198891
v -0.282488 0.773364 -0.213378
v -0.281953 0.773005 -0.214153
v -0.248088 0.799223 -0.199576
v -0.314425 0.836447 -0.134116
v -0.334597 0.826439 -0.136243
v -0.314738 0.836788 -0.133372
v -0.294252 0.846455 -0.131989
v -0.334931 0.826808 -0.135452
v -0.294543 0.846767 -0.131293
v -0.267037 0.790969 -0.209804
v -0.284007 0.777887 -0.217047
v -0.250068 0.804052 -0.202560
v -0.266492 0.790494 -0.210418
v -0.283424 0.777385 -0.217706
v -0.249559 0.803603 -0.203129
v -0.221997 0.823934 -0.190953
v -0.222121 0.824244 -0.191180
v -0.220382 0.825215 -0.190208
v -0.220514 0.825490 -0.190429
v -0.219381 0.822234 -0.187790
v -0.219324 0.821945 -0.187553
v -0.276241 0.903707 -0.048940
v -0.274200 0.904398 -0.049367
v -0.276328 0.904145 -0.048379
v -0.274031 0.903347 -0.051070
v -0.274307 0.904818 -0.048806
v -0.281926 0.902441 -0.047348
v -0.265946 0.873286 -0.101100
v -0.268036 0.878153 -0.092999
v -0.262751 0.861800 -0.118684
v -0.262590 0.861486 -0.119375
v -0.260823 0.862842 -0.118529
v -0.260685 0.862517 -0.119205
v -0.261321 0.863848 -0.116807
v -0.272485 0.893623 -0.067253
v -0.271410 0.888646 -0.075537
v -0.277925 0.908456 -0.052119
v -0.277959 0.908746 -0.051459
v -0.275832 0.908999 -0.052448
v -0.275890 0.909284 -0.051796
v -0.275678 0.907993 -0.054181
v -0.267593 0.877932 -0.104211
v -0.269683 0.882800 -0.096110
v -0.265596 0.873723 -0.111216
v -0.264434 0.866549 -0.121864
v -0.262454 0.867443 -0.121609
v -0.264221 0.866087 -0.122456
v -0.262968 0.868494 -0.119918
v -0.262268 0.866984 -0.122196
v -0.274132 0.898269 -0.070364
v -0.274885 0.902608 -0.063143
v -0.273057 0.893292 -0.078647
v -0.275301 0.908715 -0.052272
v -0.275238 0.908749 -0.051449
v -0.275411 0.909027 -0.051638
v -0.267062 0.877704 -0.103922
v -0.269147 0.882561 -0.095838
v -0.371748 0.812341 -0.132768
v -0.261641 0.866532 -0.121710
v -0.261950 0.867242 -0.121294
v -0.261813 0.866803 -0.121910
v -0.273588 0.897998 -0.070145
v -0.272514 0.893032 -0.078411
v -0.369369 0.813362 -0.132749
v -0.371327 0.812411 -0.132912
v -0.369487 0.813708 -0.132927
v -0.371416 0.812744 -0.133075
v -0.274078 0.905268 -0.049121
v -0.388042 0.854077 -0.055123
v -0.386562 0.846845 -0.067161
v -0.370801 0.809406 -0.129507
v -0.370627 0.809179 -0.130651
v -0.370463 0.808921 -0.130428
v -0.260520 0.863370 -0.119594
v -0.370206 0.809249 -0.130795
v -0.370083 0.808984 -0.130558
v -0.274515 0.905519 -0.049181
v -0.274437 0.905205 -0.048986
v -0.378550 0.824552 -0.104263
v -0.381665 0.831611 -0.092513
v -0.390218 0.869730 -0.029111
v -0.390402 0.870587 -0.028451
v -0.390229 0.870303 -0.028271
v -0.389694 0.869449 -0.028927
v -0.389503 0.867927 -0.031401
v -0.389756 0.870048 -0.028106
v -0.378024 0.824319 -0.103977
v -0.375031 0.818224 -0.114121
v -0.381135 0.831369 -0.092243
v -0.368054 0.809612 -0.129918
v -0.370301 0.809199 -0.129199
v -0.370012 0.808735 -0.130149
v -0.371077 0.810655 -0.126717
v -0.387504 0.853807 -0.054901
v -0.386025 0.846583 -0.066922
v -0.388498 0.860106 -0.044417
v -0.389290 0.874744 -0.032426
v -0.391325 0.874050 -0.032007
v -0.389324 0.875196 -0.031507
v -0.383691 0.876462 -0.033439
v -0.391150 0.872573 -0.034512
v -0.391339 0.874514 -0.031097
v -0.383731 0.876904 -0.032528
v -0.379672 0.828965 -0.107088
v -0.382782 0.836015 -0.095353
v -0.370005 0.814833 -0.132135
v -0.371932 0.813800 -0.132279
v -0.364700 0.817463 -0.131630
v -0.369686 0.814213 -0.132999
v -0.371596 0.813201 -0.133139
v -0.372724 0.815301 -0.129828
v -0.364390 0.816844 -0.132483
v -0.389151 0.858453 -0.058011
v -0.387673 0.851229 -0.070033
v -0.391145 0.873913 -0.030556
v -0.391220 0.874210 -0.030777
v -0.390024 0.870751 -0.028439
v -0.389888 0.870451 -0.028260
v -0.331922 0.886829 -0.039069
v -0.310576 0.893296 -0.042837
v -0.332009 0.887351 -0.038378
v -0.353266 0.880363 -0.035303
v -0.310661 0.893787 -0.042196
v -0.353357 0.880914 -0.034561
v -0.315531 0.835911 -0.123812
v -0.315317 0.835518 -0.124643
v -0.295293 0.845820 -0.121850
v -0.335768 0.826003 -0.125773
v -0.335536 0.825578 -0.126656
v -0.295097 0.845458 -0.122628
v -0.333623 0.891627 -0.042281
v -0.354967 0.885160 -0.038514
v -0.333656 0.891997 -0.041489
v -0.312277 0.898093 -0.046049
v -0.355004 0.885560 -0.037672
v -0.312308 0.898433 -0.045307
v -0.317232 0.840708 -0.127024
v -0.337469 0.830800 -0.128985
v -0.296994 0.850617 -0.125062
v -0.316964 0.840164 -0.127753
v -0.337183 0.830224 -0.129767
v -0.296744 0.850104 -0.125739
v -0.263914 0.865283 -0.122136
v -0.264042 0.865615 -0.122327
v -0.261966 0.866261 -0.121897
v -0.262107 0.866559 -0.122078
v -0.260845 0.863099 -0.119780
v -0.260774 0.862799 -0.119561
v -0.220450 0.991363 0.096944
v -0.218847 0.991409 0.095443
v -0.220085 0.991751 0.097423
v -0.219942 0.990522 0.094013
v -0.218502 0.991787 0.095935
v -0.224498 0.991819 0.101401
v -0.249425 0.964246 0.050282
v -0.245267 0.968748 0.057774
v -0.259799 0.954030 0.034812
v -0.260136 0.953747 0.034173
v -0.257867 0.954389 0.033831
v -0.265429 0.952979 0.036761
v -0.258217 0.954102 0.033217
v -0.257035 0.955336 0.035454
v -0.230323 0.982361 0.080431
v -0.235412 0.978094 0.073329
v -0.221950 0.996675 0.094702
v -0.221538 0.996898 0.095251
v -0.220300 0.996556 0.093271
v -0.219913 0.996783 0.093826
v -0.221410 0.995719 0.091820
v -0.250892 0.969443 0.048088
v -0.246735 0.973945 0.055581
v -0.254338 0.965490 0.041510
v -0.261299 0.959342 0.032570
v -0.259320 0.959535 0.031659
v -0.261589 0.958893 0.032000
v -0.258502 0.960533 0.033260
v -0.259628 0.959098 0.031108
v -0.231790 0.987558 0.078237
v -0.227209 0.991219 0.084331
v -0.236879 0.983291 0.071135
v -0.219878 0.996103 0.093166
v -0.219384 0.996039 0.093826
v -0.219533 0.996374 0.093731
v -0.250393 0.969032 0.048074
v -0.246244 0.973524 0.055551
v -0.368864 0.943144 0.084924
v -0.259021 0.958428 0.031230
v -0.258820 0.959157 0.031678
v -0.259175 0.958757 0.031126
v -0.231331 0.987110 0.078160
v -0.236409 0.982851 0.071073
v -0.366655 0.943353 0.083592
v -0.368586 0.943090 0.084575
v -0.366732 0.943733 0.083472
v -0.368637 0.943448 0.084452
v -0.218345 0.992168 0.095506
v -0.327621 0.980467 0.155224
v -0.335081 0.974292 0.144947
v -0.367329 0.939770 0.087454
v -0.367866 0.939607 0.086417
v -0.367701 0.939291 0.086543
v -0.258022 0.954891 0.032723
v -0.367587 0.939553 0.086068
v -0.367450 0.939242 0.086227
v -0.218642 0.992549 0.095662
v -0.218577 0.992211 0.095815
v -0.355355 0.954168 0.111455
v -0.349390 0.960723 0.122365
v -0.310684 0.993509 0.176891
v -0.310210 0.994314 0.177466
v -0.310070 0.993975 0.177553
v -0.310263 0.993060 0.176796
v -0.311897 0.991793 0.174747
v -0.309690 0.993569 0.177466
v -0.354863 0.953755 0.111441
v -0.359773 0.947999 0.101861
v -0.348906 0.960302 0.122337
v -0.365313 0.939133 0.085641
v -0.366837 0.939387 0.087470
v -0.367257 0.938946 0.086559
v -0.365682 0.940776 0.089840
v -0.327165 0.980020 0.155154
v -0.334615 0.973853 0.144890
v -0.320434 0.985304 0.163948
v -0.310111 0.998257 0.173133
v -0.311716 0.998206 0.174624
v -0.309511 0.998609 0.173886
v -0.305684 0.998202 0.169169
v -0.313364 0.996990 0.172553
v -0.311101 0.998565 0.175358
v -0.305096 0.998546 0.169919
v -0.356331 0.958952 0.109247
v -0.350374 0.965499 0.120144
v -0.366368 0.944886 0.084309
v -0.368291 0.944534 0.085298
v -0.361084 0.945643 0.081697
v -0.366767 0.944280 0.083468
v -0.368668 0.943942 0.084450
v -0.367149 0.945973 0.087647
v -0.361485 0.945040 0.080870
v -0.328632 0.985217 0.152960
v -0.336083 0.979050 0.142696
v -0.310853 0.997885 0.175768
v -0.310935 0.998211 0.175593
v -0.309854 0.994348 0.177261
v -0.309747 0.994005 0.177368
v -0.264523 0.992130 0.136181
v -0.247620 0.991831 0.121153
v -0.264064 0.992586 0.136763
v -0.281427 0.992429 0.151208
v -0.247194 0.992262 0.121694
v -0.280933 0.992910 0.151830
v -0.312335 0.946770 0.060689
v -0.312728 0.946408 0.059910
v -0.292199 0.949537 0.050765
v -0.332470 0.944003 0.070613
v -0.332887 0.943611 0.069784
v -0.292569 0.949206 0.050037
v -0.266039 0.997497 0.133916
v -0.282942 0.997796 0.148942
v -0.265531 0.997783 0.134569
v -0.249136 0.997197 0.118888
v -0.282400 0.998107 0.149637
v -0.248662 0.997459 0.119500
v -0.313851 0.952136 0.058424
v -0.333986 0.949370 0.068348
v -0.293715 0.954904 0.048500
v -0.314196 0.951605 0.057717
v -0.334354 0.948808 0.067590
v -0.294036 0.954403 0.047844
v -0.261433 0.958008 0.032184
v -0.261529 0.958380 0.032059
v -0.259461 0.958292 0.031269
v -0.259573 0.958635 0.031162
v -0.258463 0.954755 0.032762
v -0.258386 0.954429 0.032937
v -0.154122 1.023634 0.150652
v -0.153018 1.023446 0.148762
v -0.153577 1.023944 0.151001
v -0.154603 1.022791 0.147718
v -0.152492 1.023749 0.149129
v -0.156624 1.024656 0.156052
v -0.199123 1.002910 0.114631
v -0.192340 1.006466 0.120549
v -0.214975 0.994961 0.102932
v -0.215520 0.994754 0.102420
v -0.213363 0.995013 0.101442
v -0.213914 0.994804 0.100957
v -0.211963 0.995768 0.102743
v -0.169587 1.016822 0.137784
v -0.177101 1.013644 0.132494
v -0.155274 1.029175 0.148792
v -0.154694 1.029313 0.149198
v -0.154135 1.028815 0.146959
v -0.153575 1.028960 0.147378
v -0.155730 1.028212 0.145897
v -0.200250 1.008331 0.112810
v -0.193467 1.011888 0.118729
v -0.206013 1.005174 0.107555
v -0.216127 1.000502 0.101072
v -0.214479 1.000382 0.099639
v -0.216636 1.000123 0.100617
v -0.213090 1.001189 0.100923
v -0.214997 1.000016 0.099207
v -0.170714 1.022243 0.135963
v -0.164063 1.024934 0.140441
v -0.178229 1.019065 0.130674
v -0.153841 1.028301 0.146752
v -0.153200 1.028139 0.147248
v -0.153311 1.028495 0.147190
v -0.199852 1.007843 0.112667
v -0.193083 1.011392 0.118573
v -0.305877 1.001356 0.181805
v -0.214502 0.999250 0.099170
v -0.214064 0.999925 0.099527
v -0.214622 0.999604 0.099106
v -0.170377 1.021726 0.135772
v -0.177876 1.018555 0.130494
v -0.304125 1.001223 0.179904
v -0.305720 1.001265 0.181393
v -0.304169 1.001614 0.179801
v -0.305743 1.001628 0.181282
v -0.216709 1.043375 0.251737
v -0.152399 1.024109 0.148664
v -0.240949 1.029504 0.236835
v -0.251914 1.024921 0.229208
v -0.304284 0.997711 0.183885
v -0.305110 0.997666 0.183044
v -0.304972 0.997324 0.183127
v -0.213735 0.995561 0.100409
v -0.304953 0.997575 0.182632
v -0.304831 0.997242 0.182755
v -0.152572 1.024530 0.148887
v -0.152524 1.024182 0.149025
v -0.283831 1.009307 0.203222
v -0.274039 1.014501 0.211866
v -0.216685 1.038985 0.252576
v -0.215942 1.039685 0.252976
v -0.215841 1.039325 0.253028
v -0.216389 1.038474 0.252378
v -0.218720 1.037550 0.250899
v -0.215575 1.038863 0.252849
v -0.283440 1.008818 0.203081
v -0.291728 1.004202 0.195400
v -0.273660 1.014005 0.211714
v -0.302994 0.996789 0.181597
v -0.303880 0.997252 0.183773
v -0.304606 0.996909 0.183026
v -0.301891 0.998368 0.185691
v -0.240613 1.028988 0.236651
v -0.251564 1.024412 0.229033
v -0.230902 1.032852 0.243080
v -0.216397 1.043658 0.248694
v -0.217506 1.043843 0.250575
v -0.215560 1.043886 0.249241
v -0.213331 1.042956 0.243653
v -0.219848 1.042971 0.249079
v -0.216659 1.044075 0.251099
v -0.212508 1.043178 0.244199
v -0.284567 1.014239 0.201261
v -0.274787 1.019426 0.209894
v -0.303396 1.002668 0.180474
v -0.304996 1.002620 0.181970
v -0.299006 1.002589 0.176470
v -0.304110 1.002158 0.179794
v -0.305689 1.002121 0.181276
v -0.303018 1.003790 0.183870
v -0.299717 1.002082 0.175804
v -0.241740 1.034410 0.234830
v -0.252691 1.029833 0.227213
v -0.216423 1.043353 0.251440
v -0.216496 1.043692 0.251287
v -0.215656 1.039664 0.252679
v -0.215583 1.039305 0.252760
v -0.184675 1.030851 0.200623
v -0.172952 1.028078 0.181478
v -0.184001 1.031208 0.201041
v -0.196398 1.033624 0.219767
v -0.172326 1.028417 0.181867
v -0.195676 1.033999 0.220214
v -0.258614 0.996012 0.142642
v -0.259265 0.995741 0.142014
v -0.241892 0.995594 0.127417
v -0.275335 0.996431 0.157867
v -0.276027 0.996134 0.157197
v -0.242501 0.995348 0.126830
v -0.185839 1.036449 0.198743
v -0.197562 1.039222 0.217887
v -0.185128 1.036630 0.199221
v -0.174116 1.033675 0.179598
v -0.196803 1.039420 0.218394
v -0.173453 1.033839 0.180046
v -0.259778 1.001610 0.140762
v -0.276499 1.002029 0.155987
v -0.243056 1.001192 0.125537
v -0.260392 1.001162 0.140193
v -0.277154 1.001556 0.155377
v -0.243628 1.000769 0.125009
v -0.216586 0.999219 0.100771
v -0.216649 0.999605 0.100669
v -0.214930 0.999190 0.099334
v -0.215009 0.999549 0.099254
v -0.214163 0.995500 0.100573
v -0.214097 0.995162 0.100727
v -0.071102 1.042970 0.182833
v -0.070619 1.042646 0.180715
v -0.070438 1.043176 0.183008
v -0.072518 1.042291 0.180171
v -0.069967 1.042846 0.180912
v -0.071788 1.044267 0.188690
v -0.127189 1.030970 0.161329
v -0.118526 1.033193 0.165030
v -0.146778 1.026079 0.154721
v -0.147471 1.025978 0.154386
v -0.145662 1.025895 0.152838
v -0.150514 1.026692 0.159440
v -0.146353 1.025794 0.152532
v -0.143848 1.026373 0.153679
v -0.090462 1.039163 0.174966
v -0.099577 1.037420 0.172065
v -0.071781 1.048669 0.181235
v -0.071096 1.048698 0.181460
v -0.071276 1.048167 0.179167
v -0.070606 1.048207 0.179409
v -0.073183 1.047867 0.178608
v -0.127853 1.036546 0.159766
v -0.119190 1.038769 0.163466
v -0.135299 1.034528 0.156408
v -0.147457 1.031778 0.153123
v -0.146319 1.031417 0.151290
v -0.148129 1.031500 0.152838
v -0.144512 1.031949 0.152115
v -0.146992 1.031154 0.151029
v -0.091126 1.044739 0.173403
v -0.083135 1.046166 0.175778
v -0.100241 1.042996 0.170502
v -0.071143 1.047616 0.178899
v -0.070426 1.047337 0.179200
v -0.070487 1.047709 0.179167
v -0.127598 1.036001 0.159529
v -0.118953 1.038220 0.163222
v -0.209606 1.045740 0.255672
v -0.146662 1.030317 0.150874
v -0.146035 1.030900 0.151078
v -0.146734 1.030687 0.150838
v -0.090948 1.044177 0.173137
v -0.100044 1.042438 0.170242
v -0.208504 1.045360 0.253361
v -0.209588 1.045634 0.255235
v -0.208508 1.045755 0.253265
v -0.209580 1.045998 0.255125
v -0.098715 1.070495 0.296872
v -0.069950 1.043197 0.180432
v -0.128124 1.061253 0.289675
v -0.141390 1.058762 0.285528
v -0.208131 1.041830 0.257312
v -0.209154 1.041945 0.256736
v -0.209058 1.041582 0.256785
v -0.146210 1.026523 0.151938
v -0.209136 1.041839 0.256299
v -0.209042 1.041487 0.256390
v -0.069980 1.043636 0.180684
v -0.069955 1.043281 0.180811
v -0.181446 1.049359 0.269879
v -0.168901 1.052625 0.275315
v -0.099196 1.066144 0.297777
v -0.098263 1.066700 0.297936
v -0.098214 1.066327 0.297967
v -0.099057 1.065596 0.297516
v -0.101829 1.065112 0.296770
v -0.098090 1.065831 0.297731
v -0.181197 1.048814 0.269646
v -0.191954 1.045842 0.264700
v -0.168668 1.052076 0.275075
v -0.207705 1.040760 0.254777
v -0.207857 1.041312 0.257102
v -0.208809 1.041115 0.256596
v -0.205254 1.042033 0.258360
v -0.127944 1.060693 0.289416
v -0.141193 1.058205 0.285275
v -0.116318 1.062715 0.292782
v -0.099223 1.070795 0.293858
v -0.099715 1.071118 0.295968
v -0.098241 1.070866 0.294142
v -0.097851 1.069710 0.288178
v -0.102493 1.070688 0.295207
v -0.098729 1.071191 0.296228
v -0.096882 1.069777 0.288468
v -0.181861 1.054390 0.268083
v -0.169333 1.057652 0.273512
v -0.207412 1.046648 0.253670
v -0.208515 1.046834 0.255554
v -0.204393 1.045930 0.248602
v -0.208363 1.046282 0.253228
v -0.209448 1.046475 0.255093
v -0.205918 1.047609 0.256797
v -0.205337 1.045566 0.248173
v -0.128608 1.066269 0.287853
v -0.141857 1.063781 0.283712
v -0.098532 1.070433 0.296508
v -0.098586 1.070782 0.296373
v -0.098080 1.066638 0.297571
v -0.098049 1.066271 0.297638
v -0.084814 1.054007 0.239161
v -0.079546 1.049767 0.217576
v -0.084000 1.054236 0.239366
v -0.090082 1.058246 0.260745
v -0.078788 1.049988 0.217766
v -0.089212 1.058484 0.260964
v -0.176763 1.033484 0.205005
v -0.177599 1.033340 0.204589
v -0.165279 1.030631 0.185728
v -0.188247 1.036336 0.224280
v -0.189138 1.036176 0.223837
v -0.166059 1.030505 0.185341
v -0.085500 1.059764 0.237547
v -0.090768 1.064004 0.259131
v -0.084664 1.059812 0.237802
v -0.080232 1.055525 0.215961
v -0.089876 1.064060 0.259401
v -0.079452 1.055564 0.216203
v -0.177449 1.039241 0.203390
v -0.188933 1.042093 0.222666
v -0.165964 1.036389 0.184114
v -0.178263 1.038916 0.203026
v -0.189802 1.041752 0.222274
v -0.166723 1.036081 0.183778
v -0.148190 1.030598 0.152993
v -0.148214 1.030991 0.152904
v -0.147031 1.030326 0.151153
v -0.147067 1.030694 0.151089
v -0.146579 1.026531 0.152217
v -0.146530 1.026183 0.152354
v 0.112219 1.035268 0.170013
v 0.111348 1.035013 0.168013
v 0.112896 1.035229 0.169781
v 0.109463 1.035349 0.168617
v 0.112026 1.034972 0.167807
v 0.115264 1.036134 0.175155
v 0.053134 1.044256 0.183442
v 0.062584 1.043179 0.181648
v 0.032757 1.046649 0.188955
v 0.032006 1.046812 0.189059
v 0.032551 1.046300 0.186797
v 0.032596 1.047972 0.194856
v 0.031815 1.046458 0.186923
v 0.034569 1.046078 0.186475
v 0.091693 1.038729 0.174244
v 0.082478 1.040327 0.176903
v 0.112676 1.041007 0.168483
v 0.113339 1.040790 0.168299
v 0.111791 1.040574 0.166530
v 0.112455 1.040370 0.166368
v 0.109910 1.040964 0.167120
v 0.053581 1.049872 0.181944
v 0.063031 1.048794 0.180151
v 0.045328 1.050715 0.183348
v 0.033214 1.052388 0.187425
v 0.032994 1.051861 0.185314
v 0.032449 1.052373 0.187576
v 0.035016 1.051694 0.184977
v 0.032245 1.051856 0.185483
v 0.092140 1.044345 0.172746
v 0.100095 1.042866 0.170285
v 0.082925 1.045942 0.175405
v 0.111571 1.040039 0.166288
v 0.112200 1.039514 0.166181
v 0.112255 1.039887 0.166149
v 0.053475 1.049300 0.181662
v 0.062905 1.048224 0.179873
v 0.044704 1.075582 0.305339
v 0.032147 1.050978 0.185259
v 0.032933 1.051303 0.185034
v 0.032191 1.051352 0.185230
v 0.091954 1.043784 0.172483
v 0.082758 1.045379 0.175137
v 0.044192 1.075095 0.302849
v 0.044448 1.075520 0.304974
v 0.044265 1.075478 0.302731
v 0.044514 1.075871 0.304842
v 0.161146 1.058908 0.277588
v 0.111894 1.035343 0.167361
v 0.131409 1.060445 0.288330
v 0.118052 1.062805 0.292258
v 0.045468 1.071265 0.306299
v 0.044400 1.071761 0.306358
v 0.044384 1.071384 0.306383
v 0.031843 1.047156 0.186278
v 0.044144 1.071698 0.305993
v 0.044152 1.071327 0.306054
v 0.112149 1.035741 0.167545
v 0.112122 1.035387 0.167673
v 0.075429 1.068470 0.301685
v 0.089170 1.066946 0.299149
v 0.159851 1.054880 0.279031
v 0.160842 1.055086 0.278606
v 0.160776 1.054716 0.278643
v 0.159641 1.054345 0.278792
v 0.156927 1.054861 0.279710
v 0.160585 1.054232 0.278428
v 0.075320 1.067900 0.301410
v 0.063328 1.069074 0.303364
v 0.089044 1.066378 0.298877
v 0.044086 1.070369 0.304054
v 0.045400 1.070709 0.306027
v 0.044323 1.070882 0.306137
v 0.048336 1.070420 0.305605
v 0.131228 1.059885 0.288071
v 0.117889 1.062242 0.291994
v 0.142736 1.057691 0.284420
v 0.159224 1.059651 0.275311
v 0.160084 1.059906 0.277309
v 0.160164 1.059371 0.275012
v 0.156877 1.058743 0.269926
v 0.157374 1.060477 0.278213
v 0.161015 1.059631 0.276988
v 0.157808 1.058465 0.269640
v 0.075767 1.073515 0.299913
v 0.089491 1.071993 0.297379
v 0.045624 1.075923 0.302392
v 0.045843 1.076270 0.304544
v 0.045007 1.074767 0.296596
v 0.044529 1.075931 0.302571
v 0.044753 1.076280 0.304697
v 0.048783 1.076036 0.304108
v 0.043924 1.074773 0.296781
v 0.131675 1.065501 0.286574
v 0.118336 1.067858 0.290497
v 0.161072 1.058825 0.277190
v 0.161071 1.059185 0.277072
v 0.160768 1.055004 0.278209
v 0.160709 1.054641 0.278284
v 0.135501 1.044560 0.223438
v 0.126586 1.040985 0.202959
v 0.136318 1.044492 0.223148
v 0.144414 1.048135 0.243917
v 0.127349 1.040928 0.202688
v 0.145286 1.048055 0.243608
v 0.038952 1.058389 0.246454
v 0.038032 1.058566 0.246572
v 0.036565 1.053879 0.224419
v 0.041340 1.062899 0.268489
v 0.040357 1.063081 0.268615
v 0.035709 1.054051 0.224528
v 0.135962 1.050358 0.221892
v 0.144875 1.053933 0.242371
v 0.136765 1.050107 0.221651
v 0.127048 1.046783 0.201413
v 0.145733 1.053671 0.242110
v 0.127796 1.046544 0.201191
v 0.039414 1.064188 0.244908
v 0.041801 1.068698 0.266943
v 0.037027 1.059678 0.222873
v 0.038479 1.064181 0.245074
v 0.040804 1.068696 0.267117
v 0.036156 1.059666 0.223031
v 0.032192 1.051528 0.187827
v 0.032253 1.051915 0.187727
v 0.032012 1.051077 0.185690
v 0.032070 1.051442 0.185620
v 0.031708 1.047256 0.186709
v 0.031708 1.046899 0.186831
v 0.188447 1.009067 0.126408
v 0.187019 1.009012 0.124740
v 0.189015 1.008920 0.125997
v 0.185464 1.009646 0.125841
v 0.187594 1.008862 0.124353
v 0.192914 1.009282 0.130465
v 0.137917 1.027571 0.155673
v 0.146159 1.024958 0.151324
v 0.120619 1.033235 0.166630
v 0.119966 1.033519 0.166937
v 0.119759 1.032978 0.164625
v 0.119126 1.033255 0.164949
v 0.121537 1.032427 0.163755
v 0.170828 1.015840 0.136150
v 0.163139 1.018905 0.141251
v 0.189417 1.014682 0.124672
v 0.189955 1.014361 0.124314
v 0.187960 1.014453 0.123057
v 0.188507 1.014144 0.122720
v 0.186414 1.015140 0.124142
v 0.138866 1.033065 0.153974
v 0.147109 1.030452 0.149625
v 0.131607 1.035256 0.157619
v 0.121590 1.038850 0.164893
v 0.120699 1.038419 0.162943
v 0.120906 1.038960 0.165254
v 0.122487 1.037921 0.162056
v 0.120039 1.038537 0.163316
v 0.171778 1.021334 0.134450
v 0.178352 1.018594 0.129890
v 0.164089 1.024399 0.139551
v 0.187593 1.013969 0.122900
v 0.188069 1.013348 0.122633
v 0.188176 1.013707 0.122578
v 0.138590 1.032527 0.153747
v 0.146815 1.029919 0.149407
v 0.169491 1.056888 0.274227
v 0.119734 1.037693 0.163149
v 0.120468 1.037886 0.162705
v 0.119832 1.038055 0.163101
v 0.171433 1.020820 0.134264
v 0.163760 1.023879 0.139354
v 0.168225 1.056556 0.271993
v 0.169135 1.056879 0.273950
v 0.168325 1.056923 0.271851
v 0.169220 1.057217 0.273797
v 0.187407 1.009261 0.123953
v 0.244070 1.027750 0.233916
v 0.232954 1.032235 0.241380
v 0.169754 1.052482 0.275039
v 0.168845 1.053149 0.275383
v 0.168772 1.052780 0.275421
v 0.119088 1.033954 0.164306
v 0.168489 1.053140 0.275107
v 0.168451 1.052771 0.275171
v 0.187767 1.009606 0.124049
v 0.187718 1.009258 0.124187
v 0.196290 1.044782 0.262263
v 0.208302 1.041022 0.256005
v 0.267389 1.017692 0.217139
v 0.268241 1.017737 0.216448
v 0.268126 1.017383 0.216511
v 0.267033 1.017206 0.216982
v 0.264814 1.018150 0.218612
v 0.267803 1.016944 0.216370
v 0.196014 1.044246 0.262043
v 0.185431 1.047379 0.267258
v 0.208011 1.040490 0.255793
v 0.167666 1.051887 0.273295
v 0.169519 1.051952 0.274810
v 0.168561 1.052301 0.275214
v 0.172125 1.051182 0.273588
v 0.243733 1.027235 0.233733
v 0.232630 1.031714 0.241187
v 0.253208 1.023220 0.227050
v 0.266557 1.022589 0.213630
v 0.267974 1.022647 0.215299
v 0.267314 1.022162 0.213086
v 0.262674 1.022222 0.209145
v 0.265764 1.023644 0.216913
v 0.268716 1.022226 0.214736
v 0.263425 1.021798 0.208616
v 0.196964 1.049740 0.260344
v 0.208960 1.045985 0.254094
v 0.169590 1.057141 0.271133
v 0.170459 1.057393 0.273127
v 0.167182 1.056248 0.265773
v 0.168606 1.057328 0.271612
v 0.169474 1.057583 0.273581
v 0.173075 1.056676 0.271888
v 0.166212 1.056431 0.266256
v 0.244682 1.032729 0.232034
v 0.233580 1.037208 0.239488
v 0.268692 1.021418 0.214934
v 0.268718 1.021776 0.214812
v 0.268045 1.017679 0.216090
v 0.267949 1.017330 0.216187
v 0.227022 1.012989 0.170897
v 0.212242 1.011471 0.153841
v 0.227701 1.012791 0.170390
v 0.241800 1.014508 0.187952
v 0.212878 1.011293 0.153368
v 0.242523 1.014290 0.187413
v 0.144609 1.042354 0.219768
v 0.143803 1.042681 0.220135
v 0.135401 1.038851 0.199408
v 0.153817 1.045858 0.240127
v 0.152955 1.046200 0.240520
v 0.134652 1.039162 0.199749
v 0.228003 1.018663 0.169142
v 0.242781 1.020181 0.186198
v 0.228651 1.018286 0.168691
v 0.213223 1.017145 0.152086
v 0.243473 1.019784 0.185713
v 0.213827 1.016788 0.151668
v 0.145590 1.048028 0.218014
v 0.154798 1.051531 0.238373
v 0.136382 1.044524 0.197653
v 0.144752 1.048175 0.218436
v 0.153904 1.051694 0.238820
v 0.135601 1.044656 0.198050
v 0.120592 1.038165 0.165588
v 0.120686 1.038538 0.165465
v 0.119745 1.037804 0.163598
v 0.119841 1.038155 0.163506
v 0.119099 1.034065 0.164755
v 0.119073 1.033710 0.164881
v 0.244563 0.970676 0.062515
v 0.242730 0.970909 0.061327
v 0.244955 0.970444 0.061962
v 0.241688 0.971773 0.062810
v 0.243136 0.970673 0.060795
v 0.249971 0.970017 0.065118
v 0.208472 0.996840 0.104528
v 0.214549 0.992960 0.098071
v 0.196270 1.005112 0.119826
v 0.195791 1.005496 0.120299
v 0.194842 1.005057 0.118158
v 0.194385 1.005431 0.118642
v 0.196175 1.004231 0.116829
v 0.231901 0.980127 0.076712
v 0.226637 0.984337 0.083720
v 0.245946 0.976083 0.060432
v 0.246295 0.975683 0.059943
v 0.244070 0.976149 0.059308
v 0.244437 0.975759 0.058836
v 0.243041 0.977064 0.060772
v 0.209825 1.002130 0.102490
v 0.215903 0.998251 0.096033
v 0.204399 1.005442 0.108001
v 0.197653 1.010519 0.117743
v 0.196182 1.010297 0.116139
v 0.197131 1.010736 0.118280
v 0.197528 1.009522 0.114791
v 0.195686 1.010517 0.116683
v 0.233255 0.985417 0.074674
v 0.237678 0.981705 0.068495
v 0.227991 0.989628 0.081682
v 0.243597 0.975739 0.059274
v 0.243863 0.975052 0.058898
v 0.244009 0.975389 0.058806
v 0.209407 1.001653 0.102365
v 0.215473 0.997781 0.095921
v 0.277169 1.017290 0.208324
v 0.195207 1.009742 0.116632
v 0.195805 1.009818 0.115991
v 0.195347 1.010084 0.116548
v 0.232788 0.984975 0.074607
v 0.227535 0.989176 0.081600
v 0.275280 1.017237 0.206555
v 0.276753 1.017349 0.208162
v 0.275397 1.017585 0.206381
v 0.276847 1.017672 0.207982
v 0.347940 0.966831 0.124347
v 0.242914 0.971108 0.060455
v 0.330947 0.976802 0.149124
v 0.323371 0.982939 0.159338
v 0.276892 1.012885 0.209139
v 0.276248 1.013690 0.209711
v 0.276127 1.013337 0.209778
v 0.194286 1.006142 0.118019
v 0.275832 1.013748 0.209549
v 0.275752 1.013391 0.209631
v 0.243340 0.971383 0.060435
v 0.243273 0.971046 0.060591
v 0.296933 1.001067 0.189508
v 0.305823 0.995459 0.180174
v 0.346406 0.963315 0.126640
v 0.347019 0.963231 0.125734
v 0.346868 0.962900 0.125836
v 0.345942 0.962901 0.126604
v 0.344479 0.964171 0.128776
v 0.346448 0.962526 0.125804
v 0.296518 1.000591 0.189390
v 0.288571 1.005363 0.197332
v 0.305396 0.994990 0.180068
v 0.274323 1.012702 0.208080
v 0.276514 1.012410 0.209000
v 0.275787 1.012908 0.209652
v 0.278489 1.011235 0.207103
v 0.330488 0.976357 0.149058
v 0.322922 0.982487 0.159259
v 0.336820 0.970944 0.140049
v 0.345459 0.968369 0.123393
v 0.347282 0.968140 0.124585
v 0.345944 0.967833 0.122666
v 0.340453 0.968788 0.120216
v 0.345832 0.969461 0.126738
v 0.347749 0.967612 0.123844
v 0.340938 0.968254 0.119505
v 0.297871 1.005882 0.187352
v 0.306749 1.000281 0.178030
v 0.276421 1.017600 0.205326
v 0.277854 1.017649 0.206982
v 0.272466 1.017269 0.200903
v 0.275663 1.017942 0.206062
v 0.277088 1.017994 0.207693
v 0.279843 1.016525 0.205065
v 0.271721 1.017605 0.201638
v 0.331841 0.981648 0.147020
v 0.324275 0.987777 0.157221
v 0.347643 0.966816 0.124061
v 0.347695 0.967167 0.123928
v 0.346722 0.963216 0.125448
v 0.346600 0.962886 0.125577
v 0.294322 0.966787 0.094003
v 0.275251 0.968263 0.081929
v 0.294783 0.966488 0.093329
v 0.313391 0.965313 0.106078
v 0.275685 0.967990 0.081299
v 0.313881 0.964987 0.105360
v 0.235645 1.008628 0.163639
v 0.235046 1.009079 0.164212
v 0.220542 1.007275 0.146856
v 0.250749 1.009982 0.180420
v 0.250106 1.010457 0.181034
v 0.219986 1.007701 0.147389
v 0.295719 0.972250 0.091899
v 0.314788 0.970776 0.103974
v 0.296137 0.971779 0.091291
v 0.276649 0.973726 0.079825
v 0.315234 0.970278 0.103322
v 0.277038 0.973281 0.079261
v 0.237043 1.014091 0.161534
v 0.252146 1.015445 0.178315
v 0.221939 1.012738 0.144751
v 0.236400 1.014370 0.162174
v 0.251460 1.015747 0.178996
v 0.221340 1.012992 0.145351
v 0.196793 1.009998 0.118710
v 0.196912 1.010353 0.118556
v 0.195365 1.009838 0.117056
v 0.195489 1.010170 0.116931
v 0.194444 1.006238 0.118443
v 0.194394 1.005889 0.118580
v 0.272292 0.925982 -0.011869
v 0.270267 0.926548 -0.012503
v 0.272470 0.925700 -0.012504
v 0.269841 0.927538 -0.010810
v 0.270463 0.926259 -0.013121
v 0.278022 0.924362 -0.010865
v 0.254300 0.956812 0.037910
v 0.257591 0.952124 0.030108
v 0.248426 0.966643 0.055803
v 0.248170 0.967092 0.056382
v 0.246601 0.966869 0.054603
v 0.253188 0.966663 0.059535
v 0.246368 0.967302 0.055186
v 0.247352 0.965864 0.052975
v 0.265875 0.937078 0.005068
v 0.263563 0.941943 0.013163
v 0.273926 0.931129 -0.014385
v 0.274052 0.930688 -0.014942
v 0.271850 0.931535 -0.014941
v 0.271999 0.931100 -0.015488
v 0.271439 0.932574 -0.013271
v 0.255898 0.961848 0.035448
v 0.259189 0.957160 0.027646
v 0.252864 0.965889 0.042175
v 0.250060 0.971790 0.053287
v 0.248184 0.971857 0.052165
v 0.249753 0.972079 0.053944
v 0.248950 0.970900 0.050513
v 0.247904 0.972144 0.052819
v 0.267473 0.942114 0.002606
v 0.269306 0.937862 -0.004471
v 0.265161 0.946978 0.010701
v 0.271324 0.931211 -0.014832
v 0.271355 0.930499 -0.015251
v 0.271524 0.930809 -0.015388
v 0.255388 0.961450 0.035456
v 0.258672 0.956772 0.027670
v 0.351675 0.962933 0.117859
v 0.247306 0.971462 0.052923
v 0.247705 0.971452 0.052139
v 0.247473 0.971777 0.052795
v 0.266939 0.941758 0.002683
v 0.264632 0.946612 0.010761
v 0.349386 0.963240 0.116690
v 0.351247 0.963065 0.117818
v 0.349507 0.963568 0.116482
v 0.351339 0.963371 0.117611
v 0.270231 0.926734 -0.013396
v 0.379183 0.915431 0.046986
v 0.375905 0.922505 0.058760
v 0.350901 0.958619 0.118824
v 0.350588 0.959506 0.119535
v 0.350433 0.959177 0.119641
v 0.246219 0.968035 0.054598
v 0.350159 0.959638 0.119493
v 0.350046 0.959296 0.119603
v 0.270674 0.926934 -0.013541
v 0.270598 0.926609 -0.013364
v 0.362381 0.944081 0.094667
v 0.367236 0.937287 0.083360
v 0.385253 0.900087 0.021411
v 0.385566 0.899923 0.020372
v 0.385395 0.899620 0.020520
v 0.384735 0.899758 0.021515
v 0.384172 0.901202 0.023979
v 0.384927 0.899323 0.020615
v 0.361876 0.943685 0.094682
v 0.357382 0.949530 0.104410
v 0.366725 0.936899 0.083389
v 0.348146 0.958895 0.118531
v 0.350426 0.958217 0.118808
v 0.350004 0.958814 0.119625
v 0.351566 0.956773 0.116464
v 0.378656 0.915072 0.047062
v 0.375382 0.922137 0.058820
v 0.381217 0.908891 0.036775
v 0.384299 0.905305 0.018437
v 0.386318 0.904745 0.019077
v 0.384465 0.904712 0.017617
v 0.378750 0.906635 0.016776
v 0.385770 0.906238 0.021517
v 0.386464 0.904164 0.018249
v 0.378920 0.906045 0.015971
v 0.363474 0.948721 0.092220
v 0.368323 0.941935 0.080927
v 0.350183 0.963436 0.115183
v 0.352008 0.963204 0.116370
v 0.345152 0.963881 0.112050
v 0.349729 0.963883 0.116092
v 0.351540 0.963655 0.117258
v 0.353164 0.961809 0.114002
v 0.344709 0.964319 0.112955
v 0.380254 0.920108 0.044600
v 0.376980 0.927173 0.056358
v 0.386291 0.903392 0.018505
v 0.386361 0.903732 0.018355
v 0.385203 0.899965 0.020181
v 0.385068 0.899657 0.020347
v 0.327479 0.913038 0.004550
v 0.306324 0.917984 -0.001748
v 0.327676 0.912682 0.003781
v 0.348632 0.908093 0.010849
v 0.306512 0.917658 -0.002468
v 0.348840 0.907707 0.010030
v 0.298482 0.962444 0.086774
v 0.298151 0.962975 0.087482
v 0.279287 0.964049 0.074917
v 0.317676 0.960838 0.098631
v 0.317320 0.961399 0.099388
v 0.278983 0.964550 0.075574
v 0.329129 0.918238 0.002008
v 0.350282 0.913293 0.008306
v 0.329274 0.917718 0.001319
v 0.307974 0.923184 -0.004291
v 0.350438 0.912743 0.007568
v 0.308110 0.922694 -0.004930
v 0.300132 0.967644 0.084232
v 0.319326 0.966038 0.096089
v 0.280938 0.969249 0.072375
v 0.299749 0.968011 0.085020
v 0.318918 0.966435 0.096926
v 0.280581 0.969586 0.073112
v 0.249430 0.971398 0.054469
v 0.249558 0.971731 0.054279
v 0.247590 0.971520 0.053284
v 0.247729 0.971829 0.053121
v 0.246502 0.968093 0.054959
v 0.246436 0.967754 0.055113
v 0.238398 0.834899 -0.163457
v 0.236649 0.836136 -0.162973
v 0.238112 0.834637 -0.164060
v 0.237525 0.837047 -0.161413
v 0.236384 0.835860 -0.163571
v 0.242921 0.831454 -0.165490
v 0.260386 0.865018 -0.114861
v 0.257356 0.860283 -0.122741
v 0.268360 0.874475 -0.097590
v 0.268607 0.874925 -0.097008
v 0.266360 0.875382 -0.097658
v 0.274086 0.872628 -0.096964
v 0.266623 0.875810 -0.097083
v 0.265770 0.874348 -0.099333
v 0.245840 0.845813 -0.146823
v 0.249851 0.850375 -0.139231
v 0.239988 0.839472 -0.166927
v 0.239653 0.839068 -0.167423
v 0.238190 0.840568 -0.166336
v 0.237880 0.840162 -0.166835
v 0.239081 0.841521 -0.164809
v 0.261942 0.869492 -0.118257
v 0.258912 0.864758 -0.126137
v 0.264400 0.873636 -0.111360
v 0.269950 0.879049 -0.101061
v 0.267901 0.879814 -0.101021
v 0.270148 0.879357 -0.100371
v 0.267326 0.878823 -0.102729
v 0.268119 0.880112 -0.100348
v 0.247395 0.850288 -0.150219
v 0.243740 0.846360 -0.156756
v 0.251406 0.854850 -0.142627
v 0.237731 0.840419 -0.165935
v 0.237307 0.839777 -0.166238
v 0.237466 0.840028 -0.166472
v 0.261419 0.869279 -0.117943
v 0.258395 0.864554 -0.125806
v 0.381243 0.832304 -0.099544
v 0.267487 0.879649 -0.099880
v 0.267383 0.879586 -0.100751
v 0.267650 0.879905 -0.100105
v 0.246903 0.850114 -0.149838
v 0.250905 0.854666 -0.142262
v 0.378922 0.833431 -0.099348
v 0.380926 0.832568 -0.099365
v 0.379010 0.833722 -0.099618
v 0.380987 0.832848 -0.099617
v 0.337344 0.774308 -0.196065
v 0.236207 0.836407 -0.163724
v 0.350278 0.785417 -0.169393
v 0.356178 0.792025 -0.158396
v 0.379774 0.828389 -0.097914
v 0.380185 0.829259 -0.097233
v 0.380015 0.828988 -0.097031
v 0.266428 0.876604 -0.097569
v 0.379868 0.829523 -0.097054
v 0.379728 0.829227 -0.096869
v 0.236543 0.836469 -0.164099
v 0.236473 0.836170 -0.163880
v 0.371400 0.813298 -0.122992
v 0.367076 0.806410 -0.134456
v 0.336642 0.771419 -0.192728
v 0.336286 0.771263 -0.193754
v 0.336133 0.771017 -0.193510
v 0.336185 0.771263 -0.192334
v 0.337505 0.772574 -0.190094
v 0.335721 0.770877 -0.193154
v 0.370884 0.813084 -0.122675
v 0.374355 0.819111 -0.112643
v 0.366565 0.806204 -0.134125
v 0.377539 0.829554 -0.096730
v 0.379263 0.828163 -0.097638
v 0.379554 0.828783 -0.096783
v 0.378461 0.826658 -0.100083
v 0.349790 0.785239 -0.169017
v 0.355682 0.791838 -0.158034
v 0.344396 0.779562 -0.178464
v 0.335977 0.776926 -0.195223
v 0.337725 0.775695 -0.195697
v 0.335484 0.776391 -0.195946
v 0.331155 0.780101 -0.193812
v 0.339060 0.777048 -0.193490
v 0.337217 0.775179 -0.196419
v 0.330675 0.779566 -0.194525
v 0.372439 0.817558 -0.126070
v 0.368121 0.810679 -0.137520
v 0.378813 0.833505 -0.101059
v 0.380804 0.832594 -0.101002
v 0.373339 0.835819 -0.101081
v 0.379079 0.833985 -0.100094
v 0.381049 0.833085 -0.100047
v 0.380017 0.831133 -0.103479
v 0.373609 0.836288 -0.100124
v 0.351345 0.789713 -0.172413
v 0.357237 0.796312 -0.161430
v 0.336971 0.774481 -0.196038
v 0.337055 0.774794 -0.196234
v 0.335912 0.771436 -0.193727
v 0.335796 0.771173 -0.193486
v 0.286386 0.803595 -0.177594
v 0.267983 0.815580 -0.172177
v 0.286021 0.803269 -0.178314
v 0.304788 0.791611 -0.183010
v 0.267646 0.815281 -0.172852
v 0.304396 0.791258 -0.183774
v 0.322792 0.851682 -0.097564
v 0.323075 0.852222 -0.096843
v 0.301927 0.860416 -0.097558
v 0.343655 0.842948 -0.097571
v 0.343954 0.843519 -0.096797
v 0.302194 0.860924 -0.096889
v 0.287992 0.808216 -0.181101
v 0.306395 0.796231 -0.186517
v 0.287577 0.807743 -0.181710
v 0.269590 0.820201 -0.175684
v 0.305952 0.795733 -0.187170
v 0.269202 0.819755 -0.176248
v 0.324398 0.856303 -0.101070
v 0.345261 0.847569 -0.101077
v 0.303534 0.865037 -0.101064
v 0.324630 0.856696 -0.100239
v 0.345510 0.847994 -0.100193
v 0.303750 0.865398 -0.100285
v 0.269955 0.878768 -0.099694
v 0.270061 0.879059 -0.099953
v 0.267919 0.879579 -0.099731
v 0.268041 0.879842 -0.099971
v 0.266860 0.876534 -0.097420
v 0.266782 0.876221 -0.097223
v 0.221800 0.864237 -0.148953
v 0.224928 0.867346 -0.143779
v 0.228273 0.870966 -0.137754
v 0.239633 0.890366 -0.105467
v 0.239994 0.891248 -0.104011
v 0.240096 0.891628 -0.103417
v 0.238116 0.892672 -0.103147
v 0.239871 0.891881 -0.103198
v 0.216273 0.859513 -0.157066
v 0.142486 0.939831 -0.106390
v 0.140724 0.940360 -0.106248
v 0.128207 0.920052 -0.128837
v 0.130001 0.921835 -0.125870
v 0.131919 0.923911 -0.122415
v 0.138433 0.935035 -0.103901
v 0.138663 0.935531 -0.103067
v 0.138791 0.935718 -0.102726
v 0.237782 0.886091 -0.112581
v 0.236175 0.882722 -0.118188
v 0.234075 0.878896 -0.124555
v 0.137372 0.932584 -0.107981
v 0.136450 0.930652 -0.111196
v 0.135246 0.928458 -0.114847
v 0.125453 0.917080 -0.133596
v 0.217735 0.860396 -0.155346
v 0.216925 0.859655 -0.156592
v 0.216584 0.859407 -0.157041
v 0.125877 0.917849 -0.132503
v 0.125433 0.917411 -0.133222
v 0.125299 0.917230 -0.133496
v 0.139031 0.935703 -0.102603
v 0.241572 0.896225 -0.107742
v 0.241614 0.896388 -0.107023
v 0.234984 0.899691 -0.107012
v 0.239823 0.897505 -0.107002
v 0.241480 0.896538 -0.106893
v 0.216448 0.865457 -0.160340
v 0.217949 0.864278 -0.160583
v 0.231482 0.881757 -0.135370
v 0.233084 0.880589 -0.135379
v 0.140539 0.940380 -0.106797
v 0.140582 0.940369 -0.106321
v 0.218524 0.864661 -0.160273
v 0.218134 0.864215 -0.160568
v 0.127299 0.922247 -0.136974
v 0.127089 0.921880 -0.137091
v 0.126757 0.920987 -0.136458
v 0.217787 0.863308 -0.159958
v 0.139896 0.938525 -0.104780
v 0.140289 0.939538 -0.105583
v 0.241010 0.894556 -0.105416
v 0.241335 0.895591 -0.106231
v 0.127180 0.921791 -0.137151
v 0.137708 0.930964 -0.123320
v 0.135963 0.931552 -0.122899
v 0.141860 0.913513 -0.141453
v 0.142147 0.913967 -0.141366
v 0.142690 0.914541 -0.140634
v 0.156742 0.933774 -0.108625
v 0.156953 0.934243 -0.107621
v 0.156953 0.934196 -0.107030
v 0.225601 0.904244 -0.108261
v 0.225646 0.904299 -0.107498
v 0.203758 0.874305 -0.157418
v 0.204130 0.874839 -0.157198
v 0.245085 0.905048 -0.081032
v 0.246024 0.908516 -0.075260
v 0.246838 0.912503 -0.068624
v 0.245005 0.932744 -0.034938
v 0.244778 0.933638 -0.033462
v 0.244640 0.934015 -0.032873
v 0.242517 0.934697 -0.033206
v 0.244322 0.934220 -0.032734
v 0.243000 0.899652 -0.090264
v 0.145182 0.964821 -0.064801
v 0.143390 0.965035 -0.065180
v 0.141519 0.943458 -0.089883
v 0.142058 0.945446 -0.086574
v 0.142524 0.947733 -0.082768
v 0.141473 0.959339 -0.063452
v 0.141367 0.959846 -0.062599
v 0.141358 0.960044 -0.062241
v 0.246023 0.928396 -0.042174
v 0.246687 0.924944 -0.047920
v 0.247180 0.920976 -0.054523
v 0.142057 0.956846 -0.067601
v 0.142437 0.954866 -0.070896
v 0.142720 0.952591 -0.074683
v 0.140791 0.940178 -0.095155
v 0.243736 0.900729 -0.088220
v 0.243455 0.899891 -0.089626
v 0.243304 0.899601 -0.090148
v 0.140746 0.940981 -0.094005
v 0.140608 0.940492 -0.094810
v 0.140591 0.940297 -0.095106
v 0.141551 0.960067 -0.062054
v 0.246478 0.938904 -0.036711
v 0.246284 0.939054 -0.036015
v 0.239463 0.941170 -0.037980
v 0.244398 0.939847 -0.036534
v 0.246095 0.939175 -0.035933
v 0.243080 0.905618 -0.093500
v 0.244767 0.904721 -0.093275
v 0.247332 0.923621 -0.065697
v 0.249045 0.922745 -0.065218
v 0.143368 0.965037 -0.065760
v 0.143275 0.965022 -0.065291
v 0.245155 0.905189 -0.092824
v 0.244947 0.904690 -0.093206
v 0.142608 0.945669 -0.097994
v 0.142507 0.945274 -0.098157
v 0.142167 0.944322 -0.097623
v 0.244602 0.903722 -0.092697
v 0.142505 0.963049 -0.063964
v 0.142931 0.964135 -0.064647
v 0.245570 0.937106 -0.034601
v 0.245932 0.938201 -0.035315
v 0.142625 0.945204 -0.098186
v 0.147031 0.955695 -0.082161
v 0.145164 0.955964 -0.082270
v 0.159116 0.939677 -0.097908
v 0.159284 0.940172 -0.097754
v 0.159488 0.940812 -0.096912
v 0.160302 0.961357 -0.062719
v 0.160133 0.961830 -0.061709
v 0.159973 0.961769 -0.061141
v 0.230191 0.944075 -0.041970
v 0.230006 0.944119 -0.041228
v 0.228763 0.912082 -0.094546
v 0.228959 0.912667 -0.094242
v 0.240446 0.947988 -0.009568
v 0.239064 0.951416 -0.003862
v 0.237224 0.955312 0.002622
v 0.222270 0.974054 0.033813
v 0.221475 0.974857 0.035138
v 0.221110 0.975189 0.035652
v 0.219088 0.975501 0.034703
v 0.220735 0.975332 0.035688
v 0.242081 0.942552 -0.018867
v 0.131327 0.989099 -0.024396
v 0.129712 0.989009 -0.025282
v 0.138818 0.968077 -0.048910
v 0.138025 0.970043 -0.045638
v 0.136970 0.972277 -0.041920
v 0.128395 0.983024 -0.024034
v 0.127961 0.983482 -0.023261
v 0.127815 0.983667 -0.022927
v 0.226070 0.970136 0.027293
v 0.228951 0.967001 0.022075
v 0.232009 0.963350 0.015999
v 0.130575 0.980777 -0.027773
v 0.132227 0.978979 -0.030765
v 0.133980 0.976886 -0.034249
v 0.140221 0.964858 -0.054081
v 0.241998 0.943687 -0.016726
v 0.242284 0.942850 -0.018131
v 0.242343 0.942551 -0.018667
v 0.139708 0.965611 -0.053014
v 0.139895 0.965126 -0.053812
v 0.139999 0.964939 -0.054095
v 0.127939 0.983718 -0.022692
v 0.223101 0.980420 0.032383
v 0.222691 0.980516 0.032989
v 0.216468 0.981467 0.029086
v 0.220927 0.980983 0.031927
v 0.222468 0.980601 0.033010
v 0.242056 0.948523 -0.022094
v 0.243735 0.947926 -0.021369
v 0.234917 0.966268 0.005280
v 0.236544 0.965691 0.006255
v 0.129858 0.989022 -0.025843
v 0.129638 0.988978 -0.025421
v 0.243889 0.948442 -0.020837
v 0.243890 0.947925 -0.021250
v 0.141800 0.970652 -0.056415
v 0.141820 0.970250 -0.056590
v 0.141511 0.969239 -0.056153
v 0.243586 0.946899 -0.020838
v 0.128871 0.986869 -0.024322
v 0.129281 0.988029 -0.024881
v 0.221949 0.978437 0.034187
v 0.222305 0.979597 0.033579
v 0.141952 0.970202 -0.056582
v 0.139659 0.980882 -0.040243
v 0.137886 0.980826 -0.040894
v 0.158358 0.967612 -0.051416
v 0.158386 0.968124 -0.051233
v 0.158225 0.968768 -0.050385
v 0.145564 0.988256 -0.017952
v 0.145032 0.988666 -0.017046
v 0.144728 0.988563 -0.016548
v 0.208384 0.982823 0.022517
v 0.207989 0.982815 0.023173
v 0.227755 0.952432 -0.027393
v 0.227751 0.953033 -0.027061
v 0.210406 0.985659 0.053128
v 0.206971 0.988682 0.058158
v 0.202812 0.992071 0.063798
v 0.177024 1.007373 0.089266
v 0.175777 1.008004 0.090303
v 0.175235 1.008259 0.090690
v 0.173528 1.008257 0.089217
v 0.174846 1.008338 0.090619
v 0.215393 0.980783 0.044760
v 0.104294 1.008601 0.008062
v 0.103021 1.008267 0.006770
v 0.121557 0.989669 -0.012974
v 0.119588 0.991402 -0.010090
v 0.117203 0.993346 -0.006856
v 0.102416 1.002120 0.007748
v 0.101717 1.002483 0.008361
v 0.101457 1.002633 0.008639
v 0.183054 1.004286 0.084127
v 0.187728 1.001788 0.079970
v 0.192888 0.998831 0.075048
v 0.105873 1.000350 0.004801
v 0.108553 0.998917 0.002417
v 0.111513 0.997222 -0.000405
v 0.124831 0.986845 -0.017488
v 0.214542 0.981839 0.046770
v 0.215335 0.981093 0.045516
v 0.215587 0.980820 0.045024
v 0.123930 0.987478 -0.016620
v 0.124405 0.987049 -0.017325
v 0.124611 0.986889 -0.017565
v 0.101502 1.002699 0.008897
v 0.177156 1.013821 0.087971
v 0.176586 1.013834 0.088439
v 0.175128 1.014029 0.086925
v 0.176356 1.013880 0.088397
v 0.215271 0.986741 0.041512
v 0.216762 0.986412 0.042682
v 0.198097 1.002434 0.065470
v 0.199467 1.002110 0.066866
v 0.103311 1.008317 0.006270
v 0.102994 1.008228 0.006617
v 0.216678 0.986934 0.043224
v 0.216877 0.986434 0.042839
v 0.126014 0.992872 -0.019435
v 0.126147 0.992483 -0.019588
v 0.125900 0.991425 -0.019229
v 0.216645 0.985363 0.043176
v 0.102314 1.005997 0.007512
v 0.102664 1.007221 0.007060
v 0.175897 1.011634 0.089436
v 0.176210 1.012850 0.088923
v 0.126278 0.992457 -0.019543
v 0.117878 1.002234 -0.004707
v 0.116384 1.001902 -0.005816
v 0.140837 0.992482 -0.010026
v 0.140730 0.992987 -0.009855
v 0.140239 0.993576 -0.009098
v 0.116162 1.009962 0.018173
v 0.115342 1.010258 0.018889
v 0.114935 1.010095 0.019288
v 0.165514 1.013998 0.074402
v 0.164962 1.013910 0.074925
v 0.202526 0.988367 0.032413
v 0.202332 0.988952 0.032718
v 0.087245 1.037671 0.139689
v 0.080925 1.038961 0.141837
v 0.073595 1.040312 0.144084
v 0.034978 1.044183 0.150528
v 0.033248 1.044286 0.150686
v 0.032536 1.044318 0.150702
v 0.031970 1.043912 0.148558
v 0.032242 1.044276 0.150430
v 0.097140 1.035435 0.135717
v 0.020178 1.029877 0.043470
v 0.019962 1.029279 0.041738
v 0.050891 1.019459 0.036605
v 0.047267 1.020199 0.037837
v 0.043064 1.020974 0.039125
v 0.020920 1.023194 0.042820
v 0.019931 1.023258 0.042935
v 0.019532 1.023290 0.043018
v 0.043421 1.043664 0.149664
v 0.050091 1.043180 0.148858
v 0.057693 1.042488 0.147706
v 0.025762 1.022896 0.042325
v 0.029586 1.022618 0.041862
v 0.033945 1.022222 0.041202
v 0.056750 1.018256 0.034789
v 0.095074 1.035974 0.136865
v 0.096597 1.035639 0.136295
v 0.097142 1.035507 0.136038
v 0.055380 1.018486 0.034985
v 0.056263 1.018298 0.034682
v 0.056603 1.018235 0.034604
v 0.019410 1.023343 0.043254
v 0.033721 1.050431 0.148901
v 0.033020 1.050219 0.148994
v 0.031984 1.049155 0.141738
v 0.032610 1.050082 0.146928
v 0.032846 1.050193 0.148832
v 0.096869 1.041324 0.132352
v 0.097529 1.041376 0.134158
v 0.065710 1.048439 0.142034
v 0.066156 1.048436 0.143966
v 0.020439 1.029465 0.041465
v 0.020035 1.029248 0.041598
v 0.097012 1.041792 0.134522
v 0.097530 1.041419 0.134349
v 0.056797 1.024502 0.033205
v 0.057106 1.024191 0.033182
v 0.057057 1.023081 0.033455
v 0.097509 1.040303 0.134611
v 0.019734 1.026842 0.042204
v 0.019860 1.028151 0.041893
v 0.032649 1.047831 0.149677
v 0.032781 1.049126 0.149295
v 0.057193 1.024204 0.033292
v 0.039640 1.029374 0.040462
v 0.039155 1.028692 0.038769
v 0.063629 1.027955 0.049010
v 0.063294 1.028381 0.049051
v 0.062321 1.028710 0.049375
v 0.023755 1.033979 0.058143
v 0.022637 1.033931 0.058287
v 0.022157 1.033611 0.058424
v 0.031659 1.048177 0.131284
v 0.030975 1.047869 0.131442
v 0.091118 1.039667 0.117790
v 0.090619 1.040129 0.117890
v 0.006387 1.045500 0.152719
v -0.000407 1.045637 0.152948
v -0.008192 1.045659 0.152983
v -0.047115 1.042712 0.148079
v -0.048810 1.042513 0.147736
v -0.049492 1.042423 0.147548
v -0.049347 1.041980 0.145342
v -0.049684 1.042338 0.147205
v 0.017233 1.045088 0.151782
v -0.028185 1.028768 0.041625
v -0.027793 1.028186 0.039920
v 0.004521 1.023928 0.044042
v 0.000626 1.024007 0.044173
v -0.003838 1.024019 0.044193
v -0.026157 1.022329 0.041381
v -0.027134 1.022220 0.041209
v -0.027540 1.022182 0.041173
v -0.038816 1.043665 0.149666
v -0.032212 1.044348 0.150801
v -0.024595 1.044994 0.151877
v -0.021399 1.022876 0.042291
v -0.017612 1.023267 0.042942
v -0.013244 1.023638 0.043559
v 0.010770 1.023789 0.043997
v 0.014865 1.045237 0.152281
v 0.016521 1.045182 0.152177
v 0.017130 1.045152 0.152089
v 0.009383 1.023777 0.043791
v 0.010334 1.023750 0.043756
v 0.010688 1.023748 0.043779
v -0.027731 1.022207 0.041364
v -0.048906 1.048692 0.146006
v -0.049557 1.048360 0.145901
v -0.048290 1.047317 0.138679
v -0.049334 1.048207 0.143808
v -0.049672 1.048310 0.145697
v 0.016927 1.050926 0.148333
v 0.017028 1.051046 0.150251
v -0.016436 1.052367 0.148573
v -0.016565 1.052393 0.150551
v -0.027298 1.028457 0.039789
v -0.027680 1.028171 0.039807
v 0.016365 1.051357 0.150442
v 0.016967 1.051083 0.150433
v 0.010198 1.029988 0.042337
v 0.010549 1.029736 0.042411
v 0.010615 1.028627 0.042686
v 0.017064 1.049974 0.150706
v -0.027724 1.025735 0.040362
v -0.027741 1.027054 0.040067
v -0.049694 1.045928 0.146510
v -0.049683 1.047236 0.146149
v 0.010598 1.029761 0.042540
v -0.008884 1.031675 0.044291
v -0.008743 1.030962 0.042547
v 0.011558 1.034162 0.059341
v 0.011157 1.034524 0.059274
v 0.010091 1.034673 0.059300
v -0.029684 1.033053 0.056603
v -0.030771 1.032811 0.056424
v -0.031208 1.032411 0.056426
v -0.045456 1.046559 0.128592
v -0.046093 1.046136 0.128557
v 0.015927 1.048675 0.132784
v 0.015348 1.049043 0.132726
v -0.076981 1.038712 0.141422
v -0.083460 1.037651 0.139656
v -0.090795 1.036307 0.137420
v -0.125452 1.026718 0.121461
v -0.126911 1.026235 0.120644
v -0.127482 1.026032 0.120268
v -0.126625 1.025679 0.118213
v -0.127547 1.025923 0.119885
v -0.066436 1.040232 0.143699
v -0.074172 1.019113 0.025556
v -0.073205 1.018653 0.024054
v -0.043272 1.020015 0.037529
v -0.046988 1.019406 0.036517
v -0.051194 1.018636 0.035234
v -0.071067 1.013137 0.026083
v -0.071916 1.012863 0.025636
v -0.072281 1.012755 0.025485
v -0.118277 1.029068 0.125372
v -0.112518 1.030867 0.128366
v -0.105781 1.032809 0.131598
v -0.066953 1.014485 0.028326
v -0.063650 1.015516 0.030042
v -0.059787 1.016630 0.031895
v -0.037359 1.020974 0.039312
v -0.068834 1.039950 0.143482
v -0.067237 1.040188 0.143866
v -0.066633 1.040268 0.143961
v -0.038601 1.020724 0.038710
v -0.037692 1.020866 0.038955
v -0.037365 1.020924 0.039080
v -0.072520 1.012741 0.025611
v -0.127579 1.032344 0.118798
v -0.128103 1.031907 0.118518
v -0.124623 1.031292 0.112009
v -0.127256 1.031850 0.116585
v -0.128142 1.031842 0.118291
v -0.066741 1.046014 0.140159
v -0.067226 1.046099 0.142018
v -0.098437 1.041582 0.130623
v -0.099139 1.041532 0.132476
v -0.072748 1.019010 0.024067
v -0.073063 1.018661 0.023980
v -0.067960 1.046284 0.141999
v -0.067343 1.046120 0.142173
v -0.038499 1.027019 0.037394
v -0.038146 1.026830 0.037574
v -0.037970 1.025743 0.037885
v -0.067137 1.045038 0.142492
v -0.072840 1.016241 0.024562
v -0.073000 1.017544 0.024240
v -0.127983 1.029473 0.119124
v -0.128096 1.030771 0.118748
v -0.038142 1.026859 0.037712
v -0.057308 1.025284 0.033655
v -0.056542 1.024653 0.032047
v -0.042908 1.030917 0.053940
v -0.043329 1.031204 0.053750
v -0.044366 1.031164 0.053459
v -0.080699 1.022673 0.039328
v -0.081627 1.022249 0.038846
v -0.081968 1.021778 0.038731
v -0.118885 1.031308 0.103210
v -0.119399 1.030780 0.103001
v -0.062754 1.044033 0.125057
v -0.063345 1.044295 0.124824
v -0.145296 1.019976 0.110241
v -0.150806 1.017925 0.106827
v -0.156958 1.015468 0.102738
v -0.184057 1.000779 0.078290
v -0.185146 1.000085 0.077123
v -0.185554 0.999801 0.076613
v -0.184132 0.999636 0.074871
v -0.185496 0.999692 0.076229
v -0.136135 1.023123 0.115226
v -0.108421 1.003654 -0.000171
v -0.107026 1.003390 -0.001348
v -0.082424 1.009255 0.019621
v -0.085584 1.008079 0.017664
v -0.089111 1.006670 0.015319
v -0.104650 0.998246 0.001301
v -0.105293 0.997849 0.000649
v -0.105582 0.997688 0.000408
v -0.178668 1.004166 0.083929
v -0.174289 1.006802 0.088315
v -0.169069 1.009732 0.093191
v -0.101560 1.000189 0.004534
v -0.099049 1.001700 0.007049
v -0.096056 1.003380 0.009845
v -0.077439 1.011114 0.022902
v -0.138309 1.022464 0.114381
v -0.136933 1.022948 0.115174
v -0.136397 1.023121 0.115425
v -0.078418 1.010681 0.021995
v -0.077642 1.010961 0.022471
v -0.077375 1.011069 0.022679
v -0.105840 0.997633 0.000465
v -0.186269 1.006046 0.075031
v -0.186621 1.005536 0.074630
v -0.181472 1.005634 0.069307
v -0.185289 1.005660 0.072997
v -0.186587 1.005472 0.074403
v -0.136406 1.028859 0.111606
v -0.137379 1.028823 0.113265
v -0.163244 1.019592 0.094026
v -0.164400 1.019389 0.095624
v -0.106653 1.003816 -0.001222
v -0.106872 1.003422 -0.001382
v -0.138101 1.028888 0.113046
v -0.137535 1.028822 0.113383
v -0.078982 1.016937 0.020616
v -0.078664 1.016804 0.020888
v -0.078405 1.015753 0.021259
v -0.137251 1.027780 0.113769
v -0.106427 1.001058 -0.000708
v -0.106703 1.002324 -0.001090
v -0.186278 1.003141 0.075300
v -0.186493 1.004412 0.074879
v -0.078702 1.016830 0.021021
v -0.095567 1.012280 0.012013
v -0.094307 1.011816 0.010683
v -0.088232 1.019707 0.035285
v -0.088627 1.019928 0.034982
v -0.089527 1.019727 0.034425
v -0.118885 1.005811 0.011265
v -0.119569 1.005254 0.010562
v -0.119787 1.004737 0.010370
v -0.173666 1.006769 0.062370
v -0.174014 1.006170 0.062043
v -0.128253 1.027880 0.098174
v -0.128794 1.028048 0.097784
v -0.198134 0.991683 0.063152
v -0.202150 0.988857 0.058450
v -0.206533 0.985543 0.052935
v -0.223529 0.967269 0.022522
v -0.224147 0.966437 0.021123
v -0.224356 0.966103 0.020529
v -0.222517 0.966203 0.019228
v -0.224183 0.966012 0.020177
v -0.191234 0.996135 0.070310
v -0.131312 0.983791 -0.033229
v -0.129631 0.983777 -0.033990
v -0.112693 0.993018 -0.007400
v -0.114996 0.991398 -0.010097
v -0.117509 0.989498 -0.013259
v -0.127255 0.979019 -0.030698
v -0.127631 0.978539 -0.031488
v -0.127817 0.978339 -0.031793
v -0.220429 0.971347 0.029308
v -0.217839 0.974550 0.034638
v -0.214625 0.978165 0.040654
v -0.125477 0.981358 -0.026807
v -0.123992 0.983194 -0.023750
v -0.122149 0.985267 -0.020301
v -0.109112 0.995574 -0.002960
v -0.192975 0.995158 0.068936
v -0.191952 0.995837 0.070053
v -0.191536 0.996088 0.070433
v -0.109735 0.995011 -0.004084
v -0.109167 0.995401 -0.003426
v -0.108985 0.995545 -0.003158
v -0.128069 0.978243 -0.031805
v -0.225610 0.972188 0.018682
v -0.225758 0.971637 0.018213
v -0.219469 0.972665 0.014438
v -0.224079 0.972006 0.016987
v -0.225655 0.971584 0.018004
v -0.191447 1.001831 0.066626
v -0.192805 1.001606 0.067969
v -0.210868 0.988804 0.042786
v -0.212358 0.988386 0.044026
v -0.129378 0.984253 -0.033779
v -0.129482 0.983834 -0.033983
v -0.193444 1.001561 0.067566
v -0.192984 1.001578 0.068042
v -0.110900 1.001127 -0.005697
v -0.110648 1.001039 -0.005348
v -0.110333 1.000035 -0.004899
v -0.192650 1.000586 0.068511
v -0.128861 0.981556 -0.033165
v -0.129224 0.982771 -0.033633
v -0.225228 0.969313 0.019001
v -0.225524 0.970543 0.018511
v -0.110723 1.001057 -0.005231
v -0.123668 0.994083 -0.018272
v -0.122044 0.993854 -0.019212
v -0.124012 1.002079 0.005946
v -0.124343 1.002240 0.005545
v -0.125021 1.001912 0.004775
v -0.144629 0.984015 -0.025010
v -0.145005 0.983372 -0.025857
v -0.145080 0.982831 -0.026088
v -0.210391 0.975173 0.009785
v -0.210541 0.974533 0.009390
v -0.179988 1.002447 0.055846
v -0.180427 1.002535 0.055324
v -0.232324 0.954932 0.001989
v -0.234377 0.951593 -0.003567
v -0.236475 0.947732 -0.009993
v -0.241247 0.927619 -0.043467
v -0.241313 0.926729 -0.044961
v -0.241293 0.926379 -0.045582
v -0.239211 0.926811 -0.046331
v -0.241017 0.926327 -0.045871
v -0.228478 0.960292 0.010658
v -0.141314 0.960373 -0.072204
v -0.139511 0.960653 -0.072474
v -0.132261 0.971938 -0.042484
v -0.133439 0.970024 -0.045670
v -0.134642 0.967810 -0.049354
v -0.137378 0.956277 -0.068549
v -0.137439 0.955759 -0.069400
v -0.137499 0.955539 -0.069740
v -0.240838 0.931994 -0.036187
v -0.240370 0.935454 -0.030427
v -0.239567 0.939409 -0.023846
v -0.137143 0.958785 -0.064374
v -0.136875 0.960769 -0.061072
v -0.136414 0.963037 -0.057298
v -0.130504 0.974945 -0.037294
v -0.229590 0.959073 0.008882
v -0.229039 0.959886 0.010221
v -0.228790 0.960193 0.010694
v -0.130694 0.974313 -0.038531
v -0.130400 0.974775 -0.037753
v -0.130324 0.974941 -0.037448
v -0.137718 0.955402 -0.069818
v -0.242977 0.932216 -0.047842
v -0.242898 0.931660 -0.048321
v -0.236074 0.933795 -0.050253
v -0.241032 0.932328 -0.049048
v -0.242734 0.931629 -0.048492
v -0.228608 0.965959 0.006925
v -0.230225 0.965483 0.007850
v -0.238341 0.950469 -0.021014
v -0.240023 0.949783 -0.020219
v -0.139407 0.961160 -0.072213
v -0.139381 0.960734 -0.072428
v -0.230713 0.965342 0.007288
v -0.230410 0.965423 0.007871
v -0.132362 0.980189 -0.040543
v -0.132205 0.980136 -0.040137
v -0.131864 0.979188 -0.039596
v -0.230060 0.964490 0.008437
v -0.138641 0.958570 -0.071418
v -0.139057 0.959720 -0.071996
v -0.242229 0.929437 -0.047364
v -0.242577 0.930612 -0.047945
v -0.132311 0.980138 -0.040045
v -0.139859 0.971434 -0.055967
v -0.138026 0.971496 -0.056421
v -0.148132 0.978701 -0.032961
v -0.148362 0.978815 -0.033441
v -0.148740 0.978398 -0.034359
v -0.156220 0.958213 -0.067952
v -0.156240 0.957536 -0.068855
v -0.156158 0.956996 -0.069085
v -0.226610 0.937869 -0.052299
v -0.226539 0.937223 -0.052704
v -0.214899 0.968701 -0.000317
v -0.215187 0.968728 -0.000940
v -0.241820 0.913253 -0.067376
v -0.241629 0.909753 -0.073202
v -0.241146 0.905751 -0.079862
v -0.232818 0.885948 -0.112820
v -0.232308 0.885096 -0.114250
v -0.232055 0.884770 -0.114831
v -0.229951 0.885566 -0.114974
v -0.231704 0.884772 -0.115030
v -0.241537 0.918973 -0.058109
v -0.135885 0.935840 -0.113033
v -0.134153 0.936428 -0.112792
v -0.137666 0.948038 -0.082260
v -0.137556 0.946031 -0.085600
v -0.137280 0.943736 -0.089419
v -0.132504 0.932381 -0.108318
v -0.132234 0.931882 -0.109139
v -0.132157 0.931663 -0.109476
v -0.235223 0.890148 -0.105829
v -0.236989 0.893496 -0.100258
v -0.238754 0.897367 -0.093816
v -0.133883 0.934789 -0.104309
v -0.134896 0.936709 -0.101115
v -0.135908 0.938929 -0.097421
v -0.137977 0.951171 -0.076860
v -0.241881 0.917628 -0.060096
v -0.241875 0.918488 -0.058676
v -0.241825 0.918821 -0.058160
v -0.137701 0.950547 -0.078085
v -0.137721 0.951033 -0.077267
v -0.137764 0.951202 -0.076958
v -0.132320 0.931493 -0.109610
v -0.233996 0.890291 -0.117617
v -0.233693 0.889768 -0.118040
v -0.227065 0.893075 -0.118023
v -0.231839 0.890760 -0.118228
v -0.233485 0.889769 -0.118158
v -0.241567 0.924626 -0.061865
v -0.243275 0.923860 -0.061422
v -0.240267 0.908402 -0.091025
v -0.241963 0.907422 -0.090721
v -0.134214 0.936938 -0.112524
v -0.134057 0.936528 -0.112712
v -0.243554 0.923653 -0.062094
v -0.243446 0.923770 -0.061452
v -0.139705 0.956103 -0.080629
v -0.139661 0.956068 -0.080193
v -0.139331 0.955178 -0.079555
v -0.243116 0.922895 -0.060788
v -0.133277 0.934497 -0.111483
v -0.133701 0.935573 -0.112182
v -0.232954 0.887667 -0.116880
v -0.233319 0.888781 -0.117564
v -0.139788 0.956050 -0.080135
v -0.140958 0.946586 -0.097321
v -0.139109 0.946969 -0.097241
v -0.156483 0.951782 -0.077762
v -0.156584 0.951867 -0.078290
v -0.156611 0.951414 -0.079267
v -0.150795 0.931084 -0.113102
v -0.150444 0.930436 -0.113957
v -0.150211 0.929923 -0.114141
v -0.218241 0.898740 -0.117419
v -0.217949 0.898126 -0.117772
v -0.227045 0.929825 -0.065016
v -0.227145 0.929819 -0.065696
v -0.185505 0.839048 -0.190875
v -0.181272 0.836307 -0.195435
v -0.176221 0.833256 -0.200513
v -0.146477 0.819994 -0.222585
v -0.145070 0.819472 -0.223467
v -0.144468 0.819292 -0.223804
v -0.142958 0.820709 -0.222913
v -0.144086 0.819420 -0.223793
v -0.191816 0.843732 -0.183331
v -0.084273 0.897227 -0.177297
v -0.083194 0.898297 -0.176252
v -0.105305 0.905505 -0.153046
v -0.102878 0.903934 -0.155661
v -0.099982 0.902185 -0.158573
v -0.082926 0.894580 -0.171230
v -0.082134 0.894263 -0.171747
v -0.081831 0.894109 -0.171975
v -0.153297 0.822610 -0.218232
v -0.158612 0.824741 -0.214685
v -0.164535 0.827291 -0.210442
v -0.086837 0.896080 -0.168733
v -0.089884 0.897302 -0.166700
v -0.093281 0.898764 -0.164266
v -0.109302 0.907898 -0.148878
v -0.190653 0.842527 -0.185084
v -0.191645 0.843219 -0.183946
v -0.191973 0.843504 -0.183509
v -0.108257 0.907501 -0.149726
v -0.108845 0.907882 -0.149081
v -0.109090 0.908002 -0.148854
v -0.081840 0.893910 -0.172158
v -0.146295 0.824167 -0.227667
v -0.145672 0.823803 -0.227825
v -0.141403 0.828981 -0.224693
v -0.144399 0.825331 -0.227120
v -0.145446 0.823879 -0.227819
v -0.191655 0.849408 -0.187050
v -0.193012 0.848115 -0.187483
v -0.170593 0.837026 -0.209816
v -0.171803 0.835546 -0.210342
v -0.083539 0.898738 -0.176100
v -0.083189 0.898415 -0.176143
v -0.192825 0.847892 -0.188181
v -0.193106 0.847979 -0.187588
v -0.110268 0.912367 -0.153417
v -0.110447 0.912309 -0.153021
v -0.110236 0.911512 -0.152228
v -0.192913 0.847195 -0.186775
v -0.082570 0.896624 -0.174514
v -0.082882 0.897574 -0.175424
v -0.145029 0.821939 -0.226270
v -0.145313 0.822941 -0.227139
v -0.110573 0.912247 -0.153035
v -0.099738 0.904444 -0.167457
v -0.098419 0.905371 -0.166471
v -0.123826 0.902834 -0.159225
v -0.123661 0.902930 -0.159735
v -0.123040 0.902579 -0.160542
v -0.094692 0.888119 -0.184608
v -0.093771 0.887690 -0.185099
v -0.093331 0.887292 -0.185091
v -0.136408 0.837021 -0.220138
v -0.135804 0.836561 -0.220234
v -0.180027 0.859100 -0.182723
v -0.179756 0.859123 -0.183354
v -0.127271 0.812877 -0.234430
v -0.121589 0.810954 -0.237630
v -0.114941 0.808868 -0.241103
v -0.078644 0.801051 -0.254112
v -0.076988 0.800781 -0.254573
v -0.076297 0.800709 -0.254732
v -0.075328 0.802330 -0.253501
v -0.075958 0.800896 -0.254622
v -0.136039 0.816317 -0.228956
v -0.044089 0.886263 -0.195544
v -0.043516 0.887469 -0.194272
v -0.071891 0.890515 -0.177995
v -0.068632 0.889412 -0.179830
v -0.064820 0.888216 -0.181821
v -0.044007 0.883734 -0.189280
v -0.043065 0.883560 -0.189560
v -0.042692 0.883462 -0.189696
v -0.086709 0.802439 -0.251801
v -0.093050 0.803609 -0.249854
v -0.100223 0.805079 -0.247408
v -0.048632 0.884530 -0.187956
v -0.052268 0.885200 -0.186839
v -0.056381 0.886043 -0.185436
v -0.077188 0.892141 -0.175102
v -0.134271 0.815355 -0.230307
v -0.135629 0.815852 -0.229491
v -0.136104 0.816071 -0.229165
v -0.075904 0.891935 -0.175630
v -0.076697 0.892203 -0.175175
v -0.077009 0.892277 -0.175025
v -0.042619 0.883268 -0.189869
v -0.077782 0.805310 -0.259050
v -0.077090 0.805054 -0.259028
v -0.074705 0.810782 -0.254982
v -0.076315 0.806752 -0.258041
v -0.076889 0.805165 -0.258962
v -0.135804 0.822026 -0.232621
v -0.136769 0.820542 -0.233372
v -0.107711 0.813697 -0.248640
v -0.108482 0.812054 -0.249439
v -0.043954 0.887846 -0.194228
v -0.043559 0.887584 -0.194169
v -0.136369 0.820367 -0.233990
v -0.136808 0.820395 -0.233496
v -0.077610 0.896495 -0.179832
v -0.077877 0.896400 -0.179497
v -0.077760 0.895630 -0.178659
v -0.136717 0.819634 -0.232643
v -0.043119 0.885881 -0.192394
v -0.043325 0.886788 -0.193375
v -0.076596 0.803285 -0.257316
v -0.076794 0.804247 -0.258252
v -0.077982 0.896320 -0.179543
v -0.062575 0.890680 -0.190363
v -0.061735 0.891786 -0.189081
v -0.087402 0.885037 -0.188844
v -0.087125 0.885169 -0.189294
v -0.086263 0.884941 -0.189897
v -0.050566 0.875762 -0.205173
v -0.049490 0.875497 -0.205391
v -0.049011 0.875176 -0.205256
v -0.072472 0.819417 -0.249435
v -0.071798 0.819063 -0.249356
v -0.127473 0.833364 -0.225555
v -0.127050 0.833444 -0.226091
v -0.055475 0.797301 -0.260353
v -0.048906 0.796397 -0.261857
v -0.041321 0.795494 -0.263360
v -0.002093 0.793957 -0.265919
v -0.000352 0.793969 -0.265911
v 0.000358 0.794013 -0.265876
v 0.000683 0.795742 -0.264466
v 0.000620 0.794250 -0.265683
v -0.065831 0.799152 -0.257525
v 0.001102 0.882307 -0.202128
v 0.001108 0.883561 -0.200776
v -0.030709 0.881602 -0.192828
v -0.026943 0.881084 -0.193690
v -0.022594 0.880566 -0.194552
v -0.000100 0.879684 -0.196019
v 0.000898 0.879672 -0.196030
v 0.001305 0.879639 -0.196058
v -0.010596 0.793967 -0.265901
v -0.017330 0.794050 -0.265763
v -0.025036 0.794283 -0.265375
v -0.004975 0.879691 -0.196009
v -0.008837 0.879738 -0.195930
v -0.013256 0.879872 -0.195708
v -0.036781 0.882283 -0.191508
v -0.063633 0.798519 -0.258326
v -0.065222 0.798771 -0.257919
v -0.065796 0.798903 -0.257738
v -0.035387 0.882300 -0.191666
v -0.036306 0.882426 -0.191447
v -0.036655 0.882445 -0.191389
v 0.001452 0.879463 -0.196202
v -0.000632 0.798408 -0.270536
v 0.000060 0.798268 -0.270322
v 0.000304 0.804214 -0.265913
v 0.000254 0.800046 -0.269201
v 0.000215 0.798409 -0.270208
v -0.065544 0.804904 -0.261117
v -0.066018 0.803300 -0.262067
v -0.033208 0.801599 -0.268775
v -0.033458 0.799871 -0.269715
v 0.000618 0.883861 -0.200860
v 0.001020 0.883666 -0.200691
v -0.065442 0.803206 -0.262551
v -0.065997 0.803152 -0.262194
v -0.036612 0.886617 -0.196273
v -0.036940 0.886472 -0.196020
v -0.036931 0.885713 -0.195164
v -0.066017 0.802396 -0.261331
v 0.001235 0.882017 -0.198825
v 0.001157 0.882900 -0.199845
v 0.000354 0.796564 -0.268502
v 0.000263 0.797502 -0.269477
v -0.037015 0.886377 -0.196091
v -0.018558 0.883553 -0.202225
v -0.018285 0.884751 -0.200789
v -0.041620 0.873928 -0.207333
v -0.041257 0.874113 -0.207694
v -0.040238 0.874041 -0.208037
v -0.000747 0.871114 -0.212909
v 0.000375 0.871032 -0.212823
v 0.000846 0.870789 -0.212557
v -0.000472 0.812971 -0.260164
v 0.000205 0.812728 -0.259898
v -0.061380 0.817280 -0.252322
v -0.060847 0.817440 -0.252726
v 0.026117 0.794333 -0.265292
v 0.032897 0.794596 -0.264855
v 0.040635 0.795032 -0.264129
v 0.078652 0.800247 -0.255451
v 0.080291 0.800555 -0.254951
v 0.080944 0.800717 -0.254717
v 0.080558 0.802441 -0.253317
v 0.081097 0.800991 -0.254464
v 0.015226 0.794327 -0.265555
v 0.048616 0.886250 -0.195564
v 0.048026 0.887454 -0.194297
v 0.016075 0.879921 -0.195625
v 0.019963 0.880072 -0.195374
v 0.024400 0.880322 -0.194958
v 0.046200 0.883312 -0.189982
v 0.047147 0.883470 -0.189710
v 0.047545 0.883507 -0.189621
v 0.070618 0.798812 -0.257838
v 0.064209 0.797746 -0.259612
v 0.056784 0.796656 -0.261426
v 0.041593 0.882489 -0.191351
v 0.037918 0.881878 -0.192368
v 0.033661 0.881253 -0.193408
v 0.009855 0.879528 -0.196094
v 0.017636 0.794097 -0.265686
v 0.015977 0.794065 -0.265751
v 0.015361 0.794093 -0.265743
v 0.011212 0.879786 -0.195851
v 0.010262 0.879748 -0.195904
v 0.009913 0.879705 -0.195947
v 0.047754 0.883362 -0.189712
v 0.080580 0.804994 -0.259575
v 0.081197 0.804968 -0.259171
v 0.079170 0.810758 -0.255020
v 0.080761 0.806725 -0.258085
v 0.081287 0.805131 -0.259020
v 0.015535 0.800131 -0.269060
v 0.015630 0.798494 -0.270066
v 0.048788 0.802559 -0.267177
v 0.049111 0.800838 -0.268107
v 0.047537 0.887668 -0.194524
v 0.047902 0.887540 -0.194243
v 0.016325 0.798511 -0.270364
v 0.015710 0.798355 -0.270178
v 0.010626 0.883944 -0.200722
v 0.010269 0.883739 -0.200568
v 0.010165 0.882971 -0.199727
v 0.015576 0.797586 -0.269338
v 0.047857 0.885906 -0.192353
v 0.047922 0.886788 -0.193375
v 0.081250 0.803295 -0.257300
v 0.081279 0.804228 -0.258284
v 0.010234 0.883634 -0.200655
v 0.029873 0.884140 -0.201248
v 0.029520 0.885331 -0.199823
v 0.011182 0.870866 -0.212429
v 0.011595 0.871119 -0.212677
v 0.012666 0.871229 -0.212716
v 0.051822 0.875176 -0.206148
v 0.052871 0.875284 -0.205746
v 0.053281 0.875119 -0.205351
v 0.075324 0.819112 -0.249944
v 0.075929 0.818981 -0.249492
v 0.014876 0.812814 -0.259756
v 0.015467 0.813072 -0.259996
v 0.105653 0.805542 -0.246637
v 0.111878 0.806951 -0.244292
v 0.118894 0.808688 -0.241402
v 0.151381 0.820116 -0.222382
v 0.152732 0.820688 -0.221444
v 0.153253 0.820954 -0.221038
v 0.152195 0.822551 -0.219849
v 0.153278 0.821243 -0.220758
v 0.095458 0.803677 -0.249993
v 0.091256 0.898174 -0.175721
v 0.090132 0.899226 -0.174705
v 0.061669 0.886369 -0.184895
v 0.065238 0.887176 -0.183551
v 0.069261 0.888172 -0.181893
v 0.087890 0.894725 -0.170987
v 0.088679 0.895036 -0.170460
v 0.089022 0.895138 -0.170263
v 0.144731 0.817387 -0.226924
v 0.139374 0.815284 -0.230424
v 0.133076 0.812985 -0.234250
v 0.084076 0.893161 -0.173591
v 0.081005 0.891955 -0.175598
v 0.077393 0.890636 -0.177792
v 0.056003 0.884928 -0.187107
v 0.097808 0.803866 -0.249426
v 0.096267 0.803553 -0.249960
v 0.095680 0.803474 -0.250129
v 0.057170 0.885408 -0.186495
v 0.056295 0.885209 -0.186815
v 0.055986 0.885109 -0.186955
v 0.089270 0.895034 -0.170287
v 0.153562 0.825226 -0.225903
v 0.154033 0.825296 -0.225340
v 0.153012 0.826925 -0.224468
v 0.154048 0.825468 -0.225174
v 0.095755 0.809535 -0.253410
v 0.096411 0.807964 -0.254305
v 0.126163 0.817574 -0.242189
v 0.127028 0.815957 -0.242944
v 0.089699 0.899359 -0.175067
v 0.089985 0.899288 -0.174691
v 0.097149 0.808108 -0.254393
v 0.096543 0.807843 -0.254386
v 0.057293 0.889525 -0.191433
v 0.056947 0.889259 -0.191383
v 0.056741 0.888463 -0.190587
v 0.096308 0.807042 -0.253600
v 0.089684 0.897623 -0.172851
v 0.089886 0.898529 -0.173834
v 0.153836 0.823610 -0.223490
v 0.153985 0.824558 -0.224448
v 0.056958 0.889151 -0.191473
v 0.075561 0.893028 -0.186457
v 0.074619 0.894104 -0.185222
v 0.063394 0.877034 -0.202164
v 0.063811 0.877360 -0.202290
v 0.064813 0.877653 -0.202025
v 0.099193 0.888081 -0.184670
v 0.100049 0.888357 -0.183989
v 0.100352 0.888254 -0.183490
v 0.143442 0.837988 -0.218528
v 0.143906 0.837952 -0.217919
v 0.090310 0.821680 -0.245001
v 0.090890 0.822041 -0.245069
v 0.256197 0.721046 -0.276036
v 0.254094 0.720033 -0.277777
v 0.253345 0.719755 -0.278399
v 0.313507 0.753733 -0.221636
v 0.305052 0.747955 -0.231253
v 0.253151 0.719898 -0.278322
v 0.295403 0.741980 -0.241011
v 0.329716 0.768419 -0.198822
v 0.331452 0.767311 -0.199413
v 0.193706 0.807948 -0.210365
v 0.200384 0.811579 -0.204323
v 0.231815 0.832395 -0.169708
v 0.232310 0.832730 -0.169240
v 0.329300 0.765295 -0.202394
v 0.330988 0.766582 -0.200305
v 0.331577 0.767121 -0.199569
v 0.219612 0.823626 -0.184272
v 0.213750 0.819668 -0.190860
v 0.275863 0.730954 -0.259548
v 0.285629 0.736202 -0.250813
v 0.178887 0.800353 -0.223036
v 0.178437 0.800111 -0.223526
v 0.255273 0.723954 -0.281303
v 0.254495 0.723579 -0.281837
v 0.314696 0.757687 -0.225191
v 0.306241 0.751908 -0.234809
v 0.253001 0.725172 -0.280850
v 0.254301 0.723721 -0.281760
v 0.296674 0.746210 -0.244815
v 0.326109 0.775526 -0.200896
v 0.330895 0.772340 -0.202348
v 0.332602 0.771135 -0.202851
v 0.194895 0.811902 -0.213921
v 0.201573 0.815533 -0.207878
v 0.231799 0.835481 -0.174679
v 0.232994 0.836317 -0.173234
v 0.233460 0.836554 -0.172678
v 0.332167 0.770504 -0.203831
v 0.332727 0.770945 -0.203007
v 0.220801 0.827580 -0.187827
v 0.214939 0.823622 -0.194416
v 0.277052 0.734908 -0.263103
v 0.286818 0.740156 -0.254368
v 0.181489 0.805027 -0.225363
v 0.180066 0.804274 -0.226562
v 0.179586 0.803935 -0.226965
v 0.178508 0.800606 -0.223961
v 0.178470 0.800313 -0.223750
v 0.295815 0.742097 -0.241491
v 0.331866 0.767643 -0.199888
v 0.331724 0.767400 -0.199665
v 0.233337 0.836156 -0.172153
v 0.233450 0.836376 -0.172413
v 0.253464 0.720166 -0.278902
v 0.253364 0.719950 -0.278635
v 0.179371 0.803476 -0.226542
v 0.179488 0.803700 -0.226796
v 0.208254 0.819370 -0.201004
v 0.332729 0.770512 -0.202469
v 0.332742 0.770787 -0.202711
v 0.232475 0.833286 -0.169573
v 0.232432 0.832989 -0.169368
v 0.254327 0.723036 -0.281482
v 0.254382 0.723337 -0.281680
v 0.178550 0.799925 -0.223675
v 0.207399 0.815254 -0.197682
v 0.239126 0.828280 -0.171126
v 0.232579 0.832641 -0.169225
v 0.181010 0.802382 -0.228131
v 0.179700 0.803748 -0.227113
v 0.208671 0.819484 -0.201485
v 0.235501 0.835380 -0.173215
v 0.233728 0.836465 -0.172664
v 0.263744 0.812015 -0.178640
v 0.300312 0.787837 -0.189822
v 0.217006 0.763785 -0.254515
v 0.283218 0.803880 -0.187786
v 0.301501 0.791791 -0.193377
v 0.190979 0.787098 -0.231732
v 0.190457 0.786893 -0.232250
v 0.248342 0.821942 -0.173920
v 0.247847 0.821526 -0.174435
v 0.191729 0.791123 -0.236053
v 0.192292 0.791466 -0.235660
v 0.249160 0.825894 -0.178363
v 0.249614 0.826172 -0.177723
v 0.145540 0.685907 -0.334517
v 0.142892 0.685308 -0.335568
v 0.141962 0.685177 -0.335947
v 0.220551 0.707054 -0.299324
v 0.208873 0.703031 -0.306019
v 0.141825 0.685349 -0.335821
v 0.195995 0.699021 -0.312507
v 0.244785 0.718212 -0.282380
v 0.246069 0.716841 -0.283410
v 0.119803 0.780504 -0.256039
v 0.128430 0.782800 -0.252218
v 0.171407 0.797127 -0.228404
v 0.172064 0.797361 -0.228103
v 0.242854 0.715293 -0.285612
v 0.245256 0.716223 -0.284116
v 0.246112 0.716636 -0.283590
v 0.154288 0.790915 -0.238712
v 0.146222 0.788171 -0.243279
v 0.170444 0.691928 -0.324498
v 0.183020 0.695227 -0.319007
v 0.100947 0.775846 -0.263822
v 0.100342 0.775697 -0.264159
v 0.143675 0.689058 -0.339379
v 0.142726 0.688834 -0.339663
v 0.221341 0.710835 -0.303166
v 0.209662 0.706812 -0.309861
v 0.141864 0.690632 -0.338333
v 0.142589 0.689005 -0.339537
v 0.196840 0.703066 -0.316617
v 0.241999 0.725876 -0.283526
v 0.245568 0.721962 -0.286191
v 0.246833 0.720498 -0.287125
v 0.120593 0.784286 -0.259882
v 0.129220 0.786581 -0.256061
v 0.170512 0.800292 -0.233243
v 0.172190 0.800877 -0.232215
v 0.172827 0.801018 -0.231819
v 0.246039 0.719974 -0.287927
v 0.246875 0.720293 -0.287306
v 0.155077 0.794697 -0.242555
v 0.147012 0.791953 -0.247121
v 0.171234 0.695709 -0.328340
v 0.183810 0.699008 -0.322849
v 0.103539 0.780067 -0.266903
v 0.101730 0.779596 -0.267633
v 0.101106 0.779353 -0.267875
v 0.100371 0.776183 -0.264609
v 0.100345 0.775895 -0.264388
v 0.196268 0.699078 -0.313086
v 0.246382 0.717109 -0.283991
v 0.246270 0.716888 -0.283731
v 0.172793 0.800634 -0.231272
v 0.172863 0.800838 -0.231558
v 0.142002 0.685575 -0.336472
v 0.141946 0.685372 -0.336183
v 0.100944 0.778927 -0.267398
v 0.101021 0.779135 -0.267680
v 0.138119 0.789060 -0.251449
v 0.246955 0.719853 -0.286779
v 0.246946 0.720127 -0.287022
v 0.172219 0.797889 -0.228483
v 0.172186 0.797599 -0.228267
v 0.142575 0.688319 -0.339261
v 0.142623 0.688611 -0.339474
v 0.100376 0.775497 -0.264329
v 0.137551 0.785068 -0.247920
v 0.177213 0.791868 -0.231726
v 0.172306 0.797228 -0.228163
v 0.101858 0.777611 -0.269358
v 0.101140 0.779154 -0.268045
v 0.138396 0.789113 -0.252030
v 0.174404 0.799528 -0.232881
v 0.173070 0.800884 -0.231879
v 0.195580 0.771854 -0.245480
v 0.222853 0.742107 -0.265929
v 0.121856 0.734130 -0.303869
v 0.210007 0.760762 -0.259547
v 0.223643 0.745888 -0.269771
v 0.107663 0.760951 -0.275249
v 0.106989 0.760850 -0.275593
v 0.184052 0.784129 -0.236850
v 0.183368 0.783816 -0.237195
v 0.107834 0.764896 -0.279703
v 0.108535 0.765128 -0.279493
v 0.184240 0.787993 -0.241439
v 0.184897 0.788174 -0.240961
v 0.022027 0.671587 -0.358350
v 0.019131 0.671458 -0.358618
v 0.018124 0.671492 -0.358723
v 0.106246 0.679218 -0.345650
v 0.092679 0.677338 -0.348778
v 0.018057 0.671681 -0.358569
v 0.078034 0.675665 -0.351379
v 0.135703 0.685819 -0.336290
v 0.136409 0.684279 -0.337601
v 0.034870 0.767278 -0.278051
v 0.044471 0.768027 -0.276805
v 0.094093 0.774494 -0.266071
v 0.094837 0.774610 -0.265968
v 0.132502 0.683336 -0.338797
v 0.135342 0.683821 -0.338042
v 0.136366 0.684075 -0.337781
v 0.074017 0.771440 -0.271125
v 0.064669 0.770174 -0.273232
v 0.049364 0.673173 -0.355711
v 0.063331 0.674219 -0.353969
v 0.014101 0.765983 -0.280236
v 0.013410 0.765944 -0.280390
v 0.019444 0.675116 -0.362584
v 0.018430 0.675058 -0.362590
v 0.106562 0.682906 -0.349648
v 0.092995 0.681026 -0.352777
v 0.018277 0.676942 -0.361117
v 0.018363 0.675246 -0.362436
v 0.078373 0.679609 -0.355656
v 0.134016 0.693863 -0.336805
v 0.136016 0.689476 -0.340256
v 0.136715 0.687845 -0.341468
v 0.035186 0.770966 -0.282050
v 0.044787 0.771714 -0.280804
v 0.092438 0.777876 -0.270550
v 0.094407 0.778151 -0.270037
v 0.095142 0.778176 -0.269835
v 0.135656 0.687479 -0.342008
v 0.136672 0.687641 -0.341648
v 0.074333 0.775127 -0.275124
v 0.064985 0.773861 -0.277231
v 0.049680 0.676861 -0.359709
v 0.063647 0.677907 -0.357968
v 0.016406 0.769789 -0.284009
v 0.014414 0.769641 -0.284202
v 0.013716 0.769510 -0.284257
v 0.013394 0.766429 -0.280842
v 0.013383 0.766145 -0.280616
v 0.078144 0.675689 -0.352012
v 0.136590 0.684505 -0.338252
v 0.136519 0.684300 -0.337966
v 0.095196 0.777790 -0.269291
v 0.095218 0.777987 -0.269590
v 0.018083 0.671889 -0.359249
v 0.018076 0.671692 -0.358950
v 0.013623 0.769106 -0.283744
v 0.013653 0.769304 -0.284041
v 0.054894 0.772580 -0.278876
v 0.136820 0.687182 -0.341154
v 0.136789 0.687459 -0.341391
v 0.094967 0.775114 -0.266388
v 0.094947 0.774828 -0.266165
v 0.018312 0.674566 -0.362151
v 0.018347 0.674851 -0.362375
v 0.013362 0.765746 -0.280558
v 0.054667 0.768655 -0.275235
v 0.097809 0.768427 -0.270738
v 0.095028 0.774439 -0.266089
v 0.013732 0.767702 -0.285849
v 0.013668 0.769312 -0.284425
v 0.055005 0.772600 -0.279513
v 0.096098 0.776471 -0.271255
v 0.095333 0.778005 -0.269956
v 0.108114 0.745979 -0.288542
v 0.123405 0.712620 -0.315004
v 0.015115 0.739732 -0.309075
v 0.116076 0.732987 -0.305772
v 0.123721 0.716307 -0.319002
v 0.014857 0.750454 -0.292718
v 0.014107 0.750474 -0.292861
v 0.101598 0.759786 -0.277364
v 0.100804 0.759599 -0.277499
v 0.014445 0.754419 -0.297139
v 0.015206 0.754528 -0.297135
v 0.101153 0.763672 -0.281917
v 0.101936 0.763731 -0.281642
v -0.215694 0.704883 -0.302937
v -0.218049 0.705658 -0.301700
v -0.218850 0.706003 -0.301288
v -0.132607 0.683479 -0.338558
v -0.143487 0.685588 -0.335049
v -0.155874 0.688176 -0.330742
v -0.218764 0.706188 -0.301139
v -0.168737 0.691237 -0.325462
v -0.114506 0.682127 -0.342436
v -0.115119 0.680571 -0.343772
v -0.135487 0.784511 -0.249372
v -0.127396 0.782214 -0.253194
v -0.082581 0.772423 -0.269518
v -0.081933 0.772300 -0.269813
v -0.118961 0.680962 -0.342748
v -0.116288 0.680499 -0.343572
v -0.115306 0.680407 -0.343886
v -0.101211 0.776033 -0.263481
v -0.109712 0.777840 -0.260474
v -0.203342 0.700976 -0.309439
v -0.193289 0.697907 -0.314546
v -0.181568 0.694532 -0.320164
v -0.152628 0.789741 -0.240697
v -0.153239 0.789925 -0.240478
v -0.218719 0.709377 -0.305563
v -0.219503 0.709629 -0.305054
v -0.133282 0.687229 -0.342453
v -0.144163 0.689337 -0.338944
v -0.156549 0.691926 -0.334637
v -0.218285 0.711329 -0.303888
v -0.219417 0.709814 -0.304906
v -0.169459 0.695249 -0.329628
v -0.113563 0.690297 -0.342739
v -0.115175 0.685846 -0.346299
v -0.115772 0.684198 -0.347539
v -0.136162 0.788260 -0.253267
v -0.128071 0.785964 -0.257089
v -0.085079 0.776521 -0.272805
v -0.083251 0.776143 -0.273380
v -0.082586 0.775926 -0.273579
v -0.116958 0.684218 -0.347435
v -0.115959 0.684033 -0.347653
v -0.101886 0.779782 -0.267376
v -0.110387 0.781590 -0.264369
v -0.204017 0.704726 -0.313334
v -0.193964 0.701657 -0.318441
v -0.182244 0.698282 -0.324058
v -0.151655 0.792983 -0.245408
v -0.153298 0.793460 -0.244559
v -0.153892 0.793552 -0.244245
v -0.153333 0.790430 -0.240898
v -0.153313 0.790144 -0.240675
v -0.168971 0.691283 -0.326058
v -0.115246 0.680788 -0.344438
v -0.115217 0.680590 -0.344140
v -0.082385 0.775496 -0.273108
v -0.082462 0.775702 -0.273392
v -0.219028 0.706438 -0.301750
v -0.218941 0.706226 -0.301475
v -0.153823 0.793151 -0.243725
v -0.153891 0.793356 -0.244011
v -0.119214 0.783565 -0.260594
v -0.115736 0.683510 -0.347265
v -0.115795 0.683803 -0.347477
v -0.081896 0.772775 -0.270281
v -0.081884 0.772490 -0.270055
v -0.219518 0.709159 -0.304577
v -0.219519 0.709439 -0.304811
v -0.153422 0.789767 -0.240580
v -0.118729 0.779595 -0.257028
v -0.084041 0.765971 -0.274825
v -0.081904 0.772091 -0.269997
v -0.155250 0.791976 -0.245450
v -0.154075 0.793393 -0.244347
v -0.119451 0.783607 -0.261195
v -0.083119 0.774149 -0.275119
v -0.082557 0.775718 -0.273764
v -0.092309 0.743184 -0.293194
v -0.104615 0.709328 -0.320482
v -0.174705 0.767131 -0.263477
v -0.099137 0.730006 -0.310734
v -0.105290 0.713078 -0.324377
v -0.163227 0.775914 -0.250347
v -0.163857 0.776171 -0.250095
v -0.087241 0.757233 -0.281613
v -0.087966 0.757307 -0.281313
v -0.164580 0.780183 -0.254261
v -0.163973 0.780056 -0.254649
v -0.088711 0.761449 -0.285616
v -0.087963 0.761245 -0.285779
v -0.305212 0.747442 -0.232106
v -0.306925 0.748528 -0.230353
v -0.307496 0.748976 -0.229767
v -0.241594 0.714796 -0.286438
v -0.250362 0.718419 -0.280409
v -0.260226 0.722719 -0.273251
v -0.307343 0.749142 -0.229652
v -0.270182 0.727532 -0.265057
v -0.226102 0.710838 -0.294653
v -0.227302 0.709435 -0.295734
v -0.202611 0.812258 -0.203193
v -0.196549 0.808879 -0.208816
v -0.161140 0.792919 -0.235407
v -0.160641 0.792708 -0.235848
v -0.230517 0.710372 -0.293801
v -0.228344 0.709535 -0.295248
v -0.227535 0.709305 -0.295792
v -0.176145 0.799121 -0.225057
v -0.182895 0.802101 -0.220096
v -0.296211 0.741908 -0.241316
v -0.288815 0.737508 -0.248639
v -0.280065 0.732568 -0.256860
v -0.215231 0.819759 -0.190738
v -0.215706 0.820027 -0.190381
v -0.307998 0.752391 -0.233975
v -0.308543 0.752744 -0.233299
v -0.242676 0.718692 -0.290090
v -0.251445 0.722315 -0.284061
v -0.261308 0.726615 -0.276904
v -0.306804 0.754201 -0.232536
v -0.308390 0.752909 -0.233184
v -0.271340 0.731699 -0.268965
v -0.223948 0.718743 -0.295398
v -0.227176 0.714701 -0.298275
v -0.228349 0.713203 -0.299266
v -0.203693 0.816153 -0.206845
v -0.197632 0.812775 -0.212468
v -0.163687 0.797415 -0.238030
v -0.162213 0.796783 -0.239029
v -0.161688 0.796475 -0.239380
v -0.229417 0.713399 -0.298870
v -0.228582 0.713072 -0.299324
v -0.177227 0.803016 -0.228709
v -0.183977 0.805997 -0.223749
v -0.297294 0.745804 -0.244969
v -0.289898 0.741404 -0.252292
v -0.281148 0.736464 -0.260513
v -0.215096 0.822928 -0.195571
v -0.216305 0.823623 -0.194360
v -0.216753 0.823794 -0.193913
v -0.215793 0.820258 -0.190556
v -0.270557 0.727628 -0.265570
v -0.227569 0.709686 -0.296344
v -0.227492 0.709479 -0.296062
v -0.161443 0.796009 -0.238969
v -0.161558 0.796231 -0.239226
v -0.307716 0.749444 -0.230176
v -0.307594 0.749216 -0.229929
v -0.216612 0.823376 -0.193423
v -0.216721 0.823595 -0.193685
v -0.190789 0.809171 -0.217978
v -0.228355 0.712514 -0.298995
v -0.228419 0.712816 -0.299190
v -0.160657 0.793182 -0.236318
v -0.160631 0.792894 -0.236098
v -0.308502 0.752271 -0.232827
v -0.308522 0.752552 -0.233058
v -0.215931 0.819901 -0.190428
v -0.190010 0.805097 -0.214586
v -0.165047 0.786933 -0.239939
v -0.160700 0.792503 -0.236026
v -0.218612 0.822481 -0.194682
v -0.216978 0.823668 -0.193960
v -0.191169 0.809264 -0.218493
v -0.162907 0.794848 -0.240670
v -0.161747 0.796271 -0.239558
v -0.181628 0.766250 -0.254806
v -0.206282 0.735523 -0.276886
v -0.195037 0.754782 -0.269499
v -0.230056 0.808011 -0.196928
v -0.230528 0.808353 -0.196536
v -0.171361 0.778999 -0.245388
v -0.171938 0.779173 -0.244922
v -0.231686 0.812520 -0.200443
v -0.231252 0.812314 -0.200963
v -0.173134 0.783477 -0.248956
v -0.172519 0.783167 -0.249295
v -0.366678 0.803577 -0.138682
v -0.367786 0.804987 -0.136388
v -0.368143 0.805545 -0.135622
v -0.328485 0.764172 -0.204263
v -0.335849 0.770334 -0.194007
v -0.367942 0.805682 -0.135553
v -0.342983 0.777029 -0.182680
v -0.309146 0.752023 -0.226109
v -0.310782 0.750840 -0.226826
v -0.249798 0.849423 -0.141340
v -0.245670 0.844896 -0.148874
v -0.219523 0.822249 -0.186594
v -0.219169 0.821943 -0.187193
v -0.313343 0.752382 -0.223885
v -0.311674 0.751135 -0.226014
v -0.311043 0.750753 -0.226811
v -0.230902 0.831281 -0.171533
v -0.235921 0.835536 -0.164452
v -0.355939 0.790532 -0.160392
v -0.350013 0.783935 -0.171372
v -0.258149 0.859317 -0.124903
v -0.258492 0.859675 -0.124396
v -0.369150 0.809048 -0.139683
v -0.369473 0.809504 -0.138834
v -0.329860 0.768266 -0.207585
v -0.337224 0.774429 -0.197328
v -0.367376 0.810641 -0.138604
v -0.369272 0.809642 -0.138765
v -0.344454 0.781409 -0.186233
v -0.306077 0.759536 -0.227507
v -0.310510 0.756084 -0.229403
v -0.312111 0.754799 -0.230038
v -0.251173 0.853517 -0.144661
v -0.247045 0.848990 -0.152195
v -0.222005 0.827220 -0.188427
v -0.220887 0.826309 -0.189889
v -0.220499 0.825902 -0.190405
v -0.313038 0.755196 -0.229308
v -0.312373 0.754712 -0.230023
v -0.232277 0.835375 -0.174854
v -0.237296 0.839630 -0.167773
v -0.357314 0.794627 -0.163713
v -0.351388 0.788029 -0.174693
v -0.258713 0.862454 -0.129789
v -0.259513 0.863378 -0.128197
v -0.259822 0.863634 -0.127608
v -0.258628 0.860219 -0.124750
v -0.258586 0.859922 -0.124544
v -0.343460 0.777195 -0.183078
v -0.311153 0.751139 -0.227354
v -0.311040 0.750918 -0.227095
v -0.220227 0.825391 -0.190069
v -0.220370 0.825634 -0.190291
v -0.368390 0.806053 -0.135963
v -0.368244 0.805802 -0.135753
v -0.259626 0.863190 -0.127161
v -0.259764 0.863430 -0.127389
v -0.242155 0.844093 -0.159859
v -0.312151 0.754111 -0.229765
v -0.312218 0.754426 -0.229940
v -0.219229 0.822420 -0.187658
v -0.219192 0.822127 -0.187446
v -0.369388 0.809025 -0.138373
v -0.369422 0.809309 -0.138599
v -0.258741 0.859591 -0.124374
v -0.241166 0.839876 -0.156705
v -0.225294 0.816972 -0.189947
v -0.219299 0.821749 -0.187354
v -0.262017 0.862664 -0.127806
v -0.260071 0.863550 -0.127586
v -0.242637 0.844256 -0.160258
v -0.222235 0.824498 -0.191325
v -0.220629 0.825708 -0.190566
v -0.248071 0.799316 -0.199776
v -0.281927 0.773090 -0.214364
v -0.294516 0.846650 -0.131134
v -0.266374 0.790297 -0.210392
v -0.283302 0.777185 -0.217686
v -0.275856 0.850302 -0.126544
v -0.276178 0.850733 -0.126003
v -0.233925 0.810191 -0.193476
v -0.234356 0.810474 -0.192829
v -0.277649 0.855113 -0.129556
v -0.277375 0.854824 -0.130214
v -0.235875 0.814997 -0.196498
v -0.235396 0.814571 -0.197029
v -0.389805 0.868006 -0.031454
v -0.389986 0.869526 -0.028977
v -0.390020 0.870117 -0.028155
v -0.378317 0.824363 -0.104088
v -0.381430 0.831420 -0.092344
v -0.389788 0.870217 -0.028148
v -0.383942 0.838937 -0.079648
v -0.368065 0.809690 -0.130135
v -0.370008 0.808812 -0.130343
v -0.272288 0.893858 -0.067387
v -0.271214 0.888887 -0.075660
v -0.260647 0.863109 -0.118592
v -0.260528 0.862762 -0.119257
v -0.371364 0.810689 -0.126846
v -0.370579 0.809232 -0.129324
v -0.370266 0.808769 -0.130255
v -0.265757 0.873547 -0.101190
v -0.267844 0.878408 -0.093100
v -0.387805 0.853875 -0.054972
v -0.386325 0.846646 -0.067004
v -0.274008 0.904611 -0.049520
v -0.274133 0.905009 -0.048947
v -0.391513 0.873834 -0.031861
v -0.391508 0.874317 -0.030967
v -0.379857 0.828706 -0.106996
v -0.382970 0.835763 -0.095252
v -0.389271 0.875085 -0.031353
v -0.391277 0.874417 -0.030960
v -0.385589 0.843583 -0.082758
v -0.364299 0.816620 -0.132503
v -0.369592 0.813997 -0.133019
v -0.371497 0.813012 -0.133155
v -0.273828 0.898201 -0.070295
v -0.272753 0.893231 -0.078567
v -0.262678 0.868465 -0.119784
v -0.262174 0.867416 -0.121476
v -0.262017 0.866962 -0.122069
v -0.372106 0.813540 -0.132207
v -0.371754 0.812969 -0.133067
v -0.267297 0.877890 -0.104098
v -0.269384 0.882751 -0.096007
v -0.389345 0.858218 -0.057880
v -0.387865 0.850989 -0.069911
v -0.275371 0.907912 -0.054133
v -0.275535 0.908919 -0.052404
v -0.275622 0.909209 -0.051759
v -0.274269 0.905576 -0.049263
v -0.274222 0.905272 -0.049069
v -0.384476 0.839189 -0.079902
v -0.370456 0.809182 -0.130756
v -0.370314 0.808939 -0.130533
v -0.261752 0.866405 -0.121810
v -0.261908 0.866674 -0.121990
v -0.390263 0.870667 -0.028427
v -0.390109 0.870391 -0.028260
v -0.275387 0.908728 -0.051373
v -0.275540 0.908992 -0.051560
v -0.271055 0.887771 -0.087166
v -0.371573 0.812334 -0.132866
v -0.371633 0.812659 -0.133024
v -0.260634 0.863253 -0.119700
v -0.260589 0.862954 -0.119499
v -0.391381 0.873819 -0.030537
v -0.391428 0.874111 -0.030751
v -0.274377 0.904967 -0.048855
v -0.269948 0.883375 -0.084310
v -0.267913 0.858944 -0.120094
v -0.260728 0.862596 -0.119372
v -0.277916 0.908622 -0.051320
v -0.275866 0.909167 -0.051667
v -0.271595 0.888021 -0.087420
v -0.264148 0.865888 -0.122441
v -0.262217 0.866796 -0.122184
v -0.295121 0.845551 -0.122827
v -0.335555 0.825663 -0.126869
v -0.312258 0.898309 -0.045159
v -0.316878 0.839949 -0.127756
v -0.337095 0.830006 -0.129777
v -0.292720 0.898702 -0.045992
v -0.292803 0.899168 -0.045393
v -0.294450 0.903814 -0.048504
v -0.294421 0.903500 -0.049204
v -0.280066 0.858908 -0.123417
v -0.279831 0.858421 -0.124050
v -0.312138 0.991969 0.174854
v -0.310496 0.993230 0.176900
v -0.309902 0.993722 0.177557
v -0.355139 0.953900 0.111497
v -0.349177 0.960452 0.122402
v -0.309683 0.993743 0.177432
v -0.342093 0.967161 0.133753
v -0.365411 0.939230 0.085456
v -0.367331 0.939036 0.086385
v -0.230163 0.982533 0.080192
v -0.235246 0.978271 0.073100
v -0.257677 0.954591 0.033660
v -0.258044 0.954289 0.033068
v -0.365966 0.940911 0.089880
v -0.367112 0.939518 0.087509
v -0.367502 0.939069 0.086600
v -0.249240 0.964441 0.050083
v -0.245088 0.968937 0.057565
v -0.327418 0.980186 0.155245
v -0.334874 0.974014 0.144973
v -0.218707 0.991564 0.095193
v -0.218379 0.991925 0.095706
v -0.311856 0.998048 0.174867
v -0.311229 0.998420 0.175574
v -0.356511 0.958758 0.109447
v -0.350549 0.965310 0.120352
v -0.309423 0.998472 0.173999
v -0.311010 0.998441 0.175449
v -0.343561 0.972358 0.131559
v -0.361494 0.944801 0.080826
v -0.366771 0.944048 0.083422
v -0.368658 0.943734 0.084402
v -0.231535 0.987391 0.078142
v -0.236617 0.983129 0.071049
v -0.258212 0.960401 0.033223
v -0.259038 0.959409 0.031626
v -0.259370 0.958987 0.031085
v -0.368473 0.944336 0.085475
v -0.368828 0.943767 0.084616
v -0.250612 0.969299 0.048032
v -0.246460 0.973795 0.055515
v -0.328790 0.985044 0.153195
v -0.336246 0.978872 0.142923
v -0.221168 0.995541 0.091706
v -0.220068 0.996382 0.093159
v -0.219705 0.996624 0.093723
v -0.218473 0.992533 0.095458
v -0.218430 0.992213 0.095625
v -0.342568 0.967591 0.133795
v -0.367785 0.939565 0.086238
v -0.367633 0.939270 0.086374
v -0.259200 0.958353 0.031216
v -0.259333 0.958672 0.031121
v -0.310063 0.994344 0.177405
v -0.309941 0.994018 0.177491
v -0.219469 0.996059 0.093970
v -0.219605 0.996375 0.093868
v -0.241534 0.978239 0.063398
v -0.368781 0.943091 0.084750
v -0.368808 0.943431 0.084618
v -0.258205 0.954827 0.032704
v -0.258158 0.954511 0.032878
v -0.311059 0.997870 0.175917
v -0.311116 0.998180 0.175734
v -0.218536 0.991954 0.095916
v -0.240547 0.973472 0.065637
v -0.265519 0.953098 0.036606
v -0.258314 0.954205 0.033091
v -0.221470 0.996754 0.095357
v -0.219863 0.996652 0.093933
v -0.242014 0.978669 0.063444
v -0.261587 0.958681 0.031993
v -0.259640 0.958904 0.031108
v -0.292663 0.949320 0.049873
v -0.332987 0.943717 0.069606
v -0.248584 0.997313 0.119610
v -0.314197 0.951376 0.057689
v -0.334359 0.948575 0.067556
v -0.233483 0.991579 0.108580
v -0.233086 0.991989 0.109086
v -0.275704 0.951549 0.041782
v -0.275354 0.951854 0.042467
v -0.234553 0.997186 0.106892
v -0.234998 0.996945 0.106315
v -0.276869 0.957220 0.040202
v -0.277171 0.956745 0.039588
v -0.218889 1.037761 0.251065
v -0.216552 1.038679 0.252539
v -0.215724 1.039047 0.252992
v -0.283660 1.009006 0.203209
v -0.273872 1.014197 0.211849
v -0.215549 1.039034 0.252810
v -0.262873 1.019343 0.220598
v -0.303121 0.996906 0.181444
v -0.304709 0.997015 0.182878
v -0.169474 1.016970 0.137506
v -0.176979 1.013796 0.132223
v -0.213197 0.995185 0.101220
v -0.213760 0.994963 0.100761
v -0.302126 0.998548 0.185804
v -0.304107 0.997426 0.183883
v -0.304805 0.997071 0.183131
v -0.198972 1.003076 0.114383
v -0.192198 1.006628 0.120294
v -0.240799 1.029193 0.236805
v -0.251758 1.024612 0.229182
v -0.152931 1.023581 0.148479
v -0.152416 1.023870 0.148871
v -0.217597 1.043705 0.250851
v -0.216743 1.043948 0.251346
v -0.284714 1.014074 0.201507
v -0.274926 1.019265 0.210147
v -0.215469 1.043734 0.249328
v -0.216568 1.043935 0.251164
v -0.264000 1.024764 0.218778
v -0.299777 1.001849 0.175770
v -0.304166 1.001932 0.179757
v -0.305728 1.001915 0.181232
v -0.170528 1.022038 0.135804
v -0.178033 1.018864 0.130522
v -0.212849 1.001011 0.100809
v -0.214242 1.000211 0.099532
v -0.214779 0.999864 0.099115
v -0.305152 1.002452 0.182195
v -0.305824 1.001971 0.181485
v -0.200026 1.008144 0.112681
v -0.193252 1.011696 0.118592
v -0.241852 1.034260 0.235103
v -0.252812 1.029680 0.227480
v -0.155563 1.027999 0.145725
v -0.153976 1.028607 0.146791
v -0.153435 1.028771 0.147225
v -0.152472 1.024491 0.148645
v -0.152438 1.024164 0.148801
v -0.263238 1.019846 0.220762
v -0.305091 0.997616 0.182851
v -0.304958 0.997296 0.182946
v -0.214688 0.999207 0.099209
v -0.214787 0.999547 0.099147
v -0.215814 1.039691 0.252876
v -0.215730 1.039348 0.252932
v -0.153237 1.028169 0.147410
v -0.153341 1.028505 0.147343
v -0.185642 1.015057 0.124672
v -0.305855 1.001294 0.181616
v -0.305860 1.001637 0.181488
v -0.213924 0.995529 0.100444
v -0.213884 0.995206 0.100605
v -0.216579 1.043369 0.251641
v -0.216632 1.043689 0.251474
v -0.152501 1.023920 0.149116
v -0.184884 1.010139 0.126661
v -0.220036 0.994961 0.106277
v -0.214023 0.994926 0.100861
v -0.154623 1.029157 0.149284
v -0.153520 1.028821 0.147470
v -0.186011 1.015560 0.124840
v -0.216672 0.999913 0.100615
v -0.215042 0.999826 0.099215
v -0.242617 0.995480 0.126696
v -0.276154 0.996260 0.157052
v -0.185045 1.036471 0.199310
v -0.260439 1.000937 0.140172
v -0.277207 1.001327 0.155350
v -0.163149 1.025756 0.165461
v -0.162563 1.026082 0.165826
v -0.163690 1.031503 0.164005
v -0.164313 1.031354 0.163581
v -0.229066 1.000844 0.112804
v -0.229603 1.000442 0.112311
v -0.101906 1.065344 0.296972
v -0.099131 1.065821 0.297711
v -0.098160 1.066035 0.297906
v -0.181338 1.049033 0.269825
v -0.168799 1.052298 0.275259
v -0.098048 1.065997 0.297683
v -0.155092 1.055312 0.280460
v -0.207849 1.040900 0.254663
v -0.208931 1.041239 0.256480
v -0.090408 1.039297 0.174664
v -0.099511 1.037556 0.171767
v -0.145538 1.026042 0.152575
v -0.146236 1.025929 0.152297
v -0.205414 1.042246 0.258530
v -0.208012 1.041519 0.257267
v -0.208942 1.041305 0.256748
v -0.127087 1.031114 0.161045
v -0.118436 1.033335 0.164741
v -0.128042 1.060922 0.289612
v -0.141302 1.058432 0.285467
v -0.070592 1.042771 0.180416
v -0.069947 1.042960 0.180641
v -0.099747 1.070990 0.296262
v -0.098761 1.071075 0.296493
v -0.181959 1.054245 0.268364
v -0.169420 1.057510 0.273797
v -0.098156 1.070699 0.294204
v -0.098648 1.071037 0.296269
v -0.155757 1.060888 0.278897
v -0.205443 1.045348 0.248163
v -0.208464 1.046069 0.253214
v -0.209531 1.046280 0.255067
v -0.091029 1.044509 0.173203
v -0.100132 1.042769 0.170306
v -0.144345 1.031735 0.151943
v -0.146154 1.031212 0.151126
v -0.146836 1.030969 0.150884
v -0.208627 1.046689 0.255818
v -0.209542 1.046345 0.255335
v -0.127708 1.036326 0.159584
v -0.119057 1.038547 0.163279
v -0.128663 1.066134 0.288151
v -0.141923 1.063644 0.284006
v -0.073109 1.047633 0.178401
v -0.071208 1.047940 0.178966
v -0.070548 1.048000 0.179228
v -0.069959 1.043586 0.180425
v -0.069939 1.043255 0.180572
v -0.155307 1.055865 0.280707
v -0.209198 1.041897 0.256546
v -0.209100 1.041557 0.256608
v -0.146835 1.030305 0.150964
v -0.146888 1.030658 0.150925
v -0.098170 1.066687 0.297804
v -0.098132 1.066333 0.297842
v -0.070410 1.047369 0.179364
v -0.070471 1.047720 0.179321
v -0.109600 1.040435 0.166909
v -0.209649 1.045679 0.255486
v -0.209632 1.046022 0.255357
v -0.146384 1.026522 0.152025
v -0.146356 1.026193 0.152177
v -0.098620 1.070470 0.296744
v -0.098664 1.070797 0.296591
v -0.069951 1.043017 0.180899
v -0.109153 1.035413 0.168724
v -0.150628 1.026848 0.159345
v -0.146462 1.025934 0.152468
v -0.071032 1.048530 0.181527
v -0.070551 1.048058 0.179486
v -0.109817 1.040989 0.167161
v -0.148199 1.031300 0.152851
v -0.147063 1.030975 0.151055
v -0.166184 1.030658 0.185242
v -0.189277 1.036324 0.223731
v -0.079379 1.055391 0.216268
v -0.178352 1.038703 0.203025
v -0.189898 1.041536 0.222270
v -0.075143 1.046220 0.199519
v -0.074432 1.046434 0.199697
v -0.156402 1.028134 0.169241
v -0.155668 1.028247 0.169606
v -0.075096 1.052009 0.198134
v -0.075829 1.051978 0.197905
v -0.156354 1.034004 0.167991
v -0.157067 1.033710 0.167678
v 0.157051 1.055085 0.279897
v 0.159762 1.054562 0.278973
v 0.160690 1.054429 0.278591
v 0.075378 1.068134 0.301615
v 0.089113 1.066611 0.299079
v 0.160645 1.054379 0.278348
v 0.103550 1.064495 0.295744
v 0.043959 1.070559 0.304023
v 0.044207 1.071050 0.306093
v 0.091616 1.038868 0.173949
v 0.082413 1.040463 0.176604
v 0.032552 1.046424 0.186495
v 0.031824 1.046570 0.186650
v 0.048373 1.070657 0.305813
v 0.045436 1.070938 0.306228
v 0.044364 1.071088 0.306316
v 0.053106 1.044387 0.183135
v 0.062544 1.043311 0.181344
v 0.131331 1.060113 0.288265
v 0.117981 1.062472 0.292191
v 0.111247 1.035152 0.167736
v 0.111932 1.035099 0.167558
v 0.160176 1.059768 0.277585
v 0.161095 1.059505 0.277238
v 0.075796 1.073383 0.300215
v 0.089531 1.071860 0.297679
v 0.160210 1.059181 0.275034
v 0.161049 1.059455 0.276994
v 0.103997 1.070111 0.294247
v 0.043766 1.074603 0.296852
v 0.044373 1.075765 0.302635
v 0.044611 1.076126 0.304739
v 0.092034 1.044117 0.172549
v 0.082830 1.045712 0.175205
v 0.034984 1.051456 0.184764
v 0.032967 1.051630 0.185107
v 0.032228 1.051647 0.185296
v 0.045851 1.076144 0.304840
v 0.044768 1.076164 0.304963
v 0.053524 1.049636 0.181735
v 0.062962 1.048560 0.179944
v 0.131749 1.065362 0.286866
v 0.118399 1.067721 0.290792
v 0.109780 1.040740 0.166930
v 0.111662 1.040358 0.166348
v 0.112336 1.040175 0.166205
v 0.112009 1.035714 0.167322
v 0.111997 1.035381 0.167467
v 0.103695 1.065061 0.296012
v 0.044248 1.071748 0.306228
v 0.044247 1.071391 0.306260
v 0.032057 1.051013 0.185428
v 0.032109 1.051366 0.185389
v 0.160839 1.055056 0.278448
v 0.160775 1.054707 0.278494
v 0.112312 1.039523 0.166306
v 0.112355 1.039877 0.166268
v 0.072883 1.046917 0.177697
v 0.044551 1.075558 0.305212
v 0.044605 1.075887 0.305061
v 0.031754 1.047203 0.186444
v 0.031751 1.046869 0.186588
v 0.161143 1.058866 0.277432
v 0.161133 1.059203 0.277295
v 0.112086 1.035129 0.167770
v 0.072582 1.041868 0.179468
v 0.032506 1.048165 0.194824
v 0.031741 1.046632 0.186914
v 0.113370 1.040604 0.168336
v 0.112491 1.040205 0.166417
v 0.073029 1.047484 0.177970
v 0.032336 1.052206 0.187644
v 0.032145 1.051708 0.185561
v 0.035608 1.054245 0.224497
v 0.040239 1.063276 0.268586
v 0.127833 1.046351 0.201223
v 0.038341 1.064010 0.245142
v 0.040657 1.068525 0.267186
v 0.119126 1.037995 0.185830
v 0.119843 1.037948 0.185575
v 0.033769 1.050274 0.206088
v 0.034573 1.050106 0.205986
v 0.120290 1.043563 0.184078
v 0.119587 1.043794 0.184284
v 0.035034 1.055904 0.204439
v 0.034216 1.055889 0.204591
v 0.265021 1.018345 0.218752
v 0.267235 1.017394 0.217116
v 0.267982 1.017116 0.216492
v 0.196166 1.044462 0.262217
v 0.208172 1.040703 0.255962
v 0.267863 1.017080 0.216273
v 0.220518 1.036263 0.248758
v 0.167568 1.052096 0.273296
v 0.168467 1.052488 0.275201
v 0.170696 1.015997 0.135885
v 0.163016 1.019058 0.140980
v 0.119696 1.033107 0.164333
v 0.119076 1.033371 0.164683
v 0.172258 1.051404 0.273771
v 0.169648 1.052167 0.274987
v 0.168685 1.052494 0.275370
v 0.137827 1.027712 0.155384
v 0.146058 1.025102 0.151040
v 0.243923 1.027437 0.233884
v 0.232812 1.031920 0.241344
v 0.186870 1.009173 0.124499
v 0.187457 1.009009 0.124138
v 0.268115 1.022488 0.215541
v 0.268841 1.022083 0.214956
v 0.197054 1.049597 0.260629
v 0.209060 1.045839 0.254374
v 0.267331 1.021966 0.213099
v 0.268721 1.022047 0.214737
v 0.221467 1.041757 0.247059
v 0.166054 1.056288 0.266372
v 0.168449 1.057190 0.271721
v 0.169326 1.057455 0.273665
v 0.171583 1.021132 0.134297
v 0.163904 1.024193 0.139391
v 0.122356 1.037698 0.161866
v 0.120577 1.038201 0.162758
v 0.119934 1.038338 0.163147
v 0.170528 1.057261 0.273412
v 0.169544 1.057460 0.273834
v 0.138714 1.032848 0.153795
v 0.146946 1.030238 0.149452
v 0.244811 1.032573 0.232296
v 0.233699 1.037056 0.239756
v 0.186200 1.014946 0.124002
v 0.187750 1.014266 0.122924
v 0.188316 1.013976 0.122602
v 0.187567 1.009608 0.123875
v 0.187541 1.009278 0.124025
v 0.220825 1.036790 0.248961
v 0.168662 1.053166 0.275301
v 0.168610 1.052813 0.275341
v 0.119703 1.037739 0.163336
v 0.119801 1.038079 0.163276
v 0.268189 1.017712 0.216297
v 0.268081 1.017378 0.216368
v 0.188212 1.013335 0.122722
v 0.188301 1.013677 0.122665
v 0.155409 1.026999 0.144548
v 0.169306 1.056893 0.274149
v 0.169371 1.057212 0.273981
v 0.119059 1.034011 0.164489
v 0.119040 1.033679 0.164636
v 0.268833 1.021440 0.215145
v 0.268842 1.021777 0.215008
v 0.187668 1.009007 0.124297
v 0.154771 1.022032 0.146455
v 0.122286 1.034628 0.172294
v 0.119083 1.033439 0.164958
v 0.189965 1.014172 0.124346
v 0.188526 1.013974 0.122761
v 0.155720 1.027526 0.144756
v 0.120791 1.038813 0.165355
v 0.119941 1.038405 0.163422
v 0.134580 1.039371 0.199743
v 0.152868 1.046413 0.240521
v 0.213838 1.016590 0.151694
v 0.144612 1.048028 0.218544
v 0.153756 1.051548 0.238932
v 0.199876 1.010203 0.139576
v 0.200475 1.010042 0.139131
v 0.201424 1.015536 0.137431
v 0.200857 1.015876 0.137821
v 0.128683 1.041592 0.180620
v 0.127950 1.041712 0.180995
v 0.344747 0.964324 0.128846
v 0.346203 0.963049 0.126670
v 0.346681 0.962662 0.125866
v 0.296748 1.000773 0.189508
v 0.305633 0.995168 0.180179
v 0.346500 0.962653 0.125690
v 0.314449 0.988857 0.169860
v 0.274267 1.012925 0.208104
v 0.275726 1.013108 0.209661
v 0.231728 0.980310 0.076493
v 0.226471 0.984515 0.083491
v 0.194722 1.005203 0.117892
v 0.194282 1.005560 0.118398
v 0.278705 1.011425 0.207235
v 0.276724 1.012594 0.209128
v 0.275981 1.013072 0.209761
v 0.208328 0.997002 0.104272
v 0.214398 0.993127 0.097824
v 0.330745 0.976520 0.149143
v 0.323173 0.982655 0.159353
v 0.242548 0.971099 0.061134
v 0.242970 0.970846 0.060624
v 0.347457 0.967954 0.124781
v 0.347905 0.967445 0.124023
v 0.298013 1.005719 0.187603
v 0.306898 1.000113 0.178274
v 0.345930 0.967636 0.122679
v 0.347723 0.967436 0.123848
v 0.315802 0.994147 0.167822
v 0.271580 1.017488 0.201798
v 0.275522 1.017829 0.206215
v 0.276950 1.017890 0.207819
v 0.232993 0.985256 0.074588
v 0.227736 0.989461 0.081586
v 0.197313 1.009329 0.114653
v 0.195976 1.010108 0.116003
v 0.195505 1.010343 0.116556
v 0.277978 1.017499 0.207238
v 0.277205 1.017854 0.207919
v 0.209593 1.001947 0.102367
v 0.215663 0.998072 0.095919
v 0.332010 0.981466 0.147238
v 0.324438 0.987600 0.157448
v 0.242767 0.976913 0.060703
v 0.243803 0.976004 0.059245
v 0.244194 0.975629 0.058782
v 0.243102 0.971424 0.060326
v 0.243063 0.971100 0.060486
v 0.314887 0.989317 0.169953
v 0.276055 1.013739 0.209685
v 0.275957 1.013400 0.209747
v 0.195239 1.009788 0.116819
v 0.195372 1.010108 0.116724
v 0.346923 0.963219 0.125605
v 0.346784 0.962906 0.125712
v 0.244020 0.975013 0.058943
v 0.244147 0.975336 0.058854
v 0.221683 0.993553 0.088883
v 0.276973 1.017329 0.208302
v 0.277041 1.017636 0.208115
v 0.194321 1.006199 0.118201
v 0.194288 1.005871 0.118356
v 0.347841 0.966808 0.124222
v 0.347868 0.967143 0.124080
v 0.243214 0.970804 0.060716
v 0.220773 0.988723 0.091018
v 0.199701 1.006054 0.124739
v 0.194379 1.005619 0.118658
v 0.246281 0.975495 0.059976
v 0.244438 0.975587 0.058874
v 0.222127 0.994013 0.088980
v 0.197026 1.010608 0.118414
v 0.195602 1.010402 0.116815
v 0.219953 1.007919 0.147399
v 0.250062 1.010681 0.181054
v 0.277021 0.973084 0.079287
v 0.236272 1.014246 0.162322
v 0.251327 1.015627 0.179149
v 0.259297 0.969498 0.071832
v 0.259706 0.969248 0.071238
v 0.261060 0.974538 0.069200
v 0.260695 0.974961 0.069727
v 0.209308 1.011603 0.130710
v 0.208744 1.011837 0.131276
v 0.384471 0.901306 0.023967
v 0.385025 0.899858 0.021503
v 0.385188 0.899416 0.020606
v 0.362157 0.943823 0.094726
v 0.367010 0.937032 0.083424
v 0.384966 0.899442 0.020489
v 0.371402 0.929581 0.071209
v 0.348138 0.959123 0.118563
v 0.349983 0.959021 0.119646
v 0.265680 0.937294 0.004902
v 0.263371 0.942151 0.012987
v 0.246438 0.967040 0.054378
v 0.246224 0.967453 0.054978
v 0.351839 0.956922 0.116526
v 0.350690 0.958361 0.118868
v 0.350246 0.958941 0.119672
v 0.254120 0.957002 0.037701
v 0.257407 0.952319 0.029909
v 0.378951 0.915187 0.047068
v 0.375674 0.922258 0.058836
v 0.270073 0.926770 -0.012642
v 0.270288 0.926462 -0.013243
v 0.386507 0.904527 0.019220
v 0.386633 0.903968 0.018381
v 0.363651 0.948530 0.092425
v 0.368503 0.941739 0.081123
v 0.384422 0.904521 0.017637
v 0.386410 0.903994 0.018264
v 0.373000 0.934617 0.068747
v 0.344602 0.964224 0.113151
v 0.349619 0.963792 0.116281
v 0.351428 0.963574 0.117421
v 0.267174 0.942001 0.002601
v 0.264865 0.946859 0.010685
v 0.248675 0.970749 0.050445
v 0.247919 0.971708 0.052096
v 0.247668 0.972006 0.052752
v 0.352172 0.963029 0.116585
v 0.351690 0.963493 0.117446
v 0.255614 0.961709 0.035400
v 0.258901 0.957027 0.027608
v 0.380445 0.919894 0.044767
v 0.377168 0.926965 0.056534
v 0.271135 0.932473 -0.013256
v 0.271555 0.931439 -0.014924
v 0.271732 0.931015 -0.015468
v 0.270425 0.927016 -0.013580
v 0.270379 0.926700 -0.013408
v 0.371920 0.929959 0.071165
v 0.350406 0.959588 0.119562
v 0.350274 0.959268 0.119657
v 0.247396 0.971497 0.053092
v 0.247549 0.971792 0.052957
v 0.385436 0.899930 0.020275
v 0.385283 0.899643 0.020424
v 0.271509 0.930433 -0.015250
v 0.271659 0.930732 -0.015379
v 0.261868 0.951732 0.019282
v 0.351491 0.963005 0.117892
v 0.351554 0.963300 0.117685
v 0.246312 0.968081 0.054763
v 0.246270 0.967760 0.054928
v 0.386521 0.903347 0.018605
v 0.386563 0.903675 0.018453
v 0.270537 0.926378 -0.013222
v 0.260794 0.947073 0.021702
v 0.253200 0.966878 0.059539
v 0.246397 0.967489 0.055199
v 0.274016 0.930504 -0.014902
v 0.271981 0.930930 -0.015447
v 0.262392 0.952109 0.019240
v 0.249669 0.971967 0.054105
v 0.247842 0.972041 0.052973
v 0.278990 0.964770 0.075587
v 0.317321 0.961627 0.099414
v 0.329234 0.917525 0.001350
v 0.299650 0.967906 0.085200
v 0.318814 0.966335 0.097113
v 0.288628 0.922123 -0.007014
v 0.288807 0.921822 -0.007691
v 0.262949 0.965866 0.065610
v 0.263233 0.965390 0.064995
v 0.290405 0.926858 -0.010153
v 0.290278 0.927323 -0.009556
v 0.264883 0.970590 0.062453
v 0.264548 0.970902 0.063148
v 0.337766 0.772578 -0.190273
v 0.336438 0.771267 -0.192508
v 0.335951 0.770883 -0.193308
v 0.371172 0.813121 -0.122799
v 0.366851 0.806235 -0.134258
v 0.335722 0.770989 -0.193292
v 0.361474 0.798960 -0.146181
v 0.377622 0.829768 -0.096720
v 0.379614 0.828983 -0.096773
v 0.245667 0.846094 -0.146880
v 0.249673 0.850650 -0.139298
v 0.266167 0.875616 -0.097777
v 0.266447 0.876018 -0.097197
v 0.378756 0.826706 -0.100189
v 0.379549 0.828209 -0.097742
v 0.379809 0.828821 -0.096883
v 0.260195 0.865273 -0.114960
v 0.257169 0.860545 -0.122829
v 0.350061 0.785253 -0.169178
v 0.355958 0.791858 -0.158186
v 0.236494 0.836421 -0.163008
v 0.236246 0.836119 -0.163600
v 0.337880 0.775416 -0.195656
v 0.337358 0.774928 -0.196378
v 0.372626 0.817303 -0.125973
v 0.368305 0.810418 -0.137432
v 0.335401 0.776222 -0.195888
v 0.337129 0.775034 -0.196362
v 0.363029 0.803434 -0.149577
v 0.373598 0.836214 -0.099893
v 0.379064 0.833916 -0.099868
v 0.381021 0.833028 -0.099843
v 0.247121 0.850276 -0.150055
v 0.251127 0.854832 -0.142473
v 0.267026 0.878774 -0.102626
v 0.267609 0.879764 -0.100925
v 0.267854 0.880063 -0.100267
v 0.380991 0.832357 -0.100890
v 0.381215 0.832866 -0.099953
v 0.261649 0.869456 -0.118135
v 0.258623 0.864728 -0.126004
v 0.351515 0.789436 -0.172353
v 0.357412 0.796040 -0.161361
v 0.238817 0.841521 -0.164626
v 0.237936 0.840569 -0.166156
v 0.237653 0.840164 -0.166670
v 0.236352 0.836629 -0.164009
v 0.236307 0.836329 -0.163810
v 0.361977 0.799156 -0.146529
v 0.380083 0.829391 -0.097122
v 0.379927 0.829122 -0.096942
v 0.267658 0.879638 -0.099788
v 0.267801 0.879880 -0.100011
v 0.336135 0.771320 -0.193767
v 0.336002 0.771084 -0.193534
v 0.237408 0.839665 -0.166313
v 0.237552 0.839912 -0.166529
v 0.254868 0.859573 -0.134096
v 0.381138 0.832427 -0.099426
v 0.381173 0.832705 -0.099661
v 0.266603 0.876602 -0.097484
v 0.266555 0.876297 -0.097292
v 0.337190 0.774356 -0.196071
v 0.337248 0.774667 -0.196253
v 0.236427 0.835958 -0.163706
v 0.253822 0.855291 -0.131049
v 0.274167 0.872827 -0.096988
v 0.266712 0.875975 -0.097106
v 0.239587 0.838902 -0.167352
v 0.237833 0.840003 -0.166776
v 0.255377 0.859766 -0.134444
v 0.270131 0.879263 -0.100181
v 0.268119 0.880020 -0.100176
v 0.302278 0.861128 -0.096903
v 0.344041 0.843732 -0.096797
v 0.269127 0.819584 -0.176179
v 0.324614 0.856613 -0.100024
v 0.345495 0.847915 -0.099971
v 0.252591 0.825607 -0.167643
v 0.252278 0.825330 -0.168281
v 0.284727 0.868201 -0.096932
v 0.284473 0.867720 -0.097555
v 0.253833 0.829805 -0.171676
v 0.254198 0.830228 -0.171149
v 0.286080 0.872340 -0.101062
v 0.286283 0.872675 -0.100328
v 0.240026 0.891756 -0.103280
v 0.231451 0.874887 -0.131229
v 0.216453 0.859433 -0.157073
v 0.138889 0.935731 -0.102649
v 0.125349 0.917166 -0.133547
v 0.133741 0.926159 -0.118674
v 0.241492 0.896200 -0.106732
v 0.217970 0.863957 -0.160393
v 0.140538 0.940119 -0.106069
v 0.127014 0.921582 -0.136921
v 0.244513 0.934125 -0.032766
v 0.247299 0.916745 -0.061565
v 0.243185 0.899605 -0.090217
v 0.141426 0.960072 -0.062139
v 0.140663 0.940244 -0.095139
v 0.142788 0.950165 -0.078720
v 0.246119 0.938840 -0.035766
v 0.244787 0.904403 -0.093079
v 0.143205 0.964762 -0.065056
v 0.142439 0.944963 -0.098007
v 0.220940 0.975272 0.035715
v 0.234885 0.959386 0.009402
v 0.242250 0.942536 -0.018767
v 0.127845 0.983703 -0.022810
v 0.140085 0.964900 -0.054104
v 0.135629 0.974613 -0.038032
v 0.222501 0.980270 0.033185
v 0.243753 0.947612 -0.021167
v 0.129549 0.988705 -0.025209
v 0.141767 0.969928 -0.056459
v 0.175043 1.008312 0.090703
v 0.198071 0.995547 0.069584
v 0.215529 0.980793 0.044902
v 0.101448 1.002671 0.008758
v 0.124702 0.986865 -0.017549
v 0.114485 0.995339 -0.003538
v 0.176393 1.013556 0.088581
v 0.216775 0.986101 0.042888
v 0.102896 1.007939 0.006802
v 0.126114 0.992154 -0.019469
v 0.032361 1.044306 0.150607
v 0.065703 1.041546 0.146138
v 0.097169 1.035474 0.135907
v 0.019449 1.023312 0.043110
v 0.056674 1.018239 0.034667
v 0.038538 1.021681 0.040303
v 0.032881 1.049882 0.149038
v 0.097530 1.041067 0.134368
v 0.019952 1.028926 0.041730
v 0.057121 1.023859 0.033296
v -0.049627 1.042384 0.147407
v -0.016432 1.045474 0.152676
v 0.017199 1.045127 0.151972
v -0.027648 1.022187 0.041238
v 0.010736 1.023763 0.043860
v -0.008563 1.023913 0.044017
v -0.049644 1.048004 0.145912
v 0.017021 1.050736 0.150460
v -0.027741 1.027837 0.039918
v 0.010588 1.029408 0.042533
v -0.127561 1.025973 0.120095
v -0.098423 1.034690 0.134729
v -0.066530 1.040258 0.143870
v -0.072402 1.012740 0.025515
v -0.037346 1.020945 0.039171
v -0.055567 1.017709 0.033691
v -0.128125 1.031540 0.118512
v -0.067239 1.045788 0.142224
v -0.073094 1.018319 0.024077
v -0.038088 1.026511 0.037711
v -0.185574 0.999734 0.076426
v -0.163221 1.012704 0.098137
v -0.136274 1.023131 0.115365
v -0.105702 0.997652 0.000405
v -0.077385 1.011091 0.022771
v -0.092703 1.005085 0.012681
v -0.186581 1.005171 0.074627
v -0.137397 1.028509 0.113467
v -0.106873 1.003078 -0.001289
v -0.078594 1.016495 0.021042
v -0.224315 0.966037 0.020345
v -0.210839 0.981920 0.046904
v -0.191405 0.996118 0.070408
v -0.127925 0.978285 -0.031827
v -0.109022 0.995563 -0.003072
v -0.119978 0.987420 -0.016717
v -0.225661 0.971284 0.018228
v -0.192825 1.001289 0.068166
v -0.129452 0.983491 -0.033886
v -0.110573 1.000743 -0.005175
v -0.241193 0.926326 -0.045746
v -0.238308 0.943590 -0.016887
v -0.228663 0.960245 0.010705
v -0.137583 0.955468 -0.069801
v -0.130386 0.974951 -0.037376
v -0.135693 0.965435 -0.053307
v -0.242752 0.931326 -0.048271
v -0.230246 0.965162 0.008041
v -0.139323 0.960399 -0.072319
v -0.132133 0.979852 -0.039942
v -0.231905 0.884738 -0.114959
v -0.240234 0.901529 -0.086889
v -0.241717 0.918894 -0.058115
v -0.132208 0.931581 -0.109557
v -0.137844 0.951199 -0.076906
v -0.136756 0.941315 -0.093449
v -0.233513 0.889463 -0.117944
v -0.243295 0.923536 -0.061236
v -0.133976 0.936205 -0.112583
v -0.139600 0.955795 -0.079980
v -0.144273 0.819320 -0.223833
v -0.170570 0.830162 -0.205663
v -0.191933 0.843602 -0.183422
v -0.081804 0.894023 -0.172063
v -0.109180 0.907970 -0.148851
v -0.096741 0.900410 -0.161526
v -0.145484 0.823561 -0.227623
v -0.193023 0.847786 -0.187306
v -0.083091 0.898123 -0.175963
v -0.110424 0.912051 -0.152783
v -0.076108 0.800768 -0.254709
v -0.107697 0.806836 -0.244483
v -0.136105 0.816172 -0.229072
v -0.042629 0.883383 -0.189771
v -0.077090 0.892231 -0.175046
v -0.060666 0.887051 -0.183760
v -0.076926 0.804842 -0.258777
v -0.136774 0.820211 -0.233198
v -0.043467 0.887308 -0.193962
v -0.077877 0.896144 -0.179256
v 0.000521 0.794102 -0.265803
v -0.033204 0.794740 -0.264616
v -0.065838 0.799000 -0.257651
v 0.001398 0.879573 -0.196112
v -0.036719 0.882387 -0.191429
v -0.017939 0.880134 -0.195272
v 0.000183 0.798079 -0.270032
v -0.066016 0.802969 -0.261893
v 0.001096 0.883403 -0.200461
v -0.036964 0.886214 -0.195782
v 0.081063 0.800831 -0.254604
v 0.048781 0.795700 -0.263018
v 0.015280 0.794180 -0.265674
v 0.047659 0.883459 -0.189645
v 0.009874 0.879638 -0.196003
v 0.029072 0.880705 -0.194321
v 0.081263 0.804796 -0.258853
v 0.015638 0.798164 -0.269890
v 0.047953 0.887288 -0.193995
v 0.010223 0.883475 -0.200340
v 0.153313 0.821083 -0.220898
v 0.126146 0.810712 -0.238033
v 0.095569 0.803545 -0.250088
v 0.089144 0.895111 -0.170252
v 0.055976 0.885037 -0.187018
v 0.073419 0.889333 -0.179961
v 0.154034 0.825130 -0.225012
v 0.096426 0.807636 -0.254126
v 0.090006 0.899043 -0.174432
v 0.056885 0.888985 -0.191171
v 0.253288 0.719855 -0.278451
v 0.295632 0.741961 -0.241228
v 0.331591 0.767268 -0.199541
v 0.178478 0.800114 -0.223641
v 0.232433 0.832785 -0.169268
v 0.207249 0.815551 -0.197712
v 0.254398 0.723547 -0.281770
v 0.296821 0.745915 -0.244783
v 0.332701 0.770960 -0.202861
v 0.179588 0.803806 -0.226961
v 0.233543 0.836477 -0.172587
v 0.208438 0.819505 -0.201267
v 0.249636 0.826080 -0.177522
v 0.141910 0.685286 -0.335982
v 0.196147 0.698969 -0.312779
v 0.246157 0.716778 -0.283571
v 0.100349 0.775695 -0.264281
v 0.172181 0.797396 -0.228166
v 0.137452 0.785387 -0.247914
v 0.142648 0.688817 -0.339570
v 0.196937 0.702750 -0.316622
v 0.246895 0.720309 -0.287159
v 0.101087 0.779226 -0.267869
v 0.172919 0.800926 -0.231754
v 0.138241 0.789168 -0.251756
v 0.184959 0.788075 -0.240772
v 0.018083 0.671609 -0.358745
v 0.078096 0.675594 -0.351681
v 0.136438 0.684207 -0.337779
v 0.013383 0.765944 -0.280510
v 0.094936 0.774625 -0.266062
v 0.054627 0.768986 -0.275209
v 0.018378 0.675052 -0.362479
v 0.078412 0.679282 -0.355680
v 0.136733 0.687650 -0.341513
v 0.013678 0.769387 -0.284243
v 0.095232 0.778068 -0.269795
v 0.054943 0.772673 -0.279208
v 0.102031 0.763619 -0.281475
v -0.218856 0.706128 -0.301297
v -0.168868 0.691179 -0.325744
v -0.115211 0.680510 -0.343932
v -0.153320 0.789945 -0.240567
v -0.081901 0.772293 -0.269944
v -0.118644 0.779918 -0.257015
v -0.219487 0.709629 -0.304933
v -0.169543 0.694929 -0.329639
v -0.115841 0.684011 -0.347569
v -0.153950 0.793446 -0.244203
v -0.082532 0.775794 -0.273581
v -0.119319 0.783668 -0.260910
v -0.087841 0.761095 -0.285675
v -0.307483 0.749101 -0.229778
v -0.270391 0.727502 -0.265293
v -0.227442 0.709393 -0.295862
v -0.215803 0.820060 -0.190446
v -0.160649 0.792700 -0.235982
v -0.189874 0.805401 -0.214604
v -0.308494 0.752738 -0.233188
v -0.271474 0.731397 -0.268945
v -0.228453 0.713030 -0.299272
v -0.216814 0.823698 -0.193856
v -0.161660 0.796337 -0.239392
v -0.190957 0.809297 -0.218256
v -0.172402 0.782998 -0.249222
v -0.368115 0.805667 -0.135636
v -0.343249 0.777037 -0.182851
v -0.310956 0.750823 -0.226911
v -0.258597 0.859726 -0.124431
v -0.219210 0.821936 -0.187324
v -0.240993 0.840155 -0.156764
v -0.369399 0.809490 -0.138737
v -0.344624 0.781132 -0.186173
v -0.312240 0.754646 -0.230012
v -0.259881 0.863549 -0.127532
v -0.220494 0.825759 -0.190425
v -0.242368 0.844249 -0.160086
v -0.235288 0.814381 -0.196992
v -0.389977 0.870233 -0.028180
v -0.384240 0.838993 -0.079739
v -0.370199 0.808827 -0.130377
v -0.274234 0.905078 -0.048953
v -0.260605 0.862765 -0.119373
v -0.269754 0.883623 -0.084421
v -0.391414 0.874288 -0.030894
v -0.385779 0.843336 -0.082647
v -0.371636 0.812882 -0.133091
v -0.275671 0.909133 -0.051668
v -0.262042 0.866820 -0.122087
v -0.271293 0.887966 -0.087329
v -0.279750 0.858215 -0.124040
v -0.309844 0.993820 0.177504
v -0.342358 0.967317 0.133827
v -0.367495 0.939113 0.086456
v -0.218439 0.992023 0.095748
v -0.258163 0.954326 0.033010
v -0.240374 0.973655 0.065418
v -0.311125 0.998356 0.175589
v -0.343730 0.972175 0.131776
v -0.368776 0.943649 0.084542
v -0.219720 0.996559 0.093833
v -0.259444 0.958862 0.031096
v -0.241746 0.978513 0.063367
v -0.277167 0.956524 0.039573
v -0.215668 1.039136 0.252922
v -0.263077 1.019540 0.220740
v -0.304831 0.997117 0.182990
v -0.152445 1.023976 0.148926
v -0.213883 0.995021 0.100738
v -0.184752 1.010296 0.126397
v -0.216652 1.043868 0.251333
v -0.264130 1.024607 0.219038
v -0.305815 1.001848 0.181401
v -0.153429 1.028707 0.147337
v -0.214867 0.999753 0.099149
v -0.185805 1.015363 0.124696
v -0.229640 1.000223 0.112301
v -0.098112 1.066114 0.297821
v -0.155212 1.055536 0.280648
v -0.208998 1.041358 0.256620
v -0.069942 1.043067 0.180699
v -0.146349 1.026008 0.152309
v -0.109075 1.035552 0.168431
v -0.098692 1.070981 0.296456
v -0.155833 1.060748 0.279187
v -0.209578 1.046224 0.255255
v -0.070521 1.047933 0.179335
v -0.146928 1.030875 0.150944
v -0.109696 1.040764 0.166969
v -0.157142 1.033501 0.167684
v 0.160708 1.054497 0.278486
v 0.103631 1.064727 0.295944
v 0.044268 1.071169 0.306234
v 0.112002 1.035192 0.167594
v 0.031768 1.046680 0.186713
v 0.072529 1.042002 0.179166
v 0.161098 1.059398 0.277179
v 0.104049 1.069976 0.294545
v 0.044658 1.076070 0.304927
v 0.112392 1.040093 0.166287
v 0.032158 1.051581 0.185406
v 0.072947 1.047252 0.177767
v 0.034093 1.055716 0.204656
v 0.267981 1.017183 0.216385
v 0.220689 1.036473 0.248922
v 0.168585 1.052592 0.275316
v 0.187549 1.009088 0.124149
v 0.119059 1.033487 0.164756
v 0.154659 1.022180 0.146177
v 0.268810 1.021978 0.214902
v 0.221577 1.041609 0.247333
v 0.169414 1.057387 0.273833
v 0.188378 1.013884 0.122666
v 0.119888 1.038282 0.163273
v 0.155547 1.027316 0.144589
v 0.127823 1.041560 0.181097
v 0.346661 0.962731 0.125762
v 0.314694 0.989030 0.169963
v 0.275888 1.013187 0.209735
v 0.243074 0.970908 0.060607
v 0.194307 1.005676 0.118470
v 0.220614 0.988895 0.090781
v 0.347842 0.967348 0.123983
v 0.315959 0.993975 0.168057
v 0.277069 1.017804 0.207956
v 0.244255 0.975526 0.058828
v 0.195488 1.010293 0.116691
v 0.221879 0.993840 0.088875
v 0.208628 1.011708 0.131414
v 0.385151 0.899489 0.020511
v 0.371691 0.929708 0.071235
v 0.350170 0.959070 0.119670
v 0.270391 0.926506 -0.013290
v 0.246287 0.967561 0.055037
v 0.260606 0.947275 0.021514
v 0.386546 0.903884 0.018362
v 0.373185 0.934415 0.068933
v 0.351565 0.963465 0.117521
v 0.271786 0.930902 -0.015439
v 0.247681 0.971956 0.052888
v 0.262099 0.951983 0.019213
v 0.264454 0.970790 0.063316
v 0.335895 0.770973 -0.193376
v 0.361755 0.798985 -0.146325
v 0.379789 0.828968 -0.096857
v 0.236317 0.836132 -0.163698
v 0.266562 0.876094 -0.097190
v 0.253639 0.855560 -0.131126
v 0.337253 0.774878 -0.196340
v 0.363209 0.803168 -0.149499
v 0.381147 0.832873 -0.099821
v 0.237675 0.840037 -0.166662
v 0.267920 0.879999 -0.100154
v 0.255093 0.859742 -0.134301
v 0.286263 0.872584 -0.100126
f 2390 2393 2422
f 2422 5092 5044
f 5044 5045 2390
f 2422 5044 2390
f 5062 6022 5036
f 2349 2335 5070
f 5061 5062 5036
f 2349 5070 5061
f 5061 5036 2349
f 2307 5079 5020
f 5020 2367 2405
f 5020 2405 2402
f 2305 2307 5020
f 5094 2308 2305
f 5020 2402 2404
f 2404 5094 2305
f 5020 2404 2305
f 2308 5094 5093
f 5093 2303 2305
f 2308 5093 2305
f 2392 2385 2323
f 2325 2329 2392
f 2323 2325 2392
f 2425 2347 5045
f 5045 5044 5092
f 5092 5091 6031
f 6031 5086 2425
f 2425 5045 5092
f 5092 6031 2425
f 5070 5071 6028
f 6028 5060 2321
f 2321 5084 2358
f 2358 5061 5070
f 5070 6028 2321
f 2321 2358 5070
f 2421 2423 5098
f 5098 6031 5091
f 5098 5091 2421
f 2424 2345 2347
f 2424 2347 2425
f 5038 2363 5068
f 5038 5068 5077
f 5078 6025 5038
f 5077 5078 5038
f 2354 2352 5052
f 5052 5053 2339
f 2339 2353 2354
f 5052 2339 2354
f 5080 2317 2376
f 5080 2376 5021
f 5049 2329 2325
f 2325 2323 5054
f 2325 5054 5049
f 5063 6026 5040
f 5063 5040 2361
f 2374 2315 2309
f 2309 2368 2369
f 2309 2369 2374
f 2382 2322 2332
f 2332 2331 2394
f 2332 2394 2382
f 5028 2374 2369
f 2369 2368 5018
f 2369 5018 5028
f 2362 5037 5056
f 2362 5056 2350
f 2361 5040 5039
f 2361 5039 2360
f 5089 5088 2411
f 2407 2410 5089
f 2411 2407 5089
f 2311 2408 2411
f 2311 2411 2312
f 2412 2415 5096
f 5096 2318 2320
f 2320 2322 2382
f 2382 2379 2378
f 2378 2381 2413
f 2413 2412 5096
f 5096 2320 2382
f 2382 2378 2413
f 5096 2382 2413
f 2388 2392 2329
f 2329 2327 2326
f 2326 5097 2420
f 2420 2418 2419
f 2419 2389 2387
f 2387 2388 2329
f 2329 2326 2420
f 2419 2387 2329
f 2329 2420 2419
f 2386 2324 2323
f 2386 2323 2385
f 2341 5026 5027
f 5027 2355 2340
f 2340 2342 2341
f 5027 2340 2341
f 2351 2350 5056
f 2351 5056 5057
f 5064 5073 2346
f 5064 2346 2356
f 5063 2351 5057
f 5063 5057 6026
f 6024 5072 2344
f 6024 2344 5025
f 2343 2334 5035
f 2343 5035 5024
f 5025 2344 2343
f 5025 2343 5024
f 5018 2360 2352
f 2352 5029 5028
f 2352 5028 5018
f 2313 2315 2374
f 2374 2372 2409
f 2409 2406 2408
f 2408 2311 2313
f 2313 2374 2409
f 2409 2408 2313
f 5056 5037 2379
f 2379 2382 2394
f 2379 2394 5056
f 5068 2398 2396
f 5068 2396 5077
f 2349 5036 5035
f 5035 2334 2336
f 2336 2335 2349
f 2349 5035 2336
f 2395 2333 5085
f 2395 5085 5043
f 5066 5075 2428
f 5066 2428 2426
f 2303 2304 2307
f 2303 2307 2305
f 2304 5035 5036
f 2304 5036 2307
f 2307 5036 6022
f 2307 6022 5079
f 2313 5026 5031
f 5031 2309 2315
f 5031 2315 2313
f 2309 5031 5032
f 2309 5032 2310
f 2310 5032 6024
f 2310 6024 5080
f 2311 2312 2314
f 2311 2314 2313
f 2313 2314 5027
f 2313 5027 5026
f 2314 5082 6023
f 2314 6023 5027
f 2316 2317 5025
f 2316 5025 5024
f 2317 5080 6024
f 2317 6024 5025
f 2316 5024 5035
f 5035 2304 2306
f 5035 2306 2316
f 2318 2319 2321
f 2318 2321 2320
f 2320 2321 5060
f 2320 5060 5059
f 2319 5083 5084
f 2319 5084 2321
f 2320 5059 5058
f 2320 5058 2322
f 2323 2324 5055
f 2323 5055 5054
f 2324 5085 6030
f 2324 6030 5055
f 2327 2329 5049
f 2327 5049 5050
f 2326 2327 2330
f 2326 2330 2328
f 2328 2330 5087
f 2328 5087 5086
f 2327 5050 5051
f 2327 5051 2330
f 2330 5051 6029
f 2330 6029 5087
f 2386 5043 5085
f 2386 5085 2324
f 2331 5047 5048
f 2331 5048 2333
f 2333 5048 6030
f 2333 6030 5085
f 2335 2336 5071
f 2335 5071 5070
f 2334 5059 5060
f 2334 5060 2336
f 2336 5060 6028
f 2336 6028 5071
f 5050 5049 5054
f 5054 2337 2341
f 5054 2341 5050
f 2337 5054 5055
f 2337 5055 2338
f 2338 5055 6030
f 2338 6030 5072
f 2341 2342 5051
f 2341 5051 5050
f 2340 5066 5067
f 2340 5067 2342
f 2342 5067 6029
f 2342 6029 5051
f 2343 2344 5048
f 2343 5048 5047
f 2344 5072 6030
f 2344 6030 5048
f 2343 5047 5058
f 5058 5059 2334
f 5058 2334 2343
f 2345 2346 2348
f 2345 2348 2347
f 2347 2348 5046
f 2347 5046 5045
f 2346 5073 5074
f 2346 5074 2348
f 2348 5074 6027
f 2348 6027 5046
f 2309 2310 2370
f 2309 2370 2368
f 5026 2341 2337
f 5026 2337 5031
f 2350 2351 5034
f 2350 5034 5033
f 2351 5063 6020
f 2351 6020 5034
f 5032 2338 5072
f 5032 5072 6024
f 2352 2354 5030
f 2352 5030 5029
f 2353 5064 5065
f 2353 5065 2354
f 2354 5065 6021
f 2354 6021 5030
f 2356 2357 5065
f 2356 5065 5064
f 5023 2357 2429
f 2429 5082 5081
f 5088 5089 5022
f 2429 5081 5088
f 5022 5023 2429
f 2429 5088 5022
f 2357 5023 6021
f 2357 6021 5065
f 2358 2359 5062
f 2358 5062 5061
f 2359 5079 6022
f 2359 6022 5062
f 2360 5018 5019
f 2360 5019 2361
f 2361 5019 6020
f 2361 6020 5063
f 2363 2364 5069
f 2363 5069 5068
f 2362 5016 5017
f 2362 5017 2364
f 2364 5017 6019
f 2364 6019 5069
f 2365 5016 5015
f 2365 5015 2366
f 2365 2367 5017
f 2365 5017 5016
f 2367 5020 6019
f 2367 6019 5017
f 2397 5083 5090
f 5090 5041 5042
f 5090 5042 2397
f 2368 2370 5019
f 2368 5019 5018
f 2370 5021 6020
f 2370 6020 5019
f 2371 2373 5023
f 2371 5023 5022
f 2372 5029 5030
f 2372 5030 2373
f 2373 5030 6021
f 2373 6021 5023
f 2372 2374 5028
f 2372 5028 5029
f 2375 5033 5034
f 2375 5034 2376
f 2376 5034 6020
f 2376 6020 5021
f 2378 2379 2383
f 2378 2383 2380
f 2380 2383 5042
f 2380 5042 5041
f 2379 5037 5038
f 2379 5038 2383
f 2383 5038 6025
f 2383 6025 5042
f 2378 2380 2384
f 2378 2384 2381
f 2385 5039 5040
f 2385 5040 2386
f 2386 5040 6026
f 2386 6026 5043
f 2387 2390 2391
f 2387 2391 2388
f 2388 2391 5053
f 2388 5053 5052
f 2390 5045 5046
f 2390 5046 2391
f 2391 5046 6027
f 2391 6027 5053
f 2387 2389 2393
f 2387 2393 2390
f 2394 2395 5057
f 2394 5057 5056
f 2395 5043 6026
f 2395 6026 5057
f 2396 2397 5078
f 2396 5078 5077
f 2397 5042 6025
f 2397 6025 5078
f 2400 2401 2404
f 2400 2404 2402
f 2401 5093 5094
f 2401 5094 2404
f 2400 2402 2405
f 2400 2405 2403
f 2365 2403 2405
f 2365 2405 2367
f 2406 2409 2410
f 2406 2410 2407
f 2371 2410 2409
f 2409 2372 2373
f 2371 2409 2373
f 2406 2407 2411
f 2406 2411 2408
f 2412 2413 2416
f 2412 2416 2414
f 2412 2414 2417
f 2412 2417 2415
f 2415 2417 5095
f 2415 5095 5096
f 2418 2421 2422
f 2418 2422 2419
f 2421 5091 5092
f 2421 5092 2422
f 2418 2420 2423
f 2418 2423 2421
f 2420 5097 5098
f 2420 5098 2423
f 2424 2425 2427
f 2424 2427 2426
f 2425 5086 5087
f 2425 5087 2427
f 2357 2356 2424
f 2424 2426 2428
f 2428 2429 2357
f 2424 2428 2357
f 2428 5075 5076
f 2428 5076 2429
f 2429 5076 6023
f 2429 6023 5082
f 2376 2317 2316
f 2376 2316 2375
f 2328 5098 5097
f 2328 5097 2326
f 5031 2337 2338
f 5031 2338 5032
f 2304 2303 5093
f 5093 2401 2400
f 2403 2365 2366
f 5093 2400 2403
f 2306 2304 5093
f 2403 2366 2306
f 5093 2403 2306
f 2356 2346 2345
f 2356 2345 2424
f 5016 2362 2350
f 2350 5033 5015
f 2350 5015 5016
f 2375 2316 2306
f 2306 2366 2377
f 2306 2377 2375
f 2419 2422 2393
f 2419 2393 2389
f 2399 5020 5079
f 2399 5079 2359
f 5041 5090 2417
f 2417 2414 2416
f 2416 2384 2380
f 2380 5041 2417
f 2417 2416 2380
f 5022 5089 2410
f 5022 2410 2371
f 5095 2417 5090
f 5090 5083 2319
f 5090 2319 5095
f 2314 2312 2411
f 2411 5088 5081
f 5081 5082 2314
f 2411 5081 2314
f 5073 2339 5053
f 5053 6027 5074
f 5053 5074 5073
f 2318 5096 5095
f 2318 5095 2319
f 2413 2381 2384
f 2413 2384 2416
f 5052 5039 2385
f 2385 2392 2388
f 2385 2388 5052
f 2394 2331 2333
f 2394 2333 2395
f 2377 2366 5015
f 5015 5033 2375
f 2377 5015 2375
f 2339 5073 5064
f 2339 5064 2353
f 2360 5039 5052
f 2360 5052 2352
f 2398 2399 2359
f 2359 2358 5084
f 5084 5083 2397
f 2397 2396 2398
f 2398 2359 5084
f 5084 2397 2398
f 5068 5069 6019
f 6019 5020 2399
f 2399 2398 5068
f 6019 2399 5068
f 5066 2340 2355
f 5066 2355 5075
f 6031 5098 2328
f 6031 2328 5086
f 2331 2332 2322
f 2322 5058 5047
f 2322 5047 2331
f 5080 5021 2370
f 5080 2370 2310
f 5075 2355 5027
f 5027 6023 5076
f 5027 5076 5075
f 2364 2363 5038
f 5038 5037 2362
f 5038 2362 2364
f 2426 2427 5087
f 5087 6029 5067
f 5067 5066 2426
f 5087 5067 2426
f 178 168 172
f 178 172 179
f 189 184 3585
f 3585 106 110
f 3585 110 189
f 127 3543 3542
f 127 3542 125
f 142 3532 3533
f 142 3533 140
f 140 3533 3534
f 140 3534 143
f 150 149 3536
f 3536 3537 148
f 3536 148 150
f 3569 5794 3551
f 158 159 3570
f 3569 3551 158
f 158 3570 3569
f 161 3522 3521
f 161 3521 165
f 139 118 122
f 139 122 142
f 96 100 101
f 96 101 97
f 97 101 3583
f 97 3583 3582
f 96 97 102
f 96 102 98
f 96 98 103
f 96 103 99
f 99 103 3579
f 99 3579 3580
f 96 99 104
f 96 104 100
f 99 3580 3581
f 99 3581 104
f 105 109 110
f 105 110 106
f 105 106 111
f 105 111 107
f 106 3585 3584
f 106 3584 111
f 105 107 112
f 105 112 108
f 108 112 3576
f 108 3576 3577
f 105 108 113
f 105 113 109
f 108 3577 3578
f 108 3578 113
f 114 118 119
f 114 119 115
f 115 119 3578
f 115 3578 3577
f 114 115 120
f 114 120 116
f 115 3577 3576
f 115 3576 120
f 114 116 121
f 114 121 117
f 117 121 3566
f 117 3566 3565
f 121 3573 5800
f 121 5800 3566
f 114 117 122
f 114 122 118
f 117 3565 122
f 123 124 127
f 123 127 125
f 124 3574 3575
f 124 3575 127
f 123 125 128
f 123 128 126
f 143 3534 5796
f 143 5796 3575
f 129 133 134
f 129 134 130
f 130 134 3581
f 130 3581 3580
f 101 100 104
f 3581 134 133
f 101 104 3581
f 3554 174 3583
f 101 3581 133
f 3554 3583 101
f 133 3530 3554
f 133 3554 101
f 129 130 135
f 129 135 131
f 130 3580 3579
f 130 3579 135
f 129 131 136
f 129 136 132
f 132 136 3561
f 129 132 137
f 129 137 133
f 132 3561 3562
f 132 3562 137
f 137 3562 5799
f 137 5799 3531
f 138 139 142
f 138 142 140
f 138 140 143
f 138 143 141
f 141 143 3575
f 141 3575 3574
f 131 126 128
f 131 128 136
f 144 3565 3566
f 144 3566 145
f 145 3566 5800
f 145 5800 3567
f 147 3568 5798
f 147 5798 3564
f 141 163 160
f 141 160 138
f 102 173 168
f 168 178 126
f 126 131 135
f 3579 103 102
f 126 135 3579
f 102 168 126
f 102 126 3579
f 149 150 3562
f 149 3562 3561
f 148 3569 3570
f 148 3570 150
f 150 3570 5799
f 150 5799 3562
f 151 3567 5800
f 151 5800 3573
f 153 154 3556
f 153 3556 3555
f 152 3571 3572
f 152 3572 154
f 154 3572 5797
f 154 5797 3556
f 156 3553 5797
f 156 5797 3572
f 159 3531 5799
f 159 5799 3570
f 160 163 164
f 160 164 161
f 5792 3523 164
f 5792 164 3560
f 163 3559 3560
f 163 3560 164
f 160 161 165
f 160 165 162
f 180 3540 5792
f 180 5792 3560
f 179 3538 3539
f 179 3539 176
f 185 162 165
f 185 165 186
f 166 170 171
f 166 171 167
f 167 171 3553
f 167 3553 3552
f 170 3555 3556
f 170 3556 171
f 171 3556 5797
f 171 5797 3553
f 166 167 172
f 166 172 168
f 166 168 173
f 166 173 169
f 166 169 174
f 166 174 170
f 170 174 3554
f 170 3554 3555
f 169 3582 3583
f 169 3583 174
f 175 178 179
f 175 179 176
f 176 3539 3540
f 176 3540 180
f 175 176 180
f 175 180 177
f 177 180 3560
f 177 3560 3559
f 181 185 186
f 181 186 182
f 181 182 187
f 181 187 183
f 183 187 3558
f 183 3558 3557
f 182 3563 3564
f 182 3564 187
f 187 3564 5798
f 187 5798 3558
f 181 183 188
f 181 188 184
f 184 188 3584
f 184 3584 3585
f 181 184 189
f 181 189 185
f 3557 3558 190
f 190 3558 5798
f 190 5798 3568
f 159 158 3551
f 3551 3527 153
f 157 3530 133
f 3551 153 157
f 3531 159 3551
f 133 137 3531
f 3551 157 133
f 3551 133 3531
f 3529 3544 151
f 3573 121 116
f 3529 151 3573
f 3557 190 3529
f 3573 116 3557
f 3573 3557 3529
f 3571 5791 3526
f 3526 155 156
f 156 3572 3571
f 3526 156 3571
f 145 3550 3549
f 145 3549 144
f 3548 3532 142
f 142 122 3565
f 3565 144 3549
f 3549 3548 142
f 142 3565 3549
f 3555 3554 3530
f 3530 157 153
f 3530 153 3555
f 183 3557 116
f 116 120 3576
f 112 107 111
f 116 3576 112
f 188 183 116
f 112 111 3584
f 3584 188 116
f 116 112 3584
f 3559 3574 124
f 3559 124 177
f 177 124 123
f 177 123 175
f 126 178 175
f 126 175 123
f 5793 3529 190
f 5793 190 3568
f 162 139 138
f 162 138 160
f 154 153 3527
f 3527 3528 152
f 3527 152 154
f 3575 5796 3543
f 3575 3543 127
f 125 3542 3541
f 125 3541 128
f 3521 3545 3546
f 3563 182 186
f 3521 3546 3563
f 186 165 3521
f 3563 186 3521
f 163 141 3574
f 163 3574 3559
f 3567 5795 3550
f 3567 3550 145
f 118 139 162
f 162 185 189
f 110 109 113
f 162 189 110
f 119 118 162
f 113 3578 119
f 162 110 113
f 162 113 119
f 136 128 3541
f 3535 3536 149
f 136 3541 3535
f 149 3561 136
f 3535 149 136
f 148 3537 5794
f 148 5794 3569
f 151 3544 5795
f 151 5795 3567
f 3547 146 147
f 147 3564 3563
f 3563 3546 3547
f 147 3563 3547
f 3582 169 173
f 173 102 97
f 173 97 3582
f 152 3528 5791
f 152 5791 3571
f 147 146 3547
f 3547 5793 3568
f 3547 3568 147
f 3552 3525 3524
f 3524 3538 179
f 179 172 167
f 167 3552 3524
f 3524 179 167
f 3525 3552 3553
f 156 155 3526
f 3525 3553 156
f 156 3526 3525
f 164 3523 3522
f 164 3522 161
f 235 3598 3599
f 235 3599 238
f 255 233 236
f 255 236 258
f 3590 3617 3618
f 251 250 3591
f 3590 3618 251
f 251 3591 3590
f 5802 3588 259
f 5802 259 3625
f 278 3622 211
f 211 215 3641
f 207 202 206
f 211 3641 207
f 283 278 211
f 3649 283 211
f 211 207 206
f 211 206 3649
f 3640 5806 3608
f 3640 3608 222
f 271 3604 3605
f 271 3605 275
f 256 3587 3586
f 256 3586 260
f 191 195 196
f 191 196 192
f 192 196 3648
f 192 3648 3647
f 191 192 197
f 191 197 193
f 191 193 198
f 191 198 194
f 194 198 3644
f 194 3644 3645
f 191 194 199
f 191 199 195
f 194 3645 3646
f 194 3646 199
f 200 204 205
f 200 205 201
f 200 201 206
f 200 206 202
f 201 3650 3649
f 201 3649 206
f 200 202 207
f 200 207 203
f 203 207 3641
f 203 3641 3642
f 200 203 208
f 200 208 204
f 203 3642 3643
f 203 3643 208
f 280 257 260
f 280 260 281
f 209 213 214
f 209 214 210
f 210 214 3643
f 210 3643 3642
f 209 210 215
f 209 215 211
f 210 3642 3641
f 210 3641 215
f 209 211 216
f 209 216 212
f 212 216 3631
f 212 3631 3630
f 216 3638 5810
f 216 5810 3631
f 209 212 217
f 209 217 213
f 212 3630 217
f 218 219 222
f 218 222 220
f 219 3639 3640
f 219 3640 222
f 218 220 223
f 218 223 221
f 224 228 229
f 224 229 225
f 225 229 3646
f 225 3646 3645
f 196 195 199
f 199 3646 229
f 229 228 3595
f 3595 3619 269
f 199 229 3595
f 269 196 199
f 199 3595 269
f 224 225 230
f 224 230 226
f 225 3645 3644
f 225 3644 230
f 224 226 231
f 224 231 227
f 227 231 3626
f 224 227 232
f 224 232 228
f 227 3626 3627
f 227 3627 232
f 232 3627 5809
f 232 5809 3596
f 3639 3624 258
f 3639 258 236
f 233 234 237
f 233 237 235
f 238 3599 5806
f 238 5806 3640
f 233 235 238
f 233 238 236
f 236 238 3640
f 236 3640 3639
f 237 3597 3598
f 237 3598 235
f 220 3607 3606
f 220 3606 223
f 239 3630 3631
f 239 3631 240
f 240 3631 5810
f 240 5810 3632
f 242 3633 5808
f 242 5808 3629
f 257 234 233
f 257 233 255
f 244 245 3627
f 244 3627 3626
f 243 3634 3635
f 243 3635 245
f 245 3635 5809
f 245 5809 3627
f 246 3632 5810
f 246 5810 3638
f 234 213 217
f 234 217 237
f 248 249 3621
f 248 3621 3620
f 247 3636 3637
f 247 3637 249
f 249 3637 5807
f 249 5807 3621
f 251 3618 5807
f 251 5807 3637
f 259 3588 3587
f 259 3587 256
f 254 3596 5809
f 254 5809 3635
f 255 258 259
f 255 259 256
f 258 3624 3625
f 258 3625 259
f 255 256 260
f 255 260 257
f 274 3603 3604
f 274 3604 271
f 261 265 266
f 261 266 262
f 262 266 3618
f 262 3618 3617
f 265 3620 3621
f 265 3621 266
f 266 3621 5807
f 266 5807 3618
f 261 262 267
f 261 267 263
f 261 263 268
f 261 268 264
f 261 264 269
f 261 269 265
f 265 269 3619
f 265 3619 3620
f 264 3647 3648
f 264 3648 269
f 270 273 274
f 270 274 271
f 270 271 275
f 270 275 272
f 272 275 3625
f 272 3625 3624
f 276 280 281
f 276 281 277
f 276 277 282
f 276 282 278
f 278 282 3623
f 278 3623 3622
f 277 3628 3629
f 277 3629 282
f 282 3629 5808
f 282 5808 3623
f 276 278 283
f 276 283 279
f 279 283 3649
f 279 3649 3650
f 276 279 284
f 276 284 280
f 3622 3623 285
f 285 3623 5808
f 285 5808 3633
f 3617 3590 3589
f 3589 3603 274
f 274 267 262
f 262 3617 3589
f 3589 274 262
f 263 273 221
f 221 226 230
f 230 3644 198
f 230 198 193
f 263 221 230
f 197 268 263
f 263 230 193
f 193 197 263
f 270 272 219
f 270 219 218
f 222 3608 3607
f 222 3607 220
f 275 3605 5802
f 275 5802 3625
f 3632 5805 3615
f 3632 3615 240
f 273 263 267
f 273 267 274
f 3624 3639 219
f 3624 219 272
f 3586 3610 3611
f 3628 277 281
f 3586 3611 3628
f 281 260 3586
f 3628 281 3586
f 3612 241 242
f 242 3629 3628
f 3628 3611 3612
f 242 3628 3612
f 3647 264 268
f 268 197 192
f 268 192 3647
f 273 270 218
f 273 218 221
f 213 234 257
f 257 280 284
f 257 284 205
f 214 213 257
f 205 208 3643
f 3643 214 257
f 257 205 3643
f 3597 237 217
f 217 3630 239
f 239 3614 3613
f 3613 3597 217
f 217 239 3613
f 242 241 3612
f 3612 5803 3633
f 3612 3633 242
f 249 248 3592
f 3592 3593 247
f 3592 247 249
f 247 3593 5801
f 247 5801 3636
f 5803 3594 285
f 5803 285 3633
f 3634 5804 3616
f 253 254 3635
f 3634 3616 253
f 253 3635 3634
f 226 221 223
f 226 223 231
f 3594 3609 246
f 3638 216 211
f 3594 246 3638
f 3622 285 3594
f 3638 211 3622
f 3638 3622 3594
f 240 3615 3614
f 240 3614 239
f 3636 5801 3591
f 3591 250 251
f 251 3637 3636
f 3591 251 3636
f 245 244 3601
f 3601 3602 243
f 3601 243 245
f 246 3609 5805
f 246 5805 3632
f 3620 3619 3595
f 3595 252 248
f 3595 248 3620
f 284 279 3650
f 3650 201 205
f 3650 205 284
f 231 223 3606
f 3600 3601 244
f 231 3606 3600
f 244 3626 231
f 3600 244 231
f 243 3602 5804
f 243 5804 3634
f 254 253 3616
f 3616 3592 248
f 252 3595 228
f 3616 248 252
f 3596 254 3616
f 228 232 3596
f 3616 252 228
f 3616 228 3596
f 4671 4730 1836
f 4671 1836 1876
f 4713 5970 4687
f 1826 1811 4721
f 4712 4713 4687
f 1826 4721 4712
f 4712 4687 1826
f 1794 4749 4748
f 1794 4748 1795
f 1839 4688 4707
f 1839 4707 1827
f 1890 1858 1861
f 1890 1861 1893
f 1822 1821 1901
f 1822 1901 1833
f 5979 4751 1804
f 5979 1804 4737
f 1807 1808 1798
f 1798 4709 4698
f 1798 4698 1807
f 4736 1800 1863
f 4736 1863 4694
f 1779 1778 4744
f 4744 1878 1877
f 1880 1842 1843
f 4744 1877 1880
f 1781 1779 4744
f 1880 1843 1781
f 4744 1880 1781
f 4736 4694 1872
f 4736 1872 1809
f 4708 5974 4714
f 4708 4714 1828
f 1778 1779 1782
f 1778 1782 1780
f 1779 4686 4687
f 1779 4687 1782
f 1782 4687 5970
f 1782 5970 4730
f 1788 4677 4682
f 4682 1784 1791
f 4682 1791 1788
f 1784 4682 4683
f 1784 4683 1785
f 1785 4683 5972
f 1785 5972 4731
f 1786 1787 1790
f 1786 1790 1788
f 1788 1790 4678
f 1788 4678 4677
f 1790 4733 5971
f 1790 5971 4678
f 1792 1793 4676
f 1792 4676 4675
f 1793 4731 5972
f 1793 5972 4676
f 1792 4675 4686
f 4686 1779 1781
f 4686 1781 1792
f 1794 1795 1797
f 1794 1797 1796
f 1796 1797 4711
f 1796 4711 4710
f 1795 4734 4735
f 1795 4735 1797
f 1796 4710 4709
f 1796 4709 1798
f 1871 1807 1809
f 1871 1809 1872
f 1799 1800 4706
f 1799 4706 4705
f 1800 4736 5978
f 1800 5978 4706
f 1803 1805 4700
f 1803 4700 4701
f 1802 1803 1806
f 1802 1806 1804
f 1804 1806 4738
f 1804 4738 4737
f 1803 4701 4702
f 1803 4702 1806
f 1806 4702 5977
f 1806 5977 4738
f 1807 4698 4699
f 1807 4699 1809
f 1809 4699 5978
f 1809 5978 4736
f 1811 1812 4722
f 1811 4722 4721
f 1810 4710 4711
f 1810 4711 1812
f 1812 4711 5976
f 1812 5976 4722
f 4690 1837 1838
f 4690 1838 4691
f 4707 4708 1828
f 4707 1828 1827
f 4701 4700 4705
f 4705 1813 1817
f 4705 1817 4701
f 1813 4705 4706
f 1813 4706 1814
f 1814 4706 5978
f 1814 5978 4723
f 4677 1817 1813
f 4677 1813 4682
f 1817 1818 4702
f 1817 4702 4701
f 1816 4717 4718
f 1816 4718 1818
f 1818 4718 5977
f 1818 5977 4702
f 1819 1820 4699
f 1819 4699 4698
f 1820 4723 5978
f 1820 5978 4699
f 1819 4698 4709
f 4709 4710 1810
f 4709 1810 1819
f 4731 1793 1853
f 4731 1853 4672
f 1821 1822 1824
f 1821 1824 1823
f 1823 1824 4697
f 1823 4697 4696
f 1822 4724 4725
f 1822 4725 1824
f 1824 4725 5975
f 1824 5975 4697
f 1838 4714 5974
f 1838 5974 4691
f 1827 1828 4685
f 1827 4685 4684
f 1828 4714 5968
f 1828 5968 4685
f 1829 1831 4681
f 1829 4681 4680
f 1830 4715 4716
f 1830 4716 1831
f 1831 4716 5969
f 1831 5969 4681
f 4675 4676 1820
f 4675 1820 1819
f 1833 1834 4716
f 1833 4716 4715
f 4674 1834 1906
f 1906 4733 4732
f 4739 4740 4673
f 1906 4732 4739
f 4673 4674 1906
f 1906 4739 4673
f 1834 4674 5969
f 1834 5969 4716
f 1835 1836 4713
f 1835 4713 4712
f 1836 4730 5970
f 1836 5970 4713
f 1837 4669 4670
f 1837 4670 1838
f 1838 4670 5968
f 1838 5968 4714
f 1840 1841 4720
f 1840 4720 4719
f 1839 4667 4668
f 1839 4668 1841
f 1841 4668 5967
f 1841 5967 4720
f 1842 4667 4666
f 1842 4666 1843
f 1842 1844 4668
f 1842 4668 4667
f 1844 4671 5967
f 1844 5967 4668
f 1845 1847 4670
f 1845 4670 4669
f 1847 4672 5968
f 1847 5968 4670
f 1848 1850 4674
f 1848 4674 4673
f 1849 4680 4681
f 1849 4681 1850
f 1850 4681 5969
f 1850 5969 4674
f 1849 1851 4679
f 1849 4679 4680
f 1852 4684 4685
f 1852 4685 1853
f 1853 4685 5968
f 1853 5968 4672
f 1855 1856 1860
f 1855 1860 1857
f 1857 1860 4693
f 1857 4693 4692
f 1856 4688 4689
f 1856 4689 1860
f 1860 4689 5973
f 1860 5973 4693
f 1855 1857 1861
f 1855 1861 1858
f 1862 4690 4691
f 1862 4691 1863
f 1863 4691 5974
f 1863 5974 4694
f 1864 1867 1868
f 1864 1868 1865
f 1865 1868 4704
f 1865 4704 4703
f 1867 4696 4697
f 1867 4697 1868
f 1868 4697 5975
f 1868 5975 4704
f 1864 1866 1870
f 1864 1870 1867
f 1871 1872 4708
f 1871 4708 4707
f 1872 4694 5974
f 1872 5974 4708
f 1873 1874 4729
f 1873 4729 4728
f 1874 4693 5973
f 1874 5973 4729
f 1877 1878 1881
f 1877 1881 1879
f 1878 4744 4745
f 1878 4745 1881
f 1877 1879 1882
f 1877 1882 1880
f 1842 1880 1882
f 1842 1882 1844
f 1883 1886 1887
f 1883 1887 1884
f 1848 1887 1886
f 1886 1849 1850
f 1848 1886 1850
f 1883 1884 1888
f 1883 1888 1885
f 1885 1888 4746
f 1885 4746 4747
f 1889 1890 1893
f 1889 1893 1891
f 1889 1891 1894
f 1889 1894 1892
f 1892 1894 4748
f 1892 4748 4749
f 1895 1898 1899
f 1895 1899 1896
f 1898 4742 4743
f 1898 4743 1899
f 1895 1897 1900
f 1895 1900 1898
f 1897 4750 4751
f 1897 4751 1900
f 1901 1902 1904
f 1901 1904 1903
f 1902 4737 4738
f 1902 4738 1904
f 1834 1833 1901
f 1901 1903 1905
f 1905 1906 1834
f 1901 1905 1834
f 1905 4726 4727
f 1905 4727 1906
f 1906 4727 5971
f 1906 5971 4733
f 1898 1900 4751
f 4751 5979 4742
f 4751 4742 1898
f 1903 1904 4738
f 4738 5977 4718
f 4718 4717 1903
f 4738 4718 1903
f 4673 4740 1887
f 4673 1887 1848
f 1853 1793 1792
f 1853 1792 1852
f 4748 1894 4741
f 4741 4734 1795
f 4741 1795 4748
f 1826 4687 4686
f 4686 1810 1812
f 1812 1811 1826
f 1826 4686 1812
f 4731 4672 1847
f 4731 1847 1785
f 1869 1862 1799
f 1801 1805 1869
f 1799 1801 1869
f 4690 4703 1829
f 4690 1829 1837
f 4726 1832 4678
f 4678 5971 4727
f 4678 4727 4726
f 1813 1814 4683
f 1813 4683 4682
f 4679 1851 1846
f 1846 1845 4669
f 1846 4669 4679
f 4692 4741 1894
f 4692 1894 1891
f 1861 1857 4692
f 4692 1891 1893
f 1893 1861 4692
f 4700 1805 1801
f 1801 1799 4705
f 1801 4705 4700
f 1901 1821 1823
f 1901 1823 1902
f 1854 1843 4666
f 4666 4684 1852
f 1854 4666 1852
f 1840 1825 4689
f 4689 4688 1839
f 1839 1841 1840
f 4689 1839 1840
f 1787 1789 4746
f 4746 1888 4739
f 4732 4733 1790
f 4746 4739 4732
f 1790 1787 4746
f 4746 4732 1790
f 1902 1823 4696
f 4696 4695 4743
f 4743 4742 5979
f 5979 4737 1902
f 1902 4696 4743
f 4743 5979 1902
f 1783 4745 4744
f 4744 1778 1780
f 1783 4744 1780
f 4729 5973 4689
f 4689 1825 4728
f 4729 4689 4728
f 4717 4726 1905
f 4717 1905 1903
f 1863 1800 1799
f 1863 1799 1862
f 1865 1869 1805
f 1805 1803 1802
f 1802 4750 1897
f 1897 1895 1896
f 1896 1866 1864
f 1864 1865 1805
f 1805 1802 1897
f 1896 1864 1805
f 1805 1897 1896
f 4724 1815 4704
f 4704 5975 4725
f 4704 4725 4724
f 1782 4730 4671
f 4671 1844 1882
f 4671 1882 1879
f 1780 1782 4671
f 4745 1783 1780
f 4671 1879 1881
f 1881 4745 1780
f 4671 1881 1780
f 1818 1817 4677
f 4677 4678 1832
f 1832 1816 1818
f 4677 1832 1818
f 1819 1810 4686
f 1819 4686 4675
f 1829 4703 4704
f 4704 1815 1830
f 1830 1831 1829
f 4704 1830 1829
f 1820 4676 5972
f 1820 5972 4723
f 1788 1791 1851
f 1851 1849 1886
f 1886 1883 1885
f 1885 4747 1786
f 1786 1788 1851
f 1851 1886 1885
f 1851 1885 1786
f 4715 4724 1822
f 4715 1822 1833
f 4683 1814 4723
f 4683 4723 5972
f 4740 4739 1888
f 1884 1887 4740
f 1888 1884 4740
f 1781 1843 1854
f 1854 1852 1792
f 1854 1792 1781
f 1784 1785 1847
f 1784 1847 1845
f 4707 4688 1856
f 1856 1859 1871
f 1856 1871 4707
f 4719 1875 1873
f 4719 1873 4728
f 1874 4734 4741
f 4741 4692 4693
f 4741 4693 1874
f 4719 4720 5967
f 5967 4671 1876
f 1876 1875 4719
f 5967 1876 4719
f 4669 1837 1829
f 1829 4680 4679
f 1829 4679 4669
f 1896 1899 1870
f 1896 1870 1866
f 1846 1851 1791
f 1791 1784 1845
f 1791 1845 1846
f 1889 1892 4749
f 4749 1794 1796
f 1796 1798 1859
f 1859 1856 1855
f 1855 1858 1890
f 1890 1889 4749
f 4749 1796 1859
f 1859 1855 1890
f 4749 1859 1890
f 4719 4728 1825
f 4719 1825 1840
f 1816 1832 4726
f 1816 4726 4717
f 1875 1876 1836
f 1836 1835 4735
f 4735 4734 1874
f 1874 1873 1875
f 1875 1836 4735
f 4735 1874 1875
f 1787 1786 4747
f 4747 4746 1789
f 4747 1789 1787
f 1859 1798 1808
f 1808 1807 1871
f 1808 1871 1859
f 4667 1839 1827
f 1827 4684 4666
f 1827 4666 4667
f 4715 1830 1815
f 4715 1815 4724
f 4703 4690 1862
f 1862 1869 1865
f 1862 1865 4703
f 1804 4751 4750
f 1804 4750 1802
f 4721 4722 5976
f 5976 4711 1797
f 1797 4735 1835
f 1835 4712 4721
f 4721 5976 1797
f 1797 1835 4721
f 1867 1870 1899
f 1899 4743 4695
f 4695 4696 1867
f 1899 4695 1867
f 5566 5547 3148
f 3148 3151 3163
f 3148 3163 5566
f 3132 5578 5587
f 3132 5587 3117
f 5572 6100 5546
f 3118 3103 5580
f 5571 5572 5546
f 3118 5580 5571
f 5571 5546 3118
f 3076 5604 5603
f 5603 3071 3073
f 3076 5603 3073
f 3146 3135 5525
f 5525 5543 3144
f 3146 5525 3144
f 3161 3154 3091
f 3093 3097 3161
f 3091 3093 3161
f 3143 3083 3077
f 3077 3137 3138
f 3077 3138 3143
f 3120 3119 5566
f 3120 5566 5567
f 5599 5598 3180
f 3176 3179 5599
f 3180 3176 5599
f 5551 5600 3186
f 3186 3183 3185
f 3185 3153 3149
f 3149 5551 3186
f 3186 3185 3149
f 3099 3100 3090
f 3090 5568 5557
f 3090 5557 3099
f 5574 3122 3107
f 5574 3107 5583
f 3144 3084 3074
f 3074 3135 3146
f 3074 3146 3144
f 3086 5606 5605
f 3086 5605 3087
f 3125 5574 5583
f 3125 5583 3114
f 3167 3168 3128
f 3128 3127 5594
f 5594 5593 3166
f 3166 3165 3167
f 3167 3128 5594
f 5594 3166 3167
f 3167 3165 5587
f 3167 5587 5578
f 3123 3121 5562
f 5562 5563 3107
f 3107 3122 3123
f 5562 3107 3123
f 3124 3108 3110
f 3110 3109 5536
f 5536 5537 3124
f 3110 5536 3124
f 5528 3129 3121
f 3121 5539 5538
f 3121 5538 5528
f 3075 5589 5530
f 5530 3136 3174
f 5530 3174 3171
f 3073 3075 5530
f 5604 3076 3073
f 5530 3171 3173
f 3173 5604 3073
f 5530 3173 3073
f 5530 5589 3128
f 5530 3128 3168
f 3166 5593 5600
f 5600 5551 5552
f 5600 5552 3166
f 5580 5581 6106
f 6106 5570 3089
f 3089 5594 3127
f 3127 5571 5580
f 5580 6106 3089
f 3089 3127 5580
f 3082 3080 3180
f 3180 5598 5591
f 5591 5592 3082
f 3180 5591 3082
f 5578 5579 6097
f 6097 5530 3168
f 3168 3167 5578
f 6097 3168 5578
f 5562 5549 3154
f 3154 3161 3157
f 3154 3157 5562
f 3108 3124 5585
f 3108 5585 5576
f 3157 3161 3097
f 3097 3095 3094
f 3094 5607 3189
f 3189 3187 3188
f 3188 3158 3156
f 3156 3157 3097
f 3097 3094 3189
f 3188 3156 3097
f 3097 3189 3188
f 3079 3177 3180
f 3079 3180 3080
f 3072 3071 5603
f 5603 3170 3169
f 3172 3134 3135
f 5603 3169 3172
f 3074 3072 5603
f 3172 3135 3074
f 5603 3172 3074
f 3194 3115 5555
f 5555 5554 5602
f 5602 5601 6109
f 6109 5596 3194
f 3194 5555 5602
f 5602 6109 3194
f 3155 3092 3091
f 3155 3091 3154
f 3131 5547 5566
f 3131 5566 3119
f 3113 3115 3194
f 3113 3194 3193
f 3197 3195 5576
f 3197 5576 5585
f 5583 3107 5563
f 5563 6105 5584
f 5563 5584 5583
f 3151 3090 3100
f 3100 3099 3163
f 3100 3163 3151
f 5588 6103 5548
f 5548 3117 5587
f 5588 5548 5587
f 3081 3083 3143
f 3143 3141 3178
f 3178 3175 3177
f 3177 3079 3081
f 3081 3143 3178
f 3178 3177 3081
f 5605 3186 5600
f 5600 5593 3087
f 5600 3087 5605
f 3078 5590 5531
f 3078 5531 3139
f 3181 3184 5606
f 5606 3086 3088
f 3088 3090 3151
f 3151 3148 3147
f 3147 3150 3182
f 3182 3181 5606
f 5606 3088 3151
f 3151 3147 3182
f 5606 3151 3182
f 6109 5608 3096
f 6109 3096 5596
f 5532 5599 3179
f 5532 3179 3140
f 3182 3150 3153
f 3182 3153 3185
f 5585 3124 5537
f 5537 6101 5586
f 5537 5586 5585
f 3145 5531 5590
f 3145 5590 3085
f 5595 5553 3164
f 5595 3164 3101
f 5526 3131 3119
f 3119 5543 5525
f 3119 5525 5526
f 3118 5546 5545
f 5545 3102 3104
f 3104 3103 3118
f 3118 5545 3104
f 3125 3114 3113
f 3125 3113 3193
f 5559 3097 3093
f 3093 3091 5564
f 3093 5564 5559
f 3163 3099 3101
f 3163 3101 3164
f 3155 5553 5595
f 3155 5595 3092
f 3120 5567 6104
f 3120 6104 5573
f 3133 3132 3117
f 3117 5548 5547
f 5547 3131 3133
f 3117 5547 3133
f 5534 3111 3102
f 5534 3102 5545
f 3190 3192 5608
f 5608 6109 5601
f 5608 5601 3190
f 3188 3191 3162
f 3188 3162 3158
f 3071 3072 3075
f 3071 3075 3073
f 3072 5545 5546
f 3072 5546 3075
f 3075 5546 6100
f 3075 6100 5589
f 3081 5536 5541
f 5541 3077 3083
f 5541 3083 3081
f 3077 5541 5542
f 3077 5542 3078
f 3078 5542 6102
f 3078 6102 5590
f 3079 3080 3082
f 3079 3082 3081
f 3081 3082 5537
f 3081 5537 5536
f 3082 5592 6101
f 3082 6101 5537
f 3084 3085 5535
f 3084 5535 5534
f 3085 5590 6102
f 3085 6102 5535
f 3084 5534 5545
f 5545 3072 3074
f 5545 3074 3084
f 3086 3087 3089
f 3086 3089 3088
f 3088 3089 5570
f 3088 5570 5569
f 3087 5593 5594
f 3087 5594 3089
f 3088 5569 5568
f 3088 5568 3090
f 3091 3092 5565
f 3091 5565 5564
f 3092 5595 6108
f 3092 6108 5565
f 3195 3196 5597
f 5597 6107 5577
f 5577 5576 3195
f 5597 5577 3195
f 3095 3097 5559
f 3095 5559 5560
f 3094 3095 3098
f 3094 3098 3096
f 3096 3098 5597
f 3096 5597 5596
f 3095 5560 5561
f 3095 5561 3098
f 3098 5561 6107
f 3098 6107 5597
f 3099 5557 5558
f 3099 5558 3101
f 3101 5558 6108
f 3101 6108 5595
f 3103 3104 5581
f 3103 5581 5580
f 3102 5569 5570
f 3102 5570 3104
f 3104 5570 6106
f 3104 6106 5581
f 3130 5550 5549
f 3130 5549 3129
f 3078 3139 3137
f 3078 3137 3077
f 5560 5559 5564
f 5564 3105 3109
f 5564 3109 5560
f 3105 5564 5565
f 3105 5565 3106
f 3106 5565 6108
f 3106 6108 5582
f 3109 3110 5561
f 3109 5561 5560
f 3108 5576 5577
f 3108 5577 3110
f 3110 5577 6107
f 3110 6107 5561
f 3111 3112 5558
f 3111 5558 5557
f 3112 5582 6108
f 3112 6108 5558
f 3111 5557 5568
f 5568 5569 3102
f 5568 3102 3111
f 3113 3114 3116
f 3113 3116 3115
f 3115 3116 5556
f 3115 5556 5555
f 3114 5583 5584
f 3114 5584 3116
f 3116 5584 6105
f 3116 6105 5556
f 5573 6104 5550
f 5573 5550 3130
f 5536 3109 3105
f 5536 3105 5541
f 3119 3120 5544
f 3119 5544 5543
f 3120 5573 6098
f 3120 6098 5544
f 5534 5535 3112
f 5534 3112 3111
f 3145 3085 3084
f 3145 3084 3144
f 3121 3123 5540
f 3121 5540 5539
f 3122 5574 5575
f 3122 5575 3123
f 3123 5575 6099
f 3123 6099 5540
f 5541 3105 3106
f 5541 3106 5542
f 5535 6102 5582
f 5535 5582 3112
f 3125 3126 5575
f 3125 5575 5574
f 5533 3126 3198
f 3198 5592 5591
f 5598 5599 5532
f 3198 5591 5598
f 5532 5533 3198
f 3198 5598 5532
f 3126 5533 6099
f 3126 6099 5575
f 3127 3128 5572
f 3127 5572 5571
f 3128 5589 6100
f 3128 6100 5572
f 3129 5528 5529
f 3129 5529 3130
f 3130 5529 6098
f 3130 6098 5573
f 3132 3133 5579
f 3132 5579 5578
f 3131 5526 5527
f 3131 5527 3133
f 3133 5527 6097
f 3133 6097 5579
f 3134 5526 5525
f 3134 5525 3135
f 3134 3136 5527
f 3134 5527 5526
f 3136 5530 6097
f 3136 6097 5527
f 3137 3139 5529
f 3137 5529 5528
f 3139 5531 6098
f 3139 6098 5529
f 3140 3142 5533
f 3140 5533 5532
f 3141 5539 5540
f 3141 5540 3142
f 3142 5540 6099
f 3142 6099 5533
f 3141 3143 5538
f 3141 5538 5539
f 3144 5543 5544
f 3144 5544 3145
f 3145 5544 6098
f 3145 6098 5531
f 3147 3148 3152
f 3147 3152 3149
f 3149 3152 5552
f 3149 5552 5551
f 3148 5547 5548
f 3148 5548 3152
f 3152 5548 6103
f 3152 6103 5552
f 3147 3149 3153
f 3147 3153 3150
f 3154 5549 5550
f 3154 5550 3155
f 3155 5550 6104
f 3155 6104 5553
f 3156 3159 3160
f 3156 3160 3157
f 3157 3160 5563
f 3157 5563 5562
f 3159 5555 5556
f 3159 5556 3160
f 3160 5556 6105
f 3160 6105 5563
f 3156 3158 3162
f 3156 3162 3159
f 3163 3164 5567
f 3163 5567 5566
f 3164 5553 6104
f 3164 6104 5567
f 3165 3166 5588
f 3165 5588 5587
f 3166 5552 6103
f 3166 6103 5588
f 3169 3170 3173
f 3169 3173 3171
f 3170 5603 5604
f 3170 5604 3173
f 3169 3171 3174
f 3169 3174 3172
f 3134 3172 3174
f 3134 3174 3136
f 3175 3178 3179
f 3175 3179 3176
f 3140 3179 3178
f 3178 3141 3142
f 3140 3178 3142
f 3175 3176 3180
f 3175 3180 3177
f 3181 3182 3185
f 3181 3185 3183
f 3181 3183 3186
f 3181 3186 3184
f 3184 3186 5605
f 3184 5605 5606
f 3187 3190 3191
f 3187 3191 3188
f 3190 5601 5602
f 3190 5602 3191
f 3187 3189 3192
f 3187 3192 3190
f 3189 5607 5608
f 3189 5608 3192
f 3193 3194 3196
f 3193 3196 3195
f 3194 5596 5597
f 3194 5597 3196
f 3126 3125 3193
f 3193 3195 3197
f 3197 3198 3126
f 3193 3197 3126
f 3197 5585 5586
f 3197 5586 3198
f 3198 5586 6101
f 3198 6101 5592
f 3096 5608 5607
f 3096 5607 3094
f 3106 5582 6102
f 3106 6102 5542
f 3159 3162 3191
f 3191 5602 5554
f 5554 5555 3159
f 3191 5554 3159
f 5538 3143 3138
f 3138 3137 5528
f 3138 5528 5538
f 3121 3129 5549
f 3121 5549 5562
f 1610 1613 1642
f 1642 4571 4523
f 4523 4524 1610
f 1642 4523 1610
f 1526 4573 4572
f 4572 1521 1523
f 1526 4572 1523
f 1521 1522 1525
f 1521 1525 1523
f 1522 4514 4515
f 1522 4515 1525
f 1525 4515 5944
f 1525 5944 4558
f 1531 4505 4510
f 4510 1527 1534
f 4510 1534 1531
f 1527 4510 4511
f 1527 4511 1528
f 1528 4511 5946
f 1528 5946 4559
f 1529 1530 1533
f 1529 1533 1531
f 1531 1533 4506
f 1531 4506 4505
f 1533 4561 5945
f 1533 5945 4506
f 1535 1536 4504
f 1535 4504 4503
f 1536 4559 5946
f 1536 5946 4504
f 1535 4503 4514
f 4514 1522 1524
f 4514 1524 1535
f 1537 1538 1540
f 1537 1540 1539
f 1539 1540 4539
f 1539 4539 4538
f 1538 4562 4563
f 1538 4563 1540
f 1539 4538 4537
f 1539 4537 1541
f 1542 1543 4534
f 1542 4534 4533
f 1543 4564 5952
f 1543 5952 4534
f 1546 1548 4528
f 1546 4528 4529
f 1545 1546 1549
f 1545 1549 1547
f 1547 1549 4566
f 1547 4566 4565
f 1546 4529 4530
f 1546 4530 1549
f 1549 4530 5951
f 1549 5951 4566
f 1550 4526 4527
f 1550 4527 1552
f 1552 4527 5952
f 1552 5952 4564
f 1554 1555 4550
f 1554 4550 4549
f 1553 4538 4539
f 1553 4539 1555
f 1555 4539 5950
f 1555 5950 4550
f 1570 4535 4536
f 1570 4536 1571
f 4529 4528 4533
f 4533 1556 1560
f 4533 1560 4529
f 1556 4533 4534
f 1556 4534 1557
f 1557 4534 5952
f 1557 5952 4551
f 4505 1560 1556
f 4505 1556 4510
f 1560 1561 4530
f 1560 4530 4529
f 1559 4545 4546
f 1559 4546 1561
f 1561 4546 5951
f 1561 5951 4530
f 1562 1563 4527
f 1562 4527 4526
f 1563 4551 5952
f 1563 5952 4527
f 1562 4526 4537
f 4537 4538 1553
f 4537 1553 1562
f 1564 1565 1567
f 1564 1567 1566
f 1566 1567 4525
f 1566 4525 4524
f 1565 4552 4553
f 1565 4553 1567
f 1567 4553 5949
f 1567 5949 4525
f 1528 1590 1588
f 1528 1588 1527
f 1570 1571 4513
f 1570 4513 4512
f 1571 4542 5942
f 1571 5942 4513
f 4531 4518 1605
f 1605 1612 1608
f 1605 1608 4531
f 1572 1574 4509
f 1572 4509 4508
f 1573 4543 4544
f 1573 4544 1574
f 1574 4544 5943
f 1574 5943 4509
f 1576 1577 4544
f 1576 4544 4543
f 4502 1577 1649
f 1649 4561 4560
f 4567 4568 4501
f 1649 4560 4567
f 4501 4502 1649
f 1649 4567 4501
f 1577 4502 5943
f 1577 5943 4544
f 1578 1579 4541
f 1578 4541 4540
f 1579 4558 5944
f 1579 5944 4541
f 1580 4497 4498
f 1580 4498 1581
f 1581 4498 5942
f 1581 5942 4542
f 1583 1584 4548
f 1583 4548 4547
f 1582 4495 4496
f 1582 4496 1584
f 1584 4496 5941
f 1584 5941 4548
f 1585 4495 4494
f 1585 4494 1586
f 1585 1587 4496
f 1585 4496 4495
f 1587 4499 5941
f 1587 5941 4496
f 1588 1590 4498
f 1588 4498 4497
f 1590 4500 5942
f 1590 5942 4498
f 1591 1593 4502
f 1591 4502 4501
f 1592 4508 4509
f 1592 4509 1593
f 1593 4509 5943
f 1593 5943 4502
f 1592 1594 4507
f 1592 4507 4508
f 1595 4512 4513
f 1595 4513 1596
f 1596 4513 5942
f 1596 5942 4500
f 1598 1599 1603
f 1598 1603 1600
f 1600 1603 4521
f 1600 4521 4520
f 1599 4516 4517
f 1599 4517 1603
f 1603 4517 5947
f 1603 5947 4521
f 1598 1600 1604
f 1598 1604 1601
f 1605 4518 4519
f 1605 4519 1606
f 1606 4519 5948
f 1606 5948 4522
f 1607 1610 1611
f 1607 1611 1608
f 1608 1611 4532
f 1608 4532 4531
f 1610 4524 4525
f 1610 4525 1611
f 1611 4525 5949
f 1611 5949 4532
f 1607 1609 1613
f 1607 1613 1610
f 1614 1615 4536
f 1614 4536 4535
f 1615 4522 5948
f 1615 5948 4536
f 1616 1617 4557
f 1616 4557 4556
f 1617 4521 5947
f 1617 5947 4557
f 1620 1621 1624
f 1620 1624 1622
f 1621 4572 4573
f 1621 4573 1624
f 1620 1622 1625
f 1620 1625 1623
f 1585 1623 1625
f 1585 1625 1587
f 1626 1629 1630
f 1626 1630 1627
f 1591 1630 1629
f 1629 1592 1593
f 1591 1629 1593
f 1626 1627 1631
f 1626 1631 1628
f 1628 1631 4574
f 1628 4574 4575
f 1632 1633 1636
f 1632 1636 1634
f 1632 1634 1637
f 1632 1637 1635
f 1635 1637 4576
f 1635 4576 4577
f 1638 1641 1642
f 1638 1642 1639
f 1641 4570 4571
f 1641 4571 1642
f 1638 1640 1643
f 1638 1643 1641
f 1640 4578 4579
f 1640 4579 1643
f 1644 1645 1647
f 1644 1647 1646
f 1645 4565 4566
f 1645 4566 1647
f 1577 1576 1644
f 1644 1646 1648
f 1648 1649 1577
f 1644 1648 1577
f 1648 4554 4555
f 1648 4555 1649
f 1649 4555 5945
f 1649 5945 4561
f 1547 4579 4578
f 1547 4578 1545
f 4504 1563 1562
f 4504 1562 4503
f 1525 4558 4499
f 4499 1587 1625
f 4499 1625 1622
f 1523 1525 4499
f 4573 1526 1523
f 4499 1622 1624
f 1624 4573 1523
f 4499 1624 1523
f 1633 1601 1604
f 1633 1604 1636
f 1530 1529 4575
f 4575 4574 1532
f 4575 1532 1530
f 1618 1616 4556
f 1618 4556 4547
f 1643 4579 5953
f 5953 4570 1641
f 1643 5953 1641
f 1645 1566 4524
f 4524 4523 4571
f 4571 4570 5953
f 5953 4565 1645
f 1645 4524 4571
f 4571 5953 1645
f 1646 1647 4566
f 4566 5951 4546
f 4546 4545 1646
f 4566 4546 1646
f 4547 4548 5941
f 5941 4499 1619
f 1619 1618 4547
f 5941 1619 4547
f 1648 1646 4545
f 1648 4545 4554
f 1639 1642 1613
f 1639 1613 1609
f 1612 1605 1542
f 1544 1548 1612
f 1542 1544 1612
f 4516 4535 1570
f 4516 1570 1582
f 1573 1558 4552
f 1573 4552 4543
f 1632 1635 4577
f 4577 1537 1539
f 1539 1541 1602
f 1602 1599 1598
f 1598 1601 1633
f 1633 1632 4577
f 4577 1539 1602
f 1602 1598 1633
f 4577 1602 1633
f 4549 4550 5950
f 5950 4539 1540
f 1540 4563 1578
f 1578 4540 4549
f 4549 5950 1540
f 1540 1578 4549
f 4515 4514 1553
f 1553 1555 1554
f 1569 4515 1553
f 1553 1554 1569
f 4507 1594 1589
f 1589 1588 4497
f 1589 4497 4507
f 1596 1536 1535
f 1596 1535 1595
f 4528 1548 1544
f 1544 1542 4533
f 1544 4533 4528
f 1537 4577 4576
f 1537 4576 1538
f 4547 4556 1568
f 4547 1568 1583
f 4552 1558 4532
f 4532 5949 4553
f 4532 4553 4552
f 4545 1559 1575
f 4545 1575 4554
f 1584 1583 1568
f 1568 4517 4516
f 4516 1582 1584
f 1568 4516 1584
f 1574 1572 4531
f 4531 4532 1558
f 1558 1573 1574
f 4531 1558 1574
f 5946 4551 1563
f 5946 1563 4504
f 4542 1571 4536
f 4542 4536 5948
f 1588 1589 1594
f 1594 1534 1527
f 1594 1527 1588
f 4564 4522 1615
f 4564 1615 1552
f 1597 1586 4494
f 4494 4512 1595
f 1597 4494 1595
f 4564 1543 1606
f 4564 1606 4522
f 1616 1618 1619
f 1619 1579 1578
f 1578 4563 4562
f 4562 1617 1616
f 1616 1619 1578
f 1578 4562 1616
f 4559 1536 1596
f 4559 1596 4500
f 1580 1581 4519
f 1580 4519 4518
f 4542 5948 4519
f 4542 4519 1581
f 5946 4511 1557
f 5946 1557 4551
f 4501 4568 1630
f 4501 1630 1591
f 4541 5944 4515
f 1569 1554 4549
f 4540 4541 4515
f 1569 4549 4540
f 4540 4515 1569
f 1550 1551 1541
f 1541 4537 4526
f 1541 4526 1550
f 4499 4558 1579
f 4499 1579 1619
f 1580 4518 4531
f 1580 4531 1572
f 4557 5947 4517
f 4517 1568 4556
f 4557 4517 4556
f 4568 4567 1631
f 1627 1630 4568
f 1631 1627 4568
f 1608 1612 1548
f 1548 1546 1545
f 1545 4578 1640
f 1640 1638 1639
f 1639 1609 1607
f 1607 1608 1548
f 1548 1545 1640
f 1639 1607 1548
f 1548 1640 1639
f 5953 4579 1547
f 5953 1547 4565
f 1576 4543 4552
f 1576 4552 1565
f 1562 1553 4514
f 1562 4514 4503
f 1600 4520 4569
f 4569 1634 1636
f 1636 1604 1600
f 4569 1636 1600
f 1522 1521 4572
f 4572 1621 1620
f 1623 1585 1586
f 4572 1620 1623
f 1524 1522 4572
f 1623 1586 1524
f 4572 1623 1524
f 1606 1543 1542
f 1606 1542 1605
f 1576 1565 1564
f 1576 1564 1644
f 4554 1575 4506
f 4506 5945 4555
f 4506 4555 4554
f 1561 1560 4505
f 4505 4506 1575
f 1575 1559 1561
f 4505 1575 1561
f 1602 1541 1551
f 1551 1550 1614
f 1551 1614 1602
f 4535 4516 1599
f 1599 1602 1614
f 1599 1614 4535
f 4569 4562 1538
f 1538 4576 1637
f 1637 1634 4569
f 1538 1637 4569
f 1564 1566 1645
f 1564 1645 1644
f 1530 1532 4574
f 4574 1631 4567
f 4560 4561 1533
f 4574 4567 4560
f 1533 1530 4574
f 4574 4560 1533
f 1614 1550 1552
f 1614 1552 1615
f 4495 1582 1570
f 1570 4512 4494
f 1570 4494 4495
f 4510 1556 1557
f 4510 1557 4511
f 4497 1580 1572
f 1572 4508 4507
f 1572 4507 4497
f 1617 4562 4569
f 4569 4520 4521
f 4569 4521 1617
f 4559 4500 1590
f 4559 1590 1528
f 1531 1534 1594
f 1594 1592 1629
f 1629 1626 1628
f 1628 4575 1529
f 1529 1531 1594
f 1594 1629 1628
f 1594 1628 1529
f 1595 1535 1524
f 1524 1586 1597
f 1524 1597 1595
f 4865 4864 2075
f 2075 2077 2076
f 2075 2076 4865
f 4919 4918 2156
f 2152 2155 4919
f 2156 2152 4919
f 2048 4922 4921
f 4921 2043 2045
f 2048 4921 2045
f 2138 2140 2125
f 2125 2063 2073
f 2073 2072 2138
f 2125 2073 2138
f 2120 2108 4842
f 4842 4861 4862
f 4862 2118 2120
f 2120 4842 4862
f 2125 2140 4886
f 4886 4866 2122
f 4886 2122 2125
f 4879 2070 2066
f 2066 2064 4884
f 2066 4884 4879
f 2171 2172 4917
f 4917 6003 4897
f 4897 4896 2171
f 4917 4897 2171
f 2132 2136 2070
f 2070 2068 2067
f 2067 4927 2165
f 2165 2163 2164
f 2164 2133 2131
f 2131 2132 2070
f 2070 2067 2165
f 2164 2131 2070
f 2070 2165 2164
f 2069 4928 4927
f 2069 4927 2067
f 4900 4901 6002
f 6002 4891 2062
f 2062 4914 2099
f 2099 4892 4900
f 4900 6002 2062
f 2062 2099 4900
f 2086 2088 2170
f 2086 2170 2169
f 4905 2096 4855
f 4855 5997 4906
f 4855 4906 4905
f 2164 2167 2137
f 2164 2137 2133
f 2053 2056 2117
f 2117 2115 2113
f 2154 2151 2153
f 2117 2113 2154
f 2051 2053 2117
f 2153 4924 2051
f 2117 2154 2153
f 2117 2153 2051
f 4896 2081 2096
f 4896 2096 4905
f 2130 4873 4915
f 2130 4915 2065
f 6005 4928 2069
f 6005 2069 4916
f 4850 4919 2155
f 4850 2155 2114
f 4855 2096 2081
f 2081 2083 2082
f 2082 4854 4855
f 2081 2082 4855
f 2047 4909 4848
f 4848 2109 2150
f 2150 2147 2149
f 4922 2048 2045
f 4848 2150 2149
f 2149 4922 2045
f 2045 2047 4848
f 4848 2149 2045
f 2049 2050 2112
f 2049 2112 2110
f 2117 2056 2049
f 2049 2110 2111
f 2049 2111 2117
f 4882 4868 2129
f 2129 2136 2132
f 2129 2132 4882
f 4845 2101 2093
f 2093 4857 4856
f 2093 4856 4845
f 2059 4926 4925
f 2059 4925 2060
f 2043 2044 2047
f 2043 2047 2045
f 2044 4864 4865
f 2044 4865 2047
f 2047 4865 5996
f 2047 5996 4909
f 2053 4854 4859
f 4859 2049 2056
f 4859 2056 2053
f 2158 2124 2127
f 2158 2127 2161
f 2049 4859 4860
f 2049 4860 2050
f 2050 4860 5998
f 2050 5998 4910
f 2051 2052 2055
f 2051 2055 2053
f 2053 2055 4855
f 2053 4855 4854
f 2055 4912 5997
f 2055 5997 4855
f 2057 2058 4853
f 2057 4853 4852
f 2058 4910 5998
f 2058 5998 4853
f 2057 4852 4864
f 4864 2044 2046
f 4864 2046 2057
f 4892 5996 4865
f 4865 2076 4900
f 4892 4865 4900
f 2059 2060 2062
f 2059 2062 2061
f 2061 2062 4891
f 2061 4891 4890
f 2060 4913 4914
f 2060 4914 2062
f 2061 4890 4889
f 2061 4889 2063
f 2064 2065 4885
f 2064 4885 4884
f 2065 4915 6004
f 2065 6004 4885
f 2068 2070 4879
f 2068 4879 4880
f 2067 2068 2071
f 2067 2071 2069
f 2069 2071 4917
f 2069 4917 4916
f 2068 4880 4881
f 2068 4881 2071
f 2071 4881 6003
f 2071 6003 4917
f 2118 2057 2046
f 2046 2108 2120
f 2046 2120 2118
f 2103 4866 4886
f 2103 4886 2092
f 2072 4877 4878
f 2072 4878 2074
f 2074 4878 6004
f 2074 6004 4915
f 2076 2077 4901
f 2076 4901 4900
f 2075 4890 4891
f 2075 4891 2077
f 2077 4891 6002
f 2077 6002 4901
f 4893 6000 4870
f 4893 4870 2102
f 4882 2093 2101
f 4882 2101 4868
f 4880 4879 4884
f 4884 2078 2082
f 4884 2082 4880
f 2078 4884 4885
f 2078 4885 2079
f 2079 4885 6004
f 2079 6004 4902
f 2082 2083 4881
f 2082 4881 4880
f 2081 4896 4897
f 2081 4897 2083
f 2083 4897 6003
f 2083 6003 4881
f 2084 2085 4878
f 2084 4878 4877
f 2085 4902 6004
f 2085 6004 4878
f 2084 4877 4889
f 4889 4890 2075
f 4889 2075 2084
f 2086 2087 2089
f 2086 2089 2088
f 2088 2089 4876
f 2088 4876 4875
f 2087 4903 4904
f 2087 4904 2089
f 2089 4904 6001
f 2089 6001 4876
f 2097 2087 2086
f 2097 2086 2169
f 4843 2103 2092
f 2092 4861 4842
f 2092 4842 4843
f 2090 2091 4863
f 2090 4863 4862
f 2091 4893 5994
f 2091 5994 4863
f 2090 4862 4861
f 2090 4861 2092
f 2082 2078 4859
f 2082 4859 4854
f 2093 2095 4858
f 2093 4858 4857
f 2094 4894 4895
f 2094 4895 2095
f 2095 4895 5995
f 2095 5995 4858
f 2097 2098 4895
f 2097 4895 4894
f 4851 2098 2174
f 2174 4912 4911
f 4918 4919 4850
f 2174 4911 4918
f 4850 4851 2174
f 2174 4918 4850
f 2098 4851 5995
f 2098 5995 4895
f 2099 4909 5996
f 2099 5996 4892
f 2100 2101 4845
f 2100 4845 4846
f 2100 4846 4847
f 2100 4847 2102
f 2102 4847 5994
f 2102 5994 4893
f 2104 2105 4899
f 2104 4899 4898
f 2103 4843 4844
f 2103 4844 2105
f 2105 4844 5993
f 2105 5993 4899
f 2107 4843 4842
f 2107 4842 2108
f 2107 2109 4844
f 2107 4844 4843
f 4898 4899 5993
f 5993 4844 2109
f 2109 4848 2144
f 2143 2141 4907
f 2109 2144 2143
f 4898 5993 2109
f 2143 4907 4898
f 2109 2143 4898
f 2119 2058 2057
f 2119 2057 2118
f 2110 2112 4847
f 2110 4847 4846
f 2112 4849 5994
f 2112 5994 4847
f 2114 2116 4851
f 2114 4851 4850
f 2115 4857 4858
f 2115 4858 2116
f 2116 4858 5995
f 2116 5995 4851
f 2044 2043 4921
f 4921 2146 2145
f 2148 2106 2107
f 4921 2145 2148
f 2046 2044 4921
f 2107 2108 2046
f 4921 2148 2107
f 4921 2107 2046
f 2115 2117 4856
f 2115 4856 4857
f 2118 4862 4863
f 2118 4863 2119
f 2119 4863 5994
f 2119 5994 4849
f 2121 2122 2126
f 2121 2126 2123
f 2123 2126 4872
f 2123 4872 4871
f 2122 4866 4867
f 2122 4867 2126
f 2126 4867 5999
f 2126 5999 4872
f 2121 2123 2127
f 2121 2127 2124
f 2128 2129 4868
f 2128 4868 4869
f 2128 4869 4870
f 2128 4870 2130
f 2130 4870 6000
f 2130 6000 4873
f 2131 2134 2135
f 2131 2135 2132
f 2132 2135 4883
f 2132 4883 4882
f 2134 4875 4876
f 2134 4876 2135
f 2135 4876 6001
f 2135 6001 4883
f 2131 2133 2137
f 2131 2137 2134
f 2138 2139 4888
f 2138 4888 4887
f 2139 4873 6000
f 2139 6000 4888
f 2138 4887 4886
f 2138 4886 2140
f 2141 2142 4908
f 2141 4908 4907
f 2142 4872 5999
f 2142 5999 4908
f 2145 2146 2149
f 2145 2149 2147
f 2146 4921 4922
f 2146 4922 2149
f 2145 2147 2150
f 2145 2150 2148
f 2107 2106 2148
f 2148 2150 2109
f 2148 2109 2107
f 2151 2154 2155
f 2151 2155 2152
f 2114 2155 2154
f 2154 2113 2115
f 2115 2116 2114
f 2114 2154 2115
f 2151 2152 2156
f 2151 2156 2153
f 2153 2156 4923
f 2153 4923 4924
f 2157 2158 2161
f 2157 2161 2159
f 2157 2159 2162
f 2157 2162 2160
f 2160 2162 4925
f 2160 4925 4926
f 2163 2166 2167
f 2163 2167 2164
f 2163 2165 2168
f 2163 2168 2166
f 2165 4927 4928
f 2165 4928 2168
f 2169 2170 2172
f 2169 2172 2171
f 2170 4916 4917
f 2170 4917 2172
f 2098 2097 2169
f 2169 2171 2173
f 2173 2174 2098
f 2169 2173 2098
f 2173 4905 4906
f 2173 4906 2174
f 2174 4906 5997
f 2174 5997 4912
f 2143 2144 2099
f 2099 4914 4913
f 4913 2142 2141
f 2141 2143 2099
f 2099 4913 2141
f 2100 4869 4868
f 2100 4868 2101
f 2052 2054 4923
f 4923 2156 4918
f 4911 4912 2055
f 4923 4918 4911
f 2055 2052 4923
f 4923 4911 2055
f 2080 2094 2095
f 2095 2093 4882
f 4882 4883 2080
f 2095 4882 2080
f 2091 4888 6000
f 2091 6000 4893
f 2171 4896 4905
f 2171 4905 2173
f 4886 4887 2090
f 4886 2090 2092
f 2070 2136 2129
f 2129 2128 2064
f 2066 2070 2129
f 2129 2064 2066
f 4870 4869 2100
f 4870 2100 2102
f 4856 2117 2111
f 2111 2110 4846
f 4846 4845 4856
f 2111 4846 4856
f 2094 2080 4903
f 2094 4903 4894
f 2104 4867 4866
f 4866 2103 2105
f 4866 2105 2104
f 2168 4928 6005
f 6005 4920 2166
f 2168 6005 2166
f 4894 4903 2087
f 4894 2087 2097
f 2157 2160 4926
f 4926 2059 2061
f 2061 2063 2125
f 2125 2122 2121
f 2121 2124 2158
f 2158 2157 4926
f 4926 2061 2125
f 2125 2121 2158
f 4926 2125 2158
f 4871 4913 2060
f 2060 4925 2162
f 2162 2159 2161
f 2161 2127 2123
f 2123 4871 2060
f 2060 2162 2161
f 2060 2161 2123
f 2052 2051 4924
f 4924 4923 2054
f 4924 2054 2052
f 2130 2065 2064
f 2130 2064 2128
f 2104 4898 4907
f 4908 5999 4867
f 4867 2104 4907
f 4907 4908 4867
f 4903 2080 4883
f 4883 6001 4904
f 4883 4904 4903
f 2134 2137 2167
f 2167 2166 4920
f 4874 4875 2134
f 2167 4920 4874
f 2167 4874 2134
f 2138 2072 2074
f 2138 2074 2139
f 4859 2078 2079
f 4859 2079 4860
f 2072 2073 2063
f 2063 4889 4877
f 2063 4877 2072
f 4848 4909 2099
f 4848 2099 2144
f 4913 4871 4872
f 4913 4872 2142
f 4853 5998 4902
f 4853 4902 2085
f 2139 2074 4915
f 2139 4915 4873
f 4860 2079 4902
f 4860 4902 5998
f 4852 2084 2075
f 4852 2075 4864
f 4853 2085 2084
f 4853 2084 4852
f 2090 4887 4888
f 2090 4888 2091
f 2050 4910 4849
f 2050 4849 2112
f 4910 2058 2119
f 4910 2119 4849
f 2170 2088 4875
f 4875 4874 4920
f 4920 6005 4916
f 4916 2170 4875
f 4875 4920 4916
f 5291 5310 2735
f 5291 2735 2747
f 5322 2783 2781
f 5322 2781 5331
f 2782 5337 5344
f 5344 5295 5296
f 5344 5296 2782
f 5290 5289 2718
f 2718 2720 2719
f 2734 5290 2718
f 2718 2719 2734
f 2809 2729 2731
f 2809 2731 2810
f 5292 5291 2747
f 2747 2749 2748
f 2748 2733 5292
f 2747 2748 5292
f 2696 2699 2759
f 2759 2757 2794
f 2794 2791 2793
f 2793 5350 2694
f 2694 2696 2759
f 2759 2794 2793
f 2759 2793 2694
f 2691 5348 5347
f 5347 2686 2688
f 2691 5347 2688
f 2741 5318 5327
f 2741 5327 2730
f 2808 5354 6070
f 6070 5345 2806
f 2808 6070 2806
f 2804 2807 2778
f 2804 2778 2774
f 5306 5293 2770
f 2770 2777 2773
f 2770 2773 5306
f 2733 2748 5322
f 2733 5322 5331
f 2810 2731 5299
f 5299 5298 5346
f 5346 5345 6070
f 6070 5340 2810
f 2810 5299 5346
f 5346 6070 2810
f 2762 2751 5269
f 5269 5287 2760
f 2762 5269 2760
f 5327 2723 5307
f 5307 6066 5328
f 5307 5328 5327
f 5351 2802 5344
f 5344 5337 2703
f 5344 2703 5351
f 5285 2721 2722
f 5285 2722 5286
f 2737 2745 5293
f 2737 5293 5306
f 2702 5352 5351
f 2702 5351 2703
f 2724 2740 5329
f 2724 5329 5320
f 5332 6064 5292
f 5292 2733 5331
f 5332 5292 5331
f 2775 2778 2807
f 2807 5346 5298
f 5298 5299 2775
f 2807 5298 2775
f 5320 5329 2813
f 5320 2813 2811
f 2715 2716 2706
f 2706 5312 5301
f 2706 5301 2715
f 2798 2766 2769
f 2798 2769 2801
f 2706 2767 2764
f 2764 2763 2766
f 2798 2797 2800
f 2764 2766 2798
f 2704 2706 2764
f 5352 2702 2704
f 2798 2800 5352
f 2704 2764 2798
f 2798 5352 2704
f 2693 2755 2753
f 2693 2753 2692
f 2777 2770 2707
f 2709 2713 2777
f 2707 2709 2777
f 5274 5333 2744
f 5274 2744 2784
f 5272 2745 2737
f 2737 5283 5282
f 2737 5282 5272
f 2687 2686 5347
f 5347 2786 2785
f 2788 2750 2751
f 5347 2785 2788
f 2689 2687 5347
f 2788 2751 2689
f 5347 2788 2689
f 5334 2701 2761
f 5334 2761 5275
f 5322 5323 6058
f 6058 5274 2784
f 2784 2783 5322
f 6058 2784 5322
f 2780 2717 5339
f 2780 5339 5297
f 5339 2708 2771
f 5339 2771 5297
f 2760 2700 2689
f 2689 2751 2762
f 2689 2762 2760
f 2736 5311 6065
f 2736 6065 5317
f 2693 5334 5275
f 2693 5275 2755
f 5270 2747 2735
f 2735 5287 5269
f 2735 5269 5270
f 2712 5354 5353
f 2712 5353 2710
f 2745 2746 5294
f 2745 5294 5293
f 2771 2708 2707
f 2771 2707 2770
f 6070 5354 2712
f 6070 2712 5340
f 2723 2738 2739
f 2739 2737 5306
f 5306 5307 2723
f 2739 5306 2723
f 2740 2724 2726
f 2726 2725 5280
f 5280 5281 2740
f 2726 5280 2740
f 2727 2718 5289
f 2727 5289 5278
f 6063 5326 2728
f 6063 2728 5279
f 2767 2706 2716
f 2716 2715 2779
f 2716 2779 2767
f 5310 5311 2736
f 5310 2736 2735
f 2686 2687 2690
f 2686 2690 2688
f 2687 5289 5290
f 2687 5290 2690
f 2690 5290 6061
f 2690 6061 5333
f 2696 5280 5285
f 5285 2692 2699
f 5285 2699 2696
f 2692 5285 5286
f 2692 5286 2693
f 2693 5286 6063
f 2693 6063 5334
f 2694 2695 2698
f 2694 2698 2696
f 2696 2698 5281
f 2696 5281 5280
f 2698 5336 6062
f 2698 6062 5281
f 2700 2701 5279
f 2700 5279 5278
f 2701 5334 6063
f 2701 6063 5279
f 2700 5278 5289
f 5289 2687 2689
f 5289 2689 2700
f 2702 2703 2705
f 2702 2705 2704
f 2704 2705 5314
f 2704 5314 5313
f 2703 5337 5338
f 2703 5338 2705
f 2704 5313 5312
f 2704 5312 2706
f 2707 2708 5309
f 2707 5309 5308
f 2708 5339 6069
f 2708 6069 5309
f 5303 2713 2709
f 2709 2707 5308
f 2709 5308 5303
f 2711 2713 5303
f 2711 5303 5304
f 2710 2711 2714
f 2710 2714 2712
f 2712 2714 5341
f 2712 5341 5340
f 2711 5304 5305
f 2711 5305 2714
f 2714 5305 6068
f 2714 6068 5341
f 2715 5301 5302
f 2715 5302 2717
f 2717 5302 6069
f 2717 6069 5339
f 2719 2720 5325
f 2719 5325 5324
f 2718 5313 5314
f 2718 5314 2720
f 2720 5314 6067
f 2720 6067 5325
f 5304 5303 5308
f 5308 2721 2725
f 5308 2725 5304
f 2721 5308 5309
f 2721 5309 2722
f 2722 5309 6069
f 2722 6069 5326
f 5280 2725 2721
f 5280 2721 5285
f 2725 2726 5305
f 2725 5305 5304
f 2724 5320 5321
f 2724 5321 2726
f 2726 5321 6068
f 2726 6068 5305
f 2727 2728 5302
f 2727 5302 5301
f 2728 5326 6069
f 2728 6069 5302
f 2727 5301 5312
f 5312 5313 2718
f 5312 2718 2727
f 2729 2730 2732
f 2729 2732 2731
f 2731 2732 5300
f 2731 5300 5299
f 2730 5327 5328
f 2730 5328 2732
f 2732 5328 6066
f 2732 6066 5300
f 2690 5333 5274
f 5274 2752 2790
f 5274 2790 2787
f 2688 2690 5274
f 5348 2691 2688
f 5274 2787 2789
f 2789 5348 2688
f 5274 2789 2688
f 5317 6065 5294
f 5317 5294 2746
f 5329 2740 5281
f 5281 6062 5330
f 5281 5330 5329
f 2735 2736 5288
f 2735 5288 5287
f 2736 5317 6059
f 2736 6059 5288
f 2722 5326 6063
f 2722 6063 5286
f 2737 2739 5284
f 2737 5284 5283
f 2738 5318 5319
f 2738 5319 2739
f 2739 5319 6060
f 2739 6060 5284
f 5279 2728 2727
f 5279 2727 5278
f 2741 2742 5319
f 2741 5319 5318
f 5277 2742 2814
f 2814 5336 5335
f 5342 5343 5276
f 2814 5335 5342
f 5276 5277 2814
f 2814 5342 5276
f 2742 5277 6060
f 2742 6060 5319
f 2743 2744 5316
f 2743 5316 5315
f 2744 5333 6061
f 2744 6061 5316
f 2745 5272 5273
f 2745 5273 2746
f 2746 5273 6059
f 2746 6059 5317
f 2748 2749 5323
f 2748 5323 5322
f 2747 5270 5271
f 2747 5271 2749
f 2749 5271 6058
f 2749 6058 5323
f 2750 5270 5269
f 2750 5269 2751
f 2750 2752 5271
f 2750 5271 5270
f 2752 5274 6058
f 2752 6058 5271
f 2753 2755 5273
f 2753 5273 5272
f 2755 5275 6059
f 2755 6059 5273
f 2756 2758 5277
f 2756 5277 5276
f 2757 5283 5284
f 2757 5284 2758
f 2758 5284 6060
f 2758 6060 5277
f 2757 2759 5282
f 2757 5282 5283
f 2760 5287 5288
f 2760 5288 2761
f 2761 5288 6059
f 2761 6059 5275
f 2763 2764 2768
f 2763 2768 2765
f 2765 2768 5296
f 2765 5296 5295
f 2764 5291 5292
f 2764 5292 2768
f 2768 5292 6064
f 2768 6064 5296
f 2763 2765 2769
f 2763 2769 2766
f 2770 5293 5294
f 2770 5294 2771
f 2771 5294 6065
f 2771 6065 5297
f 2772 2775 2776
f 2772 2776 2773
f 2773 2776 5307
f 2773 5307 5306
f 2775 5299 5300
f 2775 5300 2776
f 2776 5300 6066
f 2776 6066 5307
f 2772 2774 2778
f 2772 2778 2775
f 2779 2780 5311
f 2779 5311 5310
f 2780 5297 6065
f 2780 6065 5311
f 2781 2782 5332
f 2781 5332 5331
f 2782 5296 6064
f 2782 6064 5332
f 2785 2786 2789
f 2785 2789 2787
f 2786 5347 5348
f 2786 5348 2789
f 2785 2787 2790
f 2785 2790 2788
f 2750 2788 2790
f 2750 2790 2752
f 2791 2794 2795
f 2791 2795 2792
f 2756 2795 2794
f 2794 2757 2758
f 2756 2794 2758
f 2791 2792 2796
f 2791 2796 2793
f 2793 2796 5349
f 2793 5349 5350
f 2797 2798 2801
f 2797 2801 2799
f 2797 2799 2802
f 2797 2802 2800
f 2800 2802 5351
f 2800 5351 5352
f 2803 2806 2807
f 2803 2807 2804
f 2806 5345 5346
f 2806 5346 2807
f 2803 2805 2808
f 2803 2808 2806
f 2805 5353 5354
f 2805 5354 2808
f 2809 2810 2812
f 2809 2812 2811
f 2810 5340 5341
f 2810 5341 2812
f 2742 2741 2809
f 2809 2811 2813
f 2813 2814 2742
f 2809 2813 2742
f 2813 5329 5330
f 2813 5330 2814
f 2814 5330 6062
f 2814 6062 5336
f 5324 5325 6067
f 6067 5314 2705
f 2705 5338 2743
f 2743 5315 5324
f 5324 6067 2705
f 2705 2743 5324
f 2741 2730 2729
f 2741 2729 2809
f 2734 2719 5324
f 2734 5324 5315
f 6061 5290 2734
f 2734 5315 5316
f 2734 5316 6061
f 5310 5291 2764
f 2764 2767 2779
f 2764 2779 5310
f 2695 2694 5350
f 5350 5349 2697
f 5350 2697 2695
f 5276 5343 2795
f 5276 2795 2756
f 2811 2812 5341
f 5341 6068 5321
f 5321 5320 2811
f 5341 5321 2811
f 2738 2723 5327
f 2738 5327 5318
f 5282 2759 2754
f 2754 2753 5272
f 2754 5272 5282
f 2761 2701 2700
f 2761 2700 2760
f 2753 2754 2759
f 2759 2699 2692
f 2759 2692 2753
f 5343 5342 2796
f 2792 2795 5343
f 2796 2792 5343
f 2695 2697 5349
f 5349 2796 5342
f 5335 5336 2698
f 5349 5342 5335
f 2698 2695 5349
f 5349 5335 2698
f 2779 2715 2717
f 2779 2717 2780
f 2773 2777 2713
f 2713 2711 2710
f 2710 5353 2805
f 2805 2803 2804
f 2804 2774 2772
f 2772 2773 2713
f 2713 2710 2805
f 2804 2772 2713
f 2713 2805 2804
f 2781 2783 2784
f 2784 2744 2743
f 2743 5338 5337
f 5337 2782 2781
f 2781 2784 2743
f 2743 5337 2781
f 5295 5344 2802
f 2801 2769 2765
f 2765 5295 2802
f 2802 2801 2765
f 2619 5238 5247
f 2619 5247 2604
f 2651 2588 5255
f 2651 5255 5213
f 2642 2579 2578
f 2642 2578 2641
f 5205 2589 2591
f 2591 2590 2605
f 2605 5206 5205
f 2591 2605 5205
f 5245 2611 5197
f 5197 6049 5246
f 5197 5246 5245
f 2563 5264 5263
f 5263 2558 2560
f 2563 5263 2560
f 2569 2567 2667
f 2667 5258 5251
f 5251 5252 2569
f 2667 5251 2569
f 2669 2637 2640
f 2669 2640 2672
f 2610 2608 5222
f 5222 5223 2594
f 2594 2609 2610
f 5222 2594 2610
f 5227 2607 2606
f 5227 2606 5226
f 5227 6052 5233
f 5227 5233 2607
f 2646 2649 2678
f 2678 5262 5214
f 5214 5215 2646
f 2678 5214 2646
f 5222 2608 2616
f 5222 2616 5209
f 5238 2654 2652
f 5238 2652 5247
f 2620 2619 2604
f 2604 5208 5207
f 5207 2618 2620
f 2604 5207 2620
f 2598 2589 5205
f 2598 5205 5194
f 5234 5243 2601
f 5234 2601 2612
f 5202 2593 5242
f 5202 5242 6050
f 2566 2664 2667
f 2566 2667 2567
f 2648 2641 2578
f 2580 2584 2648
f 2578 2580 2648
f 5240 5241 6054
f 6054 5230 2576
f 2576 5254 2614
f 2614 5231 5240
f 5240 6054 2576
f 2576 2614 5240
f 2573 5266 5265
f 2573 5265 2574
f 2612 2601 2600
f 2612 2600 2680
f 2682 2683 5257
f 5257 6055 5237
f 5237 5236 2682
f 5257 5237 2682
f 5243 2594 5223
f 5223 6053 5244
f 5223 5244 5243
f 5255 2579 2642
f 5255 2642 5213
f 2644 2648 2584
f 2584 2582 2581
f 2581 5267 2676
f 2676 2674 2675
f 2675 2645 2643
f 2643 2644 2584
f 2584 2581 2676
f 2675 2643 2584
f 2584 2676 2675
f 2675 2678 2649
f 2675 2649 2645
f 2618 5207 5226
f 2618 5226 2606
f 2652 2654 2655
f 2655 2615 2614
f 2614 5254 5253
f 5253 2653 2652
f 2652 2655 2614
f 2614 5253 2652
f 6057 5268 2583
f 6057 2583 5256
f 5248 6051 5208
f 5208 2604 5247
f 5248 5208 5247
f 5196 2596 2592
f 5196 2592 5201
f 2594 5243 5234
f 2594 5234 2609
f 5195 2599 2598
f 5195 2598 5194
f 5192 5259 2666
f 5192 2666 2627
f 2668 2671 5266
f 5266 2573 2575
f 2575 2577 2638
f 2638 2635 2634
f 2634 2637 2669
f 2669 2668 5266
f 5266 2575 2638
f 2638 2634 2669
f 5266 2638 2669
f 2632 2572 2571
f 2632 2571 2631
f 2653 5253 5260
f 5260 5211 5212
f 5260 5212 2653
f 2679 5268 6057
f 6057 5261 2677
f 2679 6057 2677
f 5197 2611 2595
f 2595 2597 2596
f 2596 5196 5197
f 2595 2596 5197
f 2636 5211 5260
f 5260 2670 2672
f 2672 2640 2636
f 5260 2672 2636
f 2559 2558 5263
f 5263 2657 2656
f 2659 2621 2622
f 5263 2656 2659
f 2561 2559 5263
f 2659 2622 2561
f 5263 2659 2561
f 5250 5191 2626
f 5250 2626 2565
f 2558 2559 2562
f 2558 2562 2560
f 2559 5205 5206
f 2559 5206 2562
f 2562 5206 6048
f 2562 6048 5249
f 2568 5196 5201
f 5201 2564 2570
f 5201 2570 2568
f 2564 5201 5202
f 2564 5202 2565
f 2565 5202 6050
f 2565 6050 5250
f 2566 2567 2569
f 2566 2569 2568
f 2568 2569 5197
f 2568 5197 5196
f 2569 5252 6049
f 2569 6049 5197
f 2571 2572 5195
f 2571 5195 5194
f 2572 5250 6050
f 2572 6050 5195
f 2571 5194 5205
f 5205 2559 2561
f 5205 2561 2571
f 2573 2574 2576
f 2573 2576 2575
f 2575 2576 5230
f 2575 5230 5229
f 2574 5253 5254
f 2574 5254 2576
f 2633 2622 5185
f 5185 5203 2631
f 2633 5185 2631
f 2575 5229 5228
f 2575 5228 2577
f 2578 2579 5225
f 2578 5225 5224
f 2579 5255 6056
f 2579 6056 5225
f 2582 2584 5219
f 2582 5219 5220
f 2581 2582 2585
f 2581 2585 2583
f 2583 2585 5257
f 2583 5257 5256
f 2582 5220 5221
f 2582 5221 2585
f 2585 5221 6055
f 2585 6055 5257
f 2586 5217 5218
f 2586 5218 2588
f 2588 5218 6056
f 2588 6056 5255
f 2590 2591 5241
f 2590 5241 5240
f 2589 5229 5230
f 2589 5230 2591
f 2591 5230 6054
f 2591 6054 5241
f 2564 2565 2626
f 2564 2626 2624
f 5220 5219 5224
f 5224 2592 2596
f 5224 2596 5220
f 2592 5224 5225
f 2592 5225 2593
f 2593 5225 6056
f 2593 6056 5242
f 2596 2597 5221
f 2596 5221 5220
f 2595 5236 5237
f 2595 5237 2597
f 2597 5237 6055
f 2597 6055 5221
f 2598 2599 5218
f 2598 5218 5217
f 2599 5242 6056
f 2599 6056 5218
f 2598 5217 5228
f 5228 5229 2589
f 5228 2589 2598
f 2600 2601 2603
f 2600 2603 2602
f 2602 2603 5216
f 2602 5216 5215
f 2601 5243 5244
f 2601 5244 2603
f 2603 5244 6053
f 2603 6053 5216
f 5233 6052 5210
f 5233 5210 2617
f 2606 2607 5204
f 2606 5204 5203
f 2607 5233 6046
f 2607 6046 5204
f 2608 2610 5200
f 2608 5200 5199
f 2609 5234 5235
f 2609 5235 2610
f 2610 5235 6047
f 2610 6047 5200
f 5190 5249 2615
f 5190 2615 2655
f 6050 5242 2599
f 6050 2599 5195
f 2612 2613 5235
f 2612 5235 5234
f 5193 2613 2685
f 2685 5252 5251
f 5258 5259 5192
f 2685 5251 5258
f 5192 5193 2685
f 2685 5258 5192
f 2613 5193 6047
f 2613 6047 5235
f 2614 2615 5232
f 2614 5232 5231
f 2615 5249 6048
f 2615 6048 5232
f 2616 5188 5189
f 2616 5189 2617
f 2617 5189 6046
f 2617 6046 5233
f 2619 2620 5239
f 2619 5239 5238
f 2618 5186 5187
f 2618 5187 2620
f 2620 5187 6045
f 2620 6045 5239
f 2621 5186 5185
f 2621 5185 2622
f 2621 2623 5187
f 2621 5187 5186
f 2623 5190 6045
f 2623 6045 5187
f 2624 2626 5189
f 2624 5189 5188
f 2626 5191 6046
f 2626 6046 5189
f 2627 2629 5193
f 2627 5193 5192
f 2628 5199 5200
f 2628 5200 2629
f 2629 5200 6047
f 2629 6047 5193
f 2628 2630 5198
f 2628 5198 5199
f 2631 5203 5204
f 2631 5204 2632
f 2632 5204 6046
f 2632 6046 5191
f 2634 2635 2639
f 2634 2639 2636
f 2636 2639 5212
f 2636 5212 5211
f 2635 5207 5208
f 2635 5208 2639
f 2639 5208 6051
f 2639 6051 5212
f 2634 2636 2640
f 2634 2640 2637
f 2641 5209 5210
f 2641 5210 2642
f 2642 5210 6052
f 2642 6052 5213
f 2643 2646 2647
f 2643 2647 2644
f 2644 2647 5223
f 2644 5223 5222
f 2646 5215 5216
f 2646 5216 2647
f 2647 5216 6053
f 2647 6053 5223
f 2643 2645 2649
f 2643 2649 2646
f 2650 2651 5227
f 2650 5227 5226
f 2651 5213 6052
f 2651 6052 5227
f 2652 2653 5248
f 2652 5248 5247
f 2653 5212 6051
f 2653 6051 5248
f 2656 2657 2660
f 2656 2660 2658
f 2657 5263 5264
f 2657 5264 2660
f 2656 2658 2661
f 2656 2661 2659
f 2621 2659 2661
f 2621 2661 2623
f 2662 2665 2666
f 2662 2666 2663
f 2627 2666 2665
f 2665 2628 2629
f 2627 2665 2629
f 2662 2663 2667
f 2662 2667 2664
f 2668 2669 2672
f 2668 2672 2670
f 2668 2670 2673
f 2668 2673 2671
f 2671 2673 5265
f 2671 5265 5266
f 2674 2677 2678
f 2674 2678 2675
f 2677 5261 5262
f 2677 5262 2678
f 2674 2676 2679
f 2674 2679 2677
f 2676 5267 5268
f 2676 5268 2679
f 2680 2681 2683
f 2680 2683 2682
f 2681 5256 5257
f 2681 5257 2683
f 2613 2612 2680
f 2680 2682 2684
f 2684 2685 2613
f 2680 2684 2613
f 2684 5245 5246
f 2684 5246 2685
f 2685 5246 6049
f 2685 6049 5252
f 5186 2618 2606
f 2606 5203 5185
f 2606 5185 5186
f 2630 2570 2564
f 2564 2624 2625
f 2564 2625 2630
f 5222 5209 2641
f 2641 2648 2644
f 2641 2644 5222
f 5260 5253 2574
f 2574 5265 2673
f 2673 2670 5260
f 2574 2673 5260
f 5201 2592 2593
f 5201 2593 5202
f 2586 2587 2577
f 2577 5228 5217
f 2577 5217 2586
f 2632 5191 5250
f 2632 5250 2572
f 2681 2602 5215
f 5215 5214 5262
f 5262 5261 6057
f 6057 5256 2681
f 2681 5215 5262
f 5262 6057 2681
f 2605 2590 5240
f 2605 5240 5231
f 6048 5206 2605
f 2605 5231 5232
f 5232 6048 2605
f 2680 2600 2602
f 2680 2602 2681
f 5198 2630 2625
f 2625 2624 5188
f 2625 5188 5198
f 5238 5239 6045
f 6045 5190 2655
f 2655 2654 5238
f 6045 2655 5238
f 5259 5258 2667
f 2663 2666 5259
f 2667 2663 5259
f 2650 2586 2588
f 2650 2588 2651
f 5188 2616 2608
f 2608 5199 5198
f 2608 5198 5188
f 2562 5249 5190
f 5190 2623 2661
f 5190 2661 2658
f 2560 2562 5190
f 5264 2563 2560
f 5190 2658 2660
f 2660 5264 2560
f 5190 2660 2560
f 5219 2584 2580
f 2580 2578 5224
f 2580 5224 5219
f 2568 2570 2630
f 2630 2628 2665
f 2665 2662 2664
f 2664 2566 2568
f 2568 2630 2665
f 2665 2664 2568
f 2583 5268 5267
f 2583 5267 2581
f 5236 2595 2611
f 5236 2611 5245
f 2617 5210 5209
f 2617 5209 2616
f 2638 2577 2587
f 2587 2586 2650
f 2587 2650 2638
f 2631 2571 2561
f 2561 2622 2633
f 2561 2633 2631
f 2684 2682 5236
f 2684 5236 5245
f 5226 5207 2635
f 2635 2638 2650
f 2635 2650 5226
f 5748 3424 3422
f 5748 3422 5757
f 3375 3360 5750
f 3375 5750 5741
f 6126 5716 3375
f 3375 5741 5742
f 3375 5742 6126
f 3438 3441 5778
f 5778 3343 3345
f 3345 3347 3408
f 3408 3405 3404
f 3404 3407 3439
f 3439 3438 5778
f 5778 3345 3408
f 3408 3404 3439
f 5778 3408 3439
f 3423 5763 5770
f 5770 5721 5722
f 5770 5722 3423
f 3439 3407 3410
f 3439 3410 3442
f 3394 3395 3400
f 3400 3340 3333
f 3400 3333 3394
f 3449 5780 6135
f 6135 5771 3447
f 3449 6135 3447
f 3452 3453 5767
f 5767 6133 5747
f 5747 5746 3452
f 5767 5747 3452
f 3353 5780 5779
f 3353 5779 3351
f 5750 5751 6132
f 6132 5740 3346
f 3346 5764 3384
f 3384 5741 5750
f 5750 6132 3346
f 3346 3384 5750
f 3328 3327 5773
f 5773 3427 3426
f 3429 3391 3392
f 5773 3426 3429
f 3330 3328 5773
f 3429 3392 3330
f 5773 3429 3330
f 3388 5717 5736
f 3388 5736 3376
f 3369 3368 5704
f 3369 5704 5705
f 5748 5749 6123
f 6123 5700 3425
f 3425 3424 5748
f 6123 3425 5748
f 3450 3370 3372
f 3450 3372 3451
f 5758 6129 5718
f 5718 3374 5757
f 5758 5718 5757
f 3408 3347 3357
f 3357 3356 3420
f 3357 3420 3408
f 3363 5752 6128
f 3363 6128 5712
f 3363 5712 5711
f 3363 5711 3362
f 3334 5760 5701
f 3334 5701 3396
f 3336 3338 5775
f 5775 3437 5768
f 5761 5762 3339
f 5775 5768 5761
f 3339 3336 5775
f 5775 5761 3339
f 5696 3388 3376
f 3376 5713 5695
f 3376 5695 5696
f 3331 5759 5700
f 5700 3393 3431
f 5700 3431 3428
f 3329 3331 5700
f 5774 3332 3329
f 5700 3428 3430
f 3430 5774 3329
f 5700 3430 3329
f 3420 3356 3358
f 3420 3358 3421
f 3445 3448 3419
f 3445 3419 3415
f 5718 5717 3388
f 3388 3390 3389
f 3389 3374 5718
f 3388 3389 5718
f 3330 3392 3403
f 3403 3401 3341
f 3403 3341 3330
f 5702 5769 3436
f 5702 3436 3397
f 3332 5774 5773
f 5773 3327 3329
f 3332 5773 3329
f 5760 3342 3402
f 5760 3402 5701
f 5736 5717 3405
f 3405 3408 3420
f 3405 3420 5736
f 5721 5770 3443
f 5721 3443 3440
f 3410 3406 5721
f 5721 3440 3442
f 3442 3410 5721
f 5708 3400 3395
f 3395 3394 5698
f 3395 5698 5708
f 5769 5768 3437
f 3433 3436 5769
f 3437 3433 5769
f 3403 3392 5695
f 5695 5713 3401
f 3403 5695 3401
f 5732 5719 3411
f 3411 3418 3414
f 3411 3414 5732
f 3416 3419 3448
f 3448 5772 5724
f 5724 5725 3416
f 3448 5724 3416
f 5755 3381 5707
f 5707 6127 5756
f 5707 5756 5755
f 3402 3342 3341
f 3402 3341 3401
f 5698 3386 3378
f 3378 5709 5708
f 3378 5708 5698
f 5704 3368 3359
f 5704 3359 5715
f 5746 5755 3454
f 5746 3454 3452
f 3374 3389 5748
f 3374 5748 5757
f 3424 3425 3385
f 3385 3384 5764
f 5764 5763 3423
f 3423 3422 3424
f 3424 3385 5764
f 5764 3423 3424
f 5716 5715 3359
f 3359 3361 3360
f 3375 5716 3359
f 3359 3360 3375
f 5744 3379 3364
f 5744 3364 5753
f 3336 3335 5776
f 5776 5775 3338
f 5776 3338 3336
f 5744 5753 3371
f 5744 3371 3382
f 3343 5778 5777
f 3343 5777 3344
f 5746 3365 3381
f 5746 3381 5755
f 3414 3418 3354
f 3354 3352 3351
f 3351 5779 3446
f 3446 3444 3445
f 3445 3415 3413
f 3413 3414 3354
f 3354 3351 3446
f 3445 3413 3354
f 3354 3446 3445
f 5777 3443 5770
f 5770 5763 3344
f 5770 3344 5777
f 3356 3357 3347
f 3347 5738 5727
f 3347 5727 3356
f 3421 3358 5765
f 3421 5765 5723
f 3337 3340 3400
f 3400 3398 3435
f 3435 3432 3434
f 3434 5776 3335
f 3335 3337 3400
f 3400 3435 3434
f 3400 3434 3335
f 5753 3364 5733
f 5733 6131 5754
f 5733 5754 5753
f 5765 3349 3412
f 5765 3412 5723
f 5729 3354 3350
f 3350 3348 5734
f 3350 5734 5729
f 6135 5780 3353
f 6135 3353 5766
f 3412 3349 3348
f 3412 3348 3411
f 3378 3386 5719
f 3378 5719 5732
f 3382 3371 3370
f 3382 3370 3450
f 3376 5736 5737
f 3376 5737 3377
f 3380 3378 5732
f 5732 5733 3364
f 3364 3379 3380
f 5732 3364 3380
f 3425 5700 5759
f 3425 5759 3385
f 3327 3328 3331
f 3327 3331 3329
f 3328 5715 5716
f 3328 5716 3331
f 3331 5716 6126
f 3331 6126 5759
f 3337 5706 5711
f 5711 3333 3340
f 5711 3340 3337
f 3333 5711 5712
f 3333 5712 3334
f 3334 5712 6128
f 3334 6128 5760
f 3335 3336 3339
f 3335 3339 3337
f 3337 3339 5707
f 3337 5707 5706
f 3339 5762 6127
f 3339 6127 5707
f 3341 3342 5705
f 3341 5705 5704
f 3342 5760 6128
f 3342 6128 5705
f 3341 5704 5715
f 5715 3328 3330
f 5715 3330 3341
f 3343 3344 3346
f 3343 3346 3345
f 3345 3346 5740
f 3345 5740 5739
f 3344 5763 5764
f 3344 5764 3346
f 3345 5739 5738
f 3345 5738 3347
f 3348 3349 5735
f 3348 5735 5734
f 3349 5765 6134
f 3349 6134 5735
f 3352 3354 5729
f 3352 5729 5730
f 3351 3352 3355
f 3351 3355 3353
f 3353 3355 5767
f 3353 5767 5766
f 3352 5730 5731
f 3352 5731 3355
f 3355 5731 6133
f 3355 6133 5767
f 3356 5727 5728
f 3356 5728 3358
f 3358 5728 6134
f 3358 6134 5765
f 3360 3361 5751
f 3360 5751 5750
f 3359 5739 5740
f 3359 5740 3361
f 3361 5740 6132
f 3361 6132 5751
f 5719 3386 3387
f 5719 3387 5720
f 3333 3334 3396
f 3333 3396 3394
f 5720 3387 5743
f 5720 5743 6130
f 5730 5729 5734
f 5734 3362 3366
f 5734 3366 5730
f 3362 5734 5735
f 3362 5735 3363
f 3363 5735 6134
f 3363 6134 5752
f 5706 3366 3362
f 5706 3362 5711
f 3366 3367 5731
f 3366 5731 5730
f 3365 5746 5747
f 3365 5747 3367
f 3367 5747 6133
f 3367 6133 5731
f 3368 3369 5728
f 3368 5728 5727
f 3369 5752 6134
f 3369 6134 5728
f 3368 5727 5738
f 5738 5739 3359
f 5738 3359 3368
f 3370 3371 3373
f 3370 3373 3372
f 3372 3373 5726
f 3372 5726 5725
f 3371 5753 5754
f 3371 5754 3373
f 3373 5754 6131
f 3373 6131 5726
f 3376 3377 5714
f 3376 5714 5713
f 3377 5743 6124
f 3377 6124 5714
f 5707 3381 3365
f 3365 3367 3366
f 3366 5706 5707
f 3365 3366 5707
f 3369 5705 6128
f 3369 6128 5752
f 3378 3380 5710
f 3378 5710 5709
f 3379 5744 5745
f 3379 5745 3380
f 3380 5745 6125
f 3380 6125 5710
f 3382 3383 5745
f 3382 5745 5744
f 5703 3383 3455
f 3455 5762 5761
f 5768 5769 5702
f 3455 5761 5768
f 5702 5703 3455
f 3455 5768 5702
f 3383 5703 6125
f 3383 6125 5745
f 3418 3411 3348
f 3350 3354 3418
f 3348 3350 3418
f 3384 3385 5742
f 3384 5742 5741
f 3385 5759 6126
f 3385 6126 5742
f 3386 5698 5699
f 3386 5699 3387
f 3387 5699 6124
f 3387 6124 5743
f 3389 3390 5749
f 3389 5749 5748
f 3388 5696 5697
f 3388 5697 3390
f 3390 5697 6123
f 3390 6123 5749
f 3391 5696 5695
f 3391 5695 3392
f 3391 3393 5697
f 3391 5697 5696
f 3393 5700 6123
f 3393 6123 5697
f 3394 3396 5699
f 3394 5699 5698
f 3396 5701 6124
f 3396 6124 5699
f 3397 3399 5703
f 3397 5703 5702
f 3398 5709 5710
f 3398 5710 3399
f 3399 5710 6125
f 3399 6125 5703
f 3398 3400 5708
f 3398 5708 5709
f 3401 5713 5714
f 3401 5714 3402
f 3402 5714 6124
f 3402 6124 5701
f 3404 3405 3409
f 3404 3409 3406
f 3406 3409 5722
f 3406 5722 5721
f 3405 5717 5718
f 3405 5718 3409
f 3409 5718 6129
f 3409 6129 5722
f 3404 3406 3410
f 3404 3410 3407
f 3411 5719 5720
f 3411 5720 3412
f 3412 5720 6130
f 3412 6130 5723
f 3413 3416 3417
f 3413 3417 3414
f 3414 3417 5733
f 3414 5733 5732
f 3416 5725 5726
f 3416 5726 3417
f 3417 5726 6131
f 3417 6131 5733
f 3413 3415 3419
f 3413 3419 3416
f 5743 3377 5737
f 5743 5737 6130
f 3420 3421 5737
f 3420 5737 5736
f 3421 5723 6130
f 3421 6130 5737
f 3422 3423 5758
f 3422 5758 5757
f 3423 5722 6129
f 3423 6129 5758
f 3426 3427 3430
f 3426 3430 3428
f 3427 5773 5774
f 3427 5774 3430
f 3426 3428 3431
f 3426 3431 3429
f 3391 3429 3431
f 3391 3431 3393
f 3432 3435 3436
f 3432 3436 3433
f 3397 3436 3435
f 3435 3398 3399
f 3397 3435 3399
f 3432 3433 3437
f 3432 3437 3434
f 3434 3437 5775
f 3434 5775 5776
f 3438 3439 3442
f 3438 3442 3440
f 3438 3440 3443
f 3438 3443 3441
f 3441 3443 5777
f 3441 5777 5778
f 3444 3447 3448
f 3444 3448 3445
f 3447 5771 5772
f 3447 5772 3448
f 3444 3446 3449
f 3444 3449 3447
f 3446 5779 5780
f 3446 5780 3449
f 3451 3372 5725
f 5725 5724 5772
f 5772 5771 6135
f 6135 5766 3451
f 3451 5725 5772
f 5772 6135 3451
f 3450 3451 3453
f 3450 3453 3452
f 3451 5766 5767
f 3451 5767 3453
f 3383 3382 3450
f 3450 3452 3454
f 3454 3455 3383
f 3450 3454 3383
f 3454 5755 5756
f 3454 5756 3455
f 3455 5756 6127
f 3455 6127 5762
f 1 5 6
f 1 6 2
f 2 6 3518
f 2 3518 3517
f 1 2 7
f 1 7 3
f 1 3 8
f 1 8 4
f 4 8 3514
f 4 3514 3515
f 1 4 9
f 1 9 5
f 4 3515 3516
f 4 3516 9
f 81 3474 3475
f 81 3475 85
f 10 14 15
f 10 15 11
f 10 11 16
f 10 16 12
f 11 3520 3519
f 11 3519 16
f 10 12 17
f 10 17 13
f 13 17 3511
f 13 3511 3512
f 10 13 18
f 10 18 14
f 13 3512 3513
f 13 3513 18
f 19 23 24
f 19 24 20
f 20 24 3513
f 20 3513 3512
f 19 20 25
f 19 25 21
f 20 3512 3511
f 20 3511 25
f 19 21 26
f 19 26 22
f 22 26 3501
f 22 3501 3500
f 26 3508 5790
f 26 5790 3501
f 19 22 27
f 19 27 23
f 22 3500 27
f 28 29 32
f 28 32 30
f 29 3509 3510
f 29 3510 32
f 30 3477 3476
f 30 3476 33
f 28 30 33
f 28 33 31
f 34 38 39
f 34 39 35
f 35 39 3516
f 35 3516 3515
f 34 35 40
f 34 40 36
f 35 3515 3514
f 35 3514 40
f 34 36 41
f 34 41 37
f 37 41 3496
f 34 37 42
f 34 42 38
f 37 3496 3497
f 37 3497 42
f 42 3497 5789
f 42 5789 3466
f 43 44 47
f 43 47 45
f 43 45 48
f 43 48 46
f 46 48 3510
f 46 3510 3509
f 32 3478 3477
f 32 3477 30
f 49 3500 3501
f 49 3501 50
f 50 3501 5790
f 50 5790 3502
f 52 3503 5788
f 52 5788 3499
f 90 67 70
f 90 70 91
f 54 55 3497
f 54 3497 3496
f 53 3504 3505
f 53 3505 55
f 55 3505 5789
f 55 5789 3497
f 56 3502 5790
f 56 5790 3508
f 58 59 3491
f 58 3491 3490
f 57 3506 3507
f 57 3507 59
f 59 3507 5787
f 59 5787 3491
f 61 3488 5787
f 61 5787 3507
f 64 3466 5789
f 64 5789 3505
f 65 68 69
f 65 69 66
f 68 3494 3495
f 68 3495 69
f 65 66 70
f 65 70 67
f 71 75 76
f 71 76 72
f 72 76 3488
f 72 3488 3487
f 75 3490 3491
f 75 3491 76
f 76 3491 5787
f 76 5787 3488
f 71 72 77
f 71 77 73
f 71 73 78
f 71 78 74
f 71 74 79
f 71 79 75
f 75 79 3489
f 75 3489 3490
f 74 3517 3518
f 74 3518 79
f 80 83 84
f 80 84 81
f 80 81 85
f 80 85 82
f 82 85 3495
f 82 3495 3494
f 85 3475 5782
f 85 5782 3495
f 86 90 91
f 86 91 87
f 86 87 92
f 86 92 88
f 88 92 3493
f 88 3493 3492
f 87 3498 3499
f 87 3499 92
f 92 3499 5788
f 92 5788 3493
f 86 88 93
f 86 93 89
f 89 93 3519
f 89 3519 3520
f 86 89 94
f 86 94 90
f 3492 3493 95
f 95 3493 5788
f 95 5788 3503
f 45 3468 3469
f 45 3469 48
f 67 44 43
f 67 43 65
f 46 68 65
f 46 65 43
f 59 58 3462
f 3462 3463 57
f 3462 57 59
f 88 3492 21
f 21 25 3511
f 3511 17 12
f 3511 12 16
f 88 21 3511
f 3519 93 88
f 88 3511 16
f 16 3519 88
f 3464 3479 56
f 3508 26 21
f 3464 56 3508
f 3492 95 3464
f 3508 21 3492
f 3508 3492 3464
f 55 54 3471
f 3471 3472 53
f 3471 53 55
f 3487 3460 3459
f 3459 3473 84
f 84 77 72
f 72 3487 3459
f 3459 84 72
f 3502 5785 3485
f 3502 3485 50
f 47 3467 3468
f 47 3468 45
f 31 83 80
f 31 80 28
f 3483 3467 47
f 47 27 3500
f 3500 49 3484
f 3484 3483 47
f 47 3500 3484
f 3494 3509 29
f 3494 29 82
f 82 29 28
f 82 28 80
f 68 46 3509
f 68 3509 3494
f 64 63 3486
f 3486 3462 58
f 62 3465 38
f 3486 58 62
f 3466 64 3486
f 38 42 3466
f 3486 62 38
f 3486 38 3466
f 36 31 33
f 36 33 41
f 50 3485 3484
f 50 3484 49
f 3460 3487 3488
f 61 60 3461
f 3460 3488 61
f 61 3461 3460
f 44 67 90
f 90 94 15
f 90 15 14
f 23 44 90
f 3513 24 23
f 90 14 3513
f 90 3513 23
f 56 3479 5785
f 56 5785 3502
f 3517 74 78
f 78 7 2
f 78 2 3517
f 41 33 3476
f 3470 3471 54
f 41 3476 3470
f 54 3496 41
f 3470 54 41
f 53 3472 5784
f 53 5784 3504
f 3490 3489 3465
f 3465 62 58
f 3465 58 3490
f 73 83 31
f 31 36 40
f 7 78 73
f 73 31 40
f 40 8 7
f 40 7 73
f 3510 5786 3478
f 3510 3478 32
f 3504 5784 3486
f 63 64 3505
f 3504 3486 63
f 63 3505 3504
f 44 23 27
f 44 27 47
f 83 73 77
f 83 77 84
f 3456 3480 3481
f 3498 87 91
f 3456 3481 3498
f 91 70 3456
f 3498 91 3456
f 5782 3458 69
f 5782 69 3495
f 66 3457 3456
f 66 3456 70
f 3506 5781 3461
f 3461 60 61
f 61 3507 3506
f 3461 61 3506
f 57 3463 5781
f 57 5781 3506
f 69 3458 3457
f 69 3457 66
f 94 89 3520
f 3520 11 15
f 3520 15 94
f 6 5 9
f 39 38 3465
f 3465 3489 79
f 3465 79 3518
f 9 39 3465
f 3465 3518 6
f 9 3465 6
f 48 3469 5786
f 48 5786 3510
f 3482 51 52
f 52 3499 3498
f 3498 3481 3482
f 52 3498 3482
f 84 3473 3474
f 84 3474 81
f 5783 3464 95
f 5783 95 3503
f 52 51 3482
f 3482 5783 3503
f 3482 3503 52
f 4300 4324 4325
f 4342 1322 1326
f 4300 4325 4342
f 1326 1305 4300
f 4342 1326 4300
f 4327 4311 1282
f 1282 1262 4344
f 4344 1284 4328
f 4328 4327 1282
f 1282 4344 4328
f 1276 1268 4320
f 4314 4315 1289
f 1276 4320 4314
f 1289 4340 1276
f 4314 1289 1276
f 1240 1244 4360
f 4360 1274 1273
f 1273 4309 4333
f 4333 1314 4362
f 1240 4360 1273
f 1273 4333 4362
f 1240 1273 4362
f 1299 1298 4330
f 4330 4306 1293
f 1297 4309 1273
f 4330 1293 1297
f 4310 1299 4330
f 1273 1277 4310
f 4330 1297 1273
f 4330 1273 4310
f 1259 1258 1279
f 1279 1302 1325
f 1325 1329 1250
f 1325 1250 1249
f 1259 1279 1325
f 1325 1249 1253
f 1253 1259 1325
f 4326 1286 1287
f 1287 4343 4342
f 4342 4325 4326
f 1287 4342 4326
f 1290 1289 4315
f 4315 4316 1288
f 4315 1288 1290
f 1323 4336 1256
f 1256 1260 4355
f 4355 1252 1247
f 4355 1247 1251
f 1323 1256 4355
f 4363 1328 1323
f 4355 1251 4363
f 4355 4363 1323
f 1266 1318 1315
f 1266 1315 1263
f 1287 1286 4326
f 4326 5913 4347
f 4326 4347 1287
f 4304 4331 4332
f 1296 1295 4305
f 4304 4332 1296
f 1296 4305 4304
f 1320 4319 5912
f 1320 5912 4339
f 4361 1309 1313
f 1313 1242 1237
f 1313 1237 4361
f 1329 1324 4364
f 4364 1246 1250
f 4364 1250 1329
f 4338 1303 1281
f 4338 1281 4353
f 1282 4311 4312
f 1282 4312 1280
f 1280 4312 4313
f 1280 4313 1283
f 4346 5915 4329
f 4346 4329 1285
f 1304 4302 4301
f 1304 4301 1301
f 1316 4318 4319
f 1316 4319 1320
f 1236 1240 1241
f 1236 1241 1237
f 1237 1241 4362
f 1237 4362 4361
f 1236 1237 1242
f 1236 1242 1238
f 1236 1238 1243
f 1236 1243 1239
f 1239 1243 4358
f 1239 4358 4359
f 1236 1239 1244
f 1236 1244 1240
f 1239 4359 4360
f 1239 4360 1244
f 1271 1266 1268
f 1271 1268 1276
f 1245 1249 1250
f 1245 1250 1246
f 1245 1246 1251
f 1245 1251 1247
f 1246 4364 4363
f 1246 4363 1251
f 1245 1247 1252
f 1245 1252 1248
f 1248 1252 4355
f 1248 4355 4356
f 1245 1248 1253
f 1245 1253 1249
f 1248 4356 4357
f 1248 4357 1253
f 1254 1258 1259
f 1254 1259 1255
f 1255 1259 4357
f 1255 4357 4356
f 1254 1255 1260
f 1254 1260 1256
f 1255 4356 4355
f 1255 4355 1260
f 1254 1256 1261
f 1254 1261 1257
f 1257 1261 4345
f 1257 4345 4344
f 1261 4352 5920
f 1261 5920 4345
f 1254 1257 1262
f 1254 1262 1258
f 1257 4344 1262
f 1281 1303 1300
f 1281 1300 1278
f 1317 4338 4353
f 1317 4353 1264
f 1263 1264 1267
f 1263 1267 1265
f 1264 4353 4354
f 1264 4354 1267
f 1267 4322 4321
f 1267 4321 1265
f 1263 1265 1268
f 1263 1268 1266
f 1269 1273 1274
f 1269 1274 1270
f 1270 1274 4360
f 1270 4360 4359
f 1269 1270 1275
f 1269 1275 1271
f 1270 4359 4358
f 1270 4358 1275
f 1269 1271 1276
f 1269 1276 1272
f 1272 1276 4340
f 1269 1272 1277
f 1269 1277 1273
f 1272 4340 4341
f 1272 4341 1277
f 1277 4341 5919
f 1277 5919 4310
f 1278 1279 1282
f 1278 1282 1280
f 1265 4321 4320
f 1265 4320 1268
f 1278 1280 1283
f 1278 1283 1281
f 1281 1283 4354
f 1281 4354 4353
f 1263 1315 1317
f 1263 1317 1264
f 1284 4344 4345
f 1284 4345 1285
f 1285 4345 5920
f 1285 5920 4346
f 1287 4347 5918
f 1287 5918 4343
f 1289 1290 4341
f 1289 4341 4340
f 1288 4348 4349
f 1288 4349 1290
f 1290 4349 5919
f 1290 5919 4341
f 1291 4346 5920
f 1291 5920 4352
f 1293 1294 4335
f 1293 4335 4334
f 1292 4350 4351
f 1292 4351 1294
f 1294 4351 5917
f 1294 5917 4335
f 1283 4313 5916
f 1283 5916 4354
f 1296 4332 5917
f 1296 5917 4351
f 1299 4310 5919
f 1299 5919 4349
f 1300 1303 1304
f 1300 1304 1301
f 1303 4338 4339
f 1303 4339 1304
f 1301 4301 4300
f 1301 4300 1305
f 1300 1301 1305
f 1300 1305 1302
f 1306 1310 1311
f 1306 1311 1307
f 1307 1311 4332
f 1307 4332 4331
f 1310 4334 4335
f 1310 4335 1311
f 1311 4335 5917
f 1311 5917 4332
f 1306 1307 1312
f 1306 1312 1308
f 1318 1308 1312
f 1318 1312 1319
f 1306 1308 1313
f 1306 1313 1309
f 1306 1309 1314
f 1306 1314 1310
f 1310 1314 4333
f 1310 4333 4334
f 1309 4361 4362
f 1309 4362 1314
f 1315 1318 1319
f 1315 1319 1316
f 1315 1316 1320
f 1315 1320 1317
f 1317 1320 4339
f 1317 4339 4338
f 1321 1325 1326
f 1321 1326 1322
f 1321 1322 1327
f 1321 1327 1323
f 1323 1327 4337
f 1323 4337 4336
f 1322 4342 4343
f 1322 4343 1327
f 1327 4343 5918
f 1327 5918 4337
f 1321 1323 1328
f 1321 1328 1324
f 1324 1328 4363
f 1324 4363 4364
f 1321 1324 1329
f 1321 1329 1325
f 4336 4337 1330
f 1330 4337 5918
f 1330 5918 4347
f 4350 5911 4305
f 4305 1295 1296
f 1296 4351 4350
f 4305 1296 4350
f 4354 5916 4322
f 4354 4322 1267
f 1294 1293 4306
f 4306 4307 1292
f 4306 1292 1294
f 1325 1302 1305
f 1325 1305 1326
f 5912 4302 1304
f 5912 1304 4339
f 1279 1258 1262
f 1279 1262 1282
f 1319 4317 4318
f 1319 4318 1316
f 1288 4316 5914
f 1288 5914 4348
f 4331 4304 4303
f 4303 4317 1319
f 1319 1312 1307
f 1307 4331 4303
f 4303 1319 1307
f 1302 1279 1278
f 1302 1278 1300
f 4334 4333 4309
f 4309 1297 1293
f 4309 1293 4334
f 1292 4307 5911
f 1292 5911 4350
f 4308 4323 1291
f 4352 1261 1256
f 4308 1291 4352
f 4336 1330 4308
f 4352 1256 4336
f 4352 4336 4308
f 1308 1318 1266
f 1266 1271 1275
f 1238 1242 1313
f 1275 1243 1238
f 1308 1266 1275
f 1238 1313 1308
f 1275 1238 1308
f 4348 5914 4330
f 1298 1299 4349
f 4348 4330 1298
f 1298 4349 4348
f 1285 4329 4328
f 1285 4328 1284
f 1291 4323 5915
f 1291 5915 4346
f 5913 4308 1330
f 5913 1330 4347
f 5146 6035 5120
f 2477 2463 5154
f 5145 5146 5120
f 2477 5154 5145
f 5145 5120 2477
f 5152 2526 2524
f 5152 2524 5161
f 2459 2460 2450
f 2450 5142 5131
f 2450 5131 2459
f 2514 2452 2451
f 2514 2451 2513
f 2483 2468 2470
f 2470 2469 5110
f 5110 5111 2483
f 2470 5110 2483
f 5148 5157 2474
f 5148 2474 2484
f 5140 5121 2507
f 2507 2510 2522
f 2507 2522 5140
f 5104 5163 2487
f 5104 2487 2527
f 5169 2452 2514
f 5169 2514 5127
f 2490 5121 5140
f 2490 5140 2478
f 2526 2527 2487
f 2487 2486 5168
f 5168 5167 2525
f 2525 2524 2526
f 2526 2487 5168
f 5168 2525 2526
f 2464 2463 2477
f 2477 5120 5119
f 5119 2462 2464
f 2477 5119 2464
f 2466 5156 6037
f 2466 6037 5116
f 2553 2475 5129
f 5129 5128 5176
f 5176 5175 6044
f 6044 5170 2553
f 2553 5129 5176
f 5176 6044 2553
f 5106 5173 2538
f 5106 2538 2499
f 5152 5153 6032
f 6032 5104 2527
f 2527 2526 5152
f 6032 2527 5152
f 2516 2520 2457
f 2457 2455 2454
f 2454 5183 2548
f 2548 2546 2547
f 2547 2517 2515
f 2515 2516 2457
f 2457 2454 2548
f 2547 2515 2457
f 2457 2548 2547
f 2518 2521 2550
f 2550 5176 5128
f 5128 5129 2518
f 2550 5128 2518
f 5136 5123 2513
f 2513 2520 2516
f 2513 2516 5136
f 2525 5167 5174
f 5174 5125 5126
f 5174 5126 2525
f 2520 2513 2451
f 2453 2457 2520
f 2451 2453 2520
f 5122 5121 2490
f 2490 2492 2491
f 2490 2491 5122
f 2467 5157 5148
f 2467 5148 2481
f 6044 5184 2456
f 6044 2456 5170
f 2437 2498 2496
f 2437 2496 2436
f 2473 2475 2553
f 2473 2553 2552
f 2471 5108 5109
f 2471 5109 2472
f 2446 5182 5181
f 2446 5181 2447
f 5154 5155 6041
f 6041 5144 2449
f 2449 5168 2486
f 2486 5145 5154
f 5154 6041 2449
f 2449 2486 5154
f 2489 5124 5123
f 2489 5123 2488
f 5102 2488 2480
f 2480 5113 5112
f 2480 5112 5102
f 6037 5156 2472
f 6037 2472 5109
f 2465 2466 5116
f 2465 5116 5115
f 5125 5174 2545
f 5125 2545 2542
f 2512 2508 5125
f 5125 2542 2544
f 2544 2512 5125
f 2439 2438 5180
f 5180 5179 2441
f 5180 2441 2439
f 2434 5163 5104
f 5104 2495 2533
f 5104 2533 2530
f 2432 2434 5104
f 5178 2435 2432
f 5104 2530 2532
f 2532 5178 2432
f 5104 2532 2432
f 2437 5164 5105
f 2437 5105 2498
f 2541 2509 2512
f 2541 2512 2544
f 5140 5141 2479
f 5140 2479 2478
f 2482 2480 5136
f 5136 5137 2467
f 2467 2481 2482
f 5136 2467 2482
f 2510 2450 2460
f 2460 2459 2522
f 2460 2522 2510
f 2435 5178 5177
f 5177 2430 2432
f 2435 5177 2432
f 2440 2443 2502
f 2502 2500 2537
f 2537 2534 2536
f 2536 5180 2438
f 2438 2440 2502
f 2502 2537 2536
f 2502 2536 2438
f 5173 5172 2539
f 2535 2538 5173
f 2539 2535 5173
f 5150 5159 2556
f 5150 2556 2554
f 2430 2431 2434
f 2430 2434 2432
f 2431 5119 5120
f 2431 5120 2434
f 2434 5120 6035
f 2434 6035 5163
f 2440 5110 5115
f 5115 2436 2443
f 5115 2443 2440
f 2436 5115 5116
f 2436 5116 2437
f 2437 5116 6037
f 2437 6037 5164
f 2438 2439 2442
f 2438 2442 2440
f 2440 2442 5111
f 2440 5111 5110
f 2442 5166 6036
f 2442 6036 5111
f 2444 2445 5109
f 2444 5109 5108
f 2445 5164 6037
f 2445 6037 5109
f 2444 5108 5119
f 5119 2431 2433
f 5119 2433 2444
f 2446 2447 2449
f 2446 2449 2448
f 2448 2449 5144
f 2448 5144 5143
f 2447 5167 5168
f 2447 5168 2449
f 2448 5143 5142
f 2448 5142 2450
f 2451 2452 5139
f 2451 5139 5138
f 2452 5169 6043
f 2452 6043 5139
f 2455 2457 5133
f 2455 5133 5134
f 2454 2455 2458
f 2454 2458 2456
f 2456 2458 5171
f 2456 5171 5170
f 2455 5134 5135
f 2455 5135 2458
f 2458 5135 6042
f 2458 6042 5171
f 2554 2555 5171
f 5171 6042 5151
f 5151 5150 2554
f 5171 5151 2554
f 2459 5131 5132
f 2459 5132 2461
f 2461 5132 6043
f 2461 6043 5169
f 2547 2550 2521
f 2547 2521 2517
f 2463 2464 5155
f 2463 5155 5154
f 2462 5143 5144
f 2462 5144 2464
f 2464 5144 6041
f 2464 6041 5155
f 5134 5133 5138
f 5138 2465 2469
f 5138 2469 5134
f 2465 5138 5139
f 2465 5139 2466
f 2466 5139 6043
f 2466 6043 5156
f 2469 2465 5115
f 2469 5115 5110
f 2469 2470 5135
f 2469 5135 5134
f 2468 5150 5151
f 2468 5151 2470
f 2470 5151 6042
f 2470 6042 5135
f 2471 2472 5132
f 2471 5132 5131
f 2472 5156 6043
f 2472 6043 5132
f 2471 5131 5142
f 5142 5143 2462
f 5142 2462 2471
f 2473 2474 2476
f 2473 2476 2475
f 2475 2476 5130
f 2475 5130 5129
f 2474 5157 5158
f 2474 5158 2476
f 2476 5158 6040
f 2476 6040 5130
f 2478 2479 5118
f 2478 5118 5117
f 2479 5147 6033
f 2479 6033 5118
f 2480 2482 5114
f 2480 5114 5113
f 2481 5148 5149
f 2481 5149 2482
f 2482 5149 6034
f 2482 6034 5114
f 2484 2485 5149
f 2484 5149 5148
f 5107 2485 2557
f 2557 5166 5165
f 5172 5173 5106
f 2557 5165 5172
f 5106 5107 2557
f 2557 5172 5106
f 2485 5107 6034
f 2485 6034 5149
f 2486 2487 5146
f 2486 5146 5145
f 2487 5163 6035
f 2487 6035 5146
f 2488 5102 5103
f 2488 5103 2489
f 2489 5103 6033
f 2489 6033 5147
f 2491 2492 5153
f 2491 5153 5152
f 2490 5100 5101
f 2490 5101 2492
f 2492 5101 6032
f 2492 6032 5153
f 2493 5100 5099
f 2493 5099 2494
f 2493 2495 5101
f 2493 5101 5100
f 2495 5104 6032
f 2495 6032 5101
f 2497 2502 2443
f 2443 2436 2496
f 2443 2496 2497
f 5136 2480 2488
f 5136 2488 5123
f 2496 2498 5103
f 2496 5103 5102
f 2498 5105 6033
f 2498 6033 5103
f 2499 2501 5107
f 2499 5107 5106
f 2500 5113 5114
f 2500 5114 2501
f 2501 5114 6034
f 2501 6034 5107
f 2500 2502 5112
f 2500 5112 5113
f 2503 5117 5118
f 2503 5118 2504
f 2504 5118 6033
f 2504 6033 5105
f 2506 2507 2511
f 2506 2511 2508
f 2508 2511 5126
f 2508 5126 5125
f 2507 5121 5122
f 2507 5122 2511
f 2511 5122 6038
f 2511 6038 5126
f 2506 2508 2512
f 2506 2512 2509
f 2513 5123 5124
f 2513 5124 2514
f 2514 5124 6039
f 2514 6039 5127
f 2515 2518 2519
f 2515 2519 2516
f 2516 2519 5137
f 2516 5137 5136
f 2518 5129 5130
f 2518 5130 2519
f 2519 5130 6040
f 2519 6040 5137
f 2515 2517 2521
f 2515 2521 2518
f 2522 2523 5141
f 2522 5141 5140
f 2523 5127 6039
f 2523 6039 5141
f 2524 2525 5162
f 2524 5162 5161
f 2525 5126 6038
f 2525 6038 5162
f 2528 2529 2532
f 2528 2532 2530
f 2529 5177 5178
f 2529 5178 2532
f 2528 2530 2533
f 2528 2533 2531
f 2493 2531 2533
f 2493 2533 2495
f 2534 2537 2538
f 2534 2538 2535
f 2499 2538 2537
f 2537 2500 2501
f 2499 2537 2501
f 2534 2535 2539
f 2534 2539 2536
f 2536 2539 5179
f 2536 5179 5180
f 2540 2541 2544
f 2540 2544 2542
f 2540 2542 2545
f 2540 2545 2543
f 2543 2545 5181
f 2543 5181 5182
f 2546 2549 2550
f 2546 2550 2547
f 2549 5175 5176
f 2549 5176 2550
f 2546 2548 2551
f 2546 2551 2549
f 2548 5183 5184
f 2548 5184 2551
f 2431 2430 5177
f 5177 2529 2528
f 2531 2493 2494
f 5177 2528 2531
f 2433 2431 5177
f 2531 2494 2433
f 5177 2531 2433
f 2552 2553 2555
f 2552 2555 2554
f 2553 5170 5171
f 2553 5171 2555
f 2485 2484 2552
f 2552 2554 2556
f 2556 2557 2485
f 2552 2556 2485
f 2556 5159 5160
f 2556 5160 2557
f 2557 5160 6036
f 2557 6036 5166
f 2523 2461 5169
f 2523 5169 5127
f 2522 2459 2461
f 2522 2461 2523
f 2551 5184 6044
f 6044 5175 2549
f 2551 6044 2549
f 5147 6039 5124
f 5147 5124 2489
f 5141 6039 5147
f 5141 5147 2479
f 2456 5184 5183
f 2456 5183 2454
f 2439 2441 5179
f 5179 2539 5172
f 5165 5166 2442
f 5179 5172 5165
f 2442 2439 5179
f 5179 5165 2442
f 5181 2545 5174
f 5174 5167 2447
f 5174 2447 5181
f 5112 2502 2497
f 2497 2496 5102
f 2497 5102 5112
f 2540 2543 5182
f 5182 2446 2448
f 2448 2450 2510
f 2510 2507 2506
f 2506 2509 2541
f 2541 2540 5182
f 5182 2448 2510
f 2510 2506 2541
f 5182 2510 2541
f 5122 2491 5152
f 5122 5152 5161
f 5162 6038 5122
f 5161 5162 5122
f 2484 2474 2473
f 2484 2473 2552
f 5159 2483 5111
f 5111 6036 5160
f 5111 5160 5159
f 2444 2433 2494
f 2494 2505 2503
f 2494 2503 2444
f 2504 2445 2444
f 2504 2444 2503
f 2468 2483 5159
f 2468 5159 5150
f 5100 2490 2478
f 2478 5117 5099
f 2478 5099 5100
f 5164 2445 2504
f 5164 2504 5105
f 5133 2457 2453
f 2453 2451 5138
f 2453 5138 5133
f 2505 2494 5099
f 5099 5117 2503
f 2505 5099 2503
f 5157 2467 5137
f 5137 6040 5158
f 5137 5158 5157
f 2471 2462 5119
f 2471 5119 5108
f 945 949 870
f 4097 879 878
f 870 873 4097
f 922 945 870
f 878 899 922
f 870 4097 878
f 870 878 922
f 4066 906 907
f 907 4083 4082
f 4082 4065 4066
f 907 4082 4066
f 905 4069 4068
f 905 4068 904
f 4088 5874 4070
f 918 919 4089
f 4088 4070 918
f 918 4089 4088
f 4040 4064 4065
f 4082 942 946
f 4040 4065 4082
f 946 925 4040
f 4082 946 4040
f 4101 929 933
f 933 862 857
f 933 857 4101
f 4048 4063 911
f 4092 881 876
f 4048 911 4092
f 4076 950 4048
f 4092 876 4076
f 4092 4076 4048
f 937 4078 4093
f 937 4093 884
f 901 923 920
f 901 920 898
f 943 4076 876
f 876 880 4095
f 4095 872 867
f 4103 948 943
f 943 876 4095
f 867 4103 943
f 4095 867 943
f 4071 4044 4043
f 4043 4057 939
f 939 932 927
f 927 4071 4043
f 4043 939 927
f 5872 4042 924
f 5872 924 4079
f 919 918 4070
f 4070 4046 913
f 917 4049 893
f 4070 913 917
f 4050 919 4070
f 893 897 4050
f 4070 917 893
f 4070 893 4050
f 4090 5871 4045
f 4045 915 916
f 916 4091 4090
f 4045 916 4090
f 916 915 4045
f 4045 4044 4071
f 4071 4072 916
f 4045 4071 916
f 903 4053 5876
f 903 5876 4094
f 885 4061 4060
f 885 4060 888
f 939 4057 4058
f 939 4058 936
f 924 4042 4041
f 924 4041 921
f 935 883 886
f 935 886 938
f 856 860 861
f 856 861 857
f 857 861 4102
f 857 4102 4101
f 856 857 862
f 856 862 858
f 856 858 863
f 856 863 859
f 859 863 4098
f 859 4098 4099
f 856 859 864
f 856 864 860
f 859 4099 4100
f 859 4100 864
f 865 869 870
f 865 870 866
f 865 866 871
f 865 871 867
f 866 4104 4103
f 866 4103 871
f 865 867 872
f 865 872 868
f 868 872 4095
f 868 4095 4096
f 865 868 873
f 865 873 869
f 868 4096 4097
f 868 4097 873
f 874 878 879
f 874 879 875
f 875 879 4097
f 875 4097 4096
f 874 875 880
f 874 880 876
f 875 4096 4095
f 875 4095 880
f 874 876 881
f 874 881 877
f 877 881 4085
f 877 4085 4084
f 881 4092 5880
f 881 5880 4085
f 874 877 882
f 874 882 878
f 877 4084 882
f 4093 4078 923
f 4093 923 901
f 883 884 887
f 883 887 885
f 900 4052 4053
f 900 4053 903
f 884 4093 4094
f 884 4094 887
f 883 885 888
f 883 888 886
f 887 4062 4061
f 887 4061 885
f 889 893 894
f 889 894 890
f 890 894 4100
f 890 4100 4099
f 889 890 895
f 889 895 891
f 890 4099 4098
f 890 4098 895
f 889 891 896
f 889 896 892
f 892 896 4080
f 889 892 897
f 889 897 893
f 892 4080 4081
f 892 4081 897
f 897 4081 5879
f 897 5879 4050
f 922 899 898
f 922 898 920
f 898 899 902
f 898 902 900
f 898 900 903
f 898 903 901
f 901 903 4094
f 901 4094 4093
f 4094 5876 4062
f 4094 4062 887
f 904 4084 4085
f 904 4085 905
f 905 4085 5880
f 905 5880 4086
f 907 4087 5878
f 907 5878 4083
f 909 910 4081
f 909 4081 4080
f 908 4088 4089
f 908 4089 910
f 910 4089 5879
f 910 5879 4081
f 911 4086 5880
f 911 5880 4092
f 913 914 4075
f 913 4075 4074
f 912 4090 4091
f 912 4091 914
f 914 4091 5877
f 914 5877 4075
f 916 4072 5877
f 916 5877 4091
f 919 4050 5879
f 919 5879 4089
f 920 923 924
f 920 924 921
f 923 4078 4079
f 923 4079 924
f 920 921 925
f 920 925 922
f 921 4041 4040
f 921 4040 925
f 926 930 931
f 926 931 927
f 927 931 4072
f 927 4072 4071
f 930 4074 4075
f 930 4075 931
f 931 4075 5877
f 931 5877 4072
f 926 927 932
f 926 932 928
f 938 928 932
f 938 932 939
f 926 928 933
f 926 933 929
f 926 929 934
f 926 934 930
f 930 934 4073
f 930 4073 4074
f 929 4101 4102
f 929 4102 934
f 935 938 939
f 935 939 936
f 935 936 940
f 935 940 937
f 937 940 4079
f 937 4079 4078
f 941 945 946
f 941 946 942
f 941 942 947
f 941 947 943
f 943 947 4077
f 943 4077 4076
f 942 4082 4083
f 942 4083 947
f 947 4083 5878
f 947 5878 4077
f 941 943 948
f 941 948 944
f 944 948 4103
f 944 4103 4104
f 941 944 949
f 941 949 945
f 4076 4077 950
f 950 4077 5878
f 950 5878 4087
f 4100 894 893
f 4102 861 864
f 864 4100 893
f 893 4049 4073
f 4073 934 4102
f 4102 864 893
f 893 4073 4102
f 936 4058 4059
f 936 4059 940
f 940 4059 5872
f 940 5872 4079
f 891 886 888
f 891 888 896
f 4086 5875 4069
f 4086 4069 905
f 883 935 937
f 883 937 884
f 914 913 4046
f 4046 4047 912
f 4046 912 914
f 912 4047 5871
f 912 5871 4090
f 908 4056 5874
f 908 5874 4088
f 902 4051 4052
f 902 4052 900
f 945 922 925
f 945 925 946
f 4074 4073 4049
f 4049 917 913
f 4049 913 4074
f 899 878 882
f 899 882 902
f 5873 4048 950
f 5873 950 4087
f 891 895 4098
f 863 858 862
f 891 4098 863
f 938 886 891
f 933 928 938
f 891 863 862
f 862 933 938
f 862 938 891
f 910 909 4055
f 4055 4056 908
f 4055 908 910
f 4067 4051 902
f 902 882 4084
f 4084 904 4068
f 4068 4067 902
f 902 4084 4068
f 911 4063 5875
f 911 5875 4086
f 949 944 4104
f 4104 866 870
f 4104 870 949
f 4080 896 888
f 888 4060 4054
f 4054 4055 909
f 909 4080 888
f 888 4054 909
f 907 906 4066
f 4066 5873 4087
f 4066 4087 907
f 425 3727 3728
f 425 3728 428
f 444 443 3745
f 3745 3721 438
f 442 3724 418
f 3745 438 442
f 3725 444 3745
f 418 422 3725
f 3745 442 418
f 3745 418 3725
f 3776 454 458
f 458 387 382
f 458 382 3776
f 462 409 408
f 462 408 460
f 409 462 3753
f 409 3753 3768
f 383 387 458
f 458 453 463
f 463 411 416
f 416 420 3773
f 383 458 463
f 463 416 3773
f 463 3773 383
f 411 463 460
f 411 460 408
f 3763 5824 3745
f 443 444 3764
f 3763 3745 443
f 443 3764 3763
f 468 3751 401
f 401 405 3770
f 3770 397 392
f 392 396 3778
f 3778 473 468
f 468 401 3770
f 3770 392 3778
f 3770 3778 468
f 449 3717 3716
f 449 3716 446
f 427 3726 3727
f 427 3727 425
f 416 411 413
f 416 413 421
f 5822 3717 449
f 5822 449 3754
f 465 3734 5822
f 465 5822 3754
f 381 385 386
f 381 386 382
f 382 386 3777
f 382 3777 3776
f 381 382 387
f 381 387 383
f 381 383 388
f 381 388 384
f 384 388 3773
f 384 3773 3774
f 381 384 389
f 381 389 385
f 384 3774 3775
f 384 3775 389
f 470 447 450
f 470 450 471
f 390 394 395
f 390 395 391
f 390 391 396
f 390 396 392
f 391 3779 3778
f 391 3778 396
f 390 392 397
f 390 397 393
f 393 397 3770
f 393 3770 3771
f 390 393 398
f 390 398 394
f 393 3771 3772
f 393 3772 398
f 399 403 404
f 399 404 400
f 400 404 3772
f 400 3772 3771
f 403 424 447
f 447 470 474
f 395 394 398
f 447 474 395
f 404 403 447
f 3772 404 447
f 447 395 398
f 447 398 3772
f 399 400 405
f 399 405 401
f 400 3771 3770
f 400 3770 405
f 399 401 406
f 399 406 402
f 402 406 3760
f 402 3760 3759
f 406 3767 5830
f 406 5830 3760
f 399 402 407
f 399 407 403
f 402 3759 407
f 408 409 412
f 408 412 410
f 3769 5826 3737
f 3769 3737 412
f 409 3768 3769
f 409 3769 412
f 408 410 413
f 408 413 411
f 414 418 419
f 414 419 415
f 415 419 3775
f 415 3775 3774
f 414 415 420
f 414 420 416
f 415 3774 3773
f 415 3773 420
f 414 416 421
f 414 421 417
f 417 421 3755
f 414 417 422
f 414 422 418
f 417 3755 3756
f 417 3756 422
f 422 3756 5829
f 422 5829 3725
f 445 447 424
f 445 424 423
f 423 424 427
f 423 427 425
f 412 3737 3736
f 412 3736 410
f 423 425 428
f 423 428 426
f 426 428 3769
f 426 3769 3768
f 424 403 407
f 424 407 427
f 428 3728 5826
f 428 5826 3769
f 429 3759 3760
f 429 3760 430
f 430 3760 5830
f 430 5830 3761
f 432 3762 5828
f 432 5828 3758
f 434 435 3756
f 434 3756 3755
f 433 3763 3764
f 433 3764 435
f 435 3764 5829
f 435 5829 3756
f 436 3761 5830
f 436 5830 3767
f 438 439 3750
f 438 3750 3749
f 437 3765 3766
f 437 3766 439
f 439 3766 5827
f 439 5827 3750
f 441 3747 5827
f 441 5827 3766
f 444 3725 5829
f 444 5829 3764
f 445 448 449
f 445 449 446
f 446 3716 3715
f 446 3715 450
f 448 3753 3754
f 448 3754 449
f 445 446 450
f 445 450 447
f 451 455 456
f 451 456 452
f 452 456 3747
f 452 3747 3746
f 455 3749 3750
f 455 3750 456
f 456 3750 5827
f 456 5827 3747
f 451 452 457
f 451 457 453
f 451 453 458
f 451 458 454
f 451 454 459
f 451 459 455
f 455 459 3748
f 455 3748 3749
f 454 3776 3777
f 454 3777 459
f 460 463 464
f 460 464 461
f 460 461 465
f 460 465 462
f 462 465 3754
f 462 3754 3753
f 461 3733 3734
f 461 3734 465
f 466 470 471
f 466 471 467
f 466 467 472
f 466 472 468
f 468 472 3752
f 468 3752 3751
f 467 3757 3758
f 467 3758 472
f 472 3758 5828
f 472 5828 3752
f 466 468 473
f 466 473 469
f 469 473 3778
f 469 3778 3779
f 466 469 474
f 466 474 470
f 3751 3752 475
f 475 3752 5828
f 475 5828 3762
f 3742 3726 427
f 427 407 3759
f 3759 429 3743
f 3743 3742 427
f 427 3759 3743
f 3715 3739 3740
f 3757 467 471
f 3715 3740 3757
f 471 450 3715
f 3757 471 3715
f 463 453 457
f 463 457 464
f 474 469 3779
f 3779 391 395
f 3779 395 474
f 445 423 426
f 445 426 448
f 386 385 389
f 3775 419 418
f 3777 386 389
f 389 3775 418
f 418 3724 3748
f 3748 459 3777
f 3777 389 418
f 418 3748 3777
f 439 438 3721
f 3721 3722 437
f 3721 437 439
f 3761 5825 3744
f 3761 3744 430
f 448 426 3768
f 448 3768 3753
f 464 3732 3733
f 464 3733 461
f 435 434 3730
f 3730 3731 433
f 3730 433 435
f 436 3738 5825
f 436 5825 3761
f 5823 3723 475
f 5823 475 3762
f 3723 3738 436
f 3767 406 401
f 3723 436 3767
f 3751 475 3723
f 3767 401 3751
f 3767 3751 3723
f 3741 431 432
f 432 3758 3757
f 3757 3740 3741
f 432 3757 3741
f 421 413 3735
f 3729 3730 434
f 421 3735 3729
f 434 3755 421
f 3729 434 421
f 3719 3746 3747
f 441 440 3720
f 3719 3747 441
f 441 3720 3719
f 437 3722 5821
f 437 5821 3765
f 410 3736 3735
f 410 3735 413
f 430 3744 3743
f 430 3743 429
f 3746 3719 3718
f 3718 3732 464
f 464 457 452
f 452 3746 3718
f 3718 464 452
f 3749 3748 3724
f 3724 442 438
f 3724 438 3749
f 432 431 3741
f 3741 5823 3762
f 3741 3762 432
f 433 3731 5824
f 433 5824 3763
f 3765 5821 3720
f 3720 440 441
f 441 3766 3765
f 3720 441 3765
f 827 804 803
f 827 803 825
f 850 827 830
f 850 830 851
f 3983 3998 816
f 4027 786 781
f 3983 816 4027
f 4011 855 3983
f 4027 781 4011
f 4027 4011 3983
f 807 3986 3987
f 807 3987 805
f 4021 5865 4004
f 4021 4004 810
f 801 793 3995
f 3989 3990 814
f 801 3995 3989
f 814 4015 801
f 3989 814 801
f 796 791 793
f 796 793 801
f 824 823 4005
f 4005 3981 818
f 822 3984 798
f 4005 818 822
f 3985 824 4005
f 798 802 3985
f 4005 822 798
f 4005 798 3985
f 829 3977 3976
f 829 3976 826
f 4036 834 838
f 838 767 762
f 838 762 4036
f 854 849 4039
f 4039 771 775
f 4039 775 854
f 841 3993 3994
f 841 3994 845
f 808 805 3987
f 808 3987 3988
f 4029 5866 3997
f 4029 3997 792
f 819 818 3981
f 3981 3982 817
f 3981 817 819
f 826 3976 3975
f 826 3975 830
f 5862 3977 829
f 5862 829 4014
f 761 765 766
f 761 766 762
f 762 766 4037
f 762 4037 4036
f 761 762 767
f 761 767 763
f 761 763 768
f 761 768 764
f 764 768 4033
f 764 4033 4034
f 761 764 769
f 761 769 765
f 764 4034 4035
f 764 4035 769
f 770 774 775
f 770 775 771
f 770 771 776
f 770 776 772
f 771 4039 4038
f 771 4038 776
f 770 772 777
f 770 777 773
f 773 777 4030
f 773 4030 4031
f 770 773 778
f 770 778 774
f 773 4031 4032
f 773 4032 778
f 779 783 784
f 779 784 780
f 780 784 4032
f 780 4032 4031
f 779 780 785
f 779 785 781
f 780 4031 4030
f 780 4030 785
f 779 781 786
f 779 786 782
f 782 786 4020
f 782 4020 4019
f 786 4027 5870
f 786 5870 4020
f 779 782 787
f 779 787 783
f 782 4019 787
f 4013 828 806
f 4013 806 4028
f 788 789 792
f 788 792 790
f 789 4028 4029
f 789 4029 792
f 788 790 793
f 788 793 791
f 794 798 799
f 794 799 795
f 795 799 4035
f 795 4035 4034
f 794 795 800
f 794 800 796
f 795 4034 4033
f 795 4033 800
f 794 796 801
f 794 801 797
f 797 801 4015
f 794 797 802
f 794 802 798
f 797 4015 4016
f 797 4016 802
f 802 4016 5869
f 802 5869 3985
f 803 804 807
f 803 807 805
f 792 3997 3996
f 792 3996 790
f 803 805 808
f 803 808 806
f 806 808 4029
f 806 4029 4028
f 808 3988 5866
f 808 5866 4029
f 790 3996 3995
f 790 3995 793
f 804 783 787
f 804 787 807
f 809 4019 4020
f 809 4020 810
f 810 4020 5870
f 810 5870 4021
f 812 4022 5868
f 812 5868 4018
f 814 815 4016
f 814 4016 4015
f 813 4023 4024
f 813 4024 815
f 815 4024 5869
f 815 5869 4016
f 816 3998 5865
f 816 5865 4021
f 816 4021 5870
f 816 5870 4027
f 818 819 4010
f 818 4010 4009
f 817 4025 4026
f 817 4026 819
f 819 4026 5867
f 819 5867 4010
f 821 4007 5867
f 821 5867 4026
f 788 840 842
f 788 842 789
f 824 3985 5869
f 824 5869 4024
f 825 828 829
f 825 829 826
f 845 3994 5862
f 845 5862 4014
f 828 4013 4014
f 828 4014 829
f 825 826 830
f 825 830 827
f 831 835 836
f 831 836 832
f 832 836 4007
f 832 4007 4006
f 835 4009 4010
f 835 4010 836
f 836 4010 5867
f 836 5867 4007
f 831 832 837
f 831 837 833
f 831 833 838
f 831 838 834
f 831 834 839
f 831 839 835
f 835 839 4008
f 835 4008 4009
f 834 4036 4037
f 834 4037 839
f 840 843 844
f 840 844 841
f 840 841 845
f 840 845 842
f 842 845 4014
f 842 4014 4013
f 846 850 851
f 846 851 847
f 846 847 852
f 846 852 848
f 848 852 4012
f 848 4012 4011
f 847 4017 4018
f 847 4018 852
f 852 4018 5868
f 852 5868 4012
f 846 848 853
f 846 853 849
f 849 853 4038
f 849 4038 4039
f 846 849 854
f 846 854 850
f 4011 4012 855
f 855 4012 5868
f 855 5868 4022
f 821 820 3980
f 3980 3979 4006
f 4006 4007 821
f 3980 4006 821
f 3975 3999 4000
f 4017 847 851
f 3975 4000 4017
f 851 830 3975
f 4017 851 3975
f 825 803 806
f 825 806 828
f 4001 811 812
f 812 4018 4017
f 4017 4000 4001
f 812 4017 4001
f 848 4011 781
f 781 785 4030
f 781 4030 777
f 853 848 781
f 772 776 4038
f 4038 853 781
f 781 777 772
f 781 772 4038
f 5863 3983 855
f 5863 855 4022
f 768 763 767
f 767 838 833
f 833 843 791
f 791 796 800
f 4033 768 767
f 791 800 4033
f 767 833 791
f 767 791 4033
f 4006 3979 3978
f 3978 3992 844
f 844 837 832
f 832 4006 3978
f 3978 844 832
f 4023 5864 4005
f 823 824 4024
f 4023 4005 823
f 823 4024 4023
f 840 788 791
f 840 791 843
f 783 804 827
f 827 850 854
f 827 854 775
f 784 783 827
f 4032 784 827
f 827 775 778
f 827 778 4032
f 789 842 4013
f 789 4013 4028
f 813 3991 5864
f 813 5864 4023
f 812 811 4001
f 4001 5863 4022
f 4001 4022 812
f 817 3982 5861
f 817 5861 4025
f 844 3992 3993
f 844 3993 841
f 843 833 837
f 843 837 844
f 4025 5861 3980
f 3980 820 821
f 821 4026 4025
f 3980 821 4025
f 766 765 769
f 4035 799 798
f 766 769 4035
f 4008 839 4037
f 766 4035 798
f 4008 4037 766
f 798 3984 4008
f 798 4008 766
f 810 4004 4003
f 810 4003 809
f 815 814 3990
f 3990 3991 813
f 3990 813 815
f 4009 4008 3984
f 3984 822 818
f 3984 818 4009
f 4002 3986 807
f 807 787 4019
f 4019 809 4003
f 4003 4002 807
f 807 4019 4003
f 4403 4418 1359
f 4403 1359 1412
f 4391 1381 1382
f 1382 4408 4407
f 4407 4390 4391
f 1382 4407 4391
f 4399 4398 4374
f 4374 1392 1388
f 4374 1388 4399
f 1374 1397 1420
f 1420 1424 1345
f 1345 1344 1348
f 4422 1354 1353
f 1374 1420 1345
f 4422 1353 1374
f 1345 4422 1374
f 1387 4372 5921
f 1387 5921 4415
f 4373 4388 1386
f 4417 1356 1351
f 4373 1386 4417
f 4401 1425 4373
f 4417 1351 4401
f 4417 4401 4373
f 4425 1369 1368
f 1368 4374 4398
f 4398 1409 4427
f 1335 4425 1368
f 1368 4398 4427
f 1335 1368 4427
f 4365 4389 4390
f 4407 1417 1421
f 4365 4390 4407
f 1421 1400 4365
f 4407 1421 4365
f 4426 1404 1408
f 1408 1337 1332
f 1408 1332 4426
f 4392 4376 1377
f 1377 1357 4409
f 4409 1379 4393
f 4393 4392 1377
f 1377 4409 4393
f 1375 4377 4378
f 1375 4378 1378
f 1418 4401 1351
f 1351 1355 4420
f 1347 1342 1346
f 1351 4420 1347
f 1423 1418 1351
f 1347 1346 4428
f 4428 1423 1351
f 1351 1347 4428
f 1378 4378 5926
f 1378 5926 4419
f 1394 1393 4395
f 4395 4371 1388
f 1392 4374 1368
f 4395 1388 1392
f 4375 1394 4395
f 1368 1372 4375
f 4395 1392 1368
f 4395 1368 4375
f 4396 4369 4368
f 4368 4382 1414
f 1414 1407 1402
f 1402 4396 4368
f 4368 1414 1402
f 1376 1398 1395
f 1376 1395 1373
f 1413 1410 1358
f 1413 1358 1361
f 1360 4386 4385
f 1360 4385 1363
f 1396 4366 4365
f 1396 4365 1400
f 1383 4381 5924
f 1383 5924 4413
f 1414 4382 4383
f 1414 4383 1411
f 1331 1335 1336
f 1331 1336 1332
f 1332 1336 4427
f 1332 4427 4426
f 1331 1332 1337
f 1331 1337 1333
f 1331 1333 1338
f 1331 1338 1334
f 1334 1338 4423
f 1334 4423 4424
f 1331 1334 1339
f 1331 1339 1335
f 1334 4424 4425
f 1334 4425 1339
f 1340 1344 1345
f 1340 1345 1341
f 1340 1341 1346
f 1340 1346 1342
f 1341 4429 4428
f 1341 4428 1346
f 1340 1342 1347
f 1340 1347 1343
f 1343 1347 4420
f 1343 4420 4421
f 1340 1343 1348
f 1340 1348 1344
f 1343 4421 4422
f 1343 4422 1348
f 1349 1353 1354
f 1349 1354 1350
f 1350 1354 4422
f 1350 4422 4421
f 1349 1350 1355
f 1349 1355 1351
f 1350 4421 4420
f 1350 4420 1355
f 1349 1351 1356
f 1349 1356 1352
f 1352 1356 4410
f 1352 4410 4409
f 1356 4417 5930
f 1356 5930 4410
f 1349 1352 1357
f 1349 1357 1353
f 1352 4409 1357
f 1358 1410 1412
f 1358 1412 1359
f 1366 1361 1363
f 1366 1363 1371
f 1397 1374 1373
f 1397 1373 1395
f 1358 1359 1362
f 1358 1362 1360
f 1359 4418 4419
f 1359 4419 1362
f 1377 4376 4377
f 1377 4377 1375
f 1358 1360 1363
f 1358 1363 1361
f 1364 1368 1369
f 1364 1369 1365
f 1365 1369 4425
f 1365 4425 4424
f 1364 1365 1370
f 1364 1370 1366
f 1365 4424 4423
f 1365 4423 1370
f 1364 1366 1371
f 1364 1371 1367
f 1367 1371 4405
f 1364 1367 1372
f 1364 1372 1368
f 1367 4405 4406
f 1367 4406 1372
f 1372 4406 5929
f 1372 5929 4375
f 4418 4403 1398
f 4418 1398 1376
f 1373 1374 1377
f 1373 1377 1375
f 1373 1375 1378
f 1373 1378 1376
f 1376 1378 4419
f 1376 4419 4418
f 4419 5926 4387
f 4419 4387 1362
f 1379 4409 4410
f 1379 4410 1380
f 1380 4410 5930
f 1380 5930 4411
f 1382 4412 5928
f 1382 5928 4408
f 1362 4387 4386
f 1362 4386 1360
f 1384 1385 4406
f 1384 4406 4405
f 1383 4413 4414
f 1383 4414 1385
f 1385 4414 5929
f 1385 5929 4406
f 1386 4411 5930
f 1386 5930 4417
f 1388 1389 4400
f 1388 4400 4399
f 1387 4415 4416
f 1387 4416 1389
f 1389 4416 5927
f 1389 5927 4400
f 1391 4397 5927
f 1391 5927 4416
f 1394 4375 5929
f 1394 5929 4414
f 1395 1398 1399
f 1395 1399 1396
f 1398 4403 4404
f 1398 4404 1399
f 1399 4367 4366
f 1399 4366 1396
f 1395 1396 1400
f 1395 1400 1397
f 1374 1353 1357
f 1374 1357 1377
f 1401 1405 1406
f 1401 1406 1402
f 1402 1406 4397
f 1402 4397 4396
f 1405 4399 4400
f 1405 4400 1406
f 1406 4400 5927
f 1406 5927 4397
f 1401 1402 1407
f 1401 1407 1403
f 1401 1403 1408
f 1401 1408 1404
f 1401 1404 1409
f 1401 1409 1405
f 1405 1409 4398
f 1405 4398 4399
f 1404 4426 4427
f 1404 4427 1409
f 1410 1413 1414
f 1410 1414 1411
f 1410 1411 1415
f 1410 1415 1412
f 1412 1415 4404
f 1412 4404 4403
f 1416 1420 1421
f 1416 1421 1417
f 1416 1417 1422
f 1416 1422 1418
f 1418 1422 4402
f 1418 4402 4401
f 1417 4407 4408
f 1417 4408 1422
f 1422 4408 5928
f 1422 5928 4402
f 1416 1418 1423
f 1416 1423 1419
f 1419 1423 4428
f 1419 4428 4429
f 1416 1419 1424
f 1416 1424 1420
f 4401 4402 1425
f 1425 4402 5928
f 1425 5928 4412
f 5922 4367 1399
f 5922 1399 4404
f 1411 4383 4384
f 1411 4384 1415
f 1415 4384 5922
f 1415 5922 4404
f 1389 1388 4371
f 4371 4372 1387
f 4371 1387 1389
f 4415 5921 4370
f 4370 1390 1391
f 1391 4416 4415
f 4370 1391 4415
f 4411 5925 4394
f 4411 4394 1380
f 4413 5924 4395
f 1393 1394 4414
f 4413 4395 1393
f 1393 4414 4413
f 1385 1384 4380
f 4380 4381 1383
f 4380 1383 1385
f 1420 1397 1400
f 1420 1400 1421
f 1391 1390 4370
f 4370 4369 4396
f 4396 4397 1391
f 4370 4396 1391
f 4405 1371 1363
f 1363 4385 4379
f 4379 4380 1384
f 1384 4405 1363
f 1363 4379 1384
f 5923 4373 1425
f 5923 1425 4412
f 1382 1381 4391
f 4391 5923 4412
f 4391 4412 1382
f 1333 1337 1408
f 1408 1403 1413
f 1413 1361 1366
f 1366 1370 4423
f 4423 1338 1333
f 1333 1408 1413
f 1413 1366 4423
f 1413 4423 1333
f 1380 4394 4393
f 1380 4393 1379
f 1413 1403 1407
f 1413 1407 1414
f 1386 4388 5925
f 1386 5925 4411
f 1424 1419 4429
f 4429 1341 1345
f 4429 1345 1424
f 3872 3856 617
f 617 597 3889
f 3889 619 3873
f 3873 3872 617
f 617 3889 3873
f 658 3881 591
f 591 595 3900
f 587 582 586
f 591 3900 587
f 663 658 591
f 587 586 3908
f 3908 663 591
f 591 587 3908
f 5843 3853 665
f 5843 665 3892
f 650 598 601
f 650 601 653
f 634 633 3875
f 3875 3851 628
f 632 3854 608
f 3875 628 632
f 3855 634 3875
f 608 612 3855
f 3875 632 608
f 3875 608 3855
f 3871 621 622
f 622 3888 3887
f 3887 3870 3871
f 622 3887 3871
f 631 630 3850
f 3850 3849 3876
f 3876 3877 631
f 3850 3876 631
f 654 3862 3863
f 654 3863 651
f 618 3858 5846
f 618 5846 3899
f 636 3846 3845
f 636 3845 640
f 3906 644 648
f 648 577 572
f 648 572 3906
f 606 610 3903
f 3903 578 573
f 573 577 648
f 648 643 653
f 653 601 606
f 606 3903 573
f 573 648 653
f 573 653 606
f 664 659 3909
f 3909 581 585
f 3909 585 664
f 600 3866 3865
f 600 3865 603
f 617 3856 3857
f 617 3857 615
f 615 3857 3858
f 615 3858 618
f 5842 3847 639
f 5842 639 3884
f 655 3864 5842
f 655 5842 3884
f 639 3847 3846
f 639 3846 636
f 571 575 576
f 571 576 572
f 572 576 3907
f 572 3907 3906
f 571 572 577
f 571 577 573
f 571 573 578
f 571 578 574
f 574 578 3903
f 574 3903 3904
f 571 574 579
f 571 579 575
f 574 3904 3905
f 574 3905 579
f 580 584 585
f 580 585 581
f 580 581 586
f 580 586 582
f 581 3909 3908
f 581 3908 586
f 580 582 587
f 580 587 583
f 583 587 3900
f 583 3900 3901
f 580 583 588
f 580 588 584
f 583 3901 3902
f 583 3902 588
f 589 593 594
f 589 594 590
f 590 594 3902
f 590 3902 3901
f 589 590 595
f 589 595 591
f 627 3852 5841
f 627 5841 3895
f 590 3901 3900
f 590 3900 595
f 589 591 596
f 589 596 592
f 592 596 3890
f 592 3890 3889
f 596 3897 5850
f 596 5850 3890
f 589 592 597
f 589 597 593
f 606 601 603
f 606 603 611
f 592 3889 597
f 614 593 597
f 614 597 617
f 635 613 616
f 635 616 638
f 3883 3898 599
f 3883 599 652
f 598 599 602
f 598 602 600
f 3899 5846 3867
f 3899 3867 602
f 599 3898 3899
f 599 3899 602
f 598 600 603
f 598 603 601
f 604 608 609
f 604 609 605
f 605 609 3905
f 605 3905 3904
f 604 605 610
f 604 610 606
f 605 3904 3903
f 605 3903 610
f 604 606 611
f 604 611 607
f 607 611 3885
f 604 607 612
f 604 612 608
f 607 3885 3886
f 607 3886 612
f 612 3886 5849
f 612 5849 3855
f 637 614 613
f 637 613 635
f 613 614 617
f 613 617 615
f 613 615 618
f 613 618 616
f 616 618 3899
f 616 3899 3898
f 602 3867 3866
f 602 3866 600
f 653 643 647
f 653 647 654
f 619 3889 3890
f 619 3890 620
f 620 3890 5850
f 620 5850 3891
f 622 3892 5848
f 622 5848 3888
f 624 625 3886
f 624 3886 3885
f 623 3893 3894
f 623 3894 625
f 625 3894 5849
f 625 5849 3886
f 626 3891 5850
f 626 5850 3897
f 628 629 3880
f 628 3880 3879
f 627 3895 3896
f 627 3896 629
f 629 3896 5847
f 629 5847 3880
f 631 3877 5847
f 631 5847 3896
f 634 3855 5849
f 634 5849 3894
f 635 638 639
f 635 639 636
f 638 3883 3884
f 638 3884 639
f 635 636 640
f 635 640 637
f 641 645 646
f 641 646 642
f 642 646 3877
f 642 3877 3876
f 645 3879 3880
f 645 3880 646
f 646 3880 5847
f 646 5847 3877
f 641 642 647
f 641 647 643
f 660 637 640
f 660 640 661
f 641 643 648
f 641 648 644
f 641 644 649
f 641 649 645
f 645 649 3878
f 645 3878 3879
f 644 3906 3907
f 644 3907 649
f 650 653 654
f 650 654 651
f 650 651 655
f 650 655 652
f 652 655 3884
f 652 3884 3883
f 656 660 661
f 656 661 657
f 656 657 662
f 656 662 658
f 658 662 3882
f 658 3882 3881
f 657 3887 3888
f 657 3888 662
f 662 3888 5848
f 662 5848 3882
f 656 658 663
f 656 663 659
f 659 663 3908
f 659 3908 3909
f 656 659 664
f 656 664 660
f 3881 3882 665
f 665 3882 5848
f 665 5848 3892
f 652 599 598
f 652 598 650
f 3893 5844 3875
f 633 634 3894
f 3893 3875 633
f 633 3894 3893
f 3891 5845 3874
f 3891 3874 620
f 638 616 3898
f 638 3898 3883
f 660 664 585
f 660 585 584
f 614 637 660
f 594 593 614
f 588 3902 594
f 660 584 588
f 594 614 660
f 588 594 660
f 3885 611 603
f 603 3865 3859
f 3859 3860 624
f 624 3885 603
f 603 3859 624
f 3845 3869 3870
f 3887 657 661
f 3845 3870 3887
f 661 640 3845
f 3887 661 3845
f 622 621 3871
f 3871 5843 3892
f 3871 3892 622
f 3876 3849 3848
f 3848 3862 654
f 654 647 642
f 642 3876 3848
f 3848 654 642
f 620 3874 3873
f 620 3873 619
f 623 3861 5844
f 623 5844 3893
f 3905 609 608
f 608 3854 3878
f 3878 649 3907
f 3907 576 575
f 575 3905 608
f 608 3878 3907
f 575 608 3907
f 3853 3868 626
f 3897 596 591
f 3853 626 3897
f 3881 665 3853
f 3897 591 3881
f 3897 3881 3853
f 629 628 3851
f 3851 3852 627
f 3851 627 629
f 651 3863 3864
f 651 3864 655
f 3895 5841 3850
f 3850 630 631
f 631 3896 3895
f 3850 631 3895
f 625 624 3860
f 3860 3861 623
f 3860 623 625
f 3879 3878 3854
f 3854 632 628
f 3854 628 3879
f 626 3868 5845
f 626 5845 3891
f 3031 3034 3063
f 3063 5518 5470
f 5470 5471 3031
f 3063 5470 3031
f 2972 2973 2963
f 2963 5484 5473
f 2963 5473 2972
f 5462 5461 2975
f 2975 2977 2976
f 2990 5462 2975
f 2975 2976 2990
f 2992 2991 5482
f 2992 5482 5483
f 2997 2987 2986
f 2997 2986 3065
f 2955 2953 3052
f 3052 5514 5507
f 5507 5508 2955
f 3052 5507 2955
f 2983 2982 5452
f 5452 5453 2996
f 2996 2981 2983
f 5452 2996 2983
f 2948 5505 5446
f 5446 3008 3046
f 5446 3046 3043
f 2946 2948 5446
f 5520 2949 2946
f 5446 3043 3045
f 3045 5520 2946
f 5446 3045 2946
f 3038 5509 5516
f 5516 5467 5468
f 5516 5468 3038
f 3023 2963 2973
f 2973 2972 3035
f 2973 3035 3023
f 5515 5514 3052
f 3048 3051 5515
f 3052 3048 5515
f 3069 3067 5492
f 3069 5492 5501
f 3027 2965 2964
f 3027 2964 3026
f 3035 2972 2974
f 3035 2974 3036
f 5465 5478 2993
f 5465 2993 3001
f 3017 2958 2957
f 3017 2957 3016
f 3027 5469 5511
f 3027 5511 2965
f 3064 5524 6096
f 6096 5517 3062
f 3064 6096 3062
f 5442 3003 2991
f 2991 5459 5441
f 2991 5441 5442
f 5452 2982 2978
f 5452 2978 5457
f 2980 2994 2995
f 2995 2993 5478
f 5478 5479 2980
f 2995 5478 2980
f 2985 2984 5450
f 2985 5450 5451
f 2951 5506 5447
f 2951 5447 3011
f 3018 3007 5441
f 5441 5459 3016
f 3018 5441 3016
f 3060 3063 3034
f 3060 3034 3030
f 5490 2994 2980
f 5490 2980 5499
f 2947 3007 3018
f 3018 3016 2957
f 3018 2957 2947
f 5501 2996 5453
f 5453 6088 5502
f 5453 5502 5501
f 6096 5524 2969
f 6096 2969 5512
f 2992 5483 6091
f 2992 6091 5489
f 3033 3026 2964
f 2966 2970 3033
f 2964 2966 3033
f 5475 2970 2966
f 2966 2964 5480
f 2966 5480 5475
f 2954 2956 3015
f 3015 3013 3050
f 3050 3047 3049
f 3049 2952 2954
f 2954 3015 3050
f 3050 3049 2954
f 3066 2988 5471
f 5471 5470 5518
f 5517 6096 5512
f 5471 5518 5517
f 5512 3066 5471
f 5471 5517 5512
f 5448 5515 3051
f 5448 3051 3012
f 3029 3033 2970
f 2970 2968 2967
f 2967 5523 3061
f 3061 3059 3060
f 3060 3030 3028
f 3028 3029 2970
f 2970 2967 3061
f 3060 3028 2970
f 2970 3061 3060
f 2997 5490 5499
f 2997 5499 2987
f 5499 2980 5479
f 5479 6092 5500
f 5479 5500 5499
f 3039 3040 3000
f 3000 2999 5510
f 5510 5509 3038
f 3038 3037 3039
f 3039 3000 5510
f 5510 3038 3039
f 5444 3001 2993
f 2993 5455 5454
f 2993 5454 5444
f 5467 5516 3058
f 5467 3058 3055
f 3025 3021 5467
f 5467 3055 3057
f 3057 3025 5467
f 2969 5524 5523
f 2969 5523 2967
f 5488 6087 5462
f 2990 2976 5496
f 5487 5488 5462
f 2990 5496 5487
f 5487 5462 2990
f 2959 5522 5521
f 2959 5521 2960
f 2985 5451 6089
f 2985 6089 5498
f 3003 5463 5482
f 3003 5482 2991
f 5506 2958 3017
f 5506 3017 5447
f 3036 2974 5511
f 3036 5511 5469
f 2950 2951 3011
f 2950 3011 3009
f 3005 3004 5464
f 5464 5463 3003
f 5464 3003 3005
f 2945 2944 5519
f 5519 3042 3041
f 3044 3006 3007
f 5519 3041 3044
f 2947 2945 5519
f 3044 3007 2947
f 5519 3044 2947
f 5446 5505 3000
f 5446 3000 3040
f 3053 3056 5522
f 5522 2959 2961
f 2961 2963 3023
f 3023 3020 3019
f 3019 3022 3054
f 3054 3053 5522
f 5522 2961 3023
f 3023 3019 3054
f 5522 3023 3054
f 5478 5465 3026
f 3026 3033 3029
f 3026 3029 5478
f 2949 5520 5519
f 5519 2944 2946
f 2949 5519 2946
f 2952 3049 3052
f 2952 3052 2953
f 2944 2945 2948
f 2944 2948 2946
f 2945 5461 5462
f 2945 5462 2948
f 2948 5462 6087
f 2948 6087 5505
f 2954 5452 5457
f 5457 2950 2956
f 5457 2956 2954
f 2950 5457 5458
f 2950 5458 2951
f 2951 5458 6089
f 2951 6089 5506
f 2952 2953 2955
f 2952 2955 2954
f 2954 2955 5453
f 2954 5453 5452
f 2955 5508 6088
f 2955 6088 5453
f 2957 2958 5451
f 2957 5451 5450
f 2958 5506 6089
f 2958 6089 5451
f 2957 5450 5461
f 5461 2945 2947
f 5461 2947 2957
f 2959 2960 2962
f 2959 2962 2961
f 2961 2962 5486
f 2961 5486 5485
f 2960 5509 5510
f 2960 5510 2962
f 2961 5485 5484
f 2961 5484 2963
f 2964 2965 5481
f 2964 5481 5480
f 2965 5511 6095
f 2965 6095 5481
f 2968 2970 5475
f 2968 5475 5476
f 2967 2968 2971
f 2967 2971 2969
f 2969 2971 5513
f 2969 5513 5512
f 2968 5476 5477
f 2968 5477 2971
f 2971 5477 6094
f 2971 6094 5513
f 2972 5473 5474
f 2972 5474 2974
f 2974 5474 6095
f 2974 6095 5511
f 2976 2977 5497
f 2976 5497 5496
f 2975 5485 5486
f 2975 5486 2977
f 2977 5486 6093
f 2977 6093 5497
f 3002 5466 5465
f 3002 5465 3001
f 5476 5475 5480
f 5480 2978 2982
f 5480 2982 5476
f 2978 5480 5481
f 2978 5481 2979
f 2979 5481 6095
f 2979 6095 5498
f 5450 2984 2975
f 5450 2975 5461
f 2982 2983 5477
f 2982 5477 5476
f 2981 5492 5493
f 2981 5493 2983
f 2983 5493 6094
f 2983 6094 5477
f 2984 2985 5474
f 2984 5474 5473
f 2985 5498 6095
f 2985 6095 5474
f 2984 5473 5484
f 5484 5485 2975
f 5484 2975 2984
f 2986 2987 2989
f 2986 2989 2988
f 2988 2989 5472
f 2988 5472 5471
f 2987 5499 5500
f 2987 5500 2989
f 2989 5500 6092
f 2989 6092 5472
f 5494 3039 3037
f 5494 3037 5503
f 5489 6091 5466
f 5489 5466 3002
f 2991 2992 5460
f 2991 5460 5459
f 2992 5489 6085
f 2992 6085 5460
f 2993 2995 5456
f 2993 5456 5455
f 2994 5490 5491
f 2994 5491 2995
f 2995 5491 6086
f 2995 6086 5456
f 2979 5458 5457
f 2979 5457 2978
f 2997 2998 5491
f 2997 5491 5490
f 5449 2998 3070
f 3070 5508 5507
f 5514 5515 5448
f 3070 5507 5514
f 5448 5449 3070
f 3070 5514 5448
f 2998 5449 6086
f 2998 6086 5491
f 2999 3000 5488
f 2999 5488 5487
f 3000 5505 6087
f 3000 6087 5488
f 5496 5497 6093
f 6093 5486 2962
f 2962 5510 2999
f 2999 5487 5496
f 5496 6093 2962
f 2962 2999 5496
f 3001 5444 5445
f 3001 5445 3002
f 3002 5445 6085
f 3002 6085 5489
f 3004 3005 5495
f 3004 5495 5494
f 3003 5442 5443
f 3003 5443 3005
f 3005 5443 6084
f 3005 6084 5495
f 3006 5442 5441
f 3006 5441 3007
f 3006 3008 5443
f 3006 5443 5442
f 3008 5446 6084
f 3008 6084 5443
f 3009 3011 5445
f 3009 5445 5444
f 3011 5447 6085
f 3011 6085 5445
f 3012 3014 5449
f 3012 5449 5448
f 3013 5455 5456
f 3013 5456 3014
f 3014 5456 6086
f 3014 6086 5449
f 3013 3015 5454
f 3013 5454 5455
f 3016 5459 5460
f 3016 5460 3017
f 3017 5460 6085
f 3017 6085 5447
f 3019 3020 3024
f 3019 3024 3021
f 3021 3024 5468
f 3021 5468 5467
f 3020 5463 5464
f 3020 5464 3024
f 3024 5464 6090
f 3024 6090 5468
f 3019 3021 3025
f 3019 3025 3022
f 3026 5465 5466
f 3026 5466 3027
f 3027 5466 6091
f 3027 6091 5469
f 3028 3031 3032
f 3028 3032 3029
f 3029 3032 5479
f 3029 5479 5478
f 3031 5471 5472
f 3031 5472 3032
f 3032 5472 6092
f 3032 6092 5479
f 3028 3030 3034
f 3028 3034 3031
f 3035 3036 5483
f 3035 5483 5482
f 3036 5469 6091
f 3036 6091 5483
f 3037 3038 5504
f 3037 5504 5503
f 3038 5468 6090
f 3038 6090 5504
f 2986 2988 3066
f 2986 3066 3065
f 3041 3042 3045
f 3041 3045 3043
f 3042 5519 5520
f 3042 5520 3045
f 3041 3043 3046
f 3041 3046 3044
f 3006 3044 3046
f 3006 3046 3008
f 3047 3050 3051
f 3047 3051 3048
f 3012 3051 3050
f 3050 3013 3014
f 3012 3050 3014
f 3047 3048 3052
f 3047 3052 3049
f 3053 3054 3057
f 3053 3057 3055
f 3053 3055 3058
f 3053 3058 3056
f 3056 3058 5521
f 3056 5521 5522
f 3059 3062 3063
f 3059 3063 3060
f 3062 5517 5518
f 3062 5518 3063
f 3059 3061 3064
f 3059 3064 3062
f 3061 5523 5524
f 3061 5524 3064
f 3065 3066 3068
f 3065 3068 3067
f 3066 5512 5513
f 3066 5513 3068
f 2998 2997 3065
f 3065 3067 3069
f 3069 3070 2998
f 3065 3069 2998
f 3069 5501 5502
f 3069 5502 3070
f 3070 5502 6088
f 3070 6088 5508
f 5521 3058 5516
f 5516 5509 2960
f 5516 2960 5521
f 3004 5494 5503
f 5504 6090 5464
f 5464 3004 5503
f 5503 5504 5464
f 5482 5463 3020
f 3020 3023 3035
f 3020 3035 5482
f 5494 5495 6084
f 6084 5446 3040
f 3040 3039 5494
f 6084 3040 5494
f 2979 5498 6089
f 2979 6089 5458
f 3015 2956 2950
f 2950 3009 3010
f 2950 3010 3015
f 3054 3022 3025
f 3054 3025 3057
f 5492 2981 2996
f 5492 2996 5501
f 3067 3068 5513
f 5513 6094 5493
f 5493 5492 3067
f 5513 5493 3067
f 5454 3015 3010
f 3010 3009 5444
f 3010 5444 5454
f 2912 2910 5417
f 2912 5417 5408
f 2890 2830 2829
f 2890 2829 2889
f 2896 2835 2845
f 2845 2844 2908
f 2845 2908 2896
f 5362 5429 2924
f 5362 2924 2885
f 2816 2815 5433
f 5433 2915 2914
f 2917 2879 2880
f 5433 2914 2917
f 2818 2816 5433
f 2917 2880 2818
f 5433 2917 2818
f 2902 2906 2842
f 2842 2840 2839
f 2839 5439 2934
f 2933 2903 2901
f 2901 2902 2842
f 2842 2839 2934
f 2933 2901 2842
f 2842 2934 2933
f 2844 2845 2835
f 2835 5398 5387
f 2835 5387 2844
f 5392 5379 2899
f 2899 2906 2902
f 2899 2902 5392
f 5415 2869 5367
f 5367 6075 5416
f 5367 5416 5415
f 2882 2883 2888
f 2888 2828 2821
f 2888 2821 2882
f 2863 5376 5375
f 5375 2847 2849
f 2849 2848 2863
f 2863 5375 2849
f 2824 2823 5436
f 5436 5435 2826
f 5436 2826 2824
f 5389 2842 2838
f 2838 2836 5394
f 2838 5394 5389
f 2868 2866 5392
f 5392 5393 2852
f 2852 2867 2868
f 5392 2852 2868
f 6076 5372 2851
f 6076 2851 5412
f 5360 5419 2873
f 5360 2873 2913
f 5403 6078 5380
f 5403 5380 2875
f 5381 5430 2931
f 5381 2931 2928
f 2898 2894 5381
f 5381 2928 2930
f 2930 2898 5381
f 2825 2828 2888
f 2888 2886 2923
f 2923 2920 2922
f 2922 5436 2823
f 2823 2825 2888
f 2888 2923 2922
f 2888 2922 2823
f 2939 2860 5385
f 5385 5384 5432
f 5432 5431 6083
f 6083 5426 2939
f 2939 5385 5432
f 5432 6083 2939
f 2878 2877 2862
f 2862 5378 5377
f 5377 2876 2878
f 2862 5377 2878
f 5392 2866 2874
f 5392 2874 5379
f 2876 5377 5396
f 2876 5396 2864
f 5429 5428 2925
f 2921 2924 5429
f 2925 2921 5429
f 2877 5408 5417
f 2877 5417 2862
f 2831 5438 5437
f 2831 5437 2832
f 2822 5420 5361
f 2822 5361 2884
f 5396 5377 2893
f 2893 2896 2908
f 2893 2908 5396
f 2904 2907 2936
f 2936 5432 5384
f 5384 5385 2904
f 2936 5384 2904
f 5406 5415 2942
f 5406 2942 2940
f 5356 2876 2864
f 2864 5373 5355
f 2864 5355 5356
f 5410 5411 6080
f 6080 5400 2834
f 2834 5424 2872
f 2872 5401 5410
f 5410 6080 2834
f 2834 2872 5410
f 2912 2913 2873
f 2873 2872 5424
f 5424 5423 2911
f 2911 2910 2912
f 2912 2873 5424
f 5424 2911 2912
f 2870 2859 2858
f 2870 2858 2938
f 2863 2848 5410
f 2863 5410 5401
f 6074 5376 2863
f 2863 5401 5402
f 2863 5402 6074
f 2938 2858 2860
f 2938 2860 2939
f 2927 2895 2898
f 2927 2898 2930
f 2900 2837 2836
f 2900 2836 2899
f 5403 2865 5397
f 5403 5397 6078
f 2891 2880 5355
f 5355 5373 2889
f 2891 5355 2889
f 5420 2830 2890
f 5420 2890 5361
f 2911 5423 5430
f 5430 5381 5382
f 5430 5382 2911
f 2906 2899 2836
f 2838 2842 2906
f 2836 2838 2906
f 5408 5409 6071
f 6071 5360 2913
f 2913 2912 5408
f 6071 2913 5408
f 2926 2929 5438
f 5438 2831 2833
f 2833 2835 2896
f 2896 2893 2892
f 2892 2895 2927
f 2927 2926 5438
f 5438 2833 2896
f 2896 2892 2927
f 5438 2896 2927
f 6083 5440 2841
f 6083 2841 5426
f 2908 2844 2846
f 2908 2846 2909
f 5406 2853 2869
f 5406 2869 5415
f 2900 5383 5425
f 2900 5425 2837
f 5396 5397 2865
f 5396 2865 2864
f 2822 2884 2882
f 2822 2882 2821
f 5418 6077 5378
f 5378 2862 5417
f 5418 5378 5417
f 2856 2847 5375
f 2856 5375 5364
f 5437 2931 5430
f 5430 5423 2832
f 5430 2832 5437
f 5358 2874 2866
f 2866 5369 5368
f 2866 5368 5358
f 2829 2818 2880
f 2880 2891 2889
f 2880 2889 2829
f 2820 5434 5433
f 5433 2815 2817
f 2820 5433 2817
f 2870 5404 5413
f 2870 5413 2859
f 2815 2816 2819
f 2815 2819 2817
f 2816 5375 5376
f 2816 5376 2819
f 2819 5376 6074
f 2819 6074 5419
f 2825 5366 5371
f 5371 2821 2828
f 5371 2828 2825
f 2821 5371 5372
f 2821 5372 2822
f 2822 5372 6076
f 2822 6076 5420
f 2823 2824 2827
f 2823 2827 2825
f 2825 2827 5367
f 2825 5367 5366
f 2827 5422 6075
f 2827 6075 5367
f 2909 2846 5425
f 2909 5425 5383
f 2829 2830 5365
f 2829 5365 5364
f 2830 5420 6076
f 2830 6076 5365
f 2829 5364 5375
f 5375 2816 2818
f 5375 2818 2829
f 2831 2832 2834
f 2831 2834 2833
f 2833 2834 5400
f 2833 5400 5399
f 2832 5423 5424
f 2832 5424 2834
f 5368 2888 2883
f 2883 2882 5358
f 2883 5358 5368
f 2833 5399 5398
f 2833 5398 2835
f 2836 2837 5395
f 2836 5395 5394
f 2837 5425 6082
f 2837 6082 5395
f 2840 2842 5389
f 2840 5389 5390
f 2839 2840 2843
f 2839 2843 2841
f 2841 2843 5427
f 2841 5427 5426
f 2840 5390 5391
f 2840 5391 2843
f 2843 5391 6081
f 2843 6081 5427
f 2844 5387 5388
f 2844 5388 2846
f 2846 5388 6082
f 2846 6082 5425
f 2848 2849 5411
f 2848 5411 5410
f 2847 5399 5400
f 2847 5400 2849
f 2849 5400 6080
f 2849 6080 5411
f 5379 2874 2875
f 5379 2875 5380
f 5390 5389 5394
f 5394 2850 2854
f 5394 2854 5390
f 2850 5394 5395
f 2850 5395 2851
f 2851 5395 6082
f 2851 6082 5412
f 2854 2855 5391
f 2854 5391 5390
f 2853 5406 5407
f 2853 5407 2855
f 2855 5407 6081
f 2855 6081 5391
f 2856 2857 5388
f 2856 5388 5387
f 2857 5412 6082
f 2857 6082 5388
f 2856 5387 5398
f 5398 5399 2847
f 5398 2847 2856
f 2858 2859 2861
f 2858 2861 2860
f 2860 2861 5386
f 2860 5386 5385
f 2859 5413 5414
f 2859 5414 2861
f 2861 5414 6079
f 2861 6079 5386
f 5366 2854 2850
f 5366 2850 5371
f 2864 2865 5374
f 2864 5374 5373
f 2865 5403 6072
f 2865 6072 5374
f 2857 5365 6076
f 2857 6076 5412
f 5371 2850 2851
f 5371 2851 5372
f 2866 2868 5370
f 2866 5370 5369
f 2867 5404 5405
f 2867 5405 2868
f 2868 5405 6073
f 2868 6073 5370
f 2854 5366 5367
f 5367 2869 2853
f 2853 2855 2854
f 5367 2853 2854
f 5364 5365 2857
f 5364 2857 2856
f 2870 2871 5405
f 2870 5405 5404
f 5363 2871 2943
f 2943 5422 5421
f 5428 5429 5362
f 2943 5421 5428
f 5362 5363 2943
f 2943 5428 5362
f 2871 5363 6073
f 2871 6073 5405
f 2872 2873 5402
f 2872 5402 5401
f 2873 5419 6074
f 2873 6074 5402
f 2874 5358 5359
f 2874 5359 2875
f 2875 5359 6072
f 2875 6072 5403
f 2877 2878 5409
f 2877 5409 5408
f 2876 5356 5357
f 2876 5357 2878
f 2878 5357 6071
f 2878 6071 5409
f 2879 5356 5355
f 2879 5355 2880
f 2879 2881 5357
f 2879 5357 5356
f 2881 5360 6071
f 2881 6071 5357
f 2882 2884 5359
f 2882 5359 5358
f 2884 5361 6072
f 2884 6072 5359
f 2885 2887 5363
f 2885 5363 5362
f 2886 5369 5370
f 2886 5370 2887
f 2887 5370 6073
f 2887 6073 5363
f 2886 2888 5368
f 2886 5368 5369
f 2889 5373 5374
f 2889 5374 2890
f 2890 5374 6072
f 2890 6072 5361
f 2892 2893 2897
f 2892 2897 2894
f 2894 2897 5382
f 2894 5382 5381
f 2893 5377 5378
f 2893 5378 2897
f 2897 5378 6077
f 2897 6077 5382
f 2892 2894 2898
f 2892 2898 2895
f 2899 5379 5380
f 2899 5380 2900
f 2900 5380 6078
f 2900 6078 5383
f 2901 2904 2905
f 2901 2905 2902
f 2902 2905 5393
f 2902 5393 5392
f 2904 5385 5386
f 2904 5386 2905
f 2905 5386 6079
f 2905 6079 5393
f 2901 2903 2907
f 2901 2907 2904
f 2908 2909 5397
f 2908 5397 5396
f 2909 5383 6078
f 2909 6078 5397
f 2910 2911 5418
f 2910 5418 5417
f 2911 5382 6077
f 2911 6077 5418
f 2914 2915 2918
f 2914 2918 2916
f 2915 5433 5434
f 2915 5434 2918
f 2914 2916 2919
f 2914 2919 2917
f 2879 2917 2919
f 2879 2919 2881
f 2920 2923 2924
f 2920 2924 2921
f 2885 2924 2923
f 2923 2886 2887
f 2885 2923 2887
f 2920 2921 2925
f 2920 2925 2922
f 2922 2925 5435
f 2922 5435 5436
f 2926 2927 2930
f 2926 2930 2928
f 2926 2928 2931
f 2926 2931 2929
f 2929 2931 5437
f 2929 5437 5438
f 2932 2935 2936
f 2932 2936 2933
f 2935 5431 5432
f 2935 5432 2936
f 2932 2934 2937
f 2932 2937 2935
f 2934 5439 5440
f 2934 5440 2937
f 2938 2939 2941
f 2938 2941 2940
f 2939 5426 5427
f 2939 5427 2941
f 2871 2870 2938
f 2938 2940 2942
f 2942 2943 2871
f 2938 2942 2871
f 2942 5415 5416
f 2942 5416 2943
f 2943 5416 6075
f 2943 6075 5422
f 2940 2941 5427
f 5427 6081 5407
f 5407 5406 2940
f 5427 5407 2940
f 2933 2936 2907
f 2933 2907 2903
f 2935 2937 5440
f 5440 6083 5431
f 5440 5431 2935
f 5404 2867 2852
f 5404 2852 5413
f 2841 5440 5439
f 2841 5439 2839
f 2824 2826 5435
f 5435 2925 5428
f 5421 5422 2827
f 5435 5428 5421
f 2827 2824 5435
f 5435 5421 2827
f 5413 2852 5393
f 5393 6079 5414
f 5393 5414 5413
f 2819 5419 5360
f 5360 2881 2919
f 5360 2919 2916
f 2817 2819 5360
f 5434 2820 2817
f 5360 2916 2918
f 2918 5434 2817
f 5360 2918 2817
f 4792 1958 1961
f 1968 1967 4779
f 4792 1961 1968
f 4779 4778 4792
f 1968 4779 4792
f 4758 4820 1966
f 4758 1966 2012
f 1962 4816 4807
f 1962 4807 1945
f 2004 1997 1996
f 1996 1928 1930
f 1930 1934 2004
f 1996 1930 2004
f 4766 1985 1979
f 1979 1978 4756
f 4756 4755 4766
f 1979 4756 4766
f 1908 1907 4834
f 4834 2014 2013
f 2016 1974 1975
f 4834 2013 2016
f 1910 1908 4834
f 1975 1976 1910
f 4834 2016 1975
f 4834 1975 1910
f 2037 1950 1952
f 2037 1952 2038
f 4809 4810 5980
f 5980 4758 2012
f 2012 2011 4809
f 5980 2012 4809
f 1916 1915 4837
f 4837 4836 1918
f 4837 1918 1916
f 4774 1939 1941
f 1941 1940 1954
f 1954 4775 4774
f 1941 1954 4774
f 2010 4824 4831
f 4831 4781 4782
f 4831 4782 2010
f 1993 1927 1937
f 1937 1936 2006
f 2006 2008 1993
f 1937 2006 1993
f 4755 1968 1961
f 1961 1958 4767
f 4767 4766 4755
f 1961 4767 4755
f 1998 1929 1928
f 1998 1928 1996
f 1923 4839 4838
f 1923 4838 1924
f 1987 1922 1921
f 1987 1921 1986
f 4807 4816 2041
f 4807 2041 2039
f 4792 4778 1997
f 1997 2004 2000
f 1997 2000 4792
f 2007 1938 4826
f 2007 4826 4783
f 4821 4759 1980
f 4821 1980 1914
f 4777 1971 4809
f 4777 4809 4818
f 4819 5986 4777
f 4818 4819 4777
f 1973 1971 4777
f 4777 4776 1970
f 4777 1970 1973
f 2025 2028 4839
f 4839 1923 1925
f 1925 1927 1993
f 1993 1990 1989
f 1989 1992 2026
f 2026 2025 4839
f 4839 1925 1993
f 1993 1989 2026
f 4839 1993 2026
f 2011 2012 1966
f 1966 1965 4825
f 4825 4824 2010
f 2010 2009 2011
f 2011 1966 4825
f 4825 2010 2011
f 1907 1908 1911
f 1907 1911 1909
f 1908 4774 4775
f 1908 4775 1911
f 1911 4775 5983
f 1911 5983 4820
f 1917 4764 4769
f 4769 1913 1920
f 4769 1920 1917
f 1913 4769 4770
f 1913 4770 1914
f 1914 4770 5985
f 1914 5985 4821
f 1915 1916 1919
f 1915 1919 1917
f 1917 1919 4765
f 1917 4765 4764
f 1919 4823 5984
f 1919 5984 4765
f 1921 1922 4763
f 1921 4763 4762
f 1922 4821 5985
f 1922 5985 4763
f 1921 4762 4774
f 4774 1908 1910
f 4774 1910 1921
f 1923 1924 1926
f 1923 1926 1925
f 1925 1926 4801
f 1925 4801 4800
f 1924 4824 4825
f 1924 4825 1926
f 1925 4800 4799
f 1925 4799 1927
f 2006 1936 1938
f 2006 1938 2007
f 1928 1929 4795
f 1928 4795 4794
f 1929 4826 5991
f 1929 5991 4795
f 1932 1934 4789
f 1932 4789 4790
f 1931 1932 1935
f 1931 1935 1933
f 1933 1935 4828
f 1933 4828 4827
f 1932 4790 4791
f 1932 4791 1935
f 1935 4791 5990
f 1935 5990 4828
f 1936 1937 1927
f 1927 4799 4787
f 1927 4787 1936
f 1936 4787 4788
f 1936 4788 1938
f 1938 4788 5991
f 1938 5991 4826
f 2032 2035 2005
f 2032 2005 2001
f 1940 1941 4812
f 1940 4812 4811
f 1939 4800 4801
f 1939 4801 1941
f 1941 4801 5989
f 1941 5989 4812
f 4804 1956 4798
f 4804 4798 5987
f 1969 4780 4779
f 1969 4779 1967
f 4804 5987 4780
f 4804 4780 1969
f 4790 4789 4794
f 4794 1942 1946
f 4794 1946 4790
f 1942 4794 4795
f 1942 4795 1943
f 1943 4795 5991
f 1943 5991 4813
f 1946 1947 4791
f 1946 4791 4790
f 1945 4807 4808
f 1945 4808 1947
f 1947 4808 5990
f 1947 5990 4791
f 1948 1949 4788
f 1948 4788 4787
f 1949 4813 5991
f 1949 5991 4788
f 1948 4787 4799
f 4799 4800 1939
f 4799 1939 1948
f 2036 4841 5992
f 5992 4832 2034
f 2036 5992 2034
f 1950 1951 1953
f 1950 1953 1952
f 1952 1953 4786
f 1952 4786 4785
f 1951 4814 4815
f 1951 4815 1953
f 1953 4815 5988
f 1953 5988 4786
f 4764 1946 1942
f 4764 1942 4769
f 1955 1956 4773
f 1955 4773 4772
f 1956 4804 5981
f 1956 5981 4773
f 1955 4772 4771
f 1955 4771 1957
f 4814 1944 4793
f 4793 5988 4815
f 4793 4815 4814
f 1948 1939 4774
f 1948 4774 4762
f 4769 1942 1943
f 4769 1943 4770
f 1958 1960 4768
f 1958 4768 4767
f 1959 4805 4806
f 1959 4806 1960
f 1960 4806 5982
f 1960 5982 4768
f 4762 4763 1949
f 4762 1949 1948
f 1963 1964 4806
f 1963 4806 4805
f 4761 1964 2042
f 2042 4823 4822
f 4829 4830 4760
f 2042 4822 4829
f 4760 4761 2042
f 2042 4829 4760
f 1964 4761 5982
f 1964 5982 4806
f 1965 1966 4803
f 1965 4803 4802
f 1966 4820 5983
f 1966 5983 4803
f 1967 1968 4755
f 1967 4755 4756
f 1967 4756 4757
f 1967 4757 1969
f 1969 4757 5981
f 1969 5981 4804
f 1971 1973 4810
f 1971 4810 4809
f 1970 4753 4754
f 1970 4754 1973
f 1973 4754 5980
f 1973 5980 4810
f 4811 4812 5989
f 5989 4801 1926
f 1926 4825 1965
f 1965 4802 4811
f 4811 5989 1926
f 1926 1965 4811
f 1975 4753 4752
f 1975 4752 1976
f 1975 1977 4754
f 1975 4754 4753
f 1977 4758 5980
f 1977 5980 4754
f 1978 1980 4757
f 1978 4757 4756
f 1980 4759 5981
f 1980 5981 4757
f 1982 1984 4761
f 1982 4761 4760
f 1983 4767 4768
f 1983 4768 1984
f 1984 4768 5982
f 1984 5982 4761
f 1983 1985 4766
f 1983 4766 4767
f 1986 4772 4773
f 1986 4773 1987
f 1987 4773 5981
f 1987 5981 4759
f 1989 1990 1994
f 1989 1994 1991
f 1991 1994 4782
f 1991 4782 4781
f 1990 4776 4777
f 1990 4777 1994
f 1994 4777 5986
f 1994 5986 4782
f 1989 1991 1995
f 1989 1995 1992
f 1996 1997 4778
f 1996 4778 4779
f 1996 4779 4780
f 1996 4780 1998
f 1998 4780 5987
f 1998 5987 4783
f 1999 2002 2003
f 1999 2003 2000
f 2000 2003 4793
f 2000 4793 4792
f 2002 4785 4786
f 2002 4786 2003
f 2003 4786 5988
f 2003 5988 4793
f 1999 2001 2005
f 1999 2005 2002
f 2006 2007 4798
f 2006 4798 4797
f 2007 4783 5987
f 2007 5987 4798
f 2006 4797 4796
f 2006 4796 2008
f 2009 2010 4819
f 2009 4819 4818
f 2010 4782 5986
f 2010 5986 4819
f 2013 2014 2017
f 2013 2017 2015
f 2014 4834 4835
f 2014 4835 2017
f 2013 2015 2018
f 2013 2018 2016
f 1975 1974 2016
f 2016 2018 1977
f 2016 1977 1975
f 2019 2022 2023
f 2019 2023 2020
f 1982 2023 2022
f 2022 1981 1983
f 1983 1984 1982
f 1982 2022 1983
f 2019 2020 2024
f 2019 2024 2021
f 2021 2024 4836
f 2021 4836 4837
f 2025 2026 2029
f 2025 2029 2027
f 2025 2027 2030
f 2025 2030 2028
f 2028 2030 4838
f 2028 4838 4839
f 2031 2034 2035
f 2031 2035 2032
f 2034 4832 4833
f 2034 4833 2035
f 2031 2033 2036
f 2031 2036 2034
f 2033 4840 4841
f 2033 4841 2036
f 2037 2038 2040
f 2037 2040 2039
f 2038 4827 4828
f 2038 4828 2040
f 1964 1963 2037
f 2037 2039 2041
f 2041 2042 1964
f 2037 2041 1964
f 2041 4816 4817
f 2041 4817 2042
f 2042 4817 5984
f 2042 5984 4823
f 1916 1918 4836
f 4836 2024 4829
f 4822 4823 1919
f 4836 4829 4822
f 1919 1916 4836
f 4836 4822 1919
f 2039 2040 4828
f 4828 5990 4808
f 4808 4807 2039
f 4828 4808 2039
f 4789 1934 1930
f 1930 1928 4794
f 1930 4794 4789
f 5992 4841 1933
f 5992 1933 4827
f 2038 1952 4785
f 4785 4784 4833
f 4833 4832 5992
f 5992 4827 2038
f 2038 4785 4833
f 4833 5992 2038
f 1998 4783 4826
f 1998 4826 1929
f 1963 4805 4814
f 1963 4814 1951
f 2026 1992 1995
f 2026 1995 2029
f 1993 2008 4796
f 4796 4776 1990
f 4796 1990 1993
f 4781 4831 2030
f 2030 2027 2029
f 2029 1995 1991
f 1991 4781 2030
f 2030 2029 1991
f 2011 2009 4818
f 2011 4818 4809
f 1957 1972 1970
f 1970 4776 4796
f 4796 4797 1955
f 1955 1957 1970
f 1970 4796 1955
f 1910 1976 1988
f 1988 1986 1921
f 1988 1921 1910
f 1913 1914 1980
f 1913 1980 1978
f 1917 1920 1985
f 1985 1983 1981
f 2022 2019 2021
f 1985 1981 2022
f 1915 1917 1985
f 2021 4837 1915
f 1985 2022 2021
f 1985 2021 1915
f 1933 4841 4840
f 1933 4840 1931
f 1978 1979 1985
f 1985 1920 1913
f 1985 1913 1978
f 1960 1958 4792
f 4792 4793 1944
f 1944 1959 1960
f 4792 1944 1960
f 5985 4813 1949
f 5985 1949 4763
f 1912 4835 4834
f 4834 1907 1909
f 1912 4834 1909
f 4805 1959 1944
f 4805 1944 4814
f 4838 2030 4831
f 4831 4824 1924
f 4831 1924 4838
f 2000 2004 1934
f 1934 1932 1931
f 1931 4840 2033
f 2033 2031 2032
f 2032 2001 1999
f 1999 2000 1934
f 1934 1931 2033
f 2032 1999 1934
f 1934 2033 2032
f 1955 4797 4798
f 1955 4798 1956
f 4770 1943 4813
f 4770 4813 5985
f 1963 1951 1950
f 1963 1950 2037
f 1954 1940 4811
f 1954 4811 4802
f 5983 4775 1954
f 1954 4802 4803
f 1954 4803 5983
f 1946 4764 4765
f 4765 1962 1945
f 1945 1947 1946
f 4765 1945 1946
f 4821 1922 1987
f 4821 1987 4759
f 4830 4829 2024
f 2020 2023 4830
f 2024 2020 4830
f 1972 1957 4771
f 4771 4752 4753
f 4753 1970 1972
f 1972 4771 4753
f 4816 1962 4765
f 4765 5984 4817
f 4765 4817 4816
f 2002 2005 2035
f 2035 4833 4784
f 4784 4785 2002
f 2035 4784 2002
f 1988 1976 4752
f 4752 4771 4772
f 4772 1986 1988
f 1988 4752 4772
f 4760 4830 2023
f 4760 2023 1982
f 1911 4820 4758
f 4758 1977 2018
f 4758 2018 2015
f 1909 1911 4758
f 4835 1912 1909
f 4758 2015 2017
f 2017 4835 1909
f 4758 2017 1909
f 3279 3219 3229
f 3229 3228 3291
f 3229 3291 3279
f 3321 3242 3244
f 3321 3244 3322
f 5664 5665 6119
f 6119 5654 3218
f 3218 5678 3255
f 3255 5655 5664
f 5664 6119 3218
f 3218 3255 5664
f 5660 3237 3252
f 5660 3252 5669
f 3316 3319 3290
f 3316 3290 3286
f 3277 5635 5684
f 5684 3311 3313
f 3313 3281 3277
f 5684 3313 3277
f 5684 5677 3216
f 3216 5691 3314
f 3314 3311 5684
f 3216 3314 5684
f 3322 3244 5639
f 5639 5638 5686
f 5686 5685 6122
f 6122 5680 3322
f 3322 5639 5686
f 5686 6122 3322
f 3295 3296 3256
f 3256 3255 5678
f 5678 5677 3294
f 3294 3293 3295
f 3295 3256 5678
f 5678 3294 3295
f 3202 3263 3274
f 3274 3272 3213
f 3274 3213 3202
f 5662 5663 6110
f 6110 5614 3296
f 3296 3295 5662
f 6110 3296 5662
f 3253 3243 3242
f 3253 3242 3321
f 5658 3250 3236
f 5658 3236 5667
f 3209 3212 3271
f 3271 3269 3306
f 3306 3303 3305
f 3305 5690 3207
f 3207 3209 3271
f 3271 3306 3305
f 3271 3305 3207
f 5610 3259 3247
f 3247 5627 5609
f 3247 5609 5610
f 5612 3257 3249
f 3249 5623 5622
f 3249 5622 5612
f 3200 3199 5687
f 5687 3298 3297
f 3300 3262 3263
f 5687 3297 3300
f 3202 3200 5687
f 3300 3263 3202
f 5687 3300 3202
f 3208 3210 5689
f 5689 3308 5682
f 5675 5676 3211
f 5689 5682 5675
f 3211 3208 5689
f 5689 5675 3211
f 5669 3252 5621
f 5621 6114 5670
f 5621 5670 5669
f 3309 3312 5692
f 5692 3215 3217
f 3217 3219 3279
f 3279 3276 3275
f 3275 3278 3310
f 3310 3309 5692
f 5692 3217 3279
f 3279 3275 3310
f 5692 3279 3310
f 5614 5673 3256
f 5614 3256 3296
f 5683 5682 3308
f 3304 3307 5683
f 3308 3304 5683
f 3283 5637 5679
f 3283 5679 3221
f 5662 3295 3293
f 5662 3293 5671
f 3208 3207 5690
f 5690 5689 3210
f 5690 3210 3208
f 5657 3248 5651
f 5657 5651 6117
f 5658 5667 3243
f 5658 3243 3253
f 3235 5626 5625
f 3235 5625 3234
f 6115 5666 3241
f 6115 3241 5619
f 3235 5666 6115
f 3235 6115 5626
f 3273 3214 3213
f 3273 3213 3272
f 3266 3271 3212
f 3212 3205 3265
f 3212 3265 3266
f 3204 5688 5687
f 5687 3199 3201
f 3204 5687 3201
f 5630 5629 3231
f 3231 3233 3232
f 3246 5630 3231
f 3231 3232 3246
f 3291 3228 3230
f 3291 3230 3292
f 5667 3236 5647
f 5647 6118 5668
f 5647 5668 5667
f 3310 3278 3281
f 3310 3281 3313
f 3285 3289 3226
f 3226 3224 3223
f 3223 5693 3317
f 3317 3315 3316
f 3316 3286 3284
f 3284 3285 3226
f 3226 3223 3317
f 3316 3284 3226
f 3226 3317 3316
f 3240 3231 5629
f 3240 5629 5618
f 3203 5673 5614
f 5614 3264 3302
f 5614 3302 3299
f 3201 3203 5614
f 5688 3204 3201
f 5614 3299 3301
f 3301 5688 3201
f 5614 3301 3201
f 5616 5683 3307
f 5616 3307 3268
f 3215 5692 5691
f 3215 5691 3216
f 3287 3290 3319
f 3319 5686 5638
f 5638 5639 3287
f 3319 5638 3287
f 3225 5694 5693
f 3225 5693 3223
f 5632 3260 5662
f 5632 5662 5671
f 5672 6116 5632
f 5671 5672 5632
f 5620 3238 3234
f 5620 3234 5625
f 5622 3271 3266
f 3266 3265 5612
f 3266 5612 5622
f 3289 3282 3220
f 3222 3226 3289
f 3220 3222 3289
f 3294 5677 5684
f 5684 5635 5636
f 5684 5636 3294
f 6122 5694 3225
f 6122 3225 5680
f 3283 3221 3220
f 3283 3220 3282
f 3323 3324 5681
f 5681 6120 5661
f 5661 5660 3323
f 5681 5661 3323
f 5674 5615 3267
f 5674 3267 3206
f 3320 5694 6122
f 6122 5685 3318
f 3320 6122 3318
f 3323 5660 5669
f 3323 5669 3325
f 5643 3226 3222
f 3222 3220 5648
f 3222 5648 5643
f 5646 3249 3257
f 5646 3257 5633
f 3249 5646 5647
f 5647 3236 3250
f 3250 3251 3249
f 5647 3250 3249
f 3228 3229 3219
f 3219 5652 5641
f 3219 5641 3228
f 5646 5633 3282
f 3282 3289 3285
f 3282 3285 5646
f 5674 3214 3273
f 5674 3273 5615
f 3199 3200 3203
f 3199 3203 3201
f 3200 5629 5630
f 3200 5630 3203
f 3203 5630 6113
f 3203 6113 5673
f 3209 5620 5625
f 5625 3205 3212
f 5625 3212 3209
f 3205 5625 5626
f 3205 5626 3206
f 3206 5626 6115
f 3206 6115 5674
f 3207 3208 3211
f 3207 3211 3209
f 3209 3211 5621
f 3209 5621 5620
f 3211 5676 6114
f 3211 6114 5621
f 3213 3214 5619
f 3213 5619 5618
f 3214 5674 6115
f 3214 6115 5619
f 3213 5618 5629
f 5629 3200 3202
f 5629 3202 3213
f 3215 3216 3218
f 3215 3218 3217
f 3217 3218 5654
f 3217 5654 5653
f 3216 5677 5678
f 3216 5678 3218
f 3217 5653 5652
f 3217 5652 3219
f 3220 3221 5649
f 3220 5649 5648
f 3292 3230 5679
f 3292 5679 5637
f 3221 5679 6121
f 3221 6121 5649
f 3224 3226 5643
f 3224 5643 5644
f 3223 3224 3227
f 3223 3227 3225
f 3225 3227 5681
f 3225 5681 5680
f 3224 5644 5645
f 3224 5645 3227
f 3227 5645 6120
f 3227 6120 5681
f 3228 5641 5642
f 3228 5642 3230
f 3230 5642 6121
f 3230 6121 5679
f 3232 3233 5665
f 3232 5665 5664
f 3231 5653 5654
f 3231 5654 3233
f 3233 5654 6119
f 3233 6119 5665
f 3247 5650 5651
f 3247 5651 3248
f 3258 5634 5633
f 3258 5633 3257
f 3258 5657 6117
f 3258 6117 5634
f 5644 5643 5648
f 5648 3234 3238
f 5648 3238 5644
f 3234 5648 5649
f 3234 5649 3235
f 3235 5649 6121
f 3235 6121 5666
f 3238 3239 5645
f 3238 5645 5644
f 3237 5660 5661
f 3237 5661 3239
f 3239 5661 6120
f 3239 6120 5645
f 3240 3241 5642
f 3240 5642 5641
f 3241 5666 6121
f 3241 6121 5642
f 3240 5641 5652
f 5652 5653 3231
f 5652 3231 3240
f 3242 3243 3245
f 3242 3245 3244
f 3244 3245 5640
f 3244 5640 5639
f 3243 5667 5668
f 3243 5668 3245
f 3245 5668 6118
f 3245 6118 5640
f 3206 3267 3265
f 3206 3265 3205
f 3247 3248 5628
f 3247 5628 5627
f 3248 5657 6111
f 3248 6111 5628
f 5618 5619 3241
f 5618 3241 3240
f 3249 3251 5624
f 3249 5624 5623
f 3250 5658 5659
f 3250 5659 3251
f 3251 5659 6112
f 3251 6112 5624
f 3238 5620 5621
f 5621 3252 3237
f 3237 3239 3238
f 5621 3237 3238
f 3253 3254 5659
f 3253 5659 5658
f 5617 3254 3326
f 3326 5676 5675
f 5682 5683 5616
f 3326 5675 5682
f 5616 5617 3326
f 3326 5682 5616
f 3254 5617 6112
f 3254 6112 5659
f 3255 3256 5656
f 3255 5656 5655
f 3256 5673 6113
f 3256 6113 5656
f 3257 5612 5613
f 3257 5613 3258
f 3258 5613 6111
f 3258 6111 5657
f 3260 3261 5663
f 3260 5663 5662
f 3259 5610 5611
f 3259 5611 3261
f 3261 5611 6110
f 3261 6110 5663
f 3262 5610 5609
f 3262 5609 3263
f 3262 3264 5611
f 3262 5611 5610
f 3264 5614 6110
f 3264 6110 5611
f 3259 5631 5650
f 3259 5650 3247
f 3265 3267 5613
f 3265 5613 5612
f 3267 5615 6111
f 3267 6111 5613
f 3268 3270 5617
f 3268 5617 5616
f 3269 5623 5624
f 3269 5624 3270
f 3270 5624 6112
f 3270 6112 5617
f 3269 3271 5622
f 3269 5622 5623
f 3272 5627 5628
f 3272 5628 3273
f 3273 5628 6111
f 3273 6111 5615
f 3275 3276 3280
f 3275 3280 3277
f 3277 3280 5636
f 3277 5636 5635
f 3276 5631 5632
f 3276 5632 3280
f 3280 5632 6116
f 3280 6116 5636
f 3275 3277 3281
f 3275 3281 3278
f 3282 5633 5634
f 3282 5634 3283
f 3283 5634 6117
f 3283 6117 5637
f 3284 3287 3288
f 3284 3288 3285
f 3285 3288 5647
f 3285 5647 5646
f 3287 5639 5640
f 3287 5640 3288
f 3288 5640 6118
f 3288 6118 5647
f 3284 3286 3290
f 3284 3290 3287
f 3291 3292 5651
f 3291 5651 5650
f 3292 5637 6117
f 3292 6117 5651
f 3293 3294 5672
f 3293 5672 5671
f 3294 5636 6116
f 3294 6116 5672
f 3297 3298 3301
f 3297 3301 3299
f 3298 5687 5688
f 3298 5688 3301
f 3297 3299 3302
f 3297 3302 3300
f 3262 3300 3302
f 3262 3302 3264
f 3303 3306 3307
f 3303 3307 3304
f 3268 3307 3306
f 3306 3269 3270
f 3268 3306 3270
f 3303 3304 3308
f 3303 3308 3305
f 3305 3308 5689
f 3305 5689 5690
f 3309 3310 3313
f 3309 3313 3311
f 3309 3311 3314
f 3309 3314 3312
f 3312 3314 5691
f 3312 5691 5692
f 3315 3318 3319
f 3315 3319 3316
f 3318 5685 5686
f 3318 5686 3319
f 3315 3317 3320
f 3315 3320 3318
f 3317 5693 5694
f 3317 5694 3320
f 3321 3322 3324
f 3321 3324 3323
f 3322 5680 5681
f 3322 5681 3324
f 3254 3253 3321
f 3321 3323 3325
f 3325 3326 3254
f 3321 3325 3254
f 3325 5669 5670
f 3325 5670 3326
f 3326 5670 6114
f 3326 6114 5676
f 3261 3260 5632
f 5632 5631 3259
f 5632 3259 3261
f 5656 6113 5630
f 3246 3232 5664
f 5655 5656 5630
f 3246 5664 5655
f 5655 5630 3246
f 5650 5631 3276
f 3276 3279 3291
f 3276 3291 5650
f 3274 3263 5609
f 5609 5627 3272
f 3274 5609 3272
f 3841 549 553
f 553 482 477
f 553 477 3841
f 3830 5831 3785
f 3785 535 536
f 536 3831 3830
f 3785 536 3830
f 540 542 519
f 540 519 518
f 3811 3784 3783
f 3783 3797 559
f 559 552 547
f 547 3811 3783
f 3783 559 547
f 3834 5836 3802
f 3834 3802 507
f 3826 5835 3809
f 3826 3809 525
f 519 498 502
f 519 502 522
f 557 504 503
f 557 503 555
f 5832 3782 544
f 5832 544 3819
f 3788 3803 531
f 3832 501 496
f 3788 531 3832
f 3816 570 3788
f 3832 496 3816
f 3832 3816 3788
f 541 3781 3780
f 541 3780 545
f 520 3792 3793
f 520 3793 523
f 556 3798 3799
f 556 3799 560
f 544 3782 3781
f 544 3781 541
f 476 480 481
f 476 481 477
f 477 481 3842
f 477 3842 3841
f 476 477 482
f 476 482 478
f 476 478 483
f 476 483 479
f 479 483 3838
f 479 3838 3839
f 476 479 484
f 476 484 480
f 479 3839 3840
f 479 3840 484
f 558 548 552
f 558 552 559
f 485 489 490
f 485 490 486
f 485 486 491
f 485 491 487
f 486 3844 3843
f 486 3843 491
f 485 487 492
f 485 492 488
f 488 492 3835
f 488 3835 3836
f 485 488 493
f 485 493 489
f 488 3836 3837
f 488 3837 493
f 494 498 499
f 494 499 495
f 495 499 3837
f 495 3837 3836
f 494 495 500
f 494 500 496
f 495 3836 3835
f 495 3835 500
f 494 496 501
f 494 501 497
f 497 501 3825
f 497 3825 3824
f 501 3832 5840
f 501 5840 3825
f 494 497 502
f 494 502 498
f 497 3824 502
f 540 518 521
f 540 521 543
f 503 504 507
f 503 507 505
f 504 3833 3834
f 504 3834 507
f 503 505 508
f 503 508 506
f 509 513 514
f 509 514 510
f 510 514 3840
f 510 3840 3839
f 509 510 515
f 509 515 511
f 510 3839 3838
f 510 3838 515
f 509 511 516
f 509 516 512
f 512 516 3820
f 509 512 517
f 509 517 513
f 512 3820 3821
f 512 3821 517
f 517 3821 5839
f 517 5839 3790
f 3833 3818 543
f 3833 543 521
f 518 519 522
f 518 522 520
f 518 520 523
f 518 523 521
f 521 523 3834
f 521 3834 3833
f 523 3793 5836
f 523 5836 3834
f 524 3824 3825
f 524 3825 525
f 525 3825 5840
f 525 5840 3826
f 527 3827 5838
f 527 5838 3823
f 530 529 3795
f 3795 3796 528
f 3795 528 530
f 529 530 3821
f 529 3821 3820
f 528 3828 3829
f 528 3829 530
f 530 3829 5839
f 530 5839 3821
f 531 3826 5840
f 531 5840 3832
f 533 534 3815
f 533 3815 3814
f 532 3830 3831
f 532 3831 534
f 534 3831 5837
f 534 5837 3815
f 536 3812 5837
f 536 5837 3831
f 539 3790 5839
f 539 5839 3829
f 540 543 544
f 540 544 541
f 543 3818 3819
f 543 3819 544
f 540 541 545
f 540 545 542
f 546 550 551
f 546 551 547
f 547 551 3812
f 547 3812 3811
f 550 3814 3815
f 550 3815 551
f 551 3815 5837
f 551 5837 3812
f 546 547 552
f 546 552 548
f 546 548 553
f 546 553 549
f 546 549 554
f 546 554 550
f 550 554 3813
f 550 3813 3814
f 549 3841 3842
f 549 3842 554
f 555 558 559
f 555 559 556
f 555 556 560
f 555 560 557
f 557 560 3819
f 557 3819 3818
f 561 565 566
f 561 566 562
f 561 562 567
f 561 567 563
f 563 567 3817
f 563 3817 3816
f 562 3822 3823
f 562 3823 567
f 567 3823 5838
f 567 5838 3817
f 561 563 568
f 561 568 564
f 564 568 3843
f 564 3843 3844
f 561 564 569
f 561 569 565
f 3816 3817 570
f 570 3817 5838
f 570 5838 3827
f 565 542 545
f 565 545 566
f 505 3801 3800
f 505 3800 508
f 3806 526 527
f 527 3823 3822
f 3822 3805 3806
f 527 3822 3806
f 560 3799 5832
f 560 5832 3819
f 563 3816 496
f 496 500 3835
f 492 487 491
f 496 3835 492
f 568 563 496
f 492 491 3843
f 3843 568 496
f 496 492 3843
f 532 3787 5831
f 532 5831 3830
f 539 538 3810
f 3810 3786 533
f 537 3789 513
f 3810 533 537
f 3790 539 3810
f 513 517 3790
f 3810 537 513
f 3810 513 3790
f 542 565 569
f 569 490 489
f 493 3837 499
f 519 542 569
f 499 498 519
f 519 569 493
f 493 499 519
f 3818 3833 504
f 3818 504 557
f 525 3809 3808
f 525 3808 524
f 559 3797 3798
f 559 3798 556
f 511 506 508
f 511 508 516
f 3784 3811 3812
f 536 535 3785
f 3784 3812 536
f 536 3785 3784
f 527 526 3806
f 3806 5833 3827
f 3806 3827 527
f 480 484 3840
f 3840 514 513
f 513 3789 3813
f 3813 554 3842
f 3842 481 480
f 480 3840 513
f 513 3813 3842
f 480 513 3842
f 3780 3804 3805
f 3822 562 566
f 3780 3805 3822
f 566 545 3780
f 3822 566 3780
f 522 3791 3792
f 522 3792 520
f 482 553 548
f 548 558 506
f 506 511 515
f 3838 483 478
f 506 515 3838
f 482 548 506
f 506 3838 478
f 482 506 478
f 507 3802 3801
f 507 3801 505
f 516 508 3800
f 3794 3795 529
f 516 3800 3794
f 529 3820 516
f 3794 529 516
f 534 533 3786
f 3786 3787 532
f 3786 532 534
f 528 3796 5834
f 528 5834 3828
f 3807 3791 522
f 522 502 3824
f 3824 524 3808
f 3808 3807 522
f 522 3824 3808
f 5833 3788 570
f 5833 570 3827
f 555 503 506
f 555 506 558
f 531 3803 5835
f 531 5835 3826
f 569 564 3844
f 3844 486 490
f 3844 490 569
f 3814 3813 3789
f 3789 537 533
f 3789 533 3814
f 3828 5834 3810
f 538 539 3829
f 3828 3810 538
f 538 3829 3828
f 712 3921 3922
f 712 3922 710
f 696 748 745
f 696 745 693
f 710 3922 3923
f 710 3923 713
f 3971 739 743
f 743 672 667
f 743 667 3971
f 759 754 3974
f 3974 676 680
f 3974 680 759
f 3960 5851 3915
f 3915 725 726
f 726 3961 3960
f 3915 726 3960
f 713 3923 5856
f 713 5856 3964
f 729 728 3940
f 3940 3916 723
f 727 3919 703
f 3940 723 727
f 3920 729 3940
f 703 707 3920
f 3940 727 703
f 3940 703 3920
f 731 3911 3910
f 731 3910 735
f 750 3929 5852
f 750 5852 3949
f 666 670 671
f 666 671 667
f 667 671 3972
f 667 3972 3971
f 666 667 672
f 666 672 668
f 666 668 673
f 666 673 669
f 669 673 3968
f 669 3968 3969
f 666 669 674
f 666 674 670
f 669 3969 3970
f 669 3970 674
f 675 679 680
f 675 680 676
f 675 676 681
f 675 681 677
f 676 3974 3973
f 676 3973 681
f 675 677 682
f 675 682 678
f 678 682 3965
f 678 3965 3966
f 675 678 683
f 675 683 679
f 678 3966 3967
f 678 3967 683
f 684 688 689
f 684 689 685
f 685 689 3967
f 685 3967 3966
f 684 685 690
f 684 690 686
f 685 3966 3965
f 685 3965 690
f 684 686 691
f 684 691 687
f 687 691 3955
f 687 3955 3954
f 691 3962 5860
f 691 5860 3955
f 684 687 692
f 684 692 688
f 687 3954 692
f 701 705 3968
f 672 743 738
f 3968 668 672
f 696 701 3968
f 738 748 696
f 3968 672 738
f 3968 738 696
f 747 3948 3963
f 747 3963 694
f 3948 733 711
f 3948 711 3963
f 693 694 697
f 693 697 695
f 694 3963 3964
f 694 3964 697
f 693 695 698
f 693 698 696
f 699 703 704
f 699 704 700
f 700 704 3970
f 700 3970 3969
f 671 670 674
f 674 3970 704
f 704 703 3919
f 3919 3943 744
f 3972 671 674
f 3919 744 3972
f 674 704 3919
f 674 3919 3972
f 699 700 705
f 699 705 701
f 700 3969 3968
f 700 3968 705
f 699 701 706
f 699 706 702
f 702 706 3950
f 699 702 707
f 699 707 703
f 702 3950 3951
f 702 3951 707
f 707 3951 5859
f 707 5859 3920
f 732 709 708
f 732 708 730
f 708 709 712
f 708 712 710
f 708 710 713
f 708 713 711
f 711 713 3964
f 711 3964 3963
f 697 3932 3931
f 697 3931 695
f 714 3954 3955
f 714 3955 715
f 715 3955 5860
f 715 5860 3956
f 717 3957 5858
f 717 5858 3953
f 719 720 3951
f 719 3951 3950
f 718 3958 3959
f 718 3959 720
f 720 3959 5859
f 720 5859 3951
f 721 3956 5860
f 721 5860 3962
f 723 724 3945
f 723 3945 3944
f 722 3960 3961
f 722 3961 724
f 724 3961 5857
f 724 5857 3945
f 726 3942 5857
f 726 5857 3961
f 729 3920 5859
f 729 5859 3959
f 730 733 734
f 730 734 731
f 733 3948 3949
f 733 3949 734
f 730 731 735
f 730 735 732
f 749 3927 3928
f 749 3928 746
f 5852 3912 734
f 5852 734 3949
f 736 740 741
f 736 741 737
f 737 741 3942
f 737 3942 3941
f 740 3944 3945
f 740 3945 741
f 741 3945 5857
f 741 5857 3942
f 736 737 742
f 736 742 738
f 736 738 743
f 736 743 739
f 736 739 744
f 736 744 740
f 740 744 3943
f 740 3943 3944
f 739 3971 3972
f 739 3972 744
f 745 748 749
f 745 749 746
f 745 746 750
f 745 750 747
f 747 750 3949
f 747 3949 3948
f 751 755 756
f 751 756 752
f 751 752 757
f 751 757 753
f 753 757 3947
f 753 3947 3946
f 752 3952 3953
f 752 3953 757
f 757 3953 5858
f 757 5858 3947
f 751 753 758
f 751 758 754
f 754 758 3973
f 754 3973 3974
f 751 754 759
f 751 759 755
f 3946 3947 760
f 760 3947 5858
f 760 5858 3957
f 3956 5855 3939
f 3956 3939 715
f 3918 3933 721
f 3962 691 686
f 3918 721 3962
f 3946 760 3918
f 3962 686 3946
f 3962 3946 3918
f 5853 3918 760
f 5853 760 3957
f 3941 3914 3913
f 3913 3927 749
f 749 742 737
f 737 3941 3913
f 3913 749 737
f 3924 3925 719
f 719 3950 706
f 706 698 3930
f 3930 3924 719
f 719 706 3930
f 709 732 755
f 755 759 680
f 679 683 3967
f 755 680 679
f 688 709 755
f 3967 689 688
f 755 679 3967
f 755 3967 688
f 747 694 693
f 747 693 745
f 715 3939 3938
f 715 3938 714
f 730 708 711
f 730 711 733
f 746 3928 3929
f 746 3929 750
f 724 723 3916
f 3916 3917 722
f 3916 722 724
f 3910 3934 3935
f 3952 752 756
f 3910 3935 3952
f 756 735 3910
f 3952 756 3910
f 3964 5856 3932
f 3964 3932 697
f 721 3933 5855
f 721 5855 3956
f 748 738 742
f 748 742 749
f 3937 3921 712
f 712 692 3954
f 3954 714 3938
f 3938 3937 712
f 712 3954 3938
f 701 696 698
f 701 698 706
f 709 688 692
f 709 692 712
f 755 732 735
f 755 735 756
f 3944 3943 3919
f 3919 727 723
f 3919 723 3944
f 720 719 3925
f 3925 3926 718
f 3925 718 720
f 734 3912 3911
f 734 3911 731
f 3914 3941 3942
f 726 725 3915
f 3914 3942 726
f 726 3915 3914
f 695 3931 3930
f 695 3930 698
f 3958 5854 3940
f 728 729 3959
f 3958 3940 728
f 728 3959 3958
f 717 716 3936
f 3936 5853 3957
f 3936 3957 717
f 753 3946 686
f 686 690 3965
f 3965 682 677
f 681 3973 758
f 3965 677 681
f 753 686 3965
f 681 758 753
f 3965 681 753
f 3936 716 717
f 717 3953 3952
f 3952 3935 3936
f 717 3952 3936
f 718 3926 5854
f 718 5854 3958
f 722 3917 5851
f 722 5851 3960
f 323 3660 3684
f 3684 360 364
f 3684 364 3712
f 324 323 3684
f 291 290 294
f 3684 3712 291
f 294 324 3684
f 3684 291 294
f 3696 5815 3680
f 3696 3680 335
f 3711 359 363
f 363 292 287
f 363 287 3711
f 333 330 3663
f 333 3663 3664
f 369 3668 3669
f 369 3669 366
f 351 3652 3651
f 351 3651 355
f 354 3653 3652
f 354 3652 351
f 286 290 291
f 286 291 287
f 287 291 3712
f 287 3712 3711
f 286 287 292
f 286 292 288
f 286 288 293
f 286 293 289
f 289 293 3708
f 289 3708 3709
f 286 289 294
f 286 294 290
f 289 3709 3710
f 289 3710 294
f 295 299 300
f 295 300 296
f 295 296 301
f 295 301 297
f 296 3714 3713
f 296 3713 301
f 295 297 302
f 295 302 298
f 298 302 3705
f 298 3705 3706
f 295 298 303
f 295 303 299
f 298 3706 3707
f 298 3707 303
f 304 308 309
f 304 309 305
f 305 309 3707
f 305 3707 3706
f 304 305 310
f 304 310 306
f 305 3706 3705
f 305 3705 310
f 304 306 311
f 304 311 307
f 307 311 3695
f 307 3695 3694
f 311 3702 5820
f 311 5820 3695
f 304 307 312
f 304 312 308
f 307 3694 312
f 329 308 312
f 329 312 332
f 313 314 317
f 313 317 315
f 314 3703 3704
f 314 3704 317
f 313 315 318
f 313 318 316
f 3704 5816 3673
f 3704 3673 317
f 319 323 324
f 319 324 320
f 320 324 3710
f 320 3710 3709
f 319 320 325
f 319 325 321
f 320 3709 3708
f 320 3708 325
f 319 321 326
f 319 326 322
f 322 326 3690
f 319 322 327
f 319 327 323
f 322 3690 3691
f 322 3691 327
f 327 3691 5819
f 327 5819 3661
f 328 329 332
f 328 332 330
f 328 330 333
f 328 333 331
f 331 333 3704
f 331 3704 3703
f 315 3672 3671
f 315 3671 318
f 334 3694 3695
f 334 3695 335
f 335 3695 5820
f 335 5820 3696
f 337 3697 5818
f 337 5818 3693
f 321 316 318
f 321 318 326
f 368 358 362
f 368 362 369
f 339 340 3691
f 339 3691 3690
f 338 3698 3699
f 338 3699 340
f 340 3699 5819
f 340 5819 3691
f 341 3696 5820
f 341 5820 3702
f 343 344 3685
f 343 3685 3684
f 342 3700 3701
f 342 3701 344
f 344 3701 5817
f 344 5817 3685
f 346 3683 5817
f 346 5817 3701
f 349 3661 5819
f 349 5819 3699
f 350 353 354
f 350 354 351
f 353 3688 3689
f 353 3689 354
f 350 351 355
f 350 355 352
f 356 360 361
f 356 361 357
f 357 361 3683
f 357 3683 3682
f 360 3684 3685
f 360 3685 361
f 361 3685 5817
f 361 5817 3683
f 356 357 362
f 356 362 358
f 356 358 363
f 356 363 359
f 356 359 364
f 356 364 360
f 359 3711 3712
f 359 3712 364
f 365 368 369
f 365 369 366
f 3682 3655 3654
f 3654 3668 369
f 369 362 357
f 357 3682 3654
f 3654 369 357
f 365 366 370
f 365 370 367
f 367 370 3689
f 367 3689 3688
f 371 375 376
f 371 376 372
f 371 372 377
f 371 377 373
f 373 377 3687
f 373 3687 3686
f 372 3692 3693
f 372 3693 377
f 377 3693 5818
f 377 5818 3687
f 371 373 378
f 371 378 374
f 374 378 3713
f 374 3713 3714
f 371 374 379
f 371 379 375
f 3686 3687 380
f 380 3687 5818
f 380 5818 3697
f 3688 3703 314
f 3688 314 367
f 3655 3682 3683
f 346 345 3656
f 3655 3683 346
f 346 3656 3655
f 3659 3674 341
f 3702 311 306
f 3659 341 3702
f 3686 380 3659
f 3702 306 3686
f 3702 3686 3659
f 352 329 328
f 352 328 350
f 358 368 316
f 316 321 325
f 316 325 3708
f 363 358 316
f 293 288 292
f 292 363 316
f 316 3708 293
f 316 293 292
f 353 331 3703
f 353 3703 3688
f 331 353 350
f 331 350 328
f 3677 336 337
f 337 3693 3692
f 3692 3676 3677
f 337 3692 3677
f 367 314 313
f 367 313 365
f 344 343 3657
f 3657 3658 342
f 3657 342 344
f 3651 3675 3676
f 3692 372 376
f 3651 3676 3692
f 376 355 3651
f 3692 376 3651
f 375 352 355
f 375 355 376
f 370 3670 5812
f 370 5812 3689
f 379 374 3714
f 3714 296 300
f 3714 300 379
f 349 348 3681
f 3681 3657 343
f 347 3660 323
f 3681 343 347
f 3661 349 3681
f 323 327 3661
f 3681 347 323
f 3681 323 3661
f 3662 332 312
f 312 3694 334
f 334 3679 3678
f 3678 3662 312
f 312 334 3678
f 366 3669 3670
f 366 3670 370
f 5813 3659 380
f 5813 380 3697
f 338 3667 5814
f 338 5814 3698
f 3684 3660 347
f 3684 347 343
f 306 310 3705
f 302 297 301
f 306 3705 302
f 373 3686 306
f 3713 378 373
f 306 302 301
f 301 3713 373
f 301 373 306
f 337 336 3677
f 3677 5813 3697
f 3677 3697 337
f 352 375 379
f 300 299 303
f 352 379 300
f 308 329 352
f 3707 309 308
f 352 300 303
f 303 3707 308
f 303 308 352
f 342 3658 5811
f 342 5811 3700
f 365 313 316
f 365 316 368
f 3698 5814 3681
f 348 349 3699
f 3698 3681 348
f 348 3699 3698
f 332 3662 3663
f 332 3663 330
f 5812 3653 354
f 5812 354 3689
f 340 339 3666
f 3666 3667 338
f 3666 338 340
f 341 3674 5815
f 341 5815 3696
f 317 3673 3672
f 317 3672 315
f 3700 5811 3656
f 3656 345 346
f 346 3701 3700
f 3656 346 3700
f 335 3680 3679
f 335 3679 334
f 333 3664 5816
f 333 5816 3704
f 326 318 3671
f 3665 3666 339
f 326 3671 3665
f 339 3690 326
f 3665 339 326
f 993 1015 1017
f 993 1017 994
f 4155 5881 4110
f 4110 1010 1011
f 1011 4156 4155
f 4110 1011 4155
f 981 1033 1030
f 981 1030 978
f 1002 1001 4131
f 4131 5883 4152
f 4131 4152 1002
f 1007 4112 5881
f 1007 5881 4155
f 994 1017 1040
f 1040 1044 965
f 965 964 968
f 968 4162 974
f 974 973 994
f 994 1040 965
f 965 968 974
f 965 974 994
f 1044 1039 4169
f 4169 961 965
f 4169 965 1044
f 979 1032 4143
f 979 4143 4158
f 1018 996 4158
f 1018 4158 4143
f 4151 5885 4134
f 4151 4134 1000
f 1000 4134 4133
f 1000 4133 999
f 4153 5884 4135
f 1013 1014 4154
f 4153 4135 1013
f 1013 4154 4153
f 1015 993 996
f 1015 996 1018
f 4105 4129 4130
f 4147 1037 1041
f 4105 4130 4147
f 1041 1020 4105
f 4147 1041 4105
f 4166 1024 1028
f 1028 957 952
f 1028 952 4166
f 1014 1013 4135
f 4135 4111 1008
f 1012 4114 988
f 4135 1008 1012
f 4115 1014 4135
f 988 992 4115
f 4135 1012 988
f 4135 988 4115
f 1016 4106 4105
f 1016 4105 1020
f 1032 979 978
f 1032 978 1030
f 995 4117 4118
f 995 4118 998
f 997 4116 4117
f 997 4117 995
f 998 4118 5886
f 998 5886 4159
f 1009 1008 4111
f 4111 4112 1007
f 4111 1007 1009
f 4109 4136 4137
f 1011 1010 4110
f 4109 4137 1011
f 1011 4110 4109
f 980 4126 4125
f 980 4125 983
f 5882 4107 1019
f 5882 1019 4144
f 1019 4107 4106
f 1019 4106 1016
f 1034 4122 4123
f 1034 4123 1031
f 951 955 956
f 951 956 952
f 952 956 4167
f 952 4167 4166
f 951 952 957
f 951 957 953
f 951 953 958
f 951 958 954
f 954 958 4163
f 954 4163 4164
f 951 954 959
f 951 959 955
f 954 4164 4165
f 954 4165 959
f 1033 1023 1027
f 1033 1027 1034
f 960 964 965
f 960 965 961
f 960 961 966
f 960 966 962
f 961 4169 4168
f 961 4168 966
f 960 962 967
f 960 967 963
f 963 967 4160
f 963 4160 4161
f 960 963 968
f 960 968 964
f 963 4161 4162
f 963 4162 968
f 969 973 974
f 969 974 970
f 970 974 4162
f 970 4162 4161
f 969 970 975
f 969 975 971
f 970 4161 4160
f 970 4160 975
f 969 971 976
f 969 976 972
f 972 976 4150
f 972 4150 4149
f 976 4157 5890
f 976 5890 4150
f 969 972 977
f 969 977 973
f 972 4149 977
f 986 981 983
f 986 983 991
f 978 979 982
f 978 982 980
f 979 4158 4159
f 979 4159 982
f 978 980 983
f 978 983 981
f 994 973 977
f 994 977 997
f 984 988 989
f 984 989 985
f 985 989 4165
f 985 4165 4164
f 984 985 990
f 984 990 986
f 985 4164 4163
f 985 4163 990
f 984 986 991
f 984 991 987
f 987 991 4145
f 984 987 992
f 984 992 988
f 987 4145 4146
f 987 4146 992
f 992 4146 5889
f 992 5889 4115
f 993 994 997
f 993 997 995
f 993 995 998
f 993 998 996
f 996 998 4159
f 996 4159 4158
f 4159 5886 4127
f 4159 4127 982
f 982 4127 4126
f 982 4126 980
f 999 4149 4150
f 999 4150 1000
f 1000 4150 5890
f 1000 5890 4151
f 1002 4152 5888
f 1002 5888 4148
f 1004 1005 4146
f 1004 4146 4145
f 1003 4153 4154
f 1003 4154 1005
f 1005 4154 5889
f 1005 5889 4146
f 1006 4151 5890
f 1006 5890 4157
f 1008 1009 4140
f 1008 4140 4139
f 1007 4155 4156
f 1007 4156 1009
f 1009 4156 5887
f 1009 5887 4140
f 1011 4137 5887
f 1011 5887 4156
f 1014 4115 5889
f 1014 5889 4154
f 1015 1018 1019
f 1015 1019 1016
f 1018 4143 4144
f 1018 4144 1019
f 1035 4124 5882
f 1035 5882 4144
f 1015 1016 1020
f 1015 1020 1017
f 1021 1025 1026
f 1021 1026 1022
f 1022 1026 4137
f 1022 4137 4136
f 1025 4139 4140
f 1025 4140 1026
f 1026 4140 5887
f 1026 5887 4137
f 1021 1022 1027
f 1021 1027 1023
f 1021 1023 1028
f 1021 1028 1024
f 1040 1017 1020
f 1040 1020 1041
f 1021 1024 1029
f 1021 1029 1025
f 1025 1029 4138
f 1025 4138 4139
f 1024 4166 4167
f 1024 4167 1029
f 1030 1033 1034
f 1030 1034 1031
f 1030 1031 1035
f 1030 1035 1032
f 1032 1035 4144
f 1032 4144 4143
f 1036 1040 1041
f 1036 1041 1037
f 1036 1037 1042
f 1036 1042 1038
f 1038 1042 4142
f 1038 4142 4141
f 1037 4147 4148
f 1037 4148 1042
f 1042 4148 5888
f 1042 5888 4142
f 1036 1038 1043
f 1036 1043 1039
f 1039 1043 4168
f 1039 4168 4169
f 1036 1039 1044
f 1036 1044 1040
f 4141 4142 1045
f 1045 4142 5888
f 1045 5888 4152
f 4131 1001 1002
f 1002 4148 4147
f 4147 4130 4131
f 1002 4147 4131
f 1031 4123 4124
f 1031 4124 1035
f 4132 4116 997
f 997 977 4149
f 4149 999 4133
f 4133 4132 997
f 997 4149 4133
f 1038 4141 971
f 971 975 4160
f 962 966 4168
f 4168 1043 1038
f 1038 971 4160
f 4160 962 4168
f 4160 4168 1038
f 4113 4128 1006
f 4157 976 971
f 4113 1006 4157
f 4141 1045 4113
f 4157 971 4141
f 4157 4141 4113
f 1033 981 986
f 986 990 4163
f 4163 958 953
f 957 1028 1023
f 4163 953 957
f 1033 986 4163
f 957 1023 1033
f 4163 957 1033
f 5883 4113 1045
f 5883 1045 4152
f 4136 4109 4108
f 4108 4122 1034
f 1034 1027 1022
f 1022 4136 4108
f 4108 1034 1022
f 1005 1004 4120
f 4120 4121 1003
f 4120 1003 1005
f 4139 4138 4114
f 4114 1012 1008
f 4114 1008 4139
f 1006 4128 5885
f 1006 5885 4151
f 956 955 959
f 989 988 4114
f 4114 4138 1029
f 4114 1029 4167
f 959 989 4114
f 4114 4167 956
f 959 4114 956
f 991 983 4125
f 4119 4120 1004
f 991 4125 4119
f 1004 4145 991
f 4119 1004 991
f 1003 4121 5884
f 1003 5884 4153
f 1126 4188 4189
f 1126 4189 1130
f 4170 4194 4195
f 4212 1132 1136
f 4170 4195 4212
f 1136 1115 4170
f 4212 1136 4170
f 1112 1089 1088
f 1112 1088 1110
f 1127 1074 1073
f 1127 1073 1125
f 1128 1125 1073
f 1128 1073 1076
f 1095 4199 4198
f 1095 4198 1094
f 1102 4177 5891
f 1102 5891 4220
f 1093 4183 5896
f 1093 5896 4224
f 4231 1119 1123
f 1123 1052 1047
f 1123 1047 4231
f 1129 4187 4188
f 1129 4188 1126
f 1104 1103 4176
f 4176 4177 1102
f 4176 1102 1104
f 4220 5891 4175
f 4175 1105 1106
f 1106 4221 4220
f 4175 1106 4220
f 1109 1108 4200
f 4200 4176 1103
f 1107 4179 1083
f 4200 1103 1107
f 4180 1109 4200
f 1083 1087 4180
f 4200 1107 1083
f 4200 1083 4180
f 1114 4172 4171
f 1114 4171 1111
f 1090 4182 4183
f 1090 4183 1093
f 4196 1096 1097
f 1097 4213 4212
f 4212 4195 4196
f 1097 4212 4196
f 4201 4174 4173
f 4173 4187 1129
f 1129 1122 1117
f 1117 4201 4173
f 4173 1129 1117
f 4178 4193 1101
f 4222 1071 1066
f 4178 1101 4222
f 4206 1140 4178
f 4222 1066 4206
f 4222 4206 4178
f 1139 1134 4234
f 4234 1056 1060
f 4234 1060 1139
f 1077 4192 4191
f 1077 4191 1075
f 4216 5895 4199
f 4216 4199 1095
f 1111 4171 4170
f 1111 4170 1115
f 1046 1050 1051
f 1046 1051 1047
f 1047 1051 4232
f 1047 4232 4231
f 1046 1047 1052
f 1046 1052 1048
f 1046 1048 1053
f 1046 1053 1049
f 1049 1053 4228
f 1049 4228 4229
f 1046 1049 1054
f 1046 1054 1050
f 1049 4229 4230
f 1049 4230 1054
f 1055 1059 1060
f 1055 1060 1056
f 1055 1056 1061
f 1055 1061 1057
f 1056 4234 4233
f 1056 4233 1061
f 1055 1057 1062
f 1055 1062 1058
f 1058 1062 4225
f 1058 4225 4226
f 1055 1058 1063
f 1055 1063 1059
f 1058 4226 4227
f 1058 4227 1063
f 1064 1068 1069
f 1064 1069 1065
f 1065 1069 4227
f 1065 4227 4226
f 1064 1065 1070
f 1064 1070 1066
f 1065 4226 4225
f 1065 4225 1070
f 1064 1066 1071
f 1064 1071 1067
f 1067 1071 4215
f 1067 4215 4214
f 1071 4222 5900
f 1071 5900 4215
f 1064 1067 1072
f 1064 1072 1068
f 1067 4214 1072
f 1118 1128 1076
f 1076 1081 1085
f 1076 1085 4228
f 1123 1118 1076
f 1053 1048 1052
f 1052 1123 1076
f 1076 4228 1053
f 1076 1053 1052
f 4208 1113 1091
f 4208 1091 4223
f 1110 1088 1091
f 1110 1091 1113
f 1073 1074 1077
f 1073 1077 1075
f 1092 4181 4182
f 1092 4182 1090
f 1074 4223 4224
f 1074 4224 1077
f 1073 1075 1078
f 1073 1078 1076
f 1079 1083 1084
f 1079 1084 1080
f 1080 1084 4230
f 1080 4230 4229
f 1079 1080 1085
f 1079 1085 1081
f 1080 4229 4228
f 1080 4228 1085
f 1079 1081 1086
f 1079 1086 1082
f 1082 1086 4210
f 1079 1082 1087
f 1079 1087 1083
f 1082 4210 4211
f 1082 4211 1087
f 1087 4211 5899
f 1087 5899 4180
f 1088 1089 1092
f 1088 1092 1090
f 1088 1090 1093
f 1088 1093 1091
f 1091 1093 4224
f 1091 4224 4223
f 4224 5896 4192
f 4224 4192 1077
f 1075 4191 4190
f 1075 4190 1078
f 1094 4214 4215
f 1094 4215 1095
f 1095 4215 5900
f 1095 5900 4216
f 1097 4217 5898
f 1097 5898 4213
f 1099 1100 4211
f 1099 4211 4210
f 1098 4218 4219
f 1098 4219 1100
f 1100 4219 5899
f 1100 5899 4211
f 1101 4216 5900
f 1101 5900 4222
f 1103 1104 4205
f 1103 4205 4204
f 1102 4220 4221
f 1102 4221 1104
f 1104 4221 5897
f 1104 5897 4205
f 1106 4202 5897
f 1106 5897 4221
f 1109 4180 5899
f 1109 5899 4219
f 1110 1113 1114
f 1110 1114 1111
f 1113 4208 4209
f 1113 4209 1114
f 1130 4189 5892
f 1130 5892 4209
f 1110 1111 1115
f 1110 1115 1112
f 5892 4172 1114
f 5892 1114 4209
f 1116 1120 1121
f 1116 1121 1117
f 1117 1121 4202
f 1117 4202 4201
f 1120 4204 4205
f 1120 4205 1121
f 1121 4205 5897
f 1121 5897 4202
f 1116 1117 1122
f 1116 1122 1118
f 1116 1118 1123
f 1116 1123 1119
f 1116 1119 1124
f 1116 1124 1120
f 1120 1124 4203
f 1120 4203 4204
f 1119 4231 4232
f 1119 4232 1124
f 1125 1128 1129
f 1125 1129 1126
f 1125 1126 1130
f 1125 1130 1127
f 1127 1130 4209
f 1127 4209 4208
f 1131 1135 1136
f 1131 1136 1132
f 1131 1132 1137
f 1131 1137 1133
f 1133 1137 4207
f 1133 4207 4206
f 1132 4212 4213
f 1132 4213 1137
f 1137 4213 5898
f 1137 5898 4207
f 1131 1133 1138
f 1131 1138 1134
f 1134 1138 4233
f 1134 4233 4234
f 1131 1134 1139
f 1131 1139 1135
f 4206 4207 1140
f 1140 4207 5898
f 1140 5898 4217
f 4204 4203 4179
f 4179 1107 1103
f 4179 1103 4204
f 1135 1112 1115
f 1135 1115 1136
f 1089 1068 1072
f 1089 1072 1092
f 1066 1070 4225
f 4225 1062 1057
f 4225 1057 1061
f 4206 1066 4225
f 1138 1133 4206
f 4233 1138 4206
f 4206 4225 1061
f 1061 4233 4206
f 5893 4178 1140
f 5893 1140 4217
f 1100 1099 4185
f 4185 4186 1098
f 4185 1098 1100
f 1101 4193 5895
f 1101 5895 4216
f 1128 1118 1122
f 1128 1122 1129
f 1098 4186 5894
f 1098 5894 4218
f 1135 1139 1060
f 1060 1059 1063
f 4227 1069 1068
f 1060 1063 4227
f 1112 1135 1060
f 1068 1089 1112
f 1060 4227 1068
f 1060 1068 1112
f 1054 4230 1084
f 1084 1083 4179
f 4179 4203 1124
f 4179 1124 4232
f 1054 1084 4179
f 4179 4232 1051
f 1054 4179 1051
f 1097 1096 4196
f 4196 5893 4217
f 4196 4217 1097
f 4174 4201 4202
f 1106 1105 4175
f 4174 4202 1106
f 1106 4175 4174
f 4210 1086 1078
f 1078 4190 4184
f 4184 4185 1099
f 1099 4210 1078
f 1078 4184 1099
f 4208 4223 1074
f 4208 1074 1127
f 4181 1092 1072
f 1072 4214 1094
f 1094 4198 4197
f 4197 4181 1072
f 1072 1094 4197
f 4218 5894 4200
f 1108 1109 4219
f 4218 4200 1108
f 1108 4219 4218
f 1081 1076 1078
f 1081 1078 1086
f 2269 4991 4982
f 2269 4982 2271
f 4984 4985 6015
f 6015 4974 2194
f 2194 4998 2231
f 2231 4975 4984
f 4984 6015 2194
f 2194 2231 4984
f 2228 4989 4980
f 2228 4980 2213
f 2298 2220 4959
f 4959 4958 5006
f 5006 5005 6018
f 6018 5000 2298
f 2298 4959 5006
f 5006 6018 2298
f 2184 2183 5010
f 5010 5009 2186
f 5010 2186 2184
f 4987 2212 4967
f 4967 6014 4988
f 4967 4988 4987
f 6011 4986 2217
f 6011 2217 4939
f 5003 5002 2284
f 2280 2283 5003
f 2284 2280 5003
f 2299 2300 5001
f 5001 6016 4981
f 4981 4980 2299
f 5001 4981 2299
f 2179 4993 4934
f 4934 2240 2278
f 4934 2278 2275
f 2177 2179 4934
f 5008 2180 2177
f 4934 2275 2277
f 2277 5008 2177
f 4934 2277 2177
f 2292 2295 2266
f 2292 2266 2262
f 4982 4983 6006
f 6006 4934 2272
f 2272 2271 4982
f 6006 2272 4982
f 2250 2239 4929
f 4929 4947 2248
f 2250 4929 2248
f 2233 4953 4966
f 2233 4966 2225
f 4932 2233 2225
f 2225 4943 4942
f 2225 4942 4932
f 2222 2208 4984
f 2222 4984 4975
f 6009 4950 2222
f 2222 4975 4976
f 2222 4976 6009
f 2265 2258 2196
f 2198 2202 2265
f 2196 2198 2265
f 4989 2228 4941
f 4941 6010 4990
f 4941 4990 4989
f 4938 2216 2207
f 4938 2207 4949
f 2297 2218 2220
f 2297 2220 2298
f 4942 2247 2242
f 2242 2241 4932
f 2242 4932 4942
f 4952 2236 4982
f 4952 4982 4991
f 4992 6012 4952
f 4991 4992 4952
f 2180 5008 5007
f 5007 2175 2177
f 2180 5007 2177
f 2175 2176 2179
f 2175 2179 2177
f 2176 4949 4950
f 2176 4950 2179
f 2179 4950 6009
f 2179 6009 4993
f 2185 4940 4945
f 4945 2181 2188
f 4945 2188 2185
f 2222 4950 4949
f 4949 2207 2209
f 2209 2208 2222
f 2222 4949 2209
f 2181 4945 4946
f 2181 4946 2182
f 2182 4946 6011
f 2182 6011 4994
f 2183 2184 2187
f 2183 2187 2185
f 2185 2187 4941
f 2185 4941 4940
f 2187 4996 6010
f 2187 6010 4941
f 2189 2190 4939
f 2189 4939 4938
f 2190 4994 6011
f 2190 6011 4939
f 2189 4938 4949
f 4949 2176 2178
f 4949 2178 2189
f 2191 2192 2194
f 2191 2194 2193
f 2193 2194 4974
f 2193 4974 4973
f 2192 4997 4998
f 2192 4998 2194
f 2193 4973 4972
f 2193 4972 2195
f 2196 2197 4969
f 2196 4969 4968
f 2197 4999 6017
f 2197 6017 4969
f 2200 2202 4963
f 2200 4963 4964
f 2199 2200 2203
f 2199 2203 2201
f 2201 2203 5001
f 2201 5001 5000
f 2200 4964 4965
f 2200 4965 2203
f 2203 4965 6016
f 2203 6016 5001
f 2204 4961 4962
f 2204 4962 2206
f 2206 4962 6017
f 2206 6017 4999
f 2208 2209 4985
f 2208 4985 4984
f 2207 4973 4974
f 2207 4974 2209
f 2209 4974 6015
f 2209 6015 4985
f 2224 4971 6013
f 2224 6013 4977
f 2234 4954 4953
f 2234 4953 2233
f 4964 4963 4968
f 4968 2210 2214
f 4968 2214 4964
f 2210 4968 4969
f 2210 4969 2211
f 2211 4969 6017
f 2211 6017 4986
f 2214 2215 4965
f 2214 4965 4964
f 2213 4980 4981
f 2213 4981 2215
f 2215 4981 6016
f 2215 6016 4965
f 2216 2217 4962
f 2216 4962 4961
f 2217 4986 6017
f 2217 6017 4962
f 2216 4961 4972
f 4972 4973 2207
f 4972 2207 2216
f 2218 2219 2221
f 2218 2221 2220
f 2220 2221 4960
f 2220 4960 4959
f 2219 4987 4988
f 2219 4988 2221
f 2221 4988 6014
f 2221 6014 4960
f 2234 4977 6013
f 2234 6013 4954
f 2249 2190 2189
f 2249 2189 2248
f 4940 2214 2210
f 4940 2210 4945
f 6018 5014 2201
f 6018 2201 5000
f 2223 2224 4948
f 2223 4948 4947
f 2224 4977 6007
f 2224 6007 4948
f 2225 2227 4944
f 2225 4944 4943
f 2226 4978 4979
f 2226 4979 2227
f 2227 4979 6008
f 2227 6008 4944
f 2229 2230 4979
f 2229 4979 4978
f 4937 2230 2302
f 2302 4996 4995
f 5002 5003 4936
f 2302 4995 5002
f 4936 4937 2302
f 2302 5002 4936
f 2230 4937 6008
f 2230 6008 4979
f 2231 2232 4976
f 2231 4976 4975
f 2232 4993 6009
f 2232 6009 4976
f 2233 4932 4933
f 2233 4933 2234
f 2234 4933 6007
f 2234 6007 4977
f 2236 2237 4983
f 2236 4983 4982
f 2235 4930 4931
f 2235 4931 2237
f 2237 4931 6006
f 2237 6006 4983
f 2238 4930 4929
f 2238 4929 2239
f 2238 2240 4931
f 2238 4931 4930
f 2240 4934 6006
f 2240 6006 4931
f 2241 2243 4933
f 2241 4933 4932
f 2243 4935 6007
f 2243 6007 4933
f 2244 2246 4937
f 2244 4937 4936
f 2245 4943 4944
f 2245 4944 2246
f 2246 4944 6008
f 2246 6008 4937
f 2245 2247 4942
f 2245 4942 4943
f 2248 4947 4948
f 2248 4948 2249
f 2249 4948 6007
f 2249 6007 4935
f 2251 2252 2256
f 2251 2256 2253
f 2253 2256 4956
f 2253 4956 4955
f 2252 4951 4952
f 2252 4952 2256
f 2256 4952 6012
f 2256 6012 4956
f 2251 2253 2257
f 2251 2257 2254
f 2258 4953 4954
f 2258 4954 2259
f 2259 4954 6013
f 2259 6013 4957
f 2260 2263 2264
f 2260 2264 2261
f 2261 2264 4967
f 2261 4967 4966
f 2263 4959 4960
f 2263 4960 2264
f 2264 4960 6014
f 2264 6014 4967
f 2260 2262 2266
f 2260 2266 2263
f 2267 2268 4971
f 2267 4971 4970
f 2268 4957 6013
f 2268 6013 4971
f 2269 2270 4992
f 2269 4992 4991
f 2270 4956 6012
f 2270 6012 4992
f 2273 2274 2277
f 2273 2277 2275
f 2274 5007 5008
f 2274 5008 2277
f 2273 2275 2278
f 2273 2278 2276
f 2238 2276 2278
f 2238 2278 2240
f 2279 2282 2283
f 2279 2283 2280
f 2244 2283 2282
f 2282 2245 2246
f 2244 2282 2246
f 2279 2280 2284
f 2279 2284 2281
f 2281 2284 5009
f 2281 5009 5010
f 2285 2286 2289
f 2285 2289 2287
f 2285 2287 2290
f 2285 2290 2288
f 2288 2290 5011
f 2288 5011 5012
f 2291 2294 2295
f 2291 2295 2292
f 2294 5005 5006
f 2294 5006 2295
f 2291 2293 2296
f 2291 2296 2294
f 2293 5013 5014
f 2293 5014 2296
f 2297 2298 2300
f 2297 2300 2299
f 2298 5000 5001
f 2298 5001 2300
f 2230 2229 2297
f 2297 2299 2301
f 2301 2302 2230
f 2297 2301 2230
f 2301 4989 4990
f 2301 4990 2302
f 2302 4990 6010
f 2302 6010 4996
f 2184 2186 5009
f 5009 2284 5002
f 4995 4996 2187
f 5009 5002 4995
f 2187 2184 5009
f 5009 4995 2187
f 5011 2290 5004
f 5004 4997 2192
f 5004 2192 5011
f 2296 5014 6018
f 6018 5005 2294
f 2296 6018 2294
f 4994 4935 2243
f 4994 2243 2182
f 2204 2205 2195
f 2195 4972 4961
f 2195 4961 2204
f 2211 4946 4945
f 2211 4945 2210
f 2261 2265 2202
f 2202 2200 2199
f 2199 5013 2293
f 2293 2291 2292
f 2292 2262 2260
f 2260 2261 2202
f 2202 2199 2293
f 2292 2260 2202
f 2202 2293 2292
f 4941 2228 2213
f 2213 2215 2214
f 2214 4940 4941
f 2213 2214 4941
f 4939 2217 2216
f 4939 2216 4938
f 2241 2242 2247
f 2247 2188 2181
f 2247 2181 2241
f 2269 2271 2272
f 2272 2232 2231
f 2231 4998 4997
f 4997 2270 2269
f 2269 2272 2231
f 2231 4997 2269
f 2226 2212 4987
f 2226 4987 4978
f 2259 2197 2196
f 2259 2196 2258
f 2235 4951 4970
f 2235 4970 2223
f 2255 2195 2205
f 2205 2204 2267
f 2205 2267 2255
f 4936 5003 2283
f 4936 2283 2244
f 2263 2266 2295
f 2295 5006 4958
f 4958 4959 2263
f 2295 4958 2263
f 4934 4993 2232
f 4934 2232 2272
f 2285 2288 5012
f 5012 2191 2193
f 2193 2195 2255
f 2255 2252 2251
f 2251 2254 2286
f 2286 2285 5012
f 5012 2193 2255
f 2255 2251 2286
f 5012 2255 2286
f 4930 2235 2223
f 2223 4947 4929
f 2223 4929 4930
f 2270 4997 5004
f 5004 4955 4956
f 5004 4956 2270
f 2219 2218 2297
f 2219 2297 2229
f 4999 2197 2259
f 4999 2259 4957
f 4970 4951 2252
f 2252 2255 2267
f 2252 2267 4970
f 4978 4987 2219
f 4978 2219 2229
f 2178 2239 2250
f 2250 2248 2189
f 2250 2189 2178
f 2267 2204 2206
f 2267 2206 2268
f 2201 5014 5013
f 2201 5013 2199
f 4980 4989 2301
f 4980 2301 2299
f 2176 2175 5007
f 5007 2274 2273
f 2276 2238 2239
f 5007 2273 2276
f 2178 2176 5007
f 2276 2239 2178
f 5007 2276 2178
f 2185 2188 2247
f 2247 2245 2282
f 2282 2279 2281
f 2281 5010 2183
f 2183 2185 2247
f 2247 2282 2281
f 2247 2281 2183
f 2286 2254 2257
f 2286 2257 2289
f 4963 2202 2198
f 2198 2196 4968
f 2198 4968 4963
f 2191 5012 5011
f 2191 5011 2192
f 4999 4957 2268
f 4999 2268 2206
f 2224 2223 4970
f 2224 4970 4971
f 2237 2236 4952
f 4952 4951 2235
f 4952 2235 2237
f 2225 4966 4967
f 4967 2212 2226
f 2226 2227 2225
f 4967 2226 2225
f 2211 4986 6011
f 2211 6011 4946
f 2181 2182 2243
f 2181 2243 2241
f 2249 4935 4994
f 2249 4994 2190
f 4966 4953 2258
f 2258 2265 2261
f 2258 2261 4966
f 4955 5004 2290
f 2290 2287 2289
f 2289 2257 2253
f 2253 4955 2290
f 2290 2289 2253
f 1208 1186 4288
f 1208 4288 4273
f 1220 1168 1171
f 1220 1171 1223
f 1146 1145 1149
f 1149 4295 1179
f 1179 1178 4244
f 4244 4268 1219
f 4297 1146 1149
f 4244 1219 4297
f 1149 1179 4244
f 1149 4244 4297
f 1181 1173 4255
f 4249 4250 1194
f 1181 4255 4249
f 1194 4275 1181
f 4249 1194 1181
f 1199 1198 4241
f 4241 4242 1197
f 4241 1197 1199
f 4285 5901 4240
f 4240 1200 1201
f 1201 4286 4285
f 4240 1201 4285
f 4239 4266 4267
f 1201 1200 4240
f 4239 4267 1201
f 1201 4240 4239
f 4235 4259 4260
f 4277 1227 1231
f 4235 4260 4277
f 1231 1210 4235
f 4277 1231 4235
f 1234 1229 4299
f 4299 1151 1155
f 4299 1155 1234
f 1148 1143 1147
f 1147 1218 1213
f 1213 1223 1171
f 1171 1176 1180
f 1180 4293 1148
f 1148 1147 1213
f 1213 1171 1180
f 1148 1213 1180
f 1222 4273 4288
f 1222 4288 1169
f 4296 1214 1218
f 1218 1147 1142
f 1218 1142 4296
f 1206 4236 4235
f 1206 4235 1210
f 1209 4237 4236
f 1209 4236 1206
f 1197 4242 5901
f 1197 5901 4285
f 1188 4248 5906
f 1188 5906 4289
f 1204 1203 4265
f 4265 4241 1198
f 1202 4244 1178
f 4265 1198 1202
f 4245 1204 4265
f 1178 1182 4245
f 4265 1202 1178
f 4265 1178 4245
f 1187 4246 4247
f 1187 4247 1185
f 4289 5906 4257
f 4289 4257 1172
f 4262 4246 1187
f 1187 1167 4279
f 4279 1189 4263
f 4263 4262 1187
f 1187 4279 4263
f 1192 1191 4261
f 4261 5903 4282
f 4261 4282 1192
f 1193 4251 5904
f 1193 5904 4283
f 1224 4252 4253
f 1224 4253 1221
f 5902 4237 1209
f 5902 1209 4274
f 1141 1145 1146
f 1141 1146 1142
f 1142 1146 4297
f 1142 4297 4296
f 1141 1142 1147
f 1141 1147 1143
f 1141 1143 1148
f 1141 1148 1144
f 1144 1148 4293
f 1144 4293 4294
f 1141 1144 1149
f 1141 1149 1145
f 1144 4294 4295
f 1144 4295 1149
f 1150 1154 1155
f 1150 1155 1151
f 1150 1151 1156
f 1150 1156 1152
f 1151 4299 4298
f 1151 4298 1156
f 1150 1152 1157
f 1150 1157 1153
f 1153 1157 4290
f 1153 4290 4291
f 1150 1153 1158
f 1150 1158 1154
f 1153 4291 4292
f 1153 4292 1158
f 1159 1163 1164
f 1159 1164 1160
f 1160 1164 4292
f 1160 4292 4291
f 1159 1160 1165
f 1159 1165 1161
f 1160 4291 4290
f 1160 4290 1165
f 1159 1161 1166
f 1159 1166 1162
f 1162 1166 4280
f 1162 4280 4279
f 1166 4287 5910
f 1166 5910 4280
f 1159 1162 1167
f 1159 1167 1163
f 1162 4279 1167
f 1184 1163 1167
f 1184 1167 1187
f 1220 1222 1169
f 1220 1169 1168
f 1207 1184 1183
f 1207 1183 1205
f 1205 1183 1186
f 1205 1186 1208
f 1168 1169 1172
f 1168 1172 1170
f 1169 4288 4289
f 1169 4289 1172
f 1168 1170 1173
f 1168 1173 1171
f 1230 1207 1210
f 1230 1210 1231
f 1174 1178 1179
f 1174 1179 1175
f 1175 1179 4295
f 1175 4295 4294
f 1174 1175 1180
f 1174 1180 1176
f 1175 4294 4293
f 1175 4293 1180
f 1174 1176 1181
f 1174 1181 1177
f 1177 1181 4275
f 1174 1177 1182
f 1174 1182 1178
f 1177 4275 4276
f 1177 4276 1182
f 1182 4276 5909
f 1182 5909 4245
f 1183 1184 1187
f 1183 1187 1185
f 1185 4247 4248
f 1185 4248 1188
f 1183 1185 1188
f 1183 1188 1186
f 1186 1188 4289
f 1186 4289 4288
f 1189 4279 4280
f 1189 4280 1190
f 1190 4280 5910
f 1190 5910 4281
f 1172 4257 4256
f 1172 4256 1170
f 1192 4282 5908
f 1192 5908 4278
f 1194 1195 4276
f 1194 4276 4275
f 1193 4283 4284
f 1193 4284 1195
f 1195 4284 5909
f 1195 5909 4276
f 1196 4281 5910
f 1196 5910 4287
f 1198 1199 4270
f 1198 4270 4269
f 1197 4285 4286
f 1197 4286 1199
f 1199 4286 5907
f 1199 5907 4270
f 1201 4267 5907
f 1201 5907 4286
f 1204 4245 5909
f 1204 5909 4284
f 1205 1208 1209
f 1205 1209 1206
f 1208 4273 4274
f 1208 4274 1209
f 1225 4254 5902
f 1225 5902 4274
f 1205 1206 1210
f 1205 1210 1207
f 1211 1215 1216
f 1211 1216 1212
f 1212 1216 4267
f 1212 4267 4266
f 1215 4269 4270
f 1215 4270 1216
f 1216 4270 5907
f 1216 5907 4267
f 1211 1212 1217
f 1211 1217 1213
f 1176 1171 1173
f 1176 1173 1181
f 1211 1213 1218
f 1211 1218 1214
f 1223 1213 1217
f 1223 1217 1224
f 1211 1214 1219
f 1211 1219 1215
f 1215 1219 4268
f 1215 4268 4269
f 1214 4296 4297
f 1214 4297 1219
f 1220 1223 1224
f 1220 1224 1221
f 1220 1221 1225
f 1220 1225 1222
f 1222 1225 4274
f 1222 4274 4273
f 1226 1230 1231
f 1226 1231 1227
f 1226 1227 1232
f 1226 1232 1228
f 1228 1232 4272
f 1228 4272 4271
f 1227 4277 4278
f 1227 4278 1232
f 1232 4278 5908
f 1232 5908 4272
f 1226 1228 1233
f 1226 1233 1229
f 1229 1233 4298
f 1229 4298 4299
f 1226 1229 1234
f 1226 1234 1230
f 4271 4272 1235
f 1235 4272 5908
f 1235 5908 4282
f 4243 4258 1196
f 4287 1166 1161
f 4243 1196 4287
f 4271 1235 4243
f 4287 1161 4271
f 4287 4271 4243
f 1221 4253 4254
f 1221 4254 1225
f 1170 4256 4255
f 1170 4255 1173
f 4266 4239 4238
f 4238 4252 1224
f 1224 1217 1212
f 1212 4266 4238
f 4238 1224 1212
f 4261 1191 1192
f 1192 4278 4277
f 4277 4260 4261
f 1192 4277 4261
f 1161 1165 4290
f 4290 1152 1156
f 4271 1161 4290
f 1233 1228 4271
f 4271 4290 1156
f 1156 1233 4271
f 5903 4243 1235
f 5903 1235 4282
f 4269 4268 4244
f 4244 1202 1198
f 4244 1198 4269
f 4292 1164 1163
f 1163 1184 1207
f 1207 1230 1234
f 1154 1158 4292
f 4292 1163 1207
f 1207 1234 1154
f 4292 1207 1154
f 1190 4264 4263
f 1190 4263 1189
f 1195 1194 4250
f 4250 4251 1193
f 4250 1193 1195
f 1196 4258 5905
f 1196 5905 4281
f 4281 5905 4264
f 4281 4264 1190
f 4283 5904 4265
f 1203 1204 4284
f 4283 4265 1203
f 1203 4284 4283
f 1510 4449 5932
f 1510 5932 4468
f 4467 4482 1454
f 4467 1454 1507
f 1453 1505 1507
f 1453 1507 1454
f 4461 4434 4433
f 4433 4447 1509
f 1509 1502 1497
f 1497 4461 4433
f 4433 1509 1497
f 1498 1508 1456
f 1456 1461 1465
f 1465 4487 1433
f 1465 1433 1428
f 1498 1456 1465
f 1428 1503 1498
f 1465 1428 1498
f 5933 4438 1520
f 5933 1520 4476
f 1480 1479 4445
f 4445 4446 1478
f 4445 1478 1480
f 4475 5935 4459
f 4475 4459 1475
f 1484 1483 4436
f 4436 4437 1482
f 4436 1482 1484
f 1478 4446 5934
f 1478 5934 4477
f 1475 4459 4458
f 1475 4458 1474
f 4477 5934 4460
f 1488 1489 4478
f 4477 4460 1488
f 1488 4478 4477
f 1513 4465 1446
f 1446 1450 4484
f 1442 1437 1441
f 1446 4484 1442
f 1518 1513 1446
f 1442 1441 4492
f 4492 1518 1446
f 1446 1442 4492
f 1489 1488 4460
f 4460 4436 1483
f 1487 4439 1463
f 4460 1483 1487
f 4440 1489 4460
f 1463 1467 4440
f 4460 1487 1463
f 4460 1463 4440
f 5932 4432 1494
f 5932 1494 4468
f 4430 4454 4455
f 4471 1512 1516
f 4430 4455 4471
f 1516 1495 4430
f 4471 1516 4430
f 4490 1499 1503
f 1503 1432 1427
f 1503 1427 4490
f 4457 4441 1472
f 1472 1452 4473
f 4473 1474 4458
f 4458 4457 1472
f 1472 4473 4458
f 4438 4453 1481
f 4481 1451 1446
f 4438 1481 4481
f 4465 1520 4438
f 4481 1446 4465
f 4481 4465 4438
f 1519 1514 4493
f 4493 1436 1440
f 4493 1440 1519
f 4456 1476 1477
f 1477 4472 4471
f 4471 4455 4456
f 1477 4471 4456
f 1491 4431 4430
f 1491 4430 1495
f 1469 1492 1515
f 1515 1519 1440
f 1440 1439 1443
f 4486 1449 1448
f 1440 1443 4486
f 1469 1515 1440
f 4486 1448 1469
f 1440 4486 1469
f 1470 4442 4443
f 1470 4443 1473
f 1473 4443 5936
f 1473 5936 4483
f 1482 4437 5931
f 1482 5931 4479
f 1506 4448 4449
f 1506 4449 1510
f 1509 4447 4448
f 1509 4448 1506
f 1426 1430 1431
f 1426 1431 1427
f 1427 1431 4491
f 1427 4491 4490
f 1426 1427 1432
f 1426 1432 1428
f 1426 1428 1433
f 1426 1433 1429
f 1429 1433 4487
f 1429 4487 4488
f 1426 1429 1434
f 1426 1434 1430
f 1429 4488 4489
f 1429 4489 1434
f 1435 1439 1440
f 1435 1440 1436
f 1435 1436 1441
f 1435 1441 1437
f 1436 4493 4492
f 1436 4492 1441
f 1435 1437 1442
f 1435 1442 1438
f 1438 1442 4484
f 1438 4484 4485
f 1435 1438 1443
f 1435 1443 1439
f 1438 4485 4486
f 1438 4486 1443
f 1444 1448 1449
f 1444 1449 1445
f 1445 1449 4486
f 1445 4486 4485
f 1461 1456 1458
f 1461 1458 1466
f 1444 1445 1450
f 1444 1450 1446
f 1445 4485 4484
f 1445 4484 1450
f 1444 1446 1451
f 1444 1451 1447
f 1447 1451 4474
f 1447 4474 4473
f 1451 4481 5940
f 1451 5940 4474
f 1444 1447 1452
f 1444 1452 1448
f 1447 4473 1452
f 1490 1468 1471
f 1490 1471 1493
f 1453 1454 1457
f 1453 1457 1455
f 4483 5936 4452
f 4483 4452 1457
f 1454 4482 4483
f 1454 4483 1457
f 1453 1455 1458
f 1453 1458 1456
f 1459 1463 1464
f 1459 1464 1460
f 1460 1464 4489
f 1460 4489 4488
f 1459 1460 1465
f 1459 1465 1461
f 1460 4488 4487
f 1460 4487 1465
f 1459 1461 1466
f 1459 1466 1462
f 1462 1466 4469
f 1459 1462 1467
f 1459 1467 1463
f 1462 4469 4470
f 1462 4470 1467
f 1467 4470 5939
f 1467 5939 4440
f 4467 1493 1471
f 4467 1471 4482
f 1490 1492 1469
f 1490 1469 1468
f 1468 1469 1472
f 1468 1472 1470
f 1468 1470 1473
f 1468 1473 1471
f 1471 1473 4483
f 1471 4483 4482
f 1472 4441 4442
f 1472 4442 1470
f 1457 4452 4451
f 1457 4451 1455
f 1474 4473 4474
f 1474 4474 1475
f 1475 4474 5940
f 1475 5940 4475
f 1477 4476 5938
f 1477 5938 4472
f 1455 4451 4450
f 1455 4450 1458
f 1508 1498 1502
f 1508 1502 1509
f 1479 1480 4470
f 1479 4470 4469
f 1478 4477 4478
f 1478 4478 1480
f 1480 4478 5939
f 1480 5939 4470
f 1481 4453 5935
f 1481 5935 4475
f 1481 4475 5940
f 1481 5940 4481
f 1483 1484 4464
f 1483 4464 4463
f 1482 4479 4480
f 1482 4480 1484
f 1484 4480 5937
f 1484 5937 4464
f 1486 4462 5937
f 1486 5937 4480
f 1469 1448 1452
f 1469 1452 1472
f 1515 1492 1495
f 1515 1495 1516
f 1489 4440 5939
f 1489 5939 4478
f 1490 1493 1494
f 1490 1494 1491
f 1493 4467 4468
f 1493 4468 1494
f 1490 1491 1495
f 1490 1495 1492
f 1494 4432 4431
f 1494 4431 1491
f 1496 1500 1501
f 1496 1501 1497
f 1497 1501 4462
f 1497 4462 4461
f 1500 4463 4464
f 1500 4464 1501
f 1501 4464 5937
f 1501 5937 4462
f 1496 1497 1502
f 1496 1502 1498
f 1496 1498 1503
f 1496 1503 1499
f 1496 1499 1504
f 1496 1504 1500
f 1499 4490 4491
f 1499 4491 1504
f 1505 1508 1509
f 1505 1509 1506
f 1505 1506 1510
f 1505 1510 1507
f 1507 1510 4468
f 1507 4468 4467
f 1511 1515 1516
f 1511 1516 1512
f 1511 1512 1517
f 1511 1517 1513
f 1513 1517 4466
f 1513 4466 4465
f 1512 4471 4472
f 1512 4472 1517
f 1517 4472 5938
f 1517 5938 4466
f 1511 1513 1518
f 1511 1518 1514
f 1514 1518 4492
f 1514 4492 4493
f 1511 1514 1519
f 1511 1519 1515
f 4465 4466 1520
f 1520 4466 5938
f 1520 5938 4476
f 1486 1485 4435
f 4435 4434 4461
f 4461 4462 1486
f 4435 4461 1486
f 1466 1458 4450
f 4444 4445 1479
f 1466 4450 4444
f 1479 4469 1466
f 4444 1479 1466
f 1477 1476 4456
f 4456 5933 4476
f 4456 4476 1477
f 1463 4439 4463
f 4463 1500 1504
f 4463 1504 4491
f 1464 1463 4463
f 1430 1434 4489
f 4489 1464 4463
f 4463 4491 1431
f 1431 1430 4489
f 4463 1431 4489
f 4463 4439 1487
f 4463 1487 1483
f 4479 5931 4435
f 4435 1485 1486
f 1486 4480 4479
f 4435 1486 4479
f 1505 1453 1456
f 1505 1456 1508
f 1703 4640 4631
f 1703 4631 1688
f 1654 4644 4585
f 4585 1715 1753
f 4585 1753 1750
f 1652 1654 4585
f 4659 1655 1652
f 4585 1750 1752
f 1752 4659 1652
f 4585 1752 1652
f 1659 1658 4661
f 4661 4660 1661
f 4661 1661 1659
f 4635 4636 5963
f 5963 4625 1669
f 1669 4649 1706
f 1706 4626 4635
f 4635 5963 1669
f 1669 1706 4635
f 1708 1709 4605
f 1708 4605 4604
f 1691 1682 4600
f 1691 4600 4589
f 4593 1722 1717
f 1717 1716 4583
f 1717 4583 4593
f 4645 1665 1724
f 4645 1724 4586
f 4581 1710 1698
f 1698 4598 4580
f 1698 4580 4581
f 1761 1729 1732
f 1761 1732 1764
f 1650 1651 1654
f 1650 1654 1652
f 1651 4600 4601
f 1651 4601 1654
f 1654 4601 5957
f 1654 5957 4644
f 1660 4591 4596
f 4596 1656 1663
f 4596 1663 1660
f 1656 4596 4597
f 1656 4597 1657
f 1657 4597 5959
f 1657 5959 4645
f 1658 1659 1662
f 1658 1662 1660
f 1660 1662 4592
f 1660 4592 4591
f 1662 4647 5958
f 1662 5958 4592
f 1734 4608 4650
f 1734 4650 1672
f 1664 1665 4590
f 1664 4590 4589
f 1665 4645 5959
f 1665 5959 4590
f 1664 4589 4600
f 4600 1651 1653
f 4600 1653 1664
f 1666 1667 1669
f 1666 1669 1668
f 1668 1669 4625
f 1668 4625 4624
f 1667 4648 4649
f 1667 4649 1669
f 1668 4624 4623
f 1668 4623 1670
f 1671 1672 4620
f 1671 4620 4619
f 1672 4650 5965
f 1672 5965 4620
f 1675 1677 4614
f 1675 4614 4615
f 1674 1675 1678
f 1674 1678 1676
f 1676 1678 4652
f 1676 4652 4651
f 1675 4615 4616
f 1675 4616 1678
f 1678 4616 5964
f 1678 5964 4652
f 1679 4612 4613
f 1679 4613 1681
f 1681 4613 5965
f 1681 5965 4650
f 1683 1684 4636
f 1683 4636 4635
f 1682 4624 4625
f 1682 4625 1684
f 1684 4625 5963
f 1684 5963 4636
f 4615 4614 4619
f 4619 1685 1689
f 4619 1689 4615
f 1685 4619 4620
f 1685 4620 1686
f 1686 4620 5965
f 1686 5965 4637
f 1676 4665 4664
f 1676 4664 1674
f 1689 1690 4616
f 1689 4616 4615
f 1688 4631 4632
f 1688 4632 1690
f 1690 4632 5964
f 1690 5964 4616
f 1691 1692 4613
f 1691 4613 4612
f 1692 4637 5965
f 1692 5965 4613
f 1691 4612 4623
f 4623 4624 1682
f 4623 1682 1691
f 1693 1694 1696
f 1693 1696 1695
f 1695 1696 4611
f 1695 4611 4610
f 1694 4638 4639
f 1694 4639 1696
f 1696 4639 5962
f 1696 5962 4611
f 1698 1699 4599
f 1698 4599 4598
f 1699 4628 5955
f 1699 5955 4599
f 1700 1702 4595
f 1700 4595 4594
f 1701 4629 4630
f 1701 4630 1702
f 1702 4630 5956
f 1702 5956 4595
f 4590 1692 1691
f 4590 1691 4589
f 1704 1705 4630
f 1704 4630 4629
f 4588 1705 1777
f 1777 4647 4646
f 4653 4654 4587
f 1777 4646 4653
f 4587 4588 1777
f 1777 4653 4587
f 1705 4588 5956
f 1705 5956 4630
f 1706 1707 4627
f 1706 4627 4626
f 1707 4644 5957
f 1707 5957 4627
f 1708 4583 4584
f 1708 4584 1709
f 1709 4584 5955
f 1709 5955 4628
f 1711 1712 4634
f 1711 4634 4633
f 1710 4581 4582
f 1710 4582 1712
f 1712 4582 5954
f 1712 5954 4634
f 1713 4581 4580
f 1713 4580 1714
f 1713 1715 4582
f 1713 4582 4581
f 1715 4585 5954
f 1715 5954 4582
f 1724 1665 1664
f 1724 1664 1723
f 1716 1718 4584
f 1716 4584 4583
f 1718 4586 5955
f 1718 5955 4584
f 1719 1721 4588
f 1719 4588 4587
f 1720 4594 4595
f 1720 4595 1721
f 1721 4595 5956
f 1721 5956 4588
f 1720 1722 4593
f 1720 4593 4594
f 1723 4598 4599
f 1723 4599 1724
f 1724 4599 5955
f 1724 5955 4586
f 1653 1714 1725
f 1725 1723 1664
f 1725 1664 1653
f 1726 1727 1731
f 1726 1731 1728
f 1728 1731 4607
f 1728 4607 4606
f 1727 4602 4603
f 1727 4603 1731
f 1731 4603 5960
f 1731 5960 4607
f 1726 1728 1732
f 1726 1732 1729
f 1733 4604 4605
f 1733 4605 1734
f 1734 4605 5961
f 1734 5961 4608
f 1735 1738 1739
f 1735 1739 1736
f 1736 1739 4618
f 1736 4618 4617
f 1738 4610 4611
f 1738 4611 1739
f 1739 4611 5962
f 1739 5962 4618
f 1735 1737 1741
f 1735 1741 1738
f 1742 1743 4622
f 1742 4622 4621
f 1743 4608 5961
f 1743 5961 4622
f 1744 1745 4643
f 1744 4643 4642
f 1745 4607 5960
f 1745 5960 4643
f 1748 1749 1752
f 1748 1752 1750
f 1749 4658 4659
f 1749 4659 1752
f 1748 1750 1753
f 1748 1753 1751
f 1713 1751 1753
f 1713 1753 1715
f 1754 1757 1758
f 1754 1758 1755
f 1719 1758 1757
f 1757 1720 1721
f 1719 1757 1721
f 1754 1755 1759
f 1754 1759 1756
f 1756 1759 4660
f 1756 4660 4661
f 1760 1761 1764
f 1760 1764 1762
f 1760 1762 1765
f 1760 1765 1763
f 1763 1765 4662
f 1763 4662 4663
f 1766 1769 1770
f 1766 1770 1767
f 1769 4656 4657
f 1769 4657 1770
f 1766 1768 1771
f 1766 1771 1769
f 1768 4664 4665
f 1768 4665 1771
f 1772 1773 1775
f 1772 1775 1774
f 1773 4651 4652
f 1773 4652 1775
f 1705 1704 1772
f 1772 1774 1776
f 1776 1777 1705
f 1772 1776 1705
f 1776 4640 4641
f 1776 4641 1777
f 1777 4641 5958
f 1777 5958 4647
f 1740 1733 1671
f 1673 1677 1740
f 1671 1673 1740
f 1760 1763 4663
f 4663 1666 1668
f 1668 1670 1730
f 1730 1727 1726
f 1726 1729 1761
f 1761 1760 4663
f 4663 1668 1730
f 1730 1726 1761
f 4663 1730 1761
f 1743 1681 4650
f 1743 4650 4608
f 4602 4621 1698
f 4602 1698 1710
f 1689 4591 4592
f 4592 1703 1688
f 1688 1690 1689
f 4592 1688 1689
f 1722 1663 1656
f 1656 1716 1717
f 1656 1717 1722
f 1771 4665 5966
f 5966 4656 1769
f 1771 5966 1769
f 1767 1770 1741
f 1767 1741 1737
f 1730 1670 1680
f 1680 1679 1742
f 1680 1742 1730
f 1773 1695 4610
f 4610 4609 4657
f 4657 4656 5966
f 5966 4651 1773
f 1773 4610 4657
f 4657 5966 1773
f 1712 1711 4603
f 4603 4602 1710
f 4603 1710 1712
f 1701 1687 4638
f 1701 4638 4629
f 1694 1693 1772
f 1694 1772 1704
f 5959 4597 1686
f 5959 1686 4637
f 4591 1689 1685
f 4591 1685 4596
f 4587 4654 1758
f 4587 1758 1719
f 1711 4633 4642
f 4643 5960 4603
f 4603 1711 4642
f 4642 4643 4603
f 4655 4648 1667
f 1667 4662 1765
f 1765 1762 4655
f 1667 1765 4655
f 5959 4637 1692
f 5959 1692 4590
f 1725 1714 4580
f 4580 4598 1723
f 1725 4580 1723
f 1660 1663 1722
f 1722 1720 1757
f 1757 1754 1756
f 1756 4661 1658
f 1658 1660 1722
f 1722 1757 1756
f 1722 1756 1658
f 4638 1687 4618
f 4618 5962 4639
f 4618 4639 4638
f 1734 1672 1671
f 1734 1671 1733
f 1742 1679 1681
f 1742 1681 1743
f 4633 1746 1744
f 4633 1744 4642
f 4583 1708 1700
f 1700 4594 4593
f 1700 4593 4583
f 1659 1661 4660
f 4660 1759 4653
f 4646 4647 1662
f 4660 4653 4646
f 1662 1659 4660
f 4660 4646 1662
f 1655 4659 4658
f 4658 1650 1652
f 1655 4658 1652
f 4597 4596 1685
f 4597 1685 1686
f 1687 1701 1702
f 1702 1700 4617
f 4617 4618 1687
f 1702 4617 1687
f 1746 1747 1707
f 1707 1706 4649
f 4649 4648 1745
f 1745 1744 1746
f 1746 1707 4649
f 4649 1745 1746
f 1728 4606 4655
f 4655 1762 1764
f 1764 1732 1728
f 4655 1764 1728
f 1656 1657 1718
f 1656 1718 1716
f 4645 4586 1718
f 4645 1718 1657
f 4621 4602 1727
f 1727 1730 1742
f 1727 1742 4621
f 1772 1693 1695
f 1772 1695 1773
f 4633 4634 5954
f 5954 4585 1747
f 1747 1746 4633
f 5954 1747 4633
f 4585 4644 1707
f 4585 1707 1747
f 1774 1775 4652
f 4652 5964 4632
f 4632 4631 1774
f 4652 4632 1774
f 1774 4631 4640
f 1774 4640 1776
f 4627 5957 4601
f 1697 1683 4635
f 4626 4627 4601
f 1697 4635 4626
f 4626 4601 1697
f 4617 1700 1708
f 4617 1708 4604
f 1745 4648 4655
f 4655 4606 4607
f 4655 4607 1745
f 4628 5961 4605
f 4628 4605 1709
f 1699 4622 5961
f 1699 5961 4628
f 1699 1698 4621
f 1699 4621 4622
f 1738 1741 1770
f 1770 4657 4609
f 4609 4610 1738
f 1770 4609 1738
f 4600 1682 1684
f 1684 1683 1697
f 1697 4601 4600
f 1684 1697 4600
f 1736 1740 1677
f 1677 1675 1674
f 1674 4664 1768
f 1768 1766 1767
f 1767 1737 1735
f 1735 1736 1677
f 1677 1674 1768
f 1767 1735 1677
f 1677 1768 1767
f 4640 1703 4592
f 4592 5958 4641
f 4592 4641 4640
f 4617 4604 1733
f 1733 1740 1736
f 1733 1736 4617
f 4629 4638 1694
f 4629 1694 1704
f 4614 1677 1673
f 1673 1671 4619
f 1673 4619 4614
f 4654 4653 1759
f 1755 1758 4654
f 1759 1755 4654
f 5966 4665 1676
f 5966 1676 4651
f 1679 1680 1670
f 1670 4623 4612
f 1670 4612 1679
f 1666 4663 4662
f 1666 4662 1667
f 1651 1650 4658
f 4658 1749 1748
f 1751 1713 1714
f 4658 1748 1751
f 1653 1651 4658
f 1751 1714 1653
f 4658 1751 1653
