# Derived from blenderjunky Stargate DHD (BlendSwap 75540 / 13419).
# Source notice: supplied-dhd-LICENSE.html; Fan Art, noncommercial use only.
o supplied-dhd-keys
v 0.191258 0.919251 -0.107941
v 0.209963 0.911077 -0.108115
v 0.190993 0.918656 -0.109155
v 0.172563 0.927421 -0.107766
v 0.191281 0.919256 -0.107264
v 0.209998 0.911110 -0.107391
v 0.209668 0.910413 -0.109444
v 0.172328 0.926895 -0.108866
v 0.172574 0.927398 -0.107136
v 0.173122 0.894414 -0.149278
v 0.190011 0.883752 -0.153591
v 0.172793 0.893919 -0.149431
v 0.156242 0.905070 -0.144966
v 0.173780 0.895096 -0.148365
v 0.190731 0.884494 -0.152581
v 0.189658 0.883236 -0.153781
v 0.155936 0.904597 -0.145083
v 0.156837 0.905693 -0.144152
v 0.129237 0.922007 -0.138008
v 0.133616 0.919353 -0.139187
v 0.128975 0.921576 -0.138073
v 0.127603 0.922711 -0.137410
v 0.129730 0.922534 -0.137349
v 0.134127 0.919897 -0.138504
v 0.133340 0.918910 -0.139255
v 0.127362 0.922300 -0.137489
v 0.128083 0.923227 -0.136755
v 0.140457 0.935522 -0.115735
v 0.139235 0.933296 -0.119439
v 0.138677 0.936054 -0.115407
v 0.141391 0.937481 -0.112473
v 0.137470 0.933856 -0.119065
v 0.139600 0.937989 -0.112186
v 0.142657 0.940386 -0.107421
v 0.147503 0.938372 -0.107533
v 0.142468 0.939968 -0.108335
v 0.140856 0.940862 -0.107203
v 0.142655 0.940322 -0.106874
v 0.147498 0.938311 -0.106966
v 0.147308 0.937938 -0.108479
v 0.140663 0.940445 -0.108099
v 0.140870 0.940809 -0.106685
v 0.133914 0.926577 -0.130621
v 0.132095 0.924769 -0.133631
v 0.132215 0.927220 -0.130109
v 0.135860 0.928683 -0.127116
v 0.130418 0.925433 -0.133082
v 0.134137 0.929299 -0.126648
v 0.126912 0.921399 -0.136281
v 0.126739 0.921115 -0.136468
v 0.217577 0.862236 -0.159175
v 0.217928 0.863356 -0.159984
v 0.139807 0.938530 -0.104869
v 0.140146 0.939522 -0.106118
v 0.140228 0.939599 -0.105705
v 0.126873 0.920984 -0.136556
v 0.240867 0.894695 -0.105349
v 0.239529 0.896659 -0.106247
v 0.241226 0.895772 -0.106212
v 0.241085 0.894450 -0.105561
v 0.241422 0.895551 -0.106404
v 0.142177 0.938969 -0.105668
v 0.140040 0.938515 -0.104749
v 0.140438 0.939586 -0.105597
v 0.225017 0.874284 -0.147808
v 0.226571 0.873059 -0.147910
v 0.221917 0.871202 -0.152937
v 0.228333 0.877872 -0.141837
v 0.229911 0.876674 -0.141894
v 0.223447 0.869954 -0.153077
v 0.239932 0.897876 -0.108328
v 0.241594 0.896837 -0.108144
v 0.239591 0.897099 -0.109838
v 0.235096 0.900094 -0.108349
v 0.239984 0.897961 -0.107539
v 0.241636 0.896947 -0.107381
v 0.241254 0.896045 -0.109655
v 0.234761 0.899337 -0.109832
v 0.235147 0.900164 -0.107563
v 0.236164 0.889523 -0.122445
v 0.237801 0.888413 -0.122357
v 0.234082 0.885731 -0.128756
v 0.237757 0.892862 -0.116888
v 0.239405 0.891777 -0.116758
v 0.235704 0.884593 -0.128715
v 0.217068 0.866563 -0.160442
v 0.218561 0.865293 -0.160642
v 0.216677 0.866023 -0.160693
v 0.212703 0.869427 -0.159388
v 0.217888 0.867395 -0.159272
v 0.219389 0.866119 -0.159460
v 0.218166 0.864786 -0.160906
v 0.212320 0.868881 -0.159626
v 0.213507 0.870248 -0.158245
v 0.217656 0.863449 -0.160006
v 0.195143 0.952957 -0.051845
v 0.214232 0.948120 -0.046466
v 0.195342 0.952356 -0.053069
v 0.176064 0.957793 -0.057220
v 0.194971 0.952948 -0.051190
v 0.214053 0.948139 -0.045764
v 0.214447 0.947448 -0.047807
v 0.176247 0.957261 -0.058328
v 0.175898 0.957755 -0.056613
v 0.194103 0.926427 -0.095999
v 0.213087 0.918932 -0.095042
v 0.193921 0.925887 -0.096228
v 0.175128 0.933917 -0.096956
v 0.194345 0.927188 -0.094955
v 0.213350 0.919760 -0.093887
v 0.212897 0.918368 -0.095312
v 0.174953 0.933402 -0.097143
v 0.175349 0.934613 -0.096021
v 0.144773 0.945791 -0.098425
v 0.149693 0.943958 -0.098237
v 0.144618 0.945323 -0.098551
v 0.142940 0.946189 -0.098337
v 0.144959 0.946378 -0.097666
v 0.149887 0.944564 -0.097452
v 0.149529 0.943476 -0.098370
v 0.142807 0.945745 -0.098470
v 0.143118 0.946763 -0.097584
v 0.146676 0.960464 -0.074223
v 0.146962 0.958156 -0.078065
v 0.144813 0.960674 -0.074431
v 0.146290 0.962472 -0.070881
v 0.145096 0.958395 -0.078225
v 0.144432 0.962658 -0.071130
v 0.145543 0.965423 -0.065753
v 0.150490 0.964274 -0.064426
v 0.145697 0.965001 -0.066672
v 0.143701 0.965576 -0.066071
v 0.145395 0.965346 -0.065228
v 0.150333 0.964198 -0.063883
v 0.150651 0.963836 -0.065377
v 0.143846 0.965156 -0.066973
v 0.143575 0.965514 -0.065569
v 0.146290 0.950908 -0.090127
v 0.145744 0.948891 -0.093485
v 0.144432 0.951236 -0.090139
v 0.146763 0.953227 -0.086267
v 0.143893 0.949244 -0.093455
v 0.144899 0.953527 -0.086326
v 0.142192 0.944749 -0.097418
v 0.142131 0.944445 -0.097640
v 0.244364 0.902611 -0.091980
v 0.244734 0.903794 -0.092684
v 0.142445 0.963042 -0.064075
v 0.142951 0.964108 -0.065200
v 0.142898 0.964188 -0.064783
v 0.142305 0.944341 -0.097683
v 0.245392 0.937217 -0.034582
v 0.244050 0.938944 -0.035874
v 0.245792 0.938360 -0.035333
v 0.245700 0.937018 -0.034717
v 0.246070 0.938181 -0.035455
v 0.144833 0.963900 -0.064175
v 0.142633 0.963064 -0.063893
v 0.143067 0.964208 -0.064619
v 0.246069 0.915465 -0.079270
v 0.247773 0.914528 -0.078894
v 0.245138 0.912028 -0.084991
v 0.246875 0.919417 -0.072693
v 0.248585 0.918510 -0.072267
v 0.246835 0.911065 -0.084657
v 0.244816 0.940264 -0.037783
v 0.246509 0.939521 -0.037106
v 0.245058 0.939478 -0.039307
v 0.239881 0.941619 -0.039239
v 0.244624 0.940337 -0.037014
v 0.246312 0.939617 -0.036365
v 0.246754 0.938721 -0.038631
v 0.240118 0.940854 -0.040737
v 0.239693 0.941678 -0.038473
v 0.246725 0.931747 -0.052173
v 0.248434 0.930932 -0.051593
v 0.247214 0.927815 -0.058718
v 0.246068 0.935169 -0.046478
v 0.247772 0.934379 -0.045856
v 0.248927 0.926970 -0.058187
v 0.243504 0.906816 -0.093449
v 0.245187 0.905827 -0.093182
v 0.243300 0.906224 -0.093787
v 0.238596 0.908862 -0.093757
v 0.243801 0.907747 -0.092115
v 0.245488 0.906753 -0.091835
v 0.244976 0.905266 -0.093535
v 0.238396 0.908265 -0.094081
v 0.238887 0.909780 -0.092453
v 0.244468 0.903840 -0.092785
v 0.176691 0.985746 0.002725
v 0.193953 0.984154 0.013505
v 0.177336 0.985220 0.001626
v 0.159438 0.987337 -0.008050
v 0.176342 0.985691 0.003302
v 0.193578 0.984124 0.014125
v 0.194659 0.983565 0.012301
v 0.160022 0.986874 -0.009043
v 0.159113 0.987256 -0.007515
v 0.193050 0.960583 -0.039153
v 0.211950 0.956471 -0.032567
v 0.193038 0.960026 -0.039411
v 0.174159 0.964693 -0.045736
v 0.192845 0.961348 -0.038103
v 0.211721 0.957302 -0.031407
v 0.211947 0.955890 -0.032865
v 0.174139 0.964160 -0.045953
v 0.173978 0.965392 -0.044796
v 0.143942 0.971159 -0.056207
v 0.148838 0.970202 -0.054560
v 0.143913 0.970674 -0.056360
v 0.142121 0.971230 -0.056661
v 0.143796 0.971749 -0.055442
v 0.148689 0.970812 -0.053768
v 0.148806 0.969702 -0.054722
v 0.142111 0.970773 -0.056816
v 0.141972 0.971806 -0.055905
v 0.136207 0.985311 -0.032872
v 0.137986 0.983187 -0.036406
v 0.134476 0.985200 -0.033613
v 0.134531 0.987135 -0.029836
v 0.136233 0.983103 -0.037104
v 0.132821 0.987002 -0.030615
v 0.131837 0.989778 -0.025219
v 0.136312 0.989470 -0.022492
v 0.132320 0.989414 -0.026043
v 0.130167 0.989618 -0.026058
v 0.131560 0.989663 -0.024757
v 0.136020 0.989355 -0.022015
v 0.136813 0.989092 -0.023345
v 0.130638 0.989252 -0.026869
v 0.129915 0.989522 -0.025613
v 0.142089 0.976246 -0.047959
v 0.142893 0.974251 -0.051278
v 0.140286 0.976247 -0.048514
v 0.141019 0.978512 -0.044187
v 0.141080 0.974277 -0.051792
v 0.139229 0.978485 -0.044789
v 0.141401 0.969660 -0.055961
v 0.141460 0.969355 -0.056183
v 0.243348 0.945745 -0.020192
v 0.243694 0.946993 -0.020789
v 0.128849 0.986854 -0.024445
v 0.129465 0.988020 -0.025403
v 0.129280 0.988079 -0.025021
v 0.141655 0.969284 -0.056171
v 0.221756 0.978515 0.034151
v 0.220565 0.980017 0.032483
v 0.222152 0.979730 0.033518
v 0.222120 0.978377 0.034116
v 0.222480 0.979605 0.033486
v 0.130977 0.988116 -0.023874
v 0.128969 0.986903 -0.024218
v 0.129389 0.988124 -0.024816
v 0.239058 0.958369 -0.007866
v 0.240716 0.957733 -0.006990
v 0.240427 0.954971 -0.013522
v 0.237234 0.962230 -0.001440
v 0.238879 0.961623 -0.000516
v 0.242096 0.954309 -0.012688
v 0.221609 0.981498 0.030843
v 0.223137 0.981042 0.031998
v 0.222413 0.980805 0.029474
v 0.217147 0.982015 0.027990
v 0.221194 0.981517 0.031521
v 0.222720 0.981084 0.032647
v 0.223947 0.980337 0.030630
v 0.217936 0.981341 0.026644
v 0.216739 0.982020 0.028667
v 0.229035 0.973815 0.017839
v 0.230618 0.973294 0.018908
v 0.232065 0.970197 0.011818
v 0.226180 0.976923 0.023012
v 0.227742 0.976425 0.024119
v 0.233671 0.969648 0.012841
v 0.242232 0.949775 -0.021954
v 0.243912 0.949085 -0.021188
v 0.242241 0.949165 -0.022322
v 0.237345 0.950946 -0.023717
v 0.241966 0.950709 -0.020616
v 0.243646 0.950015 -0.019835
v 0.243913 0.948506 -0.021571
v 0.237354 0.950332 -0.024070
v 0.237084 0.951866 -0.022409
v 0.243465 0.946994 -0.020964
v 0.140415 1.012127 0.046631
v 0.154085 1.013146 0.061756
v 0.141413 1.011740 0.045763
v 0.126751 1.011109 0.031512
v 0.139935 1.012002 0.047091
v 0.153565 1.013041 0.062251
v 0.155181 1.012709 0.060806
v 0.127652 1.010771 0.030727
v 0.126310 1.010963 0.031939
v 0.171514 0.990971 0.011420
v 0.188299 0.989871 0.023020
v 0.171665 0.990425 0.011182
v 0.154738 0.992069 -0.000174
v 0.170907 0.991667 0.012356
v 0.187628 0.990626 0.024054
v 0.188473 0.989304 0.022746
v 0.154865 0.991546 -0.000376
v 0.154194 0.992707 0.000664
v 0.127903 0.993719 -0.018660
v 0.132251 0.993543 -0.015715
v 0.127998 0.993240 -0.018804
v 0.126291 0.993501 -0.019596
v 0.127459 0.994260 -0.017978
v 0.131792 0.994101 -0.015008
v 0.132346 0.993048 -0.015868
v 0.126398 0.993052 -0.019738
v 0.125847 0.994027 -0.018923
v 0.111861 1.005864 0.001335
v 0.114863 1.004144 -0.001528
v 0.110442 1.005487 0.000150
v 0.109142 1.007317 0.003753
v 0.113407 1.003789 -0.002677
v 0.107757 1.006923 0.002539
v 0.104891 1.009374 0.007394
v 0.108436 1.009743 0.011248
v 0.105635 1.009113 0.006742
v 0.103565 1.008961 0.006134
v 0.104521 1.009204 0.007765
v 0.108049 1.009570 0.011630
v 0.109207 1.009472 0.010574
v 0.104293 1.008697 0.005491
v 0.103219 1.008815 0.006496
v 0.123055 0.998240 -0.011354
v 0.125053 0.996482 -0.014279
v 0.121497 0.997958 -0.012381
v 0.120636 1.000212 -0.008072
v 0.123471 0.996222 -0.015270
v 0.119108 0.999905 -0.009140
v 0.125675 0.991817 -0.019084
v 0.125842 0.991532 -0.019275
v 0.216432 0.984171 0.043759
v 0.216718 0.985472 0.043250
v 0.102328 1.005981 0.007388
v 0.102982 1.007255 0.006608
v 0.102694 1.007273 0.006924
v 0.126035 0.991493 -0.019208
v 0.175711 1.011681 0.089347
v 0.174793 1.013004 0.087382
v 0.176060 1.012958 0.088818
v 0.176088 1.011604 0.089416
v 0.176400 1.012889 0.088880
v 0.103981 1.007562 0.008491
v 0.102372 1.006045 0.007639
v 0.102733 1.007331 0.007150
v 0.206917 0.995629 0.054145
v 0.208354 0.995254 0.055456
v 0.210322 0.992634 0.049160
v 0.202796 0.998989 0.059736
v 0.204201 0.998638 0.061088
v 0.211784 0.992236 0.050434
v 0.175986 1.014674 0.086057
v 0.177193 1.014449 0.087596
v 0.177237 1.014155 0.084977
v 0.172454 1.014516 0.082080
v 0.175405 1.014609 0.086595
v 0.176614 1.014407 0.088106
v 0.178451 1.013918 0.086518
v 0.173680 1.014012 0.081018
v 0.171881 1.014438 0.082620
v 0.187846 1.008619 0.075763
v 0.189139 1.008341 0.077236
v 0.192960 1.005688 0.070885
v 0.183213 1.011095 0.079884
v 0.184472 1.010835 0.081387
v 0.194292 1.005388 0.072322
v 0.215194 0.988002 0.041666
v 0.216689 0.987580 0.042878
v 0.215403 0.987410 0.041329
v 0.210853 0.988394 0.038606
v 0.214422 0.988848 0.042858
v 0.215914 0.988421 0.044085
v 0.216890 0.987018 0.042523
v 0.211058 0.987798 0.038283
v 0.210096 0.989228 0.039771
v 0.216548 0.985439 0.043019
v 0.087845 1.031635 0.079098
v 0.096312 1.034585 0.097437
v 0.089098 1.031444 0.078557
v 0.079382 1.028687 0.060768
v 0.087283 1.031419 0.079407
v 0.095699 1.034381 0.097767
v 0.097688 1.034364 0.096845
v 0.080512 1.028526 0.060277
v 0.078871 1.028458 0.061056
v 0.130736 1.016932 0.054627
v 0.143497 1.018410 0.070516
v 0.131037 1.016426 0.054455
v 0.117980 1.015455 0.038747
v 0.129780 1.017492 0.055336
v 0.142443 1.019015 0.071300
v 0.143835 1.017888 0.070316
v 0.118246 1.014966 0.038602
v 0.117122 1.015971 0.039381
v 0.097579 1.012985 0.013404
v 0.100883 1.013476 0.017460
v 0.097791 1.012533 0.013304
v 0.096358 1.012520 0.012056
v 0.096876 1.013426 0.013919
v 0.100155 1.013931 0.017995
v 0.101100 1.013009 0.017352
v 0.096576 1.012099 0.011962
v 0.095660 1.012946 0.012564
v 0.074729 1.021738 0.027753
v 0.078663 1.020623 0.025897
v 0.073787 1.021155 0.026226
v 0.071233 1.022649 0.029269
v 0.077673 1.020054 0.024393
v 0.070334 1.022055 0.027724
v 0.065842 1.023865 0.031511
v 0.068039 1.024735 0.036198
v 0.066773 1.023750 0.031102
v 0.065016 1.023264 0.029938
v 0.065417 1.023626 0.031766
v 0.067595 1.024489 0.036459
v 0.069004 1.024615 0.035776
v 0.065929 1.023143 0.029533
v 0.064612 1.023052 0.030191
v 0.090172 1.016437 0.018931
v 0.093183 1.015116 0.016733
v 0.089039 1.015920 0.017513
v 0.086628 1.017889 0.021347
v 0.092013 1.014616 0.015342
v 0.085539 1.017354 0.019899
v 0.095917 1.010744 0.012415
v 0.096177 1.010495 0.012286
v 0.165175 1.017054 0.098485
v 0.165368 1.018397 0.098046
v 0.063999 1.020087 0.030865
v 0.064621 1.021473 0.030270
v 0.064256 1.021434 0.030491
v 0.096347 1.010489 0.012406
v 0.109194 1.036129 0.130037
v 0.108656 1.037326 0.127860
v 0.109455 1.037460 0.129596
v 0.109543 1.036116 0.130211
v 0.109770 1.037448 0.129753
v 0.064981 1.021898 0.032350
v 0.063959 1.020151 0.031116
v 0.064220 1.021492 0.030718
v 0.151316 1.026474 0.105479
v 0.152366 1.026315 0.107151
v 0.156446 1.024223 0.101733
v 0.145277 1.028947 0.109595
v 0.146282 1.028807 0.111297
v 0.157534 1.024048 0.103377
v 0.109874 1.039206 0.126885
v 0.110618 1.039151 0.128707
v 0.111448 1.038933 0.126215
v 0.107688 1.038549 0.122079
v 0.109184 1.039030 0.127238
v 0.109934 1.038999 0.129034
v 0.112200 1.038868 0.128042
v 0.109231 1.038287 0.121419
v 0.107008 1.038362 0.122436
v 0.125004 1.035505 0.120509
v 0.125857 1.035414 0.122294
v 0.131707 1.033605 0.117347
v 0.119048 1.037057 0.123092
v 0.119856 1.036978 0.124896
v 0.132610 1.033500 0.119108
v 0.163947 1.020670 0.096035
v 0.165088 1.020478 0.097630
v 0.164339 1.020131 0.095785
v 0.160645 1.020395 0.091865
v 0.162738 1.021343 0.096940
v 0.163873 1.021146 0.098548
v 0.165473 1.019967 0.097360
v 0.161031 1.019851 0.091629
v 0.159460 1.021060 0.092749
v 0.165278 1.018342 0.097778
v 0.027146 1.041050 0.094766
v 0.029604 1.044932 0.114656
v 0.028513 1.041082 0.094597
v 0.024689 1.037170 0.074886
v 0.026564 1.040736 0.094913
v 0.028967 1.044621 0.114808
v 0.031107 1.044956 0.114473
v 0.025920 1.037211 0.074731
v 0.024163 1.036853 0.075027
v 0.076949 1.034252 0.083452
v 0.084394 1.037453 0.102209
v 0.077366 1.033807 0.083382
v 0.069507 1.031052 0.064705
v 0.075755 1.034629 0.083856
v 0.083080 1.037856 0.102656
v 0.084856 1.036999 0.102122
v 0.069880 1.030618 0.064650
v 0.068434 1.031403 0.065065
v 0.057607 1.025828 0.034777
v 0.059532 1.026764 0.039575
v 0.057910 1.025419 0.034751
v 0.056900 1.025198 0.033156
v 0.056725 1.026133 0.035068
v 0.058620 1.027080 0.039878
v 0.059846 1.026342 0.039543
v 0.057203 1.024822 0.033136
v 0.056029 1.025490 0.033441
v 0.030559 1.030325 0.042044
v 0.034981 1.029922 0.041374
v 0.030186 1.029630 0.040331
v 0.026679 1.030607 0.042514
v 0.034553 1.029233 0.039669
v 0.026354 1.029909 0.040794
v 0.020755 1.030858 0.043149
v 0.021395 1.031970 0.048239
v 0.021768 1.030909 0.043016
v 0.020507 1.030166 0.041424
v 0.020321 1.030545 0.043283
v 0.020944 1.031648 0.048373
v 0.022445 1.032022 0.048103
v 0.021504 1.030207 0.041290
v 0.020090 1.029884 0.041560
v 0.048495 1.027871 0.037960
v 0.052172 1.027120 0.036711
v 0.047900 1.027207 0.036297
v 0.044231 1.028657 0.039268
v 0.051531 1.026465 0.035063
v 0.043689 1.027983 0.037588
v 0.056679 1.023366 0.033421
v 0.057002 1.023167 0.033375
v 0.097412 1.039056 0.135102
v 0.097493 1.040422 0.134702
v 0.019816 1.026843 0.042109
v 0.020339 1.028326 0.041677
v 0.019939 1.028222 0.041789
v 0.057131 1.023186 0.033537
v 0.032535 1.047824 0.149500
v 0.032429 1.048966 0.147232
v 0.032683 1.049190 0.149118
v 0.032820 1.047865 0.149764
v 0.032940 1.049227 0.149356
v 0.020034 1.028757 0.043764
v 0.019698 1.026894 0.042338
v 0.019833 1.028268 0.041995
v 0.080797 1.045877 0.137771
v 0.081356 1.045855 0.139671
v 0.087062 1.044598 0.135642
v 0.073533 1.047215 0.139998
v 0.074037 1.047204 0.141915
v 0.087667 1.044567 0.137526
v 0.033539 1.051045 0.146587
v 0.033749 1.051071 0.148545
v 0.035260 1.051053 0.146385
v 0.032907 1.050147 0.141381
v 0.032818 1.050748 0.146741
v 0.033036 1.050800 0.148674
v 0.035477 1.051070 0.148350
v 0.034593 1.050160 0.141179
v 0.032195 1.049841 0.141541
v 0.050238 1.050058 0.144729
v 0.050567 1.050068 0.146681
v 0.057772 1.049372 0.143588
v 0.043628 1.050538 0.145529
v 0.043907 1.050552 0.147487
v 0.058158 1.049377 0.145531
v 0.096327 1.042474 0.132323
v 0.096998 1.042437 0.134176
v 0.096857 1.042014 0.132205
v 0.094398 1.041754 0.127412
v 0.094820 1.042916 0.132843
v 0.095484 1.042872 0.134706
v 0.097522 1.042004 0.134035
v 0.094920 1.041287 0.127304
v 0.092922 1.042192 0.127917
v 0.097492 1.040359 0.134421
v -0.038110 1.039682 0.092489
v -0.042111 1.043428 0.112153
v -0.036777 1.039952 0.092715
v -0.034111 1.035937 0.072835
v -0.038647 1.039269 0.092472
v -0.042702 1.043009 0.112126
v -0.040645 1.043713 0.112404
v -0.032912 1.036192 0.073035
v -0.034593 1.035532 0.072828
v 0.013252 1.041779 0.095980
v 0.014394 1.045735 0.115993
v 0.013741 1.041415 0.096043
v 0.012110 1.037825 0.075976
v 0.011946 1.041936 0.096018
v 0.012958 1.045896 0.116038
v 0.014931 1.045369 0.116054
v 0.012551 1.037462 0.076042
v 0.010935 1.037978 0.076008
v 0.010288 1.031394 0.044041
v 0.010580 1.032525 0.049164
v 0.010651 1.031044 0.044112
v 0.010191 1.030693 0.042302
v 0.009322 1.031537 0.044061
v 0.009580 1.032673 0.049186
v 0.010957 1.032164 0.049232
v 0.010546 1.030375 0.042378
v 0.009238 1.030825 0.042320
v -0.018063 1.031019 0.043200
v -0.013632 1.031395 0.043826
v -0.017809 1.030314 0.041469
v -0.021904 1.030623 0.042540
v -0.013432 1.030686 0.042087
v -0.021603 1.029922 0.040817
v -0.027717 1.029842 0.041458
v -0.028750 1.030919 0.046490
v -0.026732 1.030068 0.041617
v -0.027342 1.029161 0.039751
v -0.028110 1.029456 0.041470
v -0.029159 1.030521 0.046498
v -0.027730 1.031153 0.046657
v -0.026371 1.029375 0.039906
v -0.027725 1.028808 0.039770
v 0.000438 1.031770 0.044449
v 0.004390 1.031690 0.044316
v 0.000464 1.031055 0.042702
v -0.004090 1.031782 0.044470
v 0.004367 1.030976 0.042571
v -0.004009 1.031068 0.042723
v 0.010220 1.028844 0.042539
v 0.010571 1.028705 0.042592
v 0.017045 1.048716 0.151180
v 0.017002 1.050086 0.150786
v -0.027621 1.025753 0.040294
v -0.027257 1.027314 0.039991
v -0.027649 1.027140 0.039988
v 0.010643 1.028741 0.042783
v -0.049750 1.045906 0.146308
v -0.049400 1.047069 0.144076
v -0.049735 1.047286 0.145950
v -0.049564 1.045989 0.146641
v -0.049567 1.047361 0.146250
v -0.028212 1.027633 0.041895
v -0.027805 1.025777 0.040478
v -0.027816 1.027162 0.040154
v -0.000553 1.052529 0.148842
v -0.000563 1.052556 0.150822
v 0.006180 1.052393 0.148615
v -0.008268 1.052550 0.148877
v -0.008336 1.052577 0.150858
v 0.006221 1.052419 0.150594
v -0.048525 1.049323 0.143722
v -0.048889 1.049336 0.145657
v -0.046846 1.049630 0.144017
v -0.047487 1.048461 0.138575
v -0.049198 1.048904 0.143671
v -0.049551 1.048943 0.145584
v -0.047202 1.049635 0.145961
v -0.045841 1.048767 0.138861
v -0.048152 1.048034 0.138533
v -0.032075 1.051251 0.146714
v -0.032321 1.051268 0.148679
v -0.024526 1.051891 0.147781
v -0.038620 1.050575 0.145589
v -0.038915 1.050587 0.147545
v -0.024715 1.051913 0.149753
v 0.016227 1.051967 0.148123
v 0.016340 1.052000 0.150090
v 0.016840 1.051608 0.148171
v 0.015928 1.051051 0.142885
v 0.014583 1.052132 0.148181
v 0.014686 1.052156 0.150157
v 0.016949 1.051666 0.150115
v 0.016531 1.050683 0.142942
v 0.014317 1.051217 0.142939
v 0.017091 1.050031 0.150517
v -0.100246 1.026776 0.071011
v -0.110398 1.029244 0.088548
v -0.099106 1.027269 0.071608
v -0.090099 1.024309 0.053482
v -0.100674 1.026277 0.070849
v -0.110872 1.028730 0.088361
v -0.109142 1.029776 0.089209
v -0.089075 1.024765 0.054017
v -0.090480 1.023825 0.053346
v -0.053332 1.037746 0.089268
v -0.058786 1.041313 0.108633
v -0.052826 1.037471 0.089480
v -0.047881 1.034181 0.069911
v -0.054598 1.037671 0.088919
v -0.060177 1.041219 0.108253
v -0.058233 1.041045 0.108857
v -0.047421 1.033899 0.070112
v -0.049022 1.034125 0.069595
v -0.039157 1.028373 0.039013
v -0.040574 1.029403 0.043966
v -0.038775 1.028090 0.039196
v -0.038619 1.027712 0.037340
v -0.040097 1.028344 0.038747
v -0.041547 1.029372 0.043692
v -0.040177 1.029111 0.044151
v -0.038252 1.027459 0.037525
v -0.039544 1.027674 0.037076
v -0.065507 1.023060 0.029954
v -0.061589 1.024190 0.031834
v -0.064640 1.022456 0.028391
v -0.068858 1.022014 0.028212
v -0.060770 1.023572 0.030248
v -0.067949 1.021423 0.026671
v -0.073871 1.020256 0.025504
v -0.076499 1.021002 0.029986
v -0.073031 1.020647 0.025937
v -0.072902 1.019696 0.023999
v -0.074178 1.019807 0.025411
v -0.076816 1.020539 0.029885
v -0.075629 1.021407 0.030437
v -0.072071 1.020073 0.024424
v -0.073207 1.019281 0.023915
v -0.048605 1.027006 0.036521
v -0.044835 1.027624 0.037548
v -0.047946 1.026354 0.034878
v -0.052871 1.026225 0.035221
v -0.044224 1.026963 0.035892
v -0.052160 1.025582 0.033593
v -0.038337 1.025891 0.037623
v -0.037997 1.025814 0.037780
v -0.067073 1.043785 0.142973
v -0.067238 1.045136 0.142547
v -0.072725 1.016279 0.024527
v -0.072569 1.017887 0.024302
v -0.072906 1.017647 0.024189
v -0.037992 1.025857 0.037983
v -0.127973 1.029447 0.118915
v -0.127197 1.030711 0.116852
v -0.128096 1.030817 0.118541
v -0.127909 1.029552 0.119286
v -0.128038 1.030912 0.118875
v -0.074078 1.017984 0.025835
v -0.072957 1.016265 0.024648
v -0.073115 1.017635 0.024299
v -0.083608 1.044516 0.135506
v -0.084199 1.044489 0.137396
v -0.077186 1.045568 0.137256
v -0.090877 1.043185 0.133290
v -0.091523 1.043147 0.135164
v -0.077729 1.045548 0.139159
v -0.126665 1.033092 0.116709
v -0.127574 1.032990 0.118453
v -0.125226 1.033681 0.117473
v -0.124038 1.032561 0.112113
v -0.127210 1.032563 0.116475
v -0.128106 1.032490 0.118201
v -0.126129 1.033572 0.119228
v -0.122627 1.033143 0.112858
v -0.124576 1.032026 0.111891
v -0.112406 1.037792 0.124316
v -0.113214 1.037714 0.126122
v -0.105730 1.039717 0.127519
v -0.118115 1.036010 0.121349
v -0.118965 1.035919 0.123133
v -0.106487 1.039654 0.129350
v -0.067520 1.046922 0.139726
v -0.067993 1.046922 0.141639
v -0.066895 1.046674 0.139960
v -0.066114 1.046105 0.134654
v -0.069112 1.046794 0.139298
v -0.069595 1.046784 0.141216
v -0.067369 1.046699 0.141849
v -0.065499 1.045847 0.134894
v -0.067674 1.045986 0.134232
v -0.067066 1.045104 0.142318
v -0.146603 1.006011 0.036452
v -0.161343 1.006424 0.050568
v -0.145760 1.006668 0.037322
v -0.131870 1.005599 0.022343
v -0.146886 1.005453 0.036193
v -0.161661 1.005844 0.050272
v -0.160413 1.007136 0.051529
v -0.131114 1.006201 0.023122
v -0.132118 1.005063 0.022121
v -0.108700 1.023986 0.066366
v -0.119644 1.026198 0.083478
v -0.108232 1.023791 0.066712
v -0.097761 1.021774 0.049263
v -0.109797 1.023715 0.065693
v -0.120849 1.025890 0.082741
v -0.119137 1.026018 0.083848
v -0.097333 1.021566 0.049585
v -0.098751 1.021542 0.048653
v -0.080259 1.018131 0.021969
v -0.083098 1.018810 0.026337
v -0.079899 1.017910 0.022254
v -0.079193 1.017603 0.020516
v -0.081075 1.017957 0.021461
v -0.083944 1.018629 0.025813
v -0.082723 1.018582 0.026628
v -0.078853 1.017408 0.020798
v -0.079994 1.017423 0.020015
v -0.102005 1.008847 0.006299
v -0.098968 1.010551 0.009135
v -0.100665 1.008425 0.005040
v -0.104552 1.007314 0.003747
v -0.097666 1.010108 0.007841
v -0.103181 1.006911 0.002520
v -0.108305 1.004831 -0.000166
v -0.112123 1.005046 0.003430
v -0.107686 1.005343 0.000468
v -0.106891 1.004469 -0.001343
v -0.108499 1.004342 -0.000328
v -0.112322 1.004540 0.003258
v -0.111482 1.005575 0.004088
v -0.106277 1.004965 -0.000719
v -0.107091 1.004012 -0.001497
v -0.088345 1.015317 0.017067
v -0.085139 1.016510 0.019053
v -0.087174 1.014816 0.015675
v -0.091923 1.013888 0.014689
v -0.084008 1.015994 0.017636
v -0.090708 1.013404 0.013326
v -0.078708 1.015845 0.020905
v -0.078415 1.015821 0.021149
v -0.137117 1.026543 0.114278
v -0.137377 1.027859 0.113793
v -0.106315 1.001114 -0.000712
v -0.106365 1.002730 -0.000922
v -0.106616 1.002442 -0.001116
v -0.078471 1.015860 0.021345
v -0.186208 1.003122 0.075102
v -0.185122 1.004540 0.073296
v -0.186445 1.004462 0.074678
v -0.186264 1.003227 0.075474
v -0.186495 1.004558 0.075014
v -0.108224 1.002549 0.000148
v -0.106565 1.001060 -0.000657
v -0.106842 1.002394 -0.001066
v -0.150940 1.024767 0.102638
v -0.152004 1.024603 0.104301
v -0.145478 1.026800 0.106021
v -0.157036 1.022332 0.098585
v -0.158146 1.022149 0.100218
v -0.146501 1.026651 0.107709
v -0.184962 1.006978 0.073248
v -0.186276 1.006692 0.074686
v -0.183894 1.007773 0.074356
v -0.181149 1.006979 0.069536
v -0.185331 1.006373 0.072888
v -0.186633 1.006119 0.074312
v -0.185205 1.007482 0.075806
v -0.180102 1.007763 0.070619
v -0.181514 1.006368 0.069190
v -0.174213 1.013743 0.084291
v -0.175451 1.013496 0.085816
v -0.169040 1.016647 0.089123
v -0.178553 1.011131 0.079944
v -0.179824 1.010864 0.081436
v -0.170239 1.016421 0.090685
v -0.137176 1.029638 0.110961
v -0.138138 1.029519 0.112677
v -0.136606 1.029489 0.111359
v -0.134350 1.029171 0.106471
v -0.138553 1.029265 0.110125
v -0.139525 1.029135 0.111843
v -0.137566 1.029395 0.113051
v -0.133789 1.029010 0.106872
v -0.135699 1.028811 0.105649
v -0.137147 1.027860 0.113619
v -0.177681 0.979274 -0.008046
v -0.195497 0.977040 0.001666
v -0.177213 0.980038 -0.006998
v -0.159874 0.981507 -0.017753
v -0.177793 0.978684 -0.008358
v -0.195629 0.976423 0.001308
v -0.194978 0.977870 0.002823
v -0.159455 0.982205 -0.016814
v -0.159965 0.980944 -0.018021
v -0.152370 1.002388 0.030421
v -0.167651 1.002468 0.043985
v -0.151985 1.002263 0.030883
v -0.137096 1.002307 0.016864
v -0.153193 1.001961 0.029488
v -0.168554 1.001988 0.042963
v -0.167237 1.002363 0.044479
v -0.136741 1.002162 0.017293
v -0.137840 1.001934 0.016020
v -0.112661 1.002074 -0.004755
v -0.116623 1.002199 -0.001307
v -0.112359 1.001906 -0.004381
v -0.111180 1.001753 -0.005863
v -0.113276 1.001783 -0.005457
v -0.117261 1.001898 -0.002032
v -0.116307 1.002028 -0.000923
v -0.110899 1.001609 -0.005498
v -0.111781 1.001459 -0.006555
v -0.127739 0.989796 -0.025407
v -0.125870 0.991899 -0.021908
v -0.126066 0.989619 -0.026259
v -0.129246 0.987933 -0.028508
v -0.124219 0.991696 -0.022802
v -0.127554 0.987779 -0.029321
v -0.131390 0.984971 -0.033219
v -0.136005 0.984500 -0.030763
v -0.131050 0.985561 -0.032456
v -0.129676 0.984863 -0.033973
v -0.131454 0.984461 -0.033416
v -0.136069 0.983973 -0.030972
v -0.135654 0.985110 -0.029972
v -0.129335 0.985437 -0.033220
v -0.129753 0.984384 -0.034164
v -0.118613 0.998118 -0.011556
v -0.116277 0.999762 -0.008821
v -0.117052 0.997839 -0.012579
v -0.121163 0.996191 -0.014764
v -0.114745 0.999462 -0.009877
v -0.119570 0.995935 -0.015747
v -0.110542 1.000086 -0.005322
v -0.110324 1.000103 -0.005009
v -0.192461 0.999376 0.069064
v -0.192790 1.000643 0.068499
v -0.128762 0.981629 -0.033140
v -0.129011 0.983221 -0.033391
v -0.129153 0.982901 -0.033638
v -0.110435 1.000129 -0.004836
v -0.225106 0.969309 0.018829
v -0.223821 0.970920 0.017343
v -0.225433 0.970604 0.018329
v -0.225274 0.969397 0.019170
v -0.225584 0.970683 0.018637
v -0.131034 0.982725 -0.032846
v -0.129006 0.981535 -0.033152
v -0.129373 0.982817 -0.033648
v -0.202257 0.995680 0.054229
v -0.203682 0.995313 0.055554
v -0.198276 0.998480 0.058889
v -0.206601 0.992396 0.048763
v -0.208058 0.992004 0.050048
v -0.199672 0.998134 0.060250
v -0.224043 0.973353 0.017287
v -0.225627 0.972832 0.018333
v -0.223446 0.974284 0.018620
v -0.219435 0.974038 0.014715
v -0.224203 0.972705 0.016856
v -0.225778 0.972217 0.017890
v -0.225029 0.973757 0.019679
v -0.218850 0.974956 0.016019
v -0.219595 0.973386 0.014298
v -0.217806 0.981499 0.030629
v -0.219347 0.981027 0.031778
v -0.214620 0.985082 0.036592
v -0.220373 0.978326 0.025347
v -0.221933 0.977829 0.026456
v -0.216138 0.984636 0.037785
v -0.192133 1.002493 0.065783
v -0.193482 1.002186 0.067186
v -0.191671 1.002427 0.066321
v -0.188184 1.002576 0.062210
v -0.193163 1.001924 0.064621
v -0.194520 1.001604 0.066025
v -0.193017 1.002146 0.067701
v -0.187731 1.002498 0.062748
v -0.189194 1.002024 0.061068
v -0.192525 1.000685 0.068392
v -0.191406 0.947708 -0.060581
v -0.210580 0.942349 -0.056070
v -0.191375 0.948514 -0.059463
v -0.172242 0.953064 -0.065090
v -0.191329 0.947115 -0.060899
v -0.210506 0.941727 -0.056436
v -0.210542 0.943225 -0.054835
v -0.172217 0.953799 -0.064090
v -0.172162 0.952500 -0.065360
v -0.181757 0.973774 -0.017199
v -0.199964 0.971026 -0.008344
v -0.181498 0.973704 -0.016647
v -0.163558 0.976521 -0.026050
v -0.182211 0.973240 -0.018312
v -0.200461 0.970428 -0.009563
v -0.199690 0.970979 -0.007753
v -0.163315 0.976427 -0.025538
v -0.163970 0.976051 -0.027057
v -0.134445 0.980812 -0.040142
v -0.139164 0.980204 -0.037914
v -0.134233 0.980687 -0.039695
v -0.132685 0.980764 -0.040794
v -0.134788 0.980440 -0.040978
v -0.139521 0.979818 -0.038779
v -0.138942 0.980078 -0.037454
v -0.132496 0.980660 -0.040362
v -0.133017 0.980391 -0.041617
v -0.141058 0.966701 -0.063843
v -0.140591 0.969001 -0.060015
v -0.139210 0.966822 -0.064200
v -0.141331 0.964688 -0.067194
v -0.138749 0.969094 -0.060419
v -0.139479 0.964834 -0.067509
v -0.141585 0.961524 -0.072242
v -0.146553 0.960243 -0.071134
v -0.141569 0.962143 -0.071429
v -0.139736 0.961716 -0.072495
v -0.141508 0.961014 -0.072437
v -0.146470 0.959717 -0.071340
v -0.146537 0.960884 -0.070291
v -0.139714 0.962321 -0.071691
v -0.139679 0.961236 -0.072689
v -0.137572 0.976089 -0.048219
v -0.136378 0.978031 -0.044987
v -0.135767 0.976094 -0.048769
v -0.138793 0.973843 -0.051957
v -0.134588 0.978012 -0.045577
v -0.136973 0.973876 -0.052460
v -0.131954 0.979213 -0.040061
v -0.131836 0.979259 -0.039700
v -0.229832 0.963314 0.009048
v -0.230198 0.964523 0.008386
v -0.138567 0.958658 -0.071370
v -0.138996 0.960193 -0.071716
v -0.139010 0.959860 -0.071984
v -0.131993 0.979262 -0.039565
v -0.242066 0.929457 -0.047496
v -0.240706 0.931291 -0.048610
v -0.242451 0.930691 -0.048096
v -0.242333 0.929508 -0.047216
v -0.242692 0.930737 -0.047843
v -0.140980 0.959358 -0.071734
v -0.138779 0.958526 -0.071445
v -0.139202 0.959741 -0.072053
v -0.234445 0.958401 -0.007813
v -0.236098 0.957775 -0.006920
v -0.232410 0.961710 -0.002306
v -0.236524 0.954575 -0.014181
v -0.238193 0.953919 -0.013336
v -0.234048 0.961108 -0.001372
v -0.241301 0.933655 -0.048781
v -0.243003 0.932857 -0.048197
v -0.241253 0.934641 -0.047357
v -0.236344 0.935149 -0.050009
v -0.241229 0.933000 -0.049225
v -0.242923 0.932236 -0.048650
v -0.242958 0.933836 -0.046760
v -0.236297 0.936120 -0.048616
v -0.236273 0.934488 -0.050438
v -0.240384 0.942406 -0.034434
v -0.242082 0.941660 -0.033740
v -0.239588 0.946325 -0.027911
v -0.240848 0.938976 -0.040142
v -0.242549 0.938204 -0.039491
v -0.241280 0.945608 -0.027168
v -0.229136 0.966518 0.005911
v -0.230748 0.965961 0.006898
v -0.228835 0.966517 0.006557
v -0.224430 0.967333 0.003555
v -0.229700 0.965815 0.004525
v -0.231318 0.965244 0.005511
v -0.230442 0.965987 0.007521
v -0.224134 0.967318 0.004199
v -0.224983 0.966649 0.002194
v -0.229925 0.964611 0.008355
v -0.184324 0.914597 -0.115687
v -0.202797 0.905961 -0.116630
v -0.184746 0.915369 -0.114626
v -0.165861 0.923229 -0.114744
v -0.184062 0.914033 -0.115955
v -0.202519 0.905370 -0.116945
v -0.203257 0.906800 -0.115456
v -0.166244 0.923933 -0.113795
v -0.165614 0.922693 -0.114967
v -0.191846 0.940849 -0.071997
v -0.211071 0.934841 -0.068565
v -0.191745 0.940809 -0.071393
v -0.172629 0.946853 -0.075427
v -0.191871 0.940272 -0.073179
v -0.211096 0.934198 -0.069859
v -0.210971 0.934827 -0.067920
v -0.172528 0.946789 -0.074864
v -0.172656 0.946344 -0.076497
v -0.141890 0.956354 -0.080846
v -0.146872 0.954902 -0.080024
v -0.141795 0.956256 -0.080355
v -0.140036 0.956621 -0.080975
v -0.141916 0.955951 -0.081735
v -0.146900 0.954483 -0.080944
v -0.146770 0.954804 -0.079517
v -0.139961 0.956540 -0.080505
v -0.140055 0.956218 -0.081848
v -0.139070 0.941913 -0.105097
v -0.140097 0.944165 -0.101350
v -0.137245 0.942354 -0.104921
v -0.138043 0.939966 -0.108338
v -0.138258 0.944578 -0.101220
v -0.136230 0.940431 -0.108122
v -0.136325 0.936929 -0.113175
v -0.141113 0.934799 -0.113480
v -0.136643 0.937522 -0.112405
v -0.134540 0.937438 -0.112901
v -0.136111 0.936445 -0.113327
v -0.140887 0.934300 -0.113641
v -0.141444 0.935413 -0.112682
v -0.134848 0.938018 -0.112138
v -0.134350 0.936979 -0.113059
v -0.141769 0.951370 -0.089359
v -0.141880 0.953406 -0.085970
v -0.139910 0.951694 -0.089378
v -0.141488 0.949042 -0.093233
v -0.140020 0.953705 -0.086031
v -0.139633 0.949395 -0.093204
v -0.139290 0.955199 -0.080027
v -0.139288 0.955255 -0.079649
v -0.242874 0.921761 -0.060109
v -0.243238 0.922907 -0.060876
v -0.133235 0.934595 -0.111417
v -0.133802 0.936044 -0.111907
v -0.133684 0.935720 -0.112161
v -0.139475 0.955228 -0.079564
v -0.232767 0.887718 -0.116961
v -0.231479 0.889783 -0.117691
v -0.233170 0.888884 -0.117675
v -0.233106 0.887716 -0.116768
v -0.233477 0.888882 -0.117502
v -0.135530 0.934886 -0.112464
v -0.133392 0.934431 -0.111546
v -0.133826 0.935571 -0.112278
v -0.241649 0.916553 -0.077460
v -0.243356 0.915634 -0.077054
v -0.241838 0.920022 -0.071686
v -0.241171 0.912587 -0.084061
v -0.242874 0.911638 -0.083704
v -0.243546 0.919129 -0.071237
v -0.232393 0.892016 -0.118081
v -0.234030 0.890926 -0.117980
v -0.232916 0.892960 -0.116726
v -0.227618 0.894356 -0.117898
v -0.232089 0.891393 -0.118470
v -0.233722 0.890339 -0.118377
v -0.234557 0.891864 -0.116614
v -0.228131 0.895287 -0.116573
v -0.227319 0.893728 -0.118274
v -0.237051 0.900441 -0.104275
v -0.238723 0.899401 -0.104070
v -0.238800 0.904277 -0.097891
v -0.235300 0.897123 -0.109797
v -0.236959 0.896058 -0.109633
v -0.240485 0.903266 -0.097637
v -0.241875 0.925112 -0.063000
v -0.243582 0.924266 -0.062494
v -0.241773 0.925146 -0.062296
v -0.236905 0.926769 -0.063954
v -0.241899 0.924358 -0.064471
v -0.243608 0.923497 -0.063967
v -0.243472 0.924328 -0.061811
v -0.236804 0.926788 -0.063253
v -0.236928 0.926035 -0.065399
v -0.242986 0.923039 -0.060832
v -0.157247 0.885072 -0.164825
v -0.173039 0.873513 -0.170632
v -0.158068 0.885738 -0.163940
v -0.141463 0.896625 -0.159021
v -0.156831 0.884566 -0.164997
v -0.172590 0.872984 -0.170844
v -0.173938 0.874237 -0.169651
v -0.142205 0.897233 -0.158232
v -0.141079 0.896143 -0.159154
v -0.180798 0.908673 -0.125545
v -0.198948 0.899478 -0.127419
v -0.180863 0.908637 -0.124936
v -0.162657 0.917864 -0.123672
v -0.180399 0.908129 -0.126675
v -0.198507 0.898870 -0.128654
v -0.199029 0.899465 -0.126771
v -0.162706 0.917804 -0.123102
v -0.162301 0.917383 -0.124696
v -0.133638 0.932462 -0.120609
v -0.138340 0.930183 -0.121162
v -0.133668 0.932370 -0.120109
v -0.131892 0.933036 -0.120227
v -0.133350 0.932081 -0.121461
v -0.138042 0.929787 -0.122044
v -0.138368 0.930092 -0.120644
v -0.131937 0.932957 -0.119753
v -0.131601 0.932656 -0.121062
v -0.121870 0.919265 -0.142790
v -0.124251 0.921226 -0.139526
v -0.120264 0.919999 -0.142127
v -0.119678 0.917592 -0.145574
v -0.122615 0.921935 -0.138904
v -0.118099 0.918347 -0.144876
v -0.116212 0.914998 -0.149674
v -0.120306 0.912110 -0.151240
v -0.116825 0.915512 -0.149037
v -0.114682 0.915789 -0.148931
v -0.115887 0.914559 -0.149750
v -0.119965 0.911660 -0.151321
v -0.120942 0.912641 -0.150580
v -0.115281 0.916292 -0.148296
v -0.114382 0.915372 -0.149019
v -0.130343 0.927769 -0.128637
v -0.131723 0.929678 -0.125460
v -0.128632 0.928397 -0.128149
v -0.128621 0.925612 -0.132227
v -0.129995 0.930283 -0.125011
v -0.126931 0.926267 -0.131694
v -0.131211 0.931735 -0.119077
v -0.131323 0.931782 -0.118715
v -0.229218 0.881104 -0.127774
v -0.229540 0.882191 -0.128639
v -0.113385 0.913169 -0.147077
v -0.114027 0.914514 -0.147739
v -0.113791 0.914220 -0.147942
v -0.131519 0.931722 -0.118683
v -0.198289 0.850561 -0.178801
v -0.197211 0.852828 -0.179195
v -0.198667 0.851660 -0.179626
v -0.198663 0.850498 -0.178710
v -0.199005 0.851603 -0.179544
v -0.115317 0.913098 -0.148723
v -0.113471 0.912984 -0.147241
v -0.113868 0.914053 -0.148090
v -0.222399 0.876582 -0.143984
v -0.223974 0.875383 -0.144043
v -0.224749 0.879834 -0.138570
v -0.219464 0.872907 -0.150100
v -0.221017 0.871680 -0.150205
v -0.226342 0.878660 -0.138589
v -0.198339 0.854886 -0.179875
v -0.199735 0.853538 -0.180205
v -0.199365 0.855698 -0.178740
v -0.194258 0.857982 -0.178435
v -0.197840 0.854332 -0.180150
v -0.199236 0.853020 -0.180488
v -0.200768 0.854342 -0.179060
v -0.195264 0.858783 -0.177326
v -0.193766 0.857421 -0.178699
v -0.207961 0.862093 -0.168097
v -0.209429 0.860786 -0.168337
v -0.212018 0.865434 -0.162536
v -0.204227 0.859243 -0.172840
v -0.205667 0.857914 -0.173116
v -0.213516 0.864152 -0.162735
v -0.228030 0.884641 -0.130355
v -0.229644 0.883512 -0.130320
v -0.228133 0.884675 -0.129651
v -0.223336 0.887123 -0.129937
v -0.227520 0.883928 -0.131757
v -0.229134 0.882784 -0.131725
v -0.229740 0.883575 -0.129635
v -0.223438 0.887142 -0.129236
v -0.222837 0.886429 -0.131314
v -0.229336 0.882362 -0.128529
v -0.115078 0.862369 -0.202609
v -0.126696 0.848563 -0.212156
v -0.116200 0.862876 -0.201989
v -0.103467 0.876168 -0.193067
v -0.114556 0.861940 -0.202653
v -0.126129 0.848117 -0.212229
v -0.127928 0.849112 -0.211466
v -0.104479 0.876632 -0.192517
v -0.102989 0.875756 -0.193082
v -0.151693 0.881038 -0.171538
v -0.166977 0.869102 -0.177974
v -0.151911 0.880979 -0.170968
v -0.136417 0.892968 -0.165106
v -0.150927 0.880589 -0.172509
v -0.166132 0.868599 -0.179033
v -0.167225 0.869062 -0.177370
v -0.136606 0.892889 -0.164568
v -0.135730 0.892573 -0.165987
v -0.111982 0.911948 -0.154749
v -0.115940 0.908960 -0.156484
v -0.112129 0.911842 -0.154273
v -0.110516 0.912786 -0.153929
v -0.111420 0.911637 -0.155485
v -0.115359 0.908636 -0.157246
v -0.116090 0.908854 -0.155990
v -0.110673 0.912690 -0.153482
v -0.109957 0.912475 -0.154648
v -0.092782 0.901291 -0.172705
v -0.096228 0.902774 -0.170236
v -0.091549 0.902257 -0.171654
v -0.089691 0.900051 -0.174768
v -0.094952 0.903722 -0.169216
v -0.088496 0.901033 -0.173692
v -0.084889 0.898134 -0.177740
v -0.087902 0.894664 -0.180276
v -0.085723 0.898530 -0.177300
v -0.083760 0.899144 -0.176634
v -0.084490 0.897755 -0.177717
v -0.087485 0.894275 -0.180253
v -0.088767 0.895072 -0.179820
v -0.084578 0.899530 -0.176193
v -0.083384 0.898782 -0.176630
v -0.105963 0.908019 -0.161507
v -0.108426 0.909613 -0.158854
v -0.104567 0.908902 -0.160595
v -0.103026 0.906244 -0.164460
v -0.106999 0.910476 -0.157974
v -0.101666 0.907149 -0.163512
v -0.109967 0.911586 -0.152611
v -0.110177 0.911606 -0.152293
v -0.192719 0.846135 -0.185971
v -0.192969 0.847175 -0.186914
v -0.082601 0.896725 -0.174445
v -0.083250 0.897964 -0.175283
v -0.082925 0.897716 -0.175410
v -0.110362 0.911516 -0.152313
v -0.144853 0.822052 -0.226247
v -0.144086 0.824470 -0.226390
v -0.145169 0.823095 -0.227167
v -0.145223 0.821929 -0.226258
v -0.145503 0.822983 -0.227177
v -0.083987 0.896382 -0.176544
v -0.082609 0.896532 -0.174621
v -0.082932 0.897542 -0.175569
v -0.181199 0.843117 -0.199678
v -0.182489 0.841683 -0.200129
v -0.185395 0.845833 -0.195158
v -0.176194 0.840093 -0.204711
v -0.177446 0.838636 -0.205199
v -0.186716 0.844419 -0.195575
v -0.145307 0.826336 -0.227390
v -0.146331 0.824790 -0.228050
v -0.146714 0.826949 -0.226587
v -0.142306 0.830013 -0.224984
v -0.144671 0.825875 -0.227510
v -0.145699 0.824364 -0.228178
v -0.147746 0.825393 -0.227239
v -0.143686 0.830618 -0.224200
v -0.141679 0.829544 -0.225095
v -0.158741 0.831653 -0.218757
v -0.159863 0.830133 -0.219351
v -0.164612 0.834180 -0.214551
v -0.153474 0.829541 -0.222272
v -0.154556 0.828005 -0.222892
v -0.165777 0.832679 -0.215113
v -0.191468 0.849873 -0.188219
v -0.192832 0.848500 -0.188591
v -0.191759 0.849874 -0.187569
v -0.187514 0.853063 -0.186621
v -0.190497 0.849281 -0.189419
v -0.191856 0.847893 -0.189793
v -0.193115 0.848532 -0.187957
v -0.187801 0.853050 -0.185974
v -0.186562 0.852489 -0.187801
v -0.192831 0.847375 -0.186758
v -0.060975 0.847472 -0.227401
v -0.067237 0.832192 -0.239402
v -0.062288 0.847778 -0.227115
v -0.054716 0.862745 -0.215406
v -0.060398 0.847134 -0.227294
v -0.066607 0.831845 -0.239310
v -0.068680 0.832520 -0.239079
v -0.055900 0.863028 -0.215158
v -0.054193 0.862416 -0.215284
v -0.107077 0.859320 -0.207682
v -0.117955 0.845227 -0.217708
v -0.107427 0.859214 -0.207190
v -0.096204 0.873407 -0.197661
v -0.106017 0.859022 -0.208402
v -0.116788 0.844890 -0.218492
v -0.118345 0.845135 -0.217193
v -0.096514 0.873287 -0.197192
v -0.095252 0.873147 -0.198317
v -0.078814 0.895836 -0.181565
v -0.081630 0.892289 -0.184229
v -0.079064 0.895697 -0.181143
v -0.077776 0.896880 -0.180400
v -0.078033 0.895635 -0.182117
v -0.080822 0.892080 -0.184800
v -0.081887 0.892150 -0.183791
v -0.078029 0.896751 -0.180010
v -0.077002 0.896679 -0.180936
v -0.054055 0.888803 -0.193487
v -0.058227 0.889658 -0.192064
v -0.053320 0.889932 -0.192166
v -0.050366 0.888123 -0.194620
v -0.057441 0.890776 -0.190761
v -0.049677 0.889260 -0.193285
v -0.044701 0.887069 -0.196156
v -0.046327 0.883216 -0.199328
v -0.045675 0.887315 -0.195964
v -0.044087 0.888222 -0.194810
v -0.044267 0.886759 -0.196018
v -0.045874 0.882899 -0.199186
v -0.047337 0.883470 -0.199130
v -0.045044 0.888462 -0.194612
v -0.043673 0.887925 -0.194698
v -0.070656 0.893076 -0.186377
v -0.073962 0.894194 -0.184515
v -0.069716 0.894151 -0.185144
v -0.066789 0.891862 -0.188396
v -0.072981 0.895256 -0.183305
v -0.065897 0.892953 -0.187139
v -0.077414 0.895755 -0.178958
v -0.077702 0.895735 -0.178708
v -0.136577 0.818602 -0.231794
v -0.136729 0.819609 -0.232792
v -0.043183 0.885973 -0.192338
v -0.043774 0.887110 -0.193346
v -0.043391 0.886921 -0.193376
v -0.077857 0.895616 -0.178775
v -0.076453 0.803424 -0.257249
v -0.076075 0.805937 -0.257235
v -0.076674 0.804422 -0.258243
v -0.076782 0.803243 -0.257356
v -0.076971 0.804258 -0.258340
v -0.043883 0.885459 -0.194724
v -0.043112 0.885785 -0.192506
v -0.043328 0.886751 -0.193528
v -0.121479 0.817778 -0.241848
v -0.122353 0.816166 -0.242596
v -0.127111 0.819684 -0.238677
v -0.114891 0.815711 -0.245290
v -0.115716 0.814083 -0.246063
v -0.128028 0.818086 -0.239401
v -0.077267 0.807604 -0.258566
v -0.077814 0.805927 -0.259443
v -0.078917 0.807964 -0.258183
v -0.075651 0.811661 -0.255527
v -0.076556 0.807254 -0.258502
v -0.077111 0.805612 -0.259387
v -0.079473 0.806278 -0.259053
v -0.077269 0.812019 -0.255154
v -0.074950 0.811301 -0.255456
v -0.093195 0.810499 -0.253963
v -0.093857 0.808832 -0.254802
v -0.100303 0.811956 -0.251539
v -0.086910 0.809339 -0.255893
v -0.087525 0.807664 -0.256746
v -0.101019 0.810300 -0.252359
v -0.135388 0.822541 -0.233707
v -0.136363 0.820975 -0.234400
v -0.135838 0.822481 -0.233159
v -0.132572 0.826290 -0.231180
v -0.134049 0.822140 -0.234590
v -0.135017 0.820560 -0.235283
v -0.136807 0.820947 -0.233866
v -0.133016 0.826216 -0.230633
v -0.131260 0.825902 -0.232049
v -0.136672 0.819825 -0.232609
v -0.000048 0.842017 -0.236481
v -0.000279 0.826197 -0.249380
v -0.001421 0.842099 -0.236567
v 0.000183 0.857829 -0.223588
v 0.000526 0.841774 -0.236215
v 0.000351 0.825954 -0.249114
v -0.001789 0.826279 -0.249465
v -0.001054 0.857911 -0.223674
v 0.000701 0.857586 -0.223322
v -0.051046 0.845792 -0.230198
v -0.056384 0.830350 -0.242467
v -0.051494 0.845619 -0.229815
v -0.045711 0.861226 -0.217934
v -0.049798 0.845686 -0.230598
v -0.055010 0.830225 -0.242899
v -0.056879 0.830184 -0.242074
v -0.046113 0.861047 -0.217563
v -0.044588 0.861138 -0.218303
v -0.037181 0.885810 -0.198251
v -0.038560 0.881914 -0.201495
v -0.037509 0.885623 -0.197909
v -0.036678 0.886982 -0.196873
v -0.036258 0.885751 -0.198567
v -0.037605 0.881852 -0.201823
v -0.038900 0.881725 -0.201140
v -0.037003 0.886805 -0.196563
v -0.035767 0.886922 -0.197176
v -0.009324 0.883152 -0.202893
v -0.013807 0.883287 -0.202667
v -0.009166 0.884355 -0.201448
v -0.005407 0.883104 -0.202973
v -0.013593 0.884488 -0.201226
v -0.005297 0.884307 -0.201528
v 0.000556 0.883017 -0.202900
v 0.000492 0.879023 -0.206306
v -0.000461 0.883097 -0.202983
v 0.000589 0.884224 -0.201465
v 0.000981 0.882778 -0.202644
v 0.000935 0.878781 -0.206040
v -0.000561 0.879105 -0.206393
v -0.000412 0.884301 -0.201538
v 0.000999 0.883995 -0.201238
v -0.027692 0.884517 -0.200621
v -0.031513 0.885043 -0.199746
v -0.027306 0.885703 -0.199205
v -0.023280 0.883992 -0.201495
v -0.031080 0.886222 -0.198340
v -0.022949 0.885184 -0.200068
v -0.036542 0.885899 -0.195362
v -0.036879 0.885826 -0.195198
v -0.065946 0.801382 -0.260453
v -0.065985 0.802373 -0.261477
v 0.001145 0.882096 -0.198790
v 0.000671 0.883144 -0.199947
v 0.001073 0.883021 -0.199867
v -0.036989 0.885685 -0.195302
v 0.000449 0.796723 -0.268402
v 0.000397 0.799263 -0.268342
v 0.000346 0.797694 -0.269441
v 0.000195 0.796493 -0.268589
v 0.000116 0.797486 -0.269610
v 0.001207 0.881528 -0.201265
v 0.001287 0.881926 -0.198929
v 0.001202 0.882867 -0.199993
v -0.048770 0.803242 -0.266041
v -0.049137 0.801526 -0.266961
v -0.055280 0.804138 -0.264550
v -0.041253 0.802347 -0.267531
v -0.041564 0.800624 -0.268462
v -0.055696 0.802429 -0.265458
v -0.000645 0.800744 -0.269983
v -0.000657 0.799021 -0.270936
v -0.002374 0.800823 -0.270067
v -0.000589 0.804940 -0.266712
v 0.000068 0.800512 -0.269721
v 0.000047 0.798823 -0.270686
v -0.002393 0.799089 -0.271016
v -0.002283 0.805023 -0.266797
v 0.000116 0.804697 -0.266446
v -0.017475 0.800916 -0.269912
v -0.017607 0.799183 -0.270861
v -0.025113 0.801147 -0.269528
v -0.010801 0.800834 -0.270049
v -0.010884 0.799100 -0.270999
v -0.025303 0.799415 -0.270474
v -0.064940 0.805503 -0.262062
v -0.065425 0.803816 -0.262957
v -0.065506 0.805359 -0.261654
v -0.063556 0.809601 -0.258954
v -0.063366 0.805345 -0.262542
v -0.063842 0.803645 -0.263435
v -0.065986 0.803705 -0.262562
v -0.064113 0.809445 -0.258545
v -0.062014 0.809451 -0.259428
v -0.066015 0.802591 -0.261291
v 0.064091 0.847213 -0.227833
v 0.070209 0.831907 -0.239876
v 0.062805 0.847063 -0.228306
v 0.057976 0.862511 -0.215796
v 0.064599 0.847065 -0.227410
v 0.070770 0.831769 -0.239437
v 0.068794 0.831734 -0.240387
v 0.056820 0.862384 -0.216231
v 0.058431 0.862353 -0.215389
v 0.013530 0.842111 -0.236324
v 0.014585 0.826295 -0.249217
v 0.013028 0.841855 -0.236080
v 0.012476 0.857919 -0.223437
v 0.014840 0.842228 -0.236352
v 0.016025 0.826416 -0.249239
v 0.014035 0.826038 -0.248975
v 0.012022 0.857665 -0.223191
v 0.013655 0.858033 -0.223471
v 0.010785 0.883101 -0.202759
v 0.011062 0.879109 -0.206164
v 0.010410 0.882853 -0.202519
v 0.010671 0.884307 -0.201325
v 0.011755 0.883208 -0.202800
v 0.012067 0.879218 -0.206206
v 0.010674 0.878857 -0.205915
v 0.010307 0.884070 -0.201115
v 0.011627 0.884410 -0.201356
v 0.038847 0.885330 -0.199267
v 0.034528 0.884697 -0.200322
v 0.038383 0.886507 -0.197867
v 0.042575 0.885951 -0.198235
v 0.034118 0.885881 -0.198909
v 0.042066 0.887119 -0.196848
v 0.048198 0.886876 -0.196477
v 0.049780 0.883016 -0.199662
v 0.047248 0.886785 -0.196846
v 0.047618 0.888035 -0.195121
v 0.048568 0.886707 -0.196105
v 0.050164 0.882846 -0.199276
v 0.048797 0.882920 -0.200045
v 0.046681 0.887943 -0.195476
v 0.047981 0.887875 -0.194782
v 0.020633 0.883498 -0.202316
v 0.016689 0.883345 -0.202571
v 0.020395 0.884697 -0.200879
v 0.025134 0.883752 -0.201894
v 0.016499 0.884546 -0.201130
v 0.024840 0.884947 -0.200462
v 0.010556 0.883226 -0.199810
v 0.010204 0.883093 -0.199747
v 0.015566 0.796577 -0.268450
v 0.015651 0.797572 -0.269468
v 0.047748 0.885968 -0.192347
v 0.047450 0.886949 -0.193615
v 0.047828 0.886893 -0.193422
v 0.010153 0.882938 -0.199875
v 0.081284 0.803465 -0.257181
v 0.080787 0.805957 -0.257201
v 0.081315 0.804430 -0.258231
v 0.081136 0.803200 -0.257427
v 0.081182 0.804191 -0.258452
v 0.048603 0.885480 -0.194688
v 0.047951 0.885828 -0.192435
v 0.048011 0.886767 -0.193502
v 0.033045 0.801466 -0.268998
v 0.033250 0.799736 -0.269940
v 0.026326 0.801205 -0.269431
v 0.040715 0.801898 -0.268278
v 0.040977 0.800171 -0.269216
v 0.026480 0.799474 -0.270377
v 0.080014 0.807279 -0.259106
v 0.080566 0.805604 -0.259981
v 0.078393 0.807066 -0.259677
v 0.078430 0.811342 -0.256057
v 0.080654 0.807166 -0.258647
v 0.081193 0.805522 -0.259537
v 0.078938 0.805378 -0.260550
v 0.076840 0.811138 -0.256620
v 0.079061 0.811216 -0.255597
v 0.064078 0.804587 -0.263802
v 0.064516 0.802881 -0.264706
v 0.056720 0.803508 -0.265599
v 0.070431 0.805644 -0.262044
v 0.070916 0.803945 -0.262934
v 0.057102 0.801793 -0.266516
v 0.016271 0.800848 -0.269810
v 0.016353 0.799125 -0.270764
v 0.015646 0.800600 -0.269576
v 0.016002 0.805043 -0.266541
v 0.017920 0.800971 -0.269821
v 0.018012 0.799237 -0.270770
v 0.015731 0.798910 -0.270541
v 0.015387 0.804784 -0.266302
v 0.017618 0.805169 -0.266555
v 0.015533 0.797777 -0.269303
v 0.121734 0.863186 -0.201249
v 0.133557 0.849462 -0.210660
v 0.120682 0.862830 -0.202065
v 0.109916 0.876903 -0.191843
v 0.122117 0.863117 -0.200695
v 0.133985 0.849411 -0.210076
v 0.132398 0.849062 -0.211549
v 0.108971 0.876591 -0.192586
v 0.110256 0.876816 -0.191319
v 0.077343 0.849715 -0.223668
v 0.084722 0.834642 -0.235324
v 0.076845 0.849372 -0.223571
v 0.069969 0.864781 -0.212018
v 0.078567 0.850056 -0.223325
v 0.086066 0.835009 -0.234938
v 0.084178 0.834289 -0.235243
v 0.069515 0.864447 -0.211905
v 0.071071 0.865095 -0.211717
v 0.058168 0.888773 -0.193319
v 0.060084 0.884975 -0.196402
v 0.057789 0.888458 -0.193190
v 0.057445 0.889906 -0.192008
v 0.059076 0.889045 -0.193084
v 0.061025 0.885255 -0.196159
v 0.059689 0.884653 -0.196268
v 0.057082 0.889604 -0.191904
v 0.058338 0.890172 -0.191768
v 0.083255 0.895687 -0.182030
v 0.079592 0.894350 -0.184256
v 0.082218 0.896731 -0.180850
v 0.086372 0.896911 -0.179994
v 0.078600 0.895410 -0.183049
v 0.085296 0.897939 -0.178840
v 0.091015 0.898741 -0.176730
v 0.094076 0.895290 -0.179234
v 0.090240 0.898498 -0.177353
v 0.089883 0.899749 -0.175625
v 0.091286 0.898628 -0.176264
v 0.094357 0.895178 -0.178751
v 0.093274 0.895036 -0.179879
v 0.089117 0.899507 -0.176230
v 0.090156 0.899645 -0.175193
v 0.067261 0.890840 -0.190098
v 0.063640 0.890020 -0.191462
v 0.066421 0.891944 -0.188818
v 0.071342 0.891850 -0.188417
v 0.062845 0.891134 -0.190165
v 0.070452 0.892941 -0.187158
v 0.057090 0.888783 -0.190562
v 0.056763 0.888590 -0.190598
v 0.096219 0.806025 -0.252726
v 0.096419 0.807045 -0.253703
v 0.089569 0.897666 -0.172878
v 0.089481 0.898612 -0.174203
v 0.089793 0.898618 -0.173910
v 0.056778 0.888432 -0.190731
v 0.153805 0.823781 -0.223371
v 0.152915 0.826150 -0.223595
v 0.153969 0.824762 -0.224392
v 0.153782 0.823500 -0.223642
v 0.153947 0.824509 -0.224636
v 0.091126 0.897391 -0.174865
v 0.089810 0.897565 -0.172902
v 0.090010 0.898527 -0.173931
v 0.112022 0.813846 -0.248392
v 0.112781 0.812202 -0.249194
v 0.105853 0.812450 -0.250716
v 0.118976 0.815568 -0.245528
v 0.119787 0.813936 -0.246308
v 0.106565 0.810795 -0.251535
v 0.152504 0.827368 -0.225673
v 0.153560 0.825834 -0.226312
v 0.151174 0.826894 -0.226677
v 0.149444 0.831021 -0.223305
v 0.152995 0.827354 -0.225048
v 0.154039 0.825850 -0.225706
v 0.152226 0.825347 -0.227316
v 0.148141 0.830562 -0.224293
v 0.149930 0.830994 -0.222681
v 0.139274 0.822105 -0.234647
v 0.140236 0.820523 -0.235346
v 0.133031 0.819827 -0.238439
v 0.144583 0.824190 -0.231178
v 0.145585 0.822622 -0.231851
v 0.133947 0.818227 -0.239166
v 0.096540 0.810386 -0.253937
v 0.097184 0.808727 -0.254784
v 0.095926 0.810028 -0.253884
v 0.094636 0.814389 -0.250986
v 0.098077 0.810789 -0.253481
v 0.098731 0.809122 -0.254320
v 0.096571 0.808403 -0.254742
v 0.094032 0.814023 -0.250926
v 0.096142 0.814790 -0.250542
v 0.096225 0.807222 -0.253584
v 0.165960 0.888265 -0.159511
v 0.182161 0.877023 -0.164791
v 0.165263 0.887753 -0.160585
v 0.149767 0.899500 -0.154235
v 0.166175 0.888248 -0.158869
v 0.182405 0.877031 -0.164108
v 0.181392 0.876452 -0.165964
v 0.149143 0.899049 -0.155209
v 0.149952 0.899459 -0.153633
v 0.132859 0.867929 -0.193355
v 0.145745 0.854651 -0.202023
v 0.132420 0.867502 -0.193396
v 0.119979 0.881200 -0.184691
v 0.133855 0.868466 -0.192684
v 0.146839 0.855234 -0.201278
v 0.145271 0.854208 -0.202092
v 0.119576 0.880790 -0.184704
v 0.120878 0.881692 -0.184095
v 0.099373 0.902322 -0.170770
v 0.102715 0.898989 -0.173078
v 0.099033 0.901944 -0.170747
v 0.098121 0.903280 -0.169750
v 0.100115 0.902740 -0.170292
v 0.103484 0.899421 -0.172583
v 0.102360 0.898601 -0.173054
v 0.097801 0.902918 -0.169747
v 0.098848 0.903689 -0.169271
v 0.118596 0.913161 -0.152949
v 0.116010 0.911270 -0.156096
v 0.117101 0.913981 -0.152142
v 0.120739 0.914851 -0.150137
v 0.114547 0.912113 -0.155250
v 0.119218 0.915649 -0.149365
v 0.123866 0.917369 -0.145727
v 0.128062 0.914561 -0.147162
v 0.123356 0.917012 -0.146539
v 0.122309 0.918140 -0.145019
v 0.124008 0.917293 -0.145201
v 0.128208 0.914487 -0.146615
v 0.127535 0.914190 -0.148003
v 0.121802 0.917784 -0.145812
v 0.122461 0.918073 -0.144524
v 0.106665 0.905840 -0.165133
v 0.103784 0.904445 -0.167456
v 0.105317 0.906750 -0.164176
v 0.109857 0.907495 -0.162380
v 0.102472 0.905372 -0.166470
v 0.108470 0.908384 -0.161456
v 0.097566 0.902076 -0.168438
v 0.097301 0.901831 -0.168562
v 0.166491 0.828890 -0.214672
v 0.166783 0.829954 -0.215576
v 0.121585 0.915964 -0.142425
v 0.121719 0.916915 -0.143743
v 0.121927 0.916966 -0.143373
v 0.097380 0.901681 -0.168681
v 0.209305 0.855540 -0.170514
v 0.208122 0.857726 -0.171044
v 0.209582 0.856561 -0.171470
v 0.209408 0.855267 -0.170773
v 0.209675 0.856314 -0.171704
v 0.123669 0.916011 -0.143875
v 0.121836 0.915907 -0.142376
v 0.122154 0.916914 -0.143329
v 0.178798 0.839202 -0.206194
v 0.180026 0.837733 -0.206702
v 0.173889 0.836824 -0.210151
v 0.184236 0.842021 -0.201502
v 0.185504 0.840573 -0.201976
v 0.175080 0.835338 -0.210689
v 0.208120 0.858907 -0.173183
v 0.209562 0.857595 -0.173454
v 0.207236 0.858237 -0.174514
v 0.203930 0.861918 -0.171884
v 0.208407 0.858963 -0.172444
v 0.209838 0.857677 -0.172736
v 0.208676 0.856911 -0.174785
v 0.203063 0.861267 -0.173192
v 0.204214 0.861959 -0.171147
v 0.199126 0.851676 -0.185434
v 0.200506 0.850300 -0.185787
v 0.194721 0.848454 -0.190796
v 0.202778 0.854554 -0.180644
v 0.204185 0.853200 -0.180961
v 0.196067 0.847054 -0.191189
v 0.166389 0.833270 -0.215850
v 0.167524 0.831769 -0.216435
v 0.165857 0.832812 -0.215966
v 0.163060 0.836811 -0.213671
v 0.167638 0.833921 -0.214983
v 0.168782 0.832412 -0.215558
v 0.166990 0.831344 -0.216562
v 0.162537 0.836345 -0.213777
v 0.164284 0.837453 -0.212824
v 0.166536 0.830092 -0.215522
v 0.180304 0.798543 -0.223963
v 0.178996 0.800046 -0.223039
v 0.179821 0.798347 -0.224455
v 0.180414 0.800757 -0.221809
v 0.178531 0.799832 -0.223531
v 0.183429 0.794436 -0.227098
v 0.219778 0.823340 -0.184225
v 0.213908 0.819376 -0.190822
v 0.233747 0.830898 -0.170115
v 0.234220 0.831285 -0.169637
v 0.231992 0.832129 -0.169642
v 0.239023 0.828098 -0.171076
v 0.232473 0.832493 -0.169175
v 0.230790 0.831251 -0.171059
v 0.193838 0.807641 -0.210352
v 0.200525 0.811276 -0.204301
v 0.181604 0.802866 -0.227850
v 0.181081 0.802536 -0.228221
v 0.180255 0.804234 -0.226805
v 0.179754 0.803899 -0.227187
v 0.181686 0.804987 -0.225612
v 0.221050 0.827570 -0.188028
v 0.215180 0.823606 -0.194625
v 0.226004 0.831072 -0.182199
v 0.235047 0.835221 -0.174003
v 0.233251 0.836318 -0.173409
v 0.235479 0.835474 -0.173404
v 0.232062 0.835480 -0.174862
v 0.233696 0.836559 -0.172831
v 0.195109 0.811871 -0.214155
v 0.189161 0.808774 -0.219308
v 0.201797 0.815506 -0.208105
v 0.179909 0.804155 -0.226288
v 0.179316 0.803601 -0.226444
v 0.179442 0.803828 -0.226719
v 0.220608 0.827440 -0.187575
v 0.214750 0.823484 -0.194158
v 0.332774 0.770376 -0.202609
v 0.233151 0.836198 -0.172194
v 0.232798 0.836175 -0.172999
v 0.233286 0.836429 -0.172462
v 0.194721 0.811774 -0.213647
v 0.201394 0.815401 -0.207610
v 0.330825 0.771874 -0.201797
v 0.332569 0.770686 -0.202354
v 0.330882 0.772152 -0.202088
v 0.332603 0.770957 -0.202620
v 0.254466 0.722963 -0.281518
v 0.178413 0.800405 -0.223642
v 0.276036 0.731084 -0.259819
v 0.285807 0.736335 -0.251080
v 0.331183 0.766726 -0.200538
v 0.331909 0.767498 -0.200020
v 0.331759 0.767255 -0.199772
v 0.232286 0.833320 -0.169605
v 0.331704 0.767807 -0.199766
v 0.331574 0.767534 -0.199542
v 0.178635 0.800418 -0.224098
v 0.178581 0.800130 -0.223860
v 0.313698 0.753875 -0.221889
v 0.305238 0.748093 -0.231511
v 0.254250 0.720153 -0.278049
v 0.253600 0.720084 -0.278929
v 0.253483 0.719862 -0.278647
v 0.253903 0.720067 -0.277539
v 0.255999 0.721082 -0.275792
v 0.253170 0.719784 -0.278187
v 0.313263 0.753743 -0.221435
v 0.320370 0.758854 -0.212928
v 0.304814 0.747969 -0.231045
v 0.329599 0.768222 -0.198804
v 0.330740 0.766583 -0.200125
v 0.331358 0.767124 -0.199400
v 0.329043 0.765295 -0.202209
v 0.275649 0.730981 -0.259316
v 0.285408 0.736225 -0.250589
v 0.266948 0.726525 -0.266733
v 0.253850 0.725752 -0.280390
v 0.255163 0.724256 -0.281306
v 0.253092 0.725326 -0.280933
v 0.250224 0.729659 -0.277761
v 0.257271 0.725312 -0.279595
v 0.254393 0.723851 -0.281843
v 0.249480 0.729230 -0.278298
v 0.314535 0.757973 -0.225238
v 0.306086 0.752198 -0.234848
v 0.330255 0.772006 -0.203410
v 0.331999 0.770771 -0.203891
v 0.325466 0.775209 -0.201953
v 0.330858 0.772411 -0.202570
v 0.332581 0.771191 -0.203056
v 0.330315 0.769525 -0.206012
v 0.326068 0.775602 -0.201122
v 0.276921 0.735211 -0.263119
v 0.286679 0.740455 -0.254392
v 0.254150 0.723195 -0.281392
v 0.254227 0.723494 -0.281611
v 0.253284 0.720317 -0.278803
v 0.253197 0.720072 -0.278533
v 0.216419 0.759957 -0.250220
v 0.202565 0.774735 -0.240155
v 0.215818 0.759714 -0.250801
v 0.230273 0.745179 -0.260285
v 0.202007 0.774513 -0.240701
v 0.229629 0.744916 -0.260900
v 0.281355 0.799268 -0.184795
v 0.281915 0.799735 -0.184195
v 0.263110 0.811389 -0.179152
v 0.299598 0.787148 -0.190438
v 0.300194 0.787642 -0.189792
v 0.263636 0.811828 -0.178598
v 0.217732 0.764324 -0.254148
v 0.231586 0.749547 -0.264212
v 0.217090 0.763944 -0.254604
v 0.203878 0.779103 -0.244082
v 0.230900 0.749146 -0.264703
v 0.203279 0.778743 -0.244504
v 0.282668 0.803636 -0.188722
v 0.300911 0.791516 -0.194365
v 0.264424 0.815757 -0.183080
v 0.283187 0.803965 -0.187999
v 0.301466 0.791872 -0.193596
v 0.264907 0.816058 -0.182402
v 0.235388 0.834910 -0.172686
v 0.235465 0.835185 -0.172971
v 0.233590 0.836053 -0.172171
v 0.233682 0.836298 -0.172441
v 0.232724 0.833175 -0.169582
v 0.232653 0.832875 -0.169363
v 0.101717 0.773845 -0.265066
v 0.100996 0.775525 -0.263848
v 0.101088 0.773747 -0.265397
v 0.102804 0.775955 -0.263086
v 0.100383 0.775406 -0.264183
v 0.103086 0.769347 -0.268854
v 0.154409 0.790604 -0.238707
v 0.146333 0.787856 -0.243279
v 0.172863 0.795334 -0.229304
v 0.173510 0.795624 -0.228988
v 0.171548 0.796833 -0.228385
v 0.177099 0.791704 -0.231645
v 0.172196 0.797098 -0.228081
v 0.169864 0.796206 -0.229383
v 0.119879 0.780179 -0.256056
v 0.128518 0.782478 -0.252230
v 0.102580 0.777980 -0.269267
v 0.101925 0.777753 -0.269468
v 0.101833 0.779531 -0.267919
v 0.101195 0.779295 -0.268135
v 0.103648 0.780000 -0.267197
v 0.155254 0.794649 -0.242817
v 0.147178 0.791901 -0.247390
v 0.162170 0.797116 -0.238711
v 0.173726 0.799468 -0.233505
v 0.172384 0.800839 -0.232456
v 0.174346 0.799630 -0.233059
v 0.170709 0.800251 -0.233493
v 0.173008 0.800987 -0.232033
v 0.120724 0.784224 -0.260167
v 0.113128 0.782309 -0.263354
v 0.129362 0.786523 -0.256341
v 0.101639 0.779499 -0.267323
v 0.100941 0.779058 -0.267291
v 0.101021 0.779266 -0.267597
v 0.154942 0.794585 -0.242255
v 0.146883 0.791843 -0.246818
v 0.246936 0.719715 -0.286923
v 0.172613 0.800708 -0.231259
v 0.172048 0.800765 -0.231931
v 0.172703 0.800919 -0.231560
v 0.120484 0.784182 -0.259568
v 0.129105 0.786476 -0.255750
v 0.245578 0.721501 -0.285631
v 0.246867 0.720049 -0.286629
v 0.245597 0.721772 -0.285934
v 0.246869 0.720317 -0.286900
v 0.100337 0.775993 -0.264271
v 0.170553 0.692033 -0.324810
v 0.183135 0.695334 -0.319316
v 0.245398 0.716338 -0.284398
v 0.246361 0.716962 -0.284126
v 0.246248 0.716742 -0.283839
v 0.172038 0.797955 -0.228462
v 0.246292 0.717296 -0.283831
v 0.246186 0.717043 -0.283574
v 0.100421 0.775979 -0.264771
v 0.100387 0.775699 -0.264521
v 0.220684 0.707167 -0.299623
v 0.209000 0.703142 -0.306322
v 0.142983 0.685407 -0.335876
v 0.142109 0.685471 -0.336535
v 0.142040 0.685265 -0.336226
v 0.142784 0.685369 -0.335287
v 0.145428 0.685970 -0.334227
v 0.141862 0.685230 -0.335694
v 0.220379 0.707100 -0.299062
v 0.230358 0.710721 -0.293035
v 0.208710 0.703080 -0.305752
v 0.244646 0.718037 -0.282325
v 0.245072 0.716261 -0.283873
v 0.245953 0.716672 -0.283366
v 0.242664 0.715332 -0.285361
v 0.170312 0.691985 -0.324216
v 0.182878 0.695282 -0.318729
v 0.159247 0.689253 -0.328764
v 0.142894 0.691049 -0.338146
v 0.143621 0.689375 -0.339358
v 0.141953 0.690770 -0.338442
v 0.140874 0.695448 -0.334698
v 0.146273 0.690015 -0.338338
v 0.142674 0.689119 -0.339646
v 0.139947 0.695165 -0.334992
v 0.221224 0.711145 -0.303173
v 0.209555 0.707125 -0.309862
v 0.244608 0.721768 -0.287021
v 0.245909 0.720267 -0.287944
v 0.241040 0.725699 -0.284351
v 0.245482 0.722043 -0.286396
v 0.246765 0.720561 -0.287318
v 0.243508 0.719377 -0.289472
v 0.241909 0.725964 -0.283734
v 0.171157 0.696030 -0.328327
v 0.183723 0.699327 -0.322840
v 0.142460 0.688504 -0.339128
v 0.142522 0.688791 -0.339368
v 0.141885 0.685751 -0.336331
v 0.141838 0.685517 -0.336042
v 0.121864 0.730352 -0.299491
v 0.114129 0.747013 -0.286291
v 0.121092 0.730229 -0.299872
v 0.129600 0.713692 -0.312689
v 0.113411 0.746903 -0.286652
v 0.128773 0.713557 -0.313090
v 0.208310 0.756461 -0.256039
v 0.209088 0.756810 -0.255633
v 0.194730 0.771357 -0.245777
v 0.221888 0.741565 -0.266301
v 0.222717 0.741935 -0.265862
v 0.195457 0.771687 -0.245405
v 0.122736 0.734529 -0.303735
v 0.130472 0.717869 -0.316934
v 0.121936 0.734275 -0.303982
v 0.115002 0.751190 -0.290536
v 0.129618 0.717602 -0.317201
v 0.114255 0.750948 -0.290763
v 0.209182 0.760638 -0.260283
v 0.222761 0.745742 -0.270545
v 0.195603 0.775534 -0.250022
v 0.209932 0.760856 -0.259744
v 0.223561 0.745980 -0.269973
v 0.196302 0.775732 -0.249515
v 0.174367 0.799072 -0.232330
v 0.174406 0.799337 -0.232633
v 0.173009 0.800490 -0.231357
v 0.173061 0.800722 -0.231649
v 0.172434 0.797737 -0.228560
v 0.172377 0.797449 -0.228322
v 0.014157 0.763913 -0.281597
v 0.014087 0.765659 -0.280267
v 0.013454 0.763927 -0.281740
v 0.016079 0.765767 -0.280042
v 0.013394 0.765651 -0.280418
v 0.013668 0.759339 -0.285509
v 0.074082 0.771112 -0.271146
v 0.064721 0.769845 -0.273255
v 0.094928 0.772506 -0.267294
v 0.095676 0.772678 -0.267176
v 0.094183 0.774181 -0.266084
v 0.097697 0.768283 -0.270625
v 0.094924 0.774328 -0.265977
v 0.092210 0.773864 -0.266566
v 0.034884 0.766946 -0.278080
v 0.044497 0.767695 -0.276833
v 0.014502 0.767944 -0.285969
v 0.013789 0.767834 -0.285976
v 0.014422 0.769566 -0.284503
v 0.013719 0.769443 -0.284531
v 0.016417 0.769712 -0.284320
v 0.074420 0.775057 -0.275423
v 0.065060 0.773790 -0.277533
v 0.082508 0.776251 -0.273437
v 0.095274 0.776538 -0.271666
v 0.094518 0.778088 -0.270321
v 0.096010 0.776585 -0.271412
v 0.092548 0.777809 -0.270844
v 0.095249 0.778120 -0.270089
v 0.035222 0.770890 -0.282358
v 0.026834 0.770332 -0.283288
v 0.044836 0.771640 -0.281111
v 0.014396 0.769553 -0.283877
v 0.013671 0.769232 -0.283644
v 0.013697 0.769431 -0.283964
v 0.074269 0.775032 -0.274795
v 0.064928 0.773767 -0.276901
v 0.136738 0.687052 -0.341284
v 0.095042 0.777893 -0.269231
v 0.094331 0.778057 -0.269722
v 0.095079 0.778093 -0.269549
v 0.035152 0.770874 -0.281716
v 0.044746 0.771622 -0.280471
v 0.136103 0.689007 -0.339710
v 0.136809 0.687385 -0.340989
v 0.136083 0.689278 -0.340012
v 0.136782 0.687655 -0.341257
v 0.018380 0.674456 -0.362247
v 0.013424 0.766239 -0.280503
v 0.049399 0.673267 -0.356043
v 0.063373 0.674314 -0.354300
v 0.135419 0.683917 -0.338355
v 0.136508 0.684367 -0.338372
v 0.136444 0.684162 -0.338061
v 0.094812 0.775208 -0.266319
v 0.136579 0.684701 -0.338078
v 0.136508 0.684463 -0.337796
v 0.013363 0.766224 -0.281006
v 0.013354 0.765947 -0.280750
v 0.106308 0.679315 -0.345977
v 0.092734 0.677434 -0.349107
v 0.019149 0.671548 -0.358941
v 0.018150 0.671771 -0.359336
v 0.018136 0.671572 -0.359015
v 0.019116 0.671529 -0.358320
v 0.022011 0.671661 -0.358042
v 0.018107 0.671555 -0.358454
v 0.106162 0.679286 -0.345352
v 0.117869 0.681066 -0.342388
v 0.092606 0.677407 -0.348478
v 0.135557 0.685669 -0.336195
v 0.135242 0.683883 -0.337759
v 0.136283 0.684131 -0.337523
v 0.132397 0.683400 -0.338505
v 0.049326 0.673245 -0.355405
v 0.063282 0.674291 -0.353665
v 0.037144 0.672486 -0.356669
v 0.019372 0.677178 -0.361230
v 0.019451 0.675436 -0.362556
v 0.018353 0.677066 -0.361250
v 0.019135 0.681769 -0.357463
v 0.022349 0.675605 -0.362320
v 0.018432 0.675347 -0.362566
v 0.018129 0.681650 -0.357485
v 0.106501 0.683231 -0.349630
v 0.092944 0.681352 -0.352756
v 0.134846 0.689463 -0.340785
v 0.135577 0.687790 -0.341995
v 0.132851 0.693867 -0.337329
v 0.135892 0.689575 -0.340431
v 0.136608 0.687924 -0.341636
v 0.132735 0.687344 -0.342783
v 0.133887 0.693970 -0.336981
v 0.049664 0.677190 -0.359683
v 0.063620 0.678236 -0.357942
v 0.018271 0.674763 -0.361996
v 0.018311 0.675042 -0.362249
v 0.018041 0.672079 -0.359085
v 0.018037 0.671850 -0.358788
v 0.016582 0.718504 -0.319210
v 0.015640 0.735901 -0.304785
v 0.015725 0.718519 -0.319361
v 0.017525 0.701107 -0.333634
v 0.014842 0.735919 -0.304932
v 0.016609 0.701120 -0.333790
v 0.114723 0.728945 -0.301833
v 0.115629 0.729152 -0.301665
v 0.107146 0.745637 -0.288583
v 0.122299 0.712253 -0.315083
v 0.123265 0.712471 -0.314898
v 0.107991 0.745833 -0.288432
v 0.016931 0.722577 -0.323627
v 0.017874 0.705180 -0.338051
v 0.016063 0.722464 -0.323639
v 0.015989 0.739974 -0.309202
v 0.016947 0.705064 -0.338067
v 0.015180 0.739864 -0.309209
v 0.115072 0.733018 -0.306250
v 0.122648 0.716327 -0.319500
v 0.107495 0.749710 -0.293000
v 0.115967 0.733096 -0.305943
v 0.123603 0.716416 -0.319176
v 0.108329 0.749778 -0.292710
v 0.096138 0.776014 -0.270705
v 0.096136 0.776276 -0.271012
v 0.095354 0.777615 -0.269429
v 0.095361 0.777842 -0.269728
v 0.095124 0.774930 -0.266517
v 0.095088 0.774649 -0.266267
v -0.074241 0.768873 -0.273342
v -0.073658 0.770576 -0.272084
v -0.074943 0.769005 -0.273288
v -0.071690 0.770350 -0.272414
v -0.074357 0.770685 -0.272040
v -0.076521 0.764532 -0.276867
v -0.013400 0.765908 -0.279806
v -0.023058 0.766242 -0.279252
v 0.007641 0.763777 -0.281822
v 0.008410 0.763821 -0.281916
v 0.007539 0.765523 -0.280493
v 0.008664 0.759235 -0.285683
v 0.008295 0.765544 -0.280596
v 0.005486 0.765545 -0.280411
v -0.053135 0.768385 -0.275685
v -0.043558 0.767519 -0.277126
v -0.074445 0.772892 -0.277734
v -0.075141 0.772900 -0.277544
v -0.073856 0.774471 -0.276340
v -0.074549 0.774466 -0.276171
v -0.071890 0.774283 -0.276711
v -0.013600 0.769842 -0.284104
v -0.023257 0.770175 -0.283549
v -0.005195 0.769647 -0.284427
v 0.007436 0.767797 -0.286214
v 0.007341 0.769418 -0.284749
v 0.008212 0.767717 -0.286171
v 0.005286 0.769479 -0.284708
v 0.008103 0.769325 -0.284727
v -0.053335 0.772318 -0.279982
v -0.061632 0.773164 -0.278575
v -0.043758 0.771452 -0.281423
v -0.073711 0.774448 -0.275730
v -0.074388 0.774245 -0.275301
v -0.074417 0.774445 -0.275621
v -0.013576 0.769827 -0.283458
v -0.023213 0.770160 -0.282904
v 0.013079 0.674346 -0.362429
v 0.008103 0.769115 -0.283839
v 0.007323 0.769405 -0.284122
v 0.008085 0.769314 -0.284160
v -0.053228 0.772298 -0.279345
v -0.043671 0.771435 -0.280782
v 0.013227 0.676342 -0.360787
v 0.013281 0.674657 -0.362173
v 0.013169 0.676620 -0.361078
v 0.013226 0.674934 -0.362429
v -0.106908 0.681809 -0.350009
v -0.074256 0.771262 -0.272144
v -0.076005 0.675409 -0.352477
v -0.062111 0.674111 -0.354638
v 0.012113 0.671404 -0.359180
v 0.013215 0.671670 -0.359505
v 0.013206 0.671471 -0.359183
v 0.008239 0.766438 -0.280914
v 0.013417 0.671980 -0.359249
v 0.013388 0.671751 -0.358952
v -0.074453 0.771269 -0.272611
v -0.074437 0.770991 -0.272355
v -0.018318 0.671813 -0.358462
v -0.032348 0.672255 -0.357726
v -0.105754 0.678740 -0.346972
v -0.106772 0.679133 -0.347084
v -0.106731 0.678931 -0.346767
v -0.105618 0.678713 -0.346365
v -0.102777 0.678361 -0.346891
v -0.106607 0.678906 -0.346219
v -0.018290 0.671794 -0.357821
v -0.006091 0.671562 -0.358206
v -0.032302 0.672235 -0.357086
v 0.013121 0.673059 -0.357181
v 0.012102 0.671386 -0.358558
v 0.013195 0.671454 -0.358621
v 0.009123 0.671393 -0.358488
v -0.075903 0.675385 -0.351843
v -0.062027 0.674089 -0.354002
v -0.087921 0.676663 -0.349718
v -0.105244 0.684309 -0.349364
v -0.105817 0.682608 -0.350620
v -0.106233 0.684366 -0.349102
v -0.103689 0.688788 -0.345781
v -0.102977 0.682294 -0.351188
v -0.106799 0.682687 -0.350350
v -0.104667 0.688836 -0.345525
v -0.018490 0.675727 -0.362118
v -0.032502 0.676168 -0.361383
v 0.011816 0.677023 -0.361489
v 0.011904 0.675281 -0.362814
v 0.011590 0.681614 -0.357721
v 0.012923 0.676954 -0.361436
v 0.013002 0.675236 -0.362752
v 0.008923 0.675326 -0.362786
v 0.012684 0.681537 -0.357672
v -0.076103 0.679318 -0.356141
v -0.062227 0.678022 -0.358299
v -0.106893 0.682125 -0.349744
v -0.106878 0.682399 -0.350005
v -0.106757 0.679448 -0.346819
v -0.106717 0.679216 -0.346528
v -0.089649 0.724556 -0.309137
v -0.083753 0.741537 -0.295406
v -0.090500 0.724715 -0.309049
v -0.095543 0.707576 -0.322868
v -0.084547 0.741689 -0.295330
v -0.096451 0.707742 -0.322767
v 0.009841 0.718365 -0.319441
v 0.010779 0.718416 -0.319532
v 0.009009 0.735764 -0.305013
v 0.010671 0.700966 -0.333869
v 0.011673 0.701018 -0.333959
v 0.009884 0.735816 -0.305104
v -0.089855 0.728617 -0.313574
v -0.095749 0.711637 -0.327305
v -0.090699 0.728648 -0.313346
v -0.083960 0.745598 -0.299843
v -0.096651 0.711675 -0.327065
v -0.084747 0.745622 -0.299627
v 0.009634 0.722426 -0.323878
v 0.010464 0.705027 -0.338306
v 0.008803 0.739825 -0.309450
v 0.010579 0.722350 -0.323829
v 0.011473 0.704951 -0.338256
v 0.009684 0.739749 -0.309401
v 0.008432 0.767117 -0.285512
v 0.008389 0.767383 -0.285813
v 0.008299 0.768794 -0.284108
v 0.008262 0.769024 -0.284404
v 0.008435 0.766118 -0.281184
v 0.008424 0.765841 -0.280926
v -0.153920 0.787884 -0.241702
v -0.152754 0.789441 -0.240688
v -0.154517 0.788122 -0.241473
v -0.151107 0.788922 -0.241505
v -0.153355 0.789655 -0.240468
v -0.157697 0.784047 -0.244389
v -0.101273 0.775705 -0.263503
v -0.109785 0.777514 -0.260491
v -0.083190 0.770398 -0.270804
v -0.082515 0.770325 -0.271093
v -0.082616 0.772101 -0.269546
v -0.084112 0.765858 -0.274660
v -0.081959 0.772007 -0.269839
v -0.084444 0.772439 -0.268938
v -0.135594 0.784194 -0.249374
v -0.127492 0.781894 -0.253202
v -0.154658 0.791984 -0.245961
v -0.155232 0.792095 -0.245599
v -0.153469 0.793414 -0.244814
v -0.154049 0.793512 -0.244474
v -0.151829 0.792934 -0.245672
v -0.101995 0.779716 -0.267669
v -0.110507 0.781526 -0.264658
v -0.094527 0.778232 -0.270140
v -0.083929 0.774498 -0.275062
v -0.083331 0.776074 -0.273672
v -0.083230 0.774297 -0.275219
v -0.085167 0.776450 -0.273105
v -0.082653 0.775864 -0.273845
v -0.136316 0.788205 -0.253541
v -0.143273 0.790288 -0.250075
v -0.128214 0.785906 -0.257368
v -0.153171 0.793353 -0.244266
v -0.153697 0.793248 -0.243675
v -0.153780 0.793457 -0.243979
v -0.101795 0.779683 -0.267056
v -0.110289 0.781488 -0.264050
v -0.115904 0.683423 -0.347323
v -0.082440 0.775635 -0.272988
v -0.083175 0.776049 -0.273066
v -0.082513 0.775841 -0.273297
v -0.136044 0.788154 -0.252957
v -0.127960 0.785859 -0.256776
v -0.114974 0.685326 -0.345835
v -0.115597 0.683692 -0.347137
v -0.115061 0.685616 -0.346107
v -0.115672 0.683979 -0.347375
v -0.153195 0.790211 -0.240607
v -0.193404 0.698015 -0.314855
v -0.181678 0.694638 -0.320475
v -0.203462 0.701085 -0.309745
v -0.116361 0.680594 -0.343886
v -0.115412 0.680693 -0.344487
v -0.115364 0.680491 -0.344172
v -0.119040 0.681061 -0.343070
v -0.081948 0.772905 -0.270153
v -0.115106 0.680961 -0.344301
v -0.115087 0.680733 -0.344004
v -0.153503 0.790259 -0.241005
v -0.153464 0.789977 -0.240757
v -0.143579 0.685689 -0.335368
v -0.132693 0.683580 -0.338879
v -0.155971 0.688279 -0.331059
v -0.218174 0.705766 -0.301993
v -0.219059 0.706313 -0.301848
v -0.215820 0.704994 -0.303240
v -0.218967 0.706100 -0.301550
v -0.216707 0.707132 -0.300297
v -0.217886 0.705703 -0.301445
v -0.215526 0.704930 -0.302673
v -0.218706 0.706044 -0.301055
v -0.143377 0.685650 -0.334760
v -0.132505 0.683544 -0.338266
v -0.155754 0.688236 -0.330456
v -0.115592 0.682133 -0.341903
v -0.114612 0.682020 -0.342268
v -0.116200 0.680563 -0.343286
v -0.115219 0.680462 -0.343629
v -0.118870 0.681028 -0.342452
v -0.193139 0.697960 -0.314273
v -0.181428 0.694587 -0.319886
v -0.203184 0.701026 -0.309170
v -0.217446 0.711232 -0.304555
v -0.218601 0.709676 -0.305571
v -0.218256 0.711435 -0.304050
v -0.214284 0.715317 -0.301630
v -0.216248 0.708941 -0.306839
v -0.219400 0.709900 -0.305061
v -0.215088 0.715509 -0.301133
v -0.144099 0.689662 -0.338926
v -0.133228 0.687555 -0.342432
v -0.156476 0.692248 -0.334622
v -0.116330 0.686233 -0.346161
v -0.116915 0.684535 -0.347412
v -0.114707 0.690698 -0.342602
v -0.115328 0.685992 -0.346394
v -0.115914 0.684319 -0.347635
v -0.119592 0.685040 -0.346618
v -0.113718 0.690452 -0.342835
v -0.193861 0.701971 -0.318440
v -0.182150 0.698599 -0.324052
v -0.203906 0.705038 -0.313336
v -0.219409 0.709346 -0.304441
v -0.219423 0.709620 -0.304702
v -0.218918 0.706616 -0.301606
v -0.218839 0.706374 -0.301331
v -0.185320 0.747485 -0.270977
v -0.173292 0.762965 -0.259743
v -0.186037 0.747771 -0.270678
v -0.197347 0.732004 -0.282212
v -0.173962 0.763236 -0.259469
v -0.198111 0.732306 -0.281886
v -0.099382 0.726238 -0.306338
v -0.098551 0.726146 -0.306668
v -0.093164 0.743155 -0.292712
v -0.105600 0.709321 -0.319963
v -0.104712 0.709220 -0.320309
v -0.092390 0.743073 -0.293026
v -0.186066 0.751627 -0.275280
v -0.198093 0.736147 -0.286515
v -0.186759 0.751783 -0.274844
v -0.174037 0.767108 -0.264045
v -0.198833 0.736318 -0.286053
v -0.174684 0.767248 -0.263635
v -0.100127 0.730380 -0.310640
v -0.106346 0.713464 -0.324265
v -0.093909 0.747298 -0.297015
v -0.099273 0.730157 -0.310834
v -0.105434 0.713231 -0.324476
v -0.093113 0.747085 -0.297192
v -0.082947 0.773656 -0.274629
v -0.083026 0.773932 -0.274913
v -0.082392 0.775295 -0.273289
v -0.082470 0.775534 -0.273569
v -0.081900 0.772565 -0.270454
v -0.081885 0.772288 -0.270197
v -0.217019 0.818153 -0.191325
v -0.215396 0.819482 -0.190690
v -0.217470 0.818472 -0.190962
v -0.214181 0.818745 -0.191871
v -0.215857 0.819778 -0.190335
v -0.221911 0.815020 -0.192841
v -0.176263 0.798808 -0.225052
v -0.183022 0.801792 -0.220086
v -0.162401 0.791053 -0.236428
v -0.161866 0.790886 -0.236872
v -0.161234 0.792608 -0.235416
v -0.165085 0.786828 -0.239760
v -0.160721 0.792424 -0.235859
v -0.162705 0.793200 -0.234386
v -0.202764 0.811962 -0.203160
v -0.196694 0.808579 -0.208790
v -0.218203 0.822413 -0.195318
v -0.218617 0.822599 -0.194832
v -0.216542 0.823610 -0.194559
v -0.216970 0.823785 -0.194091
v -0.215339 0.822913 -0.195778
v -0.177422 0.802975 -0.228960
v -0.184180 0.805960 -0.223993
v -0.171426 0.800454 -0.233156
v -0.163584 0.795312 -0.240422
v -0.162381 0.796735 -0.239286
v -0.163013 0.795013 -0.240742
v -0.163863 0.797368 -0.238293
v -0.161834 0.796431 -0.239616
v -0.203922 0.816130 -0.207067
v -0.209066 0.819136 -0.202063
v -0.197853 0.812747 -0.212698
v -0.216124 0.823491 -0.194109
v -0.216465 0.823451 -0.193409
v -0.216591 0.823677 -0.193685
v -0.177071 0.802896 -0.228423
v -0.183815 0.805874 -0.223466
v -0.228541 0.712455 -0.299006
v -0.161436 0.796151 -0.238844
v -0.162071 0.796671 -0.238745
v -0.161556 0.796373 -0.239126
v -0.203516 0.816023 -0.206576
v -0.197459 0.812647 -0.212195
v -0.226947 0.714148 -0.297869
v -0.228160 0.712668 -0.298913
v -0.227055 0.714453 -0.298114
v -0.228247 0.712968 -0.299129
v -0.288990 0.737640 -0.248909
v -0.280235 0.732698 -0.257133
v -0.296389 0.742042 -0.241582
v -0.228483 0.709648 -0.295532
v -0.227753 0.709619 -0.296347
v -0.227654 0.709404 -0.296052
v -0.160648 0.793314 -0.236185
v -0.227372 0.709831 -0.296254
v -0.227310 0.709596 -0.295968
v -0.215985 0.820119 -0.190592
v -0.250518 0.718541 -0.280693
v -0.241746 0.714917 -0.286725
v -0.260387 0.722844 -0.273532
v -0.307103 0.748661 -0.230605
v -0.307793 0.749329 -0.230259
v -0.307660 0.749097 -0.229991
v -0.305043 0.749738 -0.229389
v -0.306694 0.748541 -0.230151
v -0.304975 0.747456 -0.231897
v -0.307290 0.748989 -0.229582
v -0.250169 0.718456 -0.280161
v -0.241407 0.714837 -0.286185
v -0.260025 0.722753 -0.273010
v -0.226961 0.710993 -0.293871
v -0.226172 0.710744 -0.294463
v -0.228171 0.709577 -0.294998
v -0.227374 0.709340 -0.295570
v -0.230340 0.710416 -0.293543
v -0.288591 0.737530 -0.248417
v -0.279848 0.732594 -0.256631
v -0.295981 0.741927 -0.241100
v -0.306227 0.753997 -0.233382
v -0.307841 0.752668 -0.234021
v -0.306805 0.754306 -0.232701
v -0.301798 0.757462 -0.231490
v -0.306133 0.751624 -0.235804
v -0.308403 0.752995 -0.233339
v -0.302374 0.757759 -0.230818
v -0.251327 0.722624 -0.284068
v -0.242565 0.719004 -0.290092
v -0.261183 0.726921 -0.276917
v -0.228145 0.715253 -0.297864
v -0.229318 0.713704 -0.298867
v -0.224904 0.719306 -0.294990
v -0.227319 0.714871 -0.298332
v -0.228487 0.713346 -0.299326
v -0.231498 0.714583 -0.297450
v -0.224092 0.718921 -0.295455
v -0.289749 0.741697 -0.252324
v -0.281006 0.736762 -0.260539
v -0.297139 0.746094 -0.245007
v -0.308332 0.752434 -0.232730
v -0.308372 0.752713 -0.232983
v -0.307544 0.749598 -0.230071
v -0.307435 0.749341 -0.229821
v -0.261035 0.783923 -0.210334
v -0.244168 0.797040 -0.203033
v -0.261569 0.784305 -0.209875
v -0.277901 0.770806 -0.217635
v -0.244668 0.797400 -0.202610
v -0.278469 0.771210 -0.217139
v -0.194672 0.750994 -0.265137
v -0.194008 0.750787 -0.265658
v -0.182291 0.766338 -0.254130
v -0.207053 0.735652 -0.276142
v -0.206342 0.735427 -0.276693
v -0.181675 0.766148 -0.254622
v -0.262231 0.788226 -0.214368
v -0.279097 0.775110 -0.221669
v -0.262727 0.788473 -0.213782
v -0.245363 0.801343 -0.207067
v -0.279627 0.775378 -0.221046
v -0.245826 0.801568 -0.206517
v -0.195868 0.755297 -0.269171
v -0.208249 0.739955 -0.280176
v -0.183487 0.770641 -0.258165
v -0.195166 0.754954 -0.269565
v -0.207500 0.739594 -0.280600
v -0.182833 0.770316 -0.258529
v -0.162694 0.794324 -0.240232
v -0.162800 0.794615 -0.240491
v -0.161532 0.795817 -0.239135
v -0.161643 0.796071 -0.239389
v -0.160744 0.792981 -0.236476
v -0.160705 0.792699 -0.236227
v -0.260273 0.858041 -0.124941
v -0.258338 0.859071 -0.124804
v -0.260584 0.858445 -0.124436
v -0.257533 0.858104 -0.126368
v -0.258664 0.859454 -0.124304
v -0.265885 0.855812 -0.124952
v -0.231062 0.830990 -0.171493
v -0.236088 0.835250 -0.164402
v -0.221272 0.820612 -0.187233
v -0.220876 0.820345 -0.187845
v -0.219663 0.821955 -0.186576
v -0.225305 0.816874 -0.189755
v -0.219291 0.821674 -0.187180
v -0.220777 0.822824 -0.185083
v -0.249983 0.849155 -0.141260
v -0.245849 0.844623 -0.148804
v -0.261777 0.862518 -0.128572
v -0.262041 0.862783 -0.127955
v -0.259795 0.863409 -0.128323
v -0.260078 0.863665 -0.127720
v -0.259004 0.862484 -0.129921
v -0.232533 0.835370 -0.175046
v -0.237559 0.839631 -0.167955
v -0.228008 0.831717 -0.181126
v -0.222775 0.825089 -0.190865
v -0.221119 0.826293 -0.190094
v -0.222333 0.824682 -0.191364
v -0.222248 0.827204 -0.188636
v -0.220705 0.825885 -0.190596
v -0.251454 0.853536 -0.144814
v -0.254882 0.857518 -0.138186
v -0.247320 0.849003 -0.152357
v -0.259294 0.863213 -0.128000
v -0.259468 0.863238 -0.127193
v -0.259625 0.863487 -0.127429
v -0.232072 0.835226 -0.174616
v -0.237087 0.839478 -0.167540
v -0.312345 0.754087 -0.229719
v -0.220171 0.825532 -0.189946
v -0.220696 0.826171 -0.189648
v -0.220323 0.825776 -0.190191
v -0.250954 0.853354 -0.144446
v -0.246829 0.848830 -0.151975
v -0.310268 0.755488 -0.229068
v -0.311918 0.754229 -0.229743
v -0.310388 0.755813 -0.229280
v -0.312013 0.754546 -0.229932
v -0.258435 0.859943 -0.124554
v -0.356156 0.790696 -0.160607
v -0.350227 0.784096 -0.171593
v -0.311862 0.751274 -0.226255
v -0.311344 0.751106 -0.227301
v -0.311208 0.750873 -0.227036
v -0.219170 0.822551 -0.187528
v -0.310917 0.751248 -0.227324
v -0.310822 0.751002 -0.227057
v -0.258873 0.860119 -0.124738
v -0.258802 0.859819 -0.124522
v -0.328689 0.764323 -0.204500
v -0.336056 0.770489 -0.194239
v -0.368002 0.805153 -0.136585
v -0.368501 0.805952 -0.136022
v -0.368340 0.805696 -0.135795
v -0.367510 0.804958 -0.136257
v -0.366393 0.803547 -0.138546
v -0.367895 0.805519 -0.135500
v -0.328231 0.764174 -0.204075
v -0.321582 0.758901 -0.212850
v -0.335589 0.770332 -0.193826
v -0.309183 0.751943 -0.225897
v -0.311439 0.751146 -0.225816
v -0.310827 0.750758 -0.226638
v -0.313102 0.752393 -0.223680
v -0.355663 0.790513 -0.160238
v -0.349742 0.783921 -0.171209
v -0.360546 0.796311 -0.150589
v -0.367040 0.810328 -0.139633
v -0.368967 0.809296 -0.139776
v -0.367401 0.810746 -0.138769
v -0.361746 0.812976 -0.139099
v -0.367864 0.807928 -0.142099
v -0.369310 0.809730 -0.138916
v -0.362109 0.813382 -0.138245
v -0.329702 0.768554 -0.207628
v -0.337060 0.774712 -0.197380
v -0.311284 0.756818 -0.228688
v -0.312896 0.755483 -0.229335
v -0.306839 0.760280 -0.226799
v -0.310640 0.756280 -0.229416
v -0.312241 0.754969 -0.230054
v -0.314573 0.756773 -0.227234
v -0.306206 0.759741 -0.227519
v -0.357134 0.794893 -0.163792
v -0.351213 0.788301 -0.174763
v -0.369175 0.809157 -0.138328
v -0.369235 0.809443 -0.138569
v -0.368174 0.806176 -0.135910
v -0.368044 0.805898 -0.135694
v -0.312906 0.831924 -0.130447
v -0.292733 0.841932 -0.128320
v -0.313267 0.832407 -0.129819
v -0.333078 0.821916 -0.132574
v -0.293072 0.842387 -0.127739
v -0.333460 0.822428 -0.131899
v -0.265518 0.786446 -0.206135
v -0.265021 0.786114 -0.206865
v -0.248549 0.799529 -0.198891
v -0.282488 0.773364 -0.213378
v -0.281953 0.773005 -0.214153
v -0.248088 0.799223 -0.199576
v -0.314425 0.836447 -0.134116
v -0.334597 0.826439 -0.136243
v -0.314738 0.836788 -0.133372
v -0.294252 0.846455 -0.131989
v -0.334931 0.826808 -0.135452
v -0.294543 0.846767 -0.131293
v -0.267037 0.790969 -0.209804
v -0.284007 0.777887 -0.217047
v -0.250068 0.804052 -0.202560
v -0.266492 0.790494 -0.210418
v -0.283424 0.777385 -0.217706
v -0.249559 0.803603 -0.203129
v -0.221997 0.823934 -0.190953
v -0.222121 0.824244 -0.191180
v -0.220382 0.825215 -0.190208
v -0.220514 0.825490 -0.190429
v -0.219381 0.822234 -0.187790
v -0.219324 0.821945 -0.187553
v -0.276241 0.903707 -0.048940
v -0.274200 0.904398 -0.049367
v -0.276328 0.904145 -0.048379
v -0.274031 0.903347 -0.051070
v -0.274307 0.904818 -0.048806
v -0.281926 0.902441 -0.047348
v -0.265946 0.873286 -0.101100
v -0.268036 0.878153 -0.092999
v -0.262751 0.861800 -0.118684
v -0.262590 0.861486 -0.119375
v -0.260823 0.862842 -0.118529
v -0.260685 0.862517 -0.119205
v -0.261321 0.863848 -0.116807
v -0.272485 0.893623 -0.067253
v -0.271410 0.888646 -0.075537
v -0.277925 0.908456 -0.052119
v -0.277959 0.908746 -0.051459
v -0.275832 0.908999 -0.052448
v -0.275890 0.909284 -0.051796
v -0.275678 0.907993 -0.054181
v -0.267593 0.877932 -0.104211
v -0.269683 0.882800 -0.096110
v -0.265596 0.873723 -0.111216
v -0.264434 0.866549 -0.121864
v -0.262454 0.867443 -0.121609
v -0.264221 0.866087 -0.122456
v -0.262968 0.868494 -0.119918
v -0.262268 0.866984 -0.122196
v -0.274132 0.898269 -0.070364
v -0.274885 0.902608 -0.063143
v -0.273057 0.893292 -0.078647
v -0.275301 0.908715 -0.052272
v -0.275238 0.908749 -0.051449
v -0.275411 0.909027 -0.051638
v -0.267062 0.877704 -0.103922
v -0.269147 0.882561 -0.095838
v -0.371748 0.812341 -0.132768
v -0.261641 0.866532 -0.121710
v -0.261950 0.867242 -0.121294
v -0.261813 0.866803 -0.121910
v -0.273588 0.897998 -0.070145
v -0.272514 0.893032 -0.078411
v -0.369369 0.813362 -0.132749
v -0.371327 0.812411 -0.132912
v -0.369487 0.813708 -0.132927
v -0.371416 0.812744 -0.133075
v -0.274078 0.905268 -0.049121
v -0.388042 0.854077 -0.055123
v -0.386562 0.846845 -0.067161
v -0.370801 0.809406 -0.129507
v -0.370627 0.809179 -0.130651
v -0.370463 0.808921 -0.130428
v -0.260520 0.863370 -0.119594
v -0.370206 0.809249 -0.130795
v -0.370083 0.808984 -0.130558
v -0.274515 0.905519 -0.049181
v -0.274437 0.905205 -0.048986
v -0.378550 0.824552 -0.104263
v -0.381665 0.831611 -0.092513
v -0.390218 0.869730 -0.029111
v -0.390402 0.870587 -0.028451
v -0.390229 0.870303 -0.028271
v -0.389694 0.869449 -0.028927
v -0.389503 0.867927 -0.031401
v -0.389756 0.870048 -0.028106
v -0.378024 0.824319 -0.103977
v -0.375031 0.818224 -0.114121
v -0.381135 0.831369 -0.092243
v -0.368054 0.809612 -0.129918
v -0.370301 0.809199 -0.129199
v -0.370012 0.808735 -0.130149
v -0.371077 0.810655 -0.126717
v -0.387504 0.853807 -0.054901
v -0.386025 0.846583 -0.066922
v -0.388498 0.860106 -0.044417
v -0.389290 0.874744 -0.032426
v -0.391325 0.874050 -0.032007
v -0.389324 0.875196 -0.031507
v -0.383691 0.876462 -0.033439
v -0.391150 0.872573 -0.034512
v -0.391339 0.874514 -0.031097
v -0.383731 0.876904 -0.032528
v -0.379672 0.828965 -0.107088
v -0.382782 0.836015 -0.095353
v -0.370005 0.814833 -0.132135
v -0.371932 0.813800 -0.132279
v -0.364700 0.817463 -0.131630
v -0.369686 0.814213 -0.132999
v -0.371596 0.813201 -0.133139
v -0.372724 0.815301 -0.129828
v -0.364390 0.816844 -0.132483
v -0.389151 0.858453 -0.058011
v -0.387673 0.851229 -0.070033
v -0.391145 0.873913 -0.030556
v -0.391220 0.874210 -0.030777
v -0.390024 0.870751 -0.028439
v -0.389888 0.870451 -0.028260
v -0.331922 0.886829 -0.039069
v -0.310576 0.893296 -0.042837
v -0.332009 0.887351 -0.038378
v -0.353266 0.880363 -0.035303
v -0.310661 0.893787 -0.042196
v -0.353357 0.880914 -0.034561
v -0.315531 0.835911 -0.123812
v -0.315317 0.835518 -0.124643
v -0.295293 0.845820 -0.121850
v -0.335768 0.826003 -0.125773
v -0.335536 0.825578 -0.126656
v -0.295097 0.845458 -0.122628
v -0.333623 0.891627 -0.042281
v -0.354967 0.885160 -0.038514
v -0.333656 0.891997 -0.041489
v -0.312277 0.898093 -0.046049
v -0.355004 0.885560 -0.037672
v -0.312308 0.898433 -0.045307
v -0.317232 0.840708 -0.127024
v -0.337469 0.830800 -0.128985
v -0.296994 0.850617 -0.125062
v -0.316964 0.840164 -0.127753
v -0.337183 0.830224 -0.129767
v -0.296744 0.850104 -0.125739
v -0.263914 0.865283 -0.122136
v -0.264042 0.865615 -0.122327
v -0.261966 0.866261 -0.121897
v -0.262107 0.866559 -0.122078
v -0.260845 0.863099 -0.119780
v -0.260774 0.862799 -0.119561
v -0.262487 0.950034 0.028161
v -0.260561 0.950383 0.027165
v -0.262340 0.950466 0.028714
v -0.261052 0.949360 0.025508
v -0.260435 0.950801 0.027723
v -0.267631 0.949701 0.031306
v -0.272407 0.919581 -0.024053
v -0.271307 0.924533 -0.015810
v -0.276219 0.908148 -0.041549
v -0.276312 0.907828 -0.042249
v -0.274178 0.908847 -0.041962
v -0.281910 0.906126 -0.041216
v -0.274290 0.908521 -0.042643
v -0.273999 0.909882 -0.040195
v -0.265737 0.939907 0.009775
v -0.267865 0.935020 0.001643
v -0.264170 0.955073 0.025465
v -0.263970 0.955349 0.026101
v -0.262192 0.955265 0.024552
v -0.262018 0.955540 0.025187
v -0.262699 0.954290 0.022870
v -0.274054 0.924511 -0.026691
v -0.272954 0.929463 -0.018449
v -0.274826 0.920196 -0.033873
v -0.277901 0.913187 -0.044245
v -0.275808 0.913729 -0.044575
v -0.277943 0.912710 -0.044862
v -0.275646 0.914811 -0.042833
v -0.275873 0.913260 -0.045179
v -0.267383 0.944836 0.007137
v -0.265353 0.949065 0.014174
v -0.269512 0.939950 -0.000996
v -0.261688 0.954892 0.024579
v -0.261393 0.954896 0.025352
v -0.261563 0.955203 0.025211
v -0.273509 0.924189 -0.026556
v -0.272411 0.929132 -0.018331
v -0.391501 0.878017 -0.023465
v -0.275221 0.912698 -0.044877
v -0.275277 0.913440 -0.044408
v -0.275394 0.912999 -0.045027
v -0.266852 0.944473 0.007201
v -0.268977 0.939597 -0.000914
v -0.389076 0.878623 -0.024136
v -0.391132 0.878019 -0.023723
v -0.389179 0.878988 -0.024282
v -0.391206 0.878365 -0.023863
v -0.260231 0.951214 0.027346
v -0.378245 0.920015 0.054615
v -0.381417 0.912928 0.042820
v -0.390188 0.874887 -0.020529
v -0.390381 0.874662 -0.021670
v -0.390207 0.874374 -0.021496
v -0.274101 0.909343 -0.043082
v -0.390011 0.874664 -0.021927
v -0.389874 0.874376 -0.021728
v -0.260618 0.951536 0.027404
v -0.260543 0.951209 0.027578
v -0.387932 0.890506 0.005503
v -0.386415 0.897703 0.017482
v -0.370419 0.935181 0.079817
v -0.370266 0.936040 0.080481
v -0.370100 0.935727 0.080612
v -0.369920 0.934811 0.079854
v -0.370685 0.933338 0.077462
v -0.369649 0.935392 0.080645
v -0.387394 0.890181 0.005636
v -0.388416 0.883916 -0.004790
v -0.385879 0.897369 0.017600
v -0.387671 0.874639 -0.021695
v -0.389664 0.874592 -0.020368
v -0.389734 0.874108 -0.021349
v -0.389461 0.876097 -0.017804
v -0.377720 0.919652 0.054685
v -0.380887 0.912574 0.042905
v -0.374677 0.925775 0.064875
v -0.369626 0.940046 0.076254
v -0.371550 0.939693 0.077241
v -0.369326 0.940475 0.077136
v -0.364327 0.940825 0.073679
v -0.372331 0.938268 0.074824
v -0.371232 0.940131 0.078108
v -0.364037 0.941245 0.074554
v -0.389041 0.895111 0.002998
v -0.387525 0.902299 0.014961
v -0.389259 0.880165 -0.023404
v -0.391294 0.879474 -0.022980
v -0.383661 0.881856 -0.024463
v -0.389302 0.879522 -0.024308
v -0.391317 0.878847 -0.023885
v -0.391107 0.881027 -0.020442
v -0.383710 0.881214 -0.025354
v -0.379366 0.924582 0.052047
v -0.382533 0.917504 0.040267
v -0.370998 0.939493 0.078588
v -0.371081 0.939804 0.078389
v -0.369877 0.936138 0.080383
v -0.369749 0.935815 0.080524
v -0.315211 0.942498 0.053579
v -0.294995 0.945383 0.043851
v -0.315013 0.943010 0.054255
v -0.335426 0.939613 0.063307
v -0.294814 0.945866 0.044478
v -0.335212 0.940154 0.064030
v -0.331896 0.891605 -0.031121
v -0.331991 0.891202 -0.031969
v -0.310552 0.897931 -0.035123
v -0.353239 0.885280 -0.027118
v -0.353337 0.884844 -0.028021
v -0.310644 0.897560 -0.035916
v -0.316911 0.947589 0.050855
v -0.337126 0.944704 0.060582
v -0.316660 0.947940 0.051616
v -0.296695 0.950473 0.041127
v -0.336858 0.945084 0.061392
v -0.296460 0.950796 0.041840
v -0.333596 0.896696 -0.033845
v -0.354939 0.890371 -0.029842
v -0.312252 0.903021 -0.037847
v -0.333637 0.896132 -0.034607
v -0.354984 0.889774 -0.030659
v -0.312290 0.902490 -0.038555
v -0.277698 0.911859 -0.044622
v -0.277817 0.912212 -0.044777
v -0.275626 0.912490 -0.044959
v -0.275759 0.912811 -0.045101
v -0.274505 0.909135 -0.043164
v -0.274427 0.908822 -0.042966
v -0.220450 0.991363 0.096944
v -0.218847 0.991409 0.095443
v -0.220085 0.991751 0.097423
v -0.219942 0.990522 0.094013
v -0.218502 0.991787 0.095935
v -0.224498 0.991819 0.101401
v -0.249425 0.964246 0.050282
v -0.245267 0.968748 0.057774
v -0.259799 0.954030 0.034812
v -0.260136 0.953747 0.034173
v -0.257867 0.954389 0.033831
v -0.265429 0.952979 0.036761
v -0.258217 0.954102 0.033217
v -0.257035 0.955336 0.035454
v -0.230323 0.982361 0.080431
v -0.235412 0.978094 0.073329
v -0.221950 0.996675 0.094702
v -0.221538 0.996898 0.095251
v -0.220300 0.996556 0.093271
v -0.219913 0.996783 0.093826
v -0.221410 0.995719 0.091820
v -0.250892 0.969443 0.048088
v -0.246735 0.973945 0.055581
v -0.254338 0.965490 0.041510
v -0.261299 0.959342 0.032570
v -0.259320 0.959535 0.031659
v -0.261589 0.958893 0.032000
v -0.258502 0.960533 0.033260
v -0.259628 0.959098 0.031108
v -0.231790 0.987558 0.078237
v -0.227209 0.991219 0.084331
v -0.236879 0.983291 0.071135
v -0.219878 0.996103 0.093166
v -0.219384 0.996039 0.093826
v -0.219533 0.996374 0.093731
v -0.250393 0.969032 0.048074
v -0.246244 0.973524 0.055551
v -0.368864 0.943144 0.084924
v -0.259021 0.958428 0.031230
v -0.258820 0.959157 0.031678
v -0.259175 0.958757 0.031126
v -0.231331 0.987110 0.078160
v -0.236409 0.982851 0.071073
v -0.366655 0.943353 0.083592
v -0.368586 0.943090 0.084575
v -0.366732 0.943733 0.083472
v -0.368637 0.943448 0.084452
v -0.218345 0.992168 0.095506
v -0.327621 0.980467 0.155224
v -0.335081 0.974292 0.144947
v -0.367329 0.939770 0.087454
v -0.367866 0.939607 0.086417
v -0.367701 0.939291 0.086543
v -0.258022 0.954891 0.032723
v -0.367587 0.939553 0.086068
v -0.367450 0.939242 0.086227
v -0.218642 0.992549 0.095662
v -0.218577 0.992211 0.095815
v -0.355355 0.954168 0.111455
v -0.349390 0.960723 0.122365
v -0.310684 0.993509 0.176891
v -0.310210 0.994314 0.177466
v -0.310070 0.993975 0.177553
v -0.310263 0.993060 0.176796
v -0.311897 0.991793 0.174747
v -0.309690 0.993569 0.177466
v -0.354863 0.953755 0.111441
v -0.359773 0.947999 0.101861
v -0.348906 0.960302 0.122337
v -0.365313 0.939133 0.085641
v -0.366837 0.939387 0.087470
v -0.367257 0.938946 0.086559
v -0.365682 0.940776 0.089840
v -0.327165 0.980020 0.155154
v -0.334615 0.973853 0.144890
v -0.320434 0.985304 0.163948
v -0.310111 0.998257 0.173133
v -0.311716 0.998206 0.174624
v -0.309511 0.998609 0.173886
v -0.305684 0.998202 0.169169
v -0.313364 0.996990 0.172553
v -0.311101 0.998565 0.175358
v -0.305096 0.998546 0.169919
v -0.356331 0.958952 0.109247
v -0.350374 0.965499 0.120144
v -0.366368 0.944886 0.084309
v -0.368291 0.944534 0.085298
v -0.361084 0.945643 0.081697
v -0.366767 0.944280 0.083468
v -0.368668 0.943942 0.084450
v -0.367149 0.945973 0.087647
v -0.361485 0.945040 0.080870
v -0.328632 0.985217 0.152960
v -0.336083 0.979050 0.142696
v -0.310853 0.997885 0.175768
v -0.310935 0.998211 0.175593
v -0.309854 0.994348 0.177261
v -0.309747 0.994005 0.177368
v -0.264523 0.992130 0.136181
v -0.247620 0.991831 0.121153
v -0.264064 0.992586 0.136763
v -0.281427 0.992429 0.151208
v -0.247194 0.992262 0.121694
v -0.280933 0.992910 0.151830
v -0.312335 0.946770 0.060689
v -0.312728 0.946408 0.059910
v -0.292199 0.949537 0.050765
v -0.332470 0.944003 0.070613
v -0.332887 0.943611 0.069784
v -0.292569 0.949206 0.050037
v -0.266039 0.997497 0.133916
v -0.282942 0.997796 0.148942
v -0.265531 0.997783 0.134569
v -0.249136 0.997197 0.118888
v -0.282400 0.998107 0.149637
v -0.248662 0.997459 0.119500
v -0.313851 0.952136 0.058424
v -0.333986 0.949370 0.068348
v -0.293715 0.954904 0.048500
v -0.314196 0.951605 0.057717
v -0.334354 0.948808 0.067590
v -0.294036 0.954403 0.047844
v -0.261433 0.958008 0.032184
v -0.261529 0.958380 0.032059
v -0.259461 0.958292 0.031269
v -0.259573 0.958635 0.031162
v -0.258463 0.954755 0.032762
v -0.258386 0.954429 0.032937
v -0.154122 1.023634 0.150652
v -0.153018 1.023446 0.148762
v -0.153577 1.023944 0.151001
v -0.154603 1.022791 0.147718
v -0.152492 1.023749 0.149129
v -0.156624 1.024656 0.156052
v -0.199123 1.002910 0.114631
v -0.192340 1.006466 0.120549
v -0.214975 0.994961 0.102932
v -0.215520 0.994754 0.102420
v -0.213363 0.995013 0.101442
v -0.213914 0.994804 0.100957
v -0.211963 0.995768 0.102743
v -0.169587 1.016822 0.137784
v -0.177101 1.013644 0.132494
v -0.155274 1.029175 0.148792
v -0.154694 1.029313 0.149198
v -0.154135 1.028815 0.146959
v -0.153575 1.028960 0.147378
v -0.155730 1.028212 0.145897
v -0.200250 1.008331 0.112810
v -0.193467 1.011888 0.118729
v -0.206013 1.005174 0.107555
v -0.216127 1.000502 0.101072
v -0.214479 1.000382 0.099639
v -0.216636 1.000123 0.100617
v -0.213090 1.001189 0.100923
v -0.214997 1.000016 0.099207
v -0.170714 1.022243 0.135963
v -0.164063 1.024934 0.140441
v -0.178229 1.019065 0.130674
v -0.153841 1.028301 0.146752
v -0.153200 1.028139 0.147248
v -0.153311 1.028495 0.147190
v -0.199852 1.007843 0.112667
v -0.193083 1.011392 0.118573
v -0.305877 1.001356 0.181805
v -0.214502 0.999250 0.099170
v -0.214064 0.999925 0.099527
v -0.214622 0.999604 0.099106
v -0.170377 1.021726 0.135772
v -0.177876 1.018555 0.130494
v -0.304125 1.001223 0.179904
v -0.305720 1.001265 0.181393
v -0.304169 1.001614 0.179801
v -0.305743 1.001628 0.181282
v -0.216709 1.043375 0.251737
v -0.152399 1.024109 0.148664
v -0.240949 1.029504 0.236835
v -0.251914 1.024921 0.229208
v -0.304284 0.997711 0.183885
v -0.305110 0.997666 0.183044
v -0.304972 0.997324 0.183127
v -0.213735 0.995561 0.100409
v -0.304953 0.997575 0.182632
v -0.304831 0.997242 0.182755
v -0.152572 1.024530 0.148887
v -0.152524 1.024182 0.149025
v -0.283831 1.009307 0.203222
v -0.274039 1.014501 0.211866
v -0.216685 1.038985 0.252576
v -0.215942 1.039685 0.252976
v -0.215841 1.039325 0.253028
v -0.216389 1.038474 0.252378
v -0.218720 1.037550 0.250899
v -0.215575 1.038863 0.252849
v -0.283440 1.008818 0.203081
v -0.291728 1.004202 0.195400
v -0.273660 1.014005 0.211714
v -0.302994 0.996789 0.181597
v -0.303880 0.997252 0.183773
v -0.304606 0.996909 0.183026
v -0.301891 0.998368 0.185691
v -0.240613 1.028988 0.236651
v -0.251564 1.024412 0.229033
v -0.230902 1.032852 0.243080
v -0.216397 1.043658 0.248694
v -0.217506 1.043843 0.250575
v -0.215560 1.043886 0.249241
v -0.213331 1.042956 0.243653
v -0.219848 1.042971 0.249079
v -0.216659 1.044075 0.251099
v -0.212508 1.043178 0.244199
v -0.284567 1.014239 0.201261
v -0.274787 1.019426 0.209894
v -0.303396 1.002668 0.180474
v -0.304996 1.002620 0.181970
v -0.299006 1.002589 0.176470
v -0.304110 1.002158 0.179794
v -0.305689 1.002121 0.181276
v -0.303018 1.003790 0.183870
v -0.299717 1.002082 0.175804
v -0.241740 1.034410 0.234830
v -0.252691 1.029833 0.227213
v -0.216423 1.043353 0.251440
v -0.216496 1.043692 0.251287
v -0.215656 1.039664 0.252679
v -0.215583 1.039305 0.252760
v -0.184675 1.030851 0.200623
v -0.172952 1.028078 0.181478
v -0.184001 1.031208 0.201041
v -0.196398 1.033624 0.219767
v -0.172326 1.028417 0.181867
v -0.195676 1.033999 0.220214
v -0.258614 0.996012 0.142642
v -0.259265 0.995741 0.142014
v -0.241892 0.995594 0.127417
v -0.275335 0.996431 0.157867
v -0.276027 0.996134 0.157197
v -0.242501 0.995348 0.126830
v -0.185839 1.036449 0.198743
v -0.197562 1.039222 0.217887
v -0.185128 1.036630 0.199221
v -0.174116 1.033675 0.179598
v -0.196803 1.039420 0.218394
v -0.173453 1.033839 0.180046
v -0.259778 1.001610 0.140762
v -0.276499 1.002029 0.155987
v -0.243056 1.001192 0.125537
v -0.260392 1.001162 0.140193
v -0.277154 1.001556 0.155377
v -0.243628 1.000769 0.125009
v -0.216586 0.999219 0.100771
v -0.216649 0.999605 0.100669
v -0.214930 0.999190 0.099334
v -0.215009 0.999549 0.099254
v -0.214163 0.995500 0.100573
v -0.214097 0.995162 0.100727
v -0.071102 1.042970 0.182833
v -0.070619 1.042646 0.180715
v -0.070438 1.043176 0.183008
v -0.072518 1.042291 0.180171
v -0.069967 1.042846 0.180912
v -0.071788 1.044267 0.188690
v -0.127189 1.030970 0.161329
v -0.118526 1.033193 0.165030
v -0.146778 1.026079 0.154721
v -0.147471 1.025978 0.154386
v -0.145662 1.025895 0.152838
v -0.150514 1.026692 0.159440
v -0.146353 1.025794 0.152532
v -0.143848 1.026373 0.153679
v -0.090462 1.039163 0.174966
v -0.099577 1.037420 0.172065
v -0.071781 1.048669 0.181235
v -0.071096 1.048698 0.181460
v -0.071276 1.048167 0.179167
v -0.070606 1.048207 0.179409
v -0.073183 1.047867 0.178608
v -0.127853 1.036546 0.159766
v -0.119190 1.038769 0.163466
v -0.135299 1.034528 0.156408
v -0.147457 1.031778 0.153123
v -0.146319 1.031417 0.151290
v -0.148129 1.031500 0.152838
v -0.144512 1.031949 0.152115
v -0.146992 1.031154 0.151029
v -0.091126 1.044739 0.173403
v -0.083135 1.046166 0.175778
v -0.100241 1.042996 0.170502
v -0.071143 1.047616 0.178899
v -0.070426 1.047337 0.179200
v -0.070487 1.047709 0.179167
v -0.127598 1.036001 0.159529
v -0.118953 1.038220 0.163222
v -0.209606 1.045740 0.255672
v -0.146662 1.030317 0.150874
v -0.146035 1.030900 0.151078
v -0.146734 1.030687 0.150838
v -0.090948 1.044177 0.173137
v -0.100044 1.042438 0.170242
v -0.208504 1.045360 0.253361
v -0.209588 1.045634 0.255235
v -0.208508 1.045755 0.253265
v -0.209580 1.045998 0.255125
v -0.098715 1.070495 0.296872
v -0.069950 1.043197 0.180432
v -0.128124 1.061253 0.289675
v -0.141390 1.058762 0.285528
v -0.208131 1.041830 0.257312
v -0.209154 1.041945 0.256736
v -0.209058 1.041582 0.256785
v -0.146210 1.026523 0.151938
v -0.209136 1.041839 0.256299
v -0.209042 1.041487 0.256390
v -0.069980 1.043636 0.180684
v -0.069955 1.043281 0.180811
v -0.181446 1.049359 0.269879
v -0.168901 1.052625 0.275315
v -0.099196 1.066144 0.297777
v -0.098263 1.066700 0.297936
v -0.098214 1.066327 0.297967
v -0.099057 1.065596 0.297516
v -0.101829 1.065112 0.296770
v -0.098090 1.065831 0.297731
v -0.181197 1.048814 0.269646
v -0.191954 1.045842 0.264700
v -0.168668 1.052076 0.275075
v -0.207705 1.040760 0.254777
v -0.207857 1.041312 0.257102
v -0.208809 1.041115 0.256596
v -0.205254 1.042033 0.258360
v -0.127944 1.060693 0.289416
v -0.141193 1.058205 0.285275
v -0.116318 1.062715 0.292782
v -0.099223 1.070795 0.293858
v -0.099715 1.071118 0.295968
v -0.098241 1.070866 0.294142
v -0.097851 1.069710 0.288178
v -0.102493 1.070688 0.295207
v -0.098729 1.071191 0.296228
v -0.096882 1.069777 0.288468
v -0.181861 1.054390 0.268083
v -0.169333 1.057652 0.273512
v -0.207412 1.046648 0.253670
v -0.208515 1.046834 0.255554
v -0.204393 1.045930 0.248602
v -0.208363 1.046282 0.253228
v -0.209448 1.046475 0.255093
v -0.205918 1.047609 0.256797
v -0.205337 1.045566 0.248173
v -0.128608 1.066269 0.287853
v -0.141857 1.063781 0.283712
v -0.098532 1.070433 0.296508
v -0.098586 1.070782 0.296373
v -0.098080 1.066638 0.297571
v -0.098049 1.066271 0.297638
v -0.084814 1.054007 0.239161
v -0.079546 1.049767 0.217576
v -0.084000 1.054236 0.239366
v -0.090082 1.058246 0.260745
v -0.078788 1.049988 0.217766
v -0.089212 1.058484 0.260964
v -0.176763 1.033484 0.205005
v -0.177599 1.033340 0.204589
v -0.165279 1.030631 0.185728
v -0.188247 1.036336 0.224280
v -0.189138 1.036176 0.223837
v -0.166059 1.030505 0.185341
v -0.085500 1.059764 0.237547
v -0.090768 1.064004 0.259131
v -0.084664 1.059812 0.237802
v -0.080232 1.055525 0.215961
v -0.089876 1.064060 0.259401
v -0.079452 1.055564 0.216203
v -0.177449 1.039241 0.203390
v -0.188933 1.042093 0.222666
v -0.165964 1.036389 0.184114
v -0.178263 1.038916 0.203026
v -0.189802 1.041752 0.222274
v -0.166723 1.036081 0.183778
v -0.148190 1.030598 0.152993
v -0.148214 1.030991 0.152904
v -0.147031 1.030326 0.151153
v -0.147067 1.030694 0.151089
v -0.146579 1.026531 0.152217
v -0.146530 1.026183 0.152354
v 0.023637 1.047147 0.189783
v 0.023419 1.046798 0.187626
v 0.024349 1.047228 0.189752
v 0.021411 1.046796 0.187668
v 0.024124 1.046876 0.187619
v 0.024925 1.048389 0.195550
v -0.037476 1.045714 0.185867
v -0.027861 1.046289 0.186825
v -0.058680 1.044501 0.185381
v -0.059446 1.044532 0.185265
v -0.058210 1.044175 0.183260
v -0.058967 1.044203 0.183171
v -0.056176 1.044305 0.183522
v 0.002472 1.046994 0.187998
v -0.007251 1.046949 0.187924
v 0.023531 1.052916 0.188304
v 0.024245 1.052819 0.188318
v 0.023315 1.052388 0.186192
v 0.024023 1.052303 0.186227
v 0.021307 1.052441 0.186220
v -0.037580 1.051359 0.184419
v -0.027966 1.051934 0.185377
v -0.045914 1.050764 0.183430
v -0.058786 1.050271 0.183901
v -0.058313 1.049765 0.181826
v -0.059550 1.050123 0.183831
v -0.056280 1.049950 0.182075
v -0.059067 1.049630 0.181779
v 0.002368 1.052639 0.186550
v 0.010824 1.052583 0.186457
v -0.007355 1.052594 0.186476
v 0.023266 1.051830 0.185911
v 0.023979 1.051421 0.185997
v 0.023977 1.051799 0.185974
v -0.037504 1.050784 0.184133
v -0.027910 1.051358 0.185088
v -0.084933 1.072194 0.299700
v -0.058949 1.048753 0.181557
v -0.058198 1.049212 0.181554
v -0.058962 1.049131 0.181533
v 0.002360 1.052062 0.186259
v -0.007343 1.052017 0.186185
v -0.084636 1.071688 0.297178
v -0.085062 1.072098 0.299279
v -0.084598 1.072080 0.297077
v -0.085022 1.072459 0.299163
v 0.024062 1.047231 0.187145
v 0.004319 1.072313 0.308081
v -0.009802 1.072291 0.308044
v -0.083752 1.068045 0.300941
v -0.084862 1.068352 0.300685
v -0.084821 1.067977 0.300714
v -0.058878 1.044912 0.182542
v -0.084991 1.068256 0.300265
v -0.084938 1.067891 0.300334
v 0.024184 1.047662 0.187384
v 0.024182 1.047305 0.187508
v -0.053677 1.070456 0.304990
v -0.039724 1.071333 0.306450
v 0.034742 1.071852 0.307276
v 0.035762 1.072232 0.307142
v 0.035752 1.071855 0.307168
v 0.034700 1.071295 0.307002
v 0.031791 1.071324 0.307108
v 0.035713 1.071352 0.306919
v -0.053607 1.069882 0.304709
v -0.065684 1.068969 0.303189
v -0.039672 1.070758 0.306167
v -0.084277 1.066984 0.298421
v -0.083647 1.067493 0.300674
v -0.084724 1.067478 0.300473
v -0.080706 1.067714 0.301100
v 0.004315 1.071737 0.307796
v -0.009788 1.071715 0.307759
v 0.016583 1.071605 0.307576
v 0.034388 1.076538 0.303415
v 0.034597 1.076885 0.305568
v 0.035408 1.076428 0.303399
v 0.033835 1.075378 0.297612
v 0.031687 1.076969 0.305660
v 0.035613 1.076779 0.305527
v 0.034842 1.075268 0.297605
v -0.053711 1.075527 0.303261
v -0.039776 1.076403 0.304719
v -0.083294 1.072757 0.297122
v -0.083750 1.073083 0.299240
v -0.082056 1.071655 0.291416
v -0.084381 1.072575 0.296987
v -0.084824 1.072905 0.299081
v -0.080810 1.073359 0.299652
v -0.083132 1.071473 0.291290
v 0.004211 1.077382 0.306348
v -0.009892 1.077360 0.306311
v 0.035747 1.075990 0.305757
v 0.035718 1.076347 0.305635
v 0.035818 1.072148 0.306742
v 0.035802 1.071780 0.306806
v 0.029075 1.058929 0.247353
v 0.027002 1.054401 0.225288
v 0.029941 1.059007 0.247305
v 0.031147 1.063456 0.269416
v 0.027809 1.054481 0.225244
v 0.032071 1.063532 0.269366
v -0.070943 1.055715 0.242004
v -0.071875 1.055731 0.241854
v -0.066254 1.051405 0.220301
v -0.075631 1.060026 0.263707
v -0.076626 1.060036 0.263547
v -0.067123 1.051427 0.220161
v 0.028968 1.064758 0.245858
v 0.031039 1.069286 0.267921
v 0.029836 1.064652 0.245857
v 0.026895 1.060230 0.223793
v 0.031967 1.069177 0.267918
v 0.027705 1.060126 0.223796
v -0.071051 1.061544 0.240509
v -0.075739 1.065855 0.262212
v -0.066361 1.057234 0.218806
v -0.071979 1.061376 0.240406
v -0.076730 1.065681 0.262099
v -0.067227 1.057072 0.218713
v -0.059720 1.049241 0.184021
v -0.059700 1.049635 0.183932
v -0.059214 1.048819 0.181930
v -0.059202 1.049190 0.181871
v -0.059143 1.044977 0.182916
v -0.059117 1.044622 0.183042
v 0.112219 1.035268 0.170013
v 0.111348 1.035013 0.168013
v 0.112896 1.035229 0.169781
v 0.109463 1.035349 0.168617
v 0.112026 1.034972 0.167807
v 0.115264 1.036134 0.175155
v 0.053134 1.044256 0.183442
v 0.062584 1.043179 0.181648
v 0.032757 1.046649 0.188955
v 0.032006 1.046812 0.189059
v 0.032551 1.046300 0.186797
v 0.032596 1.047972 0.194856
v 0.031815 1.046458 0.186923
v 0.034569 1.046078 0.186475
v 0.091693 1.038729 0.174244
v 0.082478 1.040327 0.176903
v 0.112676 1.041007 0.168483
v 0.113339 1.040790 0.168299
v 0.111791 1.040574 0.166530
v 0.112455 1.040370 0.166368
v 0.109910 1.040964 0.167120
v 0.053581 1.049872 0.181944
v 0.063031 1.048794 0.180151
v 0.045328 1.050715 0.183348
v 0.033214 1.052388 0.187425
v 0.032994 1.051861 0.185314
v 0.032449 1.052373 0.187576
v 0.035016 1.051694 0.184977
v 0.032245 1.051856 0.185483
v 0.092140 1.044345 0.172746
v 0.100095 1.042866 0.170285
v 0.082925 1.045942 0.175405
v 0.111571 1.040039 0.166288
v 0.112200 1.039514 0.166181
v 0.112255 1.039887 0.166149
v 0.053475 1.049300 0.181662
v 0.062905 1.048224 0.179873
v 0.044704 1.075582 0.305339
v 0.032147 1.050978 0.185259
v 0.032933 1.051303 0.185034
v 0.032191 1.051352 0.185230
v 0.091954 1.043784 0.172483
v 0.082758 1.045379 0.175137
v 0.044192 1.075095 0.302849
v 0.044448 1.075520 0.304974
v 0.044265 1.075478 0.302731
v 0.044514 1.075871 0.304842
v 0.161146 1.058908 0.277588
v 0.111894 1.035343 0.167361
v 0.131409 1.060445 0.288330
v 0.118052 1.062805 0.292258
v 0.045468 1.071265 0.306299
v 0.044400 1.071761 0.306358
v 0.044384 1.071384 0.306383
v 0.031843 1.047156 0.186278
v 0.044144 1.071698 0.305993
v 0.044152 1.071327 0.306054
v 0.112149 1.035741 0.167545
v 0.112122 1.035387 0.167673
v 0.075429 1.068470 0.301685
v 0.089170 1.066946 0.299149
v 0.159851 1.054880 0.279031
v 0.160842 1.055086 0.278606
v 0.160776 1.054716 0.278643
v 0.159641 1.054345 0.278792
v 0.156927 1.054861 0.279710
v 0.160585 1.054232 0.278428
v 0.075320 1.067900 0.301410
v 0.063328 1.069074 0.303364
v 0.089044 1.066378 0.298877
v 0.044086 1.070369 0.304054
v 0.045400 1.070709 0.306027
v 0.044323 1.070882 0.306137
v 0.048336 1.070420 0.305605
v 0.131228 1.059885 0.288071
v 0.117889 1.062242 0.291994
v 0.142736 1.057691 0.284420
v 0.159224 1.059651 0.275311
v 0.160084 1.059906 0.277309
v 0.160164 1.059371 0.275012
v 0.156877 1.058743 0.269926
v 0.157374 1.060477 0.278213
v 0.161015 1.059631 0.276988
v 0.157808 1.058465 0.269640
v 0.075767 1.073515 0.299913
v 0.089491 1.071993 0.297379
v 0.045624 1.075923 0.302392
v 0.045843 1.076270 0.304544
v 0.045007 1.074767 0.296596
v 0.044529 1.075931 0.302571
v 0.044753 1.076280 0.304697
v 0.048783 1.076036 0.304108
v 0.043924 1.074773 0.296781
v 0.131675 1.065501 0.286574
v 0.118336 1.067858 0.290497
v 0.161072 1.058825 0.277190
v 0.161071 1.059185 0.277072
v 0.160768 1.055004 0.278209
v 0.160709 1.054641 0.278284
v 0.135501 1.044560 0.223438
v 0.126586 1.040985 0.202959
v 0.136318 1.044492 0.223148
v 0.144414 1.048135 0.243917
v 0.127349 1.040928 0.202688
v 0.145286 1.048055 0.243608
v 0.038952 1.058389 0.246454
v 0.038032 1.058566 0.246572
v 0.036565 1.053879 0.224419
v 0.041340 1.062899 0.268489
v 0.040357 1.063081 0.268615
v 0.035709 1.054051 0.224528
v 0.135962 1.050358 0.221892
v 0.144875 1.053933 0.242371
v 0.136765 1.050107 0.221651
v 0.127048 1.046783 0.201413
v 0.145733 1.053671 0.242110
v 0.127796 1.046544 0.201191
v 0.039414 1.064188 0.244908
v 0.041801 1.068698 0.266943
v 0.037027 1.059678 0.222873
v 0.038479 1.064181 0.245074
v 0.040804 1.068696 0.267117
v 0.036156 1.059666 0.223031
v 0.032192 1.051528 0.187827
v 0.032253 1.051915 0.187727
v 0.032012 1.051077 0.185690
v 0.032070 1.051442 0.185620
v 0.031708 1.047256 0.186709
v 0.031708 1.046899 0.186831
v 0.188447 1.009067 0.126408
v 0.187019 1.009012 0.124740
v 0.189015 1.008920 0.125997
v 0.185464 1.009646 0.125841
v 0.187594 1.008862 0.124353
v 0.192914 1.009282 0.130465
v 0.137917 1.027571 0.155673
v 0.146159 1.024958 0.151324
v 0.120619 1.033235 0.166630
v 0.119966 1.033519 0.166937
v 0.119759 1.032978 0.164625
v 0.119126 1.033255 0.164949
v 0.121537 1.032427 0.163755
v 0.170828 1.015840 0.136150
v 0.163139 1.018905 0.141251
v 0.189417 1.014682 0.124672
v 0.189955 1.014361 0.124314
v 0.187960 1.014453 0.123057
v 0.188507 1.014144 0.122720
v 0.186414 1.015140 0.124142
v 0.138866 1.033065 0.153974
v 0.147109 1.030452 0.149625
v 0.131607 1.035256 0.157619
v 0.121590 1.038850 0.164893
v 0.120699 1.038419 0.162943
v 0.120906 1.038960 0.165254
v 0.122487 1.037921 0.162056
v 0.120039 1.038537 0.163316
v 0.171778 1.021334 0.134450
v 0.178352 1.018594 0.129890
v 0.164089 1.024399 0.139551
v 0.187593 1.013969 0.122900
v 0.188069 1.013348 0.122633
v 0.188176 1.013707 0.122578
v 0.138590 1.032527 0.153747
v 0.146815 1.029919 0.149407
v 0.169491 1.056888 0.274227
v 0.119734 1.037693 0.163149
v 0.120468 1.037886 0.162705
v 0.119832 1.038055 0.163101
v 0.171433 1.020820 0.134264
v 0.163760 1.023879 0.139354
v 0.168225 1.056556 0.271993
v 0.169135 1.056879 0.273950
v 0.168325 1.056923 0.271851
v 0.169220 1.057217 0.273797
v 0.187407 1.009261 0.123953
v 0.244070 1.027750 0.233916
v 0.232954 1.032235 0.241380
v 0.169754 1.052482 0.275039
v 0.168845 1.053149 0.275383
v 0.168772 1.052780 0.275421
v 0.119088 1.033954 0.164306
v 0.168489 1.053140 0.275107
v 0.168451 1.052771 0.275171
v 0.187767 1.009606 0.124049
v 0.187718 1.009258 0.124187
v 0.196290 1.044782 0.262263
v 0.208302 1.041022 0.256005
v 0.267389 1.017692 0.217139
v 0.268241 1.017737 0.216448
v 0.268126 1.017383 0.216511
v 0.267033 1.017206 0.216982
v 0.264814 1.018150 0.218612
v 0.267803 1.016944 0.216370
v 0.196014 1.044246 0.262043
v 0.185431 1.047379 0.267258
v 0.208011 1.040490 0.255793
v 0.167666 1.051887 0.273295
v 0.169519 1.051952 0.274810
v 0.168561 1.052301 0.275214
v 0.172125 1.051182 0.273588
v 0.243733 1.027235 0.233733
v 0.232630 1.031714 0.241187
v 0.253208 1.023220 0.227050
v 0.266557 1.022589 0.213630
v 0.267974 1.022647 0.215299
v 0.267314 1.022162 0.213086
v 0.262674 1.022222 0.209145
v 0.265764 1.023644 0.216913
v 0.268716 1.022226 0.214736
v 0.263425 1.021798 0.208616
v 0.196964 1.049740 0.260344
v 0.208960 1.045985 0.254094
v 0.169590 1.057141 0.271133
v 0.170459 1.057393 0.273127
v 0.167182 1.056248 0.265773
v 0.168606 1.057328 0.271612
v 0.169474 1.057583 0.273581
v 0.173075 1.056676 0.271888
v 0.166212 1.056431 0.266256
v 0.244682 1.032729 0.232034
v 0.233580 1.037208 0.239488
v 0.268692 1.021418 0.214934
v 0.268718 1.021776 0.214812
v 0.268045 1.017679 0.216090
v 0.267949 1.017330 0.216187
v 0.227022 1.012989 0.170897
v 0.212242 1.011471 0.153841
v 0.227701 1.012791 0.170390
v 0.241800 1.014508 0.187952
v 0.212878 1.011293 0.153368
v 0.242523 1.014290 0.187413
v 0.144609 1.042354 0.219768
v 0.143803 1.042681 0.220135
v 0.135401 1.038851 0.199408
v 0.153817 1.045858 0.240127
v 0.152955 1.046200 0.240520
v 0.134652 1.039162 0.199749
v 0.228003 1.018663 0.169142
v 0.242781 1.020181 0.186198
v 0.228651 1.018286 0.168691
v 0.213223 1.017145 0.152086
v 0.243473 1.019784 0.185713
v 0.213827 1.016788 0.151668
v 0.145590 1.048028 0.218014
v 0.154798 1.051531 0.238373
v 0.136382 1.044524 0.197653
v 0.144752 1.048175 0.218436
v 0.153904 1.051694 0.238820
v 0.135601 1.044656 0.198050
v 0.120592 1.038165 0.165588
v 0.120686 1.038538 0.165465
v 0.119745 1.037804 0.163598
v 0.119841 1.038155 0.163506
v 0.119099 1.034065 0.164755
v 0.119073 1.033710 0.164881
v 0.244563 0.970676 0.062515
v 0.242730 0.970909 0.061327
v 0.244955 0.970444 0.061962
v 0.241688 0.971773 0.062810
v 0.243136 0.970673 0.060795
v 0.249971 0.970017 0.065118
v 0.208472 0.996840 0.104528
v 0.214549 0.992960 0.098071
v 0.196270 1.005112 0.119826
v 0.195791 1.005496 0.120299
v 0.194842 1.005057 0.118158
v 0.194385 1.005431 0.118642
v 0.196175 1.004231 0.116829
v 0.231901 0.980127 0.076712
v 0.226637 0.984337 0.083720
v 0.245946 0.976083 0.060432
v 0.246295 0.975683 0.059943
v 0.244070 0.976149 0.059308
v 0.244437 0.975759 0.058836
v 0.243041 0.977064 0.060772
v 0.209825 1.002130 0.102490
v 0.215903 0.998251 0.096033
v 0.204399 1.005442 0.108001
v 0.197653 1.010519 0.117743
v 0.196182 1.010297 0.116139
v 0.197131 1.010736 0.118280
v 0.197528 1.009522 0.114791
v 0.195686 1.010517 0.116683
v 0.233255 0.985417 0.074674
v 0.237678 0.981705 0.068495
v 0.227991 0.989628 0.081682
v 0.243597 0.975739 0.059274
v 0.243863 0.975052 0.058898
v 0.244009 0.975389 0.058806
v 0.209407 1.001653 0.102365
v 0.215473 0.997781 0.095921
v 0.277169 1.017290 0.208324
v 0.195207 1.009742 0.116632
v 0.195805 1.009818 0.115991
v 0.195347 1.010084 0.116548
v 0.232788 0.984975 0.074607
v 0.227535 0.989176 0.081600
v 0.275280 1.017237 0.206555
v 0.276753 1.017349 0.208162
v 0.275397 1.017585 0.206381
v 0.276847 1.017672 0.207982
v 0.347940 0.966831 0.124347
v 0.242914 0.971108 0.060455
v 0.330947 0.976802 0.149124
v 0.323371 0.982939 0.159338
v 0.276892 1.012885 0.209139
v 0.276248 1.013690 0.209711
v 0.276127 1.013337 0.209778
v 0.194286 1.006142 0.118019
v 0.275832 1.013748 0.209549
v 0.275752 1.013391 0.209631
v 0.243340 0.971383 0.060435
v 0.243273 0.971046 0.060591
v 0.296933 1.001067 0.189508
v 0.305823 0.995459 0.180174
v 0.346406 0.963315 0.126640
v 0.347019 0.963231 0.125734
v 0.346868 0.962900 0.125836
v 0.345942 0.962901 0.126604
v 0.344479 0.964171 0.128776
v 0.346448 0.962526 0.125804
v 0.296518 1.000591 0.189390
v 0.288571 1.005363 0.197332
v 0.305396 0.994990 0.180068
v 0.274323 1.012702 0.208080
v 0.276514 1.012410 0.209000
v 0.275787 1.012908 0.209652
v 0.278489 1.011235 0.207103
v 0.330488 0.976357 0.149058
v 0.322922 0.982487 0.159259
v 0.336820 0.970944 0.140049
v 0.345459 0.968369 0.123393
v 0.347282 0.968140 0.124585
v 0.345944 0.967833 0.122666
v 0.340453 0.968788 0.120216
v 0.345832 0.969461 0.126738
v 0.347749 0.967612 0.123844
v 0.340938 0.968254 0.119505
v 0.297871 1.005882 0.187352
v 0.306749 1.000281 0.178030
v 0.276421 1.017600 0.205326
v 0.277854 1.017649 0.206982
v 0.272466 1.017269 0.200903
v 0.275663 1.017942 0.206062
v 0.277088 1.017994 0.207693
v 0.279843 1.016525 0.205065
v 0.271721 1.017605 0.201638
v 0.331841 0.981648 0.147020
v 0.324275 0.987777 0.157221
v 0.347643 0.966816 0.124061
v 0.347695 0.967167 0.123928
v 0.346722 0.963216 0.125448
v 0.346600 0.962886 0.125577
v 0.294322 0.966787 0.094003
v 0.275251 0.968263 0.081929
v 0.294783 0.966488 0.093329
v 0.313391 0.965313 0.106078
v 0.275685 0.967990 0.081299
v 0.313881 0.964987 0.105360
v 0.235645 1.008628 0.163639
v 0.235046 1.009079 0.164212
v 0.220542 1.007275 0.146856
v 0.250749 1.009982 0.180420
v 0.250106 1.010457 0.181034
v 0.219986 1.007701 0.147389
v 0.295719 0.972250 0.091899
v 0.314788 0.970776 0.103974
v 0.296137 0.971779 0.091291
v 0.276649 0.973726 0.079825
v 0.315234 0.970278 0.103322
v 0.277038 0.973281 0.079261
v 0.237043 1.014091 0.161534
v 0.252146 1.015445 0.178315
v 0.221939 1.012738 0.144751
v 0.236400 1.014370 0.162174
v 0.251460 1.015747 0.178996
v 0.221340 1.012992 0.145351
v 0.196793 1.009998 0.118710
v 0.196912 1.010353 0.118556
v 0.195365 1.009838 0.117056
v 0.195489 1.010170 0.116931
v 0.194444 1.006238 0.118443
v 0.194394 1.005889 0.118580
v 0.272292 0.925982 -0.011869
v 0.270267 0.926548 -0.012503
v 0.272470 0.925700 -0.012504
v 0.269841 0.927538 -0.010810
v 0.270463 0.926259 -0.013121
v 0.278022 0.924362 -0.010865
v 0.254300 0.956812 0.037910
v 0.257591 0.952124 0.030108
v 0.248426 0.966643 0.055803
v 0.248170 0.967092 0.056382
v 0.246601 0.966869 0.054603
v 0.253188 0.966663 0.059535
v 0.246368 0.967302 0.055186
v 0.247352 0.965864 0.052975
v 0.265875 0.937078 0.005068
v 0.263563 0.941943 0.013163
v 0.273926 0.931129 -0.014385
v 0.274052 0.930688 -0.014942
v 0.271850 0.931535 -0.014941
v 0.271999 0.931100 -0.015488
v 0.271439 0.932574 -0.013271
v 0.255898 0.961848 0.035448
v 0.259189 0.957160 0.027646
v 0.252864 0.965889 0.042175
v 0.250060 0.971790 0.053287
v 0.248184 0.971857 0.052165
v 0.249753 0.972079 0.053944
v 0.248950 0.970900 0.050513
v 0.247904 0.972144 0.052819
v 0.267473 0.942114 0.002606
v 0.269306 0.937862 -0.004471
v 0.265161 0.946978 0.010701
v 0.271324 0.931211 -0.014832
v 0.271355 0.930499 -0.015251
v 0.271524 0.930809 -0.015388
v 0.255388 0.961450 0.035456
v 0.258672 0.956772 0.027670
v 0.351675 0.962933 0.117859
v 0.247306 0.971462 0.052923
v 0.247705 0.971452 0.052139
v 0.247473 0.971777 0.052795
v 0.266939 0.941758 0.002683
v 0.264632 0.946612 0.010761
v 0.349386 0.963240 0.116690
v 0.351247 0.963065 0.117818
v 0.349507 0.963568 0.116482
v 0.351339 0.963371 0.117611
v 0.270231 0.926734 -0.013396
v 0.379183 0.915431 0.046986
v 0.375905 0.922505 0.058760
v 0.350901 0.958619 0.118824
v 0.350588 0.959506 0.119535
v 0.350433 0.959177 0.119641
v 0.246219 0.968035 0.054598
v 0.350159 0.959638 0.119493
v 0.350046 0.959296 0.119603
v 0.270674 0.926934 -0.013541
v 0.270598 0.926609 -0.013364
v 0.362381 0.944081 0.094667
v 0.367236 0.937287 0.083360
v 0.385253 0.900087 0.021411
v 0.385566 0.899923 0.020372
v 0.385395 0.899620 0.020520
v 0.384735 0.899758 0.021515
v 0.384172 0.901202 0.023979
v 0.384927 0.899323 0.020615
v 0.361876 0.943685 0.094682
v 0.357382 0.949530 0.104410
v 0.366725 0.936899 0.083389
v 0.348146 0.958895 0.118531
v 0.350426 0.958217 0.118808
v 0.350004 0.958814 0.119625
v 0.351566 0.956773 0.116464
v 0.378656 0.915072 0.047062
v 0.375382 0.922137 0.058820
v 0.381217 0.908891 0.036775
v 0.384299 0.905305 0.018437
v 0.386318 0.904745 0.019077
v 0.384465 0.904712 0.017617
v 0.378750 0.906635 0.016776
v 0.385770 0.906238 0.021517
v 0.386464 0.904164 0.018249
v 0.378920 0.906045 0.015971
v 0.363474 0.948721 0.092220
v 0.368323 0.941935 0.080927
v 0.350183 0.963436 0.115183
v 0.352008 0.963204 0.116370
v 0.345152 0.963881 0.112050
v 0.349729 0.963883 0.116092
v 0.351540 0.963655 0.117258
v 0.353164 0.961809 0.114002
v 0.344709 0.964319 0.112955
v 0.380254 0.920108 0.044600
v 0.376980 0.927173 0.056358
v 0.386291 0.903392 0.018505
v 0.386361 0.903732 0.018355
v 0.385203 0.899965 0.020181
v 0.385068 0.899657 0.020347
v 0.327479 0.913038 0.004550
v 0.306324 0.917984 -0.001748
v 0.327676 0.912682 0.003781
v 0.348632 0.908093 0.010849
v 0.306512 0.917658 -0.002468
v 0.348840 0.907707 0.010030
v 0.298482 0.962444 0.086774
v 0.298151 0.962975 0.087482
v 0.279287 0.964049 0.074917
v 0.317676 0.960838 0.098631
v 0.317320 0.961399 0.099388
v 0.278983 0.964550 0.075574
v 0.329129 0.918238 0.002008
v 0.350282 0.913293 0.008306
v 0.329274 0.917718 0.001319
v 0.307974 0.923184 -0.004291
v 0.350438 0.912743 0.007568
v 0.308110 0.922694 -0.004930
v 0.300132 0.967644 0.084232
v 0.319326 0.966038 0.096089
v 0.280938 0.969249 0.072375
v 0.299749 0.968011 0.085020
v 0.318918 0.966435 0.096926
v 0.280581 0.969586 0.073112
v 0.249430 0.971398 0.054469
v 0.249558 0.971731 0.054279
v 0.247590 0.971520 0.053284
v 0.247729 0.971829 0.053121
v 0.246502 0.968093 0.054959
v 0.246436 0.967754 0.055113
v 0.270050 0.878599 -0.090726
v 0.268054 0.879516 -0.090777
v 0.269990 0.878308 -0.091378
v 0.268298 0.880522 -0.089057
v 0.268016 0.879214 -0.091418
v 0.275469 0.876008 -0.091340
v 0.272328 0.910799 -0.038668
v 0.272440 0.905815 -0.046963
v 0.273496 0.921041 -0.020091
v 0.273494 0.921512 -0.019475
v 0.271472 0.921603 -0.020733
v 0.279048 0.920161 -0.017856
v 0.271490 0.922055 -0.020119
v 0.271552 0.920525 -0.022482
v 0.270649 0.890203 -0.072945
v 0.271573 0.895188 -0.064649
v 0.271755 0.883455 -0.093727
v 0.271642 0.883013 -0.094286
v 0.269706 0.884221 -0.093685
v 0.269620 0.883781 -0.094240
v 0.269966 0.885273 -0.091993
v 0.273997 0.915551 -0.041603
v 0.274109 0.910566 -0.049899
v 0.273715 0.919881 -0.034396
v 0.275201 0.925897 -0.023092
v 0.273124 0.926308 -0.023641
v 0.275146 0.926217 -0.022382
v 0.273220 0.925276 -0.025417
v 0.273094 0.926622 -0.022941
v 0.272317 0.894954 -0.075881
v 0.271330 0.890628 -0.083081
v 0.273242 0.899940 -0.067584
v 0.269186 0.883989 -0.093424
v 0.268976 0.883292 -0.093816
v 0.269149 0.883572 -0.094003
v 0.273450 0.915245 -0.041442
v 0.273562 0.910271 -0.049720
v 0.387870 0.898358 0.010389
v 0.272443 0.926049 -0.022656
v 0.272597 0.925991 -0.023520
v 0.272617 0.926335 -0.022833
v 0.271774 0.894692 -0.075648
v 0.272697 0.899667 -0.067369
v 0.385431 0.899077 0.009906
v 0.387476 0.898562 0.010467
v 0.385542 0.899385 0.009664
v 0.387557 0.898853 0.010235
v 0.267800 0.879727 -0.091627
v 0.385801 0.848639 -0.064175
v 0.387225 0.855874 -0.052133
v 0.386681 0.894215 0.011639
v 0.386735 0.895125 0.012387
v 0.386563 0.894825 0.012540
v 0.271308 0.922816 -0.020658
v 0.386341 0.895328 0.012465
v 0.386207 0.895009 0.012610
v 0.268211 0.879853 -0.091896
v 0.268134 0.879541 -0.091698
v 0.388242 0.878540 -0.014411
v 0.388485 0.871302 -0.026458
v 0.381717 0.833121 -0.090039
v 0.381691 0.832932 -0.091119
v 0.381520 0.832659 -0.090922
v 0.381201 0.832882 -0.089784
v 0.381609 0.834340 -0.087298
v 0.381055 0.832443 -0.090691
v 0.387701 0.878235 -0.014244
v 0.387193 0.884517 -0.003790
v 0.387944 0.871006 -0.026276
v 0.384043 0.894962 0.012127
v 0.386159 0.893900 0.011768
v 0.386092 0.894540 0.012655
v 0.386330 0.892342 0.009233
v 0.385263 0.848372 -0.063945
v 0.386686 0.855599 -0.051918
v 0.383732 0.842102 -0.074381
v 0.380861 0.838497 -0.092751
v 0.382853 0.837587 -0.092691
v 0.380686 0.837905 -0.093569
v 0.375378 0.840789 -0.092810
v 0.383277 0.839091 -0.090234
v 0.382659 0.837011 -0.093513
v 0.375211 0.840198 -0.093616
v 0.389369 0.882986 -0.017180
v 0.389612 0.875757 -0.029212
v 0.385791 0.899173 0.008231
v 0.387811 0.898605 0.008860
v 0.380233 0.900541 0.006634
v 0.385695 0.899667 0.009220
v 0.387696 0.899107 0.009833
v 0.387998 0.897093 0.006297
v 0.380144 0.901025 0.007616
v 0.386931 0.853123 -0.066881
v 0.388354 0.860350 -0.054854
v 0.382436 0.836273 -0.093199
v 0.382518 0.836600 -0.093372
v 0.381301 0.833039 -0.091201
v 0.381168 0.832755 -0.090996
v 0.324599 0.856089 -0.090230
v 0.303685 0.864702 -0.090424
v 0.324509 0.855724 -0.091014
v 0.345513 0.847476 -0.090034
v 0.303604 0.864367 -0.091159
v 0.345413 0.847081 -0.090869
v 0.328788 0.907657 -0.004406
v 0.328766 0.908219 -0.003647
v 0.307590 0.912784 -0.010403
v 0.349986 0.902530 0.001590
v 0.349958 0.903125 0.002403
v 0.307573 0.913313 -0.009699
v 0.326322 0.860995 -0.093261
v 0.347236 0.852382 -0.093066
v 0.326177 0.860475 -0.093950
v 0.305407 0.869608 -0.093455
v 0.347081 0.851832 -0.093805
v 0.305272 0.869118 -0.094095
v 0.330511 0.912563 -0.007437
v 0.351708 0.907436 -0.001441
v 0.309313 0.917690 -0.013434
v 0.330434 0.912970 -0.006583
v 0.351626 0.907876 -0.000533
v 0.309241 0.918064 -0.012634
v 0.274873 0.925588 -0.021771
v 0.274997 0.925900 -0.021997
v 0.272822 0.926049 -0.022392
v 0.272960 0.926335 -0.022595
v 0.271687 0.922816 -0.020394
v 0.271610 0.922490 -0.020219
v 0.238398 0.834899 -0.163457
v 0.236649 0.836136 -0.162973
v 0.238112 0.834637 -0.164060
v 0.237525 0.837047 -0.161413
v 0.236384 0.835860 -0.163571
v 0.242921 0.831454 -0.165490
v 0.260386 0.865018 -0.114861
v 0.257356 0.860283 -0.122741
v 0.268360 0.874475 -0.097590
v 0.268607 0.874925 -0.097008
v 0.266360 0.875382 -0.097658
v 0.274086 0.872628 -0.096964
v 0.266623 0.875810 -0.097083
v 0.265770 0.874348 -0.099333
v 0.245840 0.845813 -0.146823
v 0.249851 0.850375 -0.139231
v 0.239988 0.839472 -0.166927
v 0.239653 0.839068 -0.167423
v 0.238190 0.840568 -0.166336
v 0.237880 0.840162 -0.166835
v 0.239081 0.841521 -0.164809
v 0.261942 0.869492 -0.118257
v 0.258912 0.864758 -0.126137
v 0.264400 0.873636 -0.111360
v 0.269950 0.879049 -0.101061
v 0.267901 0.879814 -0.101021
v 0.270148 0.879357 -0.100371
v 0.267326 0.878823 -0.102729
v 0.268119 0.880112 -0.100348
v 0.247395 0.850288 -0.150219
v 0.243740 0.846360 -0.156756
v 0.251406 0.854850 -0.142627
v 0.237731 0.840419 -0.165935
v 0.237307 0.839777 -0.166238
v 0.237466 0.840028 -0.166472
v 0.261419 0.869279 -0.117943
v 0.258395 0.864554 -0.125806
v 0.381243 0.832304 -0.099544
v 0.267487 0.879649 -0.099880
v 0.267383 0.879586 -0.100751
v 0.267650 0.879905 -0.100105
v 0.246903 0.850114 -0.149838
v 0.250905 0.854666 -0.142262
v 0.378922 0.833431 -0.099348
v 0.380926 0.832568 -0.099365
v 0.379010 0.833722 -0.099618
v 0.380987 0.832848 -0.099617
v 0.337344 0.774308 -0.196065
v 0.236207 0.836407 -0.163724
v 0.350278 0.785417 -0.169393
v 0.356178 0.792025 -0.158396
v 0.379774 0.828389 -0.097914
v 0.380185 0.829259 -0.097233
v 0.380015 0.828988 -0.097031
v 0.266428 0.876604 -0.097569
v 0.379868 0.829523 -0.097054
v 0.379728 0.829227 -0.096869
v 0.236543 0.836469 -0.164099
v 0.236473 0.836170 -0.163880
v 0.371400 0.813298 -0.122992
v 0.367076 0.806410 -0.134456
v 0.336642 0.771419 -0.192728
v 0.336286 0.771263 -0.193754
v 0.336133 0.771017 -0.193510
v 0.336185 0.771263 -0.192334
v 0.337505 0.772574 -0.190094
v 0.335721 0.770877 -0.193154
v 0.370884 0.813084 -0.122675
v 0.374355 0.819111 -0.112643
v 0.366565 0.806204 -0.134125
v 0.377539 0.829554 -0.096730
v 0.379263 0.828163 -0.097638
v 0.379554 0.828783 -0.096783
v 0.378461 0.826658 -0.100083
v 0.349790 0.785239 -0.169017
v 0.355682 0.791838 -0.158034
v 0.344396 0.779562 -0.178464
v 0.335977 0.776926 -0.195223
v 0.337725 0.775695 -0.195697
v 0.335484 0.776391 -0.195946
v 0.331155 0.780101 -0.193812
v 0.339060 0.777048 -0.193490
v 0.337217 0.775179 -0.196419
v 0.330675 0.779566 -0.194525
v 0.372439 0.817558 -0.126070
v 0.368121 0.810679 -0.137520
v 0.378813 0.833505 -0.101059
v 0.380804 0.832594 -0.101002
v 0.373339 0.835819 -0.101081
v 0.379079 0.833985 -0.100094
v 0.381049 0.833085 -0.100047
v 0.380017 0.831133 -0.103479
v 0.373609 0.836288 -0.100124
v 0.351345 0.789713 -0.172413
v 0.357237 0.796312 -0.161430
v 0.336971 0.774481 -0.196038
v 0.337055 0.774794 -0.196234
v 0.335912 0.771436 -0.193727
v 0.335796 0.771173 -0.193486
v 0.286386 0.803595 -0.177594
v 0.267983 0.815580 -0.172177
v 0.286021 0.803269 -0.178314
v 0.304788 0.791611 -0.183010
v 0.267646 0.815281 -0.172852
v 0.304396 0.791258 -0.183774
v 0.322792 0.851682 -0.097564
v 0.323075 0.852222 -0.096843
v 0.301927 0.860416 -0.097558
v 0.343655 0.842948 -0.097571
v 0.343954 0.843519 -0.096797
v 0.302194 0.860924 -0.096889
v 0.287992 0.808216 -0.181101
v 0.306395 0.796231 -0.186517
v 0.287577 0.807743 -0.181710
v 0.269590 0.820201 -0.175684
v 0.305952 0.795733 -0.187170
v 0.269202 0.819755 -0.176248
v 0.324398 0.856303 -0.101070
v 0.345261 0.847569 -0.101077
v 0.303534 0.865037 -0.101064
v 0.324630 0.856696 -0.100239
v 0.345510 0.847994 -0.100193
v 0.303750 0.865398 -0.100285
v 0.269955 0.878768 -0.099694
v 0.270061 0.879059 -0.099953
v 0.267919 0.879579 -0.099731
v 0.268041 0.879842 -0.099971
v 0.266860 0.876534 -0.097420
v 0.266782 0.876221 -0.097223
v 0.221800 0.864237 -0.148953
v 0.224928 0.867346 -0.143779
v 0.228273 0.870966 -0.137754
v 0.239633 0.890366 -0.105467
v 0.239994 0.891248 -0.104011
v 0.240096 0.891628 -0.103417
v 0.238116 0.892672 -0.103147
v 0.239871 0.891881 -0.103198
v 0.216273 0.859513 -0.157066
v 0.142486 0.939831 -0.106390
v 0.140724 0.940360 -0.106248
v 0.128207 0.920052 -0.128837
v 0.130001 0.921835 -0.125870
v 0.131919 0.923911 -0.122415
v 0.138433 0.935035 -0.103901
v 0.138663 0.935531 -0.103067
v 0.138791 0.935718 -0.102726
v 0.237782 0.886091 -0.112581
v 0.236175 0.882722 -0.118188
v 0.234075 0.878896 -0.124555
v 0.137372 0.932584 -0.107981
v 0.136450 0.930652 -0.111196
v 0.135246 0.928458 -0.114847
v 0.125453 0.917080 -0.133596
v 0.217735 0.860396 -0.155346
v 0.216925 0.859655 -0.156592
v 0.216584 0.859407 -0.157041
v 0.125877 0.917849 -0.132503
v 0.125433 0.917411 -0.133222
v 0.125299 0.917230 -0.133496
v 0.139031 0.935703 -0.102603
v 0.241572 0.896225 -0.107742
v 0.241614 0.896388 -0.107023
v 0.234984 0.899691 -0.107012
v 0.239823 0.897505 -0.107002
v 0.241480 0.896538 -0.106893
v 0.216448 0.865457 -0.160340
v 0.217949 0.864278 -0.160583
v 0.231482 0.881757 -0.135370
v 0.233084 0.880589 -0.135379
v 0.140539 0.940380 -0.106797
v 0.140582 0.940369 -0.106321
v 0.218524 0.864661 -0.160273
v 0.218134 0.864215 -0.160568
v 0.127299 0.922247 -0.136974
v 0.127089 0.921880 -0.137091
v 0.126757 0.920987 -0.136458
v 0.217787 0.863308 -0.159958
v 0.139896 0.938525 -0.104780
v 0.140289 0.939538 -0.105583
v 0.241010 0.894556 -0.105416
v 0.241335 0.895591 -0.106231
v 0.127180 0.921791 -0.137151
v 0.137708 0.930964 -0.123320
v 0.135963 0.931552 -0.122899
v 0.141860 0.913513 -0.141453
v 0.142147 0.913967 -0.141366
v 0.142690 0.914541 -0.140634
v 0.156742 0.933774 -0.108625
v 0.156953 0.934243 -0.107621
v 0.156953 0.934196 -0.107030
v 0.225601 0.904244 -0.108261
v 0.225646 0.904299 -0.107498
v 0.203758 0.874305 -0.157418
v 0.204130 0.874839 -0.157198
v 0.245085 0.905048 -0.081032
v 0.246024 0.908516 -0.075260
v 0.246838 0.912503 -0.068624
v 0.245005 0.932744 -0.034938
v 0.244778 0.933638 -0.033462
v 0.244640 0.934015 -0.032873
v 0.242517 0.934697 -0.033206
v 0.244322 0.934220 -0.032734
v 0.243000 0.899652 -0.090264
v 0.145182 0.964821 -0.064801
v 0.143390 0.965035 -0.065180
v 0.141519 0.943458 -0.089883
v 0.142058 0.945446 -0.086574
v 0.142524 0.947733 -0.082768
v 0.141473 0.959339 -0.063452
v 0.141367 0.959846 -0.062599
v 0.141358 0.960044 -0.062241
v 0.246023 0.928396 -0.042174
v 0.246687 0.924944 -0.047920
v 0.247180 0.920976 -0.054523
v 0.142057 0.956846 -0.067601
v 0.142437 0.954866 -0.070896
v 0.142720 0.952591 -0.074683
v 0.140791 0.940178 -0.095155
v 0.243736 0.900729 -0.088220
v 0.243455 0.899891 -0.089626
v 0.243304 0.899601 -0.090148
v 0.140746 0.940981 -0.094005
v 0.140608 0.940492 -0.094810
v 0.140591 0.940297 -0.095106
v 0.141551 0.960067 -0.062054
v 0.246478 0.938904 -0.036711
v 0.246284 0.939054 -0.036015
v 0.239463 0.941170 -0.037980
v 0.244398 0.939847 -0.036534
v 0.246095 0.939175 -0.035933
v 0.243080 0.905618 -0.093500
v 0.244767 0.904721 -0.093275
v 0.247332 0.923621 -0.065697
v 0.249045 0.922745 -0.065218
v 0.143368 0.965037 -0.065760
v 0.143275 0.965022 -0.065291
v 0.245155 0.905189 -0.092824
v 0.244947 0.904690 -0.093206
v 0.142608 0.945669 -0.097994
v 0.142507 0.945274 -0.098157
v 0.142167 0.944322 -0.097623
v 0.244602 0.903722 -0.092697
v 0.142505 0.963049 -0.063964
v 0.142931 0.964135 -0.064647
v 0.245570 0.937106 -0.034601
v 0.245932 0.938201 -0.035315
v 0.142625 0.945204 -0.098186
v 0.147031 0.955695 -0.082161
v 0.145164 0.955964 -0.082270
v 0.159116 0.939677 -0.097908
v 0.159284 0.940172 -0.097754
v 0.159488 0.940812 -0.096912
v 0.160302 0.961357 -0.062719
v 0.160133 0.961830 -0.061709
v 0.159973 0.961769 -0.061141
v 0.230191 0.944075 -0.041970
v 0.230006 0.944119 -0.041228
v 0.228763 0.912082 -0.094546
v 0.228959 0.912667 -0.094242
v 0.240446 0.947988 -0.009568
v 0.239064 0.951416 -0.003862
v 0.237224 0.955312 0.002622
v 0.222270 0.974054 0.033813
v 0.221475 0.974857 0.035138
v 0.221110 0.975189 0.035652
v 0.219088 0.975501 0.034703
v 0.220735 0.975332 0.035688
v 0.242081 0.942552 -0.018867
v 0.131327 0.989099 -0.024396
v 0.129712 0.989009 -0.025282
v 0.138818 0.968077 -0.048910
v 0.138025 0.970043 -0.045638
v 0.136970 0.972277 -0.041920
v 0.128395 0.983024 -0.024034
v 0.127961 0.983482 -0.023261
v 0.127815 0.983667 -0.022927
v 0.226070 0.970136 0.027293
v 0.228951 0.967001 0.022075
v 0.232009 0.963350 0.015999
v 0.130575 0.980777 -0.027773
v 0.132227 0.978979 -0.030765
v 0.133980 0.976886 -0.034249
v 0.140221 0.964858 -0.054081
v 0.241998 0.943687 -0.016726
v 0.242284 0.942850 -0.018131
v 0.242343 0.942551 -0.018667
v 0.139708 0.965611 -0.053014
v 0.139895 0.965126 -0.053812
v 0.139999 0.964939 -0.054095
v 0.127939 0.983718 -0.022692
v 0.223101 0.980420 0.032383
v 0.222691 0.980516 0.032989
v 0.216468 0.981467 0.029086
v 0.220927 0.980983 0.031927
v 0.222468 0.980601 0.033010
v 0.242056 0.948523 -0.022094
v 0.243735 0.947926 -0.021369
v 0.234917 0.966268 0.005280
v 0.236544 0.965691 0.006255
v 0.129858 0.989022 -0.025843
v 0.129638 0.988978 -0.025421
v 0.243889 0.948442 -0.020837
v 0.243890 0.947925 -0.021250
v 0.141800 0.970652 -0.056415
v 0.141820 0.970250 -0.056590
v 0.141511 0.969239 -0.056153
v 0.243586 0.946899 -0.020838
v 0.128871 0.986869 -0.024322
v 0.129281 0.988029 -0.024881
v 0.221949 0.978437 0.034187
v 0.222305 0.979597 0.033579
v 0.141952 0.970202 -0.056582
v 0.139659 0.980882 -0.040243
v 0.137886 0.980826 -0.040894
v 0.158358 0.967612 -0.051416
v 0.158386 0.968124 -0.051233
v 0.158225 0.968768 -0.050385
v 0.145564 0.988256 -0.017952
v 0.145032 0.988666 -0.017046
v 0.144728 0.988563 -0.016548
v 0.208384 0.982823 0.022517
v 0.207989 0.982815 0.023173
v 0.227755 0.952432 -0.027393
v 0.227751 0.953033 -0.027061
v 0.210406 0.985659 0.053128
v 0.206971 0.988682 0.058158
v 0.202812 0.992071 0.063798
v 0.177024 1.007373 0.089266
v 0.175777 1.008004 0.090303
v 0.175235 1.008259 0.090690
v 0.173528 1.008257 0.089217
v 0.174846 1.008338 0.090619
v 0.215393 0.980783 0.044760
v 0.104294 1.008601 0.008062
v 0.103021 1.008267 0.006770
v 0.121557 0.989669 -0.012974
v 0.119588 0.991402 -0.010090
v 0.117203 0.993346 -0.006856
v 0.102416 1.002120 0.007748
v 0.101717 1.002483 0.008361
v 0.101457 1.002633 0.008639
v 0.183054 1.004286 0.084127
v 0.187728 1.001788 0.079970
v 0.192888 0.998831 0.075048
v 0.105873 1.000350 0.004801
v 0.108553 0.998917 0.002417
v 0.111513 0.997222 -0.000405
v 0.124831 0.986845 -0.017488
v 0.214542 0.981839 0.046770
v 0.215335 0.981093 0.045516
v 0.215587 0.980820 0.045024
v 0.123930 0.987478 -0.016620
v 0.124405 0.987049 -0.017325
v 0.124611 0.986889 -0.017565
v 0.101502 1.002699 0.008897
v 0.177156 1.013821 0.087971
v 0.176586 1.013834 0.088439
v 0.175128 1.014029 0.086925
v 0.176356 1.013880 0.088397
v 0.215271 0.986741 0.041512
v 0.216762 0.986412 0.042682
v 0.198097 1.002434 0.065470
v 0.199467 1.002110 0.066866
v 0.103311 1.008317 0.006270
v 0.102994 1.008228 0.006617
v 0.216678 0.986934 0.043224
v 0.216877 0.986434 0.042839
v 0.126014 0.992872 -0.019435
v 0.126147 0.992483 -0.019588
v 0.125900 0.991425 -0.019229
v 0.216645 0.985363 0.043176
v 0.102314 1.005997 0.007512
v 0.102664 1.007221 0.007060
v 0.175897 1.011634 0.089436
v 0.176210 1.012850 0.088923
v 0.126278 0.992457 -0.019543
v 0.117878 1.002234 -0.004707
v 0.116384 1.001902 -0.005816
v 0.140837 0.992482 -0.010026
v 0.140730 0.992987 -0.009855
v 0.140239 0.993576 -0.009098
v 0.116162 1.009962 0.018173
v 0.115342 1.010258 0.018889
v 0.114935 1.010095 0.019288
v 0.165514 1.013998 0.074402
v 0.164962 1.013910 0.074925
v 0.202526 0.988367 0.032413
v 0.202332 0.988952 0.032718
v 0.156588 1.017268 0.105734
v 0.151412 1.019539 0.109513
v 0.145319 1.022034 0.113666
v 0.111186 1.032110 0.130435
v 0.109609 1.032495 0.131063
v 0.108945 1.032645 0.131274
v 0.107749 1.032389 0.129380
v 0.108584 1.032658 0.131094
v 0.164486 1.013515 0.099236
v 0.065221 1.022986 0.032001
v 0.064440 1.022473 0.030411
v 0.090669 1.007779 0.017165
v 0.087702 1.009081 0.019333
v 0.084208 1.010512 0.021714
v 0.064635 1.016290 0.031330
v 0.063741 1.016514 0.031712
v 0.063392 1.016611 0.031901
v 0.118854 1.030217 0.127285
v 0.124864 1.028651 0.124678
v 0.131627 1.026734 0.121488
v 0.069032 1.015204 0.029523
v 0.072478 1.014306 0.028028
v 0.076357 1.013207 0.026199
v 0.095514 1.005663 0.013830
v 0.162936 1.014362 0.100897
v 0.164165 1.013793 0.099937
v 0.164588 1.013578 0.099543
v 0.094310 1.006112 0.014392
v 0.095030 1.005788 0.013861
v 0.095320 1.005670 0.013693
v 0.063350 1.016677 0.032160
v 0.110583 1.038517 0.129072
v 0.109911 1.038421 0.129360
v 0.106748 1.037716 0.122700
v 0.108929 1.038403 0.127492
v 0.109697 1.038429 0.129253
v 0.164277 1.019445 0.095940
v 0.165410 1.019344 0.097491
v 0.138638 1.031403 0.113683
v 0.139593 1.031282 0.115416
v 0.064847 1.022583 0.030013
v 0.064464 1.022433 0.030257
v 0.165089 1.019831 0.097974
v 0.165471 1.019382 0.097673
v 0.096158 1.011849 0.012149
v 0.096393 1.011492 0.012048
v 0.096237 1.010400 0.012349
v 0.165338 1.018279 0.097957
v 0.063948 1.020097 0.030979
v 0.064199 1.021375 0.030615
v 0.109351 1.036113 0.130175
v 0.109586 1.037377 0.129741
v 0.096508 1.011488 0.012129
v 0.082731 1.019330 0.023747
v 0.081690 1.018778 0.022269
v 0.107565 1.013747 0.025365
v 0.107330 1.014222 0.025486
v 0.106553 1.014700 0.026059
v 0.073343 1.026090 0.045014
v 0.072316 1.026225 0.045462
v 0.071847 1.025986 0.045734
v 0.103390 1.037052 0.112769
v 0.102735 1.036858 0.113116
v 0.154535 1.019109 0.083577
v 0.154166 1.019645 0.083800
v 0.087245 1.037671 0.139689
v 0.080925 1.038961 0.141837
v 0.073595 1.040312 0.144084
v 0.034978 1.044183 0.150528
v 0.033248 1.044286 0.150686
v 0.032536 1.044318 0.150702
v 0.031970 1.043912 0.148558
v 0.032242 1.044276 0.150430
v 0.097140 1.035435 0.135717
v 0.020178 1.029877 0.043470
v 0.019962 1.029279 0.041738
v 0.050891 1.019459 0.036605
v 0.047267 1.020199 0.037837
v 0.043064 1.020974 0.039125
v 0.020920 1.023194 0.042820
v 0.019931 1.023258 0.042935
v 0.019532 1.023290 0.043018
v 0.043421 1.043664 0.149664
v 0.050091 1.043180 0.148858
v 0.057693 1.042488 0.147706
v 0.025762 1.022896 0.042325
v 0.029586 1.022618 0.041862
v 0.033945 1.022222 0.041202
v 0.056750 1.018256 0.034789
v 0.095074 1.035974 0.136865
v 0.096597 1.035639 0.136295
v 0.097142 1.035507 0.136038
v 0.055380 1.018486 0.034985
v 0.056263 1.018298 0.034682
v 0.056603 1.018235 0.034604
v 0.019410 1.023343 0.043254
v 0.033721 1.050431 0.148901
v 0.033020 1.050219 0.148994
v 0.031984 1.049155 0.141738
v 0.032610 1.050082 0.146928
v 0.032846 1.050193 0.148832
v 0.096869 1.041324 0.132352
v 0.097529 1.041376 0.134158
v 0.065710 1.048439 0.142034
v 0.066156 1.048436 0.143966
v 0.020439 1.029465 0.041465
v 0.020035 1.029248 0.041598
v 0.097012 1.041792 0.134522
v 0.097530 1.041419 0.134349
v 0.056797 1.024502 0.033205
v 0.057106 1.024191 0.033182
v 0.057057 1.023081 0.033455
v 0.097509 1.040303 0.134611
v 0.019734 1.026842 0.042204
v 0.019860 1.028151 0.041893
v 0.032649 1.047831 0.149677
v 0.032781 1.049126 0.149295
v 0.057193 1.024204 0.033292
v 0.039640 1.029374 0.040462
v 0.039155 1.028692 0.038769
v 0.063629 1.027955 0.049010
v 0.063294 1.028381 0.049051
v 0.062321 1.028710 0.049375
v 0.023755 1.033979 0.058143
v 0.022637 1.033931 0.058287
v 0.022157 1.033611 0.058424
v 0.031659 1.048177 0.131284
v 0.030975 1.047869 0.131442
v 0.091118 1.039667 0.117790
v 0.090619 1.040129 0.117890
v 0.006387 1.045500 0.152719
v -0.000407 1.045637 0.152948
v -0.008192 1.045659 0.152983
v -0.047115 1.042712 0.148079
v -0.048810 1.042513 0.147736
v -0.049492 1.042423 0.147548
v -0.049347 1.041980 0.145342
v -0.049684 1.042338 0.147205
v 0.017233 1.045088 0.151782
v -0.028185 1.028768 0.041625
v -0.027793 1.028186 0.039920
v 0.004521 1.023928 0.044042
v 0.000626 1.024007 0.044173
v -0.003838 1.024019 0.044193
v -0.026157 1.022329 0.041381
v -0.027134 1.022220 0.041209
v -0.027540 1.022182 0.041173
v -0.038816 1.043665 0.149666
v -0.032212 1.044348 0.150801
v -0.024595 1.044994 0.151877
v -0.021399 1.022876 0.042291
v -0.017612 1.023267 0.042942
v -0.013244 1.023638 0.043559
v 0.010770 1.023789 0.043997
v 0.014865 1.045237 0.152281
v 0.016521 1.045182 0.152177
v 0.017130 1.045152 0.152089
v 0.009383 1.023777 0.043791
v 0.010334 1.023750 0.043756
v 0.010688 1.023748 0.043779
v -0.027731 1.022207 0.041364
v -0.048906 1.048692 0.146006
v -0.049557 1.048360 0.145901
v -0.048290 1.047317 0.138679
v -0.049334 1.048207 0.143808
v -0.049672 1.048310 0.145697
v 0.016927 1.050926 0.148333
v 0.017028 1.051046 0.150251
v -0.016436 1.052367 0.148573
v -0.016565 1.052393 0.150551
v -0.027298 1.028457 0.039789
v -0.027680 1.028171 0.039807
v 0.016365 1.051357 0.150442
v 0.016967 1.051083 0.150433
v 0.010198 1.029988 0.042337
v 0.010549 1.029736 0.042411
v 0.010615 1.028627 0.042686
v 0.017064 1.049974 0.150706
v -0.027724 1.025735 0.040362
v -0.027741 1.027054 0.040067
v -0.049694 1.045928 0.146510
v -0.049683 1.047236 0.146149
v 0.010598 1.029761 0.042540
v -0.008884 1.031675 0.044291
v -0.008743 1.030962 0.042547
v 0.011558 1.034162 0.059341
v 0.011157 1.034524 0.059274
v 0.010091 1.034673 0.059300
v -0.029684 1.033053 0.056603
v -0.030771 1.032811 0.056424
v -0.031208 1.032411 0.056426
v -0.045456 1.046559 0.128592
v -0.046093 1.046136 0.128557
v 0.015927 1.048675 0.132784
v 0.015348 1.049043 0.132726
v -0.076981 1.038712 0.141422
v -0.083460 1.037651 0.139656
v -0.090795 1.036307 0.137420
v -0.125452 1.026718 0.121461
v -0.126911 1.026235 0.120644
v -0.127482 1.026032 0.120268
v -0.126625 1.025679 0.118213
v -0.127547 1.025923 0.119885
v -0.066436 1.040232 0.143699
v -0.074172 1.019113 0.025556
v -0.073205 1.018653 0.024054
v -0.043272 1.020015 0.037529
v -0.046988 1.019406 0.036517
v -0.051194 1.018636 0.035234
v -0.071067 1.013137 0.026083
v -0.071916 1.012863 0.025636
v -0.072281 1.012755 0.025485
v -0.118277 1.029068 0.125372
v -0.112518 1.030867 0.128366
v -0.105781 1.032809 0.131598
v -0.066953 1.014485 0.028326
v -0.063650 1.015516 0.030042
v -0.059787 1.016630 0.031895
v -0.037359 1.020974 0.039312
v -0.068834 1.039950 0.143482
v -0.067237 1.040188 0.143866
v -0.066633 1.040268 0.143961
v -0.038601 1.020724 0.038710
v -0.037692 1.020866 0.038955
v -0.037365 1.020924 0.039080
v -0.072520 1.012741 0.025611
v -0.127579 1.032344 0.118798
v -0.128103 1.031907 0.118518
v -0.124623 1.031292 0.112009
v -0.127256 1.031850 0.116585
v -0.128142 1.031842 0.118291
v -0.066741 1.046014 0.140159
v -0.067226 1.046099 0.142018
v -0.098437 1.041582 0.130623
v -0.099139 1.041532 0.132476
v -0.072748 1.019010 0.024067
v -0.073063 1.018661 0.023980
v -0.067960 1.046284 0.141999
v -0.067343 1.046120 0.142173
v -0.038499 1.027019 0.037394
v -0.038146 1.026830 0.037574
v -0.037970 1.025743 0.037885
v -0.067137 1.045038 0.142492
v -0.072840 1.016241 0.024562
v -0.073000 1.017544 0.024240
v -0.127983 1.029473 0.119124
v -0.128096 1.030771 0.118748
v -0.038142 1.026859 0.037712
v -0.057308 1.025284 0.033655
v -0.056542 1.024653 0.032047
v -0.042908 1.030917 0.053940
v -0.043329 1.031204 0.053750
v -0.044366 1.031164 0.053459
v -0.080699 1.022673 0.039328
v -0.081627 1.022249 0.038846
v -0.081968 1.021778 0.038731
v -0.118885 1.031308 0.103210
v -0.119399 1.030780 0.103001
v -0.062754 1.044033 0.125057
v -0.063345 1.044295 0.124824
v -0.145296 1.019976 0.110241
v -0.150806 1.017925 0.106827
v -0.156958 1.015468 0.102738
v -0.184057 1.000779 0.078290
v -0.185146 1.000085 0.077123
v -0.185554 0.999801 0.076613
v -0.184132 0.999636 0.074871
v -0.185496 0.999692 0.076229
v -0.136135 1.023123 0.115226
v -0.108421 1.003654 -0.000171
v -0.107026 1.003390 -0.001348
v -0.082424 1.009255 0.019621
v -0.085584 1.008079 0.017664
v -0.089111 1.006670 0.015319
v -0.104650 0.998246 0.001301
v -0.105293 0.997849 0.000649
v -0.105582 0.997688 0.000408
v -0.178668 1.004166 0.083929
v -0.174289 1.006802 0.088315
v -0.169069 1.009732 0.093191
v -0.101560 1.000189 0.004534
v -0.099049 1.001700 0.007049
v -0.096056 1.003380 0.009845
v -0.077439 1.011114 0.022902
v -0.138309 1.022464 0.114381
v -0.136933 1.022948 0.115174
v -0.136397 1.023121 0.115425
v -0.078418 1.010681 0.021995
v -0.077642 1.010961 0.022471
v -0.077375 1.011069 0.022679
v -0.105840 0.997633 0.000465
v -0.186269 1.006046 0.075031
v -0.186621 1.005536 0.074630
v -0.181472 1.005634 0.069307
v -0.185289 1.005660 0.072997
v -0.186587 1.005472 0.074403
v -0.136406 1.028859 0.111606
v -0.137379 1.028823 0.113265
v -0.163244 1.019592 0.094026
v -0.164400 1.019389 0.095624
v -0.106653 1.003816 -0.001222
v -0.106872 1.003422 -0.001382
v -0.138101 1.028888 0.113046
v -0.137535 1.028822 0.113383
v -0.078982 1.016937 0.020616
v -0.078664 1.016804 0.020888
v -0.078405 1.015753 0.021259
v -0.137251 1.027780 0.113769
v -0.106427 1.001058 -0.000708
v -0.106703 1.002324 -0.001090
v -0.186278 1.003141 0.075300
v -0.186493 1.004412 0.074879
v -0.078702 1.016830 0.021021
v -0.095567 1.012280 0.012013
v -0.094307 1.011816 0.010683
v -0.088232 1.019707 0.035285
v -0.088627 1.019928 0.034982
v -0.089527 1.019727 0.034425
v -0.118885 1.005811 0.011265
v -0.119569 1.005254 0.010562
v -0.119787 1.004737 0.010370
v -0.173666 1.006769 0.062370
v -0.174014 1.006170 0.062043
v -0.128253 1.027880 0.098174
v -0.128794 1.028048 0.097784
v -0.198134 0.991683 0.063152
v -0.202150 0.988857 0.058450
v -0.206533 0.985543 0.052935
v -0.223529 0.967269 0.022522
v -0.224147 0.966437 0.021123
v -0.224356 0.966103 0.020529
v -0.222517 0.966203 0.019228
v -0.224183 0.966012 0.020177
v -0.191234 0.996135 0.070310
v -0.131312 0.983791 -0.033229
v -0.129631 0.983777 -0.033990
v -0.112693 0.993018 -0.007400
v -0.114996 0.991398 -0.010097
v -0.117509 0.989498 -0.013259
v -0.127255 0.979019 -0.030698
v -0.127631 0.978539 -0.031488
v -0.127817 0.978339 -0.031793
v -0.220429 0.971347 0.029308
v -0.217839 0.974550 0.034638
v -0.214625 0.978165 0.040654
v -0.125477 0.981358 -0.026807
v -0.123992 0.983194 -0.023750
v -0.122149 0.985267 -0.020301
v -0.109112 0.995574 -0.002960
v -0.192975 0.995158 0.068936
v -0.191952 0.995837 0.070053
v -0.191536 0.996088 0.070433
v -0.109735 0.995011 -0.004084
v -0.109167 0.995401 -0.003426
v -0.108985 0.995545 -0.003158
v -0.128069 0.978243 -0.031805
v -0.225610 0.972188 0.018682
v -0.225758 0.971637 0.018213
v -0.219469 0.972665 0.014438
v -0.224079 0.972006 0.016987
v -0.225655 0.971584 0.018004
v -0.191447 1.001831 0.066626
v -0.192805 1.001606 0.067969
v -0.210868 0.988804 0.042786
v -0.212358 0.988386 0.044026
v -0.129378 0.984253 -0.033779
v -0.129482 0.983834 -0.033983
v -0.193444 1.001561 0.067566
v -0.192984 1.001578 0.068042
v -0.110900 1.001127 -0.005697
v -0.110648 1.001039 -0.005348
v -0.110333 1.000035 -0.004899
v -0.192650 1.000586 0.068511
v -0.128861 0.981556 -0.033165
v -0.129224 0.982771 -0.033633
v -0.225228 0.969313 0.019001
v -0.225524 0.970543 0.018511
v -0.110723 1.001057 -0.005231
v -0.123668 0.994083 -0.018272
v -0.122044 0.993854 -0.019212
v -0.124012 1.002079 0.005946
v -0.124343 1.002240 0.005545
v -0.125021 1.001912 0.004775
v -0.144629 0.984015 -0.025010
v -0.145005 0.983372 -0.025857
v -0.145080 0.982831 -0.026088
v -0.210391 0.975173 0.009785
v -0.210541 0.974533 0.009390
v -0.179988 1.002447 0.055846
v -0.180427 1.002535 0.055324
v -0.232324 0.954932 0.001989
v -0.234377 0.951593 -0.003567
v -0.236475 0.947732 -0.009993
v -0.241247 0.927619 -0.043467
v -0.241313 0.926729 -0.044961
v -0.241293 0.926379 -0.045582
v -0.239211 0.926811 -0.046331
v -0.241017 0.926327 -0.045871
v -0.228478 0.960292 0.010658
v -0.141314 0.960373 -0.072204
v -0.139511 0.960653 -0.072474
v -0.132261 0.971938 -0.042484
v -0.133439 0.970024 -0.045670
v -0.134642 0.967810 -0.049354
v -0.137378 0.956277 -0.068549
v -0.137439 0.955759 -0.069400
v -0.137499 0.955539 -0.069740
v -0.240838 0.931994 -0.036187
v -0.240370 0.935454 -0.030427
v -0.239567 0.939409 -0.023846
v -0.137143 0.958785 -0.064374
v -0.136875 0.960769 -0.061072
v -0.136414 0.963037 -0.057298
v -0.130504 0.974945 -0.037294
v -0.229590 0.959073 0.008882
v -0.229039 0.959886 0.010221
v -0.228790 0.960193 0.010694
v -0.130694 0.974313 -0.038531
v -0.130400 0.974775 -0.037753
v -0.130324 0.974941 -0.037448
v -0.137718 0.955402 -0.069818
v -0.242977 0.932216 -0.047842
v -0.242898 0.931660 -0.048321
v -0.236074 0.933795 -0.050253
v -0.241032 0.932328 -0.049048
v -0.242734 0.931629 -0.048492
v -0.228608 0.965959 0.006925
v -0.230225 0.965483 0.007850
v -0.238341 0.950469 -0.021014
v -0.240023 0.949783 -0.020219
v -0.139407 0.961160 -0.072213
v -0.139381 0.960734 -0.072428
v -0.230713 0.965342 0.007288
v -0.230410 0.965423 0.007871
v -0.132362 0.980189 -0.040543
v -0.132205 0.980136 -0.040137
v -0.131864 0.979188 -0.039596
v -0.230060 0.964490 0.008437
v -0.138641 0.958570 -0.071418
v -0.139057 0.959720 -0.071996
v -0.242229 0.929437 -0.047364
v -0.242577 0.930612 -0.047945
v -0.132311 0.980138 -0.040045
v -0.139859 0.971434 -0.055967
v -0.138026 0.971496 -0.056421
v -0.148132 0.978701 -0.032961
v -0.148362 0.978815 -0.033441
v -0.148740 0.978398 -0.034359
v -0.156220 0.958213 -0.067952
v -0.156240 0.957536 -0.068855
v -0.156158 0.956996 -0.069085
v -0.226610 0.937869 -0.052299
v -0.226539 0.937223 -0.052704
v -0.214899 0.968701 -0.000317
v -0.215187 0.968728 -0.000940
v -0.241820 0.913253 -0.067376
v -0.241629 0.909753 -0.073202
v -0.241146 0.905751 -0.079862
v -0.232818 0.885948 -0.112820
v -0.232308 0.885096 -0.114250
v -0.232055 0.884770 -0.114831
v -0.229951 0.885566 -0.114974
v -0.231704 0.884772 -0.115030
v -0.241537 0.918973 -0.058109
v -0.135885 0.935840 -0.113033
v -0.134153 0.936428 -0.112792
v -0.137666 0.948038 -0.082260
v -0.137556 0.946031 -0.085600
v -0.137280 0.943736 -0.089419
v -0.132504 0.932381 -0.108318
v -0.132234 0.931882 -0.109139
v -0.132157 0.931663 -0.109476
v -0.235223 0.890148 -0.105829
v -0.236989 0.893496 -0.100258
v -0.238754 0.897367 -0.093816
v -0.133883 0.934789 -0.104309
v -0.134896 0.936709 -0.101115
v -0.135908 0.938929 -0.097421
v -0.137977 0.951171 -0.076860
v -0.241881 0.917628 -0.060096
v -0.241875 0.918488 -0.058676
v -0.241825 0.918821 -0.058160
v -0.137701 0.950547 -0.078085
v -0.137721 0.951033 -0.077267
v -0.137764 0.951202 -0.076958
v -0.132320 0.931493 -0.109610
v -0.233996 0.890291 -0.117617
v -0.233693 0.889768 -0.118040
v -0.227065 0.893075 -0.118023
v -0.231839 0.890760 -0.118228
v -0.233485 0.889769 -0.118158
v -0.241567 0.924626 -0.061865
v -0.243275 0.923860 -0.061422
v -0.240267 0.908402 -0.091025
v -0.241963 0.907422 -0.090721
v -0.134214 0.936938 -0.112524
v -0.134057 0.936528 -0.112712
v -0.243554 0.923653 -0.062094
v -0.243446 0.923770 -0.061452
v -0.139705 0.956103 -0.080629
v -0.139661 0.956068 -0.080193
v -0.139331 0.955178 -0.079555
v -0.243116 0.922895 -0.060788
v -0.133277 0.934497 -0.111483
v -0.133701 0.935573 -0.112182
v -0.232954 0.887667 -0.116880
v -0.233319 0.888781 -0.117564
v -0.139788 0.956050 -0.080135
v -0.140958 0.946586 -0.097321
v -0.139109 0.946969 -0.097241
v -0.156483 0.951782 -0.077762
v -0.156584 0.951867 -0.078290
v -0.156611 0.951414 -0.079267
v -0.150795 0.931084 -0.113102
v -0.150444 0.930436 -0.113957
v -0.150211 0.929923 -0.114141
v -0.218241 0.898740 -0.117419
v -0.217949 0.898126 -0.117772
v -0.227045 0.929825 -0.065016
v -0.227145 0.929819 -0.065696
v -0.224799 0.873062 -0.134265
v -0.222427 0.869781 -0.139727
v -0.219466 0.866073 -0.145898
v -0.199187 0.848709 -0.174795
v -0.198168 0.847988 -0.176008
v -0.197714 0.847722 -0.176489
v -0.195814 0.848860 -0.176064
v -0.197327 0.847787 -0.176582
v -0.228042 0.878530 -0.125418
v -0.115654 0.913994 -0.149391
v -0.114179 0.914855 -0.148695
v -0.127868 0.924998 -0.120604
v -0.126508 0.923117 -0.123736
v -0.124810 0.920990 -0.127275
v -0.113181 0.911034 -0.143845
v -0.112617 0.910606 -0.144548
v -0.112414 0.910411 -0.144845
v -0.204093 0.852286 -0.168842
v -0.207860 0.855162 -0.164056
v -0.211954 0.858533 -0.158446
v -0.115995 0.913085 -0.140432
v -0.118155 0.914734 -0.137687
v -0.120502 0.916667 -0.134470
v -0.130175 0.927908 -0.115576
v -0.227595 0.877193 -0.127390
v -0.228125 0.878009 -0.126044
v -0.228275 0.878334 -0.125543
v -0.129471 0.927367 -0.116662
v -0.129797 0.927824 -0.115893
v -0.129951 0.927976 -0.115612
v -0.112503 0.910220 -0.145014
v -0.199698 0.852909 -0.179832
v -0.199207 0.852454 -0.180142
v -0.193487 0.856813 -0.178372
v -0.197565 0.853743 -0.179834
v -0.198978 0.852492 -0.180198
v -0.227971 0.884187 -0.129168
v -0.229583 0.883137 -0.129196
v -0.215989 0.869096 -0.156442
v -0.217516 0.867840 -0.156595
v -0.114395 0.915342 -0.148466
v -0.114126 0.914969 -0.148594
v -0.229627 0.882902 -0.129914
v -0.229721 0.883021 -0.129270
v -0.131588 0.932572 -0.119791
v -0.131661 0.932534 -0.119360
v -0.131377 0.931697 -0.118634
v -0.229447 0.882198 -0.128520
v -0.113390 0.913067 -0.147149
v -0.113777 0.914074 -0.147964
v -0.198480 0.850478 -0.178774
v -0.198821 0.851531 -0.179558
v -0.131794 0.932494 -0.119339
v -0.126581 0.923375 -0.135950
v -0.124917 0.924058 -0.135371
v -0.147545 0.925459 -0.121571
v -0.147509 0.925538 -0.122109
v -0.147190 0.925110 -0.123044
v -0.128959 0.906831 -0.153465
v -0.128283 0.906271 -0.154174
v -0.127927 0.905809 -0.154275
v -0.186241 0.863850 -0.175487
v -0.185766 0.863301 -0.175731
v -0.214216 0.891798 -0.128305
v -0.214122 0.891791 -0.128986
v -0.185505 0.839048 -0.190875
v -0.181272 0.836307 -0.195435
v -0.176221 0.833256 -0.200513
v -0.146477 0.819994 -0.222585
v -0.145070 0.819472 -0.223467
v -0.144468 0.819292 -0.223804
v -0.142958 0.820709 -0.222913
v -0.144086 0.819420 -0.223793
v -0.191816 0.843732 -0.183331
v -0.084273 0.897227 -0.177297
v -0.083194 0.898297 -0.176252
v -0.105305 0.905505 -0.153046
v -0.102878 0.903934 -0.155661
v -0.099982 0.902185 -0.158573
v -0.082926 0.894580 -0.171230
v -0.082134 0.894263 -0.171747
v -0.081831 0.894109 -0.171975
v -0.153297 0.822610 -0.218232
v -0.158612 0.824741 -0.214685
v -0.164535 0.827291 -0.210442
v -0.086837 0.896080 -0.168733
v -0.089884 0.897302 -0.166700
v -0.093281 0.898764 -0.164266
v -0.109302 0.907898 -0.148878
v -0.190653 0.842527 -0.185084
v -0.191645 0.843219 -0.183946
v -0.191973 0.843504 -0.183509
v -0.108257 0.907501 -0.149726
v -0.108845 0.907882 -0.149081
v -0.109090 0.908002 -0.148854
v -0.081840 0.893910 -0.172158
v -0.146295 0.824167 -0.227667
v -0.145672 0.823803 -0.227825
v -0.141403 0.828981 -0.224693
v -0.144399 0.825331 -0.227120
v -0.145446 0.823879 -0.227819
v -0.191655 0.849408 -0.187050
v -0.193012 0.848115 -0.187483
v -0.170593 0.837026 -0.209816
v -0.171803 0.835546 -0.210342
v -0.083539 0.898738 -0.176100
v -0.083189 0.898415 -0.176143
v -0.192825 0.847892 -0.188181
v -0.193106 0.847979 -0.187588
v -0.110268 0.912367 -0.153417
v -0.110447 0.912309 -0.153021
v -0.110236 0.911512 -0.152228
v -0.192913 0.847195 -0.186775
v -0.082570 0.896624 -0.174514
v -0.082882 0.897574 -0.175424
v -0.145029 0.821939 -0.226270
v -0.145313 0.822941 -0.227139
v -0.110573 0.912247 -0.153035
v -0.099738 0.904444 -0.167457
v -0.098419 0.905371 -0.166471
v -0.123826 0.902834 -0.159225
v -0.123661 0.902930 -0.159735
v -0.123040 0.902579 -0.160542
v -0.094692 0.888119 -0.184608
v -0.093771 0.887690 -0.185099
v -0.093331 0.887292 -0.185091
v -0.136408 0.837021 -0.220138
v -0.135804 0.836561 -0.220234
v -0.180027 0.859100 -0.182723
v -0.179756 0.859123 -0.183354
v -0.127271 0.812877 -0.234430
v -0.121589 0.810954 -0.237630
v -0.114941 0.808868 -0.241103
v -0.078644 0.801051 -0.254112
v -0.076988 0.800781 -0.254573
v -0.076297 0.800709 -0.254732
v -0.075328 0.802330 -0.253501
v -0.075958 0.800896 -0.254622
v -0.136039 0.816317 -0.228956
v -0.044089 0.886263 -0.195544
v -0.043516 0.887469 -0.194272
v -0.071891 0.890515 -0.177995
v -0.068632 0.889412 -0.179830
v -0.064820 0.888216 -0.181821
v -0.044007 0.883734 -0.189280
v -0.043065 0.883560 -0.189560
v -0.042692 0.883462 -0.189696
v -0.086709 0.802439 -0.251801
v -0.093050 0.803609 -0.249854
v -0.100223 0.805079 -0.247408
v -0.048632 0.884530 -0.187956
v -0.052268 0.885200 -0.186839
v -0.056381 0.886043 -0.185436
v -0.077188 0.892141 -0.175102
v -0.134271 0.815355 -0.230307
v -0.135629 0.815852 -0.229491
v -0.136104 0.816071 -0.229165
v -0.075904 0.891935 -0.175630
v -0.076697 0.892203 -0.175175
v -0.077009 0.892277 -0.175025
v -0.042619 0.883268 -0.189869
v -0.077782 0.805310 -0.259050
v -0.077090 0.805054 -0.259028
v -0.074705 0.810782 -0.254982
v -0.076315 0.806752 -0.258041
v -0.076889 0.805165 -0.258962
v -0.135804 0.822026 -0.232621
v -0.136769 0.820542 -0.233372
v -0.107711 0.813697 -0.248640
v -0.108482 0.812054 -0.249439
v -0.043954 0.887846 -0.194228
v -0.043559 0.887584 -0.194169
v -0.136369 0.820367 -0.233990
v -0.136808 0.820395 -0.233496
v -0.077610 0.896495 -0.179832
v -0.077877 0.896400 -0.179497
v -0.077760 0.895630 -0.178659
v -0.136717 0.819634 -0.232643
v -0.043119 0.885881 -0.192394
v -0.043325 0.886788 -0.193375
v -0.076596 0.803285 -0.257316
v -0.076794 0.804247 -0.258252
v -0.077982 0.896320 -0.179543
v -0.062575 0.890680 -0.190363
v -0.061735 0.891786 -0.189081
v -0.087402 0.885037 -0.188844
v -0.087125 0.885169 -0.189294
v -0.086263 0.884941 -0.189897
v -0.050566 0.875762 -0.205173
v -0.049490 0.875497 -0.205391
v -0.049011 0.875176 -0.205256
v -0.072472 0.819417 -0.249435
v -0.071798 0.819063 -0.249356
v -0.127473 0.833364 -0.225555
v -0.127050 0.833444 -0.226091
v -0.055475 0.797301 -0.260353
v -0.048906 0.796397 -0.261857
v -0.041321 0.795494 -0.263360
v -0.002093 0.793957 -0.265919
v -0.000352 0.793969 -0.265911
v 0.000358 0.794013 -0.265876
v 0.000683 0.795742 -0.264466
v 0.000620 0.794250 -0.265683
v -0.065831 0.799152 -0.257525
v 0.001102 0.882307 -0.202128
v 0.001108 0.883561 -0.200776
v -0.030709 0.881602 -0.192828
v -0.026943 0.881084 -0.193690
v -0.022594 0.880566 -0.194552
v -0.000100 0.879684 -0.196019
v 0.000898 0.879672 -0.196030
v 0.001305 0.879639 -0.196058
v -0.010596 0.793967 -0.265901
v -0.017330 0.794050 -0.265763
v -0.025036 0.794283 -0.265375
v -0.004975 0.879691 -0.196009
v -0.008837 0.879738 -0.195930
v -0.013256 0.879872 -0.195708
v -0.036781 0.882283 -0.191508
v -0.063633 0.798519 -0.258326
v -0.065222 0.798771 -0.257919
v -0.065796 0.798903 -0.257738
v -0.035387 0.882300 -0.191666
v -0.036306 0.882426 -0.191447
v -0.036655 0.882445 -0.191389
v 0.001452 0.879463 -0.196202
v -0.000632 0.798408 -0.270536
v 0.000060 0.798268 -0.270322
v 0.000304 0.804214 -0.265913
v 0.000254 0.800046 -0.269201
v 0.000215 0.798409 -0.270208
v -0.065544 0.804904 -0.261117
v -0.066018 0.803300 -0.262067
v -0.033208 0.801599 -0.268775
v -0.033458 0.799871 -0.269715
v 0.000618 0.883861 -0.200860
v 0.001020 0.883666 -0.200691
v -0.065442 0.803206 -0.262551
v -0.065997 0.803152 -0.262194
v -0.036612 0.886617 -0.196273
v -0.036940 0.886472 -0.196020
v -0.036931 0.885713 -0.195164
v -0.066017 0.802396 -0.261331
v 0.001235 0.882017 -0.198825
v 0.001157 0.882900 -0.199845
v 0.000354 0.796564 -0.268502
v 0.000263 0.797502 -0.269477
v -0.037015 0.886377 -0.196091
v -0.018558 0.883553 -0.202225
v -0.018285 0.884751 -0.200789
v -0.041620 0.873928 -0.207333
v -0.041257 0.874113 -0.207694
v -0.040238 0.874041 -0.208037
v -0.000747 0.871114 -0.212909
v 0.000375 0.871032 -0.212823
v 0.000846 0.870789 -0.212557
v -0.000472 0.812971 -0.260164
v 0.000205 0.812728 -0.259898
v -0.061380 0.817280 -0.252322
v -0.060847 0.817440 -0.252726
v 0.026117 0.794333 -0.265292
v 0.032897 0.794596 -0.264855
v 0.040635 0.795032 -0.264129
v 0.078652 0.800247 -0.255451
v 0.080291 0.800555 -0.254951
v 0.080944 0.800717 -0.254717
v 0.080558 0.802441 -0.253317
v 0.081097 0.800991 -0.254464
v 0.015226 0.794327 -0.265555
v 0.048616 0.886250 -0.195564
v 0.048026 0.887454 -0.194297
v 0.016075 0.879921 -0.195625
v 0.019963 0.880072 -0.195374
v 0.024400 0.880322 -0.194958
v 0.046200 0.883312 -0.189982
v 0.047147 0.883470 -0.189710
v 0.047545 0.883507 -0.189621
v 0.070618 0.798812 -0.257838
v 0.064209 0.797746 -0.259612
v 0.056784 0.796656 -0.261426
v 0.041593 0.882489 -0.191351
v 0.037918 0.881878 -0.192368
v 0.033661 0.881253 -0.193408
v 0.009855 0.879528 -0.196094
v 0.017636 0.794097 -0.265686
v 0.015977 0.794065 -0.265751
v 0.015361 0.794093 -0.265743
v 0.011212 0.879786 -0.195851
v 0.010262 0.879748 -0.195904
v 0.009913 0.879705 -0.195947
v 0.047754 0.883362 -0.189712
v 0.080580 0.804994 -0.259575
v 0.081197 0.804968 -0.259171
v 0.079170 0.810758 -0.255020
v 0.080761 0.806725 -0.258085
v 0.081287 0.805131 -0.259020
v 0.015535 0.800131 -0.269060
v 0.015630 0.798494 -0.270066
v 0.048788 0.802559 -0.267177
v 0.049111 0.800838 -0.268107
v 0.047537 0.887668 -0.194524
v 0.047902 0.887540 -0.194243
v 0.016325 0.798511 -0.270364
v 0.015710 0.798355 -0.270178
v 0.010626 0.883944 -0.200722
v 0.010269 0.883739 -0.200568
v 0.010165 0.882971 -0.199727
v 0.015576 0.797586 -0.269338
v 0.047857 0.885906 -0.192353
v 0.047922 0.886788 -0.193375
v 0.081250 0.803295 -0.257300
v 0.081279 0.804228 -0.258284
v 0.010234 0.883634 -0.200655
v 0.029873 0.884140 -0.201248
v 0.029520 0.885331 -0.199823
v 0.011182 0.870866 -0.212429
v 0.011595 0.871119 -0.212677
v 0.012666 0.871229 -0.212716
v 0.051822 0.875176 -0.206148
v 0.052871 0.875284 -0.205746
v 0.053281 0.875119 -0.205351
v 0.075324 0.819112 -0.249944
v 0.075929 0.818981 -0.249492
v 0.014876 0.812814 -0.259756
v 0.015467 0.813072 -0.259996
v 0.105653 0.805542 -0.246637
v 0.111878 0.806951 -0.244292
v 0.118894 0.808688 -0.241402
v 0.151381 0.820116 -0.222382
v 0.152732 0.820688 -0.221444
v 0.153253 0.820954 -0.221038
v 0.152195 0.822551 -0.219849
v 0.153278 0.821243 -0.220758
v 0.095458 0.803677 -0.249993
v 0.091256 0.898174 -0.175721
v 0.090132 0.899226 -0.174705
v 0.061669 0.886369 -0.184895
v 0.065238 0.887176 -0.183551
v 0.069261 0.888172 -0.181893
v 0.087890 0.894725 -0.170987
v 0.088679 0.895036 -0.170460
v 0.089022 0.895138 -0.170263
v 0.144731 0.817387 -0.226924
v 0.139374 0.815284 -0.230424
v 0.133076 0.812985 -0.234250
v 0.084076 0.893161 -0.173591
v 0.081005 0.891955 -0.175598
v 0.077393 0.890636 -0.177792
v 0.056003 0.884928 -0.187107
v 0.097808 0.803866 -0.249426
v 0.096267 0.803553 -0.249960
v 0.095680 0.803474 -0.250129
v 0.057170 0.885408 -0.186495
v 0.056295 0.885209 -0.186815
v 0.055986 0.885109 -0.186955
v 0.089270 0.895034 -0.170287
v 0.153562 0.825226 -0.225903
v 0.154033 0.825296 -0.225340
v 0.153012 0.826925 -0.224468
v 0.154048 0.825468 -0.225174
v 0.095755 0.809535 -0.253410
v 0.096411 0.807964 -0.254305
v 0.126163 0.817574 -0.242189
v 0.127028 0.815957 -0.242944
v 0.089699 0.899359 -0.175067
v 0.089985 0.899288 -0.174691
v 0.097149 0.808108 -0.254393
v 0.096543 0.807843 -0.254386
v 0.057293 0.889525 -0.191433
v 0.056947 0.889259 -0.191383
v 0.056741 0.888463 -0.190587
v 0.096308 0.807042 -0.253600
v 0.089684 0.897623 -0.172851
v 0.089886 0.898529 -0.173834
v 0.153836 0.823610 -0.223490
v 0.153985 0.824558 -0.224448
v 0.056958 0.889151 -0.191473
v 0.075561 0.893028 -0.186457
v 0.074619 0.894104 -0.185222
v 0.063394 0.877034 -0.202164
v 0.063811 0.877360 -0.202290
v 0.064813 0.877653 -0.202025
v 0.099193 0.888081 -0.184670
v 0.100049 0.888357 -0.183989
v 0.100352 0.888254 -0.183490
v 0.143442 0.837988 -0.218528
v 0.143906 0.837952 -0.217919
v 0.090310 0.821680 -0.245001
v 0.090890 0.822041 -0.245069
v 0.173722 0.829884 -0.206126
v 0.178675 0.832283 -0.202133
v 0.184161 0.835127 -0.197400
v 0.207368 0.851489 -0.170168
v 0.208273 0.852260 -0.168898
v 0.208603 0.852602 -0.168366
v 0.206990 0.853962 -0.167571
v 0.208496 0.852884 -0.168099
v 0.165395 0.826378 -0.212213
v 0.123902 0.916826 -0.144677
v 0.122371 0.917644 -0.144053
v 0.100674 0.900343 -0.161638
v 0.103514 0.901718 -0.159349
v 0.106660 0.903349 -0.156635
v 0.119967 0.912731 -0.141020
v 0.120506 0.913160 -0.140298
v 0.120755 0.913315 -0.140012
v 0.202870 0.847773 -0.176354
v 0.199185 0.844869 -0.181187
v 0.194740 0.841618 -0.186597
v 0.117387 0.910600 -0.144567
v 0.115275 0.908935 -0.147338
v 0.112726 0.907071 -0.150440
v 0.096215 0.898005 -0.165343
v 0.167414 0.826954 -0.211002
v 0.166169 0.826394 -0.211947
v 0.165677 0.826220 -0.212274
v 0.097057 0.898663 -0.164434
v 0.096359 0.898325 -0.164987
v 0.096124 0.898176 -0.165207
v 0.121014 0.913255 -0.139962
v 0.209552 0.856986 -0.173046
v 0.209823 0.857121 -0.172373
v 0.204136 0.861507 -0.170561
v 0.208330 0.858527 -0.171872
v 0.209759 0.857289 -0.172215
v 0.165645 0.832284 -0.215549
v 0.166790 0.830873 -0.216179
v 0.189708 0.845149 -0.196297
v 0.191018 0.843724 -0.196731
v 0.122043 0.917709 -0.144527
v 0.122217 0.917679 -0.144083
v 0.167486 0.831144 -0.216055
v 0.166958 0.830779 -0.216215
v 0.097879 0.902864 -0.169234
v 0.097584 0.902541 -0.169277
v 0.097299 0.901702 -0.168554
v 0.166650 0.829929 -0.215509
v 0.121693 0.915941 -0.142365
v 0.122009 0.916893 -0.143272
v 0.209397 0.855380 -0.170615
v 0.209649 0.856364 -0.171514
v 0.097638 0.902439 -0.169358
v 0.113069 0.909330 -0.159324
v 0.111642 0.910197 -0.158439
v 0.108852 0.891885 -0.177447
v 0.109225 0.892282 -0.177457
v 0.110043 0.892736 -0.176924
v 0.135682 0.908481 -0.150720
v 0.136246 0.908882 -0.149829
v 0.136407 0.908821 -0.149262
v 0.195706 0.867625 -0.169204
v 0.195975 0.867653 -0.168488
v 0.156014 0.843093 -0.209362
v 0.156519 0.843551 -0.209270
v 0.256197 0.721046 -0.276036
v 0.254094 0.720033 -0.277777
v 0.253345 0.719755 -0.278399
v 0.313507 0.753733 -0.221636
v 0.305052 0.747955 -0.231253
v 0.253151 0.719898 -0.278322
v 0.295403 0.741980 -0.241011
v 0.329716 0.768419 -0.198822
v 0.331452 0.767311 -0.199413
v 0.193706 0.807948 -0.210365
v 0.200384 0.811579 -0.204323
v 0.231815 0.832395 -0.169708
v 0.232310 0.832730 -0.169240
v 0.329300 0.765295 -0.202394
v 0.330988 0.766582 -0.200305
v 0.331577 0.767121 -0.199569
v 0.219612 0.823626 -0.184272
v 0.213750 0.819668 -0.190860
v 0.275863 0.730954 -0.259548
v 0.285629 0.736202 -0.250813
v 0.178887 0.800353 -0.223036
v 0.178437 0.800111 -0.223526
v 0.255273 0.723954 -0.281303
v 0.254495 0.723579 -0.281837
v 0.314696 0.757687 -0.225191
v 0.306241 0.751908 -0.234809
v 0.253001 0.725172 -0.280850
v 0.254301 0.723721 -0.281760
v 0.296674 0.746210 -0.244815
v 0.326109 0.775526 -0.200896
v 0.330895 0.772340 -0.202348
v 0.332602 0.771135 -0.202851
v 0.194895 0.811902 -0.213921
v 0.201573 0.815533 -0.207878
v 0.231799 0.835481 -0.174679
v 0.232994 0.836317 -0.173234
v 0.233460 0.836554 -0.172678
v 0.332167 0.770504 -0.203831
v 0.332727 0.770945 -0.203007
v 0.220801 0.827580 -0.187827
v 0.214939 0.823622 -0.194416
v 0.277052 0.734908 -0.263103
v 0.286818 0.740156 -0.254368
v 0.181489 0.805027 -0.225363
v 0.180066 0.804274 -0.226562
v 0.179586 0.803935 -0.226965
v 0.178508 0.800606 -0.223961
v 0.178470 0.800313 -0.223750
v 0.295815 0.742097 -0.241491
v 0.331866 0.767643 -0.199888
v 0.331724 0.767400 -0.199665
v 0.233337 0.836156 -0.172153
v 0.233450 0.836376 -0.172413
v 0.253464 0.720166 -0.278902
v 0.253364 0.719950 -0.278635
v 0.179371 0.803476 -0.226542
v 0.179488 0.803700 -0.226796
v 0.208254 0.819370 -0.201004
v 0.332729 0.770512 -0.202469
v 0.332742 0.770787 -0.202711
v 0.232475 0.833286 -0.169573
v 0.232432 0.832989 -0.169368
v 0.254327 0.723036 -0.281482
v 0.254382 0.723337 -0.281680
v 0.178550 0.799925 -0.223675
v 0.207399 0.815254 -0.197682
v 0.239126 0.828280 -0.171126
v 0.232579 0.832641 -0.169225
v 0.181010 0.802382 -0.228131
v 0.179700 0.803748 -0.227113
v 0.208671 0.819484 -0.201485
v 0.235501 0.835380 -0.173215
v 0.233728 0.836465 -0.172664
v 0.263744 0.812015 -0.178640
v 0.300312 0.787837 -0.189822
v 0.217006 0.763785 -0.254515
v 0.283218 0.803880 -0.187786
v 0.301501 0.791791 -0.193377
v 0.190979 0.787098 -0.231732
v 0.190457 0.786893 -0.232250
v 0.248342 0.821942 -0.173920
v 0.247847 0.821526 -0.174435
v 0.191729 0.791123 -0.236053
v 0.192292 0.791466 -0.235660
v 0.249160 0.825894 -0.178363
v 0.249614 0.826172 -0.177723
v 0.145540 0.685907 -0.334517
v 0.142892 0.685308 -0.335568
v 0.141962 0.685177 -0.335947
v 0.220551 0.707054 -0.299324
v 0.208873 0.703031 -0.306019
v 0.141825 0.685349 -0.335821
v 0.195995 0.699021 -0.312507
v 0.244785 0.718212 -0.282380
v 0.246069 0.716841 -0.283410
v 0.119803 0.780504 -0.256039
v 0.128430 0.782800 -0.252218
v 0.171407 0.797127 -0.228404
v 0.172064 0.797361 -0.228103
v 0.242854 0.715293 -0.285612
v 0.245256 0.716223 -0.284116
v 0.246112 0.716636 -0.283590
v 0.154288 0.790915 -0.238712
v 0.146222 0.788171 -0.243279
v 0.170444 0.691928 -0.324498
v 0.183020 0.695227 -0.319007
v 0.100947 0.775846 -0.263822
v 0.100342 0.775697 -0.264159
v 0.143675 0.689058 -0.339379
v 0.142726 0.688834 -0.339663
v 0.221341 0.710835 -0.303166
v 0.209662 0.706812 -0.309861
v 0.141864 0.690632 -0.338333
v 0.142589 0.689005 -0.339537
v 0.196840 0.703066 -0.316617
v 0.241999 0.725876 -0.283526
v 0.245568 0.721962 -0.286191
v 0.246833 0.720498 -0.287125
v 0.120593 0.784286 -0.259882
v 0.129220 0.786581 -0.256061
v 0.170512 0.800292 -0.233243
v 0.172190 0.800877 -0.232215
v 0.172827 0.801018 -0.231819
v 0.246039 0.719974 -0.287927
v 0.246875 0.720293 -0.287306
v 0.155077 0.794697 -0.242555
v 0.147012 0.791953 -0.247121
v 0.171234 0.695709 -0.328340
v 0.183810 0.699008 -0.322849
v 0.103539 0.780067 -0.266903
v 0.101730 0.779596 -0.267633
v 0.101106 0.779353 -0.267875
v 0.100371 0.776183 -0.264609
v 0.100345 0.775895 -0.264388
v 0.196268 0.699078 -0.313086
v 0.246382 0.717109 -0.283991
v 0.246270 0.716888 -0.283731
v 0.172793 0.800634 -0.231272
v 0.172863 0.800838 -0.231558
v 0.142002 0.685575 -0.336472
v 0.141946 0.685372 -0.336183
v 0.100944 0.778927 -0.267398
v 0.101021 0.779135 -0.267680
v 0.138119 0.789060 -0.251449
v 0.246955 0.719853 -0.286779
v 0.246946 0.720127 -0.287022
v 0.172219 0.797889 -0.228483
v 0.172186 0.797599 -0.228267
v 0.142575 0.688319 -0.339261
v 0.142623 0.688611 -0.339474
v 0.100376 0.775497 -0.264329
v 0.137551 0.785068 -0.247920
v 0.177213 0.791868 -0.231726
v 0.172306 0.797228 -0.228163
v 0.101858 0.777611 -0.269358
v 0.101140 0.779154 -0.268045
v 0.138396 0.789113 -0.252030
v 0.174404 0.799528 -0.232881
v 0.173070 0.800884 -0.231879
v 0.195580 0.771854 -0.245480
v 0.222853 0.742107 -0.265929
v 0.121856 0.734130 -0.303869
v 0.210007 0.760762 -0.259547
v 0.223643 0.745888 -0.269771
v 0.107663 0.760951 -0.275249
v 0.106989 0.760850 -0.275593
v 0.184052 0.784129 -0.236850
v 0.183368 0.783816 -0.237195
v 0.107834 0.764896 -0.279703
v 0.108535 0.765128 -0.279493
v 0.184240 0.787993 -0.241439
v 0.184897 0.788174 -0.240961
v 0.022027 0.671587 -0.358350
v 0.019131 0.671458 -0.358618
v 0.018124 0.671492 -0.358723
v 0.106246 0.679218 -0.345650
v 0.092679 0.677338 -0.348778
v 0.018057 0.671681 -0.358569
v 0.078034 0.675665 -0.351379
v 0.135703 0.685819 -0.336290
v 0.136409 0.684279 -0.337601
v 0.034870 0.767278 -0.278051
v 0.044471 0.768027 -0.276805
v 0.094093 0.774494 -0.266071
v 0.094837 0.774610 -0.265968
v 0.132502 0.683336 -0.338797
v 0.135342 0.683821 -0.338042
v 0.136366 0.684075 -0.337781
v 0.074017 0.771440 -0.271125
v 0.064669 0.770174 -0.273232
v 0.049364 0.673173 -0.355711
v 0.063331 0.674219 -0.353969
v 0.014101 0.765983 -0.280236
v 0.013410 0.765944 -0.280390
v 0.019444 0.675116 -0.362584
v 0.018430 0.675058 -0.362590
v 0.106562 0.682906 -0.349648
v 0.092995 0.681026 -0.352777
v 0.018277 0.676942 -0.361117
v 0.018363 0.675246 -0.362436
v 0.078373 0.679609 -0.355656
v 0.134016 0.693863 -0.336805
v 0.136016 0.689476 -0.340256
v 0.136715 0.687845 -0.341468
v 0.035186 0.770966 -0.282050
v 0.044787 0.771714 -0.280804
v 0.092438 0.777876 -0.270550
v 0.094407 0.778151 -0.270037
v 0.095142 0.778176 -0.269835
v 0.135656 0.687479 -0.342008
v 0.136672 0.687641 -0.341648
v 0.074333 0.775127 -0.275124
v 0.064985 0.773861 -0.277231
v 0.049680 0.676861 -0.359709
v 0.063647 0.677907 -0.357968
v 0.016406 0.769789 -0.284009
v 0.014414 0.769641 -0.284202
v 0.013716 0.769510 -0.284257
v 0.013394 0.766429 -0.280842
v 0.013383 0.766145 -0.280616
v 0.078144 0.675689 -0.352012
v 0.136590 0.684505 -0.338252
v 0.136519 0.684300 -0.337966
v 0.095196 0.777790 -0.269291
v 0.095218 0.777987 -0.269590
v 0.018083 0.671889 -0.359249
v 0.018076 0.671692 -0.358950
v 0.013623 0.769106 -0.283744
v 0.013653 0.769304 -0.284041
v 0.054894 0.772580 -0.278876
v 0.136820 0.687182 -0.341154
v 0.136789 0.687459 -0.341391
v 0.094967 0.775114 -0.266388
v 0.094947 0.774828 -0.266165
v 0.018312 0.674566 -0.362151
v 0.018347 0.674851 -0.362375
v 0.013362 0.765746 -0.280558
v 0.054667 0.768655 -0.275235
v 0.097809 0.768427 -0.270738
v 0.095028 0.774439 -0.266089
v 0.013732 0.767702 -0.285849
v 0.013668 0.769312 -0.284425
v 0.055005 0.772600 -0.279513
v 0.096098 0.776471 -0.271255
v 0.095333 0.778005 -0.269956
v 0.108114 0.745979 -0.288542
v 0.123405 0.712620 -0.315004
v 0.015115 0.739732 -0.309075
v 0.116076 0.732987 -0.305772
v 0.123721 0.716307 -0.319002
v 0.014857 0.750454 -0.292718
v 0.014107 0.750474 -0.292861
v 0.101598 0.759786 -0.277364
v 0.100804 0.759599 -0.277499
v 0.014445 0.754419 -0.297139
v 0.015206 0.754528 -0.297135
v 0.101153 0.763672 -0.281917
v 0.101936 0.763731 -0.281642
v -0.102858 0.678293 -0.347190
v -0.105698 0.678647 -0.346654
v -0.106675 0.678847 -0.346481
v -0.018303 0.671720 -0.358129
v -0.032326 0.672162 -0.357393
v -0.106666 0.679041 -0.346319
v -0.047193 0.672972 -0.355860
v 0.013257 0.673186 -0.357316
v 0.013317 0.671581 -0.358734
v -0.053086 0.768715 -0.275661
v -0.043521 0.767850 -0.277099
v 0.007509 0.765847 -0.280464
v 0.008261 0.765836 -0.280570
v 0.009132 0.671319 -0.358797
v 0.012110 0.671315 -0.358857
v 0.013194 0.671391 -0.358891
v -0.013402 0.766241 -0.279776
v -0.023047 0.766574 -0.279223
v -0.075962 0.675315 -0.352146
v -0.062075 0.674017 -0.354306
v -0.073583 0.770893 -0.272065
v -0.074286 0.770970 -0.272025
v -0.105883 0.682293 -0.350638
v -0.106856 0.682403 -0.350366
v -0.018490 0.675397 -0.362145
v -0.032513 0.675839 -0.361410
v -0.106290 0.684252 -0.348950
v -0.106846 0.682597 -0.350203
v -0.047393 0.676905 -0.360157
v 0.012837 0.681407 -0.357535
v 0.013072 0.676832 -0.361300
v 0.013136 0.675137 -0.362618
v -0.053273 0.772391 -0.279677
v -0.043708 0.771527 -0.281116
v 0.005272 0.769556 -0.284397
v 0.007323 0.769493 -0.284447
v 0.008080 0.769392 -0.284454
v 0.011925 0.674961 -0.362840
v 0.013013 0.674947 -0.362775
v -0.013589 0.769918 -0.283793
v -0.023234 0.770251 -0.283240
v -0.076149 0.678991 -0.356163
v -0.062262 0.677694 -0.358323
v -0.071803 0.774354 -0.276410
v -0.073768 0.774539 -0.276049
v -0.074467 0.774526 -0.275909
v -0.074345 0.771462 -0.272466
v -0.074341 0.771178 -0.272239
v -0.047258 0.672993 -0.356499
v 0.013348 0.671790 -0.359414
v 0.013325 0.671593 -0.359115
v 0.008216 0.768990 -0.283936
v 0.008188 0.769187 -0.284235
v -0.106792 0.679258 -0.346984
v -0.106749 0.679058 -0.346691
v -0.074481 0.774131 -0.275381
v -0.074501 0.774328 -0.275679
v -0.033459 0.770679 -0.282040
v 0.013213 0.674458 -0.362329
v 0.013165 0.674742 -0.362556
v 0.008352 0.766322 -0.281021
v 0.008348 0.766038 -0.280794
v -0.106928 0.681927 -0.349900
v -0.106910 0.682207 -0.350132
v -0.074410 0.770787 -0.272169
v -0.033324 0.766762 -0.278386
v 0.008763 0.759361 -0.285826
v 0.008381 0.765640 -0.280735
v -0.075182 0.772777 -0.277403
v -0.074591 0.774342 -0.276053
v -0.033524 0.770695 -0.282683
v 0.008319 0.767587 -0.286041
v 0.008200 0.769195 -0.284619
v 0.009995 0.735942 -0.305247
v 0.011801 0.701144 -0.334102
v -0.090750 0.728527 -0.313195
v 0.010711 0.722220 -0.323692
v 0.011614 0.704821 -0.338119
v -0.078818 0.755741 -0.283920
v -0.079564 0.755886 -0.283854
v 0.009131 0.750370 -0.293034
v 0.008310 0.750319 -0.292944
v -0.079764 0.759820 -0.288151
v -0.079025 0.759802 -0.288358
v 0.008104 0.754380 -0.297381
v 0.008931 0.754304 -0.297331
v -0.215694 0.704883 -0.302937
v -0.218049 0.705658 -0.301700
v -0.218850 0.706003 -0.301288
v -0.132607 0.683479 -0.338558
v -0.143487 0.685588 -0.335049
v -0.155874 0.688176 -0.330742
v -0.218764 0.706188 -0.301139
v -0.168737 0.691237 -0.325462
v -0.114506 0.682127 -0.342436
v -0.115119 0.680571 -0.343772
v -0.135487 0.784511 -0.249372
v -0.127396 0.782214 -0.253194
v -0.082581 0.772423 -0.269518
v -0.081933 0.772300 -0.269813
v -0.118961 0.680962 -0.342748
v -0.116288 0.680499 -0.343572
v -0.115306 0.680407 -0.343886
v -0.101211 0.776033 -0.263481
v -0.109712 0.777840 -0.260474
v -0.203342 0.700976 -0.309439
v -0.193289 0.697907 -0.314546
v -0.181568 0.694532 -0.320164
v -0.152628 0.789741 -0.240697
v -0.153239 0.789925 -0.240478
v -0.218719 0.709377 -0.305563
v -0.219503 0.709629 -0.305054
v -0.133282 0.687229 -0.342453
v -0.144163 0.689337 -0.338944
v -0.156549 0.691926 -0.334637
v -0.218285 0.711329 -0.303888
v -0.219417 0.709814 -0.304906
v -0.169459 0.695249 -0.329628
v -0.113563 0.690297 -0.342739
v -0.115175 0.685846 -0.346299
v -0.115772 0.684198 -0.347539
v -0.136162 0.788260 -0.253267
v -0.128071 0.785964 -0.257089
v -0.085079 0.776521 -0.272805
v -0.083251 0.776143 -0.273380
v -0.082586 0.775926 -0.273579
v -0.116958 0.684218 -0.347435
v -0.115959 0.684033 -0.347653
v -0.101886 0.779782 -0.267376
v -0.110387 0.781590 -0.264369
v -0.204017 0.704726 -0.313334
v -0.193964 0.701657 -0.318441
v -0.182244 0.698282 -0.324058
v -0.151655 0.792983 -0.245408
v -0.153298 0.793460 -0.244559
v -0.153892 0.793552 -0.244245
v -0.153333 0.790430 -0.240898
v -0.153313 0.790144 -0.240675
v -0.168971 0.691283 -0.326058
v -0.115246 0.680788 -0.344438
v -0.115217 0.680590 -0.344140
v -0.082385 0.775496 -0.273108
v -0.082462 0.775702 -0.273392
v -0.219028 0.706438 -0.301750
v -0.218941 0.706226 -0.301475
v -0.153823 0.793151 -0.243725
v -0.153891 0.793356 -0.244011
v -0.119214 0.783565 -0.260594
v -0.115736 0.683510 -0.347265
v -0.115795 0.683803 -0.347477
v -0.081896 0.772775 -0.270281
v -0.081884 0.772490 -0.270055
v -0.219518 0.709159 -0.304577
v -0.219519 0.709439 -0.304811
v -0.153422 0.789767 -0.240580
v -0.118729 0.779595 -0.257028
v -0.084041 0.765971 -0.274825
v -0.081904 0.772091 -0.269997
v -0.155250 0.791976 -0.245450
v -0.154075 0.793393 -0.244347
v -0.119451 0.783607 -0.261195
v -0.083119 0.774149 -0.275119
v -0.082557 0.775718 -0.273764
v -0.092309 0.743184 -0.293194
v -0.104615 0.709328 -0.320482
v -0.174705 0.767131 -0.263477
v -0.099137 0.730006 -0.310734
v -0.105290 0.713078 -0.324377
v -0.163227 0.775914 -0.250347
v -0.163857 0.776171 -0.250095
v -0.087241 0.757233 -0.281613
v -0.087966 0.757307 -0.281313
v -0.164580 0.780183 -0.254261
v -0.163973 0.780056 -0.254649
v -0.088711 0.761449 -0.285616
v -0.087963 0.761245 -0.285779
v -0.305212 0.747442 -0.232106
v -0.306925 0.748528 -0.230353
v -0.307496 0.748976 -0.229767
v -0.241594 0.714796 -0.286438
v -0.250362 0.718419 -0.280409
v -0.260226 0.722719 -0.273251
v -0.307343 0.749142 -0.229652
v -0.270182 0.727532 -0.265057
v -0.226102 0.710838 -0.294653
v -0.227302 0.709435 -0.295734
v -0.202611 0.812258 -0.203193
v -0.196549 0.808879 -0.208816
v -0.161140 0.792919 -0.235407
v -0.160641 0.792708 -0.235848
v -0.230517 0.710372 -0.293801
v -0.228344 0.709535 -0.295248
v -0.227535 0.709305 -0.295792
v -0.176145 0.799121 -0.225057
v -0.182895 0.802101 -0.220096
v -0.296211 0.741908 -0.241316
v -0.288815 0.737508 -0.248639
v -0.280065 0.732568 -0.256860
v -0.215231 0.819759 -0.190738
v -0.215706 0.820027 -0.190381
v -0.307998 0.752391 -0.233975
v -0.308543 0.752744 -0.233299
v -0.242676 0.718692 -0.290090
v -0.251445 0.722315 -0.284061
v -0.261308 0.726615 -0.276904
v -0.306804 0.754201 -0.232536
v -0.308390 0.752909 -0.233184
v -0.271340 0.731699 -0.268965
v -0.223948 0.718743 -0.295398
v -0.227176 0.714701 -0.298275
v -0.228349 0.713203 -0.299266
v -0.203693 0.816153 -0.206845
v -0.197632 0.812775 -0.212468
v -0.163687 0.797415 -0.238030
v -0.162213 0.796783 -0.239029
v -0.161688 0.796475 -0.239380
v -0.229417 0.713399 -0.298870
v -0.228582 0.713072 -0.299324
v -0.177227 0.803016 -0.228709
v -0.183977 0.805997 -0.223749
v -0.297294 0.745804 -0.244969
v -0.289898 0.741404 -0.252292
v -0.281148 0.736464 -0.260513
v -0.215096 0.822928 -0.195571
v -0.216305 0.823623 -0.194360
v -0.216753 0.823794 -0.193913
v -0.215793 0.820258 -0.190556
v -0.270557 0.727628 -0.265570
v -0.227569 0.709686 -0.296344
v -0.227492 0.709479 -0.296062
v -0.161443 0.796009 -0.238969
v -0.161558 0.796231 -0.239226
v -0.307716 0.749444 -0.230176
v -0.307594 0.749216 -0.229929
v -0.216612 0.823376 -0.193423
v -0.216721 0.823595 -0.193685
v -0.190789 0.809171 -0.217978
v -0.228355 0.712514 -0.298995
v -0.228419 0.712816 -0.299190
v -0.160657 0.793182 -0.236318
v -0.160631 0.792894 -0.236098
v -0.308502 0.752271 -0.232827
v -0.308522 0.752552 -0.233058
v -0.215931 0.819901 -0.190428
v -0.190010 0.805097 -0.214586
v -0.165047 0.786933 -0.239939
v -0.160700 0.792503 -0.236026
v -0.218612 0.822481 -0.194682
v -0.216978 0.823668 -0.193960
v -0.191169 0.809264 -0.218493
v -0.162907 0.794848 -0.240670
v -0.161747 0.796271 -0.239558
v -0.181628 0.766250 -0.254806
v -0.206282 0.735523 -0.276886
v -0.195037 0.754782 -0.269499
v -0.230056 0.808011 -0.196928
v -0.230528 0.808353 -0.196536
v -0.171361 0.778999 -0.245388
v -0.171938 0.779173 -0.244922
v -0.231686 0.812520 -0.200443
v -0.231252 0.812314 -0.200963
v -0.173134 0.783477 -0.248956
v -0.172519 0.783167 -0.249295
v -0.366678 0.803577 -0.138682
v -0.367786 0.804987 -0.136388
v -0.368143 0.805545 -0.135622
v -0.328485 0.764172 -0.204263
v -0.335849 0.770334 -0.194007
v -0.367942 0.805682 -0.135553
v -0.342983 0.777029 -0.182680
v -0.309146 0.752023 -0.226109
v -0.310782 0.750840 -0.226826
v -0.249798 0.849423 -0.141340
v -0.245670 0.844896 -0.148874
v -0.219523 0.822249 -0.186594
v -0.219169 0.821943 -0.187193
v -0.313343 0.752382 -0.223885
v -0.311674 0.751135 -0.226014
v -0.311043 0.750753 -0.226811
v -0.230902 0.831281 -0.171533
v -0.235921 0.835536 -0.164452
v -0.355939 0.790532 -0.160392
v -0.350013 0.783935 -0.171372
v -0.258149 0.859317 -0.124903
v -0.258492 0.859675 -0.124396
v -0.369150 0.809048 -0.139683
v -0.369473 0.809504 -0.138834
v -0.329860 0.768266 -0.207585
v -0.337224 0.774429 -0.197328
v -0.367376 0.810641 -0.138604
v -0.369272 0.809642 -0.138765
v -0.344454 0.781409 -0.186233
v -0.306077 0.759536 -0.227507
v -0.310510 0.756084 -0.229403
v -0.312111 0.754799 -0.230038
v -0.251173 0.853517 -0.144661
v -0.247045 0.848990 -0.152195
v -0.222005 0.827220 -0.188427
v -0.220887 0.826309 -0.189889
v -0.220499 0.825902 -0.190405
v -0.313038 0.755196 -0.229308
v -0.312373 0.754712 -0.230023
v -0.232277 0.835375 -0.174854
v -0.237296 0.839630 -0.167773
v -0.357314 0.794627 -0.163713
v -0.351388 0.788029 -0.174693
v -0.258713 0.862454 -0.129789
v -0.259513 0.863378 -0.128197
v -0.259822 0.863634 -0.127608
v -0.258628 0.860219 -0.124750
v -0.258586 0.859922 -0.124544
v -0.343460 0.777195 -0.183078
v -0.311153 0.751139 -0.227354
v -0.311040 0.750918 -0.227095
v -0.220227 0.825391 -0.190069
v -0.220370 0.825634 -0.190291
v -0.368390 0.806053 -0.135963
v -0.368244 0.805802 -0.135753
v -0.259626 0.863190 -0.127161
v -0.259764 0.863430 -0.127389
v -0.242155 0.844093 -0.159859
v -0.312151 0.754111 -0.229765
v -0.312218 0.754426 -0.229940
v -0.219229 0.822420 -0.187658
v -0.219192 0.822127 -0.187446
v -0.369388 0.809025 -0.138373
v -0.369422 0.809309 -0.138599
v -0.258741 0.859591 -0.124374
v -0.241166 0.839876 -0.156705
v -0.225294 0.816972 -0.189947
v -0.219299 0.821749 -0.187354
v -0.262017 0.862664 -0.127806
v -0.260071 0.863550 -0.127586
v -0.242637 0.844256 -0.160258
v -0.222235 0.824498 -0.191325
v -0.220629 0.825708 -0.190566
v -0.248071 0.799316 -0.199776
v -0.281927 0.773090 -0.214364
v -0.294516 0.846650 -0.131134
v -0.266374 0.790297 -0.210392
v -0.283302 0.777185 -0.217686
v -0.275856 0.850302 -0.126544
v -0.276178 0.850733 -0.126003
v -0.233925 0.810191 -0.193476
v -0.234356 0.810474 -0.192829
v -0.277649 0.855113 -0.129556
v -0.277375 0.854824 -0.130214
v -0.235875 0.814997 -0.196498
v -0.235396 0.814571 -0.197029
v -0.389805 0.868006 -0.031454
v -0.389986 0.869526 -0.028977
v -0.390020 0.870117 -0.028155
v -0.378317 0.824363 -0.104088
v -0.381430 0.831420 -0.092344
v -0.389788 0.870217 -0.028148
v -0.383942 0.838937 -0.079648
v -0.368065 0.809690 -0.130135
v -0.370008 0.808812 -0.130343
v -0.272288 0.893858 -0.067387
v -0.271214 0.888887 -0.075660
v -0.260647 0.863109 -0.118592
v -0.260528 0.862762 -0.119257
v -0.371364 0.810689 -0.126846
v -0.370579 0.809232 -0.129324
v -0.370266 0.808769 -0.130255
v -0.265757 0.873547 -0.101190
v -0.267844 0.878408 -0.093100
v -0.387805 0.853875 -0.054972
v -0.386325 0.846646 -0.067004
v -0.274008 0.904611 -0.049520
v -0.274133 0.905009 -0.048947
v -0.391513 0.873834 -0.031861
v -0.391508 0.874317 -0.030967
v -0.379857 0.828706 -0.106996
v -0.382970 0.835763 -0.095252
v -0.389271 0.875085 -0.031353
v -0.391277 0.874417 -0.030960
v -0.385589 0.843583 -0.082758
v -0.364299 0.816620 -0.132503
v -0.369592 0.813997 -0.133019
v -0.371497 0.813012 -0.133155
v -0.273828 0.898201 -0.070295
v -0.272753 0.893231 -0.078567
v -0.262678 0.868465 -0.119784
v -0.262174 0.867416 -0.121476
v -0.262017 0.866962 -0.122069
v -0.372106 0.813540 -0.132207
v -0.371754 0.812969 -0.133067
v -0.267297 0.877890 -0.104098
v -0.269384 0.882751 -0.096007
v -0.389345 0.858218 -0.057880
v -0.387865 0.850989 -0.069911
v -0.275371 0.907912 -0.054133
v -0.275535 0.908919 -0.052404
v -0.275622 0.909209 -0.051759
v -0.274269 0.905576 -0.049263
v -0.274222 0.905272 -0.049069
v -0.384476 0.839189 -0.079902
v -0.370456 0.809182 -0.130756
v -0.370314 0.808939 -0.130533
v -0.261752 0.866405 -0.121810
v -0.261908 0.866674 -0.121990
v -0.390263 0.870667 -0.028427
v -0.390109 0.870391 -0.028260
v -0.275387 0.908728 -0.051373
v -0.275540 0.908992 -0.051560
v -0.271055 0.887771 -0.087166
v -0.371573 0.812334 -0.132866
v -0.371633 0.812659 -0.133024
v -0.260634 0.863253 -0.119700
v -0.260589 0.862954 -0.119499
v -0.391381 0.873819 -0.030537
v -0.391428 0.874111 -0.030751
v -0.274377 0.904967 -0.048855
v -0.269948 0.883375 -0.084310
v -0.267913 0.858944 -0.120094
v -0.260728 0.862596 -0.119372
v -0.277916 0.908622 -0.051320
v -0.275866 0.909167 -0.051667
v -0.271595 0.888021 -0.087420
v -0.264148 0.865888 -0.122441
v -0.262217 0.866796 -0.122184
v -0.295121 0.845551 -0.122827
v -0.335555 0.825663 -0.126869
v -0.312258 0.898309 -0.045159
v -0.316878 0.839949 -0.127756
v -0.337095 0.830006 -0.129777
v -0.292720 0.898702 -0.045992
v -0.292803 0.899168 -0.045393
v -0.294450 0.903814 -0.048504
v -0.294421 0.903500 -0.049204
v -0.280066 0.858908 -0.123417
v -0.279831 0.858421 -0.124050
v -0.370972 0.933469 0.077494
v -0.370197 0.934938 0.079885
v -0.369901 0.935506 0.080669
v -0.387695 0.890277 0.005611
v -0.386178 0.897471 0.017583
v -0.369663 0.935566 0.080609
v -0.383750 0.904995 0.030292
v -0.387729 0.874723 -0.021902
v -0.389771 0.874189 -0.021539
v -0.265548 0.940108 0.009586
v -0.267674 0.935228 0.001464
v -0.273985 0.909083 -0.042079
v -0.274116 0.908737 -0.042742
v -0.389763 0.876181 -0.017848
v -0.389956 0.874674 -0.020410
v -0.389997 0.874188 -0.021381
v -0.272210 0.919809 -0.024198
v -0.271112 0.924755 -0.015966
v -0.378013 0.919772 0.054698
v -0.381182 0.912688 0.042909
v -0.260386 0.950565 0.026959
v -0.260278 0.950964 0.027534
v -0.371724 0.939508 0.077439
v -0.371389 0.939962 0.078284
v -0.389234 0.894885 0.003144
v -0.387717 0.902079 0.015117
v -0.369252 0.940353 0.077272
v -0.371151 0.940022 0.078224
v -0.385396 0.909925 0.027653
v -0.383666 0.880979 -0.025392
v -0.389255 0.879293 -0.024348
v -0.391259 0.878645 -0.023924
v -0.267087 0.944716 0.007120
v -0.269213 0.939836 -0.001002
v -0.275339 0.914730 -0.042786
v -0.275511 0.913653 -0.044525
v -0.275605 0.913194 -0.045127
v -0.391483 0.879244 -0.022856
v -0.391486 0.878644 -0.023766
v -0.273749 0.924417 -0.026664
v -0.272651 0.929363 -0.018432
v -0.379552 0.924380 0.052232
v -0.382721 0.917297 0.040443
v -0.262409 0.954158 0.022832
v -0.261912 0.955135 0.024513
v -0.261766 0.955421 0.025150
v -0.260400 0.951553 0.027256
v -0.260351 0.951241 0.027436
v -0.384283 0.905339 0.030190
v -0.390248 0.874638 -0.021819
v -0.390092 0.874369 -0.021638
v -0.275374 0.912594 -0.044939
v -0.275527 0.912889 -0.045074
v -0.370115 0.936095 0.080464
v -0.369968 0.935793 0.080587
v -0.261517 0.954898 0.025466
v -0.261670 0.955188 0.025323
v -0.270922 0.934378 -0.009599
v -0.391365 0.877983 -0.023608
v -0.391410 0.878317 -0.023751
v -0.274257 0.909250 -0.043149
v -0.274209 0.908942 -0.042962
v -0.371232 0.939440 0.078674
v -0.371287 0.939740 0.078475
v -0.260490 0.950961 0.027692
v -0.269815 0.929791 -0.007060
v -0.281972 0.906232 -0.041393
v -0.274364 0.908610 -0.042792
v -0.263911 0.955215 0.026225
v -0.261978 0.955418 0.025307
v -0.271461 0.934721 -0.009699
v -0.277903 0.912501 -0.044864
v -0.275853 0.913066 -0.045177
v -0.310706 0.897661 -0.036103
v -0.353401 0.884936 -0.028222
v -0.296393 0.950662 0.041971
v -0.333593 0.895906 -0.034629
v -0.354939 0.889544 -0.030688
v -0.278085 0.947794 0.035710
v -0.277919 0.948252 0.036296
v -0.292787 0.902881 -0.039215
v -0.292697 0.903224 -0.038467
v -0.279565 0.953182 0.033658
v -0.279785 0.952884 0.032985
v -0.294397 0.908315 -0.041191
v -0.294433 0.907811 -0.041853
v -0.312138 0.991969 0.174854
v -0.310496 0.993230 0.176900
v -0.309902 0.993722 0.177557
v -0.355139 0.953900 0.111497
v -0.349177 0.960452 0.122402
v -0.309683 0.993743 0.177432
v -0.342093 0.967161 0.133753
v -0.365411 0.939230 0.085456
v -0.367331 0.939036 0.086385
v -0.230163 0.982533 0.080192
v -0.235246 0.978271 0.073100
v -0.257677 0.954591 0.033660
v -0.258044 0.954289 0.033068
v -0.365966 0.940911 0.089880
v -0.367112 0.939518 0.087509
v -0.367502 0.939069 0.086600
v -0.249240 0.964441 0.050083
v -0.245088 0.968937 0.057565
v -0.327418 0.980186 0.155245
v -0.334874 0.974014 0.144973
v -0.218707 0.991564 0.095193
v -0.218379 0.991925 0.095706
v -0.311856 0.998048 0.174867
v -0.311229 0.998420 0.175574
v -0.356511 0.958758 0.109447
v -0.350549 0.965310 0.120352
v -0.309423 0.998472 0.173999
v -0.311010 0.998441 0.175449
v -0.343561 0.972358 0.131559
v -0.361494 0.944801 0.080826
v -0.366771 0.944048 0.083422
v -0.368658 0.943734 0.084402
v -0.231535 0.987391 0.078142
v -0.236617 0.983129 0.071049
v -0.258212 0.960401 0.033223
v -0.259038 0.959409 0.031626
v -0.259370 0.958987 0.031085
v -0.368473 0.944336 0.085475
v -0.368828 0.943767 0.084616
v -0.250612 0.969299 0.048032
v -0.246460 0.973795 0.055515
v -0.328790 0.985044 0.153195
v -0.336246 0.978872 0.142923
v -0.221168 0.995541 0.091706
v -0.220068 0.996382 0.093159
v -0.219705 0.996624 0.093723
v -0.218473 0.992533 0.095458
v -0.218430 0.992213 0.095625
v -0.342568 0.967591 0.133795
v -0.367785 0.939565 0.086238
v -0.367633 0.939270 0.086374
v -0.259200 0.958353 0.031216
v -0.259333 0.958672 0.031121
v -0.310063 0.994344 0.177405
v -0.309941 0.994018 0.177491
v -0.219469 0.996059 0.093970
v -0.219605 0.996375 0.093868
v -0.241534 0.978239 0.063398
v -0.368781 0.943091 0.084750
v -0.368808 0.943431 0.084618
v -0.258205 0.954827 0.032704
v -0.258158 0.954511 0.032878
v -0.311059 0.997870 0.175917
v -0.311116 0.998180 0.175734
v -0.218536 0.991954 0.095916
v -0.240547 0.973472 0.065637
v -0.265519 0.953098 0.036606
v -0.258314 0.954205 0.033091
v -0.221470 0.996754 0.095357
v -0.219863 0.996652 0.093933
v -0.242014 0.978669 0.063444
v -0.261587 0.958681 0.031993
v -0.259640 0.958904 0.031108
v -0.292663 0.949320 0.049873
v -0.332987 0.943717 0.069606
v -0.248584 0.997313 0.119610
v -0.314197 0.951376 0.057689
v -0.334359 0.948575 0.067556
v -0.233483 0.991579 0.108580
v -0.233086 0.991989 0.109086
v -0.275704 0.951549 0.041782
v -0.275354 0.951854 0.042467
v -0.234553 0.997186 0.106892
v -0.234998 0.996945 0.106315
v -0.276869 0.957220 0.040202
v -0.277171 0.956745 0.039588
v -0.218889 1.037761 0.251065
v -0.216552 1.038679 0.252539
v -0.215724 1.039047 0.252992
v -0.283660 1.009006 0.203209
v -0.273872 1.014197 0.211849
v -0.215549 1.039034 0.252810
v -0.262873 1.019343 0.220598
v -0.303121 0.996906 0.181444
v -0.304709 0.997015 0.182878
v -0.169474 1.016970 0.137506
v -0.176979 1.013796 0.132223
v -0.213197 0.995185 0.101220
v -0.213760 0.994963 0.100761
v -0.302126 0.998548 0.185804
v -0.304107 0.997426 0.183883
v -0.304805 0.997071 0.183131
v -0.198972 1.003076 0.114383
v -0.192198 1.006628 0.120294
v -0.240799 1.029193 0.236805
v -0.251758 1.024612 0.229182
v -0.152931 1.023581 0.148479
v -0.152416 1.023870 0.148871
v -0.217597 1.043705 0.250851
v -0.216743 1.043948 0.251346
v -0.284714 1.014074 0.201507
v -0.274926 1.019265 0.210147
v -0.215469 1.043734 0.249328
v -0.216568 1.043935 0.251164
v -0.264000 1.024764 0.218778
v -0.299777 1.001849 0.175770
v -0.304166 1.001932 0.179757
v -0.305728 1.001915 0.181232
v -0.170528 1.022038 0.135804
v -0.178033 1.018864 0.130522
v -0.212849 1.001011 0.100809
v -0.214242 1.000211 0.099532
v -0.214779 0.999864 0.099115
v -0.305152 1.002452 0.182195
v -0.305824 1.001971 0.181485
v -0.200026 1.008144 0.112681
v -0.193252 1.011696 0.118592
v -0.241852 1.034260 0.235103
v -0.252812 1.029680 0.227480
v -0.155563 1.027999 0.145725
v -0.153976 1.028607 0.146791
v -0.153435 1.028771 0.147225
v -0.152472 1.024491 0.148645
v -0.152438 1.024164 0.148801
v -0.263238 1.019846 0.220762
v -0.305091 0.997616 0.182851
v -0.304958 0.997296 0.182946
v -0.214688 0.999207 0.099209
v -0.214787 0.999547 0.099147
v -0.215814 1.039691 0.252876
v -0.215730 1.039348 0.252932
v -0.153237 1.028169 0.147410
v -0.153341 1.028505 0.147343
v -0.185642 1.015057 0.124672
v -0.305855 1.001294 0.181616
v -0.305860 1.001637 0.181488
v -0.213924 0.995529 0.100444
v -0.213884 0.995206 0.100605
v -0.216579 1.043369 0.251641
v -0.216632 1.043689 0.251474
v -0.152501 1.023920 0.149116
v -0.184884 1.010139 0.126661
v -0.220036 0.994961 0.106277
v -0.214023 0.994926 0.100861
v -0.154623 1.029157 0.149284
v -0.153520 1.028821 0.147470
v -0.186011 1.015560 0.124840
v -0.216672 0.999913 0.100615
v -0.215042 0.999826 0.099215
v -0.242617 0.995480 0.126696
v -0.276154 0.996260 0.157052
v -0.185045 1.036471 0.199310
v -0.260439 1.000937 0.140172
v -0.277207 1.001327 0.155350
v -0.163149 1.025756 0.165461
v -0.162563 1.026082 0.165826
v -0.163690 1.031503 0.164005
v -0.164313 1.031354 0.163581
v -0.229066 1.000844 0.112804
v -0.229603 1.000442 0.112311
v -0.101906 1.065344 0.296972
v -0.099131 1.065821 0.297711
v -0.098160 1.066035 0.297906
v -0.181338 1.049033 0.269825
v -0.168799 1.052298 0.275259
v -0.098048 1.065997 0.297683
v -0.155092 1.055312 0.280460
v -0.207849 1.040900 0.254663
v -0.208931 1.041239 0.256480
v -0.090408 1.039297 0.174664
v -0.099511 1.037556 0.171767
v -0.145538 1.026042 0.152575
v -0.146236 1.025929 0.152297
v -0.205414 1.042246 0.258530
v -0.208012 1.041519 0.257267
v -0.208942 1.041305 0.256748
v -0.127087 1.031114 0.161045
v -0.118436 1.033335 0.164741
v -0.128042 1.060922 0.289612
v -0.141302 1.058432 0.285467
v -0.070592 1.042771 0.180416
v -0.069947 1.042960 0.180641
v -0.099747 1.070990 0.296262
v -0.098761 1.071075 0.296493
v -0.181959 1.054245 0.268364
v -0.169420 1.057510 0.273797
v -0.098156 1.070699 0.294204
v -0.098648 1.071037 0.296269
v -0.155757 1.060888 0.278897
v -0.205443 1.045348 0.248163
v -0.208464 1.046069 0.253214
v -0.209531 1.046280 0.255067
v -0.091029 1.044509 0.173203
v -0.100132 1.042769 0.170306
v -0.144345 1.031735 0.151943
v -0.146154 1.031212 0.151126
v -0.146836 1.030969 0.150884
v -0.208627 1.046689 0.255818
v -0.209542 1.046345 0.255335
v -0.127708 1.036326 0.159584
v -0.119057 1.038547 0.163279
v -0.128663 1.066134 0.288151
v -0.141923 1.063644 0.284006
v -0.073109 1.047633 0.178401
v -0.071208 1.047940 0.178966
v -0.070548 1.048000 0.179228
v -0.069959 1.043586 0.180425
v -0.069939 1.043255 0.180572
v -0.155307 1.055865 0.280707
v -0.209198 1.041897 0.256546
v -0.209100 1.041557 0.256608
v -0.146835 1.030305 0.150964
v -0.146888 1.030658 0.150925
v -0.098170 1.066687 0.297804
v -0.098132 1.066333 0.297842
v -0.070410 1.047369 0.179364
v -0.070471 1.047720 0.179321
v -0.109600 1.040435 0.166909
v -0.209649 1.045679 0.255486
v -0.209632 1.046022 0.255357
v -0.146384 1.026522 0.152025
v -0.146356 1.026193 0.152177
v -0.098620 1.070470 0.296744
v -0.098664 1.070797 0.296591
v -0.069951 1.043017 0.180899
v -0.109153 1.035413 0.168724
v -0.150628 1.026848 0.159345
v -0.146462 1.025934 0.152468
v -0.071032 1.048530 0.181527
v -0.070551 1.048058 0.179486
v -0.109817 1.040989 0.167161
v -0.148199 1.031300 0.152851
v -0.147063 1.030975 0.151055
v -0.166184 1.030658 0.185242
v -0.189277 1.036324 0.223731
v -0.079379 1.055391 0.216268
v -0.178352 1.038703 0.203025
v -0.189898 1.041536 0.222270
v -0.075143 1.046220 0.199519
v -0.074432 1.046434 0.199697
v -0.156402 1.028134 0.169241
v -0.155668 1.028247 0.169606
v -0.075096 1.052009 0.198134
v -0.075829 1.051978 0.197905
v -0.156354 1.034004 0.167991
v -0.157067 1.033710 0.167678
v 0.031818 1.071560 0.307317
v 0.034727 1.071525 0.307203
v 0.035734 1.071560 0.307101
v -0.053649 1.070118 0.304916
v -0.039702 1.070994 0.306375
v 0.035768 1.071508 0.306856
v -0.024769 1.071426 0.307278
v -0.084421 1.067150 0.298350
v -0.084851 1.067626 0.300394
v 0.002458 1.047124 0.187690
v -0.007252 1.047079 0.187616
v -0.058145 1.044305 0.182968
v -0.058902 1.044322 0.182909
v -0.080769 1.067947 0.301304
v -0.083708 1.067720 0.300871
v -0.084771 1.067684 0.300652
v -0.037437 1.045845 0.185562
v -0.027836 1.046420 0.186519
v 0.004320 1.071974 0.308006
v -0.009794 1.071952 0.307969
v 0.023378 1.046924 0.187328
v 0.024083 1.046992 0.187351
v 0.034630 1.076758 0.305861
v 0.035640 1.076663 0.305792
v -0.053746 1.075395 0.303563
v -0.039800 1.076271 0.305021
v 0.035477 1.076247 0.303438
v 0.035674 1.076612 0.305547
v -0.024873 1.077071 0.305830
v -0.083273 1.071277 0.291317
v -0.084518 1.072384 0.297008
v -0.084945 1.072729 0.299085
v 0.002361 1.052401 0.186336
v -0.007350 1.052356 0.186263
v -0.056211 1.049715 0.181867
v -0.058242 1.049538 0.181626
v -0.058996 1.049425 0.181600
v -0.083804 1.072953 0.299529
v -0.084865 1.072788 0.299343
v -0.037535 1.051122 0.184209
v -0.027933 1.051697 0.185165
v 0.004222 1.077251 0.306652
v -0.009892 1.077229 0.306615
v 0.021275 1.052203 0.186007
v 0.023281 1.052158 0.185986
v 0.023989 1.052095 0.186042
v 0.024118 1.047616 0.187131
v 0.024123 1.047282 0.187275
v -0.024802 1.072001 0.307562
v -0.084967 1.068317 0.300518
v -0.084916 1.067964 0.300557
v -0.059087 1.048769 0.181694
v -0.059087 1.049126 0.181662
v 0.035809 1.072206 0.306990
v 0.035794 1.071850 0.307025
v 0.024048 1.051446 0.186149
v 0.024039 1.051803 0.186116
v -0.017652 1.051805 0.185832
v -0.085038 1.072147 0.299536
v -0.085000 1.072484 0.299398
v -0.059017 1.044939 0.182676
v -0.059004 1.044606 0.182821
v 0.035739 1.076036 0.306008
v 0.035711 1.076370 0.305865
v 0.024165 1.047042 0.187597
v -0.017581 1.046737 0.187570
v -0.060820 1.045810 0.190904
v -0.059064 1.044362 0.183138
v 0.024296 1.052640 0.188368
v 0.024071 1.052145 0.186288
v -0.017686 1.052382 0.186122
v -0.059647 1.049937 0.183869
v -0.059158 1.049465 0.181829
v -0.067242 1.051602 0.220098
v -0.076762 1.060209 0.263481
v 0.027763 1.059941 0.223842
v -0.072100 1.061182 0.240437
v -0.076860 1.065486 0.262128
v 0.025265 1.050614 0.206831
v 0.026022 1.050695 0.206789
v 0.025918 1.056340 0.205341
v 0.025157 1.056443 0.205336
v -0.062435 1.053628 0.200651
v -0.063248 1.053471 0.200567
v 0.157051 1.055085 0.279897
v 0.159762 1.054562 0.278973
v 0.160690 1.054429 0.278591
v 0.075378 1.068134 0.301615
v 0.089113 1.066611 0.299079
v 0.160645 1.054379 0.278348
v 0.103550 1.064495 0.295744
v 0.043959 1.070559 0.304023
v 0.044207 1.071050 0.306093
v 0.091616 1.038868 0.173949
v 0.082413 1.040463 0.176604
v 0.032552 1.046424 0.186495
v 0.031824 1.046570 0.186650
v 0.048373 1.070657 0.305813
v 0.045436 1.070938 0.306228
v 0.044364 1.071088 0.306316
v 0.053106 1.044387 0.183135
v 0.062544 1.043311 0.181344
v 0.131331 1.060113 0.288265
v 0.117981 1.062472 0.292191
v 0.111247 1.035152 0.167736
v 0.111932 1.035099 0.167558
v 0.160176 1.059768 0.277585
v 0.161095 1.059505 0.277238
v 0.075796 1.073383 0.300215
v 0.089531 1.071860 0.297679
v 0.160210 1.059181 0.275034
v 0.161049 1.059455 0.276994
v 0.103997 1.070111 0.294247
v 0.043766 1.074603 0.296852
v 0.044373 1.075765 0.302635
v 0.044611 1.076126 0.304739
v 0.092034 1.044117 0.172549
v 0.082830 1.045712 0.175205
v 0.034984 1.051456 0.184764
v 0.032967 1.051630 0.185107
v 0.032228 1.051647 0.185296
v 0.045851 1.076144 0.304840
v 0.044768 1.076164 0.304963
v 0.053524 1.049636 0.181735
v 0.062962 1.048560 0.179944
v 0.131749 1.065362 0.286866
v 0.118399 1.067721 0.290792
v 0.109780 1.040740 0.166930
v 0.111662 1.040358 0.166348
v 0.112336 1.040175 0.166205
v 0.112009 1.035714 0.167322
v 0.111997 1.035381 0.167467
v 0.103695 1.065061 0.296012
v 0.044248 1.071748 0.306228
v 0.044247 1.071391 0.306260
v 0.032057 1.051013 0.185428
v 0.032109 1.051366 0.185389
v 0.160839 1.055056 0.278448
v 0.160775 1.054707 0.278494
v 0.112312 1.039523 0.166306
v 0.112355 1.039877 0.166268
v 0.072883 1.046917 0.177697
v 0.044551 1.075558 0.305212
v 0.044605 1.075887 0.305061
v 0.031754 1.047203 0.186444
v 0.031751 1.046869 0.186588
v 0.161143 1.058866 0.277432
v 0.161133 1.059203 0.277295
v 0.112086 1.035129 0.167770
v 0.072582 1.041868 0.179468
v 0.032506 1.048165 0.194824
v 0.031741 1.046632 0.186914
v 0.113370 1.040604 0.168336
v 0.112491 1.040205 0.166417
v 0.073029 1.047484 0.177970
v 0.032336 1.052206 0.187644
v 0.032145 1.051708 0.185561
v 0.035608 1.054245 0.224497
v 0.040239 1.063276 0.268586
v 0.127833 1.046351 0.201223
v 0.038341 1.064010 0.245142
v 0.040657 1.068525 0.267186
v 0.119126 1.037995 0.185830
v 0.119843 1.037948 0.185575
v 0.033769 1.050274 0.206088
v 0.034573 1.050106 0.205986
v 0.120290 1.043563 0.184078
v 0.119587 1.043794 0.184284
v 0.035034 1.055904 0.204439
v 0.034216 1.055889 0.204591
v 0.265021 1.018345 0.218752
v 0.267235 1.017394 0.217116
v 0.267982 1.017116 0.216492
v 0.196166 1.044462 0.262217
v 0.208172 1.040703 0.255962
v 0.267863 1.017080 0.216273
v 0.220518 1.036263 0.248758
v 0.167568 1.052096 0.273296
v 0.168467 1.052488 0.275201
v 0.170696 1.015997 0.135885
v 0.163016 1.019058 0.140980
v 0.119696 1.033107 0.164333
v 0.119076 1.033371 0.164683
v 0.172258 1.051404 0.273771
v 0.169648 1.052167 0.274987
v 0.168685 1.052494 0.275370
v 0.137827 1.027712 0.155384
v 0.146058 1.025102 0.151040
v 0.243923 1.027437 0.233884
v 0.232812 1.031920 0.241344
v 0.186870 1.009173 0.124499
v 0.187457 1.009009 0.124138
v 0.268115 1.022488 0.215541
v 0.268841 1.022083 0.214956
v 0.197054 1.049597 0.260629
v 0.209060 1.045839 0.254374
v 0.267331 1.021966 0.213099
v 0.268721 1.022047 0.214737
v 0.221467 1.041757 0.247059
v 0.166054 1.056288 0.266372
v 0.168449 1.057190 0.271721
v 0.169326 1.057455 0.273665
v 0.171583 1.021132 0.134297
v 0.163904 1.024193 0.139391
v 0.122356 1.037698 0.161866
v 0.120577 1.038201 0.162758
v 0.119934 1.038338 0.163147
v 0.170528 1.057261 0.273412
v 0.169544 1.057460 0.273834
v 0.138714 1.032848 0.153795
v 0.146946 1.030238 0.149452
v 0.244811 1.032573 0.232296
v 0.233699 1.037056 0.239756
v 0.186200 1.014946 0.124002
v 0.187750 1.014266 0.122924
v 0.188316 1.013976 0.122602
v 0.187567 1.009608 0.123875
v 0.187541 1.009278 0.124025
v 0.220825 1.036790 0.248961
v 0.168662 1.053166 0.275301
v 0.168610 1.052813 0.275341
v 0.119703 1.037739 0.163336
v 0.119801 1.038079 0.163276
v 0.268189 1.017712 0.216297
v 0.268081 1.017378 0.216368
v 0.188212 1.013335 0.122722
v 0.188301 1.013677 0.122665
v 0.155409 1.026999 0.144548
v 0.169306 1.056893 0.274149
v 0.169371 1.057212 0.273981
v 0.119059 1.034011 0.164489
v 0.119040 1.033679 0.164636
v 0.268833 1.021440 0.215145
v 0.268842 1.021777 0.215008
v 0.187668 1.009007 0.124297
v 0.154771 1.022032 0.146455
v 0.122286 1.034628 0.172294
v 0.119083 1.033439 0.164958
v 0.189965 1.014172 0.124346
v 0.188526 1.013974 0.122761
v 0.155720 1.027526 0.144756
v 0.120791 1.038813 0.165355
v 0.119941 1.038405 0.163422
v 0.134580 1.039371 0.199743
v 0.152868 1.046413 0.240521
v 0.213838 1.016590 0.151694
v 0.144612 1.048028 0.218544
v 0.153756 1.051548 0.238932
v 0.199876 1.010203 0.139576
v 0.200475 1.010042 0.139131
v 0.201424 1.015536 0.137431
v 0.200857 1.015876 0.137821
v 0.128683 1.041592 0.180620
v 0.127950 1.041712 0.180995
v 0.344747 0.964324 0.128846
v 0.346203 0.963049 0.126670
v 0.346681 0.962662 0.125866
v 0.296748 1.000773 0.189508
v 0.305633 0.995168 0.180179
v 0.346500 0.962653 0.125690
v 0.314449 0.988857 0.169860
v 0.274267 1.012925 0.208104
v 0.275726 1.013108 0.209661
v 0.231728 0.980310 0.076493
v 0.226471 0.984515 0.083491
v 0.194722 1.005203 0.117892
v 0.194282 1.005560 0.118398
v 0.278705 1.011425 0.207235
v 0.276724 1.012594 0.209128
v 0.275981 1.013072 0.209761
v 0.208328 0.997002 0.104272
v 0.214398 0.993127 0.097824
v 0.330745 0.976520 0.149143
v 0.323173 0.982655 0.159353
v 0.242548 0.971099 0.061134
v 0.242970 0.970846 0.060624
v 0.347457 0.967954 0.124781
v 0.347905 0.967445 0.124023
v 0.298013 1.005719 0.187603
v 0.306898 1.000113 0.178274
v 0.345930 0.967636 0.122679
v 0.347723 0.967436 0.123848
v 0.315802 0.994147 0.167822
v 0.271580 1.017488 0.201798
v 0.275522 1.017829 0.206215
v 0.276950 1.017890 0.207819
v 0.232993 0.985256 0.074588
v 0.227736 0.989461 0.081586
v 0.197313 1.009329 0.114653
v 0.195976 1.010108 0.116003
v 0.195505 1.010343 0.116556
v 0.277978 1.017499 0.207238
v 0.277205 1.017854 0.207919
v 0.209593 1.001947 0.102367
v 0.215663 0.998072 0.095919
v 0.332010 0.981466 0.147238
v 0.324438 0.987600 0.157448
v 0.242767 0.976913 0.060703
v 0.243803 0.976004 0.059245
v 0.244194 0.975629 0.058782
v 0.243102 0.971424 0.060326
v 0.243063 0.971100 0.060486
v 0.314887 0.989317 0.169953
v 0.276055 1.013739 0.209685
v 0.275957 1.013400 0.209747
v 0.195239 1.009788 0.116819
v 0.195372 1.010108 0.116724
v 0.346923 0.963219 0.125605
v 0.346784 0.962906 0.125712
v 0.244020 0.975013 0.058943
v 0.244147 0.975336 0.058854
v 0.221683 0.993553 0.088883
v 0.276973 1.017329 0.208302
v 0.277041 1.017636 0.208115
v 0.194321 1.006199 0.118201
v 0.194288 1.005871 0.118356
v 0.347841 0.966808 0.124222
v 0.347868 0.967143 0.124080
v 0.243214 0.970804 0.060716
v 0.220773 0.988723 0.091018
v 0.199701 1.006054 0.124739
v 0.194379 1.005619 0.118658
v 0.246281 0.975495 0.059976
v 0.244438 0.975587 0.058874
v 0.222127 0.994013 0.088980
v 0.197026 1.010608 0.118414
v 0.195602 1.010402 0.116815
v 0.219953 1.007919 0.147399
v 0.250062 1.010681 0.181054
v 0.277021 0.973084 0.079287
v 0.236272 1.014246 0.162322
v 0.251327 1.015627 0.179149
v 0.259297 0.969498 0.071832
v 0.259706 0.969248 0.071238
v 0.261060 0.974538 0.069200
v 0.260695 0.974961 0.069727
v 0.209308 1.011603 0.130710
v 0.208744 1.011837 0.131276
v 0.384471 0.901306 0.023967
v 0.385025 0.899858 0.021503
v 0.385188 0.899416 0.020606
v 0.362157 0.943823 0.094726
v 0.367010 0.937032 0.083424
v 0.384966 0.899442 0.020489
v 0.371402 0.929581 0.071209
v 0.348138 0.959123 0.118563
v 0.349983 0.959021 0.119646
v 0.265680 0.937294 0.004902
v 0.263371 0.942151 0.012987
v 0.246438 0.967040 0.054378
v 0.246224 0.967453 0.054978
v 0.351839 0.956922 0.116526
v 0.350690 0.958361 0.118868
v 0.350246 0.958941 0.119672
v 0.254120 0.957002 0.037701
v 0.257407 0.952319 0.029909
v 0.378951 0.915187 0.047068
v 0.375674 0.922258 0.058836
v 0.270073 0.926770 -0.012642
v 0.270288 0.926462 -0.013243
v 0.386507 0.904527 0.019220
v 0.386633 0.903968 0.018381
v 0.363651 0.948530 0.092425
v 0.368503 0.941739 0.081123
v 0.384422 0.904521 0.017637
v 0.386410 0.903994 0.018264
v 0.373000 0.934617 0.068747
v 0.344602 0.964224 0.113151
v 0.349619 0.963792 0.116281
v 0.351428 0.963574 0.117421
v 0.267174 0.942001 0.002601
v 0.264865 0.946859 0.010685
v 0.248675 0.970749 0.050445
v 0.247919 0.971708 0.052096
v 0.247668 0.972006 0.052752
v 0.352172 0.963029 0.116585
v 0.351690 0.963493 0.117446
v 0.255614 0.961709 0.035400
v 0.258901 0.957027 0.027608
v 0.380445 0.919894 0.044767
v 0.377168 0.926965 0.056534
v 0.271135 0.932473 -0.013256
v 0.271555 0.931439 -0.014924
v 0.271732 0.931015 -0.015468
v 0.270425 0.927016 -0.013580
v 0.270379 0.926700 -0.013408
v 0.371920 0.929959 0.071165
v 0.350406 0.959588 0.119562
v 0.350274 0.959268 0.119657
v 0.247396 0.971497 0.053092
v 0.247549 0.971792 0.052957
v 0.385436 0.899930 0.020275
v 0.385283 0.899643 0.020424
v 0.271509 0.930433 -0.015250
v 0.271659 0.930732 -0.015379
v 0.261868 0.951732 0.019282
v 0.351491 0.963005 0.117892
v 0.351554 0.963300 0.117685
v 0.246312 0.968081 0.054763
v 0.246270 0.967760 0.054928
v 0.386521 0.903347 0.018605
v 0.386563 0.903675 0.018453
v 0.270537 0.926378 -0.013222
v 0.260794 0.947073 0.021702
v 0.253200 0.966878 0.059539
v 0.246397 0.967489 0.055199
v 0.274016 0.930504 -0.014902
v 0.271981 0.930930 -0.015447
v 0.262392 0.952109 0.019240
v 0.249669 0.971967 0.054105
v 0.247842 0.972041 0.052973
v 0.278990 0.964770 0.075587
v 0.317321 0.961627 0.099414
v 0.329234 0.917525 0.001350
v 0.299650 0.967906 0.085200
v 0.318814 0.966335 0.097113
v 0.288628 0.922123 -0.007014
v 0.288807 0.921822 -0.007691
v 0.262949 0.965866 0.065610
v 0.263233 0.965390 0.064995
v 0.290405 0.926858 -0.010153
v 0.290278 0.927323 -0.009556
v 0.264883 0.970590 0.062453
v 0.264548 0.970902 0.063148
v 0.381905 0.834393 -0.087396
v 0.381488 0.832932 -0.089880
v 0.381314 0.832491 -0.090775
v 0.388003 0.878323 -0.014284
v 0.388246 0.871088 -0.026326
v 0.381076 0.832557 -0.090826
v 0.387685 0.863303 -0.039097
v 0.384083 0.895187 0.012156
v 0.386114 0.894747 0.012676
v 0.270454 0.890453 -0.073055
v 0.271378 0.895431 -0.064769
v 0.271284 0.921804 -0.020907
v 0.271320 0.922233 -0.020282
v 0.386630 0.892441 0.009212
v 0.386450 0.893996 0.011746
v 0.386355 0.894623 0.012628
v 0.272132 0.911022 -0.038822
v 0.272244 0.906044 -0.047107
v 0.385563 0.848436 -0.064025
v 0.386987 0.855668 -0.051989
v 0.267870 0.879771 -0.090861
v 0.267850 0.879447 -0.091490
v 0.383035 0.837337 -0.092602
v 0.382822 0.836786 -0.093429
v 0.389562 0.882764 -0.017029
v 0.389805 0.875529 -0.029070
v 0.380619 0.837723 -0.093532
v 0.382584 0.836852 -0.093480
v 0.389353 0.868054 -0.042033
v 0.380081 0.900945 0.007837
v 0.385629 0.899592 0.009434
v 0.387622 0.899042 0.010022
v 0.272014 0.894894 -0.075799
v 0.272937 0.899872 -0.067513
v 0.272915 0.925176 -0.025401
v 0.272830 0.926208 -0.023629
v 0.272828 0.926528 -0.022936
v 0.387997 0.898400 0.009024
v 0.387863 0.898917 0.009975
v 0.273691 0.915463 -0.041566
v 0.273803 0.910485 -0.049851
v 0.387122 0.852877 -0.066769
v 0.388546 0.860109 -0.054733
v 0.269666 0.885225 -0.091890
v 0.269416 0.884176 -0.093582
v 0.269358 0.883741 -0.094144
v 0.267979 0.879977 -0.091866
v 0.267931 0.879669 -0.091680
v 0.388225 0.863588 -0.039295
v 0.386586 0.895236 0.012462
v 0.386433 0.894941 0.012598
v 0.272582 0.926065 -0.022520
v 0.272738 0.926333 -0.022701
v 0.381543 0.832964 -0.091176
v 0.381391 0.832703 -0.090983
v 0.269111 0.883201 -0.093858
v 0.269266 0.883473 -0.094031
v 0.273359 0.904970 -0.058543
v 0.387717 0.898459 0.010470
v 0.387769 0.898745 0.010247
v 0.271450 0.922841 -0.020528
v 0.271402 0.922529 -0.020350
v 0.382674 0.836187 -0.093167
v 0.382727 0.836507 -0.093333
v 0.268077 0.879320 -0.091538
v 0.272237 0.900502 -0.055805
v 0.279098 0.920371 -0.017862
v 0.271553 0.922233 -0.020120
v 0.271588 0.882837 -0.094233
v 0.269585 0.883615 -0.094192
v 0.273905 0.905253 -0.058741
v 0.275093 0.926117 -0.022202
v 0.273061 0.926528 -0.022774
v 0.307621 0.913528 -0.009694
v 0.350005 0.903349 0.002422
v 0.326115 0.860290 -0.093904
v 0.330373 0.912880 -0.006380
v 0.351564 0.907790 -0.000322
v 0.286190 0.871909 -0.090583
v 0.286117 0.871599 -0.091276
v 0.289845 0.917572 -0.014764
v 0.289858 0.917071 -0.015422
v 0.287785 0.876350 -0.094212
v 0.287913 0.876815 -0.093615
v 0.291581 0.921977 -0.018454
v 0.291513 0.922323 -0.017700
v 0.337766 0.772578 -0.190273
v 0.336438 0.771267 -0.192508
v 0.335951 0.770883 -0.193308
v 0.371172 0.813121 -0.122799
v 0.366851 0.806235 -0.134258
v 0.335722 0.770989 -0.193292
v 0.361474 0.798960 -0.146181
v 0.377622 0.829768 -0.096720
v 0.379614 0.828983 -0.096773
v 0.245667 0.846094 -0.146880
v 0.249673 0.850650 -0.139298
v 0.266167 0.875616 -0.097777
v 0.266447 0.876018 -0.097197
v 0.378756 0.826706 -0.100189
v 0.379549 0.828209 -0.097742
v 0.379809 0.828821 -0.096883
v 0.260195 0.865273 -0.114960
v 0.257169 0.860545 -0.122829
v 0.350061 0.785253 -0.169178
v 0.355958 0.791858 -0.158186
v 0.236494 0.836421 -0.163008
v 0.236246 0.836119 -0.163600
v 0.337880 0.775416 -0.195656
v 0.337358 0.774928 -0.196378
v 0.372626 0.817303 -0.125973
v 0.368305 0.810418 -0.137432
v 0.335401 0.776222 -0.195888
v 0.337129 0.775034 -0.196362
v 0.363029 0.803434 -0.149577
v 0.373598 0.836214 -0.099893
v 0.379064 0.833916 -0.099868
v 0.381021 0.833028 -0.099843
v 0.247121 0.850276 -0.150055
v 0.251127 0.854832 -0.142473
v 0.267026 0.878774 -0.102626
v 0.267609 0.879764 -0.100925
v 0.267854 0.880063 -0.100267
v 0.380991 0.832357 -0.100890
v 0.381215 0.832866 -0.099953
v 0.261649 0.869456 -0.118135
v 0.258623 0.864728 -0.126004
v 0.351515 0.789436 -0.172353
v 0.357412 0.796040 -0.161361
v 0.238817 0.841521 -0.164626
v 0.237936 0.840569 -0.166156
v 0.237653 0.840164 -0.166670
v 0.236352 0.836629 -0.164009
v 0.236307 0.836329 -0.163810
v 0.361977 0.799156 -0.146529
v 0.380083 0.829391 -0.097122
v 0.379927 0.829122 -0.096942
v 0.267658 0.879638 -0.099788
v 0.267801 0.879880 -0.100011
v 0.336135 0.771320 -0.193767
v 0.336002 0.771084 -0.193534
v 0.237408 0.839665 -0.166313
v 0.237552 0.839912 -0.166529
v 0.254868 0.859573 -0.134096
v 0.381138 0.832427 -0.099426
v 0.381173 0.832705 -0.099661
v 0.266603 0.876602 -0.097484
v 0.266555 0.876297 -0.097292
v 0.337190 0.774356 -0.196071
v 0.337248 0.774667 -0.196253
v 0.236427 0.835958 -0.163706
v 0.253822 0.855291 -0.131049
v 0.274167 0.872827 -0.096988
v 0.266712 0.875975 -0.097106
v 0.239587 0.838902 -0.167352
v 0.237833 0.840003 -0.166776
v 0.255377 0.859766 -0.134444
v 0.270131 0.879263 -0.100181
v 0.268119 0.880020 -0.100176
v 0.302278 0.861128 -0.096903
v 0.344041 0.843732 -0.096797
v 0.269127 0.819584 -0.176179
v 0.324614 0.856613 -0.100024
v 0.345495 0.847915 -0.099971
v 0.252591 0.825607 -0.167643
v 0.252278 0.825330 -0.168281
v 0.284727 0.868201 -0.096932
v 0.284473 0.867720 -0.097555
v 0.253833 0.829805 -0.171676
v 0.254198 0.830228 -0.171149
v 0.286080 0.872340 -0.101062
v 0.286283 0.872675 -0.100328
v 0.240026 0.891756 -0.103280
v 0.231451 0.874887 -0.131229
v 0.216453 0.859433 -0.157073
v 0.138889 0.935731 -0.102649
v 0.125349 0.917166 -0.133547
v 0.133741 0.926159 -0.118674
v 0.241492 0.896200 -0.106732
v 0.217970 0.863957 -0.160393
v 0.140538 0.940119 -0.106069
v 0.127014 0.921582 -0.136921
v 0.244513 0.934125 -0.032766
v 0.247299 0.916745 -0.061565
v 0.243185 0.899605 -0.090217
v 0.141426 0.960072 -0.062139
v 0.140663 0.940244 -0.095139
v 0.142788 0.950165 -0.078720
v 0.246119 0.938840 -0.035766
v 0.244787 0.904403 -0.093079
v 0.143205 0.964762 -0.065056
v 0.142439 0.944963 -0.098007
v 0.220940 0.975272 0.035715
v 0.234885 0.959386 0.009402
v 0.242250 0.942536 -0.018767
v 0.127845 0.983703 -0.022810
v 0.140085 0.964900 -0.054104
v 0.135629 0.974613 -0.038032
v 0.222501 0.980270 0.033185
v 0.243753 0.947612 -0.021167
v 0.129549 0.988705 -0.025209
v 0.141767 0.969928 -0.056459
v 0.175043 1.008312 0.090703
v 0.198071 0.995547 0.069584
v 0.215529 0.980793 0.044902
v 0.101448 1.002671 0.008758
v 0.124702 0.986865 -0.017549
v 0.114485 0.995339 -0.003538
v 0.176393 1.013556 0.088581
v 0.216775 0.986101 0.042888
v 0.102896 1.007939 0.006802
v 0.126114 0.992154 -0.019469
v 0.108751 1.032664 0.131231
v 0.138620 1.024513 0.117791
v 0.164572 1.013544 0.099410
v 0.063343 1.016644 0.032012
v 0.095406 1.005662 0.013735
v 0.080366 1.011933 0.024079
v 0.109735 1.038111 0.129448
v 0.165417 1.019035 0.097700
v 0.064369 1.022127 0.030415
v 0.096383 1.011159 0.012162
v 0.032361 1.044306 0.150607
v 0.065703 1.041546 0.146138
v 0.097169 1.035474 0.135907
v 0.019449 1.023312 0.043110
v 0.056674 1.018239 0.034667
v 0.038538 1.021681 0.040303
v 0.032881 1.049882 0.149038
v 0.097530 1.041067 0.134368
v 0.019952 1.028926 0.041730
v 0.057121 1.023859 0.033296
v -0.049627 1.042384 0.147407
v -0.016432 1.045474 0.152676
v 0.017199 1.045127 0.151972
v -0.027648 1.022187 0.041238
v 0.010736 1.023763 0.043860
v -0.008563 1.023913 0.044017
v -0.049644 1.048004 0.145912
v 0.017021 1.050736 0.150460
v -0.027741 1.027837 0.039918
v 0.010588 1.029408 0.042533
v -0.127561 1.025973 0.120095
v -0.098423 1.034690 0.134729
v -0.066530 1.040258 0.143870
v -0.072402 1.012740 0.025515
v -0.037346 1.020945 0.039171
v -0.055567 1.017709 0.033691
v -0.128125 1.031540 0.118512
v -0.067239 1.045788 0.142224
v -0.073094 1.018319 0.024077
v -0.038088 1.026511 0.037711
v -0.185574 0.999734 0.076426
v -0.163221 1.012704 0.098137
v -0.136274 1.023131 0.115365
v -0.105702 0.997652 0.000405
v -0.077385 1.011091 0.022771
v -0.092703 1.005085 0.012681
v -0.186581 1.005171 0.074627
v -0.137397 1.028509 0.113467
v -0.106873 1.003078 -0.001289
v -0.078594 1.016495 0.021042
v -0.224315 0.966037 0.020345
v -0.210839 0.981920 0.046904
v -0.191405 0.996118 0.070408
v -0.127925 0.978285 -0.031827
v -0.109022 0.995563 -0.003072
v -0.119978 0.987420 -0.016717
v -0.225661 0.971284 0.018228
v -0.192825 1.001289 0.068166
v -0.129452 0.983491 -0.033886
v -0.110573 1.000743 -0.005175
v -0.241193 0.926326 -0.045746
v -0.238308 0.943590 -0.016887
v -0.228663 0.960245 0.010705
v -0.137583 0.955468 -0.069801
v -0.130386 0.974951 -0.037376
v -0.135693 0.965435 -0.053307
v -0.242752 0.931326 -0.048271
v -0.230246 0.965162 0.008041
v -0.139323 0.960399 -0.072319
v -0.132133 0.979852 -0.039942
v -0.231905 0.884738 -0.114959
v -0.240234 0.901529 -0.086889
v -0.241717 0.918894 -0.058115
v -0.132208 0.931581 -0.109557
v -0.137844 0.951199 -0.076906
v -0.136756 0.941315 -0.093449
v -0.233513 0.889463 -0.117944
v -0.243295 0.923536 -0.061236
v -0.133976 0.936205 -0.112583
v -0.139600 0.955795 -0.079980
v -0.197531 0.847719 -0.176569
v -0.215960 0.862227 -0.152297
v -0.228198 0.878422 -0.125471
v -0.112426 0.910323 -0.144935
v -0.130041 0.927959 -0.115585
v -0.122799 0.918785 -0.130945
v -0.199013 0.852180 -0.179992
v -0.229599 0.882810 -0.129015
v -0.114032 0.914660 -0.148440
v -0.131617 0.932271 -0.119131
v -0.144273 0.819320 -0.223833
v -0.170570 0.830162 -0.205663
v -0.191933 0.843602 -0.183422
v -0.081804 0.894023 -0.172063
v -0.109180 0.907970 -0.148851
v -0.096741 0.900410 -0.161526
v -0.145484 0.823561 -0.227623
v -0.193023 0.847786 -0.187306
v -0.083091 0.898123 -0.175963
v -0.110424 0.912051 -0.152783
v -0.076108 0.800768 -0.254709
v -0.107697 0.806836 -0.244483
v -0.136105 0.816172 -0.229072
v -0.042629 0.883383 -0.189771
v -0.077090 0.892231 -0.175046
v -0.060666 0.887051 -0.183760
v -0.076926 0.804842 -0.258777
v -0.136774 0.820211 -0.233198
v -0.043467 0.887308 -0.193962
v -0.077877 0.896144 -0.179256
v 0.000521 0.794102 -0.265803
v -0.033204 0.794740 -0.264616
v -0.065838 0.799000 -0.257651
v 0.001398 0.879573 -0.196112
v -0.036719 0.882387 -0.191429
v -0.017939 0.880134 -0.195272
v 0.000183 0.798079 -0.270032
v -0.066016 0.802969 -0.261893
v 0.001096 0.883403 -0.200461
v -0.036964 0.886214 -0.195782
v 0.081063 0.800831 -0.254604
v 0.048781 0.795700 -0.263018
v 0.015280 0.794180 -0.265674
v 0.047659 0.883459 -0.189645
v 0.009874 0.879638 -0.196003
v 0.029072 0.880705 -0.194321
v 0.081263 0.804796 -0.258853
v 0.015638 0.798164 -0.269890
v 0.047953 0.887288 -0.193995
v 0.010223 0.883475 -0.200340
v 0.153313 0.821083 -0.220898
v 0.126146 0.810712 -0.238033
v 0.095569 0.803545 -0.250088
v 0.089144 0.895111 -0.170252
v 0.055976 0.885037 -0.187018
v 0.073419 0.889333 -0.179961
v 0.154034 0.825130 -0.225012
v 0.096426 0.807636 -0.254126
v 0.090006 0.899043 -0.174432
v 0.056885 0.888985 -0.191171
v 0.208597 0.852737 -0.168219
v 0.189683 0.838283 -0.192147
v 0.165549 0.826269 -0.212269
v 0.120872 0.913309 -0.139966
v 0.096145 0.898106 -0.165268
v 0.109826 0.905159 -0.153623
v 0.209759 0.856949 -0.172055
v 0.166809 0.830548 -0.215995
v 0.122205 0.917434 -0.143823
v 0.097512 0.902255 -0.169085
v 0.253288 0.719855 -0.278451
v 0.295632 0.741961 -0.241228
v 0.331591 0.767268 -0.199541
v 0.178478 0.800114 -0.223641
v 0.232433 0.832785 -0.169268
v 0.207249 0.815551 -0.197712
v 0.254398 0.723547 -0.281770
v 0.296821 0.745915 -0.244783
v 0.332701 0.770960 -0.202861
v 0.179588 0.803806 -0.226961
v 0.233543 0.836477 -0.172587
v 0.208438 0.819505 -0.201267
v 0.249636 0.826080 -0.177522
v 0.141910 0.685286 -0.335982
v 0.196147 0.698969 -0.312779
v 0.246157 0.716778 -0.283571
v 0.100349 0.775695 -0.264281
v 0.172181 0.797396 -0.228166
v 0.137452 0.785387 -0.247914
v 0.142648 0.688817 -0.339570
v 0.196937 0.702750 -0.316622
v 0.246895 0.720309 -0.287159
v 0.101087 0.779226 -0.267869
v 0.172919 0.800926 -0.231754
v 0.138241 0.789168 -0.251756
v 0.184959 0.788075 -0.240772
v 0.018083 0.671609 -0.358745
v 0.078096 0.675594 -0.351681
v 0.136438 0.684207 -0.337779
v 0.013383 0.765944 -0.280510
v 0.094936 0.774625 -0.266062
v 0.054627 0.768986 -0.275209
v 0.018378 0.675052 -0.362479
v 0.078412 0.679282 -0.355680
v 0.136733 0.687650 -0.341513
v 0.013678 0.769387 -0.284243
v 0.095232 0.778068 -0.269795
v 0.054943 0.772673 -0.279208
v 0.102031 0.763619 -0.281475
v -0.106701 0.678970 -0.346494
v -0.047229 0.672900 -0.356166
v 0.013284 0.671509 -0.358911
v -0.074344 0.770978 -0.272132
v 0.008332 0.765838 -0.280687
v -0.033301 0.767094 -0.278357
v -0.106875 0.682403 -0.350245
v -0.047416 0.676576 -0.360182
v 0.013109 0.674942 -0.362662
v -0.074519 0.774411 -0.275883
v 0.008158 0.769270 -0.284438
v -0.033488 0.770771 -0.282374
v 0.009048 0.754174 -0.297194
v -0.218856 0.706128 -0.301297
v -0.168868 0.691179 -0.325744
v -0.115211 0.680510 -0.343932
v -0.153320 0.789945 -0.240567
v -0.081901 0.772293 -0.269944
v -0.118644 0.779918 -0.257015
v -0.219487 0.709629 -0.304933
v -0.169543 0.694929 -0.329639
v -0.115841 0.684011 -0.347569
v -0.153950 0.793446 -0.244203
v -0.082532 0.775794 -0.273581
v -0.119319 0.783668 -0.260910
v -0.087841 0.761095 -0.285675
v -0.307483 0.749101 -0.229778
v -0.270391 0.727502 -0.265293
v -0.227442 0.709393 -0.295862
v -0.215803 0.820060 -0.190446
v -0.160649 0.792700 -0.235982
v -0.189874 0.805401 -0.214604
v -0.308494 0.752738 -0.233188
v -0.271474 0.731397 -0.268945
v -0.228453 0.713030 -0.299272
v -0.216814 0.823698 -0.193856
v -0.161660 0.796337 -0.239392
v -0.190957 0.809297 -0.218256
v -0.172402 0.782998 -0.249222
v -0.368115 0.805667 -0.135636
v -0.343249 0.777037 -0.182851
v -0.310956 0.750823 -0.226911
v -0.258597 0.859726 -0.124431
v -0.219210 0.821936 -0.187324
v -0.240993 0.840155 -0.156764
v -0.369399 0.809490 -0.138737
v -0.344624 0.781132 -0.186173
v -0.312240 0.754646 -0.230012
v -0.259881 0.863549 -0.127532
v -0.220494 0.825759 -0.190425
v -0.242368 0.844249 -0.160086
v -0.235288 0.814381 -0.196992
v -0.389977 0.870233 -0.028180
v -0.384240 0.838993 -0.079739
v -0.370199 0.808827 -0.130377
v -0.274234 0.905078 -0.048953
v -0.260605 0.862765 -0.119373
v -0.269754 0.883623 -0.084421
v -0.391414 0.874288 -0.030894
v -0.385779 0.843336 -0.082647
v -0.371636 0.812882 -0.133091
v -0.275671 0.909133 -0.051668
v -0.262042 0.866820 -0.122087
v -0.271293 0.887966 -0.087329
v -0.279750 0.858215 -0.124040
v -0.369848 0.935614 0.080632
v -0.384047 0.905103 0.030285
v -0.389958 0.874236 -0.021518
v -0.260363 0.951049 0.027556
v -0.274220 0.908756 -0.042832
v -0.269621 0.930006 -0.007228
v -0.371284 0.939916 0.078329
v -0.385586 0.909711 0.027819
v -0.391395 0.878539 -0.023820
v -0.261800 0.955352 0.025253
v -0.275657 0.913059 -0.045134
v -0.271160 0.934614 -0.009694
v -0.294388 0.907593 -0.041861
v -0.309844 0.993820 0.177504
v -0.342358 0.967317 0.133827
v -0.367495 0.939113 0.086456
v -0.218439 0.992023 0.095748
v -0.258163 0.954326 0.033010
v -0.240374 0.973655 0.065418
v -0.311125 0.998356 0.175589
v -0.343730 0.972175 0.131776
v -0.368776 0.943649 0.084542
v -0.219720 0.996559 0.093833
v -0.259444 0.958862 0.031096
v -0.241746 0.978513 0.063367
v -0.277167 0.956524 0.039573
v -0.215668 1.039136 0.252922
v -0.263077 1.019540 0.220740
v -0.304831 0.997117 0.182990
v -0.152445 1.023976 0.148926
v -0.213883 0.995021 0.100738
v -0.184752 1.010296 0.126397
v -0.216652 1.043868 0.251333
v -0.264130 1.024607 0.219038
v -0.305815 1.001848 0.181401
v -0.153429 1.028707 0.147337
v -0.214867 0.999753 0.099149
v -0.185805 1.015363 0.124696
v -0.229640 1.000223 0.112301
v -0.098112 1.066114 0.297821
v -0.155212 1.055536 0.280648
v -0.208998 1.041358 0.256620
v -0.069942 1.043067 0.180699
v -0.146349 1.026008 0.152309
v -0.109075 1.035552 0.168431
v -0.098692 1.070981 0.296456
v -0.155833 1.060748 0.279187
v -0.209578 1.046224 0.255255
v -0.070521 1.047933 0.179335
v -0.146928 1.030875 0.150944
v -0.109696 1.040764 0.166969
v -0.157142 1.033501 0.167684
v 0.035769 1.071632 0.307004
v -0.024787 1.071663 0.307487
v -0.084852 1.067750 0.300544
v 0.024124 1.047095 0.187402
v -0.058991 1.044419 0.182950
v -0.017569 1.046867 0.187263
v 0.035678 1.076559 0.305740
v -0.024885 1.076940 0.306134
v -0.084943 1.072677 0.299280
v 0.024033 1.052022 0.186139
v -0.059082 1.049346 0.181687
v -0.017667 1.052144 0.185910
v -0.063353 1.053279 0.200600
v 0.160708 1.054497 0.278486
v 0.103631 1.064727 0.295944
v 0.044268 1.071169 0.306234
v 0.112002 1.035192 0.167594
v 0.031768 1.046680 0.186713
v 0.072529 1.042002 0.179166
v 0.161098 1.059398 0.277179
v 0.104049 1.069976 0.294545
v 0.044658 1.076070 0.304927
v 0.112392 1.040093 0.166287
v 0.032158 1.051581 0.185406
v 0.072947 1.047252 0.177767
v 0.034093 1.055716 0.204656
v 0.267981 1.017183 0.216385
v 0.220689 1.036473 0.248922
v 0.168585 1.052592 0.275316
v 0.187549 1.009088 0.124149
v 0.119059 1.033487 0.164756
v 0.154659 1.022180 0.146177
v 0.268810 1.021978 0.214902
v 0.221577 1.041609 0.247333
v 0.169414 1.057387 0.273833
v 0.188378 1.013884 0.122666
v 0.119888 1.038282 0.163273
v 0.155547 1.027316 0.144589
v 0.127823 1.041560 0.181097
v 0.346661 0.962731 0.125762
v 0.314694 0.989030 0.169963
v 0.275888 1.013187 0.209735
v 0.243074 0.970908 0.060607
v 0.194307 1.005676 0.118470
v 0.220614 0.988895 0.090781
v 0.347842 0.967348 0.123983
v 0.315959 0.993975 0.168057
v 0.277069 1.017804 0.207956
v 0.244255 0.975526 0.058828
v 0.195488 1.010293 0.116691
v 0.221879 0.993840 0.088875
v 0.208628 1.011708 0.131414
v 0.385151 0.899489 0.020511
v 0.371691 0.929708 0.071235
v 0.350170 0.959070 0.119670
v 0.270391 0.926506 -0.013290
v 0.246287 0.967561 0.055037
v 0.260606 0.947275 0.021514
v 0.386546 0.903884 0.018362
v 0.373185 0.934415 0.068933
v 0.351565 0.963465 0.117521
v 0.271786 0.930902 -0.015439
v 0.247681 0.971956 0.052888
v 0.262099 0.951983 0.019213
v 0.264454 0.970790 0.063316
v 0.381265 0.832572 -0.090858
v 0.387986 0.863378 -0.039157
v 0.386305 0.894763 0.012645
v 0.267943 0.879473 -0.091566
v 0.271415 0.922327 -0.020246
v 0.272041 0.900738 -0.055937
v 0.382721 0.836719 -0.093421
v 0.389546 0.867819 -0.041901
v 0.387761 0.898910 0.010083
v 0.269399 0.883620 -0.094128
v 0.272871 0.926474 -0.022808
v 0.273600 0.905179 -0.058681
v 0.291453 0.922225 -0.017510
v 0.335895 0.770973 -0.193376
v 0.361755 0.798985 -0.146325
v 0.379789 0.828968 -0.096857
v 0.236317 0.836132 -0.163698
v 0.266562 0.876094 -0.097190
v 0.253639 0.855560 -0.131126
v 0.337253 0.774878 -0.196340
v 0.363209 0.803168 -0.149499
v 0.381147 0.832873 -0.099821
v 0.237675 0.840037 -0.166662
v 0.267920 0.879999 -0.100154
v 0.255093 0.859742 -0.134301
v 0.286263 0.872584 -0.100126
f 178 168 172
f 178 172 179
f 1 5 6
f 1 6 2
f 2 6 4315
f 2 4315 4314
f 1 2 7
f 1 7 3
f 4703 644 648
f 648 577 572
f 648 572 4703
f 1 3 8
f 1 8 4
f 4 8 4311
f 4 4311 4312
f 1 4 9
f 1 9 5
f 4 4312 4313
f 4 4313 9
f 323 4457 4481
f 4481 360 364
f 4481 364 4509
f 324 323 4481
f 291 290 294
f 4481 4509 291
f 294 324 4481
f 4481 291 294
f 81 4271 4272
f 81 4272 85
f 10 14 15
f 10 15 11
f 189 184 4382
f 4382 106 110
f 4382 110 189
f 10 11 16
f 10 16 12
f 11 4317 4316
f 11 4316 16
f 10 12 17
f 10 17 13
f 13 17 4308
f 13 4308 4309
f 10 13 18
f 10 18 14
f 13 4309 4310
f 13 4310 18
f 19 23 24
f 19 24 20
f 20 24 4310
f 20 4310 4309
f 127 4340 4339
f 127 4339 125
f 19 20 25
f 19 25 21
f 4692 7175 4647
f 4647 630 631
f 631 4693 4692
f 4647 631 4692
f 20 4309 4308
f 20 4308 25
f 19 21 26
f 19 26 22
f 22 26 4298
f 22 4298 4297
f 26 4305 7124
f 26 7124 4298
f 19 22 27
f 19 27 23
f 22 4297 27
f 635 637 614
f 635 614 613
f 1088 1110 1112
f 1088 1112 1089
f 1398 1376 5215
f 1398 5215 5200
f 28 29 32
f 28 32 30
f 520 4589 4590
f 520 4590 523
f 29 4306 4307
f 29 4307 32
f 30 4274 4273
f 30 4273 33
f 28 30 33
f 28 33 31
f 807 4783 4784
f 807 4784 805
f 235 4395 4396
f 235 4396 238
f 34 38 39
f 34 39 35
f 35 39 4313
f 35 4313 4312
f 389 4572 419
f 419 418 4521
f 4521 4545 459
f 4574 386 389
f 4521 459 4574
f 389 419 4521
f 389 4521 4574
f 34 35 40
f 34 40 36
f 35 4312 4311
f 35 4311 40
f 34 36 41
f 34 41 37
f 37 41 4293
f 34 37 42
f 34 42 38
f 539 538 4607
f 4607 4583 533
f 537 4586 513
f 4607 533 537
f 4587 539 4607
f 513 517 4587
f 4607 537 513
f 4607 513 4587
f 37 4293 4294
f 37 4294 42
f 42 4294 7123
f 42 7123 4263
f 255 233 236
f 255 236 258
f 1741 1793 1790
f 1741 1790 1738
f 922 899 898
f 922 898 920
f 43 44 47
f 43 47 45
f 142 4329 4330
f 142 4330 140
f 43 45 48
f 43 48 46
f 46 48 4307
f 46 4307 4306
f 140 4330 4331
f 140 4331 143
f 32 4275 4274
f 32 4274 30
f 4493 7149 4477
f 4493 4477 335
f 49 4297 4298
f 49 4298 50
f 50 4298 7124
f 50 7124 4299
f 2804 2807 2836
f 2836 6170 6122
f 6122 6123 2804
f 2836 6122 2804
f 52 4300 7122
f 52 7122 4296
f 90 67 70
f 90 70 91
f 54 55 4294
f 54 4294 4293
f 53 4301 4302
f 53 4302 55
f 55 4302 7123
f 55 7123 4294
f 56 4299 7124
f 56 7124 4305
f 5870 2372 2375
f 2382 2381 5857
f 5870 2375 2382
f 5857 5856 5870
f 2382 5857 5870
f 1199 1198 5038
f 5038 5039 1197
f 5038 1197 1199
f 58 59 4288
f 58 4288 4287
f 57 4303 4304
f 57 4304 59
f 59 4304 7121
f 59 7121 4288
f 5017 7225 4972
f 4972 1105 1106
f 1106 5018 5017
f 4972 1106 5017
f 4387 4414 4415
f 251 250 4388
f 4387 4415 251
f 251 4388 4387
f 61 4285 7121
f 61 7121 4304
f 150 149 4333
f 4333 4334 148
f 4333 148 150
f 4366 7128 4348
f 158 159 4367
f 4366 4348 158
f 158 4367 4366
f 5943 5942 2489
f 2489 2491 2490
f 2489 2490 5943
f 64 4263 7123
f 64 7123 4302
f 65 68 69
f 65 69 66
f 1316 5115 5116
f 1316 5116 1320
f 68 4291 4292
f 68 4292 69
f 7136 4385 259
f 7136 259 4422
f 65 66 70
f 65 70 67
f 4673 4646 4645
f 4645 4659 654
f 654 647 642
f 642 4673 4645
f 4645 654 642
f 71 75 76
f 71 76 72
f 72 76 4285
f 72 4285 4284
f 75 4287 4288
f 75 4288 76
f 76 4288 7121
f 76 7121 4285
f 71 72 77
f 71 77 73
f 71 73 78
f 71 78 74
f 71 74 79
f 71 79 75
f 75 79 4286
f 75 4286 4287
f 74 4314 4315
f 74 4315 79
f 80 83 84
f 80 84 81
f 161 4319 4318
f 161 4318 165
f 80 81 85
f 80 85 82
f 82 85 4292
f 82 4292 4291
f 85 4272 7116
f 85 7116 4292
f 5227 5251 5252
f 5269 1512 1516
f 5227 5252 5269
f 1516 1495 5227
f 5269 1516 5227
f 86 90 91
f 86 91 87
f 86 87 92
f 86 92 88
f 88 92 4290
f 88 4290 4289
f 87 4295 4296
f 87 4296 92
f 92 4296 7122
f 92 7122 4290
f 86 88 93
f 86 93 89
f 89 93 4316
f 89 4316 4317
f 278 4419 211
f 211 215 4438
f 207 202 206
f 211 4438 207
f 283 278 211
f 4446 283 211
f 211 207 206
f 211 206 4446
f 86 89 94
f 86 94 90
f 5836 5898 2380
f 5836 2380 2426
f 6455 6474 3277
f 6455 3277 3289
f 7157 4520 475
f 7157 475 4559
f 4289 4290 95
f 95 4290 7122
f 95 7122 4300
f 791 843 840
f 791 840 788
f 139 118 122
f 139 122 142
f 96 100 101
f 96 101 97
f 97 101 4380
f 97 4380 4379
f 96 97 102
f 96 102 98
f 4638 549 553
f 553 482 477
f 553 477 4638
f 96 98 103
f 96 103 99
f 99 103 4376
f 99 4376 4377
f 96 99 104
f 96 104 100
f 99 4377 4378
f 99 4378 104
f 4696 7180 4664
f 4696 4664 602
f 105 109 110
f 105 110 106
f 474 469 4576
f 4576 391 395
f 4576 395 474
f 105 106 111
f 105 111 107
f 106 4382 4381
f 106 4381 111
f 105 107 112
f 105 112 108
f 108 112 4373
f 108 4373 4374
f 105 108 113
f 105 113 109
f 108 4374 4375
f 108 4375 113
f 114 118 119
f 114 119 115
f 115 119 4375
f 115 4375 4374
f 114 115 120
f 114 120 116
f 115 4374 4373
f 115 4373 120
f 114 116 121
f 114 121 117
f 117 121 4363
f 117 4363 4362
f 121 4370 7134
f 121 7134 4363
f 114 117 122
f 114 122 118
f 117 4362 122
f 1040 1044 965
f 4959 974 973
f 965 968 4959
f 1017 1040 965
f 973 994 1017
f 965 4959 973
f 965 973 1017
f 557 504 503
f 557 503 555
f 504 557 4615
f 504 4615 4630
f 123 124 127
f 123 127 125
f 4437 7140 4405
f 4437 4405 222
f 124 4371 4372
f 124 4372 127
f 1757 5432 5433
f 1757 5433 1755
f 123 125 128
f 123 128 126
f 143 4331 7130
f 143 7130 4372
f 129 133 134
f 129 134 130
f 130 134 4378
f 130 4378 4377
f 101 100 104
f 4378 134 133
f 101 104 4378
f 4351 174 4380
f 101 4378 133
f 4351 4380 101
f 133 4327 4351
f 133 4351 101
f 129 130 135
f 129 135 131
f 130 4377 4376
f 130 4376 135
f 129 131 136
f 129 136 132
f 132 136 4358
f 129 132 137
f 129 137 133
f 444 443 4542
f 4542 4518 438
f 442 4521 418
f 4542 438 442
f 4522 444 4542
f 418 422 4522
f 4542 442 418
f 4542 418 4522
f 132 4358 4359
f 132 4359 137
f 137 4359 7133
f 137 7133 4328
f 478 482 553
f 553 548 558
f 558 506 511
f 511 515 4635
f 478 553 558
f 558 511 4635
f 558 4635 478
f 5330 5345 1549
f 5330 1549 1602
f 506 558 555
f 506 555 503
f 138 139 142
f 138 142 140
f 138 140 143
f 138 143 141
f 141 143 4372
f 141 4372 4371
f 45 4265 4266
f 45 4266 48
f 1988 5632 5623
f 1988 5623 1973
f 5254 5238 1472
f 1472 1452 5271
f 5271 1474 5255
f 5255 5254 1472
f 1472 5271 5255
f 3948 3888 3898
f 3898 3897 3960
f 3898 3960 3948
f 131 126 128
f 131 128 136
f 4734 4718 712
f 712 692 4751
f 4751 714 4735
f 4735 4734 712
f 712 4751 4735
f 144 4362 4363
f 144 4363 145
f 145 4363 7134
f 145 7134 4364
f 945 922 925
f 945 925 946
f 4928 1001 1002
f 1002 4945 4944
f 4944 4927 4928
f 1002 4944 4928
f 6140 7399 6114
f 2763 2749 6148
f 6139 6140 6114
f 2763 6148 6139
f 6139 6114 2763
f 147 4365 7132
f 147 7132 4361
f 141 163 160
f 141 160 138
f 1000 4931 4930
f 1000 4930 999
f 102 173 168
f 168 178 126
f 126 131 135
f 4376 103 102
f 126 135 4376
f 102 168 126
f 102 126 4376
f 149 150 4359
f 149 4359 4358
f 148 4366 4367
f 148 4367 150
f 150 4367 7133
f 150 7133 4359
f 1466 1458 5247
f 5241 5242 1479
f 1466 5247 5241
f 1479 5267 1466
f 5241 1479 1466
f 151 4364 7134
f 151 7134 4370
f 3990 3911 3913
f 3990 3913 3991
f 153 154 4353
f 153 4353 4352
f 152 4368 4369
f 152 4369 154
f 154 4369 7131
f 154 7131 4353
f 5425 5452 5453
f 1771 1770 5426
f 5425 5453 1771
f 1771 5426 5425
f 156 4350 7131
f 156 7131 4369
f 159 4328 7133
f 159 7133 4367
f 160 163 164
f 160 164 161
f 7126 4320 164
f 7126 164 4357
f 163 4356 4357
f 163 4357 164
f 271 4401 4402
f 271 4402 275
f 160 161 165
f 160 165 162
f 180 4337 7126
f 180 7126 4357
f 179 4335 4336
f 179 4336 176
f 185 162 165
f 185 165 186
f 166 170 171
f 166 171 167
f 167 171 4350
f 167 4350 4349
f 170 4352 4353
f 170 4353 171
f 171 4353 7131
f 171 7131 4350
f 166 167 172
f 166 172 168
f 166 168 173
f 166 173 169
f 166 169 174
f 166 174 170
f 170 174 4351
f 170 4351 4352
f 169 4379 4380
f 169 4380 174
f 175 178 179
f 175 179 176
f 176 4336 4337
f 176 4337 180
f 175 176 180
f 175 180 177
f 177 180 4357
f 177 4357 4356
f 256 4384 4383
f 256 4383 260
f 1791 5439 5440
f 1791 5440 1795
f 181 185 186
f 181 186 182
f 181 182 187
f 181 187 183
f 183 187 4355
f 183 4355 4354
f 182 4360 4361
f 182 4361 187
f 187 4361 7132
f 187 7132 4355
f 181 183 188
f 181 188 184
f 184 188 4381
f 184 4381 4382
f 753 4743 686
f 686 690 4762
f 682 677 681
f 686 4762 682
f 758 753 686
f 682 681 4770
f 4770 758 686
f 686 682 4770
f 181 184 189
f 181 189 185
f 4845 4860 911
f 4889 881 876
f 4845 911 4889
f 4873 950 4845
f 4889 876 4873
f 4889 4873 4845
f 7187 4715 760
f 7187 760 4754
f 4354 4355 190
f 190 4355 7132
f 190 7132 4365
f 2683 6069 6060
f 2683 6060 2685
f 191 195 196
f 191 196 192
f 192 196 4445
f 192 4445 4444
f 191 192 197
f 191 197 193
f 4508 359 363
f 363 292 287
f 363 287 4508
f 191 193 198
f 191 198 194
f 194 198 4441
f 194 4441 4442
f 191 194 199
f 191 199 195
f 194 4442 4443
f 194 4443 199
f 4950 7218 4932
f 1013 1014 4951
f 4950 4932 1013
f 1013 4951 4950
f 200 204 205
f 200 205 201
f 1234 1229 5096
f 5096 1151 1155
f 5096 1155 1234
f 200 201 206
f 200 206 202
f 201 4447 4446
f 201 4446 206
f 200 202 207
f 200 207 203
f 203 207 4438
f 203 4438 4439
f 200 203 208
f 200 208 204
f 203 4439 4440
f 203 4440 208
f 280 257 260
f 280 260 281
f 209 213 214
f 209 214 210
f 210 214 4440
f 210 4440 4439
f 209 210 215
f 209 215 211
f 210 4439 4438
f 210 4438 215
f 209 211 216
f 209 216 212
f 212 216 4428
f 212 4428 4427
f 216 4435 7144
f 216 7144 4428
f 209 212 217
f 209 217 213
f 212 4427 217
f 1076 1128 1125
f 1076 1125 1073
f 1792 5459 5474
f 1792 5474 1739
f 745 693 696
f 745 696 748
f 218 219 222
f 218 222 220
f 805 4784 4785
f 805 4785 808
f 219 4436 4437
f 219 4437 222
f 333 330 4460
f 333 4460 4461
f 218 220 223
f 218 223 221
f 446 4513 4512
f 446 4512 450
f 224 228 229
f 224 229 225
f 225 229 4443
f 225 4443 4442
f 196 195 199
f 199 4443 229
f 229 228 4392
f 4392 4416 269
f 199 229 4392
f 269 196 199
f 199 4392 269
f 224 225 230
f 224 230 226
f 225 4442 4441
f 225 4441 230
f 224 226 231
f 224 231 227
f 227 231 4423
f 224 227 232
f 224 232 228
f 159 158 4348
f 4348 4324 153
f 157 4327 133
f 4348 153 157
f 4328 159 4348
f 133 137 4328
f 4348 157 133
f 4348 133 4328
f 227 4423 4424
f 227 4424 232
f 232 4424 7143
f 232 7143 4393
f 4436 4421 258
f 4436 258 236
f 5459 1778 1756
f 5459 1756 5474
f 67 44 43
f 67 43 65
f 233 234 237
f 233 237 235
f 238 4396 7140
f 238 7140 4437
f 233 235 238
f 233 238 236
f 236 238 4437
f 236 4437 4436
f 237 4394 4395
f 237 4395 235
f 220 4404 4403
f 220 4403 223
f 902 4848 4849
f 902 4849 900
f 5078 7239 5061
f 5078 5061 1190
f 4883 7209 4866
f 4883 4866 905
f 239 4427 4428
f 239 4428 240
f 240 4428 7144
f 240 7144 4429
f 3700 3703 3732
f 3732 6766 6718
f 6718 6719 3700
f 3732 6718 3700
f 1097 1096 4993
f 4993 7227 5014
f 4993 5014 1097
f 242 4430 7142
f 242 7142 4426
f 257 234 233
f 257 233 255
f 6198 6197 2876
f 2876 2878 2877
f 2891 6198 2876
f 2876 2877 2891
f 244 245 4424
f 244 4424 4423
f 243 4431 4432
f 243 4432 245
f 245 4432 7143
f 245 7143 4424
f 896 888 4857
f 4851 4852 909
f 896 4857 4851
f 909 4877 896
f 4851 909 896
f 246 4429 7144
f 246 7144 4435
f 234 213 217
f 234 217 237
f 1102 4974 7225
f 1102 7225 5017
f 6814 6795 3817
f 3817 3820 3832
f 3817 3832 6814
f 248 249 4418
f 248 4418 4417
f 247 4433 4434
f 247 4434 249
f 249 4434 7141
f 249 7141 4418
f 251 4415 7141
f 251 7141 4434
f 891 886 888
f 891 888 896
f 259 4385 4384
f 259 4384 256
f 4625 7168 4607
f 538 539 4626
f 4625 4607 538
f 538 4626 4625
f 254 4393 7143
f 254 7143 4432
f 255 258 259
f 255 259 256
f 5063 5036 5035
f 5035 5049 1224
f 1224 1217 1212
f 1212 5063 5035
f 5035 1224 1212
f 258 4421 4422
f 258 4422 259
f 7156 4514 449
f 7156 449 4551
f 255 256 260
f 255 260 257
f 5097 5121 5122
f 5139 1322 1326
f 5097 5122 5139
f 1326 1305 5097
f 5139 1326 5097
f 274 4400 4401
f 274 4401 271
f 369 4465 4466
f 369 4466 366
f 261 265 266
f 261 266 262
f 262 266 4415
f 262 4415 4414
f 265 4417 4418
f 265 4418 266
f 266 4418 7141
f 266 7141 4415
f 261 262 267
f 261 267 263
f 261 263 268
f 261 268 264
f 261 264 269
f 261 269 265
f 265 269 4416
f 265 4416 4417
f 264 4444 4445
f 264 4445 269
f 270 273 274
f 270 274 271
f 351 4449 4448
f 351 4448 355
f 270 271 275
f 270 275 272
f 272 275 4422
f 272 4422 4421
f 354 4450 4449
f 354 4449 351
f 4902 4926 4927
f 4944 1037 1041
f 4902 4927 4944
f 1041 1020 4902
f 4944 1041 4902
f 276 280 281
f 276 281 277
f 276 277 282
f 276 282 278
f 278 282 4420
f 278 4420 4419
f 277 4425 4426
f 277 4426 282
f 282 4426 7142
f 282 7142 4420
f 276 278 283
f 276 283 279
f 279 283 4446
f 279 4446 4447
f 563 4613 496
f 496 500 4632
f 4632 492 487
f 487 491 4640
f 4640 568 563
f 563 496 4632
f 4632 487 4640
f 4632 4640 563
f 276 279 284
f 276 284 280
f 4326 4341 151
f 4370 121 116
f 4326 151 4370
f 4354 190 4326
f 4370 116 4354
f 4370 4354 4326
f 6574 6575 7470
f 7470 6564 3375
f 3375 6588 3412
f 3412 6565 6574
f 6574 7470 3375
f 3375 3412 6574
f 4419 4420 285
f 285 4420 7142
f 285 7142 4430
f 286 290 291
f 286 291 287
f 287 291 4509
f 287 4509 4508
f 286 287 292
f 286 292 288
f 4963 1024 1028
f 1028 957 952
f 1028 952 4963
f 286 288 293
f 286 293 289
f 289 293 4505
f 289 4505 4506
f 286 289 294
f 286 294 290
f 289 4506 4507
f 289 4507 294
f 6990 7529 6964
f 4043 4029 6998
f 6989 6990 6964
f 4043 6998 6989
f 6989 6964 4043
f 295 299 300
f 295 300 296
f 295 296 301
f 295 301 297
f 296 4511 4510
f 296 4510 301
f 295 297 302
f 295 302 298
f 298 302 4502
f 298 4502 4503
f 295 298 303
f 295 303 299
f 298 4503 4504
f 298 4504 303
f 304 308 309
f 304 309 305
f 305 309 4504
f 305 4504 4503
f 304 305 310
f 304 310 306
f 305 4503 4502
f 305 4502 310
f 304 306 311
f 304 311 307
f 307 311 4492
f 307 4492 4491
f 311 4499 7154
f 311 7154 4492
f 304 307 312
f 304 312 308
f 1410 1358 1361
f 1410 1361 1413
f 307 4491 312
f 329 308 312
f 329 312 332
f 1089 1112 1135
f 1135 1139 1060
f 1060 1059 1063
f 1063 5024 1069
f 1069 1068 1089
f 1089 1135 1060
f 1060 1063 1069
f 1060 1069 1089
f 313 314 317
f 313 317 315
f 314 4500 4501
f 314 4501 317
f 4566 7160 4534
f 4566 4534 412
f 313 315 318
f 313 318 316
f 4501 7150 4470
f 4501 4470 317
f 319 323 324
f 319 324 320
f 320 324 4507
f 320 4507 4506
f 1336 1335 1339
f 1339 5222 1369
f 1369 1368 5171
f 5171 5195 1409
f 5224 1336 1339
f 5171 1409 5224
f 1339 1369 5171
f 1339 5171 5224
f 319 320 325
f 319 325 321
f 320 4506 4505
f 320 4505 325
f 319 321 326
f 319 326 322
f 322 326 4487
f 319 322 327
f 319 327 323
f 729 728 4737
f 4737 4713 723
f 727 4716 703
f 4737 723 727
f 4717 729 4737
f 703 707 4717
f 4737 727 703
f 4737 703 4717
f 322 4487 4488
f 322 4488 327
f 327 4488 7153
f 327 7153 4458
f 1302 1279 1278
f 1302 1278 1300
f 1317 1264 1263
f 1317 1263 1315
f 1318 1315 1263
f 1318 1263 1266
f 328 329 332
f 328 332 330
f 328 330 333
f 328 333 331
f 331 333 4501
f 331 4501 4500
f 315 4469 4468
f 315 4468 318
f 5043 1187 1167
f 1167 5076 1189
f 1189 5060 5059
f 5059 5043 1167
f 1167 1189 5059
f 1285 5126 5125
f 1285 5125 1284
f 4688 7179 4671
f 4688 4671 620
f 334 4491 4492
f 334 4492 335
f 335 4492 7154
f 335 7154 4493
f 4910 4925 1006
f 4954 976 971
f 4910 1006 4954
f 4938 1045 4910
f 4954 971 4938
f 4954 4938 4910
f 4733 716 717
f 717 4750 4749
f 4749 4732 4733
f 717 4749 4733
f 337 4494 7152
f 337 7152 4490
f 321 316 318
f 321 318 326
f 7082 4221 4219
f 7082 4219 7091
f 368 358 362
f 368 362 369
f 339 340 4488
f 339 4488 4487
f 338 4495 4496
f 338 4496 340
f 340 4496 7153
f 340 7153 4488
f 1371 1363 5182
f 5176 5177 1384
f 1371 5182 5176
f 1384 5202 1371
f 5176 1384 1371
f 341 4493 7154
f 341 7154 4499
f 1389 1388 5168
f 5168 5169 1387
f 5168 1387 1389
f 343 344 4482
f 343 4482 4481
f 342 4497 4498
f 342 4498 344
f 344 4498 7151
f 344 7151 4482
f 5212 7255 5167
f 5167 1390 1391
f 1391 5213 5212
f 5167 1391 5212
f 726 725 4712
f 4712 4711 4738
f 4738 4739 726
f 4712 4738 726
f 346 4480 7151
f 346 7151 4498
f 463 460 408
f 463 408 411
f 349 4458 7153
f 349 7153 4496
f 350 353 354
f 350 354 351
f 1700 5376 7286
f 1700 7286 5395
f 353 4485 4486
f 353 4486 354
f 1779 5423 5422
f 1779 5422 1776
f 350 351 355
f 350 355 352
f 4414 4387 4386
f 4386 4400 274
f 274 267 262
f 262 4414 4386
f 4386 274 262
f 356 360 361
f 356 361 357
f 357 361 4480
f 357 4480 4479
f 360 4481 4482
f 360 4482 361
f 361 4482 7151
f 361 7151 4480
f 356 357 362
f 356 362 358
f 356 358 363
f 356 363 359
f 356 359 364
f 356 364 360
f 359 4508 4509
f 359 4509 364
f 365 368 369
f 365 369 366
f 4479 4452 4451
f 4451 4465 369
f 369 362 357
f 357 4479 4451
f 4451 369 357
f 365 366 370
f 365 370 367
f 367 370 4486
f 367 4486 4485
f 449 4514 4513
f 449 4513 446
f 544 4579 4578
f 544 4578 541
f 371 375 376
f 371 376 372
f 2376 5894 5885
f 2376 5885 2359
f 371 372 377
f 371 377 373
f 373 377 4484
f 373 4484 4483
f 372 4489 4490
f 372 4490 377
f 377 4490 7152
f 377 7152 4484
f 371 373 378
f 371 378 374
f 374 378 4510
f 374 4510 4511
f 371 374 379
f 371 379 375
f 416 411 413
f 416 413 421
f 4483 4484 380
f 380 4484 7152
f 380 7152 4494
f 463 453 457
f 463 457 464
f 749 4724 4725
f 749 4725 746
f 381 385 386
f 381 386 382
f 382 386 4574
f 382 4574 4573
f 2721 6157 6098
f 6098 2781 2819
f 6098 2819 2816
f 2719 2721 6098
f 6172 2722 2719
f 6098 2816 2818
f 2818 6172 2719
f 6098 2818 2719
f 381 382 387
f 381 387 383
f 4833 834 838
f 838 767 762
f 838 762 4833
f 381 383 388
f 381 388 384
f 384 388 4570
f 384 4570 4571
f 381 384 389
f 381 389 385
f 384 4571 4572
f 384 4572 389
f 3161 6402 6411
f 3161 6411 3146
f 614 593 597
f 614 597 617
f 465 4531 7156
f 465 7156 4551
f 390 394 395
f 390 395 391
f 1139 1134 5031
f 5031 1056 1060
f 5031 1060 1139
f 390 391 396
f 390 396 392
f 391 4576 4575
f 391 4575 396
f 390 392 397
f 390 397 393
f 393 397 4567
f 393 4567 4568
f 390 393 398
f 390 398 394
f 393 4568 4569
f 393 4569 398
f 399 403 404
f 399 404 400
f 400 404 4569
f 400 4569 4568
f 425 4524 4525
f 425 4525 428
f 399 400 405
f 399 405 401
f 400 4568 4567
f 400 4567 405
f 399 401 406
f 399 406 402
f 402 406 4557
f 402 4557 4556
f 406 4564 7164
f 406 7164 4557
f 399 402 407
f 399 407 403
f 402 4556 407
f 447 424 423
f 447 423 445
f 263 273 221
f 221 226 230
f 230 4441 198
f 230 198 193
f 263 221 230
f 197 268 263
f 263 230 193
f 193 197 263
f 5394 5409 1644
f 5394 1644 1697
f 408 409 412
f 408 412 410
f 522 4588 4589
f 522 4589 520
f 409 4565 4566
f 409 4566 412
f 412 4534 4533
f 412 4533 410
f 408 410 413
f 408 413 411
f 414 418 419
f 414 419 415
f 415 419 4572
f 415 4572 4571
f 414 415 420
f 414 420 416
f 415 4571 4570
f 415 4570 420
f 414 416 421
f 414 421 417
f 417 421 4552
f 414 417 422
f 414 422 418
f 1204 1203 5062
f 5062 5038 1198
f 1202 5041 1178
f 5062 1198 1202
f 5042 1204 5062
f 1178 1182 5042
f 5062 1202 1178
f 5062 1178 5042
f 417 4552 4553
f 417 4553 422
f 422 4553 7163
f 422 7163 4522
f 46 68 65
f 46 65 43
f 270 272 219
f 270 219 218
f 1643 1695 1697
f 1643 1697 1644
f 423 424 427
f 423 427 425
f 423 425 428
f 423 428 426
f 426 428 4566
f 426 4566 4565
f 428 4525 7160
f 428 7160 4566
f 410 4533 4532
f 410 4532 413
f 429 4556 4557
f 429 4557 430
f 430 4557 7164
f 430 7164 4558
f 5318 1571 1572
f 1572 5335 5334
f 5334 5317 5318
f 1572 5334 5318
f 5388 5361 5360
f 5360 5374 1699
f 1699 1692 1687
f 1687 5388 5360
f 5360 1699 1687
f 432 4559 7162
f 432 7162 4555
f 6486 3325 3323
f 6486 3323 6495
f 652 599 598
f 652 598 650
f 1688 1698 1646
f 1646 1651 1655
f 1655 5414 1623
f 1655 1623 1618
f 1688 1646 1655
f 1618 1693 1688
f 1655 1618 1688
f 434 435 4553
f 434 4553 4552
f 433 4560 4561
f 433 4561 435
f 435 4561 7163
f 435 7163 4553
f 1032 4940 4955
f 1032 4955 979
f 436 4558 7164
f 436 7164 4564
f 1763 5437 7298
f 1763 7298 5469
f 438 439 4547
f 438 4547 4546
f 437 4562 4563
f 437 4563 439
f 439 4563 7161
f 439 7161 4547
f 5326 5325 5301
f 5301 1582 1578
f 5301 1578 5326
f 4368 7125 4323
f 4323 155 156
f 156 4369 4368
f 4323 156 4368
f 6310 7425 6284
f 3019 3005 6318
f 6309 6310 6284
f 3019 6318 6309
f 6309 6284 3019
f 441 4544 7161
f 441 7161 4563
f 511 506 508
f 511 508 516
f 444 4522 7163
f 444 7163 4561
f 445 448 449
f 445 449 446
f 7166 4579 544
f 7166 544 4616
f 448 4550 4551
f 448 4551 449
f 7176 4644 639
f 7176 639 4681
f 445 446 450
f 445 450 447
f 464 4529 4530
f 464 4530 461
f 451 455 456
f 451 456 452
f 452 456 4544
f 452 4544 4543
f 455 4546 4547
f 455 4547 456
f 456 4547 7161
f 456 7161 4544
f 451 452 457
f 451 457 453
f 451 453 458
f 451 458 454
f 470 447 450
f 470 450 471
f 451 454 459
f 451 459 455
f 455 459 4545
f 455 4545 4546
f 454 4573 4574
f 454 4574 459
f 460 463 464
f 460 464 461
f 5997 5996 2570
f 2566 2569 5997
f 2570 2566 5997
f 460 461 465
f 460 465 462
f 462 465 4551
f 462 4551 4550
f 560 4596 7166
f 560 7166 4616
f 466 470 471
f 466 471 467
f 466 467 472
f 466 472 468
f 468 472 4549
f 468 4549 4548
f 467 4554 4555
f 467 4555 472
f 472 4555 7162
f 472 7162 4549
f 466 468 473
f 466 473 469
f 469 473 4575
f 469 4575 4576
f 466 469 474
f 466 474 470
f 4650 4665 626
f 4694 596 591
f 4650 626 4694
f 4678 665 4650
f 4694 591 4678
f 4694 4678 4650
f 7287 5365 1710
f 7287 1710 5403
f 4548 4549 475
f 475 4549 7162
f 475 7162 4559
f 476 480 481
f 476 481 477
f 477 481 4639
f 477 4639 4638
f 476 477 482
f 476 482 478
f 476 478 483
f 476 483 479
f 479 483 4635
f 479 4635 4636
f 476 479 484
f 476 484 480
f 479 4636 4637
f 479 4637 484
f 636 4643 4642
f 636 4642 640
f 565 542 545
f 565 545 566
f 485 489 490
f 485 490 486
f 854 849 4836
f 4836 771 775
f 4836 775 854
f 485 486 491
f 485 491 487
f 486 4641 4640
f 486 4640 491
f 3641 3642 3632
f 3632 6732 6721
f 3632 6721 3641
f 485 487 492
f 485 492 488
f 488 492 4632
f 488 4632 4633
f 485 488 493
f 485 493 489
f 488 4633 4634
f 488 4634 493
f 494 498 499
f 494 499 495
f 495 499 4634
f 495 4634 4633
f 498 519 542
f 542 565 569
f 490 489 493
f 542 569 490
f 499 498 542
f 4634 499 542
f 542 490 493
f 542 493 4634
f 494 495 500
f 494 500 496
f 495 4633 4632
f 495 4632 500
f 494 496 501
f 494 501 497
f 497 501 4622
f 497 4622 4621
f 501 4629 7174
f 501 7174 4622
f 494 497 502
f 494 502 498
f 497 4621 502
f 1074 1127 5005
f 1074 5005 5020
f 996 1018 1015
f 996 1015 993
f 503 504 507
f 503 507 505
f 4631 7170 4599
f 4631 4599 507
f 504 4630 4631
f 504 4631 507
f 503 505 508
f 503 508 506
f 509 513 514
f 509 514 510
f 510 514 4637
f 510 4637 4636
f 1430 1434 5287
f 5287 1464 1463
f 1463 5236 5260
f 5260 1504 5289
f 1430 5287 1463
f 1463 5260 5289
f 1430 1463 5289
f 509 510 515
f 509 515 511
f 510 4636 4635
f 510 4635 515
f 509 511 516
f 509 516 512
f 512 516 4617
f 509 512 517
f 509 517 513
f 919 918 4867
f 4867 4843 913
f 917 4846 893
f 4867 913 917
f 4847 919 4867
f 893 897 4847
f 4867 917 893
f 4867 893 4847
f 512 4617 4618
f 512 4618 517
f 517 4618 7173
f 517 7173 4587
f 540 542 519
f 540 519 518
f 4485 4500 314
f 4485 314 367
f 1113 1091 5020
f 1113 5020 5005
f 518 519 522
f 518 522 520
f 507 4599 4598
f 507 4598 505
f 518 520 523
f 518 523 521
f 521 523 4631
f 521 4631 4630
f 713 4720 7190
f 713 7190 4761
f 615 4654 4655
f 615 4655 618
f 519 498 502
f 519 502 522
f 523 4590 7170
f 523 7170 4631
f 145 4347 4346
f 145 4346 144
f 5013 7229 4996
f 5013 4996 1095
f 524 4621 4622
f 524 4622 525
f 525 4622 7174
f 525 7174 4623
f 1895 1898 1927
f 1927 5563 5515
f 5515 5516 1895
f 1927 5515 1895
f 527 4624 7172
f 527 7172 4620
f 529 530 4618
f 529 4618 4617
f 528 4625 4626
f 528 4626 530
f 530 4626 7173
f 530 7173 4618
f 531 4623 7174
f 531 7174 4629
f 5166 5193 5194
f 1391 1390 5167
f 5166 5194 1391
f 1391 5167 5166
f 59 58 4259
f 4259 4260 57
f 4259 57 59
f 533 534 4612
f 533 4612 4611
f 532 4627 4628
f 532 4628 534
f 534 4628 7171
f 534 7171 4612
f 1095 4996 4995
f 1095 4995 1094
f 4822 7195 4777
f 4777 820 821
f 821 4823 4822
f 4777 821 4822
f 4452 4479 4480
f 346 345 4453
f 4452 4480 346
f 346 4453 4452
f 536 4609 7171
f 536 7171 4628
f 5015 7228 4997
f 1108 1109 5016
f 5015 4997 1108
f 1108 5016 5015
f 6566 7464 6540
f 3403 3389 6574
f 6565 6566 6540
f 3403 6574 6565
f 6565 6540 3403
f 539 4587 7173
f 539 7173 4626
f 540 543 544
f 540 544 541
f 541 4578 4577
f 541 4577 545
f 543 4615 4616
f 543 4616 544
f 731 4708 4707
f 731 4707 735
f 540 541 545
f 540 545 542
f 651 4660 4661
f 651 4661 655
f 546 550 551
f 546 551 547
f 547 551 4609
f 547 4609 4608
f 550 4611 4612
f 550 4612 551
f 551 4612 7171
f 551 7171 4609
f 546 547 552
f 546 552 548
f 546 548 553
f 546 553 549
f 1213 1223 1171
f 1171 1176 1180
f 5090 1148 1143
f 1171 1180 5090
f 1218 1213 1171
f 5090 1143 1147
f 1147 1218 1171
f 1171 5090 1147
f 546 549 554
f 546 554 550
f 550 554 4610
f 550 4610 4611
f 549 4638 4639
f 549 4639 554
f 555 558 559
f 555 559 556
f 1224 5049 5050
f 1224 5050 1221
f 555 556 560
f 555 560 557
f 557 560 4616
f 557 4616 4615
f 639 4644 4643
f 639 4643 636
f 556 4595 4596
f 556 4596 560
f 561 565 566
f 561 566 562
f 561 562 567
f 561 567 563
f 563 567 4614
f 563 4614 4613
f 562 4619 4620
f 562 4620 567
f 567 4620 7172
f 567 7172 4614
f 561 563 568
f 561 568 564
f 564 568 4640
f 564 4640 4641
f 1038 4938 971
f 971 975 4957
f 4957 967 962
f 4965 1043 1038
f 1038 971 4957
f 962 4965 1038
f 4957 962 1038
f 561 564 569
f 561 569 565
f 4456 4471 341
f 4499 311 306
f 4456 341 4499
f 4483 380 4456
f 4499 306 4483
f 4499 4483 4456
f 7237 5040 1235
f 7237 1235 5079
f 4613 4614 570
f 570 4614 7172
f 570 7172 4624
f 571 575 576
f 571 576 572
f 572 576 4704
f 572 4704 4703
f 571 572 577
f 571 577 573
f 4768 739 743
f 743 672 667
f 743 667 4768
f 571 573 578
f 571 578 574
f 574 578 4700
f 574 4700 4701
f 571 574 579
f 571 579 575
f 574 4701 4702
f 574 4702 579
f 701 705 4765
f 4765 673 668
f 668 672 743
f 743 738 748
f 748 696 701
f 701 4765 668
f 668 743 748
f 668 748 701
f 653 643 647
f 653 647 654
f 580 584 585
f 580 585 581
f 759 754 4771
f 4771 676 680
f 4771 680 759
f 580 581 586
f 580 586 582
f 581 4706 4705
f 581 4705 586
f 1670 1669 5372
f 5372 5373 1668
f 5372 1668 1670
f 580 582 587
f 580 587 583
f 583 587 4697
f 583 4697 4698
f 580 583 588
f 580 588 584
f 583 4698 4699
f 583 4699 588
f 589 593 594
f 589 594 590
f 590 594 4699
f 590 4699 4698
f 589 590 595
f 589 595 591
f 590 4698 4697
f 590 4697 595
f 589 591 596
f 589 596 592
f 592 596 4687
f 592 4687 4686
f 596 4694 7184
f 596 7184 4687
f 589 592 597
f 589 597 593
f 592 4686 597
f 352 329 328
f 352 328 350
f 635 613 616
f 635 616 638
f 598 599 602
f 598 602 600
f 695 4728 4727
f 695 4727 698
f 599 4695 4696
f 599 4696 602
f 712 4718 4719
f 712 4719 710
f 598 600 603
f 598 603 601
f 358 368 316
f 316 321 325
f 316 325 4505
f 363 358 316
f 293 288 292
f 292 363 316
f 316 4505 293
f 316 293 292
f 604 608 609
f 604 609 605
f 605 609 4702
f 605 4702 4701
f 604 605 610
f 604 610 606
f 605 4701 4700
f 605 4700 610
f 604 606 611
f 604 611 607
f 607 611 4682
f 604 607 612
f 604 612 608
f 1489 1488 5257
f 5257 5233 1483
f 1487 5236 1463
f 5257 1483 1487
f 5237 1489 5257
f 1463 1467 5237
f 5257 1487 1463
f 5257 1463 5237
f 607 4682 4683
f 607 4683 612
f 612 4683 7183
f 612 7183 4652
f 4695 4680 638
f 4695 638 616
f 353 331 4500
f 353 4500 4485
f 331 353 350
f 331 350 328
f 613 614 617
f 613 617 615
f 1742 5443 5442
f 1742 5442 1740
f 613 615 618
f 613 618 616
f 616 618 4696
f 616 4696 4695
f 618 4655 7180
f 618 7180 4696
f 222 4405 4404
f 222 4404 220
f 4345 4329 142
f 142 122 4362
f 4362 144 4346
f 4346 4345 142
f 142 4362 4346
f 5402 7289 5386
f 5402 5386 1665
f 619 4686 4687
f 619 4687 620
f 620 4687 7184
f 620 7184 4688
f 710 4719 4720
f 710 4720 713
f 5447 1761 1762
f 1762 5464 5463
f 5463 5446 5447
f 1762 5463 5447
f 622 4689 7182
f 622 7182 4685
f 625 624 4657
f 4657 4658 623
f 4657 623 625
f 624 625 4683
f 624 4683 4682
f 623 4690 4691
f 623 4691 625
f 625 4691 7183
f 625 7183 4683
f 626 4688 7184
f 626 7184 4694
f 1292 5104 7245
f 1292 7245 5147
f 1939 5636 5577
f 5577 2000 2038
f 5577 2038 2035
f 1937 1939 5577
f 5651 1940 1937
f 5577 2035 2037
f 2037 5651 1937
f 5577 2037 1937
f 628 629 4677
f 628 4677 4676
f 627 4692 4693
f 627 4693 629
f 629 4693 7181
f 629 7181 4677
f 631 4674 7181
f 631 7181 4693
f 634 4652 7183
f 634 7183 4691
f 635 638 639
f 635 639 636
f 7186 4709 734
f 7186 734 4746
f 638 4680 4681
f 638 4681 639
f 750 4726 7186
f 750 7186 4746
f 635 636 640
f 635 640 637
f 4933 4906 4905
f 4905 4919 1034
f 1034 1027 1022
f 1022 4933 4905
f 4905 1034 1022
f 641 645 646
f 641 646 642
f 642 646 4674
f 642 4674 4673
f 645 4676 4677
f 645 4677 646
f 646 4677 7181
f 646 7181 4674
f 641 642 647
f 641 647 643
f 641 643 648
f 641 648 644
f 641 644 649
f 641 649 645
f 645 649 4675
f 645 4675 4676
f 644 4703 4704
f 644 4704 649
f 650 653 654
f 650 654 651
f 650 651 655
f 650 655 652
f 652 655 4681
f 652 4681 4680
f 734 4709 4708
f 734 4708 731
f 275 4402 7136
f 275 7136 4422
f 656 660 661
f 656 661 657
f 656 657 662
f 656 662 658
f 658 662 4679
f 658 4679 4678
f 657 4684 4685
f 657 4685 662
f 662 4685 7182
f 662 7182 4679
f 656 658 663
f 656 663 659
f 659 663 4705
f 659 4705 4706
f 88 4289 21
f 21 25 4308
f 4308 17 12
f 4308 12 16
f 88 21 4308
f 4316 93 88
f 88 4308 16
f 16 4316 88
f 656 659 664
f 656 664 660
f 4261 4276 56
f 4305 26 21
f 4261 56 4305
f 4289 95 4261
f 4305 21 4289
f 4305 4289 4261
f 6062 6063 7392
f 7392 6052 2608
f 2608 6076 2645
f 2645 6053 6062
f 6062 7392 2608
f 2608 2645 6062
f 4678 4679 665
f 665 4679 7182
f 665 7182 4689
f 924 4839 4838
f 924 4838 921
f 666 670 671
f 666 671 667
f 667 671 4769
f 667 4769 4768
f 666 667 672
f 666 672 668
f 4898 929 933
f 933 862 857
f 933 857 4898
f 666 668 673
f 666 673 669
f 669 673 4765
f 669 4765 4766
f 666 669 674
f 666 674 670
f 669 4766 4767
f 669 4767 674
f 675 679 680
f 675 680 676
f 949 944 4901
f 4901 866 870
f 4901 870 949
f 675 676 681
f 675 681 677
f 676 4771 4770
f 676 4770 681
f 675 677 682
f 675 682 678
f 678 682 4762
f 678 4762 4763
f 675 678 683
f 675 683 679
f 678 4763 4764
f 678 4764 683
f 684 688 689
f 684 689 685
f 685 689 4764
f 685 4764 4763
f 684 685 690
f 684 690 686
f 722 4714 7185
f 722 7185 4757
f 685 4763 4762
f 685 4762 690
f 684 686 691
f 684 691 687
f 687 691 4752
f 687 4752 4751
f 691 4759 7194
f 691 7194 4752
f 684 687 692
f 684 692 688
f 701 696 698
f 701 698 706
f 687 4751 692
f 709 688 692
f 709 692 712
f 730 708 711
f 730 711 733
f 4745 4760 694
f 4745 694 747
f 1110 1088 1091
f 1110 1091 1113
f 693 694 697
f 693 697 695
f 4761 7190 4729
f 4761 4729 697
f 694 4760 4761
f 694 4761 697
f 808 4785 7200
f 808 7200 4826
f 693 695 698
f 693 698 696
f 6316 3068 3066
f 6316 3066 6325
f 699 703 704
f 699 704 700
f 700 704 4767
f 700 4767 4766
f 2418 2411 2410
f 2410 2342 2344
f 2344 2348 2418
f 2410 2344 2418
f 699 700 705
f 699 705 701
f 700 4766 4765
f 700 4765 705
f 699 701 706
f 699 706 702
f 702 706 4747
f 699 702 707
f 699 707 703
f 824 823 4802
f 4802 4778 818
f 822 4781 798
f 4802 818 822
f 4782 824 4802
f 798 802 4782
f 4802 822 798
f 4802 798 4782
f 702 4747 4748
f 702 4748 707
f 707 4748 7193
f 707 7193 4717
f 732 709 708
f 732 708 730
f 1449 1448 1469
f 1469 1492 1515
f 1515 1519 1440
f 1515 1440 1439
f 1449 1469 1515
f 1515 1439 1443
f 1443 1449 1515
f 1564 1587 1610
f 1610 1614 1535
f 1535 1534 1538
f 5349 1544 1543
f 1564 1610 1535
f 5349 1543 1564
f 1535 5349 1564
f 708 709 712
f 708 712 710
f 708 710 713
f 708 713 711
f 711 713 4761
f 711 4761 4760
f 697 4729 4728
f 697 4728 695
f 1283 5110 7250
f 1283 7250 5151
f 748 738 742
f 748 742 749
f 4604 4588 522
f 522 502 4621
f 4621 524 4605
f 4605 4604 522
f 522 4621 4605
f 714 4751 4752
f 714 4752 715
f 715 4752 7194
f 715 7194 4753
f 5253 1476 1477
f 1477 5270 5269
f 5269 5252 5253
f 1477 5269 5253
f 717 4754 7192
f 717 7192 4750
f 660 637 640
f 660 640 661
f 55 54 4268
f 4268 4269 53
f 4268 53 55
f 719 720 4748
f 719 4748 4747
f 718 4755 4756
f 718 4756 720
f 720 4756 7193
f 720 7193 4748
f 721 4753 7194
f 721 7194 4759
f 1577 5299 7275
f 1577 7275 5342
f 1674 1673 5363
f 5363 5364 1672
f 5363 1672 1674
f 723 724 4742
f 723 4742 4741
f 722 4757 4758
f 722 4758 724
f 724 4758 7191
f 724 7191 4742
f 726 4739 7191
f 726 7191 4758
f 1480 1479 5242
f 5242 5243 1478
f 5242 1478 1480
f 729 4717 7193
f 729 7193 4756
f 730 733 734
f 730 734 731
f 7216 4904 1019
f 7216 1019 4941
f 733 4745 4746
f 733 4746 734
f 5162 5186 5187
f 5204 1417 1421
f 5162 5187 5204
f 1421 1400 5162
f 5204 1421 5162
f 730 731 735
f 730 735 732
f 4967 4991 4992
f 5009 1132 1136
f 4967 4992 5009
f 1136 1115 4967
f 5009 1136 4967
f 826 4773 4772
f 826 4772 830
f 736 740 741
f 736 741 737
f 737 741 4739
f 737 4739 4738
f 740 4741 4742
f 740 4742 741
f 741 4742 7191
f 741 7191 4739
f 736 737 742
f 736 742 738
f 755 732 735
f 755 735 756
f 736 738 743
f 736 743 739
f 736 739 744
f 736 744 740
f 740 744 4740
f 740 4740 4741
f 739 4768 4769
f 739 4769 744
f 745 748 749
f 745 749 746
f 4577 4601 4602
f 4619 562 566
f 4577 4602 4619
f 566 545 4577
f 4619 566 4577
f 745 746 750
f 745 750 747
f 747 750 4746
f 747 4746 4745
f 936 4855 4856
f 936 4856 940
f 845 4791 7196
f 845 7196 4811
f 751 755 756
f 751 756 752
f 751 752 757
f 751 757 753
f 753 757 4744
f 753 4744 4743
f 752 4749 4750
f 752 4750 757
f 757 4750 7192
f 757 7192 4744
f 751 753 758
f 751 758 754
f 754 758 4770
f 754 4770 4771
f 1513 5263 1446
f 1446 1450 5282
f 5282 1442 1437
f 5282 1437 1441
f 1513 1446 5282
f 5290 1518 1513
f 5282 1441 5290
f 5282 5290 1513
f 751 754 759
f 751 759 755
f 2642 6067 6058
f 2642 6058 2627
f 6948 7007 4053
f 6948 4053 4093
f 5300 5315 1576
f 5344 1546 1541
f 5300 1576 5344
f 5328 1615 5300
f 5344 1541 5328
f 5344 5328 5300
f 7297 5429 1805
f 7297 1805 5468
f 4743 4744 760
f 760 4744 7192
f 760 7192 4754
f 761 765 766
f 761 766 762
f 762 766 4834
f 762 4834 4833
f 761 762 767
f 761 767 763
f 5158 1309 1313
f 1313 1242 1237
f 1313 1237 5158
f 761 763 768
f 761 768 764
f 764 768 4830
f 764 4830 4831
f 761 764 769
f 761 769 765
f 764 4831 4832
f 764 4832 769
f 770 774 775
f 770 775 771
f 770 771 776
f 770 776 772
f 771 4836 4835
f 771 4835 776
f 770 772 777
f 770 777 773
f 773 777 4827
f 773 4827 4828
f 770 773 778
f 770 778 774
f 773 4828 4829
f 773 4829 778
f 779 783 784
f 779 784 780
f 780 784 4829
f 780 4829 4828
f 779 780 785
f 779 785 781
f 780 4828 4827
f 780 4827 785
f 779 781 786
f 779 786 782
f 782 786 4817
f 782 4817 4816
f 786 4824 7204
f 786 7204 4817
f 779 782 787
f 779 787 783
f 782 4816 787
f 796 800 4830
f 767 838 833
f 4830 763 767
f 791 796 4830
f 833 843 791
f 4830 767 833
f 4830 833 791
f 842 4810 4825
f 842 4825 789
f 4810 828 806
f 4810 806 4825
f 788 789 792
f 788 792 790
f 903 900 4849
f 903 4849 4850
f 789 4825 4826
f 789 4826 792
f 788 790 793
f 788 793 791
f 794 798 799
f 794 799 795
f 795 799 4832
f 795 4832 4831
f 766 765 769
f 769 4832 799
f 799 798 4781
f 4781 4805 839
f 4834 766 769
f 4781 839 4834
f 769 799 4781
f 769 4781 4834
f 794 795 800
f 794 800 796
f 795 4831 4830
f 795 4830 800
f 794 796 801
f 794 801 797
f 797 801 4812
f 794 797 802
f 794 802 798
f 1014 1013 4932
f 4932 4908 1008
f 1012 4911 988
f 4932 1008 1012
f 4912 1014 4932
f 988 992 4912
f 4932 1012 988
f 4932 988 4912
f 797 4812 4813
f 797 4813 802
f 802 4813 7203
f 802 7203 4782
f 827 804 803
f 827 803 825
f 445 423 426
f 445 426 448
f 470 474 395
f 395 394 398
f 404 403 424
f 424 447 470
f 470 395 398
f 398 404 424
f 398 424 470
f 803 804 807
f 803 807 805
f 803 805 808
f 803 808 806
f 806 808 4826
f 806 4826 4825
f 4891 7210 4859
f 4891 4859 887
f 792 4794 4793
f 792 4793 790
f 5448 5432 1757
f 1757 1737 5465
f 5465 1759 5449
f 5449 5448 1757
f 1757 5465 5449
f 4429 7139 4412
f 4429 4412 240
f 809 4816 4817
f 809 4817 810
f 810 4817 7204
f 810 7204 4818
f 3444 3447 3476
f 3476 6596 6548
f 6548 6549 3444
f 3476 6548 3444
f 812 4819 7202
f 812 7202 4815
f 814 815 4813
f 814 4813 4812
f 813 4820 4821
f 813 4821 815
f 815 4821 7203
f 815 7203 4813
f 3801 6826 6835
f 3801 6835 3786
f 816 4818 7204
f 816 7204 4824
f 1668 5373 7288
f 1668 7288 5404
f 4952 7215 4907
f 4907 1010 1011
f 1011 4953 4952
f 4907 1011 4952
f 914 913 4843
f 4843 4844 912
f 4843 912 914
f 818 819 4807
f 818 4807 4806
f 817 4822 4823
f 817 4823 819
f 819 4823 7201
f 819 7201 4807
f 4352 4351 4327
f 4327 157 153
f 4327 153 4352
f 2722 6172 6171
f 6171 2717 2719
f 2722 6171 2719
f 5471 7295 5426
f 5426 1770 1771
f 1771 5472 5471
f 5426 1771 5471
f 1011 1010 4907
f 4907 4906 4933
f 4933 4934 1011
f 4907 4933 1011
f 821 4804 7201
f 821 7201 4823
f 558 548 552
f 558 552 559
f 824 4782 7203
f 824 7203 4821
f 825 828 829
f 825 829 826
f 828 4810 4811
f 828 4811 829
f 921 4838 4837
f 921 4837 925
f 825 826 830
f 825 830 827
f 844 4789 4790
f 844 4790 841
f 7196 4774 829
f 7196 829 4811
f 408 460 462
f 408 462 409
f 831 835 836
f 831 836 832
f 832 836 4804
f 832 4804 4803
f 835 4806 4807
f 835 4807 836
f 836 4807 7201
f 836 7201 4804
f 831 832 837
f 831 837 833
f 453 463 411
f 411 416 420
f 420 4570 388
f 383 387 458
f 453 411 420
f 383 458 453
f 420 383 453
f 831 833 838
f 831 838 834
f 831 834 839
f 831 839 835
f 835 839 4805
f 835 4805 4806
f 834 4833 4834
f 834 4834 839
f 840 843 844
f 840 844 841
f 4284 4257 4256
f 4256 4270 84
f 84 77 72
f 72 4284 4256
f 4256 84 72
f 840 841 845
f 840 845 842
f 842 845 4811
f 842 4811 4810
f 7206 4839 924
f 7206 924 4876
f 846 850 851
f 846 851 847
f 846 847 852
f 846 852 848
f 848 852 4809
f 848 4809 4808
f 847 4814 4815
f 847 4815 852
f 852 4815 7202
f 852 7202 4809
f 846 848 853
f 846 853 849
f 849 853 4835
f 849 4835 4836
f 183 4354 116
f 116 120 4373
f 112 107 111
f 116 4373 112
f 188 183 116
f 112 111 4381
f 4381 188 116
f 116 112 4381
f 846 849 854
f 846 854 850
f 600 4663 4662
f 600 4662 603
f 1665 5386 5385
f 1665 5385 1664
f 4808 4809 855
f 855 4809 7202
f 855 7202 4819
f 856 860 861
f 856 861 857
f 857 861 4899
f 857 4899 4898
f 856 857 862
f 856 862 858
f 5028 1119 1123
f 1123 1052 1047
f 1123 1047 5028
f 856 858 863
f 856 863 859
f 859 863 4895
f 859 4895 4896
f 856 859 864
f 856 864 860
f 859 4896 4897
f 859 4897 864
f 5404 7288 5387
f 1678 1679 5405
f 5404 5387 1678
f 1678 5405 5404
f 865 869 870
f 865 870 866
f 569 564 4641
f 4641 486 490
f 4641 490 569
f 865 866 871
f 865 871 867
f 866 4901 4900
f 866 4900 871
f 865 867 872
f 865 872 868
f 868 872 4892
f 868 4892 4893
f 865 868 873
f 865 873 869
f 868 4893 4894
f 868 4894 873
f 874 878 879
f 874 879 875
f 875 879 4894
f 875 4894 4893
f 874 875 880
f 874 880 876
f 875 4893 4892
f 875 4892 880
f 874 876 881
f 874 881 877
f 877 881 4882
f 877 4882 4881
f 881 4889 7214
f 881 7214 4882
f 874 877 882
f 874 882 878
f 877 4881 882
f 1762 1761 5447
f 5447 7297 5468
f 5447 5468 1762
f 4875 923 901
f 4875 901 4890
f 4356 4371 124
f 4356 124 177
f 883 884 887
f 883 887 885
f 884 4890 4891
f 884 4891 887
f 998 4915 7220
f 998 7220 4956
f 883 885 888
f 883 888 886
f 980 4923 4922
f 980 4922 983
f 889 893 894
f 889 894 890
f 890 894 4897
f 890 4897 4896
f 5352 1559 1558
f 1558 5301 5325
f 5325 1599 5354
f 1525 5352 1558
f 1558 5325 5354
f 1525 1558 5354
f 889 890 895
f 889 895 891
f 890 4896 4895
f 890 4895 895
f 889 891 896
f 889 896 892
f 892 896 4877
f 889 892 897
f 889 897 893
f 1109 1108 4997
f 4997 4973 1103
f 1107 4976 1083
f 4997 1103 1107
f 4977 1109 4997
f 1083 1087 4977
f 4997 1107 1083
f 4997 1083 4977
f 892 4877 4878
f 892 4878 897
f 897 4878 7213
f 897 7213 4847
f 747 694 693
f 747 693 745
f 177 124 123
f 177 123 175
f 126 178 175
f 126 175 123
f 1319 5114 5115
f 1319 5115 1316
f 898 899 902
f 898 902 900
f 887 4859 4858
f 887 4858 885
f 898 900 903
f 898 903 901
f 901 903 4891
f 901 4891 4890
f 903 4850 7210
f 903 7210 4891
f 885 4858 4857
f 885 4857 888
f 899 878 882
f 899 882 902
f 4299 7119 4282
f 4299 4282 50
f 904 4881 4882
f 904 4882 905
f 905 4882 7214
f 905 7214 4883
f 4668 621 622
f 622 4685 4684
f 4684 4667 4668
f 622 4684 4668
f 907 4884 7212
f 907 7212 4880
f 3324 6501 6508
f 6508 6459 6460
f 6508 6460 3324
f 909 910 4878
f 909 4878 4877
f 908 4885 4886
f 908 4886 910
f 910 4886 7213
f 910 7213 4878
f 911 4860 7209
f 911 7209 4883
f 911 4883 7214
f 911 7214 4889
f 1294 1293 5103
f 5103 5104 1292
f 5103 1292 1294
f 913 914 4872
f 913 4872 4871
f 912 4887 4888
f 912 4888 914
f 914 4888 7211
f 914 7211 4872
f 5147 7245 5102
f 5102 1295 1296
f 1296 5148 5147
f 5102 1296 5147
f 916 4869 7211
f 916 7211 4888
f 883 935 937
f 883 937 884
f 5469 7298 5451
f 1773 1774 5470
f 5469 5451 1773
f 1773 5470 5469
f 919 4847 7213
f 919 7213 4886
f 920 923 924
f 920 924 921
f 940 4856 7206
f 940 7206 4876
f 923 4875 4876
f 923 4876 924
f 1209 5034 5033
f 1209 5033 1206
f 920 921 925
f 920 925 922
f 1111 4968 4967
f 1111 4967 1115
f 926 930 931
f 926 931 927
f 927 931 4869
f 927 4869 4868
f 930 4871 4872
f 930 4872 931
f 931 4872 7211
f 931 7211 4869
f 926 927 932
f 926 932 928
f 926 928 933
f 926 933 929
f 926 929 934
f 926 934 930
f 930 934 4870
f 930 4870 4871
f 929 4898 4899
f 929 4899 934
f 935 938 939
f 935 939 936
f 1034 4919 4920
f 1034 4920 1031
f 935 936 940
f 935 940 937
f 937 940 4876
f 937 4876 4875
f 655 4661 7176
f 655 7176 4681
f 1019 4904 4903
f 1019 4903 1016
f 941 945 946
f 941 946 942
f 941 942 947
f 941 947 943
f 943 947 4874
f 943 4874 4873
f 942 4879 4880
f 942 4880 947
f 947 4880 7212
f 947 7212 4874
f 941 943 948
f 941 948 944
f 944 948 4900
f 944 4900 4901
f 658 4678 591
f 591 595 4697
f 587 582 586
f 591 4697 587
f 663 658 591
f 587 586 4705
f 4705 663 591
f 591 587 4705
f 941 944 949
f 941 949 945
f 7127 4326 190
f 7127 190 4365
f 4873 4874 950
f 950 4874 7212
f 950 7212 4884
f 1030 978 981
f 1030 981 1033
f 951 955 956
f 951 956 952
f 952 956 4964
f 952 4964 4963
f 951 952 957
f 951 957 953
f 5093 1214 1218
f 1218 1147 1142
f 1218 1142 5093
f 951 953 958
f 951 958 954
f 954 958 4960
f 954 4960 4961
f 951 954 959
f 951 959 955
f 954 4961 4962
f 954 4962 959
f 960 964 965
f 960 965 961
f 960 961 966
f 960 966 962
f 961 4966 4965
f 961 4965 966
f 435 434 4527
f 4527 4528 433
f 4527 433 435
f 960 962 967
f 960 967 963
f 963 967 4957
f 963 4957 4958
f 960 963 968
f 960 968 964
f 963 4958 4959
f 963 4959 968
f 969 973 974
f 969 974 970
f 970 974 4959
f 970 4959 4958
f 969 970 975
f 969 975 971
f 970 4958 4957
f 970 4957 975
f 969 971 976
f 969 976 972
f 972 976 4947
f 972 4947 4946
f 976 4954 7224
f 976 7224 4947
f 969 972 977
f 969 977 973
f 972 4946 977
f 1127 1074 1073
f 1127 1073 1125
f 4955 4940 1018
f 4955 1018 996
f 540 518 521
f 540 521 543
f 978 979 982
f 978 982 980
f 995 4914 4915
f 995 4915 998
f 979 4955 4956
f 979 4956 982
f 1090 4979 4980
f 1090 4980 1093
f 978 980 983
f 978 983 981
f 982 4924 4923
f 982 4923 980
f 984 988 989
f 984 989 985
f 985 989 4962
f 985 4962 4961
f 421 413 4532
f 4526 4527 434
f 421 4532 4526
f 434 4552 421
f 4526 434 421
f 984 985 990
f 984 990 986
f 985 4961 4960
f 985 4960 990
f 984 986 991
f 984 991 987
f 987 991 4942
f 984 987 992
f 984 992 988
f 1299 1298 5127
f 5127 5103 1293
f 1297 5106 1273
f 5127 1293 1297
f 5107 1299 5127
f 1273 1277 5107
f 5127 1297 1273
f 5127 1273 5107
f 987 4942 4943
f 987 4943 992
f 992 4943 7223
f 992 7223 4912
f 1017 994 993
f 1017 993 1015
f 5070 1208 1186
f 5070 1186 5085
f 162 139 138
f 162 138 160
f 993 994 997
f 993 997 995
f 1092 4978 4979
f 1092 4979 1090
f 993 995 998
f 993 998 996
f 996 998 4956
f 996 4956 4955
f 4956 7220 4924
f 4956 4924 982
f 1093 4980 7230
f 1093 7230 5021
f 4818 7199 4801
f 4818 4801 810
f 999 4946 4947
f 999 4947 1000
f 1000 4947 7224
f 1000 7224 4948
f 4474 336 337
f 337 4490 4489
f 4489 4473 4474
f 337 4489 4474
f 1002 4949 7222
f 1002 7222 4945
f 1944 1943 5653
f 5653 5652 1946
f 5653 1946 1944
f 1004 1005 4943
f 1004 4943 4942
f 1003 4950 4951
f 1003 4951 1005
f 1005 4951 7223
f 1005 7223 4943
f 1006 4948 7224
f 1006 7224 4954
f 1104 1103 4973
f 4973 4974 1102
f 4973 1102 1104
f 1008 1009 4937
f 1008 4937 4936
f 1007 4952 4953
f 1007 4953 1009
f 1009 4953 7221
f 1009 7221 4937
f 4971 4998 4999
f 1106 1105 4972
f 4971 4999 1106
f 1106 4972 4971
f 916 915 4842
f 4842 4841 4868
f 4868 4869 916
f 4842 4868 916
f 1011 4934 7221
f 1011 7221 4953
f 1075 4988 4987
f 1075 4987 1078
f 1014 4912 7223
f 1014 7223 4951
f 1015 1018 1019
f 1015 1019 1016
f 7226 4969 1114
f 7226 1114 5006
f 1018 4940 4941
f 1018 4941 1019
f 1114 4969 4968
f 1114 4968 1111
f 1015 1016 1020
f 1015 1020 1017
f 5292 5316 5317
f 5334 1607 1611
f 5292 5317 5334
f 1611 1590 5292
f 5334 1611 5292
f 1016 4903 4902
f 1016 4902 1020
f 1021 1025 1026
f 1021 1026 1022
f 1022 1026 4934
f 1022 4934 4933
f 1025 4936 4937
f 1025 4937 1026
f 1026 4937 7221
f 1026 7221 4934
f 1021 1022 1027
f 1021 1027 1023
f 1033 1023 1027
f 1033 1027 1034
f 1021 1023 1028
f 1021 1028 1024
f 1021 1024 1029
f 1021 1029 1025
f 1025 1029 4935
f 1025 4935 4936
f 1024 4963 4964
f 1024 4964 1029
f 1030 1033 1034
f 1030 1034 1031
f 1129 4984 4985
f 1129 4985 1126
f 1030 1031 1035
f 1030 1035 1032
f 1032 1035 4941
f 1032 4941 4940
f 1206 5033 5032
f 1206 5032 1210
f 1304 5099 5098
f 1304 5098 1301
f 1036 1040 1041
f 1036 1041 1037
f 1036 1037 1042
f 1036 1042 1038
f 1038 1042 4939
f 1038 4939 4938
f 1037 4944 4945
f 1037 4945 1042
f 1042 4945 7222
f 1042 7222 4939
f 1036 1038 1043
f 1036 1043 1039
f 1039 1043 4965
f 1039 4965 4966
f 1703 5392 1636
f 1636 1640 5411
f 1632 1627 1631
f 1636 5411 1632
f 1708 1703 1636
f 1632 1631 5419
f 5419 1708 1636
f 1636 1632 5419
f 1036 1039 1044
f 1036 1044 1040
f 4780 4795 816
f 4824 786 781
f 4780 816 4824
f 4808 855 4780
f 4824 781 4808
f 4824 4808 4780
f 7197 4780 855
f 7197 855 4819
f 4938 4939 1045
f 1045 4939 7222
f 1045 7222 4949
f 1046 1050 1051
f 1046 1051 1047
f 1047 1051 5029
f 1047 5029 5028
f 1046 1047 1052
f 1046 1052 1048
f 5353 1594 1598
f 1598 1527 1522
f 1598 1522 5353
f 1046 1048 1053
f 1046 1053 1049
f 1049 1053 5025
f 1049 5025 5026
f 1046 1049 1054
f 1046 1054 1050
f 1049 5026 5027
f 1049 5027 1054
f 1128 1118 1122
f 1128 1122 1129
f 1055 1059 1060
f 1055 1060 1056
f 1424 1419 5226
f 5226 1341 1345
f 5226 1345 1424
f 1055 1056 1061
f 1055 1061 1057
f 1056 5031 5030
f 1056 5030 1061
f 1055 1057 1062
f 1055 1062 1058
f 1058 1062 5022
f 1058 5022 5023
f 1055 1058 1063
f 1055 1063 1059
f 1058 5023 5024
f 1058 5024 1063
f 1064 1068 1069
f 1064 1069 1065
f 1065 1069 5024
f 1065 5024 5023
f 47 4264 4265
f 47 4265 45
f 1064 1065 1070
f 1064 1070 1066
f 627 4649 7175
f 627 7175 4692
f 1065 5023 5022
f 1065 5022 1070
f 1064 1066 1071
f 1064 1071 1067
f 1067 1071 5012
f 1067 5012 5011
f 1071 5019 7234
f 1071 7234 5012
f 1064 1067 1072
f 1064 1072 1068
f 1067 5011 1072
f 1081 1076 1078
f 1081 1078 1086
f 1777 1754 1753
f 1777 1753 1775
f 1223 1220 1168
f 1223 1168 1171
f 1073 1074 1077
f 1073 1077 1075
f 1280 5109 5110
f 1280 5110 1283
f 1074 5020 5021
f 1074 5021 1077
f 5086 7240 5054
f 5086 5054 1172
f 1073 1075 1078
f 1073 1078 1076
f 1089 1068 1072
f 1089 1072 1092
f 1079 1083 1084
f 1079 1084 1080
f 1080 1084 5027
f 1080 5027 5026
f 4962 989 988
f 4964 956 959
f 959 4962 988
f 988 4911 4935
f 4935 1029 4964
f 4964 959 988
f 988 4935 4964
f 1079 1080 1085
f 1079 1085 1081
f 1080 5026 5025
f 1080 5025 1085
f 1079 1081 1086
f 1079 1086 1082
f 1082 1086 5007
f 1079 1082 1087
f 1079 1087 1083
f 634 633 4672
f 4672 4648 628
f 632 4651 608
f 4672 628 632
f 4652 634 4672
f 608 612 4652
f 4672 632 608
f 4672 608 4652
f 1082 5007 5008
f 1082 5008 1087
f 1087 5008 7233
f 1087 7233 4977
f 1456 1508 1505
f 1456 1505 1453
f 1207 1230 1234
f 1155 1154 1158
f 1207 1234 1155
f 1163 1184 1207
f 5089 1164 1163
f 1155 1158 5089
f 1163 1207 1155
f 1155 5089 1163
f 1338 1333 1337
f 1337 1408 1403
f 1403 1413 1361
f 1361 1366 1370
f 1370 5220 1338
f 1338 1337 1403
f 1403 1361 1370
f 1338 1403 1370
f 1088 1089 1092
f 1088 1092 1090
f 1187 5043 5044
f 1187 5044 1185
f 1088 1090 1093
f 1088 1093 1091
f 1091 1093 5021
f 1091 5021 5020
f 5021 7230 4989
f 5021 4989 1077
f 1077 4989 4988
f 1077 4988 1075
f 5319 5303 1567
f 1567 1547 5336
f 5336 1569 5320
f 5320 5319 1567
f 1567 5336 5320
f 5844 2399 2393
f 2393 2392 5834
f 5834 5833 5844
f 2393 5834 5844
f 1094 5011 5012
f 1094 5012 1095
f 1095 5012 7234
f 1095 7234 5013
f 5123 1286 1287
f 1287 5140 5139
f 5139 5122 5123
f 1287 5139 5123
f 1477 1476 5253
f 5253 7267 5274
f 5253 5274 1477
f 1097 5014 7232
f 1097 7232 5010
f 7236 5034 1209
f 7236 1209 5071
f 1099 1100 5008
f 1099 5008 5007
f 1098 5015 5016
f 1098 5016 1100
f 1100 5016 7233
f 1100 7233 5008
f 1101 5013 7234
f 1101 7234 5019
f 1197 5039 7235
f 1197 7235 5082
f 154 153 4324
f 4324 4325 152
f 4324 152 154
f 1103 1104 5002
f 1103 5002 5001
f 1102 5017 5018
f 1102 5018 1104
f 1104 5018 7231
f 1104 7231 5002
f 5231 5258 5259
f 1486 1485 5232
f 5231 5259 1486
f 1486 5232 5231
f 1106 4999 7231
f 1106 7231 5018
f 4372 7130 4340
f 4372 4340 127
f 1412 5200 5215
f 1412 5215 1359
f 1109 4977 7233
f 1109 7233 5016
f 1110 1113 1114
f 1110 1114 1111
f 1031 4920 4921
f 1031 4921 1035
f 1113 5005 5006
f 1113 5006 1114
f 1130 4986 7226
f 1130 7226 5006
f 1110 1111 1115
f 1110 1115 1112
f 5032 5056 5057
f 5074 1227 1231
f 5032 5057 5074
f 1231 1210 5032
f 5074 1231 5032
f 1116 1120 1121
f 1116 1121 1117
f 1117 1121 4999
f 1117 4999 4998
f 1120 5001 5002
f 1120 5002 1121
f 1121 5002 7231
f 1121 7231 4999
f 1116 1117 1122
f 1116 1122 1118
f 1116 1118 1123
f 1116 1123 1119
f 1135 1112 1115
f 1135 1115 1136
f 1116 1119 1124
f 1116 1124 1120
f 1120 1124 5000
f 1120 5000 5001
f 1119 5028 5029
f 1119 5029 1124
f 1125 1128 1129
f 1125 1129 1126
f 5128 5101 5100
f 5100 5114 1319
f 1319 1312 1307
f 1307 5128 5100
f 5100 1319 1307
f 1125 1126 1130
f 1125 1130 1127
f 1127 1130 5006
f 1127 5006 5005
f 4837 4861 4862
f 4879 942 946
f 4837 4862 4879
f 946 925 4837
f 4879 946 4837
f 1221 5050 5051
f 1221 5051 1225
f 1131 1135 1136
f 1131 1136 1132
f 1131 1132 1137
f 1131 1137 1133
f 1133 1137 5004
f 1133 5004 5003
f 1132 5009 5010
f 1132 5010 1137
f 1137 5010 7232
f 1137 7232 5004
f 1131 1133 1138
f 1131 1138 1134
f 1134 1138 5030
f 1134 5030 5031
f 1131 1134 1139
f 1131 1139 1135
f 2806 2799 2737
f 2739 2743 2806
f 2737 2739 2806
f 5105 5120 1291
f 5149 1261 1256
f 5105 1291 5149
f 5133 1330 5105
f 5149 1256 5133
f 5149 5133 5105
f 6912 6913 7522
f 7522 6902 3887
f 3887 6926 3924
f 3924 6903 6912
f 6912 7522 3887
f 3887 3924 6912
f 5003 5004 1140
f 1140 5004 7232
f 1140 7232 5014
f 273 263 267
f 273 267 274
f 4803 4776 4775
f 4775 4789 844
f 844 837 832
f 832 4803 4775
f 4775 844 832
f 1141 1145 1146
f 1141 1146 1142
f 1142 1146 5094
f 1142 5094 5093
f 1141 1142 1147
f 1141 1147 1143
f 5223 1404 1408
f 1408 1337 1332
f 1408 1332 5223
f 1141 1143 1148
f 1141 1148 1144
f 1144 1148 5090
f 1144 5090 5091
f 1141 1144 1149
f 1141 1149 1145
f 1144 5091 5092
f 1144 5092 1149
f 2208 5827 5826
f 2208 5826 2209
f 1150 1154 1155
f 1150 1155 1151
f 1329 1324 5161
f 5161 1246 1250
f 5161 1250 1329
f 1150 1151 1156
f 1150 1156 1152
f 1151 5096 5095
f 1151 5095 1156
f 1150 1152 1157
f 1150 1157 1153
f 1153 1157 5087
f 1153 5087 5088
f 1150 1153 1158
f 1150 1158 1154
f 1153 5088 5089
f 1153 5089 1158
f 1159 1163 1164
f 1159 1164 1160
f 1160 1164 5089
f 1160 5089 5088
f 1205 1183 1186
f 1205 1186 1208
f 1746 1741 1743
f 1746 1743 1751
f 1159 1160 1165
f 1159 1165 1161
f 1160 5088 5087
f 1160 5087 1165
f 1159 1161 1166
f 1159 1166 1162
f 1162 1166 5077
f 1162 5077 5076
f 1166 5084 7244
f 1166 7244 5077
f 1159 1162 1167
f 1159 1167 1163
f 1162 5076 1167
f 1184 1163 1167
f 1184 1167 1187
f 1183 1205 1207
f 1183 1207 1184
f 1169 1222 5070
f 1169 5070 5085
f 31 83 80
f 31 80 28
f 1230 1207 1210
f 1230 1210 1231
f 1168 1169 1172
f 1168 1172 1170
f 1267 5119 5118
f 1267 5118 1265
f 1169 5085 5086
f 1169 5086 1172
f 1168 1170 1173
f 1168 1173 1171
f 1565 5304 5305
f 1565 5305 1568
f 1174 1178 1179
f 1174 1179 1175
f 1175 1179 5092
f 1175 5092 5091
f 2322 2321 5912
f 5912 2428 2427
f 2430 2388 2389
f 5912 2427 2430
f 2324 2322 5912
f 2389 2390 2324
f 5912 2430 2389
f 5912 2389 2324
f 1174 1175 1180
f 1174 1180 1176
f 1175 5091 5090
f 1175 5090 1180
f 1174 1176 1181
f 1174 1181 1177
f 1177 1181 5072
f 1174 1177 1182
f 1174 1182 1178
f 1679 1678 5387
f 5387 5363 1673
f 1677 5366 1653
f 5387 1673 1677
f 5367 1679 5387
f 1653 1657 5367
f 5387 1677 1653
f 5387 1653 5367
f 1177 5072 5073
f 1177 5073 1182
f 1182 5073 7243
f 1182 7243 5042
f 637 660 664
f 664 585 584
f 588 4699 594
f 614 637 664
f 594 593 614
f 614 664 588
f 588 594 614
f 4680 4695 599
f 4680 599 652
f 367 314 313
f 367 313 365
f 1183 1184 1187
f 1183 1187 1185
f 1183 1185 1188
f 1183 1188 1186
f 1186 1188 5086
f 1186 5086 5085
f 125 4339 4338
f 125 4338 128
f 2451 2364 2366
f 2451 2366 2452
f 4280 4264 47
f 47 27 4297
f 4297 49 4281
f 4281 4280 47
f 47 4297 4281
f 5143 7249 5126
f 5143 5126 1285
f 1189 5076 5077
f 1189 5077 1190
f 1190 5077 7244
f 1190 7244 5078
f 4993 1096 1097
f 1097 5010 5009
f 5009 4992 4993
f 1097 5009 4993
f 2289 2287 5806
f 2289 5806 5797
f 1192 5079 7242
f 1192 7242 5075
f 1194 1195 5073
f 1194 5073 5072
f 1193 5080 5081
f 1193 5081 1195
f 1195 5081 7243
f 1195 7243 5073
f 1196 5078 7244
f 1196 7244 5084
f 2315 2235 2237
f 2315 2237 2316
f 5887 5888 7357
f 7357 5836 2426
f 2426 2425 5887
f 7357 2426 5887
f 1198 1199 5067
f 1198 5067 5066
f 1197 5082 5083
f 1197 5083 1199
f 1199 5083 7241
f 1199 7241 5067
f 620 4671 4670
f 620 4670 619
f 1201 5064 7241
f 1201 7241 5083
f 1793 1783 1787
f 1793 1787 1794
f 4755 7188 4737
f 728 729 4756
f 4755 4737 728
f 728 4756 4755
f 6820 7503 6794
f 3787 3772 6828
f 6819 6820 6794
f 3787 6828 6819
f 6819 6794 3787
f 1204 5042 7243
f 1204 7243 5081
f 1205 1208 1209
f 1205 1209 1206
f 1510 5246 7266
f 1510 7266 5266
f 1208 5070 5071
f 1208 5071 1209
f 1225 5051 7236
f 1225 7236 5071
f 1205 1206 1210
f 1205 1210 1207
f 1301 5098 5097
f 1301 5097 1305
f 1211 1215 1216
f 1211 1216 1212
f 1212 1216 5064
f 1212 5064 5063
f 1215 5066 5067
f 1215 5067 1216
f 1216 5067 7241
f 1216 7241 5064
f 1211 1212 1217
f 1211 1217 1213
f 1211 1213 1218
f 1211 1218 1214
f 1211 1214 1219
f 1211 1219 1215
f 1215 1219 5065
f 1215 5065 5066
f 1214 5093 5094
f 1214 5094 1219
f 1220 1223 1224
f 1220 1224 1221
f 654 4659 4660
f 654 4660 651
f 1220 1221 1225
f 1220 1225 1222
f 1222 1225 5071
f 1222 5071 5070
f 1035 4921 7216
f 1035 7216 4941
f 1396 5163 5162
f 1396 5162 1400
f 1226 1230 1231
f 1226 1231 1227
f 1226 1227 1232
f 1226 1232 1228
f 1228 1232 5069
f 1228 5069 5068
f 1227 5074 5075
f 1227 5075 1232
f 1232 5075 7242
f 1232 7242 5069
f 1226 1228 1233
f 1226 1233 1229
f 1229 1233 5095
f 1229 5095 5096
f 1608 5328 1541
f 1541 1545 5347
f 1537 1532 1536
f 1541 5347 1537
f 1613 1608 1541
f 1537 1536 5355
f 5355 1613 1541
f 1541 1537 5355
f 1226 1229 1234
f 1226 1234 1230
f 6908 3906 3921
f 6908 3921 6917
f 2197 5823 5822
f 5822 2192 2194
f 2197 5822 2194
f 5663 5722 2121
f 5663 2121 2161
f 5627 5628 7327
f 7327 5617 1954
f 1954 5641 1991
f 1991 5618 5627
f 5627 7327 1954
f 1954 1991 5627
f 5068 5069 1235
f 1235 5069 7242
f 1235 7242 5079
f 1399 5164 5163
f 1399 5163 1396
f 606 601 603
f 606 603 611
f 1236 1240 1241
f 1236 1241 1237
f 1237 1241 5159
f 1237 5159 5158
f 1236 1237 1242
f 1236 1242 1238
f 5288 1499 1503
f 1503 1432 1427
f 1503 1427 5288
f 1236 1238 1243
f 1236 1243 1239
f 1239 1243 5155
f 1239 5155 5156
f 1236 1239 1244
f 1236 1244 1240
f 1239 5156 5157
f 1239 5157 1244
f 1245 1249 1250
f 1245 1250 1246
f 1245 1246 1251
f 1245 1251 1247
f 1246 5161 5160
f 1246 5160 1251
f 1245 1247 1252
f 1245 1252 1248
f 1248 1252 5152
f 1248 5152 5153
f 1245 1248 1253
f 1245 1253 1249
f 1248 5153 5154
f 1248 5154 1253
f 1254 1258 1259
f 1254 1259 1255
f 1255 1259 5154
f 1255 5154 5153
f 1254 1255 1260
f 1254 1260 1256
f 1387 5169 7255
f 1387 7255 5212
f 1255 5153 5152
f 1255 5152 1260
f 1254 1256 1261
f 1254 1261 1257
f 1257 1261 5142
f 1257 5142 5141
f 1261 5149 7254
f 1261 7254 5142
f 1254 1257 1262
f 1254 1262 1258
f 1257 5141 1262
f 1308 1318 1266
f 1266 1271 1275
f 1266 1275 5155
f 1313 1308 1266
f 1243 1238 1242
f 1242 1313 1266
f 1266 5155 1243
f 1266 1243 1242
f 5135 1303 1281
f 5135 1281 5150
f 1300 1278 1281
f 1300 1281 1303
f 1263 1264 1267
f 1263 1267 1265
f 1282 5108 5109
f 1282 5109 1280
f 1264 5150 5151
f 1264 5151 1267
f 1378 5175 7260
f 1378 7260 5216
f 1263 1265 1268
f 1263 1268 1266
f 1269 1273 1274
f 1269 1274 1270
f 1270 1274 5157
f 1270 5157 5156
f 2712 2634 6037
f 6037 6036 6084
f 6084 6083 7395
f 7395 6078 2712
f 2712 6037 6084
f 6084 7395 2712
f 1269 1270 1275
f 1269 1275 1271
f 1270 5156 5155
f 1270 5155 1275
f 1269 1271 1276
f 1269 1276 1272
f 1272 1276 5137
f 1269 1272 1277
f 1269 1277 1273
f 1394 1393 5192
f 5192 5168 1388
f 1392 5171 1368
f 5192 1388 1392
f 5172 1394 5192
f 1368 1372 5172
f 5192 1392 1368
f 5192 1368 5172
f 1272 5137 5138
f 1272 5138 1277
f 1277 5138 7253
f 1277 7253 5107
f 3581 3579 6665
f 3581 6665 6656
f 4291 4306 29
f 4291 29 82
f 920 898 901
f 920 901 923
f 1278 1279 1282
f 1278 1282 1280
f 1377 5173 5174
f 1377 5174 1375
f 1278 1280 1283
f 1278 1283 1281
f 1281 1283 5151
f 1281 5151 5150
f 5151 7250 5119
f 5151 5119 1267
f 5216 7260 5184
f 5216 5184 1362
f 4753 7189 4736
f 4753 4736 715
f 1265 5118 5117
f 1265 5117 1268
f 5189 5173 1377
f 1377 1357 5206
f 5206 1379 5190
f 5190 5189 1377
f 1377 5206 5190
f 1284 5141 5142
f 1284 5142 1285
f 1285 5142 7254
f 1285 7254 5143
f 4863 906 907
f 907 4880 4879
f 4879 4862 4863
f 907 4879 4863
f 1382 1381 5188
f 5188 7257 5209
f 5188 5209 1382
f 1287 5144 7252
f 1287 7252 5140
f 1289 1290 5138
f 1289 5138 5137
f 1288 5145 5146
f 1288 5146 1290
f 1290 5146 7253
f 1290 7253 5138
f 4786 4787 814
f 814 4812 801
f 801 793 4792
f 4792 4786 814
f 814 801 4792
f 1291 5143 7254
f 1291 7254 5149
f 1383 5178 7258
f 1383 7258 5210
f 344 343 4454
f 4454 4455 342
f 4454 342 344
f 1293 1294 5132
f 1293 5132 5131
f 1292 5147 5148
f 1292 5148 1294
f 1294 5148 7251
f 1294 7251 5132
f 5455 5454 5430
f 5430 1772 1768
f 5430 1768 5455
f 1296 5129 7251
f 1296 7251 5148
f 986 981 983
f 986 983 991
f 1299 5107 7253
f 1299 7253 5146
f 1300 1303 1304
f 1300 1304 1301
f 7286 5359 1684
f 7286 1684 5395
f 1303 5135 5136
f 1303 5136 1304
f 1320 5116 7246
f 1320 7246 5136
f 1300 1301 1305
f 1300 1305 1302
f 7246 5099 1304
f 7246 1304 5136
f 1306 1310 1311
f 1306 1311 1307
f 1307 1311 5129
f 1307 5129 5128
f 1310 5131 5132
f 1310 5132 1311
f 1311 5132 7251
f 1311 7251 5129
f 1306 1307 1312
f 1306 1312 1308
f 1306 1308 1313
f 1306 1313 1309
f 5357 5381 5382
f 5398 1702 1706
f 5357 5382 5398
f 1706 1685 5357
f 5398 1706 5357
f 1306 1309 1314
f 1306 1314 1310
f 1310 1314 5130
f 1310 5130 5131
f 1309 5158 5159
f 1309 5159 1314
f 1315 1318 1319
f 1315 1319 1316
f 1414 5179 5180
f 1414 5180 1411
f 1315 1316 1320
f 1315 1320 1317
f 1317 1320 5136
f 1317 5136 5135
f 7256 5164 1399
f 7256 1399 5201
f 1321 1325 1326
f 1321 1326 1322
f 1321 1322 1327
f 1321 1327 1323
f 1323 1327 5134
f 1323 5134 5133
f 1322 5139 5140
f 1322 5140 1327
f 1327 5140 7252
f 1327 7252 5134
f 1321 1323 1328
f 1321 1328 1324
f 1324 1328 5160
f 1324 5160 5161
f 1321 1324 1329
f 1321 1329 1325
f 3745 6852 6851
f 6851 3740 3742
f 3745 6851 3742
f 5429 5444 1766
f 5473 1736 1731
f 5429 1766 5473
f 5457 1805 5429
f 5473 1731 5457
f 5473 5457 5429
f 5133 5134 1330
f 1330 5134 7252
f 1330 7252 5144
f 82 29 28
f 82 28 80
f 1331 1335 1336
f 1331 1336 1332
f 1332 1336 5224
f 1332 5224 5223
f 1331 1332 1337
f 1331 1337 1333
f 5417 1689 1693
f 1693 1622 1617
f 1693 1617 5417
f 1331 1333 1338
f 1331 1338 1334
f 1334 1338 5220
f 1334 5220 5221
f 1331 1334 1339
f 1331 1339 1335
f 1334 5221 5222
f 1334 5222 1339
f 1340 1344 1345
f 1340 1345 1341
f 1519 1514 5291
f 5291 1436 1440
f 5291 1440 1519
f 1340 1341 1346
f 1340 1346 1342
f 1341 5226 5225
f 1341 5225 1346
f 1340 1342 1347
f 1340 1347 1343
f 1343 1347 5217
f 1343 5217 5218
f 1340 1343 1348
f 1340 1348 1344
f 1343 5218 5219
f 1343 5219 1348
f 1349 1353 1354
f 1349 1354 1350
f 1350 1354 5219
f 1350 5219 5218
f 1349 1350 1355
f 1349 1355 1351
f 3478 3399 3401
f 3478 3401 3479
f 1350 5218 5217
f 1350 5217 1355
f 1349 1351 1356
f 1349 1356 1352
f 1352 1356 5207
f 1352 5207 5206
f 6454 6453 3260
f 3260 3262 3261
f 3276 6454 3260
f 3260 3261 3276
f 1356 5214 7264
f 1356 7264 5207
f 1349 1352 1357
f 1349 1357 1353
f 1352 5206 1357
f 1374 1353 1357
f 1374 1357 1377
f 1410 1412 1359
f 1410 1359 1358
f 1397 1374 1373
f 1397 1373 1395
f 1395 1373 1376
f 1395 1376 1398
f 1358 1359 1362
f 1358 1362 1360
f 1359 5215 5216
f 1359 5216 1362
f 1568 5305 7280
f 1568 7280 5346
f 1358 1360 1363
f 1358 1363 1361
f 1420 1397 1400
f 1420 1400 1421
f 1364 1368 1369
f 1364 1369 1365
f 1365 1369 5222
f 1365 5222 5221
f 1364 1365 1370
f 1364 1370 1366
f 1365 5221 5220
f 1365 5220 1370
f 1364 1366 1371
f 1364 1371 1367
f 1367 1371 5202
f 1364 1367 1372
f 1364 1372 1368
f 1584 1583 5322
f 5322 5298 1578
f 1582 5301 1558
f 5322 1578 1582
f 5302 1584 5322
f 1558 1562 5302
f 5322 1582 1558
f 5322 1558 5302
f 1367 5202 5203
f 1367 5203 1372
f 1372 5203 7263
f 1372 7263 5172
f 733 711 4760
f 733 4760 4745
f 5265 1493 1471
f 5265 1471 5280
f 4421 4436 219
f 4421 219 272
f 1373 1374 1377
f 1373 1377 1375
f 1375 5174 5175
f 1375 5175 1378
f 1373 1375 1378
f 1373 1378 1376
f 1376 1378 5216
f 1376 5216 5215
f 1472 5238 5239
f 1472 5239 1470
f 1470 5239 5240
f 1470 5240 1473
f 5384 5368 1662
f 1662 1642 5400
f 5400 1664 5385
f 5385 5384 1662
f 1662 5400 5385
f 5273 7269 5256
f 5273 5256 1475
f 1379 5206 5207
f 1379 5207 1380
f 1380 5207 7264
f 1380 7264 5208
f 1362 5184 5183
f 1362 5183 1360
f 4538 431 432
f 432 4555 4554
f 4554 4537 4538
f 432 4554 4538
f 1382 5209 7262
f 1382 7262 5205
f 4448 4472 4473
f 4489 372 376
f 4448 4473 4489
f 376 355 4448
f 4489 376 4448
f 2330 2329 5915
f 5915 5914 2332
f 5915 2332 2330
f 1384 1385 5203
f 1384 5203 5202
f 1383 5210 5211
f 1383 5211 1385
f 1385 5211 7263
f 1385 7263 5203
f 2839 2761 6123
f 6123 6122 6170
f 6170 6169 7408
f 7408 6164 2839
f 2839 6123 6170
f 6170 7408 2839
f 1386 5208 7264
f 1386 7264 5214
f 1769 1768 5427
f 5427 5428 1767
f 5427 1767 1769
f 1388 1389 5197
f 1388 5197 5196
f 1387 5212 5213
f 1387 5213 1389
f 1389 5213 7261
f 1389 7261 5197
f 5131 5130 5106
f 5106 1297 1293
f 5106 1293 5131
f 1811 5565 5564
f 5564 1806 1808
f 1811 5564 1808
f 1391 5194 7261
f 1391 7261 5213
f 1740 5442 5441
f 1740 5441 1743
f 4573 454 458
f 458 387 382
f 458 382 4573
f 1394 5172 7263
f 1394 7263 5211
f 1395 1398 1399
f 1395 1399 1396
f 5323 5296 5295
f 5295 5309 1604
f 1604 1597 1592
f 1592 5323 5295
f 5295 1604 1592
f 1398 5200 5201
f 1398 5201 1399
f 1415 5181 7256
f 1415 7256 5201
f 1395 1396 1400
f 1395 1400 1397
f 4318 4342 4343
f 4360 182 186
f 4318 4343 4360
f 186 165 4318
f 4360 186 4318
f 755 759 680
f 755 680 679
f 709 732 755
f 689 688 709
f 683 4764 689
f 755 679 683
f 689 709 755
f 683 689 755
f 3985 3988 3959
f 3985 3959 3955
f 1401 1405 1406
f 1401 1406 1402
f 1402 1406 5194
f 1402 5194 5193
f 1405 5196 5197
f 1405 5197 1406
f 1406 5197 7261
f 1406 7261 5194
f 1401 1402 1407
f 1401 1407 1403
f 1366 1361 1363
f 1366 1363 1371
f 1401 1403 1408
f 1401 1408 1404
f 1413 1403 1407
f 1413 1407 1414
f 1401 1404 1409
f 1401 1409 1405
f 1405 1409 5195
f 1405 5195 5196
f 1404 5223 5224
f 1404 5224 1409
f 1410 1413 1414
f 1410 1414 1411
f 1494 5229 5228
f 1494 5228 1491
f 1410 1411 1415
f 1410 1415 1412
f 1412 1415 5201
f 1412 5201 5200
f 1506 5245 5246
f 1506 5246 1510
f 1416 1420 1421
f 1416 1421 1417
f 1416 1417 1422
f 1416 1422 1418
f 1418 1422 5199
f 1418 5199 5198
f 1417 5204 5205
f 1417 5205 1422
f 1422 5205 7262
f 1422 7262 5199
f 1416 1418 1423
f 1416 1423 1419
f 1419 1423 5225
f 1419 5225 5226
f 1416 1419 1424
f 1416 1424 1420
f 6994 4034 4049
f 6994 4049 7003
f 5365 5380 1671
f 5408 1641 1636
f 5365 1671 5408
f 5392 1710 5365
f 5408 1636 5392
f 5408 5392 5365
f 5198 5199 1425
f 1425 5199 7262
f 1425 7262 5209
f 1426 1430 1431
f 1426 1431 1427
f 1427 1431 5289
f 1427 5289 5288
f 1426 1427 1432
f 1426 1432 1428
f 4646 4673 4674
f 631 630 4647
f 4646 4674 631
f 631 4647 4646
f 1426 1428 1433
f 1426 1433 1429
f 1429 1433 5285
f 1429 5285 5286
f 1426 1429 1434
f 1426 1434 1430
f 1429 5286 5287
f 1429 5287 1434
f 1461 1456 1458
f 1461 1458 1466
f 1435 1439 1440
f 1435 1440 1436
f 1709 1704 5420
f 5420 1626 1630
f 5420 1630 1709
f 1435 1436 1441
f 1435 1441 1437
f 1436 5291 5290
f 1436 5290 1441
f 1765 1764 5436
f 5436 5437 1763
f 5436 1763 1765
f 1435 1437 1442
f 1435 1442 1438
f 1438 1442 5282
f 1438 5282 5283
f 1435 1438 1443
f 1435 1443 1439
f 1438 5283 5284
f 1438 5284 1443
f 1444 1448 1449
f 1444 1449 1445
f 1445 1449 5284
f 1445 5284 5283
f 1444 1445 1450
f 1444 1450 1446
f 1445 5283 5282
f 1445 5282 1450
f 1444 1446 1451
f 1444 1451 1447
f 1447 1451 5272
f 1447 5272 5271
f 1451 5279 7274
f 1451 7274 5272
f 1444 1447 1452
f 1444 1452 1448
f 1447 5271 1452
f 1471 1493 1490
f 1471 1490 1468
f 1507 5265 5280
f 1507 5280 1454
f 1566 1588 1585
f 1566 1585 1563
f 1453 1454 1457
f 1453 1457 1455
f 1454 5280 5281
f 1454 5281 1457
f 1457 5249 5248
f 1457 5248 1455
f 1453 1455 1458
f 1453 1458 1456
f 1459 1463 1464
f 1459 1464 1460
f 1460 1464 5287
f 1460 5287 5286
f 481 480 484
f 4637 514 513
f 4639 481 484
f 484 4637 513
f 513 4586 4610
f 4610 554 4639
f 4639 484 513
f 513 4610 4639
f 1459 1460 1465
f 1459 1465 1461
f 1460 5286 5285
f 1460 5285 1465
f 1459 1461 1466
f 1459 1466 1462
f 1462 1466 5267
f 1459 1462 1467
f 1459 1467 1463
f 1774 1773 5451
f 5451 5427 1768
f 1772 5430 1748
f 5451 1768 1772
f 5431 1774 5451
f 1748 1752 5431
f 5451 1772 1748
f 5451 1748 5431
f 1462 5267 5268
f 1462 5268 1467
f 1467 5268 7273
f 1467 7273 5237
f 163 141 4371
f 163 4371 4356
f 448 426 4565
f 448 4565 4550
f 1603 1600 1548
f 1603 1548 1551
f 1468 1469 1472
f 1468 1472 1470
f 1455 5248 5247
f 1455 5247 1458
f 1468 1470 1473
f 1468 1473 1471
f 1471 1473 5281
f 1471 5281 5280
f 1550 5313 5312
f 1550 5312 1553
f 1170 5053 5052
f 1170 5052 1173
f 1453 1505 1507
f 1453 1507 1454
f 1586 5293 5292
f 1586 5292 1590
f 1474 5271 5272
f 1474 5272 1475
f 1475 5272 7274
f 1475 7274 5273
f 3946 6883 6932
f 6932 3980 3982
f 3982 3950 3946
f 6932 3982 3946
f 5383 1666 1667
f 1667 5399 5398
f 5398 5382 5383
f 1667 5398 5383
f 622 621 4668
f 4668 7177 4689
f 4668 4689 622
f 1477 5274 7272
f 1477 7272 5270
f 1479 1480 5268
f 1479 5268 5267
f 1478 5275 5276
f 1478 5276 1480
f 1480 5276 7273
f 1480 7273 5268
f 4747 706 698
f 698 4727 4721
f 4721 4722 719
f 719 4747 698
f 698 4721 719
f 1481 5273 7274
f 1481 7274 5279
f 5807 7350 5767
f 5767 2239 5806
f 5807 5767 5806
f 1573 5308 7278
f 1573 7278 5340
f 534 533 4583
f 4583 4584 532
f 4583 532 534
f 1483 1484 5262
f 1483 5262 5261
f 1482 5277 5278
f 1482 5278 1484
f 1484 5278 7271
f 1484 7271 5262
f 1473 5240 7270
f 1473 7270 5281
f 6985 7533 6991
f 6985 6991 4045
f 1486 5259 7271
f 1486 7271 5278
f 1681 5358 5357
f 1681 5357 1685
f 2462 6000 5999
f 5999 2457 2459
f 2462 5999 2459
f 1489 5237 7273
f 1489 7273 5276
f 1490 1493 1494
f 1490 1494 1491
f 4383 4407 4408
f 4425 277 281
f 4383 4408 4425
f 281 260 4383
f 4425 281 4383
f 1493 5265 5266
f 1493 5266 1494
f 1491 5228 5227
f 1491 5227 1495
f 1490 1491 1495
f 1490 1495 1492
f 1126 4985 4986
f 1126 4986 1130
f 1496 1500 1501
f 1496 1501 1497
f 1497 1501 5259
f 1497 5259 5258
f 1500 5261 5262
f 1500 5262 1501
f 1501 5262 7271
f 1501 7271 5259
f 1496 1497 1502
f 1496 1502 1498
f 1508 1498 1502
f 1508 1502 1509
f 1496 1498 1503
f 1496 1503 1499
f 1496 1499 1504
f 1496 1504 1500
f 1500 1504 5260
f 1500 5260 5261
f 1499 5288 5289
f 1499 5289 1504
f 1505 1508 1509
f 1505 1509 1506
f 1604 5309 5310
f 1604 5310 1601
f 1505 1506 1510
f 1505 1510 1507
f 1507 1510 5266
f 1507 5266 5265
f 5852 2353 2355
f 2355 2354 2368
f 2368 5853 5852
f 2355 2368 5852
f 1511 1515 1516
f 1511 1516 1512
f 1511 1512 1517
f 1511 1517 1513
f 1513 1517 5264
f 1513 5264 5263
f 1512 5269 5270
f 1512 5270 1517
f 1517 5270 7272
f 1517 7272 5264
f 1511 1513 1518
f 1511 1518 1514
f 1514 1518 5290
f 1514 5290 5291
f 943 4873 876
f 876 880 4892
f 876 4892 872
f 948 943 876
f 867 871 4900
f 4900 948 876
f 876 872 867
f 876 867 4900
f 1511 1514 1519
f 1511 1519 1515
f 4074 6969 7018
f 7018 4108 4110
f 4110 4078 4074
f 7018 4110 4074
f 5263 5264 1520
f 1520 5264 7272
f 1520 7272 5274
f 1659 1682 1705
f 1705 1709 1630
f 1630 1629 1633
f 5413 1639 1638
f 1630 1633 5413
f 1659 1705 1630
f 5413 1638 1659
f 1630 5413 1659
f 1521 1525 1526
f 1521 1526 1522
f 1522 1526 5354
f 1522 5354 5353
f 1521 1522 1527
f 1521 1527 1523
f 1521 1523 1528
f 1521 1528 1524
f 1524 1528 5350
f 1524 5350 5351
f 1521 1524 1529
f 1521 1529 1525
f 1524 5351 5352
f 1524 5352 1529
f 1530 1534 1535
f 1530 1535 1531
f 1530 1531 1536
f 1530 1536 1532
f 1531 5356 5355
f 1531 5355 1536
f 1530 1532 1537
f 1530 1537 1533
f 1533 1537 5347
f 1533 5347 5348
f 1530 1533 1538
f 1530 1538 1534
f 1533 5348 5349
f 1533 5349 1538
f 1539 1543 1544
f 1539 1544 1540
f 1540 1544 5349
f 1540 5349 5348
f 1539 1540 1545
f 1539 1545 1541
f 1540 5348 5347
f 1540 5347 1545
f 1539 1541 1546
f 1539 1546 1542
f 1542 1546 5337
f 1542 5337 5336
f 1546 5344 7284
f 1546 7284 5337
f 1539 1542 1547
f 1539 1547 1543
f 1542 5336 1547
f 1548 1600 1602
f 1548 1602 1549
f 1556 1551 1553
f 1556 1553 1561
f 804 827 850
f 850 854 775
f 774 778 4829
f 850 775 774
f 783 804 850
f 4829 784 783
f 850 774 4829
f 850 4829 783
f 1587 1564 1563
f 1587 1563 1585
f 1548 1549 1552
f 1548 1552 1550
f 1660 5369 5370
f 1660 5370 1663
f 1549 5345 5346
f 1549 5346 1552
f 1567 5303 5304
f 1567 5304 1565
f 1548 1550 1553
f 1548 1553 1551
f 1663 5370 7290
f 1663 7290 5410
f 1554 1558 1559
f 1554 1559 1555
f 1555 1559 5352
f 1555 5352 5351
f 1554 1555 1560
f 1554 1560 1556
f 1555 5351 5350
f 1555 5350 1560
f 1554 1556 1561
f 1554 1561 1557
f 1557 1561 5332
f 1554 1557 1562
f 1554 1562 1558
f 3815 3804 6773
f 6773 6791 3813
f 3815 6773 3813
f 1557 5332 5333
f 1557 5333 1562
f 1562 5333 7283
f 1562 7283 5302
f 5345 5330 1588
f 5345 1588 1566
f 4550 4565 409
f 4550 409 462
f 842 789 788
f 842 788 840
f 1563 1564 1567
f 1563 1567 1565
f 1185 5044 5045
f 1185 5045 1188
f 1563 1565 1568
f 1563 1568 1566
f 1566 1568 5346
f 1566 5346 5345
f 5346 7280 5314
f 5346 5314 1552
f 1188 5045 7240
f 1188 7240 5086
f 4994 4978 1092
f 1092 1072 5011
f 5011 1094 4995
f 4995 4994 1092
f 1092 5011 4995
f 4948 7219 4931
f 4948 4931 1000
f 1569 5336 5337
f 1569 5337 1570
f 1570 5337 7284
f 1570 7284 5338
f 4409 241 242
f 242 4426 4425
f 4425 4408 4409
f 242 4425 4409
f 1572 5339 7282
f 1572 7282 5335
f 1552 5314 5313
f 1552 5313 1550
f 1574 1575 5333
f 1574 5333 5332
f 1573 5340 5341
f 1573 5341 1575
f 1575 5341 7283
f 1575 7283 5333
f 1576 5338 7284
f 1576 7284 5344
f 7207 4845 950
f 7207 950 4884
f 1672 5364 7285
f 1672 7285 5406
f 1578 1579 5327
f 1578 5327 5326
f 1577 5342 5343
f 1577 5343 1579
f 1579 5343 7281
f 1579 7281 5327
f 5066 5065 5041
f 5041 1202 1198
f 5041 1198 5066
f 810 4801 4800
f 810 4800 809
f 5277 7265 5232
f 5232 1485 1486
f 1486 5278 5277
f 5232 1486 5277
f 4444 264 268
f 268 197 192
f 268 192 4444
f 1581 5324 7281
f 1581 7281 5343
f 2598 2597 6088
f 6088 6087 2600
f 6088 2600 2598
f 863 858 862
f 862 933 928
f 928 938 886
f 886 891 895
f 4895 863 862
f 886 895 4895
f 862 928 886
f 862 886 4895
f 3351 3271 3273
f 3351 3273 3352
f 1584 5302 7283
f 1584 7283 5341
f 1585 1588 1589
f 1585 1589 1586
f 1696 5375 5376
f 1696 5376 1700
f 1588 5330 5331
f 1588 5331 1589
f 1589 5294 5293
f 1589 5293 1586
f 1585 1586 1590
f 1585 1590 1587
f 1699 5374 5375
f 1699 5375 1696
f 1564 1543 1547
f 1564 1547 1567
f 1591 1595 1596
f 1591 1596 1592
f 1592 1596 5324
f 1592 5324 5323
f 1595 5326 5327
f 1595 5327 1596
f 1596 5327 7281
f 1596 7281 5324
f 1591 1592 1597
f 1591 1597 1593
f 6932 6925 3885
f 3885 6939 3983
f 3983 3980 6932
f 3885 3983 6932
f 1591 1593 1598
f 1591 1598 1594
f 1591 1594 1599
f 1591 1599 1595
f 1595 1599 5325
f 1595 5325 5326
f 1594 5353 5354
f 1594 5354 1599
f 1600 1603 1604
f 1600 1604 1601
f 4543 4516 4515
f 4515 4529 464
f 464 457 452
f 452 4543 4515
f 4515 464 452
f 1600 1601 1605
f 1600 1605 1602
f 1602 1605 5331
f 1602 5331 5330
f 7296 5423 1779
f 7296 1779 5460
f 825 803 806
f 825 806 828
f 1606 1610 1611
f 1606 1611 1607
f 1606 1607 1612
f 1606 1612 1608
f 1608 1612 5329
f 1608 5329 5328
f 1607 5334 5335
f 1607 5335 1612
f 1612 5335 7282
f 1612 7282 5329
f 1606 1608 1613
f 1606 1613 1609
f 1609 1613 5355
f 1609 5355 5356
f 1798 5457 1731
f 1731 1735 5476
f 1727 1722 1726
f 1731 5476 1727
f 1803 1798 1731
f 1727 1726 5484
f 5484 1803 1731
f 1731 1727 5484
f 1606 1609 1614
f 1606 1614 1610
f 5170 5185 1386
f 5214 1356 1351
f 5170 1386 5214
f 5198 1425 5170
f 5214 1351 5198
f 5214 5198 5170
f 5799 5800 7353
f 7353 5789 2211
f 2211 5813 2249
f 2249 5790 5799
f 5799 7353 2211
f 2211 2249 5799
f 5328 5329 1615
f 1615 5329 7282
f 1615 7282 5339
f 1616 1620 1621
f 1616 1621 1617
f 1617 1621 5418
f 1617 5418 5417
f 1616 1617 1622
f 1616 1622 1618
f 5482 1784 1788
f 1788 1717 1712
f 1788 1712 5482
f 1616 1618 1623
f 1616 1623 1619
f 1619 1623 5414
f 1619 5414 5415
f 1616 1619 1624
f 1616 1624 1620
f 1619 5415 5416
f 1619 5416 1624
f 1176 1171 1173
f 1176 1173 1181
f 1625 1629 1630
f 1625 1630 1626
f 1804 1799 5485
f 5485 1721 1725
f 5485 1725 1804
f 1625 1626 1631
f 1625 1631 1627
f 4868 4841 4840
f 4840 4854 939
f 939 932 927
f 927 4868 4840
f 4840 939 927
f 1626 5420 5419
f 1626 5419 1631
f 1625 1627 1632
f 1625 1632 1628
f 1628 1632 5411
f 1628 5411 5412
f 1625 1628 1633
f 1625 1633 1629
f 1628 5412 5413
f 1628 5413 1633
f 1634 1638 1639
f 1634 1639 1635
f 1635 1639 5413
f 1635 5413 5412
f 1651 1646 1648
f 1651 1648 1656
f 7276 5294 1589
f 7276 1589 5331
f 1634 1635 1640
f 1634 1640 1636
f 1635 5412 5411
f 1635 5411 1640
f 1634 1636 1641
f 1634 1641 1637
f 1637 1641 5401
f 1637 5401 5400
f 1641 5408 7294
f 1641 7294 5401
f 1634 1637 1642
f 1634 1642 1638
f 1637 5400 1642
f 273 270 218
f 273 218 221
f 1680 1658 1661
f 1680 1661 1683
f 68 46 4306
f 68 4306 4291
f 1643 1644 1647
f 1643 1647 1645
f 5410 7290 5379
f 5410 5379 1647
f 1644 5409 5410
f 1644 5410 1647
f 1755 5433 5434
f 1755 5434 1758
f 1643 1645 1648
f 1643 1648 1646
f 1649 1653 1654
f 1649 1654 1650
f 1650 1654 5416
f 1650 5416 5415
f 575 579 4702
f 4702 609 608
f 608 4651 4675
f 4675 649 4704
f 4704 576 575
f 575 4702 608
f 608 4675 4704
f 575 608 4704
f 1649 1650 1655
f 1649 1655 1651
f 1650 5415 5414
f 1650 5414 1655
f 1649 1651 1656
f 1649 1656 1652
f 1652 1656 5396
f 1649 1652 1657
f 1649 1657 1653
f 64 63 4283
f 4283 4259 58
f 62 4262 38
f 4283 58 62
f 4263 64 4283
f 38 42 4263
f 4283 62 38
f 4283 38 4263
f 1652 5396 5397
f 1652 5397 1657
f 1657 5397 7293
f 1657 7293 5367
f 5394 1683 1661
f 5394 1661 5409
f 1680 1682 1659
f 1680 1659 1658
f 213 234 257
f 257 280 284
f 257 284 205
f 214 213 257
f 205 208 4440
f 4440 214 257
f 257 205 4440
f 1658 1659 1662
f 1658 1662 1660
f 1658 1660 1663
f 1658 1663 1661
f 1661 1663 5410
f 1661 5410 5409
f 1662 5368 5369
f 1662 5369 1660
f 1647 5379 5378
f 1647 5378 1645
f 4394 237 217
f 217 4427 239
f 239 4411 4410
f 4410 4394 217
f 217 239 4410
f 4623 7169 4606
f 4623 4606 525
f 1664 5400 5401
f 1664 5401 1665
f 1665 5401 7294
f 1665 7294 5402
f 2281 2284 2313
f 2313 5821 5773
f 5773 5774 2281
f 2313 5773 2281
f 242 241 4409
f 4409 7137 4430
f 4409 4430 242
f 1667 5403 7292
f 1667 7292 5399
f 1645 5378 5377
f 1645 5377 1648
f 1698 1688 1692
f 1698 1692 1699
f 1669 1670 5397
f 1669 5397 5396
f 1668 5404 5405
f 1668 5405 1670
f 1670 5405 7293
f 1670 7293 5397
f 1671 5380 7289
f 1671 7289 5402
f 1671 5402 7294
f 1671 7294 5408
f 433 4528 7158
f 433 7158 4560
f 249 248 4389
f 4389 4390 247
f 4389 247 249
f 1673 1674 5391
f 1673 5391 5390
f 1672 5406 5407
f 1672 5407 1674
f 1674 5407 7291
f 1674 7291 5391
f 1201 1200 5037
f 5037 5036 5063
f 5063 5064 1201
f 5037 5063 1201
f 1676 5389 7291
f 1676 7291 5407
f 1659 1638 1642
f 1659 1642 1662
f 375 352 355
f 375 355 376
f 1705 1682 1685
f 1705 1685 1706
f 1679 5367 7293
f 1679 7293 5405
f 1680 1683 1684
f 1680 1684 1681
f 1601 5310 5311
f 1601 5311 1605
f 1683 5394 5395
f 1683 5395 1684
f 841 4790 4791
f 841 4791 845
f 1680 1681 1685
f 1680 1685 1682
f 1684 5359 5358
f 1684 5358 1681
f 36 31 33
f 36 33 41
f 1686 1690 1691
f 1686 1691 1687
f 1687 1691 5389
f 1687 5389 5388
f 1690 5390 5391
f 1690 5391 1691
f 1691 5391 7291
f 1691 7291 5389
f 1686 1687 1692
f 1686 1692 1688
f 1686 1688 1693
f 1686 1693 1689
f 1686 1689 1694
f 1686 1694 1690
f 1689 5417 5418
f 1689 5418 1694
f 1695 1698 1699
f 1695 1699 1696
f 4642 4666 4667
f 4684 657 661
f 4642 4667 4684
f 661 640 4642
f 4684 661 4642
f 1695 1696 1700
f 1695 1700 1697
f 1697 1700 5395
f 1697 5395 5394
f 1795 5440 7296
f 1795 7296 5460
f 370 4467 7146
f 370 7146 4486
f 1701 1705 1706
f 1701 1706 1702
f 3991 3913 6887
f 6887 6886 6934
f 6934 6933 7525
f 7525 6928 3991
f 3991 6887 6934
f 6934 7525 3991
f 1701 1702 1707
f 1701 1707 1703
f 1703 1707 5393
f 1703 5393 5392
f 1702 5398 5399
f 1702 5399 1707
f 1707 5399 7292
f 1707 7292 5393
f 1701 1703 1708
f 1701 1708 1704
f 1704 1708 5419
f 1704 5419 5420
f 1701 1704 1709
f 1701 1709 1705
f 50 4282 4281
f 50 4281 49
f 5040 5055 1196
f 5084 1166 1161
f 5040 1196 5084
f 5068 1235 5040
f 5084 1161 5068
f 5084 5068 5040
f 6148 6149 7405
f 7405 6138 2735
f 2735 6162 2772
f 2772 6139 6148
f 6148 7405 2735
f 2735 2772 6148
f 5392 5393 1710
f 1710 5393 7292
f 1710 7292 5403
f 1223 1213 1217
f 1223 1217 1224
f 1711 1715 1716
f 1711 1716 1712
f 1712 1716 5483
f 1712 5483 5482
f 6065 2626 6045
f 6045 7391 6066
f 6045 6066 6065
f 1711 1712 1717
f 1711 1717 1713
f 4707 4731 4732
f 4749 752 756
f 4707 4732 4749
f 756 735 4707
f 4749 756 4707
f 4257 4284 4285
f 61 60 4258
f 4257 4285 61
f 61 4258 4257
f 1711 1713 1718
f 1711 1718 1714
f 1714 1718 5479
f 1714 5479 5480
f 1711 1714 1719
f 1711 1719 1715
f 1714 5480 5481
f 1714 5481 1719
f 4885 7208 4867
f 918 919 4886
f 4885 4867 918
f 918 4886 4885
f 1325 1302 1305
f 1325 1305 1326
f 1720 1724 1725
f 1720 1725 1721
f 379 374 4511
f 4511 296 300
f 4511 300 379
f 1720 1721 1726
f 1720 1726 1722
f 1721 5485 5484
f 1721 5484 1726
f 1720 1722 1727
f 1720 1727 1723
f 1723 1727 5476
f 1723 5476 5477
f 1720 1723 1728
f 1720 1728 1724
f 1723 5477 5478
f 1723 5478 1728
f 1729 1733 1734
f 1729 1734 1730
f 1730 1734 5478
f 1730 5478 5477
f 1729 1730 1735
f 1729 1735 1731
f 437 4519 7155
f 437 7155 4562
f 1730 5477 5476
f 1730 5476 1735
f 1729 1731 1736
f 1729 1736 1732
f 1732 1736 5466
f 1732 5466 5465
f 717 716 4733
f 4733 7187 4754
f 4733 4754 717
f 1736 5473 7304
f 1736 7304 5466
f 1729 1732 1737
f 1729 1737 1733
f 1732 5465 1737
f 1738 1790 1792
f 1738 1792 1739
f 1756 1778 1775
f 1756 1775 1753
f 543 521 4630
f 543 4630 4615
f 1738 1739 1742
f 1738 1742 1740
f 1739 5474 5475
f 1739 5475 1742
f 1738 1740 1743
f 1738 1743 1741
f 5281 7270 5249
f 5281 5249 1457
f 1744 1748 1749
f 1744 1749 1745
f 1745 1749 5481
f 1745 5481 5480
f 3358 3357 6597
f 6597 3455 3454
f 3457 3419 3420
f 6597 3454 3457
f 3360 3358 6597
f 3457 3420 3360
f 6597 3457 3360
f 1744 1745 1750
f 1744 1750 1746
f 1745 5480 5479
f 1745 5479 1750
f 1744 1746 1751
f 1744 1751 1747
f 1747 1751 5461
f 1744 1747 1752
f 1744 1752 1748
f 349 348 4478
f 4478 4454 343
f 347 4457 323
f 4478 343 347
f 4458 349 4478
f 323 327 4458
f 4478 347 323
f 4478 323 4458
f 1747 5461 5462
f 1747 5462 1752
f 1752 5462 7303
f 1752 7303 5431
f 978 1030 1032
f 978 1032 979
f 1724 1728 5478
f 5478 1734 1733
f 1733 1754 1777
f 1777 1800 1804
f 1804 1725 1724
f 1724 5478 1733
f 1733 1777 1804
f 1724 1733 1804
f 935 883 886
f 935 886 938
f 1753 1754 1757
f 1753 1757 1755
f 427 4523 4524
f 427 4524 425
f 1753 1755 1758
f 1753 1758 1756
f 1756 1758 5475
f 1756 5475 5474
f 1758 5434 7300
f 1758 7300 5475
f 5475 7300 5443
f 5475 5443 1742
f 1766 5444 7299
f 1766 7299 5467
f 4459 332 312
f 312 4491 334
f 334 4476 4475
f 4475 4459 312
f 312 334 4475
f 4364 7129 4347
f 4364 4347 145
f 1759 5465 5466
f 1759 5466 1760
f 1760 5466 7304
f 1760 7304 5467
f 4172 4157 7084
f 4172 7084 7075
f 7542 7050 4172
f 4172 7075 7076
f 4172 7076 7542
f 118 139 162
f 162 185 189
f 110 109 113
f 162 189 110
f 119 118 162
f 113 4375 119
f 162 110 113
f 162 113 119
f 1762 5468 7302
f 1762 7302 5464
f 2552 2554 2539
f 2539 2477 2487
f 2487 2486 2552
f 2539 2487 2552
f 559 4594 4595
f 559 4595 556
f 1764 1765 5462
f 1764 5462 5461
f 1763 5469 5470
f 1763 5470 1765
f 1765 5470 7303
f 1765 7303 5462
f 878 899 922
f 922 945 949
f 922 949 870
f 879 878 922
f 4894 879 922
f 922 870 873
f 922 873 4894
f 1754 1733 1737
f 1754 1737 1757
f 1766 5467 7304
f 1766 7304 5473
f 1009 1008 4908
f 4908 4909 1007
f 4908 1007 1009
f 1768 1769 5456
f 1768 5456 5455
f 1767 5471 5472
f 1767 5472 1769
f 1769 5472 7301
f 1769 7301 5456
f 3559 3499 3498
f 3559 3498 3558
f 44 67 90
f 90 94 15
f 90 15 14
f 23 44 90
f 4310 24 23
f 90 14 4310
f 90 4310 23
f 4562 7155 4517
f 4517 440 441
f 441 4563 4562
f 4517 441 4562
f 4516 4543 4544
f 441 440 4517
f 4516 4544 441
f 441 4517 4516
f 1771 5453 7301
f 1771 7301 5472
f 5705 7334 5679
f 2111 2096 5713
f 5704 5705 5679
f 2111 5713 5704
f 5704 5679 2111
f 1774 5431 7303
f 1774 7303 5470
f 1775 1778 1779
f 1775 1779 1776
f 1605 5311 7276
f 1605 7276 5331
f 1778 5459 5460
f 1778 5460 1779
f 1775 1776 1780
f 1775 1780 1777
f 1676 1675 5362
f 5362 5361 5388
f 5388 5389 1676
f 5362 5388 1676
f 1781 1785 1786
f 1781 1786 1782
f 1782 1786 5453
f 1782 5453 5452
f 1785 5455 5456
f 1785 5456 1786
f 1786 5456 7301
f 1786 7301 5453
f 1781 1782 1787
f 1781 1787 1783
f 1781 1783 1788
f 1781 1788 1784
f 1776 5422 5421
f 1776 5421 1780
f 1781 1784 1789
f 1781 1789 1785
f 1785 1789 5454
f 1785 5454 5455
f 1784 5482 5483
f 1784 5483 1789
f 1790 1793 1794
f 1790 1794 1791
f 1790 1791 1795
f 1790 1795 1792
f 1792 1795 5460
f 1792 5460 5459
f 366 4466 4467
f 366 4467 370
f 1411 5180 5181
f 1411 5181 1415
f 1796 1800 1801
f 1796 1801 1797
f 1796 1797 1802
f 1796 1802 1798
f 1798 1802 5458
f 1798 5458 5457
f 1797 5463 5464
f 1797 5464 1802
f 1802 5464 7302
f 1802 7302 5458
f 1796 1798 1803
f 1796 1803 1799
f 1799 1803 5484
f 1799 5484 5485
f 1133 5003 1066
f 1066 1070 5022
f 1057 1061 5030
f 5030 1138 1133
f 1133 1066 5022
f 5022 1057 5030
f 5022 5030 1133
f 1796 1799 1804
f 1796 1804 1800
f 4975 4990 1101
f 5019 1071 1066
f 4975 1101 5019
f 5003 1140 4975
f 5019 1066 5003
f 5019 5003 4975
f 5457 5458 1805
f 1805 5458 7302
f 1805 7302 5468
f 1806 1807 1810
f 1806 1810 1808
f 1807 5506 5507
f 1807 5507 1810
f 1810 5507 7308
f 1810 7308 5550
f 1816 5497 5502
f 5502 1812 1819
f 5502 1819 1816
f 1812 5502 5503
f 1812 5503 1813
f 1813 5503 7310
f 1813 7310 5551
f 4119 4041 6973
f 6973 6972 7020
f 7020 7019 7538
f 7538 7014 4119
f 4119 6973 7020
f 7020 7538 4119
f 1814 1815 1818
f 1814 1818 1816
f 1816 1818 5498
f 1816 5498 5497
f 2534 2522 5920
f 5920 5939 5940
f 5940 2532 2534
f 2534 5920 5940
f 1818 5553 7309
f 1818 7309 5498
f 3001 3002 2992
f 2992 6306 6295
f 2992 6295 3001
f 1820 1821 5496
f 1820 5496 5495
f 1821 5551 7310
f 1821 7310 5496
f 1820 5495 5506
f 5506 1807 1809
f 5506 1809 1820
f 617 4653 4654
f 617 4654 615
f 2079 5741 5740
f 2079 5740 2080
f 1822 1823 1825
f 1822 1825 1824
f 1824 1825 5531
f 1824 5531 5530
f 1823 5554 5555
f 1823 5555 1825
f 6532 3428 3423
f 3423 3422 6522
f 3423 6522 6532
f 1824 5530 5529
f 1824 5529 1826
f 3056 2994 2993
f 3056 2993 3055
f 1827 1828 5526
f 1827 5526 5525
f 3193 3130 6419
f 3193 6419 6377
f 1828 5556 7316
f 1828 7316 5526
f 2424 5902 5909
f 5909 5859 5860
f 5909 5860 2424
f 2930 2934 2871
f 2871 2869 2868
f 2868 6261 2962
f 2962 2960 2961
f 2961 2931 2929
f 2929 2930 2871
f 2871 2868 2962
f 2961 2929 2871
f 2871 2962 2961
f 1831 1833 5520
f 1831 5520 5521
f 1830 1831 1834
f 1830 1834 1832
f 1832 1834 5558
f 1832 5558 5557
f 1831 5521 5522
f 1831 5522 1834
f 1834 5522 7315
f 1834 7315 5558
f 4025 4026 4016
f 4016 6986 6975
f 4016 6975 4025
f 3184 3121 3120
f 3184 3120 3183
f 2286 2223 5814
f 2286 5814 5772
f 1835 5518 5519
f 1835 5519 1837
f 1837 5519 7316
f 1837 7316 5556
f 6710 6709 3644
f 3644 3646 3645
f 3659 6710 3644
f 3644 3645 3659
f 1839 1840 5542
f 1839 5542 5541
f 1838 5530 5531
f 1838 5531 1840
f 1840 5531 7314
f 1840 7314 5542
f 1855 5527 5528
f 1855 5528 1856
f 4054 6967 6980
f 4054 6980 4046
f 2124 5680 5699
f 2124 5699 2112
f 5521 5520 5525
f 5525 1841 1845
f 5525 1845 5521
f 1841 5525 5526
f 1841 5526 1842
f 1842 5526 7316
f 1842 7316 5543
f 5497 1845 1841
f 5497 1841 5502
f 1845 1846 5522
f 1845 5522 5521
f 1844 5537 5538
f 1844 5538 1846
f 1846 5538 7315
f 1846 7315 5522
f 1279 1258 1262
f 1279 1262 1282
f 1847 1848 5519
f 1847 5519 5518
f 1848 5543 7316
f 1848 7316 5519
f 1847 5518 5529
f 5529 5530 1838
f 5529 1838 1847
f 2873 2874 2864
f 2864 6220 6209
f 2864 6209 2873
f 1849 1850 1852
f 1849 1852 1851
f 1851 1852 5517
f 1851 5517 5516
f 1850 5544 5545
f 1850 5545 1852
f 1852 5545 7313
f 1852 7313 5517
f 136 128 4338
f 4332 4333 149
f 136 4338 4332
f 149 4358 136
f 4332 149 136
f 1007 4909 7215
f 1007 7215 4952
f 3964 3965 3925
f 3925 3924 6926
f 6926 6925 3963
f 3963 3962 3964
f 3964 3925 6926
f 6926 3963 3964
f 2853 2852 6258
f 6258 6257 2855
f 6258 2855 2853
f 1993 1994 5597
f 1993 5597 5596
f 3661 3660 6730
f 3661 6730 6731
f 1813 1875 1873
f 1813 1873 1812
f 6456 6455 3289
f 3289 3291 3290
f 3290 3275 6456
f 3289 3290 6456
f 6369 3131 3133
f 3133 3132 3147
f 3147 6370 6369
f 3133 3147 6369
f 1855 1856 5505
f 1855 5505 5504
f 1856 5534 7306
f 1856 7306 5505
f 5523 5510 1890
f 1890 1897 1893
f 1890 1893 5523
f 1976 1967 5592
f 1976 5592 5581
f 7388 6064 2631
f 7388 2631 6017
f 2539 2554 5964
f 5964 5944 2536
f 5964 2536 2539
f 3565 3504 3514
f 3514 3513 3577
f 3514 3577 3565
f 1857 1859 5501
f 1857 5501 5500
f 1858 5535 5536
f 1858 5536 1859
f 1859 5536 7307
f 1859 7307 5501
f 3830 3823 3760
f 3762 3766 3830
f 3760 3762 3830
f 3025 3010 3012
f 3012 3011 6274
f 6274 6275 3025
f 3012 6274 3025
f 5795 5804 2319
f 5795 2319 2317
f 6409 3153 6361
f 6361 7439 6410
f 6361 6410 6409
f 5957 2484 2480
f 2480 2478 5962
f 2480 5962 5957
f 6187 7414 6234
f 6187 6234 2886
f 6536 3392 6576
f 6536 6576 7466
f 1861 1862 5536
f 1861 5536 5535
f 5494 1862 1934
f 1934 5553 5552
f 5559 5560 5493
f 1934 5552 5559
f 5493 5494 1934
f 1934 5559 5493
f 1862 5494 7307
f 1862 7307 5536
f 1863 1864 5533
f 1863 5533 5532
f 1864 5550 7308
f 1864 7308 5533
f 1865 5489 5490
f 1865 5490 1866
f 1866 5490 7306
f 1866 7306 5534
f 1868 1869 5540
f 1868 5540 5539
f 1867 5487 5488
f 1867 5488 1869
f 1869 5488 7305
f 1869 7305 5540
f 6610 6677 3593
f 6610 3593 3554
f 3485 3484 6681
f 6681 3584 3583
f 3586 3548 3549
f 6681 3583 3586
f 3487 3485 6681
f 3586 3549 3487
f 6681 3586 3487
f 1870 5487 5486
f 1870 5486 1871
f 2314 5829 7356
f 7356 5820 2312
f 2314 7356 2312
f 1870 1872 5488
f 1870 5488 5487
f 1872 5491 7305
f 1872 7305 5488
f 3871 3932 3943
f 3943 3941 3882
f 3943 3882 3871
f 5585 2007 2002
f 2002 2001 5575
f 2002 5575 5585
f 247 4390 7135
f 247 7135 4433
f 2850 2851 2912
f 2850 2912 2910
f 1873 1875 5490
f 1873 5490 5489
f 5637 1950 2009
f 5637 2009 5578
f 1875 5492 7306
f 1875 7306 5490
f 1876 1878 5494
f 1876 5494 5493
f 1877 5500 5501
f 1877 5501 1878
f 1878 5501 7307
f 1878 7307 5494
f 530 529 4592
f 4592 4593 528
f 4592 528 530
f 3238 3241 3301
f 3301 3299 3336
f 3336 3333 3335
f 3335 6514 3236
f 3236 3238 3301
f 3301 3336 3335
f 3301 3335 3236
f 1877 1879 5499
f 1877 5499 5500
f 2918 2859 2858
f 2918 2858 2917
f 6312 6321 3016
f 6312 3016 3026
f 1880 5504 5505
f 1880 5505 1881
f 1881 5505 7306
f 1881 7306 5492
f 3360 3420 3431
f 3431 3429 3370
f 3431 3370 3360
f 2407 2341 2351
f 2351 2350 2420
f 2420 2422 2407
f 2351 2420 2407
f 1883 1884 1888
f 1883 1888 1885
f 1885 1888 5513
f 1885 5513 5512
f 1884 5508 5509
f 1884 5509 1888
f 1888 5509 7311
f 1888 7311 5513
f 1883 1885 1889
f 1883 1889 1886
f 2175 2143 2146
f 2175 2146 2178
f 5573 1995 1983
f 1983 5590 5572
f 1983 5572 5573
f 1890 5510 5511
f 1890 5511 1891
f 1891 5511 7312
f 1891 7312 5514
f 1892 1895 1896
f 1892 1896 1893
f 1893 1896 5524
f 1893 5524 5523
f 1895 5516 5517
f 1895 5517 1896
f 1896 5517 7313
f 1896 7313 5524
f 1892 1894 1898
f 1892 1898 1895
f 5797 5798 7344
f 7344 5749 2290
f 2290 2289 5797
f 7344 2290 5797
f 1899 1900 5528
f 1899 5528 5527
f 1900 5514 7312
f 1900 7312 5528
f 6304 6285 3049
f 3049 3052 3064
f 3049 3064 6304
f 1003 4918 7218
f 1003 7218 4950
f 1192 1191 5058
f 5058 7237 5079
f 5058 5079 1192
f 6268 6327 3029
f 6268 3029 3069
f 1901 1902 5549
f 1901 5549 5548
f 3812 3752 3746
f 3746 3806 3807
f 3746 3807 3812
f 1902 5513 7311
f 1902 7311 5549
f 3233 6512 6511
f 6511 3228 3230
f 3233 6511 3230
f 1905 1906 1909
f 1905 1909 1907
f 2107 2106 2186
f 2107 2186 2118
f 1906 5564 5565
f 1906 5565 1909
f 1905 1907 1910
f 1905 1910 1908
f 1870 1908 1910
f 1870 1910 1872
f 1911 1914 1915
f 1911 1915 1912
f 6081 6080 2698
f 2694 2697 6081
f 2698 2694 6081
f 1876 1915 1914
f 1914 1877 1878
f 1876 1914 1878
f 2046 2014 2017
f 2046 2017 2049
f 1911 1912 1916
f 1911 1916 1913
f 1913 1916 5566
f 1913 5566 5567
f 4520 4535 436
f 4564 406 401
f 4520 436 4564
f 4548 475 4520
f 4564 401 4548
f 4564 4548 4520
f 1917 1918 1921
f 1917 1921 1919
f 1917 1919 1922
f 1917 1922 1920
f 1920 1922 5568
f 1920 5568 5569
f 1923 1926 1927
f 1923 1927 1924
f 1926 5562 5563
f 1926 5563 1927
f 4084 4087 4116
f 4116 7020 6972
f 6972 6973 4084
f 4116 6972 4084
f 1923 1925 1928
f 1923 1928 1926
f 2835 2837 6176
f 6176 7408 6169
f 6176 6169 2835
f 1925 5570 5571
f 1925 5571 1928
f 3446 3439 3377
f 3379 3383 3446
f 3377 3379 3446
f 6910 6911 7513
f 7513 6862 3965
f 3965 3964 6910
f 7513 3965 6910
f 1656 1648 5377
f 5371 5372 1669
f 1656 5377 5371
f 1669 5396 1656
f 5371 1669 1656
f 1929 1930 1932
f 1929 1932 1931
f 2713 2714 6079
f 6079 7393 6059
f 6059 6058 2713
f 6079 6059 2713
f 1930 5557 5558
f 1930 5558 1932
f 1862 1861 1929
f 1929 1931 1933
f 1933 1934 1862
f 1929 1933 1862
f 1933 5546 5547
f 1933 5547 1934
f 1934 5547 7309
f 1934 7309 5553
f 2838 2759 2761
f 2838 2761 2839
f 3283 6482 6491
f 3283 6491 3272
f 1935 1936 1939
f 1935 1939 1937
f 3922 3912 3911
f 3922 3911 3990
f 1936 5592 5593
f 1936 5593 1939
f 1939 5593 7321
f 1939 7321 5636
f 1945 5583 5588
f 5588 1941 1948
f 5588 1948 1945
f 1941 5588 5589
f 1941 5589 1942
f 1942 5589 7323
f 1942 7323 5637
f 3105 6428 6427
f 6427 3100 3102
f 3105 6427 3102
f 1943 1944 1947
f 1943 1947 1945
f 1945 1947 5584
f 1945 5584 5583
f 3111 3109 3209
f 3209 6422 6415
f 6415 6416 3111
f 3209 6415 3111
f 1947 5639 7322
f 1947 7322 5584
f 2019 5600 5642
f 2019 5642 1957
f 5833 2382 2375
f 2375 2372 5845
f 5845 5844 5833
f 2375 5845 5833
f 1949 1950 5582
f 1949 5582 5581
f 3211 3179 3182
f 3211 3182 3214
f 1950 5637 7323
f 1950 7323 5582
f 1949 5581 5592
f 5592 1936 1938
f 5592 1938 1949
f 2283 2276 2213
f 2215 2219 2283
f 2213 2215 2283
f 1951 1952 1954
f 1951 1954 1953
f 1953 1954 5617
f 1953 5617 5616
f 1952 5640 5641
f 1952 5641 1954
f 7147 4456 380
f 7147 380 4494
f 4235 4238 7112
f 7112 4140 4142
f 4142 4144 4205
f 4205 4202 4201
f 4201 4204 4236
f 4236 4235 7112
f 7112 4142 4205
f 4205 4201 4236
f 7112 4205 4236
f 1953 5616 5615
f 1953 5615 1955
f 2277 2214 2213
f 2277 2213 2276
f 1956 1957 5612
f 1956 5612 5611
f 6333 2994 3056
f 6333 3056 6291
f 1957 5642 7329
f 1957 7329 5612
f 6955 4049 4034
f 4034 4036 4035
f 4035 6954 6955
f 4034 4035 6955
f 1832 5571 5570
f 1832 5570 1830
f 7343 5743 2089
f 7343 2089 5729
f 3571 3575 3511
f 3511 3509 3508
f 3508 6687 3603
f 3602 3572 3570
f 3570 3571 3511
f 3511 3508 3603
f 3602 3570 3511
f 3511 3603 3602
f 1960 1962 5606
f 1960 5606 5607
f 1959 1960 1963
f 1959 1963 1961
f 1961 1963 5644
f 1961 5644 5643
f 1960 5607 5608
f 1960 5608 1963
f 1963 5608 7328
f 1963 7328 5644
f 2092 2093 2083
f 2083 5701 5690
f 2083 5690 2092
f 3513 3514 3504
f 3504 6646 6635
f 3504 6635 3513
f 2412 2343 2342
f 2412 2342 2410
f 5728 2085 2148
f 5728 2148 5686
f 1964 5604 5605
f 1964 5605 1966
f 1966 5605 7329
f 1966 7329 5642
f 3473 3476 3447
f 3473 3447 3443
f 1968 1969 5628
f 1968 5628 5627
f 1967 5616 5617
f 1967 5617 1969
f 1969 5617 7327
f 1969 7327 5628
f 3032 6285 6304
f 3032 6304 3020
f 3789 3788 6814
f 3789 6814 6815
f 4055 6991 7533
f 4055 7533 6968
f 5607 5606 5611
f 5611 1970 1974
f 5611 1974 5607
f 1970 5611 5612
f 1970 5612 1971
f 1971 5612 7329
f 1971 7329 5629
f 5786 7351 5792
f 5786 5792 2242
f 2337 5917 5916
f 2337 5916 2338
f 3152 3150 6386
f 6386 6387 3136
f 3136 3151 3152
f 6386 3136 3152
f 1961 5657 5656
f 1961 5656 1959
f 1974 1975 5608
f 1974 5608 5607
f 1973 5623 5624
f 1973 5624 1975
f 1975 5624 7328
f 1975 7328 5608
f 2968 2969 6249
f 6249 7419 6229
f 6229 6228 2968
f 6249 6229 2968
f 531 4600 7169
f 531 7169 4623
f 1976 1977 5605
f 1976 5605 5604
f 1977 5629 7329
f 1977 7329 5605
f 1976 5604 5615
f 5615 5616 1967
f 5615 1967 1976
f 3436 3376 3386
f 3386 3385 3448
f 3386 3448 3436
f 1978 1979 1981
f 1978 1981 1980
f 1980 1981 5603
f 1980 5603 5602
f 1979 5630 5631
f 1979 5631 1981
f 1981 5631 7326
f 1981 7326 5603
f 3068 3069 3029
f 3029 3028 6332
f 6332 6331 3067
f 3067 3066 3068
f 3068 3029 6332
f 6332 3067 3068
f 6202 6201 2902
f 6202 2902 2903
f 6391 3149 3148
f 6391 3148 6390
f 6391 7442 6397
f 6391 6397 3149
f 2255 2254 2239
f 2239 5767 5766
f 5766 2253 2255
f 2239 5766 2255
f 6116 2777 6146
f 6116 6146 6155
f 6156 7402 6116
f 6155 6156 6116
f 2593 6071 6012
f 6012 2654 2692
f 6012 2692 2689
f 2591 2593 6012
f 6086 2594 2591
f 6012 2689 2691
f 2691 6086 2591
f 6012 2691 2591
f 3006 3005 3019
f 3019 6284 6283
f 6283 3004 3006
f 3019 6283 3006
f 3188 3191 3220
f 3220 6426 6378
f 6378 6379 3188
f 3220 6378 3188
f 2768 2766 6130
f 6130 6131 2753
f 2753 2767 2768
f 6130 2753 2768
f 1983 1984 5591
f 1983 5591 5590
f 1984 5620 7319
f 1984 7319 5591
f 4738 4711 4710
f 4710 4724 749
f 749 742 737
f 737 4738 4710
f 4710 749 737
f 6640 6627 3568
f 3568 3575 3571
f 3568 3571 6640
f 5496 1848 1847
f 5496 1847 5495
f 3008 6320 7427
f 3008 7427 6280
f 6386 3150 3158
f 6386 3158 6373
f 1985 1987 5587
f 1985 5587 5586
f 1986 5621 5622
f 1986 5622 1987
f 1987 5622 7320
f 1987 7320 5587
f 5452 5425 5424
f 5424 5438 1794
f 1794 1787 1782
f 1782 5452 5424
f 5424 1794 1782
f 6906 3919 3905
f 6906 3905 6915
f 6186 2885 2876
f 6186 2876 6197
f 6663 3538 6615
f 6615 7478 6664
f 6615 6664 6663
f 3408 3406 6556
f 6556 6557 3393
f 3393 3407 3408
f 6556 3393 3408
f 3095 3017 6293
f 6293 6292 6340
f 6340 6339 7434
f 7434 6334 3095
f 3095 6293 6340
f 6340 7434 3095
f 6536 6535 3391
f 6536 3391 3392
f 5582 1977 1976
f 5582 1976 5581
f 1989 1990 5622
f 1989 5622 5621
f 5580 1990 2062
f 2062 5639 5638
f 5645 5646 5579
f 2062 5638 5645
f 5579 5580 2062
f 2062 5645 5579
f 1990 5580 7320
f 1990 7320 5622
f 1991 1992 5619
f 1991 5619 5618
f 1992 5636 7321
f 1992 7321 5619
f 7137 4391 285
f 7137 285 4430
f 1810 5550 5491
f 5491 1872 1910
f 5491 1910 1907
f 1808 1810 5491
f 5565 1811 1808
f 5491 1907 1909
f 1909 5565 1808
f 5491 1909 1808
f 6946 4054 4046
f 4046 6957 6956
f 4046 6956 6946
f 1993 5575 5576
f 1993 5576 1994
f 1994 5576 7319
f 1994 7319 5620
f 1996 1997 5626
f 1996 5626 5625
f 1995 5573 5574
f 1995 5574 1997
f 1997 5574 7318
f 1997 7318 5626
f 2064 2063 5736
f 5736 2163 2162
f 2165 2127 2128
f 5736 2162 2165
f 2066 2064 5736
f 2165 2128 2066
f 5736 2165 2066
f 1998 5573 5572
f 1998 5572 1999
f 5728 5686 2157
f 5728 2157 2094
f 1998 2000 5574
f 1998 5574 5573
f 819 818 4778
f 4778 4779 817
f 4778 817 819
f 2000 5577 7318
f 2000 7318 5574
f 3551 3552 3557
f 3557 3497 3490
f 3557 3490 3551
f 2316 2237 5774
f 5774 5773 5821
f 5821 5820 7356
f 7356 5815 2316
f 2316 5774 5821
f 5821 7356 2316
f 2009 1950 1949
f 2009 1949 2008
f 2001 2003 5576
f 2001 5576 5575
f 3350 6518 7460
f 7460 6509 3348
f 3350 7460 3348
f 2003 5578 7319
f 2003 7319 5576
f 2004 2006 5580
f 2004 5580 5579
f 2005 5586 5587
f 2005 5587 2006
f 2006 5587 7320
f 2006 7320 5580
f 3878 3881 3940
f 3940 3938 3975
f 3975 3972 3974
f 3974 6938 3876
f 3876 3878 3940
f 3940 3975 3974
f 3940 3974 3876
f 2005 2007 5585
f 2005 5585 5586
f 2401 2336 2335
f 2401 2335 2400
f 6158 2731 2790
f 6158 2790 6099
f 2008 5590 5591
f 2008 5591 2009
f 2009 5591 7319
f 2009 7319 5578
f 1938 1999 2010
f 2010 2008 1949
f 2010 1949 1938
f 5793 2244 2229
f 5793 2229 5802
f 2011 2012 2016
f 2011 2016 2013
f 2013 2016 5599
f 2013 5599 5598
f 2012 5594 5595
f 2012 5595 2016
f 2016 5595 7324
f 2016 7324 5599
f 2011 2013 2017
f 2011 2017 2014
f 1918 1886 1889
f 1918 1889 1921
f 6556 6543 3439
f 3439 3446 3442
f 3439 3442 6556
f 2018 5596 5597
f 2018 5597 2019
f 2019 5597 7325
f 2019 7325 5600
f 2020 2023 2024
f 2020 2024 2021
f 2021 2024 5610
f 2021 5610 5609
f 2023 5602 5603
f 2023 5603 2024
f 2024 5603 7326
f 2024 7326 5610
f 3532 6624 6623
f 6623 3516 3518
f 3518 3517 3532
f 3532 6623 3518
f 2020 2022 2026
f 2020 2026 2023
f 2706 2709 2680
f 2706 2680 2676
f 2027 2028 5614
f 2027 5614 5613
f 2028 5600 7325
f 2028 7325 5614
f 6858 3928 3916
f 3916 6875 6857
f 3916 6857 6858
f 997 4913 4914
f 997 4914 995
f 577 648 643
f 643 653 601
f 601 606 610
f 4700 578 573
f 601 610 4700
f 577 643 601
f 601 4700 573
f 577 601 573
f 3666 3656 3655
f 3666 3655 3734
f 2029 2030 5635
f 2029 5635 5634
f 4220 7097 7104
f 7104 7055 7056
f 7104 7056 4220
f 2030 5599 7324
f 2030 7324 5635
f 1815 1814 5567
f 5567 5566 1817
f 5567 1817 1815
f 148 4334 7128
f 148 7128 4366
f 5885 5894 2455
f 5885 2455 2453
f 6060 6061 7383
f 7383 6012 2686
f 2686 2685 6060
f 7383 2686 6060
f 884 937 4875
f 884 4875 4890
f 908 4853 7208
f 908 7208 4885
f 2033 2034 2037
f 2033 2037 2035
f 2034 5650 5651
f 2034 5651 2037
f 2033 2035 2038
f 2033 2038 2036
f 1998 2036 2038
f 1998 2038 2000
f 2039 2042 2043
f 2039 2043 2040
f 6847 6846 3849
f 3845 3848 6847
f 3849 3845 6847
f 2004 2043 2042
f 2042 2005 2006
f 2004 2042 2006
f 6270 6337 3080
f 6270 3080 3041
f 2039 2040 2044
f 2039 2044 2041
f 2041 2044 5652
f 2041 5652 5653
f 4560 7158 4542
f 443 444 4561
f 4560 4542 443
f 443 4561 4560
f 907 906 4863
f 4863 7207 4884
f 4863 4884 907
f 2045 2046 2049
f 2045 2049 2047
f 6799 6848 3855
f 3855 3852 3854
f 3854 3822 3818
f 3818 6799 3855
f 3855 3854 3818
f 2045 2047 2050
f 2045 2050 2048
f 2048 2050 5654
f 2048 5654 5655
f 1903 1901 5548
f 1903 5548 5539
f 2051 2054 2055
f 2051 2055 2052
f 2054 5648 5649
f 2054 5649 2055
f 5870 5856 2411
f 2411 2418 2414
f 2411 2414 5870
f 2051 2053 2056
f 2051 2056 2054
f 4117 7028 7538
f 7538 7019 4115
f 4117 7538 4115
f 2053 5656 5657
f 2053 5657 2056
f 3493 3492 6684
f 6684 6683 3495
f 6684 3495 3493
f 1172 5054 5053
f 1172 5053 1170
f 2057 2058 2060
f 2057 2060 2059
f 5700 7338 5706
f 5700 5706 2113
f 2058 5643 5644
f 2058 5644 2060
f 1990 1989 2057
f 2057 2059 2061
f 2061 2062 1990
f 2057 2061 1990
f 2061 5632 5633
f 2061 5633 2062
f 2062 5633 7322
f 2062 7322 5639
f 2063 2064 2067
f 2063 2067 2065
f 2064 5678 5679
f 2064 5679 2067
f 2067 5679 7334
f 2067 7334 5722
f 2073 5669 5674
f 5674 2069 2076
f 5674 2076 2073
f 2069 5674 5675
f 2069 5675 2070
f 2070 5675 7336
f 2070 7336 5723
f 2071 2072 2075
f 2071 2075 2073
f 2073 2075 5670
f 2073 5670 5669
f 3624 3622 3721
f 3721 6762 6755
f 6755 6756 3624
f 3721 6755 3624
f 2075 5725 7335
f 2075 7335 5670
f 2077 2078 5668
f 2077 5668 5667
f 2078 5723 7336
f 2078 7336 5668
f 2077 5667 5678
f 5678 2064 2066
f 5678 2066 2077
f 2079 2080 2082
f 2079 2082 2081
f 2081 2082 5703
f 2081 5703 5702
f 2080 5726 5727
f 2080 5727 2082
f 2303 2306 5827
f 5827 2208 2210
f 2210 2212 2273
f 2273 2270 2269
f 2269 2272 2304
f 2304 2303 5827
f 5827 2210 2273
f 2273 2269 2304
f 5827 2273 2304
f 2081 5702 5701
f 2081 5701 2083
f 2156 2092 2094
f 2156 2094 2157
f 2084 2085 5698
f 2084 5698 5697
f 2085 5728 7342
f 2085 7342 5698
f 6637 3511 3507
f 3507 3505 6642
f 3507 6642 6637
f 6127 2743 2739
f 2739 2737 6132
f 2739 6132 6127
f 4022 7028 7027
f 4022 7027 4020
f 2664 2653 6007
f 6007 6025 2662
f 2664 6007 2662
f 2088 2090 5692
f 2088 5692 5693
f 2087 2088 2091
f 2087 2091 2089
f 2089 2091 5730
f 2089 5730 5729
f 2088 5693 5694
f 2088 5694 2091
f 2091 5694 7341
f 2091 7341 5730
f 338 4464 7148
f 338 7148 4495
f 3768 3769 3759
f 3759 6816 6805
f 3759 6805 3768
f 3440 3378 3377
f 3440 3377 3439
f 2421 2352 5904
f 2421 5904 5861
f 2092 5690 5691
f 2092 5691 2094
f 2094 5691 7342
f 2094 7342 5728
f 3346 3349 3320
f 3346 3320 3316
f 2096 2097 5714
f 2096 5714 5713
f 2095 5702 5703
f 2095 5703 2097
f 2097 5703 7340
f 2097 7340 5714
f 2647 6031 6044
f 2647 6044 2639
f 5682 2122 2123
f 5682 2123 5683
f 5699 5700 2113
f 5699 2113 2112
f 151 4341 7129
f 151 7129 4364
f 5693 5692 5697
f 5697 2098 2102
f 5697 2102 5693
f 2098 5697 5698
f 2098 5698 2099
f 2099 5698 7342
f 2099 7342 5715
f 1193 5048 7238
f 1193 7238 5080
f 6577 3393 6557
f 6557 7469 6578
f 6557 6578 6577
f 5669 2102 2098
f 5669 2098 5674
f 2102 2103 5694
f 2102 5694 5693
f 2101 5709 5710
f 2101 5710 2103
f 2103 5710 7341
f 2103 7341 5694
f 2104 2105 5691
f 2104 5691 5690
f 2105 5715 7342
f 2105 7342 5691
f 2104 5690 5701
f 5701 5702 2095
f 5701 2095 2104
f 5723 2078 2138
f 5723 2138 5664
f 2106 2107 2109
f 2106 2109 2108
f 2108 2109 5689
f 2108 5689 5688
f 2107 5716 5717
f 2107 5717 2109
f 2109 5717 7339
f 2109 7339 5689
f 1040 1017 1020
f 1040 1020 1041
f 6860 3926 3918
f 3918 6871 6870
f 3918 6870 6860
f 6561 3405 3404
f 6561 3404 6560
f 3430 3371 3370
f 3430 3370 3429
f 2123 5706 7338
f 2123 7338 5683
f 6542 6541 3416
f 3416 3418 3417
f 3416 3417 6542
f 1256 1260 5152
f 5152 1252 1247
f 5152 1247 1251
f 5133 1256 5152
f 1328 1323 5133
f 5160 1328 5133
f 5133 5152 1251
f 1251 5160 5133
f 3652 3651 6700
f 6700 6701 3665
f 3665 3650 3652
f 6700 3665 3652
f 2112 2113 5677
f 2112 5677 5676
f 2113 5706 7332
f 2113 7332 5677
f 6520 3416 3404
f 3404 6537 6519
f 3404 6519 6520
f 432 431 4538
f 4538 7157 4559
f 4538 4559 432
f 56 4276 7119
f 56 7119 4299
f 3397 3388 6539
f 3397 6539 6528
f 2114 2116 5673
f 2114 5673 5672
f 2115 5707 5708
f 2115 5708 2116
f 2116 5708 7333
f 2116 7333 5673
f 5082 7235 5037
f 5037 1200 1201
f 1201 5083 5082
f 5037 1201 5082
f 6822 3791 3776
f 6822 3776 6831
f 3537 3535 6640
f 6640 6641 3521
f 3521 3536 3537
f 6640 3521 3537
f 3482 3480 6570
f 3482 6570 6579
f 6579 3409 6531
f 6531 7465 6580
f 6531 6580 6579
f 6530 3395 3391
f 6530 3391 6535
f 7479 6620 3520
f 7479 3520 6660
f 5667 5668 2105
f 5667 2105 2104
f 2118 2119 5708
f 2118 5708 5707
f 5666 2119 2191
f 2191 5725 5724
f 5731 5732 5665
f 2191 5724 5731
f 5665 5666 2191
f 2191 5731 5665
f 2119 5666 7333
f 2119 7333 5708
f 1190 5061 5060
f 1190 5060 1189
f 2120 2121 5705
f 2120 5705 5704
f 2121 5722 7334
f 2121 7334 5705
f 4092 4093 4053
f 4053 4052 7012
f 7012 7011 4091
f 4091 4090 4092
f 4092 4053 7012
f 7012 4091 4092
f 2122 5661 5662
f 2122 5662 2123
f 2123 5662 7332
f 2123 7332 5706
f 2125 2126 5712
f 2125 5712 5711
f 2124 5659 5660
f 2124 5660 2126
f 2126 5660 7331
f 2126 7331 5712
f 602 4664 4663
f 602 4663 600
f 3869 3868 6935
f 6935 3967 3966
f 3969 3931 3932
f 6935 3966 3969
f 3871 3869 6935
f 3969 3932 3871
f 6935 3969 3871
f 2127 5659 5658
f 2127 5658 2128
f 1928 5571 7317
f 7317 5562 1926
f 1928 7317 1926
f 2127 2129 5660
f 2127 5660 5659
f 3617 6753 6694
f 6694 3677 3715
f 6694 3715 3712
f 3615 3617 6694
f 6768 3618 3615
f 6694 3712 3714
f 3714 6768 3615
f 6694 3714 3615
f 2129 5663 7331
f 2129 7331 5660
f 3707 6757 6764
f 6764 6715 6716
f 6764 6716 3707
f 1930 1851 5516
f 5516 5515 5563
f 5563 5562 7317
f 7317 5557 1930
f 1930 5516 5563
f 5563 7317 1930
f 2130 2132 5662
f 2130 5662 5661
f 5899 5837 2394
f 5899 2394 2328
f 2132 5664 7332
f 2132 7332 5662
f 2133 2135 5666
f 2133 5666 5665
f 2134 5672 5673
f 2134 5673 2135
f 2135 5673 7333
f 2135 7333 5666
f 4006 4009 4068
f 4068 4066 4103
f 4103 4100 4102
f 4102 7024 4004
f 4004 4006 4068
f 4068 4103 4102
f 4068 4102 4004
f 2134 2136 5671
f 2134 5671 5672
f 6584 6525 3424
f 6584 3424 3364
f 2137 5676 5677
f 2137 5677 2138
f 2138 5677 7332
f 2138 7332 5664
f 3813 3753 3743
f 3743 3804 3815
f 3743 3815 3813
f 2268 2257 5744
f 5744 5762 2266
f 2268 5744 2266
f 2140 2141 2145
f 2140 2145 2142
f 2142 2145 5685
f 2142 5685 5684
f 2141 5680 5681
f 2141 5681 2145
f 2145 5681 7337
f 2145 7337 5685
f 2140 2142 2146
f 2140 2146 2143
f 4236 4204 4207
f 4236 4207 4239
f 6470 6457 3312
f 3312 3319 3315
f 3312 3315 6470
f 2147 5682 5683
f 2147 5683 2148
f 2148 5683 7338
f 2148 7338 5686
f 3692 3632 3642
f 3642 3641 3704
f 3642 3704 3692
f 2149 2152 2153
f 2149 2153 2150
f 2150 2153 5696
f 2150 5696 5695
f 2152 5688 5689
f 2152 5689 2153
f 2153 5689 7339
f 2153 7339 5696
f 7247 5105 1330
f 7247 1330 5144
f 2149 2151 2155
f 2149 2155 2152
f 2156 2157 5700
f 2156 5700 5699
f 2157 5686 7338
f 2157 7338 5700
f 2585 2586 5995
f 5995 7380 5975
f 5975 5974 2585
f 5995 5975 2585
f 5855 2385 5887
f 5855 5887 5896
f 5897 7363 5855
f 5896 5897 5855
f 1128 1076 1081
f 1081 1085 5025
f 5025 1053 1048
f 1052 1123 1118
f 5025 1048 1052
f 1128 1081 5025
f 1052 1118 1128
f 5025 1052 1128
f 1360 5183 5182
f 1360 5182 1363
f 2158 2159 5721
f 2158 5721 5720
f 4191 4192 4197
f 4197 4137 4130
f 4197 4130 4191
f 2159 5685 7337
f 2159 7337 5721
f 6141 7403 6118
f 6141 6118 2775
f 6316 6317 7422
f 7422 6268 3069
f 3069 3068 6316
f 7422 3069 6316
f 7167 4585 570
f 7167 570 4624
f 2162 2163 2166
f 2162 2166 2164
f 2163 5736 5737
f 2163 5737 2166
f 2162 2164 2167
f 2162 2167 2165
f 2127 2165 2167
f 2127 2167 2129
f 6608 6667 3542
f 6608 3542 3582
f 2168 2171 2172
f 2168 2172 2169
f 6763 6762 3721
f 3717 3720 6763
f 3721 3717 6763
f 2133 2172 2171
f 2171 2134 2135
f 2133 2171 2135
f 3275 3290 6486
f 3275 6486 6495
f 2168 2169 2173
f 2168 2173 2170
f 2170 2173 5738
f 2170 5738 5739
f 4431 7138 4413
f 253 254 4432
f 4431 4413 253
f 253 4432 4431
f 2174 2175 2178
f 2174 2178 2176
f 2174 2176 2179
f 2174 2179 2177
f 2177 2179 5740
f 2177 5740 5741
f 226 221 223
f 226 223 231
f 2180 2183 2184
f 2180 2184 2181
f 2183 5734 5735
f 2183 5735 2184
f 4344 146 147
f 147 4361 4360
f 4360 4343 4344
f 147 4360 4344
f 2180 2182 2185
f 2180 2185 2183
f 4246 7114 7551
f 7551 7105 4244
f 4246 7551 4244
f 2182 5742 5743
f 2182 5743 2185
f 2546 2550 2484
f 2484 2482 2481
f 2481 6005 2579
f 2579 2577 2578
f 2578 2547 2545
f 2545 2546 2484
f 2484 2481 2579
f 2578 2545 2484
f 2484 2579 2578
f 2186 2187 2189
f 2186 2189 2188
f 4249 4250 7101
f 7101 7549 7081
f 7081 7080 4249
f 7101 7081 4249
f 2187 5729 5730
f 2187 5730 2189
f 2119 2118 2186
f 2186 2188 2190
f 2190 2191 2119
f 2186 2190 2119
f 2190 5718 5719
f 2190 5719 2191
f 2191 5719 7335
f 2191 7335 5725
f 3417 6572 6581
f 6582 7467 6542
f 6542 3417 6581
f 6581 6582 6542
f 3738 3736 6740
f 3738 6740 6749
f 2192 2193 2196
f 2192 2196 2194
f 2193 5764 5765
f 2193 5765 2196
f 2196 5765 7347
f 2196 7347 5808
f 2202 5755 5760
f 5760 2198 2205
f 5760 2205 2202
f 3755 6854 6853
f 3755 6853 3756
f 2198 5760 5761
f 2198 5761 2199
f 2199 5761 7349
f 2199 7349 5809
f 2200 2201 2204
f 2200 2204 2202
f 2202 2204 5756
f 2202 5756 5755
f 3877 3879 6937
f 6937 3977 6930
f 6923 6924 3880
f 6937 6930 6923
f 3880 3877 6937
f 6937 6923 3880
f 2204 5811 7348
f 2204 7348 5756
f 1931 1932 5558
f 5558 7315 5538
f 5538 5537 1931
f 5558 5538 1931
f 2206 2207 5754
f 2206 5754 5753
f 2207 5809 7349
f 2207 7349 5754
f 2206 5753 5764
f 5764 2193 2195
f 5764 2195 2206
f 6010 2647 2639
f 2639 6021 6020
f 2639 6020 6010
f 2025 2018 1956
f 1958 1962 2025
f 1956 1958 2025
f 2208 2209 2211
f 2208 2211 2210
f 2210 2211 5789
f 2210 5789 5788
f 2209 5812 5813
f 2209 5813 2211
f 2045 2048 5655
f 5655 1951 1953
f 1953 1955 2015
f 2015 2012 2011
f 2011 2014 2046
f 2046 2045 5655
f 5655 1953 2015
f 2015 2011 2046
f 5655 2015 2046
f 2210 5788 5787
f 2210 5787 2212
f 3696 3634 3633
f 3696 3633 3695
f 2213 2214 5784
f 2213 5784 5783
f 2214 5814 7355
f 2214 7355 5784
f 4150 7114 7113
f 4150 7113 4148
f 7538 7028 4022
f 7538 4022 7014
f 3058 3062 2999
f 2999 2997 2996
f 2996 6347 3090
f 3090 3088 3089
f 3089 3059 3057
f 3057 3058 2999
f 2999 2996 3090
f 3089 3057 2999
f 2999 3090 3089
f 2217 2219 5778
f 2217 5778 5779
f 2216 2217 2220
f 2216 2220 2218
f 2218 2220 5816
f 2218 5816 5815
f 2217 5779 5780
f 2217 5780 2220
f 2220 5780 7354
f 2220 7354 5816
f 1290 1289 5112
f 5112 5113 1288
f 5112 1288 1290
f 3704 3641 3643
f 3704 3643 3705
f 2028 1966 5642
f 2028 5642 5600
f 2221 5776 5777
f 2221 5777 2223
f 2223 5777 7355
f 2223 7355 5814
f 1667 1666 5383
f 5383 7287 5403
f 5383 5403 1667
f 5539 5540 7305
f 7305 5491 1904
f 1904 1903 5539
f 7305 1904 5539
f 2225 2226 5800
f 2225 5800 5799
f 2224 5788 5789
f 2224 5789 2226
f 2226 5789 7353
f 2226 7353 5800
f 4379 169 173
f 173 102 97
f 173 97 4379
f 2241 5785 5786
f 2241 5786 2242
f 5792 7351 5769
f 5792 5769 2252
f 6713 6726 3662
f 6713 3662 3670
f 5779 5778 5783
f 5783 2227 2231
f 5783 2231 5779
f 2227 5783 5784
f 2227 5784 2228
f 2228 5784 7355
f 2228 7355 5801
f 3686 3627 3626
f 3686 3626 3685
f 5756 2246 2230
f 2230 2232 2231
f 2231 5755 5756
f 2230 2231 5756
f 2483 6006 6005
f 2483 6005 2481
f 2231 2232 5780
f 2231 5780 5779
f 2230 5795 5796
f 2230 5796 2232
f 2232 5796 7354
f 2232 7354 5780
f 3794 6822 6831
f 3794 6831 3783
f 3696 6717 6759
f 3696 6759 3634
f 2233 2234 5777
f 2233 5777 5776
f 2234 5801 7355
f 2234 7355 5777
f 2233 5776 5787
f 5787 5788 2224
f 5787 2224 2233
f 3733 6772 7499
f 7499 6765 3731
f 3733 7499 3731
f 2235 2236 2238
f 2235 2238 2237
f 2237 2238 5775
f 2237 5775 5774
f 2236 5802 5803
f 2236 5803 2238
f 2238 5803 7352
f 2238 7352 5775
f 3836 3837 3797
f 3797 3796 6842
f 6842 6841 3835
f 3835 3834 3836
f 3836 3797 6842
f 6842 3835 3836
f 3836 3834 6835
f 3836 6835 6826
f 6651 7481 6628
f 6651 6628 3544
f 2196 5808 5749
f 5749 2258 2296
f 5749 2296 2293
f 2194 2196 5749
f 5823 2197 2194
f 5749 2293 2295
f 2295 5823 2194
f 5749 2295 2194
f 5594 5613 1983
f 5594 1983 1995
f 2387 2385 5855
f 5855 5854 2384
f 5855 2384 2387
f 5978 5979 7379
f 7379 5969 2476
f 2476 5992 2513
f 2513 5970 5978
f 5978 7379 2476
f 2476 2513 5978
f 4481 4457 347
f 4481 347 343
f 3060 3063 3092
f 3092 6340 6292
f 6292 6293 3060
f 3092 6292 3060
f 3792 3790 6810
f 6810 6811 3776
f 3776 3791 3792
f 6810 3776 3792
f 2241 2242 5763
f 2241 5763 5762
f 2242 5792 7345
f 2242 7345 5763
f 6690 3672 3660
f 3660 6707 6689
f 3660 6689 6690
f 6992 7001 4040
f 6992 4040 4050
f 6700 3651 3647
f 6700 3647 6705
f 5754 2234 2233
f 5754 2233 5753
f 2243 2245 5759
f 2243 5759 5758
f 2244 5793 5794
f 2244 5794 2245
f 2245 5794 7346
f 2245 7346 5759
f 6568 3407 3393
f 6568 3393 6577
f 3649 3663 3664
f 3664 3662 6726
f 6726 6727 3649
f 3664 6726 3649
f 1933 1931 5537
f 1933 5537 5546
f 6917 3921 6869
f 6869 7517 6918
f 6869 6918 6917
f 1974 5583 5584
f 5584 1988 1973
f 1973 1975 1974
f 5584 1973 1974
f 3352 3273 6463
f 6463 6462 6510
f 6510 6509 7460
f 7460 6504 3352
f 3352 6463 6510
f 6510 7460 3352
f 3654 3653 6698
f 3654 6698 6699
f 3793 3777 3779
f 3779 3778 6784
f 6784 6785 3793
f 3779 6784 3793
f 2247 2248 5794
f 2247 5794 5793
f 5752 2248 2320
f 2320 5811 5810
f 5817 5818 5751
f 2320 5810 5817
f 5751 5752 2320
f 2320 5817 5751
f 2248 5752 7346
f 2248 7346 5794
f 2500 2502 2584
f 2500 2584 2583
f 2249 2250 5791
f 2249 5791 5790
f 2250 5808 7347
f 2250 7347 5791
f 7084 7085 7548
f 7548 7074 4143
f 4143 7098 4181
f 4181 7075 7084
f 7084 7548 4143
f 4143 4181 7084
f 6776 3798 3790
f 3790 6787 6786
f 3790 6786 6776
f 2251 5747 5748
f 2251 5748 2252
f 2252 5748 7345
f 2252 7345 5792
f 2254 2255 5798
f 2254 5798 5797
f 2253 5745 5746
f 2253 5746 2255
f 2255 5746 7344
f 2255 7344 5798
f 1291 5120 7249
f 1291 7249 5143
f 4125 4124 7107
f 7107 4224 4223
f 4226 4188 4189
f 7107 4223 4226
f 4127 4125 7107
f 4226 4189 4127
f 7107 4226 4127
f 2256 5745 5744
f 2256 5744 2257
f 2183 2185 5743
f 5743 7343 5734
f 5743 5734 2183
f 2256 2258 5746
f 2256 5746 5745
f 2258 5749 7344
f 2258 7344 5746
f 2916 2857 2850
f 2850 2910 2911
f 2850 2911 2916
f 3978 3981 6940
f 6940 3884 3886
f 3886 3888 3948
f 3948 3945 3944
f 3944 3947 3979
f 3979 3978 6940
f 6940 3886 3948
f 3948 3944 3979
f 6940 3948 3979
f 4185 7051 7070
f 4185 7070 4173
f 2259 2261 5748
f 2259 5748 5747
f 3620 6754 6695
f 3620 6695 3680
f 2261 5750 7345
f 2261 7345 5748
f 2262 2264 5752
f 2262 5752 5751
f 2263 5758 5759
f 2263 5759 2264
f 2264 5759 7346
f 2264 7346 5752
f 2439 2442 5917
f 5917 2337 2339
f 2339 2341 2407
f 2407 2404 2403
f 2403 2406 2440
f 2440 2439 5917
f 5917 2339 2407
f 2407 2403 2440
f 5917 2407 2440
f 2263 2265 5757
f 2263 5757 5758
f 2199 5809 5750
f 2199 5750 2261
f 2266 5762 5763
f 2266 5763 2267
f 2267 5763 7345
f 2267 7345 5750
f 2788 2729 2723
f 2723 2782 2783
f 2723 2783 2788
f 3304 3293 6433
f 6433 6451 3302
f 3304 6433 3302
f 2636 2622 6062
f 2636 6062 6053
f 7386 6028 2636
f 2636 6053 6054
f 2636 6054 7386
f 2269 2270 2274
f 2269 2274 2271
f 2271 2274 5771
f 2271 5771 5770
f 2270 5766 5767
f 2270 5767 2274
f 2274 5767 7350
f 2274 7350 5771
f 2269 2271 2275
f 2269 2275 2272
f 6214 6201 2927
f 2927 2934 2930
f 2927 2930 6214
f 2679 2672 2610
f 2612 2616 2679
f 2610 2612 2679
f 2276 5768 5769
f 2276 5769 2277
f 2277 5769 7351
f 2277 7351 5772
f 6862 6921 3925
f 6862 3925 3965
f 2278 2281 2282
f 2278 2282 2279
f 2279 2282 5782
f 2279 5782 5781
f 2281 5774 5775
f 2281 5775 2282
f 2282 5775 7352
f 2282 7352 5782
f 2278 2280 2284
f 2278 2284 2281
f 1924 1927 1898
f 1924 1898 1894
f 2285 2286 5786
f 2285 5786 5785
f 2286 5772 7351
f 2286 7351 5786
f 3744 6837 6778
f 6778 3805 3843
f 6778 3843 3840
f 3742 3744 6778
f 6852 3745 3742
f 6778 3840 3842
f 3842 6852 3742
f 6778 3842 3742
f 5983 2510 5933
f 5933 7374 5984
f 5933 5984 5983
f 2287 2288 5807
f 2287 5807 5806
f 2007 1948 1941
f 1941 2001 2002
f 1941 2002 2007
f 2288 5771 7350
f 2288 7350 5807
f 152 4325 7125
f 152 7125 4368
f 2291 2292 2295
f 2291 2295 2293
f 2292 5822 5823
f 2292 5823 2295
f 2291 2293 2296
f 2291 2296 2294
f 2256 2294 2296
f 2256 2296 2258
f 2297 2300 2301
f 2297 2301 2298
f 6931 6930 3977
f 3973 3976 6931
f 3977 3973 6931
f 2262 2301 2300
f 2300 2263 2264
f 2262 2300 2264
f 2578 2581 2551
f 2578 2551 2547
f 2297 2298 2302
f 2297 2302 2299
f 2299 2302 5824
f 2299 5824 5825
f 2303 2304 2307
f 2303 2307 2305
f 2303 2305 2308
f 2303 2308 2306
f 2306 2308 5826
f 2306 5826 5827
f 2309 2312 2313
f 2309 2313 2310
f 2312 5820 5821
f 2312 5821 2313
f 5058 1191 1192
f 1192 5075 5074
f 5074 5057 5058
f 1192 5074 5058
f 2309 2311 2314
f 2309 2314 2312
f 2056 5657 7330
f 7330 5648 2054
f 2056 7330 2054
f 2311 5828 5829
f 2311 5829 2314
f 715 4736 4735
f 715 4735 714
f 2425 2426 2380
f 2380 2379 5903
f 5903 5902 2424
f 2424 2423 2425
f 2425 2380 5903
f 5903 2424 2425
f 6300 6287 3055
f 3055 3062 3058
f 3055 3058 6300
f 2315 2316 2318
f 2315 2318 2317
f 3952 6885 6927
f 3952 6927 3890
f 2316 5815 5816
f 2316 5816 2318
f 2248 2247 2315
f 2315 2317 2319
f 2319 2320 2248
f 2315 2319 2248
f 2319 5804 5805
f 2319 5805 2320
f 2320 5805 7348
f 2320 7348 5811
f 5751 5818 2301
f 5751 2301 2262
f 4314 74 78
f 78 7 2
f 78 2 4314
f 2321 2322 2325
f 2321 2325 2323
f 2322 5852 5853
f 2322 5853 2325
f 2325 5853 7360
f 2325 7360 5898
f 2331 5842 5847
f 5847 2327 2334
f 5847 2334 2331
f 2327 5847 5848
f 2327 5848 2328
f 2328 5848 7362
f 2328 7362 5899
f 2329 2330 2333
f 2329 2333 2331
f 2331 2333 5843
f 2331 5843 5842
f 2467 2470 2531
f 2531 2529 2527
f 2568 2565 2567
f 2531 2527 2568
f 2465 2467 2531
f 2567 6002 2465
f 2531 2568 2567
f 2531 2567 2465
f 2333 5901 7361
f 2333 7361 5843
f 3067 6331 6338
f 6338 6289 6290
f 6338 6290 3067
f 5974 2495 2510
f 5974 2510 5983
f 2335 2336 5841
f 2335 5841 5840
f 2336 5899 7362
f 2336 7362 5841
f 2335 5840 5852
f 5852 2322 2324
f 5852 2324 2335
f 6491 3265 6471
f 6471 7456 6492
f 6471 6492 6491
f 2337 2338 2340
f 2337 2340 2339
f 2339 2340 5879
f 2339 5879 5878
f 2338 5902 5903
f 2338 5903 2340
f 2796 2736 2746
f 2746 2745 2808
f 2746 2808 2796
f 41 33 4273
f 4267 4268 54
f 41 4273 4267
f 54 4293 41
f 4267 54 41
f 2339 5878 5877
f 2339 5877 2341
f 6778 6837 3797
f 6778 3797 3837
f 2420 2350 2352
f 2420 2352 2421
f 2342 2343 5873
f 2342 5873 5872
f 2343 5904 7368
f 2343 7368 5873
f 2924 2864 2874
f 2874 2873 2936
f 2874 2936 2924
f 1751 1743 5441
f 5435 5436 1764
f 1751 5441 5435
f 1764 5461 1751
f 5435 1764 1751
f 6956 4068 4063
f 4063 4062 6946
f 4063 6946 6956
f 2346 2348 5867
f 2346 5867 5868
f 2345 2346 2349
f 2345 2349 2347
f 2347 2349 5906
f 2347 5906 5905
f 2346 5868 5869
f 2346 5869 2349
f 2349 5869 7367
f 2349 7367 5906
f 6237 2897 6189
f 6189 7413 6238
f 6189 6238 6237
f 2350 2351 2341
f 2341 5877 5865
f 2341 5865 2350
f 2544 5951 5993
f 2544 5993 2479
f 2350 5865 5866
f 2350 5866 2352
f 2352 5866 7368
f 2352 7368 5904
f 6402 3196 3194
f 6402 3194 6411
f 2446 2449 2419
f 2446 2419 2415
f 2354 2355 5890
f 2354 5890 5889
f 2353 5878 5879
f 2353 5879 2355
f 2355 5879 7366
f 2355 7366 5890
f 5882 2370 5876
f 5882 5876 7364
f 2383 5858 5857
f 2383 5857 2381
f 5882 7364 5858
f 5882 5858 2383
f 5868 5867 5872
f 5872 2356 2360
f 5872 2360 5868
f 2356 5872 5873
f 2356 5873 2357
f 2357 5873 7368
f 2357 7368 5891
f 7382 6006 2483
f 7382 2483 5994
f 4166 4165 7038
f 4166 7038 7039
f 6106 2788 2783
f 2783 2782 6096
f 2783 6096 6106
f 2360 2361 5869
f 2360 5869 5868
f 2359 5885 5886
f 2359 5886 2361
f 2361 5886 7367
f 2361 7367 5869
f 1897 1890 1827
f 1829 1833 1897
f 1827 1829 1897
f 6910 3964 3962
f 6910 3962 6919
f 2362 2363 5866
f 2362 5866 5865
f 2363 5891 7368
f 2363 7368 5866
f 2362 5865 5877
f 5877 5878 2353
f 5877 2353 2362
f 3877 3876 6938
f 6938 6937 3879
f 6938 3879 3877
f 2450 5919 7369
f 7369 5910 2448
f 2450 7369 2448
f 2364 2365 2367
f 2364 2367 2366
f 2366 2367 5864
f 2366 5864 5863
f 2365 5892 5893
f 2365 5893 2367
f 2367 5893 7365
f 2367 7365 5864
f 718 4723 7188
f 718 7188 4755
f 5508 5527 1855
f 5508 1855 1867
f 6905 3917 6899
f 6905 6899 7520
f 2776 6115 6134
f 2776 6134 2764
f 6906 6915 3912
f 6906 3912 3922
f 6067 2642 6019
f 6019 7387 6068
f 6019 6068 6067
f 3162 3161 3146
f 3146 6372 6371
f 6371 3160 3162
f 3146 6371 3162
f 6016 2630 2621
f 6016 2621 6027
f 3904 6874 6873
f 3904 6873 3903
f 5842 2360 2356
f 5842 2356 5847
f 5928 5997 2569
f 5928 2569 2528
f 2369 2370 5851
f 2369 5851 5850
f 2370 5882 7358
f 2370 7358 5851
f 3140 3131 6369
f 3140 6369 6358
f 2369 5850 5849
f 2369 5849 2371
f 5892 2358 5871
f 5871 7365 5893
f 5871 5893 5892
f 2362 2353 5852
f 2362 5852 5840
f 5847 2356 2357
f 5847 2357 5848
f 2188 2189 5730
f 5730 7341 5710
f 5710 5709 2188
f 5730 5710 2188
f 2372 2374 5846
f 2372 5846 5845
f 2373 5883 5884
f 2373 5884 2374
f 2374 5884 7359
f 2374 7359 5846
f 4772 4796 4797
f 4814 847 851
f 4772 4797 4814
f 851 830 4772
f 4814 851 4772
f 3062 3055 2993
f 2995 2999 3062
f 2993 2995 3062
f 5933 2510 2495
f 2495 2497 2496
f 2496 5932 5933
f 2495 2496 5933
f 5840 5841 2363
f 5840 2363 2362
f 7518 6914 3910
f 7518 3910 6867
f 3904 6914 7518
f 3904 7518 6874
f 7082 7083 7539
f 7539 7034 4222
f 4222 4221 7082
f 7539 4222 7082
f 2377 2378 5884
f 2377 5884 5883
f 5839 2378 2456
f 2456 5901 5900
f 5907 5908 5838
f 2456 5900 5907
f 5838 5839 2456
f 2456 5907 5838
f 2378 5839 7359
f 2378 7359 5884
f 2379 2380 5881
f 2379 5881 5880
f 2380 5898 7360
f 2380 7360 5881
f 53 4269 7118
f 53 7118 4301
f 4391 4406 246
f 4435 216 211
f 4391 246 4435
f 4419 285 4391
f 4435 211 4419
f 4435 4419 4391
f 2381 2382 5833
f 2381 5833 5834
f 2381 5834 5835
f 2381 5835 2383
f 2383 5835 7358
f 2383 7358 5882
f 1484 1483 5233
f 5233 5234 1482
f 5233 1482 1484
f 2385 2387 5888
f 2385 5888 5887
f 2384 5831 5832
f 2384 5832 2387
f 2387 5832 7357
f 2387 7357 5888
f 2052 2055 2026
f 2052 2026 2022
f 2461 5987 5926
f 5926 2523 2564
f 2564 2561 2563
f 6000 2462 2459
f 5926 2564 2563
f 2563 6000 2459
f 2459 2461 5926
f 5926 2563 2459
f 5889 5890 7366
f 7366 5879 2340
f 2340 5903 2379
f 2379 5880 5889
f 5889 7366 2340
f 2340 2379 5889
f 2389 5831 5830
f 2389 5830 2390
f 2711 2632 2634
f 2711 2634 2712
f 2015 1955 1965
f 1965 1964 2027
f 1965 2027 2015
f 2389 2391 5832
f 2389 5832 5831
f 6515 3344 6508
f 6508 6501 3245
f 6508 3245 6515
f 2391 5836 7357
f 2391 7357 5832
f 6286 6285 3032
f 3032 3034 3033
f 3032 3033 6286
f 5467 7299 5450
f 5467 5450 1760
f 2463 2464 2526
f 2463 2526 2524
f 2392 2394 5835
f 2392 5835 5834
f 2394 5837 7358
f 2394 7358 5835
f 2396 2398 5839
f 2396 5839 5838
f 2397 5845 5846
f 2397 5846 2398
f 2398 5846 7359
f 2398 7359 5839
f 1146 1145 1149
f 5092 1179 1178
f 1219 5094 1146
f 5041 5065 1219
f 5092 1178 5041
f 5041 1219 1146
f 5092 5041 1146
f 2397 2399 5844
f 2397 5844 5845
f 3942 3883 3882
f 3942 3882 3941
f 6398 6407 3143
f 6398 3143 3154
f 2400 5850 5851
f 2400 5851 2401
f 2401 5851 7358
f 2401 7358 5837
f 7017 7016 4105
f 4101 4104 7017
f 4105 4101 7017
f 2531 2470 2463
f 2463 2524 2525
f 2463 2525 2531
f 2403 2404 2408
f 2403 2408 2405
f 2405 2408 5860
f 2405 5860 5859
f 2404 5854 5855
f 2404 5855 2408
f 2408 5855 7363
f 2408 7363 5860
f 2403 2405 2409
f 2403 2409 2406
f 5819 5812 2209
f 2209 5826 2308
f 2308 2305 5819
f 2209 2308 5819
f 2410 2411 5856
f 2410 5856 5857
f 2410 5857 5858
f 2410 5858 2412
f 2412 5858 7364
f 2412 7364 5861
f 2413 2416 2417
f 2413 2417 2414
f 2414 2417 5871
f 2414 5871 5870
f 2416 5863 5864
f 2416 5864 2417
f 2417 5864 7365
f 2417 7365 5871
f 5960 5946 2543
f 2543 2550 2546
f 2543 2546 5960
f 6629 6678 3600
f 6629 3600 3597
f 3567 3563 6629
f 6629 3597 3599
f 3599 3567 6629
f 2413 2415 2419
f 2413 2419 2416
f 4585 4600 531
f 4629 501 496
f 4585 531 4629
f 4613 570 4585
f 4629 496 4613
f 4629 4613 4585
f 2420 2421 5876
f 2420 5876 5875
f 2421 5861 7364
f 2421 7364 5876
f 2420 5875 5874
f 2420 5874 2422
f 4287 4286 4262
f 4262 62 58
f 4262 58 4287
f 5804 2246 5756
f 5756 7348 5805
f 5756 5805 5804
f 2423 2424 5897
f 2423 5897 5896
f 2424 5860 7363
f 2424 7363 5897
f 1579 1578 5298
f 5298 5299 1577
f 5298 1577 1579
f 912 4844 7205
f 912 7205 4887
f 4546 4545 4521
f 4521 442 438
f 4521 438 4546
f 5342 7275 5297
f 5297 1580 1581
f 1581 5343 5342
f 5297 1581 5342
f 2427 2428 2431
f 2427 2431 2429
f 4247 4167 4169
f 4247 4169 4248
f 2428 5912 5913
f 2428 5913 2431
f 2427 2429 2432
f 2427 2432 2430
f 2389 2388 2430
f 2430 2432 2391
f 2430 2391 2389
f 2433 2436 2437
f 2433 2437 2434
f 5923 2515 2507
f 2507 5935 5934
f 2507 5934 5923
f 2396 2437 2436
f 2436 2395 2397
f 2397 2398 2396
f 2396 2436 2397
f 2433 2434 2438
f 2433 2438 2435
f 2435 2438 5914
f 2435 5914 5915
f 2439 2440 2443
f 2439 2443 2441
f 73 83 31
f 31 36 40
f 7 78 73
f 73 31 40
f 40 8 7
f 40 7 73
f 2439 2441 2444
f 2439 2444 2442
f 2442 2444 5916
f 2442 5916 5917
f 2445 2448 2449
f 2445 2449 2446
f 2448 5910 5911
f 2448 5911 2449
f 2473 6004 6003
f 2473 6003 2474
f 439 438 4518
f 4518 4519 437
f 4518 437 439
f 2445 2447 2450
f 2445 2450 2448
f 2447 5918 5919
f 2447 5919 2450
f 7018 7011 4013
f 4013 7025 4111
f 4111 4108 7018
f 4013 4111 7018
f 7092 7545 7052
f 7052 4171 7091
f 7092 7052 7091
f 2451 2452 2454
f 2451 2454 2453
f 2452 5905 5906
f 2452 5906 2454
f 2378 2377 2451
f 2451 2453 2455
f 2455 2456 2378
f 2451 2455 2378
f 2304 2272 2275
f 2304 2275 2307
f 2455 5894 5895
f 2455 5895 2456
f 2456 5895 7361
f 2456 7361 5901
f 4307 7120 4275
f 4307 4275 32
f 1318 1308 1312
f 1318 1312 1319
f 5665 5732 2172
f 5665 2172 2133
f 1858 1843 5544
f 1858 5544 5535
f 2457 2458 2461
f 2457 2461 2459
f 2458 5942 5943
f 2458 5943 2461
f 2461 5943 7373
f 2461 7373 5987
f 2467 5932 5937
f 5937 2463 2470
f 5937 2470 2467
f 2572 2538 2541
f 2572 2541 2575
f 2463 5937 5938
f 2463 5938 2464
f 2464 5938 7375
f 2464 7375 5988
f 2465 2466 2469
f 2465 2469 2467
f 2467 2469 5933
f 2467 5933 5932
f 1917 1920 5569
f 5569 1822 1824
f 1824 1826 1887
f 1887 1884 1883
f 1883 1886 1918
f 1918 1917 5569
f 5569 1824 1887
f 1887 1883 1918
f 5569 1887 1918
f 2469 5990 7374
f 2469 7374 5933
f 3009 6321 6312
f 3009 6312 3023
f 4205 4144 4154
f 4154 4153 4217
f 4154 4217 4205
f 2471 2472 5931
f 2471 5931 5930
f 2472 5988 7375
f 2472 7375 5931
f 5541 5542 7314
f 7314 5531 1825
f 1825 5555 1863
f 1863 5532 5541
f 5541 7314 1825
f 1825 1863 5541
f 2471 5930 5942
f 5942 2458 2460
f 5942 2460 2471
f 5970 7373 5943
f 5943 2490 5978
f 5970 5943 5978
f 2473 2474 2476
f 2473 2476 2475
f 2475 2476 5969
f 2475 5969 5968
f 2474 5991 5992
f 2474 5992 2476
f 4767 704 703
f 703 4716 4740
f 4740 744 4769
f 4769 671 670
f 670 4767 703
f 703 4740 4769
f 670 703 4769
f 2475 5968 5967
f 2475 5967 2477
f 4826 7200 4794
f 4826 4794 792
f 2478 2479 5963
f 2478 5963 5962
f 2479 5993 7381
f 2479 7381 5963
f 3687 3676 6689
f 6689 6707 3685
f 3687 6689 3685
f 6524 6583 3413
f 6524 3413 3453
f 2058 1980 5602
f 5602 5601 5649
f 5649 5648 7330
f 7330 5643 2058
f 2058 5602 5649
f 5649 7330 2058
f 2482 2484 5957
f 2482 5957 5958
f 2481 2482 2485
f 2481 2485 2483
f 2483 2485 5995
f 2483 5995 5994
f 2482 5958 5959
f 2482 5959 2485
f 2485 5959 7380
f 2485 7380 5995
f 2532 2471 2460
f 2460 2522 2534
f 2460 2534 2532
f 2517 5944 5964
f 2517 5964 2506
f 2486 5955 5956
f 2486 5956 2488
f 2488 5956 7381
f 2488 7381 5993
f 7434 6348 2998
f 7434 2998 6334
f 2490 2491 5979
f 2490 5979 5978
f 2489 5968 5969
f 2489 5969 2491
f 2491 5969 7379
f 2491 7379 5979
f 5971 7377 5948
f 5971 5948 2516
f 2979 3040 3038
f 2979 3038 2978
f 5960 2507 2515
f 5960 2515 5946
f 5958 5957 5962
f 5962 2492 2496
f 5962 2496 5958
f 2492 5962 5963
f 2492 5963 2493
f 2493 5963 7381
f 2493 7381 5980
f 2310 2313 2284
f 2310 2284 2280
f 3835 6841 6848
f 6848 6799 6800
f 6848 6800 3835
f 2496 2497 5959
f 2496 5959 5958
f 2495 5974 5975
f 2495 5975 2497
f 2497 5975 7380
f 2497 7380 5959
f 6020 2661 2656
f 2656 2655 6010
f 2656 6010 6020
f 2498 2499 5956
f 2498 5956 5955
f 2499 5980 7381
f 2499 7381 5956
f 2498 5955 5967
f 5967 5968 2489
f 5967 2489 2498
f 2500 2501 2503
f 2500 2503 2502
f 2502 2503 5954
f 2502 5954 5953
f 2501 5981 5982
f 2501 5982 2503
f 2503 5982 7378
f 2503 7378 5954
f 6828 6829 7509
f 7509 6818 3758
f 3758 6842 3796
f 3796 6819 6828
f 6828 7509 3758
f 3758 3796 6828
f 5338 7279 5321
f 5338 5321 1570
f 2511 2501 2500
f 2511 2500 2583
f 2775 6118 6117
f 2775 6117 2774
f 4044 4056 6965
f 4044 6965 6984
f 3494 3497 3557
f 3557 3555 3592
f 3592 3589 3591
f 3591 6684 3492
f 3492 3494 3557
f 3557 3592 3591
f 3557 3591 3492
f 5507 5506 1838
f 1838 1840 1839
f 1854 5507 1838
f 1838 1839 1854
f 5921 2517 2506
f 2506 5939 5920
f 2506 5920 5921
f 3015 3017 3095
f 3015 3095 3094
f 5340 7278 5322
f 1583 1584 5341
f 5340 5322 1583
f 1583 5341 5340
f 2504 2505 5941
f 2504 5941 5940
f 2505 5971 7371
f 2505 7371 5941
f 2504 5940 5939
f 2504 5939 2506
f 4160 7086 7544
f 4160 7544 7046
f 2496 2492 5937
f 2496 5937 5932
f 2507 2509 5936
f 2507 5936 5935
f 2508 5972 5973
f 2508 5973 2509
f 2509 5973 7372
f 2509 7372 5936
f 1575 1574 5307
f 5307 5308 1573
f 5307 1573 1575
f 2266 2206 2195
f 2195 2257 2268
f 2195 2268 2266
f 4160 7046 7045
f 4160 7045 4159
f 306 310 4502
f 302 297 301
f 306 4502 302
f 373 4483 306
f 4510 378 373
f 306 302 301
f 301 4510 373
f 301 373 306
f 3935 3940 3881
f 3881 3874 3934
f 3881 3934 3935
f 5499 1879 1874
f 1874 1873 5489
f 1874 5489 5499
f 3013 6272 6273
f 3013 6273 3014
f 6449 3263 3264
f 6449 3264 6450
f 6366 3135 6406
f 6366 6406 7440
f 2511 2512 5973
f 2511 5973 5972
f 5929 2512 2588
f 2588 5990 5989
f 5996 5997 5928
f 2588 5989 5996
f 5928 5929 2588
f 2588 5996 5928
f 2512 5929 7372
f 2512 7372 5973
f 6030 2650 6060
f 6030 6060 6069
f 6070 7389 6030
f 6069 6070 6030
f 2513 5987 7373
f 2513 7373 5970
f 1610 1587 1590
f 1610 1590 1611
f 2514 2515 5923
f 2514 5923 5924
f 2514 5924 5925
f 2514 5925 2516
f 2516 5925 7371
f 2516 7371 5971
f 1997 1996 5595
f 5595 5594 1995
f 5595 1995 1997
f 2518 2519 5977
f 2518 5977 5976
f 2517 5921 5922
f 2517 5922 2519
f 2519 5922 7370
f 2519 7370 5977
f 2521 5921 5920
f 2521 5920 2522
f 337 336 4474
f 4474 7147 4494
f 4474 4494 337
f 1986 1972 5630
f 1986 5630 5621
f 2521 2523 5922
f 2521 5922 5921
f 5976 5977 7370
f 7370 5922 2523
f 2523 5926 2558
f 2557 2555 5985
f 2523 2558 2557
f 5976 7370 2523
f 2557 5985 5976
f 2523 2557 5976
f 2330 2332 5914
f 5914 2438 5907
f 5900 5901 2333
f 5914 5907 5900
f 2333 2330 5914
f 5914 5900 2333
f 3279 3287 6457
f 3279 6457 6470
f 2533 2472 2471
f 2533 2471 2532
f 2524 2526 5925
f 2524 5925 5924
f 4131 7094 7035
f 4131 7035 4193
f 2526 5927 7371
f 2526 7371 5925
f 1881 1821 1820
f 1881 1820 1880
f 2528 2530 5929
f 2528 5929 5928
f 2529 5935 5936
f 2529 5936 2530
f 2530 5936 7372
f 2530 7372 5929
f 2458 2457 5999
f 5999 2560 2559
f 2562 2520 2521
f 5999 2559 2562
f 2460 2458 5999
f 2521 2522 2460
f 5999 2562 2521
f 5999 2521 2460
f 2529 2531 5934
f 2529 5934 5935
f 5520 1833 1829
f 1829 1827 5525
f 1829 5525 5520
f 2532 5940 5941
f 2532 5941 2533
f 2533 5941 7371
f 2533 7371 5927
f 6167 6166 2825
f 2821 2824 6167
f 2825 2821 6167
f 3751 3749 3849
f 3849 6846 6839
f 6839 6840 3751
f 3849 6839 3751
f 2535 2536 2540
f 2535 2540 2537
f 2537 2540 5950
f 2537 5950 5949
f 2536 5944 5945
f 2536 5945 2540
f 2540 5945 7376
f 2540 7376 5950
f 2535 2537 2541
f 2535 2541 2538
f 1822 5569 5568
f 1822 5568 1823
f 3244 6516 6515
f 3244 6515 3245
f 2542 2543 5946
f 2542 5946 5947
f 2542 5947 5948
f 2542 5948 2544
f 2544 5948 7377
f 2544 7377 5951
f 1288 5113 7248
f 1288 7248 5145
f 2545 2548 2549
f 2545 2549 2546
f 2546 2549 5961
f 2546 5961 5960
f 2548 5953 5954
f 2548 5954 2549
f 2549 5954 7378
f 2549 7378 5961
f 2545 2547 2551
f 2545 2551 2548
f 3108 3206 3209
f 3108 3209 3109
f 2552 2553 5966
f 2552 5966 5965
f 2553 5951 7377
f 2553 7377 5966
f 2988 6346 6345
f 2988 6345 2989
f 2552 5965 5964
f 2552 5964 2554
f 816 4795 7199
f 816 7199 4818
f 4301 7118 4283
f 63 64 4302
f 4301 4283 63
f 63 4302 4301
f 6318 6319 7431
f 7431 6308 2991
f 2991 6332 3028
f 3028 6309 6318
f 6318 7431 2991
f 2991 3028 6318
f 3190 3183 3120
f 3122 3126 3190
f 3120 3122 3190
f 2555 2556 5986
f 2555 5986 5985
f 2556 5950 7376
f 2556 7376 5986
f 3873 6936 6935
f 6935 3868 3870
f 3873 6935 3870
f 2594 6086 6085
f 6085 2589 2591
f 2594 6085 2591
f 44 23 27
f 44 27 47
f 6878 6877 3900
f 3900 3902 3901
f 3915 6878 3900
f 3900 3901 3915
f 2559 2560 2563
f 2559 2563 2561
f 4936 4935 4911
f 4911 1012 1008
f 4911 1008 4936
f 2560 5999 6000
f 2560 6000 2563
f 2559 2561 2564
f 2559 2564 2562
f 2521 2520 2562
f 2562 2564 2523
f 2562 2523 2521
f 2565 2568 2569
f 2565 2569 2566
f 2453 2454 5906
f 5906 7367 5886
f 5886 5885 2453
f 5906 5886 2453
f 2528 2569 2568
f 2568 2527 2529
f 2529 2530 2528
f 2528 2568 2529
f 6826 6827 7500
f 7500 6778 3837
f 3837 3836 6826
f 7500 3837 6826
f 2565 2566 2570
f 2565 2570 2567
f 2567 2570 6001
f 2567 6001 6002
f 6404 6405 7444
f 7444 6394 3118
f 3118 6418 3156
f 3156 6395 6404
f 6404 7444 3118
f 3118 3156 6404
f 2571 2572 2575
f 2571 2575 2573
f 3608 3529 6633
f 6633 6632 6680
f 6680 6679 7486
f 7486 6674 3608
f 3608 6633 6680
f 6680 7486 3608
f 2571 2573 2576
f 2571 2576 2574
f 2574 2576 6003
f 2574 6003 6004
f 5421 5445 5446
f 5463 1797 1801
f 5421 5446 5463
f 1801 1780 5421
f 5463 1801 5421
f 2577 2580 2581
f 2577 2581 2578
f 2725 2822 2825
f 2725 2825 2726
f 3266 3282 6493
f 3266 6493 6484
f 2577 2579 2582
f 2577 2582 2580
f 2579 6005 6006
f 2579 6006 2582
f 424 403 407
f 424 407 427
f 2138 2078 2077
f 2138 2077 2137
f 83 73 77
f 83 77 84
f 2583 2584 2586
f 2583 2586 2585
f 2584 5994 5995
f 2584 5995 2586
f 2512 2511 2583
f 2583 2585 2587
f 2587 2588 2512
f 2583 2587 2512
f 2587 5983 5984
f 2587 5984 2588
f 2588 5984 7374
f 2588 7374 5990
f 939 4854 4855
f 939 4855 936
f 1325 1329 1250
f 1250 1249 1253
f 5154 1259 1258
f 1250 1253 5154
f 1302 1325 1250
f 1258 1279 1302
f 1250 5154 1258
f 1250 1258 1302
f 2589 2590 2593
f 2589 2593 2591
f 1979 1978 2057
f 1979 2057 1989
f 2590 6027 6028
f 2590 6028 2593
f 2593 6028 7386
f 2593 7386 6071
f 843 833 837
f 843 837 844
f 2599 6018 6023
f 6023 2595 2602
f 6023 2602 2599
f 2636 6028 6027
f 6027 2621 2623
f 2623 2622 2636
f 2636 6027 2623
f 3115 6430 6429
f 3115 6429 3116
f 2595 6023 6024
f 2595 6024 2596
f 2596 6024 7388
f 2596 7388 6072
f 430 4541 4540
f 430 4540 429
f 2597 2598 2601
f 2597 2601 2599
f 2599 2601 6019
f 2599 6019 6018
f 4133 4135 7109
f 7109 4234 7102
f 7095 7096 4136
f 7109 7102 7095
f 4136 4133 7109
f 7109 7095 4136
f 2601 6074 7387
f 2601 7387 6019
f 2860 6260 6259
f 2860 6259 2861
f 2603 2604 6017
f 2603 6017 6016
f 2955 2923 2926
f 2955 2926 2958
f 2604 6072 7388
f 2604 7388 6017
f 2603 6016 6027
f 6027 2590 2592
f 6027 2592 2603
f 2934 2927 2865
f 2867 2871 2934
f 2865 2867 2934
f 5740 2179 5733
f 5733 5726 2080
f 5733 2080 5740
f 2605 2606 2608
f 2605 2608 2607
f 2607 2608 6052
f 2607 6052 6051
f 2606 6075 6076
f 2606 6076 2608
f 2826 2829 6174
f 6174 2732 2734
f 2734 2736 2796
f 2796 2793 2792
f 2792 2795 2827
f 2827 2826 6174
f 6174 2734 2796
f 2796 2792 2827
f 6174 2796 2827
f 2607 6051 6050
f 2607 6050 2609
f 3960 3897 3899
f 3960 3899 3961
f 2610 2611 6047
f 2610 6047 6046
f 4089 4027 7013
f 4089 7013 6971
f 2611 6077 7394
f 2611 7394 6047
f 4799 4783 807
f 807 787 4816
f 4816 809 4800
f 4800 4799 807
f 807 4816 4800
f 2802 2806 2743
f 2743 2741 2740
f 2740 6175 2834
f 2834 2832 2833
f 2833 2803 2801
f 2801 2802 2743
f 2743 2740 2834
f 2833 2801 2743
f 2743 2834 2833
f 2614 2616 6041
f 2614 6041 6042
f 2613 2614 2617
f 2613 2617 2615
f 2615 2617 6079
f 2615 6079 6078
f 2614 6042 6043
f 2614 6043 2617
f 2617 6043 7393
f 2617 7393 6079
f 2800 2738 2737
f 2800 2737 2799
f 2618 6039 6040
f 2618 6040 2620
f 2620 6040 7394
f 2620 7394 6077
f 5867 2348 2344
f 2344 2342 5872
f 2344 5872 5867
f 3729 3732 3703
f 3729 3703 3699
f 2622 2623 6063
f 2622 6063 6062
f 2621 6051 6052
f 2621 6052 2623
f 2623 6052 7392
f 2623 7392 6063
f 2638 6049 7390
f 2638 7390 6055
f 2648 6032 6031
f 2648 6031 2647
f 3031 6288 6287
f 3031 6287 3030
f 6042 6041 6046
f 6046 2624 2628
f 6046 2628 6042
f 2624 6046 6047
f 2624 6047 2625
f 2625 6047 7394
f 2625 7394 6064
f 5802 2229 5782
f 5782 7352 5803
f 5782 5803 5802
f 2755 6104 6105
f 6105 2769 2754
f 2754 2756 2755
f 6105 2754 2755
f 2218 5829 5828
f 2218 5828 2216
f 2628 2629 6043
f 2628 6043 6042
f 2627 6058 6059
f 2627 6059 2629
f 2629 6059 7393
f 2629 7393 6043
f 2765 2764 6134
f 2765 6134 6135
f 2630 2631 6040
f 2630 6040 6039
f 2631 6064 7394
f 2631 7394 6040
f 2630 6039 6050
f 6050 6051 2621
f 6050 2621 2630
f 6142 6151 2760
f 6142 2760 2770
f 2632 2633 2635
f 2632 2635 2634
f 2634 2635 6038
f 2634 6038 6037
f 2633 6065 6066
f 2633 6066 2635
f 2635 6066 7391
f 2635 7391 6038
f 6266 3030 3022
f 3022 6277 6276
f 3022 6276 6266
f 1783 1793 1741
f 1741 1746 1750
f 1718 1713 1717
f 1717 1788 1783
f 1783 1741 1750
f 1718 1717 1783
f 1750 1718 1783
f 2648 6055 7390
f 2648 7390 6032
f 6141 2765 6135
f 6141 6135 7403
f 2663 2604 2603
f 2663 2603 2662
f 6984 6965 4073
f 4073 4076 4088
f 4073 4088 6984
f 3547 3546 3531
f 3531 6626 6625
f 6625 3545 3547
f 3531 6625 3547
f 6496 7454 6456
f 6456 3275 6495
f 6496 6456 6495
f 7401 6150 2758
f 7401 2758 6103
f 2111 5679 5678
f 5678 2095 2097
f 2097 2096 2111
f 2111 5678 2097
f 3317 3320 3349
f 3349 6510 6462
f 6462 6463 3317
f 3349 6462 3317
f 6018 2628 2624
f 6018 2624 6023
f 1767 5428 7295
f 1767 7295 5471
f 7395 6092 2615
f 7395 2615 6078
f 2637 2638 6026
f 2637 6026 6025
f 2638 6055 7384
f 2638 7384 6026
f 7030 4185 4173
f 4173 7047 7029
f 4173 7029 7030
f 7323 5589 1971
f 7323 1971 5629
f 7427 6320 3014
f 7427 3014 6273
f 2639 2641 6022
f 2639 6022 6021
f 2640 6056 6057
f 2640 6057 2641
f 2641 6057 7385
f 2641 7385 6022
f 6738 3663 3649
f 6738 3649 6747
f 796 791 793
f 796 793 801
f 804 783 787
f 804 787 807
f 5583 1974 1970
f 5583 1970 5588
f 6484 6493 3355
f 6484 3355 3353
f 1244 5157 1274
f 1274 1273 5106
f 5106 5130 1314
f 5106 1314 5159
f 1244 1274 5106
f 5106 5159 1241
f 1244 5106 1241
f 2757 2748 6113
f 2757 6113 6102
f 2557 2558 2513
f 2513 5992 5991
f 5991 2556 2555
f 2555 2557 2513
f 2513 5991 2555
f 850 827 830
f 850 830 851
f 3007 3008 6280
f 3007 6280 6279
f 6103 2758 2757
f 6103 2757 6102
f 2643 2644 6057
f 2643 6057 6056
f 6015 2644 2716
f 2716 6074 6073
f 6080 6081 6014
f 2716 6073 6080
f 6014 6015 2716
f 2716 6080 6014
f 2644 6015 7385
f 2644 7385 6057
f 5193 5166 5165
f 5165 5179 1414
f 1414 1407 1402
f 1402 5193 5165
f 5165 1414 1402
f 938 928 932
f 938 932 939
f 2645 2646 6054
f 2645 6054 6053
f 2646 6071 7386
f 2646 7386 6054
f 994 973 977
f 994 977 997
f 6096 2774 2766
f 2766 6107 6106
f 2766 6106 6096
f 2647 6010 6011
f 2647 6011 2648
f 2648 6011 7384
f 2648 7384 6055
f 2650 2651 6061
f 2650 6061 6060
f 2649 6008 6009
f 2649 6009 2651
f 2651 6009 7383
f 2651 7383 6061
f 5539 5548 1853
f 5539 1853 1868
f 2845 2844 6255
f 6255 2943 2942
f 2945 2907 2908
f 6255 2942 2945
f 2847 2845 6255
f 2945 2908 2847
f 6255 2945 2847
f 2652 6008 6007
f 2652 6007 2653
f 4070 6949 7008
f 4070 7008 4011
f 2652 2654 6009
f 2652 6009 6008
f 4128 7093 7034
f 7034 4190 4228
f 7034 4228 4225
f 4126 4128 7034
f 7108 4129 4126
f 7034 4225 4227
f 4227 7108 4126
f 7034 4227 4126
f 2654 6012 7383
f 2654 7383 6009
f 3616 3676 3687
f 3687 3685 3626
f 3687 3626 3616
f 6224 7412 6198
f 2891 2877 6232
f 6223 6224 6198
f 2891 6232 6223
f 6223 6198 2891
f 2655 2657 6011
f 2655 6011 6010
f 2918 6183 6242
f 2918 6242 2859
f 2657 6013 7384
f 2657 7384 6011
f 2658 2660 6015
f 2658 6015 6014
f 2659 6021 6022
f 2659 6022 2660
f 2660 6022 7385
f 2660 7385 6015
f 2727 2729 2788
f 2788 2786 2823
f 2823 2820 2822
f 2822 2725 2727
f 2727 2788 2823
f 2823 2822 2727
f 2659 2661 6020
f 2659 6020 6021
f 5723 5664 2132
f 5723 2132 2070
f 2662 6025 6026
f 2662 6026 2663
f 2663 6026 7384
f 2663 7384 6013
f 3442 3446 3383
f 3383 3381 3380
f 3380 6601 3474
f 3474 3472 3473
f 3473 3443 3441
f 3441 3442 3383
f 3383 3380 3474
f 3473 3441 3383
f 3383 3474 3473
f 2665 2666 2670
f 2665 2670 2667
f 2667 2670 6034
f 2667 6034 6033
f 2666 6029 6030
f 2666 6030 2670
f 2670 6030 7389
f 2670 7389 6034
f 2665 2667 2671
f 2665 2671 2668
f 6289 6338 3087
f 6289 3087 3084
f 3054 3050 6289
f 6289 3084 3086
f 3086 3054 6289
f 2154 2147 2084
f 2086 2090 2154
f 2084 2086 2154
f 6810 6797 3823
f 3823 3830 3826
f 3823 3826 6810
f 2672 6031 6032
f 2672 6032 2673
f 2673 6032 7390
f 2673 7390 6035
f 2674 2677 2678
f 2674 2678 2675
f 2675 2678 6045
f 2675 6045 6044
f 2677 6037 6038
f 2677 6038 2678
f 2678 6038 7391
f 2678 7391 6045
f 7217 4910 1045
f 7217 1045 4949
f 2674 2676 2680
f 2674 2680 2677
f 7369 5919 2347
f 7369 2347 5905
f 2681 2682 6049
f 2681 6049 6048
f 2682 6035 7390
f 2682 7390 6049
f 6134 6115 2793
f 2793 2796 2808
f 2793 2808 6134
f 6146 2812 2810
f 6146 2810 6155
f 3154 3143 3142
f 3154 3142 3222
f 2683 2684 6070
f 2683 6070 6069
f 2452 2366 5863
f 5863 5862 5911
f 5911 5910 7369
f 7369 5905 2452
f 2452 5863 5911
f 5911 7369 2452
f 2684 6034 7389
f 2684 7389 6070
f 1515 1492 1495
f 1515 1495 1516
f 352 375 379
f 300 299 303
f 352 379 300
f 308 329 352
f 4504 309 308
f 352 300 303
f 303 4504 308
f 303 308 352
f 6572 6573 7461
f 7461 6524 3453
f 3453 3452 6572
f 7461 3453 6572
f 2687 2688 2691
f 2687 2691 2689
f 2688 6085 6086
f 2688 6086 2691
f 2687 2689 2692
f 2687 2692 2690
f 2652 2690 2692
f 2652 2692 2654
f 436 4535 7159
f 436 7159 4558
f 2693 2696 2697
f 2693 2697 2694
f 6593 6592 3465
f 3465 3461 3464
f 3465 3464 6593
f 2658 2697 2696
f 2696 2659 2660
f 2658 2696 2660
f 5579 5646 2043
f 5579 2043 2004
f 2693 2694 2698
f 2693 2698 2695
f 2695 2698 6087
f 2695 6087 6088
f 2763 6114 6113
f 6113 2748 2750
f 2750 2749 2763
f 2763 6113 2750
f 2699 2700 2703
f 2699 2703 2701
f 7266 5229 1494
f 7266 1494 5266
f 2699 2701 2704
f 2699 2704 2702
f 2702 2704 6089
f 2702 6089 6090
f 3777 3793 6833
f 3777 6833 6824
f 2705 2708 2709
f 2705 2709 2706
f 2708 6083 6084
f 2708 6084 2709
f 4603 526 527
f 527 4620 4619
f 4619 4602 4603
f 527 4619 4603
f 2705 2707 2710
f 2705 2710 2708
f 6553 3383 3379
f 3379 3377 6558
f 3379 6558 6553
f 2707 6091 6092
f 2707 6092 2710
f 1469 1448 1452
f 1469 1452 1472
f 1509 5244 5245
f 1509 5245 1506
f 1996 5625 5634
f 5635 7324 5595
f 5595 1996 5634
f 5634 5635 5595
f 4887 7205 4842
f 4842 915 916
f 916 4888 4887
f 4842 916 4887
f 6182 6241 2901
f 6182 2901 2941
f 516 508 4597
f 4591 4592 529
f 516 4597 4591
f 529 4617 516
f 4591 529 516
f 2711 2712 2714
f 2711 2714 2713
f 2809 2747 6163
f 2809 6163 6121
f 2712 6078 6079
f 2712 6079 2714
f 2644 2643 2711
f 2711 2713 2715
f 2715 2716 2644
f 2711 2715 2644
f 2715 6067 6068
f 2715 6068 2716
f 2716 6068 7387
f 2716 7387 6074
f 240 4412 4411
f 240 4411 239
f 6144 6153 2842
f 6144 2842 2840
f 6526 6593 3464
f 6526 3464 3425
f 3257 3258 3248
f 3248 6476 6465
f 3248 6465 3257
f 2717 2718 2721
f 2717 2721 2719
f 2718 6113 6114
f 2718 6114 2721
f 2721 6114 7399
f 2721 7399 6157
f 2727 6104 6109
f 6109 2723 2729
f 6109 2729 2727
f 2723 6109 6110
f 2723 6110 2724
f 2724 6110 7401
f 2724 7401 6158
f 5544 1843 5524
f 5524 7313 5545
f 5524 5545 5544
f 2981 2980 6344
f 6344 6343 2983
f 6344 2983 2981
f 2725 2726 2728
f 2725 2728 2727
f 2727 2728 6105
f 2727 6105 6104
f 2598 2600 6087
f 6087 2698 6080
f 6073 6074 2601
f 6087 6080 6073
f 2601 2598 6087
f 6087 6073 2601
f 2728 6160 7400
f 2728 7400 6105
f 3224 3225 6421
f 6421 7445 6401
f 6401 6400 3224
f 6421 6401 3224
f 5647 5640 1952
f 1952 5654 2050
f 2050 2047 5647
f 1952 2050 5647
f 2730 2731 6103
f 2730 6103 6102
f 3340 3308 3311
f 3340 3311 3343
f 2731 6158 7401
f 2731 7401 6103
f 2730 6102 6113
f 6113 2718 2720
f 6113 2720 2730
f 6089 2704 6082
f 6082 6075 2606
f 6082 2606 6089
f 6545 6594 3471
f 3471 3468 3470
f 3470 3438 3434
f 3434 6545 3471
f 3471 3470 3434
f 2732 2733 2735
f 2732 2735 2734
f 2734 2735 6138
f 2734 6138 6137
f 2733 6161 6162
f 2733 6162 2735
f 6407 3136 6387
f 6387 7443 6408
f 6387 6408 6407
f 3248 3309 3306
f 3306 3305 3308
f 3340 3339 3342
f 3306 3308 3340
f 3246 3248 3306
f 6516 3244 3246
f 3340 3342 6516
f 3246 3306 3340
f 3340 6516 3246
f 2734 6137 6136
f 2734 6136 2736
f 2928 2866 2865
f 2928 2865 2927
f 2737 2738 6133
f 2737 6133 6132
f 6419 3121 3184
f 6419 3184 6377
f 2738 6163 7407
f 2738 7407 6133
f 2710 6092 7395
f 7395 6083 2708
f 2710 7395 2708
f 3186 3190 3126
f 3126 3124 3123
f 3123 6431 3218
f 3218 3216 3217
f 3217 3187 3185
f 3185 3186 3126
f 3126 3123 3218
f 3217 3185 3126
f 3126 3218 3217
f 2741 2743 6127
f 2741 6127 6128
f 2740 2741 2744
f 2740 2744 2742
f 2742 2744 6165
f 2742 6165 6164
f 2741 6128 6129
f 2741 6129 2744
f 2744 6129 7406
f 2744 7406 6165
f 4217 4153 4155
f 4217 4155 4218
f 2800 6121 6163
f 2800 6163 2738
f 2745 6125 6126
f 2745 6126 2747
f 2747 6126 7407
f 2747 7407 6163
f 3217 3220 3191
f 3217 3191 3187
f 2749 2750 6149
f 2749 6149 6148
f 2748 6137 6138
f 2748 6138 2750
f 2750 6138 7405
f 2750 7405 6149
f 6640 3535 3543
f 6640 3543 6627
f 5682 5695 2114
f 5682 2114 2122
f 6128 6127 6132
f 6132 2751 2755
f 6132 2755 6128
f 2751 6132 6133
f 2751 6133 2752
f 2752 6133 7407
f 2752 7407 6150
f 3235 3297 3295
f 3235 3295 3234
f 6189 2897 2882
f 2882 2884 2883
f 2883 6188 6189
f 2882 2883 6189
f 5537 1844 1860
f 5537 1860 5546
f 2755 2756 6129
f 2755 6129 6128
f 2754 6144 6145
f 2754 6145 2756
f 2756 6145 7406
f 2756 7406 6129
f 2412 5861 5904
f 2412 5904 2343
f 2757 2758 6126
f 2757 6126 6125
f 2758 6150 7407
f 2758 7407 6126
f 2757 6125 6136
f 6136 6137 2748
f 6136 2748 2757
f 6072 6013 2657
f 6072 2657 2596
f 2759 2760 2762
f 2759 2762 2761
f 2761 2762 6124
f 2761 6124 6123
f 2760 6151 6152
f 2760 6152 2762
f 2762 6152 7404
f 2762 7404 6124
f 2940 2941 2901
f 2901 2900 6246
f 6246 6245 2939
f 2939 2938 2940
f 2940 2901 6246
f 6246 2939 2940
f 2252 5769 5768
f 2252 5768 2251
f 2723 2724 2784
f 2723 2784 2782
f 3545 6625 6644
f 3545 6644 3533
f 1869 1868 1853
f 1853 5509 5508
f 5508 1867 1869
f 1853 5508 1869
f 6104 2755 2751
f 6104 2751 6109
f 4806 4805 4781
f 4781 822 818
f 4781 818 4806
f 2764 2765 6112
f 2764 6112 6111
f 2765 6141 7397
f 2765 7397 6112
f 6178 2904 2892
f 2892 6195 6177
f 2892 6177 6178
f 4253 4277 4278
f 4295 87 91
f 4253 4278 4295
f 91 70 4253
f 4295 91 4253
f 6110 2752 6150
f 6110 6150 7401
f 7323 5629 1977
f 7323 1977 5582
f 2766 2768 6108
f 2766 6108 6107
f 2767 6142 6143
f 2767 6143 2768
f 2768 6143 7398
f 2768 7398 6108
f 3319 3312 3249
f 3251 3255 3319
f 3249 3251 3319
f 2010 1999 5572
f 5572 5590 2008
f 2010 5572 2008
f 1859 1857 5523
f 5523 5524 1843
f 1843 1858 1859
f 5523 1843 1859
f 6749 3665 6701
f 6701 7491 6750
f 6701 6750 6749
f 2896 2894 6214
f 6214 6215 2881
f 2881 2895 2896
f 6214 2881 2896
f 7310 5543 1848
f 7310 1848 5496
f 2770 2771 6143
f 2770 6143 6142
f 6101 2771 2843
f 2843 6160 6159
f 6166 6167 6100
f 2843 6159 6166
f 6100 6101 2843
f 2843 6166 6100
f 2771 6101 7398
f 2771 7398 6143
f 2772 2773 6140
f 2772 6140 6139
f 6438 6497 3286
f 6438 3286 3326
f 2773 6157 7399
f 2773 7399 6140
f 461 4530 4531
f 461 4531 465
f 6436 3287 3279
f 3279 6447 6446
f 3279 6446 6436
f 2774 6096 6097
f 2774 6097 2775
f 2775 6097 7397
f 2775 7397 6141
f 2777 2778 6147
f 2777 6147 6146
f 2776 6094 6095
f 2776 6095 2778
f 2778 6095 7396
f 2778 7396 6147
f 3229 3228 6511
f 6511 3328 3327
f 3330 3292 3293
f 6511 3327 3330
f 3231 3229 6511
f 3330 3293 3231
f 6511 3330 3231
f 2779 6094 6093
f 2779 6093 2780
f 2779 2781 6095
f 2779 6095 6094
f 2976 6327 6268
f 6268 3037 3075
f 6268 3075 3072
f 2974 2976 6268
f 6342 2977 2974
f 6268 3072 3074
f 3074 6342 2974
f 6268 3074 2974
f 2781 6098 7396
f 2781 7396 6095
f 2811 6161 6168
f 6168 6119 6120
f 6168 6120 2811
f 3826 3830 3766
f 3766 3764 3763
f 3763 6855 3858
f 3858 3856 3857
f 3857 3827 3825
f 3825 3826 3766
f 3766 3763 3858
f 3857 3825 3766
f 3766 3858 3857
f 5534 1856 5528
f 5534 5528 7312
f 2782 2784 6097
f 2782 6097 6096
f 2979 6328 6269
f 2979 6269 3040
f 2784 6099 7397
f 2784 7397 6097
f 2785 2787 6101
f 2785 6101 6100
f 2786 6107 6108
f 2786 6108 2787
f 2787 6108 7398
f 2787 7398 6101
f 2514 5947 5946
f 2514 5946 2515
f 1945 1948 2007
f 2007 2005 2042
f 2042 2039 2041
f 2041 5653 1943
f 1943 1945 2007
f 2007 2042 2041
f 2007 2041 1943
f 2786 2788 6106
f 2786 6106 6107
f 3160 6371 6390
f 3160 6390 3148
f 6498 3243 3303
f 6498 3303 6439
f 2789 6111 6112
f 2789 6112 2790
f 2790 6112 7397
f 2790 7397 6099
f 1873 1874 1879
f 1879 1819 1812
f 1879 1812 1873
f 2792 2793 2797
f 2792 2797 2794
f 2794 2797 6120
f 2794 6120 6119
f 2793 6115 6116
f 2793 6116 2797
f 2797 6116 7402
f 2797 7402 6120
f 2792 2794 2798
f 2792 2798 2795
f 3083 3051 3054
f 3083 3054 3086
f 3194 3196 3197
f 3197 3157 3156
f 3156 6418 6417
f 6417 3195 3194
f 3194 3197 3156
f 3156 6417 3194
f 2799 6117 6118
f 2799 6118 2800
f 2800 6118 7403
f 2800 7403 6121
f 2801 2804 2805
f 2801 2805 2802
f 2802 2805 6131
f 2802 6131 6130
f 2804 6123 6124
f 2804 6124 2805
f 2805 6124 7404
f 2805 7404 6131
f 6998 6999 7535
f 7535 6988 4015
f 4015 7012 4052
f 4052 6989 6998
f 6998 7535 4015
f 4015 4052 6998
f 611 603 4662
f 4656 4657 624
f 611 4662 4656
f 624 4682 611
f 4656 624 611
f 2801 2803 2807
f 2801 2807 2804
f 4242 4245 4216
f 4242 4216 4212
f 2808 2809 6135
f 2808 6135 6134
f 2809 6121 7403
f 2809 7403 6135
f 6560 6541 3433
f 3433 3436 3448
f 3433 3448 6560
f 7227 4975 1140
f 7227 1140 5014
f 986 990 4960
f 958 953 957
f 986 4960 958
f 1033 981 986
f 1028 1023 1033
f 986 958 957
f 957 1028 1033
f 957 1033 986
f 2810 2811 6156
f 2810 6156 6155
f 4068 4009 4002
f 4002 4062 4063
f 4002 4063 4068
f 2811 6120 7402
f 2811 7402 6156
f 6486 6487 7448
f 7448 6438 3326
f 3326 3325 6486
f 7448 3326 6486
f 2814 2815 2818
f 2814 2818 2816
f 2815 6171 6172
f 2815 6172 2818
f 2814 2816 2819
f 2814 2819 2817
f 2779 2817 2819
f 2779 2819 2781
f 2820 2823 2824
f 2820 2824 2821
f 6677 6676 3594
f 3590 3593 6677
f 3594 3590 6677
f 2785 2824 2823
f 2823 2786 2787
f 2785 2823 2787
f 3546 6656 6665
f 3546 6665 3531
f 2820 2821 2825
f 2820 2825 2822
f 3748 3846 3849
f 3748 3849 3749
f 2826 2827 2830
f 2826 2830 2828
f 4581 4608 4609
f 536 535 4582
f 4581 4609 536
f 536 4582 4581
f 2826 2828 2831
f 2826 2831 2829
f 2829 2831 6173
f 2829 6173 6174
f 2832 2835 2836
f 2832 2836 2833
f 2835 6169 6170
f 2835 6170 2836
f 5188 1381 1382
f 1382 5205 5204
f 5204 5187 5188
f 1382 5204 5188
f 2832 2834 2837
f 2832 2837 2835
f 2834 6175 6176
f 2834 6176 2837
f 1351 1355 5217
f 5217 1342 1346
f 5198 1351 5217
f 1423 1418 5198
f 5198 5217 1346
f 1346 1423 5198
f 815 814 4787
f 4787 4788 813
f 4787 813 815
f 4433 7135 4388
f 4388 250 251
f 251 4434 4433
f 4388 251 4433
f 861 860 864
f 4897 894 893
f 861 864 4897
f 4870 934 4899
f 861 4897 893
f 4870 4899 861
f 893 4846 4870
f 893 4870 861
f 2838 2839 2841
f 2838 2841 2840
f 3322 3259 6503
f 3322 6503 6461
f 2839 6164 6165
f 2839 6165 2841
f 2771 2770 2838
f 2838 2840 2842
f 2842 2843 2771
f 2838 2842 2771
f 2377 5883 5892
f 2377 5892 2365
f 2842 6153 6154
f 2842 6154 2843
f 2843 6154 7400
f 2843 7400 6160
f 2849 6256 6255
f 6255 2844 2846
f 2849 6255 2846
f 2844 2845 2848
f 2844 2848 2846
f 5630 1972 5610
f 5610 7326 5631
f 5610 5631 5630
f 2845 6197 6198
f 2845 6198 2848
f 2848 6198 7412
f 2848 7412 6241
f 2854 6188 6193
f 6193 2850 2857
f 6193 2857 2854
f 2850 6193 6194
f 2850 6194 2851
f 2851 6194 7414
f 2851 7414 6242
f 2852 2853 2856
f 2852 2856 2854
f 2854 2856 6189
f 2854 6189 6188
f 3368 3366 3465
f 3465 6592 6585
f 6585 6586 3368
f 3465 6585 3368
f 2856 6244 7413
f 2856 7413 6189
f 245 244 4398
f 4398 4399 243
f 4398 243 245
f 2858 2859 6187
f 2858 6187 6186
f 2859 6242 7414
f 2859 7414 6187
f 6235 2881 6215
f 6215 7417 6236
f 6215 6236 6235
f 2858 6186 6197
f 6197 2845 2847
f 6197 2847 2858
f 3500 6686 6685
f 3500 6685 3501
f 6599 3471 6594
f 6594 6587 3373
f 6594 3373 6599
f 2860 2861 2863
f 2860 2863 2862
f 2862 2863 6222
f 2862 6222 6221
f 2861 6245 6246
f 2861 6246 2863
f 6915 3905 6895
f 6895 7521 6916
f 6895 6916 6915
f 2466 2468 6001
f 6001 2570 5996
f 5989 5990 2469
f 6001 5996 5989
f 2469 2466 6001
f 6001 5989 2469
f 2862 6221 6220
f 2862 6220 2864
f 2019 1957 1956
f 2019 1956 2018
f 2865 2866 6217
f 2865 6217 6216
f 6503 3250 3313
f 6503 3313 6461
f 2866 6247 7420
f 2866 7420 6217
f 3979 3947 3950
f 3979 3950 3982
f 7447 6432 3125
f 7447 3125 6420
f 3954 3958 3895
f 3895 3893 3892
f 3892 6941 3986
f 3986 3984 3985
f 3985 3955 3953
f 3953 3954 3895
f 3895 3892 3986
f 3985 3953 3895
f 3895 3986 3985
f 2869 2871 6211
f 2869 6211 6212
f 2868 2869 2872
f 2868 2872 2870
f 2870 2872 6249
f 2870 6249 6248
f 2869 6212 6213
f 2869 6213 2872
f 2872 6213 7419
f 2872 7419 6249
f 3385 3386 3376
f 3376 6562 6551
f 3376 6551 3385
f 2027 1964 1966
f 2027 1966 2028
f 5556 5514 1900
f 5556 1900 1837
f 2873 6209 6210
f 2873 6210 2875
f 2875 6210 7420
f 2875 7420 6247
f 4113 4116 4087
f 4113 4087 4083
f 2877 2878 6233
f 2877 6233 6232
f 2876 6221 6222
f 2876 6222 2878
f 2878 6222 7418
f 2878 7418 6233
f 6225 2893 6219
f 6225 6219 7416
f 6304 6305 3021
f 6304 3021 3020
f 6212 6211 6216
f 6216 2879 2883
f 6216 2883 6212
f 2879 6216 6217
f 2879 6217 2880
f 2880 6217 7420
f 2880 7420 6234
f 2440 2406 2409
f 2440 2409 2443
f 2494 2508 2509
f 2509 2507 5960
f 5960 5961 2494
f 2509 5960 2494
f 905 4866 4865
f 905 4865 904
f 1882 1871 5486
f 5486 5504 1880
f 1882 5486 1880
f 3024 3022 6300
f 6300 6301 3009
f 3009 3023 3024
f 6300 3009 3024
f 2883 2884 6213
f 2883 6213 6212
f 2882 6228 6229
f 2882 6229 2884
f 2884 6229 7419
f 2884 7419 6213
f 5556 1828 1891
f 5556 1891 5514
f 2885 2886 6210
f 2885 6210 6209
f 2886 6234 7420
f 2886 7420 6210
f 2885 6209 6220
f 6220 6221 2876
f 6220 2876 2885
f 2887 2888 2890
f 2887 2890 2889
f 2889 2890 6208
f 2889 6208 6207
f 2888 6235 6236
f 2888 6236 2890
f 2890 6236 7417
f 2890 7417 6208
f 7116 4255 69
f 7116 69 4292
f 1901 1903 1904
f 1904 1864 1863
f 1863 5555 5554
f 5554 1902 1901
f 1901 1904 1863
f 1863 5554 1901
f 5625 2031 2029
f 5625 2029 5634
f 6219 2893 2892
f 6219 2892 6218
f 2505 5966 7377
f 2505 7377 5971
f 6543 6556 3406
f 6543 3406 3414
f 2271 5770 5819
f 5819 2305 2307
f 2307 2275 2271
f 5819 2307 2271
f 7052 7051 4185
f 4185 4187 4186
f 4186 4171 7052
f 4185 4186 7052
f 6412 7441 6372
f 6372 3146 6411
f 6412 6372 6411
f 6360 3138 3134
f 6360 3134 6365
f 2892 2893 6196
f 2892 6196 6195
f 2893 6225 7410
f 2893 7410 6196
f 4000 7007 6948
f 6948 4061 4099
f 6948 4099 4096
f 3998 4000 6948
f 7022 4001 3998
f 6948 4096 4098
f 4098 7022 3998
f 6948 4098 3998
f 6944 4056 4044
f 4044 6961 6943
f 4044 6943 6944
f 3909 3900 6877
f 3909 6877 6866
f 2894 2896 6192
f 2894 6192 6191
f 2895 6226 6227
f 2895 6227 2896
f 2896 6227 7411
f 2896 7411 6192
f 1005 1004 4917
f 4917 4918 1003
f 4917 1003 1005
f 3136 6407 6398
f 3136 6398 3151
f 3999 4060 4071
f 4071 4069 4010
f 4071 4010 3999
f 5718 2117 5670
f 5670 7335 5719
f 5670 5719 5718
f 2098 2099 5675
f 2098 5675 5674
f 2618 2619 2609
f 2609 6050 6039
f 2609 6039 2618
f 2625 6024 6023
f 2625 6023 2624
f 6359 3141 3140
f 6359 3140 6358
f 3052 2992 3002
f 3002 3001 3064
f 3002 3064 3052
f 2898 2899 6227
f 2898 6227 6226
f 6185 2899 2971
f 2971 6244 6243
f 6250 6251 6184
f 2971 6243 6250
f 6184 6185 2971
f 2971 6250 6184
f 2899 6185 7411
f 2899 7411 6227
f 2900 2901 6224
f 2900 6224 6223
f 2901 6241 7412
f 2901 7412 6224
f 2977 6342 6341
f 6341 2972 2974
f 2977 6341 2974
f 5575 1993 1985
f 1985 5586 5585
f 1985 5585 5575
f 629 628 4648
f 4648 4649 627
f 4648 627 629
f 2902 6180 6181
f 2902 6181 2903
f 2903 6181 7410
f 2903 7410 6225
f 246 4406 7139
f 246 7139 4429
f 2905 2906 6231
f 2905 6231 6230
f 2904 6178 6179
f 2904 6179 2906
f 2906 6179 7409
f 2906 7409 6231
f 6356 6423 3208
f 6356 3208 3169
f 3741 3740 6851
f 6851 3839 3838
f 3841 3803 3804
f 6851 3838 3841
f 3743 3741 6851
f 3841 3804 3743
f 6851 3841 3743
f 2907 6178 6177
f 2907 6177 2908
f 2907 2909 6179
f 2907 6179 6178
f 3872 6921 6862
f 6862 3933 3971
f 6862 3971 3968
f 3870 3872 6862
f 6936 3873 3870
f 6862 3968 3970
f 3970 6936 3870
f 6862 3970 3870
f 2909 6182 7409
f 2909 7409 6179
f 4127 4189 4200
f 4200 4198 4138
f 4200 4138 4127
f 3210 3213 6430
f 6430 3115 3117
f 3117 3119 3180
f 3180 3177 3176
f 3176 3179 3211
f 3211 3210 6430
f 6430 3117 3180
f 3180 3176 3211
f 6430 3180 3211
f 2790 2731 2730
f 2790 2730 2789
f 2910 2912 6181
f 2910 6181 6180
f 3491 6668 6609
f 3491 6609 3553
f 2912 6183 7410
f 2912 7410 6181
f 2407 2422 5874
f 5874 5854 2404
f 5874 2404 2407
f 2913 2915 6185
f 2913 6185 6184
f 2914 6191 6192
f 2914 6192 2915
f 2915 6192 7411
f 2915 7411 6185
f 2982 2985 3044
f 3044 3042 3079
f 3079 3076 3078
f 3078 6344 2980
f 2980 2982 3044
f 3044 3079 3078
f 3044 3078 2980
f 2914 2916 6190
f 2914 6190 6191
f 3174 3114 3113
f 3174 3113 3173
f 5551 1821 1881
f 5551 1881 5492
f 2917 6195 6196
f 2917 6196 2918
f 2918 6196 7410
f 2918 7410 6183
f 3302 3242 3231
f 3231 3293 3304
f 3231 3304 3302
f 2920 2921 2925
f 2920 2925 2922
f 2922 2925 6204
f 2922 6204 6203
f 2921 6199 6200
f 2921 6200 2925
f 2925 6200 7415
f 2925 7415 6204
f 2920 2922 2926
f 2920 2926 2923
f 6980 6967 4079
f 4079 4086 4082
f 4079 4082 6980
f 2927 6201 6202
f 2927 6202 2928
f 2928 6202 7416
f 2928 7416 6205
f 2273 2212 2222
f 2222 2221 2285
f 2222 2285 2273
f 3195 6417 6424
f 6424 6375 6376
f 6424 6376 3195
f 2929 2932 2933
f 2929 2933 2930
f 2930 2933 6215
f 2930 6215 6214
f 2932 6207 6208
f 2932 6208 2933
f 2933 6208 7417
f 2933 7417 6215
f 4998 4971 4970
f 4970 4984 1129
f 1129 1122 1117
f 1117 4998 4970
f 4970 1129 1117
f 4929 4913 997
f 997 977 4946
f 4946 999 4930
f 4930 4929 997
f 997 4946 4930
f 2929 2931 2935
f 2929 2935 2932
f 2936 2937 6219
f 2936 6219 6218
f 2937 6205 7416
f 2937 7416 6219
f 6644 6625 3562
f 3562 3565 3577
f 3562 3577 6644
f 2938 2939 6240
f 2938 6240 6239
f 3422 3423 3428
f 3428 3369 3363
f 3428 3363 3422
f 2939 6204 7415
f 2939 7415 6240
f 5859 5909 2444
f 2444 2441 2443
f 2443 2409 2405
f 2405 5859 2444
f 2444 2443 2405
f 2942 2943 2946
f 2942 2946 2944
f 2898 2888 2887
f 2898 2887 2966
f 2943 6255 6256
f 2943 6256 2946
f 2942 2944 2947
f 2942 2947 2945
f 2907 2945 2947
f 2907 2947 2909
f 2948 2951 2952
f 2948 2952 2949
f 6337 6336 3081
f 3077 3080 6337
f 3081 3077 6337
f 2913 2952 2951
f 2951 2914 2915
f 2913 2951 2915
f 2948 2949 2953
f 2948 2953 2950
f 2950 2953 6257
f 2950 6257 6258
f 2954 2955 2958
f 2954 2958 2956
f 66 4254 4253
f 66 4253 70
f 2954 2956 2959
f 2954 2959 2957
f 2957 2959 6259
f 2957 6259 6260
f 2960 2963 2964
f 2960 2964 2961
f 2963 6253 6254
f 2963 6254 2964
f 3573 3576 3605
f 3605 6680 6632
f 6632 6633 3573
f 3605 6632 3573
f 2960 2962 2965
f 2960 2965 2963
f 3221 6432 7447
f 7447 6425 3219
f 3221 7447 3219
f 2962 6261 6262
f 2962 6262 2965
f 4303 7115 4258
f 4258 60 61
f 61 4304 4303
f 4258 61 4303
f 5671 2136 2131
f 2131 2130 5661
f 2131 5661 5671
f 2966 2967 2969
f 2966 2969 2968
f 2967 6248 6249
f 2967 6249 2969
f 2899 2898 2966
f 2966 2968 2970
f 2970 2971 2899
f 2966 2970 2899
f 2970 6237 6238
f 2970 6238 2971
f 2971 6238 7413
f 2971 7413 6244
f 6314 6323 3098
f 6314 3098 3096
f 7036 7103 4233
f 7036 4233 4194
f 2972 2973 2976
f 2972 2976 2974
f 2973 6283 6284
f 2973 6284 2976
f 2976 6284 7425
f 2976 7425 6327
f 2982 6274 6279
f 6279 2978 2985
f 6279 2985 2982
f 2978 6279 6280
f 2978 6280 2979
f 2979 6280 7427
f 2979 7427 6328
f 2980 2981 2984
f 2980 2984 2982
f 2982 2984 6275
f 2982 6275 6274
f 1944 1946 5652
f 5652 2044 5645
f 5638 5639 1947
f 5652 5645 5638
f 1947 1944 5652
f 5652 5638 1947
f 2984 6330 7426
f 2984 7426 6275
f 6864 6931 3976
f 6864 3976 3937
f 5781 2243 2251
f 5781 2251 5768
f 2986 2987 6273
f 2986 6273 6272
f 2987 6328 7427
f 2987 7427 6273
f 2986 6272 6283
f 6283 2973 2975
f 6283 2975 2986
f 3884 6940 6939
f 3884 6939 3885
f 5684 5733 2179
f 5684 2179 2176
f 2146 2142 5684
f 5684 2176 2178
f 2178 2146 5684
f 2988 2989 2991
f 2988 2991 2990
f 2990 2991 6308
f 2990 6308 6307
f 2989 6331 6332
f 2989 6332 2991
f 3863 3784 6803
f 6803 6802 6850
f 6850 6849 7512
f 7512 6844 3863
f 3863 6803 6850
f 6850 7512 3863
f 1940 5651 5650
f 5650 1935 1937
f 1940 5650 1937
f 2990 6307 6306
f 2990 6306 2992
f 3824 3761 3760
f 3824 3760 3823
f 2993 2994 6303
f 2993 6303 6302
f 2994 6333 7433
f 2994 7433 6303
f 5692 2090 2086
f 2086 2084 5697
f 2086 5697 5692
f 7499 6772 3638
f 7499 3638 6760
f 2675 2679 2616
f 2616 2614 2613
f 2613 6091 2707
f 2707 2705 2706
f 2706 2676 2674
f 2674 2675 2616
f 2616 2613 2707
f 2706 2674 2616
f 2616 2707 2706
f 2997 2999 6297
f 2997 6297 6298
f 2996 2997 3000
f 2996 3000 2998
f 2998 3000 6335
f 2998 6335 6334
f 2997 6298 6299
f 2997 6299 3000
f 3000 6299 7432
f 3000 7432 6335
f 3096 3097 6335
f 6335 7432 6315
f 6315 6314 3096
f 6335 6315 3096
f 2936 2873 2875
f 2936 2875 2937
f 6247 2866 2928
f 6247 2928 6205
f 3001 6295 6296
f 3001 6296 3003
f 3003 6296 7433
f 3003 7433 6333
f 6568 6577 3400
f 6568 3400 3410
f 3089 3092 3063
f 3089 3063 3059
f 3005 3006 6319
f 3005 6319 6318
f 3004 6307 6308
f 3004 6308 3006
f 3006 6308 7431
f 3006 7431 6319
f 3800 6795 6814
f 3800 6814 3788
f 3278 6475 7455
f 3278 7455 6481
f 2186 2106 2108
f 2186 2108 2187
f 6298 6297 6302
f 6302 3007 3011
f 6302 3011 6298
f 3007 6302 6303
f 3007 6303 3008
f 3008 6303 7433
f 3008 7433 6320
f 1287 1286 5123
f 5123 7247 5144
f 5123 5144 1287
f 2742 6176 6175
f 2742 6175 2740
f 7001 4033 6981
f 6981 7534 7002
f 6981 7002 7001
f 3011 3007 6279
f 3011 6279 6274
f 3011 3012 6299
f 3011 6299 6298
f 3010 6314 6315
f 3010 6315 3012
f 3012 6315 7432
f 3012 7432 6299
f 3661 6731 7494
f 3661 7494 6737
f 3013 3014 6296
f 3013 6296 6295
f 3014 6320 7433
f 3014 7433 6296
f 3013 6295 6306
f 6306 6307 3004
f 6306 3004 3013
f 3235 6498 6439
f 3235 6439 3297
f 3015 3016 3018
f 3015 3018 3017
f 3017 3018 6294
f 3017 6294 6293
f 3016 6321 6322
f 3016 6322 3018
f 3018 6322 7430
f 3018 7430 6294
f 57 4260 7115
f 57 7115 4303
f 532 4584 7165
f 532 7165 4627
f 4129 7108 7107
f 7107 4124 4126
f 4129 7107 4126
f 2289 2290 2250
f 2250 2249 5813
f 5813 5812 2288
f 2288 2287 2289
f 2289 2250 5813
f 5813 2288 2289
f 2938 6239 6230
f 2938 6230 2940
f 1006 4925 7219
f 1006 7219 4948
f 1865 1866 5511
f 1865 5511 5510
f 6541 6560 3404
f 6541 3404 3416
f 5534 7312 5511
f 5534 5511 1866
f 6251 6250 2953
f 2949 2952 6251
f 2953 2949 6251
f 6019 2642 2627
f 2627 2629 2628
f 2628 6018 6019
f 2627 2628 6019
f 910 909 4852
f 4852 4853 908
f 4852 908 910
f 3020 3021 6282
f 3020 6282 6281
f 3021 6311 7423
f 3021 7423 6282
f 6434 3289 3277
f 3277 6451 6433
f 3277 6433 6434
f 6109 2751 2752
f 6109 2752 6110
f 5589 5588 1970
f 5589 1970 1971
f 623 4658 7178
f 623 7178 4690
f 4871 4870 4846
f 4846 917 913
f 4846 913 4871
f 3022 3024 6278
f 3022 6278 6277
f 3023 6312 6313
f 3023 6313 3024
f 3024 6313 7424
f 3024 7424 6278
f 2139 2128 5658
f 5658 5676 2137
f 2139 5658 2137
f 1972 1986 1987
f 1987 1985 5609
f 5609 5610 1972
f 1987 5609 1972
f 6654 6663 3611
f 6654 3611 3609
f 2279 2283 2219
f 2219 2217 2216
f 2216 5828 2311
f 2311 2309 2310
f 2310 2280 2278
f 2278 2279 2219
f 2219 2216 2311
f 2310 2278 2219
f 2219 2311 2310
f 6361 3153 3137
f 3137 3139 3138
f 3138 6360 6361
f 3137 3138 6361
f 6017 2631 2630
f 6017 2630 6016
f 7310 5503 1842
f 7310 1842 5543
f 3702 3695 3633
f 3635 3639 3702
f 3633 3635 3702
f 7356 5829 2218
f 7356 2218 5815
f 3026 3027 6313
f 3026 6313 6312
f 6271 3027 3099
f 3099 6330 6329
f 6336 6337 6270
f 3099 6329 6336
f 6270 6271 3099
f 3099 6336 6270
f 3027 6271 7424
f 3027 7424 6313
f 3178 6375 6424
f 6424 3212 3214
f 3214 3182 3178
f 6424 3214 3178
f 3028 3029 6310
f 3028 6310 6309
f 3029 6327 7425
f 3029 7425 6310
f 2031 2032 1992
f 1992 1991 5641
f 5641 5640 2030
f 2030 2029 2031
f 2031 1992 5641
f 5641 2030 2031
f 3030 6266 6267
f 3030 6267 3031
f 3031 6267 7423
f 3031 7423 6311
f 3033 3034 6317
f 3033 6317 6316
f 3032 6264 6265
f 3032 6265 3034
f 3034 6265 7422
f 3034 7422 6317
f 5493 5560 1915
f 5493 1915 1876
f 3101 3100 6427
f 6427 3199 3198
f 3201 3163 3164
f 6427 3198 3201
f 3103 3101 6427
f 3201 3164 3103
f 6427 3201 3103
f 3035 6264 6263
f 3035 6263 3036
f 6723 3639 3635
f 3635 3633 6728
f 3635 6728 6723
f 3035 3037 6265
f 3035 6265 6264
f 3037 6268 7422
f 3037 7422 6265
f 3039 3044 2985
f 2985 2978 3038
f 2985 3038 3039
f 2718 2717 6171
f 6171 2815 2814
f 2817 2779 2780
f 6171 2814 2817
f 2720 2718 6171
f 2817 2780 2720
f 6171 2817 2720
f 6300 3022 3030
f 6300 3030 6287
f 3038 3040 6267
f 3038 6267 6266
f 6414 6355 3168
f 6414 3168 3107
f 3040 6269 7423
f 3040 7423 6267
f 3041 3043 6271
f 3041 6271 6270
f 3042 6277 6278
f 3042 6278 3043
f 3043 6278 7424
f 3043 7424 6271
f 3623 3625 3684
f 3684 3682 3719
f 3719 3716 3718
f 3718 3621 3623
f 3623 3684 3719
f 3719 3718 3623
f 3042 3044 6276
f 3042 6276 6277
f 7094 4139 4199
f 7094 4199 7035
f 3045 6281 6282
f 3045 6282 3046
f 3046 6282 7423
f 3046 7423 6269
f 3451 6587 6594
f 6594 6545 6546
f 6594 6546 3451
f 3735 3657 6719
f 6719 6718 6766
f 6765 7499 6760
f 6719 6766 6765
f 6760 3735 6719
f 6719 6765 6760
f 5533 7308 5507
f 1854 1839 5541
f 5532 5533 5507
f 1854 5541 5532
f 5532 5507 1854
f 3048 3049 3053
f 3048 3053 3050
f 3050 3053 6290
f 3050 6290 6289
f 3049 6285 6286
f 3049 6286 3053
f 3053 6286 7428
f 3053 7428 6290
f 3048 3050 3054
f 3048 3054 3051
f 3254 6518 6517
f 3254 6517 3252
f 6604 3545 3533
f 3533 6621 6603
f 3533 6603 6604
f 3055 6287 6288
f 3055 6288 3056
f 3056 6288 7429
f 3056 7429 6291
f 1478 5243 7268
f 1478 7268 5275
f 3057 3060 3061
f 3057 3061 3058
f 3058 3061 6301
f 3058 6301 6300
f 3060 6293 6294
f 3060 6294 3061
f 3061 6294 7430
f 3061 7430 6301
f 5258 5231 5230
f 5230 5244 1509
f 1509 1502 1497
f 1497 5258 5230
f 5230 1509 1497
f 4043 6964 6963
f 6963 4028 4030
f 4030 4029 4043
f 4043 6963 4030
f 3057 3059 3063
f 3057 3063 3060
f 2961 2964 2935
f 2961 2935 2931
f 3064 3065 6305
f 3064 6305 6304
f 3065 6291 7429
f 3065 7429 6305
f 7070 7051 4202
f 4202 4205 4217
f 4202 4217 7070
f 4715 4730 721
f 4759 691 686
f 4715 721 4759
f 4743 760 4715
f 4759 686 4743
f 4759 4743 4715
f 6658 6659 7483
f 7483 6648 3503
f 3503 6672 3541
f 3541 6649 6658
f 6658 7483 3503
f 3503 3541 6658
f 1492 1469 1468
f 1492 1468 1490
f 2585 5974 5983
f 2585 5983 2587
f 3066 3067 6326
f 3066 6326 6325
f 3067 6290 7428
f 3067 7428 6326
f 3070 3071 3074
f 3070 3074 3072
f 3071 6341 6342
f 3071 6342 3074
f 3070 3072 3075
f 3070 3075 3073
f 3035 3073 3075
f 3035 3075 3037
f 3076 3079 3080
f 3076 3080 3077
f 2125 2110 5681
f 5681 5680 2124
f 2124 2126 2125
f 5681 2124 2125
f 3041 3080 3079
f 3079 3042 3043
f 3041 3079 3043
f 6696 6763 3720
f 6696 3720 3681
f 3076 3077 3081
f 3076 3081 3078
f 3078 3081 6343
f 3078 6343 6344
f 5080 7238 5062
f 1203 1204 5081
f 5080 5062 1203
f 1203 5081 5080
f 3082 3083 3086
f 3082 3086 3084
f 69 4255 4254
f 69 4254 66
f 3082 3084 3087
f 3082 3087 3085
f 3085 3087 6345
f 3085 6345 6346
f 3088 3091 3092
f 3088 3092 3089
f 3091 6339 6340
f 3091 6340 3092
f 3956 3959 3988
f 3988 6934 6886
f 6886 6887 3956
f 3988 6886 3956
f 3088 3090 3093
f 3088 3093 3091
f 3090 6347 6348
f 3090 6348 3093
f 1835 1836 1826
f 1826 5529 5518
f 1826 5518 1835
f 5491 5550 1864
f 5491 1864 1904
f 3782 3784 3863
f 3782 3863 3862
f 2973 2972 6341
f 6341 3071 3070
f 3073 3035 3036
f 6341 3070 3073
f 2975 2973 6341
f 3073 3036 2975
f 6341 3073 2975
f 4669 4653 617
f 617 597 4686
f 4686 619 4670
f 4670 4669 617
f 617 4686 4670
f 3094 3095 3097
f 3094 3097 3096
f 3095 6334 6335
f 3095 6335 3097
f 3027 3026 3094
f 3094 3096 3098
f 3098 3099 3027
f 3094 3098 3027
f 3098 6323 6324
f 3098 6324 3099
f 3099 6324 7426
f 3099 7426 6330
f 3866 3864 6824
f 3866 6824 6833
f 3100 3101 3104
f 3100 3104 3102
f 3101 6369 6370
f 3101 6370 3104
f 3104 6370 7438
f 3104 7438 6413
f 1760 5450 5449
f 1760 5449 1759
f 3110 6360 6365
f 6365 3106 3112
f 6365 3112 3110
f 3106 6365 6366
f 3106 6366 3107
f 3107 6366 7440
f 3107 7440 6414
f 3108 3109 3111
f 3108 3111 3110
f 3110 3111 6361
f 3110 6361 6360
f 2072 2074 5738
f 5738 2173 5731
f 5724 5725 2075
f 5738 5731 5724
f 2075 2072 5738
f 5738 5724 2075
f 3111 6416 7439
f 3111 7439 6361
f 3287 3288 6458
f 3287 6458 6457
f 3113 3114 6359
f 3113 6359 6358
f 3114 6414 7440
f 3114 7440 6359
f 3113 6358 6369
f 6369 3101 3103
f 6369 3103 3113
f 3115 3116 3118
f 3115 3118 3117
f 3117 3118 6394
f 3117 6394 6393
f 3116 6417 6418
f 3116 6418 3118
f 6831 3776 6811
f 6811 7508 6832
f 6811 6832 6831
f 3175 3164 6349
f 6349 6367 3173
f 3175 6349 3173
f 3117 6393 6392
f 3117 6392 3119
f 3313 3250 3249
f 3313 3249 3312
f 3120 3121 6389
f 3120 6389 6388
f 3065 3003 6333
f 3065 6333 6291
f 3121 6419 7446
f 3121 7446 6389
f 3477 6602 7473
f 7473 6595 3475
f 3477 7473 3475
f 3894 6942 6941
f 3894 6941 3892
f 7460 6518 3254
f 7460 3254 6504
f 3698 3702 3639
f 3639 3637 3636
f 3636 6771 3730
f 3730 3728 3729
f 3729 3699 3697
f 3697 3698 3639
f 3639 3636 3730
f 3729 3697 3639
f 3639 3730 3729
f 3124 3126 6383
f 3124 6383 6384
f 3123 3124 3127
f 3123 3127 3125
f 3125 3127 6421
f 3125 6421 6420
f 3124 6384 6385
f 3124 6385 3127
f 3127 6385 7445
f 3127 7445 6421
f 3666 6738 6747
f 3666 6747 3656
f 3064 3001 3003
f 3064 3003 3065
f 3449 3387 6589
f 3449 6589 6547
f 3128 6381 6382
f 3128 6382 3130
f 3130 6382 7446
f 3130 7446 6419
f 147 146 4344
f 4344 7127 4365
f 4344 4365 147
f 1100 1099 4982
f 4982 4983 1098
f 4982 1098 1100
f 3093 6348 7434
f 7434 6339 3091
f 3093 7434 3091
f 3132 3133 6405
f 3132 6405 6404
f 3131 6393 6394
f 3131 6394 3133
f 3133 6394 7444
f 3133 7444 6405
f 6311 7429 6288
f 6311 6288 3031
f 6305 7429 6311
f 6305 6311 3021
f 3106 3107 3168
f 3106 3168 3166
f 3820 3759 3769
f 3769 3768 3832
f 3769 3832 3820
f 6384 6383 6388
f 6388 3134 3138
f 6388 3138 6384
f 3134 6388 6389
f 3134 6389 3135
f 3135 6389 7446
f 3135 7446 6406
f 2013 5598 5647
f 5647 2047 2049
f 2049 2017 2013
f 5647 2049 2013
f 6747 3649 6727
f 6727 7495 6748
f 6727 6748 6747
f 3265 3280 3281
f 3281 3279 6470
f 6470 6471 3265
f 3281 6470 3265
f 2770 2760 2759
f 2770 2759 2838
f 3138 3139 6385
f 3138 6385 6384
f 3137 6400 6401
f 3137 6401 3139
f 3139 6401 7445
f 3139 7445 6385
f 3140 3141 6382
f 3140 6382 6381
f 3141 6406 7446
f 3141 7446 6382
f 3140 6381 6392
f 6392 6393 3131
f 6392 3131 3140
f 6211 2871 2867
f 2867 2865 6216
f 2867 6216 6211
f 3142 3143 3145
f 3142 3145 3144
f 3144 3145 6380
f 3144 6380 6379
f 3143 6407 6408
f 3143 6408 3145
f 3145 6408 7443
f 3145 7443 6380
f 505 4598 4597
f 505 4597 508
f 3367 3369 3428
f 3428 3426 3463
f 3463 3460 3462
f 3462 3365 3367
f 3367 3428 3463
f 3463 3462 3367
f 3581 3582 3542
f 3542 3541 6672
f 6672 6671 3580
f 3580 3579 3581
f 3581 3542 6672
f 6672 3580 3581
f 3452 3450 6581
f 3452 6581 6572
f 5964 5965 2504
f 5964 2504 2506
f 6225 7416 6202
f 6225 6202 2903
f 6397 7442 6374
f 6397 6374 3159
f 6836 7506 6796
f 6796 3786 6835
f 6836 6796 6835
f 4058 4057 6966
f 6966 6965 4056
f 6966 4056 4058
f 6880 3929 6910
f 6880 6910 6919
f 6920 7519 6880
f 6919 6920 6880
f 6868 3907 3903
f 6868 3903 6873
f 2425 2423 5896
f 2425 5896 5887
f 3148 3149 6368
f 3148 6368 6367
f 2848 6241 6182
f 6182 2909 2947
f 6182 2947 2944
f 2846 2848 6182
f 6256 2849 2846
f 6182 2944 2946
f 2946 6256 2846
f 6182 2946 2846
f 3149 6397 7436
f 3149 7436 6368
f 6094 2776 2764
f 2764 6111 6093
f 2764 6093 6094
f 5761 2228 5801
f 5761 5801 7349
f 2885 6186 6187
f 2885 6187 2886
f 3150 3152 6364
f 3150 6364 6363
f 3151 6398 6399
f 3151 6399 3152
f 3152 6399 7437
f 3152 7437 6364
f 4047 4033 7001
f 4047 7001 6992
f 3282 3266 3268
f 3268 3267 6444
f 6444 6445 3282
f 3268 6444 3282
f 3269 3260 6453
f 3269 6453 6442
f 4417 4416 4392
f 4392 252 248
f 4392 248 4417
f 6354 6413 3157
f 6354 3157 3197
f 7440 6406 3141
f 7440 3141 6359
f 7453 6490 3270
f 7453 3270 6443
f 3154 3155 6399
f 3154 6399 6398
f 6357 3155 3227
f 3227 6416 6415
f 6422 6423 6356
f 3227 6415 6422
f 6356 6357 3227
f 3227 6422 6356
f 3155 6357 7437
f 3155 7437 6399
f 3156 3157 6396
f 3156 6396 6395
f 3157 6413 7438
f 3157 7438 6396
f 7177 4650 665
f 7177 665 4689
f 2966 2887 2889
f 2966 2889 2967
f 3708 3709 3669
f 3669 3668 6758
f 6758 6757 3707
f 3707 3706 3708
f 3708 3669 6758
f 6758 3707 3708
f 3158 6352 6353
f 3158 6353 3159
f 3159 6353 7436
f 3159 7436 6397
f 3161 3162 6403
f 3161 6403 6402
f 3160 6350 6351
f 3160 6351 3162
f 3162 6351 7435
f 3162 7435 6403
f 1716 1715 1719
f 1719 5481 1749
f 1749 1748 5430
f 5430 5454 1789
f 5430 1789 5483
f 1719 1749 5430
f 5430 5483 1716
f 1719 5430 1716
f 3309 3248 3258
f 3258 3257 3321
f 3258 3321 3309
f 3163 6350 6349
f 3163 6349 3164
f 3163 3165 6351
f 3163 6351 6350
f 5001 5000 4976
f 4976 1107 1103
f 4976 1103 5001
f 3165 6354 7435
f 3165 7435 6351
f 2789 2730 2720
f 2720 2780 2791
f 2720 2791 2789
f 6870 3940 3935
f 3935 3934 6860
f 3935 6860 6870
f 6474 6475 3278
f 6474 3278 3277
f 3166 3168 6353
f 3166 6353 6352
f 2965 6262 7421
f 7421 6253 2963
f 2965 7421 2963
f 3168 6355 7436
f 3168 7436 6353
f 3169 3171 6357
f 3169 6357 6356
f 3170 6363 6364
f 3170 6364 3171
f 3171 6364 7437
f 3171 7437 6357
f 2833 2836 2807
f 2833 2807 2803
f 3750 3752 3812
f 3812 3810 3847
f 3847 3844 3846
f 3846 3748 3750
f 3750 3812 3847
f 3847 3846 3750
f 3170 3172 6362
f 3170 6362 6363
f 1941 1942 2003
f 1941 2003 2001
f 5637 5578 2003
f 5637 2003 1942
f 3173 6367 6368
f 3173 6368 3174
f 3174 6368 7436
f 3174 7436 6355
f 2655 2656 2661
f 2661 2602 2595
f 2661 2595 2655
f 2187 2108 5688
f 5688 5687 5735
f 5735 5734 7343
f 7343 5729 2187
f 2187 5688 5735
f 5735 7343 2187
f 5101 5128 5129
f 1296 1295 5102
f 5101 5129 1296
f 1296 5102 5101
f 3176 3177 3181
f 3176 3181 3178
f 3178 3181 6376
f 3178 6376 6375
f 3177 6371 6372
f 3177 6372 3181
f 3181 6372 7441
f 3181 7441 6376
f 3176 3178 3182
f 3176 3182 3179
f 2998 6348 6347
f 2998 6347 2996
f 1181 1173 5052
f 5046 5047 1194
f 1181 5052 5046
f 1194 5072 1181
f 5046 1194 1181
f 6692 3670 3662
f 3662 6703 6702
f 3662 6702 6692
f 3183 6373 6374
f 3183 6374 3184
f 3184 6374 7442
f 3184 7442 6377
f 3185 3188 3189
f 3185 3189 3186
f 3186 3189 6387
f 3186 6387 6386
f 3188 6379 6380
f 3188 6380 3189
f 3189 6380 7443
f 3189 7443 6387
f 3185 3187 3191
f 3185 3191 3188
f 3192 3193 6391
f 3192 6391 6390
f 3193 6377 7442
f 3193 7442 6391
f 5613 5594 2012
f 2012 2015 2027
f 2012 2027 5613
f 1101 4990 7229
f 1101 7229 5013
f 2057 1978 1980
f 2057 1980 2058
f 3194 3195 6412
f 3194 6412 6411
f 3958 3951 3889
f 3891 3895 3958
f 3889 3891 3958
f 3195 6376 7441
f 3195 7441 6412
f 5625 5626 7318
f 7318 5577 2032
f 2032 2031 5625
f 7318 2032 5625
f 829 4774 4773
f 829 4773 826
f 3198 3199 3202
f 3198 3202 3200
f 3539 3528 3527
f 3539 3527 3607
f 3199 6427 6428
f 3199 6428 3202
f 3198 3200 3203
f 3198 3203 3201
f 3163 3201 3203
f 3163 3203 3165
f 7055 7104 4240
f 7055 4240 4237
f 4207 4203 7055
f 7055 4237 4239
f 4239 4207 7055
f 3204 3207 3208
f 3204 3208 3205
f 2484 2550 2543
f 2543 2542 2478
f 2480 2484 2543
f 2543 2478 2480
f 3169 3208 3207
f 3207 3170 3171
f 3169 3207 3171
f 3204 3205 3209
f 3204 3209 3206
f 2905 6230 6239
f 6240 7415 6200
f 6200 2905 6239
f 6239 6240 6200
f 4776 4803 4804
f 821 820 4777
f 4776 4804 821
f 821 4777 4776
f 3210 3211 3214
f 3210 3214 3212
f 6853 3855 6848
f 6848 6841 3756
f 6848 3756 6853
f 3210 3212 3215
f 3210 3215 3213
f 3213 3215 6429
f 3213 6429 6430
f 2068 5737 5736
f 5736 2063 2065
f 2068 5736 2065
f 3216 3219 3220
f 3216 3220 3217
f 3219 6425 6426
f 3219 6426 3220
f 3532 3517 6658
f 3532 6658 6649
f 7477 6624 3532
f 3532 6649 6650
f 3532 6650 7477
f 3216 3218 3221
f 3216 3221 3219
f 3747 6838 6779
f 3747 6779 3808
f 3218 6431 6432
f 3218 6432 3221
f 5721 7337 5681
f 5681 2110 5720
f 5721 5681 5720
f 5757 2265 2260
f 2260 2259 5747
f 2260 5747 5757
f 3222 3223 3225
f 3222 3225 3224
f 3223 6420 6421
f 3223 6421 3225
f 3155 3154 3222
f 3222 3224 3226
f 3226 3227 3155
f 3222 3226 3155
f 3226 6409 6410
f 3226 6410 3227
f 3227 6410 7439
f 3227 7439 6416
f 3607 3527 3529
f 3607 3529 3608
f 5709 5718 2190
f 5709 2190 2188
f 3228 3229 3232
f 3228 3232 3230
f 3229 6453 6454
f 3229 6454 3232
f 3232 6454 7451
f 3232 7451 6497
f 3238 6444 6449
f 6449 3234 3241
f 6449 3241 3238
f 3234 6449 6450
f 3234 6450 3235
f 3235 6450 7453
f 3235 7453 6498
f 3236 3237 3240
f 3236 3240 3238
f 3238 3240 6445
f 3238 6445 6444
f 2981 2983 6343
f 6343 3081 6336
f 6329 6330 2984
f 6343 6336 6329
f 2984 2981 6343
f 6343 6329 2984
f 3240 6500 7452
f 3240 7452 6445
f 5948 5947 2514
f 5948 2514 2516
f 3242 3243 6443
f 3242 6443 6442
f 3467 3435 3438
f 3467 3438 3470
f 3243 6498 7453
f 3243 7453 6443
f 3242 6442 6453
f 6453 3229 3231
f 6453 3231 3242
f 3372 6600 6599
f 3372 6599 3373
f 6259 2959 6252
f 6252 6245 2861
f 6252 2861 6259
f 3244 3245 3247
f 3244 3247 3246
f 3246 3247 6478
f 3246 6478 6477
f 3245 6501 6502
f 3245 6502 3247
f 3850 3853 6854
f 6854 3755 3757
f 3757 3759 3820
f 3820 3817 3816
f 3816 3819 3851
f 3851 3850 6854
f 6854 3757 3820
f 3820 3816 3851
f 6854 3820 3851
f 3246 6477 6476
f 3246 6476 3248
f 6228 2882 2897
f 6228 2897 6237
f 2148 2085 2084
f 2148 2084 2147
f 3249 3250 6473
f 3249 6473 6472
f 5814 2214 2277
f 5814 2277 5772
f 3250 6503 7459
f 3250 7459 6473
f 6467 3255 3251
f 3251 3249 6472
f 3251 6472 6467
f 3596 3564 3567
f 3596 3567 3599
f 7512 6856 3765
f 7512 3765 6844
f 2150 2154 2090
f 2090 2088 2087
f 2087 5742 2182
f 2182 2180 2181
f 2181 2151 2149
f 2149 2150 2090
f 2090 2087 2182
f 2181 2149 2090
f 2090 2182 2181
f 3253 3255 6467
f 3253 6467 6468
f 3252 3253 3256
f 3252 3256 3254
f 3254 3256 6505
f 3254 6505 6504
f 3253 6468 6469
f 3253 6469 3256
f 3256 6469 7458
f 3256 7458 6505
f 5577 5636 1992
f 5577 1992 2032
f 3569 3506 3505
f 3569 3505 3568
f 3440 6547 6589
f 3440 6589 3378
f 3257 6465 6466
f 3257 6466 3259
f 3259 6466 7459
f 3259 7459 6503
f 3261 3262 6489
f 3261 6489 6488
f 3260 6477 6478
f 3260 6478 3262
f 3262 6478 7457
f 3262 7457 6489
f 2059 2060 5644
f 5644 7328 5624
f 5624 5623 2059
f 5644 5624 2059
f 1865 5510 5523
f 1865 5523 1857
f 6651 3534 6645
f 6651 6645 7481
f 6468 6467 6472
f 6472 3263 3267
f 6472 3267 6468
f 3263 6472 6473
f 3263 6473 3264
f 3264 6473 7459
f 3264 7459 6490
f 5716 2100 5696
f 5696 7339 5717
f 5696 5717 5716
f 6444 3267 3263
f 6444 3263 6449
f 2246 5804 5795
f 2246 5795 2230
f 3267 3268 6469
f 3267 6469 6468
f 3266 6484 6485
f 3266 6485 3268
f 3268 6485 7458
f 3268 7458 6469
f 3269 3270 6466
f 3269 6466 6465
f 3270 6490 7459
f 3270 7459 6466
f 3269 6465 6476
f 6476 6477 3260
f 6476 3260 3269
f 3271 3272 3274
f 3271 3274 3273
f 3273 3274 6464
f 3273 6464 6463
f 3272 6491 6492
f 3272 6492 3274
f 3274 6492 7456
f 3274 7456 6464
f 2067 5722 5663
f 5663 2129 2167
f 5663 2167 2164
f 2065 2067 5663
f 5737 2068 2065
f 5663 2164 2166
f 2166 5737 2065
f 5663 2166 2065
f 3232 6497 6438
f 6438 3294 3332
f 6438 3332 3329
f 3230 3232 6438
f 6512 3233 3230
f 6438 3329 3331
f 3331 6512 3230
f 6438 3331 3230
f 3452 3453 3413
f 3413 3412 6588
f 6588 6587 3451
f 3451 3450 3452
f 3452 3413 6588
f 6588 3451 3452
f 650 598 601
f 650 601 653
f 5934 2531 2525
f 2525 2524 5924
f 5924 5923 5934
f 2525 5924 5934
f 2894 2902 6201
f 2894 6201 6214
f 6481 7455 6458
f 6481 6458 3288
f 6493 3282 6445
f 6445 7452 6494
f 6445 6494 6493
f 7042 4197 4192
f 4192 4191 7032
f 4192 7032 7042
f 3390 3389 3403
f 3403 6540 6539
f 6539 3388 3390
f 3403 6539 3390
f 2103 2102 5669
f 5669 5670 2117
f 2117 2101 2103
f 5669 2117 2103
f 3277 3278 6452
f 3277 6452 6451
f 3278 6481 7449
f 3278 7449 6452
f 6350 3160 3148
f 3148 6367 6349
f 3148 6349 6350
f 3264 6490 7453
f 3264 7453 6450
f 3398 3397 6528
f 3398 6528 6529
f 3279 3281 6448
f 3279 6448 6447
f 3280 6482 6483
f 3280 6483 3281
f 3281 6483 7450
f 3281 7450 6448
f 6715 6764 3727
f 6715 3727 3724
f 3694 3690 6715
f 6715 3724 3726
f 3726 3694 6715
f 3560 3549 6603
f 6603 6621 3558
f 3560 6603 3558
f 2104 2095 5678
f 2104 5678 5667
f 2059 5623 5632
f 2059 5632 2061
f 2114 5695 5696
f 5696 2100 2115
f 2115 2116 2114
f 5696 2115 2114
f 2105 5668 7336
f 2105 7336 5715
f 6443 3270 3269
f 6443 3269 6442
f 3283 3284 6483
f 3283 6483 6482
f 6441 3284 3356
f 3356 6500 6499
f 6506 6507 6440
f 3356 6499 6506
f 6440 6441 3356
f 3356 6506 6440
f 3284 6441 7450
f 3284 7450 6483
f 3415 6567 7468
f 3415 7468 6544
f 3285 3286 6480
f 3285 6480 6479
f 3286 6497 7451
f 3286 7451 6480
f 2371 2386 2384
f 2384 5854 5874
f 5874 5875 2369
f 2369 2371 2384
f 2384 5874 2369
f 3287 6436 6437
f 3287 6437 3288
f 3288 6437 7449
f 3288 7449 6481
f 3290 3291 6487
f 3290 6487 6486
f 3289 6434 6435
f 3289 6435 3291
f 3291 6435 7448
f 3291 7448 6487
f 6780 6847 3848
f 6780 3848 3809
f 2193 2192 5822
f 5822 2292 2291
f 2294 2256 2257
f 5822 2291 2294
f 2195 2193 5822
f 2294 2257 2195
f 5822 2294 2195
f 3292 6434 6433
f 3292 6433 3293
f 2851 6242 6183
f 2851 6183 2912
f 3292 3294 6435
f 3292 6435 6434
f 3294 6438 7448
f 3294 7448 6435
f 3172 3112 3106
f 3106 3166 3167
f 3106 3167 3172
f 2324 2390 2402
f 2402 2400 2335
f 2402 2335 2324
f 3295 3297 6437
f 3295 6437 6436
f 6668 3499 3559
f 6668 3559 6609
f 3297 6439 7449
f 3297 7449 6437
f 3298 3300 6441
f 3298 6441 6440
f 3299 6447 6448
f 3299 6448 3300
f 3300 6448 7450
f 3300 7450 6441
f 2073 2076 2136
f 2136 2134 2171
f 2171 2168 2170
f 2170 5739 2071
f 2071 2073 2136
f 2136 2171 2170
f 2136 2170 2071
f 3299 3301 6446
f 3299 6446 6447
f 2327 2328 2394
f 2327 2394 2392
f 5707 5716 2107
f 5707 2107 2118
f 3302 6451 6452
f 3302 6452 3303
f 3303 6452 7449
f 3303 7449 6439
f 3580 6671 6678
f 6678 6629 6630
f 6678 6630 3580
f 3305 3306 3310
f 3305 3310 3307
f 3307 3310 6460
f 3307 6460 6459
f 3306 6455 6456
f 3306 6456 3310
f 3310 6456 7454
f 3310 7454 6460
f 3305 3307 3311
f 3305 3311 3308
f 3638 6772 6771
f 3638 6771 3636
f 5675 2099 5715
f 5675 5715 7336
f 6386 6373 3183
f 3183 3190 3186
f 3183 3186 6386
f 3312 6457 6458
f 3312 6458 3313
f 3313 6458 7455
f 3313 7455 6461
f 3575 3568 3505
f 3507 3511 3575
f 3505 3507 3575
f 3314 3317 3318
f 3314 3318 3315
f 3315 3318 6471
f 3315 6471 6470
f 3317 6463 6464
f 3317 6464 3318
f 3318 6464 7456
f 3318 7456 6471
f 94 89 4317
f 4317 11 15
f 4317 15 94
f 3314 3316 3320
f 3314 3320 3317
f 6345 3087 6338
f 6338 6331 2989
f 6338 2989 6345
f 3321 3322 6475
f 3321 6475 6474
f 3322 6461 7455
f 3322 7455 6475
f 6218 6199 2921
f 2921 2924 2936
f 2921 2936 6218
f 1222 1169 1168
f 1222 1168 1220
f 3323 3324 6496
f 3323 6496 6495
f 3963 6925 6932
f 6932 6883 6884
f 6932 6884 3963
f 3324 6460 7454
f 3324 7454 6496
f 2813 6098 6157
f 2813 6157 2773
f 6656 6657 7474
f 7474 6608 3582
f 3582 3581 6656
f 7474 3582 6656
f 6119 6168 2831
f 2831 2828 2830
f 2830 2798 2794
f 2794 6119 2831
f 2831 2830 2794
f 3327 3328 3331
f 3327 3331 3329
f 3328 6511 6512
f 3328 6512 3331
f 3327 3329 3332
f 3327 3332 3330
f 3292 3330 3332
f 3292 3332 3294
f 3333 3336 3337
f 3333 3337 3334
f 5732 5731 2173
f 2169 2172 5732
f 2173 2169 5732
f 3298 3337 3336
f 3336 3299 3300
f 3298 3336 3300
f 6100 6167 2824
f 6100 2824 2785
f 3333 3334 3338
f 3333 3338 3335
f 3335 3338 6513
f 3335 6513 6514
f 7257 5170 1425
f 7257 1425 5209
f 5619 7321 5593
f 1982 1968 5627
f 5618 5619 5593
f 1982 5627 5618
f 5618 5593 1982
f 3339 3340 3343
f 3339 3343 3341
f 1581 1580 5297
f 5297 5296 5323
f 5323 5324 1581
f 5297 5323 1581
f 3339 3341 3344
f 3339 3344 3342
f 3342 3344 6515
f 3342 6515 6516
f 3345 3348 3349
f 3345 3349 3346
f 3348 6509 6510
f 3348 6510 3349
f 6736 7490 6710
f 3659 3645 6744
f 6735 6736 6710
f 3659 6744 6735
f 6735 6710 3659
f 3345 3347 3350
f 3345 3350 3348
f 6584 3371 3430
f 6584 3430 6525
f 3347 6517 6518
f 3347 6518 3350
f 1051 1050 1054
f 1084 1083 4976
f 4976 5000 1124
f 4976 1124 5029
f 1054 1084 4976
f 4976 5029 1051
f 1054 4976 1051
f 3351 3352 3354
f 3351 3354 3353
f 3352 6504 6505
f 3352 6505 3354
f 3284 3283 3351
f 3351 3353 3355
f 3355 3356 3284
f 3351 3355 3284
f 3355 6493 6494
f 3355 6494 3356
f 3356 6494 7452
f 3356 7452 6500
f 3357 3358 3361
f 3357 3361 3359
f 3358 6539 6540
f 3358 6540 3361
f 3361 6540 7464
f 3361 7464 6583
f 3367 6530 6535
f 6535 3363 3369
f 6535 3369 3367
f 3363 6535 6536
f 3363 6536 3364
f 3364 6536 7466
f 3364 7466 6584
f 3365 3366 3368
f 3365 3368 3367
f 3367 3368 6531
f 3367 6531 6530
f 2201 2203 5824
f 5824 2302 5817
f 5810 5811 2204
f 5824 5817 5810
f 2204 2201 5824
f 5824 5810 2204
f 3368 6586 7465
f 3368 7465 6531
f 3362 6598 6597
f 6597 3357 3359
f 3362 6597 3359
f 3370 3371 6529
f 3370 6529 6528
f 3382 6602 6601
f 3382 6601 3380
f 3371 6584 7466
f 3371 7466 6529
f 3370 6528 6539
f 6539 3358 3360
f 6539 3360 3370
f 3628 6770 6769
f 3628 6769 3629
f 6173 2831 6168
f 6168 6161 2733
f 6168 2733 6173
f 1228 5068 1161
f 1161 1165 5087
f 1161 5087 1157
f 1233 1228 1161
f 1156 5095 1233
f 1161 1157 1156
f 1161 1156 1233
f 3372 3373 3375
f 3372 3375 3374
f 3374 3375 6564
f 3374 6564 6563
f 3373 6587 6588
f 3373 6588 3375
f 3595 3598 6686
f 6686 3500 3502
f 3502 3504 3565
f 3565 3562 3561
f 3561 3564 3596
f 3596 3595 6686
f 6686 3502 3565
f 3565 3561 3596
f 6686 3565 3596
f 3374 6563 6562
f 3374 6562 3376
f 3448 3385 3387
f 3448 3387 3449
f 3377 3378 6559
f 3377 6559 6558
f 3480 3481 6591
f 6591 7471 6571
f 6571 6570 3480
f 6591 6571 3480
f 3378 6589 7472
f 3378 7472 6559
f 3851 3819 3822
f 3851 3822 3854
f 7486 6688 3510
f 7486 3510 6674
f 1195 1194 5047
f 5047 5048 1193
f 5047 1193 1195
f 4082 4086 4023
f 4023 4021 4020
f 4020 7027 4114
f 4114 4112 4113
f 4113 4083 4081
f 4081 4082 4023
f 4023 4020 4114
f 4113 4081 4023
f 4023 4114 4113
f 3381 3383 6553
f 3381 6553 6554
f 3380 3381 3384
f 3380 3384 3382
f 3382 3384 6591
f 3382 6591 6590
f 3381 6554 6555
f 3381 6555 3384
f 3384 6555 7471
f 3384 7471 6591
f 342 4455 7145
f 342 7145 4497
f 525 4606 4605
f 525 4605 524
f 3577 3513 3515
f 3577 3515 3578
f 3385 6551 6552
f 3385 6552 3387
f 3387 6552 7472
f 3387 7472 6589
f 3389 3390 6575
f 3389 6575 6574
f 3388 6563 6564
f 3388 6564 3390
f 3390 6564 7470
f 3390 7470 6575
f 6561 7468 6567
f 6561 6567 3405
f 3415 6544 6543
f 3415 6543 3414
f 6554 6553 6558
f 6558 3391 3395
f 6558 3395 6554
f 3391 6558 6559
f 3391 6559 3392
f 3392 6559 7472
f 3392 7472 6576
f 6424 6417 3116
f 3116 6429 3215
f 3215 3212 6424
f 3116 3215 6424
f 6188 2883 2879
f 6188 2879 6193
f 6654 3522 3538
f 6654 3538 6663
f 3395 3396 6555
f 3395 6555 6554
f 3394 6570 6571
f 3394 6571 3396
f 3396 6571 7471
f 3396 7471 6555
f 3569 6631 6673
f 3569 6673 3506
f 1196 5055 7239
f 1196 7239 5078
f 3397 3398 6552
f 3397 6552 6551
f 3398 6576 7472
f 3398 7472 6552
f 3397 6551 6562
f 6562 6563 3388
f 6562 3388 3397
f 3399 3400 3402
f 3399 3402 3401
f 3401 3402 6550
f 3401 6550 6549
f 3400 6577 6578
f 3400 6578 3402
f 3402 6578 7469
f 3402 7469 6550
f 2683 2685 2686
f 2686 2646 2645
f 2645 6076 6075
f 6075 2684 2683
f 2683 2686 2645
f 2645 6075 2683
f 365 313 316
f 365 316 368
f 6644 6645 3534
f 6644 3534 3533
f 3491 3553 3551
f 3491 3551 3490
f 3363 3364 3424
f 3363 3424 3422
f 6833 3793 6785
f 6785 7504 6834
f 6785 6834 6833
f 7103 7102 4234
f 4230 4233 7103
f 4234 4230 7103
f 6666 7480 6626
f 6626 3531 6665
f 6666 6626 6665
f 5196 5195 5171
f 5171 1392 1388
f 5171 1388 5196
f 3395 6530 6531
f 6531 3409 3394
f 3394 3396 3395
f 6531 3394 3395
f 3404 3405 6538
f 3404 6538 6537
f 3405 6567 7462
f 3405 7462 6538
f 5745 2253 2241
f 2241 5762 5744
f 2241 5744 5745
f 5760 2227 2228
f 5760 2228 5761
f 3398 6529 7466
f 3398 7466 6576
f 3406 3408 6534
f 3406 6534 6533
f 3407 6568 6569
f 3407 6569 3408
f 3408 6569 7463
f 3408 7463 6534
f 4349 4322 4321
f 4321 4335 179
f 179 172 167
f 167 4349 4321
f 4321 179 167
f 2640 2626 6065
f 2640 6065 6056
f 2243 5781 5782
f 5782 2229 2244
f 2244 2245 2243
f 5782 2244 2243
f 2331 2334 2399
f 2399 2397 2395
f 2436 2433 2435
f 2399 2395 2436
f 2329 2331 2399
f 2435 5915 2329
f 2399 2436 2435
f 2399 2435 2329
f 3525 3516 6623
f 3525 6623 6612
f 3654 6699 7492
f 3654 7492 6746
f 6365 3134 3135
f 6365 3135 6366
f 3410 3411 6569
f 3410 6569 6568
f 6527 3411 3483
f 3483 6586 6585
f 6592 6593 6526
f 3483 6585 6592
f 6526 6527 3483
f 3483 6592 6526
f 3411 6527 7463
f 3411 7463 6569
f 6685 3600 6678
f 6678 6671 3501
f 6678 3501 6685
f 3412 3413 6566
f 3412 6566 6565
f 3413 6583 7464
f 3413 7464 6566
f 6488 6489 7457
f 7457 6478 3247
f 3247 6502 3285
f 3285 6479 6488
f 6488 7457 3247
f 3247 3285 6488
f 3283 3272 3271
f 3283 3271 3351
f 6606 3543 3535
f 3535 6617 6616
f 3535 6616 6606
f 3414 6522 6523
f 3414 6523 3415
f 3415 6523 7462
f 3415 7462 6567
f 1653 5366 5390
f 5390 1690 1694
f 5390 1694 5418
f 1654 1653 5390
f 1620 1624 5416
f 5416 1654 5390
f 5390 5418 1621
f 1621 1620 5416
f 5390 1621 5416
f 3417 3418 6573
f 3417 6573 6572
f 3416 6520 6521
f 3416 6521 3418
f 3418 6521 7461
f 3418 7461 6573
f 6276 3044 3039
f 3039 3038 6266
f 3039 6266 6276
f 3419 6520 6519
f 3419 6519 3420
f 3419 3421 6521
f 3419 6521 6520
f 3421 6524 7461
f 3421 7461 6521
f 2066 2128 2139
f 2139 2137 2077
f 2139 2077 2066
f 3082 3085 6346
f 6346 2988 2990
f 2990 2992 3052
f 3052 3049 3048
f 3048 3051 3083
f 3083 3082 6346
f 6346 2990 3052
f 3052 3048 3083
f 6346 3052 3083
f 2069 2070 2132
f 2069 2132 2130
f 3422 3424 6523
f 3422 6523 6522
f 5809 2207 2267
f 5809 2267 5750
f 3424 6525 7462
f 3424 7462 6523
f 3425 3427 6527
f 3425 6527 6526
f 3426 6533 6534
f 3426 6534 3427
f 3427 6534 7463
f 3427 7463 6527
f 5332 1561 1553
f 1553 5312 5306
f 5306 5307 1574
f 1574 5332 1553
f 1553 5306 1574
f 3426 3428 6532
f 3426 6532 6533
f 3672 6711 6730
f 3672 6730 3660
f 6754 3627 3686
f 6754 3686 6695
f 3429 6537 6538
f 3429 6538 3430
f 3430 6538 7462
f 3430 7462 6525
f 3498 3487 3549
f 3549 3560 3558
f 3549 3558 3498
f 4200 4189 7029
f 7029 7047 4198
f 4200 7029 4198
f 3432 3433 3437
f 3432 3437 3434
f 3434 3437 6546
f 3434 6546 6545
f 3433 6541 6542
f 3433 6542 3437
f 3437 6542 7467
f 3437 7467 6546
f 3432 3434 3438
f 3432 3438 3435
f 7066 7053 4208
f 4208 4215 4211
f 4208 4211 7066
f 3439 6543 6544
f 3439 6544 3440
f 3440 6544 7468
f 3440 7468 6547
f 2508 2494 5981
f 2508 5981 5972
f 3441 3444 3445
f 3441 3445 3442
f 3442 3445 6557
f 3442 6557 6556
f 3444 6549 6550
f 3444 6550 3445
f 3445 6550 7469
f 3445 7469 6557
f 5765 5764 2224
f 2224 2226 2225
f 2240 5765 2224
f 2224 2225 2240
f 5137 1276 1268
f 1268 5117 5111
f 5111 5112 1289
f 1289 5137 1268
f 1268 5111 1289
f 3441 3443 3447
f 3441 3447 3444
f 3448 3449 6561
f 3448 6561 6560
f 3449 6547 7468
f 3449 7468 6561
f 5699 5680 2141
f 2141 2144 2156
f 2141 2156 5699
f 4322 4349 4350
f 156 155 4323
f 4322 4350 156
f 156 4323 4322
f 5711 2160 2158
f 5711 2158 5720
f 3450 3451 6582
f 3450 6582 6581
f 2159 5726 5733
f 5733 5684 5685
f 5733 5685 2159
f 3451 6546 7467
f 3451 7467 6582
f 5711 5712 7331
f 7331 5663 2161
f 2161 2160 5711
f 7331 2161 5711
f 3454 3455 3458
f 3454 3458 3456
f 3455 6597 6598
f 3455 6598 3458
f 3454 3456 3459
f 3454 3459 3457
f 3419 3457 3459
f 3419 3459 3421
f 3460 3463 3464
f 3460 3464 3461
f 2673 2611 2610
f 2673 2610 2672
f 3425 3464 3463
f 3463 3426 3427
f 3425 3463 3427
f 3460 3461 3465
f 3460 3465 3462
f 6286 3033 6316
f 6286 6316 6325
f 6326 7428 6286
f 6325 6326 6286
f 3466 3467 3470
f 3466 3470 3468
f 3466 3468 3471
f 3466 3471 3469
f 3469 3471 6599
f 3469 6599 6600
f 3472 3475 3476
f 3472 3476 3473
f 3475 6595 6596
f 3475 6596 3476
f 4213 4216 4245
f 4245 7106 7058
f 7058 7059 4213
f 4245 7058 4213
f 3472 3474 3477
f 3472 3477 3475
f 3814 6779 6838
f 3814 6838 3754
f 3474 6601 6602
f 3474 6602 3477
f 2201 2200 5825
f 5825 5824 2203
f 5825 2203 2201
f 4495 7148 4478
f 348 349 4496
f 4495 4478 348
f 348 4496 4495
f 6 5 9
f 39 38 4262
f 4262 4286 79
f 4262 79 4315
f 9 39 4262
f 4262 4315 6
f 9 4262 6
f 3478 3479 3481
f 3478 3481 3480
f 3479 6590 6591
f 3479 6591 3481
f 3411 3410 3478
f 3478 3480 3482
f 3482 3483 3411
f 3478 3482 3411
f 3482 6579 6580
f 3482 6580 3483
f 3483 6580 7465
f 3483 7465 6586
f 3489 6682 6681
f 6681 3484 3486
f 3489 6681 3486
f 3539 6652 6661
f 3539 6661 3528
f 3484 3485 3488
f 3484 3488 3486
f 3026 3016 3015
f 3026 3015 3094
f 3485 6623 6624
f 3485 6624 3488
f 3488 6624 7477
f 3488 7477 6667
f 3494 6614 6619
f 6619 3490 3497
f 6619 3497 3494
f 3490 6619 6620
f 3490 6620 3491
f 3491 6620 7479
f 3491 7479 6668
f 3492 3493 3496
f 3492 3496 3494
f 3494 3496 6615
f 3494 6615 6614
f 2728 2726 2825
f 2825 6166 6159
f 6159 6160 2728
f 2825 6159 2728
f 3496 6670 7478
f 3496 7478 6615
f 3578 3515 6673
f 3578 6673 6631
f 3498 3499 6613
f 3498 6613 6612
f 3499 6668 7479
f 3499 7479 6613
f 3498 6612 6623
f 6623 3485 3487
f 6623 3487 3498
f 2347 5919 5918
f 2347 5918 2345
f 3500 3501 3503
f 3500 3503 3502
f 3502 3503 6648
f 3502 6648 6647
f 3501 6671 6672
f 3501 6672 3503
f 6616 3557 3552
f 3552 3551 6606
f 3552 6606 6616
f 3502 6647 6646
f 3502 6646 3504
f 2285 2221 2223
f 2285 2223 2286
f 3505 3506 6643
f 3505 6643 6642
f 3705 3643 6759
f 3705 6759 6717
f 3506 6673 7485
f 3506 7485 6643
f 7525 6942 3894
f 7525 3894 6928
f 3509 3511 6637
f 3509 6637 6638
f 3508 3509 3512
f 3508 3512 3510
f 3510 3512 6675
f 3510 6675 6674
f 3509 6638 6639
f 3509 6639 3512
f 3512 6639 7484
f 3512 7484 6675
f 3952 3890 3889
f 3952 3889 3951
f 3992 3993 6929
f 6929 7523 6909
f 6909 6908 3992
f 6929 6909 3992
f 3513 6635 6636
f 3513 6636 3515
f 3515 6636 7485
f 3515 7485 6673
f 3517 3518 6659
f 3517 6659 6658
f 3516 6647 6648
f 3516 6648 3518
f 3518 6648 7483
f 3518 7483 6659
f 5609 1985 1993
f 5609 1993 5596
f 6627 3543 3544
f 6627 3544 6628
f 626 4665 7179
f 626 7179 4688
f 6638 6637 6642
f 6642 3519 3523
f 6642 3523 6638
f 3519 6642 6643
f 3519 6643 3520
f 3520 6643 7485
f 3520 7485 6660
f 3619 3620 3680
f 3619 3680 3678
f 2233 2224 5764
f 2233 5764 5753
f 3523 3524 6639
f 3523 6639 6638
f 3522 6654 6655
f 3522 6655 3524
f 3524 6655 7484
f 3524 7484 6639
f 6843 6801 3833
f 6843 3833 3770
f 3525 3526 6636
f 3525 6636 6635
f 3526 6660 7485
f 3526 7485 6636
f 3525 6635 6646
f 6646 6647 3516
f 6646 3516 3525
f 3128 3129 3119
f 3119 6392 6381
f 3119 6381 3128
f 3527 3528 3530
f 3527 3530 3529
f 3529 3530 6634
f 3529 6634 6633
f 3528 6661 6662
f 3528 6662 3530
f 3530 6662 7482
f 3530 7482 6634
f 5261 5260 5236
f 5236 1487 1483
f 5236 1483 5261
f 5661 2122 2114
f 2114 5672 5671
f 2114 5671 5661
f 5135 5150 1264
f 5135 1264 1317
f 2649 6029 6048
f 2649 6048 2637
f 7003 4049 6955
f 6955 7530 7004
f 6955 7004 7003
f 3674 3673 6712
f 6712 6711 3672
f 6712 3672 3674
f 5549 7311 5509
f 5509 1853 5548
f 5549 5509 5548
f 6614 3523 3519
f 6614 3519 6619
f 3533 3534 6622
f 3533 6622 6621
f 3534 6651 7475
f 3534 7475 6622
f 6774 3800 3788
f 3788 6791 6773
f 3788 6773 6774
f 332 4459 4460
f 332 4460 330
f 3526 6613 7479
f 3526 7479 6660
f 6619 3519 3520
f 6619 3520 6620
f 3535 3537 6618
f 3535 6618 6617
f 3536 6652 6653
f 3536 6653 3537
f 3537 6653 7476
f 3537 7476 6618
f 4608 4581 4580
f 4580 4594 559
f 559 552 547
f 547 4608 4580
f 4580 559 547
f 4071 4060 6943
f 6943 6961 4069
f 4071 6943 4069
f 3523 6614 6615
f 6615 3538 3522
f 3522 3524 3523
f 6615 3522 3523
f 7089 4178 7041
f 7041 7543 7090
f 7041 7090 7089
f 2231 2227 5760
f 2231 5760 5755
f 7349 5801 2234
f 7349 2234 5754
f 6612 6613 3526
f 6612 3526 3525
f 3539 3540 6653
f 3539 6653 6652
f 6611 3540 3612
f 3612 6670 6669
f 6676 6677 6610
f 3612 6669 6676
f 6610 6611 3612
f 3612 6676 6610
f 3540 6611 7476
f 3540 7476 6653
f 4199 4139 4138
f 4199 4138 4198
f 3541 3542 6650
f 3541 6650 6649
f 3542 6667 7477
f 3542 7477 6650
f 7032 4183 4175
f 4175 7043 7042
f 4175 7042 7032
f 3543 6606 6607
f 3543 6607 3544
f 3544 6607 7475
f 3544 7475 6651
f 3546 3547 6657
f 3546 6657 6656
f 3545 6604 6605
f 3545 6605 3547
f 3547 6605 7474
f 3547 7474 6657
f 3614 3613 6767
f 6767 3711 3710
f 3713 3675 3676
f 6767 3710 3713
f 3616 3614 6767
f 3713 3676 3616
f 6767 3713 3616
f 3548 6604 6603
f 3548 6603 3549
f 6694 6753 3669
f 6694 3669 3709
f 3174 6355 6414
f 3174 6414 3114
f 3548 3550 6605
f 3548 6605 6604
f 724 723 4713
f 4713 4714 722
f 4713 722 724
f 3550 6608 7474
f 3550 7474 6605
f 2518 5945 5944
f 5944 2517 2519
f 5944 2519 2518
f 3722 3725 6770
f 6770 3628 3630
f 3630 3632 3692
f 3692 3689 3688
f 3688 3691 3723
f 3723 3722 6770
f 6770 3630 3692
f 3692 3688 3723
f 6770 3692 3723
f 3551 3553 6607
f 3551 6607 6606
f 6922 6863 3936
f 6922 3936 3875
f 3553 6609 7475
f 3553 7475 6607
f 3554 3556 6611
f 3554 6611 6610
f 3555 6617 6618
f 3555 6618 3556
f 3556 6618 7476
f 3556 7476 6611
f 2392 2393 2399
f 2399 2334 2327
f 2399 2327 2392
f 3555 3557 6616
f 3555 6616 6617
f 4003 7008 6949
f 4003 6949 4064
f 3558 6621 6622
f 3558 6622 3559
f 3559 6622 7475
f 3559 7475 6609
f 2939 6245 6252
f 6252 6203 6204
f 6252 6204 2939
f 6226 2895 2881
f 6226 2881 6235
f 3561 3562 3566
f 3561 3566 3563
f 3563 3566 6630
f 3563 6630 6629
f 3562 6625 6626
f 3562 6626 3566
f 3566 6626 7480
f 3566 7480 6630
f 3561 3563 3567
f 3561 3567 3564
f 2870 6262 6261
f 2870 6261 2868
f 7414 6194 2880
f 7414 2880 6234
f 6726 6713 3695
f 3695 3702 3698
f 3695 3698 6726
f 3568 6627 6628
f 3568 6628 3569
f 3569 6628 7481
f 3569 7481 6631
f 3570 3573 3574
f 3570 3574 3571
f 3571 3574 6641
f 3571 6641 6640
f 3573 6633 6634
f 3573 6634 3574
f 3574 6634 7482
f 3574 7482 6641
f 284 279 4447
f 4447 201 205
f 4447 205 284
f 3787 6794 6793
f 6793 3771 3773
f 3773 3772 3787
f 3787 6793 3773
f 2202 2205 2265
f 2265 2263 2300
f 2300 2297 2299
f 2299 5825 2200
f 2200 2202 2265
f 2265 2300 2299
f 2265 2299 2200
f 3570 3572 3576
f 3570 3576 3573
f 3577 3578 6645
f 3577 6645 6644
f 3578 6631 7481
f 3578 7481 6645
f 5785 5766 2270
f 2270 2273 2285
f 2270 2285 5785
f 7277 5300 1615
f 7277 1615 5339
f 3276 3261 6488
f 3276 6488 6479
f 7451 6454 3276
f 3276 6479 6480
f 3276 6480 7451
f 5219 1354 1353
f 1353 1374 1397
f 1397 1420 1424
f 1344 1348 5219
f 5219 1353 1397
f 1397 1424 1344
f 5219 1397 1344
f 3618 6768 6767
f 6767 3613 3615
f 3618 6767 3615
f 4558 7159 4541
f 4558 4541 430
f 3579 3580 6666
f 3579 6666 6665
f 2030 5640 5647
f 5647 5598 5599
f 5647 5599 2030
f 3580 6630 7480
f 3580 7480 6666
f 6230 6231 7409
f 7409 6182 2941
f 2941 2940 6230
f 7409 2941 6230
f 2669 2609 2619
f 2619 2618 2681
f 2619 2681 2669
f 3583 3584 3587
f 3583 3587 3585
f 3584 6681 6682
f 3584 6682 3587
f 3583 3585 3588
f 3583 3588 3586
f 3548 3586 3588
f 3548 3588 3550
f 664 659 4706
f 4706 581 585
f 4706 585 664
f 3589 3592 3593
f 3589 3593 3590
f 5560 5559 1916
f 1912 1915 5560
f 1916 1912 5560
f 3554 3593 3592
f 3592 3555 3556
f 3554 3592 3556
f 6014 6081 2697
f 6014 2697 2658
f 3589 3590 3594
f 3589 3594 3591
f 3591 3594 6683
f 3591 6683 6684
f 7146 4450 354
f 7146 354 4486
f 3595 3596 3599
f 3595 3599 3597
f 746 4725 4726
f 746 4726 750
f 2181 2184 2155
f 2181 2155 2151
f 3595 3597 3600
f 3595 3600 3598
f 3598 3600 6685
f 3598 6685 6686
f 3601 3604 3605
f 3601 3605 3602
f 3604 6679 6680
f 3604 6680 3605
f 2677 2680 2709
f 2709 6084 6036
f 6036 6037 2677
f 2709 6036 2677
f 3601 3603 3606
f 3601 3606 3604
f 3989 6942 7525
f 7525 6933 3987
f 3989 7525 3987
f 3603 6687 6688
f 3603 6688 3606
f 6012 6071 2646
f 6012 2646 2686
f 7038 4165 4156
f 7038 4156 7049
f 3621 3718 3721
f 3621 3721 3622
f 790 4793 4792
f 790 4792 793
f 3479 3401 6549
f 6549 6548 6596
f 6596 6595 7473
f 7473 6590 3479
f 3479 6549 6596
f 6596 7473 3479
f 3607 3608 3610
f 3607 3610 3609
f 3608 6674 6675
f 3608 6675 3610
f 3540 3539 3607
f 3607 3609 3611
f 3611 3612 3540
f 3607 3611 3540
f 3611 6663 6664
f 3611 6664 3612
f 3612 6664 7478
f 3612 7478 6670
f 7080 7089 4251
f 7080 4251 4249
f 3613 3614 3617
f 3613 3617 3615
f 3794 3783 3782
f 3794 3782 3862
f 3614 6709 6710
f 3614 6710 3617
f 3617 6710 7490
f 3617 7490 6753
f 3623 6700 6705
f 6705 3619 3625
f 6705 3625 3623
f 3619 6705 6706
f 3619 6706 3620
f 3620 6706 7492
f 3620 7492 6754
f 3621 3622 3624
f 3621 3624 3623
f 3623 3624 6701
f 3623 6701 6700
f 4005 4007 7023
f 7023 4105 7016
f 7009 7010 4008
f 7023 7016 7009
f 4008 4005 7023
f 7023 7009 4008
f 3624 6756 7491
f 3624 7491 6701
f 4171 4186 7082
f 4171 7082 7091
f 3609 3610 6675
f 6675 7484 6655
f 6655 6654 3609
f 6675 6655 3609
f 3626 3627 6699
f 3626 6699 6698
f 3627 6754 7492
f 3627 7492 6699
f 6151 2753 6131
f 6131 7404 6152
f 6131 6152 6151
f 3626 6698 6709
f 6709 3614 3616
f 6709 3616 3626
f 2732 6174 6173
f 2732 6173 2733
f 3602 3605 3576
f 3602 3576 3572
f 3628 3629 3631
f 3628 3631 3630
f 3630 3631 6734
f 3630 6734 6733
f 3629 6757 6758
f 3629 6758 3631
f 2699 2702 6090
f 6090 2605 2607
f 2607 2609 2669
f 2669 2666 2665
f 2665 2668 2700
f 2700 2699 6090
f 6090 2607 2669
f 2669 2665 2700
f 6090 2669 2700
f 3630 6733 6732
f 3630 6732 3632
f 2247 2236 2235
f 2247 2235 2315
f 4088 4025 4027
f 4088 4027 4089
f 3633 3634 6729
f 3633 6729 6728
f 3634 6759 7498
f 3634 7498 6729
f 6807 3766 3762
f 3762 3760 6812
f 3762 6812 6807
f 2827 2795 2798
f 2827 2798 2830
f 2254 5797 5806
f 2254 5806 2239
f 1893 1897 1833
f 1833 1831 1830
f 1830 5570 1925
f 1925 1923 1924
f 1924 1894 1892
f 1892 1893 1833
f 1833 1830 1925
f 1924 1892 1833
f 1833 1925 1924
f 3637 3639 6723
f 3637 6723 6724
f 3636 3637 3640
f 3636 3640 3638
f 3638 3640 6761
f 3638 6761 6760
f 3637 6724 6725
f 3637 6725 3640
f 3640 6725 7497
f 3640 7497 6761
f 2290 5749 5808
f 2290 5808 2250
f 3832 3768 3770
f 3832 3770 3833
f 3641 6721 6722
f 3641 6722 3643
f 3643 6722 7498
f 3643 7498 6759
f 1572 1571 5318
f 5318 7277 5339
f 5318 5339 1572
f 3604 3606 6688
f 6688 7486 6679
f 6688 6679 3604
f 3645 3646 6745
f 3645 6745 6744
f 3644 6733 6734
f 3644 6734 3646
f 3646 6734 7496
f 3646 7496 6745
f 3671 6714 6713
f 3671 6713 3670
f 5620 7325 5597
f 5620 5597 1994
f 1984 5614 7325
f 1984 7325 5620
f 6724 6723 6728
f 6728 3647 3651
f 6728 3651 6724
f 3647 6728 6729
f 3647 6729 3648
f 3648 6729 7498
f 3648 7498 6746
f 6698 3653 3644
f 6698 3644 6709
f 3410 3400 3399
f 3410 3399 3478
f 3651 3652 6725
f 3651 6725 6724
f 3650 6740 6741
f 3650 6741 3652
f 3652 6741 7497
f 3652 7497 6725
f 3824 6801 6843
f 3824 6843 3761
f 3653 3654 6722
f 3653 6722 6721
f 3654 6746 7498
f 3654 7498 6722
f 3653 6721 6732
f 6732 6733 3644
f 6732 3644 3653
f 3655 3656 3658
f 3655 3658 3657
f 3657 3658 6720
f 3657 6720 6719
f 3656 6747 6748
f 3656 6748 3658
f 3658 6748 7495
f 3658 7495 6720
f 2582 6006 7382
f 7382 5998 2580
f 2582 7382 2580
f 4221 4222 4182
f 4182 4181 7098
f 7098 7097 4220
f 4220 4219 4221
f 4221 4182 7098
f 7098 4220 4221
f 6742 3708 3706
f 6742 3706 6751
f 4005 4004 7024
f 7024 7023 4007
f 7024 4007 4005
f 6737 7494 6714
f 6737 6714 3671
f 3789 6815 7507
f 3789 7507 6821
f 1984 1983 5613
f 1984 5613 5614
f 3802 3801 3786
f 3786 6796 6795
f 6795 3800 3802
f 3786 6795 3802
f 7050 7049 4156
f 4156 4158 4157
f 4172 7050 4156
f 4156 4157 4172
f 6782 3780 3771
f 6782 3771 6793
f 3660 3661 6708
f 3660 6708 6707
f 3661 6737 7488
f 3661 7488 6708
f 6008 2649 2637
f 2637 6025 6007
f 2637 6007 6008
f 2374 2372 5870
f 5870 5871 2358
f 2358 2373 2374
f 5870 2358 2374
f 4611 4610 4586
f 4586 537 533
f 4586 533 4611
f 3662 3664 6704
f 3662 6704 6703
f 3663 6738 6739
f 3663 6739 3664
f 3664 6739 7489
f 3664 7489 6704
f 5972 5981 2501
f 5972 2501 2511
f 340 339 4463
f 4463 4464 338
f 4463 338 340
f 6652 3536 3521
f 6652 3521 6661
f 3648 6706 6705
f 3648 6705 3647
f 3992 6908 6917
f 3992 6917 3994
f 6323 3025 6275
f 6275 7426 6324
f 6275 6324 6323
f 7362 5891 2363
f 7362 2363 5841
f 4012 7026 7025
f 4012 7025 4013
f 7317 5571 1832
f 7317 1832 5557
f 3666 3667 6739
f 3666 6739 6738
f 6697 3667 3739
f 3739 6756 6755
f 6762 6763 6696
f 3739 6755 6762
f 6696 6697 3739
f 3739 6762 6696
f 3667 6697 7489
f 3667 7489 6739
f 3668 3669 6736
f 3668 6736 6735
f 3669 6753 7490
f 3669 7490 6736
f 6744 6745 7496
f 7496 6734 3631
f 3631 6758 3668
f 3668 6735 6744
f 6744 7496 3631
f 3631 3668 6744
f 48 4266 7120
f 48 7120 4307
f 2326 5913 5912
f 5912 2321 2323
f 2326 5912 2323
f 6130 6117 2799
f 2799 2806 2802
f 2799 2802 6130
f 3670 6692 6693
f 3670 6693 3671
f 3671 6693 7488
f 3671 7488 6737
f 3673 3674 6743
f 3673 6743 6742
f 3672 6690 6691
f 3672 6691 3674
f 3674 6691 7487
f 3674 7487 6743
f 2571 2574 6004
f 6004 2473 2475
f 2475 2477 2539
f 2539 2536 2535
f 2535 2538 2572
f 2572 2571 6004
f 6004 2475 2539
f 2539 2535 2572
f 6004 2539 2572
f 3675 6690 6689
f 3675 6689 3676
f 2684 6075 6082
f 6082 6033 6034
f 6082 6034 2684
f 3675 3677 6691
f 3675 6691 6690
f 4676 4675 4651
f 4651 632 628
f 4651 628 4676
f 3677 6694 7487
f 3677 7487 6691
f 2131 2136 2076
f 2076 2069 2130
f 2076 2130 2131
f 2174 2177 5741
f 5741 2079 2081
f 2081 2083 2144
f 2144 2141 2140
f 2140 2143 2175
f 2175 2174 5741
f 5741 2081 2144
f 2144 2140 2175
f 5741 2144 2175
f 2198 2199 2261
f 2198 2261 2259
f 3678 3680 6693
f 3678 6693 6692
f 3859 3861 6856
f 6856 7512 6849
f 6856 6849 3859
f 3680 6695 7488
f 3680 7488 6693
f 3681 3683 6697
f 3681 6697 6696
f 3682 6703 6704
f 3682 6704 3683
f 3683 6704 7489
f 3683 7489 6697
f 3223 3144 6379
f 6379 6378 6426
f 6426 6425 7447
f 7447 6420 3223
f 3223 6379 6426
f 6426 7447 3223
f 3682 3684 6702
f 3682 6702 6703
f 2267 2207 2206
f 2267 2206 2266
f 6891 3895 3891
f 3891 3889 6896
f 3891 6896 6891
f 3685 6707 6708
f 3685 6708 3686
f 3686 6708 7488
f 3686 7488 6695
f 2986 2975 3036
f 3036 3047 3045
f 3036 3045 2986
f 7078 4176 4161
f 7078 4161 7087
f 3147 3132 6404
f 3147 6404 6395
f 7438 6370 3147
f 3147 6395 6396
f 6396 7438 3147
f 5883 2373 2358
f 5883 2358 5892
f 3688 3689 3693
f 3688 3693 3690
f 3690 3693 6716
f 3690 6716 6715
f 3689 6711 6712
f 3689 6712 3693
f 3693 6712 7493
f 3693 7493 6716
f 3688 3690 3694
f 3688 3694 3691
f 5949 5991 2474
f 2474 6003 2576
f 2576 2573 2575
f 2575 2541 2537
f 2537 5949 2474
f 2474 2576 2575
f 2474 2575 2537
f 3695 6713 6714
f 3695 6714 3696
f 3696 6714 7494
f 3696 7494 6717
f 3697 3700 3701
f 3697 3701 3698
f 3698 3701 6727
f 3698 6727 6726
f 3700 6719 6720
f 3700 6720 3701
f 3701 6720 7495
f 3701 7495 6727
f 3697 3699 3703
f 3697 3703 3700
f 3857 3860 3831
f 3857 3831 3827
f 3704 3705 6731
f 3704 6731 6730
f 3705 6717 7494
f 3705 7494 6731
f 6474 6455 3306
f 3306 3309 3321
f 3306 3321 6474
f 341 4471 7149
f 341 7149 4493
f 5916 2444 5909
f 5909 5902 2338
f 5909 2338 5916
f 3706 3707 6752
f 3706 6752 6751
f 2288 5812 5819
f 5819 5770 5771
f 5819 5771 2288
f 3707 6716 7493
f 3707 7493 6752
f 2466 2465 6002
f 6002 6001 2468
f 6002 2468 2466
f 3655 3657 3735
f 3655 3735 3734
f 2544 2479 2478
f 2544 2478 2542
f 3710 3711 3714
f 3710 3714 3712
f 2633 2632 2711
f 2633 2711 2643
f 3711 6767 6768
f 3711 6768 3714
f 1482 5234 7265
f 1482 7265 5277
f 3710 3712 3715
f 3710 3715 3713
f 3675 3713 3715
f 3675 3715 3677
f 3716 3719 3720
f 3716 3720 3717
f 5818 5817 2302
f 2298 2301 5818
f 2302 2298 5818
f 3681 3720 3719
f 3719 3682 3683
f 3681 3719 3683
f 6184 6251 2952
f 6184 2952 2913
f 3716 3717 3721
f 3716 3721 3718
f 4057 6996 7005
f 7006 7532 6966
f 6966 4057 7005
f 7005 7006 6966
f 5235 5250 1481
f 5279 1451 1446
f 5235 1481 5279
f 5263 1520 5235
f 5279 1446 5263
f 5279 5263 5235
f 3722 3723 3726
f 3722 3726 3724
f 3722 3724 3727
f 3722 3727 3725
f 3725 3727 6769
f 3725 6769 6770
f 3728 3731 3732
f 3728 3732 3729
f 3731 6765 6766
f 3731 6766 3732
f 2023 2026 2055
f 2055 5649 5601
f 5601 5602 2023
f 2055 5601 2023
f 3728 3730 3733
f 3728 3733 3731
f 1861 5535 5544
f 1861 5544 1850
f 3730 6771 6772
f 3730 6772 3733
f 1380 5191 5190
f 1380 5190 1379
f 4076 4016 4026
f 4026 4025 4088
f 4026 4088 4076
f 4539 4523 427
f 427 407 4556
f 4556 429 4540
f 4540 4539 427
f 427 4556 4540
f 3734 3735 3737
f 3734 3737 3736
f 3735 6760 6761
f 3735 6761 3737
f 3667 3666 3734
f 3734 3736 3738
f 3738 3739 3667
f 3734 3738 3667
f 3738 6749 6750
f 3738 6750 3739
f 3739 6750 7491
f 3739 7491 6756
f 4133 4132 7110
f 7110 7109 4135
f 7110 4135 4133
f 3222 3142 3144
f 3222 3144 3223
f 7078 7087 4168
f 7078 4168 4179
f 3237 3236 6514
f 6514 6513 3239
f 6514 3239 3237
f 3740 3741 3744
f 3740 3744 3742
f 3741 6793 6794
f 3741 6794 3744
f 3744 6794 7503
f 3744 7503 6837
f 4050 4040 4039
f 4050 4039 4118
f 3750 6784 6789
f 6789 3746 3752
f 6789 3752 3750
f 3746 6789 6790
f 3746 6790 3747
f 3747 6790 7505
f 3747 7505 6838
f 3748 3749 3751
f 3748 3751 3750
f 3750 3751 6785
f 3750 6785 6784
f 2518 5976 5985
f 5986 7376 5945
f 5945 2518 5985
f 5985 5986 5945
f 3751 6840 7504
f 3751 7504 6785
f 5711 5720 2110
f 5711 2110 2125
f 3753 3754 6783
f 3753 6783 6782
f 3754 6838 7505
f 3754 7505 6783
f 3753 6782 6793
f 6793 3741 3743
f 6793 3743 3753
f 231 223 4403
f 4397 4398 244
f 231 4403 4397
f 244 4423 231
f 4397 244 231
f 5981 2494 5961
f 5961 7378 5982
f 5961 5982 5981
f 6769 3727 6764
f 6764 6757 3629
f 6764 3629 6769
f 3755 3756 3758
f 3755 3758 3757
f 3757 3758 6818
f 3757 6818 6817
f 3756 6841 6842
f 3756 6842 3758
f 2414 2418 2348
f 2348 2346 2345
f 2345 5918 2447
f 2447 2445 2446
f 2446 2415 2413
f 2413 2414 2348
f 2348 2345 2447
f 2446 2413 2348
f 2348 2447 2446
f 3757 6817 6816
f 3757 6816 3759
f 5592 1967 1969
f 1969 1968 1982
f 1982 5593 5592
f 1969 1982 5592
f 4080 4018 4017
f 4080 4017 4079
f 3760 3761 6813
f 3760 6813 6812
f 2317 2318 5816
f 5816 7354 5796
f 5796 5795 2317
f 5816 5796 2317
f 3761 6843 7511
f 3761 7511 6813
f 4086 4079 4017
f 4019 4023 4086
f 4017 4019 4086
f 3864 3865 6845
f 6845 7510 6825
f 6825 6824 3864
f 6845 6825 3864
f 3510 6688 6687
f 3510 6687 3508
f 7473 6602 3382
f 7473 3382 6590
f 2021 2025 1962
f 1962 1960 1959
f 1959 5656 2053
f 2053 2051 2052
f 2052 2022 2020
f 2020 2021 1962
f 1962 1959 2053
f 2052 2020 1962
f 1962 2053 2052
f 3764 3766 6807
f 3764 6807 6808
f 3763 3764 3767
f 3763 3767 3765
f 3765 3767 6845
f 3765 6845 6844
f 3764 6808 6809
f 3764 6809 3767
f 3767 6809 7510
f 3767 7510 6845
f 2221 2222 2212
f 2212 5787 5776
f 2212 5776 2221
f 2808 2745 2747
f 2808 2747 2809
f 6077 2611 2673
f 6077 2673 6035
f 3768 6805 6806
f 3768 6806 3770
f 3770 6806 7511
f 3770 7511 6843
f 3772 3773 6829
f 3772 6829 6828
f 3771 6817 6818
f 3771 6818 3773
f 3773 6818 7509
f 3773 7509 6829
f 6894 3918 3926
f 6894 3926 6881
f 3799 6798 6797
f 3799 6797 3798
f 3747 3808 3806
f 3747 3806 3746
f 6808 6807 6812
f 6812 3774 3778
f 6812 3778 6808
f 3774 6812 6813
f 3774 6813 3775
f 3775 6813 7511
f 3775 7511 6830
f 2791 2780 6093
f 6093 6111 2789
f 2791 6093 2789
f 2880 6194 6193
f 2880 6193 2879
f 2101 2117 5718
f 2101 5718 5709
f 3778 3779 6809
f 3778 6809 6808
f 3777 6824 6825
f 3777 6825 3779
f 3779 6825 7510
f 3779 7510 6809
f 7013 4018 4080
f 7013 4080 6971
f 3780 3781 6806
f 3780 6806 6805
f 3781 6830 7511
f 3781 7511 6806
f 3780 6805 6816
f 6816 6817 3771
f 6816 3771 3780
f 3782 3783 3785
f 3782 3785 3784
f 3784 3785 6804
f 3784 6804 6803
f 3783 6831 6832
f 3783 6832 3785
f 3785 6832 7508
f 3785 7508 6804
f 4757 7185 4712
f 4712 725 726
f 726 4758 4757
f 4712 726 4757
f 317 4470 4469
f 317 4469 315
f 2160 2161 2121
f 2121 2120 5727
f 5727 5726 2159
f 2159 2158 2160
f 2160 2121 5727
f 5727 2159 2160
f 1498 1508 1456
f 1456 1461 1465
f 1428 1432 1503
f 1465 1433 1428
f 1498 1456 1465
f 1428 1503 1498
f 1465 1428 1498
f 4279 51 52
f 52 4296 4295
f 4295 4278 4279
f 52 4295 4279
f 6821 7507 6798
f 6821 6798 3799
f 2369 5875 5876
f 2369 5876 2370
f 2548 2551 2581
f 2581 2580 5998
f 5952 5953 2548
f 2581 5998 5952
f 2581 5952 2548
f 1385 1384 5177
f 5177 5178 1383
f 5177 1383 1385
f 5632 1988 5584
f 5584 7322 5633
f 5584 5633 5632
f 1086 1078 4987
f 4981 4982 1099
f 1086 4987 4981
f 1099 5007 1086
f 4981 1099 1086
f 3046 2987 2986
f 3046 2986 3045
f 6784 3778 3774
f 6784 3774 6789
f 3788 3789 6792
f 3788 6792 6791
f 4497 7145 4453
f 4453 345 346
f 346 4498 4497
f 4453 346 4497
f 3789 6821 7501
f 3789 7501 6792
f 5609 5596 2018
f 2018 2025 2021
f 2018 2021 5609
f 4140 7112 7111
f 4140 7111 4141
f 1847 1838 5506
f 1847 5506 5495
f 6782 6783 3781
f 6782 3781 3780
f 3814 3754 3753
f 3814 3753 3813
f 3790 3792 6788
f 3790 6788 6787
f 3791 6822 6823
f 3791 6823 3792
f 3792 6823 7502
f 3792 7502 6788
f 1386 5185 7259
f 1386 7259 5208
f 720 719 4722
f 4722 4723 718
f 4722 718 720
f 2753 6151 6142
f 2753 6142 2767
f 6789 3774 3775
f 6789 3775 6790
f 3918 6894 6895
f 6895 3905 3919
f 3919 3920 3918
f 6895 3919 3918
f 6783 7505 6830
f 6783 6830 3781
f 5848 2357 5891
f 5848 5891 7362
f 2552 2486 2488
f 2552 2488 2553
f 3794 3795 6823
f 3794 6823 6822
f 6781 3795 3867
f 3867 6840 6839
f 6846 6847 6780
f 3867 6839 6846
f 6780 6781 3867
f 3867 6846 6780
f 3795 6781 7502
f 3795 7502 6823
f 2377 2365 2364
f 2377 2364 2451
f 3796 3797 6820
f 3796 6820 6819
f 3797 6837 7503
f 3797 7503 6820
f 2368 2354 5889
f 2368 5889 5880
f 7360 5853 2368
f 2368 5880 5881
f 2368 5881 7360
f 6522 3414 3406
f 3406 6533 6532
f 3406 6532 6522
f 3798 6776 6777
f 3798 6777 3799
f 3799 6777 7501
f 3799 7501 6821
f 335 4477 4476
f 335 4476 334
f 1885 5512 5561
f 5561 1919 1921
f 1921 1889 1885
f 5561 1921 1885
f 3801 3802 6827
f 3801 6827 6826
f 3800 6774 6775
f 3800 6775 3802
f 3802 6775 7500
f 3802 7500 6827
f 6440 6507 3337
f 6440 3337 3298
f 1807 1806 5564
f 5564 1906 1905
f 1908 1870 1871
f 5564 1905 1908
f 1809 1807 5564
f 1908 1871 1809
f 5564 1908 1809
f 3803 6774 6773
f 3803 6773 3804
f 5621 5630 1979
f 5621 1979 1989
f 3803 3805 6775
f 3803 6775 6774
f 6048 6029 2666
f 2666 2669 2681
f 2666 2681 6048
f 3805 6778 7500
f 3805 7500 6775
f 2847 2908 2919
f 2919 2917 2858
f 2919 2858 2847
f 6362 3172 3167
f 3167 3166 6352
f 3167 6352 6362
f 3673 6742 6751
f 6752 7493 6712
f 6712 3673 6751
f 6751 6752 6712
f 3806 3808 6777
f 3806 6777 6776
f 6056 6065 2633
f 6056 2633 2643
f 3808 6779 7501
f 3808 7501 6777
f 3809 3811 6781
f 3809 6781 6780
f 3810 6787 6788
f 3810 6788 3811
f 3811 6788 7502
f 3811 7502 6781
f 2854 2857 2916
f 2916 2914 2951
f 2951 2948 2950
f 2950 6258 2852
f 2852 2854 2916
f 2916 2951 2950
f 2916 2950 2852
f 3810 3812 6786
f 3810 6786 6787
f 3897 3898 3888
f 3888 6900 6889
f 3888 6889 3897
f 3813 6791 6792
f 3813 6792 3814
f 3814 6792 7501
f 3814 7501 6779
f 2360 5842 5843
f 5843 2376 2359
f 2359 2361 2360
f 5843 2359 2360
f 3431 3420 6519
f 6519 6537 3429
f 3431 6519 3429
f 3816 3817 3821
f 3816 3821 3818
f 3818 3821 6800
f 3818 6800 6799
f 3817 6795 6796
f 3817 6796 3821
f 3821 6796 7506
f 3821 7506 6800
f 3816 3818 3822
f 3816 3822 3819
f 5937 2492 2493
f 5937 2493 5938
f 6894 6881 3951
f 3951 3958 3954
f 3951 3954 6894
f 3823 6797 6798
f 3823 6798 3824
f 3824 6798 7507
f 3824 7507 6801
f 3825 3828 3829
f 3825 3829 3826
f 3826 3829 6811
f 3826 6811 6810
f 3828 6803 6804
f 3828 6804 3829
f 3829 6804 7508
f 3829 7508 6811
f 5108 1282 1262
f 1262 5141 1284
f 1284 5125 5124
f 5124 5108 1262
f 1262 1284 5124
f 3825 3827 3831
f 3825 3831 3828
f 3832 3833 6815
f 3832 6815 6814
f 3833 6801 7507
f 3833 7507 6815
f 6730 6711 3689
f 3689 3692 3704
f 3689 3704 6730
f 84 4270 4271
f 84 4271 81
f 7117 4261 95
f 7117 95 4300
f 1044 1039 4966
f 4966 961 965
f 4966 965 1044
f 3010 3025 6323
f 3010 6323 6314
f 3834 3835 6836
f 3834 6836 6835
f 2486 2487 2477
f 2477 5967 5955
f 2477 5955 2486
f 3835 6800 7506
f 3835 7506 6836
f 2072 2071 5739
f 5739 5738 2074
f 5739 2074 2072
f 4820 7198 4802
f 823 824 4821
f 4820 4802 823
f 823 4821 4820
f 6402 6403 7435
f 7435 6354 3197
f 3197 3196 6402
f 7435 3197 6402
f 3838 3839 3842
f 3838 3842 3840
f 527 526 4603
f 4603 7167 4624
f 4603 4624 527
f 3839 6851 6852
f 3839 6852 3842
f 3838 3840 3843
f 3838 3843 3841
f 3803 3841 3843
f 3803 3843 3805
f 3844 3847 3848
f 3844 3848 3845
f 6423 6422 3209
f 3205 3208 6423
f 3209 3205 6423
f 3809 3848 3847
f 3847 3810 3811
f 3809 3847 3811
f 3844 3845 3849
f 3844 3849 3846
f 6742 6743 7487
f 7487 6694 3709
f 3709 3708 6742
f 7487 3709 6742
f 5145 7248 5127
f 1298 1299 5146
f 5145 5127 1298
f 1298 5146 5145
f 528 4593 7168
f 528 7168 4625
f 3850 3851 3854
f 3850 3854 3852
f 3850 3852 3855
f 3850 3855 3853
f 3853 3855 6853
f 3853 6853 6854
f 3856 3859 3860
f 3856 3860 3857
f 3859 6849 6850
f 3859 6850 3860
f 2932 2935 2964
f 2964 6254 6206
f 6206 6207 2932
f 2964 6206 2932
f 3856 3858 3861
f 3856 3861 3859
f 6922 3883 3942
f 6922 3942 6863
f 3858 6855 6856
f 3858 6856 3861
f 4039 4041 4119
f 4039 4119 4118
f 2967 2889 6207
f 6207 6206 6254
f 6254 6253 7421
f 7421 6248 2967
f 2967 6207 6254
f 6254 7421 2967
f 3862 3863 3865
f 3862 3865 3864
f 3863 6844 6845
f 3863 6845 3865
f 3795 3794 3862
f 3862 3864 3866
f 3866 3867 3795
f 3862 3866 3795
f 3648 6746 7492
f 3648 7492 6706
f 3866 6833 6834
f 3866 6834 3867
f 3867 6834 7504
f 3867 7504 6840
f 4001 7022 7021
f 7021 3996 3998
f 4001 7021 3998
f 3868 3869 3872
f 3868 3872 3870
f 7080 4162 4178
f 7080 4178 7089
f 3869 6877 6878
f 3869 6878 3872
f 3872 6878 7516
f 3872 7516 6921
f 3878 6868 6873
f 6873 3874 3881
f 6873 3881 3878
f 3874 6873 6874
f 3874 6874 3875
f 3875 6874 7518
f 3875 7518 6922
f 3876 3877 3880
f 3876 3880 3878
f 3878 3880 6869
f 3878 6869 6868
f 3493 3495 6683
f 6683 3594 6676
f 6669 6670 3496
f 6683 6676 6669
f 3496 3493 6683
f 6683 6669 3496
f 3880 6924 7517
f 3880 7517 6869
f 3353 3354 6505
f 6505 7458 6485
f 6485 6484 3353
f 6505 6485 3353
f 3882 3883 6867
f 3882 6867 6866
f 3883 6922 7518
f 3883 7518 6867
f 3882 6866 6877
f 6877 3869 3871
f 6877 3871 3882
f 3884 3885 3887
f 3884 3887 3886
f 3886 3887 6902
f 3886 6902 6901
f 3885 6925 6926
f 3885 6926 3887
f 6661 3521 6641
f 6641 7482 6662
f 6641 6662 6661
f 4106 4109 7026
f 7026 4012 4014
f 4014 4016 4076
f 4076 4073 4072
f 4072 4075 4107
f 4107 4106 7026
f 7026 4014 4076
f 4076 4072 4107
f 7026 4076 4107
f 3886 6901 6900
f 3886 6900 3888
f 3192 3128 3130
f 3192 3130 3193
f 3889 3890 6897
f 3889 6897 6896
f 3961 3899 6927
f 3961 6927 6885
f 3890 6927 7524
f 3890 7524 6897
f 5899 2336 2401
f 5899 2401 5837
f 3765 6856 6855
f 3765 6855 3763
f 4211 4215 4151
f 4151 4149 4148
f 4148 7113 4243
f 4243 4241 4242
f 4242 4212 4210
f 4210 4211 4151
f 4151 4148 4243
f 4242 4210 4151
f 4151 4243 4242
f 3893 3895 6891
f 3893 6891 6892
f 3892 3893 3896
f 3892 3896 3894
f 3894 3896 6929
f 3894 6929 6928
f 3893 6892 6893
f 3893 6893 3896
f 3896 6893 7523
f 3896 7523 6929
f 1891 1828 1827
f 1891 1827 1890
f 3897 6889 6890
f 3897 6890 3899
f 3899 6890 7524
f 3899 7524 6927
f 812 811 4798
f 4798 7197 4819
f 4798 4819 812
f 3901 3902 6913
f 3901 6913 6912
f 3900 6901 6902
f 3900 6902 3902
f 3902 6902 7522
f 3902 7522 6913
f 3916 6898 6899
f 3916 6899 3917
f 3927 6882 6881
f 3927 6881 3926
f 3927 6905 7520
f 3927 7520 6882
f 6892 6891 6896
f 6896 3903 3907
f 6896 3907 6892
f 3903 6896 6897
f 3903 6897 3904
f 3904 6897 7524
f 3904 7524 6914
f 6960 6959 4031
f 6960 4031 4032
f 1861 1850 1849
f 1861 1849 1929
f 3907 3908 6893
f 3907 6893 6892
f 3906 6908 6909
f 3906 6909 3908
f 3908 6909 7523
f 3908 7523 6893
f 3909 3910 6890
f 3909 6890 6889
f 5908 5907 2438
f 2434 2437 5908
f 2438 2434 5908
f 3910 6914 7524
f 3910 7524 6890
f 3909 6889 6900
f 6900 6901 3900
f 6900 3900 3909
f 2386 2371 5849
f 5849 5830 5831
f 5831 2384 2386
f 2386 5849 5831
f 3911 3912 3914
f 3911 3914 3913
f 3913 3914 6888
f 3913 6888 6887
f 3912 6915 6916
f 3912 6916 3914
f 3914 6916 7521
f 3914 7521 6888
f 5275 7268 5257
f 1488 1489 5276
f 5275 5257 1488
f 1488 5276 5275
f 6352 3158 3150
f 3150 6363 6362
f 3150 6362 6352
f 4092 4090 7005
f 4092 7005 6996
f 5926 5987 2513
f 5926 2513 2558
f 3875 3936 3934
f 3875 3934 3874
f 3104 6413 6354
f 6354 3165 3203
f 6354 3203 3200
f 3102 3104 6354
f 6428 3105 3102
f 6354 3200 3202
f 3202 6428 3102
f 6354 3202 3102
f 6985 4045 4044
f 6985 4044 6984
f 5894 2376 5843
f 5843 7361 5895
f 5843 5895 5894
f 6200 6199 2904
f 2904 2906 2905
f 2904 2905 6200
f 401 405 4567
f 4567 397 392
f 392 396 4575
f 4575 473 468
f 468 4548 401
f 401 4567 392
f 392 4575 468
f 392 468 401
f 4048 4046 6980
f 6980 6981 4033
f 4033 4047 4048
f 6980 4033 4048
f 3916 3917 6876
f 3916 6876 6875
f 4627 7165 4582
f 4582 535 536
f 536 4628 4627
f 4582 536 4627
f 3917 6905 7514
f 3917 7514 6876
f 6264 3032 3020
f 3020 6281 6263
f 3020 6263 6264
f 6866 6867 3910
f 6866 3910 3909
f 6960 4032 7000
f 6960 7000 7531
f 4741 4740 4716
f 4716 727 723
f 4716 723 4741
f 3918 3920 6872
f 3918 6872 6871
f 3919 6906 6907
f 3919 6907 3920
f 3920 6907 7515
f 3920 7515 6872
f 3280 3265 6491
f 3280 6491 6482
f 3907 6868 6869
f 6869 3921 3906
f 3906 3908 3907
f 6869 3906 3907
f 4122 4120 6994
f 4122 6994 7003
f 5546 1860 5498
f 5498 7309 5547
f 5498 5547 5546
f 1846 1845 5497
f 5497 5498 1860
f 1860 1844 1846
f 5497 1860 1846
f 5991 5949 5950
f 5991 5950 2556
f 5606 1962 1958
f 1958 1956 5611
f 1958 5611 5606
f 5931 7375 5980
f 5931 5980 2499
f 3922 3923 6907
f 3922 6907 6906
f 6865 3923 3995
f 3995 6924 6923
f 6930 6931 6864
f 3995 6923 6930
f 6864 6865 3995
f 3995 6930 6864
f 3923 6865 7515
f 3923 7515 6907
f 7111 4240 7104
f 7104 7097 4141
f 7104 4141 7111
f 3924 3925 6904
f 3924 6904 6903
f 3925 6921 7516
f 3925 7516 6904
f 6180 2902 2894
f 2894 6191 6190
f 2894 6190 6180
f 848 4808 781
f 781 785 4827
f 4827 777 772
f 776 4835 853
f 4827 772 776
f 848 781 4827
f 776 853 848
f 4827 776 848
f 3488 6667 6608
f 6608 3550 3588
f 6608 3588 3585
f 3486 3488 6608
f 6682 3489 3486
f 6608 3585 3587
f 3587 6682 3486
f 6608 3587 3486
f 3926 6860 6861
f 3926 6861 3927
f 3927 6861 7514
f 3927 7514 6905
f 3929 3930 6911
f 3929 6911 6910
f 3928 6858 6859
f 3928 6859 3930
f 3930 6859 7513
f 3930 7513 6911
f 7421 6262 2870
f 7421 2870 6248
f 721 4730 7189
f 721 7189 4753
f 3997 3996 7021
f 7021 4095 4094
f 4097 4059 4060
f 7021 4094 4097
f 3999 3997 7021
f 4097 4060 3999
f 7021 4097 3999
f 3931 6858 6857
f 3931 6857 3932
f 1475 5256 5255
f 1475 5255 1474
f 6383 3126 3122
f 3122 3120 6388
f 3122 6388 6383
f 3931 3933 6859
f 3931 6859 6858
f 2774 6117 6130
f 2774 6130 2766
f 3933 6862 7513
f 3933 7513 6859
f 2592 2653 2664
f 2664 2662 2603
f 2664 2603 2592
f 6446 3301 3296
f 3296 3295 6436
f 3296 6436 6446
f 3928 6879 6898
f 3928 6898 3916
f 3934 3936 6861
f 3934 6861 6860
f 4153 4154 4144
f 4144 7072 7061
f 4144 7061 4153
f 3936 6863 7514
f 3936 7514 6861
f 3937 3939 6865
f 3937 6865 6864
f 3938 6871 6872
f 3938 6872 3939
f 3939 6872 7515
f 3939 7515 6865
f 3110 3112 3172
f 3172 3170 3207
f 3207 3204 3206
f 3206 3108 3110
f 3110 3172 3207
f 3207 3206 3110
f 3938 3940 6870
f 3938 6870 6871
f 3303 3243 3242
f 3303 3242 3302
f 6328 2987 3046
f 6328 3046 6269
f 3941 6875 6876
f 3941 6876 3942
f 3942 6876 7514
f 3942 7514 6863
f 3684 3625 3619
f 3619 3678 3679
f 3619 3679 3684
f 2919 2908 6177
f 6177 6195 2917
f 2919 6177 2917
f 3944 3945 3949
f 3944 3949 3946
f 3946 3949 6884
f 3946 6884 6883
f 3945 6879 6880
f 3945 6880 3949
f 3949 6880 7519
f 3949 7519 6884
f 3944 3946 3950
f 3944 3950 3947
f 3125 6432 6431
f 3125 6431 3123
f 5781 5768 2276
f 2276 2283 2279
f 2276 2279 5781
f 3951 6881 6882
f 3951 6882 3952
f 3952 6882 7520
f 3952 7520 6885
f 1887 1826 1836
f 1836 1835 1899
f 1836 1899 1887
f 3953 3956 3957
f 3953 3957 3954
f 3954 3957 6895
f 3954 6895 6894
f 3956 6887 6888
f 3956 6888 3957
f 3957 6888 7521
f 3957 7521 6895
f 4942 991 983
f 983 4922 4916
f 4916 4917 1004
f 1004 4942 983
f 983 4916 1004
f 3953 3955 3959
f 3953 3959 3956
f 3960 3961 6899
f 3960 6899 6898
f 3961 6885 7520
f 3961 7520 6899
f 5527 5508 1884
f 1884 1887 1899
f 1884 1899 5527
f 1481 5250 7269
f 1481 7269 5273
f 3962 3963 6920
f 3962 6920 6919
f 4091 7011 7018
f 7018 6969 6970
f 7018 6970 4091
f 3963 6884 7519
f 3963 7519 6920
f 5390 5366 1677
f 5390 1677 1673
f 6996 6997 7526
f 7526 6948 4093
f 4093 4092 6996
f 7526 4093 6996
f 243 4399 7138
f 243 7138 4431
f 3775 6830 7505
f 3775 7505 6790
f 3966 3967 3970
f 3966 3970 3968
f 3967 6935 6936
f 3967 6936 3970
f 3966 3968 3971
f 3966 3971 3969
f 3931 3969 3971
f 3931 3971 3933
f 3972 3975 3976
f 3972 3976 3973
f 5646 5645 2044
f 2040 2043 5646
f 2044 2040 5646
f 3937 3976 3975
f 3975 3938 3939
f 3937 3975 3939
f 3972 3973 3977
f 3972 3977 3974
f 3974 3977 6937
f 3974 6937 6938
f 3978 3979 3982
f 3978 3982 3980
f 2253 5766 5785
f 2253 5785 2241
f 3978 3980 3983
f 3978 3983 3981
f 3981 3983 6939
f 3981 6939 6940
f 3984 3987 3988
f 3984 3988 3985
f 3987 6933 6934
f 3987 6934 3988
f 3828 3831 3860
f 3860 6850 6802
f 6802 6803 3828
f 3860 6802 3828
f 3984 3986 3989
f 3984 3989 3987
f 5793 5802 2236
f 5793 2236 2247
f 3986 6941 6942
f 3986 6942 3989
f 3990 3991 3993
f 3990 3993 3992
f 4218 4155 7099
f 4218 7099 7057
f 3991 6928 6929
f 3991 6929 3993
f 3923 3922 3990
f 3990 3992 3994
f 3994 3995 3923
f 3990 3994 3923
f 3994 6917 6918
f 3994 6918 3995
f 3995 6918 7517
f 3995 7517 6924
f 3996 3997 4000
f 3996 4000 3998
f 6400 3137 3153
f 6400 3153 6409
f 3997 6963 6964
f 3997 6964 4000
f 4000 6964 7529
f 4000 7529 7007
f 4006 6954 6959
f 6959 4002 4009
f 6959 4009 4006
f 3723 3691 3694
f 3723 3694 3726
f 4002 6959 6960
f 4002 6960 4003
f 4003 6960 7531
f 4003 7531 7008
f 4004 4005 4008
f 4004 4008 4006
f 4006 4008 6955
f 4006 6955 6954
f 2853 2855 6257
f 6257 2953 6250
f 6243 6244 2856
f 6257 6250 6243
f 2856 2853 6257
f 6257 6243 2856
f 4008 7010 7530
f 4008 7530 6955
f 4010 4011 6953
f 4010 6953 6952
f 4011 7008 7531
f 4011 7531 6953
f 4010 6952 6963
f 6963 3997 3999
f 6963 3999 4010
f 4134 4137 4197
f 4197 4195 4232
f 4232 4229 4231
f 4231 7110 4132
f 4132 4134 4197
f 4197 4232 4231
f 4197 4231 4132
f 2144 2083 2093
f 2093 2092 2156
f 2093 2156 2144
f 4012 4013 4015
f 4012 4015 4014
f 4014 4015 6988
f 4014 6988 6987
f 4013 7011 7012
f 4013 7012 4015
f 7087 4161 7067
f 7067 7547 7088
f 7067 7088 7087
f 6190 2916 2911
f 2911 2910 6180
f 2911 6180 6190
f 4014 6987 6986
f 4014 6986 4016
f 2681 2618 2620
f 2681 2620 2682
f 4017 4018 6983
f 4017 6983 6982
f 7099 4146 4209
f 7099 4209 7057
f 4018 7013 7537
f 4018 7537 6983
f 6977 4023 4019
f 4019 4017 6982
f 4019 6982 6977
f 7063 4151 4147
f 4147 4145 7068
f 4147 7068 7063
f 7551 7114 4150
f 7551 4150 7100
f 6786 3812 3807
f 3807 3806 6776
f 3807 6776 6786
f 4021 4023 6977
f 4021 6977 6978
f 4020 4021 4024
f 4020 4024 4022
f 4022 4024 7015
f 4022 7015 7014
f 4021 6978 6979
f 4021 6979 4024
f 4024 6979 7536
f 4024 7536 7015
f 4209 4146 4145
f 4209 4145 4208
f 2937 2875 6247
f 2937 6247 6205
f 4025 6975 6976
f 4025 6976 4027
f 4027 6976 7537
f 4027 7537 7013
f 1002 1001 4928
f 4928 7217 4949
f 4928 4949 1002
f 6226 6235 2888
f 6226 2888 2898
f 4029 4030 6999
f 4029 6999 6998
f 4028 6987 6988
f 4028 6988 4030
f 4030 6988 7535
f 4030 7535 6999
f 4002 4003 4064
f 4002 4064 4062
f 4054 4055 6968
f 4054 6968 6967
f 4175 4183 7053
f 4175 7053 7066
f 6978 6977 6982
f 6982 4031 4035
f 6982 4035 6978
f 4031 6982 6983
f 4031 6983 4032
f 4032 6983 7537
f 4032 7537 7000
f 2416 2419 2449
f 2449 5911 5862
f 5862 5863 2416
f 2449 5862 2416
f 4037 4028 6963
f 4037 6963 6952
f 4179 4168 4167
f 4179 4167 4247
f 2615 6092 6091
f 2615 6091 2613
f 4035 4036 6979
f 4035 6979 6978
f 4034 6994 6995
f 4034 6995 4036
f 4036 6995 7536
f 4036 7536 6979
f 4120 4121 7015
f 7015 7536 6995
f 6995 6994 4120
f 7015 6995 4120
f 4037 4038 6976
f 4037 6976 6975
f 4038 7000 7537
f 4038 7537 6976
f 4037 6975 6986
f 6986 6987 4028
f 6986 4028 4037
f 4039 4040 4042
f 4039 4042 4041
f 4041 4042 6974
f 4041 6974 6973
f 4040 7001 7002
f 4040 7002 4042
f 4042 7002 7534
f 4042 7534 6974
f 2812 2813 2773
f 2773 2772 6162
f 6162 6161 2811
f 2811 2810 2812
f 2812 2773 6162
f 6162 2811 2812
f 1523 1527 1598
f 1598 1593 1603
f 1603 1551 1556
f 1556 1560 5350
f 5350 1528 1523
f 1523 1598 1603
f 1603 1556 5350
f 1603 5350 1523
f 3159 6374 6373
f 3159 6373 3158
f 2553 2488 5993
f 2553 5993 5951
f 3930 3929 6880
f 6880 6879 3928
f 6880 3928 3930
f 3365 3462 3465
f 3365 3465 3366
f 5938 2493 5980
f 5938 5980 7375
f 4173 7070 7071
f 4173 7071 4174
f 6954 4035 4031
f 6954 4031 6959
f 4044 4045 6962
f 4044 6962 6961
f 7330 5657 1961
f 7330 1961 5643
f 4045 6991 7527
f 4045 7527 6962
f 5659 2124 2112
f 2112 5676 5658
f 2112 5658 5659
f 4038 4037 6952
f 4038 6952 6953
f 4038 6953 7531
f 4038 7531 7000
f 4046 4048 6958
f 4046 6958 6957
f 4047 6992 6993
f 4047 6993 4048
f 4048 6993 7528
f 4048 7528 6958
f 5707 2115 2100
f 5707 2100 5716
f 4177 4175 7066
f 7066 7067 4161
f 4161 4176 4177
f 7066 4161 4177
f 6058 6067 2715
f 6058 2715 2713
f 5208 7259 5191
f 5208 5191 1380
f 1964 1965 1955
f 1955 5615 5604
f 1955 5604 1964
f 5930 2498 2489
f 5930 2489 5942
f 5931 2499 2498
f 5931 2498 5930
f 4050 4051 6993
f 4050 6993 6992
f 6951 4051 4123
f 4123 7010 7009
f 7016 7017 6950
f 4123 7009 7016
f 6950 6951 4123
f 4123 7016 6950
f 4051 6951 7528
f 4051 7528 6993
f 3180 3119 3129
f 3129 3128 3192
f 3129 3192 3180
f 4052 4053 6990
f 4052 6990 6989
f 4053 7007 7529
f 4053 7529 6990
f 5406 7285 5362
f 5362 1675 1676
f 1676 5407 5406
f 5362 1676 5406
f 5747 2251 2243
f 2243 5758 5757
f 2243 5757 5747
f 4054 6946 6947
f 4054 6947 4055
f 4055 6947 7527
f 4055 7527 6991
f 4057 4058 6997
f 4057 6997 6996
f 4056 6944 6945
f 4056 6945 4058
f 4058 6945 7526
f 4058 7526 6997
f 2590 2589 6085
f 6085 2688 2687
f 2690 2652 2653
f 6085 2687 2690
f 2592 2590 6085
f 2690 2653 2592
f 6085 2690 2592
f 4059 6944 6943
f 4059 6943 4060
f 4059 4061 6945
f 4059 6945 6944
f 4061 6948 7526
f 4061 7526 6945
f 3173 3113 3103
f 3103 3164 3175
f 3103 3175 3173
f 2954 2957 6260
f 6260 2860 2862
f 2862 2864 2924
f 2924 2921 2920
f 2920 2923 2955
f 2955 2954 6260
f 6260 2862 2924
f 2924 2920 2955
f 6260 2924 2955
f 2504 5965 5966
f 2504 5966 2505
f 4062 4064 6947
f 4062 6947 6946
f 2464 5988 5927
f 2464 5927 2526
f 4064 6949 7527
f 4064 7527 6947
f 4065 4067 6951
f 4065 6951 6950
f 4066 6957 6958
f 4066 6958 4067
f 4067 6958 7528
f 4067 7528 6951
f 2599 2602 2661
f 2661 2659 2696
f 2696 2693 2695
f 2695 6088 2597
f 2597 2599 2661
f 2661 2696 2695
f 2661 2695 2597
f 4066 4068 6956
f 4066 6956 6957
f 5988 2472 2533
f 5988 2533 5927
f 4069 6961 6962
f 4069 6962 4070
f 4070 6962 7527
f 4070 7527 6949
f 2259 2260 2265
f 2265 2205 2198
f 2265 2198 2259
f 254 253 4413
f 4413 4389 248
f 252 4392 228
f 4413 248 252
f 4393 254 4413
f 228 232 4393
f 4413 252 228
f 4413 228 4393
f 6904 7516 6878
f 3915 3901 6912
f 6903 6904 6878
f 3915 6912 6903
f 6903 6878 3915
f 4072 4073 4077
f 4072 4077 4074
f 4074 4077 6970
f 4074 6970 6969
f 4073 6965 6966
f 4073 6966 4077
f 4077 6966 7532
f 4077 7532 6970
f 4072 4074 4078
f 4072 4078 4075
f 2700 2668 2671
f 2700 2671 2703
f 5561 5554 1823
f 1823 5568 1922
f 1922 1919 5561
f 1823 1922 5561
f 5695 5682 2147
f 2147 2154 2150
f 2147 2150 5695
f 4079 6967 6968
f 4079 6968 4080
f 4080 6968 7533
f 4080 7533 6971
f 1951 5655 5654
f 1951 5654 1952
f 4081 4084 4085
f 4081 4085 4082
f 4082 4085 6981
f 4082 6981 6980
f 4084 6973 6974
f 4084 6974 4085
f 4085 6974 7534
f 4085 7534 6981
f 7267 5235 1520
f 7267 1520 5274
f 4081 4083 4087
f 4081 4087 4084
f 4088 4089 6985
f 4088 6985 6984
f 4089 6971 7533
f 4089 7533 6985
f 6898 6879 3945
f 3945 3948 3960
f 3945 3960 6898
f 6232 6233 7418
f 7418 6222 2863
f 2863 6246 2900
f 2900 6223 6232
f 6232 7418 2863
f 2863 2900 6232
f 1800 1777 1780
f 1800 1780 1801
f 2402 2390 5830
f 5830 5849 5850
f 5850 2400 2402
f 2402 5830 5850
f 4090 4091 7006
f 4090 7006 7005
f 3295 3296 3301
f 3301 3241 3234
f 3301 3234 3295
f 4091 6970 7532
f 4091 7532 7006
f 6146 6147 7396
f 7396 6098 2813
f 2813 2812 6146
f 7396 2813 6146
f 4094 4095 4098
f 4094 4098 4096
f 4095 7021 7022
f 4095 7022 4098
f 4094 4096 4099
f 4094 4099 4097
f 4059 4097 4099
f 4059 4099 4061
f 4100 4103 4104
f 4100 4104 4101
f 6507 6506 3338
f 3334 3337 6507
f 3338 3334 6507
f 4065 4104 4103
f 4103 4066 4067
f 4065 4103 4067
f 4100 4101 4105
f 4100 4105 4102
f 4102 4105 7023
f 4102 7023 7024
f 4222 7034 7093
f 4222 7093 4182
f 4106 4107 4110
f 4106 4110 4108
f 4106 4108 4111
f 4106 4111 4109
f 4109 4111 7025
f 4109 7025 7026
f 1695 1643 1646
f 1695 1646 1698
f 1271 1266 1268
f 1271 1268 1276
f 4112 4115 4116
f 4112 4116 4113
f 4115 7019 7020
f 4115 7020 4116
f 4798 811 812
f 812 4815 4814
f 4814 4797 4798
f 812 4814 4798
f 4112 4114 4117
f 4112 4117 4115
f 6297 2999 2995
f 2995 2993 6302
f 2995 6302 6297
f 4114 7027 7028
f 4114 7028 4117
f 5838 5908 2437
f 5838 2437 2396
f 4690 7178 4672
f 633 634 4691
f 4690 4672 633
f 633 4691 4690
f 1849 1851 1930
f 1849 1930 1929
f 3047 3036 6263
f 6263 6281 3045
f 3047 6263 3045
f 2325 5898 5836
f 5836 2391 2432
f 5836 2432 2429
f 2323 2325 5836
f 5913 2326 2323
f 5836 2429 2431
f 2431 5913 2323
f 5836 2431 2323
f 4118 4119 4121
f 4118 4121 4120
f 4119 7014 7015
f 4119 7015 4121
f 4051 4050 4118
f 4118 4120 4122
f 4122 4123 4051
f 4118 4122 4051
f 4122 7003 7004
f 4122 7004 4123
f 4123 7004 7530
f 4123 7530 7010
f 1570 5321 5320
f 1570 5320 1569
f 813 4788 7198
f 813 7198 4820
f 3226 3224 6400
f 3226 6400 6409
f 6950 7017 4104
f 6950 4104 4065
f 6041 2616 2612
f 2612 2610 6046
f 2612 6046 6041
f 4124 4125 4128
f 4124 4128 4126
f 6144 2754 2769
f 6144 2769 6153
f 4125 7049 7050
f 4125 7050 4128
f 4128 7050 7542
f 4128 7542 7093
f 1794 5438 5439
f 1794 5439 1791
f 4134 7040 7045
f 7045 4130 4137
f 7045 4137 4134
f 4130 7045 7046
f 4130 7046 4131
f 4131 7046 7544
f 4131 7544 7094
f 4132 4133 4136
f 4132 4136 4134
f 4134 4136 7041
f 4134 7041 7040
f 1815 1817 5566
f 5566 1916 5559
f 5552 5553 1818
f 5566 5559 5552
f 1818 1815 5566
f 5566 5552 1818
f 4136 7096 7543
f 4136 7543 7041
f 4138 4139 7039
f 4138 7039 7038
f 4139 7094 7544
f 4139 7544 7039
f 4138 7038 7049
f 7049 4125 4127
f 7049 4127 4138
f 2605 6090 6089
f 2605 6089 2606
f 3237 3239 6513
f 6513 3338 6506
f 6499 6500 3240
f 6513 6506 6499
f 3240 3237 6513
f 6513 6499 3240
f 4140 4141 4143
f 4140 4143 4142
f 4142 4143 7074
f 4142 7074 7073
f 4141 7097 7098
f 4141 7098 4143
f 6321 3009 6301
f 6301 7430 6322
f 6301 6322 6321
f 3466 3469 6600
f 6600 3372 3374
f 3374 3376 3436
f 3436 3433 3432
f 3432 3435 3467
f 3467 3466 6600
f 6600 3374 3436
f 3436 3432 3467
f 6600 3436 3467
f 4142 7073 7072
f 4142 7072 4144
f 6740 3650 3665
f 6740 3665 6749
f 3321 3257 3259
f 3321 3259 3322
f 4145 4146 7069
f 4145 7069 7068
f 4146 7099 7550
f 4146 7550 7069
f 2089 5743 5742
f 2089 5742 2087
f 7408 6176 2742
f 7408 2742 6164
f 3315 3319 3255
f 3255 3253 3252
f 3252 6517 3347
f 3347 3345 3346
f 3346 3316 3314
f 3314 3315 3255
f 3255 3252 3347
f 3346 3314 3255
f 3255 3347 3346
f 4149 4151 7063
f 4149 7063 7064
f 4148 4149 4152
f 4148 4152 4150
f 4150 4152 7101
f 4150 7101 7100
f 4149 7064 7065
f 4149 7065 4152
f 4152 7065 7549
f 4152 7549 7101
f 2745 2746 2736
f 2736 6136 6125
f 2736 6125 2745
f 6158 6099 2784
f 6158 2784 2724
f 1899 1835 1837
f 1899 1837 1900
f 6077 6035 2682
f 6077 2682 2620
f 4153 7061 7062
f 4153 7062 4155
f 4155 7062 7550
f 4155 7550 7099
f 4157 4158 7085
f 4157 7085 7084
f 4156 7073 7074
f 4156 7074 4158
f 4158 7074 7548
f 4158 7548 7085
f 5791 7347 5765
f 2240 2225 5799
f 5790 5791 5765
f 2240 5799 5790
f 5790 5765 2240
f 7053 4183 4184
f 7053 4184 7054
f 4130 4131 4193
f 4130 4193 4191
f 7054 4184 7077
f 7054 7077 7546
f 7064 7063 7068
f 7068 4159 4163
f 7068 4163 7064
f 1603 1593 1597
f 1603 1597 1604
f 4159 7068 7069
f 4159 7069 4160
f 4160 7069 7550
f 4160 7550 7086
f 7040 4163 4159
f 7040 4159 7045
f 3394 3409 6579
f 3394 6579 6570
f 4163 4164 7065
f 4163 7065 7064
f 4162 7080 7081
f 4162 7081 4164
f 4164 7081 7549
f 4164 7549 7065
f 3736 3737 6761
f 6761 7497 6741
f 6741 6740 3736
f 6761 6741 3736
f 4165 4166 7062
f 4165 7062 7061
f 4166 7086 7550
f 4166 7550 7062
f 4165 7061 7072
f 7072 7073 4156
f 7072 4156 4165
f 4167 4168 4170
f 4167 4170 4169
f 4169 4170 7060
f 4169 7060 7059
f 4168 7087 7088
f 4168 7088 4170
f 4170 7088 7547
f 4170 7547 7060
f 3361 6583 6524
f 6524 3421 3459
f 6524 3459 3456
f 3359 3361 6524
f 6598 3362 3359
f 6524 3456 3458
f 3458 6598 3359
f 6524 3458 3359
f 3323 3325 3326
f 3326 3286 3285
f 3285 6502 6501
f 6501 3324 3323
f 3323 3326 3285
f 3285 6501 3323
f 2904 6199 6218
f 2904 6218 2892
f 2638 2637 6048
f 2638 6048 6049
f 3790 3798 6797
f 3790 6797 6810
f 2651 2650 6030
f 6030 6029 2649
f 6030 2649 2651
f 3013 3004 6283
f 3013 6283 6272
f 4173 4174 7048
f 4173 7048 7047
f 4174 7077 7540
f 4174 7540 7048
f 5487 1867 1855
f 1855 5504 5486
f 1855 5486 5487
f 7041 4178 4162
f 4162 4164 4163
f 4163 7040 7041
f 4162 4163 7041
f 4166 7039 7544
f 4166 7544 7086
f 4512 4536 4537
f 4554 467 471
f 4512 4537 4554
f 471 450 4512
f 4554 471 4512
f 4175 4177 7044
f 4175 7044 7043
f 4176 7078 7079
f 4176 7079 4177
f 4177 7079 7541
f 4177 7541 7044
f 333 4461 7150
f 333 7150 4501
f 2639 6044 6045
f 6045 2626 2640
f 2640 2641 2639
f 6045 2640 2639
f 2968 6228 6237
f 2968 6237 2970
f 6153 2769 6105
f 6105 7400 6154
f 6105 6154 6153
f 2584 2502 5953
f 5953 5952 5998
f 5998 7382 5994
f 5994 2584 5953
f 5953 5998 5994
f 5502 1841 1842
f 5502 1842 5503
f 2625 6064 7388
f 2625 7388 6024
f 4179 4180 7079
f 4179 7079 7078
f 7037 4180 4252
f 4252 7096 7095
f 7102 7103 7036
f 4252 7095 7102
f 7036 7037 4252
f 4252 7102 7036
f 4180 7037 7541
f 4180 7541 7079
f 4070 4011 4010
f 4070 4010 4069
f 4215 4208 4145
f 4147 4151 4215
f 4145 4147 4215
f 4181 4182 7076
f 4181 7076 7075
f 4182 7093 7542
f 4182 7542 7076
f 5489 1865 1857
f 1857 5500 5499
f 1857 5499 5489
f 4183 7032 7033
f 4183 7033 4184
f 4184 7033 7540
f 4184 7540 7077
f 4186 4187 7083
f 4186 7083 7082
f 4185 7030 7031
f 4185 7031 4187
f 4187 7031 7539
f 4187 7539 7083
f 1576 5315 7279
f 1576 7279 5338
f 1936 1935 5650
f 5650 2034 2033
f 2036 1998 1999
f 5650 2033 2036
f 1938 1936 5650
f 2036 1999 1938
f 5650 2036 1938
f 4188 7030 7029
f 4188 7029 4189
f 5778 2219 2215
f 2215 2213 5783
f 2215 5783 5778
f 4188 4190 7031
f 4188 7031 7030
f 4190 7034 7539
f 4190 7539 7031
f 1902 5554 5561
f 5561 5512 5513
f 5561 5513 1902
f 6702 3684 3679
f 3679 3678 6692
f 3679 6692 6702
f 2595 2596 2657
f 2595 2657 2655
f 4191 4193 7033
f 4191 7033 7032
f 5551 5492 1875
f 5551 1875 1813
f 4193 7035 7540
f 4193 7540 7033
f 4194 4196 7037
f 4194 7037 7036
f 4195 7043 7044
f 4195 7044 4196
f 4196 7044 7541
f 4196 7541 7037
f 1816 1819 1879
f 1879 1877 1914
f 1914 1911 1913
f 1913 5567 1814
f 1814 1816 1879
f 1879 1914 1913
f 1879 1913 1814
f 4195 4197 7042
f 4195 7042 7043
f 2663 6013 6072
f 2663 6072 2604
f 4198 7047 7048
f 4198 7048 4199
f 4199 7048 7540
f 4199 7540 7035
f 1880 1820 1809
f 1809 1871 1882
f 1809 1882 1880
f 3943 3932 6857
f 6857 6875 3941
f 3943 6857 3941
f 4201 4202 4206
f 4201 4206 4203
f 4203 4206 7056
f 4203 7056 7055
f 4202 7051 7052
f 4202 7052 4206
f 4206 7052 7545
f 4206 7545 7056
f 4201 4203 4207
f 4201 4207 4204
f 4107 4075 4078
f 4107 4078 4110
f 4864 4848 902
f 902 882 4881
f 4881 904 4865
f 4865 4864 902
f 902 4881 4865
f 6044 6031 2672
f 2672 2679 2675
f 2672 2675 6044
f 4208 7053 7054
f 4208 7054 4209
f 4209 7054 7546
f 4209 7546 7057
f 817 4779 7195
f 817 7195 4822
f 4210 4213 4214
f 4210 4214 4211
f 4211 4214 7067
f 4211 7067 7066
f 4213 7059 7060
f 4213 7060 4214
f 4214 7060 7547
f 4214 7547 7067
f 1614 1609 5356
f 5356 1531 1535
f 5356 1535 1614
f 4210 4212 4216
f 4210 4216 4213
f 7077 4174 7071
f 7077 7071 7546
f 4217 4218 7071
f 4217 7071 7070
f 4218 7057 7546
f 4218 7546 7071
f 6390 6371 3177
f 3177 3180 3192
f 3177 3192 6390
f 5713 5714 7340
f 7340 5703 2082
f 2082 5727 2120
f 2120 5704 5713
f 5713 7340 2082
f 2082 2120 5713
f 4219 4220 7092
f 4219 7092 7091
f 4220 7056 7545
f 4220 7545 7092
f 1098 4983 7228
f 1098 7228 5015
f 4223 4224 4227
f 4223 4227 4225
f 52 51 4279
f 4279 7117 4300
f 4279 4300 52
f 4224 7107 7108
f 4224 7108 4227
f 4223 4225 4228
f 4223 4228 4226
f 4188 4226 4228
f 4188 4228 4190
f 6459 6508 3344
f 3343 3311 3307
f 3307 6459 3344
f 3344 3343 3307
f 4229 4232 4233
f 4229 4233 4230
f 2778 2777 6116
f 6116 6115 2776
f 6116 2776 2778
f 4194 4233 4232
f 4232 4195 4196
f 4194 4232 4196
f 4229 4230 4234
f 4229 4234 4231
f 4231 4234 7109
f 4231 7109 7110
f 4235 4236 4239
f 4235 4239 4237
f 164 4320 4319
f 164 4319 161
f 4235 4237 4240
f 4235 4240 4238
f 4238 4240 7111
f 4238 7111 7112
f 5210 7258 5192
f 1393 1394 5211
f 5210 5192 1393
f 1393 5211 5210
f 4241 4244 4245
f 4241 4245 4242
f 4244 7105 7106
f 4244 7106 4245
f 2152 2155 2184
f 2184 5735 5687
f 5687 5688 2152
f 2184 5687 2152
f 4241 4243 4246
f 4241 4246 4244
f 4243 7113 7114
f 4243 7114 4246
f 326 318 4468
f 4462 4463 339
f 326 4468 4462
f 339 4487 326
f 4462 339 326
f 6033 6082 2704
f 2704 2701 2703
f 2703 2671 2667
f 2667 6033 2704
f 2704 2703 2667
f 6203 6252 2959
f 6203 2959 2956
f 2926 2922 6203
f 6203 2956 2958
f 2958 2926 6203
f 4248 4169 7059
f 7059 7058 7106
f 7106 7105 7551
f 7551 7100 4248
f 4248 7059 7106
f 7106 7551 4248
f 4247 4248 4250
f 4247 4250 4249
f 2840 2841 6165
f 6165 7406 6145
f 6145 6144 2840
f 6165 6145 2840
f 4248 7100 7101
f 4248 7101 4250
f 4180 4179 4247
f 4247 4249 4251
f 4251 4252 4180
f 4247 4251 4180
f 4251 7089 7090
f 4251 7090 4252
f 4252 7090 7543
f 4252 7543 7096
