# Derived from blenderjunky Stargate DHD (BlendSwap 75540 / 13419).
# Source notice: supplied-dhd-LICENSE.html; Fan Art, noncommercial use only.
o supplied-dhd-symbols
v -0.102057 1.029717 0.104467
v -0.088259 1.028818 0.089743
v -0.088940 1.027375 0.083938
v -0.089258 1.026142 0.078773
v -0.088189 1.025120 0.073451
v -0.086734 1.024039 0.067564
v -0.087864 1.022746 0.062768
v -0.074115 1.025514 0.064188
v -0.081611 1.025242 0.068847
v -0.083599 1.026113 0.074226
v -0.084562 1.027466 0.080918
v -0.083262 1.028999 0.086637
v -0.081598 1.030021 0.089827
v -0.075044 1.031856 0.092768
v -0.065797 1.032068 0.086478
v -0.063315 1.029062 0.071341
v -0.049331 1.031980 0.073237
v -0.057788 1.031859 0.079307
v -0.059330 1.034023 0.090014
v -0.070648 1.033600 0.096995
v -0.076655 1.037236 0.117655
v -0.093114 1.030953 0.102914
v -0.085771 1.030475 0.095078
v -0.083398 1.030989 0.095482
v -0.079075 1.032199 0.097422
v -0.077304 1.032747 0.098448
v -0.080506 1.034685 0.109460
v -0.100521 1.033845 0.103188
v -0.087503 1.032997 0.089296
v -0.088254 1.031406 0.082894
v -0.088559 1.030224 0.077942
v -0.087530 1.029241 0.072824
v -0.086005 1.028107 0.066649
v -0.086758 1.027245 0.063453
v -0.078860 1.028835 0.064268
v -0.083408 1.028670 0.067095
v -0.085616 1.029638 0.073070
v -0.086635 1.031070 0.080154
v -0.085243 1.032711 0.086277
v -0.083295 1.033908 0.090012
v -0.075632 1.036053 0.093451
v -0.065222 1.036292 0.086370
v -0.062866 1.033439 0.072000
v -0.053556 1.035382 0.073263
v -0.059741 1.035293 0.077702
v -0.061274 1.037445 0.088350
v -0.072492 1.037026 0.095269
v -0.078169 1.040462 0.114793
v -0.102737 1.033544 0.103595
v -0.088939 1.032645 0.088872
v -0.089620 1.031202 0.083066
v -0.089939 1.029970 0.077902
v -0.088869 1.028948 0.072579
v -0.087415 1.027866 0.066692
v -0.088545 1.026573 0.061897
v -0.074796 1.029341 0.063317
v -0.082291 1.029069 0.067976
v -0.084279 1.029940 0.073355
v -0.085242 1.031293 0.080047
v -0.083942 1.032826 0.085765
v -0.082278 1.033848 0.088956
v -0.075725 1.035683 0.091896
v -0.066478 1.035895 0.085607
v -0.063995 1.032890 0.070469
v -0.050012 1.035808 0.072366
v -0.058469 1.035686 0.078435
v -0.060010 1.037850 0.089142
v -0.071328 1.037427 0.096123
v -0.077336 1.041063 0.116783
v -0.093693 1.034206 0.102174
v -0.094749 1.034648 0.102205
v -0.086601 1.034117 0.093510
v -0.086349 1.033727 0.094338
v -0.083976 1.034241 0.094742
v -0.083967 1.034687 0.093958
v -0.079171 1.036030 0.096111
v -0.079653 1.035451 0.096681
v -0.077882 1.036000 0.097707
v -0.077205 1.036639 0.097249
v -0.080759 1.038789 0.109469
v -0.081085 1.037938 0.108720
v -0.102892 1.034418 0.103397
v -0.102042 1.035122 0.103091
v -0.088579 1.034244 0.088724
v -0.089095 1.033518 0.088673
v -0.089290 1.032738 0.082663
v -0.089776 1.032075 0.082867
v -0.089603 1.031527 0.077590
v -0.090094 1.030843 0.077703
v -0.088551 1.030522 0.072355
v -0.089024 1.029821 0.072380
v -0.087066 1.029418 0.066344
v -0.087570 1.028739 0.066493
v -0.088034 1.028310 0.062236
v -0.088700 1.027447 0.061698
v -0.076801 1.030571 0.063396
v -0.074951 1.030214 0.063118
v -0.083029 1.030346 0.067267
v -0.082447 1.029942 0.067777
v -0.085111 1.031259 0.072903
v -0.084434 1.030814 0.073156
v -0.086099 1.032645 0.079763
v -0.085398 1.032166 0.079848
v -0.084759 1.034225 0.085655
v -0.084097 1.033699 0.085567
v -0.082973 1.035322 0.089080
v -0.082433 1.034722 0.088757
v -0.075942 1.037290 0.092235
v -0.075880 1.036556 0.091697
v -0.066195 1.037514 0.085605
v -0.066633 1.036768 0.085408
v -0.063767 1.034574 0.070798
v -0.064151 1.033763 0.070270
v -0.051793 1.037073 0.072422
v -0.050167 1.036681 0.072167
v -0.059273 1.036965 0.077790
v -0.058624 1.036559 0.078236
v -0.060811 1.039124 0.088472
v -0.060165 1.038723 0.088944
v -0.072086 1.038703 0.095427
v -0.071484 1.038300 0.095925
v -0.077951 1.042253 0.115598
v -0.077491 1.041936 0.116584
v -0.078381 1.041654 0.114521
v -0.078267 1.042025 0.114844
v -0.072704 1.038218 0.094998
v -0.072527 1.038551 0.095103
v -0.061486 1.038637 0.088078
v -0.061289 1.038970 0.088172
v -0.059953 1.036485 0.077431
v -0.059755 1.036816 0.077513
v -0.053768 1.036574 0.072992
v -0.053134 1.036911 0.072762
v -0.063078 1.034631 0.071729
v -0.063339 1.034782 0.071377
v -0.065434 1.037484 0.086099
v -0.065720 1.037664 0.085894
v -0.075844 1.037245 0.093179
v -0.075907 1.037431 0.092823
v -0.083507 1.035100 0.089741
v -0.083358 1.035345 0.089480
v -0.085455 1.033903 0.086005
v -0.085252 1.034181 0.085849
v -0.086847 1.032262 0.079882
v -0.086626 1.032560 0.079804
v -0.085828 1.030830 0.072799
v -0.085617 1.031144 0.072795
v -0.083620 1.029862 0.066823
v -0.083451 1.030195 0.066934
v -0.079072 1.030027 0.063997
v -0.078339 1.030380 0.063756
v -0.086970 1.028437 0.063181
v -0.087358 1.028565 0.062825
v -0.086217 1.029299 0.066377
v -0.086532 1.029509 0.066327
v -0.087742 1.030433 0.072552
v -0.088044 1.030633 0.072447
v -0.088771 1.031416 0.077671
v -0.089081 1.031623 0.077605
v -0.088466 1.032598 0.082623
v -0.088773 1.032815 0.082598
v -0.087715 1.034189 0.089025
v -0.088035 1.034378 0.088885
v -0.101203 1.035236 0.102936
v -0.100733 1.035038 0.102917
v -0.131967 1.009465 0.046145
v -0.131928 1.007661 0.039928
v -0.112532 1.012179 0.038655
v -0.112618 1.014643 0.047173
v -0.112557 1.016358 0.052997
v -0.113419 1.018266 0.060277
v -0.114766 1.019336 0.065108
v -0.118447 1.020006 0.070582
v -0.120652 1.020357 0.073689
v -0.120748 1.021725 0.078461
v -0.124640 1.020232 0.076706
v -0.131816 1.016359 0.069635
v -0.125205 1.017933 0.069318
v -0.122439 1.017355 0.064947
v -0.120580 1.016767 0.061327
v -0.118883 1.015883 0.056832
v -0.118065 1.014583 0.051672
v -0.118154 1.013274 0.047263
v -0.126366 1.011216 0.047305
v -0.132892 1.011002 0.052209
v -0.137098 1.011392 0.057177
v -0.142226 1.011974 0.063603
v -0.144120 1.013069 0.068991
v -0.145464 1.014089 0.073646
v -0.143606 1.016077 0.078853
v -0.149656 1.014276 0.077908
v -0.154731 1.014099 0.081683
v -0.155878 1.012331 0.076618
v -0.159594 1.010931 0.075031
v -0.152940 1.011897 0.072593
v -0.150682 1.010786 0.066835
v -0.147712 1.009895 0.061219
v -0.144224 1.009386 0.056461
v -0.140393 1.009165 0.052392
v -0.136030 1.009121 0.048475
v -0.127155 1.010283 0.044790
v -0.127149 1.009506 0.042121
v -0.117192 1.011825 0.041468
v -0.116963 1.012751 0.044444
v -0.118939 1.012401 0.044951
v -0.124861 1.010917 0.044981
v -0.131551 1.013711 0.045795
v -0.131515 1.012057 0.040098
v -0.114830 1.015944 0.039003
v -0.114902 1.018022 0.046188
v -0.114842 1.019716 0.051939
v -0.115681 1.021574 0.059029
v -0.116938 1.022572 0.063536
v -0.120478 1.023216 0.068801
v -0.122927 1.023606 0.072252
v -0.122988 1.024476 0.075283
v -0.124740 1.023803 0.074493
v -0.129564 1.021200 0.069741
v -0.125413 1.022188 0.069541
v -0.122202 1.021517 0.064468
v -0.120277 1.020908 0.060717
v -0.118500 1.019983 0.056012
v -0.117641 1.018618 0.050595
v -0.117757 1.016909 0.044839
v -0.127681 1.014422 0.044890
v -0.134727 1.014191 0.050185
v -0.139055 1.014592 0.055298
v -0.144351 1.015194 0.061934
v -0.146339 1.016343 0.067590
v -0.147814 1.017463 0.072698
v -0.146606 1.018755 0.076082
v -0.150864 1.017487 0.075417
v -0.154772 1.017350 0.078324
v -0.155626 1.016034 0.074551
v -0.156883 1.015561 0.074014
v -0.152855 1.016145 0.072538
v -0.150385 1.014930 0.066240
v -0.147503 1.014066 0.060791
v -0.144133 1.013573 0.056193
v -0.140407 1.013358 0.052237
v -0.136208 1.013316 0.048466
v -0.132898 1.013159 0.045067
v -0.132859 1.011354 0.038850
v -0.113463 1.015872 0.037577
v -0.113549 1.018336 0.046096
v -0.113488 1.020051 0.051919
v -0.114350 1.021959 0.059199
v -0.115697 1.023029 0.064030
v -0.119378 1.023699 0.069504
v -0.121583 1.024050 0.072611
v -0.121679 1.025418 0.077383
v -0.125571 1.023925 0.075628
v -0.132747 1.020052 0.068557
v -0.126136 1.021626 0.068240
v -0.123370 1.021048 0.063870
v -0.121511 1.020460 0.060249
v -0.119814 1.019576 0.055754
v -0.118996 1.018277 0.050595
v -0.119085 1.016967 0.046185
v -0.127297 1.014909 0.046227
v -0.133823 1.014695 0.051131
v -0.138029 1.015085 0.056100
v -0.143157 1.015668 0.062525
v -0.145051 1.016762 0.067913
v -0.146395 1.017782 0.072568
v -0.144537 1.019771 0.077775
v -0.150587 1.017969 0.076830
v -0.155662 1.017792 0.080605
v -0.156809 1.016024 0.075540
v -0.160525 1.014624 0.073953
v -0.153871 1.015590 0.071515
v -0.151613 1.014479 0.065757
v -0.148643 1.013589 0.060141
v -0.145155 1.013079 0.055383
v -0.141324 1.012858 0.051315
v -0.136961 1.012814 0.047397
v -0.133286 1.014698 0.044618
v -0.132936 1.015334 0.044738
v -0.132897 1.013581 0.038699
v -0.133247 1.012893 0.038401
v -0.114434 1.017882 0.037488
v -0.113851 1.017411 0.037128
v -0.114515 1.020214 0.045548
v -0.113937 1.019876 0.045646
v -0.114454 1.021922 0.051346
v -0.113877 1.021591 0.051470
v -0.115308 1.023812 0.058561
v -0.114738 1.023498 0.058750
v -0.116624 1.024858 0.063281
v -0.116085 1.024569 0.063581
v -0.120256 1.025519 0.068683
v -0.119766 1.025238 0.069055
v -0.122545 1.025883 0.071908
v -0.121971 1.025589 0.072162
v -0.122630 1.027080 0.076082
v -0.122067 1.026958 0.076934
v -0.125786 1.025869 0.074658
v -0.125959 1.025464 0.075179
v -0.132153 1.022433 0.068385
v -0.133135 1.021592 0.068108
v -0.126388 1.023805 0.068108
v -0.126524 1.023166 0.067790
v -0.123469 1.023195 0.063496
v -0.123758 1.022587 0.063420
v -0.121587 1.022600 0.059830
v -0.121899 1.021999 0.059800
v -0.119863 1.021701 0.055263
v -0.120202 1.021115 0.055305
v -0.119030 1.020380 0.050015
v -0.119384 1.019816 0.050145
v -0.119129 1.018933 0.045143
v -0.119473 1.018506 0.045736
v -0.127930 1.016727 0.045188
v -0.127685 1.016448 0.045777
v -0.134634 1.016507 0.050226
v -0.134211 1.016234 0.050681
v -0.138882 1.016901 0.055244
v -0.138417 1.016624 0.055650
v -0.144068 1.017490 0.061743
v -0.143545 1.017207 0.062076
v -0.145995 1.018604 0.067222
v -0.145439 1.018302 0.067464
v -0.147383 1.019658 0.072033
v -0.146783 1.019322 0.072119
v -0.145749 1.021407 0.076614
v -0.144925 1.021310 0.077326
v -0.151183 1.019789 0.075765
v -0.150975 1.019509 0.076381
v -0.155856 1.019626 0.079241
v -0.156050 1.019331 0.080156
v -0.156903 1.018013 0.074620
v -0.157197 1.017564 0.075091
v -0.159774 1.016932 0.073395
v -0.160914 1.016164 0.073504
v -0.154023 1.017767 0.071287
v -0.154259 1.017129 0.071065
v -0.151691 1.016620 0.065343
v -0.152001 1.016018 0.065307
v -0.148752 1.015738 0.059785
v -0.149031 1.015128 0.059692
v -0.145304 1.015235 0.055082
v -0.145543 1.014619 0.054934
v -0.141510 1.015015 0.051052
v -0.141712 1.014397 0.050865
v -0.137202 1.014973 0.047185
v -0.137349 1.014354 0.046948
v -0.136616 1.014937 0.047994
v -0.136920 1.015161 0.047586
v -0.140816 1.014978 0.051764
v -0.141166 1.015203 0.051398
v -0.144541 1.015194 0.055720
v -0.144921 1.015420 0.055386
v -0.147912 1.015686 0.060318
v -0.148325 1.015917 0.060028
v -0.150794 1.016550 0.065768
v -0.151231 1.016789 0.065525
v -0.153264 1.017765 0.072066
v -0.153642 1.017975 0.071671
v -0.157291 1.017181 0.073541
v -0.158408 1.017283 0.073417
v -0.156035 1.017654 0.074078
v -0.156460 1.018017 0.074249
v -0.155180 1.018971 0.077851
v -0.155523 1.019460 0.078386
v -0.151272 1.019107 0.074944
v -0.151286 1.019608 0.075235
v -0.147015 1.020375 0.075609
v -0.146525 1.021026 0.075979
v -0.148222 1.019083 0.072225
v -0.147915 1.019538 0.072082
v -0.146748 1.017964 0.067117
v -0.146477 1.018447 0.067101
v -0.144760 1.016814 0.061461
v -0.144516 1.017313 0.061521
v -0.139464 1.016213 0.054825
v -0.139267 1.016717 0.054944
v -0.135135 1.015811 0.049712
v -0.134973 1.016319 0.049871
v -0.128089 1.016042 0.044417
v -0.128074 1.016545 0.044686
v -0.118166 1.018529 0.044367
v -0.118631 1.018911 0.044639
v -0.118049 1.020238 0.050122
v -0.118522 1.020508 0.050015
v -0.118908 1.021603 0.055539
v -0.119370 1.021854 0.055360
v -0.120685 1.022528 0.060244
v -0.121124 1.022768 0.060006
v -0.122610 1.023137 0.063995
v -0.123031 1.023371 0.063720
v -0.125821 1.023809 0.069068
v -0.126117 1.024016 0.068596
v -0.129972 1.022821 0.069268
v -0.130960 1.022863 0.068828
v -0.125149 1.025424 0.074020
v -0.125474 1.025823 0.074233
v -0.123396 1.026096 0.074810
v -0.123120 1.026726 0.075295
v -0.123335 1.025227 0.071779
v -0.123049 1.025717 0.071773
v -0.120886 1.024837 0.068328
v -0.120669 1.025338 0.068419
v -0.117346 1.024193 0.063064
v -0.117089 1.024687 0.063096
v -0.116089 1.023194 0.058556
v -0.115807 1.023668 0.058497
v -0.115251 1.021336 0.051466
v -0.114962 1.021796 0.051354
v -0.115311 1.019642 0.045715
v -0.115022 1.020096 0.045582
v -0.115238 1.017564 0.038530
v -0.114946 1.017909 0.038022
v -0.131923 1.013677 0.039625
v -0.132393 1.013845 0.039167
v -0.132430 1.015541 0.045011
v -0.131959 1.015331 0.045322
v -0.127873 1.013130 0.043959
v -0.129099 1.013899 0.044321
v -0.129090 1.012863 0.040765
v -0.127866 1.012352 0.041290
v -0.117155 1.015643 0.039982
v -0.117910 1.014672 0.040637
v -0.117014 1.016909 0.044196
v -0.117680 1.015598 0.043613
v -0.119657 1.015248 0.044120
v -0.118590 1.016588 0.044458
v -0.126936 1.014496 0.044501
v -0.125579 1.013764 0.044150
v -0.180233 0.996666 0.051903
v -0.188309 0.996115 0.057736
v -0.190387 0.994478 0.055113
v -0.188036 0.992436 0.047343
v -0.183773 0.999383 0.050848
v -0.189094 0.999021 0.054691
v -0.190058 0.998261 0.053474
v -0.188439 0.996855 0.048122
v -0.181369 1.000107 0.050655
v -0.189445 0.999557 0.056488
v -0.191523 0.997920 0.053865
v -0.189172 0.995878 0.046095
v -0.182585 1.001318 0.050195
v -0.181715 1.001155 0.050275
v -0.189791 1.000604 0.056108
v -0.189810 1.000825 0.055413
v -0.191869 0.998967 0.053485
v -0.191543 0.999459 0.053224
v -0.189518 0.996925 0.045715
v -0.189419 0.997613 0.046201
v -0.184128 1.000456 0.050459
v -0.183552 1.001027 0.050272
v -0.189669 1.000610 0.054690
v -0.189448 1.000093 0.054301
v -0.190955 0.999596 0.053067
v -0.190412 0.999334 0.053084
v -0.189124 0.998006 0.047016
v -0.188793 0.997927 0.047733
v -0.194040 0.982994 0.026378
v -0.190072 0.981133 0.017638
v -0.187262 0.981888 0.017161
v -0.186838 0.983060 0.020007
v -0.182340 0.984625 0.020229
v -0.177467 0.986172 0.020058
v -0.173429 0.987164 0.019118
v -0.168899 0.988216 0.017895
v -0.163853 0.988987 0.015429
v -0.159272 0.989227 0.011920
v -0.155523 0.988869 0.007521
v -0.151890 0.988390 0.002892
v -0.150495 0.987936 0.000372
v -0.145739 0.989361 -0.000028
v -0.138010 0.994899 0.008207
v -0.146796 0.992355 0.009188
v -0.152008 0.992274 0.013710
v -0.158456 0.992085 0.019057
v -0.165472 0.991028 0.022530
v -0.174159 0.988905 0.024583
v -0.181842 0.986604 0.025231
v -0.188902 0.984271 0.025225
v -0.192990 0.986623 0.023272
v -0.190376 0.985397 0.017512
v -0.189576 0.985612 0.017376
v -0.189187 0.986686 0.019985
v -0.183664 0.988608 0.020257
v -0.178603 0.990215 0.020080
v -0.174408 0.991245 0.019102
v -0.169718 0.992334 0.017837
v -0.164408 0.993146 0.015241
v -0.159574 0.993399 0.011540
v -0.155699 0.993029 0.006992
v -0.151971 0.992537 0.002242
v -0.150912 0.992192 0.000328
v -0.147543 0.993201 0.000044
v -0.142023 0.997157 0.005927
v -0.148427 0.995302 0.006641
v -0.153982 0.995216 0.011461
v -0.160279 0.995031 0.016682
v -0.166982 0.994022 0.020001
v -0.175406 0.991963 0.021991
v -0.182929 0.989710 0.022625
v -0.190083 0.987346 0.022620
v -0.195213 0.986548 0.025089
v -0.191246 0.984688 0.016348
v -0.188435 0.985443 0.015871
v -0.188012 0.986615 0.018718
v -0.183513 0.988180 0.018939
v -0.178640 0.989727 0.018769
v -0.174603 0.990719 0.017828
v -0.170072 0.991771 0.016606
v -0.165027 0.992542 0.014139
v -0.160445 0.992782 0.010631
v -0.156696 0.992424 0.006232
v -0.153063 0.991944 0.001603
v -0.151669 0.991491 -0.000917
v -0.146913 0.992916 -0.001317
v -0.139183 0.998454 0.006918
v -0.147969 0.995909 0.007899
v -0.153182 0.995829 0.012421
v -0.159630 0.995639 0.017768
v -0.166645 0.994583 0.021241
v -0.175333 0.992460 0.023294
v -0.183015 0.990159 0.023941
v -0.190075 0.987826 0.023936
v -0.195701 0.988027 0.024553
v -0.195186 0.988404 0.023907
v -0.191604 0.986724 0.016014
v -0.191734 0.986167 0.015812
v -0.189366 0.987326 0.015634
v -0.188924 0.986922 0.015335
v -0.188952 0.988470 0.018413
v -0.188500 0.988094 0.018182
v -0.184162 0.990137 0.018649
v -0.184001 0.989659 0.018403
v -0.179235 0.991700 0.018477
v -0.179129 0.991206 0.018233
v -0.175153 0.992703 0.017526
v -0.175091 0.992198 0.017292
v -0.170577 0.993766 0.016291
v -0.170560 0.993250 0.016070
v -0.165456 0.994548 0.013787
v -0.165515 0.994021 0.013603
v -0.160803 0.994792 0.010224
v -0.160933 0.994261 0.010095
v -0.157018 0.994431 0.005783
v -0.157184 0.993903 0.005696
v -0.153358 0.993948 0.001119
v -0.153552 0.993423 0.001066
v -0.152059 0.993525 -0.001228
v -0.152157 0.992970 -0.001453
v -0.147698 0.994832 -0.001595
v -0.147401 0.994395 -0.001854
v -0.140597 0.999920 0.005971
v -0.139672 0.999933 0.006382
v -0.148705 0.997571 0.006875
v -0.148457 0.997388 0.007362
v -0.154015 0.997489 0.011482
v -0.153670 0.997308 0.011885
v -0.160420 0.997301 0.016793
v -0.160118 0.997118 0.017231
v -0.167347 0.996258 0.020223
v -0.167133 0.996062 0.020705
v -0.175959 0.994153 0.022258
v -0.175821 0.993939 0.022758
v -0.183597 0.991866 0.022901
v -0.183504 0.991638 0.023405
v -0.190683 0.989524 0.022896
v -0.190563 0.989305 0.023399
v -0.190549 0.988756 0.022108
v -0.190686 0.989344 0.022401
v -0.183395 0.991120 0.022114
v -0.183564 0.991697 0.022407
v -0.175871 0.993373 0.021480
v -0.175987 0.993967 0.021769
v -0.167447 0.995432 0.019489
v -0.167473 0.996048 0.019757
v -0.160744 0.996442 0.016171
v -0.160664 0.997073 0.016385
v -0.154448 0.996626 0.010949
v -0.154316 0.997259 0.011122
v -0.148892 0.996712 0.006130
v -0.148877 0.997343 0.006403
v -0.142488 0.998567 0.005415
v -0.141664 0.999432 0.005598
v -0.148009 0.994612 -0.000467
v -0.147935 0.994939 -0.001084
v -0.151377 0.993603 -0.000183
v -0.151775 0.993789 -0.000760
v -0.152437 0.993947 0.001731
v -0.152948 0.994170 0.001360
v -0.156164 0.994439 0.006480
v -0.156643 0.994658 0.006068
v -0.160040 0.994809 0.011028
v -0.160476 0.995024 0.010565
v -0.164874 0.994556 0.014730
v -0.165224 0.994775 0.014201
v -0.170184 0.993744 0.017326
v -0.170444 0.993978 0.016753
v -0.174874 0.992655 0.018591
v -0.175080 0.992901 0.018004
v -0.179068 0.991625 0.019568
v -0.179221 0.991884 0.018969
v -0.184130 0.990018 0.019745
v -0.184219 0.990297 0.019144
v -0.189653 0.988096 0.019473
v -0.189394 0.988497 0.018889
v -0.190041 0.987022 0.016865
v -0.189794 0.987389 0.016200
v -0.190841 0.986807 0.017000
v -0.191277 0.986991 0.016451
v -0.194351 0.988432 0.023224
v -0.193456 0.988033 0.022761
v -0.220902 0.951810 -0.025146
v -0.221641 0.963572 -0.001223
v -0.200318 0.964689 -0.015876
v -0.217616 0.955870 -0.019689
v -0.217990 0.961831 -0.007566
v -0.207185 0.962397 -0.014992
v -0.176103 0.956333 -0.051615
v -0.176841 0.968095 -0.027692
v -0.155519 0.969213 -0.042345
v -0.172816 0.960394 -0.046158
v -0.173191 0.966355 -0.034035
v -0.162385 0.966921 -0.041460
v -0.220894 0.956427 -0.024668
v -0.221496 0.966022 -0.005152
v -0.204102 0.966933 -0.017106
v -0.222136 0.954904 -0.026706
v -0.222875 0.966666 -0.002783
v -0.201552 0.967784 -0.017436
v -0.176094 0.960950 -0.051136
v -0.176697 0.970545 -0.031621
v -0.159303 0.971457 -0.043574
v -0.177337 0.959428 -0.053174
v -0.178075 0.971190 -0.029252
v -0.156753 0.972307 -0.043904
v -0.201972 0.968836 -0.017966
v -0.203587 0.969008 -0.018105
v -0.223295 0.967719 -0.003313
v -0.222807 0.968000 -0.004898
v -0.222141 0.957399 -0.026461
v -0.222556 0.955957 -0.027236
v -0.219505 0.958150 -0.022346
v -0.218600 0.958338 -0.020933
v -0.218974 0.964298 -0.008810
v -0.219953 0.965277 -0.007851
v -0.208169 0.964865 -0.016235
v -0.207034 0.965954 -0.016729
v -0.174706 0.962674 -0.048814
v -0.173800 0.962862 -0.047402
v -0.174175 0.968822 -0.035278
v -0.175154 0.969801 -0.034319
v -0.163369 0.969389 -0.042704
v -0.162234 0.970478 -0.043198
v -0.177341 0.961923 -0.052930
v -0.177756 0.960481 -0.053705
v -0.178495 0.972242 -0.029782
v -0.178007 0.972524 -0.031366
v -0.157173 0.973360 -0.044435
v -0.158788 0.973532 -0.044574
v -0.204266 0.968781 -0.018017
v -0.204679 0.968380 -0.017835
v -0.222440 0.967829 -0.005529
v -0.222073 0.967469 -0.005882
v -0.221471 0.957874 -0.025397
v -0.221810 0.957804 -0.025919
v -0.176671 0.962398 -0.051866
v -0.177010 0.962328 -0.052387
v -0.177640 0.972353 -0.031997
v -0.177274 0.971993 -0.032350
v -0.159466 0.973305 -0.044486
v -0.159880 0.972904 -0.044303
v -0.217611 0.907504 -0.100704
v -0.220433 0.911578 -0.092748
v -0.215716 0.913236 -0.093215
v -0.214774 0.912934 -0.094268
v -0.211240 0.914828 -0.093632
v -0.207078 0.917528 -0.092169
v -0.202420 0.920718 -0.090278
v -0.198841 0.923749 -0.087945
v -0.195869 0.926542 -0.085590
v -0.218861 0.918206 -0.083698
v -0.219301 0.916114 -0.086590
v -0.224492 0.914536 -0.085702
v -0.223699 0.922566 -0.074034
v -0.219111 0.923977 -0.074794
v -0.219455 0.921278 -0.078666
v -0.162475 0.941559 -0.083930
v -0.159589 0.945172 -0.080277
v -0.157025 0.937579 -0.093404
v -0.163445 0.938124 -0.088523
v -0.184841 0.930933 -0.085903
v -0.188938 0.926843 -0.089512
v -0.194601 0.922390 -0.092683
v -0.201340 0.917850 -0.095306
v -0.206587 0.914849 -0.096538
v -0.212914 0.911690 -0.097329
v -0.218463 0.911913 -0.101097
v -0.220310 0.914580 -0.095889
v -0.217424 0.915594 -0.096176
v -0.216337 0.915245 -0.097390
v -0.212056 0.917539 -0.096619
v -0.207805 0.920297 -0.095125
v -0.203054 0.923550 -0.093196
v -0.199382 0.926661 -0.090802
v -0.194491 0.931257 -0.086927
v -0.221105 0.921607 -0.084737
v -0.221534 0.919569 -0.087554
v -0.224668 0.918617 -0.087018
v -0.224001 0.925377 -0.077195
v -0.221558 0.926128 -0.077600
v -0.221911 0.923367 -0.081561
v -0.163141 0.944285 -0.086990
v -0.161438 0.946417 -0.084835
v -0.159798 0.941559 -0.093232
v -0.164473 0.941956 -0.089677
v -0.186674 0.934495 -0.086959
v -0.190997 0.930179 -0.090768
v -0.196538 0.925822 -0.093871
v -0.203164 0.921358 -0.096449
v -0.208298 0.918422 -0.097655
v -0.214804 0.915173 -0.098468
v -0.218913 0.910626 -0.102764
v -0.221734 0.914700 -0.094807
v -0.217017 0.916358 -0.095275
v -0.216075 0.916056 -0.096328
v -0.212541 0.917949 -0.095691
v -0.208379 0.920649 -0.094228
v -0.203721 0.923839 -0.092338
v -0.200143 0.926870 -0.090004
v -0.197170 0.929664 -0.087649
v -0.220162 0.921327 -0.085757
v -0.220602 0.919235 -0.088650
v -0.225793 0.917657 -0.087762
v -0.225000 0.925687 -0.076094
v -0.220412 0.927099 -0.076854
v -0.220757 0.924399 -0.080726
v -0.163776 0.944680 -0.085990
v -0.160891 0.948294 -0.082337
v -0.158326 0.940700 -0.095463
v -0.164746 0.941245 -0.090583
v -0.186142 0.934054 -0.087963
v -0.190240 0.929964 -0.091572
v -0.195902 0.925511 -0.094743
v -0.202641 0.920971 -0.097365
v -0.207888 0.917970 -0.098598
v -0.214215 0.914811 -0.099388
v -0.219378 0.911742 -0.103500
v -0.219351 0.912463 -0.103141
v -0.221849 0.916069 -0.096097
v -0.222200 0.915816 -0.095544
v -0.217740 0.917514 -0.096504
v -0.217483 0.917474 -0.096012
v -0.216749 0.917196 -0.097611
v -0.216540 0.917172 -0.097065
v -0.212968 0.919222 -0.096930
v -0.213006 0.919065 -0.096428
v -0.208776 0.921942 -0.095456
v -0.208845 0.921765 -0.094965
v -0.204087 0.925153 -0.093553
v -0.204186 0.924955 -0.093074
v -0.200478 0.928210 -0.091199
v -0.200608 0.927987 -0.090741
v -0.196868 0.931602 -0.088340
v -0.197635 0.930780 -0.088386
v -0.221063 0.922830 -0.086349
v -0.220627 0.922444 -0.086494
v -0.221499 0.920756 -0.089216
v -0.221067 0.920351 -0.089386
v -0.226007 0.919385 -0.088445
v -0.226258 0.918773 -0.088498
v -0.225256 0.926994 -0.077390
v -0.225465 0.926804 -0.076830
v -0.221380 0.928186 -0.078032
v -0.220877 0.928215 -0.077590
v -0.221727 0.925466 -0.081933
v -0.221222 0.925516 -0.081463
v -0.164153 0.945958 -0.087252
v -0.164242 0.945796 -0.086726
v -0.161660 0.949080 -0.084096
v -0.161356 0.949410 -0.083073
v -0.159402 0.942395 -0.095653
v -0.158792 0.941817 -0.096200
v -0.165243 0.942890 -0.091212
v -0.165212 0.942361 -0.091319
v -0.186906 0.935610 -0.088560
v -0.186608 0.935170 -0.088699
v -0.191079 0.931445 -0.092235
v -0.190705 0.931080 -0.092309
v -0.196701 0.927024 -0.095384
v -0.196367 0.926628 -0.095479
v -0.203402 0.922509 -0.097991
v -0.203106 0.922088 -0.098102
v -0.208612 0.919530 -0.099215
v -0.208354 0.919087 -0.099335
v -0.214998 0.916341 -0.100013
v -0.214681 0.915928 -0.100125
v -0.219232 0.912802 -0.102702
v -0.218901 0.912965 -0.101791
v -0.220748 0.915632 -0.096584
v -0.221474 0.916038 -0.096382
v -0.217863 0.916646 -0.096870
v -0.217847 0.917312 -0.096741
v -0.216775 0.916297 -0.098084
v -0.216818 0.916983 -0.097891
v -0.212494 0.918591 -0.097313
v -0.212840 0.919114 -0.097174
v -0.208244 0.921349 -0.095819
v -0.208625 0.921849 -0.095692
v -0.203493 0.924602 -0.093891
v -0.203912 0.925076 -0.093779
v -0.199821 0.927713 -0.091496
v -0.200277 0.928155 -0.091410
v -0.194929 0.932309 -0.087621
v -0.196162 0.932022 -0.088150
v -0.221544 0.922659 -0.085431
v -0.221311 0.922904 -0.086080
v -0.221973 0.920621 -0.088248
v -0.221744 0.920844 -0.088928
v -0.225107 0.919669 -0.087712
v -0.225711 0.919638 -0.088249
v -0.224439 0.926429 -0.077890
v -0.224993 0.926912 -0.077680
v -0.221997 0.927180 -0.078294
v -0.221682 0.927930 -0.078228
v -0.222350 0.924419 -0.082255
v -0.222031 0.925195 -0.082153
v -0.163579 0.945337 -0.087684
v -0.163986 0.945854 -0.087516
v -0.161877 0.947469 -0.085529
v -0.161804 0.948586 -0.084754
v -0.160236 0.942611 -0.093926
v -0.159790 0.942621 -0.095065
v -0.164912 0.943008 -0.090372
v -0.165171 0.943078 -0.090974
v -0.187112 0.935547 -0.087653
v -0.187046 0.935726 -0.088295
v -0.191436 0.931231 -0.091462
v -0.191278 0.931502 -0.092024
v -0.196977 0.926874 -0.094565
v -0.196868 0.927106 -0.095154
v -0.203603 0.922410 -0.097143
v -0.203540 0.922611 -0.097750
v -0.208737 0.919474 -0.098349
v -0.208720 0.919649 -0.098967
v -0.215242 0.916225 -0.099162
v -0.215153 0.916436 -0.099771
v -0.175764 0.877544 -0.161821
v -0.179047 0.876480 -0.161594
v -0.200673 0.885789 -0.140822
v -0.171167 0.895685 -0.142467
v -0.179630 0.881396 -0.155523
v -0.180586 0.881086 -0.155457
v -0.191531 0.885797 -0.144944
v -0.177306 0.890568 -0.145738
v -0.165638 0.914729 -0.122467
v -0.162349 0.915768 -0.122726
v -0.140977 0.906228 -0.143657
v -0.170541 0.896559 -0.141717
v -0.161856 0.910828 -0.128785
v -0.160898 0.911130 -0.128861
v -0.150082 0.906303 -0.139453
v -0.164335 0.901641 -0.138518
v -0.177983 0.880890 -0.163044
v -0.179665 0.880345 -0.162927
v -0.198920 0.888633 -0.144433
v -0.173893 0.897027 -0.145828
v -0.176838 0.880352 -0.164197
v -0.180121 0.879288 -0.163970
v -0.201747 0.888596 -0.143198
v -0.172241 0.898493 -0.144843
v -0.165581 0.916986 -0.126005
v -0.163896 0.917518 -0.126138
v -0.144868 0.909025 -0.144773
v -0.169943 0.900823 -0.143129
v -0.166712 0.917537 -0.124844
v -0.163423 0.918575 -0.125103
v -0.142051 0.909036 -0.146033
v -0.171615 0.899366 -0.144094
v -0.172640 0.899536 -0.145726
v -0.173363 0.899378 -0.146380
v -0.202146 0.889639 -0.144081
v -0.201284 0.890013 -0.144823
v -0.180520 0.880331 -0.164853
v -0.180496 0.881066 -0.164789
v -0.177780 0.881946 -0.164977
v -0.177237 0.881395 -0.165080
v -0.166849 0.918746 -0.126443
v -0.167111 0.918580 -0.125726
v -0.163822 0.919618 -0.125986
v -0.164128 0.919605 -0.126658
v -0.142450 0.910079 -0.146916
v -0.143585 0.910436 -0.146775
v -0.172014 0.900409 -0.144977
v -0.171561 0.901286 -0.144940
v -0.173880 0.898919 -0.146688
v -0.174300 0.898091 -0.146729
v -0.200400 0.890024 -0.145209
v -0.199327 0.889697 -0.145333
v -0.180354 0.881396 -0.164463
v -0.180072 0.881409 -0.163828
v -0.178390 0.881954 -0.163944
v -0.178138 0.882114 -0.164616
v -0.165989 0.918050 -0.126906
v -0.166495 0.918573 -0.126806
v -0.164276 0.919274 -0.126981
v -0.164303 0.918582 -0.127039
v -0.144466 0.910432 -0.146381
v -0.145275 0.910089 -0.145674
v -0.171038 0.901741 -0.144639
v -0.170350 0.901887 -0.144029
v -0.180025 0.883376 -0.159183
v -0.180322 0.883204 -0.157054
v -0.181278 0.882894 -0.156988
v -0.181162 0.883008 -0.159105
v -0.192223 0.887605 -0.146475
v -0.194182 0.888611 -0.146600
v -0.177998 0.892376 -0.147268
v -0.177260 0.894287 -0.147543
v -0.163592 0.914472 -0.129875
v -0.162548 0.912636 -0.130316
v -0.161590 0.912939 -0.130392
v -0.162453 0.914832 -0.129964
v -0.150774 0.908111 -0.140984
v -0.149587 0.909089 -0.142565
v -0.165027 0.903449 -0.140049
v -0.166541 0.903543 -0.141453
v -0.126120 0.887141 -0.172009
v -0.125293 0.865299 -0.193673
v -0.127621 0.856552 -0.201446
v -0.133332 0.854603 -0.201417
v -0.133451 0.855866 -0.200140
v -0.169146 0.859329 -0.184637
v -0.165594 0.865269 -0.180027
v -0.162166 0.862352 -0.184046
v -0.133617 0.886684 -0.169913
v -0.133553 0.890369 -0.166327
v -0.128801 0.892306 -0.166043
v -0.128544 0.889585 -0.168794
v -0.122653 0.891078 -0.169331
v -0.122369 0.888065 -0.172377
v -0.132246 0.880399 -0.176531
v -0.131693 0.865794 -0.191017
v -0.133079 0.860584 -0.195647
v -0.154882 0.863075 -0.185810
v -0.135500 0.879594 -0.176215
v -0.133736 0.880824 -0.175609
v -0.128222 0.890185 -0.173502
v -0.127368 0.867618 -0.195885
v -0.129510 0.859569 -0.203038
v -0.133059 0.858357 -0.203020
v -0.133135 0.859158 -0.202211
v -0.168299 0.862569 -0.186938
v -0.166242 0.866009 -0.184269
v -0.163197 0.863418 -0.187838
v -0.133250 0.888942 -0.173013
v -0.133191 0.892366 -0.169681
v -0.130762 0.893356 -0.169535
v -0.130525 0.890842 -0.172078
v -0.124634 0.892335 -0.172615
v -0.124518 0.891097 -0.173866
v -0.126969 0.889590 -0.174510
v -0.126142 0.867747 -0.196174
v -0.128470 0.859001 -0.203947
v -0.134181 0.857051 -0.203918
v -0.134300 0.858315 -0.202641
v -0.169995 0.861778 -0.187138
v -0.166443 0.867717 -0.182528
v -0.163015 0.864800 -0.186547
v -0.134466 0.889132 -0.172414
v -0.134402 0.892817 -0.168828
v -0.129650 0.894755 -0.168544
v -0.129393 0.892033 -0.171295
v -0.123502 0.893527 -0.171832
v -0.123218 0.890514 -0.174878
v -0.132267 0.884094 -0.178093
v -0.132748 0.881847 -0.178010
v -0.132195 0.867242 -0.192496
v -0.131663 0.868136 -0.193920
v -0.133581 0.862032 -0.197126
v -0.133178 0.862444 -0.198978
v -0.156999 0.865166 -0.188230
v -0.155384 0.864524 -0.187289
v -0.136002 0.881042 -0.177694
v -0.135822 0.883215 -0.177747
v -0.134238 0.882272 -0.177088
v -0.133895 0.884558 -0.177086
v -0.124550 0.891940 -0.175108
v -0.124787 0.891875 -0.174661
v -0.124706 0.893598 -0.173431
v -0.124904 0.893113 -0.173410
v -0.130597 0.892105 -0.172894
v -0.130795 0.891620 -0.172873
v -0.130839 0.894668 -0.170302
v -0.131032 0.894135 -0.170330
v -0.133818 0.893454 -0.170481
v -0.133461 0.893144 -0.170476
v -0.133878 0.889968 -0.173873
v -0.133520 0.889720 -0.173808
v -0.163494 0.864726 -0.188534
v -0.163467 0.864196 -0.188633
v -0.166629 0.867395 -0.184858
v -0.166512 0.866787 -0.185064
v -0.169041 0.863362 -0.187988
v -0.168569 0.863347 -0.187733
v -0.133751 0.859939 -0.203314
v -0.133404 0.859936 -0.203006
v -0.133665 0.859028 -0.204235
v -0.133329 0.859135 -0.203815
v -0.129604 0.860415 -0.204255
v -0.129780 0.860347 -0.203833
v -0.127417 0.868629 -0.196955
v -0.127638 0.868396 -0.196680
v -0.128492 0.890963 -0.174297
v -0.128265 0.891025 -0.174743
v -0.127652 0.890734 -0.175236
v -0.127228 0.890337 -0.175273
v -0.126401 0.868494 -0.196937
v -0.126818 0.868693 -0.197097
v -0.128729 0.859748 -0.204710
v -0.129095 0.860137 -0.204700
v -0.134440 0.857798 -0.204681
v -0.134214 0.858390 -0.204674
v -0.134559 0.859061 -0.203403
v -0.134321 0.859526 -0.203525
v -0.170254 0.862524 -0.187900
v -0.169871 0.862975 -0.188085
v -0.166702 0.868464 -0.183291
v -0.166728 0.868230 -0.184007
v -0.163274 0.865547 -0.187310
v -0.163405 0.865403 -0.187903
v -0.134724 0.889879 -0.173177
v -0.134473 0.890061 -0.173580
v -0.134661 0.893564 -0.169591
v -0.134410 0.893675 -0.170064
v -0.129908 0.895501 -0.169307
v -0.130294 0.895353 -0.169817
v -0.129652 0.892780 -0.172058
v -0.130043 0.892688 -0.172512
v -0.123761 0.894273 -0.172595
v -0.124152 0.894181 -0.173049
v -0.123476 0.891260 -0.175641
v -0.123914 0.891654 -0.175603
v -0.097891 0.823604 -0.239400
v -0.092900 0.827096 -0.237155
v -0.087560 0.831619 -0.234036
v -0.082728 0.836887 -0.230142
v -0.079205 0.841969 -0.226173
v -0.077194 0.846670 -0.222265
v -0.077016 0.852090 -0.217358
v -0.079011 0.867009 -0.203383
v -0.069394 0.873125 -0.199616
v -0.061061 0.873825 -0.200545
v -0.069534 0.879644 -0.193648
v -0.082296 0.869156 -0.200809
v -0.087692 0.867730 -0.201094
v -0.085365 0.849099 -0.218515
v -0.086313 0.844876 -0.222186
v -0.090287 0.839894 -0.225980
v -0.095832 0.835178 -0.229236
v -0.101055 0.831816 -0.231319
v -0.097624 0.827880 -0.240497
v -0.094325 0.830188 -0.239013
v -0.089104 0.834610 -0.235964
v -0.084386 0.839754 -0.232162
v -0.080971 0.844679 -0.228314
v -0.079065 0.849135 -0.224610
v -0.078894 0.854338 -0.219900
v -0.080958 0.869774 -0.205441
v -0.070332 0.876531 -0.201279
v -0.064824 0.876994 -0.201892
v -0.070066 0.880594 -0.197626
v -0.082108 0.870696 -0.204384
v -0.086706 0.869482 -0.204626
v -0.084474 0.851604 -0.221343
v -0.085500 0.847034 -0.225316
v -0.089703 0.841764 -0.229329
v -0.095424 0.836898 -0.232690
v -0.099971 0.833972 -0.234503
v -0.098389 0.826019 -0.242050
v -0.093398 0.829511 -0.239804
v -0.088058 0.834034 -0.236685
v -0.083226 0.839302 -0.232791
v -0.079703 0.844383 -0.228822
v -0.077692 0.849085 -0.224914
v -0.077514 0.854505 -0.220007
v -0.079509 0.869424 -0.206032
v -0.069892 0.875539 -0.202266
v -0.061559 0.876240 -0.203194
v -0.070032 0.882059 -0.196297
v -0.082794 0.871570 -0.203458
v -0.088190 0.870145 -0.203743
v -0.085863 0.851514 -0.221164
v -0.086812 0.847291 -0.224835
v -0.090785 0.842309 -0.228629
v -0.096330 0.837593 -0.231886
v -0.101553 0.834231 -0.233969
v -0.098559 0.826845 -0.242956
v -0.098412 0.827563 -0.242819
v -0.093857 0.830751 -0.240769
v -0.093569 0.830337 -0.240711
v -0.088547 0.835248 -0.237668
v -0.088228 0.834861 -0.237591
v -0.083744 0.840484 -0.233798
v -0.083396 0.840129 -0.233698
v -0.080249 0.845525 -0.229860
v -0.079873 0.845210 -0.229728
v -0.078265 0.850163 -0.226005
v -0.077863 0.849911 -0.225821
v -0.078089 0.855528 -0.221148
v -0.077684 0.855332 -0.220913
v -0.080102 0.870580 -0.207049
v -0.079679 0.870250 -0.206939
v -0.070225 0.876860 -0.203181
v -0.070062 0.876366 -0.203172
v -0.062619 0.877499 -0.204028
v -0.061729 0.877066 -0.204100
v -0.070261 0.882747 -0.197808
v -0.070203 0.882885 -0.197203
v -0.082837 0.872411 -0.204865
v -0.082964 0.872397 -0.204365
v -0.088028 0.871040 -0.205139
v -0.088360 0.870972 -0.204649
v -0.085725 0.852602 -0.222379
v -0.086033 0.852340 -0.222071
v -0.086694 0.848290 -0.226128
v -0.086982 0.848117 -0.225741
v -0.090726 0.843234 -0.229978
v -0.090956 0.843136 -0.229536
v -0.096316 0.838480 -0.233261
v -0.096500 0.838420 -0.232792
v -0.101365 0.835230 -0.235275
v -0.101723 0.835058 -0.234875
v -0.100145 0.834820 -0.235433
v -0.100560 0.835098 -0.235546
v -0.095599 0.837747 -0.233620
v -0.095855 0.838126 -0.233670
v -0.089878 0.842613 -0.230260
v -0.090176 0.842957 -0.230334
v -0.085675 0.847882 -0.226247
v -0.086026 0.848159 -0.226372
v -0.084648 0.852452 -0.222274
v -0.085018 0.852648 -0.222470
v -0.086881 0.870330 -0.205557
v -0.087273 0.870703 -0.205589
v -0.082283 0.871544 -0.205315
v -0.082488 0.871966 -0.205336
v -0.070241 0.881442 -0.198556
v -0.070278 0.882002 -0.198484
v -0.064999 0.877842 -0.202823
v -0.064280 0.877883 -0.203366
v -0.070507 0.877379 -0.202210
v -0.070449 0.877365 -0.202679
v -0.081133 0.870622 -0.206371
v -0.080839 0.870758 -0.206748
v -0.079069 0.855186 -0.220830
v -0.078791 0.855443 -0.221093
v -0.079240 0.849983 -0.225541
v -0.078964 0.850189 -0.225850
v -0.081146 0.845528 -0.229244
v -0.080894 0.845676 -0.229601
v -0.084561 0.840602 -0.233092
v -0.084335 0.840714 -0.233478
v -0.089279 0.835458 -0.236894
v -0.089079 0.835541 -0.237301
v -0.094500 0.831036 -0.239944
v -0.094328 0.831095 -0.240367
v -0.098022 0.828510 -0.242029
v -0.097798 0.828728 -0.241427
v -0.005479 0.860119 -0.218672
v -0.007896 0.864484 -0.214741
v -0.011741 0.862051 -0.216655
v -0.016790 0.861742 -0.216654
v -0.021722 0.862019 -0.216149
v -0.028663 0.862520 -0.215342
v -0.032093 0.863352 -0.214434
v -0.035364 0.866623 -0.211409
v -0.036309 0.864482 -0.213224
v -0.041149 0.863261 -0.214029
v -0.035312 0.860725 -0.216550
v -0.033247 0.852057 -0.224211
v -0.028170 0.851904 -0.224615
v -0.029314 0.858083 -0.219172
v -0.026845 0.857887 -0.219475
v -0.022992 0.857660 -0.219879
v -0.019312 0.857769 -0.219980
v -0.015334 0.858012 -0.219981
v -0.019921 0.852640 -0.224415
v -0.019049 0.848412 -0.228145
v -0.015384 0.848752 -0.228045
v -0.015225 0.851192 -0.225928
v -0.008914 0.858520 -0.219882
v -0.017399 0.846546 -0.229859
v -0.016646 0.844278 -0.231875
v -0.020715 0.842987 -0.232781
v -0.022399 0.845430 -0.230563
v -0.029049 0.846181 -0.229554
v -0.029698 0.849265 -0.226832
v -0.023015 0.850484 -0.226128
v -0.022672 0.847381 -0.228850
v -0.019580 0.842015 -0.233689
v -0.024726 0.840775 -0.234494
v -0.024894 0.830929 -0.243062
v -0.027676 0.831222 -0.242658
v -0.031238 0.831698 -0.242052
v -0.034604 0.831492 -0.242052
v -0.031477 0.835618 -0.238625
v -0.029531 0.838977 -0.235803
v -0.028664 0.842386 -0.232880
v -0.028805 0.844691 -0.230865
v -0.029299 0.845240 -0.230360
v -0.033680 0.844046 -0.231166
v -0.033761 0.840338 -0.234391
v -0.035415 0.837228 -0.237012
v -0.038292 0.834044 -0.239632
v -0.040767 0.831810 -0.241446
v -0.044279 0.831479 -0.241546
v -0.043080 0.826924 -0.245578
v -0.039170 0.825774 -0.246788
v -0.039624 0.828177 -0.244672
v -0.035798 0.828411 -0.244672
v -0.030568 0.828268 -0.245076
v -0.025733 0.827059 -0.246388
v -0.023033 0.825604 -0.247799
v -0.022879 0.823068 -0.250017
v -0.018726 0.822975 -0.250320
v -0.018394 0.825078 -0.248506
v -0.014582 0.825542 -0.248305
v -0.015601 0.829646 -0.244676
v -0.019475 0.830219 -0.243970
v -0.006710 0.862550 -0.220897
v -0.008392 0.865590 -0.218160
v -0.011550 0.863591 -0.219732
v -0.016951 0.863261 -0.219731
v -0.021959 0.863542 -0.219218
v -0.029003 0.864051 -0.218399
v -0.032771 0.864965 -0.217401
v -0.035207 0.867400 -0.215149
v -0.035760 0.866147 -0.216211
v -0.039159 0.865289 -0.216777
v -0.034656 0.863333 -0.218722
v -0.032641 0.854875 -0.226197
v -0.029316 0.854775 -0.226462
v -0.030471 0.861009 -0.220970
v -0.026869 0.860723 -0.221412
v -0.023078 0.860499 -0.221809
v -0.019468 0.860607 -0.221909
v -0.013796 0.860953 -0.221910
v -0.019141 0.854694 -0.227076
v -0.018445 0.851321 -0.230051
v -0.016351 0.851515 -0.229994
v -0.016219 0.853562 -0.228218
v -0.009662 0.861176 -0.221937
v -0.018253 0.848162 -0.232814
v -0.017813 0.846836 -0.233993
v -0.020429 0.846006 -0.234576
v -0.021952 0.848214 -0.232571
v -0.028418 0.848943 -0.231590
v -0.028840 0.850954 -0.229816
v -0.023936 0.851848 -0.229299
v -0.023623 0.849012 -0.231786
v -0.020579 0.843302 -0.236923
v -0.023996 0.842479 -0.237457
v -0.024168 0.832350 -0.246271
v -0.027976 0.832751 -0.245718
v -0.031443 0.833214 -0.245129
v -0.036300 0.832917 -0.245128
v -0.032388 0.838077 -0.240842
v -0.030503 0.841333 -0.238107
v -0.029674 0.844590 -0.235314
v -0.029799 0.846636 -0.233526
v -0.029793 0.846629 -0.233532
v -0.032952 0.845768 -0.234113
v -0.033025 0.842407 -0.237037
v -0.034777 0.839112 -0.239813
v -0.037736 0.835838 -0.242508
v -0.040470 0.833369 -0.244512
v -0.043369 0.833096 -0.244594
v -0.042447 0.829594 -0.247695
v -0.040384 0.828987 -0.248333
v -0.040756 0.830954 -0.246600
v -0.035921 0.831250 -0.246601
v -0.030517 0.831102 -0.247018
v -0.025446 0.829835 -0.248394
v -0.022315 0.828147 -0.250031
v -0.022177 0.825889 -0.252006
v -0.019628 0.825831 -0.252192
v -0.019313 0.827826 -0.250472
v -0.015743 0.828261 -0.250284
v -0.016488 0.831261 -0.247630
v -0.020477 0.831851 -0.246903
v -0.005613 0.862299 -0.221175
v -0.008030 0.866664 -0.217243
v -0.011874 0.864230 -0.219158
v -0.016924 0.863922 -0.219157
v -0.021855 0.864199 -0.218652
v -0.028797 0.864700 -0.217844
v -0.032227 0.865532 -0.216936
v -0.035498 0.868803 -0.213912
v -0.036442 0.866662 -0.215726
v -0.041283 0.865441 -0.216531
v -0.035445 0.862905 -0.219052
v -0.033381 0.854237 -0.226714
v -0.028303 0.854084 -0.227118
v -0.029448 0.860263 -0.221674
v -0.026979 0.860067 -0.221977
v -0.023125 0.859840 -0.222381
v -0.019446 0.859949 -0.222483
v -0.015468 0.860192 -0.222483
v -0.020055 0.854820 -0.226918
v -0.019183 0.850592 -0.230647
v -0.015517 0.850932 -0.230547
v -0.015359 0.853372 -0.228431
v -0.009048 0.860700 -0.222384
v -0.017533 0.848726 -0.232361
v -0.016780 0.846457 -0.234377
v -0.020848 0.845167 -0.235284
v -0.022533 0.847610 -0.233066
v -0.029183 0.848360 -0.232056
v -0.029832 0.851445 -0.229335
v -0.023149 0.852664 -0.228631
v -0.022806 0.849560 -0.231352
v -0.019714 0.844195 -0.236191
v -0.024860 0.842955 -0.236996
v -0.025028 0.833109 -0.245564
v -0.027810 0.833401 -0.245160
v -0.031371 0.833878 -0.244555
v -0.034738 0.833672 -0.244554
v -0.031610 0.837798 -0.241128
v -0.029665 0.841157 -0.238306
v -0.028798 0.844565 -0.235383
v -0.028939 0.846871 -0.233367
v -0.029433 0.847419 -0.232863
v -0.033814 0.846226 -0.233668
v -0.033895 0.842518 -0.236894
v -0.035548 0.839408 -0.239514
v -0.038426 0.836224 -0.242134
v -0.040900 0.833989 -0.243948
v -0.044413 0.833659 -0.244048
v -0.043213 0.829104 -0.248081
v -0.039304 0.827954 -0.249291
v -0.039757 0.830356 -0.247174
v -0.035932 0.830590 -0.247175
v -0.030702 0.830447 -0.247579
v -0.025867 0.829239 -0.248890
v -0.023167 0.827784 -0.250302
v -0.023012 0.825248 -0.252520
v -0.018860 0.825154 -0.252823
v -0.018527 0.827258 -0.251008
v -0.014716 0.827722 -0.250808
v -0.015734 0.831826 -0.247179
v -0.019609 0.832399 -0.246472
v -0.006062 0.863518 -0.222379
v -0.005671 0.863233 -0.222247
v -0.008087 0.867598 -0.218316
v -0.008224 0.867425 -0.218860
v -0.011932 0.865165 -0.220230
v -0.011832 0.865142 -0.220656
v -0.016981 0.864856 -0.220229
v -0.017003 0.864825 -0.220655
v -0.021913 0.865133 -0.219724
v -0.021961 0.865104 -0.220147
v -0.028854 0.865634 -0.218917
v -0.028938 0.865608 -0.219336
v -0.032284 0.866466 -0.218009
v -0.032484 0.866468 -0.218397
v -0.035555 0.869737 -0.214984
v -0.035467 0.869450 -0.215639
v -0.036500 0.867596 -0.216798
v -0.036276 0.867616 -0.217193
v -0.041340 0.866375 -0.217604
v -0.040618 0.866520 -0.217916
v -0.035503 0.863839 -0.220125
v -0.035242 0.864185 -0.220238
v -0.033438 0.855171 -0.227786
v -0.033195 0.855589 -0.227835
v -0.028361 0.855018 -0.228190
v -0.028723 0.855455 -0.228191
v -0.029505 0.861197 -0.222747
v -0.029871 0.861653 -0.222731
v -0.027036 0.861001 -0.223050
v -0.027010 0.861426 -0.223081
v -0.023183 0.860774 -0.223454
v -0.023178 0.861200 -0.223483
v -0.019503 0.860883 -0.223555
v -0.019523 0.861308 -0.223584
v -0.015525 0.861126 -0.223556
v -0.014960 0.861587 -0.223585
v -0.020112 0.855754 -0.227990
v -0.019809 0.855909 -0.228272
v -0.019240 0.851526 -0.231720
v -0.018997 0.851976 -0.231741
v -0.015575 0.851866 -0.231620
v -0.015875 0.852266 -0.231656
v -0.015416 0.854306 -0.229503
v -0.015725 0.854570 -0.229657
v -0.009106 0.861634 -0.223456
v -0.009330 0.861997 -0.223529
v -0.017590 0.849660 -0.233433
v -0.017851 0.849663 -0.233817
v -0.017206 0.847720 -0.235544
v -0.016838 0.847391 -0.235450
v -0.020773 0.846589 -0.236339
v -0.020906 0.846101 -0.236356
v -0.022402 0.848951 -0.234194
v -0.022590 0.848544 -0.234138
v -0.028988 0.849694 -0.233195
v -0.029240 0.849294 -0.233129
v -0.029559 0.852407 -0.230801
v -0.029889 0.852379 -0.230407
v -0.023490 0.853514 -0.230161
v -0.023206 0.853598 -0.229703
v -0.023158 0.850503 -0.232802
v -0.022863 0.850494 -0.232425
v -0.020082 0.845019 -0.237743
v -0.019771 0.845129 -0.237263
v -0.024918 0.843889 -0.238069
v -0.024631 0.843922 -0.238455
v -0.025085 0.834043 -0.246636
v -0.024800 0.833979 -0.247108
v -0.027867 0.834335 -0.246233
v -0.027937 0.834309 -0.246653
v -0.031429 0.834812 -0.245627
v -0.031466 0.834781 -0.246053
v -0.034795 0.834606 -0.245627
v -0.035347 0.834543 -0.246052
v -0.031668 0.838732 -0.242200
v -0.031949 0.839026 -0.242329
v -0.029723 0.842091 -0.239378
v -0.030024 0.842350 -0.239537
v -0.028855 0.845499 -0.236455
v -0.029170 0.845706 -0.236659
v -0.028996 0.847805 -0.234439
v -0.029305 0.847922 -0.234721
v -0.029490 0.848354 -0.233935
v -0.029627 0.848278 -0.234394
v -0.033871 0.847160 -0.234741
v -0.033586 0.847200 -0.235122
v -0.033952 0.843452 -0.237966
v -0.033664 0.843612 -0.238243
v -0.035606 0.840342 -0.240587
v -0.035351 0.840438 -0.240917
v -0.038483 0.837158 -0.243207
v -0.038257 0.837222 -0.243563
v -0.040958 0.834924 -0.245021
v -0.040821 0.834907 -0.245443
v -0.044470 0.834593 -0.245121
v -0.044122 0.834597 -0.245537
v -0.043271 0.830038 -0.249153
v -0.043018 0.830405 -0.249247
v -0.039361 0.828888 -0.250363
v -0.039747 0.829443 -0.250260
v -0.039815 0.831291 -0.248246
v -0.040172 0.831695 -0.248275
v -0.035989 0.831525 -0.248247
v -0.035998 0.831950 -0.248276
v -0.030759 0.831381 -0.248651
v -0.030707 0.831806 -0.248685
v -0.025924 0.830173 -0.249962
v -0.025791 0.830577 -0.250018
v -0.023224 0.828718 -0.251374
v -0.022942 0.829041 -0.251508
v -0.023070 0.826182 -0.253592
v -0.022793 0.826601 -0.253642
v -0.018917 0.826088 -0.253895
v -0.019195 0.826520 -0.253904
v -0.018585 0.828192 -0.252081
v -0.018868 0.828586 -0.252123
v -0.014774 0.828656 -0.251880
v -0.015141 0.829040 -0.251926
v -0.015792 0.832760 -0.248251
v -0.016064 0.832763 -0.248634
v -0.019666 0.833333 -0.247545
v -0.019978 0.833342 -0.247921
v -0.006762 0.863397 -0.221869
v -0.006233 0.863557 -0.222335
v -0.008281 0.867257 -0.219003
v -0.008444 0.866436 -0.219132
v -0.011781 0.865042 -0.220746
v -0.011602 0.864438 -0.220704
v -0.017007 0.864722 -0.220745
v -0.017003 0.864107 -0.220703
v -0.021977 0.865001 -0.220236
v -0.022011 0.864389 -0.220190
v -0.028970 0.865506 -0.219422
v -0.029054 0.864897 -0.219371
v -0.032569 0.866379 -0.218469
v -0.032823 0.865811 -0.218373
v -0.035421 0.869231 -0.215832
v -0.035259 0.868247 -0.216121
v -0.036169 0.867536 -0.217269
v -0.035812 0.866994 -0.217183
v -0.040287 0.866497 -0.217954
v -0.039211 0.866136 -0.217749
v -0.035119 0.864252 -0.220186
v -0.034708 0.864180 -0.219693
v -0.033079 0.855689 -0.227754
v -0.032693 0.855721 -0.227169
v -0.028881 0.855563 -0.228088
v -0.029368 0.855621 -0.227434
v -0.030031 0.861769 -0.222621
v -0.030523 0.861855 -0.221942
v -0.026993 0.861528 -0.222993
v -0.026921 0.861569 -0.222383
v -0.023171 0.861303 -0.223394
v -0.023130 0.861346 -0.222781
v -0.019527 0.861411 -0.223494
v -0.019520 0.861453 -0.222880
v -0.014699 0.861706 -0.223495
v -0.013848 0.861800 -0.222881
v -0.019666 0.855889 -0.228297
v -0.019193 0.855541 -0.228048
v -0.018882 0.852090 -0.231648
v -0.018497 0.852168 -0.231023
v -0.016005 0.852357 -0.231569
v -0.016403 0.852362 -0.230966
v -0.015860 0.854599 -0.229624
v -0.016270 0.854409 -0.229190
v -0.009426 0.862071 -0.223459
v -0.009714 0.862023 -0.222908
v -0.017963 0.849575 -0.233888
v -0.018305 0.849008 -0.233786
v -0.017864 0.847682 -0.234964
v -0.017368 0.847779 -0.235484
v -0.020481 0.846852 -0.235547
v -0.020707 0.846720 -0.236228
v -0.022004 0.849060 -0.233543
v -0.022311 0.849045 -0.234117
v -0.028469 0.849790 -0.232561
v -0.028868 0.849785 -0.233122
v -0.028892 0.851800 -0.230788
v -0.029404 0.852331 -0.230876
v -0.023988 0.852694 -0.230271
v -0.023613 0.853387 -0.230266
v -0.023675 0.849859 -0.232758
v -0.023285 0.850417 -0.232869
v -0.020631 0.844149 -0.237894
v -0.020217 0.844879 -0.237858
v -0.024496 0.843848 -0.238527
v -0.024048 0.843325 -0.238429
v -0.024666 0.833860 -0.247218
v -0.024220 0.833197 -0.247243
v -0.027963 0.834207 -0.246740
v -0.028028 0.833597 -0.246690
v -0.031477 0.834677 -0.246143
v -0.031495 0.834061 -0.246101
v -0.035591 0.834426 -0.246142
v -0.036352 0.833764 -0.246100
v -0.032070 0.839070 -0.242284
v -0.032440 0.838924 -0.241814
v -0.030155 0.842377 -0.239506
v -0.030555 0.842179 -0.239079
v -0.029307 0.845710 -0.236648
v -0.029726 0.845437 -0.236286
v -0.029440 0.847885 -0.234746
v -0.029851 0.847482 -0.234498
v -0.029683 0.848155 -0.234498
v -0.029845 0.847475 -0.234504
v -0.033451 0.847128 -0.235191
v -0.033004 0.846615 -0.235085
v -0.033528 0.843594 -0.238265
v -0.033077 0.843253 -0.238009
v -0.035231 0.840392 -0.240964
v -0.034829 0.839959 -0.240785
v -0.038149 0.837162 -0.243621
v -0.037788 0.836684 -0.243479
v -0.040754 0.834810 -0.245531
v -0.040522 0.834215 -0.245484
v -0.043959 0.834509 -0.245622
v -0.043421 0.833943 -0.245566
v -0.042898 0.830482 -0.249187
v -0.042499 0.830440 -0.248666
v -0.039915 0.829605 -0.250110
v -0.040436 0.829834 -0.249305
v -0.040328 0.831789 -0.248186
v -0.040808 0.831801 -0.247572
v -0.035996 0.832053 -0.248186
v -0.035973 0.832097 -0.247572
v -0.030678 0.831908 -0.248597
v -0.030569 0.831949 -0.247990
v -0.025725 0.830670 -0.249941
v -0.025498 0.830681 -0.249365
v -0.022809 0.829098 -0.251466
v -0.022366 0.828994 -0.251003
v -0.022663 0.826701 -0.253561
v -0.022229 0.826735 -0.252978
v -0.019315 0.826626 -0.253806
v -0.019680 0.826678 -0.253164
v -0.018991 0.828675 -0.252039
v -0.019365 0.828672 -0.251444
v -0.015301 0.829124 -0.251844
v -0.015795 0.829107 -0.251255
v -0.016182 0.832675 -0.248705
v -0.016540 0.832108 -0.248602
v -0.020114 0.833256 -0.247988
v -0.020529 0.832698 -0.247875
v 0.056277 0.832491 -0.238520
v 0.044590 0.820788 -0.249865
v 0.028844 0.824482 -0.248288
v 0.028326 0.827555 -0.245679
v 0.028720 0.845496 -0.230095
v 0.023071 0.856059 -0.221525
v 0.023100 0.870252 -0.209226
v 0.027804 0.871398 -0.207748
v 0.040108 0.866947 -0.210336
v 0.054793 0.847692 -0.225504
v 0.051595 0.835868 -0.236077
v 0.031773 0.831642 -0.241782
v 0.032087 0.845961 -0.229345
v 0.027612 0.854328 -0.222557
v 0.027635 0.864800 -0.213482
v 0.030211 0.865428 -0.212672
v 0.039181 0.862183 -0.214559
v 0.050471 0.847380 -0.226220
v 0.051188 0.831461 -0.239938
v 0.042957 0.823219 -0.247927
v 0.032422 0.825691 -0.246872
v 0.032134 0.827399 -0.245422
v 0.055104 0.835383 -0.241223
v 0.044287 0.824551 -0.251723
v 0.030440 0.827799 -0.250336
v 0.030062 0.830044 -0.248430
v 0.030459 0.848134 -0.232717
v 0.024805 0.858705 -0.224141
v 0.024833 0.871935 -0.212675
v 0.028088 0.872729 -0.211653
v 0.039421 0.868629 -0.214036
v 0.053684 0.849927 -0.228769
v 0.056575 0.834993 -0.241408
v 0.044888 0.823290 -0.252753
v 0.029142 0.826984 -0.251176
v 0.028624 0.830057 -0.248567
v 0.029018 0.847998 -0.232983
v 0.023368 0.858561 -0.224413
v 0.023398 0.872754 -0.212114
v 0.028102 0.873900 -0.210636
v 0.040406 0.869449 -0.213224
v 0.055091 0.850194 -0.228392
v 0.055720 0.836252 -0.242441
v 0.055185 0.836066 -0.242011
v 0.044368 0.825234 -0.252511
v 0.044609 0.825126 -0.253226
v 0.030522 0.828483 -0.251124
v 0.030121 0.828525 -0.251775
v 0.030143 0.830727 -0.249218
v 0.029695 0.831049 -0.249632
v 0.030540 0.848817 -0.233505
v 0.030091 0.849089 -0.233962
v 0.024886 0.859388 -0.224929
v 0.024439 0.859657 -0.225388
v 0.024914 0.872618 -0.213464
v 0.024467 0.873213 -0.213641
v 0.028169 0.873412 -0.212441
v 0.028212 0.874125 -0.212464
v 0.039502 0.869312 -0.214825
v 0.039873 0.869907 -0.214917
v 0.053765 0.850610 -0.229557
v 0.054278 0.851018 -0.229797
v 0.056661 0.835714 -0.242240
v 0.056256 0.836110 -0.242508
v 0.044828 0.824666 -0.253601
v 0.044973 0.824010 -0.253585
v 0.029648 0.828228 -0.252081
v 0.029228 0.827704 -0.252008
v 0.029172 0.831054 -0.249682
v 0.028710 0.830777 -0.249399
v 0.029566 0.849039 -0.234059
v 0.029103 0.848719 -0.233815
v 0.023916 0.859605 -0.225487
v 0.023454 0.859282 -0.225245
v 0.023945 0.873511 -0.213437
v 0.023484 0.873474 -0.212946
v 0.028217 0.874552 -0.212094
v 0.028188 0.874621 -0.211468
v 0.040231 0.870205 -0.214621
v 0.040492 0.870169 -0.214056
v 0.054790 0.851115 -0.229660
v 0.055176 0.850915 -0.229224
v 0.051848 0.837996 -0.238534
v 0.052359 0.837936 -0.239293
v 0.031779 0.833549 -0.245217
v 0.032027 0.833770 -0.244238
v 0.032341 0.848089 -0.231801
v 0.032105 0.848415 -0.232303
v 0.027866 0.856456 -0.225013
v 0.027459 0.857103 -0.225255
v 0.027888 0.866928 -0.215938
v 0.027482 0.867976 -0.215833
v 0.030464 0.867556 -0.215128
v 0.030157 0.868628 -0.214992
v 0.039434 0.864311 -0.217015
v 0.039470 0.865258 -0.216951
v 0.050724 0.849508 -0.228676
v 0.051192 0.849889 -0.229059
v 0.052951 0.834538 -0.242177
v 0.051441 0.833589 -0.242394
v 0.043211 0.825347 -0.250383
v 0.043673 0.825247 -0.251182
v 0.032675 0.827819 -0.249328
v 0.031797 0.828034 -0.249993
v 0.032387 0.829527 -0.247878
v 0.031472 0.829959 -0.248358
v 0.123286 0.859691 -0.203856
v 0.117166 0.855408 -0.208777
v 0.113715 0.856509 -0.208460
v 0.113563 0.860073 -0.205356
v 0.103782 0.870636 -0.197918
v 0.090095 0.869370 -0.201615
v 0.090854 0.860484 -0.209282
v 0.097085 0.844500 -0.222155
v 0.102613 0.842007 -0.223302
v 0.089873 0.839235 -0.228143
v 0.093105 0.843237 -0.224015
v 0.086646 0.858661 -0.211678
v 0.080076 0.864875 -0.207457
v 0.085916 0.875707 -0.196834
v 0.089808 0.873135 -0.198360
v 0.104713 0.875373 -0.193579
v 0.118032 0.861685 -0.203095
v 0.118067 0.840270 -0.221911
v 0.108385 0.839689 -0.224250
v 0.108884 0.836870 -0.226633
v 0.116104 0.833108 -0.228577
v 0.121388 0.862004 -0.207336
v 0.117290 0.859136 -0.210630
v 0.115598 0.859676 -0.210475
v 0.115464 0.862821 -0.207736
v 0.104864 0.874268 -0.199676
v 0.089183 0.872818 -0.203911
v 0.090027 0.862927 -0.212444
v 0.096485 0.846363 -0.225784
v 0.099732 0.844898 -0.226459
v 0.093587 0.843562 -0.228794
v 0.095144 0.845489 -0.226806
v 0.088403 0.861586 -0.213930
v 0.082205 0.867449 -0.209947
v 0.087080 0.876493 -0.201077
v 0.090090 0.874504 -0.202258
v 0.104776 0.876709 -0.197547
v 0.117735 0.863390 -0.206807
v 0.123824 0.862197 -0.206707
v 0.117704 0.857913 -0.211627
v 0.114253 0.859015 -0.211310
v 0.114101 0.862578 -0.208207
v 0.104320 0.873142 -0.200769
v 0.090633 0.871876 -0.204465
v 0.091392 0.862989 -0.212132
v 0.097623 0.847005 -0.225005
v 0.103151 0.844512 -0.226153
v 0.090411 0.841741 -0.230994
v 0.093643 0.845743 -0.226866
v 0.087184 0.861167 -0.214529
v 0.080614 0.867380 -0.210307
v 0.086454 0.878213 -0.199684
v 0.090346 0.875640 -0.201211
v 0.105251 0.877878 -0.196430
v 0.118570 0.864191 -0.205946
v 0.116841 0.841603 -0.226125
v 0.110463 0.841220 -0.227666
v 0.110695 0.839912 -0.228772
v 0.115668 0.837321 -0.230110
v 0.118605 0.842776 -0.224762
v 0.108923 0.842194 -0.227100
v 0.109422 0.839375 -0.229484
v 0.116642 0.835614 -0.231427
v 0.114265 0.863341 -0.209075
v 0.114746 0.863697 -0.209249
v 0.114417 0.859778 -0.212178
v 0.114893 0.860263 -0.212240
v 0.117868 0.858676 -0.212495
v 0.117801 0.859335 -0.212507
v 0.123296 0.863181 -0.208089
v 0.123988 0.862959 -0.207575
v 0.104484 0.873904 -0.201637
v 0.104712 0.874534 -0.201619
v 0.090797 0.872638 -0.205333
v 0.090409 0.873211 -0.205482
v 0.091556 0.863752 -0.213000
v 0.091194 0.864014 -0.213416
v 0.097787 0.847768 -0.225873
v 0.097496 0.847851 -0.226434
v 0.103314 0.845275 -0.227021
v 0.102319 0.845675 -0.227435
v 0.090575 0.842503 -0.231862
v 0.091617 0.843347 -0.231502
v 0.093807 0.846506 -0.227734
v 0.094331 0.846708 -0.228035
v 0.087348 0.861930 -0.215396
v 0.087785 0.862340 -0.215531
v 0.080778 0.868143 -0.211175
v 0.081330 0.868445 -0.211384
v 0.086618 0.878975 -0.200552
v 0.086871 0.878725 -0.201303
v 0.090510 0.876403 -0.202079
v 0.090491 0.876333 -0.202722
v 0.105415 0.878641 -0.197297
v 0.105329 0.878561 -0.197963
v 0.118734 0.864953 -0.206814
v 0.118536 0.864987 -0.207400
v 0.118284 0.843457 -0.226371
v 0.118769 0.843539 -0.225629
v 0.109087 0.842957 -0.227968
v 0.109623 0.842937 -0.228463
v 0.109586 0.840138 -0.230352
v 0.110039 0.840585 -0.230452
v 0.116806 0.836376 -0.232295
v 0.116566 0.837185 -0.232208
v 0.118201 0.864666 -0.207746
v 0.117903 0.864171 -0.207696
v 0.105138 0.878091 -0.198412
v 0.104944 0.877490 -0.198436
v 0.090388 0.875876 -0.203143
v 0.090258 0.875285 -0.203146
v 0.087123 0.878034 -0.201862
v 0.087248 0.877274 -0.201966
v 0.081969 0.868473 -0.211239
v 0.082372 0.868229 -0.210836
v 0.088274 0.862509 -0.215291
v 0.088570 0.862367 -0.214818
v 0.094934 0.846606 -0.228011
v 0.095312 0.846270 -0.227694
v 0.092893 0.844079 -0.230617
v 0.093755 0.844343 -0.229682
v 0.100945 0.845831 -0.227558
v 0.099900 0.845679 -0.227347
v 0.097038 0.847593 -0.226747
v 0.096652 0.847144 -0.226673
v 0.090646 0.863989 -0.213542
v 0.090195 0.863708 -0.213333
v 0.089826 0.873589 -0.205259
v 0.089350 0.873599 -0.204799
v 0.104931 0.874987 -0.201179
v 0.105032 0.875049 -0.200564
v 0.115294 0.863795 -0.209060
v 0.115631 0.863602 -0.208625
v 0.115434 0.860529 -0.211904
v 0.115766 0.860457 -0.211363
v 0.117634 0.859826 -0.212106
v 0.117458 0.859917 -0.211519
v 0.121555 0.862785 -0.208225
v 0.122316 0.863104 -0.208342
v 0.117009 0.842384 -0.227014
v 0.117575 0.842986 -0.226919
v 0.110242 0.842546 -0.228690
v 0.110631 0.842001 -0.228554
v 0.110551 0.840801 -0.230165
v 0.110862 0.840693 -0.229660
v 0.116174 0.837871 -0.231679
v 0.115836 0.838102 -0.230999
v 0.161160 0.858752 -0.188565
v 0.160355 0.848679 -0.199984
v 0.146694 0.860936 -0.192351
v 0.147181 0.865138 -0.187522
v 0.158110 0.862883 -0.185327
v 0.162595 0.863971 -0.182213
v 0.164857 0.865930 -0.179092
v 0.165733 0.869367 -0.174938
v 0.165394 0.872616 -0.171511
v 0.163093 0.876169 -0.168589
v 0.159603 0.878668 -0.167334
v 0.155030 0.880607 -0.167158
v 0.143365 0.883009 -0.169506
v 0.143211 0.888285 -0.163771
v 0.155615 0.885651 -0.161362
v 0.162654 0.882878 -0.161401
v 0.167520 0.879246 -0.163313
v 0.171812 0.874352 -0.166857
v 0.173166 0.869784 -0.171301
v 0.172463 0.864592 -0.177310
v 0.169175 0.860171 -0.183577
v 0.162987 0.858905 -0.187615
v 0.157650 0.859592 -0.189143
v 0.157264 0.854755 -0.194626
v 0.151033 0.860346 -0.191144
v 0.151224 0.861997 -0.189247
v 0.156889 0.860828 -0.188110
v 0.137094 0.885866 -0.169047
v 0.122260 0.888810 -0.172154
v 0.130911 0.877001 -0.181438
v 0.137270 0.882726 -0.172424
v 0.134159 0.884554 -0.171745
v 0.127587 0.885858 -0.173121
v 0.131296 0.880795 -0.177102
v 0.134222 0.883429 -0.172955
v 0.160901 0.862310 -0.190527
v 0.160212 0.853691 -0.200299
v 0.149107 0.863654 -0.194094
v 0.149449 0.866596 -0.190713
v 0.159543 0.864513 -0.188686
v 0.164593 0.865738 -0.185180
v 0.167160 0.867961 -0.181638
v 0.168109 0.871686 -0.177135
v 0.167738 0.875250 -0.173376
v 0.165161 0.879229 -0.170104
v 0.161233 0.882041 -0.168692
v 0.156252 0.884154 -0.168499
v 0.145705 0.886325 -0.170623
v 0.145607 0.889708 -0.166946
v 0.156476 0.887400 -0.164835
v 0.163088 0.884795 -0.164871
v 0.167594 0.881432 -0.166641
v 0.171600 0.876865 -0.169949
v 0.172846 0.872661 -0.174038
v 0.172182 0.867762 -0.179708
v 0.169158 0.863697 -0.185471
v 0.163411 0.862521 -0.189222
v 0.162191 0.861401 -0.190975
v 0.161386 0.851328 -0.202394
v 0.147724 0.863585 -0.194761
v 0.148212 0.867788 -0.189931
v 0.159141 0.865533 -0.187737
v 0.163625 0.866620 -0.184623
v 0.165887 0.868579 -0.181502
v 0.166763 0.872017 -0.177348
v 0.166425 0.875266 -0.173921
v 0.164124 0.878818 -0.170999
v 0.160633 0.881317 -0.169744
v 0.156061 0.883257 -0.169568
v 0.144395 0.885658 -0.171916
v 0.144241 0.890934 -0.166181
v 0.156646 0.888300 -0.163772
v 0.163684 0.885527 -0.163811
v 0.168550 0.881895 -0.165722
v 0.172843 0.877002 -0.169267
v 0.174197 0.872433 -0.173711
v 0.173494 0.867241 -0.179720
v 0.170205 0.862820 -0.185987
v 0.164017 0.861555 -0.190025
v 0.136840 0.887834 -0.172756
v 0.125639 0.890057 -0.175102
v 0.131961 0.881427 -0.181886
v 0.136948 0.885916 -0.174818
v 0.138124 0.888515 -0.171457
v 0.123290 0.891460 -0.174564
v 0.131941 0.879650 -0.183848
v 0.138301 0.885375 -0.174834
v 0.148613 0.868818 -0.190868
v 0.149251 0.868739 -0.191530
v 0.148125 0.864615 -0.195698
v 0.148820 0.865031 -0.195789
v 0.161787 0.852358 -0.203331
v 0.161477 0.853677 -0.202861
v 0.162236 0.863178 -0.192089
v 0.162592 0.862432 -0.191912
v 0.159542 0.866563 -0.188674
v 0.159851 0.866551 -0.189401
v 0.164026 0.867650 -0.185560
v 0.164558 0.867693 -0.186133
v 0.166288 0.869609 -0.182439
v 0.166940 0.869755 -0.182846
v 0.167164 0.873047 -0.178285
v 0.167845 0.873306 -0.178555
v 0.166825 0.876296 -0.174858
v 0.167493 0.876679 -0.174997
v 0.164525 0.879849 -0.171936
v 0.165084 0.880399 -0.171938
v 0.161034 0.882347 -0.170681
v 0.161421 0.883021 -0.170621
v 0.156461 0.884287 -0.170504
v 0.156688 0.885029 -0.170438
v 0.144796 0.886688 -0.172853
v 0.145463 0.887340 -0.172698
v 0.144642 0.891964 -0.167118
v 0.145331 0.891871 -0.167773
v 0.157047 0.889330 -0.164709
v 0.157131 0.889365 -0.165481
v 0.164085 0.886557 -0.164748
v 0.164002 0.886658 -0.165519
v 0.168951 0.882926 -0.166659
v 0.168726 0.883133 -0.167375
v 0.173244 0.878032 -0.170204
v 0.172906 0.878367 -0.170826
v 0.174597 0.873464 -0.174648
v 0.174217 0.873942 -0.175130
v 0.173895 0.868271 -0.180657
v 0.173530 0.868865 -0.181006
v 0.170606 0.863851 -0.186924
v 0.170345 0.864584 -0.187075
v 0.164418 0.862585 -0.190962
v 0.164331 0.863354 -0.191000
v 0.138171 0.889666 -0.173259
v 0.138525 0.889545 -0.172394
v 0.123691 0.892490 -0.175501
v 0.124766 0.892327 -0.176066
v 0.132342 0.880681 -0.184785
v 0.132501 0.881769 -0.184367
v 0.138702 0.886405 -0.175771
v 0.138321 0.887007 -0.176119
v 0.164121 0.863689 -0.190722
v 0.163863 0.863683 -0.190278
v 0.169983 0.864888 -0.186897
v 0.169610 0.864858 -0.186528
v 0.173076 0.869046 -0.181002
v 0.172634 0.868924 -0.180765
v 0.173750 0.874021 -0.175244
v 0.173298 0.873823 -0.175095
v 0.172476 0.878320 -0.171063
v 0.172052 0.878026 -0.171006
v 0.168395 0.882972 -0.167693
v 0.168045 0.882594 -0.167698
v 0.163795 0.886405 -0.165886
v 0.163540 0.885956 -0.165928
v 0.157073 0.889053 -0.165849
v 0.156928 0.888561 -0.165891
v 0.145803 0.891446 -0.168038
v 0.146059 0.890870 -0.168002
v 0.145916 0.887571 -0.172250
v 0.146157 0.887487 -0.171679
v 0.156754 0.885340 -0.170068
v 0.156704 0.885316 -0.169556
v 0.161629 0.883272 -0.170257
v 0.161685 0.883203 -0.169749
v 0.165443 0.880542 -0.171627
v 0.165613 0.880391 -0.171160
v 0.167948 0.876674 -0.174809
v 0.168190 0.876412 -0.174433
v 0.168311 0.873192 -0.178482
v 0.168561 0.872848 -0.178192
v 0.167381 0.869541 -0.182893
v 0.167612 0.869123 -0.182694
v 0.164893 0.867387 -0.186326
v 0.165045 0.866899 -0.186236
v 0.159991 0.866198 -0.189730
v 0.159995 0.865675 -0.189743
v 0.149679 0.868326 -0.191800
v 0.149901 0.867758 -0.191770
v 0.149299 0.865055 -0.195558
v 0.149559 0.864816 -0.195150
v 0.161070 0.854495 -0.202135
v 0.160664 0.854852 -0.201355
v 0.161353 0.863472 -0.191584
v 0.161789 0.863493 -0.191934
v 0.137292 0.888995 -0.173812
v 0.137727 0.889430 -0.173709
v 0.125580 0.891841 -0.176253
v 0.126091 0.891219 -0.176158
v 0.132508 0.882384 -0.183688
v 0.132413 0.882589 -0.182943
v 0.137852 0.887194 -0.176113
v 0.137400 0.887078 -0.175875
v 0.159490 0.862266 -0.191179
v 0.158444 0.861633 -0.190999
v 0.158058 0.856796 -0.196482
v 0.158993 0.856051 -0.198224
v 0.151827 0.862387 -0.193001
v 0.150986 0.863235 -0.193751
v 0.152018 0.864038 -0.191104
v 0.151232 0.865357 -0.191313
v 0.157683 0.862869 -0.189966
v 0.158511 0.863855 -0.189851
v 0.134953 0.886595 -0.173602
v 0.136062 0.887536 -0.173415
v 0.127043 0.889327 -0.175304
v 0.128382 0.887899 -0.174978
v 0.132133 0.882378 -0.180767
v 0.132091 0.882836 -0.178958
v 0.136149 0.885992 -0.175076
v 0.135016 0.885470 -0.174812
v 0.212891 0.899404 -0.118361
v 0.205610 0.907294 -0.111934
v 0.203612 0.903940 -0.117493
v 0.171424 0.921510 -0.112051
v 0.169825 0.925325 -0.107877
v 0.162570 0.925835 -0.111229
v 0.163350 0.921742 -0.116227
v 0.159113 0.920010 -0.120878
v 0.159817 0.912355 -0.130644
v 0.196456 0.893846 -0.134861
v 0.194621 0.892269 -0.137973
v 0.190654 0.891806 -0.140790
v 0.205399 0.884263 -0.142612
v 0.201469 0.891592 -0.135068
v 0.207442 0.900376 -0.120097
v 0.197850 0.904281 -0.120241
v 0.174370 0.917098 -0.116271
v 0.170515 0.917025 -0.118507
v 0.167570 0.915822 -0.121739
v 0.167997 0.911186 -0.127654
v 0.193680 0.898211 -0.130610
v 0.196529 0.897922 -0.129412
v 0.199269 0.903459 -0.120543
v 0.211597 0.903430 -0.120085
v 0.207242 0.908149 -0.116241
v 0.205563 0.905331 -0.120912
v 0.171482 0.923935 -0.115149
v 0.170091 0.927255 -0.111516
v 0.165168 0.927601 -0.113791
v 0.165887 0.923830 -0.118395
v 0.161613 0.922083 -0.123086
v 0.162232 0.915355 -0.131671
v 0.199510 0.896522 -0.135962
v 0.196749 0.894149 -0.140645
v 0.194789 0.893920 -0.142036
v 0.204207 0.889102 -0.143200
v 0.201205 0.894701 -0.137437
v 0.207622 0.904139 -0.121351
v 0.214040 0.902148 -0.120429
v 0.206758 0.910039 -0.114002
v 0.204760 0.906685 -0.119562
v 0.172572 0.924255 -0.114119
v 0.170974 0.928070 -0.109945
v 0.163718 0.928580 -0.113297
v 0.164499 0.924486 -0.118295
v 0.160261 0.922755 -0.122946
v 0.160966 0.915100 -0.132712
v 0.197604 0.896590 -0.136930
v 0.195769 0.895013 -0.140041
v 0.191802 0.894551 -0.142858
v 0.206547 0.887007 -0.144681
v 0.202617 0.894337 -0.137137
v 0.208590 0.903120 -0.122165
v 0.213715 0.904231 -0.121473
v 0.214519 0.903293 -0.121292
v 0.207237 0.911183 -0.114865
v 0.207608 0.910848 -0.116083
v 0.205239 0.907830 -0.120425
v 0.205739 0.907710 -0.121286
v 0.173051 0.925400 -0.114982
v 0.172791 0.925695 -0.115715
v 0.171453 0.929215 -0.110808
v 0.171276 0.929311 -0.111758
v 0.164197 0.929725 -0.114160
v 0.164957 0.929755 -0.114677
v 0.164978 0.925631 -0.119158
v 0.165713 0.925791 -0.119517
v 0.160740 0.923900 -0.123809
v 0.161460 0.924053 -0.124184
v 0.161445 0.916245 -0.133575
v 0.162130 0.916770 -0.133476
v 0.198083 0.897735 -0.137793
v 0.199026 0.898131 -0.137723
v 0.196248 0.896158 -0.140904
v 0.196819 0.896234 -0.141466
v 0.192281 0.895696 -0.143721
v 0.193658 0.895866 -0.143710
v 0.207026 0.888152 -0.145543
v 0.206264 0.889417 -0.145268
v 0.203096 0.895482 -0.138000
v 0.202706 0.896051 -0.138439
v 0.209069 0.904265 -0.123028
v 0.208858 0.905098 -0.123020
v 0.212080 0.904584 -0.120955
v 0.213212 0.904495 -0.121402
v 0.207708 0.910459 -0.116544
v 0.207725 0.909304 -0.117111
v 0.205904 0.907431 -0.121564
v 0.206046 0.906486 -0.121782
v 0.172566 0.925629 -0.115927
v 0.171966 0.925089 -0.116020
v 0.171094 0.929143 -0.112082
v 0.170575 0.928409 -0.112387
v 0.165255 0.929553 -0.114779
v 0.165651 0.928756 -0.114661
v 0.165999 0.925656 -0.119538
v 0.166370 0.924985 -0.119266
v 0.161739 0.923915 -0.124213
v 0.162096 0.923238 -0.123956
v 0.162391 0.916823 -0.133261
v 0.162715 0.916509 -0.132541
v 0.199419 0.898117 -0.137523
v 0.199993 0.897677 -0.136832
v 0.197021 0.896056 -0.141590
v 0.197232 0.895303 -0.141515
v 0.194274 0.895736 -0.143540
v 0.195272 0.895075 -0.142906
v 0.205781 0.889849 -0.144963
v 0.204690 0.890257 -0.144070
v 0.202415 0.896126 -0.138501
v 0.201688 0.895856 -0.138308
v 0.208658 0.905308 -0.122852
v 0.208105 0.905294 -0.122221
v 0.198759 0.906453 -0.121878
v 0.200643 0.906601 -0.121959
v 0.174508 0.920867 -0.117540
v 0.175279 0.919270 -0.117908
v 0.171424 0.919198 -0.120144
v 0.170217 0.920787 -0.120030
v 0.166939 0.919447 -0.123627
v 0.168479 0.917995 -0.123376
v 0.167190 0.914334 -0.130273
v 0.168906 0.913359 -0.129291
v 0.196938 0.898958 -0.134158
v 0.194589 0.900384 -0.132247
v 0.197438 0.900095 -0.131049
v 0.198799 0.898769 -0.133375
v 0.202222 0.905686 -0.122296
v 0.200178 0.905632 -0.122181
v 0.225526 0.938600 -0.048718
v 0.173895 0.953403 -0.060797
v 0.173643 0.956336 -0.056127
v 0.165622 0.951721 -0.069432
v 0.218260 0.936630 -0.057117
v 0.217242 0.935411 -0.059851
v 0.214656 0.934484 -0.063214
v 0.210762 0.934090 -0.066621
v 0.188758 0.940399 -0.071769
v 0.188597 0.942273 -0.068785
v 0.183851 0.943634 -0.069896
v 0.184298 0.938419 -0.078198
v 0.189476 0.936934 -0.076987
v 0.189343 0.938482 -0.074522
v 0.211347 0.932174 -0.069374
v 0.211878 0.925981 -0.079233
v 0.225690 0.918682 -0.081518
v 0.232399 0.922243 -0.070885
v 0.215976 0.927270 -0.074202
v 0.215615 0.929837 -0.070214
v 0.219591 0.930923 -0.065606
v 0.222868 0.931970 -0.061556
v 0.224486 0.934368 -0.056448
v 0.225717 0.941457 -0.051746
v 0.174275 0.956207 -0.063782
v 0.174129 0.957903 -0.061080
v 0.168773 0.954821 -0.069965
v 0.221017 0.939842 -0.057742
v 0.219431 0.937944 -0.062002
v 0.216664 0.936951 -0.065602
v 0.212432 0.936524 -0.069304
v 0.189138 0.943202 -0.074754
v 0.188977 0.945076 -0.071770
v 0.186205 0.945871 -0.072419
v 0.186556 0.941775 -0.078940
v 0.189760 0.940856 -0.078191
v 0.189627 0.942404 -0.075726
v 0.213605 0.935530 -0.070116
v 0.214153 0.929140 -0.080288
v 0.226621 0.922552 -0.082351
v 0.231876 0.925342 -0.074021
v 0.216385 0.930083 -0.077150
v 0.215914 0.933434 -0.071946
v 0.220177 0.934598 -0.067005
v 0.223304 0.935597 -0.063140
v 0.224835 0.937866 -0.058306
v 0.226845 0.941680 -0.050581
v 0.175214 0.956483 -0.062661
v 0.174962 0.959416 -0.057991
v 0.166941 0.954801 -0.071295
v 0.219579 0.939709 -0.058980
v 0.218561 0.938491 -0.061714
v 0.215975 0.937563 -0.065078
v 0.212081 0.937170 -0.068484
v 0.190077 0.943479 -0.073633
v 0.189916 0.945353 -0.070649
v 0.185170 0.946713 -0.071759
v 0.185617 0.941498 -0.080062
v 0.190795 0.940014 -0.078850
v 0.190662 0.941562 -0.076386
v 0.212666 0.935253 -0.071237
v 0.213197 0.929061 -0.081096
v 0.227009 0.921762 -0.083382
v 0.233718 0.925323 -0.072749
v 0.217295 0.930350 -0.076065
v 0.216934 0.932917 -0.072078
v 0.220910 0.934002 -0.067470
v 0.224187 0.935050 -0.063419
v 0.225805 0.937447 -0.058312
v 0.227306 0.942758 -0.051234
v 0.226992 0.943014 -0.051923
v 0.175439 0.957795 -0.063984
v 0.175676 0.957561 -0.063313
v 0.175231 0.960220 -0.060124
v 0.175424 0.960494 -0.058643
v 0.168305 0.956235 -0.071611
v 0.167403 0.955879 -0.071948
v 0.220781 0.941190 -0.059334
v 0.220040 0.940788 -0.059633
v 0.219529 0.939692 -0.062695
v 0.219023 0.939569 -0.062367
v 0.216869 0.938737 -0.066156
v 0.216437 0.938642 -0.065730
v 0.212836 0.938330 -0.069684
v 0.212543 0.938248 -0.069137
v 0.190301 0.944791 -0.074956
v 0.190538 0.944557 -0.074285
v 0.190141 0.946665 -0.071973
v 0.190378 0.946431 -0.071301
v 0.186206 0.947793 -0.072893
v 0.185632 0.947792 -0.072412
v 0.186614 0.943038 -0.080463
v 0.186079 0.942577 -0.080714
v 0.190980 0.941786 -0.079442
v 0.191256 0.941092 -0.079503
v 0.190847 0.943334 -0.076977
v 0.191124 0.942640 -0.077038
v 0.213663 0.936793 -0.071639
v 0.213128 0.936332 -0.071890
v 0.214201 0.930519 -0.081627
v 0.213659 0.930139 -0.081749
v 0.227460 0.923513 -0.083821
v 0.227471 0.922840 -0.084034
v 0.233572 0.926756 -0.074134
v 0.234180 0.926401 -0.073401
v 0.217531 0.931666 -0.077374
v 0.217757 0.931428 -0.076718
v 0.217126 0.934555 -0.072886
v 0.217396 0.933995 -0.072730
v 0.221219 0.935673 -0.068141
v 0.221371 0.935081 -0.068122
v 0.224434 0.936701 -0.064167
v 0.224648 0.936128 -0.064072
v 0.226017 0.939045 -0.059172
v 0.226266 0.938526 -0.058964
v 0.225312 0.938980 -0.058980
v 0.225803 0.939137 -0.059171
v 0.223781 0.936711 -0.063814
v 0.224240 0.936821 -0.064106
v 0.220654 0.935712 -0.067679
v 0.221058 0.935804 -0.068039
v 0.216391 0.934547 -0.072620
v 0.216901 0.934669 -0.072857
v 0.216862 0.931197 -0.077824
v 0.217331 0.931607 -0.077612
v 0.232353 0.926456 -0.074695
v 0.233167 0.926761 -0.074414
v 0.227098 0.923666 -0.083025
v 0.227375 0.923687 -0.083594
v 0.214630 0.930254 -0.080962
v 0.214411 0.930537 -0.081449
v 0.214082 0.936643 -0.070790
v 0.213869 0.936853 -0.071393
v 0.190104 0.943518 -0.076400
v 0.190619 0.943519 -0.076832
v 0.190237 0.941970 -0.078865
v 0.190752 0.941971 -0.079297
v 0.187033 0.942889 -0.079614
v 0.186820 0.943099 -0.080217
v 0.186682 0.946985 -0.073093
v 0.186434 0.947608 -0.073038
v 0.189454 0.946190 -0.072444
v 0.189934 0.946604 -0.072219
v 0.189615 0.944316 -0.075428
v 0.190095 0.944730 -0.075203
v 0.212909 0.937637 -0.069978
v 0.212913 0.938188 -0.069864
v 0.217141 0.938065 -0.066276
v 0.217020 0.938603 -0.066271
v 0.219908 0.939058 -0.062676
v 0.219721 0.939572 -0.062758
v 0.221494 0.940956 -0.058416
v 0.221097 0.941219 -0.059062
v 0.169250 0.955935 -0.070639
v 0.168708 0.956240 -0.071319
v 0.174607 0.959017 -0.061754
v 0.175048 0.959887 -0.060803
v 0.174752 0.957320 -0.064456
v 0.175232 0.957734 -0.064231
v 0.226744 0.942965 -0.052179
v 0.226194 0.942571 -0.052420
v 0.219503 0.962417 -0.007583
v 0.210412 0.968224 -0.002841
v 0.190385 0.974224 -0.007159
v 0.178994 0.983418 0.002952
v 0.161416 0.982672 -0.013908
v 0.181794 0.964929 -0.034815
v 0.193043 0.970653 -0.012618
v 0.204610 0.967188 -0.010124
v 0.215495 0.959225 -0.017997
v 0.186334 0.974199 -0.010725
v 0.179723 0.979535 -0.004857
v 0.170753 0.979155 -0.013460
v 0.181330 0.969945 -0.024311
v 0.187704 0.973189 -0.011733
v 0.218385 0.966282 -0.010233
v 0.211188 0.970879 -0.006478
v 0.190910 0.976955 -0.010851
v 0.180169 0.985623 -0.001318
v 0.165599 0.985005 -0.015292
v 0.182780 0.970045 -0.032920
v 0.193134 0.975314 -0.012488
v 0.206680 0.971256 -0.009567
v 0.216037 0.964411 -0.016335
v 0.220852 0.965801 -0.009139
v 0.211761 0.971608 -0.004397
v 0.191735 0.977608 -0.008715
v 0.180343 0.986802 0.001395
v 0.162766 0.986056 -0.015464
v 0.183143 0.968312 -0.036371
v 0.194392 0.974037 -0.014174
v 0.205959 0.970571 -0.011680
v 0.216845 0.962608 -0.019554
v 0.221255 0.966812 -0.009604
v 0.220767 0.967465 -0.010150
v 0.212209 0.972931 -0.005686
v 0.212164 0.972619 -0.004862
v 0.192112 0.978952 -0.010020
v 0.192138 0.978619 -0.009180
v 0.180904 0.987998 -0.000072
v 0.180747 0.987813 0.000930
v 0.164173 0.987289 -0.016119
v 0.163169 0.987067 -0.015929
v 0.183650 0.970329 -0.036102
v 0.183546 0.969323 -0.036836
v 0.194647 0.975925 -0.014402
v 0.194795 0.975048 -0.014639
v 0.206772 0.972292 -0.011788
v 0.206362 0.971582 -0.012145
v 0.217227 0.964644 -0.019350
v 0.217248 0.963619 -0.020019
v 0.216439 0.965420 -0.016799
v 0.216875 0.965429 -0.017949
v 0.207083 0.972264 -0.010031
v 0.207086 0.972590 -0.010868
v 0.193536 0.976323 -0.012952
v 0.194100 0.976481 -0.013668
v 0.183182 0.971053 -0.033384
v 0.183492 0.971083 -0.034600
v 0.166001 0.986014 -0.015756
v 0.165407 0.986831 -0.016044
v 0.180571 0.986632 -0.001782
v 0.180828 0.987485 -0.001253
v 0.191312 0.977963 -0.011315
v 0.191753 0.978668 -0.010949
v 0.211590 0.971888 -0.006942
v 0.211960 0.972614 -0.006592
v 0.219693 0.967674 -0.010626
v 0.218787 0.967291 -0.010697
v 0.187311 0.976649 -0.011852
v 0.188803 0.977365 -0.011786
v 0.180759 0.983857 -0.004646
v 0.180700 0.981985 -0.005984
v 0.169847 0.983394 -0.015112
v 0.171730 0.981605 -0.014587
v 0.182714 0.972190 -0.028313
v 0.182307 0.972395 -0.025438
v 0.190469 0.976137 -0.013012
v 0.188681 0.975639 -0.012860
v 0.167562 1.009945 0.068879
v 0.198810 0.994662 0.051891
v 0.149661 0.996024 0.013318
v 0.170346 1.005343 0.058036
v 0.186343 0.997519 0.049339
v 0.161182 0.998216 0.029592
v 0.170137 1.011414 0.063525
v 0.194746 0.999377 0.050146
v 0.156039 1.000450 0.019767
v 0.168579 1.013332 0.067702
v 0.199827 0.998049 0.050715
v 0.150678 0.999411 0.012141
v 0.168863 1.014278 0.067374
v 0.169479 1.014478 0.066044
v 0.198999 1.000040 0.049995
v 0.200111 0.998995 0.050386
v 0.152567 1.001327 0.013554
v 0.150962 1.000357 0.011813
v 0.170076 1.013743 0.064443
v 0.170343 1.012100 0.063286
v 0.194953 1.000064 0.049907
v 0.197052 1.000549 0.049777
v 0.156245 1.001136 0.019528
v 0.154621 1.001725 0.016476
v 0.170968 1.009595 0.059008
v 0.170960 1.007387 0.057326
v 0.186956 0.999563 0.048629
v 0.189741 1.000414 0.048802
v 0.161796 1.000260 0.028882
v 0.160213 1.001232 0.025628
v 0.117054 1.027141 0.096336
v 0.102570 1.028962 0.091627
v 0.094200 1.028372 0.080692
v 0.094255 1.023714 0.057464
v 0.090108 1.024258 0.056225
v 0.090175 1.023703 0.053518
v 0.102533 1.021544 0.054509
v 0.102279 1.022220 0.057647
v 0.098138 1.023125 0.058220
v 0.097309 1.026463 0.074115
v 0.100291 1.026024 0.074765
v 0.109021 1.023023 0.068090
v 0.109346 1.022154 0.064055
v 0.119028 1.021499 0.070014
v 0.113648 1.022701 0.070894
v 0.102609 1.026602 0.079864
v 0.102416 1.027117 0.082255
v 0.106774 1.026387 0.082764
v 0.105462 1.027633 0.087740
v 0.112314 1.026637 0.089295
v 0.114161 1.025090 0.083325
v 0.119933 1.023218 0.079473
v 0.134232 1.020764 0.080842
v 0.137588 1.019327 0.076859
v 0.136502 1.022225 0.090310
v 0.133546 1.021845 0.085590
v 0.121098 1.023869 0.083834
v 0.117599 1.024937 0.085839
v 0.116966 1.030701 0.094485
v 0.103755 1.032362 0.090190
v 0.095731 1.031796 0.079707
v 0.095787 1.027067 0.056124
v 0.091655 1.027609 0.054889
v 0.091684 1.027364 0.053692
v 0.102322 1.025505 0.054545
v 0.102190 1.025857 0.056180
v 0.098030 1.026766 0.056755
v 0.097129 1.030397 0.074046
v 0.101211 1.029796 0.074936
v 0.110520 1.026596 0.067818
v 0.110768 1.025933 0.064741
v 0.117389 1.025485 0.068816
v 0.113964 1.026251 0.069376
v 0.102496 1.030303 0.078695
v 0.102208 1.031071 0.082260
v 0.106406 1.030368 0.082751
v 0.105120 1.031589 0.087629
v 0.113589 1.030358 0.089550
v 0.115572 1.028698 0.083142
v 0.120870 1.026980 0.079606
v 0.135304 1.024502 0.080988
v 0.137231 1.023677 0.078700
v 0.136560 1.025469 0.087018
v 0.134728 1.025233 0.084091
v 0.121596 1.027368 0.082239
v 0.117479 1.028625 0.084599
v 0.117748 1.030777 0.095609
v 0.103263 1.032598 0.090900
v 0.094893 1.032007 0.079965
v 0.094949 1.027350 0.056737
v 0.090801 1.027893 0.055498
v 0.090868 1.027339 0.052790
v 0.103227 1.025179 0.053781
v 0.102973 1.025856 0.056920
v 0.098831 1.026760 0.057492
v 0.098003 1.030098 0.073388
v 0.100984 1.029660 0.074038
v 0.109714 1.026659 0.067363
v 0.110040 1.025789 0.063328
v 0.119722 1.025134 0.069286
v 0.114342 1.026337 0.070167
v 0.103303 1.030237 0.079136
v 0.103110 1.030752 0.081528
v 0.107468 1.030023 0.082037
v 0.106156 1.031269 0.087013
v 0.113008 1.030272 0.088568
v 0.114855 1.028726 0.082598
v 0.120626 1.026854 0.078746
v 0.134926 1.024400 0.080115
v 0.138281 1.022963 0.076131
v 0.137195 1.025861 0.089583
v 0.134239 1.025481 0.084862
v 0.121791 1.027504 0.083107
v 0.118292 1.028573 0.085112
v 0.118031 1.032258 0.095313
v 0.117747 1.032596 0.094729
v 0.103840 1.034345 0.090207
v 0.103546 1.034079 0.090603
v 0.095627 1.033765 0.079477
v 0.095176 1.033488 0.079668
v 0.095682 1.029075 0.056088
v 0.095231 1.028831 0.056441
v 0.091542 1.029618 0.054852
v 0.091084 1.029375 0.055202
v 0.091592 1.029204 0.052828
v 0.091151 1.028820 0.052494
v 0.103170 1.027180 0.053757
v 0.103509 1.026661 0.053485
v 0.102972 1.027710 0.056214
v 0.103256 1.027337 0.056624
v 0.098822 1.028616 0.056787
v 0.099114 1.028242 0.057196
v 0.097960 1.032087 0.073315
v 0.098286 1.031580 0.073091
v 0.101440 1.031575 0.074074
v 0.101267 1.031141 0.073741
v 0.110433 1.028484 0.067199
v 0.109997 1.028140 0.067067
v 0.110724 1.027708 0.063598
v 0.110323 1.027271 0.063031
v 0.119018 1.027147 0.068702
v 0.120004 1.026616 0.068990
v 0.114524 1.028151 0.069438
v 0.114624 1.027818 0.069870
v 0.103291 1.032120 0.078566
v 0.103586 1.031718 0.078840
v 0.103055 1.032750 0.081489
v 0.103392 1.032234 0.081231
v 0.107340 1.032033 0.081990
v 0.107750 1.031504 0.081741
v 0.106040 1.033267 0.086921
v 0.106438 1.032750 0.086717
v 0.113625 1.032165 0.088642
v 0.113290 1.031754 0.088272
v 0.115533 1.030567 0.082474
v 0.115137 1.030207 0.082302
v 0.121090 1.028764 0.078765
v 0.120909 1.028335 0.078450
v 0.135451 1.026300 0.080140
v 0.135209 1.025881 0.079818
v 0.138159 1.025140 0.076925
v 0.138564 1.024444 0.075835
v 0.137261 1.027537 0.088049
v 0.137478 1.027342 0.089286
v 0.134814 1.027222 0.084142
v 0.134522 1.026962 0.084566
v 0.122057 1.029296 0.082343
v 0.122074 1.028985 0.082810
v 0.118277 1.030450 0.084509
v 0.118575 1.030054 0.084815
v 0.117797 1.030295 0.084265
v 0.118015 1.030467 0.084343
v 0.121915 1.029037 0.081905
v 0.121994 1.029252 0.082063
v 0.135046 1.026903 0.083757
v 0.134972 1.027142 0.083893
v 0.136878 1.027138 0.086684
v 0.137056 1.027410 0.087222
v 0.137550 1.025346 0.078366
v 0.137820 1.025370 0.077753
v 0.135623 1.026172 0.080654
v 0.135573 1.026333 0.080421
v 0.121188 1.028649 0.079272
v 0.121169 1.028805 0.079042
v 0.115890 1.030367 0.082808
v 0.115765 1.030557 0.082649
v 0.113908 1.032027 0.089216
v 0.113812 1.032192 0.088959
v 0.105438 1.033259 0.087295
v 0.105706 1.033371 0.087120
v 0.106724 1.032038 0.082417
v 0.106997 1.032144 0.082220
v 0.102527 1.032740 0.081927
v 0.102764 1.032853 0.081725
v 0.102815 1.031972 0.078361
v 0.103031 1.032142 0.078423
v 0.114283 1.027920 0.069043
v 0.114402 1.028123 0.069183
v 0.117707 1.027155 0.068482
v 0.118265 1.027260 0.068551
v 0.111087 1.027603 0.064408
v 0.110959 1.027754 0.064054
v 0.110838 1.028265 0.067484
v 0.110693 1.028464 0.067346
v 0.101529 1.031465 0.074602
v 0.101513 1.031619 0.074364
v 0.097447 1.032066 0.073712
v 0.097678 1.032183 0.073528
v 0.098348 1.028435 0.056421
v 0.098563 1.028618 0.056550
v 0.102509 1.027526 0.055846
v 0.102719 1.027710 0.055975
v 0.102641 1.027174 0.054211
v 0.102879 1.027285 0.054003
v 0.092003 1.029033 0.053358
v 0.091855 1.029211 0.053119
v 0.091973 1.029278 0.054555
v 0.091817 1.029526 0.054655
v 0.096106 1.028737 0.055790
v 0.095953 1.028984 0.055891
v 0.096050 1.033465 0.079373
v 0.095897 1.033697 0.079394
v 0.104073 1.034032 0.089856
v 0.103998 1.034268 0.089978
v 0.117495 1.032571 0.094367
v 0.117285 1.032370 0.094152
v 0.039730 1.042560 0.126305
v 0.040262 1.040958 0.118170
v 0.036893 1.040658 0.115006
v 0.042652 1.040106 0.114839
v 0.042615 1.040590 0.117352
v 0.069237 1.036526 0.108668
v 0.052563 1.033019 0.082421
v 0.046399 1.032928 0.079033
v 0.059489 1.030072 0.070270
v 0.058821 1.031708 0.078520
v 0.079738 1.036243 0.112152
v 0.045271 1.041544 0.123604
v 0.045161 1.042249 0.127243
v 0.038819 1.037846 0.101196
v 0.048946 1.036823 0.100624
v 0.051327 1.035995 0.097419
v 0.043449 1.035096 0.088987
v 0.039334 1.035549 0.089412
v 0.041136 1.037186 0.098832
v 0.047208 1.036572 0.098489
v 0.048414 1.036153 0.096866
v 0.043504 1.035592 0.091610
v 0.041442 1.035819 0.091823
v 0.040954 1.046101 0.124904
v 0.041463 1.044571 0.117131
v 0.039256 1.044374 0.115058
v 0.042140 1.044097 0.114974
v 0.042098 1.044639 0.117789
v 0.070850 1.040251 0.108411
v 0.053493 1.036599 0.081090
v 0.048334 1.036524 0.078255
v 0.058851 1.034229 0.071214
v 0.058303 1.035574 0.077994
v 0.078816 1.040021 0.110977
v 0.044789 1.045254 0.122283
v 0.044690 1.045887 0.125550
v 0.040035 1.041351 0.099601
v 0.048834 1.040461 0.099105
v 0.050582 1.039854 0.096751
v 0.043467 1.039042 0.089136
v 0.040480 1.039371 0.089444
v 0.040069 1.046312 0.125588
v 0.040601 1.044710 0.117453
v 0.037232 1.044410 0.114289
v 0.042990 1.043858 0.114122
v 0.042954 1.044341 0.116635
v 0.069576 1.040278 0.107951
v 0.052902 1.036770 0.081705
v 0.046738 1.036680 0.078317
v 0.059828 1.033824 0.069554
v 0.059160 1.035460 0.077803
v 0.080077 1.039995 0.111435
v 0.045610 1.045296 0.122887
v 0.045499 1.046001 0.126527
v 0.039157 1.041598 0.100480
v 0.049285 1.040574 0.099908
v 0.051665 1.039747 0.096702
v 0.043788 1.038848 0.088270
v 0.039673 1.039300 0.088695
v 0.040579 1.047731 0.125011
v 0.040174 1.047472 0.125366
v 0.040706 1.045870 0.117232
v 0.041101 1.046159 0.117029
v 0.037337 1.045570 0.114068
v 0.038222 1.045902 0.114326
v 0.043095 1.045018 0.113901
v 0.042767 1.045467 0.114194
v 0.043058 1.045501 0.116414
v 0.042729 1.045975 0.116835
v 0.069681 1.041438 0.107730
v 0.070250 1.041774 0.107857
v 0.053007 1.037930 0.081483
v 0.053288 1.038206 0.081157
v 0.046843 1.037840 0.078095
v 0.047548 1.038122 0.078003
v 0.059932 1.034984 0.069332
v 0.059552 1.035502 0.069966
v 0.059265 1.036620 0.077582
v 0.058934 1.037015 0.077596
v 0.080181 1.041155 0.111214
v 0.079681 1.041514 0.110954
v 0.045715 1.046456 0.122665
v 0.045400 1.046786 0.122344
v 0.045604 1.047161 0.126305
v 0.045294 1.047460 0.125826
v 0.039262 1.042758 0.100258
v 0.039664 1.043001 0.099821
v 0.049230 1.042034 0.099281
v 0.049389 1.041734 0.099686
v 0.051344 1.041300 0.096435
v 0.051770 1.040907 0.096480
v 0.043788 1.040437 0.088348
v 0.043893 1.040008 0.088049
v 0.040150 1.040838 0.088723
v 0.039778 1.040461 0.088473
v 0.041073 1.047414 0.124654
v 0.040881 1.047659 0.124778
v 0.041395 1.046111 0.116919
v 0.041582 1.045883 0.116880
v 0.038912 1.045890 0.114588
v 0.039374 1.045687 0.114807
v 0.042477 1.045548 0.114484
v 0.042258 1.045410 0.114724
v 0.042437 1.046076 0.117228
v 0.042217 1.045952 0.117539
v 0.070684 1.041765 0.108014
v 0.070968 1.041563 0.108160
v 0.053489 1.038148 0.080948
v 0.053612 1.037912 0.080839
v 0.048092 1.038068 0.077981
v 0.048453 1.037836 0.078004
v 0.059219 1.035641 0.070533
v 0.058970 1.035542 0.070963
v 0.058642 1.037054 0.077661
v 0.058421 1.036886 0.077743
v 0.079251 1.041523 0.110798
v 0.078935 1.041334 0.110727
v 0.045120 1.046772 0.122138
v 0.044908 1.046567 0.122032
v 0.045018 1.047422 0.125493
v 0.044809 1.047200 0.125299
v 0.039963 1.042917 0.099521
v 0.040154 1.042664 0.099351
v 0.048952 1.041774 0.098854
v 0.049077 1.041996 0.099007
v 0.050700 1.041167 0.096501
v 0.050975 1.041336 0.096452
v 0.043585 1.040355 0.088885
v 0.043679 1.040504 0.088643
v 0.040598 1.040683 0.089194
v 0.040425 1.040862 0.088979
v 0.040859 1.041114 0.098751
v 0.041422 1.040351 0.098228
v 0.047493 1.039737 0.097885
v 0.048097 1.040382 0.098342
v 0.048699 1.039318 0.096261
v 0.049535 1.039883 0.096407
v 0.043789 1.038757 0.091006
v 0.043682 1.039215 0.090142
v 0.041728 1.038984 0.091219
v 0.041225 1.039485 0.090396
v -0.003523 1.034119 0.078041
v -0.013693 1.034103 0.077986
v -0.003436 1.033799 0.076306
v 0.002458 1.043875 0.130961
v 0.003248 1.033621 0.075323
v -0.019465 1.033368 0.074010
v -0.020423 1.036085 0.088753
v -0.013555 1.035227 0.084082
v -0.002503 1.035251 0.084180
v -0.004226 1.041608 0.118677
v -0.016498 1.040370 0.111996
v -0.021854 1.038917 0.104125
v -0.026628 1.041838 0.119989
v -0.018389 1.041635 0.118864
v -0.002200 1.038544 0.078649
v 0.001098 1.047607 0.127815
v -0.002104 1.038189 0.076725
v 0.001831 1.038085 0.076147
v -0.014137 1.038526 0.078584
v -0.018236 1.038003 0.075761
v -0.018853 1.039752 0.085251
v -0.013986 1.039144 0.081941
v -0.001043 1.039172 0.082056
v -0.002948 1.046196 0.120170
v -0.017469 1.044731 0.112264
v -0.021363 1.043675 0.106542
v -0.024682 1.045706 0.117573
v -0.018102 1.045544 0.116674
v -0.003525 1.038289 0.077273
v -0.013695 1.038274 0.077217
v -0.003438 1.037970 0.075537
v 0.002456 1.048046 0.130193
v 0.003245 1.037792 0.074555
v -0.019467 1.037538 0.073242
v -0.020425 1.040255 0.087984
v -0.013557 1.039398 0.083313
v -0.002505 1.039421 0.083412
v -0.004228 1.045778 0.117909
v -0.016500 1.044541 0.111227
v -0.021856 1.043088 0.103357
v -0.026630 1.046009 0.119220
v -0.018391 1.045806 0.118095
v -0.003124 1.039639 0.077455
v -0.003525 1.039148 0.077115
v -0.013695 1.039132 0.077059
v -0.013829 1.039623 0.077397
v -0.003034 1.039309 0.075662
v -0.003438 1.038828 0.075379
v 0.002044 1.049186 0.129238
v 0.002455 1.048904 0.130035
v 0.003245 1.038650 0.074396
v 0.002816 1.039153 0.074802
v -0.019468 1.038397 0.073083
v -0.019095 1.038952 0.073770
v -0.020425 1.041113 0.087826
v -0.019949 1.041376 0.086922
v -0.013558 1.040256 0.083155
v -0.013688 1.040594 0.082663
v -0.002505 1.040280 0.083253
v -0.002062 1.040619 0.082766
v -0.004229 1.046637 0.117751
v -0.003841 1.047178 0.118359
v -0.016500 1.045399 0.111069
v -0.016794 1.045871 0.111307
v -0.021857 1.043946 0.103199
v -0.021708 1.044538 0.104087
v -0.026630 1.046867 0.119062
v -0.026040 1.047190 0.118487
v -0.018391 1.046664 0.117937
v -0.018304 1.046999 0.117430
v -0.018168 1.046876 0.116762
v -0.018102 1.046506 0.116497
v -0.025126 1.047048 0.117713
v -0.024683 1.046668 0.117395
v -0.021476 1.044814 0.105583
v -0.021364 1.044637 0.106365
v -0.017249 1.045961 0.111794
v -0.017470 1.045693 0.112087
v -0.003240 1.047374 0.119422
v -0.002948 1.047158 0.119993
v -0.001376 1.040502 0.082129
v -0.001044 1.040134 0.081878
v -0.013889 1.040475 0.082018
v -0.013986 1.040106 0.081764
v -0.019211 1.041139 0.085638
v -0.018853 1.040714 0.085074
v -0.018517 1.039171 0.074953
v -0.018237 1.038965 0.075583
v -0.014037 1.039741 0.078038
v -0.014138 1.039487 0.078406
v 0.002152 1.039291 0.075550
v 0.001830 1.039046 0.075969
v -0.002104 1.039151 0.076548
v -0.002408 1.039412 0.076220
v 0.001097 1.048569 0.127638
v 0.001406 1.048980 0.128121
v -0.002200 1.039505 0.078472
v -0.002502 1.039759 0.078101
v 0.060755 0.746690 -0.300727
v 0.093762 0.739017 -0.304053
v 0.088178 0.734236 -0.308582
v 0.053990 0.743485 -0.304047
v 0.059605 0.744782 -0.302433
v 0.071592 0.736617 -0.308146
v 0.081768 0.734244 -0.309177
v 0.061986 0.712273 -0.329440
v 0.062678 0.701088 -0.338744
v 0.042163 0.710312 -0.332945
v 0.057259 0.714877 -0.327703
v 0.057501 0.711460 -0.330542
v 0.057855 0.705739 -0.335301
v 0.048644 0.709881 -0.332697
v 0.056306 0.712198 -0.330037
v 0.061872 0.747228 -0.304224
v 0.091140 0.740423 -0.307174
v 0.087866 0.737620 -0.309829
v 0.059266 0.745357 -0.306036
v 0.060983 0.745754 -0.305543
v 0.072666 0.737164 -0.311640
v 0.079449 0.735582 -0.312327
v 0.060619 0.714668 -0.331615
v 0.061205 0.705195 -0.339495
v 0.045953 0.712053 -0.335183
v 0.058640 0.715890 -0.330777
v 0.060977 0.748675 -0.303096
v 0.093985 0.741001 -0.306422
v 0.088401 0.736221 -0.310951
v 0.054213 0.745470 -0.306417
v 0.059827 0.746767 -0.304803
v 0.071815 0.738601 -0.310516
v 0.081991 0.736229 -0.311547
v 0.062208 0.714257 -0.331809
v 0.062901 0.703072 -0.341113
v 0.042386 0.712297 -0.335314
v 0.057482 0.716862 -0.330072
v 0.057724 0.713444 -0.332912
v 0.058078 0.707724 -0.337670
v 0.048867 0.711865 -0.335067
v 0.056529 0.714182 -0.332406
v 0.061411 0.748826 -0.304403
v 0.061014 0.749000 -0.303484
v 0.094021 0.741326 -0.306810
v 0.092944 0.741495 -0.307580
v 0.088438 0.736546 -0.311339
v 0.088271 0.737494 -0.311370
v 0.054249 0.745795 -0.306804
v 0.056287 0.746147 -0.307128
v 0.059864 0.747092 -0.305190
v 0.060364 0.747089 -0.305956
v 0.072231 0.738756 -0.311821
v 0.071851 0.738926 -0.310903
v 0.082027 0.736554 -0.311934
v 0.081069 0.736695 -0.312716
v 0.062245 0.714582 -0.332197
v 0.061662 0.715141 -0.332594
v 0.062937 0.703397 -0.341501
v 0.062313 0.704631 -0.341336
v 0.042422 0.712622 -0.335702
v 0.043874 0.712922 -0.336124
v 0.057518 0.717187 -0.330460
v 0.058020 0.717200 -0.331212
v 0.058477 0.716816 -0.331490
v 0.058697 0.716399 -0.331386
v 0.045282 0.712826 -0.336072
v 0.046010 0.712563 -0.335792
v 0.061644 0.705469 -0.340697
v 0.061262 0.705704 -0.340103
v 0.061035 0.715303 -0.332517
v 0.060676 0.715178 -0.332223
v 0.080066 0.736440 -0.313024
v 0.079506 0.736092 -0.312936
v 0.072723 0.737673 -0.312248
v 0.072567 0.738188 -0.312265
v 0.060820 0.746689 -0.306248
v 0.061040 0.746263 -0.306151
v 0.058282 0.746103 -0.306978
v 0.059324 0.745867 -0.306645
v 0.088060 0.738047 -0.310927
v 0.087923 0.738130 -0.310438
v 0.091821 0.741267 -0.307877
v 0.091198 0.740933 -0.307782
v 0.061929 0.747738 -0.304833
v 0.061764 0.748255 -0.304848
v 0.172834 0.732480 -0.295066
v 0.197340 0.745435 -0.277963
v 0.198110 0.726651 -0.294399
v 0.170978 0.727290 -0.300084
v 0.142066 0.750475 -0.286239
v 0.133049 0.752662 -0.286381
v 0.141761 0.758963 -0.278802
v 0.147482 0.757655 -0.278640
v 0.146681 0.753747 -0.282281
v 0.179661 0.731483 -0.294375
v 0.194029 0.739077 -0.284348
v 0.194428 0.729332 -0.292876
v 0.178806 0.729700 -0.296149
v 0.173337 0.733238 -0.298573
v 0.196666 0.745569 -0.282293
v 0.197314 0.729745 -0.296139
v 0.171949 0.730343 -0.301453
v 0.143195 0.753402 -0.287683
v 0.136145 0.755112 -0.287795
v 0.142794 0.759921 -0.282010
v 0.146541 0.759064 -0.281904
v 0.145832 0.755604 -0.285128
v 0.173373 0.734549 -0.297405
v 0.197879 0.747504 -0.280303
v 0.198649 0.728720 -0.296738
v 0.171517 0.729359 -0.302423
v 0.142605 0.752544 -0.288578
v 0.133587 0.754732 -0.288720
v 0.142300 0.761032 -0.281141
v 0.148021 0.759724 -0.280980
v 0.147220 0.755816 -0.284620
v 0.173580 0.734911 -0.298786
v 0.173511 0.735077 -0.298002
v 0.198017 0.748031 -0.280899
v 0.197654 0.747637 -0.281985
v 0.198786 0.729247 -0.297335
v 0.198379 0.729939 -0.297472
v 0.171654 0.729887 -0.303020
v 0.171895 0.730563 -0.303021
v 0.142742 0.753072 -0.289174
v 0.143040 0.753701 -0.289203
v 0.133725 0.755259 -0.289317
v 0.134745 0.755714 -0.289334
v 0.142438 0.761560 -0.281738
v 0.142701 0.761468 -0.282413
v 0.148158 0.760252 -0.281576
v 0.147698 0.760325 -0.282272
v 0.147358 0.756344 -0.285217
v 0.146931 0.756581 -0.285760
v 0.146461 0.756509 -0.285932
v 0.145986 0.756194 -0.285795
v 0.147196 0.760102 -0.282585
v 0.146695 0.759654 -0.282571
v 0.142868 0.761091 -0.282707
v 0.142948 0.760510 -0.282676
v 0.135611 0.755843 -0.289020
v 0.136298 0.755702 -0.288461
v 0.143240 0.753992 -0.288900
v 0.143348 0.753991 -0.288350
v 0.172041 0.730896 -0.302692
v 0.172103 0.730933 -0.302120
v 0.197927 0.730286 -0.297268
v 0.197468 0.730335 -0.296805
v 0.197243 0.746982 -0.282660
v 0.196819 0.746159 -0.282960
v 0.173491 0.733827 -0.299240
v 0.173568 0.734467 -0.299182
v 0.179105 0.733502 -0.297011
v 0.180061 0.733017 -0.296110
v 0.194429 0.740612 -0.286083
v 0.194903 0.741852 -0.285986
v 0.194828 0.730866 -0.294611
v 0.195342 0.731136 -0.295363
v 0.179206 0.731234 -0.297884
v 0.178165 0.731541 -0.298962
v 0.262315 0.790374 -0.211083
v 0.265222 0.791694 -0.208631
v 0.266369 0.796771 -0.202942
v 0.271605 0.790769 -0.207212
v 0.285312 0.781841 -0.211359
v 0.296678 0.777967 -0.211140
v 0.287364 0.773034 -0.219723
v 0.279772 0.780686 -0.214621
v 0.265628 0.775109 -0.225670
v 0.259484 0.775116 -0.227952
v 0.254175 0.776310 -0.228692
v 0.246949 0.779316 -0.228269
v 0.235229 0.785702 -0.226016
v 0.232628 0.787137 -0.225499
v 0.226041 0.781444 -0.233852
v 0.230598 0.776200 -0.237590
v 0.239160 0.777082 -0.233486
v 0.244171 0.769865 -0.239099
v 0.235996 0.773277 -0.238609
v 0.229602 0.771933 -0.242384
v 0.219112 0.780533 -0.237378
v 0.229973 0.792704 -0.220718
v 0.237269 0.788969 -0.221871
v 0.248694 0.782096 -0.224738
v 0.254462 0.780064 -0.224695
v 0.259356 0.778843 -0.224136
v 0.263527 0.779244 -0.222167
v 0.274838 0.783905 -0.213122
v 0.268698 0.789449 -0.209664
v 0.268297 0.787288 -0.212053
v 0.265194 0.792469 -0.212659
v 0.267103 0.793335 -0.211049
v 0.267894 0.796837 -0.207125
v 0.271621 0.792565 -0.210165
v 0.285676 0.783410 -0.214417
v 0.295190 0.780167 -0.214234
v 0.288233 0.776482 -0.220644
v 0.280720 0.784054 -0.215596
v 0.265912 0.778216 -0.227164
v 0.260180 0.778222 -0.229293
v 0.255195 0.779343 -0.229988
v 0.248194 0.782255 -0.229578
v 0.236557 0.788597 -0.227341
v 0.233061 0.790525 -0.226645
v 0.225445 0.783943 -0.236304
v 0.231018 0.777530 -0.240874
v 0.239473 0.778402 -0.236821
v 0.242520 0.774013 -0.240234
v 0.236687 0.776448 -0.239884
v 0.230566 0.775161 -0.243498
v 0.221369 0.782702 -0.239109
v 0.231278 0.793806 -0.223909
v 0.237555 0.790592 -0.224901
v 0.249079 0.783660 -0.227793
v 0.255092 0.781541 -0.227748
v 0.260336 0.780234 -0.227150
v 0.264930 0.780675 -0.224981
v 0.277347 0.785792 -0.215052
v 0.268670 0.793625 -0.210165
v 0.268170 0.790934 -0.213141
v 0.263126 0.792631 -0.213261
v 0.266034 0.793952 -0.210809
v 0.267181 0.799028 -0.205120
v 0.272417 0.793026 -0.209390
v 0.286123 0.784099 -0.213537
v 0.297489 0.780224 -0.213318
v 0.288176 0.775291 -0.221901
v 0.280583 0.782943 -0.216799
v 0.266439 0.777367 -0.227848
v 0.260295 0.777373 -0.230130
v 0.254986 0.778567 -0.230870
v 0.247760 0.781573 -0.230447
v 0.236040 0.787960 -0.228194
v 0.233439 0.789394 -0.227676
v 0.226852 0.783702 -0.236030
v 0.231410 0.778457 -0.239768
v 0.239972 0.779339 -0.235664
v 0.244982 0.772122 -0.241277
v 0.236808 0.775534 -0.240786
v 0.230413 0.774190 -0.244562
v 0.219924 0.782791 -0.239556
v 0.230785 0.794961 -0.222895
v 0.238080 0.791226 -0.224049
v 0.249505 0.784353 -0.226915
v 0.255273 0.782321 -0.226872
v 0.260167 0.781101 -0.226314
v 0.264338 0.781501 -0.224345
v 0.275650 0.786162 -0.215300
v 0.269509 0.791706 -0.211842
v 0.269108 0.789546 -0.214230
v 0.263345 0.793242 -0.213850
v 0.264127 0.793461 -0.213914
v 0.266705 0.794631 -0.211741
v 0.266253 0.794562 -0.211398
v 0.267734 0.799187 -0.206635
v 0.267400 0.799639 -0.205709
v 0.272471 0.793757 -0.210498
v 0.272636 0.793637 -0.209979
v 0.286293 0.784754 -0.214680
v 0.286343 0.784709 -0.214126
v 0.297047 0.781088 -0.214473
v 0.297709 0.780835 -0.213907
v 0.288512 0.776568 -0.222338
v 0.288395 0.775901 -0.222490
v 0.280946 0.784193 -0.217253
v 0.280802 0.783554 -0.217388
v 0.266582 0.778531 -0.228474
v 0.266658 0.777977 -0.228437
v 0.260575 0.778537 -0.230706
v 0.260515 0.777984 -0.230719
v 0.255373 0.779707 -0.231431
v 0.255206 0.779178 -0.231460
v 0.248221 0.782682 -0.231012
v 0.247980 0.782183 -0.231036
v 0.236529 0.789054 -0.228764
v 0.236260 0.788570 -0.228783
v 0.233631 0.790651 -0.228188
v 0.233658 0.790005 -0.228266
v 0.226705 0.784665 -0.236973
v 0.227072 0.784312 -0.236619
v 0.231598 0.779034 -0.240986
v 0.231629 0.779067 -0.240357
v 0.240124 0.779913 -0.236899
v 0.240191 0.779950 -0.236253
v 0.244486 0.773630 -0.241785
v 0.245202 0.772733 -0.241866
v 0.237085 0.776719 -0.241341
v 0.237027 0.776145 -0.241376
v 0.230781 0.775394 -0.245062
v 0.230633 0.774801 -0.245151
v 0.220719 0.783645 -0.240260
v 0.220143 0.783401 -0.240145
v 0.231265 0.795462 -0.224083
v 0.231004 0.795572 -0.223485
v 0.238224 0.791900 -0.225183
v 0.238300 0.791836 -0.224638
v 0.249682 0.785007 -0.228058
v 0.249724 0.784964 -0.227505
v 0.255531 0.782947 -0.228014
v 0.255492 0.782932 -0.227462
v 0.260540 0.781697 -0.227443
v 0.260387 0.781711 -0.226903
v 0.264851 0.782112 -0.225407
v 0.264558 0.782112 -0.224934
v 0.276528 0.786923 -0.216070
v 0.275869 0.786773 -0.215889
v 0.269549 0.793224 -0.212140
v 0.269729 0.792317 -0.212431
v 0.269116 0.790888 -0.214723
v 0.269328 0.790156 -0.214820
v 0.264793 0.793408 -0.213720
v 0.265409 0.793066 -0.213235
v 0.267318 0.793932 -0.211625
v 0.267049 0.794433 -0.211818
v 0.268109 0.797434 -0.207701
v 0.267964 0.798482 -0.207281
v 0.271836 0.793162 -0.210741
v 0.272215 0.793609 -0.210748
v 0.285890 0.784007 -0.214993
v 0.286149 0.784533 -0.214964
v 0.295404 0.780764 -0.214809
v 0.296306 0.781070 -0.214768
v 0.288448 0.777079 -0.221220
v 0.288531 0.776952 -0.221933
v 0.280935 0.784651 -0.216172
v 0.280990 0.784551 -0.216866
v 0.266126 0.778813 -0.227740
v 0.266412 0.778804 -0.228254
v 0.260395 0.778819 -0.229869
v 0.260538 0.778810 -0.230436
v 0.255410 0.779940 -0.230564
v 0.255440 0.779957 -0.231147
v 0.248408 0.782852 -0.230154
v 0.248361 0.782902 -0.230732
v 0.236771 0.789194 -0.227916
v 0.236695 0.789259 -0.228489
v 0.233275 0.791122 -0.227221
v 0.233510 0.791015 -0.227856
v 0.225660 0.784540 -0.236880
v 0.226252 0.784743 -0.237061
v 0.231232 0.778127 -0.241450
v 0.231471 0.778735 -0.241342
v 0.239688 0.778998 -0.237397
v 0.239964 0.779611 -0.237271
v 0.242735 0.774610 -0.240810
v 0.243693 0.774240 -0.241449
v 0.236902 0.777044 -0.240460
v 0.237047 0.777014 -0.241050
v 0.230781 0.775758 -0.244074
v 0.230831 0.775707 -0.244720
v 0.221584 0.783299 -0.239685
v 0.221185 0.783616 -0.240116
v 0.231493 0.794403 -0.224485
v 0.231424 0.795090 -0.224409
v 0.237769 0.791189 -0.225477
v 0.238055 0.791696 -0.225457
v 0.249294 0.784256 -0.228369
v 0.249544 0.784784 -0.228340
v 0.255307 0.782138 -0.228324
v 0.255473 0.782695 -0.228296
v 0.260550 0.780830 -0.227726
v 0.260595 0.781418 -0.227712
v 0.265145 0.781272 -0.225557
v 0.265042 0.781845 -0.225612
v 0.277562 0.786389 -0.215628
v 0.277075 0.786804 -0.215990
v 0.268884 0.794222 -0.210741
v 0.269279 0.793842 -0.211600
v 0.268385 0.791531 -0.213717
v 0.268814 0.791335 -0.214372
v 0.338426 0.836762 -0.118307
v 0.337679 0.829673 -0.127954
v 0.331117 0.833512 -0.126384
v 0.315151 0.836598 -0.130731
v 0.313239 0.826732 -0.144616
v 0.319273 0.824364 -0.144543
v 0.313725 0.823909 -0.148047
v 0.306914 0.825961 -0.148941
v 0.302794 0.824958 -0.152411
v 0.301157 0.826798 -0.150868
v 0.305859 0.827751 -0.147158
v 0.308103 0.839232 -0.130989
v 0.290610 0.847574 -0.129275
v 0.283896 0.847795 -0.132509
v 0.289610 0.855964 -0.118846
v 0.291858 0.850755 -0.124467
v 0.311723 0.840688 -0.127189
v 0.330977 0.836292 -0.122828
v 0.303180 0.834325 -0.139979
v 0.303748 0.837085 -0.136077
v 0.299309 0.838563 -0.136476
v 0.290724 0.835451 -0.145044
v 0.294664 0.831550 -0.148070
v 0.287922 0.834514 -0.147737
v 0.291904 0.830814 -0.150479
v 0.289644 0.825020 -0.159229
v 0.278226 0.836375 -0.150394
v 0.338433 0.838550 -0.121643
v 0.337877 0.833270 -0.128829
v 0.332294 0.836536 -0.127493
v 0.315348 0.839811 -0.132107
v 0.313257 0.829021 -0.147293
v 0.317688 0.827281 -0.147239
v 0.314535 0.827023 -0.149230
v 0.307636 0.829101 -0.150136
v 0.303970 0.828209 -0.153224
v 0.303410 0.828839 -0.152696
v 0.307697 0.829707 -0.149313
v 0.310073 0.841859 -0.132201
v 0.291611 0.850662 -0.130392
v 0.286405 0.850834 -0.132899
v 0.290523 0.856721 -0.123052
v 0.292131 0.852996 -0.127072
v 0.312568 0.842640 -0.129872
v 0.332202 0.838157 -0.125425
v 0.303335 0.837305 -0.141681
v 0.303751 0.839329 -0.138820
v 0.300621 0.840371 -0.139102
v 0.292951 0.837591 -0.146755
v 0.295740 0.834830 -0.148898
v 0.288572 0.836495 -0.150484
v 0.291928 0.833377 -0.152794
v 0.290164 0.828856 -0.159623
v 0.281025 0.837943 -0.152552
v 0.339425 0.839248 -0.120211
v 0.338678 0.832159 -0.129858
v 0.332116 0.835998 -0.128288
v 0.316149 0.839084 -0.132636
v 0.314237 0.829218 -0.146520
v 0.320272 0.826850 -0.146447
v 0.314724 0.826395 -0.149951
v 0.307912 0.828447 -0.150845
v 0.303793 0.827445 -0.154315
v 0.302156 0.829284 -0.152772
v 0.306858 0.830237 -0.149062
v 0.309102 0.841718 -0.132894
v 0.291609 0.850060 -0.131179
v 0.284895 0.850281 -0.134413
v 0.290608 0.858450 -0.120751
v 0.292857 0.853241 -0.126371
v 0.312722 0.843174 -0.129093
v 0.331976 0.838778 -0.124732
v 0.304179 0.836811 -0.141883
v 0.304747 0.839571 -0.137981
v 0.300308 0.841049 -0.138380
v 0.291723 0.837937 -0.146948
v 0.295663 0.834036 -0.149974
v 0.288921 0.837000 -0.149642
v 0.292903 0.833300 -0.152383
v 0.290643 0.827506 -0.161133
v 0.279225 0.838861 -0.152298
v 0.339346 0.839883 -0.121622
v 0.339678 0.839878 -0.120694
v 0.338931 0.832790 -0.130342
v 0.338689 0.833644 -0.130113
v 0.332369 0.836629 -0.128771
v 0.332587 0.837214 -0.128653
v 0.316403 0.839715 -0.133119
v 0.316160 0.840389 -0.133125
v 0.314491 0.829849 -0.147003
v 0.314164 0.830089 -0.147621
v 0.320525 0.827480 -0.146930
v 0.319445 0.828016 -0.147557
v 0.314977 0.827026 -0.150434
v 0.315022 0.827653 -0.150350
v 0.308166 0.829078 -0.151328
v 0.308170 0.829718 -0.151250
v 0.304046 0.828075 -0.154798
v 0.304263 0.828767 -0.154541
v 0.302409 0.829915 -0.153255
v 0.303132 0.830038 -0.153474
v 0.307111 0.830867 -0.149545
v 0.307639 0.830951 -0.149918
v 0.309356 0.842349 -0.133377
v 0.309945 0.842748 -0.133306
v 0.291862 0.850691 -0.131662
v 0.291997 0.851306 -0.131548
v 0.285149 0.850912 -0.134896
v 0.285992 0.851504 -0.134440
v 0.290862 0.859080 -0.121233
v 0.290955 0.858601 -0.122569
v 0.293110 0.853872 -0.126854
v 0.292903 0.854090 -0.127438
v 0.312976 0.843805 -0.129576
v 0.313037 0.843887 -0.130197
v 0.332230 0.839409 -0.125215
v 0.332469 0.839450 -0.125795
v 0.304433 0.837442 -0.142366
v 0.304170 0.838006 -0.142526
v 0.304667 0.840421 -0.139113
v 0.305001 0.840202 -0.138464
v 0.300842 0.841694 -0.139457
v 0.300562 0.841680 -0.138863
v 0.292687 0.838738 -0.147595
v 0.291976 0.838568 -0.147431
v 0.296086 0.835372 -0.150207
v 0.295916 0.834666 -0.150458
v 0.289144 0.837726 -0.150775
v 0.289174 0.837630 -0.150125
v 0.293156 0.833931 -0.152866
v 0.292832 0.834300 -0.153314
v 0.290897 0.828137 -0.161616
v 0.290805 0.829103 -0.161161
v 0.279478 0.839492 -0.152781
v 0.280457 0.839393 -0.153155
v 0.280703 0.839268 -0.153190
v 0.281300 0.838628 -0.153076
v 0.290740 0.829288 -0.160955
v 0.290439 0.829540 -0.160147
v 0.292699 0.834310 -0.153370
v 0.292203 0.834061 -0.153319
v 0.288847 0.837179 -0.151008
v 0.289097 0.837657 -0.150890
v 0.296015 0.835514 -0.149422
v 0.296097 0.835480 -0.150060
v 0.293226 0.838275 -0.147280
v 0.292854 0.838691 -0.147569
v 0.300896 0.841056 -0.139626
v 0.300885 0.841602 -0.139555
v 0.304026 0.840013 -0.139344
v 0.304531 0.840388 -0.139228
v 0.304054 0.838074 -0.142499
v 0.303610 0.837989 -0.142205
v 0.332500 0.839365 -0.125890
v 0.332477 0.838841 -0.125949
v 0.313016 0.843814 -0.130303
v 0.312843 0.843324 -0.130396
v 0.292804 0.854056 -0.127534
v 0.292405 0.853681 -0.127596
v 0.290944 0.858365 -0.122884
v 0.290798 0.857405 -0.123577
v 0.286198 0.851579 -0.134233
v 0.286680 0.851518 -0.133423
v 0.291997 0.851388 -0.131440
v 0.291886 0.851347 -0.130916
v 0.310078 0.842767 -0.133212
v 0.310348 0.842543 -0.132725
v 0.307754 0.830879 -0.149952
v 0.307972 0.830391 -0.149837
v 0.303303 0.829978 -0.153464
v 0.303685 0.829523 -0.153220
v 0.304287 0.828871 -0.154392
v 0.304245 0.828893 -0.153748
v 0.308132 0.829807 -0.151153
v 0.307911 0.829786 -0.150660
v 0.314997 0.827739 -0.150252
v 0.314810 0.827707 -0.149754
v 0.319093 0.828075 -0.147665
v 0.317963 0.827966 -0.147763
v 0.314030 0.830062 -0.147726
v 0.313532 0.829705 -0.147817
v 0.316051 0.840488 -0.133053
v 0.315623 0.840495 -0.132631
v 0.332611 0.837288 -0.128544
v 0.332569 0.837220 -0.128017
v 0.338579 0.833796 -0.129972
v 0.338152 0.833954 -0.129353
v 0.338708 0.839234 -0.122167
v 0.339211 0.839788 -0.121817
v 0.347470 0.889831 -0.033218
v 0.361699 0.887880 -0.026949
v 0.363667 0.880921 -0.036878
v 0.353913 0.884776 -0.037113
v 0.337872 0.881036 -0.053766
v 0.344199 0.877461 -0.055348
v 0.364634 0.873742 -0.047826
v 0.357538 0.867227 -0.063038
v 0.313652 0.890127 -0.055123
v 0.307564 0.883706 -0.069517
v 0.308411 0.880122 -0.074740
v 0.296993 0.886111 -0.072632
v 0.302687 0.886256 -0.068630
v 0.308317 0.896794 -0.047894
v 0.332170 0.884233 -0.052380
v 0.347776 0.875335 -0.056411
v 0.359493 0.873203 -0.052099
v 0.355983 0.869981 -0.059622
v 0.349086 0.891564 -0.036073
v 0.354786 0.889302 -0.035951
v 0.361835 0.889652 -0.030720
v 0.363154 0.884987 -0.037377
v 0.354589 0.888371 -0.037583
v 0.336686 0.884197 -0.056170
v 0.345128 0.879427 -0.058281
v 0.363457 0.876091 -0.051535
v 0.357967 0.871051 -0.063303
v 0.314035 0.893976 -0.055379
v 0.307312 0.886885 -0.071275
v 0.307888 0.884449 -0.074824
v 0.301074 0.888023 -0.073566
v 0.304923 0.888121 -0.070860
v 0.310313 0.898212 -0.051005
v 0.333656 0.885919 -0.055396
v 0.348570 0.892514 -0.034881
v 0.354522 0.890151 -0.034754
v 0.362800 0.890563 -0.028611
v 0.364767 0.883604 -0.038540
v 0.355013 0.887459 -0.038775
v 0.338972 0.883719 -0.055428
v 0.345299 0.880145 -0.057010
v 0.365735 0.876425 -0.049488
v 0.358638 0.869910 -0.064701
v 0.314752 0.892811 -0.056785
v 0.308664 0.886389 -0.071180
v 0.309511 0.882805 -0.076403
v 0.298094 0.888794 -0.074294
v 0.303787 0.888939 -0.070292
v 0.309417 0.899477 -0.049556
v 0.333270 0.886916 -0.054042
v 0.348843 0.893180 -0.035294
v 0.349118 0.893227 -0.035825
v 0.354999 0.890893 -0.035700
v 0.354795 0.890818 -0.035167
v 0.362930 0.891287 -0.029815
v 0.363073 0.891229 -0.029024
v 0.364715 0.884976 -0.038820
v 0.365040 0.884270 -0.038953
v 0.355296 0.888698 -0.039047
v 0.355286 0.888125 -0.039188
v 0.338730 0.884836 -0.056246
v 0.339246 0.884385 -0.055841
v 0.345653 0.880924 -0.057977
v 0.345572 0.880811 -0.057423
v 0.365494 0.877312 -0.050674
v 0.366008 0.877091 -0.049901
v 0.358851 0.871213 -0.064914
v 0.358911 0.870576 -0.065113
v 0.314952 0.894121 -0.056997
v 0.315025 0.893477 -0.057198
v 0.308685 0.887510 -0.071815
v 0.308937 0.887055 -0.071592
v 0.309456 0.884251 -0.076565
v 0.309785 0.883472 -0.076815
v 0.299337 0.889558 -0.074697
v 0.298367 0.889460 -0.074707
v 0.304510 0.889690 -0.071060
v 0.304061 0.889605 -0.070705
v 0.310072 0.900102 -0.050573
v 0.309690 0.900144 -0.049969
v 0.333782 0.887616 -0.055033
v 0.333543 0.887582 -0.054455
v 0.349335 0.892828 -0.036326
v 0.349352 0.892213 -0.036474
v 0.355052 0.889950 -0.036353
v 0.355110 0.890536 -0.036203
v 0.362101 0.890301 -0.031122
v 0.362525 0.890905 -0.030701
v 0.363420 0.885635 -0.037779
v 0.364037 0.885557 -0.038332
v 0.354855 0.889020 -0.037985
v 0.355118 0.889081 -0.038546
v 0.336952 0.884846 -0.056572
v 0.337769 0.885036 -0.056558
v 0.345394 0.880076 -0.058683
v 0.345581 0.880622 -0.058511
v 0.363723 0.876740 -0.051937
v 0.364538 0.877172 -0.051533
v 0.358233 0.871700 -0.063705
v 0.358569 0.871693 -0.064327
v 0.314301 0.894625 -0.055781
v 0.314651 0.894611 -0.056406
v 0.307578 0.887533 -0.071677
v 0.308117 0.887719 -0.071855
v 0.308154 0.885098 -0.075226
v 0.308774 0.884942 -0.075902
v 0.301340 0.888672 -0.073968
v 0.300589 0.889234 -0.074391
v 0.305189 0.888770 -0.071262
v 0.304987 0.889346 -0.071299
v 0.310580 0.898861 -0.051407
v 0.310449 0.899570 -0.051182
v 0.333923 0.886568 -0.055798
v 0.333944 0.887198 -0.055601
v 0.347145 0.878669 -0.058170
v 0.348645 0.877455 -0.057725
v 0.360362 0.875322 -0.053412
v 0.361915 0.875980 -0.052733
v 0.356852 0.872100 -0.060935
v 0.357491 0.871919 -0.062216
v 0.330658 0.951287 0.073857
v 0.335043 0.943860 0.061610
v 0.328972 0.946056 0.061387
v 0.315048 0.942230 0.042052
v 0.336670 0.932595 0.038993
v 0.341688 0.932743 0.043349
v 0.345988 0.925447 0.031313
v 0.305529 0.943811 0.037746
v 0.295853 0.949083 0.041156
v 0.297457 0.948430 0.041060
v 0.298962 0.947670 0.040657
v 0.300311 0.946831 0.039962
v 0.301453 0.945947 0.039002
v 0.302343 0.945050 0.037814
v 0.302946 0.944176 0.036443
v 0.303241 0.943358 0.034943
v 0.303215 0.942628 0.033370
v 0.302870 0.942013 0.031786
v 0.302218 0.941537 0.030251
v 0.301285 0.941219 0.028824
v 0.300108 0.941070 0.027560
v 0.298729 0.941097 0.026508
v 0.297204 0.941298 0.025708
v 0.295591 0.941666 0.025190
v 0.293951 0.942187 0.024976
v 0.292347 0.942840 0.025072
v 0.290842 0.943600 0.025475
v 0.289492 0.944439 0.026170
v 0.288351 0.945323 0.027130
v 0.287461 0.946220 0.028318
v 0.286857 0.947094 0.029689
v 0.286563 0.947912 0.031189
v 0.286589 0.948643 0.032761
v 0.286934 0.949258 0.034346
v 0.287585 0.949733 0.035881
v 0.288518 0.950052 0.037307
v 0.289696 0.950200 0.038571
v 0.291074 0.950173 0.039624
v 0.292599 0.949972 0.040424
v 0.294213 0.949604 0.040941
v 0.295314 0.947128 0.036568
v 0.296008 0.946845 0.036527
v 0.296660 0.946516 0.036352
v 0.297244 0.946153 0.036051
v 0.297738 0.945770 0.035636
v 0.298123 0.945382 0.035121
v 0.298385 0.945003 0.034528
v 0.298512 0.944649 0.033878
v 0.298501 0.944333 0.033198
v 0.298351 0.944067 0.032512
v 0.298069 0.943861 0.031847
v 0.297666 0.943723 0.031230
v 0.297156 0.943659 0.030682
v 0.296559 0.943670 0.030227
v 0.295899 0.943758 0.029880
v 0.295200 0.943917 0.029656
v 0.294490 0.944142 0.029563
v 0.293796 0.944425 0.029605
v 0.293144 0.944754 0.029779
v 0.292560 0.945117 0.030080
v 0.292066 0.945500 0.030496
v 0.291681 0.945888 0.031010
v 0.291419 0.946267 0.031604
v 0.291292 0.946621 0.032253
v 0.291303 0.946937 0.032934
v 0.291452 0.947203 0.033620
v 0.291734 0.947409 0.034284
v 0.292138 0.947547 0.034902
v 0.292648 0.947611 0.035449
v 0.293245 0.947600 0.035905
v 0.293905 0.947513 0.036251
v 0.294604 0.947353 0.036475
v 0.331216 0.952862 0.069146
v 0.333894 0.948325 0.061665
v 0.329377 0.949959 0.061500
v 0.313513 0.945601 0.039470
v 0.338093 0.934647 0.035993
v 0.341983 0.934762 0.039369
v 0.344650 0.930238 0.031905
v 0.309221 0.946318 0.037539
v 0.331769 0.954220 0.072476
v 0.336154 0.946792 0.060229
v 0.330083 0.948989 0.060007
v 0.316159 0.945163 0.040672
v 0.337782 0.935528 0.037613
v 0.342800 0.935676 0.041968
v 0.347100 0.928380 0.029932
v 0.306640 0.946743 0.036366
v 0.296965 0.952016 0.039775
v 0.298568 0.951363 0.039679
v 0.300074 0.950603 0.039276
v 0.301423 0.949764 0.038581
v 0.302564 0.948879 0.037621
v 0.303454 0.947983 0.036433
v 0.304058 0.947109 0.035062
v 0.304352 0.946291 0.033562
v 0.304327 0.945560 0.031989
v 0.303981 0.944945 0.030405
v 0.303330 0.944470 0.028870
v 0.302397 0.944151 0.027443
v 0.301219 0.944003 0.026180
v 0.299841 0.944030 0.025127
v 0.298316 0.944231 0.024327
v 0.296702 0.944599 0.023810
v 0.295062 0.945119 0.023595
v 0.293458 0.945772 0.023691
v 0.291953 0.946533 0.024094
v 0.290604 0.947371 0.024789
v 0.289462 0.948256 0.025749
v 0.288573 0.949153 0.026937
v 0.287969 0.950027 0.028308
v 0.287674 0.950845 0.029808
v 0.287700 0.951575 0.031381
v 0.288045 0.952190 0.032965
v 0.288697 0.952666 0.034500
v 0.289630 0.952984 0.035927
v 0.290808 0.953133 0.037191
v 0.292186 0.953106 0.038243
v 0.293711 0.952905 0.039043
v 0.295325 0.952537 0.039560
v 0.296848 0.951595 0.038787
v 0.298256 0.951022 0.038703
v 0.299578 0.950354 0.038349
v 0.300762 0.949618 0.037739
v 0.301764 0.948841 0.036896
v 0.302545 0.948054 0.035853
v 0.303075 0.947287 0.034650
v 0.303334 0.946569 0.033333
v 0.303311 0.945928 0.031952
v 0.303008 0.945388 0.030562
v 0.302436 0.944970 0.029214
v 0.301617 0.944691 0.027962
v 0.300583 0.944560 0.026852
v 0.299374 0.944584 0.025928
v 0.298035 0.944761 0.025226
v 0.296618 0.945084 0.024772
v 0.295178 0.945541 0.024583
v 0.293771 0.946114 0.024667
v 0.292449 0.946781 0.025021
v 0.291264 0.947518 0.025631
v 0.290262 0.948294 0.026474
v 0.289481 0.949081 0.027517
v 0.288951 0.949849 0.028720
v 0.288693 0.950567 0.030037
v 0.288715 0.951208 0.031418
v 0.289019 0.951748 0.032809
v 0.289591 0.952165 0.034156
v 0.290409 0.952445 0.035409
v 0.291443 0.952575 0.036518
v 0.292653 0.952552 0.037442
v 0.293992 0.952375 0.038144
v 0.295409 0.952052 0.038599
v 0.296545 0.950494 0.036205
v 0.297441 0.950129 0.036151
v 0.298282 0.949705 0.035926
v 0.299035 0.949236 0.035538
v 0.299673 0.948742 0.035001
v 0.300170 0.948241 0.034337
v 0.300507 0.947753 0.033572
v 0.300672 0.947296 0.032734
v 0.300658 0.946888 0.031855
v 0.300465 0.946544 0.030970
v 0.300101 0.946278 0.030113
v 0.299580 0.946100 0.029316
v 0.298922 0.946017 0.028609
v 0.298152 0.946033 0.028022
v 0.297300 0.946145 0.027575
v 0.296398 0.946351 0.027286
v 0.295482 0.946641 0.027165
v 0.294586 0.947006 0.027219
v 0.293745 0.947431 0.027444
v 0.292991 0.947899 0.027833
v 0.292354 0.948394 0.028369
v 0.291857 0.948894 0.029033
v 0.291519 0.949383 0.029798
v 0.291355 0.949840 0.030637
v 0.291369 0.950248 0.031515
v 0.291562 0.950591 0.032400
v 0.291926 0.950857 0.033258
v 0.292447 0.951035 0.034055
v 0.293105 0.951118 0.034761
v 0.293875 0.951103 0.035349
v 0.294727 0.950991 0.035796
v 0.295629 0.950785 0.036085
v 0.296425 0.950061 0.035188
v 0.297119 0.949778 0.035146
v 0.297771 0.949449 0.034971
v 0.298355 0.949086 0.034671
v 0.298849 0.948703 0.034255
v 0.299235 0.948315 0.033741
v 0.299496 0.947936 0.033147
v 0.299624 0.947582 0.032498
v 0.299612 0.947266 0.031817
v 0.299463 0.946999 0.031131
v 0.299181 0.946793 0.030466
v 0.298777 0.946656 0.029849
v 0.298267 0.946591 0.029302
v 0.297670 0.946603 0.028846
v 0.297010 0.946690 0.028500
v 0.296312 0.946849 0.028276
v 0.295601 0.947075 0.028183
v 0.294907 0.947358 0.028224
v 0.294256 0.947687 0.028399
v 0.293671 0.948050 0.028700
v 0.293177 0.948433 0.029115
v 0.292792 0.948821 0.029630
v 0.292531 0.949199 0.030223
v 0.292403 0.949554 0.030873
v 0.292414 0.949870 0.031553
v 0.292564 0.950136 0.032239
v 0.292846 0.950342 0.032904
v 0.293250 0.950480 0.033521
v 0.293760 0.950544 0.034069
v 0.294356 0.950532 0.034524
v 0.295017 0.950445 0.034871
v 0.295715 0.950286 0.035095
v 0.331983 0.954785 0.072210
v 0.331979 0.954806 0.070975
v 0.335838 0.948270 0.060199
v 0.336368 0.947357 0.059963
v 0.330246 0.950293 0.059994
v 0.330297 0.949553 0.059741
v 0.315724 0.946303 0.039828
v 0.316373 0.945728 0.040406
v 0.338259 0.936261 0.036640
v 0.337996 0.936092 0.037347
v 0.342929 0.936399 0.040693
v 0.343014 0.936241 0.041702
v 0.346725 0.929958 0.030067
v 0.347314 0.928944 0.029666
v 0.307817 0.947617 0.036254
v 0.306854 0.947308 0.036100
v 0.297179 0.952581 0.039510
v 0.297301 0.952859 0.038922
v 0.298829 0.952237 0.038831
v 0.298782 0.951928 0.039413
v 0.300264 0.951512 0.038446
v 0.300288 0.951167 0.039010
v 0.301550 0.950713 0.037784
v 0.301637 0.950329 0.038315
v 0.302638 0.949870 0.036869
v 0.302778 0.949444 0.037355
v 0.303485 0.949015 0.035737
v 0.303668 0.948548 0.036167
v 0.304061 0.948182 0.034431
v 0.304272 0.947673 0.034796
v 0.304342 0.947403 0.033001
v 0.304566 0.946855 0.033296
v 0.304317 0.946706 0.031502
v 0.304541 0.946125 0.031724
v 0.303988 0.946120 0.029992
v 0.304195 0.945510 0.030140
v 0.303367 0.945667 0.028529
v 0.303544 0.945034 0.028605
v 0.302478 0.945364 0.027170
v 0.302611 0.944716 0.027178
v 0.301355 0.945222 0.025965
v 0.301433 0.944567 0.025914
v 0.300042 0.945248 0.024962
v 0.300055 0.944594 0.024862
v 0.298589 0.945440 0.024200
v 0.298530 0.944796 0.024061
v 0.297051 0.945790 0.023706
v 0.296916 0.945164 0.023544
v 0.295488 0.946286 0.023502
v 0.295276 0.945684 0.023329
v 0.293959 0.946909 0.023593
v 0.293673 0.946337 0.023425
v 0.292525 0.947633 0.023978
v 0.292167 0.947097 0.023828
v 0.291239 0.948433 0.024640
v 0.290818 0.947936 0.024523
v 0.290151 0.949276 0.025555
v 0.289676 0.948821 0.025483
v 0.289303 0.950130 0.026687
v 0.288787 0.949717 0.026671
v 0.288728 0.950963 0.027993
v 0.288183 0.950591 0.028042
v 0.288447 0.951743 0.029423
v 0.287888 0.951409 0.029542
v 0.288471 0.952439 0.030922
v 0.287914 0.952140 0.031115
v 0.288801 0.953025 0.032432
v 0.288259 0.952755 0.032699
v 0.289421 0.953478 0.033895
v 0.288911 0.953231 0.034234
v 0.290310 0.953782 0.035254
v 0.289844 0.953549 0.035661
v 0.291433 0.953923 0.036459
v 0.291022 0.953697 0.036925
v 0.292746 0.953898 0.037462
v 0.292400 0.953670 0.037977
v 0.294200 0.953706 0.038224
v 0.293925 0.953469 0.038777
v 0.295738 0.953355 0.038717
v 0.295539 0.953101 0.039295
v 0.331758 0.954263 0.069643
v 0.331439 0.953451 0.068868
v 0.334118 0.948914 0.061388
v 0.334934 0.948883 0.060773
v 0.329600 0.950548 0.061222
v 0.329964 0.950681 0.060591
v 0.313736 0.946190 0.039193
v 0.314665 0.946478 0.039347
v 0.338317 0.935236 0.035716
v 0.338383 0.935909 0.035992
v 0.342206 0.935351 0.039091
v 0.342602 0.936033 0.039653
v 0.344873 0.930827 0.031628
v 0.345744 0.930701 0.030857
v 0.309444 0.946907 0.037262
v 0.308850 0.947447 0.036724
v 0.297272 0.952753 0.038673
v 0.297072 0.952184 0.038510
v 0.298479 0.951611 0.038426
v 0.298750 0.952151 0.038584
v 0.299801 0.950943 0.038072
v 0.300139 0.951449 0.038213
v 0.300986 0.950207 0.037461
v 0.301383 0.950676 0.037572
v 0.301988 0.949430 0.036619
v 0.302436 0.949860 0.036686
v 0.302769 0.948643 0.035576
v 0.303256 0.949033 0.035591
v 0.303299 0.947876 0.034373
v 0.303813 0.948227 0.034327
v 0.303557 0.947158 0.033055
v 0.304085 0.947473 0.032943
v 0.303535 0.946517 0.031675
v 0.304061 0.946799 0.031493
v 0.303231 0.945977 0.030284
v 0.303743 0.946232 0.030032
v 0.302659 0.945559 0.028937
v 0.303142 0.945793 0.028616
v 0.301841 0.945280 0.027684
v 0.302282 0.945500 0.027300
v 0.300807 0.945149 0.026575
v 0.301195 0.945363 0.026135
v 0.299597 0.945173 0.025651
v 0.299924 0.945388 0.025164
v 0.298258 0.945350 0.024948
v 0.298518 0.945573 0.024426
v 0.296841 0.945673 0.024494
v 0.297030 0.945913 0.023949
v 0.295401 0.946130 0.024306
v 0.295517 0.946393 0.023751
v 0.293994 0.946703 0.024390
v 0.294038 0.946995 0.023840
v 0.292672 0.947370 0.024744
v 0.292650 0.947696 0.024211
v 0.291488 0.948107 0.025354
v 0.291405 0.948469 0.024852
v 0.290486 0.948883 0.026197
v 0.290353 0.949285 0.025738
v 0.289705 0.949670 0.027240
v 0.289532 0.950112 0.026833
v 0.289175 0.950438 0.028443
v 0.288975 0.950918 0.028097
v 0.288916 0.951156 0.029760
v 0.288704 0.951673 0.029481
v 0.288939 0.951797 0.031140
v 0.288728 0.952346 0.030931
v 0.289242 0.952337 0.032531
v 0.289046 0.952913 0.032392
v 0.289814 0.952755 0.033879
v 0.289647 0.953352 0.033808
v 0.290633 0.953034 0.035131
v 0.290507 0.953646 0.035124
v 0.291667 0.953164 0.036241
v 0.291593 0.953783 0.036289
v 0.292876 0.953141 0.037165
v 0.292864 0.953758 0.037260
v 0.294215 0.952964 0.037867
v 0.294271 0.953572 0.037998
v 0.295632 0.952641 0.038321
v 0.295759 0.953233 0.038475
v 0.240779 0.993130 0.103540
v 0.253752 0.989296 0.103892
v 0.264253 0.998064 0.137571
v 0.260632 1.002088 0.145781
v 0.272476 1.001030 0.152973
v 0.270480 0.998155 0.143172
v 0.280807 0.992433 0.135942
v 0.296018 0.991799 0.147220
v 0.297344 0.993964 0.154446
v 0.307022 0.988434 0.147199
v 0.306411 0.987194 0.143188
v 0.301211 0.988674 0.142887
v 0.281461 0.989854 0.129250
v 0.276194 0.980562 0.098589
v 0.262845 0.981838 0.090718
v 0.261216 0.985500 0.099621
v 0.272380 0.982882 0.101841
v 0.277465 0.991319 0.129940
v 0.269746 0.995532 0.135163
v 0.256826 0.986741 0.099342
v 0.245626 0.989994 0.098879
v 0.245213 0.988071 0.093116
v 0.239526 0.989695 0.092802
v 0.285466 0.999689 0.160355
v 0.277411 1.003944 0.165409
v 0.288457 1.002384 0.170502
v 0.242883 0.995015 0.101190
v 0.255618 0.991251 0.101535
v 0.266614 1.000433 0.136802
v 0.263295 1.004120 0.144327
v 0.271319 1.003404 0.149199
v 0.269748 1.001142 0.141488
v 0.281560 0.994597 0.133219
v 0.298155 0.993906 0.145523
v 0.299142 0.995517 0.150900
v 0.306332 0.991408 0.145515
v 0.306031 0.990797 0.143539
v 0.301679 0.992036 0.143287
v 0.281004 0.993271 0.129011
v 0.275749 0.984000 0.098419
v 0.264760 0.985050 0.091939
v 0.263731 0.987364 0.097565
v 0.274437 0.984853 0.099694
v 0.279865 0.993860 0.129689
v 0.269924 0.999285 0.136417
v 0.256690 0.990281 0.099725
v 0.245141 0.993635 0.099247
v 0.244727 0.991706 0.093465
v 0.241964 0.992495 0.093312
v 0.285518 1.003483 0.161612
v 0.281226 1.005750 0.164305
v 0.287112 1.004918 0.167019
v 0.241621 0.995888 0.102560
v 0.254594 0.992053 0.102912
v 0.265095 1.000821 0.136591
v 0.261474 1.004845 0.144801
v 0.273317 1.003787 0.151993
v 0.271322 1.000912 0.142192
v 0.281648 0.995190 0.134962
v 0.296859 0.994557 0.146240
v 0.298185 0.996721 0.153466
v 0.307863 0.991191 0.146219
v 0.307253 0.989951 0.142207
v 0.302052 0.991431 0.141907
v 0.282303 0.992611 0.128270
v 0.277035 0.983319 0.097609
v 0.263687 0.984595 0.089737
v 0.262057 0.988257 0.098641
v 0.273222 0.985639 0.100861
v 0.278306 0.994076 0.128960
v 0.270587 0.998289 0.134183
v 0.257668 0.989498 0.098362
v 0.246467 0.992751 0.097899
v 0.246055 0.990828 0.092135
v 0.240368 0.992452 0.091821
v 0.286307 1.002447 0.159375
v 0.278252 1.006702 0.164429
v 0.289298 1.005141 0.169522
v 0.242375 0.996708 0.101715
v 0.241824 0.996552 0.102324
v 0.254797 0.992718 0.102676
v 0.255269 0.992897 0.102065
v 0.265297 1.001486 0.136354
v 0.265933 1.001801 0.136266
v 0.261676 1.005510 0.144565
v 0.262411 1.005714 0.144251
v 0.273520 1.004452 0.151756
v 0.272998 1.004769 0.150679
v 0.271525 1.001577 0.141956
v 0.271142 1.002095 0.141566
v 0.281851 0.995855 0.134726
v 0.281957 0.996103 0.133995
v 0.297062 0.995221 0.146003
v 0.297624 0.995451 0.145610
v 0.298388 0.997386 0.153229
v 0.298838 0.997433 0.152227
v 0.308066 0.991856 0.145982
v 0.307698 0.992370 0.145593
v 0.307456 0.990616 0.141971
v 0.307189 0.991338 0.142252
v 0.302255 0.992096 0.141670
v 0.302268 0.992738 0.141967
v 0.282506 0.993276 0.128033
v 0.282214 0.993936 0.128120
v 0.277238 0.983984 0.097373
v 0.276950 0.984651 0.097482
v 0.263889 0.985260 0.089501
v 0.264378 0.985852 0.090068
v 0.262260 0.988922 0.098405
v 0.262946 0.989071 0.097893
v 0.273425 0.986304 0.100625
v 0.273960 0.986488 0.100083
v 0.278509 0.994741 0.128724
v 0.279157 0.995113 0.128806
v 0.270790 0.998954 0.133947
v 0.270707 0.999725 0.134524
v 0.257870 0.990163 0.098126
v 0.257684 0.990863 0.098417
v 0.246670 0.993416 0.097662
v 0.246369 0.994150 0.097949
v 0.246258 0.991493 0.091899
v 0.245956 0.992225 0.092179
v 0.240571 0.993117 0.091585
v 0.241231 0.993574 0.091918
v 0.286385 1.003896 0.159717
v 0.286510 1.003111 0.159138
v 0.278455 1.007366 0.164193
v 0.279569 1.007496 0.163994
v 0.289501 1.005806 0.169286
v 0.288917 1.006176 0.168304
v 0.288071 1.006090 0.167335
v 0.287333 1.005644 0.166761
v 0.280720 1.007128 0.163946
v 0.281447 1.006476 0.164047
v 0.285739 1.004208 0.161354
v 0.286080 1.004296 0.160583
v 0.241849 0.993591 0.092495
v 0.242186 0.993221 0.093054
v 0.245442 0.992565 0.092693
v 0.244949 0.992432 0.093207
v 0.245855 0.994492 0.098470
v 0.245362 0.994361 0.098989
v 0.257306 0.991166 0.098944
v 0.256911 0.991006 0.099467
v 0.270450 1.000110 0.135389
v 0.270145 1.000011 0.136159
v 0.279761 0.995029 0.129088
v 0.280086 0.994585 0.129432
v 0.274430 0.986184 0.099631
v 0.274659 0.985579 0.099436
v 0.263594 0.988725 0.097477
v 0.263952 0.988089 0.097307
v 0.264794 0.986029 0.090920
v 0.264982 0.985775 0.091681
v 0.276452 0.984914 0.097795
v 0.275970 0.984725 0.098161
v 0.281711 0.994192 0.128407
v 0.281226 0.993997 0.128753
v 0.302123 0.992972 0.142502
v 0.301901 0.992762 0.143029
v 0.306716 0.991665 0.142767
v 0.306253 0.991523 0.143281
v 0.307105 0.992454 0.145321
v 0.306554 0.992134 0.145257
v 0.299208 0.996967 0.151235
v 0.299363 0.996242 0.150642
v 0.298125 0.995199 0.145333
v 0.298377 0.994632 0.145265
v 0.281923 0.995874 0.133320
v 0.281781 0.995323 0.132961
v 0.270533 1.002184 0.141294
v 0.269970 1.001867 0.141230
v 0.272224 1.004620 0.149598
v 0.271540 1.004129 0.148941
v 0.263116 1.005434 0.144068
v 0.263517 1.004846 0.144069
v 0.266521 1.001651 0.136348
v 0.266835 1.001158 0.136544
v 0.255665 0.992587 0.101532
v 0.255839 0.991977 0.101277
v 0.243105 0.995741 0.100932
v 0.242863 0.996371 0.101185
v 0.153667 1.037067 0.182588
v 0.181311 1.035821 0.197447
v 0.181865 1.037584 0.204127
v 0.191878 1.033604 0.196912
v 0.183465 1.034492 0.194206
v 0.172875 1.034297 0.186115
v 0.180354 1.032773 0.185898
v 0.207950 1.031050 0.199020
v 0.208720 1.032156 0.203509
v 0.213529 1.030627 0.201408
v 0.220759 1.030747 0.206885
v 0.223317 1.026764 0.194455
v 0.213939 1.028565 0.194335
v 0.211229 1.028019 0.190492
v 0.206968 1.029272 0.191988
v 0.195895 1.029715 0.185838
v 0.194695 1.028586 0.180970
v 0.188693 1.030359 0.183106
v 0.179190 1.031087 0.179067
v 0.158177 1.039161 0.182575
v 0.183058 1.038039 0.195949
v 0.183475 1.039370 0.200990
v 0.189604 1.036933 0.196574
v 0.183419 1.037586 0.194585
v 0.169834 1.037336 0.184206
v 0.181093 1.035042 0.183878
v 0.209624 1.033260 0.197446
v 0.210222 1.034118 0.200924
v 0.214173 1.032861 0.199197
v 0.220410 1.032964 0.203922
v 0.222256 1.030089 0.194950
v 0.213819 1.031710 0.194842
v 0.211298 1.031202 0.191267
v 0.207429 1.032339 0.192626
v 0.195306 1.032825 0.185893
v 0.194323 1.031901 0.181907
v 0.189235 1.033404 0.183717
v 0.179596 1.034142 0.179621
v 0.154189 1.039735 0.181840
v 0.181833 1.038489 0.196699
v 0.182387 1.040252 0.203379
v 0.192400 1.036272 0.196165
v 0.183987 1.037160 0.193459
v 0.173397 1.036965 0.185368
v 0.180876 1.035441 0.185150
v 0.208472 1.033718 0.198273
v 0.209242 1.034824 0.202761
v 0.214051 1.033295 0.200660
v 0.221281 1.033415 0.206137
v 0.223839 1.029432 0.193708
v 0.214461 1.031233 0.193588
v 0.211751 1.030686 0.189744
v 0.207490 1.031939 0.191241
v 0.196417 1.032383 0.185091
v 0.195217 1.031254 0.180223
v 0.189215 1.033027 0.182358
v 0.179712 1.033755 0.178320
v 0.155947 1.040579 0.181827
v 0.154304 1.040320 0.181676
v 0.181948 1.039074 0.196535
v 0.182518 1.039381 0.196109
v 0.182502 1.040838 0.203215
v 0.183019 1.040976 0.202152
v 0.192515 1.036857 0.196001
v 0.191523 1.037596 0.196025
v 0.184102 1.037745 0.193295
v 0.183975 1.038393 0.193597
v 0.173512 1.037550 0.185204
v 0.172222 1.038176 0.184617
v 0.180991 1.036026 0.184986
v 0.181169 1.036353 0.184357
v 0.208586 1.034303 0.198109
v 0.209128 1.034607 0.197653
v 0.209357 1.035410 0.202597
v 0.209832 1.035617 0.201748
v 0.214165 1.033880 0.200496
v 0.214307 1.034193 0.199793
v 0.221396 1.034000 0.205973
v 0.221152 1.034307 0.204978
v 0.223953 1.030017 0.193544
v 0.223433 1.030754 0.193891
v 0.214576 1.031818 0.193424
v 0.214420 1.032486 0.193776
v 0.211866 1.031272 0.189580
v 0.211784 1.031954 0.190037
v 0.207605 1.032525 0.191077
v 0.207676 1.033162 0.191480
v 0.196532 1.032968 0.184927
v 0.196195 1.033622 0.185104
v 0.195331 1.031839 0.180059
v 0.195078 1.032572 0.180578
v 0.189330 1.033612 0.182194
v 0.189432 1.034240 0.182587
v 0.179827 1.034340 0.178156
v 0.179876 1.034972 0.178527
v 0.179839 1.035096 0.178943
v 0.179734 1.034848 0.179423
v 0.189438 1.034361 0.183022
v 0.189373 1.034109 0.183520
v 0.194792 1.032779 0.181117
v 0.194461 1.032607 0.181709
v 0.195839 1.033763 0.185360
v 0.195444 1.033531 0.185695
v 0.207656 1.033290 0.191924
v 0.207568 1.033045 0.192428
v 0.211639 1.032119 0.190525
v 0.211436 1.031908 0.191070
v 0.214215 1.032638 0.194178
v 0.213957 1.032416 0.194644
v 0.222926 1.030965 0.194289
v 0.222395 1.030795 0.194752
v 0.220873 1.034163 0.204269
v 0.220549 1.033670 0.203724
v 0.214346 1.034055 0.199325
v 0.214311 1.033567 0.199000
v 0.210145 1.035391 0.201160
v 0.210360 1.034824 0.200726
v 0.209497 1.034461 0.197388
v 0.209762 1.033966 0.197248
v 0.181239 1.036225 0.183950
v 0.181231 1.035748 0.183681
v 0.171081 1.038295 0.184245
v 0.169972 1.038042 0.184008
v 0.183793 1.038529 0.193958
v 0.183557 1.038292 0.194387
v 0.190628 1.037808 0.196156
v 0.189742 1.037639 0.196377
v 0.183367 1.040694 0.201387
v 0.183614 1.040076 0.200792
v 0.182910 1.039237 0.195868
v 0.183196 1.038745 0.195751
v 0.158315 1.039866 0.182377
v 0.157224 1.040395 0.182062
v 0.087802 1.048747 0.193100
v 0.091343 1.049459 0.197264
v 0.093686 1.054456 0.219984
v 0.074687 1.057135 0.226312
v 0.075334 1.058516 0.232591
v 0.062781 1.062268 0.245514
v 0.066657 1.062514 0.247720
v 0.070441 1.065927 0.263869
v 0.067445 1.066782 0.266771
v 0.067963 1.067886 0.271795
v 0.072396 1.067511 0.271420
v 0.072043 1.066758 0.267995
v 0.083476 1.065790 0.267028
v 0.075291 1.064890 0.260695
v 0.071766 1.062029 0.247058
v 0.078118 1.060056 0.240187
v 0.083535 1.060485 0.243645
v 0.098954 1.054631 0.222275
v 0.096343 1.049062 0.196957
v 0.100908 1.047623 0.191928
v 0.090908 1.055693 0.224636
v 0.079302 1.057329 0.228501
v 0.079672 1.058118 0.232088
v 0.080429 1.058834 0.235465
v 0.083667 1.059091 0.237532
v 0.092497 1.055738 0.225295
v 0.090455 1.051101 0.193602
v 0.092714 1.051555 0.196259
v 0.095196 1.056849 0.220326
v 0.076197 1.059528 0.226654
v 0.076802 1.060820 0.232527
v 0.064955 1.064361 0.244724
v 0.067917 1.064549 0.246410
v 0.071981 1.068216 0.263759
v 0.068915 1.069090 0.266729
v 0.069246 1.069795 0.269936
v 0.071158 1.069634 0.269775
v 0.070805 1.068880 0.266349
v 0.080349 1.068072 0.265543
v 0.074320 1.067409 0.260877
v 0.070523 1.064328 0.246187
v 0.078041 1.061992 0.238055
v 0.083342 1.062412 0.241439
v 0.097797 1.056924 0.221406
v 0.095177 1.051337 0.196009
v 0.097972 1.050456 0.192930
v 0.087952 1.051034 0.192581
v 0.091493 1.051746 0.196746
v 0.093836 1.056743 0.219466
v 0.074837 1.059422 0.225793
v 0.075484 1.060803 0.232073
v 0.062931 1.064555 0.244996
v 0.066807 1.064801 0.247202
v 0.070590 1.068214 0.263351
v 0.067595 1.069068 0.266253
v 0.068113 1.070173 0.271276
v 0.072546 1.069798 0.270901
v 0.072193 1.069045 0.267476
v 0.083625 1.068077 0.266510
v 0.075441 1.067177 0.260177
v 0.071916 1.064316 0.246540
v 0.078268 1.062343 0.239669
v 0.083685 1.062772 0.243127
v 0.099104 1.056917 0.221757
v 0.096493 1.051349 0.196438
v 0.101058 1.049910 0.191409
v 0.087987 1.051565 0.192461
v 0.088788 1.051969 0.192690
v 0.091931 1.052602 0.196387
v 0.091527 1.052278 0.196625
v 0.094317 1.057691 0.219525
v 0.093871 1.057275 0.219345
v 0.075318 1.060369 0.225853
v 0.074871 1.059954 0.225673
v 0.075953 1.061723 0.232006
v 0.075519 1.061335 0.231952
v 0.063618 1.065409 0.244704
v 0.062966 1.065087 0.244875
v 0.067211 1.065638 0.246749
v 0.066842 1.065333 0.247081
v 0.071082 1.069130 0.263270
v 0.070625 1.068746 0.263230
v 0.068064 1.069990 0.266193
v 0.067630 1.069600 0.266132
v 0.068524 1.070971 0.270653
v 0.068148 1.070705 0.271155
v 0.072176 1.070662 0.270345
v 0.072581 1.070330 0.270781
v 0.071823 1.069909 0.266920
v 0.072228 1.069577 0.267356
v 0.082670 1.068990 0.266003
v 0.083660 1.068609 0.266390
v 0.075153 1.068164 0.260186
v 0.075476 1.067709 0.260056
v 0.071544 1.065235 0.246223
v 0.071951 1.064848 0.246419
v 0.078258 1.063149 0.238961
v 0.078303 1.062874 0.239548
v 0.083639 1.063575 0.242396
v 0.083720 1.063304 0.243006
v 0.098759 1.057834 0.221441
v 0.099139 1.057449 0.221636
v 0.096145 1.052260 0.196098
v 0.096528 1.051880 0.196318
v 0.100161 1.050994 0.191673
v 0.101093 1.050441 0.191289
v 0.089688 1.051994 0.193057
v 0.090488 1.051608 0.193487
v 0.092747 1.052062 0.196144
v 0.092370 1.052533 0.196212
v 0.095229 1.057356 0.220212
v 0.094806 1.057729 0.219835
v 0.076230 1.060034 0.226539
v 0.075807 1.060408 0.226162
v 0.076836 1.061326 0.232412
v 0.076427 1.061729 0.232169
v 0.064988 1.064867 0.244609
v 0.064346 1.065340 0.244606
v 0.067950 1.065055 0.246295
v 0.067610 1.065547 0.246464
v 0.072015 1.068722 0.263644
v 0.071582 1.069130 0.263417
v 0.068948 1.069596 0.266614
v 0.068539 1.069998 0.266364
v 0.069279 1.070302 0.269821
v 0.068931 1.070835 0.270172
v 0.071192 1.070140 0.269660
v 0.071677 1.070603 0.269940
v 0.070838 1.069387 0.266234
v 0.071324 1.069849 0.266514
v 0.080382 1.068579 0.265428
v 0.081492 1.068989 0.265655
v 0.074353 1.067916 0.260762
v 0.074750 1.068247 0.260438
v 0.070556 1.064834 0.246072
v 0.071043 1.065239 0.246096
v 0.078074 1.062498 0.237940
v 0.078176 1.063022 0.238381
v 0.083375 1.062918 0.241324
v 0.083515 1.063445 0.241789
v 0.097830 1.057430 0.221291
v 0.098289 1.057836 0.221315
v 0.095210 1.051844 0.195894
v 0.095672 1.052256 0.195944
v 0.098005 1.050963 0.192815
v 0.099052 1.051190 0.192220
v 0.091711 1.057801 0.223519
v 0.091014 1.057314 0.224268
v 0.079409 1.058951 0.228133
v 0.078939 1.059602 0.227773
v 0.079779 1.059740 0.231721
v 0.079346 1.060470 0.231721
v 0.080178 1.061258 0.235437
v 0.080535 1.060456 0.235097
v 0.083773 1.060712 0.237165
v 0.083742 1.061541 0.237712
v 0.092603 1.057360 0.224928
v 0.093459 1.057851 0.224245
v -0.054718 1.059074 0.222673
v -0.045775 1.057179 0.213344
v -0.045123 1.058429 0.219111
v -0.026563 1.062897 0.238774
v 0.001814 1.066393 0.253350
v 0.012234 1.066404 0.252789
v 0.004588 1.069225 0.266342
v 0.000234 1.067753 0.259759
v -0.029340 1.064638 0.247026
v -0.048470 1.059366 0.223661
v -0.051727 1.061537 0.221094
v -0.046944 1.060523 0.216104
v -0.046595 1.061191 0.219186
v -0.027526 1.065781 0.239389
v 0.001446 1.069351 0.254270
v 0.009578 1.069359 0.253832
v 0.004454 1.071250 0.262914
v 0.001219 1.070156 0.258023
v -0.028429 1.067033 0.245257
v -0.047690 1.061726 0.221733
v -0.054751 1.061716 0.222104
v -0.045809 1.059821 0.212775
v -0.045156 1.061071 0.218542
v -0.026596 1.065538 0.238206
v 0.001781 1.069035 0.252781
v 0.012200 1.069046 0.252221
v 0.004554 1.071866 0.265773
v 0.000201 1.070394 0.259190
v -0.029373 1.067279 0.246457
v -0.048503 1.062008 0.223092
v -0.054164 1.062370 0.221757
v -0.054756 1.062116 0.222018
v -0.045814 1.060221 0.212689
v -0.046041 1.060648 0.213283
v -0.045161 1.061471 0.218456
v -0.045448 1.061784 0.218521
v -0.026601 1.065938 0.238120
v -0.026788 1.066275 0.238290
v 0.001776 1.069434 0.252695
v 0.001706 1.069786 0.252926
v 0.012195 1.069445 0.252134
v 0.011675 1.069797 0.252390
v 0.004549 1.072266 0.265687
v 0.004526 1.072434 0.265062
v 0.000196 1.070794 0.259104
v 0.000393 1.071037 0.258812
v -0.029378 1.067679 0.246371
v -0.029196 1.067920 0.246072
v -0.048508 1.062408 0.223006
v -0.048352 1.062641 0.222676
v -0.051731 1.061842 0.221028
v -0.052528 1.062273 0.221210
v -0.046655 1.061028 0.215084
v -0.046948 1.060828 0.216039
v -0.046227 1.061849 0.218869
v -0.046599 1.061496 0.219121
v -0.027291 1.066407 0.238931
v -0.027530 1.066086 0.239323
v 0.001525 1.069957 0.253731
v 0.001442 1.069655 0.254204
v 0.010256 1.069966 0.253262
v 0.009574 1.069664 0.253767
v 0.004471 1.072100 0.263514
v 0.004450 1.071554 0.262848
v 0.000944 1.070908 0.258180
v 0.001216 1.070460 0.257957
v -0.028685 1.067787 0.245423
v -0.028432 1.067338 0.245192
v -0.047912 1.062489 0.221940
v -0.047694 1.062030 0.221667
v -0.149977 1.052471 0.239718
v -0.154463 1.045671 0.212152
v -0.139859 1.043275 0.194290
v -0.116467 1.046569 0.196958
v -0.114282 1.045755 0.192284
v -0.106709 1.047817 0.197517
v -0.114584 1.048418 0.204118
v -0.116645 1.047494 0.201104
v -0.137964 1.044928 0.200586
v -0.143995 1.050676 0.228835
v -0.128303 1.050694 0.221010
v -0.120633 1.052087 0.223258
v -0.111090 1.052814 0.221636
v -0.109593 1.056444 0.236803
v -0.123236 1.053019 0.228653
v -0.128091 1.052112 0.227124
v -0.148173 1.050212 0.228904
v -0.150709 1.046368 0.213322
v -0.142200 1.044973 0.202915
v -0.141992 1.045516 0.205193
v -0.146184 1.049511 0.224828
v -0.149309 1.054784 0.237115
v -0.153417 1.048556 0.211871
v -0.139632 1.046295 0.195011
v -0.116012 1.049622 0.197704
v -0.114083 1.048902 0.193578
v -0.109093 1.050261 0.197026
v -0.114607 1.050682 0.201649
v -0.116240 1.049950 0.199261
v -0.139294 1.047175 0.198700
v -0.146086 1.053648 0.230511
v -0.128514 1.053668 0.221749
v -0.121047 1.055024 0.223937
v -0.112537 1.055672 0.222491
v -0.111421 1.058380 0.233804
v -0.122983 1.055477 0.226897
v -0.128521 1.054443 0.225153
v -0.150283 1.055127 0.239112
v -0.154768 1.048327 0.211546
v -0.140164 1.045932 0.193685
v -0.116772 1.049226 0.196352
v -0.114587 1.048411 0.191679
v -0.107014 1.050474 0.196911
v -0.114889 1.051075 0.203512
v -0.116950 1.050151 0.200498
v -0.138269 1.047585 0.199980
v -0.144300 1.053333 0.228229
v -0.128608 1.053351 0.220405
v -0.120938 1.054744 0.222652
v -0.111395 1.055470 0.221030
v -0.109898 1.059100 0.236198
v -0.123541 1.055675 0.228047
v -0.128397 1.054769 0.226518
v -0.150105 1.055611 0.238483
v -0.150312 1.055385 0.239053
v -0.154798 1.048585 0.211487
v -0.154495 1.048954 0.211497
v -0.140194 1.046190 0.193626
v -0.140096 1.046592 0.193886
v -0.116801 1.049484 0.196294
v -0.116647 1.049894 0.196561
v -0.114616 1.048669 0.191620
v -0.114526 1.049103 0.192024
v -0.107044 1.050732 0.196852
v -0.107599 1.050990 0.196810
v -0.114918 1.051333 0.203454
v -0.114884 1.051546 0.202917
v -0.116980 1.050409 0.200439
v -0.116838 1.050670 0.200059
v -0.138298 1.047843 0.199921
v -0.138590 1.048052 0.199530
v -0.144330 1.053591 0.228170
v -0.144812 1.053981 0.228670
v -0.128638 1.053609 0.220346
v -0.128650 1.053999 0.220611
v -0.120967 1.055002 0.222593
v -0.121030 1.055383 0.222844
v -0.111425 1.055728 0.220972
v -0.111746 1.056090 0.221266
v -0.109928 1.059358 0.236139
v -0.110344 1.059489 0.235469
v -0.123571 1.055933 0.227988
v -0.123467 1.056195 0.227630
v -0.128426 1.055027 0.226459
v -0.128493 1.055257 0.226047
v -0.149333 1.054994 0.237067
v -0.149655 1.055452 0.237561
v -0.153871 1.049059 0.211647
v -0.153441 1.048767 0.211823
v -0.139850 1.046760 0.194499
v -0.139656 1.046506 0.194963
v -0.116296 1.050077 0.197185
v -0.116036 1.049832 0.197657
v -0.114294 1.049330 0.192901
v -0.114107 1.049113 0.193530
v -0.108559 1.050892 0.196863
v -0.109117 1.050472 0.196978
v -0.114754 1.051365 0.202056
v -0.114631 1.050892 0.201601
v -0.116510 1.050577 0.199487
v -0.116265 1.050160 0.199213
v -0.139064 1.047862 0.198939
v -0.139318 1.047385 0.198653
v -0.145637 1.054127 0.229724
v -0.146110 1.053858 0.230463
v -0.128607 1.054146 0.221232
v -0.128538 1.053878 0.221701
v -0.121081 1.055513 0.223437
v -0.121071 1.055235 0.223889
v -0.112274 1.056183 0.221940
v -0.112562 1.055882 0.222443
v -0.111047 1.059157 0.234364
v -0.111445 1.058590 0.233756
v -0.123209 1.056103 0.227098
v -0.123007 1.055687 0.226849
v -0.128550 1.055106 0.225416
v -0.128545 1.054654 0.225105
v -0.148410 1.052270 0.228435
v -0.148662 1.053292 0.230249
v -0.151545 1.048921 0.212530
v -0.150945 1.048426 0.212853
v -0.141869 1.047334 0.200695
v -0.142436 1.047030 0.202446
v -0.142228 1.047574 0.204724
v -0.141632 1.047952 0.203285
v -0.146400 1.052495 0.225613
v -0.146420 1.051569 0.224359
v -0.227623 1.007446 0.130352
v -0.221584 1.010290 0.134937
v -0.230534 1.011680 0.147081
v -0.222842 1.016213 0.155998
v -0.211363 1.020433 0.160705
v -0.214382 1.020827 0.164548
v -0.213754 1.022526 0.169765
v -0.209030 1.024172 0.171397
v -0.216379 1.024272 0.177848
v -0.215835 1.025742 0.182363
v -0.209682 1.026924 0.181236
v -0.209080 1.028550 0.186232
v -0.204821 1.029369 0.185452
v -0.212726 1.030340 0.195314
v -0.213696 1.027720 0.187266
v -0.218713 1.026756 0.188184
v -0.222154 1.024584 0.183708
v -0.223514 1.020909 0.172422
v -0.220185 1.020876 0.169543
v -0.221177 1.018195 0.161310
v -0.229979 1.016504 0.162921
v -0.231038 1.013643 0.154133
v -0.236757 1.010305 0.147615
v -0.227391 1.008814 0.134782
v -0.226686 1.010618 0.132493
v -0.223842 1.011958 0.134652
v -0.232658 1.013327 0.146615
v -0.224156 1.018338 0.156471
v -0.213879 1.022116 0.160685
v -0.216215 1.022421 0.163658
v -0.215435 1.024529 0.170131
v -0.211982 1.025732 0.171323
v -0.218229 1.025816 0.176807
v -0.217453 1.027913 0.183246
v -0.211301 1.029095 0.182119
v -0.210699 1.030722 0.187115
v -0.208364 1.031170 0.186687
v -0.212296 1.031654 0.191594
v -0.213067 1.029569 0.185193
v -0.218608 1.028505 0.186207
v -0.221415 1.026734 0.182558
v -0.222653 1.023387 0.172280
v -0.219324 1.023355 0.169401
v -0.220548 1.020045 0.159237
v -0.229351 1.018354 0.160848
v -0.230304 1.015780 0.152942
v -0.235622 1.012676 0.146881
v -0.226582 1.011237 0.134494
v -0.228118 1.009456 0.129757
v -0.222079 1.012300 0.134342
v -0.231029 1.013690 0.146486
v -0.223337 1.018224 0.155403
v -0.211858 1.022444 0.160110
v -0.214877 1.022838 0.163953
v -0.214249 1.024537 0.169171
v -0.209525 1.026183 0.170802
v -0.216874 1.026282 0.177253
v -0.216330 1.027752 0.181768
v -0.210177 1.028934 0.180641
v -0.209575 1.030561 0.185637
v -0.205316 1.031379 0.184857
v -0.213221 1.032351 0.194719
v -0.214191 1.029730 0.186671
v -0.219208 1.028766 0.187589
v -0.222649 1.026594 0.183113
v -0.224009 1.022919 0.171827
v -0.220680 1.022887 0.168948
v -0.221672 1.020206 0.160715
v -0.230475 1.018515 0.162326
v -0.231533 1.015653 0.153538
v -0.237253 1.012316 0.147020
v -0.227886 1.010824 0.134187
v -0.227947 1.010143 0.130163
v -0.228170 1.009669 0.129693
v -0.222131 1.012514 0.134279
v -0.222541 1.012690 0.134268
v -0.231081 1.013904 0.146423
v -0.231464 1.014075 0.146376
v -0.223390 1.018437 0.155340
v -0.223612 1.018703 0.155480
v -0.211910 1.022657 0.160047
v -0.212371 1.022836 0.160088
v -0.214930 1.023051 0.163890
v -0.215255 1.023212 0.163759
v -0.214301 1.024750 0.169107
v -0.214596 1.024992 0.169226
v -0.209577 1.026396 0.170739
v -0.210124 1.026550 0.170770
v -0.216926 1.026495 0.177190
v -0.217255 1.026647 0.177029
v -0.216382 1.027966 0.181705
v -0.216665 1.028241 0.181925
v -0.210230 1.029147 0.180578
v -0.210513 1.029423 0.180799
v -0.209628 1.030774 0.185574
v -0.209911 1.031050 0.185795
v -0.205369 1.031592 0.184794
v -0.206033 1.031795 0.185085
v -0.213274 1.032564 0.194656
v -0.213151 1.032670 0.193965
v -0.214244 1.029943 0.186608
v -0.214081 1.030155 0.186243
v -0.219260 1.028980 0.187526
v -0.219201 1.029172 0.187180
v -0.222702 1.026807 0.183050
v -0.222517 1.027079 0.182868
v -0.224062 1.023132 0.171764
v -0.223853 1.023469 0.171782
v -0.220732 1.023100 0.168885
v -0.220524 1.023437 0.168903
v -0.221724 1.020419 0.160652
v -0.221562 1.020631 0.160287
v -0.230527 1.018728 0.162263
v -0.230364 1.018940 0.161898
v -0.231586 1.015866 0.153475
v -0.231402 1.016135 0.153284
v -0.237305 1.012529 0.146957
v -0.237042 1.012844 0.146858
v -0.227939 1.011038 0.134124
v -0.227741 1.011363 0.134112
v -0.226729 1.010791 0.132441
v -0.227130 1.010806 0.131724
v -0.223546 1.012494 0.134445
v -0.223884 1.012131 0.134601
v -0.232393 1.013868 0.146450
v -0.232700 1.013500 0.146564
v -0.224079 1.018769 0.156089
v -0.224199 1.018511 0.156420
v -0.213524 1.022649 0.160417
v -0.213921 1.022289 0.160634
v -0.216018 1.022974 0.163591
v -0.216257 1.022593 0.163607
v -0.215273 1.024987 0.169773
v -0.215477 1.024701 0.170080
v -0.211526 1.026293 0.171067
v -0.212025 1.025904 0.171272
v -0.218028 1.026381 0.176775
v -0.218272 1.025989 0.176756
v -0.217306 1.028333 0.182768
v -0.217496 1.028085 0.183194
v -0.211153 1.029515 0.181642
v -0.211343 1.029267 0.182068
v -0.210552 1.031141 0.186638
v -0.210741 1.030894 0.187064
v -0.207771 1.031675 0.186129
v -0.208406 1.031343 0.186636
v -0.212623 1.032272 0.192182
v -0.212339 1.031826 0.191543
v -0.213440 1.030064 0.185400
v -0.213110 1.029742 0.185142
v -0.218860 1.029022 0.186392
v -0.218651 1.028677 0.186156
v -0.221813 1.027158 0.182551
v -0.221457 1.026906 0.182507
v -0.223079 1.023736 0.172040
v -0.222695 1.023559 0.172229
v -0.219750 1.023704 0.169161
v -0.219366 1.023527 0.169350
v -0.220921 1.020539 0.159444
v -0.220591 1.020218 0.159186
v -0.229723 1.018848 0.161055
v -0.229393 1.018527 0.160797
v -0.230701 1.016207 0.152944
v -0.230346 1.015952 0.152890
v -0.236112 1.013050 0.146778
v -0.235664 1.012849 0.146830
v -0.226996 1.011598 0.134288
v -0.226624 1.011409 0.134443
v -0.321250 0.958958 0.081650
v -0.328955 0.961956 0.093511
v -0.318115 0.965721 0.094008
v -0.313304 0.968628 0.096890
v -0.307994 0.971440 0.099216
v -0.301136 0.974526 0.101047
v -0.293472 0.977482 0.102032
v -0.286836 0.979773 0.102306
v -0.277958 0.982184 0.101265
v -0.268931 0.984376 0.099650
v -0.258942 0.986621 0.097472
v -0.252829 0.990051 0.100565
v -0.254687 0.983417 0.087589
v -0.259507 0.983855 0.091914
v -0.269607 0.981587 0.094120
v -0.277978 0.979482 0.095464
v -0.286648 0.977065 0.096344
v -0.292472 0.975044 0.096082
v -0.299562 0.972259 0.095062
v -0.305885 0.969584 0.093741
v -0.310100 0.967302 0.091786
v -0.315551 0.964360 0.089280
v -0.321908 0.962263 0.083698
v -0.326713 0.964133 0.091096
v -0.318037 0.967146 0.091493
v -0.312976 0.970204 0.094525
v -0.307859 0.972914 0.096767
v -0.301218 0.975903 0.098540
v -0.293735 0.978788 0.099501
v -0.287314 0.981005 0.099766
v -0.278633 0.983362 0.098749
v -0.269697 0.985533 0.097150
v -0.259135 0.987906 0.094847
v -0.255657 0.989857 0.096606
v -0.256612 0.986447 0.089937
v -0.259457 0.986706 0.092489
v -0.270123 0.984311 0.094819
v -0.278600 0.982180 0.096180
v -0.287454 0.979711 0.097079
v -0.293491 0.977617 0.096807
v -0.300714 0.974779 0.095768
v -0.307264 0.972008 0.094400
v -0.311635 0.969641 0.092372
v -0.317412 0.966524 0.089716
v -0.321884 0.960900 0.080748
v -0.329588 0.963898 0.092609
v -0.318748 0.967663 0.093106
v -0.313937 0.970570 0.095987
v -0.308628 0.973382 0.098314
v -0.301769 0.976469 0.100145
v -0.294105 0.979424 0.101129
v -0.287469 0.981715 0.101403
v -0.278591 0.984126 0.100363
v -0.269564 0.986319 0.098748
v -0.259576 0.988563 0.096569
v -0.253462 0.991993 0.099663
v -0.255320 0.985359 0.086686
v -0.260140 0.985797 0.091012
v -0.270240 0.983529 0.093218
v -0.278612 0.981424 0.094562
v -0.287281 0.979007 0.095442
v -0.293105 0.976986 0.095180
v -0.300195 0.974201 0.094159
v -0.306518 0.971526 0.092839
v -0.310733 0.969244 0.090884
v -0.316184 0.966302 0.088377
v -0.322061 0.961443 0.080496
v -0.322294 0.962726 0.081476
v -0.328723 0.965228 0.091373
v -0.329766 0.964442 0.092357
v -0.318835 0.968662 0.091826
v -0.318925 0.968206 0.092853
v -0.313914 0.971635 0.094774
v -0.314114 0.971113 0.095735
v -0.308689 0.974403 0.097063
v -0.308805 0.973925 0.098061
v -0.301926 0.977446 0.098869
v -0.301946 0.977012 0.099893
v -0.294342 0.980371 0.099843
v -0.294282 0.979968 0.100877
v -0.287801 0.982629 0.100113
v -0.287646 0.982258 0.101151
v -0.279010 0.985017 0.099083
v -0.278768 0.984669 0.100111
v -0.270022 0.987199 0.097475
v -0.269741 0.986862 0.098495
v -0.259782 0.989500 0.095242
v -0.259753 0.989106 0.096317
v -0.254828 0.992280 0.097748
v -0.253639 0.992536 0.099410
v -0.256289 0.987064 0.087547
v -0.255497 0.985902 0.086434
v -0.260239 0.987424 0.091092
v -0.260317 0.986340 0.090759
v -0.270588 0.985100 0.093353
v -0.270417 0.984073 0.092966
v -0.279006 0.982983 0.094704
v -0.278789 0.981967 0.094309
v -0.287757 0.980543 0.095593
v -0.287458 0.979550 0.095190
v -0.293675 0.978490 0.095326
v -0.293283 0.977530 0.094927
v -0.300824 0.975682 0.094297
v -0.300373 0.974744 0.093907
v -0.307246 0.972965 0.092956
v -0.306695 0.972070 0.092587
v -0.311530 0.970645 0.090969
v -0.310910 0.969787 0.090631
v -0.317125 0.967626 0.088397
v -0.316361 0.966846 0.088125
v -0.322299 0.963021 0.082115
v -0.322134 0.962956 0.083376
v -0.326939 0.964826 0.090774
v -0.328101 0.965279 0.091046
v -0.318263 0.967839 0.091171
v -0.318681 0.968550 0.091477
v -0.313202 0.970897 0.094202
v -0.313706 0.971556 0.094457
v -0.308085 0.973607 0.096445
v -0.308523 0.974301 0.096729
v -0.301444 0.976596 0.098218
v -0.301807 0.977324 0.098522
v -0.293961 0.979482 0.099179
v -0.294262 0.980233 0.099491
v -0.287540 0.981698 0.099444
v -0.287767 0.982476 0.099759
v -0.278859 0.984056 0.098427
v -0.279019 0.984851 0.098734
v -0.269923 0.986226 0.096828
v -0.270051 0.987029 0.097129
v -0.259361 0.988599 0.094525
v -0.259686 0.989358 0.094869
v -0.255883 0.990550 0.096284
v -0.255303 0.991818 0.097087
v -0.256838 0.987141 0.089615
v -0.256568 0.987300 0.088250
v -0.259683 0.987399 0.092167
v -0.260091 0.987620 0.091412
v -0.270349 0.985004 0.094497
v -0.270563 0.985269 0.093699
v -0.278826 0.982873 0.095858
v -0.279004 0.983147 0.095054
v -0.287680 0.980404 0.096757
v -0.287795 0.980696 0.095947
v -0.293717 0.978310 0.096485
v -0.293758 0.978627 0.095678
v -0.300940 0.975472 0.095446
v -0.300936 0.975807 0.094645
v -0.307490 0.972701 0.094078
v -0.307408 0.973069 0.093294
v -0.311861 0.970334 0.092050
v -0.311725 0.970731 0.091291
v -0.317638 0.967217 0.089394
v -0.317390 0.967674 0.088686
v -0.363208 0.905519 0.002551
v -0.356490 0.903384 -0.005863
v -0.335703 0.913685 -0.001768
v -0.329206 0.915551 -0.002901
v -0.334484 0.918023 0.005126
v -0.336712 0.915418 0.002012
v -0.353813 0.907136 -0.001013
v -0.353015 0.910970 0.005272
v -0.362536 0.908745 0.007839
v -0.334161 0.919575 0.007670
v -0.333091 0.924718 0.016100
v -0.326633 0.921335 0.005640
v -0.324399 0.922957 0.006999
v -0.323880 0.925453 0.011089
v -0.318455 0.926721 0.009627
v -0.318987 0.924165 0.005436
v -0.316361 0.924634 0.004471
v -0.315430 0.929107 0.011803
v -0.319416 0.928175 0.012878
v -0.307904 0.936425 0.019680
v -0.299693 0.935391 0.012204
v -0.289471 0.941486 0.016052
v -0.286066 0.938113 0.007705
v -0.300409 0.930939 0.004762
v -0.304890 0.933192 0.011851
v -0.309651 0.932079 0.013134
v -0.310937 0.925902 0.003008
v -0.363188 0.908378 0.001297
v -0.357149 0.906458 -0.006267
v -0.336807 0.916539 -0.002259
v -0.331883 0.917954 -0.003117
v -0.335365 0.919585 0.002178
v -0.337023 0.917646 -0.000140
v -0.355828 0.908538 -0.003467
v -0.354965 0.912687 0.003334
v -0.362665 0.910887 0.005409
v -0.334082 0.922718 0.006881
v -0.333411 0.925941 0.012163
v -0.329365 0.923821 0.005610
v -0.324322 0.926090 0.006194
v -0.324009 0.927595 0.008660
v -0.320405 0.928437 0.007688
v -0.320726 0.926892 0.005156
v -0.316282 0.927776 0.003682
v -0.315351 0.932250 0.011015
v -0.318098 0.931608 0.011755
v -0.308836 0.938245 0.017228
v -0.300712 0.937222 0.009831
v -0.290860 0.943097 0.013540
v -0.288193 0.940456 0.007005
v -0.300986 0.934057 0.004380
v -0.305292 0.936222 0.011192
v -0.311392 0.934796 0.012837
v -0.312678 0.928619 0.002711
v -0.364143 0.907949 0.001188
v -0.357425 0.905813 -0.007227
v -0.336638 0.916115 -0.003132
v -0.330141 0.917981 -0.004264
v -0.335420 0.920453 0.003762
v -0.337647 0.917848 0.000648
v -0.354748 0.909566 -0.002377
v -0.353950 0.913400 0.003908
v -0.363472 0.911174 0.006475
v -0.335096 0.922005 0.006306
v -0.334026 0.927148 0.014737
v -0.327568 0.923765 0.004277
v -0.325335 0.925387 0.005635
v -0.324815 0.927882 0.009726
v -0.319390 0.929150 0.008263
v -0.319922 0.926594 0.004073
v -0.317297 0.927063 0.003107
v -0.316366 0.931536 0.010440
v -0.320351 0.930605 0.011514
v -0.308839 0.938854 0.018316
v -0.300628 0.937821 0.010841
v -0.290407 0.943916 0.014689
v -0.287001 0.940543 0.006342
v -0.301344 0.933369 0.003398
v -0.305825 0.935621 0.010488
v -0.310586 0.934509 0.011771
v -0.311872 0.928331 0.001645
v -0.363906 0.908847 0.000866
v -0.364243 0.908207 0.001042
v -0.357525 0.906072 -0.007372
v -0.357541 0.906824 -0.007106
v -0.336738 0.916374 -0.003277
v -0.336986 0.917011 -0.003056
v -0.330241 0.918240 -0.004409
v -0.331307 0.918642 -0.004046
v -0.335519 0.920712 0.003617
v -0.335651 0.920676 0.002559
v -0.337747 0.918107 0.000503
v -0.337582 0.918417 -0.000141
v -0.354848 0.909824 -0.002522
v -0.355570 0.909706 -0.003323
v -0.354050 0.913659 0.003763
v -0.354738 0.913703 0.003231
v -0.363571 0.911433 0.006330
v -0.363312 0.911699 0.005542
v -0.335196 0.922264 0.006161
v -0.334828 0.923051 0.006227
v -0.333966 0.927194 0.013018
v -0.334126 0.927407 0.014591
v -0.328763 0.924469 0.004592
v -0.327668 0.924024 0.004132
v -0.325434 0.925646 0.005490
v -0.325067 0.926428 0.005547
v -0.324655 0.928407 0.008792
v -0.324915 0.928141 0.009580
v -0.320178 0.929454 0.007585
v -0.319490 0.929409 0.008118
v -0.320601 0.927424 0.004258
v -0.320022 0.926853 0.003928
v -0.317397 0.927322 0.002962
v -0.317029 0.928109 0.003028
v -0.316098 0.932583 0.010361
v -0.316465 0.931795 0.010295
v -0.319438 0.931802 0.011261
v -0.320451 0.930864 0.011369
v -0.309097 0.939212 0.017371
v -0.308939 0.939113 0.018171
v -0.300931 0.938184 0.009937
v -0.300728 0.938080 0.010695
v -0.290902 0.944164 0.013712
v -0.290506 0.944175 0.014543
v -0.287881 0.941172 0.006308
v -0.287101 0.940802 0.006196
v -0.301417 0.934402 0.003531
v -0.301444 0.933627 0.003253
v -0.305808 0.936609 0.010476
v -0.305925 0.935880 0.010342
v -0.311266 0.935333 0.011947
v -0.310686 0.934768 0.011626
v -0.312551 0.929156 0.001821
v -0.311972 0.928590 0.001500
v -0.363369 0.908850 0.001032
v -0.363690 0.908944 0.000890
v -0.357479 0.906969 -0.006889
v -0.357331 0.906930 -0.006532
v -0.337024 0.917106 -0.002859
v -0.336989 0.917011 -0.002524
v -0.331700 0.918635 -0.003787
v -0.332064 0.918426 -0.003382
v -0.335639 0.920480 0.002201
v -0.335547 0.920057 0.001913
v -0.337441 0.918372 -0.000319
v -0.337204 0.918118 -0.000405
v -0.355814 0.909474 -0.003569
v -0.356010 0.909010 -0.003732
v -0.354967 0.913543 0.003101
v -0.355147 0.913159 0.003069
v -0.363130 0.911635 0.005301
v -0.362847 0.911359 0.005145
v -0.334599 0.923212 0.006357
v -0.334264 0.923190 0.006616
v -0.333593 0.926413 0.011898
v -0.333827 0.926922 0.012438
v -0.329547 0.924293 0.005345
v -0.329169 0.924481 0.004893
v -0.324839 0.926586 0.005673
v -0.324504 0.926562 0.005929
v -0.324191 0.928067 0.008395
v -0.324473 0.928342 0.008552
v -0.320587 0.928909 0.007423
v -0.320407 0.929293 0.007455
v -0.320908 0.927364 0.004891
v -0.320782 0.927491 0.004502
v -0.316800 0.928270 0.003158
v -0.316464 0.928248 0.003417
v -0.315533 0.932722 0.010750
v -0.315869 0.932744 0.010490
v -0.318280 0.932080 0.011490
v -0.318930 0.932028 0.011316
v -0.309017 0.938717 0.016963
v -0.309096 0.939074 0.017125
v -0.300893 0.937694 0.009566
v -0.300950 0.938049 0.009709
v -0.291041 0.943569 0.013276
v -0.291005 0.943979 0.013453
v -0.288375 0.940928 0.006740
v -0.288151 0.941153 0.006458
v -0.301168 0.934530 0.004115
v -0.301337 0.934557 0.003752
v -0.305474 0.936694 0.010927
v -0.305687 0.936745 0.010635
v -0.311574 0.935268 0.012572
v -0.311448 0.935398 0.012188
v -0.312860 0.929091 0.002446
v -0.312733 0.929221 0.002061
v -0.345044 0.838266 -0.115401
v -0.315662 0.851716 -0.112957
v -0.304985 0.863367 -0.102205
v -0.331771 0.853999 -0.100214
v -0.329986 0.866806 -0.082580
v -0.336526 0.865360 -0.080868
v -0.342726 0.867271 -0.074456
v -0.342047 0.872146 -0.067744
v -0.318110 0.880564 -0.069457
v -0.314903 0.872945 -0.082442
v -0.300490 0.876133 -0.086215
v -0.311960 0.886050 -0.065050
v -0.347433 0.874744 -0.060807
v -0.349836 0.864181 -0.074809
v -0.340931 0.859923 -0.086221
v -0.349579 0.858011 -0.083957
v -0.349264 0.860271 -0.080845
v -0.366944 0.856361 -0.076215
v -0.347730 0.849886 -0.096885
v -0.347167 0.853932 -0.091315
v -0.338903 0.855759 -0.093479
v -0.337277 0.851391 -0.100800
v -0.338137 0.843884 -0.111244
v -0.318078 0.853066 -0.109576
v -0.313551 0.858006 -0.105017
v -0.332546 0.851363 -0.103605
v -0.334075 0.850748 -0.103609
v -0.343769 0.841682 -0.115431
v -0.317079 0.853899 -0.113210
v -0.308177 0.863612 -0.104247
v -0.333743 0.854671 -0.102346
v -0.331935 0.867648 -0.084479
v -0.337747 0.866362 -0.082957
v -0.344624 0.868482 -0.075846
v -0.343820 0.874252 -0.067902
v -0.317948 0.883350 -0.069753
v -0.314695 0.875623 -0.082923
v -0.303179 0.878170 -0.085938
v -0.313338 0.886954 -0.067192
v -0.347157 0.876176 -0.063147
v -0.349360 0.866492 -0.075982
v -0.339119 0.861597 -0.089105
v -0.351528 0.858852 -0.085856
v -0.351213 0.861113 -0.082743
v -0.364709 0.858128 -0.079210
v -0.349369 0.852958 -0.095713
v -0.348920 0.856176 -0.091283
v -0.338675 0.858442 -0.093965
v -0.336812 0.853437 -0.102353
v -0.345763 0.840060 -0.116631
v -0.316381 0.853509 -0.114186
v -0.305704 0.865160 -0.103435
v -0.332489 0.855792 -0.101444
v -0.330705 0.868599 -0.083810
v -0.337244 0.867153 -0.082097
v -0.343445 0.869065 -0.075686
v -0.342766 0.873940 -0.068974
v -0.318829 0.882357 -0.070686
v -0.315622 0.874738 -0.083671
v -0.301209 0.877926 -0.087445
v -0.312678 0.887843 -0.066280
v -0.348152 0.876538 -0.062037
v -0.350555 0.865974 -0.076039
v -0.341649 0.861717 -0.087451
v -0.350297 0.859804 -0.085187
v -0.349982 0.862065 -0.082074
v -0.367662 0.858154 -0.077445
v -0.348449 0.851680 -0.098115
v -0.347885 0.855725 -0.092545
v -0.339622 0.857553 -0.094709
v -0.337995 0.853184 -0.102029
v -0.345405 0.841470 -0.116790
v -0.345970 0.840576 -0.116985
v -0.316588 0.854026 -0.114540
v -0.316963 0.854489 -0.114424
v -0.305911 0.865676 -0.103789
v -0.306905 0.865463 -0.104297
v -0.332696 0.856309 -0.101798
v -0.333265 0.856245 -0.102337
v -0.330912 0.869116 -0.084164
v -0.331473 0.869111 -0.084622
v -0.337451 0.867669 -0.082452
v -0.337758 0.867721 -0.082976
v -0.343652 0.869581 -0.076040
v -0.344195 0.869705 -0.076320
v -0.342973 0.874456 -0.069328
v -0.343472 0.874892 -0.069178
v -0.319036 0.882873 -0.071040
v -0.318859 0.883547 -0.070939
v -0.315829 0.875254 -0.084025
v -0.315636 0.875891 -0.083988
v -0.301416 0.878442 -0.087799
v -0.302235 0.878855 -0.087497
v -0.312885 0.888359 -0.066634
v -0.313247 0.888376 -0.067177
v -0.348359 0.877054 -0.062391
v -0.348142 0.877255 -0.063003
v -0.350762 0.866490 -0.076392
v -0.350476 0.866999 -0.076597
v -0.341856 0.862233 -0.087805
v -0.341104 0.862518 -0.088607
v -0.350504 0.860320 -0.085541
v -0.351065 0.860315 -0.085999
v -0.350189 0.862581 -0.082428
v -0.350750 0.862576 -0.082886
v -0.367869 0.858671 -0.077799
v -0.366969 0.858989 -0.078640
v -0.348656 0.852196 -0.098469
v -0.349108 0.852970 -0.097855
v -0.348092 0.856241 -0.092899
v -0.348585 0.856726 -0.092683
v -0.339829 0.858069 -0.095063
v -0.339630 0.858707 -0.095028
v -0.338202 0.853701 -0.102383
v -0.337920 0.854116 -0.102721
v -0.343980 0.842210 -0.115793
v -0.344778 0.841979 -0.116413
v -0.317182 0.854612 -0.114117
v -0.317290 0.854427 -0.113572
v -0.307682 0.864977 -0.104552
v -0.308389 0.864140 -0.104609
v -0.333659 0.855892 -0.102621
v -0.333955 0.855199 -0.102708
v -0.331859 0.868812 -0.084832
v -0.332147 0.868175 -0.084841
v -0.337916 0.867472 -0.083246
v -0.337959 0.866890 -0.083319
v -0.344565 0.869522 -0.076371
v -0.344836 0.869010 -0.076208
v -0.343803 0.874991 -0.068841
v -0.344032 0.874780 -0.068264
v -0.318582 0.883859 -0.070646
v -0.318159 0.883878 -0.070115
v -0.315345 0.876169 -0.083753
v -0.314907 0.876151 -0.083285
v -0.302854 0.878931 -0.087024
v -0.303390 0.878698 -0.086300
v -0.313454 0.888097 -0.067463
v -0.313549 0.887482 -0.067554
v -0.347830 0.877141 -0.063352
v -0.347368 0.876704 -0.063509
v -0.350100 0.867161 -0.076579
v -0.349571 0.867020 -0.076344
v -0.340309 0.862481 -0.089127
v -0.339331 0.862125 -0.089467
v -0.351451 0.860016 -0.086209
v -0.351739 0.859380 -0.086218
v -0.351136 0.862277 -0.083097
v -0.351424 0.861641 -0.083105
v -0.366041 0.858980 -0.079194
v -0.364920 0.858656 -0.079572
v -0.349397 0.853372 -0.097100
v -0.349580 0.853486 -0.096075
v -0.348910 0.856868 -0.092286
v -0.349132 0.856704 -0.091645
v -0.339332 0.858986 -0.094794
v -0.338887 0.858970 -0.094327
v -0.337548 0.854195 -0.102823
v -0.337023 0.853965 -0.102715
v -0.338563 0.844947 -0.111973
v -0.340410 0.844414 -0.113409
v -0.318253 0.854556 -0.111566
v -0.318504 0.854129 -0.110304
v -0.312343 0.861005 -0.105614
v -0.313977 0.859069 -0.105746
v -0.333416 0.853636 -0.104048
v -0.332972 0.852426 -0.104334
v -0.334501 0.851811 -0.104337
v -0.335432 0.852824 -0.104052
v -0.305979 0.802115 -0.180355
v -0.322202 0.807207 -0.166968
v -0.330344 0.805735 -0.164877
v -0.321298 0.814191 -0.159364
v -0.318628 0.810528 -0.164813
v -0.303554 0.805362 -0.177751
v -0.298098 0.806615 -0.178846
v -0.298307 0.804571 -0.181097
v -0.301658 0.803431 -0.180850
v -0.302145 0.798661 -0.186103
v -0.306050 0.797688 -0.185407
v -0.290709 0.805432 -0.183638
v -0.282045 0.807463 -0.185330
v -0.282456 0.812497 -0.179356
v -0.291428 0.808739 -0.179505
v -0.274919 0.811259 -0.184279
v -0.264280 0.819684 -0.179543
v -0.264622 0.809870 -0.190659
v -0.305338 0.804169 -0.181350
v -0.322309 0.809496 -0.167346
v -0.328256 0.808421 -0.165819
v -0.322252 0.814034 -0.162159
v -0.320173 0.811183 -0.166400
v -0.304547 0.805828 -0.179812
v -0.299942 0.806886 -0.180736
v -0.299991 0.806405 -0.181266
v -0.303342 0.805264 -0.181020
v -0.303819 0.800589 -0.186169
v -0.305403 0.800195 -0.185887
v -0.290234 0.807880 -0.184104
v -0.283867 0.809373 -0.185348
v -0.284127 0.812567 -0.181557
v -0.290658 0.809831 -0.181665
v -0.273334 0.813284 -0.185748
v -0.266097 0.819015 -0.182526
v -0.266330 0.812338 -0.190088
v -0.306539 0.803500 -0.181561
v -0.322762 0.808592 -0.168174
v -0.330904 0.807120 -0.166083
v -0.321859 0.815577 -0.160570
v -0.319188 0.811913 -0.166019
v -0.304114 0.806747 -0.178957
v -0.298659 0.808001 -0.180051
v -0.298867 0.805957 -0.182303
v -0.302219 0.804816 -0.182056
v -0.302706 0.800047 -0.187309
v -0.306611 0.799074 -0.186613
v -0.291269 0.806818 -0.184844
v -0.282605 0.808848 -0.186536
v -0.283016 0.813883 -0.180562
v -0.291988 0.810124 -0.180711
v -0.275479 0.812644 -0.185485
v -0.264841 0.821069 -0.180749
v -0.265183 0.811255 -0.191865
v -0.306680 0.803849 -0.181865
v -0.306366 0.804439 -0.182080
v -0.322870 0.809619 -0.168461
v -0.322903 0.808941 -0.168478
v -0.330187 0.808296 -0.166582
v -0.331045 0.807469 -0.166386
v -0.322284 0.815684 -0.161765
v -0.322000 0.815925 -0.160873
v -0.319837 0.812326 -0.166761
v -0.319330 0.812262 -0.166323
v -0.304555 0.807089 -0.179877
v -0.304255 0.807096 -0.179261
v -0.299419 0.808269 -0.180907
v -0.298800 0.808350 -0.180355
v -0.299568 0.806813 -0.182511
v -0.299008 0.806306 -0.182606
v -0.302919 0.805672 -0.182265
v -0.302360 0.805165 -0.182360
v -0.303402 0.800938 -0.187479
v -0.302847 0.800396 -0.187613
v -0.306434 0.800182 -0.186938
v -0.306752 0.799422 -0.186917
v -0.291158 0.807904 -0.185164
v -0.291410 0.807167 -0.185147
v -0.282746 0.809197 -0.186839
v -0.283357 0.809733 -0.186687
v -0.283157 0.814231 -0.180865
v -0.283712 0.814075 -0.181534
v -0.292129 0.810473 -0.181014
v -0.291766 0.810702 -0.181668
v -0.275620 0.812993 -0.185789
v -0.274951 0.813572 -0.186182
v -0.265591 0.820984 -0.182015
v -0.264982 0.821418 -0.181053
v -0.265892 0.812349 -0.191795
v -0.265324 0.811604 -0.192169
v -0.305931 0.804681 -0.182004
v -0.305521 0.804620 -0.181743
v -0.322492 0.809947 -0.167739
v -0.322706 0.809946 -0.168161
v -0.328439 0.808872 -0.166211
v -0.329228 0.808767 -0.166486
v -0.322434 0.814486 -0.162552
v -0.322426 0.815126 -0.162341
v -0.320356 0.811634 -0.166793
v -0.320193 0.812062 -0.166899
v -0.304730 0.806279 -0.180205
v -0.304712 0.806756 -0.180186
v -0.300124 0.807338 -0.181129
v -0.299883 0.807866 -0.181155
v -0.300173 0.806856 -0.181659
v -0.299974 0.806975 -0.182136
v -0.303524 0.805715 -0.181413
v -0.303325 0.805834 -0.181890
v -0.304002 0.801041 -0.186561
v -0.303806 0.801134 -0.187066
v -0.305585 0.800646 -0.186279
v -0.305997 0.800588 -0.186675
v -0.290416 0.808331 -0.184497
v -0.290783 0.808289 -0.184896
v -0.283814 0.809923 -0.186257
v -0.284049 0.809824 -0.185740
v -0.284114 0.813599 -0.181894
v -0.284310 0.813018 -0.181949
v -0.291285 0.810595 -0.182013
v -0.290841 0.810283 -0.182058
v -0.274174 0.813803 -0.186277
v -0.273517 0.813735 -0.186140
v -0.266280 0.819466 -0.182918
v -0.266046 0.820240 -0.182658
v -0.266512 0.812790 -0.190480
v -0.266307 0.812742 -0.191152
v -0.236849 0.771479 -0.241249
v -0.241034 0.774031 -0.237319
v -0.224499 0.782915 -0.233978
v -0.225448 0.777203 -0.239345
v -0.258054 0.756359 -0.249240
v -0.256824 0.763768 -0.242280
v -0.259487 0.763567 -0.241595
v -0.258943 0.766844 -0.238516
v -0.253959 0.767221 -0.239798
v -0.254395 0.764599 -0.242261
v -0.234172 0.768169 -0.245430
v -0.198887 0.788817 -0.236620
v -0.197779 0.788060 -0.237741
v -0.225489 0.759667 -0.256773
v -0.233672 0.765098 -0.248651
v -0.253081 0.761027 -0.246250
v -0.230194 0.767760 -0.247159
v -0.209098 0.780105 -0.241891
v -0.208996 0.780036 -0.241994
v -0.225089 0.763546 -0.253048
v -0.229812 0.766681 -0.248360
v -0.257461 0.760118 -0.249380
v -0.256449 0.766214 -0.243652
v -0.259111 0.766013 -0.242967
v -0.258779 0.768014 -0.241088
v -0.255500 0.768262 -0.241931
v -0.255951 0.765545 -0.244483
v -0.234520 0.769329 -0.247842
v -0.199658 0.789729 -0.239138
v -0.199490 0.789614 -0.239307
v -0.226082 0.762366 -0.257572
v -0.233887 0.767546 -0.249826
v -0.254055 0.763315 -0.247332
v -0.237432 0.773222 -0.243002
v -0.241616 0.775775 -0.239072
v -0.225082 0.784658 -0.235731
v -0.226030 0.778946 -0.241098
v -0.258637 0.758103 -0.250993
v -0.257407 0.765512 -0.244033
v -0.260070 0.765311 -0.243348
v -0.259525 0.768588 -0.240269
v -0.254542 0.768964 -0.241551
v -0.254977 0.766343 -0.244014
v -0.234755 0.769913 -0.247183
v -0.199469 0.790560 -0.238373
v -0.198361 0.789804 -0.239494
v -0.226071 0.761411 -0.258527
v -0.234255 0.766842 -0.250404
v -0.253663 0.762770 -0.248003
v -0.258743 0.758420 -0.251313
v -0.258429 0.759265 -0.250989
v -0.257269 0.766251 -0.244425
v -0.257513 0.765829 -0.244352
v -0.259932 0.766050 -0.243740
v -0.260176 0.765628 -0.243667
v -0.259456 0.768915 -0.241048
v -0.259631 0.768905 -0.240588
v -0.255022 0.769250 -0.242189
v -0.254648 0.769282 -0.241870
v -0.255462 0.766598 -0.244680
v -0.255083 0.766660 -0.244333
v -0.234850 0.770237 -0.247911
v -0.234861 0.770230 -0.247502
v -0.199702 0.790805 -0.239135
v -0.199576 0.790878 -0.238692
v -0.198897 0.790255 -0.239949
v -0.198467 0.790121 -0.239813
v -0.226246 0.762231 -0.258734
v -0.226177 0.761728 -0.258846
v -0.234308 0.767582 -0.250733
v -0.234361 0.767159 -0.250723
v -0.253961 0.763459 -0.248302
v -0.253769 0.763088 -0.248322
v -0.257966 0.760059 -0.250353
v -0.257575 0.760459 -0.249722
v -0.256562 0.766556 -0.243995
v -0.256891 0.766528 -0.244275
v -0.259225 0.766354 -0.243310
v -0.259554 0.766327 -0.243590
v -0.258893 0.768355 -0.241431
v -0.259162 0.768689 -0.241371
v -0.255614 0.768603 -0.242274
v -0.255400 0.768974 -0.242339
v -0.256065 0.765886 -0.244826
v -0.255846 0.766284 -0.244866
v -0.234633 0.769670 -0.248185
v -0.234757 0.770007 -0.248171
v -0.199772 0.790070 -0.239480
v -0.199776 0.790477 -0.239436
v -0.199604 0.789955 -0.239650
v -0.199341 0.790181 -0.239875
v -0.226196 0.762707 -0.257915
v -0.226250 0.762608 -0.258358
v -0.234001 0.767887 -0.250169
v -0.234163 0.767859 -0.250506
v -0.254169 0.763656 -0.247675
v -0.254115 0.763673 -0.248037
v -0.231424 0.769474 -0.248727
v -0.230653 0.769132 -0.248539
v -0.209556 0.781478 -0.243271
v -0.207947 0.783212 -0.242865
v -0.209454 0.781408 -0.243374
v -0.207834 0.783135 -0.242979
v -0.225547 0.764919 -0.254427
v -0.225742 0.764784 -0.255280
v -0.230270 0.768053 -0.249740
v -0.230998 0.768273 -0.250063
v -0.237234 0.773994 -0.242300
v -0.240241 0.775829 -0.239476
v -0.226108 0.783422 -0.236620
v -0.226805 0.779230 -0.240558
v -0.237516 0.773476 -0.243256
v -0.237516 0.773971 -0.243217
v -0.241273 0.776263 -0.239689
v -0.241701 0.776028 -0.239327
v -0.225611 0.784677 -0.236525
v -0.225166 0.784912 -0.235986
v -0.226468 0.779518 -0.241372
v -0.226115 0.779200 -0.241352
v -0.237445 0.774249 -0.242965
v -0.237336 0.774299 -0.242606
v -0.240343 0.776133 -0.239782
v -0.240778 0.776282 -0.239835
v -0.226210 0.783726 -0.236926
v -0.225981 0.784232 -0.236845
v -0.226906 0.779535 -0.240864
v -0.226747 0.779620 -0.241178
v -0.153673 0.738988 -0.294431
v -0.139587 0.739308 -0.296936
v -0.133597 0.740998 -0.296636
v -0.126933 0.744184 -0.295157
v -0.118921 0.749622 -0.291969
v -0.110972 0.750098 -0.293122
v -0.108427 0.752672 -0.291365
v -0.106802 0.757077 -0.287821
v -0.108319 0.759486 -0.285407
v -0.113259 0.759966 -0.284009
v -0.118670 0.758289 -0.284411
v -0.121317 0.752676 -0.288814
v -0.129156 0.747835 -0.291513
v -0.135656 0.745171 -0.292566
v -0.140103 0.744256 -0.292491
v -0.158242 0.743845 -0.289265
v -0.164061 0.744971 -0.287126
v -0.166046 0.743002 -0.288462
v -0.143282 0.721827 -0.311548
v -0.144067 0.715739 -0.316736
v -0.134553 0.714918 -0.319338
v -0.138288 0.724753 -0.309967
v -0.137326 0.727736 -0.307539
v -0.141725 0.727192 -0.307147
v -0.117710 0.752453 -0.289723
v -0.112601 0.752759 -0.290464
v -0.111698 0.753672 -0.289841
v -0.110657 0.756493 -0.287571
v -0.110909 0.756892 -0.287171
v -0.113221 0.757117 -0.286517
v -0.115923 0.756280 -0.286717
v -0.117720 0.752469 -0.289707
v -0.156604 0.741533 -0.295036
v -0.140047 0.741908 -0.297980
v -0.134398 0.743502 -0.297697
v -0.127965 0.746578 -0.296269
v -0.119686 0.752197 -0.292974
v -0.111901 0.752663 -0.294104
v -0.109917 0.754671 -0.292734
v -0.108490 0.758536 -0.289624
v -0.109576 0.760259 -0.287897
v -0.113620 0.760652 -0.286753
v -0.118106 0.759261 -0.287087
v -0.120670 0.753826 -0.291350
v -0.128939 0.748719 -0.294198
v -0.135703 0.745946 -0.295294
v -0.140450 0.744969 -0.295213
v -0.158903 0.744551 -0.291932
v -0.164059 0.745550 -0.290036
v -0.164842 0.744773 -0.290563
v -0.142378 0.723877 -0.313344
v -0.143103 0.718248 -0.318142
v -0.136683 0.717694 -0.319897
v -0.139941 0.726274 -0.311723
v -0.139302 0.728255 -0.310110
v -0.142727 0.727832 -0.309805
v -0.154046 0.740646 -0.296320
v -0.139960 0.740965 -0.298824
v -0.133970 0.742656 -0.298525
v -0.127307 0.745842 -0.297046
v -0.119295 0.751279 -0.293857
v -0.111345 0.751756 -0.295011
v -0.108801 0.754330 -0.293254
v -0.107175 0.758735 -0.289710
v -0.108692 0.761143 -0.287296
v -0.113633 0.761624 -0.285897
v -0.119044 0.759946 -0.286300
v -0.121691 0.754334 -0.290702
v -0.129530 0.749493 -0.293402
v -0.136030 0.746829 -0.294455
v -0.140477 0.745913 -0.294379
v -0.158615 0.745502 -0.291154
v -0.164434 0.746629 -0.289015
v -0.166420 0.744659 -0.290351
v -0.143656 0.723485 -0.313436
v -0.144440 0.717397 -0.318625
v -0.134926 0.716576 -0.321226
v -0.138661 0.726411 -0.311856
v -0.137700 0.729394 -0.309427
v -0.142099 0.728850 -0.309035
v -0.155021 0.741552 -0.296602
v -0.154125 0.740995 -0.296718
v -0.140039 0.741315 -0.299222
v -0.140127 0.741890 -0.299250
v -0.134049 0.743005 -0.298923
v -0.134249 0.743548 -0.298956
v -0.127385 0.746191 -0.297444
v -0.127661 0.746699 -0.297494
v -0.119373 0.751629 -0.294255
v -0.119561 0.752195 -0.294271
v -0.111424 0.752105 -0.295409
v -0.111666 0.752669 -0.295416
v -0.108879 0.754680 -0.293652
v -0.109304 0.755058 -0.293786
v -0.107254 0.759084 -0.290108
v -0.107744 0.759286 -0.290384
v -0.108771 0.761493 -0.287694
v -0.109120 0.761470 -0.288194
v -0.113711 0.761973 -0.286296
v -0.113767 0.761922 -0.286879
v -0.119122 0.760296 -0.286698
v -0.118876 0.760339 -0.287259
v -0.121770 0.754684 -0.291100
v -0.121496 0.754784 -0.291616
v -0.129608 0.749842 -0.293800
v -0.129475 0.749856 -0.294364
v -0.136108 0.747178 -0.294853
v -0.136062 0.747156 -0.295431
v -0.140555 0.746263 -0.294777
v -0.140607 0.746221 -0.295354
v -0.158694 0.745852 -0.291552
v -0.158848 0.745808 -0.292110
v -0.164513 0.746979 -0.289413
v -0.164450 0.746892 -0.290051
v -0.166498 0.745009 -0.290749
v -0.166042 0.745313 -0.291122
v -0.143735 0.723834 -0.313835
v -0.143377 0.724229 -0.314108
v -0.144519 0.717746 -0.319023
v -0.144142 0.718291 -0.319169
v -0.135005 0.716925 -0.321624
v -0.135639 0.717558 -0.321494
v -0.138740 0.726760 -0.312254
v -0.139218 0.726982 -0.312514
v -0.137778 0.729743 -0.309826
v -0.138362 0.729638 -0.310353
v -0.142177 0.729199 -0.309433
v -0.142443 0.729133 -0.309989
v -0.156697 0.741945 -0.295506
v -0.156105 0.741928 -0.296058
v -0.140164 0.742289 -0.298892
v -0.140140 0.742321 -0.298450
v -0.134430 0.743907 -0.298606
v -0.134491 0.743915 -0.298168
v -0.127940 0.747011 -0.297165
v -0.128058 0.746991 -0.296740
v -0.119727 0.752584 -0.293897
v -0.119779 0.752610 -0.293445
v -0.111901 0.753053 -0.295032
v -0.111994 0.753076 -0.294575
v -0.109777 0.755202 -0.293566
v -0.110010 0.755084 -0.293204
v -0.108301 0.759201 -0.290348
v -0.108583 0.758948 -0.290095
v -0.109494 0.761095 -0.288449
v -0.109669 0.760671 -0.288368
v -0.113762 0.761510 -0.287242
v -0.113713 0.761065 -0.287223
v -0.118479 0.760048 -0.287593
v -0.118199 0.759674 -0.287557
v -0.121063 0.754569 -0.291891
v -0.120763 0.754239 -0.291820
v -0.129225 0.749528 -0.294702
v -0.129032 0.749132 -0.294668
v -0.135923 0.746782 -0.295787
v -0.135796 0.746359 -0.295764
v -0.140596 0.745821 -0.295707
v -0.140543 0.745382 -0.295683
v -0.158970 0.745405 -0.292440
v -0.158996 0.744964 -0.292402
v -0.164291 0.746435 -0.290484
v -0.164152 0.745963 -0.290507
v -0.165374 0.745361 -0.291212
v -0.164935 0.745186 -0.291033
v -0.142835 0.724396 -0.314069
v -0.142471 0.724290 -0.313815
v -0.143575 0.718652 -0.318964
v -0.143196 0.718661 -0.318612
v -0.136384 0.718032 -0.320930
v -0.136776 0.718107 -0.320367
v -0.139761 0.726924 -0.312458
v -0.140034 0.726687 -0.312193
v -0.139042 0.729155 -0.310642
v -0.139395 0.728668 -0.310580
v -0.142709 0.728702 -0.310315
v -0.142820 0.728245 -0.310275
v -0.118013 0.753796 -0.291253
v -0.118404 0.753728 -0.291884
v -0.112760 0.754067 -0.292703
v -0.112903 0.754102 -0.291994
v -0.111641 0.755198 -0.291930
v -0.112001 0.755015 -0.291371
v -0.110523 0.758228 -0.289493
v -0.110960 0.757836 -0.289101
v -0.110941 0.758891 -0.288827
v -0.111211 0.758235 -0.288701
v -0.113599 0.759150 -0.288075
v -0.113523 0.758460 -0.288047
v -0.116658 0.758202 -0.288303
v -0.116225 0.757622 -0.288248
v -0.118608 0.754067 -0.291546
v -0.118023 0.753812 -0.291237
v -0.038667 0.703262 -0.339623
v -0.054076 0.707046 -0.335821
v -0.041490 0.709119 -0.334540
v -0.050228 0.719648 -0.325263
v -0.051578 0.709727 -0.333639
v -0.061217 0.714539 -0.329184
v -0.060853 0.717222 -0.326919
v -0.054873 0.720726 -0.324170
v -0.053160 0.733344 -0.313516
v -0.054692 0.745520 -0.303114
v -0.057646 0.747651 -0.301191
v -0.057484 0.748843 -0.300184
v -0.048906 0.748326 -0.300951
v -0.048542 0.751009 -0.298686
v -0.046104 0.750862 -0.298903
v -0.048400 0.733947 -0.313185
v -0.036596 0.733235 -0.314240
v -0.015634 0.738582 -0.310496
v -0.016393 0.730814 -0.317066
v -0.036268 0.729083 -0.317779
v -0.037544 0.719681 -0.325718
v -0.022791 0.705228 -0.338558
v -0.016503 0.704632 -0.339304
v -0.027736 0.699035 -0.343630
v -0.027182 0.703113 -0.340188
v -0.041988 0.719151 -0.325999
v -0.049074 0.722152 -0.323179
v -0.047840 0.731247 -0.315500
v -0.047454 0.731223 -0.315535
v -0.041600 0.730870 -0.316058
v -0.041725 0.729954 -0.316832
v -0.042835 0.721776 -0.323737
v -0.043265 0.721802 -0.323698
v -0.048689 0.722129 -0.323214
v -0.053042 0.718344 -0.326263
v -0.054036 0.711022 -0.332446
v -0.054170 0.710807 -0.332623
v -0.058111 0.714943 -0.328959
v -0.057960 0.716054 -0.328021
v -0.054197 0.718413 -0.326160
v -0.040136 0.705461 -0.340056
v -0.051093 0.721657 -0.325880
v -0.042162 0.709664 -0.336409
v -0.052635 0.710296 -0.335473
v -0.053591 0.708765 -0.336737
v -0.060386 0.715895 -0.330421
v -0.060092 0.718064 -0.328590
v -0.054076 0.721837 -0.325614
v -0.052363 0.734454 -0.314960
v -0.053922 0.746997 -0.304246
v -0.056806 0.749077 -0.302369
v -0.056775 0.749305 -0.302176
v -0.048196 0.748788 -0.302943
v -0.047832 0.751470 -0.300678
v -0.047052 0.751423 -0.300747
v -0.049380 0.734275 -0.315227
v -0.036768 0.733514 -0.316353
v -0.016631 0.738816 -0.312617
v -0.017243 0.732563 -0.317905
v -0.037131 0.730836 -0.318615
v -0.038481 0.720896 -0.327007
v -0.023307 0.705776 -0.340430
v -0.018963 0.705364 -0.340946
v -0.026757 0.701480 -0.343948
v -0.026352 0.704464 -0.341429
v -0.041542 0.721081 -0.326734
v -0.038719 0.704424 -0.340991
v -0.054128 0.708208 -0.337189
v -0.041542 0.710281 -0.335908
v -0.050280 0.720810 -0.326631
v -0.051630 0.710890 -0.335007
v -0.061269 0.715701 -0.330552
v -0.060905 0.718384 -0.328287
v -0.054925 0.721888 -0.325538
v -0.053212 0.734506 -0.314884
v -0.054744 0.746682 -0.304482
v -0.057698 0.748813 -0.302559
v -0.057536 0.750006 -0.301552
v -0.048958 0.749488 -0.302319
v -0.048594 0.752171 -0.300054
v -0.046157 0.752024 -0.300271
v -0.048453 0.735109 -0.314553
v -0.036648 0.734397 -0.315608
v -0.015686 0.739744 -0.311865
v -0.016445 0.731977 -0.318434
v -0.036320 0.730245 -0.319147
v -0.037596 0.720843 -0.327086
v -0.022843 0.706390 -0.339926
v -0.016555 0.705794 -0.340672
v -0.027788 0.700197 -0.344998
v -0.027234 0.704275 -0.341556
v -0.042040 0.720313 -0.327367
v -0.038739 0.704863 -0.341508
v -0.039242 0.705445 -0.341443
v -0.053971 0.709062 -0.337809
v -0.054148 0.708647 -0.337706
v -0.041562 0.710720 -0.336425
v -0.041787 0.710727 -0.336859
v -0.050300 0.721249 -0.327147
v -0.050591 0.721764 -0.327148
v -0.052009 0.711343 -0.335946
v -0.051649 0.711328 -0.335523
v -0.060991 0.716429 -0.331284
v -0.061289 0.716140 -0.331069
v -0.060652 0.718933 -0.329170
v -0.060925 0.718823 -0.328804
v -0.054526 0.722522 -0.326354
v -0.054945 0.722327 -0.326055
v -0.052813 0.735140 -0.315700
v -0.053232 0.734945 -0.315401
v -0.054368 0.747498 -0.305143
v -0.054764 0.747121 -0.304999
v -0.057287 0.749604 -0.303242
v -0.057718 0.749252 -0.303076
v -0.057190 0.750320 -0.302638
v -0.057556 0.750444 -0.302069
v -0.048611 0.749802 -0.303404
v -0.048977 0.749927 -0.302835
v -0.048274 0.752510 -0.301117
v -0.048613 0.752610 -0.300570
v -0.046565 0.752430 -0.301250
v -0.046176 0.752463 -0.300788
v -0.048874 0.735416 -0.315615
v -0.048472 0.735548 -0.315070
v -0.036728 0.734684 -0.316700
v -0.036668 0.734836 -0.316125
v -0.016211 0.739917 -0.313036
v -0.015705 0.740183 -0.312381
v -0.016893 0.732944 -0.318934
v -0.016465 0.732415 -0.318951
v -0.036772 0.731213 -0.319647
v -0.036340 0.730684 -0.319664
v -0.038086 0.721531 -0.327822
v -0.037616 0.721282 -0.327603
v -0.023056 0.706807 -0.340903
v -0.022863 0.706829 -0.340443
v -0.017538 0.706284 -0.341557
v -0.016575 0.706233 -0.341188
v -0.027409 0.701365 -0.345360
v -0.027808 0.700636 -0.345515
v -0.026915 0.705010 -0.342283
v -0.027254 0.704714 -0.342072
v -0.041897 0.721239 -0.327925
v -0.042060 0.720752 -0.327883
v -0.039874 0.705908 -0.341026
v -0.040160 0.705990 -0.340679
v -0.050955 0.722143 -0.326812
v -0.051116 0.722186 -0.326503
v -0.042064 0.710451 -0.337083
v -0.042185 0.710193 -0.337032
v -0.052659 0.710825 -0.336096
v -0.052457 0.711078 -0.336154
v -0.053615 0.709295 -0.337359
v -0.053732 0.709311 -0.337607
v -0.060410 0.716425 -0.331043
v -0.060598 0.716516 -0.331225
v -0.060116 0.718593 -0.329213
v -0.060289 0.718790 -0.329305
v -0.054099 0.722366 -0.326237
v -0.054354 0.722512 -0.326369
v -0.052387 0.734984 -0.315583
v -0.052641 0.735130 -0.315715
v -0.053946 0.747526 -0.304869
v -0.054188 0.747567 -0.305091
v -0.056830 0.749606 -0.302992
v -0.057092 0.749662 -0.303201
v -0.056799 0.749834 -0.302799
v -0.057023 0.750166 -0.302775
v -0.048220 0.749317 -0.303566
v -0.048445 0.749649 -0.303541
v -0.047856 0.751999 -0.301301
v -0.048064 0.752317 -0.301289
v -0.047076 0.751952 -0.301370
v -0.046863 0.752230 -0.301408
v -0.049404 0.734804 -0.315850
v -0.049183 0.735139 -0.315840
v -0.036792 0.734043 -0.316976
v -0.036768 0.734390 -0.316949
v -0.016655 0.739345 -0.313240
v -0.016371 0.739760 -0.313164
v -0.017266 0.733092 -0.318528
v -0.017028 0.733044 -0.318844
v -0.037155 0.731365 -0.319238
v -0.036914 0.731316 -0.319554
v -0.038504 0.721425 -0.327630
v -0.038242 0.721540 -0.327808
v -0.023331 0.706305 -0.341053
v -0.023228 0.706579 -0.341090
v -0.018986 0.705893 -0.341568
v -0.018430 0.706125 -0.341659
v -0.026781 0.702009 -0.344571
v -0.027028 0.701841 -0.344971
v -0.026376 0.704993 -0.342052
v -0.026588 0.705080 -0.342236
v -0.041566 0.721610 -0.327357
v -0.041674 0.721583 -0.327641
v -0.049112 0.723005 -0.324183
v -0.049726 0.723135 -0.324677
v -0.048434 0.732657 -0.316637
v -0.047878 0.732100 -0.316504
v -0.047493 0.732076 -0.316539
v -0.047734 0.732615 -0.316700
v -0.041060 0.732212 -0.317296
v -0.041639 0.731723 -0.317062
v -0.041763 0.730806 -0.317836
v -0.041214 0.731082 -0.318250
v -0.042353 0.722690 -0.325336
v -0.042873 0.722628 -0.324741
v -0.043303 0.722654 -0.324702
v -0.043102 0.722735 -0.325269
v -0.049026 0.723093 -0.324739
v -0.048727 0.722982 -0.324218
v -0.052788 0.719835 -0.327363
v -0.053083 0.719258 -0.327339
v -0.053865 0.711895 -0.334068
v -0.054077 0.711936 -0.333522
v -0.054211 0.711721 -0.333699
v -0.054125 0.711479 -0.334411
v -0.058152 0.715857 -0.330035
v -0.058503 0.716073 -0.330342
v -0.058001 0.716968 -0.329097
v -0.058331 0.717346 -0.329267
v -0.054238 0.719328 -0.327236
v -0.054223 0.719922 -0.327235
v 0.091140 0.740423 -0.307174
v 0.087866 0.737620 -0.309829
v 0.087866 0.737620 -0.309829
v 0.059266 0.745357 -0.306036
v 0.060983 0.745754 -0.305543
v 0.061872 0.747228 -0.304224
v 0.079449 0.735582 -0.312327
v 0.060619 0.714668 -0.331615
v 0.060619 0.714668 -0.331615
v 0.061205 0.705195 -0.339495
v 0.061205 0.705195 -0.339495
v 0.045953 0.712053 -0.335183
v 0.058640 0.715890 -0.330777
v 0.072666 0.737164 -0.311640
v 0.057724 0.713444 -0.332912
v 0.057724 0.713444 -0.332912
v 0.058078 0.707724 -0.337670
v 0.058078 0.707724 -0.337670
v 0.048867 0.711865 -0.335067
v 0.056529 0.714182 -0.332406
v 0.057501 0.711460 -0.330542
v 0.056306 0.712198 -0.330037
v 0.048644 0.709881 -0.332697
v 0.057855 0.705739 -0.335301
v 0.057482 0.716862 -0.330072
v 0.057259 0.714877 -0.327703
v 0.071592 0.736617 -0.308146
v 0.071815 0.738601 -0.310516
v 0.042386 0.712297 -0.335314
v 0.042163 0.710312 -0.332945
v 0.062901 0.703072 -0.341113
v 0.062678 0.701088 -0.338744
v 0.062208 0.714257 -0.331809
v 0.061986 0.712273 -0.329440
v 0.081991 0.736229 -0.311547
v 0.081768 0.734244 -0.309177
v 0.059827 0.746767 -0.304803
v 0.059605 0.744782 -0.302433
v 0.060755 0.746690 -0.300727
v 0.060977 0.748675 -0.303096
v 0.054213 0.745470 -0.306417
v 0.053990 0.743485 -0.304047
v 0.088401 0.736221 -0.310951
v 0.088178 0.734236 -0.308582
v 0.093985 0.741001 -0.306422
v 0.093762 0.739017 -0.304053
v 0.058020 0.717200 -0.331212
v 0.058020 0.717200 -0.331212
v 0.057518 0.717187 -0.330460
v 0.071851 0.738926 -0.310903
v 0.072231 0.738756 -0.311821
v 0.072231 0.738756 -0.311821
v 0.043874 0.712922 -0.336124
v 0.043874 0.712922 -0.336124
v 0.042422 0.712622 -0.335702
v 0.062313 0.704631 -0.341336
v 0.062313 0.704631 -0.341336
v 0.062937 0.703397 -0.341501
v 0.061662 0.715141 -0.332594
v 0.081069 0.736695 -0.312716
v 0.081069 0.736695 -0.312716
v 0.082027 0.736554 -0.311934
v 0.060364 0.747089 -0.305956
v 0.060364 0.747089 -0.305956
v 0.059864 0.747092 -0.305190
v 0.061014 0.749000 -0.303484
v 0.061411 0.748826 -0.304403
v 0.061411 0.748826 -0.304403
v 0.056287 0.746147 -0.307128
v 0.054249 0.745795 -0.306804
v 0.088438 0.736546 -0.311339
v 0.092944 0.741495 -0.307580
v 0.094021 0.741326 -0.306810
v 0.058697 0.716399 -0.331386
v 0.058477 0.716816 -0.331490
v 0.072567 0.738188 -0.312265
v 0.072723 0.737673 -0.312248
v 0.046010 0.712563 -0.335792
v 0.045282 0.712826 -0.336072
v 0.061262 0.705704 -0.340103
v 0.061644 0.705469 -0.340697
v 0.061644 0.705469 -0.340697
v 0.060676 0.715178 -0.332223
v 0.061035 0.715303 -0.332517
v 0.061035 0.715303 -0.332517
v 0.079506 0.736092 -0.312936
v 0.080066 0.736440 -0.313024
v 0.061040 0.746263 -0.306151
v 0.060820 0.746689 -0.306248
v 0.061764 0.748255 -0.304848
v 0.061929 0.747738 -0.304833
v 0.059324 0.745867 -0.306645
v 0.058282 0.746103 -0.306978
v 0.087923 0.738130 -0.310438
v 0.088060 0.738047 -0.310927
v 0.088060 0.738047 -0.310927
v 0.091198 0.740933 -0.307782
v 0.091821 0.741267 -0.307877
v 0.196666 0.745569 -0.282293
v 0.197314 0.729745 -0.296139
v 0.197314 0.729745 -0.296139
v 0.171949 0.730343 -0.301453
v 0.171949 0.730343 -0.301453
v 0.143195 0.753402 -0.287683
v 0.143195 0.753402 -0.287683
v 0.136145 0.755112 -0.287795
v 0.142794 0.759921 -0.282010
v 0.146541 0.759064 -0.281904
v 0.146541 0.759064 -0.281904
v 0.145832 0.755604 -0.285128
v 0.145832 0.755604 -0.285128
v 0.173337 0.733238 -0.298573
v 0.147220 0.755816 -0.284620
v 0.146681 0.753747 -0.282281
v 0.172834 0.732480 -0.295066
v 0.173373 0.734549 -0.297405
v 0.148021 0.759724 -0.280980
v 0.147482 0.757655 -0.278640
v 0.142300 0.761032 -0.281141
v 0.141761 0.758963 -0.278802
v 0.133587 0.754732 -0.288720
v 0.133049 0.752662 -0.286381
v 0.142605 0.752544 -0.288578
v 0.142066 0.750475 -0.286239
v 0.171517 0.729359 -0.302423
v 0.170978 0.727290 -0.300084
v 0.198649 0.728720 -0.296738
v 0.198110 0.726651 -0.294399
v 0.197879 0.747504 -0.280303
v 0.197340 0.745435 -0.277963
v 0.146931 0.756581 -0.285760
v 0.146931 0.756581 -0.285760
v 0.147358 0.756344 -0.285217
v 0.173511 0.735077 -0.298002
v 0.173580 0.734911 -0.298786
v 0.173580 0.734911 -0.298786
v 0.147698 0.760325 -0.282272
v 0.147698 0.760325 -0.282272
v 0.148158 0.760252 -0.281576
v 0.142701 0.761468 -0.282413
v 0.142701 0.761468 -0.282413
v 0.142438 0.761560 -0.281738
v 0.134745 0.755714 -0.289334
v 0.133725 0.755259 -0.289317
v 0.171895 0.730563 -0.303021
v 0.171654 0.729887 -0.303020
v 0.198379 0.729939 -0.297472
v 0.198786 0.729247 -0.297335
v 0.197654 0.747637 -0.281985
v 0.197654 0.747637 -0.281985
v 0.198017 0.748031 -0.280899
v 0.145986 0.756194 -0.285795
v 0.146461 0.756509 -0.285932
v 0.146461 0.756509 -0.285932
v 0.173568 0.734467 -0.299182
v 0.173491 0.733827 -0.299240
v 0.146695 0.759654 -0.282571
v 0.147196 0.760102 -0.282585
v 0.142948 0.760510 -0.282676
v 0.136298 0.755702 -0.288461
v 0.135611 0.755843 -0.289020
v 0.143348 0.753991 -0.288350
v 0.143240 0.753992 -0.288900
v 0.143240 0.753992 -0.288900
v 0.172103 0.730933 -0.302120
v 0.172041 0.730896 -0.302692
v 0.172041 0.730896 -0.302692
v 0.197468 0.730335 -0.296805
v 0.197927 0.730286 -0.297268
v 0.197927 0.730286 -0.297268
v 0.196819 0.746159 -0.282960
v 0.197243 0.746982 -0.282660
v 0.194903 0.741852 -0.285986
v 0.194429 0.740612 -0.286083
v 0.195342 0.731136 -0.295363
v 0.195342 0.731136 -0.295363
v 0.194828 0.730866 -0.294611
v 0.178165 0.731541 -0.298962
v 0.178165 0.731541 -0.298962
v 0.179206 0.731234 -0.297884
v 0.194029 0.739077 -0.284348
v 0.179661 0.731483 -0.294375
v 0.178806 0.729700 -0.296149
v 0.194428 0.729332 -0.292876
v 0.267103 0.793335 -0.211049
v 0.267894 0.796837 -0.207125
v 0.267894 0.796837 -0.207125
v 0.271621 0.792565 -0.210165
v 0.285676 0.783410 -0.214417
v 0.295190 0.780167 -0.214234
v 0.295190 0.780167 -0.214234
v 0.288233 0.776482 -0.220644
v 0.288233 0.776482 -0.220644
v 0.280720 0.784054 -0.215596
v 0.280720 0.784054 -0.215596
v 0.265912 0.778216 -0.227164
v 0.260180 0.778222 -0.229293
v 0.255195 0.779343 -0.229988
v 0.248194 0.782255 -0.229578
v 0.236557 0.788597 -0.227341
v 0.233061 0.790525 -0.226645
v 0.233061 0.790525 -0.226645
v 0.225445 0.783943 -0.236304
v 0.225445 0.783943 -0.236304
v 0.231018 0.777530 -0.240874
v 0.239473 0.778402 -0.236821
v 0.242520 0.774013 -0.240234
v 0.242520 0.774013 -0.240234
v 0.236687 0.776448 -0.239884
v 0.236687 0.776448 -0.239884
v 0.230566 0.775161 -0.243498
v 0.230566 0.775161 -0.243498
v 0.221369 0.782702 -0.239109
v 0.231278 0.793806 -0.223909
v 0.237555 0.790592 -0.224901
v 0.249079 0.783660 -0.227793
v 0.255092 0.781541 -0.227748
v 0.277347 0.785792 -0.215052
v 0.268670 0.793625 -0.210165
v 0.268670 0.793625 -0.210165
v 0.268170 0.790934 -0.213141
v 0.268170 0.790934 -0.213141
v 0.265194 0.792469 -0.212659
v 0.230413 0.774190 -0.244562
v 0.229602 0.771933 -0.242384
v 0.219112 0.780533 -0.237378
v 0.219924 0.782791 -0.239556
v 0.269509 0.791706 -0.211842
v 0.268698 0.789449 -0.209664
v 0.268297 0.787288 -0.212053
v 0.269108 0.789546 -0.214230
v 0.244982 0.772122 -0.241277
v 0.244171 0.769865 -0.239099
v 0.235996 0.773277 -0.238609
v 0.236808 0.775534 -0.240786
v 0.288176 0.775291 -0.221901
v 0.287364 0.773034 -0.219723
v 0.279772 0.780686 -0.214621
v 0.280583 0.782943 -0.216799
v 0.274838 0.783905 -0.213122
v 0.275650 0.786162 -0.215300
v 0.296678 0.777967 -0.211140
v 0.297489 0.780224 -0.213318
v 0.231410 0.778457 -0.239768
v 0.230598 0.776200 -0.237590
v 0.239160 0.777082 -0.233486
v 0.239972 0.779339 -0.235664
v 0.267181 0.799028 -0.205120
v 0.266369 0.796771 -0.202942
v 0.233439 0.789394 -0.227676
v 0.232628 0.787137 -0.225499
v 0.226041 0.781444 -0.233852
v 0.226852 0.783702 -0.236030
v 0.263126 0.792631 -0.213261
v 0.262315 0.790374 -0.211083
v 0.265222 0.791694 -0.208631
v 0.266034 0.793952 -0.210809
v 0.229973 0.792704 -0.220718
v 0.230785 0.794961 -0.222895
v 0.264127 0.793461 -0.213914
v 0.264127 0.793461 -0.213914
v 0.263345 0.793242 -0.213850
v 0.266253 0.794562 -0.211398
v 0.266705 0.794631 -0.211741
v 0.266705 0.794631 -0.211741
v 0.267400 0.799639 -0.205709
v 0.267734 0.799187 -0.206635
v 0.267734 0.799187 -0.206635
v 0.272471 0.793757 -0.210498
v 0.286293 0.784754 -0.214680
v 0.297709 0.780835 -0.213907
v 0.297047 0.781088 -0.214473
v 0.288395 0.775901 -0.222490
v 0.288512 0.776568 -0.222338
v 0.280802 0.783554 -0.217388
v 0.280946 0.784193 -0.217253
v 0.255373 0.779707 -0.231431
v 0.248221 0.782682 -0.231012
v 0.236529 0.789054 -0.228764
v 0.233658 0.790005 -0.228266
v 0.233631 0.790651 -0.228188
v 0.227072 0.784312 -0.236619
v 0.226705 0.784665 -0.236973
v 0.231629 0.779067 -0.240357
v 0.231598 0.779034 -0.240986
v 0.231598 0.779034 -0.240986
v 0.240191 0.779950 -0.236253
v 0.240124 0.779913 -0.236899
v 0.240124 0.779913 -0.236899
v 0.245202 0.772733 -0.241866
v 0.244486 0.773630 -0.241785
v 0.244486 0.773630 -0.241785
v 0.237027 0.776145 -0.241376
v 0.237085 0.776719 -0.241341
v 0.230633 0.774801 -0.245151
v 0.230781 0.775394 -0.245062
v 0.220143 0.783401 -0.240145
v 0.220719 0.783645 -0.240260
v 0.220719 0.783645 -0.240260
v 0.231004 0.795572 -0.223485
v 0.231265 0.795462 -0.224083
v 0.231265 0.795462 -0.224083
v 0.238224 0.791900 -0.225183
v 0.249682 0.785007 -0.228058
v 0.255531 0.782947 -0.228014
v 0.260540 0.781697 -0.227443
v 0.260540 0.781697 -0.227443
v 0.264851 0.782112 -0.225407
v 0.275869 0.786773 -0.215889
v 0.276528 0.786923 -0.216070
v 0.276528 0.786923 -0.216070
v 0.269729 0.792317 -0.212431
v 0.269549 0.793224 -0.212140
v 0.269328 0.790156 -0.214820
v 0.269116 0.790888 -0.214723
v 0.265409 0.793066 -0.213235
v 0.264793 0.793408 -0.213720
v 0.267318 0.793932 -0.211625
v 0.267964 0.798482 -0.207281
v 0.268109 0.797434 -0.207701
v 0.272215 0.793609 -0.210748
v 0.286149 0.784533 -0.214964
v 0.296306 0.781070 -0.214768
v 0.296306 0.781070 -0.214768
v 0.295404 0.780764 -0.214809
v 0.288531 0.776952 -0.221933
v 0.288531 0.776952 -0.221933
v 0.288448 0.777079 -0.221220
v 0.280990 0.784551 -0.216866
v 0.280990 0.784551 -0.216866
v 0.280935 0.784651 -0.216172
v 0.266412 0.778804 -0.228254
v 0.266412 0.778804 -0.228254
v 0.260538 0.778810 -0.230436
v 0.255440 0.779957 -0.231147
v 0.248361 0.782902 -0.230732
v 0.236695 0.789259 -0.228489
v 0.233510 0.791015 -0.227856
v 0.233510 0.791015 -0.227856
v 0.233275 0.791122 -0.227221
v 0.226252 0.784743 -0.237061
v 0.226252 0.784743 -0.237061
v 0.225660 0.784540 -0.236880
v 0.231471 0.778735 -0.241342
v 0.231232 0.778127 -0.241450
v 0.239964 0.779611 -0.237271
v 0.239688 0.778998 -0.237397
v 0.243693 0.774240 -0.241449
v 0.243693 0.774240 -0.241449
v 0.242735 0.774610 -0.240810
v 0.237047 0.777014 -0.241050
v 0.237047 0.777014 -0.241050
v 0.236902 0.777044 -0.240460
v 0.230831 0.775707 -0.244720
v 0.230831 0.775707 -0.244720
v 0.230781 0.775758 -0.244074
v 0.221185 0.783616 -0.240116
v 0.221584 0.783299 -0.239685
v 0.231424 0.795090 -0.224409
v 0.231493 0.794403 -0.224485
v 0.238055 0.791696 -0.225457
v 0.249544 0.784784 -0.228340
v 0.255473 0.782695 -0.228296
v 0.277075 0.786804 -0.215990
v 0.277562 0.786389 -0.215628
v 0.269279 0.793842 -0.211600
v 0.269279 0.793842 -0.211600
v 0.268884 0.794222 -0.210741
v 0.268814 0.791335 -0.214372
v 0.268814 0.791335 -0.214372
v 0.268385 0.791531 -0.213717
v 0.338433 0.838550 -0.121643
v 0.338433 0.838550 -0.121643
v 0.337877 0.833270 -0.128829
v 0.337877 0.833270 -0.128829
v 0.332294 0.836536 -0.127493
v 0.332294 0.836536 -0.127493
v 0.315348 0.839811 -0.132107
v 0.315348 0.839811 -0.132107
v 0.313257 0.829021 -0.147293
v 0.313257 0.829021 -0.147293
v 0.317688 0.827281 -0.147239
v 0.317688 0.827281 -0.147239
v 0.314535 0.827023 -0.149230
v 0.314535 0.827023 -0.149230
v 0.307636 0.829101 -0.150136
v 0.307636 0.829101 -0.150136
v 0.303970 0.828209 -0.153224
v 0.303970 0.828209 -0.153224
v 0.303410 0.828839 -0.152696
v 0.303410 0.828839 -0.152696
v 0.307697 0.829707 -0.149313
v 0.310073 0.841859 -0.132201
v 0.291611 0.850662 -0.130392
v 0.291611 0.850662 -0.130392
v 0.286405 0.850834 -0.132899
v 0.290523 0.856721 -0.123052
v 0.292131 0.852996 -0.127072
v 0.292131 0.852996 -0.127072
v 0.312568 0.842640 -0.129872
v 0.332202 0.838157 -0.125425
v 0.303335 0.837305 -0.141681
v 0.303335 0.837305 -0.141681
v 0.303751 0.839329 -0.138820
v 0.303751 0.839329 -0.138820
v 0.300621 0.840371 -0.139102
v 0.292951 0.837591 -0.146755
v 0.295740 0.834830 -0.148898
v 0.295740 0.834830 -0.148898
v 0.288572 0.836495 -0.150484
v 0.288572 0.836495 -0.150484
v 0.291928 0.833377 -0.152794
v 0.291928 0.833377 -0.152794
v 0.290164 0.828856 -0.159623
v 0.290164 0.828856 -0.159623
v 0.281025 0.837943 -0.152552
v 0.281025 0.837943 -0.152552
v 0.304179 0.836811 -0.141883
v 0.303180 0.834325 -0.139979
v 0.294664 0.831550 -0.148070
v 0.295663 0.834036 -0.149974
v 0.338678 0.832159 -0.129858
v 0.337679 0.829673 -0.127954
v 0.331117 0.833512 -0.126384
v 0.332116 0.835998 -0.128288
v 0.291609 0.850060 -0.131179
v 0.290610 0.847574 -0.129275
v 0.283896 0.847795 -0.132509
v 0.284895 0.850281 -0.134413
v 0.290724 0.835451 -0.145044
v 0.291723 0.837937 -0.146948
v 0.306858 0.830237 -0.149062
v 0.305859 0.827751 -0.147158
v 0.308103 0.839232 -0.130989
v 0.309102 0.841718 -0.132894
v 0.300308 0.841049 -0.138380
v 0.299309 0.838563 -0.136476
v 0.303748 0.837085 -0.136077
v 0.304747 0.839571 -0.137981
v 0.303793 0.827445 -0.154315
v 0.302794 0.824958 -0.152411
v 0.301157 0.826798 -0.150868
v 0.302156 0.829284 -0.152772
v 0.314724 0.826395 -0.149951
v 0.313725 0.823909 -0.148047
v 0.306914 0.825961 -0.148941
v 0.307912 0.828447 -0.150845
v 0.279225 0.838861 -0.152298
v 0.278226 0.836375 -0.150394
v 0.287922 0.834514 -0.147737
v 0.288921 0.837000 -0.149642
v 0.314237 0.829218 -0.146520
v 0.313239 0.826732 -0.144616
v 0.319273 0.824364 -0.144543
v 0.320272 0.826850 -0.146447
v 0.292857 0.853241 -0.126371
v 0.291858 0.850755 -0.124467
v 0.292903 0.833300 -0.152383
v 0.291904 0.830814 -0.150479
v 0.289644 0.825020 -0.159229
v 0.290643 0.827506 -0.161133
v 0.315151 0.836598 -0.130731
v 0.316149 0.839084 -0.132636
v 0.289610 0.855964 -0.118846
v 0.290608 0.858450 -0.120751
v 0.339425 0.839248 -0.120211
v 0.338426 0.836762 -0.118307
v 0.280457 0.839393 -0.153155
v 0.280457 0.839393 -0.153155
v 0.279478 0.839492 -0.152781
v 0.289174 0.837630 -0.150125
v 0.289144 0.837726 -0.150775
v 0.289144 0.837726 -0.150775
v 0.290805 0.829103 -0.161161
v 0.290897 0.828137 -0.161616
v 0.292832 0.834300 -0.153314
v 0.293156 0.833931 -0.152866
v 0.295916 0.834666 -0.150458
v 0.296086 0.835372 -0.150207
v 0.304433 0.837442 -0.142366
v 0.291976 0.838568 -0.147431
v 0.292687 0.838738 -0.147595
v 0.292687 0.838738 -0.147595
v 0.300562 0.841680 -0.138863
v 0.300842 0.841694 -0.139457
v 0.300842 0.841694 -0.139457
v 0.305001 0.840202 -0.138464
v 0.304667 0.840421 -0.139113
v 0.339678 0.839878 -0.120694
v 0.339346 0.839883 -0.121622
v 0.332469 0.839450 -0.125795
v 0.313037 0.843887 -0.130197
v 0.292903 0.854090 -0.127438
v 0.293110 0.853872 -0.126854
v 0.290955 0.858601 -0.122569
v 0.290862 0.859080 -0.121233
v 0.285992 0.851504 -0.134440
v 0.285992 0.851504 -0.134440
v 0.285149 0.850912 -0.134896
v 0.291997 0.851306 -0.131548
v 0.291997 0.851306 -0.131548
v 0.291862 0.850691 -0.131662
v 0.309945 0.842748 -0.133306
v 0.309945 0.842748 -0.133306
v 0.309356 0.842349 -0.133377
v 0.307639 0.830951 -0.149918
v 0.307639 0.830951 -0.149918
v 0.307111 0.830867 -0.149545
v 0.303132 0.830038 -0.153474
v 0.303132 0.830038 -0.153474
v 0.302409 0.829915 -0.153255
v 0.304263 0.828767 -0.154541
v 0.304046 0.828075 -0.154798
v 0.308170 0.829718 -0.151250
v 0.308166 0.829078 -0.151328
v 0.315022 0.827653 -0.150350
v 0.319445 0.828016 -0.147557
v 0.319445 0.828016 -0.147557
v 0.320525 0.827480 -0.146930
v 0.314164 0.830089 -0.147621
v 0.314491 0.829849 -0.147003
v 0.316160 0.840389 -0.133125
v 0.316403 0.839715 -0.133119
v 0.332587 0.837214 -0.128653
v 0.338689 0.833644 -0.130113
v 0.338931 0.832790 -0.130342
v 0.281300 0.838628 -0.153076
v 0.280703 0.839268 -0.153190
v 0.280703 0.839268 -0.153190
v 0.289097 0.837657 -0.150890
v 0.289097 0.837657 -0.150890
v 0.288847 0.837179 -0.151008
v 0.290439 0.829540 -0.160147
v 0.290740 0.829288 -0.160955
v 0.290740 0.829288 -0.160955
v 0.292203 0.834061 -0.153319
v 0.292699 0.834310 -0.153370
v 0.292699 0.834310 -0.153370
v 0.296097 0.835480 -0.150060
v 0.296097 0.835480 -0.150060
v 0.296015 0.835514 -0.149422
v 0.303610 0.837989 -0.142205
v 0.304054 0.838074 -0.142499
v 0.304054 0.838074 -0.142499
v 0.292854 0.838691 -0.147569
v 0.293226 0.838275 -0.147280
v 0.300885 0.841602 -0.139555
v 0.300896 0.841056 -0.139626
v 0.304531 0.840388 -0.139228
v 0.304531 0.840388 -0.139228
v 0.304026 0.840013 -0.139344
v 0.332500 0.839365 -0.125890
v 0.339211 0.839788 -0.121817
v 0.339211 0.839788 -0.121817
v 0.338708 0.839234 -0.122167
v 0.313016 0.843814 -0.130303
v 0.292405 0.853681 -0.127596
v 0.292804 0.854056 -0.127534
v 0.292804 0.854056 -0.127534
v 0.290798 0.857405 -0.123577
v 0.290944 0.858365 -0.122884
v 0.286680 0.851518 -0.133423
v 0.286198 0.851579 -0.134233
v 0.291886 0.851347 -0.130916
v 0.291997 0.851388 -0.131440
v 0.291997 0.851388 -0.131440
v 0.310348 0.842543 -0.132725
v 0.310078 0.842767 -0.133212
v 0.307972 0.830391 -0.149837
v 0.303685 0.829523 -0.153220
v 0.303303 0.829978 -0.153464
v 0.304245 0.828893 -0.153748
v 0.304287 0.828871 -0.154392
v 0.304287 0.828871 -0.154392
v 0.307911 0.829786 -0.150660
v 0.308132 0.829807 -0.151153
v 0.308132 0.829807 -0.151153
v 0.314810 0.827707 -0.149754
v 0.314997 0.827739 -0.150252
v 0.314997 0.827739 -0.150252
v 0.317963 0.827966 -0.147763
v 0.319093 0.828075 -0.147665
v 0.319093 0.828075 -0.147665
v 0.313532 0.829705 -0.147817
v 0.314030 0.830062 -0.147726
v 0.314030 0.830062 -0.147726
v 0.315623 0.840495 -0.132631
v 0.316051 0.840488 -0.133053
v 0.316051 0.840488 -0.133053
v 0.332611 0.837288 -0.128544
v 0.338152 0.833954 -0.129353
v 0.338579 0.833796 -0.129972
v 0.338579 0.833796 -0.129972
v 0.349086 0.891564 -0.036073
v 0.349086 0.891564 -0.036073
v 0.354786 0.889302 -0.035951
v 0.354786 0.889302 -0.035951
v 0.361835 0.889652 -0.030720
v 0.361835 0.889652 -0.030720
v 0.363154 0.884987 -0.037377
v 0.363154 0.884987 -0.037377
v 0.354589 0.888371 -0.037583
v 0.354589 0.888371 -0.037583
v 0.336686 0.884197 -0.056170
v 0.336686 0.884197 -0.056170
v 0.345128 0.879427 -0.058281
v 0.345128 0.879427 -0.058281
v 0.363457 0.876091 -0.051535
v 0.363457 0.876091 -0.051535
v 0.357967 0.871051 -0.063303
v 0.357967 0.871051 -0.063303
v 0.314035 0.893976 -0.055379
v 0.314035 0.893976 -0.055379
v 0.307312 0.886885 -0.071275
v 0.307312 0.886885 -0.071275
v 0.307888 0.884449 -0.074824
v 0.307888 0.884449 -0.074824
v 0.301074 0.888023 -0.073566
v 0.301074 0.888023 -0.073566
v 0.304923 0.888121 -0.070860
v 0.310313 0.898212 -0.051005
v 0.333656 0.885919 -0.055396
v 0.333656 0.885919 -0.055396
v 0.364767 0.883604 -0.038540
v 0.363667 0.880921 -0.036878
v 0.309417 0.899477 -0.049556
v 0.308317 0.896794 -0.047894
v 0.302687 0.886256 -0.068630
v 0.303787 0.888939 -0.070292
v 0.298094 0.888794 -0.074294
v 0.296993 0.886111 -0.072632
v 0.308411 0.880122 -0.074740
v 0.309511 0.882805 -0.076403
v 0.308664 0.886389 -0.071180
v 0.307564 0.883706 -0.069517
v 0.313652 0.890127 -0.055123
v 0.314752 0.892811 -0.056785
v 0.358638 0.869910 -0.064701
v 0.357538 0.867227 -0.063038
v 0.364634 0.873742 -0.047826
v 0.365735 0.876425 -0.049488
v 0.345299 0.880145 -0.057010
v 0.344199 0.877461 -0.055348
v 0.337872 0.881036 -0.053766
v 0.338972 0.883719 -0.055428
v 0.355013 0.887459 -0.038775
v 0.353913 0.884776 -0.037113
v 0.333270 0.886916 -0.054042
v 0.332170 0.884233 -0.052380
v 0.349118 0.893227 -0.035825
v 0.349118 0.893227 -0.035825
v 0.348843 0.893180 -0.035294
v 0.354795 0.890818 -0.035167
v 0.354999 0.890893 -0.035700
v 0.354999 0.890893 -0.035700
v 0.363073 0.891229 -0.029024
v 0.362930 0.891287 -0.029815
v 0.365040 0.884270 -0.038953
v 0.364715 0.884976 -0.038820
v 0.355286 0.888125 -0.039188
v 0.355296 0.888698 -0.039047
v 0.355296 0.888698 -0.039047
v 0.339246 0.884385 -0.055841
v 0.338730 0.884836 -0.056246
v 0.338730 0.884836 -0.056246
v 0.345572 0.880811 -0.057423
v 0.345653 0.880924 -0.057977
v 0.345653 0.880924 -0.057977
v 0.366008 0.877091 -0.049901
v 0.365494 0.877312 -0.050674
v 0.358911 0.870576 -0.065113
v 0.358851 0.871213 -0.064914
v 0.315025 0.893477 -0.057198
v 0.314952 0.894121 -0.056997
v 0.309785 0.883472 -0.076815
v 0.309456 0.884251 -0.076565
v 0.298367 0.889460 -0.074707
v 0.299337 0.889558 -0.074697
v 0.299337 0.889558 -0.074697
v 0.304061 0.889605 -0.070705
v 0.304510 0.889690 -0.071060
v 0.304510 0.889690 -0.071060
v 0.309690 0.900144 -0.049969
v 0.310072 0.900102 -0.050573
v 0.310072 0.900102 -0.050573
v 0.333543 0.887582 -0.054455
v 0.333782 0.887616 -0.055033
v 0.333782 0.887616 -0.055033
v 0.354522 0.890151 -0.034754
v 0.348570 0.892514 -0.034881
v 0.362800 0.890563 -0.028611
v 0.349352 0.892213 -0.036474
v 0.349335 0.892828 -0.036326
v 0.349335 0.892828 -0.036326
v 0.355110 0.890536 -0.036203
v 0.355110 0.890536 -0.036203
v 0.355052 0.889950 -0.036353
v 0.362525 0.890905 -0.030701
v 0.362525 0.890905 -0.030701
v 0.362101 0.890301 -0.031122
v 0.364037 0.885557 -0.038332
v 0.364037 0.885557 -0.038332
v 0.363420 0.885635 -0.037779
v 0.355118 0.889081 -0.038546
v 0.355118 0.889081 -0.038546
v 0.354855 0.889020 -0.037985
v 0.337769 0.885036 -0.056558
v 0.337769 0.885036 -0.056558
v 0.336952 0.884846 -0.056572
v 0.345581 0.880622 -0.058511
v 0.345581 0.880622 -0.058511
v 0.345394 0.880076 -0.058683
v 0.364538 0.877172 -0.051533
v 0.364538 0.877172 -0.051533
v 0.363723 0.876740 -0.051937
v 0.358569 0.871693 -0.064327
v 0.358569 0.871693 -0.064327
v 0.358233 0.871700 -0.063705
v 0.314651 0.894611 -0.056406
v 0.314651 0.894611 -0.056406
v 0.314301 0.894625 -0.055781
v 0.308117 0.887719 -0.071855
v 0.308117 0.887719 -0.071855
v 0.307578 0.887533 -0.071677
v 0.308774 0.884942 -0.075902
v 0.308774 0.884942 -0.075902
v 0.308154 0.885098 -0.075226
v 0.300589 0.889234 -0.074391
v 0.300589 0.889234 -0.074391
v 0.301340 0.888672 -0.073968
v 0.304987 0.889346 -0.071299
v 0.305189 0.888770 -0.071262
v 0.310449 0.899570 -0.051182
v 0.310580 0.898861 -0.051407
v 0.333944 0.887198 -0.055601
v 0.333944 0.887198 -0.055601
v 0.333923 0.886568 -0.055798
v 0.348645 0.877455 -0.057725
v 0.347145 0.878669 -0.058170
v 0.347145 0.878669 -0.058170
v 0.361915 0.875980 -0.052733
v 0.361915 0.875980 -0.052733
v 0.360362 0.875322 -0.053412
v 0.357491 0.871919 -0.062216
v 0.357491 0.871919 -0.062216
v 0.356852 0.872100 -0.060935
v 0.347776 0.875335 -0.056411
v 0.359493 0.873203 -0.052099
v 0.355983 0.869981 -0.059622
v 0.331216 0.952862 0.069146
v 0.331216 0.952862 0.069146
v 0.333894 0.948325 0.061665
v 0.333894 0.948325 0.061665
v 0.329377 0.949959 0.061500
v 0.329377 0.949959 0.061500
v 0.313513 0.945601 0.039470
v 0.313513 0.945601 0.039470
v 0.338093 0.934647 0.035993
v 0.338093 0.934647 0.035993
v 0.341983 0.934762 0.039369
v 0.341983 0.934762 0.039369
v 0.344650 0.930238 0.031905
v 0.344650 0.930238 0.031905
v 0.309221 0.946318 0.037539
v 0.309221 0.946318 0.037539
v 0.298256 0.951022 0.038703
v 0.296848 0.951595 0.038787
v 0.299578 0.950354 0.038349
v 0.300762 0.949618 0.037739
v 0.301764 0.948841 0.036896
v 0.302545 0.948054 0.035853
v 0.303075 0.947287 0.034650
v 0.303334 0.946569 0.033333
v 0.303311 0.945928 0.031952
v 0.303008 0.945388 0.030562
v 0.302436 0.944970 0.029214
v 0.301617 0.944691 0.027962
v 0.300583 0.944560 0.026852
v 0.299374 0.944584 0.025928
v 0.298035 0.944761 0.025226
v 0.296618 0.945084 0.024772
v 0.295178 0.945541 0.024583
v 0.293771 0.946114 0.024667
v 0.292449 0.946781 0.025021
v 0.289019 0.951748 0.032809
v 0.289591 0.952165 0.034156
v 0.290409 0.952445 0.035409
v 0.291443 0.952575 0.036518
v 0.292653 0.952552 0.037442
v 0.293992 0.952375 0.038144
v 0.295409 0.952052 0.038599
v 0.297119 0.949778 0.035146
v 0.296425 0.950061 0.035188
v 0.297771 0.949449 0.034971
v 0.298355 0.949086 0.034671
v 0.298849 0.948703 0.034255
v 0.299235 0.948315 0.033741
v 0.299496 0.947936 0.033147
v 0.299624 0.947582 0.032498
v 0.299612 0.947266 0.031817
v 0.299463 0.946999 0.031131
v 0.299181 0.946793 0.030466
v 0.298777 0.946656 0.029849
v 0.298267 0.946591 0.029302
v 0.297670 0.946603 0.028846
v 0.297010 0.946690 0.028500
v 0.296312 0.946849 0.028276
v 0.295601 0.947075 0.028183
v 0.294907 0.947358 0.028224
v 0.294256 0.947687 0.028399
v 0.292564 0.950136 0.032239
v 0.292846 0.950342 0.032904
v 0.293250 0.950480 0.033521
v 0.293760 0.950544 0.034069
v 0.294356 0.950532 0.034524
v 0.295017 0.950445 0.034871
v 0.295715 0.950286 0.035095
v 0.337782 0.935528 0.037613
v 0.336670 0.932595 0.038993
v 0.341688 0.932743 0.043349
v 0.342800 0.935676 0.041968
v 0.345988 0.925447 0.031313
v 0.347100 0.928380 0.029932
v 0.305529 0.943811 0.037746
v 0.306640 0.946743 0.036366
v 0.330658 0.951287 0.073857
v 0.331769 0.954220 0.072476
v 0.335043 0.943860 0.061610
v 0.336154 0.946792 0.060229
v 0.328972 0.946056 0.061387
v 0.330083 0.948989 0.060007
v 0.315048 0.942230 0.042052
v 0.316159 0.945163 0.040672
v 0.331979 0.954806 0.070975
v 0.331983 0.954785 0.072210
v 0.336368 0.947357 0.059963
v 0.335838 0.948270 0.060199
v 0.330297 0.949553 0.059741
v 0.330246 0.950293 0.059994
v 0.330246 0.950293 0.059994
v 0.316373 0.945728 0.040406
v 0.315724 0.946303 0.039828
v 0.315724 0.946303 0.039828
v 0.337996 0.936092 0.037347
v 0.338259 0.936261 0.036640
v 0.338259 0.936261 0.036640
v 0.343014 0.936241 0.041702
v 0.342929 0.936399 0.040693
v 0.347314 0.928944 0.029666
v 0.346725 0.929958 0.030067
v 0.306854 0.947308 0.036100
v 0.307817 0.947617 0.036254
v 0.307817 0.947617 0.036254
v 0.298829 0.952237 0.038831
v 0.297301 0.952859 0.038922
v 0.300264 0.951512 0.038446
v 0.303367 0.945667 0.028529
v 0.302478 0.945364 0.027170
v 0.301355 0.945222 0.025965
v 0.300042 0.945248 0.024962
v 0.298589 0.945440 0.024200
v 0.297051 0.945790 0.023706
v 0.295488 0.946286 0.023502
v 0.293959 0.946909 0.023593
v 0.292525 0.947633 0.023978
v 0.291239 0.948433 0.024640
v 0.290151 0.949276 0.025555
v 0.289303 0.950130 0.026687
v 0.288728 0.950963 0.027993
v 0.288447 0.951743 0.029423
v 0.288471 0.952439 0.030922
v 0.288801 0.953025 0.032432
v 0.289421 0.953478 0.033895
v 0.290310 0.953782 0.035254
v 0.291433 0.953923 0.036459
v 0.292746 0.953898 0.037462
v 0.294200 0.953706 0.038224
v 0.295738 0.953355 0.038717
v 0.331439 0.953451 0.068868
v 0.331758 0.954263 0.069643
v 0.331758 0.954263 0.069643
v 0.334934 0.948883 0.060773
v 0.334934 0.948883 0.060773
v 0.334118 0.948914 0.061388
v 0.329964 0.950681 0.060591
v 0.329964 0.950681 0.060591
v 0.329600 0.950548 0.061222
v 0.314665 0.946478 0.039347
v 0.314665 0.946478 0.039347
v 0.313736 0.946190 0.039193
v 0.338383 0.935909 0.035992
v 0.338383 0.935909 0.035992
v 0.338317 0.935236 0.035716
v 0.342602 0.936033 0.039653
v 0.342602 0.936033 0.039653
v 0.342206 0.935351 0.039091
v 0.345744 0.930701 0.030857
v 0.345744 0.930701 0.030857
v 0.344873 0.930827 0.031628
v 0.308850 0.947447 0.036724
v 0.308850 0.947447 0.036724
v 0.309444 0.946907 0.037262
v 0.297272 0.952753 0.038673
v 0.298750 0.952151 0.038584
v 0.300139 0.951449 0.038213
v 0.301383 0.950676 0.037572
v 0.302436 0.949860 0.036686
v 0.303256 0.949033 0.035591
v 0.303813 0.948227 0.034327
v 0.304085 0.947473 0.032943
v 0.304061 0.946799 0.031493
v 0.303743 0.946232 0.030032
v 0.303142 0.945793 0.028616
v 0.302282 0.945500 0.027300
v 0.301195 0.945363 0.026135
v 0.299924 0.945388 0.025164
v 0.298518 0.945573 0.024426
v 0.297030 0.945913 0.023949
v 0.295517 0.946393 0.023751
v 0.294038 0.946995 0.023840
v 0.292650 0.947696 0.024211
v 0.289647 0.953352 0.033808
v 0.290507 0.953646 0.035124
v 0.291593 0.953783 0.036289
v 0.292864 0.953758 0.037260
v 0.294271 0.953572 0.037998
v 0.295759 0.953233 0.038475
v 0.242883 0.995015 0.101190
v 0.242883 0.995015 0.101190
v 0.255618 0.991251 0.101535
v 0.255618 0.991251 0.101535
v 0.266614 1.000433 0.136802
v 0.263295 1.004120 0.144327
v 0.271319 1.003404 0.149199
v 0.271319 1.003404 0.149199
v 0.269748 1.001142 0.141488
v 0.269748 1.001142 0.141488
v 0.281560 0.994597 0.133219
v 0.281560 0.994597 0.133219
v 0.298155 0.993906 0.145523
v 0.298155 0.993906 0.145523
v 0.299142 0.995517 0.150900
v 0.299142 0.995517 0.150900
v 0.306332 0.991408 0.145515
v 0.306332 0.991408 0.145515
v 0.306031 0.990797 0.143539
v 0.306031 0.990797 0.143539
v 0.301679 0.992036 0.143287
v 0.301679 0.992036 0.143287
v 0.281004 0.993271 0.129011
v 0.281004 0.993271 0.129011
v 0.275749 0.984000 0.098419
v 0.275749 0.984000 0.098419
v 0.264760 0.985050 0.091939
v 0.263731 0.987364 0.097565
v 0.274437 0.984853 0.099694
v 0.274437 0.984853 0.099694
v 0.279865 0.993860 0.129689
v 0.269924 0.999285 0.136417
v 0.256690 0.990281 0.099725
v 0.256690 0.990281 0.099725
v 0.245141 0.993635 0.099247
v 0.245141 0.993635 0.099247
v 0.244727 0.991706 0.093465
v 0.244727 0.991706 0.093465
v 0.241964 0.992495 0.093312
v 0.241964 0.992495 0.093312
v 0.281226 1.005750 0.164305
v 0.287112 1.004918 0.167019
v 0.287112 1.004918 0.167019
v 0.285518 1.003483 0.161612
v 0.240368 0.992452 0.091821
v 0.239526 0.989695 0.092802
v 0.240779 0.993130 0.103540
v 0.241621 0.995888 0.102560
v 0.254594 0.992053 0.102912
v 0.253752 0.989296 0.103892
v 0.264253 0.998064 0.137571
v 0.265095 1.000821 0.136591
v 0.282303 0.992611 0.128270
v 0.281461 0.989854 0.129250
v 0.276194 0.980562 0.098589
v 0.277035 0.983319 0.097609
v 0.246055 0.990828 0.092135
v 0.245213 0.988071 0.093116
v 0.307253 0.989951 0.142207
v 0.306411 0.987194 0.143188
v 0.301211 0.988674 0.142887
v 0.302052 0.991431 0.141907
v 0.257668 0.989498 0.098362
v 0.256826 0.986741 0.099342
v 0.245626 0.989994 0.098879
v 0.246467 0.992751 0.097899
v 0.298185 0.996721 0.153466
v 0.297344 0.993964 0.154446
v 0.307022 0.988434 0.147199
v 0.307863 0.991191 0.146219
v 0.278306 0.994076 0.128960
v 0.277465 0.991319 0.129940
v 0.269746 0.995532 0.135163
v 0.270587 0.998289 0.134183
v 0.281648 0.995190 0.134962
v 0.280807 0.992433 0.135942
v 0.296018 0.991799 0.147220
v 0.296859 0.994557 0.146240
v 0.273317 1.003787 0.151993
v 0.272476 1.001030 0.152973
v 0.270480 0.998155 0.143172
v 0.271322 1.000912 0.142192
v 0.262057 0.988257 0.098641
v 0.261216 0.985500 0.099621
v 0.272380 0.982882 0.101841
v 0.273222 0.985639 0.100861
v 0.278252 1.006702 0.164429
v 0.277411 1.003944 0.165409
v 0.288457 1.002384 0.170502
v 0.289298 1.005141 0.169522
v 0.260632 1.002088 0.145781
v 0.261474 1.004845 0.144801
v 0.262845 0.981838 0.090718
v 0.263687 0.984595 0.089737
v 0.286307 1.002447 0.159375
v 0.285466 0.999689 0.160355
v 0.288917 1.006176 0.168304
v 0.288917 1.006176 0.168304
v 0.289501 1.005806 0.169286
v 0.286510 1.003111 0.159138
v 0.286385 1.003896 0.159717
v 0.286385 1.003896 0.159717
v 0.279569 1.007496 0.163994
v 0.279569 1.007496 0.163994
v 0.278455 1.007366 0.164193
v 0.241231 0.993574 0.091918
v 0.241231 0.993574 0.091918
v 0.240571 0.993117 0.091585
v 0.241824 0.996552 0.102324
v 0.242375 0.996708 0.101715
v 0.242375 0.996708 0.101715
v 0.245956 0.992225 0.092179
v 0.245956 0.992225 0.092179
v 0.246258 0.991493 0.091899
v 0.246369 0.994150 0.097949
v 0.246369 0.994150 0.097949
v 0.246670 0.993416 0.097662
v 0.257684 0.990863 0.098417
v 0.257684 0.990863 0.098417
v 0.257870 0.990163 0.098126
v 0.270707 0.999725 0.134524
v 0.270707 0.999725 0.134524
v 0.270790 0.998954 0.133947
v 0.279157 0.995113 0.128806
v 0.279157 0.995113 0.128806
v 0.278509 0.994741 0.128724
v 0.273960 0.986488 0.100083
v 0.273960 0.986488 0.100083
v 0.273425 0.986304 0.100625
v 0.262946 0.989071 0.097893
v 0.262946 0.989071 0.097893
v 0.262260 0.988922 0.098405
v 0.264378 0.985852 0.090068
v 0.264378 0.985852 0.090068
v 0.263889 0.985260 0.089501
v 0.276950 0.984651 0.097482
v 0.276950 0.984651 0.097482
v 0.277238 0.983984 0.097373
v 0.282214 0.993936 0.128120
v 0.282214 0.993936 0.128120
v 0.282506 0.993276 0.128033
v 0.302268 0.992738 0.141967
v 0.302268 0.992738 0.141967
v 0.302255 0.992096 0.141670
v 0.307189 0.991338 0.142252
v 0.307189 0.991338 0.142252
v 0.307456 0.990616 0.141971
v 0.307698 0.992370 0.145593
v 0.308066 0.991856 0.145982
v 0.298838 0.997433 0.152227
v 0.298388 0.997386 0.153229
v 0.297624 0.995451 0.145610
v 0.297624 0.995451 0.145610
v 0.297062 0.995221 0.146003
v 0.281957 0.996103 0.133995
v 0.281851 0.995855 0.134726
v 0.271142 1.002095 0.141566
v 0.271525 1.001577 0.141956
v 0.272998 1.004769 0.150679
v 0.272998 1.004769 0.150679
v 0.273520 1.004452 0.151756
v 0.262411 1.005714 0.144251
v 0.262411 1.005714 0.144251
v 0.261676 1.005510 0.144565
v 0.265933 1.001801 0.136266
v 0.265933 1.001801 0.136266
v 0.265297 1.001486 0.136354
v 0.255269 0.992897 0.102065
v 0.255269 0.992897 0.102065
v 0.254797 0.992718 0.102676
v 0.287333 1.005644 0.166761
v 0.288071 1.006090 0.167335
v 0.288071 1.006090 0.167335
v 0.286080 1.004296 0.160583
v 0.285739 1.004208 0.161354
v 0.281447 1.006476 0.164047
v 0.280720 1.007128 0.163946
v 0.242186 0.993221 0.093054
v 0.241849 0.993591 0.092495
v 0.241849 0.993591 0.092495
v 0.242863 0.996371 0.101185
v 0.242863 0.996371 0.101185
v 0.243105 0.995741 0.100932
v 0.244949 0.992432 0.093207
v 0.245442 0.992565 0.092693
v 0.245442 0.992565 0.092693
v 0.245362 0.994361 0.098989
v 0.245855 0.994492 0.098470
v 0.245855 0.994492 0.098470
v 0.256911 0.991006 0.099467
v 0.257306 0.991166 0.098944
v 0.257306 0.991166 0.098944
v 0.270145 1.000011 0.136159
v 0.270450 1.000110 0.135389
v 0.280086 0.994585 0.129432
v 0.279761 0.995029 0.129088
v 0.274659 0.985579 0.099436
v 0.274430 0.986184 0.099631
v 0.274430 0.986184 0.099631
v 0.263952 0.988089 0.097307
v 0.263594 0.988725 0.097477
v 0.264982 0.985775 0.091681
v 0.264794 0.986029 0.090920
v 0.275970 0.984725 0.098161
v 0.276452 0.984914 0.097795
v 0.276452 0.984914 0.097795
v 0.281226 0.993997 0.128753
v 0.281711 0.994192 0.128407
v 0.281711 0.994192 0.128407
v 0.302123 0.992972 0.142502
v 0.306253 0.991523 0.143281
v 0.306716 0.991665 0.142767
v 0.306716 0.991665 0.142767
v 0.306554 0.992134 0.145257
v 0.307105 0.992454 0.145321
v 0.307105 0.992454 0.145321
v 0.299363 0.996242 0.150642
v 0.299208 0.996967 0.151235
v 0.299208 0.996967 0.151235
v 0.298377 0.994632 0.145265
v 0.298125 0.995199 0.145333
v 0.298125 0.995199 0.145333
v 0.281781 0.995323 0.132961
v 0.281923 0.995874 0.133320
v 0.281923 0.995874 0.133320
v 0.269970 1.001867 0.141230
v 0.270533 1.002184 0.141294
v 0.270533 1.002184 0.141294
v 0.271540 1.004129 0.148941
v 0.272224 1.004620 0.149598
v 0.272224 1.004620 0.149598
v 0.263517 1.004846 0.144069
v 0.263116 1.005434 0.144068
v 0.266835 1.001158 0.136544
v 0.266521 1.001651 0.136348
v 0.255839 0.991977 0.101277
v 0.255665 0.992587 0.101532
v 0.255665 0.992587 0.101532
v 0.158177 1.039161 0.182575
v 0.183058 1.038039 0.195949
v 0.183058 1.038039 0.195949
v 0.183475 1.039370 0.200990
v 0.183475 1.039370 0.200990
v 0.189604 1.036933 0.196574
v 0.189604 1.036933 0.196574
v 0.183419 1.037586 0.194585
v 0.169834 1.037336 0.184206
v 0.169834 1.037336 0.184206
v 0.181093 1.035042 0.183878
v 0.209624 1.033260 0.197446
v 0.209624 1.033260 0.197446
v 0.210222 1.034118 0.200924
v 0.210222 1.034118 0.200924
v 0.214173 1.032861 0.199197
v 0.214173 1.032861 0.199197
v 0.220410 1.032964 0.203922
v 0.220410 1.032964 0.203922
v 0.222256 1.030089 0.194950
v 0.222256 1.030089 0.194950
v 0.213819 1.031710 0.194842
v 0.213819 1.031710 0.194842
v 0.211298 1.031202 0.191267
v 0.207429 1.032339 0.192626
v 0.195306 1.032825 0.185893
v 0.195306 1.032825 0.185893
v 0.194323 1.031901 0.181907
v 0.189235 1.033404 0.183717
v 0.179596 1.034142 0.179621
v 0.195217 1.031254 0.180223
v 0.194695 1.028586 0.180970
v 0.188693 1.030359 0.183106
v 0.189215 1.033027 0.182358
v 0.173397 1.036965 0.185368
v 0.172875 1.034297 0.186115
v 0.192400 1.036272 0.196165
v 0.191878 1.033604 0.196912
v 0.207490 1.031939 0.191241
v 0.206968 1.029272 0.191988
v 0.195895 1.029715 0.185838
v 0.196417 1.032383 0.185091
v 0.181833 1.038489 0.196699
v 0.181311 1.035821 0.197447
v 0.181865 1.037584 0.204127
v 0.182387 1.040252 0.203379
v 0.214461 1.031233 0.193588
v 0.213939 1.028565 0.194335
v 0.211229 1.028019 0.190492
v 0.211751 1.030686 0.189744
v 0.221281 1.033415 0.206137
v 0.220759 1.030747 0.206885
v 0.223317 1.026764 0.194455
v 0.223839 1.029432 0.193708
v 0.209242 1.034824 0.202761
v 0.208720 1.032156 0.203509
v 0.213529 1.030627 0.201408
v 0.214051 1.033295 0.200660
v 0.179190 1.031087 0.179067
v 0.179712 1.033755 0.178320
v 0.207950 1.031050 0.199020
v 0.208472 1.033718 0.198273
v 0.154189 1.039735 0.181840
v 0.153667 1.037067 0.182588
v 0.179876 1.034972 0.178527
v 0.179876 1.034972 0.178527
v 0.179827 1.034340 0.178156
v 0.154304 1.040320 0.181676
v 0.155947 1.040579 0.181827
v 0.155947 1.040579 0.181827
v 0.189432 1.034240 0.182587
v 0.189432 1.034240 0.182587
v 0.189330 1.033612 0.182194
v 0.195078 1.032572 0.180578
v 0.195078 1.032572 0.180578
v 0.195331 1.031839 0.180059
v 0.196195 1.033622 0.185104
v 0.196195 1.033622 0.185104
v 0.196532 1.032968 0.184927
v 0.207676 1.033162 0.191480
v 0.207676 1.033162 0.191480
v 0.207605 1.032525 0.191077
v 0.211784 1.031954 0.190037
v 0.211784 1.031954 0.190037
v 0.211866 1.031272 0.189580
v 0.214420 1.032486 0.193776
v 0.214420 1.032486 0.193776
v 0.214576 1.031818 0.193424
v 0.223433 1.030754 0.193891
v 0.223433 1.030754 0.193891
v 0.223953 1.030017 0.193544
v 0.221152 1.034307 0.204978
v 0.221152 1.034307 0.204978
v 0.221396 1.034000 0.205973
v 0.214307 1.034193 0.199793
v 0.214165 1.033880 0.200496
v 0.209832 1.035617 0.201748
v 0.209357 1.035410 0.202597
v 0.209128 1.034607 0.197653
v 0.209128 1.034607 0.197653
v 0.208586 1.034303 0.198109
v 0.172222 1.038176 0.184617
v 0.173512 1.037550 0.185204
v 0.183975 1.038393 0.193597
v 0.191523 1.037596 0.196025
v 0.192515 1.036857 0.196001
v 0.183019 1.040976 0.202152
v 0.182502 1.040838 0.203215
v 0.182518 1.039381 0.196109
v 0.182518 1.039381 0.196109
v 0.181948 1.039074 0.196535
v 0.157224 1.040395 0.182062
v 0.158315 1.039866 0.182377
v 0.189373 1.034109 0.183520
v 0.189438 1.034361 0.183022
v 0.194461 1.032607 0.181709
v 0.194792 1.032779 0.181117
v 0.195444 1.033531 0.185695
v 0.195839 1.033763 0.185360
v 0.195839 1.033763 0.185360
v 0.207568 1.033045 0.192428
v 0.207656 1.033290 0.191924
v 0.211436 1.031908 0.191070
v 0.211639 1.032119 0.190525
v 0.213957 1.032416 0.194644
v 0.214215 1.032638 0.194178
v 0.222395 1.030795 0.194752
v 0.222926 1.030965 0.194289
v 0.220549 1.033670 0.203724
v 0.220873 1.034163 0.204269
v 0.220873 1.034163 0.204269
v 0.214311 1.033567 0.199000
v 0.214346 1.034055 0.199325
v 0.214346 1.034055 0.199325
v 0.210360 1.034824 0.200726
v 0.210145 1.035391 0.201160
v 0.210145 1.035391 0.201160
v 0.209762 1.033966 0.197248
v 0.209497 1.034461 0.197388
v 0.209497 1.034461 0.197388
v 0.181239 1.036225 0.183950
v 0.181239 1.036225 0.183950
v 0.169972 1.038042 0.184008
v 0.171081 1.038295 0.184245
v 0.171081 1.038295 0.184245
v 0.183793 1.038529 0.193958
v 0.189742 1.037639 0.196377
v 0.190628 1.037808 0.196156
v 0.190628 1.037808 0.196156
v 0.183614 1.040076 0.200792
v 0.183367 1.040694 0.201387
v 0.183367 1.040694 0.201387
v 0.183196 1.038745 0.195751
v 0.182910 1.039237 0.195868
v 0.182910 1.039237 0.195868
v 0.090455 1.051101 0.193602
v 0.092714 1.051555 0.196259
v 0.092714 1.051555 0.196259
v 0.095196 1.056849 0.220326
v 0.076197 1.059528 0.226654
v 0.076802 1.060820 0.232527
v 0.076802 1.060820 0.232527
v 0.064955 1.064361 0.244724
v 0.064955 1.064361 0.244724
v 0.067917 1.064549 0.246410
v 0.067917 1.064549 0.246410
v 0.071981 1.068216 0.263759
v 0.071981 1.068216 0.263759
v 0.068915 1.069090 0.266729
v 0.068915 1.069090 0.266729
v 0.069246 1.069795 0.269936
v 0.069246 1.069795 0.269936
v 0.071158 1.069634 0.269775
v 0.071158 1.069634 0.269775
v 0.070805 1.068880 0.266349
v 0.070805 1.068880 0.266349
v 0.080349 1.068072 0.265543
v 0.080349 1.068072 0.265543
v 0.074320 1.067409 0.260877
v 0.074320 1.067409 0.260877
v 0.070523 1.064328 0.246187
v 0.070523 1.064328 0.246187
v 0.078041 1.061992 0.238055
v 0.078041 1.061992 0.238055
v 0.083342 1.062412 0.241439
v 0.083342 1.062412 0.241439
v 0.097797 1.056924 0.221406
v 0.097797 1.056924 0.221406
v 0.095177 1.051337 0.196009
v 0.095177 1.051337 0.196009
v 0.097972 1.050456 0.192930
v 0.093836 1.056743 0.219466
v 0.093686 1.054456 0.219984
v 0.074687 1.057135 0.226312
v 0.074837 1.059422 0.225793
v 0.075441 1.067177 0.260177
v 0.075291 1.064890 0.260695
v 0.071766 1.062029 0.247058
v 0.071916 1.064316 0.246540
v 0.087952 1.051034 0.192581
v 0.087802 1.048747 0.193100
v 0.091343 1.049459 0.197264
v 0.091493 1.051746 0.196746
v 0.072193 1.069045 0.267476
v 0.072043 1.066758 0.267995
v 0.083476 1.065790 0.267028
v 0.083625 1.068077 0.266510
v 0.068113 1.070173 0.271276
v 0.067963 1.067886 0.271795
v 0.072396 1.067511 0.271420
v 0.072546 1.069798 0.270901
v 0.096493 1.051349 0.196438
v 0.096343 1.049062 0.196957
v 0.100908 1.047623 0.191928
v 0.101058 1.049910 0.191409
v 0.070590 1.068214 0.263351
v 0.070441 1.065927 0.263869
v 0.067445 1.066782 0.266771
v 0.067595 1.069068 0.266253
v 0.083685 1.062772 0.243127
v 0.083535 1.060485 0.243645
v 0.098954 1.054631 0.222275
v 0.099104 1.056917 0.221757
v 0.062931 1.064555 0.244996
v 0.062781 1.062268 0.245514
v 0.066657 1.062514 0.247720
v 0.066807 1.064801 0.247202
v 0.075334 1.058516 0.232591
v 0.075484 1.060803 0.232073
v 0.078118 1.060056 0.240187
v 0.078268 1.062343 0.239669
v 0.088788 1.051969 0.192690
v 0.088788 1.051969 0.192690
v 0.087987 1.051565 0.192461
v 0.091931 1.052602 0.196387
v 0.093871 1.057275 0.219345
v 0.094317 1.057691 0.219525
v 0.094317 1.057691 0.219525
v 0.074871 1.059954 0.225673
v 0.075318 1.060369 0.225853
v 0.075318 1.060369 0.225853
v 0.075519 1.061335 0.231952
v 0.075953 1.061723 0.232006
v 0.075953 1.061723 0.232006
v 0.062966 1.065087 0.244875
v 0.063618 1.065409 0.244704
v 0.063618 1.065409 0.244704
v 0.066842 1.065333 0.247081
v 0.067211 1.065638 0.246749
v 0.067211 1.065638 0.246749
v 0.070625 1.068746 0.263230
v 0.071082 1.069130 0.263270
v 0.071082 1.069130 0.263270
v 0.067630 1.069600 0.266132
v 0.068064 1.069990 0.266193
v 0.068064 1.069990 0.266193
v 0.068148 1.070705 0.271155
v 0.068524 1.070971 0.270653
v 0.072581 1.070330 0.270781
v 0.072176 1.070662 0.270345
v 0.072228 1.069577 0.267356
v 0.071823 1.069909 0.266920
v 0.083660 1.068609 0.266390
v 0.082670 1.068990 0.266003
v 0.075476 1.067709 0.260056
v 0.075153 1.068164 0.260186
v 0.075153 1.068164 0.260186
v 0.071951 1.064848 0.246419
v 0.071544 1.065235 0.246223
v 0.078303 1.062874 0.239548
v 0.078258 1.063149 0.238961
v 0.083720 1.063304 0.243006
v 0.083639 1.063575 0.242396
v 0.083639 1.063575 0.242396
v 0.099139 1.057449 0.221636
v 0.098759 1.057834 0.221441
v 0.098759 1.057834 0.221441
v 0.096528 1.051880 0.196318
v 0.096145 1.052260 0.196098
v 0.096145 1.052260 0.196098
v 0.101093 1.050441 0.191289
v 0.100161 1.050994 0.191673
v 0.100161 1.050994 0.191673
v 0.090488 1.051608 0.193487
v 0.089688 1.051994 0.193057
v 0.092370 1.052533 0.196212
v 0.092370 1.052533 0.196212
v 0.092747 1.052062 0.196144
v 0.094806 1.057729 0.219835
v 0.095229 1.057356 0.220212
v 0.075807 1.060408 0.226162
v 0.076230 1.060034 0.226539
v 0.076427 1.061729 0.232169
v 0.076836 1.061326 0.232412
v 0.064346 1.065340 0.244606
v 0.064988 1.064867 0.244609
v 0.067610 1.065547 0.246464
v 0.067610 1.065547 0.246464
v 0.067950 1.065055 0.246295
v 0.071582 1.069130 0.263417
v 0.072015 1.068722 0.263644
v 0.068539 1.069998 0.266364
v 0.068948 1.069596 0.266614
v 0.068931 1.070835 0.270172
v 0.068931 1.070835 0.270172
v 0.069279 1.070302 0.269821
v 0.071677 1.070603 0.269940
v 0.071677 1.070603 0.269940
v 0.071192 1.070140 0.269660
v 0.071324 1.069849 0.266514
v 0.071324 1.069849 0.266514
v 0.070838 1.069387 0.266234
v 0.081492 1.068989 0.265655
v 0.081492 1.068989 0.265655
v 0.080382 1.068579 0.265428
v 0.074750 1.068247 0.260438
v 0.074750 1.068247 0.260438
v 0.074353 1.067916 0.260762
v 0.071043 1.065239 0.246096
v 0.071043 1.065239 0.246096
v 0.070556 1.064834 0.246072
v 0.078176 1.063022 0.238381
v 0.078176 1.063022 0.238381
v 0.078074 1.062498 0.237940
v 0.083515 1.063445 0.241789
v 0.083515 1.063445 0.241789
v 0.083375 1.062918 0.241324
v 0.098289 1.057836 0.221315
v 0.098289 1.057836 0.221315
v 0.097830 1.057430 0.221291
v 0.095672 1.052256 0.195944
v 0.095672 1.052256 0.195944
v 0.095210 1.051844 0.195894
v 0.099052 1.051190 0.192220
v 0.098005 1.050963 0.192815
v 0.091014 1.057314 0.224268
v 0.078939 1.059602 0.227773
v 0.079409 1.058951 0.228133
v 0.079346 1.060470 0.231721
v 0.080535 1.060456 0.235097
v 0.080178 1.061258 0.235437
v 0.080178 1.061258 0.235437
v 0.083742 1.061541 0.237712
v 0.083742 1.061541 0.237712
v 0.083773 1.060712 0.237165
v 0.093459 1.057851 0.224245
v 0.092603 1.057360 0.224928
v 0.079302 1.057329 0.228501
v 0.090908 1.055693 0.224636
v 0.092497 1.055738 0.225295
v 0.080429 1.058834 0.235465
v 0.083667 1.059091 0.237532
v -0.051727 1.061537 0.221094
v -0.051727 1.061537 0.221094
v -0.046944 1.060523 0.216104
v -0.046944 1.060523 0.216104
v -0.046595 1.061191 0.219186
v -0.046595 1.061191 0.219186
v 0.009578 1.069359 0.253832
v 0.004454 1.071250 0.262914
v 0.004454 1.071250 0.262914
v 0.001219 1.070156 0.258023
v 0.001219 1.070156 0.258023
v -0.028429 1.067033 0.245257
v -0.047690 1.061726 0.221733
v -0.047690 1.061726 0.221733
v -0.054751 1.061716 0.222104
v -0.054718 1.059074 0.222673
v -0.048470 1.059366 0.223661
v -0.048503 1.062008 0.223092
v 0.000234 1.067753 0.259759
v 0.000201 1.070394 0.259190
v 0.004588 1.069225 0.266342
v 0.004554 1.071866 0.265773
v 0.012234 1.066404 0.252789
v 0.012200 1.069046 0.252221
v 0.001814 1.066393 0.253350
v 0.001781 1.069035 0.252781
v -0.045123 1.058429 0.219111
v -0.045156 1.061071 0.218542
v -0.045775 1.057179 0.213344
v -0.045809 1.059821 0.212775
v -0.054756 1.062116 0.222018
v -0.054164 1.062370 0.221757
v -0.046041 1.060648 0.213283
v -0.046041 1.060648 0.213283
v -0.045814 1.060221 0.212689
v -0.045448 1.061784 0.218521
v -0.045448 1.061784 0.218521
v -0.045161 1.061471 0.218456
v -0.026788 1.066275 0.238290
v 0.001706 1.069786 0.252926
v 0.001706 1.069786 0.252926
v 0.001776 1.069434 0.252695
v 0.011675 1.069797 0.252390
v 0.011675 1.069797 0.252390
v 0.012195 1.069445 0.252134
v 0.004526 1.072434 0.265062
v 0.004526 1.072434 0.265062
v 0.004549 1.072266 0.265687
v -0.048352 1.062641 0.222676
v -0.048508 1.062408 0.223006
v -0.052528 1.062273 0.221210
v -0.052528 1.062273 0.221210
v -0.051731 1.061842 0.221028
v -0.046948 1.060828 0.216039
v -0.046655 1.061028 0.215084
v -0.046655 1.061028 0.215084
v -0.046227 1.061849 0.218869
v 0.009574 1.069664 0.253767
v 0.010256 1.069966 0.253262
v 0.004450 1.071554 0.262848
v 0.004471 1.072100 0.263514
v 0.004471 1.072100 0.263514
v 0.001216 1.070460 0.257957
v 0.000944 1.070908 0.258180
v 0.000944 1.070908 0.258180
v -0.028685 1.067787 0.245423
v -0.028685 1.067787 0.245423
v -0.047694 1.062030 0.221667
v -0.047912 1.062489 0.221940
v -0.047912 1.062489 0.221940
v -0.149309 1.054784 0.237115
v -0.149309 1.054784 0.237115
v -0.153417 1.048556 0.211871
v -0.153417 1.048556 0.211871
v -0.139632 1.046295 0.195011
v -0.116012 1.049622 0.197704
v -0.114083 1.048902 0.193578
v -0.109093 1.050261 0.197026
v -0.114607 1.050682 0.201649
v -0.114607 1.050682 0.201649
v -0.116240 1.049950 0.199261
v -0.116240 1.049950 0.199261
v -0.139294 1.047175 0.198700
v -0.139294 1.047175 0.198700
v -0.146086 1.053648 0.230511
v -0.146086 1.053648 0.230511
v -0.128514 1.053668 0.221749
v -0.112537 1.055672 0.222491
v -0.111421 1.058380 0.233804
v -0.111421 1.058380 0.233804
v -0.122983 1.055477 0.226897
v -0.128521 1.054443 0.225153
v -0.128521 1.054443 0.225153
v -0.128303 1.050694 0.221010
v -0.128608 1.053351 0.220405
v -0.144300 1.053333 0.228229
v -0.143995 1.050676 0.228835
v -0.137964 1.044928 0.200586
v -0.138269 1.047585 0.199980
v -0.116950 1.050151 0.200498
v -0.116645 1.047494 0.201104
v -0.114584 1.048418 0.204118
v -0.114889 1.051075 0.203512
v -0.107014 1.050474 0.196911
v -0.106709 1.047817 0.197517
v -0.114282 1.045755 0.192284
v -0.114587 1.048411 0.191679
v -0.150283 1.055127 0.239112
v -0.149977 1.052471 0.239718
v -0.128091 1.052112 0.227124
v -0.128397 1.054769 0.226518
v -0.116772 1.049226 0.196352
v -0.116467 1.046569 0.196958
v -0.139859 1.043275 0.194290
v -0.140164 1.045932 0.193685
v -0.109593 1.056444 0.236803
v -0.109898 1.059100 0.236198
v -0.154768 1.048327 0.211546
v -0.154463 1.045671 0.212152
v -0.111395 1.055470 0.221030
v -0.111090 1.052814 0.221636
v -0.150312 1.055385 0.239053
v -0.150105 1.055611 0.238483
v -0.150105 1.055611 0.238483
v -0.154495 1.048954 0.211497
v -0.154495 1.048954 0.211497
v -0.154798 1.048585 0.211487
v -0.140096 1.046592 0.193886
v -0.140096 1.046592 0.193886
v -0.140194 1.046190 0.193626
v -0.116647 1.049894 0.196561
v -0.116647 1.049894 0.196561
v -0.116801 1.049484 0.196294
v -0.114526 1.049103 0.192024
v -0.114526 1.049103 0.192024
v -0.114616 1.048669 0.191620
v -0.107599 1.050990 0.196810
v -0.107599 1.050990 0.196810
v -0.107044 1.050732 0.196852
v -0.114884 1.051546 0.202917
v -0.114918 1.051333 0.203454
v -0.116980 1.050409 0.200439
v -0.138590 1.048052 0.199530
v -0.138298 1.047843 0.199921
v -0.144812 1.053981 0.228670
v -0.144812 1.053981 0.228670
v -0.144330 1.053591 0.228170
v -0.128650 1.053999 0.220611
v -0.128650 1.053999 0.220611
v -0.128638 1.053609 0.220346
v -0.121030 1.055383 0.222844
v -0.121030 1.055383 0.222844
v -0.111746 1.056090 0.221266
v -0.111746 1.056090 0.221266
v -0.111425 1.055728 0.220972
v -0.110344 1.059489 0.235469
v -0.109928 1.059358 0.236139
v -0.128493 1.055257 0.226047
v -0.128426 1.055027 0.226459
v -0.149655 1.055452 0.237561
v -0.149655 1.055452 0.237561
v -0.149333 1.054994 0.237067
v -0.153441 1.048767 0.211823
v -0.153871 1.049059 0.211647
v -0.153871 1.049059 0.211647
v -0.139656 1.046506 0.194963
v -0.139850 1.046760 0.194499
v -0.116036 1.049832 0.197657
v -0.116296 1.050077 0.197185
v -0.114107 1.049113 0.193530
v -0.114294 1.049330 0.192901
v -0.109117 1.050472 0.196978
v -0.108559 1.050892 0.196863
v -0.114631 1.050892 0.201601
v -0.114754 1.051365 0.202056
v -0.114754 1.051365 0.202056
v -0.116265 1.050160 0.199213
v -0.116510 1.050577 0.199487
v -0.116510 1.050577 0.199487
v -0.139318 1.047385 0.198653
v -0.139064 1.047862 0.198939
v -0.139064 1.047862 0.198939
v -0.146110 1.053858 0.230463
v -0.145637 1.054127 0.229724
v -0.145637 1.054127 0.229724
v -0.128538 1.053878 0.221701
v -0.128607 1.054146 0.221232
v -0.112562 1.055882 0.222443
v -0.112274 1.056183 0.221940
v -0.111445 1.058590 0.233756
v -0.111047 1.059157 0.234364
v -0.111047 1.059157 0.234364
v -0.123209 1.056103 0.227098
v -0.128545 1.054654 0.225105
v -0.128550 1.055106 0.225416
v -0.128550 1.055106 0.225416
v -0.148662 1.053292 0.230249
v -0.148662 1.053292 0.230249
v -0.148410 1.052270 0.228435
v -0.150945 1.048426 0.212853
v -0.151545 1.048921 0.212530
v -0.151545 1.048921 0.212530
v -0.142436 1.047030 0.202446
v -0.141869 1.047334 0.200695
v -0.141869 1.047334 0.200695
v -0.146400 1.052495 0.225613
v -0.141632 1.047952 0.203285
v -0.148173 1.050212 0.228904
v -0.150709 1.046368 0.213322
v -0.142200 1.044973 0.202915
v -0.223842 1.011958 0.134652
v -0.232658 1.013327 0.146615
v -0.213879 1.022116 0.160685
v -0.216215 1.022421 0.163658
v -0.216215 1.022421 0.163658
v -0.215435 1.024529 0.170131
v -0.211982 1.025732 0.171323
v -0.218229 1.025816 0.176807
v -0.218229 1.025816 0.176807
v -0.217453 1.027913 0.183246
v -0.217453 1.027913 0.183246
v -0.211301 1.029095 0.182119
v -0.211301 1.029095 0.182119
v -0.210699 1.030722 0.187115
v -0.210699 1.030722 0.187115
v -0.208364 1.031170 0.186687
v -0.208364 1.031170 0.186687
v -0.212296 1.031654 0.191594
v -0.212296 1.031654 0.191594
v -0.213067 1.029569 0.185193
v -0.213067 1.029569 0.185193
v -0.218608 1.028505 0.186207
v -0.218608 1.028505 0.186207
v -0.221415 1.026734 0.182558
v -0.221415 1.026734 0.182558
v -0.222653 1.023387 0.172280
v -0.222653 1.023387 0.172280
v -0.219324 1.023355 0.169401
v -0.219324 1.023355 0.169401
v -0.220548 1.020045 0.159237
v -0.220548 1.020045 0.159237
v -0.229351 1.018354 0.160848
v -0.229351 1.018354 0.160848
v -0.230304 1.015780 0.152942
v -0.230304 1.015780 0.152942
v -0.235622 1.012676 0.146881
v -0.235622 1.012676 0.146881
v -0.226582 1.011237 0.134494
v -0.226582 1.011237 0.134494
v -0.226686 1.010618 0.132493
v -0.230534 1.011680 0.147081
v -0.231029 1.013690 0.146486
v -0.214191 1.029730 0.186671
v -0.213696 1.027720 0.187266
v -0.212726 1.030340 0.195314
v -0.213221 1.032351 0.194719
v -0.227886 1.010824 0.134187
v -0.227391 1.008814 0.134782
v -0.236757 1.010305 0.147615
v -0.237253 1.012316 0.147020
v -0.222079 1.012300 0.134342
v -0.221584 1.010290 0.134937
v -0.227623 1.007446 0.130352
v -0.228118 1.009456 0.129757
v -0.205316 1.031379 0.184857
v -0.204821 1.029369 0.185452
v -0.209080 1.028550 0.186232
v -0.209575 1.030561 0.185637
v -0.231533 1.015653 0.153538
v -0.231038 1.013643 0.154133
v -0.229979 1.016504 0.162921
v -0.230475 1.018515 0.162326
v -0.210177 1.028934 0.180641
v -0.209682 1.026924 0.181236
v -0.215835 1.025742 0.182363
v -0.216330 1.027752 0.181768
v -0.221672 1.020206 0.160715
v -0.221177 1.018195 0.161310
v -0.220185 1.020876 0.169543
v -0.220680 1.022887 0.168948
v -0.216874 1.026282 0.177253
v -0.216379 1.024272 0.177848
v -0.209030 1.024172 0.171397
v -0.209525 1.026183 0.170802
v -0.224009 1.022919 0.171827
v -0.223514 1.020909 0.172422
v -0.222154 1.024584 0.183708
v -0.222649 1.026594 0.183113
v -0.214249 1.024537 0.169171
v -0.213754 1.022526 0.169765
v -0.214382 1.020827 0.164548
v -0.214877 1.022838 0.163953
v -0.211858 1.022444 0.160110
v -0.211363 1.020433 0.160705
v -0.219208 1.028766 0.187589
v -0.218713 1.026756 0.188184
v -0.228170 1.009669 0.129693
v -0.227947 1.010143 0.130163
v -0.227947 1.010143 0.130163
v -0.222541 1.012690 0.134268
v -0.222541 1.012690 0.134268
v -0.222131 1.012514 0.134279
v -0.231464 1.014075 0.146376
v -0.231464 1.014075 0.146376
v -0.231081 1.013904 0.146423
v -0.223612 1.018703 0.155480
v -0.223612 1.018703 0.155480
v -0.212371 1.022836 0.160088
v -0.212371 1.022836 0.160088
v -0.211910 1.022657 0.160047
v -0.215255 1.023212 0.163759
v -0.215255 1.023212 0.163759
v -0.214930 1.023051 0.163890
v -0.214596 1.024992 0.169226
v -0.214596 1.024992 0.169226
v -0.214301 1.024750 0.169107
v -0.210124 1.026550 0.170770
v -0.210124 1.026550 0.170770
v -0.209577 1.026396 0.170739
v -0.217255 1.026647 0.177029
v -0.217255 1.026647 0.177029
v -0.216926 1.026495 0.177190
v -0.216665 1.028241 0.181925
v -0.216665 1.028241 0.181925
v -0.216382 1.027966 0.181705
v -0.210513 1.029423 0.180799
v -0.210513 1.029423 0.180799
v -0.210230 1.029147 0.180578
v -0.209911 1.031050 0.185795
v -0.209911 1.031050 0.185795
v -0.209628 1.030774 0.185574
v -0.206033 1.031795 0.185085
v -0.206033 1.031795 0.185085
v -0.205369 1.031592 0.184794
v -0.213151 1.032670 0.193965
v -0.213151 1.032670 0.193965
v -0.213274 1.032564 0.194656
v -0.214081 1.030155 0.186243
v -0.214081 1.030155 0.186243
v -0.214244 1.029943 0.186608
v -0.219201 1.029172 0.187180
v -0.219260 1.028980 0.187526
v -0.223853 1.023469 0.171782
v -0.223853 1.023469 0.171782
v -0.224062 1.023132 0.171764
v -0.220524 1.023437 0.168903
v -0.220524 1.023437 0.168903
v -0.220732 1.023100 0.168885
v -0.221562 1.020631 0.160287
v -0.221562 1.020631 0.160287
v -0.221724 1.020419 0.160652
v -0.230364 1.018940 0.161898
v -0.230364 1.018940 0.161898
v -0.230527 1.018728 0.162263
v -0.237042 1.012844 0.146858
v -0.237305 1.012529 0.146957
v -0.227741 1.011363 0.134112
v -0.227741 1.011363 0.134112
v -0.227939 1.011038 0.134124
v -0.227130 1.010806 0.131724
v -0.226729 1.010791 0.132441
v -0.223884 1.012131 0.134601
v -0.223546 1.012494 0.134445
v -0.232700 1.013500 0.146564
v -0.232393 1.013868 0.146450
v -0.213921 1.022289 0.160634
v -0.213524 1.022649 0.160417
v -0.216257 1.022593 0.163607
v -0.216018 1.022974 0.163591
v -0.216018 1.022974 0.163591
v -0.215477 1.024701 0.170080
v -0.215273 1.024987 0.169773
v -0.212025 1.025904 0.171272
v -0.211526 1.026293 0.171067
v -0.218272 1.025989 0.176756
v -0.218028 1.026381 0.176775
v -0.218028 1.026381 0.176775
v -0.217496 1.028085 0.183194
v -0.217306 1.028333 0.182768
v -0.217306 1.028333 0.182768
v -0.211343 1.029267 0.182068
v -0.211153 1.029515 0.181642
v -0.211153 1.029515 0.181642
v -0.210741 1.030894 0.187064
v -0.210552 1.031141 0.186638
v -0.210552 1.031141 0.186638
v -0.208406 1.031343 0.186636
v -0.207771 1.031675 0.186129
v -0.207771 1.031675 0.186129
v -0.212339 1.031826 0.191543
v -0.212623 1.032272 0.192182
v -0.212623 1.032272 0.192182
v -0.213110 1.029742 0.185142
v -0.213440 1.030064 0.185400
v -0.213440 1.030064 0.185400
v -0.218651 1.028677 0.186156
v -0.218860 1.029022 0.186392
v -0.218860 1.029022 0.186392
v -0.221457 1.026906 0.182507
v -0.221813 1.027158 0.182551
v -0.221813 1.027158 0.182551
v -0.222695 1.023559 0.172229
v -0.223079 1.023736 0.172040
v -0.223079 1.023736 0.172040
v -0.219366 1.023527 0.169350
v -0.219750 1.023704 0.169161
v -0.219750 1.023704 0.169161
v -0.220591 1.020218 0.159186
v -0.220921 1.020539 0.159444
v -0.220921 1.020539 0.159444
v -0.229393 1.018527 0.160797
v -0.229723 1.018848 0.161055
v -0.229723 1.018848 0.161055
v -0.230346 1.015952 0.152890
v -0.230701 1.016207 0.152944
v -0.230701 1.016207 0.152944
v -0.235664 1.012849 0.146830
v -0.236112 1.013050 0.146778
v -0.236112 1.013050 0.146778
v -0.226624 1.011409 0.134443
v -0.226996 1.011598 0.134288
v -0.226996 1.011598 0.134288
v -0.321908 0.962263 0.083698
v -0.326713 0.964133 0.091096
v -0.326713 0.964133 0.091096
v -0.318037 0.967146 0.091493
v -0.312976 0.970204 0.094525
v -0.307859 0.972914 0.096767
v -0.301218 0.975903 0.098540
v -0.293735 0.978788 0.099501
v -0.287314 0.981005 0.099766
v -0.278633 0.983362 0.098749
v -0.269697 0.985533 0.097150
v -0.259135 0.987906 0.094847
v -0.259135 0.987906 0.094847
v -0.255657 0.989857 0.096606
v -0.256612 0.986447 0.089937
v -0.259457 0.986706 0.092489
v -0.259457 0.986706 0.092489
v -0.270123 0.984311 0.094819
v -0.278600 0.982180 0.096180
v -0.287454 0.979711 0.097079
v -0.293491 0.977617 0.096807
v -0.300714 0.974779 0.095768
v -0.307264 0.972008 0.094400
v -0.311635 0.969641 0.092372
v -0.260140 0.985797 0.091012
v -0.259507 0.983855 0.091914
v -0.321884 0.960900 0.080748
v -0.321250 0.958958 0.081650
v -0.328955 0.961956 0.093511
v -0.329588 0.963898 0.092609
v -0.253462 0.991993 0.099663
v -0.252829 0.990051 0.100565
v -0.254687 0.983417 0.087589
v -0.255320 0.985359 0.086686
v -0.258942 0.986621 0.097472
v -0.259576 0.988563 0.096569
v -0.322294 0.962726 0.081476
v -0.322294 0.962726 0.081476
v -0.322061 0.961443 0.080496
v -0.329766 0.964442 0.092357
v -0.328723 0.965228 0.091373
v -0.328723 0.965228 0.091373
v -0.308689 0.974403 0.097063
v -0.301926 0.977446 0.098869
v -0.294342 0.980371 0.099843
v -0.287801 0.982629 0.100113
v -0.279010 0.985017 0.099083
v -0.270022 0.987199 0.097475
v -0.259753 0.989106 0.096317
v -0.259782 0.989500 0.095242
v -0.253639 0.992536 0.099410
v -0.254828 0.992280 0.097748
v -0.255497 0.985902 0.086434
v -0.256289 0.987064 0.087547
v -0.256289 0.987064 0.087547
v -0.260239 0.987424 0.091092
v -0.270588 0.985100 0.093353
v -0.279006 0.982983 0.094704
v -0.287757 0.980543 0.095593
v -0.293675 0.978490 0.095326
v -0.300824 0.975682 0.094297
v -0.307246 0.972965 0.092956
v -0.311530 0.970645 0.090969
v -0.317125 0.967626 0.088397
v -0.317125 0.967626 0.088397
v -0.322134 0.962956 0.083376
v -0.322299 0.963021 0.082115
v -0.328101 0.965279 0.091046
v -0.328101 0.965279 0.091046
v -0.326939 0.964826 0.090774
v -0.318681 0.968550 0.091477
v -0.318681 0.968550 0.091477
v -0.313706 0.971556 0.094457
v -0.308523 0.974301 0.096729
v -0.301807 0.977324 0.098522
v -0.294262 0.980233 0.099491
v -0.287767 0.982476 0.099759
v -0.279019 0.984851 0.098734
v -0.270051 0.987029 0.097129
v -0.259686 0.989358 0.094869
v -0.259686 0.989358 0.094869
v -0.259361 0.988599 0.094525
v -0.255303 0.991818 0.097087
v -0.255883 0.990550 0.096284
v -0.256568 0.987300 0.088250
v -0.256838 0.987141 0.089615
v -0.260091 0.987620 0.091412
v -0.270563 0.985269 0.093699
v -0.279004 0.983147 0.095054
v -0.287795 0.980696 0.095947
v -0.293758 0.978627 0.095678
v -0.300936 0.975807 0.094645
v -0.363188 0.908378 0.001297
v -0.363188 0.908378 0.001297
v -0.357149 0.906458 -0.006267
v -0.357149 0.906458 -0.006267
v -0.336807 0.916539 -0.002259
v -0.331883 0.917954 -0.003117
v -0.331883 0.917954 -0.003117
v -0.335365 0.919585 0.002178
v -0.335365 0.919585 0.002178
v -0.337023 0.917646 -0.000140
v -0.337023 0.917646 -0.000140
v -0.355828 0.908538 -0.003467
v -0.354965 0.912687 0.003334
v -0.362665 0.910887 0.005409
v -0.362665 0.910887 0.005409
v -0.334082 0.922718 0.006881
v -0.334082 0.922718 0.006881
v -0.333411 0.925941 0.012163
v -0.333411 0.925941 0.012163
v -0.329365 0.923821 0.005610
v -0.329365 0.923821 0.005610
v -0.324322 0.926090 0.006194
v -0.324322 0.926090 0.006194
v -0.324009 0.927595 0.008660
v -0.324009 0.927595 0.008660
v -0.320405 0.928437 0.007688
v -0.316282 0.927776 0.003682
v -0.316282 0.927776 0.003682
v -0.315351 0.932250 0.011015
v -0.315351 0.932250 0.011015
v -0.320726 0.926892 0.005156
v -0.318098 0.931608 0.011755
v -0.318098 0.931608 0.011755
v -0.308836 0.938245 0.017228
v -0.308836 0.938245 0.017228
v -0.300712 0.937222 0.009831
v -0.300712 0.937222 0.009831
v -0.290860 0.943097 0.013540
v -0.288193 0.940456 0.007005
v -0.300986 0.934057 0.004380
v -0.300986 0.934057 0.004380
v -0.305292 0.936222 0.011192
v -0.305292 0.936222 0.011192
v -0.311392 0.934796 0.012837
v -0.312678 0.928619 0.002711
v -0.287001 0.940543 0.006342
v -0.286066 0.938113 0.007705
v -0.300409 0.930939 0.004762
v -0.301344 0.933369 0.003398
v -0.357425 0.905813 -0.007227
v -0.356490 0.903384 -0.005863
v -0.363208 0.905519 0.002551
v -0.364143 0.907949 0.001188
v -0.325335 0.925387 0.005635
v -0.324399 0.922957 0.006999
v -0.323880 0.925453 0.011089
v -0.324815 0.927882 0.009726
v -0.300628 0.937821 0.010841
v -0.299693 0.935391 0.012204
v -0.289471 0.941486 0.016052
v -0.290407 0.943916 0.014689
v -0.362536 0.908745 0.007839
v -0.363472 0.911174 0.006475
v -0.320351 0.930605 0.011514
v -0.319416 0.928175 0.012878
v -0.307904 0.936425 0.019680
v -0.308839 0.938854 0.018316
v -0.353015 0.910970 0.005272
v -0.353950 0.913400 0.003908
v -0.319922 0.926594 0.004073
v -0.318987 0.924165 0.005436
v -0.354748 0.909566 -0.002377
v -0.353813 0.907136 -0.001013
v -0.336712 0.915418 0.002012
v -0.337647 0.917848 0.000648
v -0.310586 0.934509 0.011771
v -0.309651 0.932079 0.013134
v -0.310937 0.925902 0.003008
v -0.311872 0.928331 0.001645
v -0.335420 0.920453 0.003762
v -0.334484 0.918023 0.005126
v -0.329206 0.915551 -0.002901
v -0.330141 0.917981 -0.004264
v -0.319390 0.929150 0.008263
v -0.318455 0.926721 0.009627
v -0.304890 0.933192 0.011851
v -0.305825 0.935621 0.010488
v -0.327568 0.923765 0.004277
v -0.326633 0.921335 0.005640
v -0.334161 0.919575 0.007670
v -0.335096 0.922005 0.006306
v -0.334026 0.927148 0.014737
v -0.333091 0.924718 0.016100
v -0.316366 0.931536 0.010440
v -0.315430 0.929107 0.011803
v -0.316361 0.924634 0.004471
v -0.317297 0.927063 0.003107
v -0.364243 0.908207 0.001042
v -0.363906 0.908847 0.000866
v -0.357541 0.906824 -0.007106
v -0.357541 0.906824 -0.007106
v -0.357525 0.906072 -0.007372
v -0.336986 0.917011 -0.003056
v -0.331307 0.918642 -0.004046
v -0.331307 0.918642 -0.004046
v -0.330241 0.918240 -0.004409
v -0.335651 0.920676 0.002559
v -0.335519 0.920712 0.003617
v -0.337582 0.918417 -0.000141
v -0.337747 0.918107 0.000503
v -0.355570 0.909706 -0.003323
v -0.355570 0.909706 -0.003323
v -0.354848 0.909824 -0.002522
v -0.354738 0.913703 0.003231
v -0.354738 0.913703 0.003231
v -0.354050 0.913659 0.003763
v -0.363312 0.911699 0.005542
v -0.363571 0.911433 0.006330
v -0.334828 0.923051 0.006227
v -0.335196 0.922264 0.006161
v -0.334126 0.927407 0.014591
v -0.333966 0.927194 0.013018
v -0.327668 0.924024 0.004132
v -0.328763 0.924469 0.004592
v -0.328763 0.924469 0.004592
v -0.325067 0.926428 0.005547
v -0.325434 0.925646 0.005490
v -0.324915 0.928141 0.009580
v -0.324655 0.928407 0.008792
v -0.319490 0.929409 0.008118
v -0.320178 0.929454 0.007585
v -0.320178 0.929454 0.007585
v -0.320022 0.926853 0.003928
v -0.320601 0.927424 0.004258
v -0.320601 0.927424 0.004258
v -0.317029 0.928109 0.003028
v -0.317397 0.927322 0.002962
v -0.316465 0.931795 0.010295
v -0.316098 0.932583 0.010361
v -0.320451 0.930864 0.011369
v -0.319438 0.931802 0.011261
v -0.319438 0.931802 0.011261
v -0.308939 0.939113 0.018171
v -0.309097 0.939212 0.017371
v -0.309097 0.939212 0.017371
v -0.300728 0.938080 0.010695
v -0.300931 0.938184 0.009937
v -0.300931 0.938184 0.009937
v -0.290506 0.944175 0.014543
v -0.290902 0.944164 0.013712
v -0.290902 0.944164 0.013712
v -0.287101 0.940802 0.006196
v -0.287881 0.941172 0.006308
v -0.287881 0.941172 0.006308
v -0.301444 0.933627 0.003253
v -0.301417 0.934402 0.003531
v -0.301417 0.934402 0.003531
v -0.305925 0.935880 0.010342
v -0.305808 0.936609 0.010476
v -0.305808 0.936609 0.010476
v -0.310686 0.934768 0.011626
v -0.311266 0.935333 0.011947
v -0.311266 0.935333 0.011947
v -0.311972 0.928590 0.001500
v -0.312551 0.929156 0.001821
v -0.312551 0.929156 0.001821
v -0.363690 0.908944 0.000890
v -0.363690 0.908944 0.000890
v -0.363369 0.908850 0.001032
v -0.357331 0.906930 -0.006532
v -0.357479 0.906969 -0.006889
v -0.357479 0.906969 -0.006889
v -0.337024 0.917106 -0.002859
v -0.332064 0.918426 -0.003382
v -0.331700 0.918635 -0.003787
v -0.331700 0.918635 -0.003787
v -0.335547 0.920057 0.001913
v -0.335639 0.920480 0.002201
v -0.335639 0.920480 0.002201
v -0.337204 0.918118 -0.000405
v -0.337441 0.918372 -0.000319
v -0.337441 0.918372 -0.000319
v -0.356010 0.909010 -0.003732
v -0.355814 0.909474 -0.003569
v -0.355147 0.913159 0.003069
v -0.354967 0.913543 0.003101
v -0.362847 0.911359 0.005145
v -0.363130 0.911635 0.005301
v -0.363130 0.911635 0.005301
v -0.334264 0.923190 0.006616
v -0.334599 0.923212 0.006357
v -0.334599 0.923212 0.006357
v -0.333827 0.926922 0.012438
v -0.333827 0.926922 0.012438
v -0.333593 0.926413 0.011898
v -0.329169 0.924481 0.004893
v -0.329169 0.924481 0.004893
v -0.329547 0.924293 0.005345
v -0.324504 0.926562 0.005929
v -0.324839 0.926586 0.005673
v -0.324839 0.926586 0.005673
v -0.324473 0.928342 0.008552
v -0.324473 0.928342 0.008552
v -0.324191 0.928067 0.008395
v -0.320407 0.929293 0.007455
v -0.320587 0.928909 0.007423
v -0.320782 0.927491 0.004502
v -0.320908 0.927364 0.004891
v -0.316464 0.928248 0.003417
v -0.316800 0.928270 0.003158
v -0.316800 0.928270 0.003158
v -0.315869 0.932744 0.010490
v -0.315869 0.932744 0.010490
v -0.315533 0.932722 0.010750
v -0.318930 0.932028 0.011316
v -0.318930 0.932028 0.011316
v -0.318280 0.932080 0.011490
v -0.309096 0.939074 0.017125
v -0.309096 0.939074 0.017125
v -0.309017 0.938717 0.016963
v -0.300950 0.938049 0.009709
v -0.300950 0.938049 0.009709
v -0.300893 0.937694 0.009566
v -0.291005 0.943979 0.013453
v -0.291041 0.943569 0.013276
v -0.288151 0.941153 0.006458
v -0.288375 0.940928 0.006740
v -0.301337 0.934557 0.003752
v -0.301337 0.934557 0.003752
v -0.301168 0.934530 0.004115
v -0.305687 0.936745 0.010635
v -0.305687 0.936745 0.010635
v -0.305474 0.936694 0.010927
v -0.311448 0.935398 0.012188
v -0.311574 0.935268 0.012572
v -0.312733 0.929221 0.002061
v -0.312860 0.929091 0.002446
v -0.343769 0.841682 -0.115431
v -0.343769 0.841682 -0.115431
v -0.317079 0.853899 -0.113210
v -0.317079 0.853899 -0.113210
v -0.308177 0.863612 -0.104247
v -0.308177 0.863612 -0.104247
v -0.333743 0.854671 -0.102346
v -0.331935 0.867648 -0.084479
v -0.337747 0.866362 -0.082957
v -0.337747 0.866362 -0.082957
v -0.344624 0.868482 -0.075846
v -0.343820 0.874252 -0.067902
v -0.317948 0.883350 -0.069753
v -0.317948 0.883350 -0.069753
v -0.314695 0.875623 -0.082923
v -0.314695 0.875623 -0.082923
v -0.303179 0.878170 -0.085938
v -0.313338 0.886954 -0.067192
v -0.347157 0.876176 -0.063147
v -0.347157 0.876176 -0.063147
v -0.349360 0.866492 -0.075982
v -0.349360 0.866492 -0.075982
v -0.339119 0.861597 -0.089105
v -0.339119 0.861597 -0.089105
v -0.351528 0.858852 -0.085856
v -0.351213 0.861113 -0.082743
v -0.364709 0.858128 -0.079210
v -0.364709 0.858128 -0.079210
v -0.349369 0.852958 -0.095713
v -0.348920 0.856176 -0.091283
v -0.338675 0.858442 -0.093965
v -0.338675 0.858442 -0.093965
v -0.336812 0.853437 -0.102353
v -0.336812 0.853437 -0.102353
v -0.337995 0.853184 -0.102029
v -0.337277 0.851391 -0.100800
v -0.338903 0.855759 -0.093479
v -0.339622 0.857553 -0.094709
v -0.301209 0.877926 -0.087445
v -0.300490 0.876133 -0.086215
v -0.314903 0.872945 -0.082442
v -0.315622 0.874738 -0.083671
v -0.347885 0.855725 -0.092545
v -0.347167 0.853932 -0.091315
v -0.347730 0.849886 -0.096885
v -0.348449 0.851680 -0.098115
v -0.318829 0.882357 -0.070686
v -0.318110 0.880564 -0.069457
v -0.342047 0.872146 -0.067744
v -0.342766 0.873940 -0.068974
v -0.367662 0.858154 -0.077445
v -0.366944 0.856361 -0.076215
v -0.349264 0.860271 -0.080845
v -0.349982 0.862065 -0.082074
v -0.343445 0.869065 -0.075686
v -0.342726 0.867271 -0.074456
v -0.336526 0.865360 -0.080868
v -0.337244 0.867153 -0.082097
v -0.330705 0.868599 -0.083810
v -0.329986 0.866806 -0.082580
v -0.331771 0.853999 -0.100214
v -0.332489 0.855792 -0.101444
v -0.350297 0.859804 -0.085187
v -0.349579 0.858011 -0.083957
v -0.340931 0.859923 -0.086221
v -0.341649 0.861717 -0.087451
v -0.305704 0.865160 -0.103435
v -0.304985 0.863367 -0.102205
v -0.315662 0.851716 -0.112957
v -0.316381 0.853509 -0.114186
v -0.350555 0.865974 -0.076039
v -0.349836 0.864181 -0.074809
v -0.347433 0.874744 -0.060807
v -0.348152 0.876538 -0.062037
v -0.345763 0.840060 -0.116631
v -0.345044 0.838266 -0.115401
v -0.312678 0.887843 -0.066280
v -0.311960 0.886050 -0.065050
v -0.345970 0.840576 -0.116985
v -0.345405 0.841470 -0.116790
v -0.316963 0.854489 -0.114424
v -0.316963 0.854489 -0.114424
v -0.316588 0.854026 -0.114540
v -0.306905 0.865463 -0.104297
v -0.306905 0.865463 -0.104297
v -0.305911 0.865676 -0.103789
v -0.333265 0.856245 -0.102337
v -0.333265 0.856245 -0.102337
v -0.332696 0.856309 -0.101798
v -0.331473 0.869111 -0.084622
v -0.331473 0.869111 -0.084622
v -0.330912 0.869116 -0.084164
v -0.337758 0.867721 -0.082976
v -0.337758 0.867721 -0.082976
v -0.337451 0.867669 -0.082452
v -0.344195 0.869705 -0.076320
v -0.344195 0.869705 -0.076320
v -0.343652 0.869581 -0.076040
v -0.343472 0.874892 -0.069178
v -0.343472 0.874892 -0.069178
v -0.342973 0.874456 -0.069328
v -0.318859 0.883547 -0.070939
v -0.319036 0.882873 -0.071040
v -0.315636 0.875891 -0.083988
v -0.315829 0.875254 -0.084025
v -0.302235 0.878855 -0.087497
v -0.302235 0.878855 -0.087497
v -0.301416 0.878442 -0.087799
v -0.313247 0.888376 -0.067177
v -0.313247 0.888376 -0.067177
v -0.312885 0.888359 -0.066634
v -0.348142 0.877255 -0.063003
v -0.348359 0.877054 -0.062391
v -0.350762 0.866490 -0.076392
v -0.341104 0.862518 -0.088607
v -0.341856 0.862233 -0.087805
v -0.351065 0.860315 -0.085999
v -0.351065 0.860315 -0.085999
v -0.350504 0.860320 -0.085541
v -0.350750 0.862576 -0.082886
v -0.350750 0.862576 -0.082886
v -0.350189 0.862581 -0.082428
v -0.366969 0.858989 -0.078640
v -0.367869 0.858671 -0.077799
v -0.349108 0.852970 -0.097855
v -0.348656 0.852196 -0.098469
v -0.348585 0.856726 -0.092683
v -0.348585 0.856726 -0.092683
v -0.348092 0.856241 -0.092899
v -0.339630 0.858707 -0.095028
v -0.339829 0.858069 -0.095063
v -0.344778 0.841979 -0.116413
v -0.344778 0.841979 -0.116413
v -0.343980 0.842210 -0.115793
v -0.317182 0.854612 -0.114117
v -0.308389 0.864140 -0.104609
v -0.307682 0.864977 -0.104552
v -0.307682 0.864977 -0.104552
v -0.333955 0.855199 -0.102708
v -0.333659 0.855892 -0.102621
v -0.332147 0.868175 -0.084841
v -0.331859 0.868812 -0.084832
v -0.337959 0.866890 -0.083319
v -0.337916 0.867472 -0.083246
v -0.344836 0.869010 -0.076208
v -0.344032 0.874780 -0.068264
v -0.343803 0.874991 -0.068841
v -0.318159 0.883878 -0.070115
v -0.318582 0.883859 -0.070646
v -0.318582 0.883859 -0.070646
v -0.314907 0.876151 -0.083285
v -0.315345 0.876169 -0.083753
v -0.315345 0.876169 -0.083753
v -0.303390 0.878698 -0.086300
v -0.302854 0.878931 -0.087024
v -0.313549 0.887482 -0.067554
v -0.313454 0.888097 -0.067463
v -0.347368 0.876704 -0.063509
v -0.347830 0.877141 -0.063352
v -0.347830 0.877141 -0.063352
v -0.349571 0.867020 -0.076344
v -0.350100 0.867161 -0.076579
v -0.350100 0.867161 -0.076579
v -0.339331 0.862125 -0.089467
v -0.340309 0.862481 -0.089127
v -0.340309 0.862481 -0.089127
v -0.351739 0.859380 -0.086218
v -0.351451 0.860016 -0.086209
v -0.351424 0.861641 -0.083105
v -0.351136 0.862277 -0.083097
v -0.364920 0.858656 -0.079572
v -0.366041 0.858980 -0.079194
v -0.366041 0.858980 -0.079194
v -0.349580 0.853486 -0.096075
v -0.349397 0.853372 -0.097100
v -0.349132 0.856704 -0.091645
v -0.348910 0.856868 -0.092286
v -0.338887 0.858970 -0.094327
v -0.339332 0.858986 -0.094794
v -0.339332 0.858986 -0.094794
v -0.337023 0.853965 -0.102715
v -0.337548 0.854195 -0.102823
v -0.337548 0.854195 -0.102823
v -0.340410 0.844414 -0.113409
v -0.340410 0.844414 -0.113409
v -0.338563 0.844947 -0.111973
v -0.318253 0.854556 -0.111566
v -0.313977 0.859069 -0.105746
v -0.312343 0.861005 -0.105614
v -0.312343 0.861005 -0.105614
v -0.333416 0.853636 -0.104048
v -0.335432 0.852824 -0.104052
v -0.335432 0.852824 -0.104052
v -0.334501 0.851811 -0.104337
v -0.334075 0.850748 -0.103609
v -0.338137 0.843884 -0.111244
v -0.318078 0.853066 -0.109576
v -0.313551 0.858006 -0.105017
v -0.305338 0.804169 -0.181350
v -0.305338 0.804169 -0.181350
v -0.322309 0.809496 -0.167346
v -0.322309 0.809496 -0.167346
v -0.328256 0.808421 -0.165819
v -0.328256 0.808421 -0.165819
v -0.322252 0.814034 -0.162159
v -0.304547 0.805828 -0.179812
v -0.299942 0.806886 -0.180736
v -0.299942 0.806886 -0.180736
v -0.299991 0.806405 -0.181266
v -0.299991 0.806405 -0.181266
v -0.303342 0.805264 -0.181020
v -0.303342 0.805264 -0.181020
v -0.303819 0.800589 -0.186169
v -0.303819 0.800589 -0.186169
v -0.305403 0.800195 -0.185887
v -0.305403 0.800195 -0.185887
v -0.290234 0.807880 -0.184104
v -0.290234 0.807880 -0.184104
v -0.283867 0.809373 -0.185348
v -0.284127 0.812567 -0.181557
v -0.290658 0.809831 -0.181665
v -0.290658 0.809831 -0.181665
v -0.273334 0.813284 -0.185748
v -0.273334 0.813284 -0.185748
v -0.266097 0.819015 -0.182526
v -0.266097 0.819015 -0.182526
v -0.266330 0.812338 -0.190088
v -0.266330 0.812338 -0.190088
v -0.321859 0.815577 -0.160570
v -0.321298 0.814191 -0.159364
v -0.275479 0.812644 -0.185485
v -0.274919 0.811259 -0.184279
v -0.264280 0.819684 -0.179543
v -0.264841 0.821069 -0.180749
v -0.322762 0.808592 -0.168174
v -0.322202 0.807207 -0.166968
v -0.330344 0.805735 -0.164877
v -0.330904 0.807120 -0.166083
v -0.283016 0.813883 -0.180562
v -0.282456 0.812497 -0.179356
v -0.282045 0.807463 -0.185330
v -0.282605 0.808848 -0.186536
v -0.290709 0.805432 -0.183638
v -0.291269 0.806818 -0.184844
v -0.302219 0.804816 -0.182056
v -0.301658 0.803431 -0.180850
v -0.302145 0.798661 -0.186103
v -0.302706 0.800047 -0.187309
v -0.265183 0.811255 -0.191865
v -0.264622 0.809870 -0.190659
v -0.298659 0.808001 -0.180051
v -0.298098 0.806615 -0.178846
v -0.298307 0.804571 -0.181097
v -0.298867 0.805957 -0.182303
v -0.303554 0.805362 -0.177751
v -0.304114 0.806747 -0.178957
v -0.291428 0.808739 -0.179505
v -0.291988 0.810124 -0.180711
v -0.306539 0.803500 -0.181561
v -0.305979 0.802115 -0.180355
v -0.306611 0.799074 -0.186613
v -0.306050 0.797688 -0.185407
v -0.306680 0.803849 -0.181865
v -0.331045 0.807469 -0.166386
v -0.330187 0.808296 -0.166582
v -0.330187 0.808296 -0.166582
v -0.322000 0.815925 -0.160873
v -0.322284 0.815684 -0.161765
v -0.322284 0.815684 -0.161765
v -0.319837 0.812326 -0.166761
v -0.319837 0.812326 -0.166761
v -0.304255 0.807096 -0.179261
v -0.304555 0.807089 -0.179877
v -0.304555 0.807089 -0.179877
v -0.298800 0.808350 -0.180355
v -0.299419 0.808269 -0.180907
v -0.299419 0.808269 -0.180907
v -0.299008 0.806306 -0.182606
v -0.299568 0.806813 -0.182511
v -0.299568 0.806813 -0.182511
v -0.302360 0.805165 -0.182360
v -0.302919 0.805672 -0.182265
v -0.302919 0.805672 -0.182265
v -0.302847 0.800396 -0.187613
v -0.303402 0.800938 -0.187479
v -0.303402 0.800938 -0.187479
v -0.306752 0.799422 -0.186917
v -0.306434 0.800182 -0.186938
v -0.291410 0.807167 -0.185147
v -0.291158 0.807904 -0.185164
v -0.283357 0.809733 -0.186687
v -0.283357 0.809733 -0.186687
v -0.282746 0.809197 -0.186839
v -0.283712 0.814075 -0.181534
v -0.283712 0.814075 -0.181534
v -0.283157 0.814231 -0.180865
v -0.291766 0.810702 -0.181668
v -0.292129 0.810473 -0.181014
v -0.274951 0.813572 -0.186182
v -0.275620 0.812993 -0.185789
v -0.264982 0.821418 -0.181053
v -0.265591 0.820984 -0.182015
v -0.265591 0.820984 -0.182015
v -0.265324 0.811604 -0.192169
v -0.265892 0.812349 -0.191795
v -0.305521 0.804620 -0.181743
v -0.305931 0.804681 -0.182004
v -0.305931 0.804681 -0.182004
v -0.322706 0.809946 -0.168161
v -0.322706 0.809946 -0.168161
v -0.322492 0.809947 -0.167739
v -0.329228 0.808767 -0.166486
v -0.329228 0.808767 -0.166486
v -0.328439 0.808872 -0.166211
v -0.322426 0.815126 -0.162341
v -0.322434 0.814486 -0.162552
v -0.304712 0.806756 -0.180186
v -0.304730 0.806279 -0.180205
v -0.299883 0.807866 -0.181155
v -0.300124 0.807338 -0.181129
v -0.299974 0.806975 -0.182136
v -0.300173 0.806856 -0.181659
v -0.303325 0.805834 -0.181890
v -0.303524 0.805715 -0.181413
v -0.303806 0.801134 -0.187066
v -0.304002 0.801041 -0.186561
v -0.305997 0.800588 -0.186675
v -0.305997 0.800588 -0.186675
v -0.305585 0.800646 -0.186279
v -0.290783 0.808289 -0.184896
v -0.290783 0.808289 -0.184896
v -0.290416 0.808331 -0.184497
v -0.284049 0.809824 -0.185740
v -0.283814 0.809923 -0.186257
v -0.284310 0.813018 -0.181949
v -0.284114 0.813599 -0.181894
v -0.290841 0.810283 -0.182058
v -0.291285 0.810595 -0.182013
v -0.291285 0.810595 -0.182013
v -0.273517 0.813735 -0.186140
v -0.274174 0.813803 -0.186277
v -0.274174 0.813803 -0.186277
v -0.266046 0.820240 -0.182658
v -0.266280 0.819466 -0.182918
v -0.266307 0.812742 -0.191152
v -0.266512 0.812790 -0.190480
v -0.257461 0.760118 -0.249380
v -0.257461 0.760118 -0.249380
v -0.256449 0.766214 -0.243652
v -0.256449 0.766214 -0.243652
v -0.259111 0.766013 -0.242967
v -0.259111 0.766013 -0.242967
v -0.258779 0.768014 -0.241088
v -0.258779 0.768014 -0.241088
v -0.255500 0.768262 -0.241931
v -0.255500 0.768262 -0.241931
v -0.255951 0.765545 -0.244483
v -0.255951 0.765545 -0.244483
v -0.234520 0.769329 -0.247842
v -0.199658 0.789729 -0.239138
v -0.199490 0.789614 -0.239307
v -0.226082 0.762366 -0.257572
v -0.226082 0.762366 -0.257572
v -0.233887 0.767546 -0.249826
v -0.233887 0.767546 -0.249826
v -0.254055 0.763315 -0.247332
v -0.254055 0.763315 -0.247332
v -0.258637 0.758103 -0.250993
v -0.258054 0.756359 -0.249240
v -0.256824 0.763768 -0.242280
v -0.257407 0.765512 -0.244033
v -0.253663 0.762770 -0.248003
v -0.253081 0.761027 -0.246250
v -0.225082 0.784658 -0.235731
v -0.224499 0.782915 -0.233978
v -0.225448 0.777203 -0.239345
v -0.226030 0.778946 -0.241098
v -0.226071 0.761411 -0.258527
v -0.225489 0.759667 -0.256773
v -0.233672 0.765098 -0.248651
v -0.234255 0.766842 -0.250404
v -0.199469 0.790560 -0.238373
v -0.198887 0.788817 -0.236620
v -0.197779 0.788060 -0.237741
v -0.198361 0.789804 -0.239494
v -0.254977 0.766343 -0.244014
v -0.254395 0.764599 -0.242261
v -0.259525 0.768588 -0.240269
v -0.258943 0.766844 -0.238516
v -0.253959 0.767221 -0.239798
v -0.254542 0.768964 -0.241551
v -0.259487 0.763567 -0.241595
v -0.260070 0.765311 -0.243348
v -0.236849 0.771479 -0.241249
v -0.237432 0.773222 -0.243002
v -0.241616 0.775775 -0.239072
v -0.241034 0.774031 -0.237319
v -0.258429 0.759265 -0.250989
v -0.258429 0.759265 -0.250989
v -0.258743 0.758420 -0.251313
v -0.257513 0.765829 -0.244352
v -0.257269 0.766251 -0.244425
v -0.260176 0.765628 -0.243667
v -0.259932 0.766050 -0.243740
v -0.259631 0.768905 -0.240588
v -0.259456 0.768915 -0.241048
v -0.259456 0.768915 -0.241048
v -0.254648 0.769282 -0.241870
v -0.255022 0.769250 -0.242189
v -0.255022 0.769250 -0.242189
v -0.255083 0.766660 -0.244333
v -0.255462 0.766598 -0.244680
v -0.255462 0.766598 -0.244680
v -0.234850 0.770237 -0.247911
v -0.234850 0.770237 -0.247911
v -0.199576 0.790878 -0.238692
v -0.199702 0.790805 -0.239135
v -0.199702 0.790805 -0.239135
v -0.198467 0.790121 -0.239813
v -0.198897 0.790255 -0.239949
v -0.198897 0.790255 -0.239949
v -0.226177 0.761728 -0.258846
v -0.226246 0.762231 -0.258734
v -0.234361 0.767159 -0.250723
v -0.234308 0.767582 -0.250733
v -0.253769 0.763088 -0.248322
v -0.253961 0.763459 -0.248302
v -0.253961 0.763459 -0.248302
v -0.257575 0.760459 -0.249722
v -0.257966 0.760059 -0.250353
v -0.257966 0.760059 -0.250353
v -0.256891 0.766528 -0.244275
v -0.256891 0.766528 -0.244275
v -0.256562 0.766556 -0.243995
v -0.259554 0.766327 -0.243590
v -0.259554 0.766327 -0.243590
v -0.259225 0.766354 -0.243310
v -0.259162 0.768689 -0.241371
v -0.258893 0.768355 -0.241431
v -0.255400 0.768974 -0.242339
v -0.255614 0.768603 -0.242274
v -0.255846 0.766284 -0.244866
v -0.255846 0.766284 -0.244866
v -0.256065 0.765886 -0.244826
v -0.234757 0.770007 -0.248171
v -0.199776 0.790477 -0.239436
v -0.199772 0.790070 -0.239480
v -0.199341 0.790181 -0.239875
v -0.199604 0.789955 -0.239650
v -0.226250 0.762608 -0.258358
v -0.226250 0.762608 -0.258358
v -0.226196 0.762707 -0.257915
v -0.234163 0.767859 -0.250506
v -0.234163 0.767859 -0.250506
v -0.234001 0.767887 -0.250169
v -0.254115 0.763673 -0.248037
v -0.254115 0.763673 -0.248037
v -0.254169 0.763656 -0.247675
v -0.230653 0.769132 -0.248539
v -0.231424 0.769474 -0.248727
v -0.231424 0.769474 -0.248727
v -0.207947 0.783212 -0.242865
v -0.209556 0.781478 -0.243271
v -0.207834 0.783135 -0.242979
v -0.209454 0.781408 -0.243374
v -0.225742 0.764784 -0.255280
v -0.225742 0.764784 -0.255280
v -0.225547 0.764919 -0.254427
v -0.230998 0.768273 -0.250063
v -0.230998 0.768273 -0.250063
v -0.209098 0.780105 -0.241891
v -0.230194 0.767760 -0.247159
v -0.208996 0.780036 -0.241994
v -0.225089 0.763546 -0.253048
v -0.237234 0.773994 -0.242300
v -0.237234 0.773994 -0.242300
v -0.240241 0.775829 -0.239476
v -0.240241 0.775829 -0.239476
v -0.226108 0.783422 -0.236620
v -0.226108 0.783422 -0.236620
v -0.226805 0.779230 -0.240558
v -0.226805 0.779230 -0.240558
v -0.237516 0.773971 -0.243217
v -0.237516 0.773476 -0.243256
v -0.241701 0.776028 -0.239327
v -0.241273 0.776263 -0.239689
v -0.225166 0.784912 -0.235986
v -0.225611 0.784677 -0.236525
v -0.225611 0.784677 -0.236525
v -0.226115 0.779200 -0.241352
v -0.226468 0.779518 -0.241372
v -0.226468 0.779518 -0.241372
v -0.237336 0.774299 -0.242606
v -0.237445 0.774249 -0.242965
v -0.237445 0.774249 -0.242965
v -0.240778 0.776282 -0.239835
v -0.240778 0.776282 -0.239835
v -0.240343 0.776133 -0.239782
v -0.225981 0.784232 -0.236845
v -0.225981 0.784232 -0.236845
v -0.226210 0.783726 -0.236926
v -0.226747 0.779620 -0.241178
v -0.226747 0.779620 -0.241178
v -0.226906 0.779535 -0.240864
v -0.156604 0.741533 -0.295036
v -0.156604 0.741533 -0.295036
v -0.140047 0.741908 -0.297980
v -0.134398 0.743502 -0.297697
v -0.127965 0.746578 -0.296269
v -0.119686 0.752197 -0.292974
v -0.119686 0.752197 -0.292974
v -0.111901 0.752663 -0.294104
v -0.111901 0.752663 -0.294104
v -0.109917 0.754671 -0.292734
v -0.108490 0.758536 -0.289624
v -0.108490 0.758536 -0.289624
v -0.109576 0.760259 -0.287897
v -0.113620 0.760652 -0.286753
v -0.118106 0.759261 -0.287087
v -0.118106 0.759261 -0.287087
v -0.120670 0.753826 -0.291350
v -0.120670 0.753826 -0.291350
v -0.128939 0.748719 -0.294198
v -0.135703 0.745946 -0.295294
v -0.164059 0.745550 -0.290036
v -0.164842 0.744773 -0.290563
v -0.164842 0.744773 -0.290563
v -0.142378 0.723877 -0.313344
v -0.142378 0.723877 -0.313344
v -0.143103 0.718248 -0.318142
v -0.143103 0.718248 -0.318142
v -0.136683 0.717694 -0.319897
v -0.136683 0.717694 -0.319897
v -0.139941 0.726274 -0.311723
v -0.139302 0.728255 -0.310110
v -0.142727 0.727832 -0.309805
v -0.154046 0.740646 -0.296320
v -0.153673 0.738988 -0.294431
v -0.141725 0.727192 -0.307147
v -0.142099 0.728850 -0.309035
v -0.137700 0.729394 -0.309427
v -0.137326 0.727736 -0.307539
v -0.121691 0.754334 -0.290702
v -0.121317 0.752676 -0.288814
v -0.118670 0.758289 -0.284411
v -0.119044 0.759946 -0.286300
v -0.134926 0.716576 -0.321226
v -0.134553 0.714918 -0.319338
v -0.144067 0.715739 -0.316736
v -0.144440 0.717397 -0.318625
v -0.113633 0.761624 -0.285897
v -0.113259 0.759966 -0.284009
v -0.108319 0.759486 -0.285407
v -0.108692 0.761143 -0.287296
v -0.143656 0.723485 -0.313436
v -0.143282 0.721827 -0.311548
v -0.166046 0.743002 -0.288462
v -0.166420 0.744659 -0.290351
v -0.107175 0.758735 -0.289710
v -0.106802 0.757077 -0.287821
v -0.111345 0.751756 -0.295011
v -0.110972 0.750098 -0.293122
v -0.118921 0.749622 -0.291969
v -0.119295 0.751279 -0.293857
v -0.164434 0.746629 -0.289015
v -0.164061 0.744971 -0.287126
v -0.154125 0.740995 -0.296718
v -0.155021 0.741552 -0.296602
v -0.134249 0.743548 -0.298956
v -0.127661 0.746699 -0.297494
v -0.119561 0.752195 -0.294271
v -0.119373 0.751629 -0.294255
v -0.111666 0.752669 -0.295416
v -0.111424 0.752105 -0.295409
v -0.109304 0.755058 -0.293786
v -0.107744 0.759286 -0.290384
v -0.107744 0.759286 -0.290384
v -0.107254 0.759084 -0.290108
v -0.109120 0.761470 -0.288194
v -0.109120 0.761470 -0.288194
v -0.108771 0.761493 -0.287694
v -0.113767 0.761922 -0.286879
v -0.113767 0.761922 -0.286879
v -0.113711 0.761973 -0.286296
v -0.118876 0.760339 -0.287259
v -0.118876 0.760339 -0.287259
v -0.119122 0.760296 -0.286698
v -0.121496 0.754784 -0.291616
v -0.121496 0.754784 -0.291616
v -0.121770 0.754684 -0.291100
v -0.129475 0.749856 -0.294364
v -0.136062 0.747156 -0.295431
v -0.140607 0.746221 -0.295354
v -0.158848 0.745808 -0.292110
v -0.164450 0.746892 -0.290051
v -0.164450 0.746892 -0.290051
v -0.164513 0.746979 -0.289413
v -0.166042 0.745313 -0.291122
v -0.166498 0.745009 -0.290749
v -0.143377 0.724229 -0.314108
v -0.143735 0.723834 -0.313835
v -0.144142 0.718291 -0.319169
v -0.144519 0.717746 -0.319023
v -0.135639 0.717558 -0.321494
v -0.135005 0.716925 -0.321624
v -0.139218 0.726982 -0.312514
v -0.138362 0.729638 -0.310353
v -0.138362 0.729638 -0.310353
v -0.137778 0.729743 -0.309826
v -0.142443 0.729133 -0.309989
v -0.142443 0.729133 -0.309989
v -0.142177 0.729199 -0.309433
v -0.156105 0.741928 -0.296058
v -0.156697 0.741945 -0.295506
v -0.140164 0.742289 -0.298892
v -0.134430 0.743907 -0.298606
v -0.127940 0.747011 -0.297165
v -0.119779 0.752610 -0.293445
v -0.119727 0.752584 -0.293897
v -0.119727 0.752584 -0.293897
v -0.111994 0.753076 -0.294575
v -0.111901 0.753053 -0.295032
v -0.111901 0.753053 -0.295032
v -0.109777 0.755202 -0.293566
v -0.108583 0.758948 -0.290095
v -0.108301 0.759201 -0.290348
v -0.108301 0.759201 -0.290348
v -0.109669 0.760671 -0.288368
v -0.109494 0.761095 -0.288449
v -0.118199 0.759674 -0.287557
v -0.118479 0.760048 -0.287593
v -0.118479 0.760048 -0.287593
v -0.121063 0.754569 -0.291891
v -0.129225 0.749528 -0.294702
v -0.164152 0.745963 -0.290507
v -0.164291 0.746435 -0.290484
v -0.164935 0.745186 -0.291033
v -0.165374 0.745361 -0.291212
v -0.165374 0.745361 -0.291212
v -0.142471 0.724290 -0.313815
v -0.142835 0.724396 -0.314069
v -0.142835 0.724396 -0.314069
v -0.143196 0.718661 -0.318612
v -0.143575 0.718652 -0.318964
v -0.143575 0.718652 -0.318964
v -0.136776 0.718107 -0.320367
v -0.136384 0.718032 -0.320930
v -0.136384 0.718032 -0.320930
v -0.139761 0.726924 -0.312458
v -0.139395 0.728668 -0.310580
v -0.139042 0.729155 -0.310642
v -0.142820 0.728245 -0.310275
v -0.118404 0.753728 -0.291884
v -0.118404 0.753728 -0.291884
v -0.118013 0.753796 -0.291253
v -0.112903 0.754102 -0.291994
v -0.112760 0.754067 -0.292703
v -0.112760 0.754067 -0.292703
v -0.111641 0.755198 -0.291930
v -0.110960 0.757836 -0.289101
v -0.110523 0.758228 -0.289493
v -0.110523 0.758228 -0.289493
v -0.111211 0.758235 -0.288701
v -0.110941 0.758891 -0.288827
v -0.116225 0.757622 -0.288248
v -0.116658 0.758202 -0.288303
v -0.116658 0.758202 -0.288303
v -0.118023 0.753812 -0.291237
v -0.118608 0.754067 -0.291546
v -0.118608 0.754067 -0.291546
v -0.117720 0.752469 -0.289707
v -0.117710 0.752453 -0.289723
v -0.112601 0.752759 -0.290464
v -0.110657 0.756493 -0.287571
v -0.110909 0.756892 -0.287171
v -0.113221 0.757117 -0.286517
v -0.115923 0.756280 -0.286717
v -0.040136 0.705461 -0.340056
v -0.040136 0.705461 -0.340056
v -0.053591 0.708765 -0.336737
v -0.053591 0.708765 -0.336737
v -0.042162 0.709664 -0.336409
v -0.051093 0.721657 -0.325880
v -0.051093 0.721657 -0.325880
v -0.052635 0.710296 -0.335473
v -0.060386 0.715895 -0.330421
v -0.060386 0.715895 -0.330421
v -0.060092 0.718064 -0.328590
v -0.060092 0.718064 -0.328590
v -0.054076 0.721837 -0.325614
v -0.054076 0.721837 -0.325614
v -0.052363 0.734454 -0.314960
v -0.053922 0.746997 -0.304246
v -0.053922 0.746997 -0.304246
v -0.056806 0.749077 -0.302369
v -0.056806 0.749077 -0.302369
v -0.056775 0.749305 -0.302176
v -0.048196 0.748788 -0.302943
v -0.047832 0.751470 -0.300678
v -0.047052 0.751423 -0.300747
v -0.049380 0.734275 -0.315227
v -0.016631 0.738816 -0.312617
v -0.017243 0.732563 -0.317905
v -0.017243 0.732563 -0.317905
v -0.037131 0.730836 -0.318615
v -0.037131 0.730836 -0.318615
v -0.038481 0.720896 -0.327007
v -0.038481 0.720896 -0.327007
v -0.023307 0.705776 -0.340430
v -0.018963 0.705364 -0.340946
v -0.026757 0.701480 -0.343948
v -0.026757 0.701480 -0.343948
v -0.026352 0.704464 -0.341429
v -0.026352 0.704464 -0.341429
v -0.041542 0.721081 -0.326734
v -0.041542 0.721081 -0.326734
v -0.048453 0.735109 -0.314553
v -0.048400 0.733947 -0.313185
v -0.061269 0.715701 -0.330552
v -0.061217 0.714539 -0.329184
v -0.060853 0.717222 -0.326919
v -0.060905 0.718384 -0.328287
v -0.016555 0.705794 -0.340672
v -0.016503 0.704632 -0.339304
v -0.027736 0.699035 -0.343630
v -0.027788 0.700197 -0.344998
v -0.048958 0.749488 -0.302319
v -0.048906 0.748326 -0.300951
v -0.048542 0.751009 -0.298686
v -0.048594 0.752171 -0.300054
v -0.036320 0.730245 -0.319147
v -0.036268 0.729083 -0.317779
v -0.037544 0.719681 -0.325718
v -0.037596 0.720843 -0.327086
v -0.050280 0.720810 -0.326631
v -0.050228 0.719648 -0.325263
v -0.051578 0.709727 -0.333639
v -0.051630 0.710890 -0.335007
v -0.054744 0.746682 -0.304482
v -0.054692 0.745520 -0.303114
v -0.057646 0.747651 -0.301191
v -0.057698 0.748813 -0.302559
v -0.015634 0.738582 -0.310496
v -0.015686 0.739744 -0.311865
v -0.027182 0.703113 -0.340188
v -0.027234 0.704275 -0.341556
v -0.054873 0.720726 -0.324170
v -0.054925 0.721888 -0.325538
v -0.046104 0.750862 -0.298903
v -0.046157 0.752024 -0.300271
v -0.041490 0.709119 -0.334540
v -0.041542 0.710281 -0.335908
v -0.022791 0.705228 -0.338558
v -0.022843 0.706390 -0.339926
v -0.057484 0.748843 -0.300184
v -0.057536 0.750006 -0.301552
v -0.038719 0.704424 -0.340991
v -0.038667 0.703262 -0.339623
v -0.054076 0.707046 -0.335821
v -0.054128 0.708208 -0.337189
v -0.016393 0.730814 -0.317066
v -0.016445 0.731977 -0.318434
v -0.041988 0.719151 -0.325999
v -0.042040 0.720313 -0.327367
v -0.039242 0.705445 -0.341443
v -0.038739 0.704863 -0.341508
v -0.041787 0.710727 -0.336859
v -0.041787 0.710727 -0.336859
v -0.041562 0.710720 -0.336425
v -0.050591 0.721764 -0.327148
v -0.050300 0.721249 -0.327147
v -0.051649 0.711328 -0.335523
v -0.052009 0.711343 -0.335946
v -0.052009 0.711343 -0.335946
v -0.061289 0.716140 -0.331069
v -0.060991 0.716429 -0.331284
v -0.060991 0.716429 -0.331284
v -0.060925 0.718823 -0.328804
v -0.060652 0.718933 -0.329170
v -0.060652 0.718933 -0.329170
v -0.054945 0.722327 -0.326055
v -0.054526 0.722522 -0.326354
v -0.054526 0.722522 -0.326354
v -0.052813 0.735140 -0.315700
v -0.054764 0.747121 -0.304999
v -0.054368 0.747498 -0.305143
v -0.057718 0.749252 -0.303076
v -0.057287 0.749604 -0.303242
v -0.057556 0.750444 -0.302069
v -0.057190 0.750320 -0.302638
v -0.057190 0.750320 -0.302638
v -0.048977 0.749927 -0.302835
v -0.048611 0.749802 -0.303404
v -0.048611 0.749802 -0.303404
v -0.048613 0.752610 -0.300570
v -0.048274 0.752510 -0.301117
v -0.048274 0.752510 -0.301117
v -0.046176 0.752463 -0.300788
v -0.046565 0.752430 -0.301250
v -0.046565 0.752430 -0.301250
v -0.048472 0.735548 -0.315070
v -0.048874 0.735416 -0.315615
v -0.048874 0.735416 -0.315615
v -0.036728 0.734684 -0.316700
v -0.036728 0.734684 -0.316700
v -0.015705 0.740183 -0.312381
v -0.016211 0.739917 -0.313036
v -0.016211 0.739917 -0.313036
v -0.016465 0.732415 -0.318951
v -0.016893 0.732944 -0.318934
v -0.036340 0.730684 -0.319664
v -0.036772 0.731213 -0.319647
v -0.037616 0.721282 -0.327603
v -0.038086 0.721531 -0.327822
v -0.038086 0.721531 -0.327822
v -0.022863 0.706829 -0.340443
v -0.023056 0.706807 -0.340903
v -0.023056 0.706807 -0.340903
v -0.016575 0.706233 -0.341188
v -0.017538 0.706284 -0.341557
v -0.027808 0.700636 -0.345515
v -0.027409 0.701365 -0.345360
v -0.027254 0.704714 -0.342072
v -0.026915 0.705010 -0.342283
v -0.026915 0.705010 -0.342283
v -0.042060 0.720752 -0.327883
v -0.041897 0.721239 -0.327925
v -0.040160 0.705990 -0.340679
v -0.039874 0.705908 -0.341026
v -0.039874 0.705908 -0.341026
v -0.053732 0.709311 -0.337607
v -0.053732 0.709311 -0.337607
v -0.053615 0.709295 -0.337359
v -0.042185 0.710193 -0.337032
v -0.042064 0.710451 -0.337083
v -0.051116 0.722186 -0.326503
v -0.050955 0.722143 -0.326812
v -0.050955 0.722143 -0.326812
v -0.052457 0.711078 -0.336154
v -0.052659 0.710825 -0.336096
v -0.060598 0.716516 -0.331225
v -0.060598 0.716516 -0.331225
v -0.060410 0.716425 -0.331043
v -0.060289 0.718790 -0.329305
v -0.060289 0.718790 -0.329305
v -0.060116 0.718593 -0.329213
v -0.054354 0.722512 -0.326369
v -0.054354 0.722512 -0.326369
v -0.054099 0.722366 -0.326237
v -0.052641 0.735130 -0.315715
v -0.054188 0.747567 -0.305091
v -0.054188 0.747567 -0.305091
v -0.053946 0.747526 -0.304869
v -0.057092 0.749662 -0.303201
v -0.057092 0.749662 -0.303201
v -0.056830 0.749606 -0.302992
v -0.057023 0.750166 -0.302775
v -0.056799 0.749834 -0.302799
v -0.048445 0.749649 -0.303541
v -0.048220 0.749317 -0.303566
v -0.048064 0.752317 -0.301289
v -0.047856 0.751999 -0.301301
v -0.046863 0.752230 -0.301408
v -0.047076 0.751952 -0.301370
v -0.049183 0.735139 -0.315840
v -0.049404 0.734804 -0.315850
v -0.016371 0.739760 -0.313164
v -0.016655 0.739345 -0.313240
v -0.017028 0.733044 -0.318844
v -0.017028 0.733044 -0.318844
v -0.017266 0.733092 -0.318528
v -0.036914 0.731316 -0.319554
v -0.036914 0.731316 -0.319554
v -0.037155 0.731365 -0.319238
v -0.038242 0.721540 -0.327808
v -0.023228 0.706579 -0.341090
v -0.023331 0.706305 -0.341053
v -0.018430 0.706125 -0.341659
v -0.018986 0.705893 -0.341568
v -0.027028 0.701841 -0.344971
v -0.027028 0.701841 -0.344971
v -0.026781 0.702009 -0.344571
v -0.026588 0.705080 -0.342236
v -0.026588 0.705080 -0.342236
v -0.026376 0.704993 -0.342052
v -0.041674 0.721583 -0.327641
v -0.041674 0.721583 -0.327641
v -0.041566 0.721610 -0.327357
v -0.047878 0.732100 -0.316504
v -0.048434 0.732657 -0.316637
v -0.042873 0.722628 -0.324741
v -0.042353 0.722690 -0.325336
v -0.042353 0.722690 -0.325336
v -0.043102 0.722735 -0.325269
v -0.041639 0.731723 -0.317062
v -0.041060 0.732212 -0.317296
v -0.041214 0.731082 -0.318250
v -0.049026 0.723093 -0.324739
v -0.049726 0.723135 -0.324677
v -0.049726 0.723135 -0.324677
v -0.049112 0.723005 -0.324183
v -0.047840 0.731247 -0.315500
v -0.049074 0.722152 -0.323179
v -0.041600 0.730870 -0.316058
v -0.042835 0.721776 -0.323737
v -0.053865 0.711895 -0.334068
v -0.054125 0.711479 -0.334411
v -0.054125 0.711479 -0.334411
v -0.054211 0.711721 -0.333699
v -0.053083 0.719258 -0.327339
v -0.052788 0.719835 -0.327363
v -0.058503 0.716073 -0.330342
v -0.058503 0.716073 -0.330342
v -0.058152 0.715857 -0.330035
v -0.058331 0.717346 -0.329267
v -0.058331 0.717346 -0.329267
v -0.058001 0.716968 -0.329097
v -0.054223 0.719922 -0.327235
v -0.054238 0.719328 -0.327236
v -0.053042 0.718344 -0.326263
v -0.054197 0.718413 -0.326160
v -0.054170 0.710807 -0.332623
v -0.058111 0.714943 -0.328959
v -0.057960 0.716054 -0.328021
f 129 127 120
f 129 120 118
f 41 42 136
f 41 136 138
f 58 57 99
f 58 99 101
f 143 141 106
f 143 106 104
f 49 69 123
f 49 123 82
f 157 155 92
f 157 92 90
f 44 45 130
f 44 130 132
f 137 135 112
f 137 112 110
f 50 49 82
f 50 82 85
f 69 68 121
f 69 121 123
f 68 67 119
f 68 119 121
f 67 66 117
f 67 117 119
f 66 65 115
f 66 115 117
f 65 64 113
f 65 113 115
f 64 63 111
f 64 111 113
f 63 62 109
f 63 109 111
f 62 61 107
f 62 107 109
f 61 60 105
f 61 105 107
f 60 59 103
f 60 103 105
f 59 58 101
f 59 101 103
f 57 56 97
f 57 97 99
f 56 55 95
f 56 95 97
f 55 54 93
f 55 93 95
f 25 26 78
f 25 78 77
f 54 53 91
f 54 91 93
f 53 52 89
f 53 89 91
f 52 51 87
f 52 87 89
f 51 50 85
f 51 85 87
f 47 48 124
f 47 124 126
f 37 38 144
f 37 144 146
f 31 32 156
f 31 156 158
f 151 149 98
f 151 98 96
f 28 29 162
f 28 162 165
f 131 129 118
f 131 118 116
f 164 163 84
f 164 84 83
f 40 41 138
f 40 138 140
f 145 143 104
f 145 104 102
f 34 35 150
f 34 150 152
f 159 157 90
f 159 90 88
f 127 125 122
f 127 122 120
f 43 44 132
f 43 132 134
f 36 37 146
f 36 146 148
f 139 137 110
f 139 110 108
f 30 31 158
f 30 158 160
f 153 151 96
f 153 96 94
f 46 47 126
f 46 126 128
f 39 40 140
f 39 140 142
f 133 131 116
f 133 116 114
f 33 34 152
f 33 152 154
f 147 145 102
f 147 102 100
f 30 29 40
f 30 40 39
f 32 31 30
f 35 34 33
f 33 32 30
f 30 39 38
f 30 38 37
f 36 35 33
f 33 30 37
f 37 36 33
f 42 41 47
f 45 44 43
f 42 47 46
f 45 43 42
f 46 45 42
f 23 24 74
f 23 74 73
f 22 23 73
f 22 73 70
f 26 27 81
f 26 81 78
f 24 25 77
f 24 77 74
f 27 22 70
f 27 70 81
f 41 40 75
f 41 75 76
f 6 5 53
f 6 53 54
f 17 16 64
f 17 64 65
f 4 3 51
f 4 51 52
f 15 14 62
f 15 62 63
f 40 29 72
f 40 72 75
f 2 1 49
f 2 49 50
f 13 12 60
f 13 60 61
f 1 21 69
f 1 69 49
f 11 10 58
f 11 58 59
f 20 19 67
f 20 67 68
f 9 8 56
f 9 56 57
f 48 47 79
f 48 79 80
f 18 17 65
f 18 65 66
f 7 6 54
f 7 54 55
f 28 48 80
f 28 80 71
f 5 4 52
f 5 52 53
f 16 15 63
f 16 63 64
f 47 41 76
f 47 76 79
f 3 2 50
f 3 50 51
f 14 13 61
f 14 61 62
f 12 11 59
f 12 59 60
f 21 20 68
f 21 68 69
f 10 9 57
f 10 57 58
f 19 18 66
f 19 66 67
f 8 7 55
f 8 55 56
f 163 161 86
f 163 86 84
f 149 147 100
f 149 100 98
f 32 33 154
f 32 154 156
f 135 133 114
f 135 114 112
f 38 39 142
f 38 142 144
f 45 46 128
f 45 128 130
f 155 153 94
f 155 94 92
f 29 30 160
f 29 160 162
f 35 36 148
f 35 148 150
f 141 139 108
f 141 108 106
f 42 43 134
f 42 134 136
f 161 159 88
f 161 88 86
f 48 28 165
f 48 165 124
f 122 83 82
f 122 82 123
f 120 122 123
f 120 123 121
f 118 120 121
f 118 121 119
f 116 118 119
f 116 119 117
f 114 116 117
f 114 117 115
f 112 114 115
f 112 115 113
f 110 112 113
f 110 113 111
f 108 110 111
f 108 111 109
f 106 108 109
f 106 109 107
f 104 106 107
f 104 107 105
f 102 104 105
f 102 105 103
f 100 102 103
f 100 103 101
f 98 100 101
f 98 101 99
f 96 98 99
f 96 99 97
f 94 96 97
f 94 97 95
f 92 94 95
f 92 95 93
f 90 92 93
f 90 93 91
f 88 90 91
f 88 91 89
f 86 88 89
f 86 89 87
f 84 86 87
f 84 87 85
f 83 84 85
f 83 85 82
f 70 73 72
f 70 72 71
f 74 77 76
f 74 76 75
f 78 81 80
f 78 80 79
f 81 70 71
f 81 71 80
f 73 74 75
f 73 75 72
f 79 76 77
f 79 77 78
f 29 28 71
f 29 71 72
f 124 165 164
f 124 164 125
f 126 124 125
f 126 125 127
f 128 126 127
f 128 127 129
f 130 128 129
f 130 129 131
f 132 130 131
f 132 131 133
f 134 132 133
f 134 133 135
f 136 134 135
f 136 135 137
f 138 136 137
f 138 137 139
f 140 138 139
f 140 139 141
f 142 140 141
f 142 141 143
f 144 142 143
f 144 143 145
f 146 144 145
f 146 145 147
f 148 146 147
f 148 147 149
f 150 148 149
f 150 149 151
f 152 150 151
f 152 151 153
f 154 152 153
f 154 153 155
f 156 154 155
f 156 155 157
f 158 156 157
f 158 157 159
f 160 158 159
f 160 159 161
f 162 160 161
f 162 161 163
f 165 162 163
f 165 163 164
f 125 164 83
f 125 83 122
f 364 362 331
f 364 331 329
f 234 235 359
f 234 359 361
f 219 220 389
f 219 389 391
f 394 392 301
f 394 301 299
f 241 207 416
f 241 416 347
f 380 378 315
f 380 315 313
f 226 227 375
f 226 375 377
f 212 213 403
f 212 403 405
f 243 242 277
f 243 277 280
f 276 275 344
f 276 344 346
f 275 274 342
f 275 342 344
f 274 273 340
f 274 340 342
f 273 272 338
f 273 338 340
f 272 271 336
f 272 336 338
f 271 270 334
f 271 334 336
f 270 269 332
f 270 332 334
f 269 268 330
f 269 330 332
f 268 267 328
f 268 328 330
f 267 266 326
f 267 326 328
f 266 265 324
f 266 324 326
f 265 264 322
f 265 322 324
f 264 263 320
f 264 320 322
f 263 262 318
f 263 318 320
f 262 261 316
f 262 316 318
f 261 260 314
f 261 314 316
f 260 259 312
f 260 312 314
f 259 258 310
f 259 310 312
f 258 257 308
f 258 308 310
f 257 256 306
f 257 306 308
f 256 255 304
f 256 304 306
f 255 254 302
f 255 302 304
f 254 253 300
f 254 300 302
f 253 252 298
f 253 298 300
f 252 251 296
f 252 296 298
f 250 249 292
f 250 292 294
f 249 248 290
f 249 290 292
f 248 247 288
f 248 288 290
f 204 205 425
f 204 425 424
f 247 246 286
f 247 286 288
f 246 245 284
f 246 284 286
f 245 244 282
f 245 282 284
f 244 243 280
f 244 280 282
f 240 241 347
f 240 347 349
f 410 408 285
f 410 285 283
f 366 364 329
f 366 329 327
f 233 234 361
f 233 361 363
f 218 219 391
f 218 391 393
f 396 394 299
f 396 299 297
f 352 350 343
f 352 343 341
f 207 208 413
f 207 413 416
f 382 380 313
f 382 313 311
f 225 226 377
f 225 377 379
f 211 212 405
f 211 405 407
f 412 410 283
f 412 283 281
f 368 366 327
f 368 327 325
f 232 233 363
f 232 363 365
f 217 218 393
f 217 393 395
f 398 396 297
f 398 297 295
f 354 352 341
f 354 341 339
f 239 240 349
f 239 349 351
f 384 382 311
f 384 311 309
f 224 225 379
f 224 379 381
f 210 211 407
f 210 407 409
f 414 412 281
f 414 281 279
f 370 368 325
f 370 325 323
f 231 232 365
f 231 365 367
f 216 217 395
f 216 395 397
f 400 398 295
f 400 295 293
f 356 354 339
f 356 339 337
f 238 239 351
f 238 351 353
f 386 384 309
f 386 309 307
f 223 224 381
f 223 381 383
f 209 210 409
f 209 409 411
f 415 414 279
f 415 279 278
f 372 370 323
f 372 323 321
f 230 231 367
f 230 367 369
f 215 216 397
f 215 397 399
f 402 400 293
f 402 293 291
f 226 225 207
f 207 241 240
f 240 239 238
f 238 237 236
f 236 235 234
f 234 233 232
f 232 231 230
f 232 230 229
f 236 234 232
f 240 238 236
f 226 207 240
f 227 226 240
f 240 236 232
f 232 229 228
f 228 227 240
f 240 232 228
f 211 210 224
f 211 224 223
f 213 212 211
f 215 214 213
f 217 216 215
f 219 218 217
f 220 219 217
f 217 215 213
f 213 211 223
f 213 223 222
f 220 217 213
f 213 222 221
f 221 220 213
f 201 202 420
f 201 420 417
f 205 206 428
f 205 428 425
f 203 204 424
f 203 424 422
f 202 203 422
f 202 422 420
f 206 201 417
f 206 417 428
f 209 208 419
f 209 419 421
f 171 170 246
f 171 246 247
f 188 187 263
f 188 263 264
f 178 177 253
f 178 253 254
f 195 194 270
f 195 270 271
f 185 184 260
f 185 260 261
f 168 167 243
f 168 243 244
f 207 225 427
f 207 427 418
f 175 174 250
f 175 250 251
f 192 191 267
f 192 267 268
f 182 181 257
f 182 257 258
f 199 198 274
f 199 274 275
f 210 209 421
f 210 421 423
f 189 188 264
f 189 264 265
f 172 171 247
f 172 247 248
f 196 195 271
f 196 271 272
f 179 178 254
f 179 254 255
f 169 168 244
f 169 244 245
f 186 185 261
f 186 261 262
f 225 224 426
f 225 426 427
f 176 175 251
f 176 251 252
f 193 192 268
f 193 268 269
f 200 199 275
f 200 275 276
f 183 182 258
f 183 258 259
f 224 210 423
f 224 423 426
f 173 172 248
f 173 248 249
f 190 189 265
f 190 265 266
f 180 179 255
f 180 255 256
f 197 196 272
f 197 272 273
f 187 186 262
f 187 262 263
f 170 169 245
f 170 245 246
f 177 176 252
f 177 252 253
f 194 193 269
f 194 269 270
f 166 200 276
f 166 276 242
f 167 166 242
f 167 242 243
f 184 183 259
f 184 259 260
f 174 173 249
f 174 249 250
f 191 190 266
f 191 266 267
f 198 197 273
f 198 273 274
f 181 180 256
f 181 256 257
f 408 406 287
f 408 287 285
f 213 214 401
f 213 401 403
f 227 228 373
f 227 373 375
f 378 376 317
f 378 317 315
f 350 348 345
f 350 345 343
f 220 221 387
f 220 387 389
f 392 390 303
f 392 303 301
f 235 236 357
f 235 357 359
f 362 360 333
f 362 333 331
f 251 250 294
f 251 294 296
f 406 404 289
f 406 289 287
f 228 229 371
f 228 371 373
f 376 374 319
f 376 319 317
f 242 276 346
f 242 346 277
f 390 388 305
f 390 305 303
f 221 222 385
f 221 385 387
f 236 237 355
f 236 355 357
f 360 358 335
f 360 335 333
f 404 402 291
f 404 291 289
f 214 215 399
f 214 399 401
f 229 230 369
f 229 369 371
f 374 372 321
f 374 321 319
f 208 209 411
f 208 411 413
f 388 386 307
f 388 307 305
f 222 223 383
f 222 383 385
f 237 238 353
f 237 353 355
f 358 356 337
f 358 337 335
f 345 278 277
f 345 277 346
f 343 345 346
f 343 346 344
f 341 343 344
f 341 344 342
f 339 341 342
f 339 342 340
f 337 339 340
f 337 340 338
f 335 337 338
f 335 338 336
f 333 335 336
f 333 336 334
f 331 333 334
f 331 334 332
f 329 331 332
f 329 332 330
f 327 329 330
f 327 330 328
f 325 327 328
f 325 328 326
f 323 325 326
f 323 326 324
f 321 323 324
f 321 324 322
f 319 321 322
f 319 322 320
f 317 319 320
f 317 320 318
f 315 317 318
f 315 318 316
f 313 315 316
f 313 316 314
f 311 313 314
f 311 314 312
f 309 311 312
f 309 312 310
f 307 309 310
f 307 310 308
f 305 307 308
f 305 308 306
f 303 305 306
f 303 306 304
f 301 303 304
f 301 304 302
f 299 301 302
f 299 302 300
f 297 299 300
f 297 300 298
f 295 297 298
f 295 298 296
f 293 295 296
f 293 296 294
f 291 293 294
f 291 294 292
f 289 291 292
f 289 292 290
f 287 289 290
f 287 290 288
f 285 287 288
f 285 288 286
f 283 285 286
f 283 286 284
f 281 283 284
f 281 284 282
f 279 281 282
f 279 282 280
f 278 279 280
f 278 280 277
f 347 416 415
f 347 415 348
f 349 347 348
f 349 348 350
f 351 349 350
f 351 350 352
f 353 351 352
f 353 352 354
f 355 353 354
f 355 354 356
f 357 355 356
f 357 356 358
f 359 357 358
f 359 358 360
f 361 359 360
f 361 360 362
f 363 361 362
f 363 362 364
f 365 363 364
f 365 364 366
f 367 365 366
f 367 366 368
f 369 367 368
f 369 368 370
f 371 369 370
f 371 370 372
f 373 371 372
f 373 372 374
f 375 373 374
f 375 374 376
f 377 375 376
f 377 376 378
f 379 377 378
f 379 378 380
f 381 379 380
f 381 380 382
f 383 381 382
f 383 382 384
f 385 383 384
f 385 384 386
f 387 385 386
f 387 386 388
f 389 387 388
f 389 388 390
f 391 389 390
f 391 390 392
f 393 391 392
f 393 392 394
f 395 393 394
f 395 394 396
f 397 395 396
f 397 396 398
f 399 397 398
f 399 398 400
f 401 399 400
f 401 400 402
f 403 401 402
f 403 402 404
f 405 403 404
f 405 404 406
f 407 405 406
f 407 406 408
f 409 407 408
f 409 408 410
f 411 409 410
f 411 410 412
f 413 411 412
f 413 412 414
f 416 413 414
f 416 414 415
f 348 415 278
f 348 278 345
f 417 420 419
f 417 419 418
f 420 422 421
f 420 421 419
f 422 424 423
f 422 423 421
f 425 428 427
f 425 427 426
f 418 427 428
f 418 428 417
f 424 425 426
f 424 426 423
f 208 207 418
f 208 418 419
f 436 433 449
f 436 449 456
f 440 439 445
f 440 445 447
f 439 438 443
f 439 443 445
f 453 455 448
f 453 448 446
f 435 436 456
f 435 456 454
f 437 440 447
f 437 447 442
f 451 453 446
f 451 446 444
f 433 436 435
f 433 435 434
f 434 435 454
f 434 454 452
f 431 430 438
f 431 438 439
f 432 431 439
f 432 439 440
f 430 429 437
f 430 437 438
f 429 432 440
f 429 440 437
f 433 434 452
f 433 452 449
f 455 450 441
f 455 441 448
f 450 451 444
f 450 444 441
f 438 437 442
f 438 442 443
f 441 444 443
f 441 443 442
f 444 446 445
f 444 445 443
f 446 448 447
f 446 447 445
f 448 441 442
f 448 442 447
f 449 452 451
f 449 451 450
f 452 454 453
f 452 453 451
f 454 456 455
f 454 455 453
f 456 449 450
f 456 450 455
f 609 608 525
f 609 525 524
f 502 501 523
f 502 523 526
f 522 521 564
f 522 564 566
f 521 520 562
f 521 562 564
f 520 519 560
f 520 560 562
f 519 518 558
f 519 558 560
f 518 517 556
f 518 556 558
f 517 516 554
f 517 554 556
f 516 515 552
f 516 552 554
f 515 514 550
f 515 550 552
f 514 513 548
f 514 548 550
f 513 512 546
f 513 546 548
f 512 511 544
f 512 544 546
f 511 510 542
f 511 542 544
f 510 509 540
f 510 540 542
f 509 508 538
f 509 538 540
f 508 507 536
f 508 536 538
f 507 506 534
f 507 534 536
f 506 505 532
f 506 532 534
f 505 504 530
f 505 530 532
f 504 503 528
f 504 528 530
f 503 502 526
f 503 526 528
f 480 479 500
f 500 499 498
f 498 497 496
f 496 495 494
f 494 493 492
f 492 491 490
f 492 490 489
f 496 494 492
f 500 498 496
f 481 480 500
f 482 481 500
f 496 492 489
f 496 489 488
f 483 482 500
f 484 483 500
f 496 488 487
f 496 487 486
f 484 500 496
f 496 486 485
f 496 485 484
f 576 574 559
f 576 559 557
f 490 491 585
f 490 585 587
f 483 484 599
f 483 599 601
f 590 588 545
f 590 545 543
f 500 479 610
f 500 610 567
f 604 602 531
f 604 531 529
f 493 494 579
f 493 579 581
f 584 582 551
f 584 551 549
f 486 487 593
f 486 593 595
f 479 480 607
f 479 607 610
f 598 596 537
f 598 537 535
f 496 497 573
f 496 573 575
f 489 490 587
f 489 587 589
f 578 576 557
f 578 557 555
f 482 483 601
f 482 601 603
f 592 590 543
f 592 543 541
f 606 604 529
f 606 529 527
f 572 570 563
f 572 563 561
f 492 493 581
f 492 581 583
f 485 486 595
f 485 595 597
f 586 584 549
f 586 549 547
f 462 461 505
f 462 505 506
f 473 472 516
f 473 516 517
f 460 459 503
f 460 503 504
f 471 470 514
f 471 514 515
f 458 457 501
f 458 501 502
f 469 468 512
f 469 512 513
f 478 477 521
f 478 521 522
f 467 466 510
f 467 510 511
f 476 475 519
f 476 519 520
f 465 464 508
f 465 508 509
f 474 473 517
f 474 517 518
f 463 462 506
f 463 506 507
f 461 460 504
f 461 504 505
f 472 471 515
f 472 515 516
f 459 458 502
f 459 502 503
f 470 469 513
f 470 513 514
f 457 478 522
f 457 522 501
f 468 467 511
f 468 511 512
f 477 476 520
f 477 520 521
f 466 465 509
f 466 509 510
f 475 474 518
f 475 518 519
f 464 463 507
f 464 507 508
f 497 498 571
f 497 571 573
f 596 594 539
f 596 539 537
f 480 481 605
f 480 605 607
f 582 580 553
f 582 553 551
f 487 488 591
f 487 591 593
f 494 495 577
f 494 577 579
f 570 568 565
f 570 565 563
f 602 600 533
f 602 533 531
f 484 485 597
f 484 597 599
f 588 586 547
f 588 547 545
f 491 492 583
f 491 583 585
f 608 606 527
f 608 527 525
f 574 572 561
f 574 561 559
f 498 499 569
f 498 569 571
f 594 592 541
f 594 541 539
f 481 482 603
f 481 603 605
f 488 489 589
f 488 589 591
f 580 578 555
f 580 555 553
f 495 496 575
f 495 575 577
f 600 598 535
f 600 535 533
f 501 522 566
f 501 566 523
f 565 524 523
f 565 523 566
f 563 565 566
f 563 566 564
f 561 563 564
f 561 564 562
f 559 561 562
f 559 562 560
f 557 559 560
f 557 560 558
f 555 557 558
f 555 558 556
f 553 555 556
f 553 556 554
f 551 553 554
f 551 554 552
f 549 551 552
f 549 552 550
f 547 549 550
f 547 550 548
f 545 547 548
f 545 548 546
f 543 545 546
f 543 546 544
f 541 543 544
f 541 544 542
f 539 541 542
f 539 542 540
f 537 539 540
f 537 540 538
f 535 537 538
f 535 538 536
f 533 535 536
f 533 536 534
f 531 533 534
f 531 534 532
f 529 531 532
f 529 532 530
f 527 529 530
f 527 530 528
f 525 527 528
f 525 528 526
f 524 525 526
f 524 526 523
f 499 500 567
f 499 567 569
f 567 610 609
f 567 609 568
f 569 567 568
f 569 568 570
f 571 569 570
f 571 570 572
f 573 571 572
f 573 572 574
f 575 573 574
f 575 574 576
f 577 575 576
f 577 576 578
f 579 577 578
f 579 578 580
f 581 579 580
f 581 580 582
f 583 581 582
f 583 582 584
f 585 583 584
f 585 584 586
f 587 585 586
f 587 586 588
f 589 587 588
f 589 588 590
f 591 589 590
f 591 590 592
f 593 591 592
f 593 592 594
f 595 593 594
f 595 594 596
f 597 595 596
f 597 596 598
f 599 597 598
f 599 598 600
f 601 599 600
f 601 600 602
f 603 601 602
f 603 602 604
f 605 603 604
f 605 604 606
f 607 605 606
f 607 606 608
f 610 607 608
f 610 608 609
f 568 609 524
f 568 524 565
f 666 669 658
f 666 658 653
f 664 659 636
f 664 636 639
f 659 661 638
f 659 638 636
f 615 614 642
f 615 642 643
f 628 626 640
f 628 640 635
f 624 623 663
f 624 663 662
f 634 632 654
f 634 654 657
f 633 634 657
f 633 657 655
f 632 633 655
f 632 655 654
f 627 628 635
f 627 635 637
f 661 664 639
f 661 639 638
f 626 627 637
f 626 637 640
f 623 624 644
f 623 644 641
f 629 631 670
f 629 670 665
f 669 667 656
f 669 656 658
f 667 666 653
f 667 653 656
f 629 630 650
f 629 650 647
f 621 620 648
f 621 648 649
f 614 616 645
f 614 645 642
f 631 630 668
f 631 668 670
f 630 629 665
f 630 665 668
f 620 622 651
f 620 651 648
f 622 621 649
f 622 649 651
f 630 631 652
f 630 652 650
f 631 629 647
f 631 647 652
f 619 617 632
f 619 632 634
f 618 619 634
f 618 634 633
f 617 618 633
f 617 633 632
f 616 615 643
f 616 643 645
f 624 625 646
f 624 646 644
f 625 623 641
f 625 641 646
f 613 611 626
f 613 626 628
f 612 613 628
f 612 628 627
f 611 612 627
f 611 627 626
f 657 654 653
f 657 653 658
f 655 657 658
f 655 658 656
f 654 655 656
f 654 656 653
f 635 640 639
f 635 639 636
f 637 635 636
f 637 636 638
f 640 637 638
f 640 638 639
f 641 644 643
f 641 643 642
f 644 646 645
f 644 645 643
f 646 641 642
f 646 642 645
f 647 650 649
f 647 649 648
f 650 652 651
f 650 651 649
f 652 647 648
f 652 648 651
f 625 624 662
f 625 662 660
f 669 666 665
f 669 665 670
f 667 669 670
f 667 670 668
f 666 667 668
f 666 668 665
f 659 664 663
f 659 663 660
f 661 659 660
f 661 660 662
f 664 661 662
f 664 662 663
f 623 625 660
f 623 660 663
f 720 696 697
f 697 698 699
f 720 697 699
f 718 719 720
f 716 717 718
f 715 716 718
f 718 720 699
f 718 699 700
f 718 700 701
f 718 701 702
f 715 718 702
f 715 702 703
f 712 713 714
f 715 703 704
f 711 712 714
f 708 709 710
f 710 711 714
f 715 704 705
f 710 714 715
f 707 708 710
f 705 706 707
f 710 715 705
f 705 707 710
f 799 796 747
f 799 747 748
f 815 813 762
f 815 762 764
f 699 698 800
f 699 800 802
f 715 714 832
f 715 832 834
f 801 799 748
f 801 748 750
f 835 833 782
f 835 782 784
f 708 707 818
f 708 818 820
f 701 700 804
f 701 804 806
f 821 819 768
f 821 768 770
f 718 717 838
f 718 838 840
f 841 839 788
f 841 788 790
f 807 805 754
f 807 754 756
f 711 710 824
f 711 824 826
f 704 703 810
f 704 810 812
f 827 825 774
f 827 774 776
f 697 696 797
f 697 797 798
f 813 811 760
f 813 760 762
f 714 713 830
f 714 830 832
f 833 831 780
f 833 780 782
f 796 845 794
f 796 794 747
f 707 706 816
f 707 816 818
f 819 817 766
f 819 766 768
f 700 699 802
f 700 802 804
f 717 716 836
f 717 836 838
f 689 690 740
f 689 740 739
f 678 679 729
f 678 729 728
f 687 688 738
f 687 738 737
f 676 677 727
f 676 727 726
f 674 675 725
f 674 725 724
f 685 686 736
f 685 736 735
f 694 695 745
f 694 745 744
f 672 673 723
f 672 723 722
f 683 684 734
f 683 734 733
f 692 693 743
f 692 743 742
f 681 682 732
f 681 732 731
f 690 691 741
f 690 741 740
f 679 680 730
f 679 730 729
f 688 689 739
f 688 739 738
f 677 678 728
f 677 728 727
f 675 676 726
f 675 726 725
f 686 687 737
f 686 737 736
f 695 671 721
f 695 721 745
f 673 674 724
f 673 724 723
f 684 685 735
f 684 735 734
f 693 694 744
f 693 744 743
f 671 672 722
f 671 722 721
f 682 683 733
f 682 733 732
f 691 692 742
f 691 742 741
f 680 681 731
f 680 731 730
f 745 721 746
f 745 746 795
f 722 723 751
f 722 751 749
f 724 725 755
f 724 755 753
f 702 701 806
f 702 806 808
f 725 726 757
f 725 757 755
f 726 727 759
f 726 759 757
f 728 729 763
f 728 763 761
f 706 705 814
f 706 814 816
f 729 730 765
f 729 765 763
f 731 732 769
f 731 769 767
f 709 708 820
f 709 820 822
f 732 733 771
f 732 771 769
f 733 734 773
f 733 773 771
f 735 736 777
f 735 777 775
f 713 712 828
f 713 828 830
f 736 737 779
f 736 779 777
f 738 739 783
f 738 783 781
f 716 715 834
f 716 834 836
f 739 740 785
f 739 785 783
f 741 742 789
f 741 789 787
f 719 718 840
f 719 840 842
f 742 743 791
f 742 791 789
f 743 744 793
f 743 793 791
f 721 722 749
f 721 749 746
f 829 827 776
f 829 776 778
f 705 704 812
f 705 812 814
f 712 711 826
f 712 826 828
f 809 807 756
f 809 756 758
f 843 841 790
f 843 790 792
f 720 719 842
f 720 842 844
f 703 702 808
f 703 808 810
f 823 821 770
f 823 770 772
f 710 709 822
f 710 822 824
f 803 801 750
f 803 750 752
f 837 835 784
f 837 784 786
f 740 741 787
f 740 787 785
f 817 815 764
f 817 764 766
f 723 724 753
f 723 753 751
f 831 829 778
f 831 778 780
f 730 731 767
f 730 767 765
f 737 738 781
f 737 781 779
f 811 809 758
f 811 758 760
f 845 843 792
f 845 792 794
f 744 745 795
f 744 795 793
f 825 823 772
f 825 772 774
f 727 728 761
f 727 761 759
f 734 735 775
f 734 775 773
f 805 803 752
f 805 752 754
f 839 837 786
f 839 786 788
f 746 749 748
f 746 748 747
f 749 751 750
f 749 750 748
f 751 753 752
f 751 752 750
f 753 755 754
f 753 754 752
f 755 757 756
f 755 756 754
f 757 759 758
f 757 758 756
f 759 761 760
f 759 760 758
f 761 763 762
f 761 762 760
f 763 765 764
f 763 764 762
f 765 767 766
f 765 766 764
f 767 769 768
f 767 768 766
f 769 771 770
f 769 770 768
f 771 773 772
f 771 772 770
f 773 775 774
f 773 774 772
f 775 777 776
f 775 776 774
f 777 779 778
f 777 778 776
f 779 781 780
f 779 780 778
f 781 783 782
f 781 782 780
f 783 785 784
f 783 784 782
f 785 787 786
f 785 786 784
f 787 789 788
f 787 788 786
f 789 791 790
f 789 790 788
f 791 793 792
f 791 792 790
f 793 795 794
f 793 794 792
f 795 746 747
f 795 747 794
f 698 697 798
f 698 798 800
f 796 799 798
f 796 798 797
f 799 801 800
f 799 800 798
f 801 803 802
f 801 802 800
f 803 805 804
f 803 804 802
f 805 807 806
f 805 806 804
f 807 809 808
f 807 808 806
f 809 811 810
f 809 810 808
f 811 813 812
f 811 812 810
f 813 815 814
f 813 814 812
f 815 817 816
f 815 816 814
f 817 819 818
f 817 818 816
f 819 821 820
f 819 820 818
f 821 823 822
f 821 822 820
f 823 825 824
f 823 824 822
f 825 827 826
f 825 826 824
f 827 829 828
f 827 828 826
f 829 831 830
f 829 830 828
f 831 833 832
f 831 832 830
f 833 835 834
f 833 834 832
f 835 837 836
f 835 836 834
f 837 839 838
f 837 838 836
f 839 841 840
f 839 840 838
f 841 843 842
f 841 842 840
f 843 845 844
f 843 844 842
f 845 796 797
f 845 797 844
f 696 720 844
f 696 844 797
f 864 863 899
f 864 899 897
f 870 873 909
f 870 909 902
f 908 906 891
f 908 891 893
f 903 908 893
f 903 893 886
f 873 872 907
f 873 907 909
f 901 894 879
f 901 879 884
f 871 870 902
f 871 902 905
f 877 874 887
f 877 887 892
f 876 877 892
f 876 892 890
f 875 876 890
f 875 890 888
f 874 875 888
f 874 888 887
f 868 869 878
f 868 878 880
f 896 898 883
f 896 883 881
f 867 868 880
f 867 880 882
f 866 867 882
f 866 882 885
f 862 863 913
f 862 913 910
f 869 866 885
f 869 885 878
f 906 904 889
f 906 889 891
f 904 903 886
f 904 886 889
f 898 901 884
f 898 884 883
f 870 871 921
f 870 921 918
f 859 858 919
f 859 919 920
f 853 852 914
f 853 914 916
f 850 853 916
f 850 916 911
f 894 896 881
f 894 881 879
f 872 871 905
f 872 905 907
f 863 862 900
f 863 900 899
f 861 860 922
f 861 922 924
f 858 861 924
f 858 924 919
f 865 862 910
f 865 910 917
f 872 873 925
f 872 925 923
f 873 870 918
f 873 918 925
f 848 849 869
f 848 869 868
f 846 847 867
f 846 867 866
f 852 851 912
f 852 912 914
f 856 857 877
f 856 877 876
f 863 864 915
f 863 915 913
f 854 855 875
f 854 875 874
f 860 859 920
f 860 920 922
f 871 872 923
f 871 923 921
f 849 846 866
f 849 866 869
f 847 848 868
f 847 868 867
f 857 854 874
f 857 874 877
f 864 865 917
f 864 917 915
f 855 856 876
f 855 876 875
f 892 887 886
f 892 886 893
f 890 892 893
f 890 893 891
f 888 890 891
f 888 891 889
f 887 888 889
f 887 889 886
f 878 885 884
f 878 884 879
f 880 878 879
f 880 879 881
f 882 880 881
f 882 881 883
f 885 882 883
f 885 883 884
f 865 864 897
f 865 897 895
f 908 903 902
f 908 902 909
f 906 908 909
f 906 909 907
f 904 906 907
f 904 907 905
f 903 904 905
f 903 905 902
f 894 901 900
f 894 900 895
f 896 894 895
f 896 895 897
f 898 896 897
f 898 897 899
f 901 898 899
f 901 899 900
f 862 865 895
f 862 895 900
f 910 913 912
f 910 912 911
f 913 915 914
f 913 914 912
f 915 917 916
f 915 916 914
f 917 910 911
f 917 911 916
f 918 921 920
f 918 920 919
f 921 923 922
f 921 922 920
f 923 925 924
f 923 924 922
f 925 918 919
f 925 919 924
f 851 850 911
f 851 911 912
f 961 962 1018
f 961 1018 1016
f 988 990 1037
f 988 1037 1039
f 1006 1008 1019
f 1006 1019 1021
f 963 964 1022
f 963 1022 1020
f 965 966 1026
f 965 1026 1024
f 1002 1004 1023
f 1002 1023 1025
f 967 968 1030
f 967 1030 1028
f 998 1000 1027
f 998 1027 1029
f 969 970 1034
f 969 1034 1032
f 959 958 989
f 959 989 987
f 1008 1010 1017
f 1008 1017 1019
f 958 957 991
f 958 991 989
f 957 956 993
f 957 993 991
f 956 955 995
f 956 995 993
f 955 954 997
f 955 997 995
f 954 953 999
f 954 999 997
f 953 952 1001
f 953 1001 999
f 952 951 1003
f 952 1003 1001
f 954 955 956
f 954 956 957
f 951 950 1005
f 951 1005 1003
f 950 949 1007
f 950 1007 1005
f 949 948 1009
f 949 1009 1007
f 948 947 1011
f 948 1011 1009
f 947 946 1012
f 947 1012 1011
f 994 996 1031
f 994 1031 1033
f 971 972 1038
f 971 1038 1036
f 960 961 1016
f 960 1016 1015
f 990 992 1035
f 990 1035 1037
f 1013 986 1041
f 1013 1041 1014
f 962 963 1020
f 962 1020 1018
f 986 988 1039
f 986 1039 1041
f 964 965 1024
f 964 1024 1022
f 1004 1006 1021
f 1004 1021 1023
f 1010 1013 1014
f 1010 1014 1017
f 966 967 1028
f 966 1028 1026
f 1000 1002 1025
f 1000 1025 1027
f 968 969 1032
f 968 1032 1030
f 996 998 1029
f 996 1029 1031
f 957 958 959
f 957 959 946
f 952 953 951
f 948 949 950
f 950 951 953
f 948 950 953
f 944 943 981
f 944 981 982
f 946 947 977
f 946 977 974
f 945 944 982
f 945 982 984
f 943 942 978
f 943 978 981
f 940 945 984
f 940 984 975
f 935 936 970
f 935 970 969
f 933 934 968
f 933 968 967
f 931 932 966
f 931 966 965
f 942 941 976
f 942 976 978
f 929 930 964
f 929 964 963
f 953 954 983
f 953 983 980
f 927 928 962
f 927 962 961
f 938 939 973
f 938 973 972
f 936 937 971
f 936 971 970
f 957 946 974
f 957 974 985
f 934 935 969
f 934 969 968
f 932 933 967
f 932 967 966
f 948 953 980
f 948 980 979
f 930 931 965
f 930 965 964
f 954 957 985
f 954 985 983
f 928 929 963
f 928 963 962
f 939 926 960
f 939 960 973
f 926 927 961
f 926 961 960
f 937 938 972
f 937 972 971
f 947 948 979
f 947 979 977
f 972 973 1040
f 972 1040 1038
f 992 994 1033
f 992 1033 1035
f 970 971 1036
f 970 1036 1034
f 974 977 976
f 974 976 975
f 977 979 978
f 977 978 976
f 980 983 982
f 980 982 981
f 983 985 984
f 983 984 982
f 985 974 975
f 985 975 984
f 979 980 981
f 979 981 978
f 941 940 975
f 941 975 976
f 986 1013 1012
f 986 1012 987
f 988 986 987
f 988 987 989
f 990 988 989
f 990 989 991
f 992 990 991
f 992 991 993
f 994 992 993
f 994 993 995
f 996 994 995
f 996 995 997
f 998 996 997
f 998 997 999
f 1000 998 999
f 1000 999 1001
f 1002 1000 1001
f 1002 1001 1003
f 1004 1002 1003
f 1004 1003 1005
f 1006 1004 1005
f 1006 1005 1007
f 1008 1006 1007
f 1008 1007 1009
f 1010 1008 1009
f 1010 1009 1011
f 1013 1010 1011
f 1013 1011 1012
f 946 959 987
f 946 987 1012
f 1040 1015 1014
f 1040 1014 1041
f 1038 1040 1041
f 1038 1041 1039
f 1036 1038 1039
f 1036 1039 1037
f 1034 1036 1037
f 1034 1037 1035
f 1032 1034 1035
f 1032 1035 1033
f 1030 1032 1033
f 1030 1033 1031
f 1028 1030 1031
f 1028 1031 1029
f 1026 1028 1029
f 1026 1029 1027
f 1024 1026 1027
f 1024 1027 1025
f 1022 1024 1025
f 1022 1025 1023
f 1020 1022 1023
f 1020 1023 1021
f 1018 1020 1021
f 1018 1021 1019
f 1016 1018 1019
f 1016 1019 1017
f 1015 1016 1017
f 1015 1017 1014
f 973 960 1015
f 973 1015 1040
f 1065 1066 1154
f 1065 1154 1156
f 1079 1078 1096
f 1079 1096 1099
f 1095 1094 1129
f 1095 1129 1131
f 1094 1093 1127
f 1094 1127 1129
f 1093 1092 1125
f 1093 1125 1127
f 1092 1091 1123
f 1092 1123 1125
f 1091 1090 1121
f 1091 1121 1123
f 1090 1089 1119
f 1090 1119 1121
f 1089 1088 1117
f 1089 1117 1119
f 1088 1087 1115
f 1088 1115 1117
f 1087 1086 1113
f 1087 1113 1115
f 1086 1085 1111
f 1086 1111 1113
f 1085 1084 1109
f 1085 1109 1111
f 1084 1083 1107
f 1084 1107 1109
f 1083 1082 1105
f 1083 1105 1107
f 1082 1081 1103
f 1082 1103 1105
f 1081 1080 1101
f 1081 1101 1103
f 1078 1095 1131
f 1078 1131 1096
f 1061 1060 1077
f 1061 1077 1076
f 1063 1062 1061
f 1065 1064 1063
f 1067 1066 1065
f 1070 1069 1068
f 1067 1065 1063
f 1070 1068 1067
f 1073 1072 1071
f 1071 1070 1067
f 1063 1061 1076
f 1063 1076 1075
f 1071 1067 1063
f 1073 1071 1063
f 1063 1075 1074
f 1074 1073 1063
f 1153 1151 1112
f 1153 1112 1110
f 1135 1133 1130
f 1135 1130 1128
f 1166 1165 1098
f 1166 1098 1097
f 1075 1076 1134
f 1075 1134 1136
f 1068 1069 1148
f 1068 1148 1150
f 1147 1145 1118
f 1147 1118 1116
f 1061 1062 1162
f 1061 1162 1164
f 1161 1159 1104
f 1161 1104 1102
f 1071 1072 1142
f 1071 1142 1144
f 1141 1139 1124
f 1141 1124 1122
f 1155 1153 1110
f 1155 1110 1108
f 1064 1065 1156
f 1064 1156 1158
f 1074 1075 1136
f 1074 1136 1138
f 1077 1060 1167
f 1077 1167 1132
f 1067 1068 1150
f 1067 1150 1152
f 1149 1147 1116
f 1149 1116 1114
f 1060 1061 1164
f 1060 1164 1167
f 1163 1161 1102
f 1163 1102 1100
f 1043 1042 1078
f 1043 1078 1079
f 1054 1053 1089
f 1054 1089 1090
f 1052 1051 1087
f 1052 1087 1088
f 1050 1049 1085
f 1050 1085 1086
f 1059 1058 1094
f 1059 1094 1095
f 1048 1047 1083
f 1048 1083 1084
f 1046 1045 1081
f 1046 1081 1082
f 1057 1056 1092
f 1057 1092 1093
f 1044 1043 1079
f 1044 1079 1080
f 1055 1054 1090
f 1055 1090 1091
f 1053 1052 1088
f 1053 1088 1089
f 1051 1050 1086
f 1051 1086 1087
f 1042 1059 1095
f 1042 1095 1078
f 1049 1048 1084
f 1049 1084 1085
f 1047 1046 1082
f 1047 1082 1083
f 1058 1057 1093
f 1058 1093 1094
f 1045 1044 1080
f 1045 1080 1081
f 1056 1055 1091
f 1056 1091 1092
f 1139 1137 1126
f 1139 1126 1124
f 1072 1073 1140
f 1072 1140 1142
f 1062 1063 1160
f 1062 1160 1162
f 1159 1157 1106
f 1159 1106 1104
f 1145 1143 1120
f 1145 1120 1118
f 1069 1070 1146
f 1069 1146 1148
f 1080 1079 1099
f 1080 1099 1101
f 1165 1163 1100
f 1165 1100 1098
f 1066 1067 1152
f 1066 1152 1154
f 1151 1149 1114
f 1151 1114 1112
f 1073 1074 1138
f 1073 1138 1140
f 1137 1135 1128
f 1137 1128 1126
f 1157 1155 1108
f 1157 1108 1106
f 1063 1064 1158
f 1063 1158 1160
f 1143 1141 1122
f 1143 1122 1120
f 1070 1071 1144
f 1070 1144 1146
f 1130 1097 1096
f 1130 1096 1131
f 1128 1130 1131
f 1128 1131 1129
f 1126 1128 1129
f 1126 1129 1127
f 1124 1126 1127
f 1124 1127 1125
f 1122 1124 1125
f 1122 1125 1123
f 1120 1122 1123
f 1120 1123 1121
f 1118 1120 1121
f 1118 1121 1119
f 1116 1118 1119
f 1116 1119 1117
f 1114 1116 1117
f 1114 1117 1115
f 1112 1114 1115
f 1112 1115 1113
f 1110 1112 1113
f 1110 1113 1111
f 1108 1110 1111
f 1108 1111 1109
f 1106 1108 1109
f 1106 1109 1107
f 1104 1106 1107
f 1104 1107 1105
f 1102 1104 1105
f 1102 1105 1103
f 1100 1102 1103
f 1100 1103 1101
f 1098 1100 1101
f 1098 1101 1099
f 1097 1098 1099
f 1097 1099 1096
f 1076 1077 1132
f 1076 1132 1134
f 1132 1167 1166
f 1132 1166 1133
f 1134 1132 1133
f 1134 1133 1135
f 1136 1134 1135
f 1136 1135 1137
f 1138 1136 1137
f 1138 1137 1139
f 1140 1138 1139
f 1140 1139 1141
f 1142 1140 1141
f 1142 1141 1143
f 1144 1142 1143
f 1144 1143 1145
f 1146 1144 1145
f 1146 1145 1147
f 1148 1146 1147
f 1148 1147 1149
f 1150 1148 1149
f 1150 1149 1151
f 1152 1150 1151
f 1152 1151 1153
f 1154 1152 1153
f 1154 1153 1155
f 1156 1154 1155
f 1156 1155 1157
f 1158 1156 1157
f 1158 1157 1159
f 1160 1158 1159
f 1160 1159 1161
f 1162 1160 1161
f 1162 1161 1163
f 1164 1162 1163
f 1164 1163 1165
f 1167 1164 1165
f 1167 1165 1166
f 1133 1166 1097
f 1133 1097 1130
f 1230 1229 1251
f 1250 1249 1248
f 1230 1251 1250
f 1231 1230 1250
f 1250 1248 1247
f 1246 1245 1244
f 1250 1247 1246
f 1237 1236 1235
f 1239 1238 1237
f 1241 1240 1239
f 1244 1243 1242
f 1242 1241 1239
f 1239 1237 1235
f 1239 1235 1234
f 1244 1242 1239
f 1231 1250 1246
f 1246 1244 1239
f 1239 1234 1233
f 1232 1231 1246
f 1239 1233 1232
f 1246 1239 1232
f 1259 1252 1253
f 1253 1254 1255
f 1255 1256 1257
f 1257 1258 1259
f 1259 1253 1255
f 1255 1257 1259
f 1261 1260 1289
f 1289 1288 1287
f 1286 1285 1284
f 1289 1287 1286
f 1262 1261 1289
f 1265 1264 1263
f 1263 1262 1289
f 1289 1286 1284
f 1289 1284 1283
f 1265 1263 1289
f 1267 1266 1265
f 1269 1268 1267
f 1272 1271 1270
f 1269 1267 1265
f 1273 1272 1270
f 1277 1276 1275
f 1279 1278 1277
f 1279 1277 1275
f 1279 1275 1274
f 1280 1279 1274
f 1289 1283 1282
f 1265 1289 1282
f 1265 1282 1281
f 1265 1281 1280
f 1265 1280 1274
f 1265 1274 1273
f 1269 1265 1273
f 1273 1270 1269
f 1563 1565 1444
f 1563 1444 1442
f 1279 1280 1576
f 1279 1576 1574
f 1507 1509 1388
f 1507 1388 1386
f 1292 1291 1353
f 1292 1353 1355
f 1587 1589 1468
f 1587 1468 1466
f 1593 1536 1413
f 1593 1413 1472
f 1265 1266 1548
f 1265 1548 1546
f 1479 1481 1360
f 1479 1360 1358
f 1238 1239 1494
f 1238 1494 1492
f 1559 1561 1440
f 1559 1440 1438
f 1278 1279 1574
f 1278 1574 1572
f 1505 1507 1386
f 1505 1386 1384
f 1254 1253 1521
f 1254 1521 1523
f 1585 1587 1466
f 1585 1466 1464
f 1534 1532 1409
f 1534 1409 1411
f 1264 1265 1546
f 1264 1546 1544
f 1477 1479 1358
f 1477 1358 1356
f 1237 1238 1492
f 1237 1492 1490
f 1557 1559 1438
f 1557 1438 1436
f 1277 1278 1572
f 1277 1572 1570
f 1503 1505 1384
f 1503 1384 1382
f 1250 1251 1518
f 1250 1518 1516
f 1583 1585 1464
f 1583 1464 1462
f 1532 1530 1407
f 1532 1407 1409
f 1263 1264 1544
f 1263 1544 1542
f 1475 1477 1356
f 1475 1356 1354
f 1236 1237 1490
f 1236 1490 1488
f 1276 1277 1570
f 1276 1570 1568
f 1555 1557 1436
f 1555 1436 1434
f 1501 1503 1382
f 1501 1382 1380
f 1249 1250 1516
f 1249 1516 1514
f 1581 1583 1462
f 1581 1462 1460
f 1322 1321 1414
f 1322 1414 1415
f 1530 1528 1405
f 1530 1405 1407
f 1262 1263 1542
f 1262 1542 1540
f 1474 1475 1354
f 1474 1354 1351
f 1235 1236 1488
f 1235 1488 1486
f 1553 1555 1434
f 1553 1434 1432
f 1275 1276 1568
f 1275 1568 1566
f 1499 1501 1380
f 1499 1380 1378
f 1248 1249 1514
f 1248 1514 1512
f 1579 1581 1460
f 1579 1460 1458
f 1288 1289 1594
f 1288 1594 1592
f 1261 1262 1540
f 1261 1540 1538
f 1528 1526 1403
f 1528 1403 1405
f 1234 1235 1486
f 1234 1486 1484
f 1551 1553 1432
f 1551 1432 1430
f 1274 1275 1566
f 1274 1566 1564
f 1497 1499 1378
f 1497 1378 1376
f 1247 1248 1512
f 1247 1512 1510
f 1577 1579 1458
f 1577 1458 1456
f 1287 1288 1592
f 1287 1592 1590
f 1526 1524 1401
f 1526 1401 1403
f 1252 1259 1533
f 1252 1533 1520
f 1233 1234 1484
f 1233 1484 1482
f 1549 1551 1430
f 1549 1430 1428
f 1273 1274 1564
f 1273 1564 1562
f 1495 1497 1376
f 1495 1376 1374
f 1509 1511 1390
f 1509 1390 1388
f 1575 1577 1456
f 1575 1456 1454
f 1589 1591 1470
f 1589 1470 1468
f 1200 1199 1321
f 1200 1321 1322
f 1177 1176 1298
f 1177 1298 1299
f 1214 1213 1335
f 1214 1335 1336
f 1199 1228 1350
f 1199 1350 1321
f 1168 1190 1312
f 1168 1312 1290
f 1170 1169 1291
f 1170 1291 1292
f 1207 1206 1328
f 1207 1328 1329
f 1222 1221 1343
f 1222 1343 1344
f 1185 1184 1306
f 1185 1306 1307
f 1198 1191 1313
f 1198 1313 1320
f 1178 1177 1299
f 1178 1299 1300
f 1215 1214 1336
f 1215 1336 1337
f 1192 1193 1315
f 1192 1315 1314
f 1171 1170 1292
f 1171 1292 1293
f 1208 1207 1329
f 1208 1329 1330
f 1223 1222 1344
f 1223 1344 1345
f 1186 1185 1307
f 1186 1307 1308
f 1201 1200 1322
f 1201 1322 1323
f 1179 1178 1300
f 1179 1300 1301
f 1216 1215 1337
f 1216 1337 1338
f 1193 1194 1316
f 1193 1316 1315
f 1172 1171 1293
f 1172 1293 1294
f 1209 1208 1330
f 1209 1330 1331
f 1224 1223 1345
f 1224 1345 1346
f 1187 1186 1308
f 1187 1308 1309
f 1202 1201 1323
f 1202 1323 1324
f 1180 1179 1301
f 1180 1301 1302
f 1217 1216 1338
f 1217 1338 1339
f 1194 1195 1317
f 1194 1317 1316
f 1173 1172 1294
f 1173 1294 1295
f 1210 1209 1331
f 1210 1331 1332
f 1225 1224 1346
f 1225 1346 1347
f 1188 1187 1309
f 1188 1309 1310
f 1203 1202 1324
f 1203 1324 1325
f 1181 1180 1302
f 1181 1302 1303
f 1218 1217 1339
f 1218 1339 1340
f 1195 1196 1318
f 1195 1318 1317
f 1174 1173 1295
f 1174 1295 1296
f 1211 1210 1332
f 1211 1332 1333
f 1226 1225 1347
f 1226 1347 1348
f 1189 1188 1310
f 1189 1310 1311
f 1204 1203 1325
f 1204 1325 1326
f 1182 1181 1303
f 1182 1303 1304
f 1219 1218 1340
f 1219 1340 1341
f 1196 1197 1319
f 1196 1319 1318
f 1175 1174 1296
f 1175 1296 1297
f 1212 1211 1333
f 1212 1333 1334
f 1227 1226 1348
f 1227 1348 1349
f 1190 1189 1311
f 1190 1311 1312
f 1205 1204 1326
f 1205 1326 1327
f 1220 1219 1341
f 1220 1341 1342
f 1183 1182 1304
f 1183 1304 1305
f 1197 1198 1320
f 1197 1320 1319
f 1213 1212 1334
f 1213 1334 1335
f 1176 1175 1297
f 1176 1297 1298
f 1228 1227 1349
f 1228 1349 1350
f 1191 1192 1314
f 1191 1314 1313
f 1169 1168 1290
f 1169 1290 1291
f 1206 1205 1327
f 1206 1327 1328
f 1221 1220 1342
f 1221 1342 1343
f 1184 1183 1305
f 1184 1305 1306
f 1290 1312 1395
f 1290 1395 1352
f 1293 1292 1355
f 1293 1355 1357
f 1294 1293 1357
f 1294 1357 1359
f 1295 1294 1359
f 1295 1359 1361
f 1296 1295 1361
f 1296 1361 1363
f 1297 1296 1363
f 1297 1363 1365
f 1298 1297 1365
f 1298 1365 1367
f 1299 1298 1367
f 1299 1367 1369
f 1300 1299 1369
f 1300 1369 1371
f 1301 1300 1371
f 1301 1371 1373
f 1302 1301 1373
f 1302 1373 1375
f 1303 1302 1375
f 1303 1375 1377
f 1304 1303 1377
f 1304 1377 1379
f 1305 1304 1379
f 1305 1379 1381
f 1306 1305 1381
f 1306 1381 1383
f 1307 1306 1383
f 1307 1383 1385
f 1308 1307 1385
f 1308 1385 1387
f 1309 1308 1387
f 1309 1387 1389
f 1310 1309 1389
f 1310 1389 1391
f 1311 1310 1391
f 1311 1391 1393
f 1312 1311 1393
f 1312 1393 1395
f 1313 1314 1400
f 1313 1400 1397
f 1320 1313 1397
f 1320 1397 1412
f 1251 1229 1473
f 1251 1473 1518
f 1256 1255 1525
f 1256 1525 1527
f 1315 1316 1404
f 1315 1404 1402
f 1316 1317 1406
f 1316 1406 1404
f 1317 1318 1408
f 1317 1408 1406
f 1318 1319 1410
f 1318 1410 1408
f 1319 1320 1412
f 1319 1412 1410
f 1323 1322 1415
f 1323 1415 1417
f 1314 1315 1402
f 1314 1402 1400
f 1324 1323 1417
f 1324 1417 1419
f 1325 1324 1419
f 1325 1419 1421
f 1326 1325 1421
f 1326 1421 1423
f 1327 1326 1423
f 1327 1423 1425
f 1328 1327 1425
f 1328 1425 1427
f 1329 1328 1427
f 1329 1427 1429
f 1330 1329 1429
f 1330 1429 1431
f 1331 1330 1431
f 1331 1431 1433
f 1332 1331 1433
f 1332 1433 1435
f 1333 1332 1435
f 1333 1435 1437
f 1334 1333 1437
f 1334 1437 1439
f 1335 1334 1439
f 1335 1439 1441
f 1336 1335 1441
f 1336 1441 1443
f 1337 1336 1443
f 1337 1443 1445
f 1338 1337 1445
f 1338 1445 1447
f 1339 1338 1447
f 1339 1447 1449
f 1340 1339 1449
f 1340 1449 1451
f 1341 1340 1451
f 1341 1451 1453
f 1342 1341 1453
f 1342 1453 1455
f 1343 1342 1455
f 1343 1455 1457
f 1344 1343 1457
f 1344 1457 1459
f 1345 1344 1459
f 1345 1459 1461
f 1346 1345 1461
f 1346 1461 1463
f 1347 1346 1463
f 1347 1463 1465
f 1348 1347 1465
f 1348 1465 1467
f 1349 1348 1467
f 1349 1467 1469
f 1350 1349 1469
f 1350 1469 1471
f 1289 1260 1535
f 1289 1535 1594
f 1483 1485 1364
f 1483 1364 1362
f 1239 1240 1496
f 1239 1496 1494
f 1266 1267 1550
f 1266 1550 1548
f 1522 1519 1398
f 1522 1398 1399
f 1591 1593 1472
f 1591 1472 1470
f 1255 1254 1523
f 1255 1523 1525
f 1511 1513 1392
f 1511 1392 1390
f 1281 1282 1580
f 1281 1580 1578
f 1565 1567 1446
f 1565 1446 1444
f 1241 1242 1500
f 1241 1500 1498
f 1485 1487 1366
f 1485 1366 1364
f 1268 1269 1554
f 1268 1554 1552
f 1539 1541 1420
f 1539 1420 1418
f 1257 1256 1527
f 1257 1527 1529
f 1513 1515 1394
f 1513 1394 1392
f 1282 1283 1582
f 1282 1582 1580
f 1567 1569 1448
f 1567 1448 1446
f 1242 1243 1502
f 1242 1502 1500
f 1487 1489 1368
f 1487 1368 1366
f 1269 1270 1556
f 1269 1556 1554
f 1541 1543 1422
f 1541 1422 1420
f 1260 1261 1538
f 1260 1538 1535
f 1258 1257 1529
f 1258 1529 1531
f 1515 1517 1396
f 1515 1396 1394
f 1283 1284 1584
f 1283 1584 1582
f 1569 1571 1450
f 1569 1450 1448
f 1243 1244 1504
f 1243 1504 1502
f 1489 1491 1370
f 1489 1370 1368
f 1270 1271 1558
f 1270 1558 1556
f 1543 1545 1424
f 1543 1424 1422
f 1230 1231 1478
f 1230 1478 1476
f 1259 1258 1531
f 1259 1531 1533
f 1253 1252 1520
f 1253 1520 1521
f 1284 1285 1586
f 1284 1586 1584
f 1571 1573 1452
f 1571 1452 1450
f 1244 1245 1506
f 1244 1506 1504
f 1491 1493 1372
f 1491 1372 1370
f 1271 1272 1560
f 1271 1560 1558
f 1545 1547 1426
f 1545 1426 1424
f 1231 1232 1480
f 1231 1480 1478
f 1536 1537 1416
f 1536 1416 1413
f 1519 1534 1411
f 1519 1411 1398
f 1285 1286 1588
f 1285 1588 1586
f 1573 1575 1454
f 1573 1454 1452
f 1245 1246 1508
f 1245 1508 1506
f 1493 1495 1374
f 1493 1374 1372
f 1272 1273 1562
f 1272 1562 1560
f 1547 1549 1428
f 1547 1428 1426
f 1232 1233 1482
f 1232 1482 1480
f 1321 1350 1471
f 1321 1471 1414
f 1517 1474 1351
f 1517 1351 1396
f 1286 1287 1590
f 1286 1590 1588
f 1280 1281 1578
f 1280 1578 1576
f 1246 1247 1510
f 1246 1510 1508
f 1240 1241 1498
f 1240 1498 1496
f 1561 1563 1442
f 1561 1442 1440
f 1267 1268 1552
f 1267 1552 1550
f 1481 1483 1362
f 1481 1362 1360
f 1537 1539 1418
f 1537 1418 1416
f 1524 1522 1399
f 1524 1399 1401
f 1351 1354 1353
f 1351 1353 1352
f 1354 1356 1355
f 1354 1355 1353
f 1356 1358 1357
f 1356 1357 1355
f 1358 1360 1359
f 1358 1359 1357
f 1360 1362 1361
f 1360 1361 1359
f 1362 1364 1363
f 1362 1363 1361
f 1364 1366 1365
f 1364 1365 1363
f 1366 1368 1367
f 1366 1367 1365
f 1368 1370 1369
f 1368 1369 1367
f 1370 1372 1371
f 1370 1371 1369
f 1372 1374 1373
f 1372 1373 1371
f 1374 1376 1375
f 1374 1375 1373
f 1376 1378 1377
f 1376 1377 1375
f 1378 1380 1379
f 1378 1379 1377
f 1380 1382 1381
f 1380 1381 1379
f 1382 1384 1383
f 1382 1383 1381
f 1384 1386 1385
f 1384 1385 1383
f 1386 1388 1387
f 1386 1387 1385
f 1388 1390 1389
f 1388 1389 1387
f 1390 1392 1391
f 1390 1391 1389
f 1392 1394 1393
f 1392 1393 1391
f 1394 1396 1395
f 1394 1395 1393
f 1397 1400 1399
f 1397 1399 1398
f 1396 1351 1352
f 1396 1352 1395
f 1400 1402 1401
f 1400 1401 1399
f 1402 1404 1403
f 1402 1403 1401
f 1404 1406 1405
f 1404 1405 1403
f 1406 1408 1407
f 1406 1407 1405
f 1408 1410 1409
f 1408 1409 1407
f 1410 1412 1411
f 1410 1411 1409
f 1413 1416 1415
f 1413 1415 1414
f 1412 1397 1398
f 1412 1398 1411
f 1416 1418 1417
f 1416 1417 1415
f 1418 1420 1419
f 1418 1419 1417
f 1420 1422 1421
f 1420 1421 1419
f 1422 1424 1423
f 1422 1423 1421
f 1424 1426 1425
f 1424 1425 1423
f 1426 1428 1427
f 1426 1427 1425
f 1428 1430 1429
f 1428 1429 1427
f 1430 1432 1431
f 1430 1431 1429
f 1432 1434 1433
f 1432 1433 1431
f 1434 1436 1435
f 1434 1435 1433
f 1436 1438 1437
f 1436 1437 1435
f 1438 1440 1439
f 1438 1439 1437
f 1440 1442 1441
f 1440 1441 1439
f 1442 1444 1443
f 1442 1443 1441
f 1444 1446 1445
f 1444 1445 1443
f 1446 1448 1447
f 1446 1447 1445
f 1448 1450 1449
f 1448 1449 1447
f 1450 1452 1451
f 1450 1451 1449
f 1452 1454 1453
f 1452 1453 1451
f 1454 1456 1455
f 1454 1455 1453
f 1456 1458 1457
f 1456 1457 1455
f 1458 1460 1459
f 1458 1459 1457
f 1460 1462 1461
f 1460 1461 1459
f 1462 1464 1463
f 1462 1463 1461
f 1464 1466 1465
f 1464 1465 1463
f 1466 1468 1467
f 1466 1467 1465
f 1468 1470 1469
f 1468 1469 1467
f 1470 1472 1471
f 1470 1471 1469
f 1472 1413 1414
f 1472 1414 1471
f 1291 1290 1352
f 1291 1352 1353
f 1473 1476 1475
f 1473 1475 1474
f 1476 1478 1477
f 1476 1477 1475
f 1478 1480 1479
f 1478 1479 1477
f 1480 1482 1481
f 1480 1481 1479
f 1482 1484 1483
f 1482 1483 1481
f 1484 1486 1485
f 1484 1485 1483
f 1486 1488 1487
f 1486 1487 1485
f 1488 1490 1489
f 1488 1489 1487
f 1490 1492 1491
f 1490 1491 1489
f 1492 1494 1493
f 1492 1493 1491
f 1494 1496 1495
f 1494 1495 1493
f 1496 1498 1497
f 1496 1497 1495
f 1498 1500 1499
f 1498 1499 1497
f 1500 1502 1501
f 1500 1501 1499
f 1502 1504 1503
f 1502 1503 1501
f 1504 1506 1505
f 1504 1505 1503
f 1506 1508 1507
f 1506 1507 1505
f 1508 1510 1509
f 1508 1509 1507
f 1510 1512 1511
f 1510 1511 1509
f 1512 1514 1513
f 1512 1513 1511
f 1514 1516 1515
f 1514 1515 1513
f 1516 1518 1517
f 1516 1517 1515
f 1519 1522 1521
f 1519 1521 1520
f 1518 1473 1474
f 1518 1474 1517
f 1522 1524 1523
f 1522 1523 1521
f 1524 1526 1525
f 1524 1525 1523
f 1526 1528 1527
f 1526 1527 1525
f 1528 1530 1529
f 1528 1529 1527
f 1530 1532 1531
f 1530 1531 1529
f 1532 1534 1533
f 1532 1533 1531
f 1535 1538 1537
f 1535 1537 1536
f 1534 1519 1520
f 1534 1520 1533
f 1538 1540 1539
f 1538 1539 1537
f 1540 1542 1541
f 1540 1541 1539
f 1542 1544 1543
f 1542 1543 1541
f 1544 1546 1545
f 1544 1545 1543
f 1546 1548 1547
f 1546 1547 1545
f 1548 1550 1549
f 1548 1549 1547
f 1550 1552 1551
f 1550 1551 1549
f 1552 1554 1553
f 1552 1553 1551
f 1556 1555 1553
f 1556 1558 1557
f 1556 1557 1555
f 1558 1560 1559
f 1558 1559 1557
f 1560 1562 1561
f 1560 1561 1559
f 1562 1564 1563
f 1562 1563 1561
f 1564 1566 1565
f 1564 1565 1563
f 1566 1568 1567
f 1566 1567 1565
f 1568 1570 1569
f 1568 1569 1567
f 1570 1572 1571
f 1570 1571 1569
f 1572 1574 1573
f 1572 1573 1571
f 1574 1576 1575
f 1574 1575 1573
f 1576 1578 1577
f 1576 1577 1575
f 1578 1580 1579
f 1578 1579 1577
f 1580 1582 1581
f 1580 1581 1579
f 1582 1584 1583
f 1582 1583 1581
f 1584 1586 1585
f 1584 1585 1583
f 1586 1588 1587
f 1586 1587 1585
f 1588 1590 1589
f 1588 1589 1587
f 1590 1592 1591
f 1590 1591 1589
f 1592 1594 1593
f 1592 1593 1591
f 1594 1535 1536
f 1594 1536 1593
f 1229 1230 1476
f 1229 1476 1473
f 1630 1631 1666
f 1630 1666 1664
f 1605 1612 1691
f 1605 1691 1677
f 1652 1650 1669
f 1652 1669 1671
f 1631 1632 1668
f 1631 1668 1666
f 1633 1634 1672
f 1633 1672 1670
f 1654 1652 1671
f 1654 1671 1673
f 1635 1636 1676
f 1635 1676 1674
f 1637 1656 1675
f 1637 1675 1658
f 1640 1637 1658
f 1640 1658 1659
f 1644 1642 1661
f 1644 1661 1663
f 1629 1630 1664
f 1629 1664 1662
f 1617 1618 1696
f 1617 1696 1693
f 1606 1605 1677
f 1606 1677 1680
f 1614 1613 1694
f 1614 1694 1695
f 1612 1611 1689
f 1612 1689 1691
f 1611 1610 1687
f 1611 1687 1689
f 1610 1609 1685
f 1610 1685 1687
f 1609 1608 1683
f 1609 1683 1685
f 1608 1607 1681
f 1608 1681 1683
f 1616 1615 1697
f 1616 1697 1699
f 1613 1616 1699
f 1613 1699 1694
f 1597 1598 1630
f 1597 1630 1629
f 1623 1624 1688
f 1623 1688 1686
f 1595 1596 1628
f 1595 1628 1627
f 1621 1622 1684
f 1621 1684 1682
f 1604 1595 1627
f 1604 1627 1636
f 1615 1614 1695
f 1615 1695 1697
f 1602 1603 1635
f 1602 1635 1634
f 1618 1619 1698
f 1618 1698 1696
f 1607 1606 1680
f 1607 1680 1681
f 1600 1601 1633
f 1600 1633 1632
f 1598 1599 1631
f 1598 1631 1630
f 1624 1625 1690
f 1624 1690 1688
f 1596 1597 1629
f 1596 1629 1628
f 1622 1623 1686
f 1622 1686 1684
f 1620 1621 1682
f 1620 1682 1679
f 1603 1604 1636
f 1603 1636 1635
f 1619 1620 1700
f 1619 1700 1698
f 1617 1620 1679
f 1617 1679 1678
f 1601 1602 1634
f 1601 1634 1633
f 1620 1617 1693
f 1620 1693 1700
f 1599 1600 1632
f 1599 1632 1631
f 1625 1626 1692
f 1625 1692 1690
f 1617 1626 1655
f 1617 1655 1638
f 1620 1619 1641
f 1620 1641 1643
f 1621 1620 1643
f 1621 1643 1645
f 1622 1621 1645
f 1622 1645 1647
f 1623 1622 1647
f 1623 1647 1649
f 1624 1623 1649
f 1624 1649 1651
f 1625 1624 1651
f 1625 1651 1653
f 1626 1625 1653
f 1626 1653 1655
f 1636 1627 1657
f 1636 1657 1676
f 1646 1644 1663
f 1646 1663 1665
f 1628 1629 1662
f 1628 1662 1660
f 1642 1640 1659
f 1642 1659 1661
f 1619 1618 1639
f 1619 1639 1641
f 1656 1654 1673
f 1656 1673 1675
f 1634 1635 1674
f 1634 1674 1672
f 1632 1633 1670
f 1632 1670 1668
f 1648 1646 1665
f 1648 1665 1667
f 1650 1648 1667
f 1650 1667 1669
f 1637 1640 1639
f 1637 1639 1638
f 1640 1642 1641
f 1640 1641 1639
f 1642 1644 1643
f 1642 1643 1641
f 1644 1646 1645
f 1644 1645 1643
f 1646 1648 1647
f 1646 1647 1645
f 1648 1650 1649
f 1648 1649 1647
f 1650 1652 1651
f 1650 1651 1649
f 1652 1654 1653
f 1652 1653 1651
f 1654 1656 1655
f 1654 1655 1653
f 1656 1637 1638
f 1656 1638 1655
f 1618 1617 1638
f 1618 1638 1639
f 1657 1660 1659
f 1657 1659 1658
f 1660 1662 1661
f 1660 1661 1659
f 1662 1664 1663
f 1662 1663 1661
f 1664 1666 1665
f 1664 1665 1663
f 1666 1668 1667
f 1666 1667 1665
f 1668 1670 1669
f 1668 1669 1667
f 1670 1672 1671
f 1670 1671 1669
f 1672 1674 1673
f 1672 1673 1671
f 1674 1676 1675
f 1674 1675 1673
f 1676 1657 1658
f 1676 1658 1675
f 1627 1628 1660
f 1627 1660 1657
f 1679 1682 1681
f 1679 1681 1680
f 1682 1684 1683
f 1682 1683 1681
f 1684 1686 1685
f 1684 1685 1683
f 1686 1688 1687
f 1686 1687 1685
f 1688 1690 1689
f 1688 1689 1687
f 1690 1692 1691
f 1690 1691 1689
f 1692 1678 1677
f 1692 1677 1691
f 1680 1677 1678
f 1680 1678 1679
f 1693 1696 1695
f 1693 1695 1694
f 1696 1698 1697
f 1696 1697 1695
f 1698 1700 1699
f 1698 1699 1697
f 1700 1693 1694
f 1700 1694 1699
f 1626 1617 1678
f 1626 1678 1692
f 1820 1822 1781
f 1820 1781 1783
f 1834 1836 1769
f 1834 1769 1767
f 1759 1756 1840
f 1759 1840 1847
f 1763 1762 1802
f 1763 1802 1804
f 1762 1761 1800
f 1762 1800 1802
f 1755 1739 1771
f 1755 1771 1796
f 1754 1755 1796
f 1754 1796 1794
f 1753 1754 1794
f 1753 1794 1792
f 1752 1753 1792
f 1752 1792 1790
f 1751 1752 1790
f 1751 1790 1788
f 1750 1751 1788
f 1750 1788 1786
f 1749 1750 1786
f 1749 1786 1784
f 1748 1749 1784
f 1748 1784 1782
f 1747 1748 1782
f 1747 1782 1780
f 1746 1747 1780
f 1746 1780 1778
f 1745 1746 1778
f 1745 1778 1776
f 1744 1745 1776
f 1744 1776 1774
f 1743 1744 1774
f 1743 1774 1772
f 1741 1742 1764
f 1741 1764 1766
f 1726 1725 1833
f 1726 1833 1831
f 1740 1741 1766
f 1740 1766 1768
f 1739 1740 1768
f 1739 1768 1771
f 1738 1722 1723
f 1723 1724 1725
f 1738 1723 1725
f 1734 1735 1736
f 1737 1738 1725
f 1737 1725 1726
f 1730 1731 1732
f 1729 1730 1732
f 1729 1732 1733
f 1728 1729 1733
f 1736 1737 1726
f 1727 1728 1733
f 1736 1726 1727
f 1727 1733 1734
f 1727 1734 1736
f 1742 1743 1772
f 1742 1772 1764
f 1844 1846 1805
f 1844 1805 1803
f 1736 1735 1813
f 1736 1813 1811
f 1814 1816 1787
f 1814 1787 1789
f 1729 1728 1827
f 1729 1827 1825
f 1828 1830 1773
f 1828 1773 1775
f 1758 1759 1847
f 1758 1847 1845
f 1839 1806 1797
f 1839 1797 1770
f 1760 1763 1804
f 1760 1804 1799
f 1732 1731 1821
f 1732 1821 1819
f 1822 1824 1779
f 1822 1779 1781
f 1723 1722 1838
f 1723 1838 1837
f 1836 1839 1770
f 1836 1770 1769
f 1842 1844 1803
f 1842 1803 1801
f 1816 1818 1785
f 1816 1785 1787
f 1735 1734 1815
f 1735 1815 1813
f 1830 1832 1765
f 1830 1765 1773
f 1756 1759 1758
f 1756 1758 1757
f 1728 1727 1829
f 1728 1829 1827
f 1757 1758 1845
f 1757 1845 1843
f 1738 1737 1809
f 1738 1809 1807
f 1810 1812 1791
f 1810 1791 1793
f 1720 1719 1761
f 1720 1761 1762
f 1707 1708 1746
f 1707 1746 1745
f 1705 1706 1744
f 1705 1744 1743
f 1716 1717 1755
f 1716 1755 1754
f 1703 1704 1742
f 1703 1742 1741
f 1714 1715 1753
f 1714 1753 1752
f 1701 1702 1740
f 1701 1740 1739
f 1712 1713 1751
f 1712 1751 1750
f 1710 1711 1749
f 1710 1749 1748
f 1721 1720 1762
f 1721 1762 1763
f 1708 1709 1747
f 1708 1747 1746
f 1719 1718 1760
f 1719 1760 1761
f 1717 1701 1739
f 1717 1739 1755
f 1706 1707 1745
f 1706 1745 1744
f 1704 1705 1743
f 1704 1743 1742
f 1715 1716 1754
f 1715 1754 1753
f 1702 1703 1741
f 1702 1741 1740
f 1713 1714 1752
f 1713 1752 1751
f 1711 1712 1750
f 1711 1750 1749
f 1718 1721 1763
f 1718 1763 1760
f 1709 1710 1748
f 1709 1748 1747
f 1733 1732 1819
f 1733 1819 1817
f 1806 1808 1795
f 1806 1795 1797
f 1727 1726 1831
f 1727 1831 1829
f 1826 1828 1775
f 1826 1775 1777
f 1730 1729 1825
f 1730 1825 1823
f 1737 1736 1811
f 1737 1811 1809
f 1812 1814 1789
f 1812 1789 1791
f 1756 1757 1843
f 1756 1843 1840
f 1832 1834 1767
f 1832 1767 1765
f 1724 1723 1837
f 1724 1837 1835
f 1818 1820 1783
f 1818 1783 1785
f 1734 1733 1817
f 1734 1817 1815
f 1846 1841 1798
f 1846 1798 1805
f 1808 1810 1793
f 1808 1793 1795
f 1841 1842 1801
f 1841 1801 1798
f 1761 1760 1799
f 1761 1799 1800
f 1824 1826 1777
f 1824 1777 1779
f 1731 1730 1823
f 1731 1823 1821
f 1796 1771 1770
f 1796 1770 1797
f 1794 1796 1797
f 1794 1797 1795
f 1792 1794 1795
f 1792 1795 1793
f 1790 1792 1793
f 1790 1793 1791
f 1788 1790 1791
f 1788 1791 1789
f 1786 1788 1789
f 1786 1789 1787
f 1784 1786 1787
f 1784 1787 1785
f 1782 1784 1785
f 1782 1785 1783
f 1780 1782 1783
f 1780 1783 1781
f 1778 1780 1781
f 1778 1781 1779
f 1776 1778 1779
f 1776 1779 1777
f 1774 1776 1777
f 1774 1777 1775
f 1772 1774 1775
f 1772 1775 1773
f 1764 1772 1773
f 1764 1773 1765
f 1766 1764 1765
f 1766 1765 1767
f 1768 1766 1767
f 1768 1767 1769
f 1771 1768 1769
f 1771 1769 1770
f 1798 1801 1800
f 1798 1800 1799
f 1801 1803 1802
f 1801 1802 1800
f 1803 1805 1804
f 1803 1804 1802
f 1805 1798 1799
f 1805 1799 1804
f 1725 1724 1835
f 1725 1835 1833
f 1806 1839 1838
f 1806 1838 1807
f 1808 1806 1807
f 1808 1807 1809
f 1810 1808 1809
f 1810 1809 1811
f 1812 1810 1811
f 1812 1811 1813
f 1814 1812 1813
f 1814 1813 1815
f 1816 1814 1815
f 1816 1815 1817
f 1818 1816 1817
f 1818 1817 1819
f 1820 1818 1819
f 1820 1819 1821
f 1822 1820 1821
f 1822 1821 1823
f 1824 1822 1823
f 1824 1823 1825
f 1826 1824 1825
f 1826 1825 1827
f 1828 1826 1827
f 1828 1827 1829
f 1830 1828 1829
f 1830 1829 1831
f 1832 1830 1831
f 1832 1831 1833
f 1834 1832 1833
f 1834 1833 1835
f 1836 1834 1835
f 1836 1835 1837
f 1839 1836 1837
f 1839 1837 1838
f 1840 1843 1842
f 1840 1842 1841
f 1843 1845 1844
f 1843 1844 1842
f 1845 1847 1846
f 1845 1846 1844
f 1847 1840 1841
f 1847 1841 1846
f 1722 1738 1807
f 1722 1807 1838
f 1995 1997 1968
f 1995 1968 1970
f 1902 1901 1994
f 1902 1994 1992
f 2025 2027 1940
f 2025 1940 1938
f 1908 1909 1943
f 1908 1943 1935
f 1929 1930 2038
f 1929 2038 2036
f 2011 2013 1952
f 2011 1952 1954
f 1894 1893 2010
f 1894 2010 2008
f 1997 1999 1966
f 1997 1966 1968
f 1901 1900 1996
f 1901 1996 1994
f 2027 2030 1941
f 2027 1941 1940
f 1884 1883 2029
f 1884 2029 2028
f 1930 1927 2031
f 1930 2031 2038
f 1934 1933 1983
f 1934 1983 1985
f 1931 1934 1985
f 1931 1985 1980
f 1926 1905 1942
f 1926 1942 1977
f 1925 1926 1977
f 1925 1977 1975
f 1924 1925 1975
f 1924 1975 1973
f 1923 1924 1973
f 1923 1973 1971
f 1922 1923 1971
f 1922 1971 1969
f 1921 1922 1969
f 1921 1969 1967
f 1920 1921 1967
f 1920 1967 1965
f 1919 1920 1965
f 1919 1965 1963
f 1918 1919 1963
f 1918 1963 1961
f 1917 1918 1961
f 1917 1961 1959
f 1916 1917 1959
f 1916 1959 1957
f 1915 1916 1957
f 1915 1957 1955
f 1914 1915 1955
f 1914 1955 1953
f 1913 1914 1953
f 1913 1953 1951
f 1912 1913 1951
f 1912 1951 1949
f 1911 1912 1949
f 1911 1949 1947
f 1910 1911 1947
f 1910 1947 1945
f 1909 1910 1945
f 1909 1945 1943
f 1907 1908 1935
f 1907 1935 1937
f 1883 1884 2042
f 1883 2042 2039
f 1887 1886 2024
f 1887 2024 2022
f 1906 1907 1937
f 1906 1937 1939
f 1905 1906 1939
f 1905 1939 1942
f 2013 2015 1950
f 2013 1950 1952
f 1928 1929 2036
f 1928 2036 2034
f 1893 1892 2012
f 1893 2012 2010
f 1999 2001 1964
f 1999 1964 1966
f 1900 1899 1998
f 1900 1998 1996
f 1927 1928 2034
f 1927 2034 2031
f 1989 1991 1974
f 1989 1974 1976
f 2037 2032 1979
f 2037 1979 1986
f 2015 2017 1948
f 2015 1948 1950
f 1892 1891 2014
f 1892 2014 2012
f 2001 2003 1962
f 2001 1962 1964
f 1899 1898 2000
f 1899 2000 1998
f 1987 1989 1976
f 1987 1976 1978
f 2035 2037 1986
f 2035 1986 1984
f 1888 1887 2022
f 1888 2022 2020
f 2017 2019 1946
f 2017 1946 1948
f 1891 1890 2016
f 1891 2016 2014
f 2003 2005 1960
f 2003 1960 1962
f 1898 1897 2002
f 1898 2002 2000
f 2030 1987 1978
f 2030 1978 1941
f 2033 2035 1984
f 2033 1984 1982
f 1932 1931 1980
f 1932 1980 1981
f 1883 1887 1888
f 1888 1903 1904
f 1888 1904 1883
f 1903 1888 1889
f 1903 1889 1890
f 1901 1902 1903
f 1899 1900 1901
f 1897 1898 1899
f 1895 1896 1897
f 1894 1895 1897
f 1897 1899 1901
f 1901 1903 1890
f 1901 1890 1891
f 1893 1894 1897
f 1901 1891 1892
f 1892 1893 1897
f 1892 1897 1901
f 1879 1880 2052
f 1879 2052 2049
f 1928 1927 2050
f 1928 2050 2051
f 1874 1873 2045
f 1874 2045 2047
f 1873 1872 2043
f 1873 2043 2045
f 1870 1874 2047
f 1870 2047 2040
f 2019 2021 1944
f 2019 1944 1946
f 1890 1889 2018
f 1890 2018 2016
f 2005 2007 1958
f 2005 1958 1960
f 1897 1896 2004
f 1897 2004 2002
f 1881 1882 2056
f 1881 2056 2054
f 1880 1881 2054
f 1880 2054 2052
f 1882 1879 2049
f 1882 2049 2056
f 1887 1883 2039
f 1887 2039 2048
f 1875 1878 1934
f 1875 1934 1931
f 1860 1861 1918
f 1860 1918 1917
f 1850 1851 1908
f 1850 1908 1907
f 1867 1868 1925
f 1867 1925 1924
f 1876 1875 1931
f 1876 1931 1932
f 1857 1858 1915
f 1857 1915 1914
f 1872 1871 2041
f 1872 2041 2043
f 1864 1865 1922
f 1864 1922 1921
f 1854 1855 1912
f 1854 1912 1911
f 1861 1862 1919
f 1861 1919 1918
f 1884 1885 2044
f 1884 2044 2042
f 1927 1930 2055
f 1927 2055 2050
f 1851 1852 1909
f 1851 1909 1908
f 1868 1869 1926
f 1868 1926 1925
f 1877 1876 1932
f 1877 1932 1933
f 1858 1859 1916
f 1858 1916 1915
f 1848 1849 1906
f 1848 1906 1905
f 1929 1928 2051
f 1929 2051 2053
f 1865 1866 1923
f 1865 1923 1922
f 1855 1856 1913
f 1855 1913 1912
f 1885 1886 2046
f 1885 2046 2044
f 1862 1863 1920
f 1862 1920 1919
f 1852 1853 1910
f 1852 1910 1909
f 1869 1848 1905
f 1869 1905 1926
f 1859 1860 1917
f 1859 1917 1916
f 1878 1877 1933
f 1878 1933 1934
f 1849 1850 1907
f 1849 1907 1906
f 1930 1929 2053
f 1930 2053 2055
f 1866 1867 1924
f 1866 1924 1923
f 1856 1857 1914
f 1856 1914 1913
f 1863 1864 1921
f 1863 1921 1920
f 1886 1887 2048
f 1886 2048 2046
f 1853 1854 1911
f 1853 1911 1910
f 1895 1894 2008
f 1895 2008 2006
f 2009 2011 1954
f 2009 1954 1956
f 1885 1884 2028
f 1885 2028 2026
f 2023 2025 1938
f 2023 1938 1936
f 1903 1902 1992
f 1903 1992 1990
f 1993 1995 1970
f 1993 1970 1972
f 1896 1895 2006
f 1896 2006 2004
f 1933 1932 1981
f 1933 1981 1983
f 2007 2009 1956
f 2007 1956 1958
f 1889 1888 2020
f 1889 2020 2018
f 1904 1903 1990
f 1904 1990 1988
f 2032 2033 1982
f 2032 1982 1979
f 2021 2023 1936
f 2021 1936 1944
f 1991 1993 1972
f 1991 1972 1974
f 1977 1942 1941
f 1977 1941 1978
f 1975 1977 1978
f 1975 1978 1976
f 1973 1975 1976
f 1973 1976 1974
f 1971 1973 1974
f 1971 1974 1972
f 1969 1971 1972
f 1969 1972 1970
f 1967 1969 1970
f 1967 1970 1968
f 1965 1967 1968
f 1965 1968 1966
f 1963 1965 1966
f 1963 1966 1964
f 1961 1963 1964
f 1961 1964 1962
f 1959 1961 1962
f 1959 1962 1960
f 1957 1959 1960
f 1957 1960 1958
f 1955 1957 1958
f 1955 1958 1956
f 1953 1955 1956
f 1953 1956 1954
f 1951 1953 1954
f 1951 1954 1952
f 1949 1951 1952
f 1949 1952 1950
f 1947 1949 1950
f 1947 1950 1948
f 1945 1947 1948
f 1945 1948 1946
f 1943 1945 1946
f 1943 1946 1944
f 1935 1943 1944
f 1935 1944 1936
f 1937 1935 1936
f 1937 1936 1938
f 1939 1937 1938
f 1939 1938 1940
f 1942 1939 1940
f 1942 1940 1941
f 1979 1982 1981
f 1979 1981 1980
f 1982 1984 1983
f 1982 1983 1981
f 1984 1986 1985
f 1984 1985 1983
f 1986 1979 1980
f 1986 1980 1985
f 1886 1885 2026
f 1886 2026 2024
f 1987 2030 2029
f 1987 2029 1988
f 1989 1987 1988
f 1989 1988 1990
f 1991 1989 1990
f 1991 1990 1992
f 1993 1991 1992
f 1993 1992 1994
f 1995 1993 1994
f 1995 1994 1996
f 1997 1995 1996
f 1997 1996 1998
f 1999 1997 1998
f 1999 1998 2000
f 2001 1999 2000
f 2001 2000 2002
f 2003 2001 2002
f 2003 2002 2004
f 2005 2003 2004
f 2005 2004 2006
f 2007 2005 2006
f 2007 2006 2008
f 2009 2007 2008
f 2009 2008 2010
f 2011 2009 2010
f 2011 2010 2012
f 2013 2011 2012
f 2013 2012 2014
f 2015 2013 2014
f 2015 2014 2016
f 2017 2015 2016
f 2017 2016 2018
f 2019 2017 2018
f 2019 2018 2020
f 2021 2019 2020
f 2021 2020 2022
f 2023 2021 2022
f 2023 2022 2024
f 2025 2023 2024
f 2025 2024 2026
f 2027 2025 2026
f 2027 2026 2028
f 2030 2027 2028
f 2030 2028 2029
f 2031 2034 2033
f 2031 2033 2032
f 2034 2036 2035
f 2034 2035 2033
f 2036 2038 2037
f 2036 2037 2035
f 2038 2031 2032
f 2038 2032 2037
f 1883 1904 1988
f 1883 1988 2029
f 2039 2042 2041
f 2039 2041 2040
f 2042 2044 2043
f 2042 2043 2041
f 2044 2046 2045
f 2044 2045 2043
f 2046 2048 2047
f 2046 2047 2045
f 2040 2047 2048
f 2040 2048 2039
f 2049 2052 2051
f 2049 2051 2050
f 2052 2054 2053
f 2052 2053 2051
f 2054 2056 2055
f 2054 2055 2053
f 2056 2049 2050
f 2056 2050 2055
f 1871 1870 2040
f 1871 2040 2041
f 2083 2086 2085
f 2083 2085 2084
f 2082 2083 2147
f 2082 2147 2145
f 2093 2094 2169
f 2093 2169 2167
f 2158 2160 2131
f 2158 2131 2129
f 2085 2086 2153
f 2085 2153 2151
f 2162 2164 2135
f 2162 2135 2133
f 2154 2156 2127
f 2154 2127 2125
f 2166 2168 2139
f 2166 2139 2137
f 2142 2144 2115
f 2142 2115 2113
f 2088 2089 2159
f 2088 2159 2157
f 2168 2141 2110
f 2168 2110 2139
f 2146 2148 2119
f 2146 2119 2117
f 2090 2091 2163
f 2090 2163 2161
f 2150 2152 2123
f 2150 2123 2121
f 2144 2146 2117
f 2144 2117 2115
f 2092 2093 2167
f 2092 2167 2165
f 2080 2094 2082
f 2080 2082 2081
f 2090 2089 2093
f 2092 2091 2090
f 2093 2092 2090
f 2077 2078 2182
f 2077 2182 2181
f 2072 2073 2173
f 2072 2173 2170
f 2073 2074 2174
f 2073 2174 2173
f 2078 2079 2185
f 2078 2185 2182
f 2076 2077 2181
f 2076 2181 2179
f 2075 2076 2179
f 2075 2179 2177
f 2074 2075 2177
f 2074 2177 2174
f 2079 2072 2170
f 2079 2170 2185
f 2068 2067 2105
f 2068 2105 2106
f 2066 2065 2103
f 2066 2103 2104
f 2082 2094 2184
f 2082 2184 2171
f 2064 2063 2101
f 2064 2101 2102
f 2062 2061 2099
f 2062 2099 2100
f 2089 2088 2178
f 2089 2178 2180
f 2060 2059 2097
f 2060 2097 2098
f 2071 2070 2108
f 2071 2108 2109
f 2058 2057 2095
f 2058 2095 2096
f 2069 2068 2106
f 2069 2106 2107
f 2086 2083 2172
f 2086 2172 2175
f 2067 2066 2104
f 2067 2104 2105
f 2094 2093 2183
f 2094 2183 2184
f 2065 2064 2102
f 2065 2102 2103
f 2087 2086 2175
f 2087 2175 2176
f 2063 2062 2100
f 2063 2100 2101
f 2093 2089 2183
f 2089 2180 2183
f 2061 2060 2098
f 2061 2098 2099
f 2057 2071 2109
f 2057 2109 2095
f 2088 2087 2176
f 2088 2176 2178
f 2059 2058 2096
f 2059 2096 2097
f 2070 2069 2107
f 2070 2107 2108
f 2095 2109 2138
f 2095 2138 2111
f 2098 2097 2114
f 2098 2114 2116
f 2099 2098 2116
f 2099 2116 2118
f 2100 2099 2118
f 2100 2118 2120
f 2101 2100 2120
f 2101 2120 2122
f 2102 2101 2122
f 2102 2122 2124
f 2103 2102 2124
f 2103 2124 2126
f 2104 2103 2126
f 2104 2126 2128
f 2105 2104 2128
f 2105 2128 2130
f 2106 2105 2130
f 2106 2130 2132
f 2107 2106 2132
f 2107 2132 2134
f 2108 2107 2134
f 2108 2134 2136
f 2109 2108 2136
f 2109 2136 2138
f 2094 2080 2140
f 2094 2140 2169
f 2152 2154 2125
f 2152 2125 2123
f 2091 2092 2165
f 2091 2165 2163
f 2148 2150 2121
f 2148 2121 2119
f 2081 2082 2145
f 2081 2145 2143
f 2089 2090 2161
f 2089 2161 2159
f 2083 2084 2149
f 2083 2149 2147
f 2087 2088 2157
f 2087 2157 2155
f 2141 2142 2113
f 2141 2113 2110
f 2164 2166 2137
f 2164 2137 2135
f 2086 2087 2155
f 2086 2155 2153
f 2160 2162 2133
f 2160 2133 2131
f 2097 2096 2112
f 2097 2112 2114
f 2084 2085 2151
f 2084 2151 2149
f 2156 2158 2129
f 2156 2129 2127
f 2110 2113 2112
f 2110 2112 2111
f 2113 2115 2114
f 2113 2114 2112
f 2115 2117 2116
f 2115 2116 2114
f 2117 2119 2118
f 2117 2118 2116
f 2119 2121 2120
f 2119 2120 2118
f 2121 2123 2122
f 2121 2122 2120
f 2123 2125 2124
f 2123 2124 2122
f 2125 2127 2126
f 2125 2126 2124
f 2127 2129 2128
f 2127 2128 2126
f 2129 2131 2130
f 2129 2130 2128
f 2131 2133 2132
f 2131 2132 2130
f 2133 2135 2134
f 2133 2134 2132
f 2135 2137 2136
f 2135 2136 2134
f 2137 2139 2138
f 2137 2138 2136
f 2139 2110 2111
f 2139 2111 2138
f 2096 2095 2111
f 2096 2111 2112
f 2140 2143 2142
f 2140 2142 2141
f 2143 2145 2144
f 2143 2144 2142
f 2145 2147 2146
f 2145 2146 2144
f 2147 2149 2148
f 2147 2148 2146
f 2149 2151 2150
f 2149 2150 2148
f 2151 2153 2152
f 2151 2152 2150
f 2153 2155 2154
f 2153 2154 2152
f 2155 2157 2156
f 2155 2156 2154
f 2157 2159 2158
f 2157 2158 2156
f 2159 2161 2160
f 2159 2160 2158
f 2161 2163 2162
f 2161 2162 2160
f 2163 2165 2164
f 2163 2164 2162
f 2165 2167 2166
f 2165 2166 2164
f 2167 2169 2168
f 2167 2168 2166
f 2169 2140 2141
f 2169 2141 2168
f 2080 2081 2143
f 2080 2143 2140
f 2170 2173 2172
f 2170 2172 2171
f 2174 2177 2176
f 2174 2176 2175
f 2177 2179 2178
f 2177 2178 2176
f 2179 2181 2180
f 2179 2180 2178
f 2182 2185 2184
f 2182 2184 2183
f 2173 2174 2175
f 2173 2175 2172
f 2171 2184 2185
f 2171 2185 2170
f 2181 2182 2183
f 2181 2183 2180
f 2083 2082 2171
f 2083 2171 2172
f 2344 2342 2259
f 2344 2259 2257
f 2233 2232 2255
f 2233 2255 2258
f 2254 2253 2298
f 2254 2298 2300
f 2253 2252 2296
f 2253 2296 2298
f 2252 2251 2294
f 2252 2294 2296
f 2251 2250 2292
f 2251 2292 2294
f 2250 2249 2290
f 2250 2290 2292
f 2249 2248 2288
f 2249 2288 2290
f 2248 2247 2286
f 2248 2286 2288
f 2247 2246 2284
f 2247 2284 2286
f 2246 2245 2282
f 2246 2282 2284
f 2245 2244 2280
f 2245 2280 2282
f 2244 2243 2278
f 2244 2278 2280
f 2243 2242 2276
f 2243 2276 2278
f 2242 2241 2274
f 2242 2274 2276
f 2241 2240 2272
f 2241 2272 2274
f 2240 2239 2270
f 2240 2270 2272
f 2239 2238 2268
f 2239 2268 2270
f 2238 2237 2266
f 2238 2266 2268
f 2237 2236 2264
f 2237 2264 2266
f 2236 2235 2262
f 2236 2262 2264
f 2235 2234 2260
f 2235 2260 2262
f 2232 2254 2300
f 2232 2300 2255
f 2209 2231 2230
f 2230 2229 2228
f 2227 2226 2225
f 2209 2230 2228
f 2227 2225 2224
f 2228 2227 2224
f 2228 2224 2223
f 2212 2211 2210
f 2213 2212 2210
f 2222 2221 2220
f 2220 2219 2218
f 2220 2218 2217
f 2222 2220 2217
f 2222 2217 2216
f 2223 2222 2216
f 2223 2216 2215
f 2213 2210 2209
f 2223 2215 2214
f 2214 2213 2209
f 2228 2223 2214
f 2209 2228 2214
f 2220 2221 2321
f 2220 2321 2323
f 2324 2322 2279
f 2324 2279 2277
f 2213 2214 2335
f 2213 2335 2337
f 2234 2233 2258
f 2234 2258 2260
f 2231 2209 2346
f 2231 2346 2301
f 2338 2336 2265
f 2338 2265 2263
f 2223 2224 2315
f 2223 2315 2317
f 2216 2217 2329
f 2216 2329 2331
f 2318 2316 2285
f 2318 2285 2283
f 2209 2210 2343
f 2209 2343 2346
f 2332 2330 2271
f 2332 2271 2269
f 2226 2227 2309
f 2226 2309 2311
f 2345 2344 2257
f 2345 2257 2256
f 2312 2310 2291
f 2312 2291 2289
f 2219 2220 2323
f 2219 2323 2325
f 2212 2213 2337
f 2212 2337 2339
f 2326 2324 2277
f 2326 2277 2275
f 2229 2230 2303
f 2229 2303 2305
f 2306 2304 2297
f 2306 2297 2295
f 2340 2338 2263
f 2340 2263 2261
f 2222 2223 2317
f 2222 2317 2319
f 2320 2318 2283
f 2320 2283 2281
f 2215 2216 2331
f 2215 2331 2333
f 2191 2190 2236
f 2191 2236 2237
f 2202 2201 2247
f 2202 2247 2248
f 2189 2188 2234
f 2189 2234 2235
f 2200 2199 2245
f 2200 2245 2246
f 2186 2208 2254
f 2186 2254 2232
f 2187 2186 2232
f 2187 2232 2233
f 2198 2197 2243
f 2198 2243 2244
f 2207 2206 2252
f 2207 2252 2253
f 2196 2195 2241
f 2196 2241 2242
f 2205 2204 2250
f 2205 2250 2251
f 2194 2193 2239
f 2194 2239 2240
f 2203 2202 2248
f 2203 2248 2249
f 2192 2191 2237
f 2192 2237 2238
f 2190 2189 2235
f 2190 2235 2236
f 2201 2200 2246
f 2201 2246 2247
f 2188 2187 2233
f 2188 2233 2234
f 2199 2198 2244
f 2199 2244 2245
f 2208 2207 2253
f 2208 2253 2254
f 2197 2196 2242
f 2197 2242 2243
f 2206 2205 2251
f 2206 2251 2252
f 2195 2194 2240
f 2195 2240 2241
f 2204 2203 2249
f 2204 2249 2250
f 2193 2192 2238
f 2193 2238 2239
f 2310 2308 2293
f 2310 2293 2291
f 2227 2228 2307
f 2227 2307 2309
f 2330 2328 2273
f 2330 2273 2271
f 2210 2211 2341
f 2210 2341 2343
f 2316 2314 2287
f 2316 2287 2285
f 2217 2218 2327
f 2217 2327 2329
f 2224 2225 2313
f 2224 2313 2315
f 2336 2334 2267
f 2336 2267 2265
f 2304 2302 2299
f 2304 2299 2297
f 2322 2320 2281
f 2322 2281 2279
f 2214 2215 2333
f 2214 2333 2335
f 2221 2222 2319
f 2221 2319 2321
f 2308 2306 2295
f 2308 2295 2293
f 2342 2340 2261
f 2342 2261 2259
f 2228 2229 2305
f 2228 2305 2307
f 2211 2212 2339
f 2211 2339 2341
f 2328 2326 2275
f 2328 2275 2273
f 2314 2312 2289
f 2314 2289 2287
f 2218 2219 2325
f 2218 2325 2327
f 2225 2226 2311
f 2225 2311 2313
f 2334 2332 2269
f 2334 2269 2267
f 2299 2256 2255
f 2299 2255 2300
f 2297 2299 2300
f 2297 2300 2298
f 2295 2297 2298
f 2295 2298 2296
f 2293 2295 2296
f 2293 2296 2294
f 2291 2293 2294
f 2291 2294 2292
f 2289 2291 2292
f 2289 2292 2290
f 2287 2289 2290
f 2287 2290 2288
f 2285 2287 2288
f 2285 2288 2286
f 2283 2285 2286
f 2283 2286 2284
f 2281 2283 2284
f 2281 2284 2282
f 2279 2281 2282
f 2279 2282 2280
f 2277 2279 2280
f 2277 2280 2278
f 2275 2277 2278
f 2275 2278 2276
f 2273 2275 2276
f 2273 2276 2274
f 2271 2273 2274
f 2271 2274 2272
f 2269 2271 2272
f 2269 2272 2270
f 2267 2269 2270
f 2267 2270 2268
f 2265 2267 2268
f 2265 2268 2266
f 2263 2265 2266
f 2263 2266 2264
f 2261 2263 2264
f 2261 2264 2262
f 2259 2261 2262
f 2259 2262 2260
f 2257 2259 2260
f 2257 2260 2258
f 2256 2257 2258
f 2256 2258 2255
f 2230 2231 2301
f 2230 2301 2303
f 2301 2346 2345
f 2301 2345 2302
f 2303 2301 2302
f 2303 2302 2304
f 2305 2303 2304
f 2305 2304 2306
f 2307 2305 2306
f 2307 2306 2308
f 2309 2307 2308
f 2309 2308 2310
f 2311 2309 2310
f 2311 2310 2312
f 2313 2311 2312
f 2313 2312 2314
f 2315 2313 2314
f 2315 2314 2316
f 2317 2315 2316
f 2317 2316 2318
f 2319 2317 2318
f 2319 2318 2320
f 2321 2319 2320
f 2321 2320 2322
f 2323 2321 2322
f 2323 2322 2324
f 2325 2323 2324
f 2325 2324 2326
f 2327 2325 2326
f 2327 2326 2328
f 2329 2327 2328
f 2329 2328 2330
f 2331 2329 2330
f 2331 2330 2332
f 2333 2331 2332
f 2333 2332 2334
f 2335 2333 2334
f 2335 2334 2336
f 2337 2335 2336
f 2337 2336 2338
f 2339 2337 2338
f 2339 2338 2340
f 2341 2339 2340
f 2341 2340 2342
f 2343 2341 2342
f 2343 2342 2344
f 2346 2343 2344
f 2346 2344 2345
f 2302 2345 2256
f 2302 2256 2299
f 2412 2410 2383
f 2412 2383 2381
f 2366 2367 2401
f 2366 2401 2403
f 2408 2406 2387
f 2408 2387 2385
f 2404 2402 2391
f 2404 2391 2389
f 2367 2368 2399
f 2367 2399 2401
f 2369 2361 2414
f 2369 2414 2397
f 2370 2378 2396
f 2370 2396 2379
f 2371 2370 2379
f 2371 2379 2382
f 2377 2376 2392
f 2377 2392 2394
f 2376 2375 2390
f 2376 2390 2392
f 2375 2374 2388
f 2375 2388 2390
f 2356 2357 2418
f 2356 2418 2415
f 2374 2373 2386
f 2374 2386 2388
f 2373 2372 2384
f 2373 2384 2386
f 2372 2371 2382
f 2372 2382 2384
f 2368 2369 2397
f 2368 2397 2399
f 2363 2364 2407
f 2363 2407 2409
f 2413 2412 2381
f 2413 2381 2380
f 2365 2366 2403
f 2365 2403 2405
f 2410 2408 2385
f 2410 2385 2383
f 2378 2377 2394
f 2378 2394 2396
f 2406 2404 2389
f 2406 2389 2387
f 2402 2400 2393
f 2402 2393 2391
f 2361 2362 2411
f 2361 2411 2414
f 2400 2398 2395
f 2400 2395 2393
f 2362 2368 2367
f 2362 2367 2363
f 2361 2369 2368
f 2361 2368 2362
f 2359 2360 2424
f 2359 2424 2422
f 2358 2359 2422
f 2358 2422 2420
f 2357 2358 2420
f 2357 2420 2418
f 2360 2356 2415
f 2360 2415 2424
f 2363 2367 2423
f 2363 2423 2416
f 2367 2366 2421
f 2367 2421 2423
f 2366 2365 2419
f 2366 2419 2421
f 2365 2364 2417
f 2365 2417 2419
f 2347 2355 2378
f 2347 2378 2370
f 2355 2354 2377
f 2355 2377 2378
f 2354 2353 2376
f 2354 2376 2377
f 2353 2352 2375
f 2353 2375 2376
f 2352 2351 2374
f 2352 2374 2375
f 2351 2350 2373
f 2351 2373 2374
f 2350 2349 2372
f 2350 2372 2373
f 2349 2348 2371
f 2349 2371 2372
f 2348 2347 2370
f 2348 2370 2371
f 2364 2365 2405
f 2364 2405 2407
f 2362 2363 2409
f 2362 2409 2411
f 2395 2380 2379
f 2395 2379 2396
f 2393 2395 2396
f 2393 2396 2394
f 2391 2393 2394
f 2391 2394 2392
f 2389 2391 2392
f 2389 2392 2390
f 2387 2389 2390
f 2387 2390 2388
f 2385 2387 2388
f 2385 2388 2386
f 2383 2385 2386
f 2383 2386 2384
f 2381 2383 2384
f 2381 2384 2382
f 2380 2381 2382
f 2380 2382 2379
f 2397 2414 2413
f 2397 2413 2398
f 2399 2397 2398
f 2399 2398 2400
f 2401 2399 2400
f 2401 2400 2402
f 2403 2401 2402
f 2403 2402 2404
f 2405 2403 2404
f 2405 2404 2406
f 2407 2405 2406
f 2407 2406 2408
f 2409 2407 2408
f 2409 2408 2410
f 2411 2409 2410
f 2411 2410 2412
f 2414 2411 2412
f 2414 2412 2413
f 2398 2413 2380
f 2398 2380 2395
f 2415 2418 2417
f 2415 2417 2416
f 2418 2420 2419
f 2418 2419 2417
f 2420 2422 2421
f 2420 2421 2419
f 2422 2424 2423
f 2422 2423 2421
f 2416 2423 2424
f 2416 2424 2415
f 2364 2363 2416
f 2364 2416 2417
f 2431 2432 2452
f 2431 2452 2449
f 2433 2432 2445
f 2433 2445 2447
f 2431 2433 2447
f 2431 2447 2444
f 2428 2430 2453
f 2428 2453 2450
f 2430 2429 2451
f 2430 2451 2453
f 2432 2433 2454
f 2432 2454 2452
f 2433 2431 2449
f 2433 2449 2454
f 2427 2425 2434
f 2427 2434 2436
f 2426 2427 2436
f 2426 2436 2435
f 2425 2426 2435
f 2425 2435 2434
f 2436 2434 2437
f 2436 2437 2442
f 2435 2436 2442
f 2435 2442 2440
f 2446 2443 2438
f 2446 2438 2439
f 2448 2446 2439
f 2448 2439 2441
f 2443 2448 2441
f 2443 2441 2438
f 2437 2440 2439
f 2437 2439 2438
f 2440 2442 2441
f 2440 2441 2439
f 2442 2437 2438
f 2442 2438 2441
f 2434 2435 2440
f 2434 2440 2437
f 2443 2446 2445
f 2443 2445 2444
f 2446 2448 2447
f 2446 2447 2445
f 2448 2443 2444
f 2448 2444 2447
f 2432 2431 2444
f 2432 2444 2445
f 2449 2452 2451
f 2449 2451 2450
f 2452 2454 2453
f 2452 2453 2451
f 2454 2449 2450
f 2454 2450 2453
f 2429 2428 2450
f 2429 2450 2451
f 2507 2508 2599
f 2507 2599 2601
f 2512 2511 2539
f 2512 2539 2542
f 2538 2537 2592
f 2538 2592 2594
f 2537 2536 2590
f 2537 2590 2592
f 2536 2535 2588
f 2536 2588 2590
f 2535 2534 2586
f 2535 2586 2588
f 2534 2533 2584
f 2534 2584 2586
f 2533 2532 2582
f 2533 2582 2584
f 2532 2531 2580
f 2532 2580 2582
f 2531 2530 2578
f 2531 2578 2580
f 2530 2529 2576
f 2530 2576 2578
f 2529 2528 2574
f 2529 2574 2576
f 2528 2527 2572
f 2528 2572 2574
f 2527 2526 2570
f 2527 2570 2572
f 2526 2525 2568
f 2526 2568 2570
f 2525 2524 2566
f 2525 2566 2568
f 2524 2523 2564
f 2524 2564 2566
f 2523 2522 2562
f 2523 2562 2564
f 2522 2521 2560
f 2522 2560 2562
f 2521 2520 2558
f 2521 2558 2560
f 2520 2519 2556
f 2520 2556 2558
f 2519 2518 2554
f 2519 2554 2556
f 2518 2517 2552
f 2518 2552 2554
f 2517 2516 2550
f 2517 2550 2552
f 2516 2515 2548
f 2516 2548 2550
f 2515 2514 2546
f 2515 2546 2548
f 2514 2513 2544
f 2514 2544 2546
f 2513 2512 2542
f 2513 2542 2544
f 2508 2507 2506
f 2508 2506 2505
f 2509 2508 2505
f 2504 2503 2502
f 2501 2500 2499
f 2497 2496 2495
f 2497 2495 2494
f 2498 2497 2494
f 2498 2494 2493
f 2499 2498 2493
f 2499 2493 2492
f 2501 2499 2492
f 2491 2490 2489
f 2491 2489 2488
f 2488 2487 2486
f 2509 2505 2504
f 2510 2509 2504
f 2491 2488 2486
f 2492 2491 2486
f 2510 2504 2502
f 2483 2510 2502
f 2492 2486 2485
f 2483 2502 2501
f 2501 2492 2485
f 2484 2483 2501
f 2501 2485 2484
f 2492 2493 2629
f 2492 2629 2631
f 2648 2646 2543
f 2648 2543 2541
f 2604 2602 2587
f 2604 2587 2585
f 2499 2500 2615
f 2499 2615 2617
f 2634 2632 2557
f 2634 2557 2555
f 2484 2485 2645
f 2484 2645 2647
f 2620 2618 2571
f 2620 2571 2569
f 2506 2507 2601
f 2506 2601 2603
f 2491 2492 2631
f 2491 2631 2633
f 2649 2648 2541
f 2649 2541 2540
f 2606 2604 2585
f 2606 2585 2583
f 2498 2499 2617
f 2498 2617 2619
f 2636 2634 2555
f 2636 2555 2553
f 2483 2484 2647
f 2483 2647 2650
f 2505 2506 2603
f 2505 2603 2605
f 2622 2620 2569
f 2622 2569 2567
f 2490 2491 2633
f 2490 2633 2635
f 2608 2606 2583
f 2608 2583 2581
f 2497 2498 2619
f 2497 2619 2621
f 2638 2636 2553
f 2638 2553 2551
f 2511 2538 2594
f 2511 2594 2539
f 2504 2505 2605
f 2504 2605 2607
f 2624 2622 2567
f 2624 2567 2565
f 2489 2490 2635
f 2489 2635 2637
f 2610 2608 2581
f 2610 2581 2579
f 2496 2497 2621
f 2496 2621 2623
f 2640 2638 2551
f 2640 2551 2549
f 2598 2596 2593
f 2598 2593 2591
f 2482 2481 2537
f 2482 2537 2538
f 2460 2459 2515
f 2460 2515 2516
f 2471 2470 2526
f 2471 2526 2527
f 2480 2479 2535
f 2480 2535 2536
f 2458 2457 2513
f 2458 2513 2514
f 2469 2468 2524
f 2469 2524 2525
f 2478 2477 2533
f 2478 2533 2534
f 2456 2455 2511
f 2456 2511 2512
f 2467 2466 2522
f 2467 2522 2523
f 2476 2475 2531
f 2476 2531 2532
f 2465 2464 2520
f 2465 2520 2521
f 2474 2473 2529
f 2474 2529 2530
f 2463 2462 2518
f 2463 2518 2519
f 2455 2482 2538
f 2455 2538 2511
f 2472 2471 2527
f 2472 2527 2528
f 2461 2460 2516
f 2461 2516 2517
f 2481 2480 2536
f 2481 2536 2537
f 2459 2458 2514
f 2459 2514 2515
f 2470 2469 2525
f 2470 2525 2526
f 2479 2478 2534
f 2479 2534 2535
f 2457 2456 2512
f 2457 2512 2513
f 2468 2467 2523
f 2468 2523 2524
f 2477 2476 2532
f 2477 2532 2533
f 2466 2465 2521
f 2466 2521 2522
f 2475 2474 2530
f 2475 2530 2531
f 2464 2463 2519
f 2464 2519 2520
f 2473 2472 2528
f 2473 2528 2529
f 2462 2461 2517
f 2462 2517 2518
f 2618 2616 2573
f 2618 2573 2571
f 2485 2486 2643
f 2485 2643 2645
f 2500 2501 2613
f 2500 2613 2615
f 2632 2630 2559
f 2632 2559 2557
f 2602 2600 2589
f 2602 2589 2587
f 2493 2494 2627
f 2493 2627 2629
f 2646 2644 2545
f 2646 2545 2543
f 2508 2509 2597
f 2508 2597 2599
f 2616 2614 2575
f 2616 2575 2573
f 2486 2487 2641
f 2486 2641 2643
f 2630 2628 2561
f 2630 2561 2559
f 2501 2502 2611
f 2501 2611 2613
f 2600 2598 2591
f 2600 2591 2589
f 2644 2642 2547
f 2644 2547 2545
f 2494 2495 2625
f 2494 2625 2627
f 2614 2612 2577
f 2614 2577 2575
f 2487 2488 2639
f 2487 2639 2641
f 2628 2626 2563
f 2628 2563 2561
f 2502 2503 2609
f 2502 2609 2611
f 2510 2483 2650
f 2510 2650 2595
f 2642 2640 2549
f 2642 2549 2547
f 2495 2496 2623
f 2495 2623 2625
f 2612 2610 2579
f 2612 2579 2577
f 2488 2489 2637
f 2488 2637 2639
f 2626 2624 2565
f 2626 2565 2563
f 2503 2504 2607
f 2503 2607 2609
f 2593 2540 2539
f 2593 2539 2594
f 2591 2593 2594
f 2591 2594 2592
f 2589 2591 2592
f 2589 2592 2590
f 2587 2589 2590
f 2587 2590 2588
f 2585 2587 2588
f 2585 2588 2586
f 2583 2585 2586
f 2583 2586 2584
f 2581 2583 2584
f 2581 2584 2582
f 2579 2581 2582
f 2579 2582 2580
f 2577 2579 2580
f 2577 2580 2578
f 2575 2577 2578
f 2575 2578 2576
f 2573 2575 2576
f 2573 2576 2574
f 2571 2573 2574
f 2571 2574 2572
f 2569 2571 2572
f 2569 2572 2570
f 2567 2569 2570
f 2567 2570 2568
f 2565 2567 2568
f 2565 2568 2566
f 2563 2565 2566
f 2563 2566 2564
f 2561 2563 2564
f 2561 2564 2562
f 2559 2561 2562
f 2559 2562 2560
f 2557 2559 2560
f 2557 2560 2558
f 2555 2557 2558
f 2555 2558 2556
f 2553 2555 2556
f 2553 2556 2554
f 2551 2553 2554
f 2551 2554 2552
f 2549 2551 2552
f 2549 2552 2550
f 2547 2549 2550
f 2547 2550 2548
f 2545 2547 2548
f 2545 2548 2546
f 2543 2545 2546
f 2543 2546 2544
f 2541 2543 2544
f 2541 2544 2542
f 2540 2541 2542
f 2540 2542 2539
f 2509 2510 2595
f 2509 2595 2597
f 2595 2650 2649
f 2595 2649 2596
f 2597 2595 2596
f 2597 2596 2598
f 2599 2597 2598
f 2599 2598 2600
f 2601 2599 2600
f 2601 2600 2602
f 2603 2601 2602
f 2603 2602 2604
f 2605 2603 2604
f 2605 2604 2606
f 2607 2605 2606
f 2607 2606 2608
f 2609 2607 2608
f 2609 2608 2610
f 2611 2609 2610
f 2611 2610 2612
f 2613 2611 2612
f 2613 2612 2614
f 2615 2613 2614
f 2615 2614 2616
f 2617 2615 2616
f 2617 2616 2618
f 2619 2617 2618
f 2619 2618 2620
f 2621 2619 2620
f 2621 2620 2622
f 2623 2621 2622
f 2623 2622 2624
f 2625 2623 2624
f 2625 2624 2626
f 2627 2625 2626
f 2627 2626 2628
f 2629 2627 2628
f 2629 2628 2630
f 2631 2629 2630
f 2631 2630 2632
f 2633 2631 2632
f 2633 2632 2634
f 2635 2633 2634
f 2635 2634 2636
f 2637 2635 2636
f 2637 2636 2638
f 2639 2637 2638
f 2639 2638 2640
f 2641 2639 2640
f 2641 2640 2642
f 2643 2641 2642
f 2643 2642 2644
f 2645 2643 2644
f 2645 2644 2646
f 2647 2645 2646
f 2647 2646 2648
f 2650 2647 2648
f 2650 2648 2649
f 2596 2649 2540
f 2596 2540 2593
f 2675 2674 2686
f 2675 2686 2685
f 2677 2676 2675
f 2678 2677 2675
f 2683 2682 2681
f 2683 2681 2680
f 2678 2675 2685
f 2683 2680 2679
f 2679 2678 2685
f 2684 2683 2679
f 2685 2684 2679
f 2687 2688 2785
f 2687 2785 2782
f 2758 2760 2725
f 2758 2725 2723
f 2691 2690 2778
f 2691 2778 2780
f 2781 2779 2742
f 2781 2742 2744
f 2683 2684 2767
f 2683 2767 2765
f 2764 2766 2731
f 2764 2731 2729
f 2676 2677 2753
f 2676 2753 2751
f 2750 2752 2717
f 2750 2717 2715
f 2772 2781 2744
f 2772 2744 2737
f 2685 2686 2771
f 2685 2771 2769
f 2678 2679 2757
f 2678 2757 2755
f 2756 2758 2723
f 2756 2723 2721
f 2690 2689 2776
f 2690 2776 2778
f 2779 2777 2740
f 2779 2740 2742
f 2762 2764 2729
f 2762 2729 2727
f 2681 2682 2763
f 2681 2763 2761
f 2748 2750 2715
f 2748 2715 2713
f 2675 2676 2751
f 2675 2751 2749
f 2687 2691 2780
f 2687 2780 2773
f 2673 2672 2788
f 2673 2788 2790
f 2672 2671 2786
f 2672 2786 2788
f 2669 2673 2790
f 2669 2790 2783
f 2691 2687 2782
f 2691 2782 2791
f 2655 2654 2695
f 2655 2695 2696
f 2665 2666 2707
f 2665 2707 2706
f 2653 2652 2693
f 2653 2693 2694
f 2664 2665 2706
f 2664 2706 2705
f 2662 2661 2702
f 2662 2702 2703
f 2660 2659 2700
f 2660 2700 2701
f 2690 2691 2791
f 2690 2791 2789
f 2668 2664 2705
f 2668 2705 2709
f 2658 2657 2698
f 2658 2698 2699
f 2688 2689 2787
f 2688 2787 2785
f 2656 2655 2696
f 2656 2696 2697
f 2666 2667 2708
f 2666 2708 2707
f 2654 2653 2694
f 2654 2694 2695
f 2651 2663 2704
f 2651 2704 2692
f 2652 2651 2692
f 2652 2692 2693
f 2663 2662 2703
f 2663 2703 2704
f 2661 2660 2701
f 2661 2701 2702
f 2671 2670 2784
f 2671 2784 2786
f 2659 2658 2699
f 2659 2699 2700
f 2689 2690 2789
f 2689 2789 2787
f 2667 2668 2709
f 2667 2709 2708
f 2657 2656 2697
f 2657 2697 2698
f 2694 2693 2712
f 2694 2712 2714
f 2695 2694 2714
f 2695 2714 2716
f 2696 2695 2716
f 2696 2716 2718
f 2697 2696 2718
f 2697 2718 2720
f 2698 2697 2720
f 2698 2720 2722
f 2699 2698 2722
f 2699 2722 2724
f 2700 2699 2724
f 2700 2724 2726
f 2701 2700 2726
f 2701 2726 2728
f 2702 2701 2728
f 2702 2728 2730
f 2703 2702 2730
f 2703 2730 2732
f 2704 2703 2732
f 2704 2732 2734
f 2705 2706 2739
f 2705 2739 2736
f 2709 2705 2736
f 2709 2736 2745
f 2686 2674 2746
f 2686 2746 2771
f 2707 2708 2743
f 2707 2743 2741
f 2708 2709 2745
f 2708 2745 2743
f 2706 2707 2741
f 2706 2741 2739
f 2680 2681 2761
f 2680 2761 2759
f 2674 2675 2749
f 2674 2749 2746
f 2689 2688 2774
f 2689 2774 2776
f 2754 2756 2721
f 2754 2721 2719
f 2752 2754 2719
f 2752 2719 2717
f 2766 2768 2733
f 2766 2733 2731
f 2768 2770 2735
f 2768 2735 2733
f 2770 2747 2710
f 2770 2710 2735
f 2775 2772 2737
f 2775 2737 2738
f 2682 2683 2765
f 2682 2765 2763
f 2760 2762 2727
f 2760 2727 2725
f 2777 2775 2738
f 2777 2738 2740
f 2693 2692 2711
f 2693 2711 2712
f 2679 2680 2759
f 2679 2759 2757
f 2677 2678 2755
f 2677 2755 2753
f 2688 2687 2773
f 2688 2773 2774
f 2684 2685 2769
f 2684 2769 2767
f 2710 2713 2712
f 2710 2712 2711
f 2713 2715 2714
f 2713 2714 2712
f 2715 2717 2716
f 2715 2716 2714
f 2717 2719 2718
f 2717 2718 2716
f 2719 2721 2720
f 2719 2720 2718
f 2721 2723 2722
f 2721 2722 2720
f 2723 2725 2724
f 2723 2724 2722
f 2725 2727 2726
f 2725 2726 2724
f 2727 2729 2728
f 2727 2728 2726
f 2729 2731 2730
f 2729 2730 2728
f 2731 2733 2732
f 2731 2732 2730
f 2733 2735 2734
f 2733 2734 2732
f 2736 2739 2738
f 2736 2738 2737
f 2735 2710 2711
f 2735 2711 2734
f 2739 2741 2740
f 2739 2740 2738
f 2741 2743 2742
f 2741 2742 2740
f 2743 2745 2744
f 2743 2744 2742
f 2745 2736 2737
f 2745 2737 2744
f 2692 2704 2734
f 2692 2734 2711
f 2746 2749 2748
f 2746 2748 2747
f 2749 2751 2750
f 2749 2750 2748
f 2751 2753 2752
f 2751 2752 2750
f 2753 2755 2754
f 2753 2754 2752
f 2755 2757 2756
f 2755 2756 2754
f 2757 2759 2758
f 2757 2758 2756
f 2759 2761 2760
f 2759 2760 2758
f 2761 2763 2762
f 2761 2762 2760
f 2763 2765 2764
f 2763 2764 2762
f 2765 2767 2766
f 2765 2766 2764
f 2767 2769 2768
f 2767 2768 2766
f 2769 2771 2770
f 2769 2770 2768
f 2772 2775 2774
f 2772 2774 2773
f 2771 2746 2747
f 2771 2747 2770
f 2775 2777 2776
f 2775 2776 2774
f 2777 2779 2778
f 2777 2778 2776
f 2779 2781 2780
f 2779 2780 2778
f 2781 2772 2773
f 2781 2773 2780
f 2747 2748 2713
f 2747 2713 2710
f 2782 2785 2784
f 2782 2784 2783
f 2785 2787 2786
f 2785 2786 2784
f 2787 2789 2788
f 2787 2788 2786
f 2789 2791 2790
f 2789 2790 2788
f 2791 2782 2783
f 2791 2783 2790
f 2670 2669 2783
f 2670 2783 2784
f 2812 2811 2879
f 2812 2879 2877
f 2823 2824 2842
f 2823 2842 2841
f 2832 2833 2860
f 2832 2860 2858
f 2831 2832 2858
f 2831 2858 2856
f 2830 2831 2856
f 2830 2856 2854
f 2829 2830 2854
f 2829 2854 2852
f 2828 2829 2852
f 2828 2852 2850
f 2827 2828 2850
f 2827 2850 2848
f 2826 2827 2848
f 2826 2848 2846
f 2825 2826 2846
f 2825 2846 2844
f 2821 2825 2844
f 2821 2844 2836
f 2833 2823 2841
f 2833 2841 2860
f 2864 2866 2857
f 2864 2857 2859
f 2811 2810 2881
f 2811 2881 2879
f 2820 2821 2836
f 2820 2836 2835
f 2810 2811 2812
f 2810 2812 2813
f 2809 2808 2806
f 2806 2810 2813
f 2806 2813 2814
f 2817 2818 2819
f 2816 2817 2819
f 2809 2806 2814
f 2815 2816 2819
f 2809 2814 2815
f 2815 2819 2807
f 2815 2807 2809
f 2809 2807 2886
f 2809 2886 2883
f 2874 2876 2847
f 2874 2847 2849
f 2824 2822 2839
f 2824 2839 2842
f 2870 2872 2851
f 2870 2851 2853
f 2814 2813 2875
f 2814 2875 2873
f 2866 2868 2855
f 2866 2855 2857
f 2808 2809 2883
f 2808 2883 2884
f 2816 2815 2871
f 2816 2871 2869
f 2862 2864 2859
f 2862 2859 2861
f 2885 2882 2843
f 2885 2843 2838
f 2818 2817 2867
f 2818 2867 2865
f 2810 2806 2888
f 2810 2888 2881
f 2880 2889 2834
f 2880 2834 2837
f 2805 2795 2823
f 2805 2823 2833
f 2804 2805 2833
f 2804 2833 2832
f 2803 2804 2832
f 2803 2832 2831
f 2802 2803 2831
f 2802 2831 2830
f 2801 2802 2830
f 2801 2830 2829
f 2800 2801 2829
f 2800 2829 2828
f 2799 2800 2828
f 2799 2828 2827
f 2798 2799 2827
f 2798 2827 2826
f 2797 2798 2826
f 2797 2826 2825
f 2793 2797 2825
f 2793 2825 2821
f 2796 2794 2822
f 2796 2822 2824
f 2795 2796 2824
f 2795 2824 2823
f 2794 2792 2820
f 2794 2820 2822
f 2792 2793 2821
f 2792 2821 2820
f 2878 2880 2837
f 2878 2837 2845
f 2819 2818 2865
f 2819 2865 2863
f 2882 2887 2840
f 2882 2840 2843
f 2817 2816 2869
f 2817 2869 2867
f 2889 2885 2838
f 2889 2838 2834
f 2887 2862 2861
f 2887 2861 2840
f 2815 2814 2873
f 2815 2873 2871
f 2868 2870 2853
f 2868 2853 2855
f 2813 2812 2877
f 2813 2877 2875
f 2872 2874 2849
f 2872 2849 2851
f 2806 2808 2884
f 2806 2884 2888
f 2876 2878 2845
f 2876 2845 2847
f 2860 2841 2840
f 2860 2840 2861
f 2858 2860 2861
f 2858 2861 2859
f 2856 2858 2859
f 2856 2859 2857
f 2854 2856 2857
f 2854 2857 2855
f 2852 2854 2855
f 2852 2855 2853
f 2850 2852 2853
f 2850 2853 2851
f 2848 2850 2851
f 2848 2851 2849
f 2846 2848 2849
f 2846 2849 2847
f 2844 2846 2847
f 2844 2847 2845
f 2836 2844 2845
f 2836 2845 2837
f 2842 2839 2838
f 2842 2838 2843
f 2841 2842 2843
f 2841 2843 2840
f 2839 2835 2834
f 2839 2834 2838
f 2835 2836 2837
f 2835 2837 2834
f 2822 2820 2835
f 2822 2835 2839
f 2862 2887 2886
f 2862 2886 2863
f 2864 2862 2863
f 2864 2863 2865
f 2866 2864 2865
f 2866 2865 2867
f 2868 2866 2867
f 2868 2867 2869
f 2870 2868 2869
f 2870 2869 2871
f 2872 2870 2871
f 2872 2871 2873
f 2874 2872 2873
f 2874 2873 2875
f 2876 2874 2875
f 2876 2875 2877
f 2878 2876 2877
f 2878 2877 2879
f 2880 2878 2879
f 2880 2879 2881
f 2882 2885 2884
f 2882 2884 2883
f 2887 2882 2883
f 2887 2883 2886
f 2885 2889 2888
f 2885 2888 2884
f 2889 2880 2881
f 2889 2881 2888
f 2807 2819 2863
f 2807 2863 2886
f 2911 2910 6040
f 2911 6040 6049
f 2908 5965 2970
f 2908 2970 6055
f 6061 2974 6030
f 6061 6030 2934
f 5988 5991 2942
f 5988 2942 2951
f 2974 6052 6026
f 2974 6026 6030
f 6052 2967 6032
f 6052 6032 6026
f 2912 5970 2962
f 2912 2962 6046
f 5992 2926 6012
f 5992 6012 2949
f 5994 2925 6018
f 5994 6018 2947
f 5996 2924 6021
f 5996 6021 2945
f 5998 2923 2945
f 5998 2945 2943
f 6000 6003 2932
f 6000 2932 2939
f 2921 2922 6025
f 2921 6025 6013
f 6004 2920 6028
f 6004 6028 2937
f 6006 2919 6033
f 6006 6033 2935
f 6008 2918 6034
f 6008 6034 2933
f 2916 2917 6036
f 2916 6036 6029
f 2909 2905 2906
f 2906 2907 5967
f 2906 5967 2909
f 2915 5971 2927
f 2915 2927 2930
f 2906 2905 6054
f 2906 6054 6060
f 6047 6050 6023
f 6047 6023 6022
f 2914 5973 2958
f 2914 2958 6041
f 2964 6038 6010
f 2964 6010 6014
f 5966 5964 2972
f 5966 2972 6057
f 2909 5967 2968
f 2909 2968 6051
f 6058 6061 2934
f 6058 2934 2936
f 2955 6044 6019
f 2955 6019 6016
f 5969 5968 2966
f 5969 2966 2973
f 2910 2911 5971
f 2910 5971 2915
f 5975 2915 2930
f 5975 2930 2929
f 2913 5975 2929
f 2913 2929 2928
f 5971 2913 2928
f 5971 2928 2927
f 5984 5985 5983
f 5984 5983 5978
f 2904 5986 2929
f 2904 2929 2930
f 2903 5987 5980
f 2903 5980 5982
f 2902 2901 5979
f 2902 5979 5981
f 5989 5990 5991
f 5989 5991 5988
f 5993 2900 2926
f 5993 2926 5992
f 5995 2899 2925
f 5995 2925 5994
f 5997 2898 2924
f 5997 2924 5996
f 5999 2897 2923
f 5999 2923 5998
f 6001 6002 6003
f 6001 6003 6000
f 2895 2896 2922
f 2895 2922 2921
f 6005 2894 2920
f 6005 2920 6004
f 6007 2893 2919
f 6007 2919 6006
f 6009 2892 2918
f 6009 2918 6008
f 2890 2891 2917
f 2890 2917 2916
f 6038 2955 6016
f 6038 6016 6010
f 2915 5975 2956
f 2915 2956 6037
f 6044 6047 6022
f 6044 6022 6019
f 5974 5972 2960
f 5974 2960 6043
f 6050 2964 6014
f 6050 6014 6023
f 2951 2942 2941
f 2951 2941 2952
f 2949 6012 6011
f 2949 6011 2950
f 2947 6018 6017
f 2947 6017 2948
f 2945 6021 6020
f 2945 6020 2946
f 2943 2945 2946
f 2943 2946 2944
f 2939 2932 2931
f 2939 2931 2940
f 6013 6025 6024
f 6013 6024 6015
f 2937 6028 6027
f 2937 6027 2938
f 2935 6033 6032
f 2935 6032 2936
f 2933 6034 2936
f 2933 2936 2934
f 6029 6036 6035
f 6029 6035 6031
f 2967 6058 2936
f 2967 2936 6032
f 2953 6039 2963
f 2953 2963 2954
f 2955 6038 6037
f 2955 6037 2956
f 2957 6042 6041
f 2957 6041 2958
f 2959 6045 6043
f 2959 6043 2960
f 2961 6048 6046
f 2961 6046 2962
f 2965 6053 2973
f 2965 2973 2966
f 2964 6050 6049
f 2964 6049 6040
f 2967 6052 6051
f 2967 6051 2968
f 2969 6056 6055
f 2969 6055 2970
f 2971 6059 6057
f 2971 6057 2972
f 2974 6061 6060
f 2974 6060 6054
f 5977 5976 2954
f 5977 2954 2963
f 6126 6129 6108
f 6126 6108 3015
f 3028 3030 6106
f 3028 6106 6103
f 2989 2988 6119
f 2989 6119 6134
f 6116 6121 6100
f 6116 6100 6094
f 2991 6063 3037
f 2991 3037 6128
f 2993 6067 3033
f 2993 3033 6123
f 6076 6079 3007
f 6076 3007 3022
f 6080 3005 6096
f 6080 6096 3020
f 6082 3004 6102
f 6082 6102 3018
f 6084 3003 6105
f 6084 6105 3016
f 6086 3002 6107
f 6086 6107 3014
f 6088 3001 3014
f 6088 3014 3012
f 2988 2989 3045
f 2988 3045 3042
f 6090 3000 6109
f 6090 6109 3010
f 6092 2999 6111
f 6092 6111 3008
f 2997 2998 6114
f 2997 6114 6097
f 6135 3041 6098
f 6135 6098 6112
f 2995 6070 3029
f 2995 3029 6120
f 6129 6132 3011
f 6129 3011 6108
f 3030 6126 3015
f 3030 3015 6106
f 3041 6116 6094
f 3041 6094 6098
f 2990 6062 3039
f 2990 3039 6131
f 2992 6065 3035
f 2992 3035 6125
f 6066 6068 2996
f 6066 2996 2988
f 2996 6068 6069
f 6069 2994 6071
f 6069 6071 2996
f 2987 6147 6140
f 2987 6140 3048
f 6145 6146 6143
f 6145 6143 3043
f 2986 6144 6137
f 2986 6137 3046
f 6064 6066 3049
f 6064 3049 3047
f 2989 6064 3047
f 2989 3047 3045
f 6066 2988 3042
f 6066 3042 3049
f 6077 6078 6079
f 6077 6079 6076
f 6081 2983 3005
f 6081 3005 6080
f 6083 2982 3004
f 6083 3004 6082
f 6085 2981 3003
f 6085 3003 6084
f 6087 2980 3002
f 6087 3002 6086
f 6089 2979 3001
f 6089 3001 6088
f 6091 2978 3000
f 6091 3000 6090
f 6093 2977 2999
f 6093 2999 6092
f 2975 2976 2998
f 2975 2998 2997
f 6073 6072 3027
f 6073 3027 6115
f 6132 6135 6112
f 6132 6112 3011
f 2994 6069 3031
f 2994 3031 6122
f 3022 3007 3006
f 3022 3006 3023
f 3020 6096 6095
f 3020 6095 3021
f 3018 6102 6101
f 3018 6101 3019
f 3016 6105 6104
f 3016 6104 3017
f 3014 6107 6106
f 3014 6106 3015
f 3012 3014 3015
f 3012 3015 3013
f 3010 6109 6108
f 3010 6108 3011
f 3008 6111 6110
f 3008 6110 3009
f 6097 6114 6113
f 6097 6113 6099
f 6121 3028 6103
f 6121 6103 6100
f 3024 6118 3040
f 3024 3040 3025
f 3026 6117 6115
f 3026 6115 3027
f 3028 6121 6120
f 3028 6120 3029
f 3030 3028 6122
f 3030 6122 3031
f 3032 6124 6123
f 3032 6123 3033
f 3034 6127 6125
f 3034 6125 3035
f 3036 6130 6128
f 3036 6128 3037
f 3038 6133 6131
f 3038 6131 3039
f 3041 6135 6134
f 3041 6134 6119
f 6075 6074 3025
f 6075 3025 3040
f 3042 3045 3044
f 3042 3044 3043
f 6136 6138 3046
f 6136 3046 6137
f 6139 6141 3048
f 6139 3048 6140
f 3043 6143 6142
f 3043 6142 3042
f 2985 2984 3043
f 2985 3043 3044
f 3109 3080 3081
f 3084 3085 3086
f 3087 3088 3089
f 3084 3086 3087
f 3083 3084 3087
f 3089 3090 3091
f 3091 3092 3093
f 3089 3091 3093
f 3109 3081 3082
f 3108 3109 3082
f 3108 3082 3083
f 3107 3108 3083
f 3096 3097 3098
f 3101 3102 3103
f 3096 3098 3099
f 3095 3096 3099
f 3107 3083 3087
f 3094 3095 3099
f 3106 3107 3087
f 3094 3099 3100
f 3106 3087 3089
f 3093 3094 3100
f 3105 3106 3089
f 3104 3105 3089
f 3093 3100 3101
f 3103 3104 3089
f 3093 3101 3103
f 3089 3093 3103
f 6159 6157 6294
f 6159 6294 3216
f 3245 3243 6264
f 3245 6264 6266
f 6168 6166 6306
f 6168 6306 3230
f 3215 3213 3152
f 3215 3152 6239
f 3259 3257 6276
f 3259 6276 3198
f 6178 6177 6323
f 6178 6323 3244
f 3229 3227 6244
f 3229 6244 3168
f 6158 6155 6291
f 6158 6291 3214
f 3243 3241 6261
f 3243 6261 6264
f 6184 6182 6331
f 6184 6331 3258
f 6167 6164 6303
f 6167 6303 3228
f 3213 3211 6235
f 3213 6235 3152
f 3257 3255 6273
f 3257 6273 6276
f 3101 3100 6321
f 3101 6321 3242
f 3227 3225 6242
f 3227 6242 6244
f 6156 6153 6288
f 6156 6288 3212
f 3241 3239 3178
f 3241 3178 6261
f 6183 6181 6328
f 6183 6328 3256
f 6165 6163 3224
f 6165 3224 3226
f 3211 3209 6233
f 3211 6233 6235
f 3255 3253 6271
f 3255 6271 6273
f 3225 3223 6241
f 3225 6241 6242
f 6176 6174 6319
f 6176 6319 3240
f 6154 6152 3208
f 6154 3208 3210
f 3239 3237 6257
f 3239 6257 3178
f 3107 3106 3252
f 3107 3252 3254
f 6163 6162 3222
f 6163 3222 3224
f 3209 3207 6232
f 3209 6232 6233
f 3253 3251 6269
f 3253 6269 6271
f 6188 3070 3130
f 6188 3130 6187
f 3058 3059 3119
f 3058 3119 3118
f 6192 3079 3139
f 6192 3139 6191
f 6196 3068 3128
f 6196 3128 6195
f 6200 3057 3117
f 6200 3117 6199
f 3076 3077 3137
f 3076 3137 3136
f 3054 3055 3115
f 3054 3115 3114
f 6208 3066 3126
f 6208 3126 6207
f 3074 3075 3135
f 3074 3135 3134
f 6212 3053 3113
f 6212 3113 6211
f 6214 3064 3124
f 6214 3124 6213
f 3072 3073 3133
f 3072 3133 3132
f 3050 3051 3111
f 3050 3111 3110
f 3061 3062 3122
f 3061 3122 3121
f 6189 3071 3131
f 6189 3131 6190
f 3059 3060 3120
f 3059 3120 3119
f 6193 6218 6217
f 6193 6217 6194
f 6197 3069 3129
f 6197 3129 6198
f 6201 3058 3118
f 6201 3118 6202
f 6203 3078 3138
f 6203 3138 6204
f 6209 3067 3127
f 6209 3127 6210
f 6205 3056 3116
f 6205 3116 6206
f 3075 3076 3136
f 3075 3136 3135
f 3053 3054 3114
f 3053 3114 3113
f 6215 3065 3125
f 6215 3125 6216
f 3073 3074 3134
f 3073 3134 3133
f 6219 3052 3112
f 6219 3112 6220
f 3062 3063 3123
f 3062 3123 3122
f 6221 3072 3132
f 6221 3132 6222
f 3060 3061 3121
f 3060 3121 3120
f 6194 6217 6225
f 6194 6225 6277
f 6220 3112 3145
f 6220 3145 6226
f 6211 3113 3147
f 6211 3147 6229
f 3114 3115 3151
f 3114 3151 3149
f 6206 3116 3153
f 6206 3153 6234
f 6199 3117 3155
f 6199 3155 6236
f 6160 6159 3216
f 6160 3216 3218
f 6202 3118 3157
f 6202 3157 6238
f 3118 3119 3159
f 3118 3159 3157
f 3119 3120 3161
f 3119 3161 3159
f 3121 3122 3165
f 3121 3165 3163
f 3122 3123 3167
f 3122 3167 3165
f 6213 3124 3169
f 6213 3169 6243
f 3096 3095 6308
f 3096 6308 3232
f 6216 3125 3171
f 6216 3171 6245
f 6207 3126 3173
f 6207 3173 6247
f 6210 3127 3175
f 6210 3175 6250
f 6195 3128 3177
f 6195 3177 6253
f 6187 3130 3181
f 6187 3181 6258
f 6190 3131 3183
f 6190 3183 6260
f 6179 6178 3244
f 6179 3244 3246
f 6222 3132 3185
f 6222 3185 6263
f 3132 3133 3187
f 3132 3187 3185
f 3133 3134 3189
f 3133 3189 3187
f 3134 3135 3191
f 3134 3191 3189
f 3136 3137 3195
f 3136 3195 3193
f 6204 3138 3197
f 6204 3197 6272
f 6191 3139 3199
f 6191 3199 6275
f 3110 3111 3143
f 3110 3143 3140
f 3231 3229 3168
f 3231 3168 6248
f 6180 6179 3246
f 6180 3246 3248
f 3203 3200 6223
f 3203 6223 6227
f 3217 3215 6239
f 3217 6239 3156
f 6170 6169 6310
f 6170 6310 3234
f 6186 6185 6334
f 6186 6334 6279
f 3247 3245 6266
f 3247 6266 6267
f 3200 3259 3198
f 3200 3198 6223
f 6161 6160 3218
f 6161 3218 3220
f 3105 6180 3248
f 3105 3248 3250
f 3233 3231 6248
f 3233 6248 6251
f 6151 6149 6283
f 6151 6283 3206
f 3219 3217 3156
f 3219 3156 3158
f 6172 6171 6313
f 6172 6313 3236
f 3249 3247 6267
f 3249 6267 6268
f 6162 6161 3220
f 6162 3220 3222
f 3205 3203 6227
f 3205 6227 6230
f 3106 3105 3250
f 3106 3250 3252
f 3235 3233 6251
f 3235 6251 6254
f 6152 6151 3206
f 6152 3206 3208
f 3221 3219 3158
f 3221 3158 6240
f 6175 6173 6316
f 6175 6316 3238
f 3251 3249 6268
f 3251 6268 6269
f 3207 3205 6230
f 3207 6230 6232
f 3120 3121 3163
f 3120 3163 3161
f 3135 3136 3193
f 3135 3193 3191
f 3237 3235 6254
f 3237 6254 6257
f 3113 3114 3149
f 3113 3149 3147
f 3223 3221 6240
f 3223 6240 6241
f 6198 3129 3179
f 6198 3179 6256
f 3140 3143 3142
f 3140 3142 3141
f 6226 3145 3144
f 6226 3144 6228
f 6229 3147 3146
f 6229 3146 6231
f 3147 3149 3148
f 3147 3148 3146
f 3149 3151 3150
f 3149 3150 3148
f 6234 3153 3152
f 6234 3152 6235
f 6236 3155 3154
f 6236 3154 6237
f 6238 3157 3156
f 6238 3156 6239
f 3157 3159 3158
f 3157 3158 3156
f 3159 3161 3160
f 3159 3160 3158
f 3161 3163 3162
f 3161 3162 3160
f 3163 3165 3164
f 3163 3164 3162
f 3165 3167 3166
f 3165 3166 3164
f 6243 3169 3168
f 6243 3168 6244
f 6245 3171 3170
f 6245 3170 6246
f 6247 3173 3172
f 6247 3172 6249
f 6250 3175 3174
f 6250 3174 6252
f 6253 3177 3176
f 6253 3176 6255
f 6256 3179 3178
f 6256 3178 6257
f 6258 3181 3180
f 6258 3180 6259
f 6260 3183 3182
f 6260 3182 6262
f 6263 3185 3184
f 6263 3184 6265
f 3185 3187 3186
f 3185 3186 3184
f 3187 3189 3188
f 3187 3188 3186
f 3189 3191 3190
f 3189 3190 3188
f 3191 3193 3192
f 3191 3192 6270
f 3193 3195 3194
f 3193 3194 3192
f 6272 3197 3196
f 6272 3196 6274
f 6275 3199 3198
f 6275 3198 6276
f 6277 6225 6224
f 6277 6224 6278
f 6150 6148 6281
f 6150 6281 3204
f 3200 3203 3202
f 3200 3202 3201
f 3203 3205 3204
f 3203 3204 6281
f 6282 6284 3206
f 6282 3206 6283
f 6284 6285 3208
f 6284 3208 3206
f 6285 6286 3210
f 6285 3210 3208
f 6287 6289 3212
f 6287 3212 6288
f 6290 6292 3214
f 6290 3214 6291
f 6293 6295 3216
f 6293 3216 6294
f 6296 6297 3218
f 6296 3218 3216
f 6297 6298 3220
f 6297 3220 3218
f 6298 6299 3222
f 6298 3222 3220
f 6299 6300 3224
f 6299 3224 3222
f 6300 6301 3226
f 6300 3226 3224
f 6302 6304 3228
f 6302 3228 6303
f 6305 6307 3230
f 6305 3230 6306
f 3231 3233 3232
f 3231 3232 6308
f 6309 6311 3234
f 6309 3234 6310
f 6312 6314 3236
f 6312 3236 6313
f 6315 6317 3238
f 6315 3238 6316
f 6318 6320 3240
f 6318 3240 6319
f 3241 3243 3242
f 3241 3242 6321
f 6322 6324 3244
f 6322 3244 6323
f 6324 6325 3246
f 6324 3246 3244
f 6325 6326 3248
f 6325 3248 3246
f 6326 3251 3250
f 6326 3250 3248
f 3251 3253 3252
f 3251 3252 3250
f 3253 3255 3254
f 3253 3254 3252
f 6327 6329 3256
f 6327 3256 6328
f 6330 6332 3258
f 6330 3258 6331
f 6333 6280 6279
f 6333 6279 6334
f 3081 3080 3201
f 3081 3201 3202
f 3313 6377 3398
f 3313 3398 6490
f 6524 3421 6460
f 6524 6460 3370
f 3298 3297 3428
f 3298 3428 6530
f 3312 6375 3400
f 3312 3400 6496
f 6424 3340 6433
f 6424 6433 3391
f 6421 3339 6438
f 6421 6438 3389
f 3333 3332 6443
f 3333 6443 6450
f 3337 3338 6440
f 3337 6440 6434
f 6411 6414 3388
f 6411 3388 3393
f 3336 6394 3384
f 3336 3384 6441
f 3335 6399 3382
f 3335 3382 6444
f 3289 6337 3446
f 3289 3446 3444
f 6381 6384 3386
f 6381 3386 3377
f 3330 3331 3375
f 3330 3375 3373
f 6419 3330 3373
f 6419 3373 3371
f 6428 3329 6457
f 6428 6457 3369
f 6392 3328 6459
f 6392 6459 3367
f 6389 3327 6462
f 6389 6462 3365
f 6398 3326 6465
f 6398 6465 3363
f 6395 3325 6468
f 6395 6468 3361
f 6406 3324 6471
f 6406 6471 3359
f 6403 3323 6474
f 6403 6474 3357
f 6410 3322 6476
f 6410 6476 3355
f 6407 3321 6478
f 6407 6478 3353
f 6418 3320 3353
f 6418 3353 3351
f 6415 3319 6482
f 6415 6482 3349
f 6426 3318 6484
f 6426 6484 3347
f 6388 3317 6486
f 6388 6486 3345
f 6385 3316 3345
f 6385 3345 3343
f 3314 3315 6489
f 3314 6489 6452
f 3304 3287 3288
f 3304 3288 6339
f 3303 3304 6339
f 3303 6339 3290
f 3300 3301 3302
f 3302 3303 3290
f 3291 3292 3293
f 3299 3300 3302
f 3298 3299 3302
f 3291 3293 3294
f 3294 3295 3296
f 3294 3296 3297
f 3290 3291 3294
f 3298 3302 3290
f 3294 3297 3298
f 3290 3294 3298
f 3306 3305 3309
f 3309 3308 3307
f 3309 3307 3306
f 3310 3311 6378
f 3310 6378 6379
f 6371 6365 3412
f 6371 3412 3403
f 6542 6545 6480
f 6542 6480 6479
f 6370 6372 6504
f 6370 6504 3405
f 6341 6340 3444
f 6341 3444 6550
f 3334 6402 3380
f 3334 3380 6447
f 3421 6528 6463
f 3421 6463 6460
f 6355 6353 3430
f 6355 3430 6532
f 3408 6508 6445
f 3408 6445 6448
f 6364 6363 3416
f 6364 3416 3414
f 6545 6548 6483
f 6545 6483 6480
f 6519 6521 6456
f 6519 6456 6455
f 6497 6500 3390
f 6497 3390 6437
f 6528 6531 6466
f 6528 6466 6463
f 6354 6351 3432
f 6354 3432 6533
f 6512 3408 6448
f 6512 6448 6451
f 6363 6361 3418
f 6363 3418 3416
f 6548 6551 3348
f 6548 3348 6483
f 6491 6497 6437
f 6491 6437 6431
f 3307 3308 6509
f 3307 6509 3407
f 6531 3427 6469
f 6531 6469 6466
f 6352 6349 3434
f 6352 3434 6535
f 6515 6519 6455
f 6515 6455 6454
f 6362 6360 3420
f 6362 3420 6520
f 6551 6553 6487
f 6551 6487 3348
f 3402 6491 6431
f 3402 6431 6435
f 6367 6369 6511
f 6367 6511 3409
f 3427 3429 6472
f 3427 6472 6469
f 6382 6383 6384
f 6382 6384 6381
f 6386 3262 3316
f 6386 3316 6385
f 6390 3273 3327
f 6390 3327 6389
f 3282 6393 6394
f 3282 6394 3336
f 6396 3271 3325
f 6396 3325 6395
f 3280 6401 6402
f 3280 6402 3334
f 6404 3269 3323
f 6404 3323 6403
f 3279 3278 3332
f 3279 3332 3333
f 6408 3267 3321
f 6408 3321 6407
f 6412 6413 6414
f 6412 6414 6411
f 6416 3265 3319
f 6416 3319 6415
f 6420 3276 3330
f 6420 3330 6419
f 6422 3285 3339
f 6422 3339 6421
f 6387 3263 3317
f 6387 3317 6388
f 6391 3274 3328
f 6391 3328 6392
f 3283 3284 3338
f 3283 3338 3337
f 3260 3261 3315
f 3260 3315 3314
f 6397 3272 3326
f 6397 3326 6398
f 3281 6400 6399
f 3281 6399 3335
f 6405 3270 3324
f 6405 3324 6406
f 3277 6430 6429
f 3277 6429 3331
f 6409 3268 3322
f 6409 3322 6410
f 3276 3277 3331
f 3276 3331 3330
f 6417 3266 3320
f 6417 3320 6418
f 6423 3286 3340
f 6423 3340 6424
f 6425 3264 3318
f 6425 3318 6426
f 6427 3275 3329
f 6427 3329 6428
f 6343 6342 3442
f 6343 3442 6547
f 6539 6542 6479
f 6539 6479 3356
f 6335 6364 3414
f 6335 3414 3447
f 6502 6506 3378
f 6502 3378 3385
f 6357 6356 3426
f 6357 3426 6527
f 6521 6524 3370
f 6521 3370 6456
f 6345 6344 3440
f 6345 3440 6544
f 6536 6539 3356
f 6536 3356 6475
f 6338 6336 6518
f 6338 6518 6554
f 6508 6502 3385
f 6508 3385 6445
f 6555 3448 6453
f 6555 6453 6488
f 6359 6358 3424
f 6359 3424 6525
f 6376 6373 6495
f 6376 6495 6499
f 3448 6515 6454
f 3448 6454 6453
f 6347 6346 3438
f 6347 3438 6541
f 3429 6536 6475
f 3429 6475 6472
f 6366 6368 6514
f 6366 6514 6505
f 6500 3402 6435
f 6500 6435 3390
f 6553 6555 6488
f 6553 6488 6487
f 3301 3300 3422
f 3301 3422 6523
f 6506 6512 6451
f 6506 6451 3378
f 6350 6348 3436
f 6350 3436 6538
f 3393 3388 3387
f 3393 3387 3394
f 3391 6433 6432
f 3391 6432 3392
f 3389 6438 6437
f 3389 6437 3390
f 3385 3378 3377
f 3385 3377 3386
f 6434 6440 6439
f 6434 6439 6436
f 3383 6442 6441
f 3383 6441 3384
f 3381 6446 6444
f 3381 6444 3382
f 3379 6449 6447
f 3379 6447 3380
f 3375 3342 3341
f 3375 3341 3376
f 3378 6451 6450
f 3378 6450 6443
f 3373 3375 3376
f 3373 3376 3374
f 3371 3373 3374
f 3371 3374 3372
f 3369 6457 6456
f 3369 6456 3370
f 3367 6459 6458
f 3367 6458 3368
f 3365 6462 6461
f 3365 6461 3366
f 3363 6465 6464
f 3363 6464 3364
f 3361 6468 6467
f 3361 6467 3362
f 3359 6471 6470
f 3359 6470 3360
f 3357 6474 6473
f 3357 6473 3358
f 3355 6476 6475
f 3355 6475 3356
f 3353 6478 6477
f 3353 6477 3354
f 3351 3353 3354
f 3351 3354 3352
f 3349 6482 6481
f 3349 6481 3350
f 3347 6484 6483
f 3347 6483 3348
f 3345 6486 6485
f 3345 6485 3346
f 3343 3345 3346
f 3343 3346 3344
f 6452 6489 6488
f 6452 6488 6453
f 3331 6429 3342
f 3331 3342 3375
f 3395 6493 3401
f 3395 3401 3396
f 3397 6492 6490
f 3397 6490 3398
f 3399 6498 6496
f 3399 6496 3400
f 3403 3412 3411
f 3403 3411 3404
f 6494 6501 6499
f 6494 6499 6495
f 3405 6504 6503
f 3405 6503 3406
f 3407 6509 6508
f 3407 6508 3408
f 3409 6511 6510
f 3409 6510 3410
f 3413 6516 3447
f 3413 3447 3414
f 6505 6514 6513
f 6505 6513 6507
f 3415 3413 3414
f 3415 3414 3416
f 3417 3415 3416
f 3417 3416 3418
f 3419 6522 6520
f 3419 6520 3420
f 3421 6524 6523
f 3421 6523 3422
f 3423 6526 6525
f 3423 6525 3424
f 3425 6529 6527
f 3425 6527 3426
f 3427 6531 6530
f 3427 6530 3428
f 3429 3427 6532
f 3429 6532 3430
f 3431 6534 6533
f 3431 6533 3432
f 3433 6537 6535
f 3433 6535 3434
f 3435 6540 6538
f 3435 6538 3436
f 3437 6543 6541
f 3437 6541 3438
f 3439 6546 6544
f 3439 6544 3440
f 3441 6549 6547
f 3441 6547 3442
f 3443 6552 6550
f 3443 6550 3444
f 3445 3443 3444
f 3445 3444 3446
f 6517 6556 6554
f 6517 6554 6518
f 6374 6380 3396
f 6374 3396 3401
f 3474 3566 6702
f 3474 6702 6569
f 6577 6687 3553
f 6577 3553 3478
f 3542 6627 6630
f 3542 6630 3544
f 6559 6660 3535
f 6559 3535 3469
f 3480 6695 3559
f 3480 3559 3481
f 3546 6633 3515
f 3546 3515 3548
f 6565 6669 3541
f 6565 3541 3472
f 3550 6637 3519
f 3550 3519 3552
f 6567 6672 3543
f 6567 3543 3473
f 6656 6613 6617
f 6656 6617 3534
f 3554 3521 6641
f 3554 6641 3556
f 3562 6650 6613
f 3562 6613 6656
f 6571 6678 3547
f 6571 3547 3475
f 3558 6644 6647
f 3558 6647 3560
f 3536 6620 3505
f 3536 3505 3538
f 6575 6684 3551
f 6575 3551 3477
f 6568 6569 6573
f 6573 3476 3481
f 3481 3482 6568
f 6568 6573 3481
f 3476 6578 3480
f 3476 3480 3481
f 6578 6579 3479
f 6578 3479 3480
f 3471 6568 3482
f 3471 3482 3467
f 3467 3468 3471
f 3468 6561 3470
f 3468 3470 3471
f 6712 6709 6701
f 6712 6701 6710
f 3451 3486 6654
f 3451 6654 3450
f 3462 3497 6592
f 3462 6592 6591
f 3460 3495 6596
f 3460 6596 6595
f 3458 3493 6600
f 3458 6600 6599
f 6711 6706 3567
f 6711 3567 3466
f 3456 3491 6604
f 3456 6604 6603
f 6569 6702 3568
f 6569 3568 6573
f 3454 3489 6608
f 3454 6608 6607
f 3452 3487 6587
f 3452 6587 6588
f 3463 3498 6589
f 3463 6589 6590
f 3461 3496 6593
f 3461 6593 6594
f 3459 3494 6597
f 3459 6597 6598
f 3457 3492 6601
f 3457 6601 6602
f 6573 3568 3566
f 6573 3566 3474
f 3455 3490 6605
f 3455 6605 6606
f 3453 3488 6609
f 3453 6609 6610
f 3449 6653 6611
f 3449 6611 6612
f 6653 6615 6649
f 6653 6649 6611
f 3485 3504 6616
f 3485 6616 6652
f 3486 3506 6619
f 3486 6619 6654
f 3487 3508 6621
f 3487 6621 6587
f 3489 3512 6626
f 3489 6626 6608
f 3490 3514 6629
f 3490 6629 6605
f 3491 3516 6632
f 3491 6632 6604
f 3492 3518 6634
f 3492 6634 6601
f 3493 3520 6636
f 3493 6636 6600
f 6580 6690 3555
f 6580 3555 6581
f 3494 3522 3520
f 3494 3520 6597
f 3495 3524 6638
f 3495 6638 6596
f 3496 3526 6640
f 3496 6640 6593
f 3497 3528 6643
f 3497 6643 6592
f 3498 3530 6646
f 3498 6646 6589
f 6562 6663 3537
f 6562 3537 6563
f 3538 3505 6624
f 3538 6624 3540
f 3560 6647 6650
f 3560 6650 3562
f 6574 6681 3549
f 6574 3549 6576
f 3534 6617 6620
f 3534 6620 3536
f 3556 6641 6644
f 3556 6644 3558
f 6570 6675 3545
f 6570 3545 6572
f 3552 3519 3521
f 3552 3521 3554
f 3488 3510 6623
f 3488 6623 6609
f 3548 3515 6637
f 3548 6637 3550
f 6584 6697 3561
f 6584 3561 6585
f 6564 6666 3539
f 6564 3539 6566
f 3544 6630 6633
f 3544 6633 3546
f 6582 6693 3557
f 6582 3557 6583
f 3540 6624 6627
f 3540 6627 3542
f 6557 3532 3533
f 6557 3533 6560
f 3499 3502 3501
f 3499 3501 3500
f 6616 3504 3503
f 6616 3503 6618
f 6619 3506 3505
f 6619 3505 6620
f 6621 3508 3507
f 6621 3507 6622
f 6623 3510 3509
f 6623 3509 6625
f 6626 3512 3511
f 6626 3511 6628
f 6629 3514 3513
f 6629 3513 6631
f 6632 3516 3515
f 6632 3515 6633
f 6634 3518 3517
f 6634 3517 6635
f 6636 3520 3519
f 6636 3519 6637
f 3520 3522 3521
f 3520 3521 3519
f 6638 3524 3523
f 6638 3523 6639
f 6640 3526 3525
f 6640 3525 6642
f 6643 3528 3527
f 6643 3527 6645
f 6646 3530 3529
f 6646 3529 6648
f 6649 6615 6614
f 6649 6614 6651
f 3484 3502 3499
f 3484 3499 3483
f 3531 6658 3533
f 3531 3533 3532
f 6659 6661 3535
f 6659 3535 6660
f 6662 6664 3537
f 6662 3537 6663
f 6665 6667 3539
f 6665 3539 6666
f 6668 6670 3541
f 6668 3541 6669
f 6671 6673 3543
f 6671 3543 6672
f 6674 6676 3545
f 6674 3545 6675
f 6677 6679 3547
f 6677 3547 6678
f 6680 6682 3549
f 6680 3549 6681
f 6683 6685 3551
f 6683 3551 6684
f 6686 6688 3553
f 6686 3553 6687
f 6689 6691 3555
f 6689 3555 6690
f 6692 6694 3557
f 6692 3557 6693
f 3558 3560 3559
f 3558 3559 6695
f 6696 6698 3561
f 6696 3561 6697
f 6699 6657 6655
f 6699 6655 6700
f 6586 6700 6655
f 6586 6655 6558
f 3563 6704 3565
f 3563 3565 3564
f 6705 6707 3567
f 6705 3567 6706
f 6701 6709 6708
f 6701 6708 6703
f 3464 3564 3565
f 3464 3565 3465
f 3641 3642 3643
f 3641 3643 3644
f 3645 3646 3647
f 3648 3641 3644
f 3644 3645 3647
f 3644 3647 3648
f 3701 3700 3903
f 3701 3903 3905
f 6825 6826 6882
f 6825 6882 6881
f 6841 3802 6866
f 6841 6866 6890
f 3708 3707 3917
f 3708 3917 3919
f 3876 3874 6808
f 3876 6808 6811
f 6832 6833 3928
f 6832 3928 3926
f 3693 3692 3887
f 3693 3887 3889
f 3815 3817 6874
f 3815 6874 6873
f 3715 3714 3931
f 3715 3931 3933
f 6723 6721 6856
f 6723 6856 3875
f 6839 6840 6889
f 6839 6889 6888
f 3700 3699 3901
f 3700 3901 3903
f 6824 6825 6881
f 6824 6881 6880
f 6730 3720 3943
f 6730 3943 3882
f 3707 3706 3915
f 3707 3915 3917
f 3874 3872 6805
f 3874 6805 6808
f 6831 6832 3926
f 6831 3926 3924
f 3692 3691 3885
f 3692 3885 3887
f 3813 3815 6873
f 3813 6873 6872
f 3714 3713 3929
f 3714 3929 3931
f 6722 6719 6853
f 6722 6853 3873
f 6838 6839 6888
f 6838 6888 6887
f 3699 3698 3899
f 3699 3899 3901
f 6823 6824 6880
f 6823 6880 6879
f 3706 3705 3913
f 3706 3913 3915
f 3872 3870 6802
f 3872 6802 6805
f 6830 6831 3924
f 6830 3924 3922
f 3691 6729 3883
f 3691 3883 3885
f 3811 3813 6872
f 3811 6872 6871
f 3713 3712 3927
f 3713 3927 3929
f 6720 6717 6850
f 6720 6850 3871
f 6837 6838 6887
f 6837 6887 6886
f 3698 6737 3897
f 3698 3897 3899
f 6822 6823 6879
f 6822 6879 6878
f 3720 6753 3941
f 3720 3941 3943
f 3705 6744 3911
f 3705 3911 3913
f 3870 3868 3787
f 3870 3787 6802
f 6829 6830 3922
f 6829 3922 3920
f 3809 3811 6871
f 3809 6871 6870
f 6748 6749 3747
f 6748 3747 3746
f 6732 6733 3725
f 6732 3725 3724
f 3703 3704 3736
f 3703 3736 3735
f 3712 3713 3745
f 3712 3745 3744
f 3690 6731 3723
f 3690 3723 3722
f 6741 3702 3734
f 6741 3734 3733
f 3710 3711 3743
f 3710 3743 3742
f 6739 6740 3732
f 6739 3732 3731
f 3719 6754 3752
f 3719 3752 3751
f 3708 3709 3741
f 3708 3741 3740
f 3697 6738 3730
f 3697 3730 3729
f 3717 3718 3750
f 3717 3750 3749
f 6746 6747 3739
f 6746 3739 3738
f 3695 3696 3728
f 3695 3728 3727
f 6749 3716 3748
f 6749 3748 3747
f 6733 3694 3726
f 6733 3726 3725
f 3704 6745 3737
f 3704 3737 3736
f 3713 6748 3746
f 3713 3746 3745
f 6731 6732 3724
f 6731 3724 3723
f 3702 3703 3735
f 3702 3735 3734
f 3711 3712 3744
f 3711 3744 3743
f 3689 3690 3722
f 3689 3722 3721
f 6740 6741 3733
f 6740 3733 3732
f 6754 3689 3721
f 6754 3721 3752
f 3709 3710 3742
f 3709 3742 3741
f 6738 6739 3731
f 6738 3731 3730
f 3718 3719 3751
f 3718 3751 3750
f 6747 3708 3740
f 6747 3740 3739
f 3696 3697 3729
f 3696 3729 3728
f 3716 3717 3749
f 3716 3749 3748
f 6745 6746 3738
f 6745 3738 3737
f 3694 3695 3727
f 3694 3727 3726
f 3748 3749 3781
f 3748 3781 3780
f 3737 3738 3770
f 3737 3770 3769
f 3726 3727 3759
f 3726 3759 3758
f 3746 3747 3779
f 3746 3779 3778
f 3724 3725 3757
f 3724 3757 3756
f 3735 3736 3768
f 3735 3768 3767
f 3744 3745 3777
f 3744 3777 3776
f 3722 3723 3755
f 3722 3755 3754
f 3733 3734 3766
f 3733 3766 3765
f 3742 3743 3775
f 3742 3775 3774
f 3731 3732 3764
f 3731 3764 3763
f 3751 3752 3784
f 3751 3784 3783
f 3740 3741 3773
f 3740 3773 3772
f 3729 3730 3762
f 3729 3762 3761
f 3749 3750 3782
f 3749 3782 3781
f 3738 3739 3771
f 3738 3771 3770
f 3727 3728 3760
f 3727 3760 3759
f 3747 3748 3780
f 3747 3780 3779
f 3725 3726 3758
f 3725 3758 3757
f 3736 3737 3769
f 3736 3769 3768
f 3745 3746 3778
f 3745 3778 3777
f 3723 3724 3756
f 3723 3756 3755
f 3734 3735 3767
f 3734 3767 3766
f 3743 3744 3776
f 3743 3776 3775
f 3721 3722 3754
f 3721 3754 3753
f 3732 3733 3765
f 3732 3765 3764
f 3752 3721 3753
f 3752 3753 3784
f 3741 3742 3774
f 3741 3774 3773
f 3730 3731 3763
f 3730 3763 3762
f 3750 3751 3783
f 3750 3783 3782
f 3739 3740 3772
f 3739 3772 3771
f 3728 3729 3761
f 3728 3761 3760
f 3623 3622 6768
f 3623 6768 6769
f 6782 3574 3654
f 6782 3654 6781
f 3602 3603 3683
f 3602 3683 3682
f 3638 3637 6777
f 3638 6777 6778
f 3580 3581 3661
f 3580 3661 3660
f 3595 3596 3676
f 3595 3676 3675
f 3616 3615 6761
f 3616 6761 6762
f 3631 3630 3774
f 3631 3774 3775
f 3588 3589 3669
f 3588 3669 3668
f 3624 3623 6769
f 3624 6769 6770
f 6783 3575 3655
f 6783 3655 6784
f 3603 3604 3684
f 3603 3684 3683
f 3639 3638 6778
f 3639 6778 6779
f 3581 3582 3662
f 3581 3662 3661
f 3617 3616 6762
f 3617 6762 6763
f 3596 3597 3677
f 3596 3677 3676
f 3632 3631 3775
f 3632 3775 3776
f 3589 3590 3670
f 3589 3670 3669
f 3610 3609 6756
f 3610 6756 6755
f 3625 3624 6770
f 3625 6770 6771
f 6785 3576 3656
f 6785 3656 6786
f 3604 3605 3685
f 3604 3685 3684
f 3640 3639 6779
f 3640 6779 6780
f 3582 3583 3663
f 3582 3663 3662
f 3618 3617 6763
f 3618 6763 6764
f 3597 3598 3678
f 3597 3678 3677
f 3633 3632 3776
f 3633 3776 3777
f 3611 3610 6755
f 3611 6755 6757
f 3590 3591 3671
f 3590 3671 3670
f 3626 3625 6771
f 3626 6771 6772
f 6787 6789 6790
f 6787 6790 6788
f 3605 3606 3686
f 3605 3686 3685
f 3609 3640 6780
f 3609 6780 6756
f 3583 3584 3664
f 3583 3664 3663
f 3569 3570 3650
f 3569 3650 3649
f 3598 3599 3679
f 3598 3679 3678
f 3619 3618 6764
f 3619 6764 6765
f 3634 3633 3777
f 3634 3777 6774
f 3591 3592 3672
f 3591 3672 3671
f 3612 3611 6757
f 3612 6757 6758
f 3627 3626 6772
f 3627 6772 6773
f 3606 3607 3687
f 3606 3687 3686
f 3584 3585 3665
f 3584 3665 3664
f 3599 3600 3680
f 3599 3680 3679
f 3620 3619 6765
f 3620 6765 6766
f 6791 3571 3651
f 6791 3651 6792
f 3635 3634 6774
f 3635 6774 6775
f 3577 3578 3658
f 3577 3658 3657
f 3592 3593 3673
f 3592 3673 3672
f 3613 3612 6758
f 3613 6758 6759
f 3628 3627 6773
f 3628 6773 3772
f 3607 3608 3688
f 3607 3688 3687
f 3585 3586 3666
f 3585 3666 3665
f 3621 3620 6766
f 3621 6766 6767
f 6793 3572 3652
f 6793 3652 6794
f 3600 3601 3681
f 3600 3681 3680
f 3636 3635 6775
f 3636 6775 6776
f 3578 3579 3659
f 3578 3659 3658
f 3614 3613 6759
f 3614 6759 6760
f 3593 3594 3674
f 3593 3674 3673
f 3629 3628 3772
f 3629 3772 3773
f 3608 3577 3657
f 3608 3657 3688
f 3586 3587 3667
f 3586 3667 3666
f 3622 3621 6767
f 3622 6767 6768
f 6795 3573 3653
f 6795 3653 6796
f 3601 3602 3682
f 3601 3682 3681
f 3637 3636 6776
f 3637 6776 6777
f 3579 3580 3660
f 3579 3660 3659
f 3615 3614 6760
f 3615 6760 6761
f 3594 3595 3675
f 3594 3675 3674
f 3630 3629 3773
f 3630 3773 3774
f 3587 3588 3668
f 3587 3668 3667
f 6788 6790 6798
f 6788 6798 6814
f 6794 3652 3792
f 6794 3792 6801
f 6796 3653 3794
f 6796 3794 6804
f 6725 6724 6859
f 6725 6859 3877
f 6781 3654 3796
f 6781 3796 6807
f 6784 3655 3798
f 6784 3798 6810
f 6786 3656 3800
f 6786 3800 6812
f 3649 3650 3788
f 3649 3788 3785
f 6750 3715 3933
f 6750 3933 3935
f 6734 3693 3889
f 6734 3889 3891
f 3670 3671 3830
f 3670 3830 3828
f 3680 3681 3850
f 3680 3850 3848
f 3688 3657 3801
f 3688 3801 3864
f 3668 3669 3826
f 3668 3826 3824
f 3658 3659 3806
f 3658 3806 3804
f 3677 3678 3844
f 3677 3844 3842
f 3667 3668 3824
f 3667 3824 3822
f 3687 3688 3864
f 3687 3864 3862
f 3675 3676 3840
f 3675 3840 3838
f 3665 3666 3820
f 3665 3820 3818
f 3684 3685 3858
f 3684 3858 3856
f 3674 3675 3838
f 3674 3838 3836
f 3662 3663 3814
f 3662 3814 3812
f 3682 3683 3854
f 3682 3854 3852
f 3660 3661 3810
f 3660 3810 3808
f 3672 3673 3834
f 3672 3834 3832
f 3681 3682 3852
f 3681 3852 3850
f 3659 3660 3808
f 3659 3808 3806
f 3669 3670 3828
f 3669 3828 3826
f 3678 3679 3846
f 3678 3846 3844
f 6742 3701 3905
f 6742 3905 3907
f 3676 3677 3842
f 3676 3842 3840
f 3666 3667 3822
f 3666 3822 3820
f 3685 3686 3860
f 3685 3860 3858
f 3709 3708 3919
f 3709 3919 3921
f 3663 3664 3816
f 3663 3816 3814
f 3683 3684 3856
f 3683 3856 3854
f 3661 3662 3812
f 3661 3812 3810
f 3673 3674 3836
f 3673 3836 3834
f 6840 6841 6890
f 6840 6890 6889
f 6727 6726 6862
f 6727 6862 3879
f 6751 6750 3935
f 6751 3935 3937
f 3817 3819 6875
f 3817 6875 6874
f 6735 6734 3891
f 6735 3891 3893
f 6833 6834 3930
f 6833 3930 3928
f 3878 3876 6811
f 3878 6811 3797
f 3710 3709 3921
f 3710 3921 3923
f 6817 6819 6868
f 6817 6868 6867
f 6826 6827 6883
f 6826 6883 6882
f 6743 6742 3907
f 6743 3907 3909
f 3802 6817 6867
f 3802 6867 6866
f 6729 6730 3882
f 6729 3882 3883
f 6752 6751 3937
f 6752 3937 3939
f 3819 6820 6876
f 3819 6876 6875
f 6736 6735 3893
f 6736 3893 3895
f 6834 6835 3932
f 6834 3932 3930
f 3711 3710 3923
f 3711 3923 3925
f 3880 3878 3797
f 3880 3797 6815
f 6819 3807 6869
f 6819 6869 6868
f 6827 6828 6884
f 6827 6884 6883
f 6744 6743 3909
f 6744 3909 3911
f 3657 3658 3804
f 3657 3804 3801
f 6753 6752 3939
f 6753 3939 3941
f 6820 6821 6877
f 6820 6877 6876
f 6737 6736 3895
f 6737 3895 3897
f 6835 6836 6885
f 6835 6885 3932
f 3868 6843 3786
f 3868 3786 3787
f 3712 3711 3925
f 3712 3925 3927
f 3807 3809 6870
f 3807 6870 6869
f 6828 6829 3920
f 6828 3920 6884
f 6843 3880 6815
f 6843 6815 3786
f 3671 3672 3832
f 3671 3832 3830
f 6713 6728 6865
f 6713 6865 6842
f 3686 3687 3862
f 3686 3862 3860
f 6821 6822 6878
f 6821 6878 6877
f 3664 3665 3818
f 3664 3818 3816
f 6836 6837 6886
f 6836 6886 6885
f 6792 3651 3790
f 6792 3790 6799
f 3679 3680 3848
f 3679 3848 3846
f 3785 3788 3787
f 3785 3787 3786
f 6799 3790 3789
f 6799 3789 6800
f 6801 3792 3791
f 6801 3791 6803
f 6804 3794 3793
f 6804 3793 6806
f 6807 3796 3795
f 6807 3795 6809
f 6810 3798 3797
f 6810 3797 6811
f 6812 3800 3799
f 6812 3799 6813
f 6814 6798 6797
f 6814 6797 6816
f 3803 6818 3801
f 3803 3801 3804
f 3805 3803 3804
f 3805 3804 3806
f 3807 3805 3806
f 3807 3806 3808
f 3809 3807 3808
f 3809 3808 3810
f 3811 3809 3810
f 3811 3810 3812
f 3813 3811 3812
f 3813 3812 3814
f 3815 3813 3814
f 3815 3814 3816
f 3817 3815 3816
f 3817 3816 3818
f 3819 3817 3818
f 3819 3818 3820
f 3821 3819 3820
f 3821 3820 3822
f 3823 3821 3822
f 3823 3822 3824
f 3825 3823 3824
f 3825 3824 3826
f 3827 3825 3826
f 3827 3826 3828
f 3829 3827 3828
f 3829 3828 3830
f 3831 3829 3830
f 3831 3830 3832
f 3833 3831 3832
f 3833 3832 3834
f 3835 3833 3834
f 3835 3834 3836
f 3837 3835 3836
f 3837 3836 3838
f 3839 3837 3838
f 3839 3838 3840
f 3841 3839 3840
f 3841 3840 3842
f 3843 3841 3842
f 3843 3842 3844
f 3845 3843 3844
f 3845 3844 3846
f 3847 3845 3846
f 3847 3846 3848
f 3849 3847 3848
f 3849 3848 3850
f 3851 3849 3850
f 3851 3850 3852
f 3853 3851 3852
f 3853 3852 3854
f 3855 3853 3854
f 3855 3854 3856
f 3857 3855 3856
f 3857 3856 3858
f 3859 3857 3858
f 3859 3858 3860
f 3861 3859 3860
f 3861 3860 3862
f 3863 3861 3862
f 3863 3862 3864
f 6818 3863 3864
f 6818 3864 3801
f 6718 6715 6847
f 6718 6847 3869
f 3865 6845 3867
f 3865 3867 3866
f 6846 6848 3869
f 6846 3869 6847
f 6849 6851 3871
f 6849 3871 6850
f 6852 6854 3873
f 6852 3873 6853
f 6855 6857 3875
f 6855 3875 6856
f 6858 6860 3877
f 6858 3877 6859
f 6861 6863 3879
f 6861 3879 6862
f 6864 6844 6842
f 6864 6842 6865
f 3883 3882 3881
f 3883 3881 3884
f 3885 3883 3884
f 3885 3884 3886
f 3887 3885 3886
f 3887 3886 3888
f 3889 3887 3888
f 3889 3888 3890
f 3891 3889 3890
f 3891 3890 3892
f 3893 3891 3892
f 3893 3892 3894
f 3895 3893 3894
f 3895 3894 3896
f 3897 3895 3896
f 3897 3896 3898
f 3899 3897 3898
f 3899 3898 3900
f 3901 3899 3900
f 3901 3900 3902
f 3903 3901 3902
f 3903 3902 3904
f 3905 3903 3904
f 3905 3904 3906
f 3907 3905 3906
f 3907 3906 3908
f 3909 3907 3908
f 3909 3908 3910
f 3911 3909 3910
f 3911 3910 3912
f 3913 3911 3912
f 3913 3912 3914
f 3915 3913 3914
f 3915 3914 3916
f 3917 3915 3916
f 3917 3916 3918
f 3919 3917 3918
f 3919 3918 3920
f 3921 3919 3920
f 3921 3920 3922
f 3923 3921 3922
f 3923 3922 3924
f 3925 3923 3924
f 3925 3924 3926
f 3927 3925 3926
f 3927 3926 3928
f 3929 3927 3928
f 3929 3928 3930
f 3931 3929 3930
f 3931 3930 3932
f 3933 3931 3932
f 3933 3932 3934
f 3935 3933 3934
f 3935 3934 3936
f 3937 3935 3936
f 3937 3936 3938
f 3939 3937 3938
f 3939 3938 3940
f 3941 3939 3940
f 3941 3940 3942
f 3943 3941 3942
f 3943 3942 3944
f 3882 3943 3944
f 3882 3944 3881
f 6716 6714 3866
f 6716 3866 3867
f 4091 7088 7017
f 4091 7017 7014
f 3986 3985 4098
f 3986 4098 7090
f 3996 6931 4078
f 3996 4078 7061
f 6977 4022 6989
f 6977 6989 4071
f 3997 3998 7060
f 3997 7060 6999
f 4020 4021 6995
f 4020 6995 6990
f 6947 4019 6998
f 6947 6998 4065
f 6956 4018 7004
f 6956 7004 4063
f 6953 4017 7007
f 6953 7007 4061
f 6964 4016 7010
f 6964 7010 4059
f 6961 4015 7013
f 6961 7013 4057
f 6976 4014 7016
f 6976 7016 4055
f 6973 4013 7019
f 6973 7019 4053
f 6984 4012 7022
f 6984 7022 4051
f 6946 4011 7025
f 6946 7025 4049
f 6943 4010 7028
f 6943 7028 4047
f 6952 4009 7031
f 6952 7031 4045
f 6949 4008 7034
f 6949 7034 4043
f 6960 4007 7037
f 6960 7037 4041
f 6957 4006 7039
f 6957 7039 4039
f 6968 4005 7041
f 6968 7041 4037
f 6965 4004 7044
f 6965 7044 4035
f 6972 4003 7046
f 6972 7046 4033
f 6969 4002 7048
f 6969 7048 4031
f 6982 4001 7051
f 6982 7051 4029
f 6942 4000 7054
f 6942 7054 4027
f 6939 3999 7057
f 6939 7057 4025
f 7075 7078 7005
f 7075 7005 7002
f 3973 3974 3975
f 3973 3975 3976
f 3972 3973 3976
f 3992 3993 3971
f 3991 3992 3971
f 3991 3971 3972
f 3985 3986 3987
f 3980 3981 3982
f 3978 3979 3980
f 3978 3980 3982
f 3978 3982 3983
f 3977 3978 3983
f 3984 3985 3987
f 3984 3987 3988
f 3977 3983 3984
f 3990 3991 3972
f 3989 3990 3972
f 3977 3984 3988
f 3989 3972 3976
f 3977 3988 3989
f 3976 3977 3989
f 3994 3995 6932
f 4121 7127 7058
f 4121 7058 7055
f 4080 7062 6987
f 4080 6987 6991
f 6929 6927 4084
f 6929 4084 7068
f 7105 7108 4040
f 7105 4040 7038
f 6903 6901 4114
f 6903 4114 7110
f 7088 7091 7020
f 7088 7020 7017
f 7127 4126 7000
f 7127 7000 7058
f 6917 6915 4100
f 6917 4100 7092
f 7069 7075 7002
f 7069 7002 6996
f 6928 6925 4086
f 6928 4086 7074
f 7108 7111 7042
f 7108 7042 4040
f 6902 6899 4116
f 6902 4116 7113
f 7091 4097 7023
f 7091 7023 7020
f 6916 6913 4102
f 6916 4102 7094
f 6891 6930 4082
f 6891 4082 4125
f 6926 6923 4088
f 6926 4088 7077
f 7111 7114 7045
f 7111 7045 7042
f 6900 6897 4118
f 6900 4118 7116
f 3995 3994 7065
f 3995 7065 7066
f 4097 7095 7026
f 4097 7026 7023
f 6914 6911 4104
f 6914 4104 7097
f 4126 7069 6996
f 4126 6996 7000
f 6924 6922 4090
f 6924 4090 7080
f 7114 7117 4034
f 7114 4034 7045
f 6898 6896 4120
f 6898 4120 7119
f 6936 6937 6938
f 6936 6938 6935
f 6940 3947 3999
f 6940 3999 6939
f 6944 3958 4010
f 6944 4010 6943
f 6948 3967 4019
f 6948 4019 6947
f 6950 3956 4008
f 6950 4008 6949
f 6954 3965 4017
f 6954 4017 6953
f 6958 3954 4006
f 6958 4006 6957
f 6962 3963 4015
f 6962 4015 6961
f 6966 3952 4004
f 6966 4004 6965
f 6970 3950 4002
f 6970 4002 6969
f 6974 3961 4013
f 6974 4013 6973
f 6978 3970 4022
f 6978 4022 6977
f 6941 3948 4000
f 6941 4000 6942
f 6945 3959 4011
f 6945 4011 6946
f 3968 3969 4021
f 3968 4021 4020
f 3945 3946 3998
f 3945 3998 3997
f 6951 3957 4009
f 6951 4009 6952
f 6955 3966 4018
f 6955 4018 6956
f 6959 3955 4007
f 6959 4007 6960
f 6963 3964 4016
f 6963 4016 6964
f 6967 3953 4005
f 6967 4005 6968
f 6975 3962 4014
f 6975 4014 6976
f 6971 3951 4003
f 6971 4003 6972
f 6979 6986 6985
f 6979 6985 6980
f 6981 3949 4001
f 6981 4001 6982
f 6983 3960 4012
f 6983 4012 6984
f 6905 6904 4112
f 6905 4112 7107
f 7102 7105 7038
f 7102 7038 7035
f 6980 6985 4070
f 6980 4070 4073
f 7062 7067 6993
f 7062 6993 6987
f 7123 4121 7055
f 7123 7055 7052
f 6919 6918 4096
f 6919 4096 7087
f 7084 4091 7014
f 7084 7014 7011
f 6907 6906 4110
f 6907 4110 7104
f 7067 4080 6991
f 7067 6991 6993
f 7100 7102 7035
f 7100 7035 7032
f 6895 6893 4124
f 6895 4124 7124
f 7120 7123 7052
f 7120 7052 7049
f 6921 6920 4094
f 6921 4094 7085
f 7081 7084 7011
f 7081 7011 7008
f 6909 6908 4108
f 6909 4108 7101
f 7098 7100 7032
f 7098 7032 7029
f 6894 6892 7073
f 6894 7073 7126
f 3974 3973 4122
f 3974 4122 7122
f 7117 7120 7049
f 7117 7049 4034
f 3989 3988 4092
f 3989 4092 7083
f 7078 7081 7008
f 7078 7008 7005
f 6912 6910 4106
f 6912 4106 4104
f 7095 7098 7029
f 7095 7029 7026
f 4073 4070 4069
f 4073 4069 4074
f 4071 6989 6988
f 4071 6988 4072
f 4067 4024 4023
f 4067 4023 4068
f 6990 6995 6994
f 6990 6994 6992
f 4065 6998 6997
f 4065 6997 4066
f 4063 7004 7003
f 4063 7003 4064
f 4061 7007 7006
f 4061 7006 4062
f 4059 7010 7009
f 4059 7009 4060
f 4057 7013 7012
f 4057 7012 4058
f 4055 7016 7015
f 4055 7015 4056
f 4053 7019 7018
f 4053 7018 4054
f 4051 7022 7021
f 4051 7021 4052
f 4049 7025 7024
f 4049 7024 4050
f 4047 7028 7027
f 4047 7027 4048
f 4045 7031 7030
f 4045 7030 4046
f 4043 7034 7033
f 4043 7033 4044
f 4041 7037 7036
f 4041 7036 4042
f 4039 7039 7038
f 4039 7038 4040
f 4037 7041 7040
f 4037 7040 4038
f 4035 7044 7043
f 4035 7043 4036
f 4033 7046 7045
f 4033 7045 4034
f 4031 7048 7047
f 4031 7047 4032
f 4029 7051 7050
f 4029 7050 4030
f 4027 7054 7053
f 4027 7053 4028
f 4025 7057 7056
f 4025 7056 4026
f 6999 7060 7059
f 6999 7059 7001
f 6935 6938 4024
f 6935 4024 4067
f 4075 7064 4079
f 4075 4079 4076
f 4077 7063 7061
f 4077 7061 4078
f 4081 7071 4125
f 4081 4125 4082
f 4080 7067 7066
f 4080 7066 7065
f 4083 7070 7068
f 4083 7068 4084
f 4085 7076 7074
f 4085 7074 4086
f 4087 7079 7077
f 4087 7077 4088
f 4089 7082 7080
f 4089 7080 4090
f 4091 7084 7083
f 4091 7083 4092
f 4093 7086 7085
f 4093 7085 4094
f 4095 7089 7087
f 4095 7087 4096
f 4097 7091 7090
f 4097 7090 4098
f 4099 7093 7092
f 4099 7092 4100
f 4101 7096 7094
f 4101 7094 4102
f 4103 7099 7097
f 4103 7097 4104
f 4105 4103 4104
f 4105 4104 4106
f 4107 7103 7101
f 4107 7101 4108
f 4109 7106 7104
f 4109 7104 4110
f 4111 7109 7107
f 4111 7107 4112
f 4113 7112 7110
f 4113 7110 4114
f 4115 7115 7113
f 4115 7113 4116
f 4117 7118 7116
f 4117 7116 4118
f 4119 7121 7119
f 4119 7119 4120
f 4121 7123 7122
f 4121 7122 4122
f 4123 7125 7124
f 4123 7124 4124
f 7072 7128 7126
f 7072 7126 7073
f 6934 6933 4076
f 6934 4076 4079
f 4165 4166 7239
f 4165 7239 7196
f 7162 4183 7195
f 7162 7195 4218
f 7159 4182 7201
f 7159 7201 4216
f 7170 4181 7204
f 7170 7204 4214
f 7167 4180 7207
f 7167 7207 4212
f 7178 4179 7210
f 7178 7210 4210
f 7175 4178 7213
f 7175 7213 4208
f 7182 4177 7216
f 7182 7216 4206
f 7179 4176 7219
f 7179 7219 4204
f 7186 4175 7222
f 7186 7222 4202
f 7183 4174 7224
f 7183 7224 4200
f 7190 4173 7226
f 7190 7226 4198
f 4171 4172 7229
f 4171 7229 4196
f 7163 4171 4196
f 7163 4196 4194
f 4169 4170 7231
f 4169 7231 4192
f 7165 4169 4192
f 7165 4192 4190
f 7174 4168 7234
f 7174 7234 4188
f 7171 4167 7236
f 7171 7236 4186
f 7243 4226 7202
f 7243 7202 7199
f 4147 4148 4149
f 4147 4149 4150
f 4163 4164 4146
f 4161 4162 4163
f 4158 4159 4160
f 4160 4161 4163
f 4146 4147 4150
f 4146 4150 4151
f 4156 4157 4158
f 4153 4154 4155
f 4155 4156 4158
f 4155 4158 4160
f 4152 4153 4155
f 4146 4151 4152
f 4155 4160 4163
f 4163 4146 4152
f 4152 4155 4163
f 7150 7148 4237
f 7150 4237 7253
f 7254 4236 7217
f 7254 7217 7214
f 7137 7136 4251
f 7137 4251 7271
f 7272 7274 7232
f 7272 7232 4195
f 7154 7153 4231
f 7154 4231 7246
f 7247 7250 7208
f 7247 7208 7205
f 7142 7140 4245
f 7142 4245 7263
f 7264 7267 7227
f 7264 7227 4201
f 4222 7243 7199
f 4222 7199 7193
f 7282 4259 7197
f 7282 7197 7237
f 7158 7157 4225
f 7158 4225 4223
f 4236 7258 7220
f 4236 7220 7217
f 7149 7146 4239
f 7149 4239 7255
f 7136 7134 4253
f 7136 4253 4251
f 7274 7276 7233
f 7274 7233 7232
f 4160 4159 4233
f 4160 4233 7249
f 7250 4232 7211
f 7250 7211 7208
f 7267 7269 4197
f 7267 4197 7227
f 7141 7139 4247
f 7141 4247 7266
f 7160 4144 4182
f 7160 4182 7159
f 7164 4133 4171
f 7164 4171 7163
f 7166 4131 4169
f 7166 4169 7165
f 7168 4142 4180
f 7168 4180 7167
f 7172 4129 4167
f 7172 4167 7171
f 7176 4140 4178
f 7176 4178 7175
f 7180 4138 4176
f 7180 4176 7179
f 7184 4136 4174
f 7184 4174 7183
f 7161 4145 4183
f 7161 4183 7162
f 4133 4134 4172
f 4133 4172 4171
f 4131 4132 4170
f 4131 4170 4169
f 7169 4143 4181
f 7169 4181 7170
f 7173 4130 4168
f 7173 4168 7174
f 7177 4141 4179
f 7177 4179 7178
f 4127 4128 4166
f 4127 4166 4165
f 7181 4139 4177
f 7181 4177 7182
f 7185 4137 4175
f 7185 4175 7186
f 7187 7192 7191
f 7187 7191 7188
f 7189 4135 4173
f 7189 4173 7190
f 7279 7282 7237
f 7279 7237 4189
f 7132 7130 4257
f 7132 4257 7278
f 7144 7143 4243
f 7144 4243 7260
f 7261 7264 4201
f 7261 4201 7223
f 4226 7247 7205
f 4226 7205 7202
f 7156 7155 4229
f 7156 4229 7244
f 7269 7272 4195
f 7269 4195 4197
f 7139 7138 4249
f 7139 4249 4247
f 4232 7254 7214
f 4232 7214 7211
f 7152 7151 4235
f 7152 4235 7251
f 7131 7129 7241
f 7131 7241 7281
f 7276 7279 4189
f 7276 4189 7233
f 7135 7133 4255
f 7135 4255 7275
f 7258 7261 7223
f 7258 7223 7220
f 7147 7145 4241
f 7147 4241 7257
f 4163 4162 4227
f 4163 4227 7242
f 4259 4222 7193
f 4259 7193 7197
f 4220 4185 4184
f 4220 4184 4221
f 4218 7195 7194
f 4218 7194 4219
f 4216 7201 7200
f 4216 7200 4217
f 4214 7204 7203
f 4214 7203 4215
f 4212 7207 7206
f 4212 7206 4213
f 4210 7210 7209
f 4210 7209 4211
f 4208 7213 7212
f 4208 7212 4209
f 4206 7216 7215
f 4206 7215 4207
f 4204 7219 7218
f 4204 7218 4205
f 4202 7222 7221
f 4202 7221 4203
f 4200 7224 7223
f 4200 7223 4201
f 4198 7226 7225
f 4198 7225 4199
f 4196 7229 7228
f 4196 7228 4197
f 4194 4196 4197
f 4194 4197 4195
f 4192 7231 7230
f 4192 7230 4193
f 4190 4192 4193
f 4190 4193 4191
f 4188 7234 7233
f 4188 7233 4189
f 4186 7236 7235
f 4186 7235 4187
f 7196 7239 7238
f 7196 7238 7198
f 7188 7191 4185
f 7188 4185 4220
f 4222 4259 4258
f 4222 4258 4223
f 4224 4222 4223
f 4224 4223 4225
f 4226 7243 7242
f 4226 7242 4227
f 4228 7245 7244
f 4228 7244 4229
f 4230 7248 7246
f 4230 7246 4231
f 4232 7250 7249
f 4232 7249 4233
f 4234 7252 7251
f 4234 7251 4235
f 4236 7254 7253
f 4236 7253 4237
f 4238 7256 7255
f 4238 7255 4239
f 4240 7259 7257
f 4240 7257 4241
f 4242 7262 7260
f 4242 7260 4243
f 4244 7265 7263
f 4244 7263 4245
f 4246 7268 7266
f 4246 7266 4247
f 4248 7270 4247
f 4248 4247 4249
f 4250 7273 7271
f 4250 7271 4251
f 4252 4250 4251
f 4252 4251 4253
f 4254 7277 7275
f 4254 7275 4255
f 4256 7280 7278
f 4256 7278 4257
f 7240 7283 7281
f 7240 7281 7241
f 4146 4164 4223
f 4146 4223 4258
f 4286 4287 4304
f 4286 4304 4305
f 4393 4391 4350
f 4393 4350 7394
f 4290 7288 7420
f 4290 7420 4374
f 4379 4377 7374
f 4379 7374 7377
f 4286 4305 7463
f 4286 7463 7412
f 4399 4397 4356
f 4399 4356 7401
f 4300 7307 7446
f 4300 7446 4394
f 4293 7293 7427
f 4293 7427 4380
f 4385 4383 7383
f 4385 7383 7386
f 4405 4403 7407
f 4405 7407 7410
f 4371 4369 7363
f 4371 7363 7365
f 4303 7313 7455
f 4303 7455 4400
f 4296 7299 7434
f 4296 7434 4386
f 4391 4389 7390
f 4391 7390 4350
f 4377 4375 7371
f 4377 7371 7374
f 4289 4288 7418
f 4289 7418 4372
f 4299 7305 7443
f 4299 7443 4392
f 4397 4395 7397
f 4397 7397 4356
f 4292 7291 7424
f 4292 7424 4378
f 4383 4381 7380
f 4383 7380 7383
f 4287 4288 7315
f 4287 7315 4304
f 4284 4283 4413
f 4284 4413 4414
f 4301 7289 4291
f 4291 7294 7309
f 4291 7309 4301
f 7294 7295 7308
f 7294 7308 7309
f 4298 7308 7295
f 4298 7295 4297
f 7295 4294 4297
f 4294 4295 7301
f 4294 7301 4297
f 4288 4289 4409
f 4288 4409 4406
f 4285 7480 7473
f 4285 7473 4416
f 7479 4282 4410
f 7479 4410 7468
f 7477 7478 7475
f 7477 7475 7464
f 7321 4263 4309
f 7321 4309 7320
f 7325 4274 4320
f 7325 4320 7324
f 4260 4261 4307
f 4260 4307 4306
f 7333 4272 4318
f 7333 4318 7332
f 7337 4270 4316
f 7337 4316 7336
f 4282 7476 7466
f 4282 7466 4410
f 7341 4279 4325
f 7341 4325 7340
f 7345 4268 4314
f 7345 4314 7344
f 4301 4302 4415
f 4301 4415 7469
f 7349 4277 4323
f 7349 4323 7348
f 7353 4266 4312
f 7353 4312 7352
f 7315 4288 4406
f 7315 4406 4417
f 7322 4264 4310
f 7322 4310 7323
f 7326 4275 4321
f 7326 4321 7327
f 7330 4262 4308
f 7330 4308 7331
f 7334 4273 4319
f 7334 4319 7335
f 7338 4271 4317
f 7338 4317 7339
f 7289 4301 7469
f 7289 7469 4411
f 7342 7329 7328
f 7342 7328 7343
f 7346 4269 4315
f 7346 4315 7347
f 4302 7315 4417
f 4302 4417 4415
f 7350 4278 4324
f 7350 4324 7351
f 7354 4267 4313
f 7354 4313 7355
f 4289 7289 4411
f 4289 4411 4409
f 7356 4265 4311
f 7356 4311 7357
f 7358 4276 4322
f 7358 4322 7359
f 7343 7328 7362
f 7343 7362 7409
f 7320 4309 4333
f 7320 4333 7364
f 7292 7290 7422
f 7292 7422 4376
f 7323 4310 4335
f 7323 4335 7367
f 7352 4312 4339
f 7352 4339 7373
f 7297 7296 7429
f 7297 7429 4382
f 7355 4313 4341
f 7355 4341 7376
f 7344 4314 4343
f 7344 4343 7379
f 7336 4316 4347
f 7336 4347 7385
f 7306 7303 7440
f 7306 7440 4390
f 7339 4317 4349
f 7339 4349 7387
f 7335 4319 4353
f 7335 4353 7391
f 7311 7310 7449
f 7311 7449 4396
f 7324 4320 4355
f 7324 4355 7393
f 7327 4321 4357
f 7327 4357 7396
f 7348 4323 4361
f 7348 4361 7400
f 7319 7317 7461
f 7319 7461 4404
f 7351 4324 4363
f 7351 4363 7403
f 4306 4307 4329
f 4306 4329 4326
f 7304 7302 7437
f 7304 7437 4388
f 7318 7316 7458
f 7318 7458 4402
f 4369 7413 7360
f 4369 7360 7363
f 4373 4371 7365
f 4373 7365 7368
f 4387 4385 7386
f 4387 7386 4346
f 7300 7298 7431
f 7300 7431 4384
f 4401 4399 7401
f 4401 7401 7404
f 7314 7312 7452
f 7314 7452 4398
f 7357 4311 4337
f 7357 4337 7370
f 4381 4379 7377
f 4381 7377 7380
f 7332 4318 4351
f 7332 4351 7389
f 4395 4393 7394
f 4395 7394 7397
f 7340 4325 4365
f 7340 4365 7406
f 4375 4373 7368
f 4375 7368 7371
f 7331 4308 4331
f 7331 4331 4329
f 4389 4387 4346
f 4389 4346 7390
f 7347 4315 4345
f 7347 4345 7382
f 7359 4322 4359
f 7359 4359 7398
f 7413 4405 7410
f 7413 7410 7360
f 4403 4401 7404
f 4403 7404 7407
f 4326 4329 4328
f 4326 4328 4327
f 4329 4331 4330
f 4329 4330 4328
f 7364 4333 4332
f 7364 4332 7366
f 7367 4335 4334
f 7367 4334 7369
f 7370 4337 4336
f 7370 4336 7372
f 7373 4339 4338
f 7373 4338 7375
f 7376 4341 4340
f 7376 4340 7378
f 7379 4343 4342
f 7379 4342 7381
f 7382 4345 4344
f 7382 4344 7384
f 7385 4347 4346
f 7385 4346 7386
f 7387 4349 4348
f 7387 4348 7388
f 7389 4351 4350
f 7389 4350 7390
f 7391 4353 4352
f 7391 4352 7392
f 7393 4355 4354
f 7393 4354 7395
f 7396 4357 4356
f 7396 4356 7397
f 7398 4359 4358
f 7398 4358 7399
f 7400 4361 4360
f 7400 4360 7402
f 7403 4363 4362
f 7403 4362 7405
f 7406 4365 4364
f 7406 4364 7408
f 7409 7362 7361
f 7409 7361 7411
f 7287 7285 7416
f 7287 7416 4370
f 4366 7414 4368
f 4366 4368 4367
f 7415 7417 4370
f 7415 4370 7416
f 4371 4373 4372
f 4371 4372 7418
f 7419 7421 4374
f 7419 4374 7420
f 4375 4377 4376
f 4375 4376 7422
f 7423 7425 4378
f 7423 4378 7424
f 7426 7428 4380
f 7426 4380 7427
f 4381 4383 4382
f 4381 4382 7429
f 7430 7432 4384
f 7430 4384 7431
f 7433 7435 4386
f 7433 4386 7434
f 7436 7438 4388
f 7436 4388 7437
f 7439 7441 4390
f 7439 4390 7440
f 7442 7444 4392
f 7442 4392 7443
f 7445 7447 4394
f 7445 4394 7446
f 7448 7450 4396
f 7448 4396 7449
f 7451 7453 4398
f 7451 4398 7452
f 7454 7456 4400
f 7454 4400 7455
f 7457 7459 4402
f 7457 4402 7458
f 7460 7462 4404
f 7460 4404 7461
f 4405 7413 7412
f 4405 7412 7463
f 7286 7284 4367
f 7286 4367 4368
f 4406 4409 4408
f 4406 4408 4407
f 7465 7467 4410
f 7465 4410 7466
f 4412 7471 4414
f 4412 4414 4413
f 7472 7474 4416
f 7472 4416 7473
f 7464 7475 4417
f 7464 4417 4406
f 7467 7470 7468
f 7467 7468 4410
f 4281 4280 4407
f 4281 4407 4408
f 4429 4428 4437
f 4435 4434 4433
f 4435 4433 4432
f 4430 4429 4437
f 4435 4432 4431
f 4431 4430 4437
f 4436 4435 4431
f 4437 4436 4431
f 7535 7537 4453
f 7535 4453 4451
f 4432 4433 4479
f 4432 4479 4477
f 4476 4478 4459
f 4476 4459 4457
f 7541 7544 4463
f 7541 4463 4461
f 7488 7490 4483
f 7488 4483 7540
f 7544 7546 4465
f 7544 4465 4463
f 7549 7531 7512
f 7549 7512 4467
f 7537 4474 4455
f 7537 4455 4453
f 7531 7535 4451
f 7531 4451 7512
f 7496 7497 7498
f 7496 7498 7495
f 4427 4426 4446
f 4427 4446 4447
f 4426 7499 7500
f 4426 7500 4446
f 4425 7501 7502
f 4425 7502 4445
f 4424 7503 7504
f 4424 7504 4444
f 4423 7505 7506
f 4423 7506 4443
f 4422 4421 4441
f 4422 4441 4442
f 4421 7507 7508
f 4421 7508 4441
f 4420 7509 7510
f 4420 7510 4440
f 4419 4418 4438
f 4419 4438 4439
f 7495 7498 7530
f 7495 7530 7511
f 4441 7508 7518
f 4441 7518 4454
f 4442 4441 4454
f 4442 4454 4456
f 4443 7506 7522
f 4443 7522 4458
f 4444 7504 7525
f 4444 7525 4460
f 4445 7502 7528
f 4445 7528 4462
f 4446 7500 4462
f 4446 4462 4464
f 4447 4446 4464
f 4447 4464 4466
f 7493 7481 7533
f 7493 7533 7548
f 7485 4431 4475
f 7485 4475 4473
f 7483 7486 4473
f 7483 4473 7534
f 4440 7510 7515
f 4440 7515 4452
f 7546 7549 4467
f 7546 4467 4465
f 7492 7494 4487
f 7492 4487 4485
f 7491 7492 4485
f 7491 4485 7543
f 4478 7541 4461
f 4478 4461 4459
f 7487 7489 4481
f 7487 4481 7538
f 4474 4476 4457
f 4474 4457 4455
f 4431 4432 4477
f 4431 4477 4475
f 4448 7513 4450
f 4448 4450 4449
f 7514 7516 4452
f 7514 4452 7515
f 7517 7519 4454
f 7517 4454 7518
f 7519 7520 4456
f 7519 4456 4454
f 7521 7523 4458
f 7521 4458 7522
f 7524 7526 4460
f 7524 4460 7525
f 7527 4463 4462
f 7527 4462 7528
f 4463 4465 4464
f 4463 4464 4462
f 4465 7529 4466
f 4465 4466 4464
f 4467 7512 7511
f 4467 7511 7530
f 4439 4438 4449
f 4439 4449 4450
f 4468 4471 4470
f 4468 4470 4469
f 7534 4473 4472
f 7534 4472 7536
f 4473 4475 4474
f 4473 4474 4472
f 4475 4477 4476
f 4475 4476 4474
f 4477 4479 4478
f 4477 4478 4476
f 7538 4481 4480
f 7538 4480 7539
f 7540 4483 4482
f 7540 4482 7542
f 7543 4485 4484
f 7543 4484 7545
f 4485 4487 4486
f 4485 4486 7547
f 7548 7533 7532
f 7548 7532 7550
f 7482 7484 4471
f 7482 4471 4468
f 4513 4512 4516
f 4516 4515 4514
f 4516 4514 4513
f 4513 4514 4584
f 4513 4584 7650
f 4523 4524 4604
f 4523 4604 4602
f 4595 4597 4566
f 4595 4566 4564
f 7559 7561 4588
f 7559 4588 7654
f 7671 7673 4570
f 7671 4570 4568
f 7647 4579 4548
f 7647 4548 4546
f 7563 4518 4592
f 7563 4592 7660
f 4579 7651 4550
f 4579 4550 4548
f 7565 4519 4594
f 7565 4594 7663
f 4583 7655 4554
f 4583 4554 4552
f 7644 7647 4546
f 7644 4546 7605
f 4520 4521 4598
f 4520 4598 4596
f 7658 7661 4558
f 7658 4558 4556
f 4511 4512 4580
f 4511 4580 7646
f 7569 4523 4602
f 7569 4602 7670
f 4511 4517 4516
f 4511 4516 4512
f 4504 4505 4608
f 4504 4608 4605
f 7566 7551 7572
f 7566 7572 7567
f 7567 7572 7571
f 7567 7571 4520
f 4520 7571 4522
f 4520 4522 4521
f 7690 4507 4611
f 7690 4611 7683
f 4507 4508 4614
f 4507 4614 4611
f 7689 4506 4610
f 7689 4610 7680
f 4508 7688 7679
f 4508 7679 4614
f 4499 7574 7575
f 4499 7575 4536
f 7551 7566 7686
f 7551 7686 7677
f 4497 7578 7579
f 4497 7579 4534
f 4495 7582 7583
f 4495 7583 4532
f 4511 7553 7681
f 4511 7681 7684
f 4493 7586 7587
f 4493 7587 4530
f 7589 7590 7591
f 7589 7591 7588
f 4491 7594 7595
f 4491 7595 4528
f 4502 7596 7597
f 4502 7597 4539
f 4489 4488 4525
f 4489 4525 4526
f 4500 4499 4536
f 4500 4536 4537
f 4498 7577 7576
f 4498 7576 4535
f 7566 4517 7687
f 7566 7687 7686
f 4496 7581 7580
f 4496 7580 4533
f 4517 4511 7684
f 4517 7684 7687
f 4494 7585 7584
f 4494 7584 4531
f 4492 7593 7592
f 4492 7592 4529
f 4503 4502 4539
f 4503 4539 4540
f 4490 7599 7598
f 4490 7598 4527
f 4501 7601 7600
f 4501 7600 4538
f 4527 7598 7607
f 4527 7607 4545
f 4528 7595 7610
f 4528 7610 4547
f 4529 7592 7613
f 4529 7613 4549
f 4530 7587 7616
f 4530 7616 4551
f 4531 7584 7619
f 4531 7619 4553
f 4532 7583 7621
f 4532 7621 4555
f 4533 7580 7622
f 4533 7622 4557
f 4534 7579 7624
f 4534 7624 4559
f 4535 7576 7627
f 4535 7627 4561
f 4536 7575 7630
f 4536 7630 4563
f 4537 4536 4563
f 4537 4563 4565
f 4538 7600 7635
f 4538 7635 4567
f 4539 7597 7637
f 4539 7637 4569
f 4540 4539 4569
f 4540 4569 4571
f 7573 7552 7642
f 7573 7642 7674
f 7661 7664 4560
f 7661 4560 4558
f 7568 7570 4600
f 7568 4600 7668
f 7554 7555 4578
f 7554 4578 7643
f 7655 7658 4556
f 7655 4556 4554
f 7567 4520 4596
f 7567 4596 7666
f 7651 4583 4552
f 7651 4552 4550
f 4509 4510 4576
f 4509 4576 4573
f 7664 7667 4562
f 7664 4562 4560
f 7556 7557 4582
f 7556 4582 7648
f 7673 7675 4572
f 7673 4572 4570
f 7562 7564 4590
f 7562 4590 7657
f 7675 7640 7603
f 7675 7603 4572
f 4597 7671 4568
f 4597 4568 4566
f 4526 4525 4542
f 4526 4542 4543
f 7558 7560 4586
f 7558 4586 7652
f 7667 4595 4564
f 7667 4564 4562
f 4541 4544 4543
f 4541 4543 4542
f 7606 7608 4545
f 7606 4545 7607
f 7609 7611 4547
f 7609 4547 7610
f 7612 7614 4549
f 7612 4549 7613
f 7615 7617 4551
f 7615 4551 7616
f 7618 7620 4553
f 7618 4553 7619
f 4554 4556 4555
f 4554 4555 7621
f 4556 4558 4557
f 4556 4557 7622
f 7623 7625 4559
f 7623 4559 7624
f 7626 7628 4561
f 7626 4561 7627
f 7629 7631 4563
f 7629 4563 7630
f 7632 7633 4565
f 7632 4565 4563
f 7634 7636 4567
f 7634 4567 7635
f 4568 4570 4569
f 4568 4569 7637
f 4570 4572 4571
f 4570 4571 4569
f 7638 7604 7602
f 7638 7602 7639
f 7588 7591 7639
f 7588 7639 7602
f 4573 4576 4575
f 4573 4575 4574
f 7643 4578 4577
f 7643 4577 7645
f 7646 4580 4579
f 7646 4579 7647
f 7648 4582 4581
f 7648 4581 7649
f 7650 4584 4583
f 7650 4583 7651
f 7652 4586 4585
f 7652 4585 7653
f 7654 4588 4587
f 7654 4587 7656
f 7657 4590 4589
f 7657 4589 7659
f 7660 4592 4591
f 7660 4591 7662
f 7663 4594 4593
f 7663 4593 7665
f 7666 4596 4595
f 7666 4595 7667
f 4596 4598 4597
f 4596 4597 4595
f 7668 4600 4599
f 7668 4599 7669
f 7670 4602 4601
f 7670 4601 7672
f 4602 4604 4603
f 4602 4603 4601
f 7674 7642 7641
f 7674 7641 7676
f 7640 7644 7605
f 7640 7605 7603
f 4605 4608 4607
f 4605 4607 4606
f 7680 4610 4609
f 7680 4609 7682
f 4611 4614 4613
f 4611 4613 4612
f 7683 4611 4612
f 7683 4612 7685
f 7678 4613 4614
f 7678 4614 7679
f 7553 7551 7677
f 7553 7677 7681
f 4640 4639 4662
f 4660 4659 4658
f 4657 4656 4655
f 4657 4655 4654
f 4640 4662 4661
f 4641 4640 4661
f 4652 4651 4650
f 4647 4646 4645
f 4647 4645 4644
f 4642 4641 4661
f 4653 4652 4650
f 4642 4661 4660
f 4642 4660 4658
f 4653 4650 4649
f 4643 4642 4658
f 4644 4643 4658
f 4644 4658 4657
f 4647 4644 4657
f 4654 4653 4649
f 4648 4647 4657
f 4654 4649 4648
f 4657 4654 4648
f 7852 4749 4702
f 7852 4702 4700
f 7883 7886 4724
f 7883 4724 4722
f 7880 7883 4722
f 7880 4722 4720
f 7862 7865 4710
f 7862 4710 4708
f 7859 7862 4708
f 7859 4708 4706
f 4741 4743 4696
f 4741 4696 4694
f 7892 7895 4730
f 7892 4730 4728
f 7889 7892 4728
f 7889 4728 4726
f 7845 4741 4694
f 7845 4694 4692
f 7706 7708 4762
f 7706 4762 7867
f 4645 4646 4750
f 4645 4750 7851
f 7871 7874 4716
f 7871 4716 4714
f 7849 7852 4700
f 7849 4700 4698
f 7898 7901 4734
f 7898 4734 4732
f 7714 7716 4770
f 7714 4770 7879
f 7700 7702 4756
f 7700 4756 7858
f 7877 7880 4720
f 7877 4720 4718
f 4641 4642 4742
f 4641 4742 7844
f 7856 7859 4706
f 7856 4706 4704
f 7720 7722 4776
f 7720 4776 7888
f 7886 7889 4726
f 7886 4726 4724
f 4737 7845 4692
f 4737 4692 7780
f 7704 7707 4760
f 7704 4760 7864
f 4618 7731 7732
f 4618 7732 4666
f 4629 7735 7736
f 4629 7736 4677
f 4638 7739 7740
f 4638 7740 4686
f 4616 4615 4663
f 4616 4663 4664
f 4627 7747 7748
f 4627 7748 4675
f 4636 7751 7752
f 4636 7752 4684
f 4625 7755 7756
f 4625 7756 4673
f 4634 7759 7760
f 4634 7760 4682
f 4623 7763 7764
f 4623 7764 4671
f 4632 7767 7768
f 4632 7768 4680
f 4621 7771 7772
f 4621 7772 4669
f 4619 4618 4666
f 4619 4666 4667
f 4630 7734 7733
f 4630 7733 4678
f 7743 7738 7737
f 7743 7737 7744
f 4617 7742 7741
f 4617 7741 4665
f 4628 7746 7745
f 4628 7745 4676
f 4637 7750 7749
f 4637 7749 4685
f 4626 7754 7753
f 4626 7753 4674
f 4635 7758 7757
f 4635 7757 4683
f 4624 7762 7761
f 4624 7761 4672
f 4633 7766 7765
f 4633 7765 4681
f 4622 7770 7769
f 4622 7769 4670
f 4620 7774 7773
f 4620 7773 4668
f 4631 7776 7775
f 4631 7775 4679
f 7744 7737 7839
f 7744 7839 7777
f 4666 7732 7785
f 4666 7785 4693
f 4667 4666 4693
f 4667 4693 4695
f 4668 7773 7790
f 4668 7790 4697
f 4669 7772 7793
f 4669 7793 4699
f 4670 7769 7796
f 4670 7796 4701
f 4671 7764 7799
f 4671 7799 4703
f 4672 7761 7802
f 4672 7802 4705
f 4673 7756 7805
f 4673 7805 4707
f 4674 7753 7808
f 4674 7808 4709
f 4675 7748 7811
f 4675 7811 4711
f 4676 7745 7814
f 4676 7814 4713
f 4677 7736 7817
f 4677 7817 4715
f 4678 7733 7820
f 4678 7820 4717
f 4679 7775 7822
f 4679 7822 4719
f 4680 7768 4719
f 4680 4719 4721
f 4681 7765 7825
f 4681 7825 4723
f 4682 7760 7828
f 4682 7828 4725
f 4683 7757 7831
f 4683 7831 4727
f 4684 7752 7834
f 4684 7834 4729
f 4685 7749 4729
f 4685 4729 4731
f 4686 7740 7836
f 4686 7836 4733
f 7728 7730 7841
f 7728 7841 7900
f 4639 4640 4738
f 4639 4738 4735
f 4665 7741 7782
f 4665 7782 4691
f 7874 7877 4718
f 7874 4718 4716
f 4749 7856 4704
f 4749 4704 4702
f 7709 7710 4764
f 7709 4764 7870
f 4743 7849 4698
f 4743 4698 4696
f 7895 7898 4732
f 7895 4732 4730
f 7723 7724 4778
f 7723 4778 7891
f 7865 7868 4712
f 7865 4712 4710
f 4642 4643 4744
f 4642 4744 4742
f 7703 7705 4758
f 7703 4758 7861
f 7901 4736 7778
f 7901 7778 4734
f 7718 7721 4774
f 7718 4774 7885
f 7717 7719 4772
f 7717 4772 7882
f 7691 7692 4740
f 7691 4740 7842
f 7698 7701 4754
f 7698 4754 7855
f 7712 7715 4768
f 7712 4768 7876
f 7697 7699 4752
f 7697 4752 7853
f 7711 7713 4766
f 7711 4766 7873
f 7694 7696 4748
f 7694 4748 7848
f 7726 7729 4782
f 7726 4782 7897
f 7725 7727 4780
f 7725 4780 7894
f 7868 7871 4714
f 7868 4714 4712
f 7693 7695 4746
f 7693 4746 7846
f 4687 4690 4689
f 4687 4689 4688
f 7781 7783 4691
f 7781 4691 7782
f 7784 7786 4693
f 7784 4693 7785
f 7787 7788 4695
f 7787 4695 4693
f 7789 7791 4697
f 7789 4697 7790
f 7792 7794 4699
f 7792 4699 7793
f 7795 7797 4701
f 7795 4701 7796
f 7798 7800 4703
f 7798 4703 7799
f 7801 7803 4705
f 7801 4705 7802
f 7804 7806 4707
f 7804 4707 7805
f 7807 7809 4709
f 7807 4709 7808
f 7810 7812 4711
f 7810 4711 7811
f 7813 7815 4713
f 7813 4713 7814
f 7816 7818 4715
f 7816 4715 7817
f 7819 7821 4717
f 7819 4717 7820
f 4718 4720 4719
f 4718 4719 7822
f 4720 7823 4721
f 4720 4721 4719
f 7824 7826 4723
f 7824 4723 7825
f 7827 7829 4725
f 7827 4725 7828
f 7830 7832 4727
f 7830 4727 7831
f 7833 4730 4729
f 7833 4729 7834
f 4730 4732 4731
f 4730 4731 4729
f 7835 7837 4733
f 7835 4733 7836
f 7838 7779 7777
f 7838 7777 7839
f 4664 4663 4688
f 4664 4688 4689
f 4735 4738 4737
f 4735 4737 4736
f 7842 4740 4739
f 7842 4739 7843
f 7844 4742 4741
f 7844 4741 7845
f 4742 4744 4743
f 4742 4743 4741
f 7846 4746 4745
f 7846 4745 7847
f 7848 4748 4747
f 7848 4747 7850
f 7851 4750 4749
f 7851 4749 7852
f 7853 4752 4751
f 7853 4751 7854
f 7855 4754 4753
f 7855 4753 7857
f 7858 4756 4755
f 7858 4755 7860
f 7861 4758 4757
f 7861 4757 7863
f 7864 4760 4759
f 7864 4759 7866
f 7867 4762 4761
f 7867 4761 7869
f 7870 4764 4763
f 7870 4763 7872
f 7873 4766 4765
f 7873 4765 7875
f 7876 4768 4767
f 7876 4767 7878
f 7879 4770 4769
f 7879 4769 7881
f 7882 4772 4771
f 7882 4771 7884
f 7885 4774 4773
f 7885 4773 7887
f 7888 4776 4775
f 7888 4775 7890
f 7891 4778 4777
f 7891 4777 7893
f 7894 4780 4779
f 7894 4779 7896
f 7897 4782 4781
f 7897 4781 7899
f 7900 7841 7840
f 7900 7840 7902
f 4736 4737 7780
f 4736 7780 7778
f 4826 4805 4806
f 4807 4808 4809
f 4826 4806 4807
f 4824 4825 4826
f 4824 4826 4807
f 4807 4809 4810
f 4810 4811 4812
f 4812 4813 4814
f 4815 4816 4817
f 4812 4814 4815
f 4824 4807 4810
f 4823 4824 4810
f 4810 4812 4815
f 4815 4817 4818
f 4815 4818 4819
f 4822 4823 4810
f 4821 4822 4810
f 4815 4819 4820
f 4820 4821 4810
f 4810 4815 4820
f 4896 7969 7939
f 4896 7939 7943
f 4900 4898 4853
f 4900 4853 4855
f 4934 4932 7964
f 4934 7964 7965
f 7922 7921 4923
f 7922 4923 4925
f 7913 7912 4909
f 7913 4909 4911
f 4920 4918 7956
f 4920 7956 7958
f 7907 7906 4897
f 7907 4897 4899
f 4906 4904 7946
f 4906 7946 7947
f 7925 7924 4929
f 7925 4929 4931
f 7918 7917 7988
f 7918 7988 4919
f 4926 4924 7960
f 4926 7960 7961
f 7909 7908 4901
f 7909 4901 4903
f 4912 4910 7949
f 4912 7949 7950
f 4932 4930 7963
f 4932 7963 7964
f 4898 4896 7943
f 4898 7943 4853
f 7921 7920 4921
f 7921 4921 4923
f 4918 4916 4871
f 4918 4871 7956
f 7912 7911 4907
f 7912 4907 4909
f 7904 7903 4894
f 7904 4894 4895
f 4904 4902 7945
f 4904 7945 7946
f 7924 7923 4927
f 7924 4927 4929
f 4785 4786 4830
f 4785 4830 4829
f 7928 4797 4841
f 7928 4841 7927
f 4783 4784 4828
f 4783 4828 4827
f 7934 4795 4839
f 7934 4839 7933
f 4803 4804 4848
f 4803 4848 4847
f 4792 4793 4837
f 4792 4837 4836
f 4801 4802 4846
f 4801 4846 4845
f 4790 4791 4835
f 4790 4835 4834
f 4799 4800 4844
f 4799 4844 4843
f 4788 4789 4833
f 4788 4833 4832
f 4786 4787 4831
f 4786 4831 4830
f 4797 4798 4842
f 4797 4842 4841
f 7931 4785 4829
f 7931 4829 7932
f 7935 4796 4840
f 7935 4840 7936
f 4804 7930 7929
f 4804 7929 4848
f 7937 4794 4838
f 7937 4838 7938
f 4802 4803 4847
f 4802 4847 4846
f 4791 4792 4836
f 4791 4836 4835
f 4800 4801 4845
f 4800 4845 4844
f 4789 4790 4834
f 4789 4834 4833
f 4787 4788 4832
f 4787 4832 4831
f 4798 4799 4843
f 4798 4843 4842
f 4848 7929 7941
f 4848 7941 4892
f 7932 4829 4854
f 7932 4854 7942
f 4829 4830 4856
f 4829 4856 4854
f 4831 4832 4860
f 4831 4860 4858
f 7911 7910 4905
f 7911 4905 4907
f 4832 4833 4862
f 4832 4862 4860
f 4834 4835 4866
f 4834 4866 4864
f 7914 7913 4911
f 7914 4911 4913
f 4835 4836 4868
f 4835 4868 4866
f 4836 4837 4870
f 4836 4870 4868
f 7938 4838 4872
f 7938 4872 7951
f 7933 4839 4874
f 7933 4874 7953
f 7936 4840 4876
f 7936 4876 7955
f 4841 4842 4880
f 4841 4880 4878
f 7923 7922 4925
f 7923 4925 4927
f 4842 4843 4882
f 4842 4882 4880
f 4844 4845 4886
f 4844 4886 4884
f 7926 7925 4931
f 7926 4931 4933
f 4845 4846 4888
f 4845 4888 4886
f 4846 4847 4890
f 4846 4890 4888
f 4827 4828 4852
f 4827 4852 4849
f 7910 7909 4903
f 7910 4903 4905
f 4914 4912 7950
f 4914 7950 7952
f 4928 4926 7961
f 4928 7961 7962
f 7920 7919 4919
f 7920 4919 4921
f 4826 7926 4933
f 4826 4933 4935
f 4908 4906 7947
f 4908 7947 7948
f 7908 7907 4899
f 7908 4899 4901
f 7916 7915 7984
f 7916 7984 4915
f 4922 4920 7958
f 4922 7958 7959
f 4843 4844 4884
f 4843 4884 4882
f 4902 4900 4855
f 4902 4855 7945
f 4936 4934 7965
f 4936 7965 7966
f 4916 4914 7952
f 4916 7952 4871
f 4833 4834 4864
f 4833 4864 4862
f 7927 4841 4878
f 7927 4878 4876
f 4930 4928 7962
f 4930 7962 7963
f 7969 4936 7966
f 7969 7966 7939
f 4847 4848 4892
f 4847 4892 4890
f 4910 4908 7948
f 4910 7948 7949
f 4830 4831 4858
f 4830 4858 4856
f 4924 4922 7959
f 4924 7959 7960
f 4817 4816 7986
f 4817 7986 4917
f 4849 4852 4851
f 4849 4851 4850
f 7942 4854 4853
f 7942 4853 7944
f 4854 4856 4855
f 4854 4855 4853
f 4856 4858 4857
f 4856 4857 4855
f 4858 4860 4859
f 4858 4859 4857
f 4860 4862 4861
f 4860 4861 4859
f 4862 4864 4863
f 4862 4863 4861
f 4864 4866 4865
f 4864 4865 4863
f 4866 4868 4867
f 4866 4867 4865
f 4868 4870 4869
f 4868 4869 4867
f 7951 4872 4871
f 7951 4871 7952
f 7953 4874 4873
f 7953 4873 7954
f 7955 4876 4875
f 7955 4875 7957
f 4876 4878 4877
f 4876 4877 4875
f 4878 4880 4879
f 4878 4879 4877
f 4880 4882 4881
f 4880 4881 4879
f 4882 4884 4883
f 4882 4883 4881
f 4884 4886 4885
f 4884 4885 4883
f 4886 4888 4887
f 4886 4887 4885
f 4888 4890 4889
f 4888 4889 4887
f 4890 4892 4891
f 4890 4891 4889
f 4892 7941 7940
f 4892 7940 7967
f 7906 7905 7972
f 7906 7972 4897
f 4893 7970 4895
f 4893 4895 4894
f 7971 7973 4897
f 7971 4897 7972
f 7974 7975 4899
f 7974 4899 4897
f 7975 7976 4901
f 7975 4901 4899
f 7976 7977 4903
f 7976 4903 4901
f 7977 7978 4905
f 7977 4905 4903
f 7978 7979 4907
f 7978 4907 4905
f 7979 7980 4909
f 7979 4909 4907
f 7980 7981 4911
f 7980 4911 4909
f 7981 7982 4913
f 7981 4913 4911
f 7983 7985 4915
f 7983 4915 7984
f 4916 4918 4917
f 4916 4917 7986
f 7987 7989 4919
f 7987 4919 7988
f 7989 7990 4921
f 7989 4921 4919
f 7990 7991 4923
f 7990 4923 4921
f 7991 7992 4925
f 7991 4925 4923
f 7992 7993 4927
f 7992 4927 4925
f 7993 7994 4929
f 7993 4929 4927
f 7994 4932 4931
f 7994 4931 4929
f 4932 4934 4933
f 4932 4933 4931
f 4934 4936 4935
f 4934 4935 4933
f 4936 7969 7968
f 4936 7968 4935
f 4805 4826 4935
f 4805 4935 7968
f 4965 4964 4972
f 4972 4971 4970
f 4969 4968 4967
f 4965 4972 4970
f 4969 4967 4966
f 4966 4965 4970
f 4970 4969 4966
f 4973 4974 4975
f 4976 4977 4978
f 4976 4978 4979
f 4990 4980 4981
f 4981 4982 4983
f 4984 4985 4986
f 4989 4990 4981
f 4989 4981 4983
f 4984 4986 4987
f 4988 4989 4983
f 4984 4987 4988
f 4983 4984 4988
f 5101 5099 5044
f 5101 5044 8125
f 8014 8012 8189
f 8014 8189 5094
f 5115 5113 8141
f 5115 8141 8144
f 8028 8026 8211
f 8028 8211 5110
f 8175 8178 5031
f 8175 5031 5029
f 8165 8167 5023
f 8165 5023 8094
f 8036 8034 8224
f 8036 8224 5120
f 5093 8185 5037
f 5093 5037 5038
f 8007 8008 5089
f 8007 5089 8179
f 5113 5111 8138
f 5113 8138 8141
f 8021 8039 8231
f 8021 8231 8203
f 8172 8175 5029
f 8172 5029 5027
f 8023 8022 5105
f 8023 5105 5106
f 8035 8033 8221
f 8035 8221 5118
f 8194 5103 8128
f 8194 8128 5043
f 4970 4971 5087
f 4970 5087 8177
f 5111 5109 8135
f 5111 8135 8138
f 4979 4978 8200
f 4979 8200 5102
f 8169 8172 5027
f 8169 5027 5025
f 5125 5123 8156
f 5125 8156 8159
f 4986 4985 8219
f 4986 8219 5116
f 5095 5093 5038
f 5095 5038 8118
f 8178 5086 5033
f 8178 5033 5031
f 5109 5107 5052
f 5109 5052 8135
f 8010 8015 8192
f 8010 8192 8184
f 8167 8169 5025
f 8167 5025 5023
f 5123 5121 8153
f 5123 8153 8156
f 8041 4960 5014
f 8041 5014 8040
f 4938 4937 4991
f 4938 4991 4992
f 4949 4950 5004
f 4949 5004 5003
f 8053 4958 5012
f 8053 5012 8052
f 8046 8056 8057
f 8046 8057 8047
f 8059 4956 5010
f 8059 5010 8058
f 4945 8062 8063
f 4945 8063 4999
f 8065 8049 8048
f 8065 8048 8064
f 4943 8068 8069
f 4943 8069 4997
f 8071 4963 5017
f 8071 5017 8070
f 4941 8076 8077
f 4941 8077 4995
f 8079 4952 5006
f 8079 5006 8078
f 8042 4961 5015
f 8042 5015 8043
f 4939 8045 8044
f 4939 8044 4993
f 8083 8084 8085
f 8083 8085 8082
f 8054 4959 5013
f 8054 5013 8055
f 8087 4948 5002
f 8087 5002 8086
f 8060 4957 5011
f 8060 5011 8061
f 4946 4947 5001
f 4946 5001 5000
f 8089 4955 5009
f 8089 5009 8088
f 4944 8067 8066
f 4944 8066 4998
f 8072 8090 8091
f 8072 8091 8073
f 4942 8075 8074
f 4942 8074 4996
f 4953 4954 5008
f 4953 5008 5007
f 8080 4962 5016
f 8080 5016 8081
f 4940 4939 4993
f 4940 4993 4994
f 8050 4951 5005
f 8050 5005 8051
f 8047 8057 8112
f 8047 8112 8092
f 4994 4993 5022
f 4994 5022 5024
f 4995 8077 8100
f 4995 8100 5026
f 4996 8074 8102
f 4996 8102 5028
f 4997 8069 8104
f 4997 8104 5030
f 4998 8066 8107
f 4998 8107 5032
f 4999 8063 8110
f 4999 8110 5034
f 5000 5001 5039
f 5000 5039 5036
f 8082 8085 8114
f 8082 8114 8117
f 8009 7995 8163
f 8009 8163 8181
f 8086 5002 5041
f 8086 5041 8115
f 8064 8048 8121
f 8064 8121 8127
f 8016 8025 8202
f 8016 8202 8193
f 8078 5006 5049
f 8078 5049 8124
f 8027 8024 8208
f 8027 8208 5108
f 8073 8091 8131
f 8073 8131 8158
f 5003 5004 5045
f 5003 5045 5042
f 8088 5009 5055
f 8088 5055 8132
f 8058 5010 5057
f 8058 5057 8134
f 8061 5011 5059
f 8061 5059 8137
f 8055 5013 5063
f 8055 5063 8143
f 8040 5014 5065
f 8040 5065 8146
f 8038 8037 8227
f 8038 8227 5122
f 8043 5015 5067
f 8043 5067 8149
f 8081 5016 5069
f 8081 5069 8152
f 8070 5017 5071
f 8070 5071 8155
f 5007 5008 5053
f 5007 5053 5050
f 4990 4989 8229
f 4990 8229 5124
f 7997 7999 5077
f 7997 5077 8164
f 5086 8182 5035
f 5086 5035 5033
f 5099 8194 5043
f 5099 5043 5044
f 5117 5115 8144
f 5117 8144 8147
f 4993 8044 8096
f 4993 8096 5022
f 5103 5101 8125
f 5103 8125 8128
f 8000 8002 5081
f 8000 5081 8168
f 8030 8029 8214
f 8030 8214 5112
f 8013 8011 5091
f 8013 5091 5092
f 5119 5117 8147
f 5119 8147 8150
f 8020 8018 8198
f 8020 8198 5100
f 8182 8161 8093
f 8182 8093 5035
f 8204 5125 8159
f 8204 8159 5051
f 8003 8004 5083
f 8003 5083 8171
f 8185 5095 8118
f 8185 8118 5037
f 8032 8031 8217
f 8032 8217 5114
f 5121 5119 8150
f 5121 8150 8153
f 7999 8001 5079
f 7999 5079 5077
f 8051 5005 5047
f 8051 5047 8122
f 5107 8204 5051
f 5107 5051 5052
f 8019 8017 5097
f 8019 5097 5098
f 8005 8006 5085
f 8005 5085 8174
f 7996 7998 5075
f 7996 5075 5072
f 8052 5012 5061
f 8052 5061 8140
f 5018 5021 5020
f 5018 5020 5019
f 8095 8097 5022
f 8095 5022 8096
f 8097 8098 5024
f 8097 5024 5022
f 8099 8101 5026
f 8099 5026 8100
f 5027 5029 5028
f 5027 5028 8102
f 8103 8105 5030
f 8103 5030 8104
f 8106 8108 5032
f 8106 5032 8107
f 8109 8111 5034
f 8109 5034 8110
f 5036 5039 5038
f 5036 5038 5037
f 5035 8093 8092
f 5035 8092 8112
f 8115 5041 5040
f 8115 5040 8116
f 5042 5045 5044
f 5042 5044 5043
f 8117 8114 8113
f 8117 8113 8119
f 8122 5047 5046
f 8122 5046 8123
f 8124 5049 5048
f 8124 5048 8126
f 5050 5053 5052
f 5050 5052 5051
f 8127 8121 8120
f 8127 8120 8129
f 8132 5055 5054
f 8132 5054 8133
f 8134 5057 5056
f 8134 5056 8136
f 8137 5059 5058
f 8137 5058 8139
f 8140 5061 5060
f 8140 5060 8142
f 8143 5063 5062
f 8143 5062 8145
f 8146 5065 5064
f 8146 5064 8148
f 8149 5067 5066
f 8149 5066 8151
f 8152 5069 5068
f 8152 5068 8154
f 8155 5071 5070
f 8155 5070 8157
f 8158 8131 8130
f 8158 8130 8160
f 4992 4991 5019
f 4992 5019 5020
f 5072 5075 5074
f 5072 5074 5073
f 8164 5077 5076
f 8164 5076 8166
f 5077 5079 5078
f 5077 5078 5076
f 8168 5081 5080
f 8168 5080 8170
f 8171 5083 5082
f 8171 5082 8173
f 8174 5085 5084
f 8174 5084 8176
f 8177 5087 5086
f 8177 5086 8178
f 8179 5089 5088
f 8179 5088 8180
f 5090 8187 5092
f 5090 5092 5091
f 8181 8163 8162
f 8181 8162 8183
f 8188 8190 5094
f 8188 5094 8189
f 5096 8196 5098
f 5096 5098 5097
f 8191 8186 8184
f 8191 8184 8192
f 8197 8199 5100
f 8197 5100 8198
f 5101 5103 5102
f 5101 5102 8200
f 5104 8206 5106
f 5104 5106 5105
f 8201 8195 8193
f 8201 8193 8202
f 8207 8209 5108
f 8207 5108 8208
f 8210 8212 5110
f 8210 5110 8211
f 8213 8215 5112
f 8213 5112 8214
f 8216 8218 5114
f 8216 5114 8217
f 5115 5117 5116
f 5115 5116 8219
f 8220 8222 5118
f 8220 5118 8221
f 8223 8225 5120
f 8223 5120 8224
f 8226 8228 5122
f 8226 5122 8227
f 5123 5125 5124
f 5123 5124 8229
f 8230 8205 8203
f 8230 8203 8231
f 8161 8165 8094
f 8161 8094 8093
f 5279 8410 5238
f 5279 5238 5236
f 5168 5169 5274
f 5168 5274 8398
f 8243 5161 5258
f 8243 5258 8377
f 8390 8393 5224
f 8390 5224 5222
f 8234 5155 5246
f 8234 5246 5244
f 8375 5253 5210
f 8375 5210 5208
f 8258 5171 5278
f 8258 5278 8402
f 8248 5164 5264
f 8248 5264 8385
f 8399 5273 5230
f 8399 5230 5228
f 5156 5157 5250
f 5156 5250 8370
f 8383 8386 5218
f 8383 5218 5216
f 8262 5174 5284
f 8262 5284 8409
f 8406 5279 5236
f 8406 5236 5234
f 8366 8368 5202
f 8366 5202 5200
f 8252 5167 5270
f 8252 5270 8392
f 5263 8390 5222
f 5263 5222 5220
f 5159 5160 5256
f 5159 5256 8376
f 8413 8363 8311
f 8413 8311 5240
f 5249 8375 5208
f 5249 5208 5206
f 8257 5170 5276
f 8257 5276 8400
f 8246 5163 5262
f 8246 5262 8382
f 8396 8399 5228
f 8396 5228 5226
f 5156 8264 5173
f 5156 5173 5157
f 5157 5173 8254
f 5157 8254 5158
f 8254 5173 5172
f 8254 5172 5168
f 5158 8254 5166
f 5158 5166 5159
f 5159 5166 5165
f 5159 5165 5160
f 5160 5165 5164
f 5160 5164 8244
f 8244 5164 8248
f 8244 8248 5162
f 5168 5172 8260
f 8259 5169 5168
f 5168 8260 8259
f 5152 8427 8417
f 5152 8417 5293
f 8428 5150 5290
f 8428 5290 5288
f 8429 5151 5292
f 8429 5292 8419
f 5148 5149 5288
f 5148 5288 5285
f 5151 8426 8425
f 5151 8425 5292
f 8420 8422 5156
f 8420 5156 8236
f 5147 8268 8269
f 5147 8269 5196
f 5136 8272 8273
f 5136 8273 5185
f 5145 8276 8277
f 5145 8277 5194
f 5134 8280 8281
f 5134 8281 5183
f 5143 8284 8285
f 5143 8285 5192
f 5132 8288 8289
f 5132 8289 5181
f 5130 8292 8293
f 5130 8293 5179
f 5141 8296 8297
f 5141 8297 5190
f 5128 8300 8301
f 5128 8301 5177
f 5139 8304 8305
f 5139 8305 5188
f 8422 8423 8264
f 8422 8264 5156
f 8307 8267 8266
f 8307 8266 8306
f 5137 8271 8270
f 5137 8270 5186
f 8418 8420 8236
f 8418 8236 8235
f 5146 8275 8274
f 5146 8274 5195
f 5135 8279 8278
f 5135 8278 5184
f 5144 8283 8282
f 5144 8282 5193
f 5133 8287 8286
f 5133 8286 5182
f 5131 8291 8290
f 5131 8290 5180
f 5142 8295 8294
f 5142 8294 5191
f 5129 8299 8298
f 5129 8298 5178
f 5140 8303 8302
f 5140 8302 5189
f 8423 8415 8232
f 8423 8232 8264
f 5127 5126 5175
f 5127 5175 5176
f 5138 8309 8308
f 5138 8308 5187
f 8306 8266 5239
f 8306 5239 8310
f 5178 8298 8317
f 5178 8317 5203
f 5179 8293 8320
f 5179 8320 5205
f 5180 8290 8323
f 5180 8323 5207
f 5181 8289 8326
f 5181 8326 5209
f 5182 8286 8329
f 5182 8329 5211
f 5183 8281 8332
f 5183 8332 5213
f 5184 8278 8334
f 5184 8334 5215
f 5185 8273 8336
f 5185 8336 5217
f 5186 8270 8339
f 5186 8339 5219
f 5187 8308 8342
f 5187 8342 5221
f 5188 8305 8344
f 5188 8344 5223
f 5189 8302 8345
f 5189 8345 5225
f 5190 8297 8347
f 5190 8347 5227
f 5191 8294 8350
f 5191 8350 5229
f 5192 8285 8353
f 5192 8353 5231
f 5193 8282 8355
f 5193 8355 5233
f 5194 8277 8357
f 5194 8357 5235
f 5195 8274 8360
f 5195 8360 5237
f 5196 8269 8362
f 5196 8362 5239
f 8265 8233 8365
f 8265 8365 8412
f 8368 8371 5204
f 8368 5204 5202
f 5177 8301 8314
f 5177 8314 5201
f 8240 8242 5254
f 8240 5254 8374
f 8386 5263 5220
f 8386 5220 5218
f 8403 8406 5234
f 8403 5234 5232
f 8250 8253 5268
f 8250 5268 8389
f 8261 8263 5282
f 8261 5282 8407
f 5255 8380 5214
f 5255 5214 5212
f 8237 8238 5248
f 8237 5248 8367
f 8245 8247 5260
f 8245 5260 8379
f 8255 8256 5272
f 8255 5272 8395
f 5273 8403 5232
f 5273 5232 5230
f 8239 8241 5252
f 8239 5252 8372
f 8249 8251 5266
f 8249 5266 8387
f 5253 5255 5212
f 5253 5212 5210
f 8393 8396 5226
f 8393 5226 5224
f 8260 5172 5280
f 8260 5280 8405
f 8363 8366 5200
f 8363 5200 8311
f 8410 8413 5240
f 8410 5240 5238
f 8380 8383 5216
f 8380 5216 5214
f 8371 5249 5206
f 8371 5206 5204
f 5197 8312 5199
f 5197 5199 5198
f 8313 8315 5201
f 8313 5201 8314
f 8316 8318 5203
f 8316 5203 8317
f 8319 8321 5205
f 8319 5205 8320
f 8322 8324 5207
f 8322 5207 8323
f 8325 8327 5209
f 8325 5209 8326
f 8328 8330 5211
f 8328 5211 8329
f 8331 8333 5213
f 8331 5213 8332
f 5214 5216 5215
f 5214 5215 8334
f 8335 8337 5217
f 8335 5217 8336
f 8338 8340 5219
f 8338 5219 8339
f 8341 8343 5221
f 8341 5221 8342
f 5222 5224 5223
f 5222 5223 8344
f 5224 5226 5225
f 5224 5225 8345
f 8346 8348 5227
f 8346 5227 8347
f 8349 8351 5229
f 8349 5229 8350
f 8352 8354 5231
f 8352 5231 8353
f 5232 5234 5233
f 5232 5233 8355
f 8356 8358 5235
f 8356 5235 8357
f 8359 8361 5237
f 8359 5237 8360
f 5238 5240 5239
f 5238 5239 8362
f 5240 8311 8310
f 5240 8310 5239
f 5176 5175 5198
f 5176 5198 5199
f 5241 5244 5243
f 5241 5243 5242
f 5244 5246 5245
f 5244 5245 5243
f 8367 5248 5247
f 8367 5247 8369
f 8370 5250 5249
f 8370 5249 8371
f 8372 5252 5251
f 8372 5251 8373
f 8374 5254 5253
f 8374 5253 8375
f 8376 5256 5255
f 8376 5255 5253
f 8377 5258 5257
f 8377 5257 8378
f 8379 5260 5259
f 8379 5259 8381
f 8382 5262 5261
f 8382 5261 8384
f 8385 5264 5263
f 8385 5263 8386
f 8387 5266 5265
f 8387 5265 8388
f 8389 5268 5267
f 8389 5267 8391
f 8392 5270 5269
f 8392 5269 8394
f 8395 5272 5271
f 8395 5271 8397
f 8398 5274 5273
f 8398 5273 8399
f 8400 5276 5275
f 8400 5275 8401
f 8402 5278 5277
f 8402 5277 8404
f 8405 5280 5279
f 8405 5279 8406
f 8407 5282 5281
f 8407 5281 8408
f 8409 5284 5283
f 8409 5283 8411
f 8412 8365 8364
f 8412 8364 8414
f 5153 5154 5244
f 5153 5244 5241
f 5285 5288 5287
f 5285 5287 5286
f 5288 5290 5289
f 5288 5289 5287
f 8419 5292 5291
f 8419 5291 8421
f 5293 8417 8416
f 5293 8416 5294
f 5292 8425 8424
f 5292 8424 5291
f 8415 8418 8235
f 8415 8235 8232
f 5328 5329 5330
f 5324 5327 5326
f 5324 5326 5325
f 5314 5315 5316
f 5314 5316 5317
f 5322 5323 5313
f 5313 5314 5317
f 5318 5319 5320
f 5313 5317 5318
f 5321 5322 5313
f 5318 5320 5321
f 5313 5318 5321
f 5317 5316 8547
f 5317 8547 5393
f 5394 5392 8499
f 5394 8499 8501
f 8451 8452 5414
f 8451 5414 8566
f 5411 8569 5378
f 5411 5378 5376
f 8440 8438 8551
f 8440 8551 5399
f 5400 5398 8507
f 5400 8507 8510
f 5344 8473 8524
f 5344 8524 5375
f 5420 5418 8533
f 5420 8533 8536
f 5406 5404 8516
f 5406 8516 8519
f 8446 8444 8557
f 8446 8557 5405
f 8436 8434 8545
f 8436 8545 5391
f 5392 5390 8496
f 5392 8496 8499
f 8430 8447 8560
f 8430 8560 8537
f 8565 5411 5376
f 8565 5376 5374
f 8439 8437 8549
f 8439 8549 5397
f 5398 5396 8504
f 5398 8504 8507
f 8458 8456 8575
f 8458 8575 5419
f 8569 8561 8521
f 8569 8521 5378
f 8461 5299 5335
f 8461 5335 8460
f 5310 5311 5347
f 5310 5347 5346
f 8467 5297 5333
f 8467 5333 8466
f 5308 8472 8473
f 5308 8473 5344
f 5307 5306 5342
f 5307 5342 5343
f 8477 5304 5340
f 8477 5340 8476
f 8481 8463 8462
f 8481 8462 8480
f 8483 5302 5338
f 8483 5338 8482
f 5299 5300 5336
f 5299 5336 5335
f 8474 8488 8489
f 8474 8489 8475
f 8468 5298 5334
f 8468 5334 8469
f 5309 8471 8470
f 5309 8470 5345
f 5295 5296 5332
f 5295 5332 5331
f 8493 8491 8490
f 8493 8490 8492
f 8478 5305 5341
f 8478 5341 8479
f 8484 5303 5339
f 8484 5339 8485
f 8464 5312 5348
f 8464 5348 8465
f 8486 5301 5337
f 8486 5337 8487
f 8492 8490 8494
f 8492 8494 8518
f 8469 5334 5356
f 8469 5356 8495
f 5318 5317 5393
f 5318 5393 5395
f 8460 5335 5358
f 8460 5358 8498
f 8487 5337 5362
f 8487 5362 8503
f 8442 8441 8553
f 8442 8553 5401
f 8482 5338 5364
f 8482 5364 8506
f 8485 5339 5366
f 8485 5366 8509
f 8479 5341 5370
f 8479 5370 8515
f 5343 5342 5372
f 5343 5372 5373
f 8475 8489 8529
f 8475 8529 8520
f 8466 5333 5354
f 8466 5354 5352
f 5345 8470 8527
f 5345 8527 5377
f 5346 5347 5382
f 5346 5382 5379
f 8480 8462 8531
f 8480 8531 8535
f 8453 8448 8563
f 8453 8563 8568
f 8465 5348 5384
f 8465 5384 8532
f 8561 8565 5374
f 8561 5374 8521
f 8449 8450 5410
f 8449 5410 5407
f 5418 8572 8530
f 5418 8530 8533
f 8538 5406 8519
f 8538 8519 5350
f 8445 8443 8555
f 8445 8555 5403
f 5402 5400 8510
f 5402 8510 8513
f 8572 5420 8536
f 8572 8536 8530
f 8457 8454 5416
f 8457 5416 5417
f 5396 5394 8501
f 5396 8501 8504
f 5335 5336 5360
f 5335 5360 5358
f 5325 5326 5412
f 5325 5412 8564
f 5388 8538 5350
f 5388 5350 5351
f 8455 8459 8577
f 8455 8577 8571
f 5390 5388 5351
f 5390 5351 8496
f 8435 8432 8542
f 8435 8542 5389
f 5404 5402 8513
f 5404 8513 8516
f 8476 5340 5368
f 8476 5368 8512
f 5349 5352 5351
f 5349 5351 5350
f 5352 5354 5353
f 5352 5353 5351
f 8495 5356 5355
f 8495 5355 8497
f 8498 5358 5357
f 8498 5357 8500
f 5358 5360 5359
f 5358 5359 8502
f 8503 5362 5361
f 8503 5361 8505
f 8506 5364 5363
f 8506 5363 8508
f 8509 5366 5365
f 8509 5365 8511
f 8512 5368 5367
f 8512 5367 8514
f 8515 5370 5369
f 8515 5369 8517
f 5371 8522 5373
f 5371 5373 5372
f 8518 8494 5350
f 8518 5350 8519
f 8523 8525 5375
f 8523 5375 8524
f 8526 8528 5377
f 8526 5377 8527
f 5379 5382 5381
f 5379 5381 5380
f 5378 8521 8520
f 5378 8520 8529
f 8532 5384 5383
f 8532 5383 8534
f 8535 8531 8530
f 8535 8530 8536
f 5331 5332 5352
f 5331 5352 5349
f 5385 8540 5387
f 5385 5387 5386
f 8541 8543 5389
f 8541 5389 8542
f 8544 8546 5391
f 8544 5391 8545
f 5392 5394 5393
f 5392 5393 8547
f 5394 5396 5395
f 5394 5395 5393
f 8548 8550 5397
f 8548 5397 8549
f 5398 5400 5399
f 5398 5399 8551
f 8552 8554 5401
f 8552 5401 8553
f 5402 5404 5403
f 5402 5403 8555
f 8556 8558 5405
f 8556 5405 8557
f 5407 5410 5409
f 5407 5409 5408
f 8559 8539 8537
f 8559 8537 8560
f 8564 5412 5411
f 8564 5411 8565
f 8566 5414 5413
f 8566 5413 8567
f 5415 8574 5417
f 5415 5417 5416
f 8568 8563 8562
f 8568 8562 8570
f 5418 5420 5419
f 5418 5419 8575
f 8576 8573 8571
f 8576 8571 8577
f 8433 8431 5386
f 8433 5386 5387
f 5528 5529 5530
f 5528 5530 5531
f 5448 5449 5521
f 5448 5521 8691
f 5517 5515 5490
f 5517 5490 8658
f 5450 5449 8678
f 5450 8678 5510
f 5497 8661 8629
f 5497 8629 8633
f 5499 5497 8633
f 5499 8633 5474
f 5452 8593 8683
f 5452 8683 5514
f 5503 5501 8637
f 5503 8637 8640
f 5453 8595 8686
f 5453 8686 5516
f 5444 8580 8665
f 5444 8665 5498
f 5507 5505 8643
f 5507 8643 8645
f 8578 8597 8689
f 8578 8689 8660
f 5446 8584 8670
f 5446 8670 5502
f 5511 5509 8648
f 5511 8648 8651
f 5447 5448 8596
f 5447 8596 8598
f 5442 5443 5447
f 5442 5447 8598
f 5443 8582 5445
f 8586 5447 5443
f 5443 5445 8586
f 5441 8705 8699
f 5441 8699 5526
f 5440 8704 8696
f 5440 8696 5524
f 8703 5441 5526
f 8703 5526 8690
f 5425 5426 5459
f 5425 5459 5458
f 8604 8600 8599
f 8604 8599 8603
f 5439 8702 8694
f 5439 8694 5522
f 8606 5424 5457
f 8606 5457 8605
f 8610 5435 5468
f 8610 5468 8609
f 5450 5451 5525
f 5450 5525 5523
f 8614 5433 5466
f 8614 5466 8613
f 8596 5448 8691
f 8596 8691 5527
f 8618 5431 5464
f 8618 5464 8617
f 8620 5429 5462
f 8620 5462 8619
f 8601 5427 5460
f 8601 5460 8602
f 8607 8625 8626
f 8607 8626 8608
f 8611 5436 5469
f 8611 5469 8612
f 5451 8596 5527
f 5451 5527 5525
f 8628 5423 5456
f 8628 5456 8627
f 8615 5434 5467
f 8615 5467 8616
f 5449 5450 5523
f 5449 5523 5521
f 5421 5422 5455
f 5421 5455 5454
f 5431 5432 5465
f 5431 5465 5464
f 8621 5430 5463
f 8621 5463 8622
f 8623 5428 5461
f 8623 5461 8624
f 8603 8599 8631
f 8603 8631 8657
f 8624 5461 5477
f 8624 5477 8634
f 8619 5462 5479
f 8619 5479 8636
f 8590 8588 8675
f 8590 8675 5506
f 8622 5463 5481
f 8622 5481 8639
f 8617 5464 5483
f 8617 5483 8642
f 5464 5465 5485
f 5464 5485 5483
f 8613 5466 5487
f 8613 5487 8647
f 8616 5467 5489
f 8616 5489 8650
f 8612 5469 5493
f 8612 5493 8655
f 8602 5460 5475
f 8602 5475 8632
f 5513 5511 8651
f 5513 8651 8654
f 8589 8587 8672
f 8589 8672 5504
f 5509 5507 8645
f 5509 8645 8648
f 8585 8583 8668
f 8585 8668 5500
f 5505 5503 8640
f 5505 8640 8643
f 8609 5468 5491
f 8609 5491 8653
f 5501 5499 5474
f 5501 5474 8637
f 8594 8592 8680
f 8594 8680 5512
f 8661 5517 8658
f 8661 8658 8629
f 8591 8590 5506
f 8591 5506 5508
f 5515 5513 8654
f 5515 8654 5490
f 5470 5473 5472
f 5470 5472 5471
f 8632 5475 5474
f 8632 5474 8633
f 8634 5477 5476
f 8634 5476 8635
f 8636 5479 5478
f 8636 5478 8638
f 8639 5481 5480
f 8639 5480 8641
f 8642 5483 5482
f 8642 5482 8644
f 5483 5485 5484
f 5483 5484 8646
f 8647 5487 5486
f 8647 5486 8649
f 8650 5489 5488
f 8650 5488 8652
f 8653 5491 5490
f 8653 5490 8654
f 8655 5493 5492
f 8655 5492 8656
f 8657 8631 8630
f 8657 8630 8659
f 5458 5459 5473
f 5458 5473 5470
f 5494 8663 5496
f 5494 5496 5495
f 8664 8666 5498
f 8664 5498 8665
f 8667 8669 5500
f 8667 5500 8668
f 5501 5503 5502
f 5501 5502 8670
f 8671 8673 5504
f 8671 5504 8672
f 8674 8676 5506
f 8674 5506 8675
f 8676 8677 5508
f 8676 5508 5506
f 5509 5511 5510
f 5509 5510 8678
f 8679 8681 5512
f 8679 5512 8680
f 8682 8684 5514
f 8682 5514 8683
f 8685 8687 5516
f 8685 5516 8686
f 8688 8662 8660
f 8688 8660 8689
f 8581 8579 5495
f 8581 5495 5496
f 5518 8693 5520
f 5518 5520 5519
f 5521 5523 5522
f 5521 5522 8694
f 8695 8697 5524
f 8695 5524 8696
f 8698 8700 5526
f 8698 5526 8699
f 8690 5526 8701
f 8690 8701 8692
f 5438 5437 5519
f 5438 5519 5520
f 8725 5547 8722
f 8725 8722 5533
f 5545 5543 5534
f 5545 5534 8719
f 5547 5545 8719
f 5547 8719 8722
f 8708 8706 5541
f 8708 5541 5542
f 8608 8626 8715
f 8608 8715 8721
f 8627 5456 5537
f 8627 5537 8716
f 8605 5457 5539
f 8605 5539 8718
f 5454 5455 5535
f 5454 5535 5532
f 5543 8725 5533
f 5543 5533 5534
f 8712 8710 8732
f 8712 8732 5546
f 5532 5535 5534
f 5532 5534 5533
f 8716 5537 5536
f 8716 5536 8717
f 8718 5539 5538
f 8718 5538 8720
f 8721 8715 8714
f 8721 8714 8723
f 8711 8709 8729
f 8711 8729 5544
f 5540 8727 5542
f 5540 5542 5541
f 8728 8730 5544
f 8728 5544 8729
f 8731 8733 5546
f 8731 5546 8732
f 8734 8726 8724
f 8734 8724 8735
f 8707 8713 8735
f 8707 8735 8724
f 8882 5722 5675
f 8882 5675 5673
f 8880 8882 5673
f 8880 5673 5671
f 8850 8853 5639
f 8850 5639 5637
f 5706 5708 5661
f 5706 5661 5659
f 5704 5706 5659
f 5704 5659 5657
f 8860 5694 5647
f 8860 5647 5645
f 8846 8847 5633
f 8846 5633 5631
f 8857 8860 5645
f 8857 5645 5643
f 8757 5598 5713
f 8757 5713 8868
f 8872 8875 5667
f 8872 5667 5665
f 8844 8846 5631
f 8844 5631 5628
f 8752 5592 5701
f 8752 5701 5699
f 8741 5585 5687
f 8741 5687 8849
f 8862 8864 5651
f 8862 5651 5649
f 8765 5602 5721
f 8765 5721 5719
f 8848 8850 5637
f 8848 5637 5635
f 8878 8880 5671
f 8878 5671 5669
f 5594 5595 5707
f 5594 5707 5705
f 8746 5588 5693
f 8746 5693 8856
f 5702 5704 5657
f 5702 5657 5655
f 5605 5604 5629
f 5605 5629 5630
f 5722 8844 5628
f 5722 5628 5675
f 8855 8857 5643
f 8855 5643 5641
f 8756 5597 5711
f 8756 5711 8866
f 5583 8754 5591
f 5583 5591 5584
f 5582 5593 8754
f 5582 8754 5583
f 5581 5594 5593
f 5581 5593 5582
f 5580 5595 5594
f 5580 5594 5581
f 5595 5580 8758
f 5595 8758 5596
f 8758 5580 5603
f 8758 5603 8759
f 8766 5601 8759
f 8766 8759 5603
f 8759 5601 5600
f 8759 5600 5599
f 8902 8903 8886
f 8902 8886 8899
f 8904 5574 5729
f 8904 5729 8887
f 5574 5575 5731
f 5574 5731 5729
f 8905 5576 5733
f 8905 5733 8891
f 8906 5577 5735
f 8906 5735 8894
f 8907 5578 5737
f 8907 5737 5735
f 8908 5579 5739
f 8908 5739 8896
f 5572 5573 5727
f 5572 5727 5724
f 8888 8890 5586
f 8888 5586 8743
f 8769 8770 8771
f 8769 8771 8768
f 5550 5549 5605
f 5550 5605 5606
f 5561 5560 5616
f 5561 5616 5617
f 5570 5569 5625
f 5570 5625 5626
f 5559 8776 8777
f 5559 8777 5615
f 8900 8884 5584
f 8900 5584 5591
f 5568 8780 8781
f 5568 8781 5624
f 5557 8784 8785
f 5557 8785 5613
f 8897 8900 5591
f 8897 5591 5590
f 5566 8788 8789
f 5566 8789 5622
f 5555 5554 5610
f 5555 5610 5611
f 8895 5734 5589
f 8895 5589 8748
f 5553 8794 8795
f 5553 8795 5609
f 5564 5563 5619
f 5564 5619 5620
f 8890 8892 5587
f 8890 5587 5586
f 5551 5550 5606
f 5551 5606 5607
f 5562 5561 5617
f 5562 5617 5618
f 5571 8773 8772
f 5571 8772 5627
f 5549 5548 5604
f 5549 5604 5605
f 5560 8775 8774
f 5560 8774 5616
f 5569 8779 8778
f 5569 8778 5625
f 5558 8783 8782
f 5558 8782 5614
f 5567 8787 8786
f 5567 8786 5623
f 5556 8791 8790
f 5556 8790 5612
f 5734 8897 5590
f 5734 5590 5589
f 5565 8797 8796
f 5565 8796 5621
f 5554 8793 8792
f 5554 8792 5610
f 8892 8895 8748
f 8892 8748 5587
f 5552 5551 5607
f 5552 5607 5608
f 5563 5562 5618
f 5563 5618 5619
f 5606 5605 5630
f 5606 5630 5632
f 5607 5606 5632
f 5607 5632 5634
f 5608 5607 5634
f 5608 5634 5636
f 5609 8795 8803
f 5609 8803 5638
f 5610 8792 8805
f 5610 8805 5640
f 5611 5610 5640
f 5611 5640 5642
f 5612 8790 8809
f 5612 8809 5644
f 5613 8785 8812
f 5613 8812 5646
f 5614 8782 8815
f 5614 8815 5648
f 5615 8777 8818
f 5615 8818 5650
f 5616 8774 8821
f 5616 8821 5652
f 5617 5616 5652
f 5617 5652 5654
f 5618 5617 5654
f 5618 5654 5656
f 5619 5618 5656
f 5619 5656 5658
f 5620 5619 5658
f 5620 5658 5660
f 5621 8796 8828
f 5621 8828 5662
f 5622 8789 8830
f 5622 8830 5664
f 5623 8786 8832
f 5623 8832 5666
f 5624 8781 8834
f 5624 8834 5668
f 5625 8778 8836
f 5625 8836 5670
f 5626 5625 5670
f 5626 5670 5672
f 5627 8772 8840
f 5627 8840 5674
f 8767 8736 8845
f 8767 8845 8883
f 8864 8865 5653
f 8864 5653 5651
f 8853 8855 5641
f 8853 5641 5639
f 8865 5702 5655
f 8865 5655 5653
f 8875 8878 5669
f 8875 5669 5667
f 8847 8848 5635
f 8847 5635 5633
f 8760 8761 5715
f 8760 5715 8871
f 5694 8862 5649
f 5694 5649 5647
f 8738 8739 5681
f 8738 5681 5679
f 5708 8869 5663
f 5708 5663 5661
f 8748 5589 5695
f 8748 5695 8859
f 5595 5596 5709
f 5595 5709 5707
f 8745 8747 5691
f 8745 5691 5689
f 8766 5603 5723
f 8766 5723 8881
f 8744 8745 5689
f 8744 5689 8852
f 8755 5594 5705
f 8755 5705 5703
f 5592 8755 5703
f 5592 5703 5701
f 8740 8742 5685
f 8740 5685 5683
f 8763 8765 5719
f 8763 5719 8877
f 8762 8764 5717
f 8762 5717 8874
f 8750 8753 5699
f 8750 5699 8861
f 8739 8740 5683
f 8739 5683 5681
f 8749 8751 5697
f 8749 5697 5695
f 8869 8872 5665
f 8869 5665 5663
f 5628 5631 5630
f 5628 5630 5629
f 5631 8800 5632
f 5631 5632 5630
f 8800 8801 5634
f 8800 5634 5632
f 8801 8802 5636
f 8801 5636 5634
f 5637 5639 5638
f 5637 5638 8803
f 8804 8806 5640
f 8804 5640 8805
f 8806 8807 5642
f 8806 5642 5640
f 8808 8810 5644
f 8808 5644 8809
f 8811 8813 5646
f 8811 5646 8812
f 8814 8816 5648
f 8814 5648 8815
f 8817 8819 5650
f 8817 5650 8818
f 8820 8822 5652
f 8820 5652 8821
f 8822 8823 5654
f 8822 5654 5652
f 8823 8824 5656
f 8823 5656 5654
f 8824 8825 5658
f 8824 5658 5656
f 8825 8826 5660
f 8825 5660 5658
f 8827 8829 5662
f 8827 5662 8828
f 5663 5665 5664
f 5663 5664 8830
f 8831 8833 5666
f 8831 5666 8832
f 5667 5669 5668
f 5667 5668 8834
f 8835 8837 5670
f 8835 5670 8836
f 8837 8838 5672
f 8837 5672 5670
f 8839 8841 5674
f 8839 5674 8840
f 8842 8799 8798
f 8842 8798 8843
f 8768 8771 8843
f 8768 8843 8798
f 5676 5679 5678
f 5676 5678 5677
f 5679 5681 5680
f 5679 5680 5678
f 5681 5683 5682
f 5681 5682 5680
f 5683 5685 5684
f 5683 5684 5682
f 8849 5687 5686
f 8849 5686 8851
f 8852 5689 5688
f 8852 5688 8854
f 5689 5691 5690
f 5689 5690 5688
f 8856 5693 5692
f 8856 5692 8858
f 8859 5695 5694
f 8859 5694 8860
f 5695 5697 5696
f 5695 5696 5694
f 8861 5699 5698
f 8861 5698 8863
f 5699 5701 5700
f 5699 5700 5698
f 5701 5703 5702
f 5701 5702 5700
f 5703 5705 5704
f 5703 5704 5702
f 5705 5707 5706
f 5705 5706 5704
f 5707 5709 5708
f 5707 5708 5706
f 8866 5711 5710
f 8866 5710 8867
f 8868 5713 5712
f 8868 5712 8870
f 8871 5715 5714
f 8871 5714 8873
f 8874 5717 5716
f 8874 5716 8876
f 8877 5719 5718
f 8877 5718 8879
f 5719 5721 5720
f 5719 5720 5718
f 8881 5723 5722
f 8881 5722 8882
f 8883 8845 8844
f 8883 8844 5722
f 8737 8738 5679
f 8737 5679 5676
f 5724 5727 5726
f 5724 5726 5725
f 8887 5729 5728
f 8887 5728 8889
f 5729 5731 5730
f 5729 5730 5728
f 8891 5733 5732
f 8891 5732 8893
f 8894 5735 5734
f 8894 5734 8895
f 5735 5737 5736
f 5735 5736 5734
f 8896 5739 5738
f 8896 5738 8898
f 8885 8901 8899
f 8885 8899 8886
f 8884 8888 8743
f 8884 8743 5584
f 9068 5935 9058
f 9068 9058 9001
f 5796 5795 9097
f 5796 9097 5916
f 5935 5933 9055
f 5935 9055 9058
f 5802 8940 9108
f 5802 9108 5928
f 5905 5903 9017
f 5905 9017 5852
f 5787 8919 9077
f 5787 9077 5898
f 5919 5917 9035
f 5919 9035 9038
f 5794 8930 9093
f 5794 9093 5912
f 5784 5780 5885
f 5784 5885 5892
f 5933 5931 5878
f 5933 5878 9055
f 5801 8938 5924
f 5801 5924 5926
f 5903 5901 9015
f 5903 9015 9017
f 5786 8917 9074
f 5786 9074 5896
f 5917 5915 9033
f 5917 9033 9035
f 5793 8929 9091
f 5793 9091 5910
f 9060 9066 8998
f 9060 8998 5833
f 5931 5929 9051
f 5931 9051 5878
f 5800 8936 9105
f 5800 9105 5924
f 5901 5899 9013
f 5901 9013 9015
f 5782 5783 9071
f 5782 9071 9065
f 8914 8946 9119
f 8914 9119 9067
f 5915 5913 9030
f 5915 9030 9033
f 5792 5791 9089
f 5792 9089 5908
f 5929 5927 9048
f 5929 9048 9051
f 5799 8934 9102
f 5799 9102 5922
f 5899 5897 9010
f 5899 9010 9013
f 5766 5773 5951
f 5766 5951 5936
f 5770 5769 5943
f 5770 5943 5944
f 5772 5771 5947
f 5772 5947 5948
f 9135 5768 5940
f 9135 5940 9126
f 5773 5772 5948
f 5773 5948 5951
f 9136 5770 5944
f 9136 5944 9122
f 9133 9134 9132
f 9133 9132 9120
f 9151 9152 9150
f 9151 9150 9141
f 5778 9154 9145
f 5778 9145 5960
f 5779 9155 9148
f 5779 9148 5962
f 9137 9142 5781
f 9137 5781 5783
f 5777 9153 9140
f 5777 9140 5958
f 8909 8911 5783
f 8909 5783 5782
f 8940 5802 5803
f 8940 5803 5804
f 8939 8940 5804
f 8939 5804 5805
f 5796 5797 5798
f 5796 5798 8937
f 5788 5789 5792
f 5788 5792 5795
f 5792 8930 5794
f 5792 5794 5795
f 5789 5790 5791
f 5789 5791 5792
f 8949 5756 5822
f 8949 5822 8948
f 9142 5963 8921
f 9142 8921 5781
f 5938 9130 8921
f 5938 8921 5788
f 8951 5746 5812
f 8951 5812 8950
f 8955 5763 5829
f 8955 5829 8954
f 8959 5753 5819
f 8959 5819 8958
f 8963 5760 5826
f 8963 5826 8962
f 5949 9123 8939
f 5949 8939 5805
f 5743 5744 5810
f 5743 5810 5809
f 5776 5775 5955
f 5776 5955 5956
f 8971 5750 5816
f 8971 5816 8970
f 5756 5757 5823
f 5756 5823 5822
f 5959 5957 8911
f 5959 8911 5785
f 8956 5764 5830
f 8956 5830 8957
f 9127 5941 5795
f 9127 5795 5796
f 8952 5747 5813
f 8952 5813 8953
f 8960 5754 5820
f 8960 5820 8961
f 5945 9127 5796
f 5945 5796 8937
f 8968 8982 8983
f 8968 8983 8969
f 8964 5761 5827
f 8964 5827 8965
f 8972 5751 5817
f 8972 5817 8973
f 5740 5741 5807
f 5740 5807 5806
f 8974 5758 5824
f 8974 5824 8975
f 5961 5959 5785
f 5961 5785 8920
f 9123 5945 8937
f 9123 8937 8939
f 8978 5748 5814
f 8978 5814 8979
f 8976 5765 5831
f 8976 5831 8977
f 8980 5755 5821
f 8980 5821 8981
f 5957 9137 5783
f 5957 5783 8911
f 8984 5762 5828
f 8984 5828 8985
f 5768 5767 5939
f 5768 5939 5940
f 8990 5745 5811
f 8990 5811 8991
f 8986 5752 5818
f 8986 5818 8987
f 5941 5938 5788
f 5941 5788 5795
f 5742 8989 8988
f 5742 8988 5808
f 8992 5759 5825
f 8992 5825 8993
f 5963 5961 8920
f 5963 8920 8921
f 5748 5749 5815
f 5748 5815 5814
f 8994 8967 8966
f 8994 8966 8995
f 9129 5949 5805
f 9129 5805 5781
f 5808 8988 8997
f 5808 8997 5836
f 5806 5807 5835
f 5806 5835 5832
f 8995 8966 9002
f 8995 9002 9057
f 5809 5810 5841
f 5809 5841 5838
f 8969 8983 9000
f 8969 9000 9003
f 8923 8922 9080
f 8923 9080 5900
f 8953 5813 5847
f 8953 5847 9009
f 8979 5814 5849
f 8979 5849 9012
f 5814 5815 5851
f 5814 5851 5849
f 8970 5816 5853
f 8970 5853 9016
f 8987 5818 5857
f 8987 5857 9020
f 8958 5819 5859
f 8958 5859 9023
f 8932 8931 9095
f 8932 9095 5914
f 8961 5820 5861
f 8961 5861 9026
f 8981 5821 5863
f 8981 5863 9029
f 8948 5822 5865
f 8948 5865 9032
f 5822 5823 5867
f 5822 5867 5865
f 8993 5825 5871
f 8993 5871 9040
f 8962 5826 5873
f 8962 5873 9042
f 8965 5827 5875
f 8965 5875 9044
f 8942 8941 9110
f 8942 9110 5930
f 8985 5828 5877
f 8985 5877 9047
f 8954 5829 5879
f 8954 5879 9050
f 8957 5830 5881
f 8957 5881 9052
f 8977 5831 5883
f 8977 5883 9054
f 8950 5812 5845
f 8950 5845 9006
f 5921 5919 9038
f 5921 9038 9041
f 8924 8923 5900
f 8924 5900 5902
f 5907 5905 5852
f 5907 5852 9021
f 8944 8943 9113
f 8944 9113 5932
f 5891 9068 9001
f 5891 9001 9004
f 8918 8912 9064
f 8918 9064 5894
f 5797 5796 5916
f 5797 5916 5918
f 5923 5921 9041
f 5923 9041 5870
f 8926 8925 9084
f 8926 9084 5904
f 5909 5907 9021
f 5909 9021 9024
f 8947 8945 9116
f 8947 9116 5934
f 8991 5811 5843
f 8991 5843 5835
f 5895 5893 5834
f 5895 5834 9007
f 8935 8933 9099
f 8935 9099 5920
f 5925 5923 5870
f 5925 5870 9045
f 8928 8927 9087
f 8928 9087 5906
f 5911 5909 9024
f 5911 9024 9027
f 5893 9060 5833
f 5893 5833 5834
f 5897 5895 9007
f 5897 9007 9010
f 8975 5824 5869
f 8975 5869 9037
f 5927 5925 9045
f 5927 9045 9048
f 8973 5817 5855
f 8973 5855 9018
f 5913 5911 9027
f 5913 9027 9030
f 9066 5891 9004
f 9066 9004 8998
f 5832 5835 5834
f 5832 5834 5833
f 5836 8997 8996
f 5836 8996 5837
f 5838 5841 5840
f 5838 5840 5839
f 9003 9000 8999
f 9003 8999 9005
f 5835 5843 5842
f 5835 5842 5834
f 9006 5845 5844
f 9006 5844 9008
f 9009 5847 5846
f 9009 5846 9011
f 9012 5849 5848
f 9012 5848 9014
f 5849 5851 5850
f 5849 5850 5848
f 9016 5853 5852
f 9016 5852 9017
f 9018 5855 5854
f 9018 5854 9019
f 9020 5857 5856
f 9020 5856 9022
f 9023 5859 5858
f 9023 5858 9025
f 9026 5861 5860
f 9026 5860 9028
f 9029 5863 5862
f 9029 5862 9031
f 9032 5865 5864
f 9032 5864 9034
f 5865 5867 5866
f 5865 5866 9036
f 9037 5869 5868
f 9037 5868 9039
f 9040 5871 5870
f 9040 5870 9041
f 9042 5873 5872
f 9042 5872 9043
f 9044 5875 5874
f 9044 5874 9046
f 9047 5877 5876
f 9047 5876 9049
f 9050 5879 5878
f 9050 5878 9051
f 9052 5881 5880
f 9052 5880 9053
f 9054 5883 5882
f 9054 5882 9056
f 9057 9002 9001
f 9057 9001 9058
f 8916 8915 5887
f 8916 5887 5890
f 5884 9062 5892
f 5884 5892 5885
f 5888 9061 9059
f 5888 9059 5889
f 5886 9070 5890
f 5886 5890 5887
f 5891 9066 9065
f 5891 9065 9071
f 9063 9072 5894
f 9063 5894 9064
f 9073 9075 5896
f 9073 5896 9074
f 9076 9078 5898
f 9076 5898 9077
f 9079 9081 5900
f 9079 5900 9080
f 9081 9082 5902
f 9081 5902 5900
f 9083 9085 5904
f 9083 5904 9084
f 9086 9088 5906
f 9086 5906 9087
f 5907 5909 5908
f 5907 5908 9089
f 9090 9092 5910
f 9090 5910 9091
f 5911 5913 5912
f 5911 5912 9093
f 9094 9096 5914
f 9094 5914 9095
f 5915 5917 5916
f 5915 5916 9097
f 5917 5919 5918
f 5917 5918 5916
f 9098 9100 5920
f 9098 5920 9099
f 9101 9103 5922
f 9101 5922 9102
f 9104 9106 5924
f 9104 5924 9105
f 9106 9107 5926
f 9106 5926 5924
f 5927 5929 5928
f 5927 5928 9108
f 9109 9111 5930
f 9109 5930 9110
f 9112 9114 5932
f 9112 5932 9113
f 9115 9117 5934
f 9115 5934 9116
f 9118 9069 9067
f 9118 9067 9119
f 8910 8913 5889
f 8910 5889 9059
f 5938 5941 5940
f 5938 5940 5939
f 5946 9125 5948
f 5946 5948 5947
f 5942 9128 5944
f 5942 5944 5943
f 5950 5937 5936
f 5950 5936 5951
f 9131 9121 9120
f 9131 9120 9132
f 5941 9127 9126
f 5941 9126 5940
f 9128 9124 9122
f 9128 9122 5944
f 9125 5950 5951
f 9125 5951 5948
f 9130 9129 5781
f 9130 5781 8921
f 5954 9138 5956
f 5954 5956 5955
f 5952 5954 5955
f 5952 5955 5953
f 9139 9143 5958
f 9139 5958 9140
f 9144 9146 5960
f 9144 5960 9145
f 9147 9149 5962
f 9147 5962 9148
f 9141 9150 5963
f 9141 5963 9142
f 5775 5774 5953
f 5775 5953 5955
