# Derived from blenderjunky Stargate DHD (BlendSwap 75540 / 13419).
# Source notice: supplied-dhd-LICENSE.html; Fan Art, noncommercial use only.
o supplied-dhd-symbols-unlit
v -0.102057 1.029717 0.104467
v -0.088259 1.028818 0.089743
v -0.088940 1.027375 0.083938
v -0.089258 1.026142 0.078773
v -0.088189 1.025120 0.073451
v -0.086734 1.024039 0.067564
v -0.087864 1.022746 0.062768
v -0.074115 1.025514 0.064188
v -0.081611 1.025242 0.068847
v -0.083599 1.026113 0.074226
v -0.084562 1.027466 0.080918
v -0.083262 1.028999 0.086637
v -0.081598 1.030021 0.089827
v -0.075044 1.031856 0.092768
v -0.065797 1.032068 0.086478
v -0.063315 1.029062 0.071341
v -0.049331 1.031980 0.073237
v -0.057788 1.031859 0.079307
v -0.059330 1.034023 0.090014
v -0.070648 1.033600 0.096995
v -0.076655 1.037236 0.117655
v -0.093114 1.030953 0.102914
v -0.085771 1.030475 0.095078
v -0.083398 1.030989 0.095482
v -0.079075 1.032199 0.097422
v -0.077304 1.032747 0.098448
v -0.080506 1.034685 0.109460
v -0.100521 1.033845 0.103188
v -0.087503 1.032997 0.089296
v -0.088254 1.031406 0.082894
v -0.088559 1.030224 0.077942
v -0.087530 1.029241 0.072824
v -0.086005 1.028107 0.066649
v -0.086758 1.027245 0.063453
v -0.078860 1.028835 0.064268
v -0.083408 1.028670 0.067095
v -0.085616 1.029638 0.073070
v -0.086635 1.031070 0.080154
v -0.085243 1.032711 0.086277
v -0.083295 1.033908 0.090012
v -0.075632 1.036053 0.093451
v -0.065222 1.036292 0.086370
v -0.062866 1.033439 0.072000
v -0.053556 1.035382 0.073263
v -0.059741 1.035293 0.077702
v -0.061274 1.037445 0.088350
v -0.072492 1.037026 0.095269
v -0.078169 1.040462 0.114793
v -0.102737 1.033544 0.103595
v -0.088939 1.032645 0.088872
v -0.089620 1.031202 0.083066
v -0.089939 1.029970 0.077902
v -0.088869 1.028948 0.072579
v -0.087415 1.027866 0.066692
v -0.088545 1.026573 0.061897
v -0.074796 1.029341 0.063317
v -0.082291 1.029069 0.067976
v -0.084279 1.029940 0.073355
v -0.085242 1.031293 0.080047
v -0.083942 1.032826 0.085765
v -0.082278 1.033848 0.088956
v -0.075725 1.035683 0.091896
v -0.066478 1.035895 0.085607
v -0.063995 1.032890 0.070469
v -0.050012 1.035808 0.072366
v -0.058469 1.035686 0.078435
v -0.060010 1.037850 0.089142
v -0.071328 1.037427 0.096123
v -0.077336 1.041063 0.116783
v -0.093693 1.034206 0.102174
v -0.094749 1.034648 0.102205
v -0.086601 1.034117 0.093510
v -0.086349 1.033727 0.094338
v -0.083976 1.034241 0.094742
v -0.083967 1.034687 0.093958
v -0.079171 1.036030 0.096111
v -0.079653 1.035451 0.096681
v -0.077882 1.036000 0.097707
v -0.077205 1.036639 0.097249
v -0.080759 1.038789 0.109469
v -0.081085 1.037938 0.108720
v -0.102892 1.034418 0.103397
v -0.102042 1.035122 0.103091
v -0.088579 1.034244 0.088724
v -0.089095 1.033518 0.088673
v -0.089290 1.032738 0.082663
v -0.089776 1.032075 0.082867
v -0.089603 1.031527 0.077590
v -0.090094 1.030843 0.077703
v -0.088551 1.030522 0.072355
v -0.089024 1.029821 0.072380
v -0.087066 1.029418 0.066344
v -0.087570 1.028739 0.066493
v -0.088034 1.028310 0.062236
v -0.088700 1.027447 0.061698
v -0.076801 1.030571 0.063396
v -0.074951 1.030214 0.063118
v -0.083029 1.030346 0.067267
v -0.082447 1.029942 0.067777
v -0.085111 1.031259 0.072903
v -0.084434 1.030814 0.073156
v -0.086099 1.032645 0.079763
v -0.085398 1.032166 0.079848
v -0.084759 1.034225 0.085655
v -0.084097 1.033699 0.085567
v -0.082973 1.035322 0.089080
v -0.082433 1.034722 0.088757
v -0.075942 1.037290 0.092235
v -0.075880 1.036556 0.091697
v -0.066195 1.037514 0.085605
v -0.066633 1.036768 0.085408
v -0.063767 1.034574 0.070798
v -0.064151 1.033763 0.070270
v -0.051793 1.037073 0.072422
v -0.050167 1.036681 0.072167
v -0.059273 1.036965 0.077790
v -0.058624 1.036559 0.078236
v -0.060811 1.039124 0.088472
v -0.060165 1.038723 0.088944
v -0.072086 1.038703 0.095427
v -0.071484 1.038300 0.095925
v -0.077951 1.042253 0.115598
v -0.077491 1.041936 0.116584
v -0.078381 1.041654 0.114521
v -0.078267 1.042025 0.114844
v -0.072704 1.038218 0.094998
v -0.072527 1.038551 0.095103
v -0.061486 1.038637 0.088078
v -0.061289 1.038970 0.088172
v -0.059953 1.036485 0.077431
v -0.059755 1.036816 0.077513
v -0.053768 1.036574 0.072992
v -0.053134 1.036911 0.072762
v -0.063078 1.034631 0.071729
v -0.063339 1.034782 0.071377
v -0.065434 1.037484 0.086099
v -0.065720 1.037664 0.085894
v -0.075844 1.037245 0.093179
v -0.075907 1.037431 0.092823
v -0.083507 1.035100 0.089741
v -0.083358 1.035345 0.089480
v -0.085455 1.033903 0.086005
v -0.085252 1.034181 0.085849
v -0.086847 1.032262 0.079882
v -0.086626 1.032560 0.079804
v -0.085828 1.030830 0.072799
v -0.085617 1.031144 0.072795
v -0.083620 1.029862 0.066823
v -0.083451 1.030195 0.066934
v -0.079072 1.030027 0.063997
v -0.078339 1.030380 0.063756
v -0.086970 1.028437 0.063181
v -0.087358 1.028565 0.062825
v -0.086217 1.029299 0.066377
v -0.086532 1.029509 0.066327
v -0.087742 1.030433 0.072552
v -0.088044 1.030633 0.072447
v -0.088771 1.031416 0.077671
v -0.089081 1.031623 0.077605
v -0.088466 1.032598 0.082623
v -0.088773 1.032815 0.082598
v -0.087715 1.034189 0.089025
v -0.088035 1.034378 0.088885
v -0.101203 1.035236 0.102936
v -0.100733 1.035038 0.102917
v -0.131967 1.009465 0.046145
v -0.131928 1.007661 0.039928
v -0.112532 1.012179 0.038655
v -0.112618 1.014643 0.047173
v -0.112557 1.016358 0.052997
v -0.113419 1.018266 0.060277
v -0.114766 1.019336 0.065108
v -0.118447 1.020006 0.070582
v -0.120652 1.020357 0.073689
v -0.120748 1.021725 0.078461
v -0.124640 1.020232 0.076706
v -0.131816 1.016359 0.069635
v -0.125205 1.017933 0.069318
v -0.122439 1.017355 0.064947
v -0.120580 1.016767 0.061327
v -0.118883 1.015883 0.056832
v -0.118065 1.014583 0.051672
v -0.118154 1.013274 0.047263
v -0.126366 1.011216 0.047305
v -0.132892 1.011002 0.052209
v -0.137098 1.011392 0.057177
v -0.142226 1.011974 0.063603
v -0.144120 1.013069 0.068991
v -0.145464 1.014089 0.073646
v -0.143606 1.016077 0.078853
v -0.149656 1.014276 0.077908
v -0.154731 1.014099 0.081683
v -0.155878 1.012331 0.076618
v -0.159594 1.010931 0.075031
v -0.152940 1.011897 0.072593
v -0.150682 1.010786 0.066835
v -0.147712 1.009895 0.061219
v -0.144224 1.009386 0.056461
v -0.140393 1.009165 0.052392
v -0.136030 1.009121 0.048475
v -0.127155 1.010283 0.044790
v -0.127149 1.009506 0.042121
v -0.117192 1.011825 0.041468
v -0.116963 1.012751 0.044444
v -0.118939 1.012401 0.044951
v -0.124861 1.010917 0.044981
v -0.131551 1.013711 0.045795
v -0.131515 1.012057 0.040098
v -0.114830 1.015944 0.039003
v -0.114902 1.018022 0.046188
v -0.114842 1.019716 0.051939
v -0.115681 1.021574 0.059029
v -0.116938 1.022572 0.063536
v -0.120478 1.023216 0.068801
v -0.122927 1.023606 0.072252
v -0.122988 1.024476 0.075283
v -0.124740 1.023803 0.074493
v -0.129564 1.021200 0.069741
v -0.125413 1.022188 0.069541
v -0.122202 1.021517 0.064468
v -0.120277 1.020908 0.060717
v -0.118500 1.019983 0.056012
v -0.117641 1.018618 0.050595
v -0.117757 1.016909 0.044839
v -0.127681 1.014422 0.044890
v -0.134727 1.014191 0.050185
v -0.139055 1.014592 0.055298
v -0.144351 1.015194 0.061934
v -0.146339 1.016343 0.067590
v -0.147814 1.017463 0.072698
v -0.146606 1.018755 0.076082
v -0.150864 1.017487 0.075417
v -0.154772 1.017350 0.078324
v -0.155626 1.016034 0.074551
v -0.156883 1.015561 0.074014
v -0.152855 1.016145 0.072538
v -0.150385 1.014930 0.066240
v -0.147503 1.014066 0.060791
v -0.144133 1.013573 0.056193
v -0.140407 1.013358 0.052237
v -0.136208 1.013316 0.048466
v -0.132898 1.013159 0.045067
v -0.132859 1.011354 0.038850
v -0.113463 1.015872 0.037577
v -0.113549 1.018336 0.046096
v -0.113488 1.020051 0.051919
v -0.114350 1.021959 0.059199
v -0.115697 1.023029 0.064030
v -0.119378 1.023699 0.069504
v -0.121583 1.024050 0.072611
v -0.121679 1.025418 0.077383
v -0.125571 1.023925 0.075628
v -0.132747 1.020052 0.068557
v -0.126136 1.021626 0.068240
v -0.123370 1.021048 0.063870
v -0.121511 1.020460 0.060249
v -0.119814 1.019576 0.055754
v -0.118996 1.018277 0.050595
v -0.119085 1.016967 0.046185
v -0.127297 1.014909 0.046227
v -0.133823 1.014695 0.051131
v -0.138029 1.015085 0.056100
v -0.143157 1.015668 0.062525
v -0.145051 1.016762 0.067913
v -0.146395 1.017782 0.072568
v -0.144537 1.019771 0.077775
v -0.150587 1.017969 0.076830
v -0.155662 1.017792 0.080605
v -0.156809 1.016024 0.075540
v -0.160525 1.014624 0.073953
v -0.153871 1.015590 0.071515
v -0.151613 1.014479 0.065757
v -0.148643 1.013589 0.060141
v -0.145155 1.013079 0.055383
v -0.141324 1.012858 0.051315
v -0.136961 1.012814 0.047397
v -0.133286 1.014698 0.044618
v -0.132936 1.015334 0.044738
v -0.132897 1.013581 0.038699
v -0.133247 1.012893 0.038401
v -0.114434 1.017882 0.037488
v -0.113851 1.017411 0.037128
v -0.114515 1.020214 0.045548
v -0.113937 1.019876 0.045646
v -0.114454 1.021922 0.051346
v -0.113877 1.021591 0.051470
v -0.115308 1.023812 0.058561
v -0.114738 1.023498 0.058750
v -0.116624 1.024858 0.063281
v -0.116085 1.024569 0.063581
v -0.120256 1.025519 0.068683
v -0.119766 1.025238 0.069055
v -0.122545 1.025883 0.071908
v -0.121971 1.025589 0.072162
v -0.122630 1.027080 0.076082
v -0.122067 1.026958 0.076934
v -0.125786 1.025869 0.074658
v -0.125959 1.025464 0.075179
v -0.132153 1.022433 0.068385
v -0.133135 1.021592 0.068108
v -0.126388 1.023805 0.068108
v -0.126524 1.023166 0.067790
v -0.123469 1.023195 0.063496
v -0.123758 1.022587 0.063420
v -0.121587 1.022600 0.059830
v -0.121899 1.021999 0.059800
v -0.119863 1.021701 0.055263
v -0.120202 1.021115 0.055305
v -0.119030 1.020380 0.050015
v -0.119384 1.019816 0.050145
v -0.119129 1.018933 0.045143
v -0.119473 1.018506 0.045736
v -0.127930 1.016727 0.045188
v -0.127685 1.016448 0.045777
v -0.134634 1.016507 0.050226
v -0.134211 1.016234 0.050681
v -0.138882 1.016901 0.055244
v -0.138417 1.016624 0.055650
v -0.144068 1.017490 0.061743
v -0.143545 1.017207 0.062076
v -0.145995 1.018604 0.067222
v -0.145439 1.018302 0.067464
v -0.147383 1.019658 0.072033
v -0.146783 1.019322 0.072119
v -0.145749 1.021407 0.076614
v -0.144925 1.021310 0.077326
v -0.151183 1.019789 0.075765
v -0.150975 1.019509 0.076381
v -0.155856 1.019626 0.079241
v -0.156050 1.019331 0.080156
v -0.156903 1.018013 0.074620
v -0.157197 1.017564 0.075091
v -0.159774 1.016932 0.073395
v -0.160914 1.016164 0.073504
v -0.154023 1.017767 0.071287
v -0.154259 1.017129 0.071065
v -0.151691 1.016620 0.065343
v -0.152001 1.016018 0.065307
v -0.148752 1.015738 0.059785
v -0.149031 1.015128 0.059692
v -0.145304 1.015235 0.055082
v -0.145543 1.014619 0.054934
v -0.141510 1.015015 0.051052
v -0.141712 1.014397 0.050865
v -0.137202 1.014973 0.047185
v -0.137349 1.014354 0.046948
v -0.136616 1.014937 0.047994
v -0.136920 1.015161 0.047586
v -0.140816 1.014978 0.051764
v -0.141166 1.015203 0.051398
v -0.144541 1.015194 0.055720
v -0.144921 1.015420 0.055386
v -0.147912 1.015686 0.060318
v -0.148325 1.015917 0.060028
v -0.150794 1.016550 0.065768
v -0.151231 1.016789 0.065525
v -0.153264 1.017765 0.072066
v -0.153642 1.017975 0.071671
v -0.157291 1.017181 0.073541
v -0.158408 1.017283 0.073417
v -0.156035 1.017654 0.074078
v -0.156460 1.018017 0.074249
v -0.155180 1.018971 0.077851
v -0.155523 1.019460 0.078386
v -0.151272 1.019107 0.074944
v -0.151286 1.019608 0.075235
v -0.147015 1.020375 0.075609
v -0.146525 1.021026 0.075979
v -0.148222 1.019083 0.072225
v -0.147915 1.019538 0.072082
v -0.146748 1.017964 0.067117
v -0.146477 1.018447 0.067101
v -0.144760 1.016814 0.061461
v -0.144516 1.017313 0.061521
v -0.139464 1.016213 0.054825
v -0.139267 1.016717 0.054944
v -0.135135 1.015811 0.049712
v -0.134973 1.016319 0.049871
v -0.128089 1.016042 0.044417
v -0.128074 1.016545 0.044686
v -0.118166 1.018529 0.044367
v -0.118631 1.018911 0.044639
v -0.118049 1.020238 0.050122
v -0.118522 1.020508 0.050015
v -0.118908 1.021603 0.055539
v -0.119370 1.021854 0.055360
v -0.120685 1.022528 0.060244
v -0.121124 1.022768 0.060006
v -0.122610 1.023137 0.063995
v -0.123031 1.023371 0.063720
v -0.125821 1.023809 0.069068
v -0.126117 1.024016 0.068596
v -0.129972 1.022821 0.069268
v -0.130960 1.022863 0.068828
v -0.125149 1.025424 0.074020
v -0.125474 1.025823 0.074233
v -0.123396 1.026096 0.074810
v -0.123120 1.026726 0.075295
v -0.123335 1.025227 0.071779
v -0.123049 1.025717 0.071773
v -0.120886 1.024837 0.068328
v -0.120669 1.025338 0.068419
v -0.117346 1.024193 0.063064
v -0.117089 1.024687 0.063096
v -0.116089 1.023194 0.058556
v -0.115807 1.023668 0.058497
v -0.115251 1.021336 0.051466
v -0.114962 1.021796 0.051354
v -0.115311 1.019642 0.045715
v -0.115022 1.020096 0.045582
v -0.115238 1.017564 0.038530
v -0.114946 1.017909 0.038022
v -0.131923 1.013677 0.039625
v -0.132393 1.013845 0.039167
v -0.132430 1.015541 0.045011
v -0.131959 1.015331 0.045322
v -0.127873 1.013130 0.043959
v -0.129099 1.013899 0.044321
v -0.129090 1.012863 0.040765
v -0.127866 1.012352 0.041290
v -0.117155 1.015643 0.039982
v -0.117910 1.014672 0.040637
v -0.117014 1.016909 0.044196
v -0.117680 1.015598 0.043613
v -0.119657 1.015248 0.044120
v -0.118590 1.016588 0.044458
v -0.126936 1.014496 0.044501
v -0.125579 1.013764 0.044150
v -0.180233 0.996666 0.051903
v -0.188309 0.996115 0.057736
v -0.190387 0.994478 0.055113
v -0.188036 0.992436 0.047343
v -0.183773 0.999383 0.050848
v -0.189094 0.999021 0.054691
v -0.190058 0.998261 0.053474
v -0.188439 0.996855 0.048122
v -0.181369 1.000107 0.050655
v -0.189445 0.999557 0.056488
v -0.191523 0.997920 0.053865
v -0.189172 0.995878 0.046095
v -0.182585 1.001318 0.050195
v -0.181715 1.001155 0.050275
v -0.189791 1.000604 0.056108
v -0.189810 1.000825 0.055413
v -0.191869 0.998967 0.053485
v -0.191543 0.999459 0.053224
v -0.189518 0.996925 0.045715
v -0.189419 0.997613 0.046201
v -0.184128 1.000456 0.050459
v -0.183552 1.001027 0.050272
v -0.189669 1.000610 0.054690
v -0.189448 1.000093 0.054301
v -0.190955 0.999596 0.053067
v -0.190412 0.999334 0.053084
v -0.189124 0.998006 0.047016
v -0.188793 0.997927 0.047733
v -0.194040 0.982994 0.026378
v -0.190072 0.981133 0.017638
v -0.187262 0.981888 0.017161
v -0.186838 0.983060 0.020007
v -0.182340 0.984625 0.020229
v -0.177467 0.986172 0.020058
v -0.173429 0.987164 0.019118
v -0.168899 0.988216 0.017895
v -0.163853 0.988987 0.015429
v -0.159272 0.989227 0.011920
v -0.155523 0.988869 0.007521
v -0.151890 0.988390 0.002892
v -0.150495 0.987936 0.000372
v -0.145739 0.989361 -0.000028
v -0.138010 0.994899 0.008207
v -0.146796 0.992355 0.009188
v -0.152008 0.992274 0.013710
v -0.158456 0.992085 0.019057
v -0.165472 0.991028 0.022530
v -0.174159 0.988905 0.024583
v -0.181842 0.986604 0.025231
v -0.188902 0.984271 0.025225
v -0.192990 0.986623 0.023272
v -0.190376 0.985397 0.017512
v -0.189576 0.985612 0.017376
v -0.189187 0.986686 0.019985
v -0.183664 0.988608 0.020257
v -0.178603 0.990215 0.020080
v -0.174408 0.991245 0.019102
v -0.169718 0.992334 0.017837
v -0.164408 0.993146 0.015241
v -0.159574 0.993399 0.011540
v -0.155699 0.993029 0.006992
v -0.151971 0.992537 0.002242
v -0.150912 0.992192 0.000328
v -0.147543 0.993201 0.000044
v -0.142023 0.997157 0.005927
v -0.148427 0.995302 0.006641
v -0.153982 0.995216 0.011461
v -0.160279 0.995031 0.016682
v -0.166982 0.994022 0.020001
v -0.175406 0.991963 0.021991
v -0.182929 0.989710 0.022625
v -0.190083 0.987346 0.022620
v -0.195213 0.986548 0.025089
v -0.191246 0.984688 0.016348
v -0.188435 0.985443 0.015871
v -0.188012 0.986615 0.018718
v -0.183513 0.988180 0.018939
v -0.178640 0.989727 0.018769
v -0.174603 0.990719 0.017828
v -0.170072 0.991771 0.016606
v -0.165027 0.992542 0.014139
v -0.160445 0.992782 0.010631
v -0.156696 0.992424 0.006232
v -0.153063 0.991944 0.001603
v -0.151669 0.991491 -0.000917
v -0.146913 0.992916 -0.001317
v -0.139183 0.998454 0.006918
v -0.147969 0.995909 0.007899
v -0.153182 0.995829 0.012421
v -0.159630 0.995639 0.017768
v -0.166645 0.994583 0.021241
v -0.175333 0.992460 0.023294
v -0.183015 0.990159 0.023941
v -0.190075 0.987826 0.023936
v -0.195701 0.988027 0.024553
v -0.195186 0.988404 0.023907
v -0.191604 0.986724 0.016014
v -0.191734 0.986167 0.015812
v -0.189366 0.987326 0.015634
v -0.188924 0.986922 0.015335
v -0.188952 0.988470 0.018413
v -0.188500 0.988094 0.018182
v -0.184162 0.990137 0.018649
v -0.184001 0.989659 0.018403
v -0.179235 0.991700 0.018477
v -0.179129 0.991206 0.018233
v -0.175153 0.992703 0.017526
v -0.175091 0.992198 0.017292
v -0.170577 0.993766 0.016291
v -0.170560 0.993250 0.016070
v -0.165456 0.994548 0.013787
v -0.165515 0.994021 0.013603
v -0.160803 0.994792 0.010224
v -0.160933 0.994261 0.010095
v -0.157018 0.994431 0.005783
v -0.157184 0.993903 0.005696
v -0.153358 0.993948 0.001119
v -0.153552 0.993423 0.001066
v -0.152059 0.993525 -0.001228
v -0.152157 0.992970 -0.001453
v -0.147698 0.994832 -0.001595
v -0.147401 0.994395 -0.001854
v -0.140597 0.999920 0.005971
v -0.139672 0.999933 0.006382
v -0.148705 0.997571 0.006875
v -0.148457 0.997388 0.007362
v -0.154015 0.997489 0.011482
v -0.153670 0.997308 0.011885
v -0.160420 0.997301 0.016793
v -0.160118 0.997118 0.017231
v -0.167347 0.996258 0.020223
v -0.167133 0.996062 0.020705
v -0.175959 0.994153 0.022258
v -0.175821 0.993939 0.022758
v -0.183597 0.991866 0.022901
v -0.183504 0.991638 0.023405
v -0.190683 0.989524 0.022896
v -0.190563 0.989305 0.023399
v -0.190549 0.988756 0.022108
v -0.190686 0.989344 0.022401
v -0.183395 0.991120 0.022114
v -0.183564 0.991697 0.022407
v -0.175871 0.993373 0.021480
v -0.175987 0.993967 0.021769
v -0.167447 0.995432 0.019489
v -0.167473 0.996048 0.019757
v -0.160744 0.996442 0.016171
v -0.160664 0.997073 0.016385
v -0.154448 0.996626 0.010949
v -0.154316 0.997259 0.011122
v -0.148892 0.996712 0.006130
v -0.148877 0.997343 0.006403
v -0.142488 0.998567 0.005415
v -0.141664 0.999432 0.005598
v -0.148009 0.994612 -0.000467
v -0.147935 0.994939 -0.001084
v -0.151377 0.993603 -0.000183
v -0.151775 0.993789 -0.000760
v -0.152437 0.993947 0.001731
v -0.152948 0.994170 0.001360
v -0.156164 0.994439 0.006480
v -0.156643 0.994658 0.006068
v -0.160040 0.994809 0.011028
v -0.160476 0.995024 0.010565
v -0.164874 0.994556 0.014730
v -0.165224 0.994775 0.014201
v -0.170184 0.993744 0.017326
v -0.170444 0.993978 0.016753
v -0.174874 0.992655 0.018591
v -0.175080 0.992901 0.018004
v -0.179068 0.991625 0.019568
v -0.179221 0.991884 0.018969
v -0.184130 0.990018 0.019745
v -0.184219 0.990297 0.019144
v -0.189653 0.988096 0.019473
v -0.189394 0.988497 0.018889
v -0.190041 0.987022 0.016865
v -0.189794 0.987389 0.016200
v -0.190841 0.986807 0.017000
v -0.191277 0.986991 0.016451
v -0.194351 0.988432 0.023224
v -0.193456 0.988033 0.022761
v -0.220902 0.951810 -0.025146
v -0.221641 0.963572 -0.001223
v -0.200318 0.964689 -0.015876
v -0.217616 0.955870 -0.019689
v -0.217990 0.961831 -0.007566
v -0.207185 0.962397 -0.014992
v -0.176103 0.956333 -0.051615
v -0.176841 0.968095 -0.027692
v -0.155519 0.969213 -0.042345
v -0.172816 0.960394 -0.046158
v -0.173191 0.966355 -0.034035
v -0.162385 0.966921 -0.041460
v -0.220894 0.956427 -0.024668
v -0.221496 0.966022 -0.005152
v -0.204102 0.966933 -0.017106
v -0.222136 0.954904 -0.026706
v -0.222875 0.966666 -0.002783
v -0.201552 0.967784 -0.017436
v -0.176094 0.960950 -0.051136
v -0.176697 0.970545 -0.031621
v -0.159303 0.971457 -0.043574
v -0.177337 0.959428 -0.053174
v -0.178075 0.971190 -0.029252
v -0.156753 0.972307 -0.043904
v -0.201972 0.968836 -0.017966
v -0.203587 0.969008 -0.018105
v -0.223295 0.967719 -0.003313
v -0.222807 0.968000 -0.004898
v -0.222141 0.957399 -0.026461
v -0.222556 0.955957 -0.027236
v -0.219505 0.958150 -0.022346
v -0.218600 0.958338 -0.020933
v -0.218974 0.964298 -0.008810
v -0.219953 0.965277 -0.007851
v -0.208169 0.964865 -0.016235
v -0.207034 0.965954 -0.016729
v -0.174706 0.962674 -0.048814
v -0.173800 0.962862 -0.047402
v -0.174175 0.968822 -0.035278
v -0.175154 0.969801 -0.034319
v -0.163369 0.969389 -0.042704
v -0.162234 0.970478 -0.043198
v -0.177341 0.961923 -0.052930
v -0.177756 0.960481 -0.053705
v -0.178495 0.972242 -0.029782
v -0.178007 0.972524 -0.031366
v -0.157173 0.973360 -0.044435
v -0.158788 0.973532 -0.044574
v -0.204266 0.968781 -0.018017
v -0.204679 0.968380 -0.017835
v -0.222440 0.967829 -0.005529
v -0.222073 0.967469 -0.005882
v -0.221471 0.957874 -0.025397
v -0.221810 0.957804 -0.025919
v -0.176671 0.962398 -0.051866
v -0.177010 0.962328 -0.052387
v -0.177640 0.972353 -0.031997
v -0.177274 0.971993 -0.032350
v -0.159466 0.973305 -0.044486
v -0.159880 0.972904 -0.044303
v -0.217611 0.907504 -0.100704
v -0.220433 0.911578 -0.092748
v -0.215716 0.913236 -0.093215
v -0.214774 0.912934 -0.094268
v -0.211240 0.914828 -0.093632
v -0.207078 0.917528 -0.092169
v -0.202420 0.920718 -0.090278
v -0.198841 0.923749 -0.087945
v -0.195869 0.926542 -0.085590
v -0.218861 0.918206 -0.083698
v -0.219301 0.916114 -0.086590
v -0.224492 0.914536 -0.085702
v -0.223699 0.922566 -0.074034
v -0.219111 0.923977 -0.074794
v -0.219455 0.921278 -0.078666
v -0.162475 0.941559 -0.083930
v -0.159589 0.945172 -0.080277
v -0.157025 0.937579 -0.093404
v -0.163445 0.938124 -0.088523
v -0.184841 0.930933 -0.085903
v -0.188938 0.926843 -0.089512
v -0.194601 0.922390 -0.092683
v -0.201340 0.917850 -0.095306
v -0.206587 0.914849 -0.096538
v -0.212914 0.911690 -0.097329
v -0.218463 0.911913 -0.101097
v -0.220310 0.914580 -0.095889
v -0.217424 0.915594 -0.096176
v -0.216337 0.915245 -0.097390
v -0.212056 0.917539 -0.096619
v -0.207805 0.920297 -0.095125
v -0.203054 0.923550 -0.093196
v -0.199382 0.926661 -0.090802
v -0.194491 0.931257 -0.086927
v -0.221105 0.921607 -0.084737
v -0.221534 0.919569 -0.087554
v -0.224668 0.918617 -0.087018
v -0.224001 0.925377 -0.077195
v -0.221558 0.926128 -0.077600
v -0.221911 0.923367 -0.081561
v -0.163141 0.944285 -0.086990
v -0.161438 0.946417 -0.084835
v -0.159798 0.941559 -0.093232
v -0.164473 0.941956 -0.089677
v -0.186674 0.934495 -0.086959
v -0.190997 0.930179 -0.090768
v -0.196538 0.925822 -0.093871
v -0.203164 0.921358 -0.096449
v -0.208298 0.918422 -0.097655
v -0.214804 0.915173 -0.098468
v -0.218913 0.910626 -0.102764
v -0.221734 0.914700 -0.094807
v -0.217017 0.916358 -0.095275
v -0.216075 0.916056 -0.096328
v -0.212541 0.917949 -0.095691
v -0.208379 0.920649 -0.094228
v -0.203721 0.923839 -0.092338
v -0.200143 0.926870 -0.090004
v -0.197170 0.929664 -0.087649
v -0.220162 0.921327 -0.085757
v -0.220602 0.919235 -0.088650
v -0.225793 0.917657 -0.087762
v -0.225000 0.925687 -0.076094
v -0.220412 0.927099 -0.076854
v -0.220757 0.924399 -0.080726
v -0.163776 0.944680 -0.085990
v -0.160891 0.948294 -0.082337
v -0.158326 0.940700 -0.095463
v -0.164746 0.941245 -0.090583
v -0.186142 0.934054 -0.087963
v -0.190240 0.929964 -0.091572
v -0.195902 0.925511 -0.094743
v -0.202641 0.920971 -0.097365
v -0.207888 0.917970 -0.098598
v -0.214215 0.914811 -0.099388
v -0.219378 0.911742 -0.103500
v -0.219351 0.912463 -0.103141
v -0.221849 0.916069 -0.096097
v -0.222200 0.915816 -0.095544
v -0.217740 0.917514 -0.096504
v -0.217483 0.917474 -0.096012
v -0.216749 0.917196 -0.097611
v -0.216540 0.917172 -0.097065
v -0.212968 0.919222 -0.096930
v -0.213006 0.919065 -0.096428
v -0.208776 0.921942 -0.095456
v -0.208845 0.921765 -0.094965
v -0.204087 0.925153 -0.093553
v -0.204186 0.924955 -0.093074
v -0.200478 0.928210 -0.091199
v -0.200608 0.927987 -0.090741
v -0.196868 0.931602 -0.088340
v -0.197635 0.930780 -0.088386
v -0.221063 0.922830 -0.086349
v -0.220627 0.922444 -0.086494
v -0.221499 0.920756 -0.089216
v -0.221067 0.920351 -0.089386
v -0.226007 0.919385 -0.088445
v -0.226258 0.918773 -0.088498
v -0.225256 0.926994 -0.077390
v -0.225465 0.926804 -0.076830
v -0.221380 0.928186 -0.078032
v -0.220877 0.928215 -0.077590
v -0.221727 0.925466 -0.081933
v -0.221222 0.925516 -0.081463
v -0.164153 0.945958 -0.087252
v -0.164242 0.945796 -0.086726
v -0.161660 0.949080 -0.084096
v -0.161356 0.949410 -0.083073
v -0.159402 0.942395 -0.095653
v -0.158792 0.941817 -0.096200
v -0.165243 0.942890 -0.091212
v -0.165212 0.942361 -0.091319
v -0.186906 0.935610 -0.088560
v -0.186608 0.935170 -0.088699
v -0.191079 0.931445 -0.092235
v -0.190705 0.931080 -0.092309
v -0.196701 0.927024 -0.095384
v -0.196367 0.926628 -0.095479
v -0.203402 0.922509 -0.097991
v -0.203106 0.922088 -0.098102
v -0.208612 0.919530 -0.099215
v -0.208354 0.919087 -0.099335
v -0.214998 0.916341 -0.100013
v -0.214681 0.915928 -0.100125
v -0.219232 0.912802 -0.102702
v -0.218901 0.912965 -0.101791
v -0.220748 0.915632 -0.096584
v -0.221474 0.916038 -0.096382
v -0.217863 0.916646 -0.096870
v -0.217847 0.917312 -0.096741
v -0.216775 0.916297 -0.098084
v -0.216818 0.916983 -0.097891
v -0.212494 0.918591 -0.097313
v -0.212840 0.919114 -0.097174
v -0.208244 0.921349 -0.095819
v -0.208625 0.921849 -0.095692
v -0.203493 0.924602 -0.093891
v -0.203912 0.925076 -0.093779
v -0.199821 0.927713 -0.091496
v -0.200277 0.928155 -0.091410
v -0.194929 0.932309 -0.087621
v -0.196162 0.932022 -0.088150
v -0.221544 0.922659 -0.085431
v -0.221311 0.922904 -0.086080
v -0.221973 0.920621 -0.088248
v -0.221744 0.920844 -0.088928
v -0.225107 0.919669 -0.087712
v -0.225711 0.919638 -0.088249
v -0.224439 0.926429 -0.077890
v -0.224993 0.926912 -0.077680
v -0.221997 0.927180 -0.078294
v -0.221682 0.927930 -0.078228
v -0.222350 0.924419 -0.082255
v -0.222031 0.925195 -0.082153
v -0.163579 0.945337 -0.087684
v -0.163986 0.945854 -0.087516
v -0.161877 0.947469 -0.085529
v -0.161804 0.948586 -0.084754
v -0.160236 0.942611 -0.093926
v -0.159790 0.942621 -0.095065
v -0.164912 0.943008 -0.090372
v -0.165171 0.943078 -0.090974
v -0.187112 0.935547 -0.087653
v -0.187046 0.935726 -0.088295
v -0.191436 0.931231 -0.091462
v -0.191278 0.931502 -0.092024
v -0.196977 0.926874 -0.094565
v -0.196868 0.927106 -0.095154
v -0.203603 0.922410 -0.097143
v -0.203540 0.922611 -0.097750
v -0.208737 0.919474 -0.098349
v -0.208720 0.919649 -0.098967
v -0.215242 0.916225 -0.099162
v -0.215153 0.916436 -0.099771
v -0.126120 0.887141 -0.172009
v -0.125293 0.865299 -0.193673
v -0.127621 0.856552 -0.201446
v -0.133332 0.854603 -0.201417
v -0.133451 0.855866 -0.200140
v -0.169146 0.859329 -0.184637
v -0.165594 0.865269 -0.180027
v -0.162166 0.862352 -0.184046
v -0.133617 0.886684 -0.169913
v -0.133553 0.890369 -0.166327
v -0.128801 0.892306 -0.166043
v -0.128544 0.889585 -0.168794
v -0.122653 0.891078 -0.169331
v -0.122369 0.888065 -0.172377
v -0.132246 0.880399 -0.176531
v -0.131693 0.865794 -0.191017
v -0.133079 0.860584 -0.195647
v -0.154882 0.863075 -0.185810
v -0.135500 0.879594 -0.176215
v -0.133736 0.880824 -0.175609
v -0.128222 0.890185 -0.173502
v -0.127368 0.867618 -0.195885
v -0.129510 0.859569 -0.203038
v -0.133059 0.858357 -0.203020
v -0.133135 0.859158 -0.202211
v -0.168299 0.862569 -0.186938
v -0.166242 0.866009 -0.184269
v -0.163197 0.863418 -0.187838
v -0.133250 0.888942 -0.173013
v -0.133191 0.892366 -0.169681
v -0.130762 0.893356 -0.169535
v -0.130525 0.890842 -0.172078
v -0.124634 0.892335 -0.172615
v -0.124518 0.891097 -0.173866
v -0.126969 0.889590 -0.174510
v -0.126142 0.867747 -0.196174
v -0.128470 0.859001 -0.203947
v -0.134181 0.857051 -0.203918
v -0.134300 0.858315 -0.202641
v -0.169995 0.861778 -0.187138
v -0.166443 0.867717 -0.182528
v -0.163015 0.864800 -0.186547
v -0.134466 0.889132 -0.172414
v -0.134402 0.892817 -0.168828
v -0.129650 0.894755 -0.168544
v -0.129393 0.892033 -0.171295
v -0.123502 0.893527 -0.171832
v -0.123218 0.890514 -0.174878
v -0.132267 0.884094 -0.178093
v -0.132748 0.881847 -0.178010
v -0.132195 0.867242 -0.192496
v -0.131663 0.868136 -0.193920
v -0.133581 0.862032 -0.197126
v -0.133178 0.862444 -0.198978
v -0.156999 0.865166 -0.188230
v -0.155384 0.864524 -0.187289
v -0.136002 0.881042 -0.177694
v -0.135822 0.883215 -0.177747
v -0.134238 0.882272 -0.177088
v -0.133895 0.884558 -0.177086
v -0.124550 0.891940 -0.175108
v -0.124787 0.891875 -0.174661
v -0.124706 0.893598 -0.173431
v -0.124904 0.893113 -0.173410
v -0.130597 0.892105 -0.172894
v -0.130795 0.891620 -0.172873
v -0.130839 0.894668 -0.170302
v -0.131032 0.894135 -0.170330
v -0.133818 0.893454 -0.170481
v -0.133461 0.893144 -0.170476
v -0.133878 0.889968 -0.173873
v -0.133520 0.889720 -0.173808
v -0.163494 0.864726 -0.188534
v -0.163467 0.864196 -0.188633
v -0.166629 0.867395 -0.184858
v -0.166512 0.866787 -0.185064
v -0.169041 0.863362 -0.187988
v -0.168569 0.863347 -0.187733
v -0.133751 0.859939 -0.203314
v -0.133404 0.859936 -0.203006
v -0.133665 0.859028 -0.204235
v -0.133329 0.859135 -0.203815
v -0.129604 0.860415 -0.204255
v -0.129780 0.860347 -0.203833
v -0.127417 0.868629 -0.196955
v -0.127638 0.868396 -0.196680
v -0.128492 0.890963 -0.174297
v -0.128265 0.891025 -0.174743
v -0.127652 0.890734 -0.175236
v -0.127228 0.890337 -0.175273
v -0.126401 0.868494 -0.196937
v -0.126818 0.868693 -0.197097
v -0.128729 0.859748 -0.204710
v -0.129095 0.860137 -0.204700
v -0.134440 0.857798 -0.204681
v -0.134214 0.858390 -0.204674
v -0.134559 0.859061 -0.203403
v -0.134321 0.859526 -0.203525
v -0.170254 0.862524 -0.187900
v -0.169871 0.862975 -0.188085
v -0.166702 0.868464 -0.183291
v -0.166728 0.868230 -0.184007
v -0.163274 0.865547 -0.187310
v -0.163405 0.865403 -0.187903
v -0.134724 0.889879 -0.173177
v -0.134473 0.890061 -0.173580
v -0.134661 0.893564 -0.169591
v -0.134410 0.893675 -0.170064
v -0.129908 0.895501 -0.169307
v -0.130294 0.895353 -0.169817
v -0.129652 0.892780 -0.172058
v -0.130043 0.892688 -0.172512
v -0.123761 0.894273 -0.172595
v -0.124152 0.894181 -0.173049
v -0.123476 0.891260 -0.175641
v -0.123914 0.891654 -0.175603
v -0.097891 0.823604 -0.239400
v -0.092900 0.827096 -0.237155
v -0.087560 0.831619 -0.234036
v -0.082728 0.836887 -0.230142
v -0.079205 0.841969 -0.226173
v -0.077194 0.846670 -0.222265
v -0.077016 0.852090 -0.217358
v -0.079011 0.867009 -0.203383
v -0.069394 0.873125 -0.199616
v -0.061061 0.873825 -0.200545
v -0.069534 0.879644 -0.193648
v -0.082296 0.869156 -0.200809
v -0.087692 0.867730 -0.201094
v -0.085365 0.849099 -0.218515
v -0.086313 0.844876 -0.222186
v -0.090287 0.839894 -0.225980
v -0.095832 0.835178 -0.229236
v -0.101055 0.831816 -0.231319
v -0.097624 0.827880 -0.240497
v -0.094325 0.830188 -0.239013
v -0.089104 0.834610 -0.235964
v -0.084386 0.839754 -0.232162
v -0.080971 0.844679 -0.228314
v -0.079065 0.849135 -0.224610
v -0.078894 0.854338 -0.219900
v -0.080958 0.869774 -0.205441
v -0.070332 0.876531 -0.201279
v -0.064824 0.876994 -0.201892
v -0.070066 0.880594 -0.197626
v -0.082108 0.870696 -0.204384
v -0.086706 0.869482 -0.204626
v -0.084474 0.851604 -0.221343
v -0.085500 0.847034 -0.225316
v -0.089703 0.841764 -0.229329
v -0.095424 0.836898 -0.232690
v -0.099971 0.833972 -0.234503
v -0.098389 0.826019 -0.242050
v -0.093398 0.829511 -0.239804
v -0.088058 0.834034 -0.236685
v -0.083226 0.839302 -0.232791
v -0.079703 0.844383 -0.228822
v -0.077692 0.849085 -0.224914
v -0.077514 0.854505 -0.220007
v -0.079509 0.869424 -0.206032
v -0.069892 0.875539 -0.202266
v -0.061559 0.876240 -0.203194
v -0.070032 0.882059 -0.196297
v -0.082794 0.871570 -0.203458
v -0.088190 0.870145 -0.203743
v -0.085863 0.851514 -0.221164
v -0.086812 0.847291 -0.224835
v -0.090785 0.842309 -0.228629
v -0.096330 0.837593 -0.231886
v -0.101553 0.834231 -0.233969
v -0.098559 0.826845 -0.242956
v -0.098412 0.827563 -0.242819
v -0.093857 0.830751 -0.240769
v -0.093569 0.830337 -0.240711
v -0.088547 0.835248 -0.237668
v -0.088228 0.834861 -0.237591
v -0.083744 0.840484 -0.233798
v -0.083396 0.840129 -0.233698
v -0.080249 0.845525 -0.229860
v -0.079873 0.845210 -0.229728
v -0.078265 0.850163 -0.226005
v -0.077863 0.849911 -0.225821
v -0.078089 0.855528 -0.221148
v -0.077684 0.855332 -0.220913
v -0.080102 0.870580 -0.207049
v -0.079679 0.870250 -0.206939
v -0.070225 0.876860 -0.203181
v -0.070062 0.876366 -0.203172
v -0.062619 0.877499 -0.204028
v -0.061729 0.877066 -0.204100
v -0.070261 0.882747 -0.197808
v -0.070203 0.882885 -0.197203
v -0.082837 0.872411 -0.204865
v -0.082964 0.872397 -0.204365
v -0.088028 0.871040 -0.205139
v -0.088360 0.870972 -0.204649
v -0.085725 0.852602 -0.222379
v -0.086033 0.852340 -0.222071
v -0.086694 0.848290 -0.226128
v -0.086982 0.848117 -0.225741
v -0.090726 0.843234 -0.229978
v -0.090956 0.843136 -0.229536
v -0.096316 0.838480 -0.233261
v -0.096500 0.838420 -0.232792
v -0.101365 0.835230 -0.235275
v -0.101723 0.835058 -0.234875
v -0.100145 0.834820 -0.235433
v -0.100560 0.835098 -0.235546
v -0.095599 0.837747 -0.233620
v -0.095855 0.838126 -0.233670
v -0.089878 0.842613 -0.230260
v -0.090176 0.842957 -0.230334
v -0.085675 0.847882 -0.226247
v -0.086026 0.848159 -0.226372
v -0.084648 0.852452 -0.222274
v -0.085018 0.852648 -0.222470
v -0.086881 0.870330 -0.205557
v -0.087273 0.870703 -0.205589
v -0.082283 0.871544 -0.205315
v -0.082488 0.871966 -0.205336
v -0.070241 0.881442 -0.198556
v -0.070278 0.882002 -0.198484
v -0.064999 0.877842 -0.202823
v -0.064280 0.877883 -0.203366
v -0.070507 0.877379 -0.202210
v -0.070449 0.877365 -0.202679
v -0.081133 0.870622 -0.206371
v -0.080839 0.870758 -0.206748
v -0.079069 0.855186 -0.220830
v -0.078791 0.855443 -0.221093
v -0.079240 0.849983 -0.225541
v -0.078964 0.850189 -0.225850
v -0.081146 0.845528 -0.229244
v -0.080894 0.845676 -0.229601
v -0.084561 0.840602 -0.233092
v -0.084335 0.840714 -0.233478
v -0.089279 0.835458 -0.236894
v -0.089079 0.835541 -0.237301
v -0.094500 0.831036 -0.239944
v -0.094328 0.831095 -0.240367
v -0.098022 0.828510 -0.242029
v -0.097798 0.828728 -0.241427
v -0.005479 0.860119 -0.218672
v -0.007896 0.864484 -0.214741
v -0.011741 0.862051 -0.216655
v -0.016790 0.861742 -0.216654
v -0.021722 0.862019 -0.216149
v -0.028663 0.862520 -0.215342
v -0.032093 0.863352 -0.214434
v -0.035364 0.866623 -0.211409
v -0.036309 0.864482 -0.213224
v -0.041149 0.863261 -0.214029
v -0.035312 0.860725 -0.216550
v -0.033247 0.852057 -0.224211
v -0.028170 0.851904 -0.224615
v -0.029314 0.858083 -0.219172
v -0.026845 0.857887 -0.219475
v -0.022992 0.857660 -0.219879
v -0.019312 0.857769 -0.219980
v -0.015334 0.858012 -0.219981
v -0.019921 0.852640 -0.224415
v -0.019049 0.848412 -0.228145
v -0.015384 0.848752 -0.228045
v -0.015225 0.851192 -0.225928
v -0.008914 0.858520 -0.219882
v -0.017399 0.846546 -0.229859
v -0.016646 0.844278 -0.231875
v -0.020715 0.842987 -0.232781
v -0.022399 0.845430 -0.230563
v -0.029049 0.846181 -0.229554
v -0.029698 0.849265 -0.226832
v -0.023015 0.850484 -0.226128
v -0.022672 0.847381 -0.228850
v -0.019580 0.842015 -0.233689
v -0.024726 0.840775 -0.234494
v -0.024894 0.830929 -0.243062
v -0.027676 0.831222 -0.242658
v -0.031238 0.831698 -0.242052
v -0.034604 0.831492 -0.242052
v -0.031477 0.835618 -0.238625
v -0.029531 0.838977 -0.235803
v -0.028664 0.842386 -0.232880
v -0.028805 0.844691 -0.230865
v -0.029299 0.845240 -0.230360
v -0.033680 0.844046 -0.231166
v -0.033761 0.840338 -0.234391
v -0.035415 0.837228 -0.237012
v -0.038292 0.834044 -0.239632
v -0.040767 0.831810 -0.241446
v -0.044279 0.831479 -0.241546
v -0.043080 0.826924 -0.245578
v -0.039170 0.825774 -0.246788
v -0.039624 0.828177 -0.244672
v -0.035798 0.828411 -0.244672
v -0.030568 0.828268 -0.245076
v -0.025733 0.827059 -0.246388
v -0.023033 0.825604 -0.247799
v -0.022879 0.823068 -0.250017
v -0.018726 0.822975 -0.250320
v -0.018394 0.825078 -0.248506
v -0.014582 0.825542 -0.248305
v -0.015601 0.829646 -0.244676
v -0.019475 0.830219 -0.243970
v -0.006710 0.862550 -0.220897
v -0.008392 0.865590 -0.218160
v -0.011550 0.863591 -0.219732
v -0.016951 0.863261 -0.219731
v -0.021959 0.863542 -0.219218
v -0.029003 0.864051 -0.218399
v -0.032771 0.864965 -0.217401
v -0.035207 0.867400 -0.215149
v -0.035760 0.866147 -0.216211
v -0.039159 0.865289 -0.216777
v -0.034656 0.863333 -0.218722
v -0.032641 0.854875 -0.226197
v -0.029316 0.854775 -0.226462
v -0.030471 0.861009 -0.220970
v -0.026869 0.860723 -0.221412
v -0.023078 0.860499 -0.221809
v -0.019468 0.860607 -0.221909
v -0.013796 0.860953 -0.221910
v -0.019141 0.854694 -0.227076
v -0.018445 0.851321 -0.230051
v -0.016351 0.851515 -0.229994
v -0.016219 0.853562 -0.228218
v -0.009662 0.861176 -0.221937
v -0.018253 0.848162 -0.232814
v -0.017813 0.846836 -0.233993
v -0.020429 0.846006 -0.234576
v -0.021952 0.848214 -0.232571
v -0.028418 0.848943 -0.231590
v -0.028840 0.850954 -0.229816
v -0.023936 0.851848 -0.229299
v -0.023623 0.849012 -0.231786
v -0.020579 0.843302 -0.236923
v -0.023996 0.842479 -0.237457
v -0.024168 0.832350 -0.246271
v -0.027976 0.832751 -0.245718
v -0.031443 0.833214 -0.245129
v -0.036300 0.832917 -0.245128
v -0.032388 0.838077 -0.240842
v -0.030503 0.841333 -0.238107
v -0.029674 0.844590 -0.235314
v -0.029799 0.846636 -0.233526
v -0.029793 0.846629 -0.233532
v -0.032952 0.845768 -0.234113
v -0.033025 0.842407 -0.237037
v -0.034777 0.839112 -0.239813
v -0.037736 0.835838 -0.242508
v -0.040470 0.833369 -0.244512
v -0.043369 0.833096 -0.244594
v -0.042447 0.829594 -0.247695
v -0.040384 0.828987 -0.248333
v -0.040756 0.830954 -0.246600
v -0.035921 0.831250 -0.246601
v -0.030517 0.831102 -0.247018
v -0.025446 0.829835 -0.248394
v -0.022315 0.828147 -0.250031
v -0.022177 0.825889 -0.252006
v -0.019628 0.825831 -0.252192
v -0.019313 0.827826 -0.250472
v -0.015743 0.828261 -0.250284
v -0.016488 0.831261 -0.247630
v -0.020477 0.831851 -0.246903
v -0.005613 0.862299 -0.221175
v -0.008030 0.866664 -0.217243
v -0.011874 0.864230 -0.219158
v -0.016924 0.863922 -0.219157
v -0.021855 0.864199 -0.218652
v -0.028797 0.864700 -0.217844
v -0.032227 0.865532 -0.216936
v -0.035498 0.868803 -0.213912
v -0.036442 0.866662 -0.215726
v -0.041283 0.865441 -0.216531
v -0.035445 0.862905 -0.219052
v -0.033381 0.854237 -0.226714
v -0.028303 0.854084 -0.227118
v -0.029448 0.860263 -0.221674
v -0.026979 0.860067 -0.221977
v -0.023125 0.859840 -0.222381
v -0.019446 0.859949 -0.222483
v -0.015468 0.860192 -0.222483
v -0.020055 0.854820 -0.226918
v -0.019183 0.850592 -0.230647
v -0.015517 0.850932 -0.230547
v -0.015359 0.853372 -0.228431
v -0.009048 0.860700 -0.222384
v -0.017533 0.848726 -0.232361
v -0.016780 0.846457 -0.234377
v -0.020848 0.845167 -0.235284
v -0.022533 0.847610 -0.233066
v -0.029183 0.848360 -0.232056
v -0.029832 0.851445 -0.229335
v -0.023149 0.852664 -0.228631
v -0.022806 0.849560 -0.231352
v -0.019714 0.844195 -0.236191
v -0.024860 0.842955 -0.236996
v -0.025028 0.833109 -0.245564
v -0.027810 0.833401 -0.245160
v -0.031371 0.833878 -0.244555
v -0.034738 0.833672 -0.244554
v -0.031610 0.837798 -0.241128
v -0.029665 0.841157 -0.238306
v -0.028798 0.844565 -0.235383
v -0.028939 0.846871 -0.233367
v -0.029433 0.847419 -0.232863
v -0.033814 0.846226 -0.233668
v -0.033895 0.842518 -0.236894
v -0.035548 0.839408 -0.239514
v -0.038426 0.836224 -0.242134
v -0.040900 0.833989 -0.243948
v -0.044413 0.833659 -0.244048
v -0.043213 0.829104 -0.248081
v -0.039304 0.827954 -0.249291
v -0.039757 0.830356 -0.247174
v -0.035932 0.830590 -0.247175
v -0.030702 0.830447 -0.247579
v -0.025867 0.829239 -0.248890
v -0.023167 0.827784 -0.250302
v -0.023012 0.825248 -0.252520
v -0.018860 0.825154 -0.252823
v -0.018527 0.827258 -0.251008
v -0.014716 0.827722 -0.250808
v -0.015734 0.831826 -0.247179
v -0.019609 0.832399 -0.246472
v -0.006062 0.863518 -0.222379
v -0.005671 0.863233 -0.222247
v -0.008087 0.867598 -0.218316
v -0.008224 0.867425 -0.218860
v -0.011932 0.865165 -0.220230
v -0.011832 0.865142 -0.220656
v -0.016981 0.864856 -0.220229
v -0.017003 0.864825 -0.220655
v -0.021913 0.865133 -0.219724
v -0.021961 0.865104 -0.220147
v -0.028854 0.865634 -0.218917
v -0.028938 0.865608 -0.219336
v -0.032284 0.866466 -0.218009
v -0.032484 0.866468 -0.218397
v -0.035555 0.869737 -0.214984
v -0.035467 0.869450 -0.215639
v -0.036500 0.867596 -0.216798
v -0.036276 0.867616 -0.217193
v -0.041340 0.866375 -0.217604
v -0.040618 0.866520 -0.217916
v -0.035503 0.863839 -0.220125
v -0.035242 0.864185 -0.220238
v -0.033438 0.855171 -0.227786
v -0.033195 0.855589 -0.227835
v -0.028361 0.855018 -0.228190
v -0.028723 0.855455 -0.228191
v -0.029505 0.861197 -0.222747
v -0.029871 0.861653 -0.222731
v -0.027036 0.861001 -0.223050
v -0.027010 0.861426 -0.223081
v -0.023183 0.860774 -0.223454
v -0.023178 0.861200 -0.223483
v -0.019503 0.860883 -0.223555
v -0.019523 0.861308 -0.223584
v -0.015525 0.861126 -0.223556
v -0.014960 0.861587 -0.223585
v -0.020112 0.855754 -0.227990
v -0.019809 0.855909 -0.228272
v -0.019240 0.851526 -0.231720
v -0.018997 0.851976 -0.231741
v -0.015575 0.851866 -0.231620
v -0.015875 0.852266 -0.231656
v -0.015416 0.854306 -0.229503
v -0.015725 0.854570 -0.229657
v -0.009106 0.861634 -0.223456
v -0.009330 0.861997 -0.223529
v -0.017590 0.849660 -0.233433
v -0.017851 0.849663 -0.233817
v -0.017206 0.847720 -0.235544
v -0.016838 0.847391 -0.235450
v -0.020773 0.846589 -0.236339
v -0.020906 0.846101 -0.236356
v -0.022402 0.848951 -0.234194
v -0.022590 0.848544 -0.234138
v -0.028988 0.849694 -0.233195
v -0.029240 0.849294 -0.233129
v -0.029559 0.852407 -0.230801
v -0.029889 0.852379 -0.230407
v -0.023490 0.853514 -0.230161
v -0.023206 0.853598 -0.229703
v -0.023158 0.850503 -0.232802
v -0.022863 0.850494 -0.232425
v -0.020082 0.845019 -0.237743
v -0.019771 0.845129 -0.237263
v -0.024918 0.843889 -0.238069
v -0.024631 0.843922 -0.238455
v -0.025085 0.834043 -0.246636
v -0.024800 0.833979 -0.247108
v -0.027867 0.834335 -0.246233
v -0.027937 0.834309 -0.246653
v -0.031429 0.834812 -0.245627
v -0.031466 0.834781 -0.246053
v -0.034795 0.834606 -0.245627
v -0.035347 0.834543 -0.246052
v -0.031668 0.838732 -0.242200
v -0.031949 0.839026 -0.242329
v -0.029723 0.842091 -0.239378
v -0.030024 0.842350 -0.239537
v -0.028855 0.845499 -0.236455
v -0.029170 0.845706 -0.236659
v -0.028996 0.847805 -0.234439
v -0.029305 0.847922 -0.234721
v -0.029490 0.848354 -0.233935
v -0.029627 0.848278 -0.234394
v -0.033871 0.847160 -0.234741
v -0.033586 0.847200 -0.235122
v -0.033952 0.843452 -0.237966
v -0.033664 0.843612 -0.238243
v -0.035606 0.840342 -0.240587
v -0.035351 0.840438 -0.240917
v -0.038483 0.837158 -0.243207
v -0.038257 0.837222 -0.243563
v -0.040958 0.834924 -0.245021
v -0.040821 0.834907 -0.245443
v -0.044470 0.834593 -0.245121
v -0.044122 0.834597 -0.245537
v -0.043271 0.830038 -0.249153
v -0.043018 0.830405 -0.249247
v -0.039361 0.828888 -0.250363
v -0.039747 0.829443 -0.250260
v -0.039815 0.831291 -0.248246
v -0.040172 0.831695 -0.248275
v -0.035989 0.831525 -0.248247
v -0.035998 0.831950 -0.248276
v -0.030759 0.831381 -0.248651
v -0.030707 0.831806 -0.248685
v -0.025924 0.830173 -0.249962
v -0.025791 0.830577 -0.250018
v -0.023224 0.828718 -0.251374
v -0.022942 0.829041 -0.251508
v -0.023070 0.826182 -0.253592
v -0.022793 0.826601 -0.253642
v -0.018917 0.826088 -0.253895
v -0.019195 0.826520 -0.253904
v -0.018585 0.828192 -0.252081
v -0.018868 0.828586 -0.252123
v -0.014774 0.828656 -0.251880
v -0.015141 0.829040 -0.251926
v -0.015792 0.832760 -0.248251
v -0.016064 0.832763 -0.248634
v -0.019666 0.833333 -0.247545
v -0.019978 0.833342 -0.247921
v -0.006762 0.863397 -0.221869
v -0.006233 0.863557 -0.222335
v -0.008281 0.867257 -0.219003
v -0.008444 0.866436 -0.219132
v -0.011781 0.865042 -0.220746
v -0.011602 0.864438 -0.220704
v -0.017007 0.864722 -0.220745
v -0.017003 0.864107 -0.220703
v -0.021977 0.865001 -0.220236
v -0.022011 0.864389 -0.220190
v -0.028970 0.865506 -0.219422
v -0.029054 0.864897 -0.219371
v -0.032569 0.866379 -0.218469
v -0.032823 0.865811 -0.218373
v -0.035421 0.869231 -0.215832
v -0.035259 0.868247 -0.216121
v -0.036169 0.867536 -0.217269
v -0.035812 0.866994 -0.217183
v -0.040287 0.866497 -0.217954
v -0.039211 0.866136 -0.217749
v -0.035119 0.864252 -0.220186
v -0.034708 0.864180 -0.219693
v -0.033079 0.855689 -0.227754
v -0.032693 0.855721 -0.227169
v -0.028881 0.855563 -0.228088
v -0.029368 0.855621 -0.227434
v -0.030031 0.861769 -0.222621
v -0.030523 0.861855 -0.221942
v -0.026993 0.861528 -0.222993
v -0.026921 0.861569 -0.222383
v -0.023171 0.861303 -0.223394
v -0.023130 0.861346 -0.222781
v -0.019527 0.861411 -0.223494
v -0.019520 0.861453 -0.222880
v -0.014699 0.861706 -0.223495
v -0.013848 0.861800 -0.222881
v -0.019666 0.855889 -0.228297
v -0.019193 0.855541 -0.228048
v -0.018882 0.852090 -0.231648
v -0.018497 0.852168 -0.231023
v -0.016005 0.852357 -0.231569
v -0.016403 0.852362 -0.230966
v -0.015860 0.854599 -0.229624
v -0.016270 0.854409 -0.229190
v -0.009426 0.862071 -0.223459
v -0.009714 0.862023 -0.222908
v -0.017963 0.849575 -0.233888
v -0.018305 0.849008 -0.233786
v -0.017864 0.847682 -0.234964
v -0.017368 0.847779 -0.235484
v -0.020481 0.846852 -0.235547
v -0.020707 0.846720 -0.236228
v -0.022004 0.849060 -0.233543
v -0.022311 0.849045 -0.234117
v -0.028469 0.849790 -0.232561
v -0.028868 0.849785 -0.233122
v -0.028892 0.851800 -0.230788
v -0.029404 0.852331 -0.230876
v -0.023988 0.852694 -0.230271
v -0.023613 0.853387 -0.230266
v -0.023675 0.849859 -0.232758
v -0.023285 0.850417 -0.232869
v -0.020631 0.844149 -0.237894
v -0.020217 0.844879 -0.237858
v -0.024496 0.843848 -0.238527
v -0.024048 0.843325 -0.238429
v -0.024666 0.833860 -0.247218
v -0.024220 0.833197 -0.247243
v -0.027963 0.834207 -0.246740
v -0.028028 0.833597 -0.246690
v -0.031477 0.834677 -0.246143
v -0.031495 0.834061 -0.246101
v -0.035591 0.834426 -0.246142
v -0.036352 0.833764 -0.246100
v -0.032070 0.839070 -0.242284
v -0.032440 0.838924 -0.241814
v -0.030155 0.842377 -0.239506
v -0.030555 0.842179 -0.239079
v -0.029307 0.845710 -0.236648
v -0.029726 0.845437 -0.236286
v -0.029440 0.847885 -0.234746
v -0.029851 0.847482 -0.234498
v -0.029683 0.848155 -0.234498
v -0.029845 0.847475 -0.234504
v -0.033451 0.847128 -0.235191
v -0.033004 0.846615 -0.235085
v -0.033528 0.843594 -0.238265
v -0.033077 0.843253 -0.238009
v -0.035231 0.840392 -0.240964
v -0.034829 0.839959 -0.240785
v -0.038149 0.837162 -0.243621
v -0.037788 0.836684 -0.243479
v -0.040754 0.834810 -0.245531
v -0.040522 0.834215 -0.245484
v -0.043959 0.834509 -0.245622
v -0.043421 0.833943 -0.245566
v -0.042898 0.830482 -0.249187
v -0.042499 0.830440 -0.248666
v -0.039915 0.829605 -0.250110
v -0.040436 0.829834 -0.249305
v -0.040328 0.831789 -0.248186
v -0.040808 0.831801 -0.247572
v -0.035996 0.832053 -0.248186
v -0.035973 0.832097 -0.247572
v -0.030678 0.831908 -0.248597
v -0.030569 0.831949 -0.247990
v -0.025725 0.830670 -0.249941
v -0.025498 0.830681 -0.249365
v -0.022809 0.829098 -0.251466
v -0.022366 0.828994 -0.251003
v -0.022663 0.826701 -0.253561
v -0.022229 0.826735 -0.252978
v -0.019315 0.826626 -0.253806
v -0.019680 0.826678 -0.253164
v -0.018991 0.828675 -0.252039
v -0.019365 0.828672 -0.251444
v -0.015301 0.829124 -0.251844
v -0.015795 0.829107 -0.251255
v -0.016182 0.832675 -0.248705
v -0.016540 0.832108 -0.248602
v -0.020114 0.833256 -0.247988
v -0.020529 0.832698 -0.247875
v 0.056277 0.832491 -0.238520
v 0.044590 0.820788 -0.249865
v 0.028844 0.824482 -0.248288
v 0.028326 0.827555 -0.245679
v 0.028720 0.845496 -0.230095
v 0.023071 0.856059 -0.221525
v 0.023100 0.870252 -0.209226
v 0.027804 0.871398 -0.207748
v 0.040108 0.866947 -0.210336
v 0.054793 0.847692 -0.225504
v 0.051595 0.835868 -0.236077
v 0.031773 0.831642 -0.241782
v 0.032087 0.845961 -0.229345
v 0.027612 0.854328 -0.222557
v 0.027635 0.864800 -0.213482
v 0.030211 0.865428 -0.212672
v 0.039181 0.862183 -0.214559
v 0.050471 0.847380 -0.226220
v 0.051188 0.831461 -0.239938
v 0.042957 0.823219 -0.247927
v 0.032422 0.825691 -0.246872
v 0.032134 0.827399 -0.245422
v 0.055104 0.835383 -0.241223
v 0.044287 0.824551 -0.251723
v 0.030440 0.827799 -0.250336
v 0.030062 0.830044 -0.248430
v 0.030459 0.848134 -0.232717
v 0.024805 0.858705 -0.224141
v 0.024833 0.871935 -0.212675
v 0.028088 0.872729 -0.211653
v 0.039421 0.868629 -0.214036
v 0.053684 0.849927 -0.228769
v 0.056575 0.834993 -0.241408
v 0.044888 0.823290 -0.252753
v 0.029142 0.826984 -0.251176
v 0.028624 0.830057 -0.248567
v 0.029018 0.847998 -0.232983
v 0.023368 0.858561 -0.224413
v 0.023398 0.872754 -0.212114
v 0.028102 0.873900 -0.210636
v 0.040406 0.869449 -0.213224
v 0.055091 0.850194 -0.228392
v 0.055720 0.836252 -0.242441
v 0.055185 0.836066 -0.242011
v 0.044368 0.825234 -0.252511
v 0.044609 0.825126 -0.253226
v 0.030522 0.828483 -0.251124
v 0.030121 0.828525 -0.251775
v 0.030143 0.830727 -0.249218
v 0.029695 0.831049 -0.249632
v 0.030540 0.848817 -0.233505
v 0.030091 0.849089 -0.233962
v 0.024886 0.859388 -0.224929
v 0.024439 0.859657 -0.225388
v 0.024914 0.872618 -0.213464
v 0.024467 0.873213 -0.213641
v 0.028169 0.873412 -0.212441
v 0.028212 0.874125 -0.212464
v 0.039502 0.869312 -0.214825
v 0.039873 0.869907 -0.214917
v 0.053765 0.850610 -0.229557
v 0.054278 0.851018 -0.229797
v 0.056661 0.835714 -0.242240
v 0.056256 0.836110 -0.242508
v 0.044828 0.824666 -0.253601
v 0.044973 0.824010 -0.253585
v 0.029648 0.828228 -0.252081
v 0.029228 0.827704 -0.252008
v 0.029172 0.831054 -0.249682
v 0.028710 0.830777 -0.249399
v 0.029566 0.849039 -0.234059
v 0.029103 0.848719 -0.233815
v 0.023916 0.859605 -0.225487
v 0.023454 0.859282 -0.225245
v 0.023945 0.873511 -0.213437
v 0.023484 0.873474 -0.212946
v 0.028217 0.874552 -0.212094
v 0.028188 0.874621 -0.211468
v 0.040231 0.870205 -0.214621
v 0.040492 0.870169 -0.214056
v 0.054790 0.851115 -0.229660
v 0.055176 0.850915 -0.229224
v 0.051848 0.837996 -0.238534
v 0.052359 0.837936 -0.239293
v 0.031779 0.833549 -0.245217
v 0.032027 0.833770 -0.244238
v 0.032341 0.848089 -0.231801
v 0.032105 0.848415 -0.232303
v 0.027866 0.856456 -0.225013
v 0.027459 0.857103 -0.225255
v 0.027888 0.866928 -0.215938
v 0.027482 0.867976 -0.215833
v 0.030464 0.867556 -0.215128
v 0.030157 0.868628 -0.214992
v 0.039434 0.864311 -0.217015
v 0.039470 0.865258 -0.216951
v 0.050724 0.849508 -0.228676
v 0.051192 0.849889 -0.229059
v 0.052951 0.834538 -0.242177
v 0.051441 0.833589 -0.242394
v 0.043211 0.825347 -0.250383
v 0.043673 0.825247 -0.251182
v 0.032675 0.827819 -0.249328
v 0.031797 0.828034 -0.249993
v 0.032387 0.829527 -0.247878
v 0.031472 0.829959 -0.248358
v 0.123286 0.859691 -0.203856
v 0.117166 0.855408 -0.208777
v 0.113715 0.856509 -0.208460
v 0.113563 0.860073 -0.205356
v 0.103782 0.870636 -0.197918
v 0.090095 0.869370 -0.201615
v 0.090854 0.860484 -0.209282
v 0.097085 0.844500 -0.222155
v 0.102613 0.842007 -0.223302
v 0.089873 0.839235 -0.228143
v 0.093105 0.843237 -0.224015
v 0.086646 0.858661 -0.211678
v 0.080076 0.864875 -0.207457
v 0.085916 0.875707 -0.196834
v 0.089808 0.873135 -0.198360
v 0.104713 0.875373 -0.193579
v 0.118032 0.861685 -0.203095
v 0.118067 0.840270 -0.221911
v 0.108385 0.839689 -0.224250
v 0.108884 0.836870 -0.226633
v 0.116104 0.833108 -0.228577
v 0.121388 0.862004 -0.207336
v 0.117290 0.859136 -0.210630
v 0.115598 0.859676 -0.210475
v 0.115464 0.862821 -0.207736
v 0.104864 0.874268 -0.199676
v 0.089183 0.872818 -0.203911
v 0.090027 0.862927 -0.212444
v 0.096485 0.846363 -0.225784
v 0.099732 0.844898 -0.226459
v 0.093587 0.843562 -0.228794
v 0.095144 0.845489 -0.226806
v 0.088403 0.861586 -0.213930
v 0.082205 0.867449 -0.209947
v 0.087080 0.876493 -0.201077
v 0.090090 0.874504 -0.202258
v 0.104776 0.876709 -0.197547
v 0.117735 0.863390 -0.206807
v 0.123824 0.862197 -0.206707
v 0.117704 0.857913 -0.211627
v 0.114253 0.859015 -0.211310
v 0.114101 0.862578 -0.208207
v 0.104320 0.873142 -0.200769
v 0.090633 0.871876 -0.204465
v 0.091392 0.862989 -0.212132
v 0.097623 0.847005 -0.225005
v 0.103151 0.844512 -0.226153
v 0.090411 0.841741 -0.230994
v 0.093643 0.845743 -0.226866
v 0.087184 0.861167 -0.214529
v 0.080614 0.867380 -0.210307
v 0.086454 0.878213 -0.199684
v 0.090346 0.875640 -0.201211
v 0.105251 0.877878 -0.196430
v 0.118570 0.864191 -0.205946
v 0.116841 0.841603 -0.226125
v 0.110463 0.841220 -0.227666
v 0.110695 0.839912 -0.228772
v 0.115668 0.837321 -0.230110
v 0.118605 0.842776 -0.224762
v 0.108923 0.842194 -0.227100
v 0.109422 0.839375 -0.229484
v 0.116642 0.835614 -0.231427
v 0.114265 0.863341 -0.209075
v 0.114746 0.863697 -0.209249
v 0.114417 0.859778 -0.212178
v 0.114893 0.860263 -0.212240
v 0.117868 0.858676 -0.212495
v 0.117801 0.859335 -0.212507
v 0.123296 0.863181 -0.208089
v 0.123988 0.862959 -0.207575
v 0.104484 0.873904 -0.201637
v 0.104712 0.874534 -0.201619
v 0.090797 0.872638 -0.205333
v 0.090409 0.873211 -0.205482
v 0.091556 0.863752 -0.213000
v 0.091194 0.864014 -0.213416
v 0.097787 0.847768 -0.225873
v 0.097496 0.847851 -0.226434
v 0.103314 0.845275 -0.227021
v 0.102319 0.845675 -0.227435
v 0.090575 0.842503 -0.231862
v 0.091617 0.843347 -0.231502
v 0.093807 0.846506 -0.227734
v 0.094331 0.846708 -0.228035
v 0.087348 0.861930 -0.215396
v 0.087785 0.862340 -0.215531
v 0.080778 0.868143 -0.211175
v 0.081330 0.868445 -0.211384
v 0.086618 0.878975 -0.200552
v 0.086871 0.878725 -0.201303
v 0.090510 0.876403 -0.202079
v 0.090491 0.876333 -0.202722
v 0.105415 0.878641 -0.197297
v 0.105329 0.878561 -0.197963
v 0.118734 0.864953 -0.206814
v 0.118536 0.864987 -0.207400
v 0.118284 0.843457 -0.226371
v 0.118769 0.843539 -0.225629
v 0.109087 0.842957 -0.227968
v 0.109623 0.842937 -0.228463
v 0.109586 0.840138 -0.230352
v 0.110039 0.840585 -0.230452
v 0.116806 0.836376 -0.232295
v 0.116566 0.837185 -0.232208
v 0.118201 0.864666 -0.207746
v 0.117903 0.864171 -0.207696
v 0.105138 0.878091 -0.198412
v 0.104944 0.877490 -0.198436
v 0.090388 0.875876 -0.203143
v 0.090258 0.875285 -0.203146
v 0.087123 0.878034 -0.201862
v 0.087248 0.877274 -0.201966
v 0.081969 0.868473 -0.211239
v 0.082372 0.868229 -0.210836
v 0.088274 0.862509 -0.215291
v 0.088570 0.862367 -0.214818
v 0.094934 0.846606 -0.228011
v 0.095312 0.846270 -0.227694
v 0.092893 0.844079 -0.230617
v 0.093755 0.844343 -0.229682
v 0.100945 0.845831 -0.227558
v 0.099900 0.845679 -0.227347
v 0.097038 0.847593 -0.226747
v 0.096652 0.847144 -0.226673
v 0.090646 0.863989 -0.213542
v 0.090195 0.863708 -0.213333
v 0.089826 0.873589 -0.205259
v 0.089350 0.873599 -0.204799
v 0.104931 0.874987 -0.201179
v 0.105032 0.875049 -0.200564
v 0.115294 0.863795 -0.209060
v 0.115631 0.863602 -0.208625
v 0.115434 0.860529 -0.211904
v 0.115766 0.860457 -0.211363
v 0.117634 0.859826 -0.212106
v 0.117458 0.859917 -0.211519
v 0.121555 0.862785 -0.208225
v 0.122316 0.863104 -0.208342
v 0.117009 0.842384 -0.227014
v 0.117575 0.842986 -0.226919
v 0.110242 0.842546 -0.228690
v 0.110631 0.842001 -0.228554
v 0.110551 0.840801 -0.230165
v 0.110862 0.840693 -0.229660
v 0.116174 0.837871 -0.231679
v 0.115836 0.838102 -0.230999
v 0.212891 0.899404 -0.118361
v 0.205610 0.907294 -0.111934
v 0.203612 0.903940 -0.117493
v 0.171424 0.921510 -0.112051
v 0.169825 0.925325 -0.107877
v 0.162570 0.925835 -0.111229
v 0.163350 0.921742 -0.116227
v 0.159113 0.920010 -0.120878
v 0.159817 0.912355 -0.130644
v 0.196456 0.893846 -0.134861
v 0.194621 0.892269 -0.137973
v 0.190654 0.891806 -0.140790
v 0.205399 0.884263 -0.142612
v 0.201469 0.891592 -0.135068
v 0.207442 0.900376 -0.120097
v 0.197850 0.904281 -0.120241
v 0.174370 0.917098 -0.116271
v 0.170515 0.917025 -0.118507
v 0.167570 0.915822 -0.121739
v 0.167997 0.911186 -0.127654
v 0.193680 0.898211 -0.130610
v 0.196529 0.897922 -0.129412
v 0.199269 0.903459 -0.120543
v 0.211597 0.903430 -0.120085
v 0.207242 0.908149 -0.116241
v 0.205563 0.905331 -0.120912
v 0.171482 0.923935 -0.115149
v 0.170091 0.927255 -0.111516
v 0.165168 0.927601 -0.113791
v 0.165887 0.923830 -0.118395
v 0.161613 0.922083 -0.123086
v 0.162232 0.915355 -0.131671
v 0.199510 0.896522 -0.135962
v 0.196749 0.894149 -0.140645
v 0.194789 0.893920 -0.142036
v 0.204207 0.889102 -0.143200
v 0.201205 0.894701 -0.137437
v 0.207622 0.904139 -0.121351
v 0.214040 0.902148 -0.120429
v 0.206758 0.910039 -0.114002
v 0.204760 0.906685 -0.119562
v 0.172572 0.924255 -0.114119
v 0.170974 0.928070 -0.109945
v 0.163718 0.928580 -0.113297
v 0.164499 0.924486 -0.118295
v 0.160261 0.922755 -0.122946
v 0.160966 0.915100 -0.132712
v 0.197604 0.896590 -0.136930
v 0.195769 0.895013 -0.140041
v 0.191802 0.894551 -0.142858
v 0.206547 0.887007 -0.144681
v 0.202617 0.894337 -0.137137
v 0.208590 0.903120 -0.122165
v 0.213715 0.904231 -0.121473
v 0.214519 0.903293 -0.121292
v 0.207237 0.911183 -0.114865
v 0.207608 0.910848 -0.116083
v 0.205239 0.907830 -0.120425
v 0.205739 0.907710 -0.121286
v 0.173051 0.925400 -0.114982
v 0.172791 0.925695 -0.115715
v 0.171453 0.929215 -0.110808
v 0.171276 0.929311 -0.111758
v 0.164197 0.929725 -0.114160
v 0.164957 0.929755 -0.114677
v 0.164978 0.925631 -0.119158
v 0.165713 0.925791 -0.119517
v 0.160740 0.923900 -0.123809
v 0.161460 0.924053 -0.124184
v 0.161445 0.916245 -0.133575
v 0.162130 0.916770 -0.133476
v 0.198083 0.897735 -0.137793
v 0.199026 0.898131 -0.137723
v 0.196248 0.896158 -0.140904
v 0.196819 0.896234 -0.141466
v 0.192281 0.895696 -0.143721
v 0.193658 0.895866 -0.143710
v 0.207026 0.888152 -0.145543
v 0.206264 0.889417 -0.145268
v 0.203096 0.895482 -0.138000
v 0.202706 0.896051 -0.138439
v 0.209069 0.904265 -0.123028
v 0.208858 0.905098 -0.123020
v 0.212080 0.904584 -0.120955
v 0.213212 0.904495 -0.121402
v 0.207708 0.910459 -0.116544
v 0.207725 0.909304 -0.117111
v 0.205904 0.907431 -0.121564
v 0.206046 0.906486 -0.121782
v 0.172566 0.925629 -0.115927
v 0.171966 0.925089 -0.116020
v 0.171094 0.929143 -0.112082
v 0.170575 0.928409 -0.112387
v 0.165255 0.929553 -0.114779
v 0.165651 0.928756 -0.114661
v 0.165999 0.925656 -0.119538
v 0.166370 0.924985 -0.119266
v 0.161739 0.923915 -0.124213
v 0.162096 0.923238 -0.123956
v 0.162391 0.916823 -0.133261
v 0.162715 0.916509 -0.132541
v 0.199419 0.898117 -0.137523
v 0.199993 0.897677 -0.136832
v 0.197021 0.896056 -0.141590
v 0.197232 0.895303 -0.141515
v 0.194274 0.895736 -0.143540
v 0.195272 0.895075 -0.142906
v 0.205781 0.889849 -0.144963
v 0.204690 0.890257 -0.144070
v 0.202415 0.896126 -0.138501
v 0.201688 0.895856 -0.138308
v 0.208658 0.905308 -0.122852
v 0.208105 0.905294 -0.122221
v 0.198759 0.906453 -0.121878
v 0.200643 0.906601 -0.121959
v 0.174508 0.920867 -0.117540
v 0.175279 0.919270 -0.117908
v 0.171424 0.919198 -0.120144
v 0.170217 0.920787 -0.120030
v 0.166939 0.919447 -0.123627
v 0.168479 0.917995 -0.123376
v 0.167190 0.914334 -0.130273
v 0.168906 0.913359 -0.129291
v 0.196938 0.898958 -0.134158
v 0.194589 0.900384 -0.132247
v 0.197438 0.900095 -0.131049
v 0.198799 0.898769 -0.133375
v 0.202222 0.905686 -0.122296
v 0.200178 0.905632 -0.122181
v 0.225526 0.938600 -0.048718
v 0.173895 0.953403 -0.060797
v 0.173643 0.956336 -0.056127
v 0.165622 0.951721 -0.069432
v 0.218260 0.936630 -0.057117
v 0.217242 0.935411 -0.059851
v 0.214656 0.934484 -0.063214
v 0.210762 0.934090 -0.066621
v 0.188758 0.940399 -0.071769
v 0.188597 0.942273 -0.068785
v 0.183851 0.943634 -0.069896
v 0.184298 0.938419 -0.078198
v 0.189476 0.936934 -0.076987
v 0.189343 0.938482 -0.074522
v 0.211347 0.932174 -0.069374
v 0.211878 0.925981 -0.079233
v 0.225690 0.918682 -0.081518
v 0.232399 0.922243 -0.070885
v 0.215976 0.927270 -0.074202
v 0.215615 0.929837 -0.070214
v 0.219591 0.930923 -0.065606
v 0.222868 0.931970 -0.061556
v 0.224486 0.934368 -0.056448
v 0.225717 0.941457 -0.051746
v 0.174275 0.956207 -0.063782
v 0.174129 0.957903 -0.061080
v 0.168773 0.954821 -0.069965
v 0.221017 0.939842 -0.057742
v 0.219431 0.937944 -0.062002
v 0.216664 0.936951 -0.065602
v 0.212432 0.936524 -0.069304
v 0.189138 0.943202 -0.074754
v 0.188977 0.945076 -0.071770
v 0.186205 0.945871 -0.072419
v 0.186556 0.941775 -0.078940
v 0.189760 0.940856 -0.078191
v 0.189627 0.942404 -0.075726
v 0.213605 0.935530 -0.070116
v 0.214153 0.929140 -0.080288
v 0.226621 0.922552 -0.082351
v 0.231876 0.925342 -0.074021
v 0.216385 0.930083 -0.077150
v 0.215914 0.933434 -0.071946
v 0.220177 0.934598 -0.067005
v 0.223304 0.935597 -0.063140
v 0.224835 0.937866 -0.058306
v 0.226845 0.941680 -0.050581
v 0.175214 0.956483 -0.062661
v 0.174962 0.959416 -0.057991
v 0.166941 0.954801 -0.071295
v 0.219579 0.939709 -0.058980
v 0.218561 0.938491 -0.061714
v 0.215975 0.937563 -0.065078
v 0.212081 0.937170 -0.068484
v 0.190077 0.943479 -0.073633
v 0.189916 0.945353 -0.070649
v 0.185170 0.946713 -0.071759
v 0.185617 0.941498 -0.080062
v 0.190795 0.940014 -0.078850
v 0.190662 0.941562 -0.076386
v 0.212666 0.935253 -0.071237
v 0.213197 0.929061 -0.081096
v 0.227009 0.921762 -0.083382
v 0.233718 0.925323 -0.072749
v 0.217295 0.930350 -0.076065
v 0.216934 0.932917 -0.072078
v 0.220910 0.934002 -0.067470
v 0.224187 0.935050 -0.063419
v 0.225805 0.937447 -0.058312
v 0.227306 0.942758 -0.051234
v 0.226992 0.943014 -0.051923
v 0.175439 0.957795 -0.063984
v 0.175676 0.957561 -0.063313
v 0.175231 0.960220 -0.060124
v 0.175424 0.960494 -0.058643
v 0.168305 0.956235 -0.071611
v 0.167403 0.955879 -0.071948
v 0.220781 0.941190 -0.059334
v 0.220040 0.940788 -0.059633
v 0.219529 0.939692 -0.062695
v 0.219023 0.939569 -0.062367
v 0.216869 0.938737 -0.066156
v 0.216437 0.938642 -0.065730
v 0.212836 0.938330 -0.069684
v 0.212543 0.938248 -0.069137
v 0.190301 0.944791 -0.074956
v 0.190538 0.944557 -0.074285
v 0.190141 0.946665 -0.071973
v 0.190378 0.946431 -0.071301
v 0.186206 0.947793 -0.072893
v 0.185632 0.947792 -0.072412
v 0.186614 0.943038 -0.080463
v 0.186079 0.942577 -0.080714
v 0.190980 0.941786 -0.079442
v 0.191256 0.941092 -0.079503
v 0.190847 0.943334 -0.076977
v 0.191124 0.942640 -0.077038
v 0.213663 0.936793 -0.071639
v 0.213128 0.936332 -0.071890
v 0.214201 0.930519 -0.081627
v 0.213659 0.930139 -0.081749
v 0.227460 0.923513 -0.083821
v 0.227471 0.922840 -0.084034
v 0.233572 0.926756 -0.074134
v 0.234180 0.926401 -0.073401
v 0.217531 0.931666 -0.077374
v 0.217757 0.931428 -0.076718
v 0.217126 0.934555 -0.072886
v 0.217396 0.933995 -0.072730
v 0.221219 0.935673 -0.068141
v 0.221371 0.935081 -0.068122
v 0.224434 0.936701 -0.064167
v 0.224648 0.936128 -0.064072
v 0.226017 0.939045 -0.059172
v 0.226266 0.938526 -0.058964
v 0.225312 0.938980 -0.058980
v 0.225803 0.939137 -0.059171
v 0.223781 0.936711 -0.063814
v 0.224240 0.936821 -0.064106
v 0.220654 0.935712 -0.067679
v 0.221058 0.935804 -0.068039
v 0.216391 0.934547 -0.072620
v 0.216901 0.934669 -0.072857
v 0.216862 0.931197 -0.077824
v 0.217331 0.931607 -0.077612
v 0.232353 0.926456 -0.074695
v 0.233167 0.926761 -0.074414
v 0.227098 0.923666 -0.083025
v 0.227375 0.923687 -0.083594
v 0.214630 0.930254 -0.080962
v 0.214411 0.930537 -0.081449
v 0.214082 0.936643 -0.070790
v 0.213869 0.936853 -0.071393
v 0.190104 0.943518 -0.076400
v 0.190619 0.943519 -0.076832
v 0.190237 0.941970 -0.078865
v 0.190752 0.941971 -0.079297
v 0.187033 0.942889 -0.079614
v 0.186820 0.943099 -0.080217
v 0.186682 0.946985 -0.073093
v 0.186434 0.947608 -0.073038
v 0.189454 0.946190 -0.072444
v 0.189934 0.946604 -0.072219
v 0.189615 0.944316 -0.075428
v 0.190095 0.944730 -0.075203
v 0.212909 0.937637 -0.069978
v 0.212913 0.938188 -0.069864
v 0.217141 0.938065 -0.066276
v 0.217020 0.938603 -0.066271
v 0.219908 0.939058 -0.062676
v 0.219721 0.939572 -0.062758
v 0.221494 0.940956 -0.058416
v 0.221097 0.941219 -0.059062
v 0.169250 0.955935 -0.070639
v 0.168708 0.956240 -0.071319
v 0.174607 0.959017 -0.061754
v 0.175048 0.959887 -0.060803
v 0.174752 0.957320 -0.064456
v 0.175232 0.957734 -0.064231
v 0.226744 0.942965 -0.052179
v 0.226194 0.942571 -0.052420
v 0.219503 0.962417 -0.007583
v 0.210412 0.968224 -0.002841
v 0.190385 0.974224 -0.007159
v 0.178994 0.983418 0.002952
v 0.161416 0.982672 -0.013908
v 0.181794 0.964929 -0.034815
v 0.193043 0.970653 -0.012618
v 0.204610 0.967188 -0.010124
v 0.215495 0.959225 -0.017997
v 0.186334 0.974199 -0.010725
v 0.179723 0.979535 -0.004857
v 0.170753 0.979155 -0.013460
v 0.181330 0.969945 -0.024311
v 0.187704 0.973189 -0.011733
v 0.218385 0.966282 -0.010233
v 0.211188 0.970879 -0.006478
v 0.190910 0.976955 -0.010851
v 0.180169 0.985623 -0.001318
v 0.165599 0.985005 -0.015292
v 0.182780 0.970045 -0.032920
v 0.193134 0.975314 -0.012488
v 0.206680 0.971256 -0.009567
v 0.216037 0.964411 -0.016335
v 0.220852 0.965801 -0.009139
v 0.211761 0.971608 -0.004397
v 0.191735 0.977608 -0.008715
v 0.180343 0.986802 0.001395
v 0.162766 0.986056 -0.015464
v 0.183143 0.968312 -0.036371
v 0.194392 0.974037 -0.014174
v 0.205959 0.970571 -0.011680
v 0.216845 0.962608 -0.019554
v 0.221255 0.966812 -0.009604
v 0.220767 0.967465 -0.010150
v 0.212209 0.972931 -0.005686
v 0.212164 0.972619 -0.004862
v 0.192112 0.978952 -0.010020
v 0.192138 0.978619 -0.009180
v 0.180904 0.987998 -0.000072
v 0.180747 0.987813 0.000930
v 0.164173 0.987289 -0.016119
v 0.163169 0.987067 -0.015929
v 0.183650 0.970329 -0.036102
v 0.183546 0.969323 -0.036836
v 0.194647 0.975925 -0.014402
v 0.194795 0.975048 -0.014639
v 0.206772 0.972292 -0.011788
v 0.206362 0.971582 -0.012145
v 0.217227 0.964644 -0.019350
v 0.217248 0.963619 -0.020019
v 0.216439 0.965420 -0.016799
v 0.216875 0.965429 -0.017949
v 0.207083 0.972264 -0.010031
v 0.207086 0.972590 -0.010868
v 0.193536 0.976323 -0.012952
v 0.194100 0.976481 -0.013668
v 0.183182 0.971053 -0.033384
v 0.183492 0.971083 -0.034600
v 0.166001 0.986014 -0.015756
v 0.165407 0.986831 -0.016044
v 0.180571 0.986632 -0.001782
v 0.180828 0.987485 -0.001253
v 0.191312 0.977963 -0.011315
v 0.191753 0.978668 -0.010949
v 0.211590 0.971888 -0.006942
v 0.211960 0.972614 -0.006592
v 0.219693 0.967674 -0.010626
v 0.218787 0.967291 -0.010697
v 0.187311 0.976649 -0.011852
v 0.188803 0.977365 -0.011786
v 0.180759 0.983857 -0.004646
v 0.180700 0.981985 -0.005984
v 0.169847 0.983394 -0.015112
v 0.171730 0.981605 -0.014587
v 0.182714 0.972190 -0.028313
v 0.182307 0.972395 -0.025438
v 0.190469 0.976137 -0.013012
v 0.188681 0.975639 -0.012860
v 0.167562 1.009945 0.068879
v 0.198810 0.994662 0.051891
v 0.149661 0.996024 0.013318
v 0.170346 1.005343 0.058036
v 0.186343 0.997519 0.049339
v 0.161182 0.998216 0.029592
v 0.170137 1.011414 0.063525
v 0.194746 0.999377 0.050146
v 0.156039 1.000450 0.019767
v 0.168579 1.013332 0.067702
v 0.199827 0.998049 0.050715
v 0.150678 0.999411 0.012141
v 0.168863 1.014278 0.067374
v 0.169479 1.014478 0.066044
v 0.198999 1.000040 0.049995
v 0.200111 0.998995 0.050386
v 0.152567 1.001327 0.013554
v 0.150962 1.000357 0.011813
v 0.170076 1.013743 0.064443
v 0.170343 1.012100 0.063286
v 0.194953 1.000064 0.049907
v 0.197052 1.000549 0.049777
v 0.156245 1.001136 0.019528
v 0.154621 1.001725 0.016476
v 0.170968 1.009595 0.059008
v 0.170960 1.007387 0.057326
v 0.186956 0.999563 0.048629
v 0.189741 1.000414 0.048802
v 0.161796 1.000260 0.028882
v 0.160213 1.001232 0.025628
v 0.039730 1.042560 0.126305
v 0.040262 1.040958 0.118170
v 0.036893 1.040658 0.115006
v 0.042652 1.040106 0.114839
v 0.042615 1.040590 0.117352
v 0.069237 1.036526 0.108668
v 0.052563 1.033019 0.082421
v 0.046399 1.032928 0.079033
v 0.059489 1.030072 0.070270
v 0.058821 1.031708 0.078520
v 0.079738 1.036243 0.112152
v 0.045271 1.041544 0.123604
v 0.045161 1.042249 0.127243
v 0.038819 1.037846 0.101196
v 0.048946 1.036823 0.100624
v 0.051327 1.035995 0.097419
v 0.043449 1.035096 0.088987
v 0.039334 1.035549 0.089412
v 0.041136 1.037186 0.098832
v 0.047208 1.036572 0.098489
v 0.048414 1.036153 0.096866
v 0.043504 1.035592 0.091610
v 0.041442 1.035819 0.091823
v 0.040954 1.046101 0.124904
v 0.041463 1.044571 0.117131
v 0.039256 1.044374 0.115058
v 0.042140 1.044097 0.114974
v 0.042098 1.044639 0.117789
v 0.070850 1.040251 0.108411
v 0.053493 1.036599 0.081090
v 0.048334 1.036524 0.078255
v 0.058851 1.034229 0.071214
v 0.058303 1.035574 0.077994
v 0.078816 1.040021 0.110977
v 0.044789 1.045254 0.122283
v 0.044690 1.045887 0.125550
v 0.040035 1.041351 0.099601
v 0.048834 1.040461 0.099105
v 0.050582 1.039854 0.096751
v 0.043467 1.039042 0.089136
v 0.040480 1.039371 0.089444
v 0.040069 1.046312 0.125588
v 0.040601 1.044710 0.117453
v 0.037232 1.044410 0.114289
v 0.042990 1.043858 0.114122
v 0.042954 1.044341 0.116635
v 0.069576 1.040278 0.107951
v 0.052902 1.036770 0.081705
v 0.046738 1.036680 0.078317
v 0.059828 1.033824 0.069554
v 0.059160 1.035460 0.077803
v 0.080077 1.039995 0.111435
v 0.045610 1.045296 0.122887
v 0.045499 1.046001 0.126527
v 0.039157 1.041598 0.100480
v 0.049285 1.040574 0.099908
v 0.051665 1.039747 0.096702
v 0.043788 1.038848 0.088270
v 0.039673 1.039300 0.088695
v 0.040579 1.047731 0.125011
v 0.040174 1.047472 0.125366
v 0.040706 1.045870 0.117232
v 0.041101 1.046159 0.117029
v 0.037337 1.045570 0.114068
v 0.038222 1.045902 0.114326
v 0.043095 1.045018 0.113901
v 0.042767 1.045467 0.114194
v 0.043058 1.045501 0.116414
v 0.042729 1.045975 0.116835
v 0.069681 1.041438 0.107730
v 0.070250 1.041774 0.107857
v 0.053007 1.037930 0.081483
v 0.053288 1.038206 0.081157
v 0.046843 1.037840 0.078095
v 0.047548 1.038122 0.078003
v 0.059932 1.034984 0.069332
v 0.059552 1.035502 0.069966
v 0.059265 1.036620 0.077582
v 0.058934 1.037015 0.077596
v 0.080181 1.041155 0.111214
v 0.079681 1.041514 0.110954
v 0.045715 1.046456 0.122665
v 0.045400 1.046786 0.122344
v 0.045604 1.047161 0.126305
v 0.045294 1.047460 0.125826
v 0.039262 1.042758 0.100258
v 0.039664 1.043001 0.099821
v 0.049230 1.042034 0.099281
v 0.049389 1.041734 0.099686
v 0.051344 1.041300 0.096435
v 0.051770 1.040907 0.096480
v 0.043788 1.040437 0.088348
v 0.043893 1.040008 0.088049
v 0.040150 1.040838 0.088723
v 0.039778 1.040461 0.088473
v 0.041073 1.047414 0.124654
v 0.040881 1.047659 0.124778
v 0.041395 1.046111 0.116919
v 0.041582 1.045883 0.116880
v 0.038912 1.045890 0.114588
v 0.039374 1.045687 0.114807
v 0.042477 1.045548 0.114484
v 0.042258 1.045410 0.114724
v 0.042437 1.046076 0.117228
v 0.042217 1.045952 0.117539
v 0.070684 1.041765 0.108014
v 0.070968 1.041563 0.108160
v 0.053489 1.038148 0.080948
v 0.053612 1.037912 0.080839
v 0.048092 1.038068 0.077981
v 0.048453 1.037836 0.078004
v 0.059219 1.035641 0.070533
v 0.058970 1.035542 0.070963
v 0.058642 1.037054 0.077661
v 0.058421 1.036886 0.077743
v 0.079251 1.041523 0.110798
v 0.078935 1.041334 0.110727
v 0.045120 1.046772 0.122138
v 0.044908 1.046567 0.122032
v 0.045018 1.047422 0.125493
v 0.044809 1.047200 0.125299
v 0.039963 1.042917 0.099521
v 0.040154 1.042664 0.099351
v 0.048952 1.041774 0.098854
v 0.049077 1.041996 0.099007
v 0.050700 1.041167 0.096501
v 0.050975 1.041336 0.096452
v 0.043585 1.040355 0.088885
v 0.043679 1.040504 0.088643
v 0.040598 1.040683 0.089194
v 0.040425 1.040862 0.088979
v 0.040859 1.041114 0.098751
v 0.041422 1.040351 0.098228
v 0.047493 1.039737 0.097885
v 0.048097 1.040382 0.098342
v 0.048699 1.039318 0.096261
v 0.049535 1.039883 0.096407
v 0.043789 1.038757 0.091006
v 0.043682 1.039215 0.090142
v 0.041728 1.038984 0.091219
v 0.041225 1.039485 0.090396
v -0.003523 1.034119 0.078041
v -0.013693 1.034103 0.077986
v -0.003436 1.033799 0.076306
v 0.002458 1.043875 0.130961
v 0.003248 1.033621 0.075323
v -0.019465 1.033368 0.074010
v -0.020423 1.036085 0.088753
v -0.013555 1.035227 0.084082
v -0.002503 1.035251 0.084180
v -0.004226 1.041608 0.118677
v -0.016498 1.040370 0.111996
v -0.021854 1.038917 0.104125
v -0.026628 1.041838 0.119989
v -0.018389 1.041635 0.118864
v -0.002200 1.038544 0.078649
v 0.001098 1.047607 0.127815
v -0.002104 1.038189 0.076725
v 0.001831 1.038085 0.076147
v -0.014137 1.038526 0.078584
v -0.018236 1.038003 0.075761
v -0.018853 1.039752 0.085251
v -0.013986 1.039144 0.081941
v -0.001043 1.039172 0.082056
v -0.002948 1.046196 0.120170
v -0.017469 1.044731 0.112264
v -0.021363 1.043675 0.106542
v -0.024682 1.045706 0.117573
v -0.018102 1.045544 0.116674
v -0.003525 1.038289 0.077273
v -0.013695 1.038274 0.077217
v -0.003438 1.037970 0.075537
v 0.002456 1.048046 0.130193
v 0.003245 1.037792 0.074555
v -0.019467 1.037538 0.073242
v -0.020425 1.040255 0.087984
v -0.013557 1.039398 0.083313
v -0.002505 1.039421 0.083412
v -0.004228 1.045778 0.117909
v -0.016500 1.044541 0.111227
v -0.021856 1.043088 0.103357
v -0.026630 1.046009 0.119220
v -0.018391 1.045806 0.118095
v -0.003124 1.039639 0.077455
v -0.003525 1.039148 0.077115
v -0.013695 1.039132 0.077059
v -0.013829 1.039623 0.077397
v -0.003034 1.039309 0.075662
v -0.003438 1.038828 0.075379
v 0.002044 1.049186 0.129238
v 0.002455 1.048904 0.130035
v 0.003245 1.038650 0.074396
v 0.002816 1.039153 0.074802
v -0.019468 1.038397 0.073083
v -0.019095 1.038952 0.073770
v -0.020425 1.041113 0.087826
v -0.019949 1.041376 0.086922
v -0.013558 1.040256 0.083155
v -0.013688 1.040594 0.082663
v -0.002505 1.040280 0.083253
v -0.002062 1.040619 0.082766
v -0.004229 1.046637 0.117751
v -0.003841 1.047178 0.118359
v -0.016500 1.045399 0.111069
v -0.016794 1.045871 0.111307
v -0.021857 1.043946 0.103199
v -0.021708 1.044538 0.104087
v -0.026630 1.046867 0.119062
v -0.026040 1.047190 0.118487
v -0.018391 1.046664 0.117937
v -0.018304 1.046999 0.117430
v -0.018168 1.046876 0.116762
v -0.018102 1.046506 0.116497
v -0.025126 1.047048 0.117713
v -0.024683 1.046668 0.117395
v -0.021476 1.044814 0.105583
v -0.021364 1.044637 0.106365
v -0.017249 1.045961 0.111794
v -0.017470 1.045693 0.112087
v -0.003240 1.047374 0.119422
v -0.002948 1.047158 0.119993
v -0.001376 1.040502 0.082129
v -0.001044 1.040134 0.081878
v -0.013889 1.040475 0.082018
v -0.013986 1.040106 0.081764
v -0.019211 1.041139 0.085638
v -0.018853 1.040714 0.085074
v -0.018517 1.039171 0.074953
v -0.018237 1.038965 0.075583
v -0.014037 1.039741 0.078038
v -0.014138 1.039487 0.078406
v 0.002152 1.039291 0.075550
v 0.001830 1.039046 0.075969
v -0.002104 1.039151 0.076548
v -0.002408 1.039412 0.076220
v 0.001097 1.048569 0.127638
v 0.001406 1.048980 0.128121
v -0.002200 1.039505 0.078472
v -0.002502 1.039759 0.078101
v 0.060755 0.746690 -0.300727
v 0.093762 0.739017 -0.304053
v 0.088178 0.734236 -0.308582
v 0.053990 0.743485 -0.304047
v 0.059605 0.744782 -0.302433
v 0.071592 0.736617 -0.308146
v 0.081768 0.734244 -0.309177
v 0.061986 0.712273 -0.329440
v 0.062678 0.701088 -0.338744
v 0.042163 0.710312 -0.332945
v 0.057259 0.714877 -0.327703
v 0.057501 0.711460 -0.330542
v 0.057855 0.705739 -0.335301
v 0.048644 0.709881 -0.332697
v 0.056306 0.712198 -0.330037
v 0.061872 0.747228 -0.304224
v 0.091140 0.740423 -0.307174
v 0.087866 0.737620 -0.309829
v 0.059266 0.745357 -0.306036
v 0.060983 0.745754 -0.305543
v 0.072666 0.737164 -0.311640
v 0.079449 0.735582 -0.312327
v 0.060619 0.714668 -0.331615
v 0.061205 0.705195 -0.339495
v 0.045953 0.712053 -0.335183
v 0.058640 0.715890 -0.330777
v 0.060977 0.748675 -0.303096
v 0.093985 0.741001 -0.306422
v 0.088401 0.736221 -0.310951
v 0.054213 0.745470 -0.306417
v 0.059827 0.746767 -0.304803
v 0.071815 0.738601 -0.310516
v 0.081991 0.736229 -0.311547
v 0.062208 0.714257 -0.331809
v 0.062901 0.703072 -0.341113
v 0.042386 0.712297 -0.335314
v 0.057482 0.716862 -0.330072
v 0.057724 0.713444 -0.332912
v 0.058078 0.707724 -0.337670
v 0.048867 0.711865 -0.335067
v 0.056529 0.714182 -0.332406
v 0.061411 0.748826 -0.304403
v 0.061014 0.749000 -0.303484
v 0.094021 0.741326 -0.306810
v 0.092944 0.741495 -0.307580
v 0.088438 0.736546 -0.311339
v 0.088271 0.737494 -0.311370
v 0.054249 0.745795 -0.306804
v 0.056287 0.746147 -0.307128
v 0.059864 0.747092 -0.305190
v 0.060364 0.747089 -0.305956
v 0.072231 0.738756 -0.311821
v 0.071851 0.738926 -0.310903
v 0.082027 0.736554 -0.311934
v 0.081069 0.736695 -0.312716
v 0.062245 0.714582 -0.332197
v 0.061662 0.715141 -0.332594
v 0.062937 0.703397 -0.341501
v 0.062313 0.704631 -0.341336
v 0.042422 0.712622 -0.335702
v 0.043874 0.712922 -0.336124
v 0.057518 0.717187 -0.330460
v 0.058020 0.717200 -0.331212
v 0.058477 0.716816 -0.331490
v 0.058697 0.716399 -0.331386
v 0.045282 0.712826 -0.336072
v 0.046010 0.712563 -0.335792
v 0.061644 0.705469 -0.340697
v 0.061262 0.705704 -0.340103
v 0.061035 0.715303 -0.332517
v 0.060676 0.715178 -0.332223
v 0.080066 0.736440 -0.313024
v 0.079506 0.736092 -0.312936
v 0.072723 0.737673 -0.312248
v 0.072567 0.738188 -0.312265
v 0.060820 0.746689 -0.306248
v 0.061040 0.746263 -0.306151
v 0.058282 0.746103 -0.306978
v 0.059324 0.745867 -0.306645
v 0.088060 0.738047 -0.310927
v 0.087923 0.738130 -0.310438
v 0.091821 0.741267 -0.307877
v 0.091198 0.740933 -0.307782
v 0.061929 0.747738 -0.304833
v 0.061764 0.748255 -0.304848
v 0.172834 0.732480 -0.295066
v 0.197340 0.745435 -0.277963
v 0.198110 0.726651 -0.294399
v 0.170978 0.727290 -0.300084
v 0.142066 0.750475 -0.286239
v 0.133049 0.752662 -0.286381
v 0.141761 0.758963 -0.278802
v 0.147482 0.757655 -0.278640
v 0.146681 0.753747 -0.282281
v 0.179661 0.731483 -0.294375
v 0.194029 0.739077 -0.284348
v 0.194428 0.729332 -0.292876
v 0.178806 0.729700 -0.296149
v 0.173337 0.733238 -0.298573
v 0.196666 0.745569 -0.282293
v 0.197314 0.729745 -0.296139
v 0.171949 0.730343 -0.301453
v 0.143195 0.753402 -0.287683
v 0.136145 0.755112 -0.287795
v 0.142794 0.759921 -0.282010
v 0.146541 0.759064 -0.281904
v 0.145832 0.755604 -0.285128
v 0.173373 0.734549 -0.297405
v 0.197879 0.747504 -0.280303
v 0.198649 0.728720 -0.296738
v 0.171517 0.729359 -0.302423
v 0.142605 0.752544 -0.288578
v 0.133587 0.754732 -0.288720
v 0.142300 0.761032 -0.281141
v 0.148021 0.759724 -0.280980
v 0.147220 0.755816 -0.284620
v 0.173580 0.734911 -0.298786
v 0.173511 0.735077 -0.298002
v 0.198017 0.748031 -0.280899
v 0.197654 0.747637 -0.281985
v 0.198786 0.729247 -0.297335
v 0.198379 0.729939 -0.297472
v 0.171654 0.729887 -0.303020
v 0.171895 0.730563 -0.303021
v 0.142742 0.753072 -0.289174
v 0.143040 0.753701 -0.289203
v 0.133725 0.755259 -0.289317
v 0.134745 0.755714 -0.289334
v 0.142438 0.761560 -0.281738
v 0.142701 0.761468 -0.282413
v 0.148158 0.760252 -0.281576
v 0.147698 0.760325 -0.282272
v 0.147358 0.756344 -0.285217
v 0.146931 0.756581 -0.285760
v 0.146461 0.756509 -0.285932
v 0.145986 0.756194 -0.285795
v 0.147196 0.760102 -0.282585
v 0.146695 0.759654 -0.282571
v 0.142868 0.761091 -0.282707
v 0.142948 0.760510 -0.282676
v 0.135611 0.755843 -0.289020
v 0.136298 0.755702 -0.288461
v 0.143240 0.753992 -0.288900
v 0.143348 0.753991 -0.288350
v 0.172041 0.730896 -0.302692
v 0.172103 0.730933 -0.302120
v 0.197927 0.730286 -0.297268
v 0.197468 0.730335 -0.296805
v 0.197243 0.746982 -0.282660
v 0.196819 0.746159 -0.282960
v 0.173491 0.733827 -0.299240
v 0.173568 0.734467 -0.299182
v 0.179105 0.733502 -0.297011
v 0.180061 0.733017 -0.296110
v 0.194429 0.740612 -0.286083
v 0.194903 0.741852 -0.285986
v 0.194828 0.730866 -0.294611
v 0.195342 0.731136 -0.295363
v 0.179206 0.731234 -0.297884
v 0.178165 0.731541 -0.298962
v 0.262315 0.790374 -0.211083
v 0.265222 0.791694 -0.208631
v 0.266369 0.796771 -0.202942
v 0.271605 0.790769 -0.207212
v 0.285312 0.781841 -0.211359
v 0.296678 0.777967 -0.211140
v 0.287364 0.773034 -0.219723
v 0.279772 0.780686 -0.214621
v 0.265628 0.775109 -0.225670
v 0.259484 0.775116 -0.227952
v 0.254175 0.776310 -0.228692
v 0.246949 0.779316 -0.228269
v 0.235229 0.785702 -0.226016
v 0.232628 0.787137 -0.225499
v 0.226041 0.781444 -0.233852
v 0.230598 0.776200 -0.237590
v 0.239160 0.777082 -0.233486
v 0.244171 0.769865 -0.239099
v 0.235996 0.773277 -0.238609
v 0.229602 0.771933 -0.242384
v 0.219112 0.780533 -0.237378
v 0.229973 0.792704 -0.220718
v 0.237269 0.788969 -0.221871
v 0.248694 0.782096 -0.224738
v 0.254462 0.780064 -0.224695
v 0.259356 0.778843 -0.224136
v 0.263527 0.779244 -0.222167
v 0.274838 0.783905 -0.213122
v 0.268698 0.789449 -0.209664
v 0.268297 0.787288 -0.212053
v 0.265194 0.792469 -0.212659
v 0.267103 0.793335 -0.211049
v 0.267894 0.796837 -0.207125
v 0.271621 0.792565 -0.210165
v 0.285676 0.783410 -0.214417
v 0.295190 0.780167 -0.214234
v 0.288233 0.776482 -0.220644
v 0.280720 0.784054 -0.215596
v 0.265912 0.778216 -0.227164
v 0.260180 0.778222 -0.229293
v 0.255195 0.779343 -0.229988
v 0.248194 0.782255 -0.229578
v 0.236557 0.788597 -0.227341
v 0.233061 0.790525 -0.226645
v 0.225445 0.783943 -0.236304
v 0.231018 0.777530 -0.240874
v 0.239473 0.778402 -0.236821
v 0.242520 0.774013 -0.240234
v 0.236687 0.776448 -0.239884
v 0.230566 0.775161 -0.243498
v 0.221369 0.782702 -0.239109
v 0.231278 0.793806 -0.223909
v 0.237555 0.790592 -0.224901
v 0.249079 0.783660 -0.227793
v 0.255092 0.781541 -0.227748
v 0.260336 0.780234 -0.227150
v 0.264930 0.780675 -0.224981
v 0.277347 0.785792 -0.215052
v 0.268670 0.793625 -0.210165
v 0.268170 0.790934 -0.213141
v 0.263126 0.792631 -0.213261
v 0.266034 0.793952 -0.210809
v 0.267181 0.799028 -0.205120
v 0.272417 0.793026 -0.209390
v 0.286123 0.784099 -0.213537
v 0.297489 0.780224 -0.213318
v 0.288176 0.775291 -0.221901
v 0.280583 0.782943 -0.216799
v 0.266439 0.777367 -0.227848
v 0.260295 0.777373 -0.230130
v 0.254986 0.778567 -0.230870
v 0.247760 0.781573 -0.230447
v 0.236040 0.787960 -0.228194
v 0.233439 0.789394 -0.227676
v 0.226852 0.783702 -0.236030
v 0.231410 0.778457 -0.239768
v 0.239972 0.779339 -0.235664
v 0.244982 0.772122 -0.241277
v 0.236808 0.775534 -0.240786
v 0.230413 0.774190 -0.244562
v 0.219924 0.782791 -0.239556
v 0.230785 0.794961 -0.222895
v 0.238080 0.791226 -0.224049
v 0.249505 0.784353 -0.226915
v 0.255273 0.782321 -0.226872
v 0.260167 0.781101 -0.226314
v 0.264338 0.781501 -0.224345
v 0.275650 0.786162 -0.215300
v 0.269509 0.791706 -0.211842
v 0.269108 0.789546 -0.214230
v 0.263345 0.793242 -0.213850
v 0.264127 0.793461 -0.213914
v 0.266705 0.794631 -0.211741
v 0.266253 0.794562 -0.211398
v 0.267734 0.799187 -0.206635
v 0.267400 0.799639 -0.205709
v 0.272471 0.793757 -0.210498
v 0.272636 0.793637 -0.209979
v 0.286293 0.784754 -0.214680
v 0.286343 0.784709 -0.214126
v 0.297047 0.781088 -0.214473
v 0.297709 0.780835 -0.213907
v 0.288512 0.776568 -0.222338
v 0.288395 0.775901 -0.222490
v 0.280946 0.784193 -0.217253
v 0.280802 0.783554 -0.217388
v 0.266582 0.778531 -0.228474
v 0.266658 0.777977 -0.228437
v 0.260575 0.778537 -0.230706
v 0.260515 0.777984 -0.230719
v 0.255373 0.779707 -0.231431
v 0.255206 0.779178 -0.231460
v 0.248221 0.782682 -0.231012
v 0.247980 0.782183 -0.231036
v 0.236529 0.789054 -0.228764
v 0.236260 0.788570 -0.228783
v 0.233631 0.790651 -0.228188
v 0.233658 0.790005 -0.228266
v 0.226705 0.784665 -0.236973
v 0.227072 0.784312 -0.236619
v 0.231598 0.779034 -0.240986
v 0.231629 0.779067 -0.240357
v 0.240124 0.779913 -0.236899
v 0.240191 0.779950 -0.236253
v 0.244486 0.773630 -0.241785
v 0.245202 0.772733 -0.241866
v 0.237085 0.776719 -0.241341
v 0.237027 0.776145 -0.241376
v 0.230781 0.775394 -0.245062
v 0.230633 0.774801 -0.245151
v 0.220719 0.783645 -0.240260
v 0.220143 0.783401 -0.240145
v 0.231265 0.795462 -0.224083
v 0.231004 0.795572 -0.223485
v 0.238224 0.791900 -0.225183
v 0.238300 0.791836 -0.224638
v 0.249682 0.785007 -0.228058
v 0.249724 0.784964 -0.227505
v 0.255531 0.782947 -0.228014
v 0.255492 0.782932 -0.227462
v 0.260540 0.781697 -0.227443
v 0.260387 0.781711 -0.226903
v 0.264851 0.782112 -0.225407
v 0.264558 0.782112 -0.224934
v 0.276528 0.786923 -0.216070
v 0.275869 0.786773 -0.215889
v 0.269549 0.793224 -0.212140
v 0.269729 0.792317 -0.212431
v 0.269116 0.790888 -0.214723
v 0.269328 0.790156 -0.214820
v 0.264793 0.793408 -0.213720
v 0.265409 0.793066 -0.213235
v 0.267318 0.793932 -0.211625
v 0.267049 0.794433 -0.211818
v 0.268109 0.797434 -0.207701
v 0.267964 0.798482 -0.207281
v 0.271836 0.793162 -0.210741
v 0.272215 0.793609 -0.210748
v 0.285890 0.784007 -0.214993
v 0.286149 0.784533 -0.214964
v 0.295404 0.780764 -0.214809
v 0.296306 0.781070 -0.214768
v 0.288448 0.777079 -0.221220
v 0.288531 0.776952 -0.221933
v 0.280935 0.784651 -0.216172
v 0.280990 0.784551 -0.216866
v 0.266126 0.778813 -0.227740
v 0.266412 0.778804 -0.228254
v 0.260395 0.778819 -0.229869
v 0.260538 0.778810 -0.230436
v 0.255410 0.779940 -0.230564
v 0.255440 0.779957 -0.231147
v 0.248408 0.782852 -0.230154
v 0.248361 0.782902 -0.230732
v 0.236771 0.789194 -0.227916
v 0.236695 0.789259 -0.228489
v 0.233275 0.791122 -0.227221
v 0.233510 0.791015 -0.227856
v 0.225660 0.784540 -0.236880
v 0.226252 0.784743 -0.237061
v 0.231232 0.778127 -0.241450
v 0.231471 0.778735 -0.241342
v 0.239688 0.778998 -0.237397
v 0.239964 0.779611 -0.237271
v 0.242735 0.774610 -0.240810
v 0.243693 0.774240 -0.241449
v 0.236902 0.777044 -0.240460
v 0.237047 0.777014 -0.241050
v 0.230781 0.775758 -0.244074
v 0.230831 0.775707 -0.244720
v 0.221584 0.783299 -0.239685
v 0.221185 0.783616 -0.240116
v 0.231493 0.794403 -0.224485
v 0.231424 0.795090 -0.224409
v 0.237769 0.791189 -0.225477
v 0.238055 0.791696 -0.225457
v 0.249294 0.784256 -0.228369
v 0.249544 0.784784 -0.228340
v 0.255307 0.782138 -0.228324
v 0.255473 0.782695 -0.228296
v 0.260550 0.780830 -0.227726
v 0.260595 0.781418 -0.227712
v 0.265145 0.781272 -0.225557
v 0.265042 0.781845 -0.225612
v 0.277562 0.786389 -0.215628
v 0.277075 0.786804 -0.215990
v 0.268884 0.794222 -0.210741
v 0.269279 0.793842 -0.211600
v 0.268385 0.791531 -0.213717
v 0.268814 0.791335 -0.214372
v 0.338426 0.836762 -0.118307
v 0.337679 0.829673 -0.127954
v 0.331117 0.833512 -0.126384
v 0.315151 0.836598 -0.130731
v 0.313239 0.826732 -0.144616
v 0.319273 0.824364 -0.144543
v 0.313725 0.823909 -0.148047
v 0.306914 0.825961 -0.148941
v 0.302794 0.824958 -0.152411
v 0.301157 0.826798 -0.150868
v 0.305859 0.827751 -0.147158
v 0.308103 0.839232 -0.130989
v 0.290610 0.847574 -0.129275
v 0.283896 0.847795 -0.132509
v 0.289610 0.855964 -0.118846
v 0.291858 0.850755 -0.124467
v 0.311723 0.840688 -0.127189
v 0.330977 0.836292 -0.122828
v 0.303180 0.834325 -0.139979
v 0.303748 0.837085 -0.136077
v 0.299309 0.838563 -0.136476
v 0.290724 0.835451 -0.145044
v 0.294664 0.831550 -0.148070
v 0.287922 0.834514 -0.147737
v 0.291904 0.830814 -0.150479
v 0.289644 0.825020 -0.159229
v 0.278226 0.836375 -0.150394
v 0.338433 0.838550 -0.121643
v 0.337877 0.833270 -0.128829
v 0.332294 0.836536 -0.127493
v 0.315348 0.839811 -0.132107
v 0.313257 0.829021 -0.147293
v 0.317688 0.827281 -0.147239
v 0.314535 0.827023 -0.149230
v 0.307636 0.829101 -0.150136
v 0.303970 0.828209 -0.153224
v 0.303410 0.828839 -0.152696
v 0.307697 0.829707 -0.149313
v 0.310073 0.841859 -0.132201
v 0.291611 0.850662 -0.130392
v 0.286405 0.850834 -0.132899
v 0.290523 0.856721 -0.123052
v 0.292131 0.852996 -0.127072
v 0.312568 0.842640 -0.129872
v 0.332202 0.838157 -0.125425
v 0.303335 0.837305 -0.141681
v 0.303751 0.839329 -0.138820
v 0.300621 0.840371 -0.139102
v 0.292951 0.837591 -0.146755
v 0.295740 0.834830 -0.148898
v 0.288572 0.836495 -0.150484
v 0.291928 0.833377 -0.152794
v 0.290164 0.828856 -0.159623
v 0.281025 0.837943 -0.152552
v 0.339425 0.839248 -0.120211
v 0.338678 0.832159 -0.129858
v 0.332116 0.835998 -0.128288
v 0.316149 0.839084 -0.132636
v 0.314237 0.829218 -0.146520
v 0.320272 0.826850 -0.146447
v 0.314724 0.826395 -0.149951
v 0.307912 0.828447 -0.150845
v 0.303793 0.827445 -0.154315
v 0.302156 0.829284 -0.152772
v 0.306858 0.830237 -0.149062
v 0.309102 0.841718 -0.132894
v 0.291609 0.850060 -0.131179
v 0.284895 0.850281 -0.134413
v 0.290608 0.858450 -0.120751
v 0.292857 0.853241 -0.126371
v 0.312722 0.843174 -0.129093
v 0.331976 0.838778 -0.124732
v 0.304179 0.836811 -0.141883
v 0.304747 0.839571 -0.137981
v 0.300308 0.841049 -0.138380
v 0.291723 0.837937 -0.146948
v 0.295663 0.834036 -0.149974
v 0.288921 0.837000 -0.149642
v 0.292903 0.833300 -0.152383
v 0.290643 0.827506 -0.161133
v 0.279225 0.838861 -0.152298
v 0.339346 0.839883 -0.121622
v 0.339678 0.839878 -0.120694
v 0.338931 0.832790 -0.130342
v 0.338689 0.833644 -0.130113
v 0.332369 0.836629 -0.128771
v 0.332587 0.837214 -0.128653
v 0.316403 0.839715 -0.133119
v 0.316160 0.840389 -0.133125
v 0.314491 0.829849 -0.147003
v 0.314164 0.830089 -0.147621
v 0.320525 0.827480 -0.146930
v 0.319445 0.828016 -0.147557
v 0.314977 0.827026 -0.150434
v 0.315022 0.827653 -0.150350
v 0.308166 0.829078 -0.151328
v 0.308170 0.829718 -0.151250
v 0.304046 0.828075 -0.154798
v 0.304263 0.828767 -0.154541
v 0.302409 0.829915 -0.153255
v 0.303132 0.830038 -0.153474
v 0.307111 0.830867 -0.149545
v 0.307639 0.830951 -0.149918
v 0.309356 0.842349 -0.133377
v 0.309945 0.842748 -0.133306
v 0.291862 0.850691 -0.131662
v 0.291997 0.851306 -0.131548
v 0.285149 0.850912 -0.134896
v 0.285992 0.851504 -0.134440
v 0.290862 0.859080 -0.121233
v 0.290955 0.858601 -0.122569
v 0.293110 0.853872 -0.126854
v 0.292903 0.854090 -0.127438
v 0.312976 0.843805 -0.129576
v 0.313037 0.843887 -0.130197
v 0.332230 0.839409 -0.125215
v 0.332469 0.839450 -0.125795
v 0.304433 0.837442 -0.142366
v 0.304170 0.838006 -0.142526
v 0.304667 0.840421 -0.139113
v 0.305001 0.840202 -0.138464
v 0.300842 0.841694 -0.139457
v 0.300562 0.841680 -0.138863
v 0.292687 0.838738 -0.147595
v 0.291976 0.838568 -0.147431
v 0.296086 0.835372 -0.150207
v 0.295916 0.834666 -0.150458
v 0.289144 0.837726 -0.150775
v 0.289174 0.837630 -0.150125
v 0.293156 0.833931 -0.152866
v 0.292832 0.834300 -0.153314
v 0.290897 0.828137 -0.161616
v 0.290805 0.829103 -0.161161
v 0.279478 0.839492 -0.152781
v 0.280457 0.839393 -0.153155
v 0.280703 0.839268 -0.153190
v 0.281300 0.838628 -0.153076
v 0.290740 0.829288 -0.160955
v 0.290439 0.829540 -0.160147
v 0.292699 0.834310 -0.153370
v 0.292203 0.834061 -0.153319
v 0.288847 0.837179 -0.151008
v 0.289097 0.837657 -0.150890
v 0.296015 0.835514 -0.149422
v 0.296097 0.835480 -0.150060
v 0.293226 0.838275 -0.147280
v 0.292854 0.838691 -0.147569
v 0.300896 0.841056 -0.139626
v 0.300885 0.841602 -0.139555
v 0.304026 0.840013 -0.139344
v 0.304531 0.840388 -0.139228
v 0.304054 0.838074 -0.142499
v 0.303610 0.837989 -0.142205
v 0.332500 0.839365 -0.125890
v 0.332477 0.838841 -0.125949
v 0.313016 0.843814 -0.130303
v 0.312843 0.843324 -0.130396
v 0.292804 0.854056 -0.127534
v 0.292405 0.853681 -0.127596
v 0.290944 0.858365 -0.122884
v 0.290798 0.857405 -0.123577
v 0.286198 0.851579 -0.134233
v 0.286680 0.851518 -0.133423
v 0.291997 0.851388 -0.131440
v 0.291886 0.851347 -0.130916
v 0.310078 0.842767 -0.133212
v 0.310348 0.842543 -0.132725
v 0.307754 0.830879 -0.149952
v 0.307972 0.830391 -0.149837
v 0.303303 0.829978 -0.153464
v 0.303685 0.829523 -0.153220
v 0.304287 0.828871 -0.154392
v 0.304245 0.828893 -0.153748
v 0.308132 0.829807 -0.151153
v 0.307911 0.829786 -0.150660
v 0.314997 0.827739 -0.150252
v 0.314810 0.827707 -0.149754
v 0.319093 0.828075 -0.147665
v 0.317963 0.827966 -0.147763
v 0.314030 0.830062 -0.147726
v 0.313532 0.829705 -0.147817
v 0.316051 0.840488 -0.133053
v 0.315623 0.840495 -0.132631
v 0.332611 0.837288 -0.128544
v 0.332569 0.837220 -0.128017
v 0.338579 0.833796 -0.129972
v 0.338152 0.833954 -0.129353
v 0.338708 0.839234 -0.122167
v 0.339211 0.839788 -0.121817
v 0.330658 0.951287 0.073857
v 0.335043 0.943860 0.061610
v 0.328972 0.946056 0.061387
v 0.315048 0.942230 0.042052
v 0.336670 0.932595 0.038993
v 0.341688 0.932743 0.043349
v 0.345988 0.925447 0.031313
v 0.305529 0.943811 0.037746
v 0.295853 0.949083 0.041156
v 0.297457 0.948430 0.041060
v 0.298962 0.947670 0.040657
v 0.300311 0.946831 0.039962
v 0.301453 0.945947 0.039002
v 0.302343 0.945050 0.037814
v 0.302946 0.944176 0.036443
v 0.303241 0.943358 0.034943
v 0.303215 0.942628 0.033370
v 0.302870 0.942013 0.031786
v 0.302218 0.941537 0.030251
v 0.301285 0.941219 0.028824
v 0.300108 0.941070 0.027560
v 0.298729 0.941097 0.026508
v 0.297204 0.941298 0.025708
v 0.295591 0.941666 0.025190
v 0.293951 0.942187 0.024976
v 0.292347 0.942840 0.025072
v 0.290842 0.943600 0.025475
v 0.289492 0.944439 0.026170
v 0.288351 0.945323 0.027130
v 0.287461 0.946220 0.028318
v 0.286857 0.947094 0.029689
v 0.286563 0.947912 0.031189
v 0.286589 0.948643 0.032761
v 0.286934 0.949258 0.034346
v 0.287585 0.949733 0.035881
v 0.288518 0.950052 0.037307
v 0.289696 0.950200 0.038571
v 0.291074 0.950173 0.039624
v 0.292599 0.949972 0.040424
v 0.294213 0.949604 0.040941
v 0.295314 0.947128 0.036568
v 0.296008 0.946845 0.036527
v 0.296660 0.946516 0.036352
v 0.297244 0.946153 0.036051
v 0.297738 0.945770 0.035636
v 0.298123 0.945382 0.035121
v 0.298385 0.945003 0.034528
v 0.298512 0.944649 0.033878
v 0.298501 0.944333 0.033198
v 0.298351 0.944067 0.032512
v 0.298069 0.943861 0.031847
v 0.297666 0.943723 0.031230
v 0.297156 0.943659 0.030682
v 0.296559 0.943670 0.030227
v 0.295899 0.943758 0.029880
v 0.295200 0.943917 0.029656
v 0.294490 0.944142 0.029563
v 0.293796 0.944425 0.029605
v 0.293144 0.944754 0.029779
v 0.292560 0.945117 0.030080
v 0.292066 0.945500 0.030496
v 0.291681 0.945888 0.031010
v 0.291419 0.946267 0.031604
v 0.291292 0.946621 0.032253
v 0.291303 0.946937 0.032934
v 0.291452 0.947203 0.033620
v 0.291734 0.947409 0.034284
v 0.292138 0.947547 0.034902
v 0.292648 0.947611 0.035449
v 0.293245 0.947600 0.035905
v 0.293905 0.947513 0.036251
v 0.294604 0.947353 0.036475
v 0.331216 0.952862 0.069146
v 0.333894 0.948325 0.061665
v 0.329377 0.949959 0.061500
v 0.313513 0.945601 0.039470
v 0.338093 0.934647 0.035993
v 0.341983 0.934762 0.039369
v 0.344650 0.930238 0.031905
v 0.309221 0.946318 0.037539
v 0.331769 0.954220 0.072476
v 0.336154 0.946792 0.060229
v 0.330083 0.948989 0.060007
v 0.316159 0.945163 0.040672
v 0.337782 0.935528 0.037613
v 0.342800 0.935676 0.041968
v 0.347100 0.928380 0.029932
v 0.306640 0.946743 0.036366
v 0.296965 0.952016 0.039775
v 0.298568 0.951363 0.039679
v 0.300074 0.950603 0.039276
v 0.301423 0.949764 0.038581
v 0.302564 0.948879 0.037621
v 0.303454 0.947983 0.036433
v 0.304058 0.947109 0.035062
v 0.304352 0.946291 0.033562
v 0.304327 0.945560 0.031989
v 0.303981 0.944945 0.030405
v 0.303330 0.944470 0.028870
v 0.302397 0.944151 0.027443
v 0.301219 0.944003 0.026180
v 0.299841 0.944030 0.025127
v 0.298316 0.944231 0.024327
v 0.296702 0.944599 0.023810
v 0.295062 0.945119 0.023595
v 0.293458 0.945772 0.023691
v 0.291953 0.946533 0.024094
v 0.290604 0.947371 0.024789
v 0.289462 0.948256 0.025749
v 0.288573 0.949153 0.026937
v 0.287969 0.950027 0.028308
v 0.287674 0.950845 0.029808
v 0.287700 0.951575 0.031381
v 0.288045 0.952190 0.032965
v 0.288697 0.952666 0.034500
v 0.289630 0.952984 0.035927
v 0.290808 0.953133 0.037191
v 0.292186 0.953106 0.038243
v 0.293711 0.952905 0.039043
v 0.295325 0.952537 0.039560
v 0.296848 0.951595 0.038787
v 0.298256 0.951022 0.038703
v 0.299578 0.950354 0.038349
v 0.300762 0.949618 0.037739
v 0.301764 0.948841 0.036896
v 0.302545 0.948054 0.035853
v 0.303075 0.947287 0.034650
v 0.303334 0.946569 0.033333
v 0.303311 0.945928 0.031952
v 0.303008 0.945388 0.030562
v 0.302436 0.944970 0.029214
v 0.301617 0.944691 0.027962
v 0.300583 0.944560 0.026852
v 0.299374 0.944584 0.025928
v 0.298035 0.944761 0.025226
v 0.296618 0.945084 0.024772
v 0.295178 0.945541 0.024583
v 0.293771 0.946114 0.024667
v 0.292449 0.946781 0.025021
v 0.291264 0.947518 0.025631
v 0.290262 0.948294 0.026474
v 0.289481 0.949081 0.027517
v 0.288951 0.949849 0.028720
v 0.288693 0.950567 0.030037
v 0.288715 0.951208 0.031418
v 0.289019 0.951748 0.032809
v 0.289591 0.952165 0.034156
v 0.290409 0.952445 0.035409
v 0.291443 0.952575 0.036518
v 0.292653 0.952552 0.037442
v 0.293992 0.952375 0.038144
v 0.295409 0.952052 0.038599
v 0.296545 0.950494 0.036205
v 0.297441 0.950129 0.036151
v 0.298282 0.949705 0.035926
v 0.299035 0.949236 0.035538
v 0.299673 0.948742 0.035001
v 0.300170 0.948241 0.034337
v 0.300507 0.947753 0.033572
v 0.300672 0.947296 0.032734
v 0.300658 0.946888 0.031855
v 0.300465 0.946544 0.030970
v 0.300101 0.946278 0.030113
v 0.299580 0.946100 0.029316
v 0.298922 0.946017 0.028609
v 0.298152 0.946033 0.028022
v 0.297300 0.946145 0.027575
v 0.296398 0.946351 0.027286
v 0.295482 0.946641 0.027165
v 0.294586 0.947006 0.027219
v 0.293745 0.947431 0.027444
v 0.292991 0.947899 0.027833
v 0.292354 0.948394 0.028369
v 0.291857 0.948894 0.029033
v 0.291519 0.949383 0.029798
v 0.291355 0.949840 0.030637
v 0.291369 0.950248 0.031515
v 0.291562 0.950591 0.032400
v 0.291926 0.950857 0.033258
v 0.292447 0.951035 0.034055
v 0.293105 0.951118 0.034761
v 0.293875 0.951103 0.035349
v 0.294727 0.950991 0.035796
v 0.295629 0.950785 0.036085
v 0.296425 0.950061 0.035188
v 0.297119 0.949778 0.035146
v 0.297771 0.949449 0.034971
v 0.298355 0.949086 0.034671
v 0.298849 0.948703 0.034255
v 0.299235 0.948315 0.033741
v 0.299496 0.947936 0.033147
v 0.299624 0.947582 0.032498
v 0.299612 0.947266 0.031817
v 0.299463 0.946999 0.031131
v 0.299181 0.946793 0.030466
v 0.298777 0.946656 0.029849
v 0.298267 0.946591 0.029302
v 0.297670 0.946603 0.028846
v 0.297010 0.946690 0.028500
v 0.296312 0.946849 0.028276
v 0.295601 0.947075 0.028183
v 0.294907 0.947358 0.028224
v 0.294256 0.947687 0.028399
v 0.293671 0.948050 0.028700
v 0.293177 0.948433 0.029115
v 0.292792 0.948821 0.029630
v 0.292531 0.949199 0.030223
v 0.292403 0.949554 0.030873
v 0.292414 0.949870 0.031553
v 0.292564 0.950136 0.032239
v 0.292846 0.950342 0.032904
v 0.293250 0.950480 0.033521
v 0.293760 0.950544 0.034069
v 0.294356 0.950532 0.034524
v 0.295017 0.950445 0.034871
v 0.295715 0.950286 0.035095
v 0.331983 0.954785 0.072210
v 0.331979 0.954806 0.070975
v 0.335838 0.948270 0.060199
v 0.336368 0.947357 0.059963
v 0.330246 0.950293 0.059994
v 0.330297 0.949553 0.059741
v 0.315724 0.946303 0.039828
v 0.316373 0.945728 0.040406
v 0.338259 0.936261 0.036640
v 0.337996 0.936092 0.037347
v 0.342929 0.936399 0.040693
v 0.343014 0.936241 0.041702
v 0.346725 0.929958 0.030067
v 0.347314 0.928944 0.029666
v 0.307817 0.947617 0.036254
v 0.306854 0.947308 0.036100
v 0.297179 0.952581 0.039510
v 0.297301 0.952859 0.038922
v 0.298829 0.952237 0.038831
v 0.298782 0.951928 0.039413
v 0.300264 0.951512 0.038446
v 0.300288 0.951167 0.039010
v 0.301550 0.950713 0.037784
v 0.301637 0.950329 0.038315
v 0.302638 0.949870 0.036869
v 0.302778 0.949444 0.037355
v 0.303485 0.949015 0.035737
v 0.303668 0.948548 0.036167
v 0.304061 0.948182 0.034431
v 0.304272 0.947673 0.034796
v 0.304342 0.947403 0.033001
v 0.304566 0.946855 0.033296
v 0.304317 0.946706 0.031502
v 0.304541 0.946125 0.031724
v 0.303988 0.946120 0.029992
v 0.304195 0.945510 0.030140
v 0.303367 0.945667 0.028529
v 0.303544 0.945034 0.028605
v 0.302478 0.945364 0.027170
v 0.302611 0.944716 0.027178
v 0.301355 0.945222 0.025965
v 0.301433 0.944567 0.025914
v 0.300042 0.945248 0.024962
v 0.300055 0.944594 0.024862
v 0.298589 0.945440 0.024200
v 0.298530 0.944796 0.024061
v 0.297051 0.945790 0.023706
v 0.296916 0.945164 0.023544
v 0.295488 0.946286 0.023502
v 0.295276 0.945684 0.023329
v 0.293959 0.946909 0.023593
v 0.293673 0.946337 0.023425
v 0.292525 0.947633 0.023978
v 0.292167 0.947097 0.023828
v 0.291239 0.948433 0.024640
v 0.290818 0.947936 0.024523
v 0.290151 0.949276 0.025555
v 0.289676 0.948821 0.025483
v 0.289303 0.950130 0.026687
v 0.288787 0.949717 0.026671
v 0.288728 0.950963 0.027993
v 0.288183 0.950591 0.028042
v 0.288447 0.951743 0.029423
v 0.287888 0.951409 0.029542
v 0.288471 0.952439 0.030922
v 0.287914 0.952140 0.031115
v 0.288801 0.953025 0.032432
v 0.288259 0.952755 0.032699
v 0.289421 0.953478 0.033895
v 0.288911 0.953231 0.034234
v 0.290310 0.953782 0.035254
v 0.289844 0.953549 0.035661
v 0.291433 0.953923 0.036459
v 0.291022 0.953697 0.036925
v 0.292746 0.953898 0.037462
v 0.292400 0.953670 0.037977
v 0.294200 0.953706 0.038224
v 0.293925 0.953469 0.038777
v 0.295738 0.953355 0.038717
v 0.295539 0.953101 0.039295
v 0.331758 0.954263 0.069643
v 0.331439 0.953451 0.068868
v 0.334118 0.948914 0.061388
v 0.334934 0.948883 0.060773
v 0.329600 0.950548 0.061222
v 0.329964 0.950681 0.060591
v 0.313736 0.946190 0.039193
v 0.314665 0.946478 0.039347
v 0.338317 0.935236 0.035716
v 0.338383 0.935909 0.035992
v 0.342206 0.935351 0.039091
v 0.342602 0.936033 0.039653
v 0.344873 0.930827 0.031628
v 0.345744 0.930701 0.030857
v 0.309444 0.946907 0.037262
v 0.308850 0.947447 0.036724
v 0.297272 0.952753 0.038673
v 0.297072 0.952184 0.038510
v 0.298479 0.951611 0.038426
v 0.298750 0.952151 0.038584
v 0.299801 0.950943 0.038072
v 0.300139 0.951449 0.038213
v 0.300986 0.950207 0.037461
v 0.301383 0.950676 0.037572
v 0.301988 0.949430 0.036619
v 0.302436 0.949860 0.036686
v 0.302769 0.948643 0.035576
v 0.303256 0.949033 0.035591
v 0.303299 0.947876 0.034373
v 0.303813 0.948227 0.034327
v 0.303557 0.947158 0.033055
v 0.304085 0.947473 0.032943
v 0.303535 0.946517 0.031675
v 0.304061 0.946799 0.031493
v 0.303231 0.945977 0.030284
v 0.303743 0.946232 0.030032
v 0.302659 0.945559 0.028937
v 0.303142 0.945793 0.028616
v 0.301841 0.945280 0.027684
v 0.302282 0.945500 0.027300
v 0.300807 0.945149 0.026575
v 0.301195 0.945363 0.026135
v 0.299597 0.945173 0.025651
v 0.299924 0.945388 0.025164
v 0.298258 0.945350 0.024948
v 0.298518 0.945573 0.024426
v 0.296841 0.945673 0.024494
v 0.297030 0.945913 0.023949
v 0.295401 0.946130 0.024306
v 0.295517 0.946393 0.023751
v 0.293994 0.946703 0.024390
v 0.294038 0.946995 0.023840
v 0.292672 0.947370 0.024744
v 0.292650 0.947696 0.024211
v 0.291488 0.948107 0.025354
v 0.291405 0.948469 0.024852
v 0.290486 0.948883 0.026197
v 0.290353 0.949285 0.025738
v 0.289705 0.949670 0.027240
v 0.289532 0.950112 0.026833
v 0.289175 0.950438 0.028443
v 0.288975 0.950918 0.028097
v 0.288916 0.951156 0.029760
v 0.288704 0.951673 0.029481
v 0.288939 0.951797 0.031140
v 0.288728 0.952346 0.030931
v 0.289242 0.952337 0.032531
v 0.289046 0.952913 0.032392
v 0.289814 0.952755 0.033879
v 0.289647 0.953352 0.033808
v 0.290633 0.953034 0.035131
v 0.290507 0.953646 0.035124
v 0.291667 0.953164 0.036241
v 0.291593 0.953783 0.036289
v 0.292876 0.953141 0.037165
v 0.292864 0.953758 0.037260
v 0.294215 0.952964 0.037867
v 0.294271 0.953572 0.037998
v 0.295632 0.952641 0.038321
v 0.295759 0.953233 0.038475
v 0.240779 0.993130 0.103540
v 0.253752 0.989296 0.103892
v 0.264253 0.998064 0.137571
v 0.260632 1.002088 0.145781
v 0.272476 1.001030 0.152973
v 0.270480 0.998155 0.143172
v 0.280807 0.992433 0.135942
v 0.296018 0.991799 0.147220
v 0.297344 0.993964 0.154446
v 0.307022 0.988434 0.147199
v 0.306411 0.987194 0.143188
v 0.301211 0.988674 0.142887
v 0.281461 0.989854 0.129250
v 0.276194 0.980562 0.098589
v 0.262845 0.981838 0.090718
v 0.261216 0.985500 0.099621
v 0.272380 0.982882 0.101841
v 0.277465 0.991319 0.129940
v 0.269746 0.995532 0.135163
v 0.256826 0.986741 0.099342
v 0.245626 0.989994 0.098879
v 0.245213 0.988071 0.093116
v 0.239526 0.989695 0.092802
v 0.285466 0.999689 0.160355
v 0.277411 1.003944 0.165409
v 0.288457 1.002384 0.170502
v 0.242883 0.995015 0.101190
v 0.255618 0.991251 0.101535
v 0.266614 1.000433 0.136802
v 0.263295 1.004120 0.144327
v 0.271319 1.003404 0.149199
v 0.269748 1.001142 0.141488
v 0.281560 0.994597 0.133219
v 0.298155 0.993906 0.145523
v 0.299142 0.995517 0.150900
v 0.306332 0.991408 0.145515
v 0.306031 0.990797 0.143539
v 0.301679 0.992036 0.143287
v 0.281004 0.993271 0.129011
v 0.275749 0.984000 0.098419
v 0.264760 0.985050 0.091939
v 0.263731 0.987364 0.097565
v 0.274437 0.984853 0.099694
v 0.279865 0.993860 0.129689
v 0.269924 0.999285 0.136417
v 0.256690 0.990281 0.099725
v 0.245141 0.993635 0.099247
v 0.244727 0.991706 0.093465
v 0.241964 0.992495 0.093312
v 0.285518 1.003483 0.161612
v 0.281226 1.005750 0.164305
v 0.287112 1.004918 0.167019
v 0.241621 0.995888 0.102560
v 0.254594 0.992053 0.102912
v 0.265095 1.000821 0.136591
v 0.261474 1.004845 0.144801
v 0.273317 1.003787 0.151993
v 0.271322 1.000912 0.142192
v 0.281648 0.995190 0.134962
v 0.296859 0.994557 0.146240
v 0.298185 0.996721 0.153466
v 0.307863 0.991191 0.146219
v 0.307253 0.989951 0.142207
v 0.302052 0.991431 0.141907
v 0.282303 0.992611 0.128270
v 0.277035 0.983319 0.097609
v 0.263687 0.984595 0.089737
v 0.262057 0.988257 0.098641
v 0.273222 0.985639 0.100861
v 0.278306 0.994076 0.128960
v 0.270587 0.998289 0.134183
v 0.257668 0.989498 0.098362
v 0.246467 0.992751 0.097899
v 0.246055 0.990828 0.092135
v 0.240368 0.992452 0.091821
v 0.286307 1.002447 0.159375
v 0.278252 1.006702 0.164429
v 0.289298 1.005141 0.169522
v 0.242375 0.996708 0.101715
v 0.241824 0.996552 0.102324
v 0.254797 0.992718 0.102676
v 0.255269 0.992897 0.102065
v 0.265297 1.001486 0.136354
v 0.265933 1.001801 0.136266
v 0.261676 1.005510 0.144565
v 0.262411 1.005714 0.144251
v 0.273520 1.004452 0.151756
v 0.272998 1.004769 0.150679
v 0.271525 1.001577 0.141956
v 0.271142 1.002095 0.141566
v 0.281851 0.995855 0.134726
v 0.281957 0.996103 0.133995
v 0.297062 0.995221 0.146003
v 0.297624 0.995451 0.145610
v 0.298388 0.997386 0.153229
v 0.298838 0.997433 0.152227
v 0.308066 0.991856 0.145982
v 0.307698 0.992370 0.145593
v 0.307456 0.990616 0.141971
v 0.307189 0.991338 0.142252
v 0.302255 0.992096 0.141670
v 0.302268 0.992738 0.141967
v 0.282506 0.993276 0.128033
v 0.282214 0.993936 0.128120
v 0.277238 0.983984 0.097373
v 0.276950 0.984651 0.097482
v 0.263889 0.985260 0.089501
v 0.264378 0.985852 0.090068
v 0.262260 0.988922 0.098405
v 0.262946 0.989071 0.097893
v 0.273425 0.986304 0.100625
v 0.273960 0.986488 0.100083
v 0.278509 0.994741 0.128724
v 0.279157 0.995113 0.128806
v 0.270790 0.998954 0.133947
v 0.270707 0.999725 0.134524
v 0.257870 0.990163 0.098126
v 0.257684 0.990863 0.098417
v 0.246670 0.993416 0.097662
v 0.246369 0.994150 0.097949
v 0.246258 0.991493 0.091899
v 0.245956 0.992225 0.092179
v 0.240571 0.993117 0.091585
v 0.241231 0.993574 0.091918
v 0.286385 1.003896 0.159717
v 0.286510 1.003111 0.159138
v 0.278455 1.007366 0.164193
v 0.279569 1.007496 0.163994
v 0.289501 1.005806 0.169286
v 0.288917 1.006176 0.168304
v 0.288071 1.006090 0.167335
v 0.287333 1.005644 0.166761
v 0.280720 1.007128 0.163946
v 0.281447 1.006476 0.164047
v 0.285739 1.004208 0.161354
v 0.286080 1.004296 0.160583
v 0.241849 0.993591 0.092495
v 0.242186 0.993221 0.093054
v 0.245442 0.992565 0.092693
v 0.244949 0.992432 0.093207
v 0.245855 0.994492 0.098470
v 0.245362 0.994361 0.098989
v 0.257306 0.991166 0.098944
v 0.256911 0.991006 0.099467
v 0.270450 1.000110 0.135389
v 0.270145 1.000011 0.136159
v 0.279761 0.995029 0.129088
v 0.280086 0.994585 0.129432
v 0.274430 0.986184 0.099631
v 0.274659 0.985579 0.099436
v 0.263594 0.988725 0.097477
v 0.263952 0.988089 0.097307
v 0.264794 0.986029 0.090920
v 0.264982 0.985775 0.091681
v 0.276452 0.984914 0.097795
v 0.275970 0.984725 0.098161
v 0.281711 0.994192 0.128407
v 0.281226 0.993997 0.128753
v 0.302123 0.992972 0.142502
v 0.301901 0.992762 0.143029
v 0.306716 0.991665 0.142767
v 0.306253 0.991523 0.143281
v 0.307105 0.992454 0.145321
v 0.306554 0.992134 0.145257
v 0.299208 0.996967 0.151235
v 0.299363 0.996242 0.150642
v 0.298125 0.995199 0.145333
v 0.298377 0.994632 0.145265
v 0.281923 0.995874 0.133320
v 0.281781 0.995323 0.132961
v 0.270533 1.002184 0.141294
v 0.269970 1.001867 0.141230
v 0.272224 1.004620 0.149598
v 0.271540 1.004129 0.148941
v 0.263116 1.005434 0.144068
v 0.263517 1.004846 0.144069
v 0.266521 1.001651 0.136348
v 0.266835 1.001158 0.136544
v 0.255665 0.992587 0.101532
v 0.255839 0.991977 0.101277
v 0.243105 0.995741 0.100932
v 0.242863 0.996371 0.101185
v 0.153667 1.037067 0.182588
v 0.181311 1.035821 0.197447
v 0.181865 1.037584 0.204127
v 0.191878 1.033604 0.196912
v 0.183465 1.034492 0.194206
v 0.172875 1.034297 0.186115
v 0.180354 1.032773 0.185898
v 0.207950 1.031050 0.199020
v 0.208720 1.032156 0.203509
v 0.213529 1.030627 0.201408
v 0.220759 1.030747 0.206885
v 0.223317 1.026764 0.194455
v 0.213939 1.028565 0.194335
v 0.211229 1.028019 0.190492
v 0.206968 1.029272 0.191988
v 0.195895 1.029715 0.185838
v 0.194695 1.028586 0.180970
v 0.188693 1.030359 0.183106
v 0.179190 1.031087 0.179067
v 0.158177 1.039161 0.182575
v 0.183058 1.038039 0.195949
v 0.183475 1.039370 0.200990
v 0.189604 1.036933 0.196574
v 0.183419 1.037586 0.194585
v 0.169834 1.037336 0.184206
v 0.181093 1.035042 0.183878
v 0.209624 1.033260 0.197446
v 0.210222 1.034118 0.200924
v 0.214173 1.032861 0.199197
v 0.220410 1.032964 0.203922
v 0.222256 1.030089 0.194950
v 0.213819 1.031710 0.194842
v 0.211298 1.031202 0.191267
v 0.207429 1.032339 0.192626
v 0.195306 1.032825 0.185893
v 0.194323 1.031901 0.181907
v 0.189235 1.033404 0.183717
v 0.179596 1.034142 0.179621
v 0.154189 1.039735 0.181840
v 0.181833 1.038489 0.196699
v 0.182387 1.040252 0.203379
v 0.192400 1.036272 0.196165
v 0.183987 1.037160 0.193459
v 0.173397 1.036965 0.185368
v 0.180876 1.035441 0.185150
v 0.208472 1.033718 0.198273
v 0.209242 1.034824 0.202761
v 0.214051 1.033295 0.200660
v 0.221281 1.033415 0.206137
v 0.223839 1.029432 0.193708
v 0.214461 1.031233 0.193588
v 0.211751 1.030686 0.189744
v 0.207490 1.031939 0.191241
v 0.196417 1.032383 0.185091
v 0.195217 1.031254 0.180223
v 0.189215 1.033027 0.182358
v 0.179712 1.033755 0.178320
v 0.155947 1.040579 0.181827
v 0.154304 1.040320 0.181676
v 0.181948 1.039074 0.196535
v 0.182518 1.039381 0.196109
v 0.182502 1.040838 0.203215
v 0.183019 1.040976 0.202152
v 0.192515 1.036857 0.196001
v 0.191523 1.037596 0.196025
v 0.184102 1.037745 0.193295
v 0.183975 1.038393 0.193597
v 0.173512 1.037550 0.185204
v 0.172222 1.038176 0.184617
v 0.180991 1.036026 0.184986
v 0.181169 1.036353 0.184357
v 0.208586 1.034303 0.198109
v 0.209128 1.034607 0.197653
v 0.209357 1.035410 0.202597
v 0.209832 1.035617 0.201748
v 0.214165 1.033880 0.200496
v 0.214307 1.034193 0.199793
v 0.221396 1.034000 0.205973
v 0.221152 1.034307 0.204978
v 0.223953 1.030017 0.193544
v 0.223433 1.030754 0.193891
v 0.214576 1.031818 0.193424
v 0.214420 1.032486 0.193776
v 0.211866 1.031272 0.189580
v 0.211784 1.031954 0.190037
v 0.207605 1.032525 0.191077
v 0.207676 1.033162 0.191480
v 0.196532 1.032968 0.184927
v 0.196195 1.033622 0.185104
v 0.195331 1.031839 0.180059
v 0.195078 1.032572 0.180578
v 0.189330 1.033612 0.182194
v 0.189432 1.034240 0.182587
v 0.179827 1.034340 0.178156
v 0.179876 1.034972 0.178527
v 0.179839 1.035096 0.178943
v 0.179734 1.034848 0.179423
v 0.189438 1.034361 0.183022
v 0.189373 1.034109 0.183520
v 0.194792 1.032779 0.181117
v 0.194461 1.032607 0.181709
v 0.195839 1.033763 0.185360
v 0.195444 1.033531 0.185695
v 0.207656 1.033290 0.191924
v 0.207568 1.033045 0.192428
v 0.211639 1.032119 0.190525
v 0.211436 1.031908 0.191070
v 0.214215 1.032638 0.194178
v 0.213957 1.032416 0.194644
v 0.222926 1.030965 0.194289
v 0.222395 1.030795 0.194752
v 0.220873 1.034163 0.204269
v 0.220549 1.033670 0.203724
v 0.214346 1.034055 0.199325
v 0.214311 1.033567 0.199000
v 0.210145 1.035391 0.201160
v 0.210360 1.034824 0.200726
v 0.209497 1.034461 0.197388
v 0.209762 1.033966 0.197248
v 0.181239 1.036225 0.183950
v 0.181231 1.035748 0.183681
v 0.171081 1.038295 0.184245
v 0.169972 1.038042 0.184008
v 0.183793 1.038529 0.193958
v 0.183557 1.038292 0.194387
v 0.190628 1.037808 0.196156
v 0.189742 1.037639 0.196377
v 0.183367 1.040694 0.201387
v 0.183614 1.040076 0.200792
v 0.182910 1.039237 0.195868
v 0.183196 1.038745 0.195751
v 0.158315 1.039866 0.182377
v 0.157224 1.040395 0.182062
v 0.087802 1.048747 0.193100
v 0.091343 1.049459 0.197264
v 0.093686 1.054456 0.219984
v 0.074687 1.057135 0.226312
v 0.075334 1.058516 0.232591
v 0.062781 1.062268 0.245514
v 0.066657 1.062514 0.247720
v 0.070441 1.065927 0.263869
v 0.067445 1.066782 0.266771
v 0.067963 1.067886 0.271795
v 0.072396 1.067511 0.271420
v 0.072043 1.066758 0.267995
v 0.083476 1.065790 0.267028
v 0.075291 1.064890 0.260695
v 0.071766 1.062029 0.247058
v 0.078118 1.060056 0.240187
v 0.083535 1.060485 0.243645
v 0.098954 1.054631 0.222275
v 0.096343 1.049062 0.196957
v 0.100908 1.047623 0.191928
v 0.090908 1.055693 0.224636
v 0.079302 1.057329 0.228501
v 0.079672 1.058118 0.232088
v 0.080429 1.058834 0.235465
v 0.083667 1.059091 0.237532
v 0.092497 1.055738 0.225295
v 0.090455 1.051101 0.193602
v 0.092714 1.051555 0.196259
v 0.095196 1.056849 0.220326
v 0.076197 1.059528 0.226654
v 0.076802 1.060820 0.232527
v 0.064955 1.064361 0.244724
v 0.067917 1.064549 0.246410
v 0.071981 1.068216 0.263759
v 0.068915 1.069090 0.266729
v 0.069246 1.069795 0.269936
v 0.071158 1.069634 0.269775
v 0.070805 1.068880 0.266349
v 0.080349 1.068072 0.265543
v 0.074320 1.067409 0.260877
v 0.070523 1.064328 0.246187
v 0.078041 1.061992 0.238055
v 0.083342 1.062412 0.241439
v 0.097797 1.056924 0.221406
v 0.095177 1.051337 0.196009
v 0.097972 1.050456 0.192930
v 0.087952 1.051034 0.192581
v 0.091493 1.051746 0.196746
v 0.093836 1.056743 0.219466
v 0.074837 1.059422 0.225793
v 0.075484 1.060803 0.232073
v 0.062931 1.064555 0.244996
v 0.066807 1.064801 0.247202
v 0.070590 1.068214 0.263351
v 0.067595 1.069068 0.266253
v 0.068113 1.070173 0.271276
v 0.072546 1.069798 0.270901
v 0.072193 1.069045 0.267476
v 0.083625 1.068077 0.266510
v 0.075441 1.067177 0.260177
v 0.071916 1.064316 0.246540
v 0.078268 1.062343 0.239669
v 0.083685 1.062772 0.243127
v 0.099104 1.056917 0.221757
v 0.096493 1.051349 0.196438
v 0.101058 1.049910 0.191409
v 0.087987 1.051565 0.192461
v 0.088788 1.051969 0.192690
v 0.091931 1.052602 0.196387
v 0.091527 1.052278 0.196625
v 0.094317 1.057691 0.219525
v 0.093871 1.057275 0.219345
v 0.075318 1.060369 0.225853
v 0.074871 1.059954 0.225673
v 0.075953 1.061723 0.232006
v 0.075519 1.061335 0.231952
v 0.063618 1.065409 0.244704
v 0.062966 1.065087 0.244875
v 0.067211 1.065638 0.246749
v 0.066842 1.065333 0.247081
v 0.071082 1.069130 0.263270
v 0.070625 1.068746 0.263230
v 0.068064 1.069990 0.266193
v 0.067630 1.069600 0.266132
v 0.068524 1.070971 0.270653
v 0.068148 1.070705 0.271155
v 0.072176 1.070662 0.270345
v 0.072581 1.070330 0.270781
v 0.071823 1.069909 0.266920
v 0.072228 1.069577 0.267356
v 0.082670 1.068990 0.266003
v 0.083660 1.068609 0.266390
v 0.075153 1.068164 0.260186
v 0.075476 1.067709 0.260056
v 0.071544 1.065235 0.246223
v 0.071951 1.064848 0.246419
v 0.078258 1.063149 0.238961
v 0.078303 1.062874 0.239548
v 0.083639 1.063575 0.242396
v 0.083720 1.063304 0.243006
v 0.098759 1.057834 0.221441
v 0.099139 1.057449 0.221636
v 0.096145 1.052260 0.196098
v 0.096528 1.051880 0.196318
v 0.100161 1.050994 0.191673
v 0.101093 1.050441 0.191289
v 0.089688 1.051994 0.193057
v 0.090488 1.051608 0.193487
v 0.092747 1.052062 0.196144
v 0.092370 1.052533 0.196212
v 0.095229 1.057356 0.220212
v 0.094806 1.057729 0.219835
v 0.076230 1.060034 0.226539
v 0.075807 1.060408 0.226162
v 0.076836 1.061326 0.232412
v 0.076427 1.061729 0.232169
v 0.064988 1.064867 0.244609
v 0.064346 1.065340 0.244606
v 0.067950 1.065055 0.246295
v 0.067610 1.065547 0.246464
v 0.072015 1.068722 0.263644
v 0.071582 1.069130 0.263417
v 0.068948 1.069596 0.266614
v 0.068539 1.069998 0.266364
v 0.069279 1.070302 0.269821
v 0.068931 1.070835 0.270172
v 0.071192 1.070140 0.269660
v 0.071677 1.070603 0.269940
v 0.070838 1.069387 0.266234
v 0.071324 1.069849 0.266514
v 0.080382 1.068579 0.265428
v 0.081492 1.068989 0.265655
v 0.074353 1.067916 0.260762
v 0.074750 1.068247 0.260438
v 0.070556 1.064834 0.246072
v 0.071043 1.065239 0.246096
v 0.078074 1.062498 0.237940
v 0.078176 1.063022 0.238381
v 0.083375 1.062918 0.241324
v 0.083515 1.063445 0.241789
v 0.097830 1.057430 0.221291
v 0.098289 1.057836 0.221315
v 0.095210 1.051844 0.195894
v 0.095672 1.052256 0.195944
v 0.098005 1.050963 0.192815
v 0.099052 1.051190 0.192220
v 0.091711 1.057801 0.223519
v 0.091014 1.057314 0.224268
v 0.079409 1.058951 0.228133
v 0.078939 1.059602 0.227773
v 0.079779 1.059740 0.231721
v 0.079346 1.060470 0.231721
v 0.080178 1.061258 0.235437
v 0.080535 1.060456 0.235097
v 0.083773 1.060712 0.237165
v 0.083742 1.061541 0.237712
v 0.092603 1.057360 0.224928
v 0.093459 1.057851 0.224245
v -0.149977 1.052471 0.239718
v -0.154463 1.045671 0.212152
v -0.139859 1.043275 0.194290
v -0.116467 1.046569 0.196958
v -0.114282 1.045755 0.192284
v -0.106709 1.047817 0.197517
v -0.114584 1.048418 0.204118
v -0.116645 1.047494 0.201104
v -0.137964 1.044928 0.200586
v -0.143995 1.050676 0.228835
v -0.128303 1.050694 0.221010
v -0.120633 1.052087 0.223258
v -0.111090 1.052814 0.221636
v -0.109593 1.056444 0.236803
v -0.123236 1.053019 0.228653
v -0.128091 1.052112 0.227124
v -0.148173 1.050212 0.228904
v -0.150709 1.046368 0.213322
v -0.142200 1.044973 0.202915
v -0.141992 1.045516 0.205193
v -0.146184 1.049511 0.224828
v -0.149309 1.054784 0.237115
v -0.153417 1.048556 0.211871
v -0.139632 1.046295 0.195011
v -0.116012 1.049622 0.197704
v -0.114083 1.048902 0.193578
v -0.109093 1.050261 0.197026
v -0.114607 1.050682 0.201649
v -0.116240 1.049950 0.199261
v -0.139294 1.047175 0.198700
v -0.146086 1.053648 0.230511
v -0.128514 1.053668 0.221749
v -0.121047 1.055024 0.223937
v -0.112537 1.055672 0.222491
v -0.111421 1.058380 0.233804
v -0.122983 1.055477 0.226897
v -0.128521 1.054443 0.225153
v -0.150283 1.055127 0.239112
v -0.154768 1.048327 0.211546
v -0.140164 1.045932 0.193685
v -0.116772 1.049226 0.196352
v -0.114587 1.048411 0.191679
v -0.107014 1.050474 0.196911
v -0.114889 1.051075 0.203512
v -0.116950 1.050151 0.200498
v -0.138269 1.047585 0.199980
v -0.144300 1.053333 0.228229
v -0.128608 1.053351 0.220405
v -0.120938 1.054744 0.222652
v -0.111395 1.055470 0.221030
v -0.109898 1.059100 0.236198
v -0.123541 1.055675 0.228047
v -0.128397 1.054769 0.226518
v -0.150105 1.055611 0.238483
v -0.150312 1.055385 0.239053
v -0.154798 1.048585 0.211487
v -0.154495 1.048954 0.211497
v -0.140194 1.046190 0.193626
v -0.140096 1.046592 0.193886
v -0.116801 1.049484 0.196294
v -0.116647 1.049894 0.196561
v -0.114616 1.048669 0.191620
v -0.114526 1.049103 0.192024
v -0.107044 1.050732 0.196852
v -0.107599 1.050990 0.196810
v -0.114918 1.051333 0.203454
v -0.114884 1.051546 0.202917
v -0.116980 1.050409 0.200439
v -0.116838 1.050670 0.200059
v -0.138298 1.047843 0.199921
v -0.138590 1.048052 0.199530
v -0.144330 1.053591 0.228170
v -0.144812 1.053981 0.228670
v -0.128638 1.053609 0.220346
v -0.128650 1.053999 0.220611
v -0.120967 1.055002 0.222593
v -0.121030 1.055383 0.222844
v -0.111425 1.055728 0.220972
v -0.111746 1.056090 0.221266
v -0.109928 1.059358 0.236139
v -0.110344 1.059489 0.235469
v -0.123571 1.055933 0.227988
v -0.123467 1.056195 0.227630
v -0.128426 1.055027 0.226459
v -0.128493 1.055257 0.226047
v -0.149333 1.054994 0.237067
v -0.149655 1.055452 0.237561
v -0.153871 1.049059 0.211647
v -0.153441 1.048767 0.211823
v -0.139850 1.046760 0.194499
v -0.139656 1.046506 0.194963
v -0.116296 1.050077 0.197185
v -0.116036 1.049832 0.197657
v -0.114294 1.049330 0.192901
v -0.114107 1.049113 0.193530
v -0.108559 1.050892 0.196863
v -0.109117 1.050472 0.196978
v -0.114754 1.051365 0.202056
v -0.114631 1.050892 0.201601
v -0.116510 1.050577 0.199487
v -0.116265 1.050160 0.199213
v -0.139064 1.047862 0.198939
v -0.139318 1.047385 0.198653
v -0.145637 1.054127 0.229724
v -0.146110 1.053858 0.230463
v -0.128607 1.054146 0.221232
v -0.128538 1.053878 0.221701
v -0.121081 1.055513 0.223437
v -0.121071 1.055235 0.223889
v -0.112274 1.056183 0.221940
v -0.112562 1.055882 0.222443
v -0.111047 1.059157 0.234364
v -0.111445 1.058590 0.233756
v -0.123209 1.056103 0.227098
v -0.123007 1.055687 0.226849
v -0.128550 1.055106 0.225416
v -0.128545 1.054654 0.225105
v -0.148410 1.052270 0.228435
v -0.148662 1.053292 0.230249
v -0.151545 1.048921 0.212530
v -0.150945 1.048426 0.212853
v -0.141869 1.047334 0.200695
v -0.142436 1.047030 0.202446
v -0.142228 1.047574 0.204724
v -0.141632 1.047952 0.203285
v -0.146400 1.052495 0.225613
v -0.146420 1.051569 0.224359
v -0.227623 1.007446 0.130352
v -0.221584 1.010290 0.134937
v -0.230534 1.011680 0.147081
v -0.222842 1.016213 0.155998
v -0.211363 1.020433 0.160705
v -0.214382 1.020827 0.164548
v -0.213754 1.022526 0.169765
v -0.209030 1.024172 0.171397
v -0.216379 1.024272 0.177848
v -0.215835 1.025742 0.182363
v -0.209682 1.026924 0.181236
v -0.209080 1.028550 0.186232
v -0.204821 1.029369 0.185452
v -0.212726 1.030340 0.195314
v -0.213696 1.027720 0.187266
v -0.218713 1.026756 0.188184
v -0.222154 1.024584 0.183708
v -0.223514 1.020909 0.172422
v -0.220185 1.020876 0.169543
v -0.221177 1.018195 0.161310
v -0.229979 1.016504 0.162921
v -0.231038 1.013643 0.154133
v -0.236757 1.010305 0.147615
v -0.227391 1.008814 0.134782
v -0.226686 1.010618 0.132493
v -0.223842 1.011958 0.134652
v -0.232658 1.013327 0.146615
v -0.224156 1.018338 0.156471
v -0.213879 1.022116 0.160685
v -0.216215 1.022421 0.163658
v -0.215435 1.024529 0.170131
v -0.211982 1.025732 0.171323
v -0.218229 1.025816 0.176807
v -0.217453 1.027913 0.183246
v -0.211301 1.029095 0.182119
v -0.210699 1.030722 0.187115
v -0.208364 1.031170 0.186687
v -0.212296 1.031654 0.191594
v -0.213067 1.029569 0.185193
v -0.218608 1.028505 0.186207
v -0.221415 1.026734 0.182558
v -0.222653 1.023387 0.172280
v -0.219324 1.023355 0.169401
v -0.220548 1.020045 0.159237
v -0.229351 1.018354 0.160848
v -0.230304 1.015780 0.152942
v -0.235622 1.012676 0.146881
v -0.226582 1.011237 0.134494
v -0.228118 1.009456 0.129757
v -0.222079 1.012300 0.134342
v -0.231029 1.013690 0.146486
v -0.223337 1.018224 0.155403
v -0.211858 1.022444 0.160110
v -0.214877 1.022838 0.163953
v -0.214249 1.024537 0.169171
v -0.209525 1.026183 0.170802
v -0.216874 1.026282 0.177253
v -0.216330 1.027752 0.181768
v -0.210177 1.028934 0.180641
v -0.209575 1.030561 0.185637
v -0.205316 1.031379 0.184857
v -0.213221 1.032351 0.194719
v -0.214191 1.029730 0.186671
v -0.219208 1.028766 0.187589
v -0.222649 1.026594 0.183113
v -0.224009 1.022919 0.171827
v -0.220680 1.022887 0.168948
v -0.221672 1.020206 0.160715
v -0.230475 1.018515 0.162326
v -0.231533 1.015653 0.153538
v -0.237253 1.012316 0.147020
v -0.227886 1.010824 0.134187
v -0.227947 1.010143 0.130163
v -0.228170 1.009669 0.129693
v -0.222131 1.012514 0.134279
v -0.222541 1.012690 0.134268
v -0.231081 1.013904 0.146423
v -0.231464 1.014075 0.146376
v -0.223390 1.018437 0.155340
v -0.223612 1.018703 0.155480
v -0.211910 1.022657 0.160047
v -0.212371 1.022836 0.160088
v -0.214930 1.023051 0.163890
v -0.215255 1.023212 0.163759
v -0.214301 1.024750 0.169107
v -0.214596 1.024992 0.169226
v -0.209577 1.026396 0.170739
v -0.210124 1.026550 0.170770
v -0.216926 1.026495 0.177190
v -0.217255 1.026647 0.177029
v -0.216382 1.027966 0.181705
v -0.216665 1.028241 0.181925
v -0.210230 1.029147 0.180578
v -0.210513 1.029423 0.180799
v -0.209628 1.030774 0.185574
v -0.209911 1.031050 0.185795
v -0.205369 1.031592 0.184794
v -0.206033 1.031795 0.185085
v -0.213274 1.032564 0.194656
v -0.213151 1.032670 0.193965
v -0.214244 1.029943 0.186608
v -0.214081 1.030155 0.186243
v -0.219260 1.028980 0.187526
v -0.219201 1.029172 0.187180
v -0.222702 1.026807 0.183050
v -0.222517 1.027079 0.182868
v -0.224062 1.023132 0.171764
v -0.223853 1.023469 0.171782
v -0.220732 1.023100 0.168885
v -0.220524 1.023437 0.168903
v -0.221724 1.020419 0.160652
v -0.221562 1.020631 0.160287
v -0.230527 1.018728 0.162263
v -0.230364 1.018940 0.161898
v -0.231586 1.015866 0.153475
v -0.231402 1.016135 0.153284
v -0.237305 1.012529 0.146957
v -0.237042 1.012844 0.146858
v -0.227939 1.011038 0.134124
v -0.227741 1.011363 0.134112
v -0.226729 1.010791 0.132441
v -0.227130 1.010806 0.131724
v -0.223546 1.012494 0.134445
v -0.223884 1.012131 0.134601
v -0.232393 1.013868 0.146450
v -0.232700 1.013500 0.146564
v -0.224079 1.018769 0.156089
v -0.224199 1.018511 0.156420
v -0.213524 1.022649 0.160417
v -0.213921 1.022289 0.160634
v -0.216018 1.022974 0.163591
v -0.216257 1.022593 0.163607
v -0.215273 1.024987 0.169773
v -0.215477 1.024701 0.170080
v -0.211526 1.026293 0.171067
v -0.212025 1.025904 0.171272
v -0.218028 1.026381 0.176775
v -0.218272 1.025989 0.176756
v -0.217306 1.028333 0.182768
v -0.217496 1.028085 0.183194
v -0.211153 1.029515 0.181642
v -0.211343 1.029267 0.182068
v -0.210552 1.031141 0.186638
v -0.210741 1.030894 0.187064
v -0.207771 1.031675 0.186129
v -0.208406 1.031343 0.186636
v -0.212623 1.032272 0.192182
v -0.212339 1.031826 0.191543
v -0.213440 1.030064 0.185400
v -0.213110 1.029742 0.185142
v -0.218860 1.029022 0.186392
v -0.218651 1.028677 0.186156
v -0.221813 1.027158 0.182551
v -0.221457 1.026906 0.182507
v -0.223079 1.023736 0.172040
v -0.222695 1.023559 0.172229
v -0.219750 1.023704 0.169161
v -0.219366 1.023527 0.169350
v -0.220921 1.020539 0.159444
v -0.220591 1.020218 0.159186
v -0.229723 1.018848 0.161055
v -0.229393 1.018527 0.160797
v -0.230701 1.016207 0.152944
v -0.230346 1.015952 0.152890
v -0.236112 1.013050 0.146778
v -0.235664 1.012849 0.146830
v -0.226996 1.011598 0.134288
v -0.226624 1.011409 0.134443
v -0.321250 0.958958 0.081650
v -0.328955 0.961956 0.093511
v -0.318115 0.965721 0.094008
v -0.313304 0.968628 0.096890
v -0.307994 0.971440 0.099216
v -0.301136 0.974526 0.101047
v -0.293472 0.977482 0.102032
v -0.286836 0.979773 0.102306
v -0.277958 0.982184 0.101265
v -0.268931 0.984376 0.099650
v -0.258942 0.986621 0.097472
v -0.252829 0.990051 0.100565
v -0.254687 0.983417 0.087589
v -0.259507 0.983855 0.091914
v -0.269607 0.981587 0.094120
v -0.277978 0.979482 0.095464
v -0.286648 0.977065 0.096344
v -0.292472 0.975044 0.096082
v -0.299562 0.972259 0.095062
v -0.305885 0.969584 0.093741
v -0.310100 0.967302 0.091786
v -0.315551 0.964360 0.089280
v -0.321908 0.962263 0.083698
v -0.326713 0.964133 0.091096
v -0.318037 0.967146 0.091493
v -0.312976 0.970204 0.094525
v -0.307859 0.972914 0.096767
v -0.301218 0.975903 0.098540
v -0.293735 0.978788 0.099501
v -0.287314 0.981005 0.099766
v -0.278633 0.983362 0.098749
v -0.269697 0.985533 0.097150
v -0.259135 0.987906 0.094847
v -0.255657 0.989857 0.096606
v -0.256612 0.986447 0.089937
v -0.259457 0.986706 0.092489
v -0.270123 0.984311 0.094819
v -0.278600 0.982180 0.096180
v -0.287454 0.979711 0.097079
v -0.293491 0.977617 0.096807
v -0.300714 0.974779 0.095768
v -0.307264 0.972008 0.094400
v -0.311635 0.969641 0.092372
v -0.317412 0.966524 0.089716
v -0.321884 0.960900 0.080748
v -0.329588 0.963898 0.092609
v -0.318748 0.967663 0.093106
v -0.313937 0.970570 0.095987
v -0.308628 0.973382 0.098314
v -0.301769 0.976469 0.100145
v -0.294105 0.979424 0.101129
v -0.287469 0.981715 0.101403
v -0.278591 0.984126 0.100363
v -0.269564 0.986319 0.098748
v -0.259576 0.988563 0.096569
v -0.253462 0.991993 0.099663
v -0.255320 0.985359 0.086686
v -0.260140 0.985797 0.091012
v -0.270240 0.983529 0.093218
v -0.278612 0.981424 0.094562
v -0.287281 0.979007 0.095442
v -0.293105 0.976986 0.095180
v -0.300195 0.974201 0.094159
v -0.306518 0.971526 0.092839
v -0.310733 0.969244 0.090884
v -0.316184 0.966302 0.088377
v -0.322061 0.961443 0.080496
v -0.322294 0.962726 0.081476
v -0.328723 0.965228 0.091373
v -0.329766 0.964442 0.092357
v -0.318835 0.968662 0.091826
v -0.318925 0.968206 0.092853
v -0.313914 0.971635 0.094774
v -0.314114 0.971113 0.095735
v -0.308689 0.974403 0.097063
v -0.308805 0.973925 0.098061
v -0.301926 0.977446 0.098869
v -0.301946 0.977012 0.099893
v -0.294342 0.980371 0.099843
v -0.294282 0.979968 0.100877
v -0.287801 0.982629 0.100113
v -0.287646 0.982258 0.101151
v -0.279010 0.985017 0.099083
v -0.278768 0.984669 0.100111
v -0.270022 0.987199 0.097475
v -0.269741 0.986862 0.098495
v -0.259782 0.989500 0.095242
v -0.259753 0.989106 0.096317
v -0.254828 0.992280 0.097748
v -0.253639 0.992536 0.099410
v -0.256289 0.987064 0.087547
v -0.255497 0.985902 0.086434
v -0.260239 0.987424 0.091092
v -0.260317 0.986340 0.090759
v -0.270588 0.985100 0.093353
v -0.270417 0.984073 0.092966
v -0.279006 0.982983 0.094704
v -0.278789 0.981967 0.094309
v -0.287757 0.980543 0.095593
v -0.287458 0.979550 0.095190
v -0.293675 0.978490 0.095326
v -0.293283 0.977530 0.094927
v -0.300824 0.975682 0.094297
v -0.300373 0.974744 0.093907
v -0.307246 0.972965 0.092956
v -0.306695 0.972070 0.092587
v -0.311530 0.970645 0.090969
v -0.310910 0.969787 0.090631
v -0.317125 0.967626 0.088397
v -0.316361 0.966846 0.088125
v -0.322299 0.963021 0.082115
v -0.322134 0.962956 0.083376
v -0.326939 0.964826 0.090774
v -0.328101 0.965279 0.091046
v -0.318263 0.967839 0.091171
v -0.318681 0.968550 0.091477
v -0.313202 0.970897 0.094202
v -0.313706 0.971556 0.094457
v -0.308085 0.973607 0.096445
v -0.308523 0.974301 0.096729
v -0.301444 0.976596 0.098218
v -0.301807 0.977324 0.098522
v -0.293961 0.979482 0.099179
v -0.294262 0.980233 0.099491
v -0.287540 0.981698 0.099444
v -0.287767 0.982476 0.099759
v -0.278859 0.984056 0.098427
v -0.279019 0.984851 0.098734
v -0.269923 0.986226 0.096828
v -0.270051 0.987029 0.097129
v -0.259361 0.988599 0.094525
v -0.259686 0.989358 0.094869
v -0.255883 0.990550 0.096284
v -0.255303 0.991818 0.097087
v -0.256838 0.987141 0.089615
v -0.256568 0.987300 0.088250
v -0.259683 0.987399 0.092167
v -0.260091 0.987620 0.091412
v -0.270349 0.985004 0.094497
v -0.270563 0.985269 0.093699
v -0.278826 0.982873 0.095858
v -0.279004 0.983147 0.095054
v -0.287680 0.980404 0.096757
v -0.287795 0.980696 0.095947
v -0.293717 0.978310 0.096485
v -0.293758 0.978627 0.095678
v -0.300940 0.975472 0.095446
v -0.300936 0.975807 0.094645
v -0.307490 0.972701 0.094078
v -0.307408 0.973069 0.093294
v -0.311861 0.970334 0.092050
v -0.311725 0.970731 0.091291
v -0.317638 0.967217 0.089394
v -0.317390 0.967674 0.088686
v -0.345044 0.838266 -0.115401
v -0.315662 0.851716 -0.112957
v -0.304985 0.863367 -0.102205
v -0.331771 0.853999 -0.100214
v -0.329986 0.866806 -0.082580
v -0.336526 0.865360 -0.080868
v -0.342726 0.867271 -0.074456
v -0.342047 0.872146 -0.067744
v -0.318110 0.880564 -0.069457
v -0.314903 0.872945 -0.082442
v -0.300490 0.876133 -0.086215
v -0.311960 0.886050 -0.065050
v -0.347433 0.874744 -0.060807
v -0.349836 0.864181 -0.074809
v -0.340931 0.859923 -0.086221
v -0.349579 0.858011 -0.083957
v -0.349264 0.860271 -0.080845
v -0.366944 0.856361 -0.076215
v -0.347730 0.849886 -0.096885
v -0.347167 0.853932 -0.091315
v -0.338903 0.855759 -0.093479
v -0.337277 0.851391 -0.100800
v -0.338137 0.843884 -0.111244
v -0.318078 0.853066 -0.109576
v -0.313551 0.858006 -0.105017
v -0.332546 0.851363 -0.103605
v -0.334075 0.850748 -0.103609
v -0.343769 0.841682 -0.115431
v -0.317079 0.853899 -0.113210
v -0.308177 0.863612 -0.104247
v -0.333743 0.854671 -0.102346
v -0.331935 0.867648 -0.084479
v -0.337747 0.866362 -0.082957
v -0.344624 0.868482 -0.075846
v -0.343820 0.874252 -0.067902
v -0.317948 0.883350 -0.069753
v -0.314695 0.875623 -0.082923
v -0.303179 0.878170 -0.085938
v -0.313338 0.886954 -0.067192
v -0.347157 0.876176 -0.063147
v -0.349360 0.866492 -0.075982
v -0.339119 0.861597 -0.089105
v -0.351528 0.858852 -0.085856
v -0.351213 0.861113 -0.082743
v -0.364709 0.858128 -0.079210
v -0.349369 0.852958 -0.095713
v -0.348920 0.856176 -0.091283
v -0.338675 0.858442 -0.093965
v -0.336812 0.853437 -0.102353
v -0.345763 0.840060 -0.116631
v -0.316381 0.853509 -0.114186
v -0.305704 0.865160 -0.103435
v -0.332489 0.855792 -0.101444
v -0.330705 0.868599 -0.083810
v -0.337244 0.867153 -0.082097
v -0.343445 0.869065 -0.075686
v -0.342766 0.873940 -0.068974
v -0.318829 0.882357 -0.070686
v -0.315622 0.874738 -0.083671
v -0.301209 0.877926 -0.087445
v -0.312678 0.887843 -0.066280
v -0.348152 0.876538 -0.062037
v -0.350555 0.865974 -0.076039
v -0.341649 0.861717 -0.087451
v -0.350297 0.859804 -0.085187
v -0.349982 0.862065 -0.082074
v -0.367662 0.858154 -0.077445
v -0.348449 0.851680 -0.098115
v -0.347885 0.855725 -0.092545
v -0.339622 0.857553 -0.094709
v -0.337995 0.853184 -0.102029
v -0.345405 0.841470 -0.116790
v -0.345970 0.840576 -0.116985
v -0.316588 0.854026 -0.114540
v -0.316963 0.854489 -0.114424
v -0.305911 0.865676 -0.103789
v -0.306905 0.865463 -0.104297
v -0.332696 0.856309 -0.101798
v -0.333265 0.856245 -0.102337
v -0.330912 0.869116 -0.084164
v -0.331473 0.869111 -0.084622
v -0.337451 0.867669 -0.082452
v -0.337758 0.867721 -0.082976
v -0.343652 0.869581 -0.076040
v -0.344195 0.869705 -0.076320
v -0.342973 0.874456 -0.069328
v -0.343472 0.874892 -0.069178
v -0.319036 0.882873 -0.071040
v -0.318859 0.883547 -0.070939
v -0.315829 0.875254 -0.084025
v -0.315636 0.875891 -0.083988
v -0.301416 0.878442 -0.087799
v -0.302235 0.878855 -0.087497
v -0.312885 0.888359 -0.066634
v -0.313247 0.888376 -0.067177
v -0.348359 0.877054 -0.062391
v -0.348142 0.877255 -0.063003
v -0.350762 0.866490 -0.076392
v -0.350476 0.866999 -0.076597
v -0.341856 0.862233 -0.087805
v -0.341104 0.862518 -0.088607
v -0.350504 0.860320 -0.085541
v -0.351065 0.860315 -0.085999
v -0.350189 0.862581 -0.082428
v -0.350750 0.862576 -0.082886
v -0.367869 0.858671 -0.077799
v -0.366969 0.858989 -0.078640
v -0.348656 0.852196 -0.098469
v -0.349108 0.852970 -0.097855
v -0.348092 0.856241 -0.092899
v -0.348585 0.856726 -0.092683
v -0.339829 0.858069 -0.095063
v -0.339630 0.858707 -0.095028
v -0.338202 0.853701 -0.102383
v -0.337920 0.854116 -0.102721
v -0.343980 0.842210 -0.115793
v -0.344778 0.841979 -0.116413
v -0.317182 0.854612 -0.114117
v -0.317290 0.854427 -0.113572
v -0.307682 0.864977 -0.104552
v -0.308389 0.864140 -0.104609
v -0.333659 0.855892 -0.102621
v -0.333955 0.855199 -0.102708
v -0.331859 0.868812 -0.084832
v -0.332147 0.868175 -0.084841
v -0.337916 0.867472 -0.083246
v -0.337959 0.866890 -0.083319
v -0.344565 0.869522 -0.076371
v -0.344836 0.869010 -0.076208
v -0.343803 0.874991 -0.068841
v -0.344032 0.874780 -0.068264
v -0.318582 0.883859 -0.070646
v -0.318159 0.883878 -0.070115
v -0.315345 0.876169 -0.083753
v -0.314907 0.876151 -0.083285
v -0.302854 0.878931 -0.087024
v -0.303390 0.878698 -0.086300
v -0.313454 0.888097 -0.067463
v -0.313549 0.887482 -0.067554
v -0.347830 0.877141 -0.063352
v -0.347368 0.876704 -0.063509
v -0.350100 0.867161 -0.076579
v -0.349571 0.867020 -0.076344
v -0.340309 0.862481 -0.089127
v -0.339331 0.862125 -0.089467
v -0.351451 0.860016 -0.086209
v -0.351739 0.859380 -0.086218
v -0.351136 0.862277 -0.083097
v -0.351424 0.861641 -0.083105
v -0.366041 0.858980 -0.079194
v -0.364920 0.858656 -0.079572
v -0.349397 0.853372 -0.097100
v -0.349580 0.853486 -0.096075
v -0.348910 0.856868 -0.092286
v -0.349132 0.856704 -0.091645
v -0.339332 0.858986 -0.094794
v -0.338887 0.858970 -0.094327
v -0.337548 0.854195 -0.102823
v -0.337023 0.853965 -0.102715
v -0.338563 0.844947 -0.111973
v -0.340410 0.844414 -0.113409
v -0.318253 0.854556 -0.111566
v -0.318504 0.854129 -0.110304
v -0.312343 0.861005 -0.105614
v -0.313977 0.859069 -0.105746
v -0.333416 0.853636 -0.104048
v -0.332972 0.852426 -0.104334
v -0.334501 0.851811 -0.104337
v -0.335432 0.852824 -0.104052
v -0.305979 0.802115 -0.180355
v -0.322202 0.807207 -0.166968
v -0.330344 0.805735 -0.164877
v -0.321298 0.814191 -0.159364
v -0.318628 0.810528 -0.164813
v -0.303554 0.805362 -0.177751
v -0.298098 0.806615 -0.178846
v -0.298307 0.804571 -0.181097
v -0.301658 0.803431 -0.180850
v -0.302145 0.798661 -0.186103
v -0.306050 0.797688 -0.185407
v -0.290709 0.805432 -0.183638
v -0.282045 0.807463 -0.185330
v -0.282456 0.812497 -0.179356
v -0.291428 0.808739 -0.179505
v -0.274919 0.811259 -0.184279
v -0.264280 0.819684 -0.179543
v -0.264622 0.809870 -0.190659
v -0.305338 0.804169 -0.181350
v -0.322309 0.809496 -0.167346
v -0.328256 0.808421 -0.165819
v -0.322252 0.814034 -0.162159
v -0.320173 0.811183 -0.166400
v -0.304547 0.805828 -0.179812
v -0.299942 0.806886 -0.180736
v -0.299991 0.806405 -0.181266
v -0.303342 0.805264 -0.181020
v -0.303819 0.800589 -0.186169
v -0.305403 0.800195 -0.185887
v -0.290234 0.807880 -0.184104
v -0.283867 0.809373 -0.185348
v -0.284127 0.812567 -0.181557
v -0.290658 0.809831 -0.181665
v -0.273334 0.813284 -0.185748
v -0.266097 0.819015 -0.182526
v -0.266330 0.812338 -0.190088
v -0.306539 0.803500 -0.181561
v -0.322762 0.808592 -0.168174
v -0.330904 0.807120 -0.166083
v -0.321859 0.815577 -0.160570
v -0.319188 0.811913 -0.166019
v -0.304114 0.806747 -0.178957
v -0.298659 0.808001 -0.180051
v -0.298867 0.805957 -0.182303
v -0.302219 0.804816 -0.182056
v -0.302706 0.800047 -0.187309
v -0.306611 0.799074 -0.186613
v -0.291269 0.806818 -0.184844
v -0.282605 0.808848 -0.186536
v -0.283016 0.813883 -0.180562
v -0.291988 0.810124 -0.180711
v -0.275479 0.812644 -0.185485
v -0.264841 0.821069 -0.180749
v -0.265183 0.811255 -0.191865
v -0.306680 0.803849 -0.181865
v -0.306366 0.804439 -0.182080
v -0.322870 0.809619 -0.168461
v -0.322903 0.808941 -0.168478
v -0.330187 0.808296 -0.166582
v -0.331045 0.807469 -0.166386
v -0.322284 0.815684 -0.161765
v -0.322000 0.815925 -0.160873
v -0.319837 0.812326 -0.166761
v -0.319330 0.812262 -0.166323
v -0.304555 0.807089 -0.179877
v -0.304255 0.807096 -0.179261
v -0.299419 0.808269 -0.180907
v -0.298800 0.808350 -0.180355
v -0.299568 0.806813 -0.182511
v -0.299008 0.806306 -0.182606
v -0.302919 0.805672 -0.182265
v -0.302360 0.805165 -0.182360
v -0.303402 0.800938 -0.187479
v -0.302847 0.800396 -0.187613
v -0.306434 0.800182 -0.186938
v -0.306752 0.799422 -0.186917
v -0.291158 0.807904 -0.185164
v -0.291410 0.807167 -0.185147
v -0.282746 0.809197 -0.186839
v -0.283357 0.809733 -0.186687
v -0.283157 0.814231 -0.180865
v -0.283712 0.814075 -0.181534
v -0.292129 0.810473 -0.181014
v -0.291766 0.810702 -0.181668
v -0.275620 0.812993 -0.185789
v -0.274951 0.813572 -0.186182
v -0.265591 0.820984 -0.182015
v -0.264982 0.821418 -0.181053
v -0.265892 0.812349 -0.191795
v -0.265324 0.811604 -0.192169
v -0.305931 0.804681 -0.182004
v -0.305521 0.804620 -0.181743
v -0.322492 0.809947 -0.167739
v -0.322706 0.809946 -0.168161
v -0.328439 0.808872 -0.166211
v -0.329228 0.808767 -0.166486
v -0.322434 0.814486 -0.162552
v -0.322426 0.815126 -0.162341
v -0.320356 0.811634 -0.166793
v -0.320193 0.812062 -0.166899
v -0.304730 0.806279 -0.180205
v -0.304712 0.806756 -0.180186
v -0.300124 0.807338 -0.181129
v -0.299883 0.807866 -0.181155
v -0.300173 0.806856 -0.181659
v -0.299974 0.806975 -0.182136
v -0.303524 0.805715 -0.181413
v -0.303325 0.805834 -0.181890
v -0.304002 0.801041 -0.186561
v -0.303806 0.801134 -0.187066
v -0.305585 0.800646 -0.186279
v -0.305997 0.800588 -0.186675
v -0.290416 0.808331 -0.184497
v -0.290783 0.808289 -0.184896
v -0.283814 0.809923 -0.186257
v -0.284049 0.809824 -0.185740
v -0.284114 0.813599 -0.181894
v -0.284310 0.813018 -0.181949
v -0.291285 0.810595 -0.182013
v -0.290841 0.810283 -0.182058
v -0.274174 0.813803 -0.186277
v -0.273517 0.813735 -0.186140
v -0.266280 0.819466 -0.182918
v -0.266046 0.820240 -0.182658
v -0.266512 0.812790 -0.190480
v -0.266307 0.812742 -0.191152
v -0.236849 0.771479 -0.241249
v -0.241034 0.774031 -0.237319
v -0.224499 0.782915 -0.233978
v -0.225448 0.777203 -0.239345
v -0.258054 0.756359 -0.249240
v -0.256824 0.763768 -0.242280
v -0.259487 0.763567 -0.241595
v -0.258943 0.766844 -0.238516
v -0.253959 0.767221 -0.239798
v -0.254395 0.764599 -0.242261
v -0.234172 0.768169 -0.245430
v -0.198887 0.788817 -0.236620
v -0.197779 0.788060 -0.237741
v -0.225489 0.759667 -0.256773
v -0.233672 0.765098 -0.248651
v -0.253081 0.761027 -0.246250
v -0.230194 0.767760 -0.247159
v -0.209098 0.780105 -0.241891
v -0.208996 0.780036 -0.241994
v -0.225089 0.763546 -0.253048
v -0.229812 0.766681 -0.248360
v -0.257461 0.760118 -0.249380
v -0.256449 0.766214 -0.243652
v -0.259111 0.766013 -0.242967
v -0.258779 0.768014 -0.241088
v -0.255500 0.768262 -0.241931
v -0.255951 0.765545 -0.244483
v -0.234520 0.769329 -0.247842
v -0.199658 0.789729 -0.239138
v -0.199490 0.789614 -0.239307
v -0.226082 0.762366 -0.257572
v -0.233887 0.767546 -0.249826
v -0.254055 0.763315 -0.247332
v -0.237432 0.773222 -0.243002
v -0.241616 0.775775 -0.239072
v -0.225082 0.784658 -0.235731
v -0.226030 0.778946 -0.241098
v -0.258637 0.758103 -0.250993
v -0.257407 0.765512 -0.244033
v -0.260070 0.765311 -0.243348
v -0.259525 0.768588 -0.240269
v -0.254542 0.768964 -0.241551
v -0.254977 0.766343 -0.244014
v -0.234755 0.769913 -0.247183
v -0.199469 0.790560 -0.238373
v -0.198361 0.789804 -0.239494
v -0.226071 0.761411 -0.258527
v -0.234255 0.766842 -0.250404
v -0.253663 0.762770 -0.248003
v -0.258743 0.758420 -0.251313
v -0.258429 0.759265 -0.250989
v -0.257269 0.766251 -0.244425
v -0.257513 0.765829 -0.244352
v -0.259932 0.766050 -0.243740
v -0.260176 0.765628 -0.243667
v -0.259456 0.768915 -0.241048
v -0.259631 0.768905 -0.240588
v -0.255022 0.769250 -0.242189
v -0.254648 0.769282 -0.241870
v -0.255462 0.766598 -0.244680
v -0.255083 0.766660 -0.244333
v -0.234850 0.770237 -0.247911
v -0.234861 0.770230 -0.247502
v -0.199702 0.790805 -0.239135
v -0.199576 0.790878 -0.238692
v -0.198897 0.790255 -0.239949
v -0.198467 0.790121 -0.239813
v -0.226246 0.762231 -0.258734
v -0.226177 0.761728 -0.258846
v -0.234308 0.767582 -0.250733
v -0.234361 0.767159 -0.250723
v -0.253961 0.763459 -0.248302
v -0.253769 0.763088 -0.248322
v -0.257966 0.760059 -0.250353
v -0.257575 0.760459 -0.249722
v -0.256562 0.766556 -0.243995
v -0.256891 0.766528 -0.244275
v -0.259225 0.766354 -0.243310
v -0.259554 0.766327 -0.243590
v -0.258893 0.768355 -0.241431
v -0.259162 0.768689 -0.241371
v -0.255614 0.768603 -0.242274
v -0.255400 0.768974 -0.242339
v -0.256065 0.765886 -0.244826
v -0.255846 0.766284 -0.244866
v -0.234633 0.769670 -0.248185
v -0.234757 0.770007 -0.248171
v -0.199772 0.790070 -0.239480
v -0.199776 0.790477 -0.239436
v -0.199604 0.789955 -0.239650
v -0.199341 0.790181 -0.239875
v -0.226196 0.762707 -0.257915
v -0.226250 0.762608 -0.258358
v -0.234001 0.767887 -0.250169
v -0.234163 0.767859 -0.250506
v -0.254169 0.763656 -0.247675
v -0.254115 0.763673 -0.248037
v -0.231424 0.769474 -0.248727
v -0.230653 0.769132 -0.248539
v -0.209556 0.781478 -0.243271
v -0.207947 0.783212 -0.242865
v -0.209454 0.781408 -0.243374
v -0.207834 0.783135 -0.242979
v -0.225547 0.764919 -0.254427
v -0.225742 0.764784 -0.255280
v -0.230270 0.768053 -0.249740
v -0.230998 0.768273 -0.250063
v -0.237234 0.773994 -0.242300
v -0.240241 0.775829 -0.239476
v -0.226108 0.783422 -0.236620
v -0.226805 0.779230 -0.240558
v -0.237516 0.773476 -0.243256
v -0.237516 0.773971 -0.243217
v -0.241273 0.776263 -0.239689
v -0.241701 0.776028 -0.239327
v -0.225611 0.784677 -0.236525
v -0.225166 0.784912 -0.235986
v -0.226468 0.779518 -0.241372
v -0.226115 0.779200 -0.241352
v -0.237445 0.774249 -0.242965
v -0.237336 0.774299 -0.242606
v -0.240343 0.776133 -0.239782
v -0.240778 0.776282 -0.239835
v -0.226210 0.783726 -0.236926
v -0.225981 0.784232 -0.236845
v -0.226906 0.779535 -0.240864
v -0.226747 0.779620 -0.241178
v -0.153673 0.738988 -0.294431
v -0.139587 0.739308 -0.296936
v -0.133597 0.740998 -0.296636
v -0.126933 0.744184 -0.295157
v -0.118921 0.749622 -0.291969
v -0.110972 0.750098 -0.293122
v -0.108427 0.752672 -0.291365
v -0.106802 0.757077 -0.287821
v -0.108319 0.759486 -0.285407
v -0.113259 0.759966 -0.284009
v -0.118670 0.758289 -0.284411
v -0.121317 0.752676 -0.288814
v -0.129156 0.747835 -0.291513
v -0.135656 0.745171 -0.292566
v -0.140103 0.744256 -0.292491
v -0.158242 0.743845 -0.289265
v -0.164061 0.744971 -0.287126
v -0.166046 0.743002 -0.288462
v -0.143282 0.721827 -0.311548
v -0.144067 0.715739 -0.316736
v -0.134553 0.714918 -0.319338
v -0.138288 0.724753 -0.309967
v -0.137326 0.727736 -0.307539
v -0.141725 0.727192 -0.307147
v -0.117710 0.752453 -0.289723
v -0.112601 0.752759 -0.290464
v -0.111698 0.753672 -0.289841
v -0.110657 0.756493 -0.287571
v -0.110909 0.756892 -0.287171
v -0.113221 0.757117 -0.286517
v -0.115923 0.756280 -0.286717
v -0.117720 0.752469 -0.289707
v -0.156604 0.741533 -0.295036
v -0.140047 0.741908 -0.297980
v -0.134398 0.743502 -0.297697
v -0.127965 0.746578 -0.296269
v -0.119686 0.752197 -0.292974
v -0.111901 0.752663 -0.294104
v -0.109917 0.754671 -0.292734
v -0.108490 0.758536 -0.289624
v -0.109576 0.760259 -0.287897
v -0.113620 0.760652 -0.286753
v -0.118106 0.759261 -0.287087
v -0.120670 0.753826 -0.291350
v -0.128939 0.748719 -0.294198
v -0.135703 0.745946 -0.295294
v -0.140450 0.744969 -0.295213
v -0.158903 0.744551 -0.291932
v -0.164059 0.745550 -0.290036
v -0.164842 0.744773 -0.290563
v -0.142378 0.723877 -0.313344
v -0.143103 0.718248 -0.318142
v -0.136683 0.717694 -0.319897
v -0.139941 0.726274 -0.311723
v -0.139302 0.728255 -0.310110
v -0.142727 0.727832 -0.309805
v -0.154046 0.740646 -0.296320
v -0.139960 0.740965 -0.298824
v -0.133970 0.742656 -0.298525
v -0.127307 0.745842 -0.297046
v -0.119295 0.751279 -0.293857
v -0.111345 0.751756 -0.295011
v -0.108801 0.754330 -0.293254
v -0.107175 0.758735 -0.289710
v -0.108692 0.761143 -0.287296
v -0.113633 0.761624 -0.285897
v -0.119044 0.759946 -0.286300
v -0.121691 0.754334 -0.290702
v -0.129530 0.749493 -0.293402
v -0.136030 0.746829 -0.294455
v -0.140477 0.745913 -0.294379
v -0.158615 0.745502 -0.291154
v -0.164434 0.746629 -0.289015
v -0.166420 0.744659 -0.290351
v -0.143656 0.723485 -0.313436
v -0.144440 0.717397 -0.318625
v -0.134926 0.716576 -0.321226
v -0.138661 0.726411 -0.311856
v -0.137700 0.729394 -0.309427
v -0.142099 0.728850 -0.309035
v -0.155021 0.741552 -0.296602
v -0.154125 0.740995 -0.296718
v -0.140039 0.741315 -0.299222
v -0.140127 0.741890 -0.299250
v -0.134049 0.743005 -0.298923
v -0.134249 0.743548 -0.298956
v -0.127385 0.746191 -0.297444
v -0.127661 0.746699 -0.297494
v -0.119373 0.751629 -0.294255
v -0.119561 0.752195 -0.294271
v -0.111424 0.752105 -0.295409
v -0.111666 0.752669 -0.295416
v -0.108879 0.754680 -0.293652
v -0.109304 0.755058 -0.293786
v -0.107254 0.759084 -0.290108
v -0.107744 0.759286 -0.290384
v -0.108771 0.761493 -0.287694
v -0.109120 0.761470 -0.288194
v -0.113711 0.761973 -0.286296
v -0.113767 0.761922 -0.286879
v -0.119122 0.760296 -0.286698
v -0.118876 0.760339 -0.287259
v -0.121770 0.754684 -0.291100
v -0.121496 0.754784 -0.291616
v -0.129608 0.749842 -0.293800
v -0.129475 0.749856 -0.294364
v -0.136108 0.747178 -0.294853
v -0.136062 0.747156 -0.295431
v -0.140555 0.746263 -0.294777
v -0.140607 0.746221 -0.295354
v -0.158694 0.745852 -0.291552
v -0.158848 0.745808 -0.292110
v -0.164513 0.746979 -0.289413
v -0.164450 0.746892 -0.290051
v -0.166498 0.745009 -0.290749
v -0.166042 0.745313 -0.291122
v -0.143735 0.723834 -0.313835
v -0.143377 0.724229 -0.314108
v -0.144519 0.717746 -0.319023
v -0.144142 0.718291 -0.319169
v -0.135005 0.716925 -0.321624
v -0.135639 0.717558 -0.321494
v -0.138740 0.726760 -0.312254
v -0.139218 0.726982 -0.312514
v -0.137778 0.729743 -0.309826
v -0.138362 0.729638 -0.310353
v -0.142177 0.729199 -0.309433
v -0.142443 0.729133 -0.309989
v -0.156697 0.741945 -0.295506
v -0.156105 0.741928 -0.296058
v -0.140164 0.742289 -0.298892
v -0.140140 0.742321 -0.298450
v -0.134430 0.743907 -0.298606
v -0.134491 0.743915 -0.298168
v -0.127940 0.747011 -0.297165
v -0.128058 0.746991 -0.296740
v -0.119727 0.752584 -0.293897
v -0.119779 0.752610 -0.293445
v -0.111901 0.753053 -0.295032
v -0.111994 0.753076 -0.294575
v -0.109777 0.755202 -0.293566
v -0.110010 0.755084 -0.293204
v -0.108301 0.759201 -0.290348
v -0.108583 0.758948 -0.290095
v -0.109494 0.761095 -0.288449
v -0.109669 0.760671 -0.288368
v -0.113762 0.761510 -0.287242
v -0.113713 0.761065 -0.287223
v -0.118479 0.760048 -0.287593
v -0.118199 0.759674 -0.287557
v -0.121063 0.754569 -0.291891
v -0.120763 0.754239 -0.291820
v -0.129225 0.749528 -0.294702
v -0.129032 0.749132 -0.294668
v -0.135923 0.746782 -0.295787
v -0.135796 0.746359 -0.295764
v -0.140596 0.745821 -0.295707
v -0.140543 0.745382 -0.295683
v -0.158970 0.745405 -0.292440
v -0.158996 0.744964 -0.292402
v -0.164291 0.746435 -0.290484
v -0.164152 0.745963 -0.290507
v -0.165374 0.745361 -0.291212
v -0.164935 0.745186 -0.291033
v -0.142835 0.724396 -0.314069
v -0.142471 0.724290 -0.313815
v -0.143575 0.718652 -0.318964
v -0.143196 0.718661 -0.318612
v -0.136384 0.718032 -0.320930
v -0.136776 0.718107 -0.320367
v -0.139761 0.726924 -0.312458
v -0.140034 0.726687 -0.312193
v -0.139042 0.729155 -0.310642
v -0.139395 0.728668 -0.310580
v -0.142709 0.728702 -0.310315
v -0.142820 0.728245 -0.310275
v -0.118013 0.753796 -0.291253
v -0.118404 0.753728 -0.291884
v -0.112760 0.754067 -0.292703
v -0.112903 0.754102 -0.291994
v -0.111641 0.755198 -0.291930
v -0.112001 0.755015 -0.291371
v -0.110523 0.758228 -0.289493
v -0.110960 0.757836 -0.289101
v -0.110941 0.758891 -0.288827
v -0.111211 0.758235 -0.288701
v -0.113599 0.759150 -0.288075
v -0.113523 0.758460 -0.288047
v -0.116658 0.758202 -0.288303
v -0.116225 0.757622 -0.288248
v -0.118608 0.754067 -0.291546
v -0.118023 0.753812 -0.291237
v 0.091140 0.740423 -0.307174
v 0.087866 0.737620 -0.309829
v 0.087866 0.737620 -0.309829
v 0.059266 0.745357 -0.306036
v 0.060983 0.745754 -0.305543
v 0.061872 0.747228 -0.304224
v 0.079449 0.735582 -0.312327
v 0.060619 0.714668 -0.331615
v 0.060619 0.714668 -0.331615
v 0.061205 0.705195 -0.339495
v 0.061205 0.705195 -0.339495
v 0.045953 0.712053 -0.335183
v 0.058640 0.715890 -0.330777
v 0.072666 0.737164 -0.311640
v 0.057724 0.713444 -0.332912
v 0.057724 0.713444 -0.332912
v 0.058078 0.707724 -0.337670
v 0.058078 0.707724 -0.337670
v 0.048867 0.711865 -0.335067
v 0.056529 0.714182 -0.332406
v 0.057501 0.711460 -0.330542
v 0.056306 0.712198 -0.330037
v 0.048644 0.709881 -0.332697
v 0.057855 0.705739 -0.335301
v 0.057482 0.716862 -0.330072
v 0.057259 0.714877 -0.327703
v 0.071592 0.736617 -0.308146
v 0.071815 0.738601 -0.310516
v 0.042386 0.712297 -0.335314
v 0.042163 0.710312 -0.332945
v 0.062901 0.703072 -0.341113
v 0.062678 0.701088 -0.338744
v 0.062208 0.714257 -0.331809
v 0.061986 0.712273 -0.329440
v 0.081991 0.736229 -0.311547
v 0.081768 0.734244 -0.309177
v 0.059827 0.746767 -0.304803
v 0.059605 0.744782 -0.302433
v 0.060755 0.746690 -0.300727
v 0.060977 0.748675 -0.303096
v 0.054213 0.745470 -0.306417
v 0.053990 0.743485 -0.304047
v 0.088401 0.736221 -0.310951
v 0.088178 0.734236 -0.308582
v 0.093985 0.741001 -0.306422
v 0.093762 0.739017 -0.304053
v 0.058020 0.717200 -0.331212
v 0.058020 0.717200 -0.331212
v 0.057518 0.717187 -0.330460
v 0.071851 0.738926 -0.310903
v 0.072231 0.738756 -0.311821
v 0.072231 0.738756 -0.311821
v 0.043874 0.712922 -0.336124
v 0.043874 0.712922 -0.336124
v 0.042422 0.712622 -0.335702
v 0.062313 0.704631 -0.341336
v 0.062313 0.704631 -0.341336
v 0.062937 0.703397 -0.341501
v 0.061662 0.715141 -0.332594
v 0.081069 0.736695 -0.312716
v 0.081069 0.736695 -0.312716
v 0.082027 0.736554 -0.311934
v 0.060364 0.747089 -0.305956
v 0.060364 0.747089 -0.305956
v 0.059864 0.747092 -0.305190
v 0.061014 0.749000 -0.303484
v 0.061411 0.748826 -0.304403
v 0.061411 0.748826 -0.304403
v 0.056287 0.746147 -0.307128
v 0.054249 0.745795 -0.306804
v 0.088438 0.736546 -0.311339
v 0.092944 0.741495 -0.307580
v 0.094021 0.741326 -0.306810
v 0.058697 0.716399 -0.331386
v 0.058477 0.716816 -0.331490
v 0.072567 0.738188 -0.312265
v 0.072723 0.737673 -0.312248
v 0.046010 0.712563 -0.335792
v 0.045282 0.712826 -0.336072
v 0.061262 0.705704 -0.340103
v 0.061644 0.705469 -0.340697
v 0.061644 0.705469 -0.340697
v 0.060676 0.715178 -0.332223
v 0.061035 0.715303 -0.332517
v 0.061035 0.715303 -0.332517
v 0.079506 0.736092 -0.312936
v 0.080066 0.736440 -0.313024
v 0.061040 0.746263 -0.306151
v 0.060820 0.746689 -0.306248
v 0.061764 0.748255 -0.304848
v 0.061929 0.747738 -0.304833
v 0.059324 0.745867 -0.306645
v 0.058282 0.746103 -0.306978
v 0.087923 0.738130 -0.310438
v 0.088060 0.738047 -0.310927
v 0.088060 0.738047 -0.310927
v 0.091198 0.740933 -0.307782
v 0.091821 0.741267 -0.307877
v 0.196666 0.745569 -0.282293
v 0.197314 0.729745 -0.296139
v 0.197314 0.729745 -0.296139
v 0.171949 0.730343 -0.301453
v 0.171949 0.730343 -0.301453
v 0.143195 0.753402 -0.287683
v 0.143195 0.753402 -0.287683
v 0.136145 0.755112 -0.287795
v 0.142794 0.759921 -0.282010
v 0.146541 0.759064 -0.281904
v 0.146541 0.759064 -0.281904
v 0.145832 0.755604 -0.285128
v 0.145832 0.755604 -0.285128
v 0.173337 0.733238 -0.298573
v 0.147220 0.755816 -0.284620
v 0.146681 0.753747 -0.282281
v 0.172834 0.732480 -0.295066
v 0.173373 0.734549 -0.297405
v 0.148021 0.759724 -0.280980
v 0.147482 0.757655 -0.278640
v 0.142300 0.761032 -0.281141
v 0.141761 0.758963 -0.278802
v 0.133587 0.754732 -0.288720
v 0.133049 0.752662 -0.286381
v 0.142605 0.752544 -0.288578
v 0.142066 0.750475 -0.286239
v 0.171517 0.729359 -0.302423
v 0.170978 0.727290 -0.300084
v 0.198649 0.728720 -0.296738
v 0.198110 0.726651 -0.294399
v 0.197879 0.747504 -0.280303
v 0.197340 0.745435 -0.277963
v 0.146931 0.756581 -0.285760
v 0.146931 0.756581 -0.285760
v 0.147358 0.756344 -0.285217
v 0.173511 0.735077 -0.298002
v 0.173580 0.734911 -0.298786
v 0.173580 0.734911 -0.298786
v 0.147698 0.760325 -0.282272
v 0.147698 0.760325 -0.282272
v 0.148158 0.760252 -0.281576
v 0.142701 0.761468 -0.282413
v 0.142701 0.761468 -0.282413
v 0.142438 0.761560 -0.281738
v 0.134745 0.755714 -0.289334
v 0.133725 0.755259 -0.289317
v 0.171895 0.730563 -0.303021
v 0.171654 0.729887 -0.303020
v 0.198379 0.729939 -0.297472
v 0.198786 0.729247 -0.297335
v 0.197654 0.747637 -0.281985
v 0.197654 0.747637 -0.281985
v 0.198017 0.748031 -0.280899
v 0.145986 0.756194 -0.285795
v 0.146461 0.756509 -0.285932
v 0.146461 0.756509 -0.285932
v 0.173568 0.734467 -0.299182
v 0.173491 0.733827 -0.299240
v 0.146695 0.759654 -0.282571
v 0.147196 0.760102 -0.282585
v 0.142948 0.760510 -0.282676
v 0.136298 0.755702 -0.288461
v 0.135611 0.755843 -0.289020
v 0.143348 0.753991 -0.288350
v 0.143240 0.753992 -0.288900
v 0.143240 0.753992 -0.288900
v 0.172103 0.730933 -0.302120
v 0.172041 0.730896 -0.302692
v 0.172041 0.730896 -0.302692
v 0.197468 0.730335 -0.296805
v 0.197927 0.730286 -0.297268
v 0.197927 0.730286 -0.297268
v 0.196819 0.746159 -0.282960
v 0.197243 0.746982 -0.282660
v 0.194903 0.741852 -0.285986
v 0.194429 0.740612 -0.286083
v 0.195342 0.731136 -0.295363
v 0.195342 0.731136 -0.295363
v 0.194828 0.730866 -0.294611
v 0.178165 0.731541 -0.298962
v 0.178165 0.731541 -0.298962
v 0.179206 0.731234 -0.297884
v 0.194029 0.739077 -0.284348
v 0.179661 0.731483 -0.294375
v 0.178806 0.729700 -0.296149
v 0.194428 0.729332 -0.292876
v 0.267103 0.793335 -0.211049
v 0.267894 0.796837 -0.207125
v 0.267894 0.796837 -0.207125
v 0.271621 0.792565 -0.210165
v 0.285676 0.783410 -0.214417
v 0.295190 0.780167 -0.214234
v 0.295190 0.780167 -0.214234
v 0.288233 0.776482 -0.220644
v 0.288233 0.776482 -0.220644
v 0.280720 0.784054 -0.215596
v 0.280720 0.784054 -0.215596
v 0.265912 0.778216 -0.227164
v 0.260180 0.778222 -0.229293
v 0.255195 0.779343 -0.229988
v 0.248194 0.782255 -0.229578
v 0.236557 0.788597 -0.227341
v 0.233061 0.790525 -0.226645
v 0.233061 0.790525 -0.226645
v 0.225445 0.783943 -0.236304
v 0.225445 0.783943 -0.236304
v 0.231018 0.777530 -0.240874
v 0.239473 0.778402 -0.236821
v 0.242520 0.774013 -0.240234
v 0.242520 0.774013 -0.240234
v 0.236687 0.776448 -0.239884
v 0.236687 0.776448 -0.239884
v 0.230566 0.775161 -0.243498
v 0.230566 0.775161 -0.243498
v 0.221369 0.782702 -0.239109
v 0.231278 0.793806 -0.223909
v 0.237555 0.790592 -0.224901
v 0.249079 0.783660 -0.227793
v 0.255092 0.781541 -0.227748
v 0.277347 0.785792 -0.215052
v 0.268670 0.793625 -0.210165
v 0.268670 0.793625 -0.210165
v 0.268170 0.790934 -0.213141
v 0.268170 0.790934 -0.213141
v 0.265194 0.792469 -0.212659
v 0.230413 0.774190 -0.244562
v 0.229602 0.771933 -0.242384
v 0.219112 0.780533 -0.237378
v 0.219924 0.782791 -0.239556
v 0.269509 0.791706 -0.211842
v 0.268698 0.789449 -0.209664
v 0.268297 0.787288 -0.212053
v 0.269108 0.789546 -0.214230
v 0.244982 0.772122 -0.241277
v 0.244171 0.769865 -0.239099
v 0.235996 0.773277 -0.238609
v 0.236808 0.775534 -0.240786
v 0.288176 0.775291 -0.221901
v 0.287364 0.773034 -0.219723
v 0.279772 0.780686 -0.214621
v 0.280583 0.782943 -0.216799
v 0.274838 0.783905 -0.213122
v 0.275650 0.786162 -0.215300
v 0.296678 0.777967 -0.211140
v 0.297489 0.780224 -0.213318
v 0.231410 0.778457 -0.239768
v 0.230598 0.776200 -0.237590
v 0.239160 0.777082 -0.233486
v 0.239972 0.779339 -0.235664
v 0.267181 0.799028 -0.205120
v 0.266369 0.796771 -0.202942
v 0.233439 0.789394 -0.227676
v 0.232628 0.787137 -0.225499
v 0.226041 0.781444 -0.233852
v 0.226852 0.783702 -0.236030
v 0.263126 0.792631 -0.213261
v 0.262315 0.790374 -0.211083
v 0.265222 0.791694 -0.208631
v 0.266034 0.793952 -0.210809
v 0.229973 0.792704 -0.220718
v 0.230785 0.794961 -0.222895
v 0.264127 0.793461 -0.213914
v 0.264127 0.793461 -0.213914
v 0.263345 0.793242 -0.213850
v 0.266253 0.794562 -0.211398
v 0.266705 0.794631 -0.211741
v 0.266705 0.794631 -0.211741
v 0.267400 0.799639 -0.205709
v 0.267734 0.799187 -0.206635
v 0.267734 0.799187 -0.206635
v 0.272471 0.793757 -0.210498
v 0.286293 0.784754 -0.214680
v 0.297709 0.780835 -0.213907
v 0.297047 0.781088 -0.214473
v 0.288395 0.775901 -0.222490
v 0.288512 0.776568 -0.222338
v 0.280802 0.783554 -0.217388
v 0.280946 0.784193 -0.217253
v 0.255373 0.779707 -0.231431
v 0.248221 0.782682 -0.231012
v 0.236529 0.789054 -0.228764
v 0.233658 0.790005 -0.228266
v 0.233631 0.790651 -0.228188
v 0.227072 0.784312 -0.236619
v 0.226705 0.784665 -0.236973
v 0.231629 0.779067 -0.240357
v 0.231598 0.779034 -0.240986
v 0.231598 0.779034 -0.240986
v 0.240191 0.779950 -0.236253
v 0.240124 0.779913 -0.236899
v 0.240124 0.779913 -0.236899
v 0.245202 0.772733 -0.241866
v 0.244486 0.773630 -0.241785
v 0.244486 0.773630 -0.241785
v 0.237027 0.776145 -0.241376
v 0.237085 0.776719 -0.241341
v 0.230633 0.774801 -0.245151
v 0.230781 0.775394 -0.245062
v 0.220143 0.783401 -0.240145
v 0.220719 0.783645 -0.240260
v 0.220719 0.783645 -0.240260
v 0.231004 0.795572 -0.223485
v 0.231265 0.795462 -0.224083
v 0.231265 0.795462 -0.224083
v 0.238224 0.791900 -0.225183
v 0.249682 0.785007 -0.228058
v 0.255531 0.782947 -0.228014
v 0.260540 0.781697 -0.227443
v 0.260540 0.781697 -0.227443
v 0.264851 0.782112 -0.225407
v 0.275869 0.786773 -0.215889
v 0.276528 0.786923 -0.216070
v 0.276528 0.786923 -0.216070
v 0.269729 0.792317 -0.212431
v 0.269549 0.793224 -0.212140
v 0.269328 0.790156 -0.214820
v 0.269116 0.790888 -0.214723
v 0.265409 0.793066 -0.213235
v 0.264793 0.793408 -0.213720
v 0.267318 0.793932 -0.211625
v 0.267964 0.798482 -0.207281
v 0.268109 0.797434 -0.207701
v 0.272215 0.793609 -0.210748
v 0.286149 0.784533 -0.214964
v 0.296306 0.781070 -0.214768
v 0.296306 0.781070 -0.214768
v 0.295404 0.780764 -0.214809
v 0.288531 0.776952 -0.221933
v 0.288531 0.776952 -0.221933
v 0.288448 0.777079 -0.221220
v 0.280990 0.784551 -0.216866
v 0.280990 0.784551 -0.216866
v 0.280935 0.784651 -0.216172
v 0.266412 0.778804 -0.228254
v 0.266412 0.778804 -0.228254
v 0.260538 0.778810 -0.230436
v 0.255440 0.779957 -0.231147
v 0.248361 0.782902 -0.230732
v 0.236695 0.789259 -0.228489
v 0.233510 0.791015 -0.227856
v 0.233510 0.791015 -0.227856
v 0.233275 0.791122 -0.227221
v 0.226252 0.784743 -0.237061
v 0.226252 0.784743 -0.237061
v 0.225660 0.784540 -0.236880
v 0.231471 0.778735 -0.241342
v 0.231232 0.778127 -0.241450
v 0.239964 0.779611 -0.237271
v 0.239688 0.778998 -0.237397
v 0.243693 0.774240 -0.241449
v 0.243693 0.774240 -0.241449
v 0.242735 0.774610 -0.240810
v 0.237047 0.777014 -0.241050
v 0.237047 0.777014 -0.241050
v 0.236902 0.777044 -0.240460
v 0.230831 0.775707 -0.244720
v 0.230831 0.775707 -0.244720
v 0.230781 0.775758 -0.244074
v 0.221185 0.783616 -0.240116
v 0.221584 0.783299 -0.239685
v 0.231424 0.795090 -0.224409
v 0.231493 0.794403 -0.224485
v 0.238055 0.791696 -0.225457
v 0.249544 0.784784 -0.228340
v 0.255473 0.782695 -0.228296
v 0.277075 0.786804 -0.215990
v 0.277562 0.786389 -0.215628
v 0.269279 0.793842 -0.211600
v 0.269279 0.793842 -0.211600
v 0.268884 0.794222 -0.210741
v 0.268814 0.791335 -0.214372
v 0.268814 0.791335 -0.214372
v 0.268385 0.791531 -0.213717
v 0.338433 0.838550 -0.121643
v 0.338433 0.838550 -0.121643
v 0.337877 0.833270 -0.128829
v 0.337877 0.833270 -0.128829
v 0.332294 0.836536 -0.127493
v 0.332294 0.836536 -0.127493
v 0.315348 0.839811 -0.132107
v 0.315348 0.839811 -0.132107
v 0.313257 0.829021 -0.147293
v 0.313257 0.829021 -0.147293
v 0.317688 0.827281 -0.147239
v 0.317688 0.827281 -0.147239
v 0.314535 0.827023 -0.149230
v 0.314535 0.827023 -0.149230
v 0.307636 0.829101 -0.150136
v 0.307636 0.829101 -0.150136
v 0.303970 0.828209 -0.153224
v 0.303970 0.828209 -0.153224
v 0.303410 0.828839 -0.152696
v 0.303410 0.828839 -0.152696
v 0.307697 0.829707 -0.149313
v 0.310073 0.841859 -0.132201
v 0.291611 0.850662 -0.130392
v 0.291611 0.850662 -0.130392
v 0.286405 0.850834 -0.132899
v 0.290523 0.856721 -0.123052
v 0.292131 0.852996 -0.127072
v 0.292131 0.852996 -0.127072
v 0.312568 0.842640 -0.129872
v 0.332202 0.838157 -0.125425
v 0.303335 0.837305 -0.141681
v 0.303335 0.837305 -0.141681
v 0.303751 0.839329 -0.138820
v 0.303751 0.839329 -0.138820
v 0.300621 0.840371 -0.139102
v 0.292951 0.837591 -0.146755
v 0.295740 0.834830 -0.148898
v 0.295740 0.834830 -0.148898
v 0.288572 0.836495 -0.150484
v 0.288572 0.836495 -0.150484
v 0.291928 0.833377 -0.152794
v 0.291928 0.833377 -0.152794
v 0.290164 0.828856 -0.159623
v 0.290164 0.828856 -0.159623
v 0.281025 0.837943 -0.152552
v 0.281025 0.837943 -0.152552
v 0.304179 0.836811 -0.141883
v 0.303180 0.834325 -0.139979
v 0.294664 0.831550 -0.148070
v 0.295663 0.834036 -0.149974
v 0.338678 0.832159 -0.129858
v 0.337679 0.829673 -0.127954
v 0.331117 0.833512 -0.126384
v 0.332116 0.835998 -0.128288
v 0.291609 0.850060 -0.131179
v 0.290610 0.847574 -0.129275
v 0.283896 0.847795 -0.132509
v 0.284895 0.850281 -0.134413
v 0.290724 0.835451 -0.145044
v 0.291723 0.837937 -0.146948
v 0.306858 0.830237 -0.149062
v 0.305859 0.827751 -0.147158
v 0.308103 0.839232 -0.130989
v 0.309102 0.841718 -0.132894
v 0.300308 0.841049 -0.138380
v 0.299309 0.838563 -0.136476
v 0.303748 0.837085 -0.136077
v 0.304747 0.839571 -0.137981
v 0.303793 0.827445 -0.154315
v 0.302794 0.824958 -0.152411
v 0.301157 0.826798 -0.150868
v 0.302156 0.829284 -0.152772
v 0.314724 0.826395 -0.149951
v 0.313725 0.823909 -0.148047
v 0.306914 0.825961 -0.148941
v 0.307912 0.828447 -0.150845
v 0.279225 0.838861 -0.152298
v 0.278226 0.836375 -0.150394
v 0.287922 0.834514 -0.147737
v 0.288921 0.837000 -0.149642
v 0.314237 0.829218 -0.146520
v 0.313239 0.826732 -0.144616
v 0.319273 0.824364 -0.144543
v 0.320272 0.826850 -0.146447
v 0.292857 0.853241 -0.126371
v 0.291858 0.850755 -0.124467
v 0.292903 0.833300 -0.152383
v 0.291904 0.830814 -0.150479
v 0.289644 0.825020 -0.159229
v 0.290643 0.827506 -0.161133
v 0.315151 0.836598 -0.130731
v 0.316149 0.839084 -0.132636
v 0.289610 0.855964 -0.118846
v 0.290608 0.858450 -0.120751
v 0.339425 0.839248 -0.120211
v 0.338426 0.836762 -0.118307
v 0.280457 0.839393 -0.153155
v 0.280457 0.839393 -0.153155
v 0.279478 0.839492 -0.152781
v 0.289174 0.837630 -0.150125
v 0.289144 0.837726 -0.150775
v 0.289144 0.837726 -0.150775
v 0.290805 0.829103 -0.161161
v 0.290897 0.828137 -0.161616
v 0.292832 0.834300 -0.153314
v 0.293156 0.833931 -0.152866
v 0.295916 0.834666 -0.150458
v 0.296086 0.835372 -0.150207
v 0.304433 0.837442 -0.142366
v 0.291976 0.838568 -0.147431
v 0.292687 0.838738 -0.147595
v 0.292687 0.838738 -0.147595
v 0.300562 0.841680 -0.138863
v 0.300842 0.841694 -0.139457
v 0.300842 0.841694 -0.139457
v 0.305001 0.840202 -0.138464
v 0.304667 0.840421 -0.139113
v 0.339678 0.839878 -0.120694
v 0.339346 0.839883 -0.121622
v 0.332469 0.839450 -0.125795
v 0.313037 0.843887 -0.130197
v 0.292903 0.854090 -0.127438
v 0.293110 0.853872 -0.126854
v 0.290955 0.858601 -0.122569
v 0.290862 0.859080 -0.121233
v 0.285992 0.851504 -0.134440
v 0.285992 0.851504 -0.134440
v 0.285149 0.850912 -0.134896
v 0.291997 0.851306 -0.131548
v 0.291997 0.851306 -0.131548
v 0.291862 0.850691 -0.131662
v 0.309945 0.842748 -0.133306
v 0.309945 0.842748 -0.133306
v 0.309356 0.842349 -0.133377
v 0.307639 0.830951 -0.149918
v 0.307639 0.830951 -0.149918
v 0.307111 0.830867 -0.149545
v 0.303132 0.830038 -0.153474
v 0.303132 0.830038 -0.153474
v 0.302409 0.829915 -0.153255
v 0.304263 0.828767 -0.154541
v 0.304046 0.828075 -0.154798
v 0.308170 0.829718 -0.151250
v 0.308166 0.829078 -0.151328
v 0.315022 0.827653 -0.150350
v 0.319445 0.828016 -0.147557
v 0.319445 0.828016 -0.147557
v 0.320525 0.827480 -0.146930
v 0.314164 0.830089 -0.147621
v 0.314491 0.829849 -0.147003
v 0.316160 0.840389 -0.133125
v 0.316403 0.839715 -0.133119
v 0.332587 0.837214 -0.128653
v 0.338689 0.833644 -0.130113
v 0.338931 0.832790 -0.130342
v 0.281300 0.838628 -0.153076
v 0.280703 0.839268 -0.153190
v 0.280703 0.839268 -0.153190
v 0.289097 0.837657 -0.150890
v 0.289097 0.837657 -0.150890
v 0.288847 0.837179 -0.151008
v 0.290439 0.829540 -0.160147
v 0.290740 0.829288 -0.160955
v 0.290740 0.829288 -0.160955
v 0.292203 0.834061 -0.153319
v 0.292699 0.834310 -0.153370
v 0.292699 0.834310 -0.153370
v 0.296097 0.835480 -0.150060
v 0.296097 0.835480 -0.150060
v 0.296015 0.835514 -0.149422
v 0.303610 0.837989 -0.142205
v 0.304054 0.838074 -0.142499
v 0.304054 0.838074 -0.142499
v 0.292854 0.838691 -0.147569
v 0.293226 0.838275 -0.147280
v 0.300885 0.841602 -0.139555
v 0.300896 0.841056 -0.139626
v 0.304531 0.840388 -0.139228
v 0.304531 0.840388 -0.139228
v 0.304026 0.840013 -0.139344
v 0.332500 0.839365 -0.125890
v 0.339211 0.839788 -0.121817
v 0.339211 0.839788 -0.121817
v 0.338708 0.839234 -0.122167
v 0.313016 0.843814 -0.130303
v 0.292405 0.853681 -0.127596
v 0.292804 0.854056 -0.127534
v 0.292804 0.854056 -0.127534
v 0.290798 0.857405 -0.123577
v 0.290944 0.858365 -0.122884
v 0.286680 0.851518 -0.133423
v 0.286198 0.851579 -0.134233
v 0.291886 0.851347 -0.130916
v 0.291997 0.851388 -0.131440
v 0.291997 0.851388 -0.131440
v 0.310348 0.842543 -0.132725
v 0.310078 0.842767 -0.133212
v 0.307972 0.830391 -0.149837
v 0.303685 0.829523 -0.153220
v 0.303303 0.829978 -0.153464
v 0.304245 0.828893 -0.153748
v 0.304287 0.828871 -0.154392
v 0.304287 0.828871 -0.154392
v 0.307911 0.829786 -0.150660
v 0.308132 0.829807 -0.151153
v 0.308132 0.829807 -0.151153
v 0.314810 0.827707 -0.149754
v 0.314997 0.827739 -0.150252
v 0.314997 0.827739 -0.150252
v 0.317963 0.827966 -0.147763
v 0.319093 0.828075 -0.147665
v 0.319093 0.828075 -0.147665
v 0.313532 0.829705 -0.147817
v 0.314030 0.830062 -0.147726
v 0.314030 0.830062 -0.147726
v 0.315623 0.840495 -0.132631
v 0.316051 0.840488 -0.133053
v 0.316051 0.840488 -0.133053
v 0.332611 0.837288 -0.128544
v 0.338152 0.833954 -0.129353
v 0.338579 0.833796 -0.129972
v 0.338579 0.833796 -0.129972
v 0.331216 0.952862 0.069146
v 0.331216 0.952862 0.069146
v 0.333894 0.948325 0.061665
v 0.333894 0.948325 0.061665
v 0.329377 0.949959 0.061500
v 0.329377 0.949959 0.061500
v 0.313513 0.945601 0.039470
v 0.313513 0.945601 0.039470
v 0.338093 0.934647 0.035993
v 0.338093 0.934647 0.035993
v 0.341983 0.934762 0.039369
v 0.341983 0.934762 0.039369
v 0.344650 0.930238 0.031905
v 0.344650 0.930238 0.031905
v 0.309221 0.946318 0.037539
v 0.309221 0.946318 0.037539
v 0.298256 0.951022 0.038703
v 0.296848 0.951595 0.038787
v 0.299578 0.950354 0.038349
v 0.300762 0.949618 0.037739
v 0.301764 0.948841 0.036896
v 0.302545 0.948054 0.035853
v 0.303075 0.947287 0.034650
v 0.303334 0.946569 0.033333
v 0.303311 0.945928 0.031952
v 0.303008 0.945388 0.030562
v 0.302436 0.944970 0.029214
v 0.301617 0.944691 0.027962
v 0.300583 0.944560 0.026852
v 0.299374 0.944584 0.025928
v 0.298035 0.944761 0.025226
v 0.296618 0.945084 0.024772
v 0.295178 0.945541 0.024583
v 0.293771 0.946114 0.024667
v 0.292449 0.946781 0.025021
v 0.289019 0.951748 0.032809
v 0.289591 0.952165 0.034156
v 0.290409 0.952445 0.035409
v 0.291443 0.952575 0.036518
v 0.292653 0.952552 0.037442
v 0.293992 0.952375 0.038144
v 0.295409 0.952052 0.038599
v 0.297119 0.949778 0.035146
v 0.296425 0.950061 0.035188
v 0.297771 0.949449 0.034971
v 0.298355 0.949086 0.034671
v 0.298849 0.948703 0.034255
v 0.299235 0.948315 0.033741
v 0.299496 0.947936 0.033147
v 0.299624 0.947582 0.032498
v 0.299612 0.947266 0.031817
v 0.299463 0.946999 0.031131
v 0.299181 0.946793 0.030466
v 0.298777 0.946656 0.029849
v 0.298267 0.946591 0.029302
v 0.297670 0.946603 0.028846
v 0.297010 0.946690 0.028500
v 0.296312 0.946849 0.028276
v 0.295601 0.947075 0.028183
v 0.294907 0.947358 0.028224
v 0.294256 0.947687 0.028399
v 0.292564 0.950136 0.032239
v 0.292846 0.950342 0.032904
v 0.293250 0.950480 0.033521
v 0.293760 0.950544 0.034069
v 0.294356 0.950532 0.034524
v 0.295017 0.950445 0.034871
v 0.295715 0.950286 0.035095
v 0.337782 0.935528 0.037613
v 0.336670 0.932595 0.038993
v 0.341688 0.932743 0.043349
v 0.342800 0.935676 0.041968
v 0.345988 0.925447 0.031313
v 0.347100 0.928380 0.029932
v 0.305529 0.943811 0.037746
v 0.306640 0.946743 0.036366
v 0.330658 0.951287 0.073857
v 0.331769 0.954220 0.072476
v 0.335043 0.943860 0.061610
v 0.336154 0.946792 0.060229
v 0.328972 0.946056 0.061387
v 0.330083 0.948989 0.060007
v 0.315048 0.942230 0.042052
v 0.316159 0.945163 0.040672
v 0.331979 0.954806 0.070975
v 0.331983 0.954785 0.072210
v 0.336368 0.947357 0.059963
v 0.335838 0.948270 0.060199
v 0.330297 0.949553 0.059741
v 0.330246 0.950293 0.059994
v 0.330246 0.950293 0.059994
v 0.316373 0.945728 0.040406
v 0.315724 0.946303 0.039828
v 0.315724 0.946303 0.039828
v 0.337996 0.936092 0.037347
v 0.338259 0.936261 0.036640
v 0.338259 0.936261 0.036640
v 0.343014 0.936241 0.041702
v 0.342929 0.936399 0.040693
v 0.347314 0.928944 0.029666
v 0.346725 0.929958 0.030067
v 0.306854 0.947308 0.036100
v 0.307817 0.947617 0.036254
v 0.307817 0.947617 0.036254
v 0.298829 0.952237 0.038831
v 0.297301 0.952859 0.038922
v 0.300264 0.951512 0.038446
v 0.303367 0.945667 0.028529
v 0.302478 0.945364 0.027170
v 0.301355 0.945222 0.025965
v 0.300042 0.945248 0.024962
v 0.298589 0.945440 0.024200
v 0.297051 0.945790 0.023706
v 0.295488 0.946286 0.023502
v 0.293959 0.946909 0.023593
v 0.292525 0.947633 0.023978
v 0.291239 0.948433 0.024640
v 0.290151 0.949276 0.025555
v 0.289303 0.950130 0.026687
v 0.288728 0.950963 0.027993
v 0.288447 0.951743 0.029423
v 0.288471 0.952439 0.030922
v 0.288801 0.953025 0.032432
v 0.289421 0.953478 0.033895
v 0.290310 0.953782 0.035254
v 0.291433 0.953923 0.036459
v 0.292746 0.953898 0.037462
v 0.294200 0.953706 0.038224
v 0.295738 0.953355 0.038717
v 0.331439 0.953451 0.068868
v 0.331758 0.954263 0.069643
v 0.331758 0.954263 0.069643
v 0.334934 0.948883 0.060773
v 0.334934 0.948883 0.060773
v 0.334118 0.948914 0.061388
v 0.329964 0.950681 0.060591
v 0.329964 0.950681 0.060591
v 0.329600 0.950548 0.061222
v 0.314665 0.946478 0.039347
v 0.314665 0.946478 0.039347
v 0.313736 0.946190 0.039193
v 0.338383 0.935909 0.035992
v 0.338383 0.935909 0.035992
v 0.338317 0.935236 0.035716
v 0.342602 0.936033 0.039653
v 0.342602 0.936033 0.039653
v 0.342206 0.935351 0.039091
v 0.345744 0.930701 0.030857
v 0.345744 0.930701 0.030857
v 0.344873 0.930827 0.031628
v 0.308850 0.947447 0.036724
v 0.308850 0.947447 0.036724
v 0.309444 0.946907 0.037262
v 0.297272 0.952753 0.038673
v 0.298750 0.952151 0.038584
v 0.300139 0.951449 0.038213
v 0.301383 0.950676 0.037572
v 0.302436 0.949860 0.036686
v 0.303256 0.949033 0.035591
v 0.303813 0.948227 0.034327
v 0.304085 0.947473 0.032943
v 0.304061 0.946799 0.031493
v 0.303743 0.946232 0.030032
v 0.303142 0.945793 0.028616
v 0.302282 0.945500 0.027300
v 0.301195 0.945363 0.026135
v 0.299924 0.945388 0.025164
v 0.298518 0.945573 0.024426
v 0.297030 0.945913 0.023949
v 0.295517 0.946393 0.023751
v 0.294038 0.946995 0.023840
v 0.292650 0.947696 0.024211
v 0.289647 0.953352 0.033808
v 0.290507 0.953646 0.035124
v 0.291593 0.953783 0.036289
v 0.292864 0.953758 0.037260
v 0.294271 0.953572 0.037998
v 0.295759 0.953233 0.038475
v 0.242883 0.995015 0.101190
v 0.242883 0.995015 0.101190
v 0.255618 0.991251 0.101535
v 0.255618 0.991251 0.101535
v 0.266614 1.000433 0.136802
v 0.263295 1.004120 0.144327
v 0.271319 1.003404 0.149199
v 0.271319 1.003404 0.149199
v 0.269748 1.001142 0.141488
v 0.269748 1.001142 0.141488
v 0.281560 0.994597 0.133219
v 0.281560 0.994597 0.133219
v 0.298155 0.993906 0.145523
v 0.298155 0.993906 0.145523
v 0.299142 0.995517 0.150900
v 0.299142 0.995517 0.150900
v 0.306332 0.991408 0.145515
v 0.306332 0.991408 0.145515
v 0.306031 0.990797 0.143539
v 0.306031 0.990797 0.143539
v 0.301679 0.992036 0.143287
v 0.301679 0.992036 0.143287
v 0.281004 0.993271 0.129011
v 0.281004 0.993271 0.129011
v 0.275749 0.984000 0.098419
v 0.275749 0.984000 0.098419
v 0.264760 0.985050 0.091939
v 0.263731 0.987364 0.097565
v 0.274437 0.984853 0.099694
v 0.274437 0.984853 0.099694
v 0.279865 0.993860 0.129689
v 0.269924 0.999285 0.136417
v 0.256690 0.990281 0.099725
v 0.256690 0.990281 0.099725
v 0.245141 0.993635 0.099247
v 0.245141 0.993635 0.099247
v 0.244727 0.991706 0.093465
v 0.244727 0.991706 0.093465
v 0.241964 0.992495 0.093312
v 0.241964 0.992495 0.093312
v 0.281226 1.005750 0.164305
v 0.287112 1.004918 0.167019
v 0.287112 1.004918 0.167019
v 0.285518 1.003483 0.161612
v 0.240368 0.992452 0.091821
v 0.239526 0.989695 0.092802
v 0.240779 0.993130 0.103540
v 0.241621 0.995888 0.102560
v 0.254594 0.992053 0.102912
v 0.253752 0.989296 0.103892
v 0.264253 0.998064 0.137571
v 0.265095 1.000821 0.136591
v 0.282303 0.992611 0.128270
v 0.281461 0.989854 0.129250
v 0.276194 0.980562 0.098589
v 0.277035 0.983319 0.097609
v 0.246055 0.990828 0.092135
v 0.245213 0.988071 0.093116
v 0.307253 0.989951 0.142207
v 0.306411 0.987194 0.143188
v 0.301211 0.988674 0.142887
v 0.302052 0.991431 0.141907
v 0.257668 0.989498 0.098362
v 0.256826 0.986741 0.099342
v 0.245626 0.989994 0.098879
v 0.246467 0.992751 0.097899
v 0.298185 0.996721 0.153466
v 0.297344 0.993964 0.154446
v 0.307022 0.988434 0.147199
v 0.307863 0.991191 0.146219
v 0.278306 0.994076 0.128960
v 0.277465 0.991319 0.129940
v 0.269746 0.995532 0.135163
v 0.270587 0.998289 0.134183
v 0.281648 0.995190 0.134962
v 0.280807 0.992433 0.135942
v 0.296018 0.991799 0.147220
v 0.296859 0.994557 0.146240
v 0.273317 1.003787 0.151993
v 0.272476 1.001030 0.152973
v 0.270480 0.998155 0.143172
v 0.271322 1.000912 0.142192
v 0.262057 0.988257 0.098641
v 0.261216 0.985500 0.099621
v 0.272380 0.982882 0.101841
v 0.273222 0.985639 0.100861
v 0.278252 1.006702 0.164429
v 0.277411 1.003944 0.165409
v 0.288457 1.002384 0.170502
v 0.289298 1.005141 0.169522
v 0.260632 1.002088 0.145781
v 0.261474 1.004845 0.144801
v 0.262845 0.981838 0.090718
v 0.263687 0.984595 0.089737
v 0.286307 1.002447 0.159375
v 0.285466 0.999689 0.160355
v 0.288917 1.006176 0.168304
v 0.288917 1.006176 0.168304
v 0.289501 1.005806 0.169286
v 0.286510 1.003111 0.159138
v 0.286385 1.003896 0.159717
v 0.286385 1.003896 0.159717
v 0.279569 1.007496 0.163994
v 0.279569 1.007496 0.163994
v 0.278455 1.007366 0.164193
v 0.241231 0.993574 0.091918
v 0.241231 0.993574 0.091918
v 0.240571 0.993117 0.091585
v 0.241824 0.996552 0.102324
v 0.242375 0.996708 0.101715
v 0.242375 0.996708 0.101715
v 0.245956 0.992225 0.092179
v 0.245956 0.992225 0.092179
v 0.246258 0.991493 0.091899
v 0.246369 0.994150 0.097949
v 0.246369 0.994150 0.097949
v 0.246670 0.993416 0.097662
v 0.257684 0.990863 0.098417
v 0.257684 0.990863 0.098417
v 0.257870 0.990163 0.098126
v 0.270707 0.999725 0.134524
v 0.270707 0.999725 0.134524
v 0.270790 0.998954 0.133947
v 0.279157 0.995113 0.128806
v 0.279157 0.995113 0.128806
v 0.278509 0.994741 0.128724
v 0.273960 0.986488 0.100083
v 0.273960 0.986488 0.100083
v 0.273425 0.986304 0.100625
v 0.262946 0.989071 0.097893
v 0.262946 0.989071 0.097893
v 0.262260 0.988922 0.098405
v 0.264378 0.985852 0.090068
v 0.264378 0.985852 0.090068
v 0.263889 0.985260 0.089501
v 0.276950 0.984651 0.097482
v 0.276950 0.984651 0.097482
v 0.277238 0.983984 0.097373
v 0.282214 0.993936 0.128120
v 0.282214 0.993936 0.128120
v 0.282506 0.993276 0.128033
v 0.302268 0.992738 0.141967
v 0.302268 0.992738 0.141967
v 0.302255 0.992096 0.141670
v 0.307189 0.991338 0.142252
v 0.307189 0.991338 0.142252
v 0.307456 0.990616 0.141971
v 0.307698 0.992370 0.145593
v 0.308066 0.991856 0.145982
v 0.298838 0.997433 0.152227
v 0.298388 0.997386 0.153229
v 0.297624 0.995451 0.145610
v 0.297624 0.995451 0.145610
v 0.297062 0.995221 0.146003
v 0.281957 0.996103 0.133995
v 0.281851 0.995855 0.134726
v 0.271142 1.002095 0.141566
v 0.271525 1.001577 0.141956
v 0.272998 1.004769 0.150679
v 0.272998 1.004769 0.150679
v 0.273520 1.004452 0.151756
v 0.262411 1.005714 0.144251
v 0.262411 1.005714 0.144251
v 0.261676 1.005510 0.144565
v 0.265933 1.001801 0.136266
v 0.265933 1.001801 0.136266
v 0.265297 1.001486 0.136354
v 0.255269 0.992897 0.102065
v 0.255269 0.992897 0.102065
v 0.254797 0.992718 0.102676
v 0.287333 1.005644 0.166761
v 0.288071 1.006090 0.167335
v 0.288071 1.006090 0.167335
v 0.286080 1.004296 0.160583
v 0.285739 1.004208 0.161354
v 0.281447 1.006476 0.164047
v 0.280720 1.007128 0.163946
v 0.242186 0.993221 0.093054
v 0.241849 0.993591 0.092495
v 0.241849 0.993591 0.092495
v 0.242863 0.996371 0.101185
v 0.242863 0.996371 0.101185
v 0.243105 0.995741 0.100932
v 0.244949 0.992432 0.093207
v 0.245442 0.992565 0.092693
v 0.245442 0.992565 0.092693
v 0.245362 0.994361 0.098989
v 0.245855 0.994492 0.098470
v 0.245855 0.994492 0.098470
v 0.256911 0.991006 0.099467
v 0.257306 0.991166 0.098944
v 0.257306 0.991166 0.098944
v 0.270145 1.000011 0.136159
v 0.270450 1.000110 0.135389
v 0.280086 0.994585 0.129432
v 0.279761 0.995029 0.129088
v 0.274659 0.985579 0.099436
v 0.274430 0.986184 0.099631
v 0.274430 0.986184 0.099631
v 0.263952 0.988089 0.097307
v 0.263594 0.988725 0.097477
v 0.264982 0.985775 0.091681
v 0.264794 0.986029 0.090920
v 0.275970 0.984725 0.098161
v 0.276452 0.984914 0.097795
v 0.276452 0.984914 0.097795
v 0.281226 0.993997 0.128753
v 0.281711 0.994192 0.128407
v 0.281711 0.994192 0.128407
v 0.302123 0.992972 0.142502
v 0.306253 0.991523 0.143281
v 0.306716 0.991665 0.142767
v 0.306716 0.991665 0.142767
v 0.306554 0.992134 0.145257
v 0.307105 0.992454 0.145321
v 0.307105 0.992454 0.145321
v 0.299363 0.996242 0.150642
v 0.299208 0.996967 0.151235
v 0.299208 0.996967 0.151235
v 0.298377 0.994632 0.145265
v 0.298125 0.995199 0.145333
v 0.298125 0.995199 0.145333
v 0.281781 0.995323 0.132961
v 0.281923 0.995874 0.133320
v 0.281923 0.995874 0.133320
v 0.269970 1.001867 0.141230
v 0.270533 1.002184 0.141294
v 0.270533 1.002184 0.141294
v 0.271540 1.004129 0.148941
v 0.272224 1.004620 0.149598
v 0.272224 1.004620 0.149598
v 0.263517 1.004846 0.144069
v 0.263116 1.005434 0.144068
v 0.266835 1.001158 0.136544
v 0.266521 1.001651 0.136348
v 0.255839 0.991977 0.101277
v 0.255665 0.992587 0.101532
v 0.255665 0.992587 0.101532
v 0.158177 1.039161 0.182575
v 0.183058 1.038039 0.195949
v 0.183058 1.038039 0.195949
v 0.183475 1.039370 0.200990
v 0.183475 1.039370 0.200990
v 0.189604 1.036933 0.196574
v 0.189604 1.036933 0.196574
v 0.183419 1.037586 0.194585
v 0.169834 1.037336 0.184206
v 0.169834 1.037336 0.184206
v 0.181093 1.035042 0.183878
v 0.209624 1.033260 0.197446
v 0.209624 1.033260 0.197446
v 0.210222 1.034118 0.200924
v 0.210222 1.034118 0.200924
v 0.214173 1.032861 0.199197
v 0.214173 1.032861 0.199197
v 0.220410 1.032964 0.203922
v 0.220410 1.032964 0.203922
v 0.222256 1.030089 0.194950
v 0.222256 1.030089 0.194950
v 0.213819 1.031710 0.194842
v 0.213819 1.031710 0.194842
v 0.211298 1.031202 0.191267
v 0.207429 1.032339 0.192626
v 0.195306 1.032825 0.185893
v 0.195306 1.032825 0.185893
v 0.194323 1.031901 0.181907
v 0.189235 1.033404 0.183717
v 0.179596 1.034142 0.179621
v 0.195217 1.031254 0.180223
v 0.194695 1.028586 0.180970
v 0.188693 1.030359 0.183106
v 0.189215 1.033027 0.182358
v 0.173397 1.036965 0.185368
v 0.172875 1.034297 0.186115
v 0.192400 1.036272 0.196165
v 0.191878 1.033604 0.196912
v 0.207490 1.031939 0.191241
v 0.206968 1.029272 0.191988
v 0.195895 1.029715 0.185838
v 0.196417 1.032383 0.185091
v 0.181833 1.038489 0.196699
v 0.181311 1.035821 0.197447
v 0.181865 1.037584 0.204127
v 0.182387 1.040252 0.203379
v 0.214461 1.031233 0.193588
v 0.213939 1.028565 0.194335
v 0.211229 1.028019 0.190492
v 0.211751 1.030686 0.189744
v 0.221281 1.033415 0.206137
v 0.220759 1.030747 0.206885
v 0.223317 1.026764 0.194455
v 0.223839 1.029432 0.193708
v 0.209242 1.034824 0.202761
v 0.208720 1.032156 0.203509
v 0.213529 1.030627 0.201408
v 0.214051 1.033295 0.200660
v 0.179190 1.031087 0.179067
v 0.179712 1.033755 0.178320
v 0.207950 1.031050 0.199020
v 0.208472 1.033718 0.198273
v 0.154189 1.039735 0.181840
v 0.153667 1.037067 0.182588
v 0.179876 1.034972 0.178527
v 0.179876 1.034972 0.178527
v 0.179827 1.034340 0.178156
v 0.154304 1.040320 0.181676
v 0.155947 1.040579 0.181827
v 0.155947 1.040579 0.181827
v 0.189432 1.034240 0.182587
v 0.189432 1.034240 0.182587
v 0.189330 1.033612 0.182194
v 0.195078 1.032572 0.180578
v 0.195078 1.032572 0.180578
v 0.195331 1.031839 0.180059
v 0.196195 1.033622 0.185104
v 0.196195 1.033622 0.185104
v 0.196532 1.032968 0.184927
v 0.207676 1.033162 0.191480
v 0.207676 1.033162 0.191480
v 0.207605 1.032525 0.191077
v 0.211784 1.031954 0.190037
v 0.211784 1.031954 0.190037
v 0.211866 1.031272 0.189580
v 0.214420 1.032486 0.193776
v 0.214420 1.032486 0.193776
v 0.214576 1.031818 0.193424
v 0.223433 1.030754 0.193891
v 0.223433 1.030754 0.193891
v 0.223953 1.030017 0.193544
v 0.221152 1.034307 0.204978
v 0.221152 1.034307 0.204978
v 0.221396 1.034000 0.205973
v 0.214307 1.034193 0.199793
v 0.214165 1.033880 0.200496
v 0.209832 1.035617 0.201748
v 0.209357 1.035410 0.202597
v 0.209128 1.034607 0.197653
v 0.209128 1.034607 0.197653
v 0.208586 1.034303 0.198109
v 0.172222 1.038176 0.184617
v 0.173512 1.037550 0.185204
v 0.183975 1.038393 0.193597
v 0.191523 1.037596 0.196025
v 0.192515 1.036857 0.196001
v 0.183019 1.040976 0.202152
v 0.182502 1.040838 0.203215
v 0.182518 1.039381 0.196109
v 0.182518 1.039381 0.196109
v 0.181948 1.039074 0.196535
v 0.157224 1.040395 0.182062
v 0.158315 1.039866 0.182377
v 0.189373 1.034109 0.183520
v 0.189438 1.034361 0.183022
v 0.194461 1.032607 0.181709
v 0.194792 1.032779 0.181117
v 0.195444 1.033531 0.185695
v 0.195839 1.033763 0.185360
v 0.195839 1.033763 0.185360
v 0.207568 1.033045 0.192428
v 0.207656 1.033290 0.191924
v 0.211436 1.031908 0.191070
v 0.211639 1.032119 0.190525
v 0.213957 1.032416 0.194644
v 0.214215 1.032638 0.194178
v 0.222395 1.030795 0.194752
v 0.222926 1.030965 0.194289
v 0.220549 1.033670 0.203724
v 0.220873 1.034163 0.204269
v 0.220873 1.034163 0.204269
v 0.214311 1.033567 0.199000
v 0.214346 1.034055 0.199325
v 0.214346 1.034055 0.199325
v 0.210360 1.034824 0.200726
v 0.210145 1.035391 0.201160
v 0.210145 1.035391 0.201160
v 0.209762 1.033966 0.197248
v 0.209497 1.034461 0.197388
v 0.209497 1.034461 0.197388
v 0.181239 1.036225 0.183950
v 0.181239 1.036225 0.183950
v 0.169972 1.038042 0.184008
v 0.171081 1.038295 0.184245
v 0.171081 1.038295 0.184245
v 0.183793 1.038529 0.193958
v 0.189742 1.037639 0.196377
v 0.190628 1.037808 0.196156
v 0.190628 1.037808 0.196156
v 0.183614 1.040076 0.200792
v 0.183367 1.040694 0.201387
v 0.183367 1.040694 0.201387
v 0.183196 1.038745 0.195751
v 0.182910 1.039237 0.195868
v 0.182910 1.039237 0.195868
v 0.090455 1.051101 0.193602
v 0.092714 1.051555 0.196259
v 0.092714 1.051555 0.196259
v 0.095196 1.056849 0.220326
v 0.076197 1.059528 0.226654
v 0.076802 1.060820 0.232527
v 0.076802 1.060820 0.232527
v 0.064955 1.064361 0.244724
v 0.064955 1.064361 0.244724
v 0.067917 1.064549 0.246410
v 0.067917 1.064549 0.246410
v 0.071981 1.068216 0.263759
v 0.071981 1.068216 0.263759
v 0.068915 1.069090 0.266729
v 0.068915 1.069090 0.266729
v 0.069246 1.069795 0.269936
v 0.069246 1.069795 0.269936
v 0.071158 1.069634 0.269775
v 0.071158 1.069634 0.269775
v 0.070805 1.068880 0.266349
v 0.070805 1.068880 0.266349
v 0.080349 1.068072 0.265543
v 0.080349 1.068072 0.265543
v 0.074320 1.067409 0.260877
v 0.074320 1.067409 0.260877
v 0.070523 1.064328 0.246187
v 0.070523 1.064328 0.246187
v 0.078041 1.061992 0.238055
v 0.078041 1.061992 0.238055
v 0.083342 1.062412 0.241439
v 0.083342 1.062412 0.241439
v 0.097797 1.056924 0.221406
v 0.097797 1.056924 0.221406
v 0.095177 1.051337 0.196009
v 0.095177 1.051337 0.196009
v 0.097972 1.050456 0.192930
v 0.093836 1.056743 0.219466
v 0.093686 1.054456 0.219984
v 0.074687 1.057135 0.226312
v 0.074837 1.059422 0.225793
v 0.075441 1.067177 0.260177
v 0.075291 1.064890 0.260695
v 0.071766 1.062029 0.247058
v 0.071916 1.064316 0.246540
v 0.087952 1.051034 0.192581
v 0.087802 1.048747 0.193100
v 0.091343 1.049459 0.197264
v 0.091493 1.051746 0.196746
v 0.072193 1.069045 0.267476
v 0.072043 1.066758 0.267995
v 0.083476 1.065790 0.267028
v 0.083625 1.068077 0.266510
v 0.068113 1.070173 0.271276
v 0.067963 1.067886 0.271795
v 0.072396 1.067511 0.271420
v 0.072546 1.069798 0.270901
v 0.096493 1.051349 0.196438
v 0.096343 1.049062 0.196957
v 0.100908 1.047623 0.191928
v 0.101058 1.049910 0.191409
v 0.070590 1.068214 0.263351
v 0.070441 1.065927 0.263869
v 0.067445 1.066782 0.266771
v 0.067595 1.069068 0.266253
v 0.083685 1.062772 0.243127
v 0.083535 1.060485 0.243645
v 0.098954 1.054631 0.222275
v 0.099104 1.056917 0.221757
v 0.062931 1.064555 0.244996
v 0.062781 1.062268 0.245514
v 0.066657 1.062514 0.247720
v 0.066807 1.064801 0.247202
v 0.075334 1.058516 0.232591
v 0.075484 1.060803 0.232073
v 0.078118 1.060056 0.240187
v 0.078268 1.062343 0.239669
v 0.088788 1.051969 0.192690
v 0.088788 1.051969 0.192690
v 0.087987 1.051565 0.192461
v 0.091931 1.052602 0.196387
v 0.093871 1.057275 0.219345
v 0.094317 1.057691 0.219525
v 0.094317 1.057691 0.219525
v 0.074871 1.059954 0.225673
v 0.075318 1.060369 0.225853
v 0.075318 1.060369 0.225853
v 0.075519 1.061335 0.231952
v 0.075953 1.061723 0.232006
v 0.075953 1.061723 0.232006
v 0.062966 1.065087 0.244875
v 0.063618 1.065409 0.244704
v 0.063618 1.065409 0.244704
v 0.066842 1.065333 0.247081
v 0.067211 1.065638 0.246749
v 0.067211 1.065638 0.246749
v 0.070625 1.068746 0.263230
v 0.071082 1.069130 0.263270
v 0.071082 1.069130 0.263270
v 0.067630 1.069600 0.266132
v 0.068064 1.069990 0.266193
v 0.068064 1.069990 0.266193
v 0.068148 1.070705 0.271155
v 0.068524 1.070971 0.270653
v 0.072581 1.070330 0.270781
v 0.072176 1.070662 0.270345
v 0.072228 1.069577 0.267356
v 0.071823 1.069909 0.266920
v 0.083660 1.068609 0.266390
v 0.082670 1.068990 0.266003
v 0.075476 1.067709 0.260056
v 0.075153 1.068164 0.260186
v 0.075153 1.068164 0.260186
v 0.071951 1.064848 0.246419
v 0.071544 1.065235 0.246223
v 0.078303 1.062874 0.239548
v 0.078258 1.063149 0.238961
v 0.083720 1.063304 0.243006
v 0.083639 1.063575 0.242396
v 0.083639 1.063575 0.242396
v 0.099139 1.057449 0.221636
v 0.098759 1.057834 0.221441
v 0.098759 1.057834 0.221441
v 0.096528 1.051880 0.196318
v 0.096145 1.052260 0.196098
v 0.096145 1.052260 0.196098
v 0.101093 1.050441 0.191289
v 0.100161 1.050994 0.191673
v 0.100161 1.050994 0.191673
v 0.090488 1.051608 0.193487
v 0.089688 1.051994 0.193057
v 0.092370 1.052533 0.196212
v 0.092370 1.052533 0.196212
v 0.092747 1.052062 0.196144
v 0.094806 1.057729 0.219835
v 0.095229 1.057356 0.220212
v 0.075807 1.060408 0.226162
v 0.076230 1.060034 0.226539
v 0.076427 1.061729 0.232169
v 0.076836 1.061326 0.232412
v 0.064346 1.065340 0.244606
v 0.064988 1.064867 0.244609
v 0.067610 1.065547 0.246464
v 0.067610 1.065547 0.246464
v 0.067950 1.065055 0.246295
v 0.071582 1.069130 0.263417
v 0.072015 1.068722 0.263644
v 0.068539 1.069998 0.266364
v 0.068948 1.069596 0.266614
v 0.068931 1.070835 0.270172
v 0.068931 1.070835 0.270172
v 0.069279 1.070302 0.269821
v 0.071677 1.070603 0.269940
v 0.071677 1.070603 0.269940
v 0.071192 1.070140 0.269660
v 0.071324 1.069849 0.266514
v 0.071324 1.069849 0.266514
v 0.070838 1.069387 0.266234
v 0.081492 1.068989 0.265655
v 0.081492 1.068989 0.265655
v 0.080382 1.068579 0.265428
v 0.074750 1.068247 0.260438
v 0.074750 1.068247 0.260438
v 0.074353 1.067916 0.260762
v 0.071043 1.065239 0.246096
v 0.071043 1.065239 0.246096
v 0.070556 1.064834 0.246072
v 0.078176 1.063022 0.238381
v 0.078176 1.063022 0.238381
v 0.078074 1.062498 0.237940
v 0.083515 1.063445 0.241789
v 0.083515 1.063445 0.241789
v 0.083375 1.062918 0.241324
v 0.098289 1.057836 0.221315
v 0.098289 1.057836 0.221315
v 0.097830 1.057430 0.221291
v 0.095672 1.052256 0.195944
v 0.095672 1.052256 0.195944
v 0.095210 1.051844 0.195894
v 0.099052 1.051190 0.192220
v 0.098005 1.050963 0.192815
v 0.091014 1.057314 0.224268
v 0.078939 1.059602 0.227773
v 0.079409 1.058951 0.228133
v 0.079346 1.060470 0.231721
v 0.080535 1.060456 0.235097
v 0.080178 1.061258 0.235437
v 0.080178 1.061258 0.235437
v 0.083742 1.061541 0.237712
v 0.083742 1.061541 0.237712
v 0.083773 1.060712 0.237165
v 0.093459 1.057851 0.224245
v 0.092603 1.057360 0.224928
v 0.079302 1.057329 0.228501
v 0.090908 1.055693 0.224636
v 0.092497 1.055738 0.225295
v 0.080429 1.058834 0.235465
v 0.083667 1.059091 0.237532
v -0.149309 1.054784 0.237115
v -0.149309 1.054784 0.237115
v -0.153417 1.048556 0.211871
v -0.153417 1.048556 0.211871
v -0.139632 1.046295 0.195011
v -0.116012 1.049622 0.197704
v -0.114083 1.048902 0.193578
v -0.109093 1.050261 0.197026
v -0.114607 1.050682 0.201649
v -0.114607 1.050682 0.201649
v -0.116240 1.049950 0.199261
v -0.116240 1.049950 0.199261
v -0.139294 1.047175 0.198700
v -0.139294 1.047175 0.198700
v -0.146086 1.053648 0.230511
v -0.146086 1.053648 0.230511
v -0.128514 1.053668 0.221749
v -0.112537 1.055672 0.222491
v -0.111421 1.058380 0.233804
v -0.111421 1.058380 0.233804
v -0.122983 1.055477 0.226897
v -0.128521 1.054443 0.225153
v -0.128521 1.054443 0.225153
v -0.128303 1.050694 0.221010
v -0.128608 1.053351 0.220405
v -0.144300 1.053333 0.228229
v -0.143995 1.050676 0.228835
v -0.137964 1.044928 0.200586
v -0.138269 1.047585 0.199980
v -0.116950 1.050151 0.200498
v -0.116645 1.047494 0.201104
v -0.114584 1.048418 0.204118
v -0.114889 1.051075 0.203512
v -0.107014 1.050474 0.196911
v -0.106709 1.047817 0.197517
v -0.114282 1.045755 0.192284
v -0.114587 1.048411 0.191679
v -0.150283 1.055127 0.239112
v -0.149977 1.052471 0.239718
v -0.128091 1.052112 0.227124
v -0.128397 1.054769 0.226518
v -0.116772 1.049226 0.196352
v -0.116467 1.046569 0.196958
v -0.139859 1.043275 0.194290
v -0.140164 1.045932 0.193685
v -0.109593 1.056444 0.236803
v -0.109898 1.059100 0.236198
v -0.154768 1.048327 0.211546
v -0.154463 1.045671 0.212152
v -0.111395 1.055470 0.221030
v -0.111090 1.052814 0.221636
v -0.150312 1.055385 0.239053
v -0.150105 1.055611 0.238483
v -0.150105 1.055611 0.238483
v -0.154495 1.048954 0.211497
v -0.154495 1.048954 0.211497
v -0.154798 1.048585 0.211487
v -0.140096 1.046592 0.193886
v -0.140096 1.046592 0.193886
v -0.140194 1.046190 0.193626
v -0.116647 1.049894 0.196561
v -0.116647 1.049894 0.196561
v -0.116801 1.049484 0.196294
v -0.114526 1.049103 0.192024
v -0.114526 1.049103 0.192024
v -0.114616 1.048669 0.191620
v -0.107599 1.050990 0.196810
v -0.107599 1.050990 0.196810
v -0.107044 1.050732 0.196852
v -0.114884 1.051546 0.202917
v -0.114918 1.051333 0.203454
v -0.116980 1.050409 0.200439
v -0.138590 1.048052 0.199530
v -0.138298 1.047843 0.199921
v -0.144812 1.053981 0.228670
v -0.144812 1.053981 0.228670
v -0.144330 1.053591 0.228170
v -0.128650 1.053999 0.220611
v -0.128650 1.053999 0.220611
v -0.128638 1.053609 0.220346
v -0.121030 1.055383 0.222844
v -0.121030 1.055383 0.222844
v -0.111746 1.056090 0.221266
v -0.111746 1.056090 0.221266
v -0.111425 1.055728 0.220972
v -0.110344 1.059489 0.235469
v -0.109928 1.059358 0.236139
v -0.128493 1.055257 0.226047
v -0.128426 1.055027 0.226459
v -0.149655 1.055452 0.237561
v -0.149655 1.055452 0.237561
v -0.149333 1.054994 0.237067
v -0.153441 1.048767 0.211823
v -0.153871 1.049059 0.211647
v -0.153871 1.049059 0.211647
v -0.139656 1.046506 0.194963
v -0.139850 1.046760 0.194499
v -0.116036 1.049832 0.197657
v -0.116296 1.050077 0.197185
v -0.114107 1.049113 0.193530
v -0.114294 1.049330 0.192901
v -0.109117 1.050472 0.196978
v -0.108559 1.050892 0.196863
v -0.114631 1.050892 0.201601
v -0.114754 1.051365 0.202056
v -0.114754 1.051365 0.202056
v -0.116265 1.050160 0.199213
v -0.116510 1.050577 0.199487
v -0.116510 1.050577 0.199487
v -0.139318 1.047385 0.198653
v -0.139064 1.047862 0.198939
v -0.139064 1.047862 0.198939
v -0.146110 1.053858 0.230463
v -0.145637 1.054127 0.229724
v -0.145637 1.054127 0.229724
v -0.128538 1.053878 0.221701
v -0.128607 1.054146 0.221232
v -0.112562 1.055882 0.222443
v -0.112274 1.056183 0.221940
v -0.111445 1.058590 0.233756
v -0.111047 1.059157 0.234364
v -0.111047 1.059157 0.234364
v -0.123209 1.056103 0.227098
v -0.128545 1.054654 0.225105
v -0.128550 1.055106 0.225416
v -0.128550 1.055106 0.225416
v -0.148662 1.053292 0.230249
v -0.148662 1.053292 0.230249
v -0.148410 1.052270 0.228435
v -0.150945 1.048426 0.212853
v -0.151545 1.048921 0.212530
v -0.151545 1.048921 0.212530
v -0.142436 1.047030 0.202446
v -0.141869 1.047334 0.200695
v -0.141869 1.047334 0.200695
v -0.146400 1.052495 0.225613
v -0.141632 1.047952 0.203285
v -0.148173 1.050212 0.228904
v -0.150709 1.046368 0.213322
v -0.142200 1.044973 0.202915
v -0.223842 1.011958 0.134652
v -0.232658 1.013327 0.146615
v -0.213879 1.022116 0.160685
v -0.216215 1.022421 0.163658
v -0.216215 1.022421 0.163658
v -0.215435 1.024529 0.170131
v -0.211982 1.025732 0.171323
v -0.218229 1.025816 0.176807
v -0.218229 1.025816 0.176807
v -0.217453 1.027913 0.183246
v -0.217453 1.027913 0.183246
v -0.211301 1.029095 0.182119
v -0.211301 1.029095 0.182119
v -0.210699 1.030722 0.187115
v -0.210699 1.030722 0.187115
v -0.208364 1.031170 0.186687
v -0.208364 1.031170 0.186687
v -0.212296 1.031654 0.191594
v -0.212296 1.031654 0.191594
v -0.213067 1.029569 0.185193
v -0.213067 1.029569 0.185193
v -0.218608 1.028505 0.186207
v -0.218608 1.028505 0.186207
v -0.221415 1.026734 0.182558
v -0.221415 1.026734 0.182558
v -0.222653 1.023387 0.172280
v -0.222653 1.023387 0.172280
v -0.219324 1.023355 0.169401
v -0.219324 1.023355 0.169401
v -0.220548 1.020045 0.159237
v -0.220548 1.020045 0.159237
v -0.229351 1.018354 0.160848
v -0.229351 1.018354 0.160848
v -0.230304 1.015780 0.152942
v -0.230304 1.015780 0.152942
v -0.235622 1.012676 0.146881
v -0.235622 1.012676 0.146881
v -0.226582 1.011237 0.134494
v -0.226582 1.011237 0.134494
v -0.226686 1.010618 0.132493
v -0.230534 1.011680 0.147081
v -0.231029 1.013690 0.146486
v -0.214191 1.029730 0.186671
v -0.213696 1.027720 0.187266
v -0.212726 1.030340 0.195314
v -0.213221 1.032351 0.194719
v -0.227886 1.010824 0.134187
v -0.227391 1.008814 0.134782
v -0.236757 1.010305 0.147615
v -0.237253 1.012316 0.147020
v -0.222079 1.012300 0.134342
v -0.221584 1.010290 0.134937
v -0.227623 1.007446 0.130352
v -0.228118 1.009456 0.129757
v -0.205316 1.031379 0.184857
v -0.204821 1.029369 0.185452
v -0.209080 1.028550 0.186232
v -0.209575 1.030561 0.185637
v -0.231533 1.015653 0.153538
v -0.231038 1.013643 0.154133
v -0.229979 1.016504 0.162921
v -0.230475 1.018515 0.162326
v -0.210177 1.028934 0.180641
v -0.209682 1.026924 0.181236
v -0.215835 1.025742 0.182363
v -0.216330 1.027752 0.181768
v -0.221672 1.020206 0.160715
v -0.221177 1.018195 0.161310
v -0.220185 1.020876 0.169543
v -0.220680 1.022887 0.168948
v -0.216874 1.026282 0.177253
v -0.216379 1.024272 0.177848
v -0.209030 1.024172 0.171397
v -0.209525 1.026183 0.170802
v -0.224009 1.022919 0.171827
v -0.223514 1.020909 0.172422
v -0.222154 1.024584 0.183708
v -0.222649 1.026594 0.183113
v -0.214249 1.024537 0.169171
v -0.213754 1.022526 0.169765
v -0.214382 1.020827 0.164548
v -0.214877 1.022838 0.163953
v -0.211858 1.022444 0.160110
v -0.211363 1.020433 0.160705
v -0.219208 1.028766 0.187589
v -0.218713 1.026756 0.188184
v -0.228170 1.009669 0.129693
v -0.227947 1.010143 0.130163
v -0.227947 1.010143 0.130163
v -0.222541 1.012690 0.134268
v -0.222541 1.012690 0.134268
v -0.222131 1.012514 0.134279
v -0.231464 1.014075 0.146376
v -0.231464 1.014075 0.146376
v -0.231081 1.013904 0.146423
v -0.223612 1.018703 0.155480
v -0.223612 1.018703 0.155480
v -0.212371 1.022836 0.160088
v -0.212371 1.022836 0.160088
v -0.211910 1.022657 0.160047
v -0.215255 1.023212 0.163759
v -0.215255 1.023212 0.163759
v -0.214930 1.023051 0.163890
v -0.214596 1.024992 0.169226
v -0.214596 1.024992 0.169226
v -0.214301 1.024750 0.169107
v -0.210124 1.026550 0.170770
v -0.210124 1.026550 0.170770
v -0.209577 1.026396 0.170739
v -0.217255 1.026647 0.177029
v -0.217255 1.026647 0.177029
v -0.216926 1.026495 0.177190
v -0.216665 1.028241 0.181925
v -0.216665 1.028241 0.181925
v -0.216382 1.027966 0.181705
v -0.210513 1.029423 0.180799
v -0.210513 1.029423 0.180799
v -0.210230 1.029147 0.180578
v -0.209911 1.031050 0.185795
v -0.209911 1.031050 0.185795
v -0.209628 1.030774 0.185574
v -0.206033 1.031795 0.185085
v -0.206033 1.031795 0.185085
v -0.205369 1.031592 0.184794
v -0.213151 1.032670 0.193965
v -0.213151 1.032670 0.193965
v -0.213274 1.032564 0.194656
v -0.214081 1.030155 0.186243
v -0.214081 1.030155 0.186243
v -0.214244 1.029943 0.186608
v -0.219201 1.029172 0.187180
v -0.219260 1.028980 0.187526
v -0.223853 1.023469 0.171782
v -0.223853 1.023469 0.171782
v -0.224062 1.023132 0.171764
v -0.220524 1.023437 0.168903
v -0.220524 1.023437 0.168903
v -0.220732 1.023100 0.168885
v -0.221562 1.020631 0.160287
v -0.221562 1.020631 0.160287
v -0.221724 1.020419 0.160652
v -0.230364 1.018940 0.161898
v -0.230364 1.018940 0.161898
v -0.230527 1.018728 0.162263
v -0.237042 1.012844 0.146858
v -0.237305 1.012529 0.146957
v -0.227741 1.011363 0.134112
v -0.227741 1.011363 0.134112
v -0.227939 1.011038 0.134124
v -0.227130 1.010806 0.131724
v -0.226729 1.010791 0.132441
v -0.223884 1.012131 0.134601
v -0.223546 1.012494 0.134445
v -0.232700 1.013500 0.146564
v -0.232393 1.013868 0.146450
v -0.213921 1.022289 0.160634
v -0.213524 1.022649 0.160417
v -0.216257 1.022593 0.163607
v -0.216018 1.022974 0.163591
v -0.216018 1.022974 0.163591
v -0.215477 1.024701 0.170080
v -0.215273 1.024987 0.169773
v -0.212025 1.025904 0.171272
v -0.211526 1.026293 0.171067
v -0.218272 1.025989 0.176756
v -0.218028 1.026381 0.176775
v -0.218028 1.026381 0.176775
v -0.217496 1.028085 0.183194
v -0.217306 1.028333 0.182768
v -0.217306 1.028333 0.182768
v -0.211343 1.029267 0.182068
v -0.211153 1.029515 0.181642
v -0.211153 1.029515 0.181642
v -0.210741 1.030894 0.187064
v -0.210552 1.031141 0.186638
v -0.210552 1.031141 0.186638
v -0.208406 1.031343 0.186636
v -0.207771 1.031675 0.186129
v -0.207771 1.031675 0.186129
v -0.212339 1.031826 0.191543
v -0.212623 1.032272 0.192182
v -0.212623 1.032272 0.192182
v -0.213110 1.029742 0.185142
v -0.213440 1.030064 0.185400
v -0.213440 1.030064 0.185400
v -0.218651 1.028677 0.186156
v -0.218860 1.029022 0.186392
v -0.218860 1.029022 0.186392
v -0.221457 1.026906 0.182507
v -0.221813 1.027158 0.182551
v -0.221813 1.027158 0.182551
v -0.222695 1.023559 0.172229
v -0.223079 1.023736 0.172040
v -0.223079 1.023736 0.172040
v -0.219366 1.023527 0.169350
v -0.219750 1.023704 0.169161
v -0.219750 1.023704 0.169161
v -0.220591 1.020218 0.159186
v -0.220921 1.020539 0.159444
v -0.220921 1.020539 0.159444
v -0.229393 1.018527 0.160797
v -0.229723 1.018848 0.161055
v -0.229723 1.018848 0.161055
v -0.230346 1.015952 0.152890
v -0.230701 1.016207 0.152944
v -0.230701 1.016207 0.152944
v -0.235664 1.012849 0.146830
v -0.236112 1.013050 0.146778
v -0.236112 1.013050 0.146778
v -0.226624 1.011409 0.134443
v -0.226996 1.011598 0.134288
v -0.226996 1.011598 0.134288
v -0.321908 0.962263 0.083698
v -0.326713 0.964133 0.091096
v -0.326713 0.964133 0.091096
v -0.318037 0.967146 0.091493
v -0.312976 0.970204 0.094525
v -0.307859 0.972914 0.096767
v -0.301218 0.975903 0.098540
v -0.293735 0.978788 0.099501
v -0.287314 0.981005 0.099766
v -0.278633 0.983362 0.098749
v -0.269697 0.985533 0.097150
v -0.259135 0.987906 0.094847
v -0.259135 0.987906 0.094847
v -0.255657 0.989857 0.096606
v -0.256612 0.986447 0.089937
v -0.259457 0.986706 0.092489
v -0.259457 0.986706 0.092489
v -0.270123 0.984311 0.094819
v -0.278600 0.982180 0.096180
v -0.287454 0.979711 0.097079
v -0.293491 0.977617 0.096807
v -0.300714 0.974779 0.095768
v -0.307264 0.972008 0.094400
v -0.311635 0.969641 0.092372
v -0.260140 0.985797 0.091012
v -0.259507 0.983855 0.091914
v -0.321884 0.960900 0.080748
v -0.321250 0.958958 0.081650
v -0.328955 0.961956 0.093511
v -0.329588 0.963898 0.092609
v -0.253462 0.991993 0.099663
v -0.252829 0.990051 0.100565
v -0.254687 0.983417 0.087589
v -0.255320 0.985359 0.086686
v -0.258942 0.986621 0.097472
v -0.259576 0.988563 0.096569
v -0.322294 0.962726 0.081476
v -0.322294 0.962726 0.081476
v -0.322061 0.961443 0.080496
v -0.329766 0.964442 0.092357
v -0.328723 0.965228 0.091373
v -0.328723 0.965228 0.091373
v -0.308689 0.974403 0.097063
v -0.301926 0.977446 0.098869
v -0.294342 0.980371 0.099843
v -0.287801 0.982629 0.100113
v -0.279010 0.985017 0.099083
v -0.270022 0.987199 0.097475
v -0.259753 0.989106 0.096317
v -0.259782 0.989500 0.095242
v -0.253639 0.992536 0.099410
v -0.254828 0.992280 0.097748
v -0.255497 0.985902 0.086434
v -0.256289 0.987064 0.087547
v -0.256289 0.987064 0.087547
v -0.260239 0.987424 0.091092
v -0.270588 0.985100 0.093353
v -0.279006 0.982983 0.094704
v -0.287757 0.980543 0.095593
v -0.293675 0.978490 0.095326
v -0.300824 0.975682 0.094297
v -0.307246 0.972965 0.092956
v -0.311530 0.970645 0.090969
v -0.317125 0.967626 0.088397
v -0.317125 0.967626 0.088397
v -0.322134 0.962956 0.083376
v -0.322299 0.963021 0.082115
v -0.328101 0.965279 0.091046
v -0.328101 0.965279 0.091046
v -0.326939 0.964826 0.090774
v -0.318681 0.968550 0.091477
v -0.318681 0.968550 0.091477
v -0.313706 0.971556 0.094457
v -0.308523 0.974301 0.096729
v -0.301807 0.977324 0.098522
v -0.294262 0.980233 0.099491
v -0.287767 0.982476 0.099759
v -0.279019 0.984851 0.098734
v -0.270051 0.987029 0.097129
v -0.259686 0.989358 0.094869
v -0.259686 0.989358 0.094869
v -0.259361 0.988599 0.094525
v -0.255303 0.991818 0.097087
v -0.255883 0.990550 0.096284
v -0.256568 0.987300 0.088250
v -0.256838 0.987141 0.089615
v -0.260091 0.987620 0.091412
v -0.270563 0.985269 0.093699
v -0.279004 0.983147 0.095054
v -0.287795 0.980696 0.095947
v -0.293758 0.978627 0.095678
v -0.300936 0.975807 0.094645
v -0.343769 0.841682 -0.115431
v -0.343769 0.841682 -0.115431
v -0.317079 0.853899 -0.113210
v -0.317079 0.853899 -0.113210
v -0.308177 0.863612 -0.104247
v -0.308177 0.863612 -0.104247
v -0.333743 0.854671 -0.102346
v -0.331935 0.867648 -0.084479
v -0.337747 0.866362 -0.082957
v -0.337747 0.866362 -0.082957
v -0.344624 0.868482 -0.075846
v -0.343820 0.874252 -0.067902
v -0.317948 0.883350 -0.069753
v -0.317948 0.883350 -0.069753
v -0.314695 0.875623 -0.082923
v -0.314695 0.875623 -0.082923
v -0.303179 0.878170 -0.085938
v -0.313338 0.886954 -0.067192
v -0.347157 0.876176 -0.063147
v -0.347157 0.876176 -0.063147
v -0.349360 0.866492 -0.075982
v -0.349360 0.866492 -0.075982
v -0.339119 0.861597 -0.089105
v -0.339119 0.861597 -0.089105
v -0.351528 0.858852 -0.085856
v -0.351213 0.861113 -0.082743
v -0.364709 0.858128 -0.079210
v -0.364709 0.858128 -0.079210
v -0.349369 0.852958 -0.095713
v -0.348920 0.856176 -0.091283
v -0.338675 0.858442 -0.093965
v -0.338675 0.858442 -0.093965
v -0.336812 0.853437 -0.102353
v -0.336812 0.853437 -0.102353
v -0.337995 0.853184 -0.102029
v -0.337277 0.851391 -0.100800
v -0.338903 0.855759 -0.093479
v -0.339622 0.857553 -0.094709
v -0.301209 0.877926 -0.087445
v -0.300490 0.876133 -0.086215
v -0.314903 0.872945 -0.082442
v -0.315622 0.874738 -0.083671
v -0.347885 0.855725 -0.092545
v -0.347167 0.853932 -0.091315
v -0.347730 0.849886 -0.096885
v -0.348449 0.851680 -0.098115
v -0.318829 0.882357 -0.070686
v -0.318110 0.880564 -0.069457
v -0.342047 0.872146 -0.067744
v -0.342766 0.873940 -0.068974
v -0.367662 0.858154 -0.077445
v -0.366944 0.856361 -0.076215
v -0.349264 0.860271 -0.080845
v -0.349982 0.862065 -0.082074
v -0.343445 0.869065 -0.075686
v -0.342726 0.867271 -0.074456
v -0.336526 0.865360 -0.080868
v -0.337244 0.867153 -0.082097
v -0.330705 0.868599 -0.083810
v -0.329986 0.866806 -0.082580
v -0.331771 0.853999 -0.100214
v -0.332489 0.855792 -0.101444
v -0.350297 0.859804 -0.085187
v -0.349579 0.858011 -0.083957
v -0.340931 0.859923 -0.086221
v -0.341649 0.861717 -0.087451
v -0.305704 0.865160 -0.103435
v -0.304985 0.863367 -0.102205
v -0.315662 0.851716 -0.112957
v -0.316381 0.853509 -0.114186
v -0.350555 0.865974 -0.076039
v -0.349836 0.864181 -0.074809
v -0.347433 0.874744 -0.060807
v -0.348152 0.876538 -0.062037
v -0.345763 0.840060 -0.116631
v -0.345044 0.838266 -0.115401
v -0.312678 0.887843 -0.066280
v -0.311960 0.886050 -0.065050
v -0.345970 0.840576 -0.116985
v -0.345405 0.841470 -0.116790
v -0.316963 0.854489 -0.114424
v -0.316963 0.854489 -0.114424
v -0.316588 0.854026 -0.114540
v -0.306905 0.865463 -0.104297
v -0.306905 0.865463 -0.104297
v -0.305911 0.865676 -0.103789
v -0.333265 0.856245 -0.102337
v -0.333265 0.856245 -0.102337
v -0.332696 0.856309 -0.101798
v -0.331473 0.869111 -0.084622
v -0.331473 0.869111 -0.084622
v -0.330912 0.869116 -0.084164
v -0.337758 0.867721 -0.082976
v -0.337758 0.867721 -0.082976
v -0.337451 0.867669 -0.082452
v -0.344195 0.869705 -0.076320
v -0.344195 0.869705 -0.076320
v -0.343652 0.869581 -0.076040
v -0.343472 0.874892 -0.069178
v -0.343472 0.874892 -0.069178
v -0.342973 0.874456 -0.069328
v -0.318859 0.883547 -0.070939
v -0.319036 0.882873 -0.071040
v -0.315636 0.875891 -0.083988
v -0.315829 0.875254 -0.084025
v -0.302235 0.878855 -0.087497
v -0.302235 0.878855 -0.087497
v -0.301416 0.878442 -0.087799
v -0.313247 0.888376 -0.067177
v -0.313247 0.888376 -0.067177
v -0.312885 0.888359 -0.066634
v -0.348142 0.877255 -0.063003
v -0.348359 0.877054 -0.062391
v -0.350762 0.866490 -0.076392
v -0.341104 0.862518 -0.088607
v -0.341856 0.862233 -0.087805
v -0.351065 0.860315 -0.085999
v -0.351065 0.860315 -0.085999
v -0.350504 0.860320 -0.085541
v -0.350750 0.862576 -0.082886
v -0.350750 0.862576 -0.082886
v -0.350189 0.862581 -0.082428
v -0.366969 0.858989 -0.078640
v -0.367869 0.858671 -0.077799
v -0.349108 0.852970 -0.097855
v -0.348656 0.852196 -0.098469
v -0.348585 0.856726 -0.092683
v -0.348585 0.856726 -0.092683
v -0.348092 0.856241 -0.092899
v -0.339630 0.858707 -0.095028
v -0.339829 0.858069 -0.095063
v -0.344778 0.841979 -0.116413
v -0.344778 0.841979 -0.116413
v -0.343980 0.842210 -0.115793
v -0.317182 0.854612 -0.114117
v -0.308389 0.864140 -0.104609
v -0.307682 0.864977 -0.104552
v -0.307682 0.864977 -0.104552
v -0.333955 0.855199 -0.102708
v -0.333659 0.855892 -0.102621
v -0.332147 0.868175 -0.084841
v -0.331859 0.868812 -0.084832
v -0.337959 0.866890 -0.083319
v -0.337916 0.867472 -0.083246
v -0.344836 0.869010 -0.076208
v -0.344032 0.874780 -0.068264
v -0.343803 0.874991 -0.068841
v -0.318159 0.883878 -0.070115
v -0.318582 0.883859 -0.070646
v -0.318582 0.883859 -0.070646
v -0.314907 0.876151 -0.083285
v -0.315345 0.876169 -0.083753
v -0.315345 0.876169 -0.083753
v -0.303390 0.878698 -0.086300
v -0.302854 0.878931 -0.087024
v -0.313549 0.887482 -0.067554
v -0.313454 0.888097 -0.067463
v -0.347368 0.876704 -0.063509
v -0.347830 0.877141 -0.063352
v -0.347830 0.877141 -0.063352
v -0.349571 0.867020 -0.076344
v -0.350100 0.867161 -0.076579
v -0.350100 0.867161 -0.076579
v -0.339331 0.862125 -0.089467
v -0.340309 0.862481 -0.089127
v -0.340309 0.862481 -0.089127
v -0.351739 0.859380 -0.086218
v -0.351451 0.860016 -0.086209
v -0.351424 0.861641 -0.083105
v -0.351136 0.862277 -0.083097
v -0.364920 0.858656 -0.079572
v -0.366041 0.858980 -0.079194
v -0.366041 0.858980 -0.079194
v -0.349580 0.853486 -0.096075
v -0.349397 0.853372 -0.097100
v -0.349132 0.856704 -0.091645
v -0.348910 0.856868 -0.092286
v -0.338887 0.858970 -0.094327
v -0.339332 0.858986 -0.094794
v -0.339332 0.858986 -0.094794
v -0.337023 0.853965 -0.102715
v -0.337548 0.854195 -0.102823
v -0.337548 0.854195 -0.102823
v -0.340410 0.844414 -0.113409
v -0.340410 0.844414 -0.113409
v -0.338563 0.844947 -0.111973
v -0.318253 0.854556 -0.111566
v -0.313977 0.859069 -0.105746
v -0.312343 0.861005 -0.105614
v -0.312343 0.861005 -0.105614
v -0.333416 0.853636 -0.104048
v -0.335432 0.852824 -0.104052
v -0.335432 0.852824 -0.104052
v -0.334501 0.851811 -0.104337
v -0.334075 0.850748 -0.103609
v -0.338137 0.843884 -0.111244
v -0.318078 0.853066 -0.109576
v -0.313551 0.858006 -0.105017
v -0.305338 0.804169 -0.181350
v -0.305338 0.804169 -0.181350
v -0.322309 0.809496 -0.167346
v -0.322309 0.809496 -0.167346
v -0.328256 0.808421 -0.165819
v -0.328256 0.808421 -0.165819
v -0.322252 0.814034 -0.162159
v -0.304547 0.805828 -0.179812
v -0.299942 0.806886 -0.180736
v -0.299942 0.806886 -0.180736
v -0.299991 0.806405 -0.181266
v -0.299991 0.806405 -0.181266
v -0.303342 0.805264 -0.181020
v -0.303342 0.805264 -0.181020
v -0.303819 0.800589 -0.186169
v -0.303819 0.800589 -0.186169
v -0.305403 0.800195 -0.185887
v -0.305403 0.800195 -0.185887
v -0.290234 0.807880 -0.184104
v -0.290234 0.807880 -0.184104
v -0.283867 0.809373 -0.185348
v -0.284127 0.812567 -0.181557
v -0.290658 0.809831 -0.181665
v -0.290658 0.809831 -0.181665
v -0.273334 0.813284 -0.185748
v -0.273334 0.813284 -0.185748
v -0.266097 0.819015 -0.182526
v -0.266097 0.819015 -0.182526
v -0.266330 0.812338 -0.190088
v -0.266330 0.812338 -0.190088
v -0.321859 0.815577 -0.160570
v -0.321298 0.814191 -0.159364
v -0.275479 0.812644 -0.185485
v -0.274919 0.811259 -0.184279
v -0.264280 0.819684 -0.179543
v -0.264841 0.821069 -0.180749
v -0.322762 0.808592 -0.168174
v -0.322202 0.807207 -0.166968
v -0.330344 0.805735 -0.164877
v -0.330904 0.807120 -0.166083
v -0.283016 0.813883 -0.180562
v -0.282456 0.812497 -0.179356
v -0.282045 0.807463 -0.185330
v -0.282605 0.808848 -0.186536
v -0.290709 0.805432 -0.183638
v -0.291269 0.806818 -0.184844
v -0.302219 0.804816 -0.182056
v -0.301658 0.803431 -0.180850
v -0.302145 0.798661 -0.186103
v -0.302706 0.800047 -0.187309
v -0.265183 0.811255 -0.191865
v -0.264622 0.809870 -0.190659
v -0.298659 0.808001 -0.180051
v -0.298098 0.806615 -0.178846
v -0.298307 0.804571 -0.181097
v -0.298867 0.805957 -0.182303
v -0.303554 0.805362 -0.177751
v -0.304114 0.806747 -0.178957
v -0.291428 0.808739 -0.179505
v -0.291988 0.810124 -0.180711
v -0.306539 0.803500 -0.181561
v -0.305979 0.802115 -0.180355
v -0.306611 0.799074 -0.186613
v -0.306050 0.797688 -0.185407
v -0.306680 0.803849 -0.181865
v -0.331045 0.807469 -0.166386
v -0.330187 0.808296 -0.166582
v -0.330187 0.808296 -0.166582
v -0.322000 0.815925 -0.160873
v -0.322284 0.815684 -0.161765
v -0.322284 0.815684 -0.161765
v -0.319837 0.812326 -0.166761
v -0.319837 0.812326 -0.166761
v -0.304255 0.807096 -0.179261
v -0.304555 0.807089 -0.179877
v -0.304555 0.807089 -0.179877
v -0.298800 0.808350 -0.180355
v -0.299419 0.808269 -0.180907
v -0.299419 0.808269 -0.180907
v -0.299008 0.806306 -0.182606
v -0.299568 0.806813 -0.182511
v -0.299568 0.806813 -0.182511
v -0.302360 0.805165 -0.182360
v -0.302919 0.805672 -0.182265
v -0.302919 0.805672 -0.182265
v -0.302847 0.800396 -0.187613
v -0.303402 0.800938 -0.187479
v -0.303402 0.800938 -0.187479
v -0.306752 0.799422 -0.186917
v -0.306434 0.800182 -0.186938
v -0.291410 0.807167 -0.185147
v -0.291158 0.807904 -0.185164
v -0.283357 0.809733 -0.186687
v -0.283357 0.809733 -0.186687
v -0.282746 0.809197 -0.186839
v -0.283712 0.814075 -0.181534
v -0.283712 0.814075 -0.181534
v -0.283157 0.814231 -0.180865
v -0.291766 0.810702 -0.181668
v -0.292129 0.810473 -0.181014
v -0.274951 0.813572 -0.186182
v -0.275620 0.812993 -0.185789
v -0.264982 0.821418 -0.181053
v -0.265591 0.820984 -0.182015
v -0.265591 0.820984 -0.182015
v -0.265324 0.811604 -0.192169
v -0.265892 0.812349 -0.191795
v -0.305521 0.804620 -0.181743
v -0.305931 0.804681 -0.182004
v -0.305931 0.804681 -0.182004
v -0.322706 0.809946 -0.168161
v -0.322706 0.809946 -0.168161
v -0.322492 0.809947 -0.167739
v -0.329228 0.808767 -0.166486
v -0.329228 0.808767 -0.166486
v -0.328439 0.808872 -0.166211
v -0.322426 0.815126 -0.162341
v -0.322434 0.814486 -0.162552
v -0.304712 0.806756 -0.180186
v -0.304730 0.806279 -0.180205
v -0.299883 0.807866 -0.181155
v -0.300124 0.807338 -0.181129
v -0.299974 0.806975 -0.182136
v -0.300173 0.806856 -0.181659
v -0.303325 0.805834 -0.181890
v -0.303524 0.805715 -0.181413
v -0.303806 0.801134 -0.187066
v -0.304002 0.801041 -0.186561
v -0.305997 0.800588 -0.186675
v -0.305997 0.800588 -0.186675
v -0.305585 0.800646 -0.186279
v -0.290783 0.808289 -0.184896
v -0.290783 0.808289 -0.184896
v -0.290416 0.808331 -0.184497
v -0.284049 0.809824 -0.185740
v -0.283814 0.809923 -0.186257
v -0.284310 0.813018 -0.181949
v -0.284114 0.813599 -0.181894
v -0.290841 0.810283 -0.182058
v -0.291285 0.810595 -0.182013
v -0.291285 0.810595 -0.182013
v -0.273517 0.813735 -0.186140
v -0.274174 0.813803 -0.186277
v -0.274174 0.813803 -0.186277
v -0.266046 0.820240 -0.182658
v -0.266280 0.819466 -0.182918
v -0.266307 0.812742 -0.191152
v -0.266512 0.812790 -0.190480
v -0.257461 0.760118 -0.249380
v -0.257461 0.760118 -0.249380
v -0.256449 0.766214 -0.243652
v -0.256449 0.766214 -0.243652
v -0.259111 0.766013 -0.242967
v -0.259111 0.766013 -0.242967
v -0.258779 0.768014 -0.241088
v -0.258779 0.768014 -0.241088
v -0.255500 0.768262 -0.241931
v -0.255500 0.768262 -0.241931
v -0.255951 0.765545 -0.244483
v -0.255951 0.765545 -0.244483
v -0.234520 0.769329 -0.247842
v -0.199658 0.789729 -0.239138
v -0.199490 0.789614 -0.239307
v -0.226082 0.762366 -0.257572
v -0.226082 0.762366 -0.257572
v -0.233887 0.767546 -0.249826
v -0.233887 0.767546 -0.249826
v -0.254055 0.763315 -0.247332
v -0.254055 0.763315 -0.247332
v -0.258637 0.758103 -0.250993
v -0.258054 0.756359 -0.249240
v -0.256824 0.763768 -0.242280
v -0.257407 0.765512 -0.244033
v -0.253663 0.762770 -0.248003
v -0.253081 0.761027 -0.246250
v -0.225082 0.784658 -0.235731
v -0.224499 0.782915 -0.233978
v -0.225448 0.777203 -0.239345
v -0.226030 0.778946 -0.241098
v -0.226071 0.761411 -0.258527
v -0.225489 0.759667 -0.256773
v -0.233672 0.765098 -0.248651
v -0.234255 0.766842 -0.250404
v -0.199469 0.790560 -0.238373
v -0.198887 0.788817 -0.236620
v -0.197779 0.788060 -0.237741
v -0.198361 0.789804 -0.239494
v -0.254977 0.766343 -0.244014
v -0.254395 0.764599 -0.242261
v -0.259525 0.768588 -0.240269
v -0.258943 0.766844 -0.238516
v -0.253959 0.767221 -0.239798
v -0.254542 0.768964 -0.241551
v -0.259487 0.763567 -0.241595
v -0.260070 0.765311 -0.243348
v -0.236849 0.771479 -0.241249
v -0.237432 0.773222 -0.243002
v -0.241616 0.775775 -0.239072
v -0.241034 0.774031 -0.237319
v -0.258429 0.759265 -0.250989
v -0.258429 0.759265 -0.250989
v -0.258743 0.758420 -0.251313
v -0.257513 0.765829 -0.244352
v -0.257269 0.766251 -0.244425
v -0.260176 0.765628 -0.243667
v -0.259932 0.766050 -0.243740
v -0.259631 0.768905 -0.240588
v -0.259456 0.768915 -0.241048
v -0.259456 0.768915 -0.241048
v -0.254648 0.769282 -0.241870
v -0.255022 0.769250 -0.242189
v -0.255022 0.769250 -0.242189
v -0.255083 0.766660 -0.244333
v -0.255462 0.766598 -0.244680
v -0.255462 0.766598 -0.244680
v -0.234850 0.770237 -0.247911
v -0.234850 0.770237 -0.247911
v -0.199576 0.790878 -0.238692
v -0.199702 0.790805 -0.239135
v -0.199702 0.790805 -0.239135
v -0.198467 0.790121 -0.239813
v -0.198897 0.790255 -0.239949
v -0.198897 0.790255 -0.239949
v -0.226177 0.761728 -0.258846
v -0.226246 0.762231 -0.258734
v -0.234361 0.767159 -0.250723
v -0.234308 0.767582 -0.250733
v -0.253769 0.763088 -0.248322
v -0.253961 0.763459 -0.248302
v -0.253961 0.763459 -0.248302
v -0.257575 0.760459 -0.249722
v -0.257966 0.760059 -0.250353
v -0.257966 0.760059 -0.250353
v -0.256891 0.766528 -0.244275
v -0.256891 0.766528 -0.244275
v -0.256562 0.766556 -0.243995
v -0.259554 0.766327 -0.243590
v -0.259554 0.766327 -0.243590
v -0.259225 0.766354 -0.243310
v -0.259162 0.768689 -0.241371
v -0.258893 0.768355 -0.241431
v -0.255400 0.768974 -0.242339
v -0.255614 0.768603 -0.242274
v -0.255846 0.766284 -0.244866
v -0.255846 0.766284 -0.244866
v -0.256065 0.765886 -0.244826
v -0.234757 0.770007 -0.248171
v -0.199776 0.790477 -0.239436
v -0.199772 0.790070 -0.239480
v -0.199341 0.790181 -0.239875
v -0.199604 0.789955 -0.239650
v -0.226250 0.762608 -0.258358
v -0.226250 0.762608 -0.258358
v -0.226196 0.762707 -0.257915
v -0.234163 0.767859 -0.250506
v -0.234163 0.767859 -0.250506
v -0.234001 0.767887 -0.250169
v -0.254115 0.763673 -0.248037
v -0.254115 0.763673 -0.248037
v -0.254169 0.763656 -0.247675
v -0.230653 0.769132 -0.248539
v -0.231424 0.769474 -0.248727
v -0.231424 0.769474 -0.248727
v -0.207947 0.783212 -0.242865
v -0.209556 0.781478 -0.243271
v -0.207834 0.783135 -0.242979
v -0.209454 0.781408 -0.243374
v -0.225742 0.764784 -0.255280
v -0.225742 0.764784 -0.255280
v -0.225547 0.764919 -0.254427
v -0.230998 0.768273 -0.250063
v -0.230998 0.768273 -0.250063
v -0.209098 0.780105 -0.241891
v -0.230194 0.767760 -0.247159
v -0.208996 0.780036 -0.241994
v -0.225089 0.763546 -0.253048
v -0.237234 0.773994 -0.242300
v -0.237234 0.773994 -0.242300
v -0.240241 0.775829 -0.239476
v -0.240241 0.775829 -0.239476
v -0.226108 0.783422 -0.236620
v -0.226108 0.783422 -0.236620
v -0.226805 0.779230 -0.240558
v -0.226805 0.779230 -0.240558
v -0.237516 0.773971 -0.243217
v -0.237516 0.773476 -0.243256
v -0.241701 0.776028 -0.239327
v -0.241273 0.776263 -0.239689
v -0.225166 0.784912 -0.235986
v -0.225611 0.784677 -0.236525
v -0.225611 0.784677 -0.236525
v -0.226115 0.779200 -0.241352
v -0.226468 0.779518 -0.241372
v -0.226468 0.779518 -0.241372
v -0.237336 0.774299 -0.242606
v -0.237445 0.774249 -0.242965
v -0.237445 0.774249 -0.242965
v -0.240778 0.776282 -0.239835
v -0.240778 0.776282 -0.239835
v -0.240343 0.776133 -0.239782
v -0.225981 0.784232 -0.236845
v -0.225981 0.784232 -0.236845
v -0.226210 0.783726 -0.236926
v -0.226747 0.779620 -0.241178
v -0.226747 0.779620 -0.241178
v -0.226906 0.779535 -0.240864
v -0.156604 0.741533 -0.295036
v -0.156604 0.741533 -0.295036
v -0.140047 0.741908 -0.297980
v -0.134398 0.743502 -0.297697
v -0.127965 0.746578 -0.296269
v -0.119686 0.752197 -0.292974
v -0.119686 0.752197 -0.292974
v -0.111901 0.752663 -0.294104
v -0.111901 0.752663 -0.294104
v -0.109917 0.754671 -0.292734
v -0.108490 0.758536 -0.289624
v -0.108490 0.758536 -0.289624
v -0.109576 0.760259 -0.287897
v -0.113620 0.760652 -0.286753
v -0.118106 0.759261 -0.287087
v -0.118106 0.759261 -0.287087
v -0.120670 0.753826 -0.291350
v -0.120670 0.753826 -0.291350
v -0.128939 0.748719 -0.294198
v -0.135703 0.745946 -0.295294
v -0.164059 0.745550 -0.290036
v -0.164842 0.744773 -0.290563
v -0.164842 0.744773 -0.290563
v -0.142378 0.723877 -0.313344
v -0.142378 0.723877 -0.313344
v -0.143103 0.718248 -0.318142
v -0.143103 0.718248 -0.318142
v -0.136683 0.717694 -0.319897
v -0.136683 0.717694 -0.319897
v -0.139941 0.726274 -0.311723
v -0.139302 0.728255 -0.310110
v -0.142727 0.727832 -0.309805
v -0.154046 0.740646 -0.296320
v -0.153673 0.738988 -0.294431
v -0.141725 0.727192 -0.307147
v -0.142099 0.728850 -0.309035
v -0.137700 0.729394 -0.309427
v -0.137326 0.727736 -0.307539
v -0.121691 0.754334 -0.290702
v -0.121317 0.752676 -0.288814
v -0.118670 0.758289 -0.284411
v -0.119044 0.759946 -0.286300
v -0.134926 0.716576 -0.321226
v -0.134553 0.714918 -0.319338
v -0.144067 0.715739 -0.316736
v -0.144440 0.717397 -0.318625
v -0.113633 0.761624 -0.285897
v -0.113259 0.759966 -0.284009
v -0.108319 0.759486 -0.285407
v -0.108692 0.761143 -0.287296
v -0.143656 0.723485 -0.313436
v -0.143282 0.721827 -0.311548
v -0.166046 0.743002 -0.288462
v -0.166420 0.744659 -0.290351
v -0.107175 0.758735 -0.289710
v -0.106802 0.757077 -0.287821
v -0.111345 0.751756 -0.295011
v -0.110972 0.750098 -0.293122
v -0.118921 0.749622 -0.291969
v -0.119295 0.751279 -0.293857
v -0.164434 0.746629 -0.289015
v -0.164061 0.744971 -0.287126
v -0.154125 0.740995 -0.296718
v -0.155021 0.741552 -0.296602
v -0.134249 0.743548 -0.298956
v -0.127661 0.746699 -0.297494
v -0.119561 0.752195 -0.294271
v -0.119373 0.751629 -0.294255
v -0.111666 0.752669 -0.295416
v -0.111424 0.752105 -0.295409
v -0.109304 0.755058 -0.293786
v -0.107744 0.759286 -0.290384
v -0.107744 0.759286 -0.290384
v -0.107254 0.759084 -0.290108
v -0.109120 0.761470 -0.288194
v -0.109120 0.761470 -0.288194
v -0.108771 0.761493 -0.287694
v -0.113767 0.761922 -0.286879
v -0.113767 0.761922 -0.286879
v -0.113711 0.761973 -0.286296
v -0.118876 0.760339 -0.287259
v -0.118876 0.760339 -0.287259
v -0.119122 0.760296 -0.286698
v -0.121496 0.754784 -0.291616
v -0.121496 0.754784 -0.291616
v -0.121770 0.754684 -0.291100
v -0.129475 0.749856 -0.294364
v -0.136062 0.747156 -0.295431
v -0.140607 0.746221 -0.295354
v -0.158848 0.745808 -0.292110
v -0.164450 0.746892 -0.290051
v -0.164450 0.746892 -0.290051
v -0.164513 0.746979 -0.289413
v -0.166042 0.745313 -0.291122
v -0.166498 0.745009 -0.290749
v -0.143377 0.724229 -0.314108
v -0.143735 0.723834 -0.313835
v -0.144142 0.718291 -0.319169
v -0.144519 0.717746 -0.319023
v -0.135639 0.717558 -0.321494
v -0.135005 0.716925 -0.321624
v -0.139218 0.726982 -0.312514
v -0.138362 0.729638 -0.310353
v -0.138362 0.729638 -0.310353
v -0.137778 0.729743 -0.309826
v -0.142443 0.729133 -0.309989
v -0.142443 0.729133 -0.309989
v -0.142177 0.729199 -0.309433
v -0.156105 0.741928 -0.296058
v -0.156697 0.741945 -0.295506
v -0.140164 0.742289 -0.298892
v -0.134430 0.743907 -0.298606
v -0.127940 0.747011 -0.297165
v -0.119779 0.752610 -0.293445
v -0.119727 0.752584 -0.293897
v -0.119727 0.752584 -0.293897
v -0.111994 0.753076 -0.294575
v -0.111901 0.753053 -0.295032
v -0.111901 0.753053 -0.295032
v -0.109777 0.755202 -0.293566
v -0.108583 0.758948 -0.290095
v -0.108301 0.759201 -0.290348
v -0.108301 0.759201 -0.290348
v -0.109669 0.760671 -0.288368
v -0.109494 0.761095 -0.288449
v -0.118199 0.759674 -0.287557
v -0.118479 0.760048 -0.287593
v -0.118479 0.760048 -0.287593
v -0.121063 0.754569 -0.291891
v -0.129225 0.749528 -0.294702
v -0.164152 0.745963 -0.290507
v -0.164291 0.746435 -0.290484
v -0.164935 0.745186 -0.291033
v -0.165374 0.745361 -0.291212
v -0.165374 0.745361 -0.291212
v -0.142471 0.724290 -0.313815
v -0.142835 0.724396 -0.314069
v -0.142835 0.724396 -0.314069
v -0.143196 0.718661 -0.318612
v -0.143575 0.718652 -0.318964
v -0.143575 0.718652 -0.318964
v -0.136776 0.718107 -0.320367
v -0.136384 0.718032 -0.320930
v -0.136384 0.718032 -0.320930
v -0.139761 0.726924 -0.312458
v -0.139395 0.728668 -0.310580
v -0.139042 0.729155 -0.310642
v -0.142820 0.728245 -0.310275
v -0.118404 0.753728 -0.291884
v -0.118404 0.753728 -0.291884
v -0.118013 0.753796 -0.291253
v -0.112903 0.754102 -0.291994
v -0.112760 0.754067 -0.292703
v -0.112760 0.754067 -0.292703
v -0.111641 0.755198 -0.291930
v -0.110960 0.757836 -0.289101
v -0.110523 0.758228 -0.289493
v -0.110523 0.758228 -0.289493
v -0.111211 0.758235 -0.288701
v -0.110941 0.758891 -0.288827
v -0.116225 0.757622 -0.288248
v -0.116658 0.758202 -0.288303
v -0.116658 0.758202 -0.288303
v -0.118023 0.753812 -0.291237
v -0.118608 0.754067 -0.291546
v -0.118608 0.754067 -0.291546
v -0.117720 0.752469 -0.289707
v -0.117710 0.752453 -0.289723
v -0.112601 0.752759 -0.290464
v -0.110657 0.756493 -0.287571
v -0.110909 0.756892 -0.287171
v -0.113221 0.757117 -0.286517
v -0.115923 0.756280 -0.286717
f 129 127 120
f 129 120 118
f 41 42 136
f 41 136 138
f 58 57 99
f 58 99 101
f 143 141 106
f 143 106 104
f 49 69 123
f 49 123 82
f 157 155 92
f 157 92 90
f 44 45 130
f 44 130 132
f 137 135 112
f 137 112 110
f 50 49 82
f 50 82 85
f 69 68 121
f 69 121 123
f 68 67 119
f 68 119 121
f 67 66 117
f 67 117 119
f 66 65 115
f 66 115 117
f 65 64 113
f 65 113 115
f 64 63 111
f 64 111 113
f 63 62 109
f 63 109 111
f 62 61 107
f 62 107 109
f 61 60 105
f 61 105 107
f 60 59 103
f 60 103 105
f 59 58 101
f 59 101 103
f 57 56 97
f 57 97 99
f 56 55 95
f 56 95 97
f 55 54 93
f 55 93 95
f 25 26 78
f 25 78 77
f 54 53 91
f 54 91 93
f 53 52 89
f 53 89 91
f 52 51 87
f 52 87 89
f 51 50 85
f 51 85 87
f 47 48 124
f 47 124 126
f 37 38 144
f 37 144 146
f 31 32 156
f 31 156 158
f 151 149 98
f 151 98 96
f 28 29 162
f 28 162 165
f 131 129 118
f 131 118 116
f 164 163 84
f 164 84 83
f 40 41 138
f 40 138 140
f 145 143 104
f 145 104 102
f 34 35 150
f 34 150 152
f 159 157 90
f 159 90 88
f 127 125 122
f 127 122 120
f 43 44 132
f 43 132 134
f 36 37 146
f 36 146 148
f 139 137 110
f 139 110 108
f 30 31 158
f 30 158 160
f 153 151 96
f 153 96 94
f 46 47 126
f 46 126 128
f 39 40 140
f 39 140 142
f 133 131 116
f 133 116 114
f 33 34 152
f 33 152 154
f 147 145 102
f 147 102 100
f 30 29 40
f 30 40 39
f 32 31 30
f 35 34 33
f 33 32 30
f 30 39 38
f 30 38 37
f 36 35 33
f 33 30 37
f 37 36 33
f 42 41 47
f 45 44 43
f 42 47 46
f 45 43 42
f 46 45 42
f 23 24 74
f 23 74 73
f 22 23 73
f 22 73 70
f 26 27 81
f 26 81 78
f 24 25 77
f 24 77 74
f 27 22 70
f 27 70 81
f 41 40 75
f 41 75 76
f 6 5 53
f 6 53 54
f 17 16 64
f 17 64 65
f 4 3 51
f 4 51 52
f 15 14 62
f 15 62 63
f 40 29 72
f 40 72 75
f 2 1 49
f 2 49 50
f 13 12 60
f 13 60 61
f 1 21 69
f 1 69 49
f 11 10 58
f 11 58 59
f 20 19 67
f 20 67 68
f 9 8 56
f 9 56 57
f 48 47 79
f 48 79 80
f 18 17 65
f 18 65 66
f 7 6 54
f 7 54 55
f 28 48 80
f 28 80 71
f 5 4 52
f 5 52 53
f 16 15 63
f 16 63 64
f 47 41 76
f 47 76 79
f 3 2 50
f 3 50 51
f 14 13 61
f 14 61 62
f 12 11 59
f 12 59 60
f 21 20 68
f 21 68 69
f 10 9 57
f 10 57 58
f 19 18 66
f 19 66 67
f 8 7 55
f 8 55 56
f 163 161 86
f 163 86 84
f 149 147 100
f 149 100 98
f 32 33 154
f 32 154 156
f 135 133 114
f 135 114 112
f 38 39 142
f 38 142 144
f 45 46 128
f 45 128 130
f 155 153 94
f 155 94 92
f 29 30 160
f 29 160 162
f 35 36 148
f 35 148 150
f 141 139 108
f 141 108 106
f 42 43 134
f 42 134 136
f 161 159 88
f 161 88 86
f 48 28 165
f 48 165 124
f 122 83 82
f 122 82 123
f 120 122 123
f 120 123 121
f 118 120 121
f 118 121 119
f 116 118 119
f 116 119 117
f 114 116 117
f 114 117 115
f 112 114 115
f 112 115 113
f 110 112 113
f 110 113 111
f 108 110 111
f 108 111 109
f 106 108 109
f 106 109 107
f 104 106 107
f 104 107 105
f 102 104 105
f 102 105 103
f 100 102 103
f 100 103 101
f 98 100 101
f 98 101 99
f 96 98 99
f 96 99 97
f 94 96 97
f 94 97 95
f 92 94 95
f 92 95 93
f 90 92 93
f 90 93 91
f 88 90 91
f 88 91 89
f 86 88 89
f 86 89 87
f 84 86 87
f 84 87 85
f 83 84 85
f 83 85 82
f 70 73 72
f 70 72 71
f 74 77 76
f 74 76 75
f 78 81 80
f 78 80 79
f 81 70 71
f 81 71 80
f 73 74 75
f 73 75 72
f 79 76 77
f 79 77 78
f 29 28 71
f 29 71 72
f 124 165 164
f 124 164 125
f 126 124 125
f 126 125 127
f 128 126 127
f 128 127 129
f 130 128 129
f 130 129 131
f 132 130 131
f 132 131 133
f 134 132 133
f 134 133 135
f 136 134 135
f 136 135 137
f 138 136 137
f 138 137 139
f 140 138 139
f 140 139 141
f 142 140 141
f 142 141 143
f 144 142 143
f 144 143 145
f 146 144 145
f 146 145 147
f 148 146 147
f 148 147 149
f 150 148 149
f 150 149 151
f 152 150 151
f 152 151 153
f 154 152 153
f 154 153 155
f 156 154 155
f 156 155 157
f 158 156 157
f 158 157 159
f 160 158 159
f 160 159 161
f 162 160 161
f 162 161 163
f 165 162 163
f 165 163 164
f 125 164 83
f 125 83 122
f 364 362 331
f 364 331 329
f 234 235 359
f 234 359 361
f 219 220 389
f 219 389 391
f 394 392 301
f 394 301 299
f 241 207 416
f 241 416 347
f 380 378 315
f 380 315 313
f 226 227 375
f 226 375 377
f 212 213 403
f 212 403 405
f 243 242 277
f 243 277 280
f 276 275 344
f 276 344 346
f 275 274 342
f 275 342 344
f 274 273 340
f 274 340 342
f 273 272 338
f 273 338 340
f 272 271 336
f 272 336 338
f 271 270 334
f 271 334 336
f 270 269 332
f 270 332 334
f 269 268 330
f 269 330 332
f 268 267 328
f 268 328 330
f 267 266 326
f 267 326 328
f 266 265 324
f 266 324 326
f 265 264 322
f 265 322 324
f 264 263 320
f 264 320 322
f 263 262 318
f 263 318 320
f 262 261 316
f 262 316 318
f 261 260 314
f 261 314 316
f 260 259 312
f 260 312 314
f 259 258 310
f 259 310 312
f 258 257 308
f 258 308 310
f 257 256 306
f 257 306 308
f 256 255 304
f 256 304 306
f 255 254 302
f 255 302 304
f 254 253 300
f 254 300 302
f 253 252 298
f 253 298 300
f 252 251 296
f 252 296 298
f 250 249 292
f 250 292 294
f 249 248 290
f 249 290 292
f 248 247 288
f 248 288 290
f 204 205 425
f 204 425 424
f 247 246 286
f 247 286 288
f 246 245 284
f 246 284 286
f 245 244 282
f 245 282 284
f 244 243 280
f 244 280 282
f 240 241 347
f 240 347 349
f 410 408 285
f 410 285 283
f 366 364 329
f 366 329 327
f 233 234 361
f 233 361 363
f 218 219 391
f 218 391 393
f 396 394 299
f 396 299 297
f 352 350 343
f 352 343 341
f 207 208 413
f 207 413 416
f 382 380 313
f 382 313 311
f 225 226 377
f 225 377 379
f 211 212 405
f 211 405 407
f 412 410 283
f 412 283 281
f 368 366 327
f 368 327 325
f 232 233 363
f 232 363 365
f 217 218 393
f 217 393 395
f 398 396 297
f 398 297 295
f 354 352 341
f 354 341 339
f 239 240 349
f 239 349 351
f 384 382 311
f 384 311 309
f 224 225 379
f 224 379 381
f 210 211 407
f 210 407 409
f 414 412 281
f 414 281 279
f 370 368 325
f 370 325 323
f 231 232 365
f 231 365 367
f 216 217 395
f 216 395 397
f 400 398 295
f 400 295 293
f 356 354 339
f 356 339 337
f 238 239 351
f 238 351 353
f 386 384 309
f 386 309 307
f 223 224 381
f 223 381 383
f 209 210 409
f 209 409 411
f 415 414 279
f 415 279 278
f 372 370 323
f 372 323 321
f 230 231 367
f 230 367 369
f 215 216 397
f 215 397 399
f 402 400 293
f 402 293 291
f 226 225 207
f 207 241 240
f 240 239 238
f 238 237 236
f 236 235 234
f 234 233 232
f 232 231 230
f 232 230 229
f 236 234 232
f 240 238 236
f 226 207 240
f 227 226 240
f 240 236 232
f 232 229 228
f 228 227 240
f 240 232 228
f 211 210 224
f 211 224 223
f 213 212 211
f 215 214 213
f 217 216 215
f 219 218 217
f 220 219 217
f 217 215 213
f 213 211 223
f 213 223 222
f 220 217 213
f 213 222 221
f 221 220 213
f 201 202 420
f 201 420 417
f 205 206 428
f 205 428 425
f 203 204 424
f 203 424 422
f 202 203 422
f 202 422 420
f 206 201 417
f 206 417 428
f 209 208 419
f 209 419 421
f 171 170 246
f 171 246 247
f 188 187 263
f 188 263 264
f 178 177 253
f 178 253 254
f 195 194 270
f 195 270 271
f 185 184 260
f 185 260 261
f 168 167 243
f 168 243 244
f 207 225 427
f 207 427 418
f 175 174 250
f 175 250 251
f 192 191 267
f 192 267 268
f 182 181 257
f 182 257 258
f 199 198 274
f 199 274 275
f 210 209 421
f 210 421 423
f 189 188 264
f 189 264 265
f 172 171 247
f 172 247 248
f 196 195 271
f 196 271 272
f 179 178 254
f 179 254 255
f 169 168 244
f 169 244 245
f 186 185 261
f 186 261 262
f 225 224 426
f 225 426 427
f 176 175 251
f 176 251 252
f 193 192 268
f 193 268 269
f 200 199 275
f 200 275 276
f 183 182 258
f 183 258 259
f 224 210 423
f 224 423 426
f 173 172 248
f 173 248 249
f 190 189 265
f 190 265 266
f 180 179 255
f 180 255 256
f 197 196 272
f 197 272 273
f 187 186 262
f 187 262 263
f 170 169 245
f 170 245 246
f 177 176 252
f 177 252 253
f 194 193 269
f 194 269 270
f 166 200 276
f 166 276 242
f 167 166 242
f 167 242 243
f 184 183 259
f 184 259 260
f 174 173 249
f 174 249 250
f 191 190 266
f 191 266 267
f 198 197 273
f 198 273 274
f 181 180 256
f 181 256 257
f 408 406 287
f 408 287 285
f 213 214 401
f 213 401 403
f 227 228 373
f 227 373 375
f 378 376 317
f 378 317 315
f 350 348 345
f 350 345 343
f 220 221 387
f 220 387 389
f 392 390 303
f 392 303 301
f 235 236 357
f 235 357 359
f 362 360 333
f 362 333 331
f 251 250 294
f 251 294 296
f 406 404 289
f 406 289 287
f 228 229 371
f 228 371 373
f 376 374 319
f 376 319 317
f 242 276 346
f 242 346 277
f 390 388 305
f 390 305 303
f 221 222 385
f 221 385 387
f 236 237 355
f 236 355 357
f 360 358 335
f 360 335 333
f 404 402 291
f 404 291 289
f 214 215 399
f 214 399 401
f 229 230 369
f 229 369 371
f 374 372 321
f 374 321 319
f 208 209 411
f 208 411 413
f 388 386 307
f 388 307 305
f 222 223 383
f 222 383 385
f 237 238 353
f 237 353 355
f 358 356 337
f 358 337 335
f 345 278 277
f 345 277 346
f 343 345 346
f 343 346 344
f 341 343 344
f 341 344 342
f 339 341 342
f 339 342 340
f 337 339 340
f 337 340 338
f 335 337 338
f 335 338 336
f 333 335 336
f 333 336 334
f 331 333 334
f 331 334 332
f 329 331 332
f 329 332 330
f 327 329 330
f 327 330 328
f 325 327 328
f 325 328 326
f 323 325 326
f 323 326 324
f 321 323 324
f 321 324 322
f 319 321 322
f 319 322 320
f 317 319 320
f 317 320 318
f 315 317 318
f 315 318 316
f 313 315 316
f 313 316 314
f 311 313 314
f 311 314 312
f 309 311 312
f 309 312 310
f 307 309 310
f 307 310 308
f 305 307 308
f 305 308 306
f 303 305 306
f 303 306 304
f 301 303 304
f 301 304 302
f 299 301 302
f 299 302 300
f 297 299 300
f 297 300 298
f 295 297 298
f 295 298 296
f 293 295 296
f 293 296 294
f 291 293 294
f 291 294 292
f 289 291 292
f 289 292 290
f 287 289 290
f 287 290 288
f 285 287 288
f 285 288 286
f 283 285 286
f 283 286 284
f 281 283 284
f 281 284 282
f 279 281 282
f 279 282 280
f 278 279 280
f 278 280 277
f 347 416 415
f 347 415 348
f 349 347 348
f 349 348 350
f 351 349 350
f 351 350 352
f 353 351 352
f 353 352 354
f 355 353 354
f 355 354 356
f 357 355 356
f 357 356 358
f 359 357 358
f 359 358 360
f 361 359 360
f 361 360 362
f 363 361 362
f 363 362 364
f 365 363 364
f 365 364 366
f 367 365 366
f 367 366 368
f 369 367 368
f 369 368 370
f 371 369 370
f 371 370 372
f 373 371 372
f 373 372 374
f 375 373 374
f 375 374 376
f 377 375 376
f 377 376 378
f 379 377 378
f 379 378 380
f 381 379 380
f 381 380 382
f 383 381 382
f 383 382 384
f 385 383 384
f 385 384 386
f 387 385 386
f 387 386 388
f 389 387 388
f 389 388 390
f 391 389 390
f 391 390 392
f 393 391 392
f 393 392 394
f 395 393 394
f 395 394 396
f 397 395 396
f 397 396 398
f 399 397 398
f 399 398 400
f 401 399 400
f 401 400 402
f 403 401 402
f 403 402 404
f 405 403 404
f 405 404 406
f 407 405 406
f 407 406 408
f 409 407 408
f 409 408 410
f 411 409 410
f 411 410 412
f 413 411 412
f 413 412 414
f 416 413 414
f 416 414 415
f 348 415 278
f 348 278 345
f 417 420 419
f 417 419 418
f 420 422 421
f 420 421 419
f 422 424 423
f 422 423 421
f 425 428 427
f 425 427 426
f 418 427 428
f 418 428 417
f 424 425 426
f 424 426 423
f 208 207 418
f 208 418 419
f 436 433 449
f 436 449 456
f 440 439 445
f 440 445 447
f 439 438 443
f 439 443 445
f 453 455 448
f 453 448 446
f 435 436 456
f 435 456 454
f 437 440 447
f 437 447 442
f 451 453 446
f 451 446 444
f 433 436 435
f 433 435 434
f 434 435 454
f 434 454 452
f 431 430 438
f 431 438 439
f 432 431 439
f 432 439 440
f 430 429 437
f 430 437 438
f 429 432 440
f 429 440 437
f 433 434 452
f 433 452 449
f 455 450 441
f 455 441 448
f 450 451 444
f 450 444 441
f 438 437 442
f 438 442 443
f 441 444 443
f 441 443 442
f 444 446 445
f 444 445 443
f 446 448 447
f 446 447 445
f 448 441 442
f 448 442 447
f 449 452 451
f 449 451 450
f 452 454 453
f 452 453 451
f 454 456 455
f 454 455 453
f 456 449 450
f 456 450 455
f 609 608 525
f 609 525 524
f 502 501 523
f 502 523 526
f 522 521 564
f 522 564 566
f 521 520 562
f 521 562 564
f 520 519 560
f 520 560 562
f 519 518 558
f 519 558 560
f 518 517 556
f 518 556 558
f 517 516 554
f 517 554 556
f 516 515 552
f 516 552 554
f 515 514 550
f 515 550 552
f 514 513 548
f 514 548 550
f 513 512 546
f 513 546 548
f 512 511 544
f 512 544 546
f 511 510 542
f 511 542 544
f 510 509 540
f 510 540 542
f 509 508 538
f 509 538 540
f 508 507 536
f 508 536 538
f 507 506 534
f 507 534 536
f 506 505 532
f 506 532 534
f 505 504 530
f 505 530 532
f 504 503 528
f 504 528 530
f 503 502 526
f 503 526 528
f 480 479 500
f 500 499 498
f 498 497 496
f 496 495 494
f 494 493 492
f 492 491 490
f 492 490 489
f 496 494 492
f 500 498 496
f 481 480 500
f 482 481 500
f 496 492 489
f 496 489 488
f 483 482 500
f 484 483 500
f 496 488 487
f 496 487 486
f 484 500 496
f 496 486 485
f 496 485 484
f 576 574 559
f 576 559 557
f 490 491 585
f 490 585 587
f 483 484 599
f 483 599 601
f 590 588 545
f 590 545 543
f 500 479 610
f 500 610 567
f 604 602 531
f 604 531 529
f 493 494 579
f 493 579 581
f 584 582 551
f 584 551 549
f 486 487 593
f 486 593 595
f 479 480 607
f 479 607 610
f 598 596 537
f 598 537 535
f 496 497 573
f 496 573 575
f 489 490 587
f 489 587 589
f 578 576 557
f 578 557 555
f 482 483 601
f 482 601 603
f 592 590 543
f 592 543 541
f 606 604 529
f 606 529 527
f 572 570 563
f 572 563 561
f 492 493 581
f 492 581 583
f 485 486 595
f 485 595 597
f 586 584 549
f 586 549 547
f 462 461 505
f 462 505 506
f 473 472 516
f 473 516 517
f 460 459 503
f 460 503 504
f 471 470 514
f 471 514 515
f 458 457 501
f 458 501 502
f 469 468 512
f 469 512 513
f 478 477 521
f 478 521 522
f 467 466 510
f 467 510 511
f 476 475 519
f 476 519 520
f 465 464 508
f 465 508 509
f 474 473 517
f 474 517 518
f 463 462 506
f 463 506 507
f 461 460 504
f 461 504 505
f 472 471 515
f 472 515 516
f 459 458 502
f 459 502 503
f 470 469 513
f 470 513 514
f 457 478 522
f 457 522 501
f 468 467 511
f 468 511 512
f 477 476 520
f 477 520 521
f 466 465 509
f 466 509 510
f 475 474 518
f 475 518 519
f 464 463 507
f 464 507 508
f 497 498 571
f 497 571 573
f 596 594 539
f 596 539 537
f 480 481 605
f 480 605 607
f 582 580 553
f 582 553 551
f 487 488 591
f 487 591 593
f 494 495 577
f 494 577 579
f 570 568 565
f 570 565 563
f 602 600 533
f 602 533 531
f 484 485 597
f 484 597 599
f 588 586 547
f 588 547 545
f 491 492 583
f 491 583 585
f 608 606 527
f 608 527 525
f 574 572 561
f 574 561 559
f 498 499 569
f 498 569 571
f 594 592 541
f 594 541 539
f 481 482 603
f 481 603 605
f 488 489 589
f 488 589 591
f 580 578 555
f 580 555 553
f 495 496 575
f 495 575 577
f 600 598 535
f 600 535 533
f 501 522 566
f 501 566 523
f 565 524 523
f 565 523 566
f 563 565 566
f 563 566 564
f 561 563 564
f 561 564 562
f 559 561 562
f 559 562 560
f 557 559 560
f 557 560 558
f 555 557 558
f 555 558 556
f 553 555 556
f 553 556 554
f 551 553 554
f 551 554 552
f 549 551 552
f 549 552 550
f 547 549 550
f 547 550 548
f 545 547 548
f 545 548 546
f 543 545 546
f 543 546 544
f 541 543 544
f 541 544 542
f 539 541 542
f 539 542 540
f 537 539 540
f 537 540 538
f 535 537 538
f 535 538 536
f 533 535 536
f 533 536 534
f 531 533 534
f 531 534 532
f 529 531 532
f 529 532 530
f 527 529 530
f 527 530 528
f 525 527 528
f 525 528 526
f 524 525 526
f 524 526 523
f 499 500 567
f 499 567 569
f 567 610 609
f 567 609 568
f 569 567 568
f 569 568 570
f 571 569 570
f 571 570 572
f 573 571 572
f 573 572 574
f 575 573 574
f 575 574 576
f 577 575 576
f 577 576 578
f 579 577 578
f 579 578 580
f 581 579 580
f 581 580 582
f 583 581 582
f 583 582 584
f 585 583 584
f 585 584 586
f 587 585 586
f 587 586 588
f 589 587 588
f 589 588 590
f 591 589 590
f 591 590 592
f 593 591 592
f 593 592 594
f 595 593 594
f 595 594 596
f 597 595 596
f 597 596 598
f 599 597 598
f 599 598 600
f 601 599 600
f 601 600 602
f 603 601 602
f 603 602 604
f 605 603 604
f 605 604 606
f 607 605 606
f 607 606 608
f 610 607 608
f 610 608 609
f 568 609 524
f 568 524 565
f 666 669 658
f 666 658 653
f 634 632 654
f 634 654 657
f 633 634 657
f 633 657 655
f 632 633 655
f 632 655 654
f 629 631 670
f 629 670 665
f 669 667 656
f 669 656 658
f 667 666 653
f 667 653 656
f 629 630 650
f 629 650 647
f 621 620 648
f 621 648 649
f 631 630 668
f 631 668 670
f 630 629 665
f 630 665 668
f 620 622 651
f 620 651 648
f 622 621 649
f 622 649 651
f 630 631 652
f 630 652 650
f 631 629 647
f 631 647 652
f 619 617 632
f 619 632 634
f 618 619 634
f 618 634 633
f 617 618 633
f 617 633 632
f 657 654 653
f 657 653 658
f 655 657 658
f 655 658 656
f 654 655 656
f 654 656 653
f 647 650 649
f 647 649 648
f 650 652 651
f 650 651 649
f 652 647 648
f 652 648 651
f 669 666 665
f 669 665 670
f 667 669 670
f 667 670 668
f 666 667 668
f 666 668 665
f 664 659 636
f 664 636 639
f 659 661 638
f 659 638 636
f 615 614 642
f 615 642 643
f 628 626 640
f 628 640 635
f 624 623 663
f 624 663 662
f 627 628 635
f 627 635 637
f 661 664 639
f 661 639 638
f 626 627 637
f 626 637 640
f 623 624 644
f 623 644 641
f 614 616 645
f 614 645 642
f 616 615 643
f 616 643 645
f 624 625 646
f 624 646 644
f 625 623 641
f 625 641 646
f 613 611 626
f 613 626 628
f 612 613 628
f 612 628 627
f 611 612 627
f 611 627 626
f 635 640 639
f 635 639 636
f 637 635 636
f 637 636 638
f 640 637 638
f 640 638 639
f 641 644 643
f 641 643 642
f 644 646 645
f 644 645 643
f 646 641 642
f 646 642 645
f 625 624 662
f 625 662 660
f 659 664 663
f 659 663 660
f 661 659 660
f 661 660 662
f 664 661 662
f 664 662 663
f 623 625 660
f 623 660 663
f 720 696 697
f 697 698 699
f 720 697 699
f 718 719 720
f 716 717 718
f 715 716 718
f 718 720 699
f 718 699 700
f 718 700 701
f 718 701 702
f 715 718 702
f 715 702 703
f 712 713 714
f 715 703 704
f 711 712 714
f 708 709 710
f 710 711 714
f 715 704 705
f 710 714 715
f 707 708 710
f 705 706 707
f 710 715 705
f 705 707 710
f 799 796 747
f 799 747 748
f 815 813 762
f 815 762 764
f 699 698 800
f 699 800 802
f 715 714 832
f 715 832 834
f 801 799 748
f 801 748 750
f 835 833 782
f 835 782 784
f 708 707 818
f 708 818 820
f 701 700 804
f 701 804 806
f 821 819 768
f 821 768 770
f 718 717 838
f 718 838 840
f 841 839 788
f 841 788 790
f 807 805 754
f 807 754 756
f 711 710 824
f 711 824 826
f 704 703 810
f 704 810 812
f 827 825 774
f 827 774 776
f 697 696 797
f 697 797 798
f 813 811 760
f 813 760 762
f 714 713 830
f 714 830 832
f 833 831 780
f 833 780 782
f 796 845 794
f 796 794 747
f 707 706 816
f 707 816 818
f 819 817 766
f 819 766 768
f 700 699 802
f 700 802 804
f 717 716 836
f 717 836 838
f 689 690 740
f 689 740 739
f 678 679 729
f 678 729 728
f 687 688 738
f 687 738 737
f 676 677 727
f 676 727 726
f 674 675 725
f 674 725 724
f 685 686 736
f 685 736 735
f 694 695 745
f 694 745 744
f 672 673 723
f 672 723 722
f 683 684 734
f 683 734 733
f 692 693 743
f 692 743 742
f 681 682 732
f 681 732 731
f 690 691 741
f 690 741 740
f 679 680 730
f 679 730 729
f 688 689 739
f 688 739 738
f 677 678 728
f 677 728 727
f 675 676 726
f 675 726 725
f 686 687 737
f 686 737 736
f 695 671 721
f 695 721 745
f 673 674 724
f 673 724 723
f 684 685 735
f 684 735 734
f 693 694 744
f 693 744 743
f 671 672 722
f 671 722 721
f 682 683 733
f 682 733 732
f 691 692 742
f 691 742 741
f 680 681 731
f 680 731 730
f 745 721 746
f 745 746 795
f 722 723 751
f 722 751 749
f 724 725 755
f 724 755 753
f 702 701 806
f 702 806 808
f 725 726 757
f 725 757 755
f 726 727 759
f 726 759 757
f 728 729 763
f 728 763 761
f 706 705 814
f 706 814 816
f 729 730 765
f 729 765 763
f 731 732 769
f 731 769 767
f 709 708 820
f 709 820 822
f 732 733 771
f 732 771 769
f 733 734 773
f 733 773 771
f 735 736 777
f 735 777 775
f 713 712 828
f 713 828 830
f 736 737 779
f 736 779 777
f 738 739 783
f 738 783 781
f 716 715 834
f 716 834 836
f 739 740 785
f 739 785 783
f 741 742 789
f 741 789 787
f 719 718 840
f 719 840 842
f 742 743 791
f 742 791 789
f 743 744 793
f 743 793 791
f 721 722 749
f 721 749 746
f 829 827 776
f 829 776 778
f 705 704 812
f 705 812 814
f 712 711 826
f 712 826 828
f 809 807 756
f 809 756 758
f 843 841 790
f 843 790 792
f 720 719 842
f 720 842 844
f 703 702 808
f 703 808 810
f 823 821 770
f 823 770 772
f 710 709 822
f 710 822 824
f 803 801 750
f 803 750 752
f 837 835 784
f 837 784 786
f 740 741 787
f 740 787 785
f 817 815 764
f 817 764 766
f 723 724 753
f 723 753 751
f 831 829 778
f 831 778 780
f 730 731 767
f 730 767 765
f 737 738 781
f 737 781 779
f 811 809 758
f 811 758 760
f 845 843 792
f 845 792 794
f 744 745 795
f 744 795 793
f 825 823 772
f 825 772 774
f 727 728 761
f 727 761 759
f 734 735 775
f 734 775 773
f 805 803 752
f 805 752 754
f 839 837 786
f 839 786 788
f 746 749 748
f 746 748 747
f 749 751 750
f 749 750 748
f 751 753 752
f 751 752 750
f 753 755 754
f 753 754 752
f 755 757 756
f 755 756 754
f 757 759 758
f 757 758 756
f 759 761 760
f 759 760 758
f 761 763 762
f 761 762 760
f 763 765 764
f 763 764 762
f 765 767 766
f 765 766 764
f 767 769 768
f 767 768 766
f 769 771 770
f 769 770 768
f 771 773 772
f 771 772 770
f 773 775 774
f 773 774 772
f 775 777 776
f 775 776 774
f 777 779 778
f 777 778 776
f 779 781 780
f 779 780 778
f 781 783 782
f 781 782 780
f 783 785 784
f 783 784 782
f 785 787 786
f 785 786 784
f 787 789 788
f 787 788 786
f 789 791 790
f 789 790 788
f 791 793 792
f 791 792 790
f 793 795 794
f 793 794 792
f 795 746 747
f 795 747 794
f 698 697 798
f 698 798 800
f 796 799 798
f 796 798 797
f 799 801 800
f 799 800 798
f 801 803 802
f 801 802 800
f 803 805 804
f 803 804 802
f 805 807 806
f 805 806 804
f 807 809 808
f 807 808 806
f 809 811 810
f 809 810 808
f 811 813 812
f 811 812 810
f 813 815 814
f 813 814 812
f 815 817 816
f 815 816 814
f 817 819 818
f 817 818 816
f 819 821 820
f 819 820 818
f 821 823 822
f 821 822 820
f 823 825 824
f 823 824 822
f 825 827 826
f 825 826 824
f 827 829 828
f 827 828 826
f 829 831 830
f 829 830 828
f 831 833 832
f 831 832 830
f 833 835 834
f 833 834 832
f 835 837 836
f 835 836 834
f 837 839 838
f 837 838 836
f 839 841 840
f 839 840 838
f 841 843 842
f 841 842 840
f 843 845 844
f 843 844 842
f 845 796 797
f 845 797 844
f 696 720 844
f 696 844 797
f 881 882 938
f 881 938 936
f 908 910 957
f 908 957 959
f 926 928 939
f 926 939 941
f 883 884 942
f 883 942 940
f 885 886 946
f 885 946 944
f 922 924 943
f 922 943 945
f 887 888 950
f 887 950 948
f 918 920 947
f 918 947 949
f 889 890 954
f 889 954 952
f 879 878 909
f 879 909 907
f 928 930 937
f 928 937 939
f 878 877 911
f 878 911 909
f 877 876 913
f 877 913 911
f 876 875 915
f 876 915 913
f 875 874 917
f 875 917 915
f 874 873 919
f 874 919 917
f 873 872 921
f 873 921 919
f 872 871 923
f 872 923 921
f 874 875 876
f 874 876 877
f 871 870 925
f 871 925 923
f 870 869 927
f 870 927 925
f 869 868 929
f 869 929 927
f 868 867 931
f 868 931 929
f 867 866 932
f 867 932 931
f 914 916 951
f 914 951 953
f 891 892 958
f 891 958 956
f 880 881 936
f 880 936 935
f 910 912 955
f 910 955 957
f 933 906 961
f 933 961 934
f 882 883 940
f 882 940 938
f 906 908 959
f 906 959 961
f 884 885 944
f 884 944 942
f 924 926 941
f 924 941 943
f 930 933 934
f 930 934 937
f 886 887 948
f 886 948 946
f 920 922 945
f 920 945 947
f 888 889 952
f 888 952 950
f 916 918 949
f 916 949 951
f 877 878 879
f 877 879 866
f 872 873 871
f 868 869 870
f 870 871 873
f 868 870 873
f 864 863 901
f 864 901 902
f 866 867 897
f 866 897 894
f 865 864 902
f 865 902 904
f 863 862 898
f 863 898 901
f 860 865 904
f 860 904 895
f 855 856 890
f 855 890 889
f 853 854 888
f 853 888 887
f 851 852 886
f 851 886 885
f 862 861 896
f 862 896 898
f 849 850 884
f 849 884 883
f 873 874 903
f 873 903 900
f 847 848 882
f 847 882 881
f 858 859 893
f 858 893 892
f 856 857 891
f 856 891 890
f 877 866 894
f 877 894 905
f 854 855 889
f 854 889 888
f 852 853 887
f 852 887 886
f 868 873 900
f 868 900 899
f 850 851 885
f 850 885 884
f 874 877 905
f 874 905 903
f 848 849 883
f 848 883 882
f 859 846 880
f 859 880 893
f 846 847 881
f 846 881 880
f 857 858 892
f 857 892 891
f 867 868 899
f 867 899 897
f 892 893 960
f 892 960 958
f 912 914 953
f 912 953 955
f 890 891 956
f 890 956 954
f 894 897 896
f 894 896 895
f 897 899 898
f 897 898 896
f 900 903 902
f 900 902 901
f 903 905 904
f 903 904 902
f 905 894 895
f 905 895 904
f 899 900 901
f 899 901 898
f 861 860 895
f 861 895 896
f 906 933 932
f 906 932 907
f 908 906 907
f 908 907 909
f 910 908 909
f 910 909 911
f 912 910 911
f 912 911 913
f 914 912 913
f 914 913 915
f 916 914 915
f 916 915 917
f 918 916 917
f 918 917 919
f 920 918 919
f 920 919 921
f 922 920 921
f 922 921 923
f 924 922 923
f 924 923 925
f 926 924 925
f 926 925 927
f 928 926 927
f 928 927 929
f 930 928 929
f 930 929 931
f 933 930 931
f 933 931 932
f 866 879 907
f 866 907 932
f 960 935 934
f 960 934 961
f 958 960 961
f 958 961 959
f 956 958 959
f 956 959 957
f 954 956 957
f 954 957 955
f 952 954 955
f 952 955 953
f 950 952 953
f 950 953 951
f 948 950 951
f 948 951 949
f 946 948 949
f 946 949 947
f 944 946 947
f 944 947 945
f 942 944 945
f 942 945 943
f 940 942 943
f 940 943 941
f 938 940 941
f 938 941 939
f 936 938 939
f 936 939 937
f 935 936 937
f 935 937 934
f 893 880 935
f 893 935 960
f 985 986 1074
f 985 1074 1076
f 999 998 1016
f 999 1016 1019
f 1015 1014 1049
f 1015 1049 1051
f 1014 1013 1047
f 1014 1047 1049
f 1013 1012 1045
f 1013 1045 1047
f 1012 1011 1043
f 1012 1043 1045
f 1011 1010 1041
f 1011 1041 1043
f 1010 1009 1039
f 1010 1039 1041
f 1009 1008 1037
f 1009 1037 1039
f 1008 1007 1035
f 1008 1035 1037
f 1007 1006 1033
f 1007 1033 1035
f 1006 1005 1031
f 1006 1031 1033
f 1005 1004 1029
f 1005 1029 1031
f 1004 1003 1027
f 1004 1027 1029
f 1003 1002 1025
f 1003 1025 1027
f 1002 1001 1023
f 1002 1023 1025
f 1001 1000 1021
f 1001 1021 1023
f 998 1015 1051
f 998 1051 1016
f 981 980 997
f 981 997 996
f 983 982 981
f 985 984 983
f 987 986 985
f 990 989 988
f 987 985 983
f 990 988 987
f 993 992 991
f 991 990 987
f 983 981 996
f 983 996 995
f 991 987 983
f 993 991 983
f 983 995 994
f 994 993 983
f 1073 1071 1032
f 1073 1032 1030
f 1055 1053 1050
f 1055 1050 1048
f 1086 1085 1018
f 1086 1018 1017
f 995 996 1054
f 995 1054 1056
f 988 989 1068
f 988 1068 1070
f 1067 1065 1038
f 1067 1038 1036
f 981 982 1082
f 981 1082 1084
f 1081 1079 1024
f 1081 1024 1022
f 991 992 1062
f 991 1062 1064
f 1061 1059 1044
f 1061 1044 1042
f 1075 1073 1030
f 1075 1030 1028
f 984 985 1076
f 984 1076 1078
f 994 995 1056
f 994 1056 1058
f 997 980 1087
f 997 1087 1052
f 987 988 1070
f 987 1070 1072
f 1069 1067 1036
f 1069 1036 1034
f 980 981 1084
f 980 1084 1087
f 1083 1081 1022
f 1083 1022 1020
f 963 962 998
f 963 998 999
f 974 973 1009
f 974 1009 1010
f 972 971 1007
f 972 1007 1008
f 970 969 1005
f 970 1005 1006
f 979 978 1014
f 979 1014 1015
f 968 967 1003
f 968 1003 1004
f 966 965 1001
f 966 1001 1002
f 977 976 1012
f 977 1012 1013
f 964 963 999
f 964 999 1000
f 975 974 1010
f 975 1010 1011
f 973 972 1008
f 973 1008 1009
f 971 970 1006
f 971 1006 1007
f 962 979 1015
f 962 1015 998
f 969 968 1004
f 969 1004 1005
f 967 966 1002
f 967 1002 1003
f 978 977 1013
f 978 1013 1014
f 965 964 1000
f 965 1000 1001
f 976 975 1011
f 976 1011 1012
f 1059 1057 1046
f 1059 1046 1044
f 992 993 1060
f 992 1060 1062
f 982 983 1080
f 982 1080 1082
f 1079 1077 1026
f 1079 1026 1024
f 1065 1063 1040
f 1065 1040 1038
f 989 990 1066
f 989 1066 1068
f 1000 999 1019
f 1000 1019 1021
f 1085 1083 1020
f 1085 1020 1018
f 986 987 1072
f 986 1072 1074
f 1071 1069 1034
f 1071 1034 1032
f 993 994 1058
f 993 1058 1060
f 1057 1055 1048
f 1057 1048 1046
f 1077 1075 1028
f 1077 1028 1026
f 983 984 1078
f 983 1078 1080
f 1063 1061 1042
f 1063 1042 1040
f 990 991 1064
f 990 1064 1066
f 1050 1017 1016
f 1050 1016 1051
f 1048 1050 1051
f 1048 1051 1049
f 1046 1048 1049
f 1046 1049 1047
f 1044 1046 1047
f 1044 1047 1045
f 1042 1044 1045
f 1042 1045 1043
f 1040 1042 1043
f 1040 1043 1041
f 1038 1040 1041
f 1038 1041 1039
f 1036 1038 1039
f 1036 1039 1037
f 1034 1036 1037
f 1034 1037 1035
f 1032 1034 1035
f 1032 1035 1033
f 1030 1032 1033
f 1030 1033 1031
f 1028 1030 1031
f 1028 1031 1029
f 1026 1028 1029
f 1026 1029 1027
f 1024 1026 1027
f 1024 1027 1025
f 1022 1024 1025
f 1022 1025 1023
f 1020 1022 1023
f 1020 1023 1021
f 1018 1020 1021
f 1018 1021 1019
f 1017 1018 1019
f 1017 1019 1016
f 996 997 1052
f 996 1052 1054
f 1052 1087 1086
f 1052 1086 1053
f 1054 1052 1053
f 1054 1053 1055
f 1056 1054 1055
f 1056 1055 1057
f 1058 1056 1057
f 1058 1057 1059
f 1060 1058 1059
f 1060 1059 1061
f 1062 1060 1061
f 1062 1061 1063
f 1064 1062 1063
f 1064 1063 1065
f 1066 1064 1065
f 1066 1065 1067
f 1068 1066 1067
f 1068 1067 1069
f 1070 1068 1069
f 1070 1069 1071
f 1072 1070 1071
f 1072 1071 1073
f 1074 1072 1073
f 1074 1073 1075
f 1076 1074 1075
f 1076 1075 1077
f 1078 1076 1077
f 1078 1077 1079
f 1080 1078 1079
f 1080 1079 1081
f 1082 1080 1081
f 1082 1081 1083
f 1084 1082 1083
f 1084 1083 1085
f 1087 1084 1085
f 1087 1085 1086
f 1053 1086 1017
f 1053 1017 1050
f 1150 1149 1171
f 1170 1169 1168
f 1150 1171 1170
f 1151 1150 1170
f 1170 1168 1167
f 1166 1165 1164
f 1170 1167 1166
f 1157 1156 1155
f 1159 1158 1157
f 1161 1160 1159
f 1164 1163 1162
f 1162 1161 1159
f 1159 1157 1155
f 1159 1155 1154
f 1164 1162 1159
f 1151 1170 1166
f 1166 1164 1159
f 1159 1154 1153
f 1152 1151 1166
f 1159 1153 1152
f 1166 1159 1152
f 1427 1429 1308
f 1427 1308 1306
f 1212 1211 1273
f 1212 1273 1275
f 1399 1401 1280
f 1399 1280 1278
f 1158 1159 1414
f 1158 1414 1412
f 1425 1427 1306
f 1425 1306 1304
f 1397 1399 1278
f 1397 1278 1276
f 1157 1158 1412
f 1157 1412 1410
f 1423 1425 1304
f 1423 1304 1302
f 1170 1171 1438
f 1170 1438 1436
f 1395 1397 1276
f 1395 1276 1274
f 1156 1157 1410
f 1156 1410 1408
f 1421 1423 1302
f 1421 1302 1300
f 1169 1170 1436
f 1169 1436 1434
f 1394 1395 1274
f 1394 1274 1271
f 1155 1156 1408
f 1155 1408 1406
f 1419 1421 1300
f 1419 1300 1298
f 1168 1169 1434
f 1168 1434 1432
f 1154 1155 1406
f 1154 1406 1404
f 1417 1419 1298
f 1417 1298 1296
f 1167 1168 1432
f 1167 1432 1430
f 1153 1154 1404
f 1153 1404 1402
f 1415 1417 1296
f 1415 1296 1294
f 1429 1431 1310
f 1429 1310 1308
f 1097 1096 1218
f 1097 1218 1219
f 1088 1110 1232
f 1088 1232 1210
f 1090 1089 1211
f 1090 1211 1212
f 1105 1104 1226
f 1105 1226 1227
f 1098 1097 1219
f 1098 1219 1220
f 1091 1090 1212
f 1091 1212 1213
f 1106 1105 1227
f 1106 1227 1228
f 1099 1098 1220
f 1099 1220 1221
f 1092 1091 1213
f 1092 1213 1214
f 1107 1106 1228
f 1107 1228 1229
f 1100 1099 1221
f 1100 1221 1222
f 1093 1092 1214
f 1093 1214 1215
f 1108 1107 1229
f 1108 1229 1230
f 1101 1100 1222
f 1101 1222 1223
f 1094 1093 1215
f 1094 1215 1216
f 1109 1108 1230
f 1109 1230 1231
f 1102 1101 1223
f 1102 1223 1224
f 1095 1094 1216
f 1095 1216 1217
f 1110 1109 1231
f 1110 1231 1232
f 1103 1102 1224
f 1103 1224 1225
f 1096 1095 1217
f 1096 1217 1218
f 1089 1088 1210
f 1089 1210 1211
f 1104 1103 1225
f 1104 1225 1226
f 1210 1232 1315
f 1210 1315 1272
f 1213 1212 1275
f 1213 1275 1277
f 1214 1213 1277
f 1214 1277 1279
f 1215 1214 1279
f 1215 1279 1281
f 1216 1215 1281
f 1216 1281 1283
f 1217 1216 1283
f 1217 1283 1285
f 1218 1217 1285
f 1218 1285 1287
f 1219 1218 1287
f 1219 1287 1289
f 1220 1219 1289
f 1220 1289 1291
f 1221 1220 1291
f 1221 1291 1293
f 1222 1221 1293
f 1222 1293 1295
f 1223 1222 1295
f 1223 1295 1297
f 1224 1223 1297
f 1224 1297 1299
f 1225 1224 1299
f 1225 1299 1301
f 1226 1225 1301
f 1226 1301 1303
f 1227 1226 1303
f 1227 1303 1305
f 1228 1227 1305
f 1228 1305 1307
f 1229 1228 1307
f 1229 1307 1309
f 1230 1229 1309
f 1230 1309 1311
f 1231 1230 1311
f 1231 1311 1313
f 1232 1231 1313
f 1232 1313 1315
f 1171 1149 1393
f 1171 1393 1438
f 1403 1405 1284
f 1403 1284 1282
f 1159 1160 1416
f 1159 1416 1414
f 1431 1433 1312
f 1431 1312 1310
f 1161 1162 1420
f 1161 1420 1418
f 1405 1407 1286
f 1405 1286 1284
f 1433 1435 1314
f 1433 1314 1312
f 1162 1163 1422
f 1162 1422 1420
f 1407 1409 1288
f 1407 1288 1286
f 1435 1437 1316
f 1435 1316 1314
f 1163 1164 1424
f 1163 1424 1422
f 1409 1411 1290
f 1409 1290 1288
f 1150 1151 1398
f 1150 1398 1396
f 1164 1165 1426
f 1164 1426 1424
f 1411 1413 1292
f 1411 1292 1290
f 1151 1152 1400
f 1151 1400 1398
f 1165 1166 1428
f 1165 1428 1426
f 1413 1415 1294
f 1413 1294 1292
f 1152 1153 1402
f 1152 1402 1400
f 1437 1394 1271
f 1437 1271 1316
f 1166 1167 1430
f 1166 1430 1428
f 1160 1161 1418
f 1160 1418 1416
f 1401 1403 1282
f 1401 1282 1280
f 1271 1274 1273
f 1271 1273 1272
f 1274 1276 1275
f 1274 1275 1273
f 1276 1278 1277
f 1276 1277 1275
f 1278 1280 1279
f 1278 1279 1277
f 1280 1282 1281
f 1280 1281 1279
f 1282 1284 1283
f 1282 1283 1281
f 1284 1286 1285
f 1284 1285 1283
f 1286 1288 1287
f 1286 1287 1285
f 1288 1290 1289
f 1288 1289 1287
f 1290 1292 1291
f 1290 1291 1289
f 1292 1294 1293
f 1292 1293 1291
f 1294 1296 1295
f 1294 1295 1293
f 1296 1298 1297
f 1296 1297 1295
f 1298 1300 1299
f 1298 1299 1297
f 1300 1302 1301
f 1300 1301 1299
f 1302 1304 1303
f 1302 1303 1301
f 1304 1306 1305
f 1304 1305 1303
f 1306 1308 1307
f 1306 1307 1305
f 1308 1310 1309
f 1308 1309 1307
f 1310 1312 1311
f 1310 1311 1309
f 1312 1314 1313
f 1312 1313 1311
f 1314 1316 1315
f 1314 1315 1313
f 1316 1271 1272
f 1316 1272 1315
f 1211 1210 1272
f 1211 1272 1273
f 1393 1396 1395
f 1393 1395 1394
f 1396 1398 1397
f 1396 1397 1395
f 1398 1400 1399
f 1398 1399 1397
f 1400 1402 1401
f 1400 1401 1399
f 1402 1404 1403
f 1402 1403 1401
f 1404 1406 1405
f 1404 1405 1403
f 1406 1408 1407
f 1406 1407 1405
f 1408 1410 1409
f 1408 1409 1407
f 1410 1412 1411
f 1410 1411 1409
f 1412 1414 1413
f 1412 1413 1411
f 1414 1416 1415
f 1414 1415 1413
f 1416 1418 1417
f 1416 1417 1415
f 1418 1420 1419
f 1418 1419 1417
f 1420 1422 1421
f 1420 1421 1419
f 1422 1424 1423
f 1422 1423 1421
f 1424 1426 1425
f 1424 1425 1423
f 1426 1428 1427
f 1426 1427 1425
f 1428 1430 1429
f 1428 1429 1427
f 1430 1432 1431
f 1430 1431 1429
f 1432 1434 1433
f 1432 1433 1431
f 1434 1436 1435
f 1434 1435 1433
f 1436 1438 1437
f 1436 1437 1435
f 1438 1393 1394
f 1438 1394 1437
f 1149 1150 1396
f 1149 1396 1393
f 1179 1172 1173
f 1173 1174 1175
f 1175 1176 1177
f 1177 1178 1179
f 1179 1173 1175
f 1175 1177 1179
f 1174 1173 1441
f 1174 1441 1443
f 1454 1452 1329
f 1454 1329 1331
f 1452 1450 1327
f 1452 1327 1329
f 1450 1448 1325
f 1450 1325 1327
f 1448 1446 1323
f 1448 1323 1325
f 1446 1444 1321
f 1446 1321 1323
f 1172 1179 1453
f 1172 1453 1440
f 1118 1111 1233
f 1118 1233 1240
f 1112 1113 1235
f 1112 1235 1234
f 1113 1114 1236
f 1113 1236 1235
f 1114 1115 1237
f 1114 1237 1236
f 1115 1116 1238
f 1115 1238 1237
f 1116 1117 1239
f 1116 1239 1238
f 1117 1118 1240
f 1117 1240 1239
f 1111 1112 1234
f 1111 1234 1233
f 1233 1234 1320
f 1233 1320 1317
f 1240 1233 1317
f 1240 1317 1332
f 1176 1175 1445
f 1176 1445 1447
f 1235 1236 1324
f 1235 1324 1322
f 1236 1237 1326
f 1236 1326 1324
f 1237 1238 1328
f 1237 1328 1326
f 1238 1239 1330
f 1238 1330 1328
f 1239 1240 1332
f 1239 1332 1330
f 1234 1235 1322
f 1234 1322 1320
f 1442 1439 1318
f 1442 1318 1319
f 1175 1174 1443
f 1175 1443 1445
f 1177 1176 1447
f 1177 1447 1449
f 1178 1177 1449
f 1178 1449 1451
f 1179 1178 1451
f 1179 1451 1453
f 1173 1172 1440
f 1173 1440 1441
f 1439 1454 1331
f 1439 1331 1318
f 1444 1442 1319
f 1444 1319 1321
f 1317 1320 1319
f 1317 1319 1318
f 1320 1322 1321
f 1320 1321 1319
f 1322 1324 1323
f 1322 1323 1321
f 1324 1326 1325
f 1324 1325 1323
f 1326 1328 1327
f 1326 1327 1325
f 1328 1330 1329
f 1328 1329 1327
f 1330 1332 1331
f 1330 1331 1329
f 1332 1317 1318
f 1332 1318 1331
f 1439 1442 1441
f 1439 1441 1440
f 1442 1444 1443
f 1442 1443 1441
f 1444 1446 1445
f 1444 1445 1443
f 1446 1448 1447
f 1446 1447 1445
f 1448 1450 1449
f 1448 1449 1447
f 1450 1452 1451
f 1450 1451 1449
f 1452 1454 1453
f 1452 1453 1451
f 1454 1439 1440
f 1454 1440 1453
f 1181 1180 1209
f 1209 1208 1207
f 1206 1205 1204
f 1209 1207 1206
f 1182 1181 1209
f 1185 1184 1183
f 1183 1182 1209
f 1209 1206 1204
f 1209 1204 1203
f 1185 1183 1209
f 1187 1186 1185
f 1189 1188 1187
f 1192 1191 1190
f 1189 1187 1185
f 1193 1192 1190
f 1197 1196 1195
f 1199 1198 1197
f 1199 1197 1195
f 1199 1195 1194
f 1200 1199 1194
f 1209 1203 1202
f 1185 1209 1202
f 1185 1202 1201
f 1185 1201 1200
f 1185 1200 1194
f 1185 1194 1193
f 1189 1185 1193
f 1193 1190 1189
f 1483 1485 1364
f 1483 1364 1362
f 1199 1200 1496
f 1199 1496 1494
f 1507 1509 1388
f 1507 1388 1386
f 1513 1456 1333
f 1513 1333 1392
f 1185 1186 1468
f 1185 1468 1466
f 1479 1481 1360
f 1479 1360 1358
f 1198 1199 1494
f 1198 1494 1492
f 1505 1507 1386
f 1505 1386 1384
f 1184 1185 1466
f 1184 1466 1464
f 1477 1479 1358
f 1477 1358 1356
f 1197 1198 1492
f 1197 1492 1490
f 1503 1505 1384
f 1503 1384 1382
f 1183 1184 1464
f 1183 1464 1462
f 1196 1197 1490
f 1196 1490 1488
f 1475 1477 1356
f 1475 1356 1354
f 1501 1503 1382
f 1501 1382 1380
f 1242 1241 1334
f 1242 1334 1335
f 1182 1183 1462
f 1182 1462 1460
f 1473 1475 1354
f 1473 1354 1352
f 1195 1196 1488
f 1195 1488 1486
f 1499 1501 1380
f 1499 1380 1378
f 1208 1209 1514
f 1208 1514 1512
f 1181 1182 1460
f 1181 1460 1458
f 1471 1473 1352
f 1471 1352 1350
f 1194 1195 1486
f 1194 1486 1484
f 1497 1499 1378
f 1497 1378 1376
f 1207 1208 1512
f 1207 1512 1510
f 1469 1471 1350
f 1469 1350 1348
f 1193 1194 1484
f 1193 1484 1482
f 1495 1497 1376
f 1495 1376 1374
f 1509 1511 1390
f 1509 1390 1388
f 1120 1119 1241
f 1120 1241 1242
f 1134 1133 1255
f 1134 1255 1256
f 1119 1148 1270
f 1119 1270 1241
f 1127 1126 1248
f 1127 1248 1249
f 1142 1141 1263
f 1142 1263 1264
f 1135 1134 1256
f 1135 1256 1257
f 1128 1127 1249
f 1128 1249 1250
f 1143 1142 1264
f 1143 1264 1265
f 1121 1120 1242
f 1121 1242 1243
f 1136 1135 1257
f 1136 1257 1258
f 1129 1128 1250
f 1129 1250 1251
f 1144 1143 1265
f 1144 1265 1266
f 1122 1121 1243
f 1122 1243 1244
f 1137 1136 1258
f 1137 1258 1259
f 1130 1129 1251
f 1130 1251 1252
f 1145 1144 1266
f 1145 1266 1267
f 1123 1122 1244
f 1123 1244 1245
f 1138 1137 1259
f 1138 1259 1260
f 1131 1130 1252
f 1131 1252 1253
f 1146 1145 1267
f 1146 1267 1268
f 1124 1123 1245
f 1124 1245 1246
f 1139 1138 1260
f 1139 1260 1261
f 1132 1131 1253
f 1132 1253 1254
f 1147 1146 1268
f 1147 1268 1269
f 1125 1124 1246
f 1125 1246 1247
f 1140 1139 1261
f 1140 1261 1262
f 1133 1132 1254
f 1133 1254 1255
f 1148 1147 1269
f 1148 1269 1270
f 1126 1125 1247
f 1126 1247 1248
f 1141 1140 1262
f 1141 1262 1263
f 1243 1242 1335
f 1243 1335 1337
f 1244 1243 1337
f 1244 1337 1339
f 1245 1244 1339
f 1245 1339 1341
f 1246 1245 1341
f 1246 1341 1343
f 1247 1246 1343
f 1247 1343 1345
f 1248 1247 1345
f 1248 1345 1347
f 1249 1248 1347
f 1249 1347 1349
f 1250 1249 1349
f 1250 1349 1351
f 1251 1250 1351
f 1251 1351 1353
f 1252 1251 1353
f 1252 1353 1355
f 1253 1252 1355
f 1253 1355 1357
f 1254 1253 1357
f 1254 1357 1359
f 1255 1254 1359
f 1255 1359 1361
f 1256 1255 1361
f 1256 1361 1363
f 1257 1256 1363
f 1257 1363 1365
f 1258 1257 1365
f 1258 1365 1367
f 1259 1258 1367
f 1259 1367 1369
f 1260 1259 1369
f 1260 1369 1371
f 1261 1260 1371
f 1261 1371 1373
f 1262 1261 1373
f 1262 1373 1375
f 1263 1262 1375
f 1263 1375 1377
f 1264 1263 1377
f 1264 1377 1379
f 1265 1264 1379
f 1265 1379 1381
f 1266 1265 1381
f 1266 1381 1383
f 1267 1266 1383
f 1267 1383 1385
f 1268 1267 1385
f 1268 1385 1387
f 1269 1268 1387
f 1269 1387 1389
f 1270 1269 1389
f 1270 1389 1391
f 1209 1180 1455
f 1209 1455 1514
f 1186 1187 1470
f 1186 1470 1468
f 1511 1513 1392
f 1511 1392 1390
f 1201 1202 1500
f 1201 1500 1498
f 1485 1487 1366
f 1485 1366 1364
f 1188 1189 1474
f 1188 1474 1472
f 1459 1461 1340
f 1459 1340 1338
f 1202 1203 1502
f 1202 1502 1500
f 1487 1489 1368
f 1487 1368 1366
f 1189 1190 1476
f 1189 1476 1474
f 1461 1463 1342
f 1461 1342 1340
f 1180 1181 1458
f 1180 1458 1455
f 1203 1204 1504
f 1203 1504 1502
f 1489 1491 1370
f 1489 1370 1368
f 1190 1191 1478
f 1190 1478 1476
f 1463 1465 1344
f 1463 1344 1342
f 1204 1205 1506
f 1204 1506 1504
f 1491 1493 1372
f 1491 1372 1370
f 1191 1192 1480
f 1191 1480 1478
f 1465 1467 1346
f 1465 1346 1344
f 1456 1457 1336
f 1456 1336 1333
f 1205 1206 1508
f 1205 1508 1506
f 1493 1495 1374
f 1493 1374 1372
f 1192 1193 1482
f 1192 1482 1480
f 1467 1469 1348
f 1467 1348 1346
f 1241 1270 1391
f 1241 1391 1334
f 1206 1207 1510
f 1206 1510 1508
f 1200 1201 1498
f 1200 1498 1496
f 1481 1483 1362
f 1481 1362 1360
f 1187 1188 1472
f 1187 1472 1470
f 1457 1459 1338
f 1457 1338 1336
f 1333 1336 1335
f 1333 1335 1334
f 1336 1338 1337
f 1336 1337 1335
f 1338 1340 1339
f 1338 1339 1337
f 1340 1342 1341
f 1340 1341 1339
f 1342 1344 1343
f 1342 1343 1341
f 1344 1346 1345
f 1344 1345 1343
f 1346 1348 1347
f 1346 1347 1345
f 1348 1350 1349
f 1348 1349 1347
f 1350 1352 1351
f 1350 1351 1349
f 1352 1354 1353
f 1352 1353 1351
f 1354 1356 1355
f 1354 1355 1353
f 1356 1358 1357
f 1356 1357 1355
f 1358 1360 1359
f 1358 1359 1357
f 1360 1362 1361
f 1360 1361 1359
f 1362 1364 1363
f 1362 1363 1361
f 1364 1366 1365
f 1364 1365 1363
f 1366 1368 1367
f 1366 1367 1365
f 1368 1370 1369
f 1368 1369 1367
f 1370 1372 1371
f 1370 1371 1369
f 1372 1374 1373
f 1372 1373 1371
f 1374 1376 1375
f 1374 1375 1373
f 1376 1378 1377
f 1376 1377 1375
f 1378 1380 1379
f 1378 1379 1377
f 1380 1382 1381
f 1380 1381 1379
f 1382 1384 1383
f 1382 1383 1381
f 1384 1386 1385
f 1384 1385 1383
f 1386 1388 1387
f 1386 1387 1385
f 1388 1390 1389
f 1388 1389 1387
f 1390 1392 1391
f 1390 1391 1389
f 1392 1333 1334
f 1392 1334 1391
f 1455 1458 1457
f 1455 1457 1456
f 1458 1460 1459
f 1458 1459 1457
f 1460 1462 1461
f 1460 1461 1459
f 1462 1464 1463
f 1462 1463 1461
f 1464 1466 1465
f 1464 1465 1463
f 1466 1468 1467
f 1466 1467 1465
f 1468 1470 1469
f 1468 1469 1467
f 1470 1472 1471
f 1470 1471 1469
f 1472 1474 1473
f 1472 1473 1471
f 1476 1475 1473
f 1476 1478 1477
f 1476 1477 1475
f 1478 1480 1479
f 1478 1479 1477
f 1480 1482 1481
f 1480 1481 1479
f 1482 1484 1483
f 1482 1483 1481
f 1484 1486 1485
f 1484 1485 1483
f 1486 1488 1487
f 1486 1487 1485
f 1488 1490 1489
f 1488 1489 1487
f 1490 1492 1491
f 1490 1491 1489
f 1492 1494 1493
f 1492 1493 1491
f 1494 1496 1495
f 1494 1495 1493
f 1496 1498 1497
f 1496 1497 1495
f 1498 1500 1499
f 1498 1499 1497
f 1500 1502 1501
f 1500 1501 1499
f 1502 1504 1503
f 1502 1503 1501
f 1504 1506 1505
f 1504 1505 1503
f 1506 1508 1507
f 1506 1507 1505
f 1508 1510 1509
f 1508 1509 1507
f 1510 1512 1511
f 1510 1511 1509
f 1512 1514 1513
f 1512 1513 1511
f 1514 1455 1456
f 1514 1456 1513
f 1550 1551 1586
f 1550 1586 1584
f 1525 1532 1611
f 1525 1611 1597
f 1572 1570 1589
f 1572 1589 1591
f 1551 1552 1588
f 1551 1588 1586
f 1553 1554 1592
f 1553 1592 1590
f 1574 1572 1591
f 1574 1591 1593
f 1555 1556 1596
f 1555 1596 1594
f 1557 1576 1595
f 1557 1595 1578
f 1560 1557 1578
f 1560 1578 1579
f 1564 1562 1581
f 1564 1581 1583
f 1549 1550 1584
f 1549 1584 1582
f 1537 1538 1616
f 1537 1616 1613
f 1526 1525 1597
f 1526 1597 1600
f 1534 1533 1614
f 1534 1614 1615
f 1532 1531 1609
f 1532 1609 1611
f 1531 1530 1607
f 1531 1607 1609
f 1530 1529 1605
f 1530 1605 1607
f 1529 1528 1603
f 1529 1603 1605
f 1528 1527 1601
f 1528 1601 1603
f 1536 1535 1617
f 1536 1617 1619
f 1533 1536 1619
f 1533 1619 1614
f 1517 1518 1550
f 1517 1550 1549
f 1543 1544 1608
f 1543 1608 1606
f 1515 1516 1548
f 1515 1548 1547
f 1541 1542 1604
f 1541 1604 1602
f 1524 1515 1547
f 1524 1547 1556
f 1535 1534 1615
f 1535 1615 1617
f 1522 1523 1555
f 1522 1555 1554
f 1538 1539 1618
f 1538 1618 1616
f 1527 1526 1600
f 1527 1600 1601
f 1520 1521 1553
f 1520 1553 1552
f 1518 1519 1551
f 1518 1551 1550
f 1544 1545 1610
f 1544 1610 1608
f 1516 1517 1549
f 1516 1549 1548
f 1542 1543 1606
f 1542 1606 1604
f 1540 1541 1602
f 1540 1602 1599
f 1523 1524 1556
f 1523 1556 1555
f 1539 1540 1620
f 1539 1620 1618
f 1537 1540 1599
f 1537 1599 1598
f 1521 1522 1554
f 1521 1554 1553
f 1540 1537 1613
f 1540 1613 1620
f 1519 1520 1552
f 1519 1552 1551
f 1545 1546 1612
f 1545 1612 1610
f 1537 1546 1575
f 1537 1575 1558
f 1540 1539 1561
f 1540 1561 1563
f 1541 1540 1563
f 1541 1563 1565
f 1542 1541 1565
f 1542 1565 1567
f 1543 1542 1567
f 1543 1567 1569
f 1544 1543 1569
f 1544 1569 1571
f 1545 1544 1571
f 1545 1571 1573
f 1546 1545 1573
f 1546 1573 1575
f 1556 1547 1577
f 1556 1577 1596
f 1566 1564 1583
f 1566 1583 1585
f 1548 1549 1582
f 1548 1582 1580
f 1562 1560 1579
f 1562 1579 1581
f 1539 1538 1559
f 1539 1559 1561
f 1576 1574 1593
f 1576 1593 1595
f 1554 1555 1594
f 1554 1594 1592
f 1552 1553 1590
f 1552 1590 1588
f 1568 1566 1585
f 1568 1585 1587
f 1570 1568 1587
f 1570 1587 1589
f 1557 1560 1559
f 1557 1559 1558
f 1560 1562 1561
f 1560 1561 1559
f 1562 1564 1563
f 1562 1563 1561
f 1564 1566 1565
f 1564 1565 1563
f 1566 1568 1567
f 1566 1567 1565
f 1568 1570 1569
f 1568 1569 1567
f 1570 1572 1571
f 1570 1571 1569
f 1572 1574 1573
f 1572 1573 1571
f 1574 1576 1575
f 1574 1575 1573
f 1576 1557 1558
f 1576 1558 1575
f 1538 1537 1558
f 1538 1558 1559
f 1577 1580 1579
f 1577 1579 1578
f 1580 1582 1581
f 1580 1581 1579
f 1582 1584 1583
f 1582 1583 1581
f 1584 1586 1585
f 1584 1585 1583
f 1586 1588 1587
f 1586 1587 1585
f 1588 1590 1589
f 1588 1589 1587
f 1590 1592 1591
f 1590 1591 1589
f 1592 1594 1593
f 1592 1593 1591
f 1594 1596 1595
f 1594 1595 1593
f 1596 1577 1578
f 1596 1578 1595
f 1547 1548 1580
f 1547 1580 1577
f 1599 1602 1601
f 1599 1601 1600
f 1602 1604 1603
f 1602 1603 1601
f 1604 1606 1605
f 1604 1605 1603
f 1606 1608 1607
f 1606 1607 1605
f 1608 1610 1609
f 1608 1609 1607
f 1610 1612 1611
f 1610 1611 1609
f 1612 1598 1597
f 1612 1597 1611
f 1600 1597 1598
f 1600 1598 1599
f 1613 1616 1615
f 1613 1615 1614
f 1616 1618 1617
f 1616 1617 1615
f 1618 1620 1619
f 1618 1619 1617
f 1620 1613 1614
f 1620 1614 1619
f 1546 1537 1598
f 1546 1598 1612
f 1740 1742 1701
f 1740 1701 1703
f 1754 1756 1689
f 1754 1689 1687
f 1675 1659 1691
f 1675 1691 1716
f 1674 1675 1716
f 1674 1716 1714
f 1673 1674 1714
f 1673 1714 1712
f 1672 1673 1712
f 1672 1712 1710
f 1671 1672 1710
f 1671 1710 1708
f 1670 1671 1708
f 1670 1708 1706
f 1669 1670 1706
f 1669 1706 1704
f 1668 1669 1704
f 1668 1704 1702
f 1667 1668 1702
f 1667 1702 1700
f 1666 1667 1700
f 1666 1700 1698
f 1665 1666 1698
f 1665 1698 1696
f 1664 1665 1696
f 1664 1696 1694
f 1663 1664 1694
f 1663 1694 1692
f 1661 1662 1684
f 1661 1684 1686
f 1646 1645 1753
f 1646 1753 1751
f 1660 1661 1686
f 1660 1686 1688
f 1659 1660 1688
f 1659 1688 1691
f 1658 1642 1643
f 1643 1644 1645
f 1658 1643 1645
f 1654 1655 1656
f 1657 1658 1645
f 1657 1645 1646
f 1650 1651 1652
f 1649 1650 1652
f 1649 1652 1653
f 1648 1649 1653
f 1656 1657 1646
f 1647 1648 1653
f 1656 1646 1647
f 1647 1653 1654
f 1647 1654 1656
f 1662 1663 1692
f 1662 1692 1684
f 1656 1655 1733
f 1656 1733 1731
f 1734 1736 1707
f 1734 1707 1709
f 1649 1648 1747
f 1649 1747 1745
f 1748 1750 1693
f 1748 1693 1695
f 1759 1726 1717
f 1759 1717 1690
f 1652 1651 1741
f 1652 1741 1739
f 1742 1744 1699
f 1742 1699 1701
f 1643 1642 1758
f 1643 1758 1757
f 1756 1759 1690
f 1756 1690 1689
f 1736 1738 1705
f 1736 1705 1707
f 1655 1654 1735
f 1655 1735 1733
f 1750 1752 1685
f 1750 1685 1693
f 1648 1647 1749
f 1648 1749 1747
f 1658 1657 1729
f 1658 1729 1727
f 1730 1732 1711
f 1730 1711 1713
f 1627 1628 1666
f 1627 1666 1665
f 1625 1626 1664
f 1625 1664 1663
f 1636 1637 1675
f 1636 1675 1674
f 1623 1624 1662
f 1623 1662 1661
f 1634 1635 1673
f 1634 1673 1672
f 1621 1622 1660
f 1621 1660 1659
f 1632 1633 1671
f 1632 1671 1670
f 1630 1631 1669
f 1630 1669 1668
f 1628 1629 1667
f 1628 1667 1666
f 1637 1621 1659
f 1637 1659 1675
f 1626 1627 1665
f 1626 1665 1664
f 1624 1625 1663
f 1624 1663 1662
f 1635 1636 1674
f 1635 1674 1673
f 1622 1623 1661
f 1622 1661 1660
f 1633 1634 1672
f 1633 1672 1671
f 1631 1632 1670
f 1631 1670 1669
f 1629 1630 1668
f 1629 1668 1667
f 1653 1652 1739
f 1653 1739 1737
f 1726 1728 1715
f 1726 1715 1717
f 1647 1646 1751
f 1647 1751 1749
f 1746 1748 1695
f 1746 1695 1697
f 1650 1649 1745
f 1650 1745 1743
f 1657 1656 1731
f 1657 1731 1729
f 1732 1734 1709
f 1732 1709 1711
f 1752 1754 1687
f 1752 1687 1685
f 1644 1643 1757
f 1644 1757 1755
f 1738 1740 1703
f 1738 1703 1705
f 1654 1653 1737
f 1654 1737 1735
f 1728 1730 1713
f 1728 1713 1715
f 1744 1746 1697
f 1744 1697 1699
f 1651 1650 1743
f 1651 1743 1741
f 1716 1691 1690
f 1716 1690 1717
f 1714 1716 1717
f 1714 1717 1715
f 1712 1714 1715
f 1712 1715 1713
f 1710 1712 1713
f 1710 1713 1711
f 1708 1710 1711
f 1708 1711 1709
f 1706 1708 1709
f 1706 1709 1707
f 1704 1706 1707
f 1704 1707 1705
f 1702 1704 1705
f 1702 1705 1703
f 1700 1702 1703
f 1700 1703 1701
f 1698 1700 1701
f 1698 1701 1699
f 1696 1698 1699
f 1696 1699 1697
f 1694 1696 1697
f 1694 1697 1695
f 1692 1694 1695
f 1692 1695 1693
f 1684 1692 1693
f 1684 1693 1685
f 1686 1684 1685
f 1686 1685 1687
f 1688 1686 1687
f 1688 1687 1689
f 1691 1688 1689
f 1691 1689 1690
f 1645 1644 1755
f 1645 1755 1753
f 1726 1759 1758
f 1726 1758 1727
f 1728 1726 1727
f 1728 1727 1729
f 1730 1728 1729
f 1730 1729 1731
f 1732 1730 1731
f 1732 1731 1733
f 1734 1732 1733
f 1734 1733 1735
f 1736 1734 1735
f 1736 1735 1737
f 1738 1736 1737
f 1738 1737 1739
f 1740 1738 1739
f 1740 1739 1741
f 1742 1740 1741
f 1742 1741 1743
f 1744 1742 1743
f 1744 1743 1745
f 1746 1744 1745
f 1746 1745 1747
f 1748 1746 1747
f 1748 1747 1749
f 1750 1748 1749
f 1750 1749 1751
f 1752 1750 1751
f 1752 1751 1753
f 1754 1752 1753
f 1754 1753 1755
f 1756 1754 1755
f 1756 1755 1757
f 1759 1756 1757
f 1759 1757 1758
f 1642 1658 1727
f 1642 1727 1758
f 1679 1676 1760
f 1679 1760 1767
f 1683 1682 1722
f 1683 1722 1724
f 1682 1681 1720
f 1682 1720 1722
f 1764 1766 1725
f 1764 1725 1723
f 1678 1679 1767
f 1678 1767 1765
f 1680 1683 1724
f 1680 1724 1719
f 1762 1764 1723
f 1762 1723 1721
f 1676 1679 1678
f 1676 1678 1677
f 1677 1678 1765
f 1677 1765 1763
f 1640 1639 1681
f 1640 1681 1682
f 1641 1640 1682
f 1641 1682 1683
f 1639 1638 1680
f 1639 1680 1681
f 1638 1641 1683
f 1638 1683 1680
f 1676 1677 1763
f 1676 1763 1760
f 1766 1761 1718
f 1766 1718 1725
f 1761 1762 1721
f 1761 1721 1718
f 1681 1680 1719
f 1681 1719 1720
f 1718 1721 1720
f 1718 1720 1719
f 1721 1723 1722
f 1721 1722 1720
f 1723 1725 1724
f 1723 1724 1722
f 1725 1718 1719
f 1725 1719 1724
f 1760 1763 1762
f 1760 1762 1761
f 1763 1765 1764
f 1763 1764 1762
f 1765 1767 1766
f 1765 1766 1764
f 1767 1760 1761
f 1767 1761 1766
f 1794 1797 1796
f 1794 1796 1795
f 1793 1794 1858
f 1793 1858 1856
f 1804 1805 1880
f 1804 1880 1878
f 1869 1871 1842
f 1869 1842 1840
f 1796 1797 1864
f 1796 1864 1862
f 1873 1875 1846
f 1873 1846 1844
f 1865 1867 1838
f 1865 1838 1836
f 1877 1879 1850
f 1877 1850 1848
f 1853 1855 1826
f 1853 1826 1824
f 1799 1800 1870
f 1799 1870 1868
f 1879 1852 1821
f 1879 1821 1850
f 1857 1859 1830
f 1857 1830 1828
f 1801 1802 1874
f 1801 1874 1872
f 1861 1863 1834
f 1861 1834 1832
f 1855 1857 1828
f 1855 1828 1826
f 1803 1804 1878
f 1803 1878 1876
f 1791 1805 1793
f 1791 1793 1792
f 1801 1800 1804
f 1803 1802 1801
f 1804 1803 1801
f 1788 1789 1893
f 1788 1893 1892
f 1783 1784 1884
f 1783 1884 1881
f 1784 1785 1885
f 1784 1885 1884
f 1789 1790 1896
f 1789 1896 1893
f 1787 1788 1892
f 1787 1892 1890
f 1786 1787 1890
f 1786 1890 1888
f 1785 1786 1888
f 1785 1888 1885
f 1790 1783 1881
f 1790 1881 1896
f 1779 1778 1816
f 1779 1816 1817
f 1777 1776 1814
f 1777 1814 1815
f 1793 1805 1895
f 1793 1895 1882
f 1775 1774 1812
f 1775 1812 1813
f 1773 1772 1810
f 1773 1810 1811
f 1800 1799 1889
f 1800 1889 1891
f 1771 1770 1808
f 1771 1808 1809
f 1782 1781 1819
f 1782 1819 1820
f 1769 1768 1806
f 1769 1806 1807
f 1780 1779 1817
f 1780 1817 1818
f 1797 1794 1883
f 1797 1883 1886
f 1778 1777 1815
f 1778 1815 1816
f 1805 1804 1894
f 1805 1894 1895
f 1776 1775 1813
f 1776 1813 1814
f 1798 1797 1886
f 1798 1886 1887
f 1774 1773 1811
f 1774 1811 1812
f 1804 1800 1894
f 1800 1891 1894
f 1772 1771 1809
f 1772 1809 1810
f 1768 1782 1820
f 1768 1820 1806
f 1799 1798 1887
f 1799 1887 1889
f 1770 1769 1807
f 1770 1807 1808
f 1781 1780 1818
f 1781 1818 1819
f 1806 1820 1849
f 1806 1849 1822
f 1809 1808 1825
f 1809 1825 1827
f 1810 1809 1827
f 1810 1827 1829
f 1811 1810 1829
f 1811 1829 1831
f 1812 1811 1831
f 1812 1831 1833
f 1813 1812 1833
f 1813 1833 1835
f 1814 1813 1835
f 1814 1835 1837
f 1815 1814 1837
f 1815 1837 1839
f 1816 1815 1839
f 1816 1839 1841
f 1817 1816 1841
f 1817 1841 1843
f 1818 1817 1843
f 1818 1843 1845
f 1819 1818 1845
f 1819 1845 1847
f 1820 1819 1847
f 1820 1847 1849
f 1805 1791 1851
f 1805 1851 1880
f 1863 1865 1836
f 1863 1836 1834
f 1802 1803 1876
f 1802 1876 1874
f 1859 1861 1832
f 1859 1832 1830
f 1792 1793 1856
f 1792 1856 1854
f 1800 1801 1872
f 1800 1872 1870
f 1794 1795 1860
f 1794 1860 1858
f 1798 1799 1868
f 1798 1868 1866
f 1852 1853 1824
f 1852 1824 1821
f 1875 1877 1848
f 1875 1848 1846
f 1797 1798 1866
f 1797 1866 1864
f 1871 1873 1844
f 1871 1844 1842
f 1808 1807 1823
f 1808 1823 1825
f 1795 1796 1862
f 1795 1862 1860
f 1867 1869 1840
f 1867 1840 1838
f 1821 1824 1823
f 1821 1823 1822
f 1824 1826 1825
f 1824 1825 1823
f 1826 1828 1827
f 1826 1827 1825
f 1828 1830 1829
f 1828 1829 1827
f 1830 1832 1831
f 1830 1831 1829
f 1832 1834 1833
f 1832 1833 1831
f 1834 1836 1835
f 1834 1835 1833
f 1836 1838 1837
f 1836 1837 1835
f 1838 1840 1839
f 1838 1839 1837
f 1840 1842 1841
f 1840 1841 1839
f 1842 1844 1843
f 1842 1843 1841
f 1844 1846 1845
f 1844 1845 1843
f 1846 1848 1847
f 1846 1847 1845
f 1848 1850 1849
f 1848 1849 1847
f 1850 1821 1822
f 1850 1822 1849
f 1807 1806 1822
f 1807 1822 1823
f 1851 1854 1853
f 1851 1853 1852
f 1854 1856 1855
f 1854 1855 1853
f 1856 1858 1857
f 1856 1857 1855
f 1858 1860 1859
f 1858 1859 1857
f 1860 1862 1861
f 1860 1861 1859
f 1862 1864 1863
f 1862 1863 1861
f 1864 1866 1865
f 1864 1865 1863
f 1866 1868 1867
f 1866 1867 1865
f 1868 1870 1869
f 1868 1869 1867
f 1870 1872 1871
f 1870 1871 1869
f 1872 1874 1873
f 1872 1873 1871
f 1874 1876 1875
f 1874 1875 1873
f 1876 1878 1877
f 1876 1877 1875
f 1878 1880 1879
f 1878 1879 1877
f 1880 1851 1852
f 1880 1852 1879
f 1791 1792 1854
f 1791 1854 1851
f 1881 1884 1883
f 1881 1883 1882
f 1885 1888 1887
f 1885 1887 1886
f 1888 1890 1889
f 1888 1889 1887
f 1890 1892 1891
f 1890 1891 1889
f 1893 1896 1895
f 1893 1895 1894
f 1884 1885 1886
f 1884 1886 1883
f 1882 1895 1896
f 1882 1896 1881
f 1892 1893 1894
f 1892 1894 1891
f 1794 1793 1882
f 1794 1882 1883
f 2055 2053 1970
f 2055 1970 1968
f 1944 1943 1966
f 1944 1966 1969
f 1965 1964 2009
f 1965 2009 2011
f 1964 1963 2007
f 1964 2007 2009
f 1963 1962 2005
f 1963 2005 2007
f 1962 1961 2003
f 1962 2003 2005
f 1961 1960 2001
f 1961 2001 2003
f 1960 1959 1999
f 1960 1999 2001
f 1959 1958 1997
f 1959 1997 1999
f 1958 1957 1995
f 1958 1995 1997
f 1957 1956 1993
f 1957 1993 1995
f 1956 1955 1991
f 1956 1991 1993
f 1955 1954 1989
f 1955 1989 1991
f 1954 1953 1987
f 1954 1987 1989
f 1953 1952 1985
f 1953 1985 1987
f 1952 1951 1983
f 1952 1983 1985
f 1951 1950 1981
f 1951 1981 1983
f 1950 1949 1979
f 1950 1979 1981
f 1949 1948 1977
f 1949 1977 1979
f 1948 1947 1975
f 1948 1975 1977
f 1947 1946 1973
f 1947 1973 1975
f 1946 1945 1971
f 1946 1971 1973
f 1943 1965 2011
f 1943 2011 1966
f 1920 1942 1941
f 1941 1940 1939
f 1938 1937 1936
f 1920 1941 1939
f 1938 1936 1935
f 1939 1938 1935
f 1939 1935 1934
f 1923 1922 1921
f 1924 1923 1921
f 1933 1932 1931
f 1931 1930 1929
f 1931 1929 1928
f 1933 1931 1928
f 1933 1928 1927
f 1934 1933 1927
f 1934 1927 1926
f 1924 1921 1920
f 1934 1926 1925
f 1925 1924 1920
f 1939 1934 1925
f 1920 1939 1925
f 1931 1932 2032
f 1931 2032 2034
f 2035 2033 1990
f 2035 1990 1988
f 1924 1925 2046
f 1924 2046 2048
f 1945 1944 1969
f 1945 1969 1971
f 1942 1920 2057
f 1942 2057 2012
f 2049 2047 1976
f 2049 1976 1974
f 1934 1935 2026
f 1934 2026 2028
f 1927 1928 2040
f 1927 2040 2042
f 2029 2027 1996
f 2029 1996 1994
f 1920 1921 2054
f 1920 2054 2057
f 2043 2041 1982
f 2043 1982 1980
f 1937 1938 2020
f 1937 2020 2022
f 2056 2055 1968
f 2056 1968 1967
f 2023 2021 2002
f 2023 2002 2000
f 1930 1931 2034
f 1930 2034 2036
f 1923 1924 2048
f 1923 2048 2050
f 2037 2035 1988
f 2037 1988 1986
f 1940 1941 2014
f 1940 2014 2016
f 2017 2015 2008
f 2017 2008 2006
f 2051 2049 1974
f 2051 1974 1972
f 1933 1934 2028
f 1933 2028 2030
f 2031 2029 1994
f 2031 1994 1992
f 1926 1927 2042
f 1926 2042 2044
f 1902 1901 1947
f 1902 1947 1948
f 1913 1912 1958
f 1913 1958 1959
f 1900 1899 1945
f 1900 1945 1946
f 1911 1910 1956
f 1911 1956 1957
f 1897 1919 1965
f 1897 1965 1943
f 1898 1897 1943
f 1898 1943 1944
f 1909 1908 1954
f 1909 1954 1955
f 1918 1917 1963
f 1918 1963 1964
f 1907 1906 1952
f 1907 1952 1953
f 1916 1915 1961
f 1916 1961 1962
f 1905 1904 1950
f 1905 1950 1951
f 1914 1913 1959
f 1914 1959 1960
f 1903 1902 1948
f 1903 1948 1949
f 1901 1900 1946
f 1901 1946 1947
f 1912 1911 1957
f 1912 1957 1958
f 1899 1898 1944
f 1899 1944 1945
f 1910 1909 1955
f 1910 1955 1956
f 1919 1918 1964
f 1919 1964 1965
f 1908 1907 1953
f 1908 1953 1954
f 1917 1916 1962
f 1917 1962 1963
f 1906 1905 1951
f 1906 1951 1952
f 1915 1914 1960
f 1915 1960 1961
f 1904 1903 1949
f 1904 1949 1950
f 2021 2019 2004
f 2021 2004 2002
f 1938 1939 2018
f 1938 2018 2020
f 2041 2039 1984
f 2041 1984 1982
f 1921 1922 2052
f 1921 2052 2054
f 2027 2025 1998
f 2027 1998 1996
f 1928 1929 2038
f 1928 2038 2040
f 1935 1936 2024
f 1935 2024 2026
f 2047 2045 1978
f 2047 1978 1976
f 2015 2013 2010
f 2015 2010 2008
f 2033 2031 1992
f 2033 1992 1990
f 1925 1926 2044
f 1925 2044 2046
f 1932 1933 2030
f 1932 2030 2032
f 2019 2017 2006
f 2019 2006 2004
f 2053 2051 1972
f 2053 1972 1970
f 1939 1940 2016
f 1939 2016 2018
f 1922 1923 2050
f 1922 2050 2052
f 2039 2037 1986
f 2039 1986 1984
f 2025 2023 2000
f 2025 2000 1998
f 1929 1930 2036
f 1929 2036 2038
f 1936 1937 2022
f 1936 2022 2024
f 2045 2043 1980
f 2045 1980 1978
f 2010 1967 1966
f 2010 1966 2011
f 2008 2010 2011
f 2008 2011 2009
f 2006 2008 2009
f 2006 2009 2007
f 2004 2006 2007
f 2004 2007 2005
f 2002 2004 2005
f 2002 2005 2003
f 2000 2002 2003
f 2000 2003 2001
f 1998 2000 2001
f 1998 2001 1999
f 1996 1998 1999
f 1996 1999 1997
f 1994 1996 1997
f 1994 1997 1995
f 1992 1994 1995
f 1992 1995 1993
f 1990 1992 1993
f 1990 1993 1991
f 1988 1990 1991
f 1988 1991 1989
f 1986 1988 1989
f 1986 1989 1987
f 1984 1986 1987
f 1984 1987 1985
f 1982 1984 1985
f 1982 1985 1983
f 1980 1982 1983
f 1980 1983 1981
f 1978 1980 1981
f 1978 1981 1979
f 1976 1978 1979
f 1976 1979 1977
f 1974 1976 1977
f 1974 1977 1975
f 1972 1974 1975
f 1972 1975 1973
f 1970 1972 1973
f 1970 1973 1971
f 1968 1970 1971
f 1968 1971 1969
f 1967 1968 1969
f 1967 1969 1966
f 1941 1942 2012
f 1941 2012 2014
f 2012 2057 2056
f 2012 2056 2013
f 2014 2012 2013
f 2014 2013 2015
f 2016 2014 2015
f 2016 2015 2017
f 2018 2016 2017
f 2018 2017 2019
f 2020 2018 2019
f 2020 2019 2021
f 2022 2020 2021
f 2022 2021 2023
f 2024 2022 2023
f 2024 2023 2025
f 2026 2024 2025
f 2026 2025 2027
f 2028 2026 2027
f 2028 2027 2029
f 2030 2028 2029
f 2030 2029 2031
f 2032 2030 2031
f 2032 2031 2033
f 2034 2032 2033
f 2034 2033 2035
f 2036 2034 2035
f 2036 2035 2037
f 2038 2036 2037
f 2038 2037 2039
f 2040 2038 2039
f 2040 2039 2041
f 2042 2040 2041
f 2042 2041 2043
f 2044 2042 2043
f 2044 2043 2045
f 2046 2044 2045
f 2046 2045 2047
f 2048 2046 2047
f 2048 2047 2049
f 2050 2048 2049
f 2050 2049 2051
f 2052 2050 2051
f 2052 2051 2053
f 2054 2052 2053
f 2054 2053 2055
f 2057 2054 2055
f 2057 2055 2056
f 2013 2056 1967
f 2013 1967 2010
f 2123 2121 2094
f 2123 2094 2092
f 2077 2078 2112
f 2077 2112 2114
f 2119 2117 2098
f 2119 2098 2096
f 2115 2113 2102
f 2115 2102 2100
f 2078 2079 2110
f 2078 2110 2112
f 2080 2072 2125
f 2080 2125 2108
f 2081 2089 2107
f 2081 2107 2090
f 2082 2081 2090
f 2082 2090 2093
f 2088 2087 2103
f 2088 2103 2105
f 2087 2086 2101
f 2087 2101 2103
f 2086 2085 2099
f 2086 2099 2101
f 2067 2068 2129
f 2067 2129 2126
f 2085 2084 2097
f 2085 2097 2099
f 2084 2083 2095
f 2084 2095 2097
f 2083 2082 2093
f 2083 2093 2095
f 2079 2080 2108
f 2079 2108 2110
f 2074 2075 2118
f 2074 2118 2120
f 2124 2123 2092
f 2124 2092 2091
f 2076 2077 2114
f 2076 2114 2116
f 2121 2119 2096
f 2121 2096 2094
f 2089 2088 2105
f 2089 2105 2107
f 2117 2115 2100
f 2117 2100 2098
f 2113 2111 2104
f 2113 2104 2102
f 2072 2073 2122
f 2072 2122 2125
f 2111 2109 2106
f 2111 2106 2104
f 2073 2079 2078
f 2073 2078 2074
f 2072 2080 2079
f 2072 2079 2073
f 2070 2071 2135
f 2070 2135 2133
f 2069 2070 2133
f 2069 2133 2131
f 2068 2069 2131
f 2068 2131 2129
f 2071 2067 2126
f 2071 2126 2135
f 2074 2078 2134
f 2074 2134 2127
f 2078 2077 2132
f 2078 2132 2134
f 2077 2076 2130
f 2077 2130 2132
f 2076 2075 2128
f 2076 2128 2130
f 2058 2066 2089
f 2058 2089 2081
f 2066 2065 2088
f 2066 2088 2089
f 2065 2064 2087
f 2065 2087 2088
f 2064 2063 2086
f 2064 2086 2087
f 2063 2062 2085
f 2063 2085 2086
f 2062 2061 2084
f 2062 2084 2085
f 2061 2060 2083
f 2061 2083 2084
f 2060 2059 2082
f 2060 2082 2083
f 2059 2058 2081
f 2059 2081 2082
f 2075 2076 2116
f 2075 2116 2118
f 2073 2074 2120
f 2073 2120 2122
f 2106 2091 2090
f 2106 2090 2107
f 2104 2106 2107
f 2104 2107 2105
f 2102 2104 2105
f 2102 2105 2103
f 2100 2102 2103
f 2100 2103 2101
f 2098 2100 2101
f 2098 2101 2099
f 2096 2098 2099
f 2096 2099 2097
f 2094 2096 2097
f 2094 2097 2095
f 2092 2094 2095
f 2092 2095 2093
f 2091 2092 2093
f 2091 2093 2090
f 2108 2125 2124
f 2108 2124 2109
f 2110 2108 2109
f 2110 2109 2111
f 2112 2110 2111
f 2112 2111 2113
f 2114 2112 2113
f 2114 2113 2115
f 2116 2114 2115
f 2116 2115 2117
f 2118 2116 2117
f 2118 2117 2119
f 2120 2118 2119
f 2120 2119 2121
f 2122 2120 2121
f 2122 2121 2123
f 2125 2122 2123
f 2125 2123 2124
f 2109 2124 2091
f 2109 2091 2106
f 2126 2129 2128
f 2126 2128 2127
f 2129 2131 2130
f 2129 2130 2128
f 2131 2133 2132
f 2131 2132 2130
f 2133 2135 2134
f 2133 2134 2132
f 2127 2134 2135
f 2127 2135 2126
f 2075 2074 2127
f 2075 2127 2128
f 2142 2143 2163
f 2142 2163 2160
f 2144 2143 2156
f 2144 2156 2158
f 2142 2144 2158
f 2142 2158 2155
f 2139 2141 2164
f 2139 2164 2161
f 2141 2140 2162
f 2141 2162 2164
f 2143 2144 2165
f 2143 2165 2163
f 2144 2142 2160
f 2144 2160 2165
f 2138 2136 2145
f 2138 2145 2147
f 2137 2138 2147
f 2137 2147 2146
f 2136 2137 2146
f 2136 2146 2145
f 2147 2145 2148
f 2147 2148 2153
f 2146 2147 2153
f 2146 2153 2151
f 2157 2154 2149
f 2157 2149 2150
f 2159 2157 2150
f 2159 2150 2152
f 2154 2159 2152
f 2154 2152 2149
f 2148 2151 2150
f 2148 2150 2149
f 2151 2153 2152
f 2151 2152 2150
f 2153 2148 2149
f 2153 2149 2152
f 2145 2146 2151
f 2145 2151 2148
f 2154 2157 2156
f 2154 2156 2155
f 2157 2159 2158
f 2157 2158 2156
f 2159 2154 2155
f 2159 2155 2158
f 2143 2142 2155
f 2143 2155 2156
f 2160 2163 2162
f 2160 2162 2161
f 2163 2165 2164
f 2163 2164 2162
f 2165 2160 2161
f 2165 2161 2164
f 2140 2139 2161
f 2140 2161 2162
f 2190 2189 2201
f 2190 2201 2200
f 2192 2191 2190
f 2193 2192 2190
f 2198 2197 2196
f 2198 2196 2195
f 2193 2190 2200
f 2198 2195 2194
f 2194 2193 2200
f 2199 2198 2194
f 2200 2199 2194
f 2273 2275 2240
f 2273 2240 2238
f 2198 2199 2282
f 2198 2282 2280
f 2279 2281 2246
f 2279 2246 2244
f 2191 2192 2268
f 2191 2268 2266
f 2265 2267 2232
f 2265 2232 2230
f 2200 2201 2286
f 2200 2286 2284
f 2193 2194 2272
f 2193 2272 2270
f 2271 2273 2238
f 2271 2238 2236
f 2277 2279 2244
f 2277 2244 2242
f 2196 2197 2278
f 2196 2278 2276
f 2263 2265 2230
f 2263 2230 2228
f 2190 2191 2266
f 2190 2266 2264
f 2170 2169 2210
f 2170 2210 2211
f 2168 2167 2208
f 2168 2208 2209
f 2177 2176 2217
f 2177 2217 2218
f 2175 2174 2215
f 2175 2215 2216
f 2173 2172 2213
f 2173 2213 2214
f 2171 2170 2211
f 2171 2211 2212
f 2169 2168 2209
f 2169 2209 2210
f 2166 2178 2219
f 2166 2219 2207
f 2167 2166 2207
f 2167 2207 2208
f 2178 2177 2218
f 2178 2218 2219
f 2176 2175 2216
f 2176 2216 2217
f 2174 2173 2214
f 2174 2214 2215
f 2172 2171 2212
f 2172 2212 2213
f 2209 2208 2227
f 2209 2227 2229
f 2210 2209 2229
f 2210 2229 2231
f 2211 2210 2231
f 2211 2231 2233
f 2212 2211 2233
f 2212 2233 2235
f 2213 2212 2235
f 2213 2235 2237
f 2214 2213 2237
f 2214 2237 2239
f 2215 2214 2239
f 2215 2239 2241
f 2216 2215 2241
f 2216 2241 2243
f 2217 2216 2243
f 2217 2243 2245
f 2218 2217 2245
f 2218 2245 2247
f 2219 2218 2247
f 2219 2247 2249
f 2201 2189 2261
f 2201 2261 2286
f 2195 2196 2276
f 2195 2276 2274
f 2189 2190 2264
f 2189 2264 2261
f 2269 2271 2236
f 2269 2236 2234
f 2267 2269 2234
f 2267 2234 2232
f 2281 2283 2248
f 2281 2248 2246
f 2283 2285 2250
f 2283 2250 2248
f 2285 2262 2225
f 2285 2225 2250
f 2197 2198 2280
f 2197 2280 2278
f 2275 2277 2242
f 2275 2242 2240
f 2208 2207 2226
f 2208 2226 2227
f 2194 2195 2274
f 2194 2274 2272
f 2192 2193 2270
f 2192 2270 2268
f 2199 2200 2284
f 2199 2284 2282
f 2225 2228 2227
f 2225 2227 2226
f 2228 2230 2229
f 2228 2229 2227
f 2230 2232 2231
f 2230 2231 2229
f 2232 2234 2233
f 2232 2233 2231
f 2234 2236 2235
f 2234 2235 2233
f 2236 2238 2237
f 2236 2237 2235
f 2238 2240 2239
f 2238 2239 2237
f 2240 2242 2241
f 2240 2241 2239
f 2242 2244 2243
f 2242 2243 2241
f 2244 2246 2245
f 2244 2245 2243
f 2246 2248 2247
f 2246 2247 2245
f 2248 2250 2249
f 2248 2249 2247
f 2250 2225 2226
f 2250 2226 2249
f 2207 2219 2249
f 2207 2249 2226
f 2261 2264 2263
f 2261 2263 2262
f 2264 2266 2265
f 2264 2265 2263
f 2266 2268 2267
f 2266 2267 2265
f 2268 2270 2269
f 2268 2269 2267
f 2270 2272 2271
f 2270 2271 2269
f 2272 2274 2273
f 2272 2273 2271
f 2274 2276 2275
f 2274 2275 2273
f 2276 2278 2277
f 2276 2277 2275
f 2278 2280 2279
f 2278 2279 2277
f 2280 2282 2281
f 2280 2281 2279
f 2282 2284 2283
f 2282 2283 2281
f 2284 2286 2285
f 2284 2285 2283
f 2286 2261 2262
f 2286 2262 2285
f 2262 2263 2228
f 2262 2228 2225
f 2202 2203 2300
f 2202 2300 2297
f 2206 2205 2293
f 2206 2293 2295
f 2296 2294 2257
f 2296 2257 2259
f 2287 2296 2259
f 2287 2259 2252
f 2205 2204 2291
f 2205 2291 2293
f 2294 2292 2255
f 2294 2255 2257
f 2202 2206 2295
f 2202 2295 2288
f 2188 2187 2303
f 2188 2303 2305
f 2187 2186 2301
f 2187 2301 2303
f 2184 2188 2305
f 2184 2305 2298
f 2206 2202 2297
f 2206 2297 2306
f 2180 2181 2222
f 2180 2222 2221
f 2179 2180 2221
f 2179 2221 2220
f 2205 2206 2306
f 2205 2306 2304
f 2183 2179 2220
f 2183 2220 2224
f 2203 2204 2302
f 2203 2302 2300
f 2181 2182 2223
f 2181 2223 2222
f 2186 2185 2299
f 2186 2299 2301
f 2204 2205 2304
f 2204 2304 2302
f 2182 2183 2224
f 2182 2224 2223
f 2220 2221 2254
f 2220 2254 2251
f 2224 2220 2251
f 2224 2251 2260
f 2222 2223 2258
f 2222 2258 2256
f 2223 2224 2260
f 2223 2260 2258
f 2221 2222 2256
f 2221 2256 2254
f 2204 2203 2289
f 2204 2289 2291
f 2290 2287 2252
f 2290 2252 2253
f 2292 2290 2253
f 2292 2253 2255
f 2203 2202 2288
f 2203 2288 2289
f 2251 2254 2253
f 2251 2253 2252
f 2254 2256 2255
f 2254 2255 2253
f 2256 2258 2257
f 2256 2257 2255
f 2258 2260 2259
f 2258 2259 2257
f 2260 2251 2252
f 2260 2252 2259
f 2287 2290 2289
f 2287 2289 2288
f 2290 2292 2291
f 2290 2291 2289
f 2292 2294 2293
f 2292 2293 2291
f 2294 2296 2295
f 2294 2295 2293
f 2296 2287 2288
f 2296 2288 2295
f 2297 2300 2299
f 2297 2299 2298
f 2300 2302 2301
f 2300 2301 2299
f 2302 2304 2303
f 2302 2303 2301
f 2304 2306 2305
f 2304 2305 2303
f 2306 2297 2298
f 2306 2298 2305
f 2185 2184 2298
f 2185 2298 2299
f 2327 2326 2394
f 2327 2394 2392
f 2338 2339 2357
f 2338 2357 2356
f 2347 2348 2375
f 2347 2375 2373
f 2346 2347 2373
f 2346 2373 2371
f 2345 2346 2371
f 2345 2371 2369
f 2344 2345 2369
f 2344 2369 2367
f 2343 2344 2367
f 2343 2367 2365
f 2342 2343 2365
f 2342 2365 2363
f 2341 2342 2363
f 2341 2363 2361
f 2340 2341 2361
f 2340 2361 2359
f 2336 2340 2359
f 2336 2359 2351
f 2348 2338 2356
f 2348 2356 2375
f 2379 2381 2372
f 2379 2372 2374
f 2326 2325 2396
f 2326 2396 2394
f 2335 2336 2351
f 2335 2351 2350
f 2325 2326 2327
f 2325 2327 2328
f 2324 2323 2321
f 2321 2325 2328
f 2321 2328 2329
f 2332 2333 2334
f 2331 2332 2334
f 2324 2321 2329
f 2330 2331 2334
f 2324 2329 2330
f 2330 2334 2322
f 2330 2322 2324
f 2324 2322 2401
f 2324 2401 2398
f 2389 2391 2362
f 2389 2362 2364
f 2339 2337 2354
f 2339 2354 2357
f 2385 2387 2366
f 2385 2366 2368
f 2329 2328 2390
f 2329 2390 2388
f 2381 2383 2370
f 2381 2370 2372
f 2323 2324 2398
f 2323 2398 2399
f 2331 2330 2386
f 2331 2386 2384
f 2377 2379 2374
f 2377 2374 2376
f 2400 2397 2358
f 2400 2358 2353
f 2333 2332 2382
f 2333 2382 2380
f 2325 2321 2403
f 2325 2403 2396
f 2395 2404 2349
f 2395 2349 2352
f 2320 2310 2338
f 2320 2338 2348
f 2319 2320 2348
f 2319 2348 2347
f 2318 2319 2347
f 2318 2347 2346
f 2317 2318 2346
f 2317 2346 2345
f 2316 2317 2345
f 2316 2345 2344
f 2315 2316 2344
f 2315 2344 2343
f 2314 2315 2343
f 2314 2343 2342
f 2313 2314 2342
f 2313 2342 2341
f 2312 2313 2341
f 2312 2341 2340
f 2308 2312 2340
f 2308 2340 2336
f 2311 2309 2337
f 2311 2337 2339
f 2310 2311 2339
f 2310 2339 2338
f 2309 2307 2335
f 2309 2335 2337
f 2307 2308 2336
f 2307 2336 2335
f 2393 2395 2352
f 2393 2352 2360
f 2334 2333 2380
f 2334 2380 2378
f 2397 2402 2355
f 2397 2355 2358
f 2332 2331 2384
f 2332 2384 2382
f 2404 2400 2353
f 2404 2353 2349
f 2402 2377 2376
f 2402 2376 2355
f 2330 2329 2388
f 2330 2388 2386
f 2383 2385 2368
f 2383 2368 2370
f 2328 2327 2392
f 2328 2392 2390
f 2387 2389 2364
f 2387 2364 2366
f 2321 2323 2399
f 2321 2399 2403
f 2391 2393 2360
f 2391 2360 2362
f 2375 2356 2355
f 2375 2355 2376
f 2373 2375 2376
f 2373 2376 2374
f 2371 2373 2374
f 2371 2374 2372
f 2369 2371 2372
f 2369 2372 2370
f 2367 2369 2370
f 2367 2370 2368
f 2365 2367 2368
f 2365 2368 2366
f 2363 2365 2366
f 2363 2366 2364
f 2361 2363 2364
f 2361 2364 2362
f 2359 2361 2362
f 2359 2362 2360
f 2351 2359 2360
f 2351 2360 2352
f 2357 2354 2353
f 2357 2353 2358
f 2356 2357 2358
f 2356 2358 2355
f 2354 2350 2349
f 2354 2349 2353
f 2350 2351 2352
f 2350 2352 2349
f 2337 2335 2350
f 2337 2350 2354
f 2377 2402 2401
f 2377 2401 2378
f 2379 2377 2378
f 2379 2378 2380
f 2381 2379 2380
f 2381 2380 2382
f 2383 2381 2382
f 2383 2382 2384
f 2385 2383 2384
f 2385 2384 2386
f 2387 2385 2386
f 2387 2386 2388
f 2389 2387 2388
f 2389 2388 2390
f 2391 2389 2390
f 2391 2390 2392
f 2393 2391 2392
f 2393 2392 2394
f 2395 2393 2394
f 2395 2394 2396
f 2397 2400 2399
f 2397 2399 2398
f 2402 2397 2398
f 2402 2398 2401
f 2400 2404 2403
f 2400 2403 2399
f 2404 2395 2396
f 2404 2396 2403
f 2322 2334 2378
f 2322 2378 2401
f 2426 2425 4952
f 2426 4952 4961
f 2430 4883 2442
f 2430 2442 2445
f 4959 4962 4935
f 4959 4935 4934
f 2479 4950 4922
f 2479 4922 4926
f 2470 4956 4931
f 2470 4931 4928
f 2425 2426 4883
f 2425 4883 2430
f 4887 2430 2445
f 4887 2445 2444
f 2428 4887 2444
f 2428 2444 2443
f 4883 2428 2443
f 4883 2443 2442
f 2419 4898 2444
f 2419 2444 2445
f 4950 2470 4928
f 4950 4928 4922
f 2430 4887 2471
f 2430 2471 4949
f 4956 4959 4934
f 4956 4934 4931
f 4962 2479 4926
f 4962 4926 4935
f 2470 4950 4949
f 2470 4949 2471
f 2479 4962 4961
f 2479 4961 4952
f 2423 4877 2485
f 2423 2485 4967
f 2484 4968 4967
f 2484 4967 2485
f 4973 2489 4942
f 4973 4942 2449
f 2489 4964 4938
f 2489 4938 4942
f 4964 2482 4944
f 4964 4944 4938
f 4918 2434 4945
f 4918 4945 2450
f 4920 2433 4946
f 4920 4946 2448
f 2424 2420 2421
f 2421 2422 4879
f 2421 4879 2424
f 2421 2420 4966
f 2421 4966 4972
f 2424 4879 2483
f 2424 2483 4963
f 4970 4973 2449
f 4970 2449 2451
f 4919 2408 2434
f 4919 2434 4918
f 4921 2407 2433
f 4921 2433 4920
f 2450 4945 4944
f 2450 4944 2451
f 2448 4946 2451
f 2448 2451 2449
f 2482 4970 2451
f 2482 2451 4944
f 2482 4964 4963
f 2482 4963 2483
f 2489 4973 4972
f 2489 4972 4966
f 4900 4903 2457
f 4900 2457 2466
f 4901 4902 4903
f 4901 4903 4900
f 2466 2457 2456
f 2466 2456 2467
f 2427 4882 2477
f 2427 2477 4958
f 2476 4960 4958
f 2476 4958 2477
f 4904 2441 4924
f 4904 4924 2464
f 4905 2415 2441
f 4905 2441 4904
f 2464 4924 4923
f 2464 4923 2465
f 4906 2440 4930
f 4906 4930 2462
f 4907 2414 2440
f 4907 2440 4906
f 2462 4930 4929
f 2462 4929 2463
f 4908 2439 4933
f 4908 4933 2460
f 4910 2438 2460
f 4910 2460 2458
f 4909 2413 2439
f 4909 2439 4908
f 4911 2412 2438
f 4911 2438 4910
f 2460 4933 4932
f 2460 4932 2461
f 2458 2460 2461
f 2458 2461 2459
f 4912 4915 2447
f 4912 2447 2454
f 4913 4914 4915
f 4913 4915 4912
f 2454 2447 2446
f 2454 2446 2455
f 2436 2437 4937
f 2436 4937 4925
f 2410 2411 2437
f 2410 2437 2436
f 4925 4937 4936
f 4925 4936 4927
f 4916 2435 4940
f 4916 4940 2452
f 4917 2409 2435
f 4917 2435 4916
f 2452 4940 4939
f 2452 4939 2453
f 2431 2432 4948
f 2431 4948 4941
f 2405 2406 2432
f 2405 2432 2431
f 4941 4948 4947
f 4941 4947 4943
f 2429 4885 2473
f 2429 2473 4953
f 2472 4954 4953
f 2472 4953 2473
f 4878 4876 2487
f 4878 2487 4969
f 2486 4971 4969
f 2486 4969 2487
f 4881 4880 2481
f 4881 2481 2488
f 2480 4965 2488
f 2480 2488 2481
f 4896 4897 4895
f 4896 4895 4890
f 2418 4899 4892
f 2418 4892 4894
f 2417 2416 4891
f 2417 4891 4893
f 4886 4884 2475
f 4886 2475 4955
f 2474 4957 4955
f 2474 4955 2475
f 2468 4951 2478
f 2468 2478 2469
f 4889 4888 2469
f 4889 2469 2478
f 5038 5041 5020
f 5038 5020 2530
f 2543 2545 5018
f 2543 5018 5015
f 2504 2503 5031
f 2504 5031 5046
f 5028 5033 5012
f 5028 5012 5006
f 4998 2517 5019
f 4998 5019 2529
f 5000 2516 2529
f 5000 2529 2527
f 2503 2504 2560
f 2503 2560 2557
f 5002 2515 5021
f 5002 5021 2525
f 5047 2556 5010
f 5047 5010 5024
f 2510 4982 2544
f 2510 2544 5032
f 5041 5044 2526
f 5041 2526 5020
f 2545 5038 2530
f 2545 2530 5018
f 2556 5028 5006
f 2556 5006 5010
f 4978 4980 2511
f 4978 2511 2503
f 2511 4980 4981
f 4981 2509 4983
f 4981 4983 2511
f 5057 5058 5055
f 5057 5055 2558
f 4976 4978 2564
f 4976 2564 2562
f 2504 4976 2562
f 2504 2562 2560
f 4978 2503 2557
f 4978 2557 2564
f 4999 2495 2517
f 4999 2517 4998
f 5001 2494 2516
f 5001 2516 5000
f 5003 2493 2515
f 5003 2515 5002
f 5044 5047 5024
f 5044 5024 2526
f 2509 4981 2546
f 2509 2546 5034
f 2529 5019 5018
f 2529 5018 2530
f 2527 2529 2530
f 2527 2530 2528
f 2525 5021 5020
f 2525 5020 2526
f 5033 2543 5015
f 5033 5015 5012
f 2543 5033 5032
f 2543 5032 2544
f 2545 2543 5034
f 2545 5034 2546
f 2556 5047 5046
f 2556 5046 5031
f 2557 2560 2559
f 2557 2559 2558
f 2558 5055 5054
f 2558 5054 2557
f 2500 2499 2558
f 2500 2558 2559
f 2506 4975 2552
f 2506 2552 5040
f 2551 5042 5040
f 2551 5040 2552
f 2508 4979 2548
f 2508 2548 5035
f 2547 5036 5035
f 2547 5035 2548
f 4988 4991 2522
f 4988 2522 2537
f 4989 4990 4991
f 4989 4991 4988
f 2537 2522 2521
f 2537 2521 2538
f 4992 2520 5008
f 4992 5008 2535
f 4993 2498 2520
f 4993 2520 4992
f 2535 5008 5007
f 2535 5007 2536
f 4994 2519 5014
f 4994 5014 2533
f 4995 2497 2519
f 4995 2519 4994
f 2533 5014 5013
f 2533 5013 2534
f 4996 2518 5017
f 4996 5017 2531
f 4997 2496 2518
f 4997 2518 4996
f 2531 5017 5016
f 2531 5016 2532
f 5004 2514 5023
f 5004 5023 2523
f 5005 2492 2514
f 5005 2514 5004
f 2523 5023 5022
f 2523 5022 2524
f 2512 2513 5026
f 2512 5026 5009
f 2490 2491 2513
f 2490 2513 2512
f 5009 5026 5025
f 5009 5025 5011
f 2505 4974 2554
f 2505 2554 5043
f 2553 5045 5043
f 2553 5043 2554
f 2507 4977 2550
f 2507 2550 5037
f 2549 5039 5037
f 2549 5037 2550
f 2502 5059 5052
f 2502 5052 2563
f 5051 5053 2563
f 5051 2563 5052
f 2501 5056 5049
f 2501 5049 2561
f 5048 5050 2561
f 5048 2561 5049
f 4985 4984 2542
f 4985 2542 5027
f 2541 5029 5027
f 2541 5027 2542
f 2539 5030 2555
f 2539 2555 2540
f 4987 4986 2540
f 4987 2540 2555
f 2624 2595 2596
f 2599 2600 2601
f 2602 2603 2604
f 2599 2601 2602
f 2598 2599 2602
f 2604 2605 2606
f 2606 2607 2608
f 2604 2606 2608
f 2624 2596 2597
f 2623 2624 2597
f 2623 2597 2598
f 2622 2623 2598
f 2611 2612 2613
f 2616 2617 2618
f 2611 2613 2614
f 2610 2611 2614
f 2622 2598 2602
f 2609 2610 2614
f 2621 2622 2602
f 2609 2614 2615
f 2621 2602 2604
f 2608 2609 2615
f 2620 2621 2604
f 2619 2620 2604
f 2608 2615 2616
f 2618 2619 2604
f 2608 2616 2618
f 2604 2608 2618
f 2760 2758 5176
f 2760 5176 5178
f 2730 2728 2667
f 2730 2667 5151
f 2774 2772 5188
f 2774 5188 2713
f 5090 5089 5235
f 5090 5235 2759
f 2744 2742 5156
f 2744 5156 2683
f 2758 2756 5173
f 2758 5173 5176
f 2728 2726 5147
f 2728 5147 2667
f 2772 2770 5185
f 2772 5185 5188
f 2616 2615 5233
f 2616 5233 2757
f 2742 2740 5154
f 2742 5154 5156
f 2756 2754 2693
f 2756 2693 5173
f 2726 2724 5145
f 2726 5145 5147
f 2770 2768 5183
f 2770 5183 5185
f 2740 2738 5153
f 2740 5153 5154
f 2754 2752 5169
f 2754 5169 2693
f 2622 2621 2767
f 2622 2767 2769
f 2724 2722 5144
f 2724 5144 5145
f 2768 2766 5181
f 2768 5181 5183
f 2573 2574 2634
f 2573 2634 2633
f 5104 2594 2654
f 5104 2654 5103
f 5126 2579 2639
f 5126 2639 5125
f 2576 2577 2637
f 2576 2637 2636
f 2574 2575 2635
f 2574 2635 2634
f 5109 2584 2644
f 5109 2644 5110
f 5113 2573 2633
f 5113 2633 5114
f 5117 2571 2631
f 5117 2631 5118
f 2577 2578 2638
f 2577 2638 2637
f 2575 2576 2636
f 2575 2636 2635
f 5118 2631 2668
f 5118 2668 5146
f 5114 2633 2672
f 5114 2672 5150
f 2633 2634 2674
f 2633 2674 2672
f 2634 2635 2676
f 2634 2676 2674
f 2636 2637 2680
f 2636 2680 2678
f 2637 2638 2682
f 2637 2682 2680
f 5125 2639 2684
f 5125 2684 5155
f 2611 2610 5220
f 2611 5220 2747
f 5091 5090 2759
f 5091 2759 2761
f 5103 2654 2714
f 5103 2714 5187
f 2746 2744 2683
f 2746 2683 5160
f 5092 5091 2761
f 5092 2761 2763
f 2718 2715 5135
f 2718 5135 5139
f 2732 2730 5151
f 2732 5151 2671
f 2762 2760 5178
f 2762 5178 5179
f 2715 2774 2713
f 2715 2713 5135
f 2620 5092 2763
f 2620 2763 2765
f 2748 2746 5160
f 2748 5160 5163
f 2734 2732 2671
f 2734 2671 2673
f 2764 2762 5179
f 2764 5179 5180
f 2720 2718 5139
f 2720 5139 5142
f 2621 2620 2765
f 2621 2765 2767
f 2750 2748 5163
f 2750 5163 5166
f 2736 2734 2673
f 2736 2673 5152
f 2766 2764 5180
f 2766 5180 5181
f 2722 2720 5142
f 2722 5142 5144
f 2635 2636 2678
f 2635 2678 2676
f 2752 2750 5166
f 2752 5166 5169
f 2738 2736 5152
f 2738 5152 5153
f 5110 2644 2694
f 5110 2694 5168
f 5146 2668 2667
f 5146 2667 5147
f 5150 2672 2671
f 5150 2671 5151
f 2672 2674 2673
f 2672 2673 2671
f 2674 2676 2675
f 2674 2675 2673
f 2676 2678 2677
f 2676 2677 2675
f 2678 2680 2679
f 2678 2679 2677
f 2680 2682 2681
f 2680 2681 2679
f 5155 2684 2683
f 5155 2683 5156
f 5168 2694 2693
f 5168 2693 5169
f 5187 2714 2713
f 5187 2713 5188
f 5062 5060 5193
f 5062 5193 2719
f 2715 2718 2717
f 2715 2717 2716
f 2718 2720 2719
f 2718 2719 5193
f 2746 2748 2747
f 2746 2747 5220
f 2756 2758 2757
f 2756 2757 5233
f 5234 5236 2759
f 5234 2759 5235
f 5236 5237 2761
f 5236 2761 2759
f 5237 5238 2763
f 5237 2763 2761
f 5238 2766 2765
f 5238 2765 2763
f 2766 2768 2767
f 2766 2767 2765
f 2768 2770 2769
f 2768 2769 2767
f 2596 2595 2716
f 2596 2716 2717
f 5071 5069 5206
f 5071 5206 2731
f 5077 5075 2739
f 5077 2739 2741
f 5075 5074 2737
f 5075 2737 2739
f 5072 5071 2731
f 5072 2731 2733
f 5073 5072 2733
f 5073 2733 2735
f 5074 5073 2735
f 5074 2735 2737
f 5205 5207 2731
f 5205 2731 5206
f 5208 5209 2733
f 5208 2733 2731
f 5209 5210 2735
f 5209 2735 2733
f 5210 5211 2737
f 5210 2737 2735
f 5211 5212 2739
f 5211 2739 2737
f 5212 5213 2741
f 5212 2741 2739
f 5080 5078 5218
f 5080 5218 2745
f 5217 5219 2745
f 5217 2745 5218
f 5070 5067 5203
f 5070 5203 2729
f 5202 5204 2729
f 5202 2729 5203
f 5096 5094 5243
f 5096 5243 2773
f 5242 5244 2773
f 5242 2773 5243
f 5079 5076 5215
f 5079 5215 2743
f 5214 5216 2743
f 5214 2743 5215
f 5068 5065 5200
f 5068 5200 2727
f 5199 5201 2727
f 5199 2727 5200
f 5095 5093 5240
f 5095 5240 2771
f 5239 5241 2771
f 5239 2771 5240
f 5088 5086 5231
f 5088 5231 2755
f 5230 5232 2755
f 5230 2755 5231
f 5066 5064 2723
f 5066 2723 2725
f 5063 5061 5195
f 5063 5195 2721
f 5064 5063 2721
f 5064 2721 2723
f 5194 5196 2721
f 5194 2721 5195
f 5196 5197 2723
f 5196 2723 2721
f 5197 5198 2725
f 5197 2725 2723
f 5100 2585 2645
f 5100 2645 5099
f 5099 2645 2696
f 5099 2696 5170
f 5170 2696 2695
f 5170 2695 5171
f 5108 2583 2643
f 5108 2643 5107
f 5107 2643 2692
f 5107 2692 5165
f 5165 2692 2691
f 5165 2691 5167
f 5112 2572 2632
f 5112 2632 5111
f 5111 2632 2670
f 5111 2670 5148
f 5148 2670 2669
f 5148 2669 5149
f 2591 2592 2652
f 2591 2652 2651
f 2589 2590 2650
f 2589 2650 2649
f 2587 2588 2648
f 2587 2648 2647
f 2590 2591 2651
f 2590 2651 2650
f 2588 2589 2649
f 2588 2649 2648
f 5133 2587 2647
f 5133 2647 5134
f 5134 2647 2700
f 5134 2700 5175
f 2647 2648 2702
f 2647 2702 2700
f 2648 2649 2704
f 2648 2704 2702
f 2649 2650 2706
f 2649 2706 2704
f 2651 2652 2710
f 2651 2710 2708
f 2650 2651 2708
f 2650 2708 2706
f 5175 2700 2699
f 5175 2699 5177
f 2700 2702 2701
f 2700 2701 2699
f 2702 2704 2703
f 2702 2703 2701
f 2704 2706 2705
f 2704 2705 2703
f 2706 2708 2707
f 2706 2707 5182
f 2708 2710 2709
f 2708 2709 2707
f 2569 2570 2630
f 2569 2630 2629
f 5124 2568 2628
f 5124 2628 5123
f 2568 2569 2629
f 2568 2629 2628
f 5123 2628 2662
f 5123 2662 5141
f 2629 2630 2666
f 2629 2666 2664
f 2628 2629 2664
f 2628 2664 2662
f 5141 2662 2661
f 5141 2661 5143
f 2662 2664 2663
f 2662 2663 2661
f 2664 2666 2665
f 2664 2665 2663
f 5120 2581 2641
f 5120 2641 5119
f 5119 2641 2688
f 5119 2688 5159
f 5159 2688 2687
f 5159 2687 5161
f 2565 2566 2626
f 2565 2626 2625
f 2625 2626 2658
f 2625 2658 2655
f 2655 2658 2657
f 2655 2657 2656
f 5101 2586 2646
f 5101 2646 5102
f 5102 2646 2698
f 5102 2698 5172
f 5172 2698 2697
f 5172 2697 5174
f 5105 5130 5129
f 5105 5129 5106
f 5106 5129 5137
f 5106 5137 5189
f 5189 5137 5136
f 5189 5136 5190
f 5115 2593 2653
f 5115 2653 5116
f 5116 2653 2712
f 5116 2712 5184
f 5184 2712 2711
f 5184 2711 5186
f 5121 2582 2642
f 5121 2642 5122
f 5122 2642 2690
f 5122 2690 5162
f 5162 2690 2689
f 5162 2689 5164
f 5127 2580 2640
f 5127 2640 5128
f 5128 2640 2686
f 5128 2686 5157
f 5157 2686 2685
f 5157 2685 5158
f 5131 2567 2627
f 5131 2627 5132
f 5132 2627 2660
f 5132 2660 5138
f 5138 2660 2659
f 5138 2659 5140
f 5082 5081 5222
f 5082 5222 2749
f 5221 5223 2749
f 5221 2749 5222
f 5098 5097 5246
f 5098 5246 5191
f 5245 5192 5191
f 5245 5191 5246
f 5084 5083 5225
f 5084 5225 2751
f 5224 5226 2751
f 5224 2751 5225
f 5087 5085 5228
f 5087 5228 2753
f 5227 5229 2753
f 5227 2753 5228
f 2828 5289 2913
f 2828 2913 5402
f 2912 5404 5402
f 2912 5402 2913
f 5436 2936 5372
f 5436 5372 2885
f 2813 2812 2943
f 2813 2943 5442
f 5340 2844 5369
f 5340 5369 2884
f 5322 2837 5388
f 5322 5388 2870
f 5338 2833 5396
f 5338 5396 2862
f 2829 2830 5401
f 2829 5401 5364
f 2819 2802 2803
f 2819 2803 5251
f 2818 2819 5251
f 2818 5251 2805
f 2815 2816 2817
f 2817 2818 2805
f 2806 2807 2808
f 2814 2815 2817
f 2813 2814 2817
f 2806 2808 2809
f 2809 2810 2811
f 2809 2811 2812
f 2805 2806 2809
f 2813 2817 2805
f 2809 2812 2813
f 2805 2809 2813
f 5454 5457 5392
f 5454 5392 5391
f 2936 5440 5375
f 2936 5375 5372
f 5267 5265 2945
f 5267 2945 5444
f 5457 5460 5395
f 5457 5395 5392
f 5431 5433 5368
f 5431 5368 5367
f 5440 5443 5378
f 5440 5378 5375
f 5460 5463 2863
f 5460 2863 5395
f 5443 2942 5381
f 5443 5381 5378
f 5427 5431 5367
f 5427 5367 5366
f 5463 5465 5399
f 5463 5399 2863
f 2942 2944 5384
f 2942 5384 5381
f 2775 2776 2830
f 2775 2830 2829
f 5321 2783 2837
f 5321 2837 5322
f 5337 2779 2833
f 5337 2833 5338
f 5339 2790 2844
f 5339 2844 5340
f 5451 5454 5391
f 5451 5391 2871
f 5433 5436 2885
f 5433 2885 5368
f 5448 5451 2871
f 5448 2871 5387
f 5467 2963 5365
f 5467 5365 5400
f 2963 5427 5366
f 2963 5366 5365
f 2944 5448 5387
f 2944 5387 5384
f 5465 5467 5400
f 5465 5400 5399
f 2816 2815 2937
f 2816 2937 5435
f 2884 5369 5368
f 2884 5368 2885
f 2870 5388 5387
f 2870 5387 2871
f 2862 5396 5395
f 2862 5395 2863
f 5364 5401 5400
f 5364 5400 5365
f 2936 5436 5435
f 2936 5435 2937
f 2942 5443 5442
f 2942 5442 2943
f 2944 2942 5444
f 2944 5444 2945
f 2827 5287 2915
f 2827 2915 5408
f 2914 5410 5408
f 2914 5408 2915
f 5336 2855 5345
f 5336 5345 2906
f 5335 2801 2855
f 5335 2855 5336
f 2906 5345 5344
f 2906 5344 2907
f 5333 2854 5350
f 5333 5350 2904
f 5409 5412 2905
f 5409 2905 5349
f 5403 5409 5349
f 5403 5349 5343
f 2917 5403 5343
f 2917 5343 5347
f 5334 2800 2854
f 5334 2854 5333
f 5412 2917 5347
f 5412 5347 2905
f 2904 5350 5349
f 2904 5349 2905
f 2848 2847 5355
f 2848 5355 5362
f 5293 5296 2901
f 5293 2901 2892
f 2821 2820 2824
f 2824 2823 2822
f 2824 2822 2821
f 2923 5420 5357
f 2923 5357 5360
f 5424 2923 5360
f 5424 5360 5363
f 2822 2823 5421
f 2822 5421 2922
f 5294 5295 5296
f 5294 5296 5293
f 2794 2793 2847
f 2794 2847 2848
f 5414 5418 2893
f 5414 2893 2900
f 5420 5414 2900
f 5420 2900 5357
f 5418 5424 5363
f 5418 5363 2893
f 2900 2893 2892
f 2900 2892 2901
f 2893 5363 5362
f 2893 5362 5355
f 2922 5421 5420
f 2922 5420 2923
f 2852 2853 5352
f 2852 5352 5346
f 2798 2799 2853
f 2798 2853 2852
f 5346 5352 5351
f 5346 5351 5348
f 5323 5326 2903
f 5323 2903 2908
f 5324 5325 5326
f 5324 5326 5323
f 2908 2903 2902
f 2908 2902 2909
f 2851 5306 2899
f 2851 2899 5353
f 2797 5305 5306
f 2797 5306 2851
f 2898 5354 5353
f 2898 5353 2899
f 2850 5311 2897
f 2850 2897 5356
f 2796 5312 5311
f 2796 5311 2850
f 2896 5358 5356
f 2896 5356 2897
f 2804 5249 2961
f 2804 2961 2959
f 5253 5252 2959
f 5253 2959 5462
f 2958 5464 5462
f 2958 5462 2959
f 2960 2958 2959
f 2960 2959 2961
f 2845 2846 2890
f 2845 2890 2888
f 5331 2845 2888
f 5331 2888 2886
f 5332 2791 2845
f 5332 2845 5331
f 2792 5342 5341
f 2792 5341 2846
f 2791 2792 2846
f 2791 2846 2845
f 2890 2857 2856
f 2890 2856 2891
f 2888 2890 2891
f 2888 2891 2889
f 2886 2888 2889
f 2886 2889 2887
f 2846 5341 2857
f 2846 2857 2890
f 5304 2843 5371
f 5304 5371 2882
f 5303 2789 2843
f 5303 2843 5304
f 2882 5371 5370
f 2882 5370 2883
f 5301 2842 5374
f 5301 5374 2880
f 5302 2788 2842
f 5302 2842 5301
f 2880 5374 5373
f 2880 5373 2881
f 5310 2841 5377
f 5310 5377 2878
f 5309 2787 2841
f 5309 2841 5310
f 2878 5377 5376
f 2878 5376 2879
f 5307 2840 5380
f 5307 5380 2876
f 5308 2786 2840
f 5308 2840 5307
f 2876 5380 5379
f 2876 5379 2877
f 5318 2839 5383
f 5318 5383 2874
f 5317 2785 2839
f 5317 2839 5318
f 2874 5383 5382
f 2874 5382 2875
f 5315 2838 5386
f 5315 5386 2872
f 5316 2784 2838
f 5316 2838 5315
f 2872 5386 5385
f 2872 5385 2873
f 5319 2836 5390
f 5319 5390 2868
f 5330 2835 2868
f 5330 2868 2866
f 5320 2782 2836
f 5320 2836 5319
f 5329 2781 2835
f 5329 2835 5330
f 2868 5390 5389
f 2868 5389 2869
f 2866 2868 2869
f 2866 2869 2867
f 5327 2834 5394
f 5327 5394 2864
f 5328 2780 2834
f 5328 2834 5327
f 2864 5394 5393
f 2864 5393 2865
f 5300 2832 5398
f 5300 5398 2860
f 5297 2831 2860
f 5297 2860 2858
f 5298 2777 2831
f 5298 2831 5297
f 5299 2778 2832
f 5299 2832 5300
f 2860 5398 5397
f 2860 5397 2861
f 2858 2860 2861
f 2858 2861 2859
f 2825 2826 5290
f 2825 5290 5291
f 5283 5277 2927
f 5283 2927 2918
f 2918 2927 2926
f 2918 2926 2919
f 5282 5284 5416
f 5282 5416 2920
f 2920 5416 5415
f 2920 5415 2921
f 2849 5314 2895
f 2849 2895 5359
f 2795 5313 5314
f 2795 5314 2849
f 2894 5361 5359
f 2894 5359 2895
f 5276 5275 2931
f 5276 2931 2929
f 5275 5273 2933
f 5275 2933 2931
f 5247 5276 2929
f 5247 2929 2962
f 2928 5428 2962
f 2928 2962 2929
f 2930 2928 2929
f 2930 2929 2931
f 2932 2930 2931
f 2932 2931 2933
f 5266 5263 2947
f 5266 2947 5445
f 2946 5446 5445
f 2946 5445 2947
f 5264 5261 2949
f 5264 2949 5447
f 2948 5449 5447
f 2948 5447 2949
f 5274 5272 2935
f 5274 2935 5432
f 2934 5434 5432
f 2934 5432 2935
f 5279 5281 5423
f 5279 5423 2924
f 2924 5423 5422
f 2924 5422 2925
f 5255 5254 2957
f 5255 2957 5459
f 2956 5461 5459
f 2956 5459 2957
f 5269 5268 2941
f 5269 2941 5439
f 2940 5441 5439
f 2940 5439 2941
f 5257 5256 2955
f 5257 2955 5456
f 2954 5458 5456
f 2954 5456 2955
f 5250 5248 5430
f 5250 5430 5466
f 5429 5468 5466
f 5429 5466 5430
f 5271 5270 2939
f 5271 2939 5437
f 2938 5438 5437
f 2938 5437 2939
f 5288 5285 5407
f 5288 5407 5411
f 5406 5413 5411
f 5406 5411 5407
f 5259 5258 2953
f 5259 2953 5453
f 2952 5455 5453
f 2952 5453 2953
f 5278 5280 5426
f 5278 5426 5417
f 5417 5426 5425
f 5417 5425 5419
f 5262 5260 2951
f 5262 2951 5450
f 2950 5452 5450
f 2950 5450 2951
f 2910 5405 2916
f 2910 2916 2911
f 5286 5292 2911
f 5286 2911 2916
f 3036 3037 3038
f 3036 3038 3039
f 3040 3041 3042
f 3043 3036 3039
f 3039 3040 3042
f 3039 3042 3043
f 3096 3095 3298
f 3096 3298 3300
f 5581 5582 5638
f 5581 5638 5637
f 5597 3197 5622
f 5597 5622 5646
f 3103 3102 3312
f 3103 3312 3314
f 5588 5589 3323
f 5588 3323 3321
f 3088 3087 3282
f 3088 3282 3284
f 3210 3212 5630
f 3210 5630 5629
f 3110 3109 3326
f 3110 3326 3328
f 5595 5596 5645
f 5595 5645 5644
f 3095 3094 3296
f 3095 3296 3298
f 5580 5581 5637
f 5580 5637 5636
f 5486 3115 3338
f 5486 3338 3277
f 3102 3101 3310
f 3102 3310 3312
f 5587 5588 3321
f 5587 3321 3319
f 3087 3086 3280
f 3087 3280 3282
f 3208 3210 5629
f 3208 5629 5628
f 3109 3108 3324
f 3109 3324 3326
f 5594 5595 5644
f 5594 5644 5643
f 3094 3093 3294
f 3094 3294 3296
f 5579 5580 5636
f 5579 5636 5635
f 3101 3100 3308
f 3101 3308 3310
f 5586 5587 3319
f 5586 3319 3317
f 3086 5485 3278
f 3086 3278 3280
f 3206 3208 5628
f 3206 5628 5627
f 3108 3107 3322
f 3108 3322 3324
f 5593 5594 5643
f 5593 5643 5642
f 3093 5493 3292
f 3093 3292 3294
f 5578 5579 5635
f 5578 5635 5634
f 3115 5509 3336
f 3115 3336 3338
f 3100 5500 3306
f 3100 3306 3308
f 5585 5586 3317
f 5585 3317 3315
f 3204 3206 5627
f 3204 5627 5626
f 5504 5505 3142
f 5504 3142 3141
f 5488 5489 3120
f 5488 3120 3119
f 3098 3099 3131
f 3098 3131 3130
f 3107 3108 3140
f 3107 3140 3139
f 3085 5487 3118
f 3085 3118 3117
f 5497 3097 3129
f 5497 3129 3128
f 3105 3106 3138
f 3105 3138 3137
f 5495 5496 3127
f 5495 3127 3126
f 3114 5510 3147
f 3114 3147 3146
f 3103 3104 3136
f 3103 3136 3135
f 3092 5494 3125
f 3092 3125 3124
f 3112 3113 3145
f 3112 3145 3144
f 5502 5503 3134
f 5502 3134 3133
f 3090 3091 3123
f 3090 3123 3122
f 5505 3111 3143
f 5505 3143 3142
f 5489 3089 3121
f 5489 3121 3120
f 3099 5501 3132
f 3099 3132 3131
f 3108 5504 3141
f 3108 3141 3140
f 5487 5488 3119
f 5487 3119 3118
f 3097 3098 3130
f 3097 3130 3129
f 3106 3107 3139
f 3106 3139 3138
f 3084 3085 3117
f 3084 3117 3116
f 5496 5497 3128
f 5496 3128 3127
f 5510 3084 3116
f 5510 3116 3147
f 3104 3105 3137
f 3104 3137 3136
f 5494 5495 3126
f 5494 3126 3125
f 3113 3114 3146
f 3113 3146 3145
f 5503 3103 3135
f 5503 3135 3134
f 3091 3092 3124
f 3091 3124 3123
f 3111 3112 3144
f 3111 3144 3143
f 5501 5502 3133
f 5501 3133 3132
f 3089 3090 3122
f 3089 3122 3121
f 3143 3144 3176
f 3143 3176 3175
f 3132 3133 3165
f 3132 3165 3164
f 3121 3122 3154
f 3121 3154 3153
f 3141 3142 3174
f 3141 3174 3173
f 3119 3120 3152
f 3119 3152 3151
f 3130 3131 3163
f 3130 3163 3162
f 3139 3140 3172
f 3139 3172 3171
f 3117 3118 3150
f 3117 3150 3149
f 3128 3129 3161
f 3128 3161 3160
f 3137 3138 3170
f 3137 3170 3169
f 3126 3127 3159
f 3126 3159 3158
f 3146 3147 3179
f 3146 3179 3178
f 3135 3136 3168
f 3135 3168 3167
f 3124 3125 3157
f 3124 3157 3156
f 3144 3145 3177
f 3144 3177 3176
f 3133 3134 3166
f 3133 3166 3165
f 3122 3123 3155
f 3122 3155 3154
f 3142 3143 3175
f 3142 3175 3174
f 3120 3121 3153
f 3120 3153 3152
f 3131 3132 3164
f 3131 3164 3163
f 3140 3141 3173
f 3140 3173 3172
f 3118 3119 3151
f 3118 3151 3150
f 3129 3130 3162
f 3129 3162 3161
f 3138 3139 3171
f 3138 3171 3170
f 3116 3117 3149
f 3116 3149 3148
f 3127 3128 3160
f 3127 3160 3159
f 3147 3116 3148
f 3147 3148 3179
f 3136 3137 3169
f 3136 3169 3168
f 3125 3126 3158
f 3125 3158 3157
f 3145 3146 3178
f 3145 3178 3177
f 3134 3135 3167
f 3134 3167 3166
f 3123 3124 3156
f 3123 3156 3155
f 3018 3017 5524
f 3018 5524 5525
f 2997 2998 3078
f 2997 3078 3077
f 3033 3032 5533
f 3033 5533 5534
f 2975 2976 3056
f 2975 3056 3055
f 2990 2991 3071
f 2990 3071 3070
f 3011 3010 5517
f 3011 5517 5518
f 3026 3025 3169
f 3026 3169 3170
f 2983 2984 3064
f 2983 3064 3063
f 3019 3018 5525
f 3019 5525 5526
f 2998 2999 3079
f 2998 3079 3078
f 3034 3033 5534
f 3034 5534 5535
f 2976 2977 3057
f 2976 3057 3056
f 3012 3011 5518
f 3012 5518 5519
f 2991 2992 3072
f 2991 3072 3071
f 3027 3026 3170
f 3027 3170 3171
f 2984 2985 3065
f 2984 3065 3064
f 3005 3004 5512
f 3005 5512 5511
f 3020 3019 5526
f 3020 5526 5527
f 2999 3000 3080
f 2999 3080 3079
f 3035 3034 5535
f 3035 5535 5536
f 2977 2978 3058
f 2977 3058 3057
f 3013 3012 5519
f 3013 5519 5520
f 2992 2993 3073
f 2992 3073 3072
f 3028 3027 3171
f 3028 3171 3172
f 3006 3005 5511
f 3006 5511 5513
f 2985 2986 3066
f 2985 3066 3065
f 3021 3020 5527
f 3021 5527 5528
f 3000 3001 3081
f 3000 3081 3080
f 3004 3035 5536
f 3004 5536 5512
f 2978 2979 3059
f 2978 3059 3058
f 2993 2994 3074
f 2993 3074 3073
f 3014 3013 5520
f 3014 5520 5521
f 3029 3028 3172
f 3029 3172 5530
f 2986 2987 3067
f 2986 3067 3066
f 3007 3006 5513
f 3007 5513 5514
f 3022 3021 5528
f 3022 5528 5529
f 3001 3002 3082
f 3001 3082 3081
f 2979 2980 3060
f 2979 3060 3059
f 2994 2995 3075
f 2994 3075 3074
f 3015 3014 5521
f 3015 5521 5522
f 3030 3029 5530
f 3030 5530 5531
f 2972 2973 3053
f 2972 3053 3052
f 2987 2988 3068
f 2987 3068 3067
f 3008 3007 5514
f 3008 5514 5515
f 3023 3022 5529
f 3023 5529 3167
f 3002 3003 3083
f 3002 3083 3082
f 2980 2981 3061
f 2980 3061 3060
f 3016 3015 5522
f 3016 5522 5523
f 2995 2996 3076
f 2995 3076 3075
f 3031 3030 5531
f 3031 5531 5532
f 2973 2974 3054
f 2973 3054 3053
f 3009 3008 5515
f 3009 5515 5516
f 2988 2989 3069
f 2988 3069 3068
f 3024 3023 3167
f 3024 3167 3168
f 3003 2972 3052
f 3003 3052 3083
f 2981 2982 3062
f 2981 3062 3061
f 3017 3016 5523
f 3017 5523 5524
f 2996 2997 3077
f 2996 3077 3076
f 3032 3031 5532
f 3032 5532 5533
f 2974 2975 3055
f 2974 3055 3054
f 3010 3009 5516
f 3010 5516 5517
f 2989 2990 3070
f 2989 3070 3069
f 3025 3024 3168
f 3025 3168 3169
f 2982 2983 3063
f 2982 3063 3062
f 5506 3110 3328
f 5506 3328 3330
f 5490 3088 3284
f 5490 3284 3286
f 3065 3066 3225
f 3065 3225 3223
f 3075 3076 3245
f 3075 3245 3243
f 3083 3052 3196
f 3083 3196 3259
f 3063 3064 3221
f 3063 3221 3219
f 3053 3054 3201
f 3053 3201 3199
f 3072 3073 3239
f 3072 3239 3237
f 3062 3063 3219
f 3062 3219 3217
f 3082 3083 3259
f 3082 3259 3257
f 3070 3071 3235
f 3070 3235 3233
f 3060 3061 3215
f 3060 3215 3213
f 3079 3080 3253
f 3079 3253 3251
f 3069 3070 3233
f 3069 3233 3231
f 3057 3058 3209
f 3057 3209 3207
f 3077 3078 3249
f 3077 3249 3247
f 3055 3056 3205
f 3055 3205 3203
f 3067 3068 3229
f 3067 3229 3227
f 3076 3077 3247
f 3076 3247 3245
f 3054 3055 3203
f 3054 3203 3201
f 3064 3065 3223
f 3064 3223 3221
f 3073 3074 3241
f 3073 3241 3239
f 5498 3096 3300
f 5498 3300 3302
f 3071 3072 3237
f 3071 3237 3235
f 3061 3062 3217
f 3061 3217 3215
f 3080 3081 3255
f 3080 3255 3253
f 3104 3103 3314
f 3104 3314 3316
f 3058 3059 3211
f 3058 3211 3209
f 3078 3079 3251
f 3078 3251 3249
f 3056 3057 3207
f 3056 3207 3205
f 3068 3069 3231
f 3068 3231 3229
f 5596 5597 5646
f 5596 5646 5645
f 5507 5506 3330
f 5507 3330 3332
f 3212 3214 5631
f 3212 5631 5630
f 5491 5490 3286
f 5491 3286 3288
f 5589 5590 3325
f 5589 3325 3323
f 3105 3104 3316
f 3105 3316 3318
f 5573 5575 5624
f 5573 5624 5623
f 5582 5583 5639
f 5582 5639 5638
f 5499 5498 3302
f 5499 3302 3304
f 3197 5573 5623
f 3197 5623 5622
f 5485 5486 3277
f 5485 3277 3278
f 5508 5507 3332
f 5508 3332 3334
f 3214 5576 5632
f 3214 5632 5631
f 5492 5491 3288
f 5492 3288 3290
f 5590 5591 3327
f 5590 3327 3325
f 3106 3105 3318
f 3106 3318 3320
f 5575 3202 5625
f 5575 5625 5624
f 5583 5584 5640
f 5583 5640 5639
f 5500 5499 3304
f 5500 3304 3306
f 3052 3053 3199
f 3052 3199 3196
f 5509 5508 3334
f 5509 3334 3336
f 5576 5577 5633
f 5576 5633 5632
f 5493 5492 3290
f 5493 3290 3292
f 5591 5592 5641
f 5591 5641 3327
f 3107 3106 3320
f 3107 3320 3322
f 3202 3204 5626
f 3202 5626 5625
f 5584 5585 3315
f 5584 3315 5640
f 3066 3067 3227
f 3066 3227 3225
f 3081 3082 3257
f 3081 3257 3255
f 5577 5578 5634
f 5577 5634 5633
f 3059 3060 3213
f 3059 3213 3211
f 5592 5593 5642
f 5592 5642 5641
f 3074 3075 3243
f 3074 3243 3241
f 3198 5574 3196
f 3198 3196 3199
f 3200 3198 3199
f 3200 3199 3201
f 3202 3200 3201
f 3202 3201 3203
f 3204 3202 3203
f 3204 3203 3205
f 3206 3204 3205
f 3206 3205 3207
f 3208 3206 3207
f 3208 3207 3209
f 3210 3208 3209
f 3210 3209 3211
f 3212 3210 3211
f 3212 3211 3213
f 3214 3212 3213
f 3214 3213 3215
f 3216 3214 3215
f 3216 3215 3217
f 3218 3216 3217
f 3218 3217 3219
f 3220 3218 3219
f 3220 3219 3221
f 3222 3220 3221
f 3222 3221 3223
f 3224 3222 3223
f 3224 3223 3225
f 3226 3224 3225
f 3226 3225 3227
f 3228 3226 3227
f 3228 3227 3229
f 3230 3228 3229
f 3230 3229 3231
f 3232 3230 3231
f 3232 3231 3233
f 3234 3232 3233
f 3234 3233 3235
f 3236 3234 3235
f 3236 3235 3237
f 3238 3236 3237
f 3238 3237 3239
f 3240 3238 3239
f 3240 3239 3241
f 3242 3240 3241
f 3242 3241 3243
f 3244 3242 3243
f 3244 3243 3245
f 3246 3244 3245
f 3246 3245 3247
f 3248 3246 3247
f 3248 3247 3249
f 3250 3248 3249
f 3250 3249 3251
f 3252 3250 3251
f 3252 3251 3253
f 3254 3252 3253
f 3254 3253 3255
f 3256 3254 3255
f 3256 3255 3257
f 3258 3256 3257
f 3258 3257 3259
f 5574 3258 3259
f 5574 3259 3196
f 3278 3277 3276
f 3278 3276 3279
f 3280 3278 3279
f 3280 3279 3281
f 3282 3280 3281
f 3282 3281 3283
f 3284 3282 3283
f 3284 3283 3285
f 3286 3284 3285
f 3286 3285 3287
f 3288 3286 3287
f 3288 3287 3289
f 3290 3288 3289
f 3290 3289 3291
f 3292 3290 3291
f 3292 3291 3293
f 3294 3292 3293
f 3294 3293 3295
f 3296 3294 3295
f 3296 3295 3297
f 3298 3296 3297
f 3298 3297 3299
f 3300 3298 3299
f 3300 3299 3301
f 3302 3300 3301
f 3302 3301 3303
f 3304 3302 3303
f 3304 3303 3305
f 3306 3304 3305
f 3306 3305 3307
f 3308 3306 3307
f 3308 3307 3309
f 3310 3308 3309
f 3310 3309 3311
f 3312 3310 3311
f 3312 3311 3313
f 3314 3312 3313
f 3314 3313 3315
f 3316 3314 3315
f 3316 3315 3317
f 3318 3316 3317
f 3318 3317 3319
f 3320 3318 3319
f 3320 3319 3321
f 3322 3320 3321
f 3322 3321 3323
f 3324 3322 3323
f 3324 3323 3325
f 3326 3324 3325
f 3326 3325 3327
f 3328 3326 3327
f 3328 3327 3329
f 3330 3328 3329
f 3330 3329 3331
f 3332 3330 3331
f 3332 3331 3333
f 3334 3332 3333
f 3334 3333 3335
f 3336 3334 3335
f 3336 3335 3337
f 3338 3336 3337
f 3338 3337 3339
f 3277 3338 3339
f 3277 3339 3276
f 3271 3269 5564
f 3271 5564 5567
f 3269 3267 5561
f 3269 5561 5564
f 3267 3265 5558
f 3267 5558 5561
f 3265 3263 3182
f 3265 3182 5558
f 5539 2970 3050
f 5539 3050 5540
f 2964 2965 3045
f 2964 3045 3044
f 5540 3050 3193
f 5540 3193 5566
f 3044 3045 3183
f 3044 3183 3180
f 3273 3271 5567
f 3273 5567 3192
f 3275 3273 3192
f 3275 3192 5571
f 3263 5599 3181
f 3263 3181 3182
f 5599 3275 5571
f 5599 5571 3181
f 3180 3183 3182
f 3180 3182 3181
f 5566 3193 3192
f 5566 3192 5567
f 5479 5477 5612
f 5479 5612 3270
f 5611 5613 3270
f 5611 3270 5612
f 5478 5475 5609
f 5478 5609 3268
f 5608 5610 3268
f 5608 3268 5609
f 5476 5473 5606
f 5476 5606 3266
f 5605 5607 3266
f 5605 3266 5606
f 5538 2969 3049
f 5538 3049 5537
f 5537 3049 3191
f 5537 3191 5563
f 5563 3191 3190
f 5563 3190 5565
f 5541 2971 3051
f 5541 3051 5542
f 5542 3051 3195
f 5542 3195 5568
f 5568 3195 3194
f 5568 3194 5569
f 5543 5545 5546
f 5543 5546 5544
f 5544 5546 5554
f 5544 5554 5570
f 5570 5554 5553
f 5570 5553 5572
f 5547 2966 3046
f 5547 3046 5548
f 5548 3046 3185
f 5548 3185 5555
f 5555 3185 3184
f 5555 3184 5556
f 5549 2967 3047
f 5549 3047 5550
f 5550 3047 3187
f 5550 3187 5557
f 5557 3187 3186
f 5557 3186 5559
f 5551 2968 3048
f 5551 3048 5552
f 5552 3048 3189
f 5552 3189 5560
f 5560 3189 3188
f 5560 3188 5562
f 5481 5480 5615
f 5481 5615 3272
f 5614 5616 3272
f 5614 3272 5615
f 5483 5482 5618
f 5483 5618 3274
f 5617 5619 3274
f 5617 3274 5618
f 5469 5484 5621
f 5469 5621 5598
f 5620 5600 5598
f 5620 5598 5621
f 5474 5471 5603
f 5474 5603 3264
f 5602 5604 3264
f 5602 3264 5603
f 3260 5601 3262
f 3260 3262 3261
f 5472 5470 3261
f 5472 3261 3262
f 3486 5844 5773
f 3486 5773 5770
f 3381 3380 3493
f 3381 3493 5846
f 5713 3401 5795
f 5713 5795 3434
f 5728 3398 5802
f 5728 5802 3428
f 5831 5834 5761
f 5831 5761 5758
f 3368 3369 3370
f 3368 3370 3371
f 3367 3368 3371
f 3387 3388 3366
f 3386 3387 3366
f 3386 3366 3367
f 3380 3381 3382
f 3375 3376 3377
f 3373 3374 3375
f 3373 3375 3377
f 3373 3377 3378
f 3372 3373 3378
f 3379 3380 3382
f 3379 3382 3383
f 3372 3378 3379
f 3385 3386 3367
f 3384 3385 3367
f 3372 3379 3383
f 3384 3367 3371
f 3372 3383 3384
f 3371 3372 3384
f 3516 5883 5814
f 3516 5814 5811
f 5861 5864 3435
f 5861 3435 5794
f 5844 5847 5776
f 5844 5776 5773
f 5883 3521 5756
f 5883 5756 5814
f 5825 5831 5758
f 5825 5758 5752
f 5864 5867 5798
f 5864 5798 3435
f 5847 3492 5779
f 5847 5779 5776
f 5867 5870 5801
f 5867 5801 5798
f 3492 5851 5782
f 3492 5782 5779
f 3521 5825 5752
f 3521 5752 5756
f 5870 5873 3429
f 5870 3429 5801
f 5714 3349 3401
f 5714 3401 5713
f 5727 3346 3398
f 5727 3398 5728
f 5858 5861 5794
f 5858 5794 5791
f 5879 3516 5811
f 5879 5811 5808
f 5840 3486 5770
f 5840 5770 5767
f 5856 5858 5791
f 5856 5791 5788
f 5876 5879 5808
f 5876 5808 5805
f 5837 5840 5767
f 5837 5767 5764
f 5854 5856 5788
f 5854 5788 5785
f 3369 3368 3517
f 3369 3517 5878
f 5873 5876 5805
f 5873 5805 3429
f 3384 3383 3487
f 3384 3487 5839
f 5834 5837 5764
f 5834 5764 5761
f 5851 5854 5785
f 5851 5785 5782
f 3434 5795 5794
f 3434 5794 3435
f 3428 5802 5801
f 3428 5801 3429
f 3486 5840 5839
f 3486 5839 3487
f 3492 5847 5846
f 3492 5846 3493
f 3516 5879 5878
f 3516 5878 3517
f 3391 5687 3473
f 3391 3473 5817
f 3472 5819 5817
f 3472 5817 3473
f 5733 3417 5745
f 5733 5745 3466
f 5734 3365 3417
f 5734 3417 5733
f 3466 5745 5744
f 3466 5744 3467
f 3392 3393 5816
f 3392 5816 5755
f 3340 3341 3393
f 3340 3393 3392
f 5755 5816 5815
f 5755 5815 5757
f 3415 3416 5751
f 3415 5751 5746
f 3363 3364 3416
f 3363 3416 3415
f 5746 5751 5750
f 5746 5750 5748
f 5703 3414 5754
f 5703 5754 3460
f 5704 3362 3414
f 5704 3414 5703
f 3460 5754 5753
f 3460 5753 3461
f 5712 3413 5760
f 5712 5760 3458
f 5711 3361 3413
f 5711 3413 5712
f 3458 5760 5759
f 3458 5759 3459
f 5709 3412 5763
f 5709 5763 3456
f 5710 3360 3412
f 5710 3412 5709
f 3456 5763 5762
f 3456 5762 3457
f 5720 3411 5766
f 5720 5766 3454
f 5719 3359 3411
f 5719 3411 5720
f 3454 5766 5765
f 3454 5765 3455
f 5717 3410 5769
f 5717 5769 3452
f 5718 3358 3410
f 5718 3410 5717
f 3452 5769 5768
f 3452 5768 3453
f 5732 3409 5772
f 5732 5772 3450
f 5731 3357 3409
f 5731 3409 5732
f 3450 5772 5771
f 3450 5771 3451
f 5729 3408 5775
f 5729 5775 3448
f 5730 3356 3408
f 5730 3408 5729
f 3448 5775 5774
f 3448 5774 3449
f 5740 3407 5778
f 5740 5778 3446
f 5739 3355 3407
f 5739 3407 5740
f 3446 5778 5777
f 3446 5777 3447
f 5702 3406 5781
f 5702 5781 3444
f 5701 3354 3406
f 5701 3406 5702
f 3444 5781 5780
f 3444 5780 3445
f 5699 3405 5784
f 5699 5784 3442
f 5700 3353 3405
f 5700 3405 5699
f 3442 5784 5783
f 3442 5783 3443
f 5708 3404 5787
f 5708 5787 3440
f 5707 3352 3404
f 5707 3404 5708
f 3440 5787 5786
f 3440 5786 3441
f 5705 3403 5790
f 5705 5790 3438
f 5706 3351 3403
f 5706 3403 5705
f 3438 5790 5789
f 3438 5789 3439
f 5716 3402 5793
f 5716 5793 3436
f 5715 3350 3402
f 5715 3402 5716
f 3436 5793 5792
f 3436 5792 3437
f 5724 3400 5797
f 5724 5797 3432
f 5723 3348 3400
f 5723 3400 5724
f 3432 5797 5796
f 3432 5796 3433
f 5721 3399 5800
f 5721 5800 3430
f 5722 3347 3399
f 5722 3399 5721
f 3430 5800 5799
f 3430 5799 3431
f 5725 3397 5804
f 5725 5804 3426
f 5726 3345 3397
f 5726 3397 5725
f 3426 5804 5803
f 3426 5803 3427
f 5738 3396 5807
f 5738 5807 3424
f 5737 3344 3396
f 5737 3396 5738
f 3424 5807 5806
f 3424 5806 3425
f 5698 3395 5810
f 5698 5810 3422
f 5697 3343 3395
f 5697 3395 5698
f 3422 5810 5809
f 3422 5809 3423
f 5695 3394 5813
f 5695 5813 3420
f 5696 3342 3394
f 5696 3394 5695
f 3420 5813 5812
f 3420 5812 3421
f 3389 3390 5688
f 3475 5818 5743
f 3475 5743 5747
f 3390 3389 5821
f 3390 5821 5822
f 5818 5823 5749
f 5818 5749 5743
f 5823 3475 5747
f 5823 5747 5749
f 3475 5823 5822
f 3475 5822 5821
f 5685 5683 3479
f 5685 3479 5824
f 3478 5826 5824
f 3478 5824 3479
f 5659 5657 3509
f 5659 3509 5866
f 3508 5868 5866
f 3508 5866 3509
f 5673 5671 3495
f 5673 3495 5848
f 3494 5849 5848
f 3494 5848 3495
f 5684 5681 3481
f 5684 3481 5830
f 3480 5832 5830
f 3480 5830 3481
f 5658 5655 3511
f 5658 3511 5869
f 3510 5871 5869
f 3510 5869 3511
f 5672 5669 3497
f 5672 3497 5850
f 3496 5852 5850
f 3496 5850 3497
f 5647 5686 3477
f 5647 3477 3520
f 3476 5827 3520
f 3476 3520 3477
f 5682 5679 3483
f 5682 3483 5833
f 3482 5835 5833
f 3482 5833 3483
f 5656 5653 3513
f 5656 3513 5872
f 3512 5874 5872
f 3512 5872 3513
f 5670 5667 3499
f 5670 3499 5853
f 5668 5666 3501
f 5668 3501 3499
f 3498 5855 5853
f 3498 5853 3499
f 3500 3498 3499
f 3500 3499 3501
f 5680 5678 3485
f 5680 3485 5836
f 3484 5838 5836
f 3484 5836 3485
f 5654 5652 3515
f 5654 3515 5875
f 3514 5877 5875
f 3514 5875 3515
f 5692 5693 5694
f 5692 5694 5691
f 3462 3419 3418
f 3462 3418 3463
f 5691 5694 3419
f 5691 3419 3462
f 5735 5742 5741
f 5735 5741 5736
f 5736 5741 3465
f 5736 3465 3468
f 3468 3465 3464
f 3468 3464 3469
f 5661 5660 3507
f 5661 3507 5863
f 3506 5865 5863
f 3506 5863 3507
f 5675 5674 3491
f 5675 3491 5843
f 3490 5845 5843
f 3490 5843 3491
f 5663 5662 3505
f 5663 3505 5860
f 3504 5862 5860
f 3504 5860 3505
f 5651 5649 3519
f 5651 3519 5880
f 3518 5881 5880
f 3518 5880 3519
f 5677 5676 3489
f 5677 3489 5841
f 3488 5842 5841
f 3488 5841 3489
f 5665 5664 3503
f 5665 3503 5857
f 3502 5859 5857
f 3502 5857 3503
f 5650 5648 5829
f 5650 5829 5882
f 5828 5884 5882
f 5828 5882 5829
f 3470 5820 3474
f 3470 3474 3471
f 5690 5689 3471
f 5690 3471 3474
f 3560 3561 5995
f 3560 5995 5952
f 3522 3523 3561
f 3522 3561 3560
f 5952 5995 5994
f 5952 5994 5954
f 5918 3578 5951
f 5918 5951 3613
f 5917 3540 3578
f 5917 3578 5918
f 3613 5951 5950
f 3613 5950 3614
f 5915 3577 5957
f 5915 5957 3611
f 5916 3539 3577
f 5916 3577 5915
f 3611 5957 5956
f 3611 5956 3612
f 5926 3576 5960
f 5926 5960 3609
f 5925 3538 3576
f 5925 3576 5926
f 3609 5960 5959
f 3609 5959 3610
f 5923 3575 5963
f 5923 5963 3607
f 5924 3537 3575
f 5924 3575 5923
f 3607 5963 5962
f 3607 5962 3608
f 5934 3574 5966
f 5934 5966 3605
f 5933 3536 3574
f 5933 3574 5934
f 3605 5966 5965
f 3605 5965 3606
f 5931 3573 5969
f 5931 5969 3603
f 5932 3535 3573
f 5932 3573 5931
f 3603 5969 5968
f 3603 5968 3604
f 5938 3572 5972
f 5938 5972 3601
f 5937 3534 3572
f 5937 3572 5938
f 3601 5972 5971
f 3601 5971 3602
f 5935 3571 5975
f 5935 5975 3599
f 5936 3533 3571
f 5936 3571 5935
f 3599 5975 5974
f 3599 5974 3600
f 5942 3570 5978
f 5942 5978 3597
f 5941 3532 3570
f 5941 3570 5942
f 3597 5978 5977
f 3597 5977 3598
f 5939 3569 5980
f 5939 5980 3595
f 3566 3567 5985
f 3566 5985 3591
f 5919 3566 3591
f 5919 3591 3589
f 5930 3563 5990
f 5930 5990 3583
f 5999 3621 5958
f 5999 5958 5955
f 3542 3543 3544
f 3542 3544 3545
f 3558 3559 3541
f 3556 3557 3558
f 3553 3554 3555
f 3555 3556 3558
f 3541 3542 3545
f 3541 3545 3546
f 3551 3552 3553
f 3548 3549 3550
f 3550 3551 3553
f 3550 3553 3555
f 3547 3548 3550
f 3541 3546 3547
f 3550 3555 3558
f 3558 3541 3547
f 3547 3550 3558
f 5906 5904 3632
f 5906 3632 6009
f 6010 3631 5973
f 6010 5973 5970
f 6028 6030 5988
f 6028 5988 3590
f 6003 6006 5964
f 6003 5964 5961
f 6020 6023 5983
f 6020 5983 3596
f 3617 5999 5955
f 3617 5955 5949
f 6038 3654 5953
f 6038 5953 5993
f 5914 5913 3620
f 5914 3620 3618
f 3631 6014 5976
f 3631 5976 5973
f 6030 6032 5989
f 6030 5989 5988
f 3555 3554 3628
f 3555 3628 6005
f 6006 3627 5967
f 6006 5967 5964
f 6023 6025 3592
f 6023 3592 5983
f 5920 3528 3566
f 5920 3566 5919
f 5940 3531 3569
f 5940 3569 5939
f 3528 3529 3567
f 3528 3567 3566
f 5929 3525 3563
f 5929 3563 5930
f 6035 6038 5993
f 6035 5993 3584
f 6017 6020 3596
f 6017 3596 5979
f 3621 6003 5961
f 3621 5961 5958
f 6025 6028 3590
f 6025 3590 3592
f 3627 6010 5970
f 3627 5970 5967
f 6032 6035 3584
f 6032 3584 5989
f 6014 6017 5979
f 6014 5979 5976
f 3558 3557 3622
f 3558 3622 5998
f 3654 3617 5949
f 3654 5949 5953
f 3595 5980 5979
f 3595 5979 3596
f 3591 5985 5984
f 3591 5984 3592
f 3589 3591 3592
f 3589 3592 3590
f 3583 5990 5989
f 3583 5989 3584
f 3617 3654 3653
f 3617 3653 3618
f 3619 3617 3618
f 3619 3618 3620
f 3621 5999 5998
f 3621 5998 3622
f 3627 6006 6005
f 3627 6005 3628
f 3631 6010 6009
f 3631 6009 3632
f 3541 3559 3618
f 3541 3618 3653
f 5946 3568 5982
f 5946 5982 3593
f 5945 3530 3568
f 5945 3568 5946
f 3593 5982 5981
f 3593 5981 3594
f 3564 3565 5987
f 3564 5987 3587
f 5921 3564 3587
f 5921 3587 3585
f 5922 3526 3564
f 5922 3564 5921
f 3526 3527 3565
f 3526 3565 3564
f 3587 5987 5986
f 3587 5986 3588
f 3585 3587 3588
f 3585 3588 3586
f 5927 3562 5992
f 5927 5992 3581
f 5928 3524 3562
f 5928 3562 5927
f 3581 5992 5991
f 3581 5991 3582
f 5893 5892 3646
f 5893 3646 6027
f 5892 5890 3648
f 5892 3648 3646
f 3645 6029 6027
f 3645 6027 3646
f 3647 3645 3646
f 3647 3646 3648
f 5910 5909 3626
f 5910 3626 6002
f 3625 6004 6002
f 3625 6002 3626
f 5898 5896 3640
f 5898 3640 6019
f 3639 6021 6019
f 3639 6019 3640
f 5905 5902 3634
f 5905 3634 6011
f 3633 6012 6011
f 3633 6011 3634
f 5897 5895 3642
f 5897 3642 6022
f 5895 5894 3644
f 5895 3644 3642
f 3641 6024 6022
f 3641 6022 3642
f 3643 6026 3642
f 3643 3642 3644
f 5943 5948 5947
f 5943 5947 5944
f 3615 3580 3579
f 3615 3579 3616
f 5944 5947 3580
f 5944 3580 3615
f 5888 5886 3652
f 5888 3652 6034
f 3651 6036 6034
f 3651 6034 3652
f 5900 5899 3638
f 5900 3638 6016
f 3637 6018 6016
f 3637 6016 3638
f 5912 5911 3624
f 5912 3624 6000
f 3623 6001 6000
f 3623 6000 3624
f 5908 5907 3630
f 5908 3630 6007
f 3629 6008 6007
f 3629 6007 3630
f 5887 5885 5997
f 5887 5997 6037
f 5996 6039 6037
f 5996 6037 5997
f 5891 5889 3650
f 5891 3650 6031
f 3649 6033 6031
f 3649 6031 3650
f 5903 5901 3636
f 5903 3636 6013
f 3635 6015 6013
f 3635 6013 3636
f 3681 3682 3699
f 3681 3699 3700
f 3788 3786 3745
f 3788 3745 6150
f 3774 3772 6130
f 3774 6130 6133
f 3681 3700 6219
f 3681 6219 6168
f 3794 3792 3751
f 3794 3751 6157
f 3780 3778 6139
f 3780 6139 6142
f 3800 3798 6163
f 3800 6163 6166
f 3766 3764 6119
f 3766 6119 6121
f 3786 3784 6146
f 3786 6146 3745
f 3772 3770 6127
f 3772 6127 6130
f 3684 3683 6174
f 3684 6174 3767
f 3792 3790 6153
f 3792 6153 3751
f 3778 3776 6136
f 3778 6136 6139
f 3682 3683 6071
f 3682 6071 3699
f 3696 6045 3686
f 3686 6050 6065
f 3686 6065 3696
f 6050 6051 6064
f 6050 6064 6065
f 3693 6064 6051
f 3693 6051 3692
f 6051 3689 3692
f 3689 3690 6057
f 3689 6057 3692
f 3683 3684 3804
f 3683 3804 3801
f 6233 6234 6231
f 6233 6231 6220
f 6089 3667 3713
f 6089 3713 6088
f 6093 3665 3711
f 6093 3711 6092
f 3696 3697 3810
f 3696 3810 6225
f 6071 3683 3801
f 6071 3801 3812
f 6082 3670 3716
f 6082 3716 6083
f 6045 3696 6225
f 6045 6225 3806
f 3697 6071 3812
f 3697 3812 3810
f 3684 6045 3806
f 3684 3806 3804
f 6048 6046 6178
f 6048 6178 3771
f 6053 6052 6185
f 6053 6185 3777
f 6092 3711 3742
f 6092 3742 6141
f 6083 3716 3752
f 6083 3752 6152
f 3764 6169 6116
f 3764 6116 6119
f 3768 3766 6121
f 3768 6121 6124
f 3782 3780 6142
f 3782 6142 3741
f 3796 3794 6157
f 3796 6157 6160
f 3776 3774 6133
f 3776 6133 6136
f 6088 3713 3746
f 6088 3746 6145
f 3790 3788 6150
f 3790 6150 6153
f 3770 3768 6124
f 3770 6124 6127
f 3784 3782 3741
f 3784 3741 6146
f 6169 3800 6166
f 6169 6166 6116
f 3798 3796 6160
f 3798 6160 6163
f 6141 3742 3741
f 6141 3741 6142
f 6145 3746 3745
f 6145 3745 6146
f 6152 3752 3751
f 6152 3751 6153
f 3766 3768 3767
f 3766 3767 6174
f 3770 3772 3771
f 3770 3771 6178
f 3776 3778 3777
f 3776 3777 6185
f 3800 6169 6168
f 3800 6168 6219
f 3801 3804 3803
f 3801 3803 3802
f 6220 6231 3812
f 6220 3812 3801
f 3676 3675 3802
f 3676 3802 3803
f 3685 6044 6176
f 3685 6176 3769
f 6175 6177 3769
f 6175 3769 6176
f 3695 6063 6202
f 3695 6202 3789
f 6201 6203 3789
f 6201 3789 6202
f 3688 6049 6183
f 3688 6183 3775
f 6182 6184 3775
f 6182 3775 6183
f 3698 6069 6211
f 3698 6211 3795
f 6210 6212 3795
f 6210 3795 6211
f 3691 6055 6190
f 3691 6190 3781
f 6189 6191 3781
f 6189 3781 6190
f 3694 6061 6199
f 3694 6199 3787
f 6198 6200 3787
f 6198 3787 6199
f 3687 6047 6180
f 3687 6180 3773
f 6179 6181 3773
f 6179 3773 6180
f 3679 3678 3808
f 3679 3808 3809
f 3807 6227 3809
f 3807 3809 3808
f 3680 6236 6229
f 3680 6229 3811
f 6228 6230 3811
f 6228 3811 6229
f 6235 3677 3805
f 6235 3805 6224
f 3677 6232 6222
f 3677 6222 3805
f 6221 6223 3805
f 6221 3805 6222
f 6223 6226 6224
f 6223 6224 3805
f 6077 3658 3704
f 6077 3704 6076
f 6076 3704 3728
f 6076 3728 6120
f 6120 3728 3727
f 6120 3727 6122
f 6081 3669 3715
f 6081 3715 6080
f 6080 3715 3750
f 6080 3750 6149
f 6149 3750 3749
f 6149 3749 6151
f 3655 3656 3702
f 3655 3702 3701
f 6086 3657 3703
f 6086 3703 6087
f 3701 3702 3724
f 3701 3724 3721
f 6087 3703 3726
f 6087 3726 3724
f 3721 3724 3723
f 3721 3723 3722
f 3724 3726 3725
f 3724 3725 3723
f 6097 3674 3720
f 6097 3720 6096
f 6096 3720 3760
f 6096 3760 6162
f 6162 3760 3759
f 6162 3759 6164
f 6101 3663 3709
f 6101 3709 6100
f 6100 3709 3738
f 6100 3738 6135
f 6135 3738 3737
f 6135 3737 6137
f 6105 3672 3718
f 6105 3718 6104
f 6104 3718 3756
f 6104 3756 6156
f 6156 3756 3755
f 6156 3755 6158
f 6109 3661 3707
f 6109 3707 6108
f 6108 3707 3734
f 6108 3734 6129
f 6129 3734 3733
f 6129 3733 6131
f 6078 3659 3705
f 6078 3705 6079
f 6079 3705 3730
f 6079 3730 6123
f 6123 3730 3729
f 6123 3729 6125
f 6090 3668 3714
f 6090 3714 6091
f 6091 3714 3748
f 6091 3748 6147
f 6147 3748 3747
f 6147 3747 6148
f 6094 3666 3712
f 6094 3712 6095
f 6095 3712 3744
f 6095 3744 6143
f 6143 3744 3743
f 6143 3743 6144
f 6098 6085 6084
f 6098 6084 6099
f 6099 6084 6118
f 6099 6118 6165
f 6165 6118 6117
f 6165 6117 6167
f 6102 3664 3710
f 6102 3710 6103
f 6103 3710 3740
f 6103 3740 6138
f 6138 3740 3739
f 6138 3739 6140
f 6106 3673 3719
f 6106 3719 6107
f 6107 3719 3758
f 6107 3758 6159
f 6159 3758 3757
f 6159 3757 6161
f 6110 3662 3708
f 6110 3708 6111
f 6111 3708 3736
f 6111 3736 6132
f 6132 3736 3735
f 6132 3735 6134
f 6112 3660 3706
f 6112 3706 6113
f 6113 3706 3732
f 6113 3732 6126
f 6126 3732 3731
f 6126 3731 6128
f 6114 3671 3717
f 6114 3717 6115
f 6115 3717 3754
f 6115 3754 6154
f 6154 3754 3753
f 6154 3753 6155
f 6062 6059 6196
f 6062 6196 3785
f 6195 6197 3785
f 6195 3785 6196
f 6067 6066 6205
f 6067 6205 3791
f 6204 6206 3791
f 6204 3791 6205
f 6075 6073 6217
f 6075 6217 3799
f 6216 6218 3799
f 6216 3799 6217
f 6060 6058 6193
f 6060 6193 3783
f 6192 6194 3783
f 6192 3783 6193
f 6074 6072 6214
f 6074 6214 3797
f 6213 6215 3797
f 6213 3797 6214
f 6056 6054 6187
f 6056 6187 3779
f 6186 6188 3779
f 6186 3779 6187
f 6070 6068 6208
f 6070 6208 3793
f 6207 6209 3793
f 6207 3793 6208
f 6043 6041 6172
f 6043 6172 3765
f 6171 6173 3765
f 6171 3765 6172
f 3761 6170 3763
f 3761 3763 3762
f 6042 6040 3762
f 6042 3762 3763
f 3838 3837 3841
f 3841 3840 3839
f 3841 3839 3838
f 3838 3839 3909
f 3838 3909 6336
f 3920 3922 3891
f 3920 3891 3889
f 6357 6359 3895
f 6357 3895 3893
f 6333 3904 3873
f 6333 3873 3871
f 3904 6337 3875
f 3904 3875 3873
f 3908 6341 3879
f 3908 3879 3877
f 6330 6333 3871
f 6330 3871 6291
f 3845 3846 3923
f 3845 3923 3921
f 6344 6347 3883
f 6344 3883 3881
f 3836 3837 3905
f 3836 3905 6332
f 3836 3842 3841
f 3836 3841 3837
f 6252 6237 6258
f 6252 6258 6253
f 6253 6258 6257
f 6253 6257 3845
f 3845 6257 3847
f 3845 3847 3846
f 6237 6252 6372
f 6237 6372 6363
f 3820 6268 6269
f 3820 6269 3857
f 3836 6239 6367
f 3836 6367 6370
f 3827 6282 6283
f 3827 6283 3864
f 6252 3842 6373
f 6252 6373 6372
f 3821 6267 6266
f 3821 6266 3858
f 3842 3836 6370
f 3842 6370 6373
f 3828 3827 3864
f 3828 3864 3865
f 3857 6269 6307
f 3857 6307 3880
f 3858 6266 6308
f 3858 6308 3882
f 3864 6283 6323
f 3864 6323 3894
f 3865 3864 3894
f 3865 3894 3896
f 6347 6350 3885
f 6347 3885 3883
f 6341 6344 3881
f 6341 3881 3879
f 6253 3845 3921
f 6253 3921 6352
f 6337 3908 3877
f 6337 3877 3875
f 6350 6353 3887
f 6350 3887 3885
f 6359 6361 3897
f 6359 3897 3895
f 6361 6326 6289
f 6361 6289 3897
f 3922 6357 3893
f 3922 3893 3891
f 6353 3920 3889
f 6353 3889 3887
f 3879 3881 3880
f 3879 3880 6307
f 3881 3883 3882
f 3881 3882 6308
f 3893 3895 3894
f 3893 3894 6323
f 3895 3897 3896
f 3895 3896 3894
f 6332 3905 3904
f 6332 3904 6333
f 6336 3909 3908
f 6336 3908 6337
f 6352 3921 3920
f 6352 3920 6353
f 3921 3923 3922
f 3921 3922 3920
f 6326 6330 6291
f 6326 6291 6289
f 6239 6237 6363
f 6239 6363 6367
f 3848 3849 3929
f 3848 3929 3927
f 6255 3848 3927
f 6255 3927 6356
f 6356 3927 3926
f 6356 3926 6358
f 3927 3929 3928
f 3927 3928 3926
f 6245 6247 3913
f 6245 3913 6340
f 6340 3913 3912
f 6340 3912 6342
f 6249 3843 3917
f 6249 3917 6346
f 6346 3917 3916
f 6346 3916 6348
f 6251 3844 3919
f 6251 3919 6349
f 6349 3919 3918
f 6349 3918 6351
f 3829 3830 3933
f 3829 3933 3930
f 3930 3933 3932
f 3930 3932 3931
f 6376 3832 3936
f 6376 3936 6369
f 3832 3833 3939
f 3832 3939 3936
f 3833 6374 6365
f 3833 6365 3939
f 3936 3939 3938
f 3936 3938 3937
f 6369 3936 3937
f 6369 3937 6371
f 6364 3938 3939
f 6364 3939 6365
f 6375 3831 3935
f 6375 3935 6366
f 6366 3935 3934
f 6366 3934 6368
f 3824 6260 6261
f 3824 6261 3861
f 3825 3824 3861
f 3825 3861 3862
f 3861 6261 6316
f 3861 6316 3888
f 3862 3861 3888
f 3862 3888 3890
f 6315 6317 3888
f 6315 3888 6316
f 6318 6319 3890
f 6318 3890 3888
f 3822 6264 6265
f 3822 6265 3859
f 3859 6265 6310
f 3859 6310 3884
f 6309 6311 3884
f 6309 3884 6310
f 3818 6272 6273
f 3818 6273 3855
f 3855 6273 6302
f 3855 6302 3876
f 6301 6303 3876
f 6301 3876 6302
f 6275 6276 6277
f 6275 6277 6274
f 6324 6290 6288
f 6324 6288 6325
f 6274 6277 6325
f 6274 6325 6288
f 3816 6280 6281
f 3816 6281 3853
f 3853 6281 6296
f 3853 6296 3872
f 6295 6297 3872
f 6295 3872 6296
f 3814 3813 3850
f 3814 3850 3851
f 3851 3850 3867
f 3851 3867 3868
f 3866 3869 3868
f 3866 3868 3867
f 3823 6263 6262
f 3823 6262 3860
f 3860 6262 6313
f 3860 6313 3886
f 6312 6314 3886
f 6312 3886 6313
f 3819 6271 6270
f 3819 6270 3856
f 3856 6270 6305
f 3856 6305 3878
f 6304 6306 3878
f 6304 3878 6305
f 3817 6279 6278
f 3817 6278 3854
f 3854 6278 6299
f 3854 6299 3874
f 6298 6300 3874
f 6298 3874 6299
f 3815 6285 6284
f 3815 6284 3852
f 3852 6284 6293
f 3852 6293 3870
f 6292 6294 3870
f 6292 3870 6293
f 3826 6287 6286
f 3826 6286 3863
f 3863 6286 6321
f 3863 6321 3892
f 6320 6322 3892
f 6320 3892 6321
f 6259 6238 6328
f 6259 6328 6360
f 6360 6328 6327
f 6360 6327 6362
f 6254 6256 3925
f 6254 3925 6354
f 6354 3925 3924
f 6354 3924 6355
f 6240 6241 3903
f 6240 3903 6329
f 6329 3903 3902
f 6329 3902 6331
f 3834 3835 3901
f 3834 3901 3898
f 3898 3901 3900
f 3898 3900 3899
f 6242 6243 3907
f 6242 3907 6334
f 6334 3907 3906
f 6334 3906 6335
f 6248 6250 3915
f 6248 3915 6343
f 6343 3915 3914
f 6343 3914 6345
f 6244 6246 3911
f 6244 3911 6338
f 6338 3911 3910
f 6338 3910 6339
f 3965 3964 3987
f 3985 3984 3983
f 3982 3981 3980
f 3982 3980 3979
f 3965 3987 3986
f 3966 3965 3986
f 3977 3976 3975
f 3972 3971 3970
f 3972 3970 3969
f 3967 3966 3986
f 3978 3977 3975
f 3967 3986 3985
f 3967 3985 3983
f 3978 3975 3974
f 3968 3967 3983
f 3969 3968 3983
f 3969 3983 3982
f 3972 3969 3982
f 3979 3978 3974
f 3973 3972 3982
f 3979 3974 3973
f 3982 3979 3973
f 6538 4074 4027
f 6538 4027 4025
f 6569 6572 4049
f 6569 4049 4047
f 6566 6569 4047
f 6566 4047 4045
f 6548 6551 4035
f 6548 4035 4033
f 6545 6548 4033
f 6545 4033 4031
f 4066 4068 4021
f 4066 4021 4019
f 6578 6581 4055
f 6578 4055 4053
f 6575 6578 4053
f 6575 4053 4051
f 6531 4066 4019
f 6531 4019 4017
f 3970 3971 4075
f 3970 4075 6537
f 6557 6560 4041
f 6557 4041 4039
f 6535 6538 4025
f 6535 4025 4023
f 6584 6587 4059
f 6584 4059 4057
f 6563 6566 4045
f 6563 4045 4043
f 3966 3967 4067
f 3966 4067 6530
f 6542 6545 4031
f 6542 4031 4029
f 6572 6575 4051
f 6572 4051 4049
f 4062 6531 4017
f 4062 4017 6466
f 3961 6437 6438
f 3961 6438 4009
f 3957 6453 6454
f 3957 6454 4005
f 3962 6436 6435
f 3962 6435 4010
f 3956 6462 6461
f 3956 6461 4004
f 4004 6461 6508
f 4004 6508 4044
f 4005 6454 4044
f 4005 4044 4046
f 4009 6438 6520
f 4009 6520 4054
f 4010 6435 4054
f 4010 4054 4056
f 3964 3965 4063
f 3964 4063 4060
f 6560 6563 4043
f 6560 4043 4041
f 4074 6542 4029
f 4074 4029 4027
f 4068 6535 4023
f 4068 4023 4021
f 6581 6584 4057
f 6581 4057 4055
f 6551 6554 4037
f 6551 4037 4035
f 3967 3968 4069
f 3967 4069 4067
f 6587 4061 6464
f 6587 6464 4059
f 6554 6557 4039
f 6554 4039 4037
f 4043 4045 4044
f 4043 4044 6508
f 4045 6509 4046
f 4045 4046 4044
f 6519 4055 4054
f 6519 4054 6520
f 4055 4057 4056
f 4055 4056 4054
f 4060 4063 4062
f 4060 4062 4061
f 6530 4067 4066
f 6530 4066 6531
f 4067 4069 4068
f 4067 4068 4066
f 6537 4075 4074
f 6537 4074 6538
f 4061 4062 6466
f 4061 6466 6464
f 6392 6394 4087
f 6392 4087 6553
f 6553 4087 4086
f 6553 4086 6555
f 6400 6402 4095
f 6400 4095 6565
f 6565 4095 4094
f 6565 4094 6567
f 6386 6388 4081
f 6386 4081 6544
f 6544 4081 4080
f 6544 4080 6546
f 6406 6408 4101
f 6406 4101 6574
f 6574 4101 4100
f 6574 4100 6576
f 6390 6393 4085
f 6390 4085 6550
f 6550 4085 4084
f 6550 4084 6552
f 3943 6417 6418
f 3943 6418 3991
f 3944 3943 3991
f 3944 3991 3992
f 3991 6418 6471
f 3991 6471 4018
f 3992 3991 4018
f 3992 4018 4020
f 6470 6472 4018
f 6470 4018 6471
f 6473 6474 4020
f 6473 4020 4018
f 3954 6421 6422
f 3954 6422 4002
f 4002 6422 6503
f 4002 6503 4040
f 6502 6504 4040
f 6502 4040 6503
f 3963 6425 6426
f 3963 6426 4011
f 4011 6426 6522
f 4011 6522 4058
f 6521 6523 4058
f 6521 4058 6522
f 3941 3940 3988
f 3941 3988 3989
f 4012 4015 4014
f 4012 4014 4013
f 3989 3988 4013
f 3989 4013 4014
f 3952 6433 6434
f 3952 6434 4000
f 4000 6434 6497
f 4000 6497 4036
f 6496 6498 4036
f 6496 4036 6497
f 3950 6441 6442
f 3950 6442 3998
f 3998 6442 6491
f 3998 6491 4032
f 6490 6492 4032
f 6490 4032 6491
f 3959 6445 6446
f 3959 6446 4007
f 4007 6446 6514
f 4007 6514 4050
f 6513 6515 4050
f 6513 4050 6514
f 3948 6449 6450
f 3948 6450 3996
f 3996 6450 6485
f 3996 6485 4028
f 6484 6486 4028
f 6484 4028 6485
f 3946 6457 6458
f 3946 6458 3994
f 3994 6458 6479
f 3994 6479 4024
f 6478 6480 4024
f 6478 4024 6479
f 3955 6420 6419
f 3955 6419 4003
f 4003 6419 6506
f 4003 6506 4042
f 6505 6507 4042
f 6505 4042 6506
f 6429 6424 6423
f 6429 6423 6430
f 6430 6423 6525
f 6430 6525 6463
f 6524 6465 6463
f 6524 6463 6525
f 3942 6428 6427
f 3942 6427 3990
f 3990 6427 6468
f 3990 6468 4016
f 6467 6469 4016
f 6467 4016 6468
f 3953 6432 6431
f 3953 6431 4001
f 4001 6431 6500
f 4001 6500 4038
f 6499 6501 4038
f 6499 4038 6500
f 3951 6440 6439
f 3951 6439 3999
f 3999 6439 6494
f 3999 6494 4034
f 6493 6495 4034
f 6493 4034 6494
f 3960 6444 6443
f 3960 6443 4008
f 4008 6443 6517
f 4008 6517 4052
f 6516 6518 4052
f 6516 4052 6517
f 3949 6448 6447
f 3949 6447 3997
f 3997 6447 6488
f 3997 6488 4030
f 6487 6489 4030
f 6487 4030 6488
f 3958 6452 6451
f 3958 6451 4006
f 4006 6451 6511
f 4006 6511 4048
f 6510 6512 4048
f 6510 4048 6511
f 3947 6456 6455
f 3947 6455 3995
f 3995 6455 6482
f 3995 6482 4026
f 6481 6483 4026
f 6481 4026 6482
f 3945 6460 6459
f 3945 6459 3993
f 3993 6459 6476
f 3993 6476 4022
f 6475 6477 4022
f 6475 4022 6476
f 6414 6416 6527
f 6414 6527 6586
f 6586 6527 6526
f 6586 6526 6588
f 6395 6396 4089
f 6395 4089 6556
f 6556 4089 4088
f 6556 4088 6558
f 6409 6410 4103
f 6409 4103 6577
f 6577 4103 4102
f 6577 4102 6579
f 6389 6391 4083
f 6389 4083 6547
f 6547 4083 4082
f 6547 4082 6549
f 6404 6407 4099
f 6404 4099 6571
f 6571 4099 4098
f 6571 4098 6573
f 6403 6405 4097
f 6403 4097 6568
f 6568 4097 4096
f 6568 4096 6570
f 6377 6378 4065
f 6377 4065 6528
f 6528 4065 4064
f 6528 4064 6529
f 6384 6387 4079
f 6384 4079 6541
f 6541 4079 4078
f 6541 4078 6543
f 6398 6401 4093
f 6398 4093 6562
f 6562 4093 4092
f 6562 4092 6564
f 6383 6385 4077
f 6383 4077 6539
f 6539 4077 4076
f 6539 4076 6540
f 6397 6399 4091
f 6397 4091 6559
f 6559 4091 4090
f 6559 4090 6561
f 6380 6382 4073
f 6380 4073 6534
f 6534 4073 4072
f 6534 4072 6536
f 6412 6415 4107
f 6412 4107 6583
f 6583 4107 4106
f 6583 4106 6585
f 6411 6413 4105
f 6411 4105 6580
f 6580 4105 4104
f 6580 4104 6582
f 6379 6381 4071
f 6379 4071 6532
f 6532 4071 4070
f 6532 4070 6533
f 4151 4130 4131
f 4132 4133 4134
f 4151 4131 4132
f 4149 4150 4151
f 4149 4151 4132
f 4132 4134 4135
f 4135 4136 4137
f 4137 4138 4139
f 4140 4141 4142
f 4137 4139 4140
f 4149 4132 4135
f 4148 4149 4135
f 4135 4137 4140
f 4140 4142 4143
f 4140 4143 4144
f 4147 4148 4135
f 4146 4147 4135
f 4140 4144 4145
f 4145 4146 4135
f 4135 4140 4145
f 4221 6655 6625
f 4221 6625 6629
f 4225 4223 4178
f 4225 4178 4180
f 4259 4257 6650
f 4259 6650 6651
f 6608 6607 4248
f 6608 4248 4250
f 4245 4243 6642
f 4245 6642 6644
f 4231 4229 6632
f 4231 6632 6633
f 6611 6610 4254
f 6611 4254 4256
f 6604 6603 6674
f 6604 6674 4244
f 4251 4249 6646
f 4251 6646 6647
f 4237 4235 6635
f 4237 6635 6636
f 4257 4255 6649
f 4257 6649 6650
f 4223 4221 6629
f 4223 6629 4178
f 6607 6606 4246
f 6607 4246 4248
f 4243 4241 4196
f 4243 4196 6642
f 4229 4227 6631
f 4229 6631 6632
f 6610 6609 4252
f 6610 4252 4254
f 4110 4111 4155
f 4110 4155 4154
f 4117 4118 4162
f 4117 4162 4161
f 4115 4116 4160
f 4115 4160 4159
f 4113 4114 4158
f 4113 4158 4157
f 4111 4112 4156
f 4111 4156 4155
f 6617 4110 4154
f 6617 4154 6618
f 6623 4119 4163
f 6623 4163 6624
f 4116 4117 4161
f 4116 4161 4160
f 4114 4115 4159
f 4114 4159 4158
f 4112 4113 4157
f 4112 4157 4156
f 6618 4154 4179
f 6618 4179 6628
f 4154 4155 4181
f 4154 4181 4179
f 4156 4157 4185
f 4156 4185 4183
f 4157 4158 4187
f 4157 4187 4185
f 4159 4160 4191
f 4159 4191 4189
f 4160 4161 4193
f 4160 4193 4191
f 4161 4162 4195
f 4161 4195 4193
f 6624 4163 4197
f 6624 4197 6637
f 6609 6608 4250
f 6609 4250 4252
f 6612 6611 4256
f 6612 4256 4258
f 4239 4237 6636
f 4239 6636 6638
f 4253 4251 6647
f 4253 6647 6648
f 6606 6605 4244
f 6606 4244 4246
f 4151 6612 4258
f 4151 4258 4260
f 4233 4231 6633
f 4233 6633 6634
f 4247 4245 6644
f 4247 6644 6645
f 4227 4225 4180
f 4227 4180 6631
f 4261 4259 6651
f 4261 6651 6652
f 4241 4239 6638
f 4241 6638 4196
f 4158 4159 4189
f 4158 4189 4187
f 4255 4253 6648
f 4255 6648 6649
f 6655 4261 6652
f 6655 6652 6625
f 4235 4233 6634
f 4235 6634 6635
f 4155 4156 4183
f 4155 4183 4181
f 4249 4247 6645
f 4249 6645 6646
f 4142 4141 6672
f 4142 6672 4242
f 6628 4179 4178
f 6628 4178 6630
f 4179 4181 4180
f 4179 4180 4178
f 4181 4183 4182
f 4181 4182 4180
f 4183 4185 4184
f 4183 4184 4182
f 4185 4187 4186
f 4185 4186 4184
f 4187 4189 4188
f 4187 4188 4186
f 4189 4191 4190
f 4189 4190 4188
f 4191 4193 4192
f 4191 4192 4190
f 4193 4195 4194
f 4193 4194 4192
f 6637 4197 4196
f 6637 4196 6638
f 4241 4243 4242
f 4241 4242 6672
f 6673 6675 4244
f 6673 4244 6674
f 6675 6676 4246
f 6675 4246 4244
f 6676 6677 4248
f 6676 4248 4246
f 6677 6678 4250
f 6677 4250 4248
f 6678 6679 4252
f 6678 4252 4250
f 6679 6680 4254
f 6679 4254 4252
f 6680 4257 4256
f 6680 4256 4254
f 4257 4259 4258
f 4257 4258 4256
f 4259 4261 4260
f 4259 4260 4258
f 4261 6655 6654
f 4261 6654 4260
f 4130 4151 4260
f 4130 4260 6654
f 6599 6598 4234
f 6599 4234 4236
f 6593 6592 4222
f 6593 4222 4224
f 6595 6594 4226
f 6595 4226 4228
f 6598 6597 4232
f 6598 4232 4234
f 6597 6596 4230
f 6597 4230 4232
f 6600 6599 4236
f 6600 4236 4238
f 6596 6595 4228
f 6596 4228 4230
f 6594 6593 4224
f 6594 4224 4226
f 6592 6591 6658
f 6592 6658 4222
f 6657 6659 4222
f 6657 4222 6658
f 6660 6661 4224
f 6660 4224 4222
f 6661 6662 4226
f 6661 4226 4224
f 6662 6663 4228
f 6662 4228 4226
f 6663 6664 4230
f 6663 4230 4228
f 6664 6665 4232
f 6664 4232 4230
f 6665 6666 4234
f 6665 4234 4232
f 6666 6667 4236
f 6666 4236 4234
f 6667 6668 4238
f 6667 4238 4236
f 6590 6589 4219
f 6590 4219 4220
f 4218 6656 4220
f 4218 4220 4219
f 6614 4122 4166
f 6614 4166 6613
f 4128 4129 4173
f 4128 4173 4172
f 4126 4127 4171
f 4126 4171 4170
f 4124 4125 4169
f 4124 4169 4168
f 4122 4123 4167
f 4122 4167 4166
f 6621 4121 4165
f 6621 4165 6622
f 4129 6616 6615
f 4129 6615 4173
f 4127 4128 4172
f 4127 4172 4171
f 4125 4126 4170
f 4125 4170 4169
f 4123 4124 4168
f 4123 4168 4167
f 4173 6615 6627
f 4173 6627 4217
f 6622 4165 4201
f 6622 4201 6641
f 4166 4167 4205
f 4166 4205 4203
f 4167 4168 4207
f 4167 4207 4205
f 4169 4170 4211
f 4169 4211 4209
f 4170 4171 4213
f 4170 4213 4211
f 4171 4172 4215
f 4171 4215 4213
f 4168 4169 4209
f 4168 4209 4207
f 6613 4166 4203
f 6613 4203 4201
f 4172 4173 4217
f 4172 4217 4215
f 6641 4201 4200
f 6641 4200 6643
f 4201 4203 4202
f 4201 4202 4200
f 4203 4205 4204
f 4203 4204 4202
f 4205 4207 4206
f 4205 4206 4204
f 4207 4209 4208
f 4207 4208 4206
f 4209 4211 4210
f 4209 4210 4208
f 4211 4213 4212
f 4211 4212 4210
f 4213 4215 4214
f 4213 4214 4212
f 4215 4217 4216
f 4215 4216 4214
f 4217 6627 6626
f 4217 6626 6653
f 4108 4109 4153
f 4108 4153 4152
f 4152 4153 4177
f 4152 4177 4174
f 4174 4177 4176
f 4174 4176 4175
f 6620 4120 4164
f 6620 4164 6619
f 6619 4164 4199
f 6619 4199 6639
f 6639 4199 4198
f 6639 4198 6640
f 6602 6601 6670
f 6602 6670 4240
f 6669 6671 4240
f 6669 4240 6670
f 4415 6859 4374
f 4415 4374 4372
f 4304 4305 4410
f 4304 4410 6847
f 6839 6842 4360
f 6839 4360 4358
f 6824 4389 4346
f 6824 4346 4344
f 6697 4300 4400
f 6697 4400 6834
f 6848 4409 4366
f 6848 4366 4364
f 4292 4293 4386
f 4292 4386 6819
f 6832 6835 4354
f 6832 4354 4352
f 6855 4415 4372
f 6855 4372 4370
f 6815 6817 4338
f 6815 4338 4336
f 4399 6839 4358
f 4399 4358 4356
f 4295 4296 4392
f 4295 4392 6825
f 6862 6812 6760
f 6862 6760 4376
f 4385 6824 4344
f 4385 4344 4342
f 6845 6848 4364
f 6845 4364 4362
f 4292 6713 4309
f 4292 4309 4293
f 4293 4309 6703
f 4293 6703 4294
f 6703 4309 4308
f 6703 4308 4304
f 4294 6703 4302
f 4294 4302 4295
f 4295 4302 4301
f 4295 4301 4296
f 4296 4301 4300
f 4296 4300 6693
f 6693 4300 6697
f 6693 6697 4298
f 4304 4308 6709
f 6708 4305 4304
f 4304 6709 6708
f 6869 6871 4292
f 6869 4292 6685
f 4283 6717 6718
f 4283 6718 4332
f 4275 6753 6754
f 4275 6754 4324
f 6871 6872 6713
f 6871 6713 4292
f 6756 6716 6715
f 6756 6715 6755
f 6867 6869 6685
f 6867 6685 6684
f 4271 6728 6727
f 4271 6727 4320
f 4280 6732 6731
f 4280 6731 4329
f 4276 6752 6751
f 4276 6751 4325
f 6872 6864 6681
f 6872 6681 6713
f 6755 6715 4375
f 6755 4375 6759
f 4320 6727 6783
f 4320 6783 4351
f 4324 6754 6793
f 4324 6793 4359
f 4325 6751 6794
f 4325 6794 4361
f 4329 6731 6804
f 4329 6804 4369
f 4332 6718 6811
f 4332 6811 4375
f 6817 6820 4340
f 6817 4340 4338
f 6689 6691 4390
f 6689 4390 6823
f 6835 4399 4356
f 6835 4356 4354
f 6852 6855 4370
f 6852 4370 4368
f 4391 6829 4350
f 4391 4350 4348
f 4409 6852 4368
f 4409 4368 4366
f 4389 4391 4348
f 4389 4348 4346
f 6842 6845 4362
f 6842 4362 4360
f 6709 4308 4416
f 6709 4416 6854
f 6812 6815 4336
f 6812 4336 6760
f 6859 6862 4376
f 6859 4376 4374
f 6829 6832 4352
f 6829 4352 4350
f 6820 4385 4342
f 6820 4342 4340
f 4350 4352 4351
f 4350 4351 6783
f 4358 4360 4359
f 4358 4359 6793
f 4360 4362 4361
f 4360 4361 6794
f 4368 4370 4369
f 4368 4369 6804
f 4374 4376 4375
f 4374 4375 6811
f 4376 6760 6759
f 4376 6759 4375
f 6819 4386 4385
f 6819 4385 6820
f 6823 4390 4389
f 6823 4389 6824
f 6825 4392 4391
f 6825 4391 4389
f 6834 4400 4399
f 6834 4399 6835
f 6847 4410 4409
f 6847 4409 6848
f 6854 4416 4415
f 6854 4415 6855
f 6864 6867 6684
f 6864 6684 6681
f 6692 4297 4394
f 6692 4394 6826
f 6826 4394 4393
f 6826 4393 6827
f 6683 4291 4382
f 6683 4382 4380
f 4377 4380 4379
f 4377 4379 4378
f 4380 4382 4381
f 4380 4381 4379
f 4289 4290 4380
f 4289 4380 4377
f 6707 4307 4414
f 6707 4414 6851
f 6851 4414 4413
f 6851 4413 6853
f 6711 4310 4420
f 6711 4420 6858
f 6858 4420 4419
f 6858 4419 6860
f 6701 4303 4406
f 6701 4406 6841
f 6841 4406 4405
f 6841 4405 6843
f 6706 4306 4412
f 6706 4412 6849
f 6849 4412 4411
f 6849 4411 6850
f 6695 4299 4398
f 6695 4398 6831
f 6831 4398 4397
f 6831 4397 6833
f 4288 6876 6866
f 4288 6866 4429
f 4429 6866 6865
f 4429 6865 4430
f 6877 4286 4426
f 6877 4426 4424
f 4284 4285 4424
f 4284 4424 4421
f 4421 4424 4423
f 4421 4423 4422
f 4424 4426 4425
f 4424 4425 4423
f 6878 4287 4428
f 6878 4428 6868
f 4287 6875 6874
f 4287 6874 4428
f 6868 4428 4427
f 6868 4427 6870
f 4428 6874 6873
f 4428 6873 4427
f 4272 6721 6722
f 4272 6722 4321
f 4321 6722 6785
f 4321 6785 4353
f 6784 6786 4353
f 6784 4353 6785
f 4281 6725 6726
f 4281 6726 4330
f 4330 6726 6806
f 4330 6806 4371
f 6805 6807 4371
f 6805 4371 6806
f 4270 6729 6730
f 4270 6730 4319
f 4319 6730 6781
f 4319 6781 4349
f 6780 6782 4349
f 6780 4349 6781
f 4279 6733 6734
f 4279 6734 4328
f 4328 6734 6802
f 4328 6802 4367
f 6801 6803 4367
f 6801 4367 6802
f 4268 6737 6738
f 4268 6738 4317
f 4317 6738 6775
f 4317 6775 4345
f 6774 6776 4345
f 6774 4345 6775
f 4266 6741 6742
f 4266 6742 4315
f 4315 6742 6769
f 4315 6769 4341
f 6768 6770 4341
f 6768 4341 6769
f 4277 6745 6746
f 4277 6746 4326
f 4326 6746 6796
f 4326 6796 4363
f 6795 6797 4363
f 6795 4363 6796
f 4264 6749 6750
f 4264 6750 4313
f 4313 6750 6763
f 4313 6763 4337
f 6762 6764 4337
f 6762 4337 6763
f 4273 6720 6719
f 4273 6719 4322
f 4322 6719 6788
f 4322 6788 4355
f 6787 6789 4355
f 6787 4355 6788
f 4282 6724 6723
f 4282 6723 4331
f 4331 6723 6809
f 4331 6809 4373
f 6808 6810 4373
f 6808 4373 6809
f 4269 6736 6735
f 4269 6735 4318
f 4318 6735 6778
f 4318 6778 4347
f 6777 6779 4347
f 6777 4347 6778
f 4267 6740 6739
f 4267 6739 4316
f 4316 6739 6772
f 4316 6772 4343
f 6771 6773 4343
f 6771 4343 6772
f 4278 6744 6743
f 4278 6743 4327
f 4327 6743 6799
f 4327 6799 4365
f 6798 6800 4365
f 6798 4365 6799
f 4265 6748 6747
f 4265 6747 4314
f 4314 6747 6766
f 4314 6766 4339
f 6765 6767 4339
f 6765 4339 6766
f 4263 4262 4311
f 4263 4311 4312
f 4333 6761 4335
f 4333 4335 4334
f 4312 4311 4334
f 4312 4334 4335
f 4274 6758 6757
f 4274 6757 4323
f 4323 6757 6791
f 4323 6791 4357
f 6790 6792 4357
f 6790 4357 6791
f 6714 6682 6814
f 6714 6814 6861
f 6861 6814 6813
f 6861 6813 6863
f 6699 6702 4404
f 6699 4404 6838
f 6838 4404 4403
f 6838 4403 6840
f 6710 6712 4418
f 6710 4418 6856
f 6856 4418 4417
f 6856 4417 6857
f 6686 6687 4384
f 6686 4384 6816
f 6816 4384 4383
f 6816 4383 6818
f 6694 6696 4396
f 6694 4396 6828
f 6828 4396 4395
f 6828 4395 6830
f 6704 6705 4408
f 6704 4408 6844
f 6844 4408 4407
f 6844 4407 6846
f 6688 6690 4388
f 6688 4388 6821
f 6821 4388 4387
f 6821 4387 6822
f 6698 6700 4402
f 6698 4402 6836
f 6836 4402 4401
f 6836 4401 6837
f 4464 4465 4466
f 4460 4463 4462
f 4460 4462 4461
f 4547 7018 4514
f 4547 4514 4512
f 7014 4547 4512
f 7014 4512 4510
f 7018 7010 6970
f 7018 6970 4514
f 6923 6937 6938
f 6923 6938 6924
f 6924 6938 6978
f 6924 6978 6969
f 7010 7014 4510
f 7010 4510 6970
f 4461 4462 4548
f 4461 4548 7013
f 4514 6970 6969
f 4514 6969 6978
f 7013 4548 4547
f 7013 4547 7014
f 4450 4451 4452
f 4450 4452 4453
f 4458 4459 4449
f 4449 4450 4453
f 4454 4455 4456
f 4449 4453 4454
f 4457 4458 4449
f 4454 4456 4457
f 4449 4454 4457
f 4453 4452 6996
f 4453 6996 4529
f 4530 4528 6948
f 4530 6948 6950
f 6889 6887 7000
f 6889 7000 4535
f 4536 4534 6956
f 4536 6956 6959
f 4542 4540 6965
f 4542 6965 6968
f 4528 4526 6945
f 4528 6945 6948
f 4534 4532 6953
f 4534 6953 6956
f 6916 4433 4469
f 6916 4469 6915
f 4431 4432 4468
f 4431 4468 4467
f 6942 6940 6939
f 6942 6939 6941
f 6941 6939 6943
f 6941 6943 6967
f 4454 4453 4529
f 4454 4529 4531
f 6915 4469 4490
f 6915 4490 4488
f 6987 4542 6968
f 6987 6968 4486
f 6894 6892 7004
f 6894 7004 4539
f 4538 4536 6959
f 4538 6959 6962
f 4532 4530 6950
f 4532 6950 6953
f 4524 6987 4486
f 4524 4486 4487
f 4526 4524 4487
f 4526 4487 6945
f 4540 4538 6962
f 4540 6962 6965
f 4485 4488 4487
f 4485 4487 4486
f 4488 4490 4489
f 4488 4489 4487
f 6967 6943 4486
f 6967 4486 6968
f 4467 4468 4488
f 4467 4488 4485
f 4528 4530 4529
f 4528 4529 6996
f 4530 4532 4531
f 4530 4531 4529
f 4534 4536 4535
f 4534 4535 7000
f 4538 4540 4539
f 4538 4539 7004
f 6900 6901 4550
f 6900 4550 7015
f 7015 4550 4549
f 7015 4549 7016
f 4480 6922 6973
f 4480 6973 4511
f 4444 6921 6922
f 4444 6922 4480
f 6972 6974 4511
f 6972 4511 6973
f 4556 4554 6982
f 4556 6982 6985
f 6907 6905 7024
f 6907 7024 4555
f 6930 6912 6911
f 6930 6911 6929
f 6929 6911 6980
f 6929 6980 6984
f 4554 7021 6979
f 4554 6979 6982
f 7021 4556 6985
f 7021 6985 6979
f 6984 6980 6979
f 6984 6979 6985
f 4554 4556 4555
f 4554 4555 7024
f 6895 6893 7006
f 6895 7006 4541
f 7005 7007 4541
f 7005 4541 7006
f 6885 6883 6994
f 6885 6994 4527
f 6993 6995 4527
f 6993 4527 6994
f 6879 6896 7009
f 6879 7009 6986
f 7008 6988 6986
f 7008 6986 7009
f 6888 6886 6998
f 6888 6998 4533
f 6997 6999 4533
f 6997 4533 6998
f 6910 4435 4471
f 6910 4471 6909
f 4435 4436 4472
f 4435 4472 4471
f 6909 4471 4494
f 6909 4494 6947
f 4471 4472 4496
f 4471 4496 4494
f 6947 4494 4493
f 6947 4493 6949
f 4494 4496 4495
f 4494 4495 6951
f 4446 4447 4483
f 4446 4483 4482
f 4482 4483 4518
f 4482 4518 4515
f 4515 4518 4517
f 4515 4517 4516
f 4443 4442 4478
f 4443 4478 4479
f 4479 4478 4508
f 4479 4508 4509
f 4507 6971 4509
f 4507 4509 4508
f 6926 4440 4476
f 6926 4476 6925
f 6925 4476 4504
f 6925 4504 6961
f 6961 4504 4503
f 6961 4503 6963
f 6932 4438 4474
f 6932 4474 6931
f 6931 4474 4500
f 6931 4500 6955
f 6955 4500 4499
f 6955 4499 6957
f 6917 4434 4470
f 6917 4470 6918
f 6918 4470 4492
f 6918 4492 6944
f 6944 4492 4491
f 6944 4491 6946
f 4445 6920 6919
f 4445 6919 4481
f 4481 6919 6976
f 4481 6976 4513
f 6975 6977 4513
f 6975 4513 6976
f 6927 4441 4477
f 6927 4477 6928
f 6928 4477 4506
f 6928 4506 6964
f 6964 4506 4505
f 6964 4505 6966
f 6933 4439 4475
f 6933 4475 6934
f 6934 4475 4502
f 6934 4502 6958
f 6958 4502 4501
f 6958 4501 6960
f 6913 4448 4484
f 6913 4484 6914
f 6914 4484 4520
f 6914 4520 6981
f 6981 4520 4519
f 6981 4519 6983
f 6935 4437 4473
f 6935 4473 6936
f 6936 4473 4498
f 6936 4498 6952
f 6952 4498 4497
f 6952 4497 6954
f 6891 6890 7002
f 6891 7002 4537
f 7001 7003 4537
f 7001 4537 7002
f 6902 6897 7012
f 6902 7012 7017
f 7017 7012 7011
f 7017 7011 7019
f 6898 6899 4546
f 6898 4546 4543
f 4543 4546 4545
f 4543 4545 4544
f 6906 6903 4552
f 6906 4552 4553
f 4551 7023 4553
f 4551 4553 4552
f 6904 6908 7026
f 6904 7026 7020
f 7025 7022 7020
f 7025 7020 7026
f 6884 6881 6991
f 6884 6991 4525
f 6990 6992 4525
f 6990 4525 6991
f 4521 6989 4523
f 4521 4523 4522
f 6882 6880 4522
f 6882 4522 4523
f 4664 4665 4666
f 4664 4666 4667
f 4584 4585 4657
f 4584 4657 7140
f 4653 4651 4626
f 4653 4626 7107
f 4586 4585 7127
f 4586 7127 4646
f 4633 7110 7078
f 4633 7078 7082
f 4635 4633 7082
f 4635 7082 4610
f 4639 4637 7086
f 4639 7086 7089
f 4643 4641 7092
f 4643 7092 7094
f 4582 7033 7119
f 4582 7119 4638
f 4647 4645 7097
f 4647 7097 7100
f 4583 4584 7045
f 4583 7045 7047
f 4578 4579 4583
f 4578 4583 7047
f 4579 7031 4581
f 7035 4583 4579
f 4579 4581 7035
f 4575 7151 7143
f 4575 7143 4658
f 7059 4571 4604
f 7059 4604 7058
f 4586 4587 4661
f 4586 4661 4659
f 7045 4584 7140
f 7045 7140 4663
f 7050 4563 4596
f 7050 4596 7051
f 4587 7045 4663
f 4587 4663 4661
f 4585 4586 4659
f 4585 4659 4657
f 7051 4596 4611
f 7051 4611 7081
f 4649 4647 7100
f 4649 7100 7103
f 4645 4643 7094
f 4645 7094 7097
f 4641 4639 7089
f 4641 7089 7092
f 7058 4604 4627
f 7058 4627 7102
f 4637 4635 4610
f 4637 4610 7086
f 7110 4653 7107
f 7110 7107 7078
f 4651 4649 7103
f 4651 7103 4626
f 7081 4611 4610
f 7081 4610 7082
f 7102 4627 4626
f 7102 4626 7103
f 4637 4639 4638
f 4637 4638 7119
f 4645 4647 4646
f 4645 4646 7127
f 4657 4659 4658
f 4657 4658 7143
f 4588 7042 7132
f 4588 7132 4650
f 7131 7133 4650
f 7131 4650 7132
f 4589 7044 7135
f 4589 7135 4652
f 7134 7136 4652
f 7134 4652 7135
f 4580 7029 7114
f 4580 7114 4634
f 7113 7115 4634
f 7113 4634 7114
f 7027 7046 7138
f 7027 7138 7109
f 7137 7111 7109
f 7137 7109 7138
f 4577 7154 7148
f 4577 7148 4662
f 7152 4577 4662
f 7152 4662 7139
f 7147 7149 4662
f 7147 4662 7148
f 7139 4662 7150
f 7139 7150 7141
f 4576 7153 7145
f 4576 7145 4660
f 7144 7146 4660
f 7144 4660 7145
f 4561 4562 4595
f 4561 4595 4594
f 4606 4609 4608
f 4606 4608 4607
f 4594 4595 4609
f 4594 4609 4606
f 7053 7049 7048
f 7053 7048 7052
f 7052 7048 7080
f 7052 7080 7106
f 7106 7080 7079
f 7106 7079 7108
f 7055 4560 4593
f 7055 4593 7054
f 7054 4593 4675
f 7054 4675 7167
f 7167 4675 4674
f 7167 4674 7169
f 7063 4569 4602
f 7063 4602 7062
f 7062 4602 4623
f 7062 4623 7096
f 7096 4623 4622
f 7096 4622 7098
f 7067 4567 4600
f 7067 4600 7066
f 4567 4568 4601
f 4567 4601 4600
f 7066 4600 4619
f 7066 4619 7091
f 4600 4601 4621
f 4600 4621 4619
f 7091 4619 4618
f 7091 4618 7093
f 4619 4621 4620
f 4619 4620 7095
f 7069 4565 4598
f 7069 4598 7068
f 7068 4598 4615
f 7068 4615 7085
f 7085 4615 4614
f 7085 4614 7087
f 7056 7074 7075
f 7056 7075 7057
f 7057 7075 7164
f 7057 7164 7170
f 7170 7164 7163
f 7170 7163 7172
f 7060 4572 4605
f 7060 4605 7061
f 7061 4605 4629
f 7061 4629 7104
f 7104 4629 4628
f 7104 4628 7105
f 7077 4559 4592
f 7077 4592 7076
f 7076 4592 4673
f 7076 4673 7165
f 7165 4673 4672
f 7165 4672 7166
f 7064 4570 4603
f 7064 4603 7065
f 7065 4603 4625
f 7065 4625 7099
f 7099 4625 4624
f 7099 4624 7101
f 4557 4558 4591
f 4557 4591 4590
f 7174 4683 7171
f 7174 7171 4669
f 4681 4679 4670
f 4681 4670 7168
f 4683 4681 7168
f 4683 7168 7171
f 4590 4591 4671
f 4590 4671 4668
f 4679 7174 4669
f 4679 4669 4670
f 4668 4671 4670
f 4668 4670 4669
f 7070 4566 4599
f 7070 4599 7071
f 7071 4599 4617
f 7071 4617 7088
f 7088 4617 4616
f 7088 4616 7090
f 7072 4564 4597
f 7072 4597 7073
f 7073 4597 4613
f 7073 4613 7083
f 7083 4613 4612
f 7083 4612 7084
f 7039 7037 7124
f 7039 7124 4642
f 7040 7039 4642
f 7040 4642 4644
f 7123 7125 4642
f 7123 4642 7124
f 7125 7126 4644
f 7125 4644 4642
f 7038 7036 7121
f 7038 7121 4640
f 7120 7122 4640
f 7120 4640 7121
f 7034 7032 7117
f 7034 7117 4636
f 7116 7118 4636
f 7116 4636 7117
f 7043 7041 7129
f 7043 7129 4648
f 7128 7130 4648
f 7128 4648 7129
f 4630 7112 4632
f 4630 4632 4631
f 7030 7028 4631
f 7030 4631 4632
f 4654 7142 4656
f 4654 4656 4655
f 4574 4573 4655
f 4574 4655 4656
f 7157 7155 4677
f 7157 4677 4678
f 4676 7176 4678
f 4676 4678 4677
f 7161 7159 7181
f 7161 7181 4682
f 7180 7182 4682
f 7180 4682 7181
f 7160 7158 7178
f 7160 7178 4680
f 7177 7179 4680
f 7177 4680 7178
f 7183 7175 7173
f 7183 7173 7184
f 7156 7162 7184
f 7156 7184 7173
f 7331 4858 4811
f 7331 4811 4809
f 7329 7331 4809
f 7329 4809 4807
f 7299 7302 4775
f 7299 4775 4773
f 4842 4844 4797
f 4842 4797 4795
f 4840 4842 4795
f 4840 4795 4793
f 7309 4830 4783
f 7309 4783 4781
f 7295 7296 4769
f 7295 4769 4767
f 7306 7309 4781
f 7306 4781 4779
f 7321 7324 4803
f 7321 4803 4801
f 7293 7295 4767
f 7293 4767 4764
f 7201 4728 4837
f 7201 4837 4835
f 7311 7313 4787
f 7311 4787 4785
f 7297 7299 4773
f 7297 4773 4771
f 7327 7329 4807
f 7327 4807 4805
f 4730 4731 4843
f 4730 4843 4841
f 4838 4840 4793
f 4838 4793 4791
f 4741 4740 4765
f 4741 4765 4766
f 4858 7293 4764
f 4858 4764 4811
f 7304 7306 4779
f 7304 4779 4777
f 4719 7203 4727
f 4719 4727 4720
f 4718 4729 7203
f 4718 7203 4719
f 4717 4730 4729
f 4717 4729 4718
f 4716 4731 4730
f 4716 4730 4717
f 4731 4716 7207
f 4731 7207 4732
f 7207 4716 4739
f 7207 4739 7208
f 7215 4737 7208
f 7215 7208 4739
f 7208 4737 4736
f 7208 4736 4735
f 7355 4713 4871
f 7355 4871 7343
f 7356 4714 4873
f 7356 4873 4871
f 7337 7339 4722
f 7337 4722 7192
f 4686 4685 4741
f 4686 4741 4742
f 7349 7333 4720
f 7349 4720 4727
f 4704 7229 7230
f 4704 7230 4760
f 7346 7349 4727
f 7346 4727 4726
f 4702 7237 7238
f 4702 7238 4758
f 7344 4870 4725
f 7344 4725 7197
f 4689 7243 7244
f 4689 7244 4745
f 7339 7341 4723
f 7339 4723 4722
f 4687 4686 4742
f 4687 4742 4743
f 4685 4684 4740
f 4685 4740 4741
f 4870 7346 4726
f 4870 4726 4725
f 7341 7344 7197
f 7341 7197 4723
f 4688 4687 4743
f 4688 4743 4744
f 4742 4741 4766
f 4742 4766 4768
f 4743 4742 4768
f 4743 4768 4770
f 4744 4743 4770
f 4744 4770 4772
f 4745 7244 7252
f 4745 7252 4774
f 4758 7238 7279
f 4758 7279 4800
f 4760 7230 7283
f 4760 7283 4804
f 7216 7185 7294
f 7216 7294 7332
f 7313 7314 4789
f 7313 4789 4787
f 7302 7304 4777
f 7302 4777 4775
f 7314 4838 4791
f 7314 4791 4789
f 7324 7327 4805
f 7324 4805 4803
f 7296 7297 4771
f 7296 4771 4769
f 4830 7311 4785
f 4830 4785 4783
f 4844 7318 4799
f 4844 4799 4797
f 7197 4725 4831
f 7197 4831 7308
f 4731 4732 4845
f 4731 4845 4843
f 7215 4739 4859
f 7215 4859 7330
f 7204 4730 4841
f 7204 4841 4839
f 4728 7204 4839
f 4728 4839 4837
f 7199 7202 4835
f 7199 4835 7310
f 7198 7200 4833
f 7198 4833 4831
f 7318 7321 4801
f 7318 4801 4799
f 4764 4767 4766
f 4764 4766 4765
f 4767 7249 4768
f 4767 4768 4766
f 7249 7250 4770
f 7249 4770 4768
f 7250 7251 4772
f 7250 4772 4770
f 4773 4775 4774
f 4773 4774 7252
f 4799 4801 4800
f 4799 4800 7279
f 4803 4805 4804
f 4803 4804 7283
f 7308 4831 4830
f 7308 4830 7309
f 4831 4833 4832
f 4831 4832 4830
f 7310 4835 4834
f 7310 4834 7312
f 4835 4837 4836
f 4835 4836 4834
f 4837 4839 4838
f 4837 4838 4836
f 4839 4841 4840
f 4839 4840 4838
f 4841 4843 4842
f 4841 4842 4840
f 4843 4845 4844
f 4843 4844 4842
f 7330 4859 4858
f 7330 4858 7331
f 7332 7294 7293
f 7332 7293 4858
f 7343 4871 4870
f 7343 4870 7344
f 4871 4873 4872
f 4871 4872 4870
f 7333 7337 7192
f 7333 7192 4720
f 7206 4734 4849
f 7206 4849 7317
f 7317 4849 4848
f 7317 4848 7319
f 7190 4721 4823
f 7190 4823 7298
f 7298 4823 4822
f 7298 4822 7300
f 7214 4738 4857
f 7214 4857 4855
f 7212 7214 4855
f 7212 4855 7326
f 7326 4855 4854
f 7326 4854 7328
f 4855 4857 4856
f 4855 4856 4854
f 7195 4724 4829
f 7195 4829 7305
f 7305 4829 4828
f 7305 4828 7307
f 7205 4733 4847
f 7205 4847 7315
f 7315 4847 4846
f 7315 4846 7316
f 7351 7352 7335
f 7351 7335 7348
f 7334 7350 7348
f 7334 7348 7335
f 7353 4710 4865
f 7353 4865 7336
f 4710 4711 4867
f 4710 4867 4865
f 7336 4865 4864
f 7336 4864 7338
f 4865 4867 4866
f 4865 4866 4864
f 7354 4712 4869
f 7354 4869 7340
f 7340 4869 4868
f 7340 4868 7342
f 7357 4715 4875
f 7357 4875 7345
f 7345 4875 4874
f 7345 4874 7347
f 4708 4709 4863
f 4708 4863 4860
f 4860 4863 4862
f 4860 4862 4861
f 7218 7219 7220
f 7218 7220 7217
f 7291 7248 7247
f 7291 7247 7292
f 7217 7220 7292
f 7217 7292 7247
f 4697 4696 4752
f 4697 4752 4753
f 4700 4699 4755
f 4700 4755 4756
f 4698 4697 4753
f 4698 4753 4754
f 4696 7224 7223
f 4696 7223 4752
f 4699 4698 4754
f 4699 4754 4755
f 4752 7223 7270
f 4752 7270 4788
f 4753 4752 4788
f 4753 4788 4790
f 4754 4753 4790
f 4754 4790 4792
f 4755 4754 4792
f 4755 4792 4794
f 4756 4755 4794
f 4756 4794 4796
f 7269 7271 4788
f 7269 4788 7270
f 7271 7272 4790
f 7271 4790 4788
f 7272 7273 4792
f 7272 4792 4790
f 7273 7274 4794
f 7273 4794 4792
f 7274 7275 4796
f 7274 4796 4794
f 4706 4705 4761
f 4706 4761 4762
f 4705 7228 7227
f 4705 7227 4761
f 4761 7227 7285
f 4761 7285 4806
f 4762 4761 4806
f 4762 4806 4808
f 7284 7286 4806
f 7284 4806 7285
f 7286 7287 4808
f 7286 4808 4806
f 4695 7225 7226
f 4695 7226 4751
f 4751 7226 7267
f 4751 7267 4786
f 7266 7268 4786
f 7266 4786 7267
f 4693 7233 7234
f 4693 7234 4749
f 4749 7234 7261
f 4749 7261 4782
f 7260 7262 4782
f 7260 4782 7261
f 4691 4690 4746
f 4691 4746 4747
f 4690 7242 7241
f 4690 7241 4746
f 4746 7241 7254
f 4746 7254 4776
f 4747 4746 4776
f 4747 4776 4778
f 7253 7255 4776
f 7253 4776 7254
f 7255 7256 4778
f 7255 4778 4776
f 4707 7222 7221
f 4707 7221 4763
f 4763 7221 7289
f 4763 7289 4810
f 7288 7290 4810
f 7288 4810 7289
f 4694 7232 7231
f 4694 7231 4750
f 4750 7231 7264
f 4750 7264 4784
f 7263 7265 4784
f 7263 4784 7264
f 4703 7236 7235
f 4703 7235 4759
f 4759 7235 7281
f 4759 7281 4802
f 7280 7282 4802
f 7280 4802 7281
f 4692 7240 7239
f 4692 7239 4748
f 4748 7239 7258
f 4748 7258 4780
f 7257 7259 4780
f 7257 4780 7258
f 4701 7246 7245
f 4701 7245 4757
f 4757 7245 7277
f 4757 7277 4798
f 7276 7278 4798
f 7276 4798 7277
f 7209 7210 4851
f 7209 4851 7320
f 7320 4851 4850
f 7320 4850 7322
f 7187 7188 4817
f 7187 4817 4815
f 7189 7191 4821
f 7189 4821 4819
f 7188 7189 4819
f 7188 4819 4817
f 4812 4815 4814
f 4812 4814 4813
f 4815 4817 4816
f 4815 4816 4814
f 4817 4819 4818
f 4817 4818 4816
f 4819 4821 4820
f 4819 4820 4818
f 7186 7187 4815
f 7186 4815 4812
f 7194 7196 4827
f 7194 4827 4825
f 7193 7194 4825
f 7193 4825 7301
f 7301 4825 4824
f 7301 4824 7303
f 4825 4827 4826
f 4825 4826 4824
f 7211 7213 4853
f 7211 4853 7323
f 7323 4853 4852
f 7323 4852 7325
